dataset,seed,regime,stage,query,method,variant,condition,accepted,reasons,policy_score,seconds,effort,sparsity
AUC,8,aligned,1,0,NICE,native,NICE_native,0,below_policy_threshold,10.85,0.0043706893920898,1.7199999999999998,2.0
AUC,8,aligned,1,0,NICE,bounded,NICE_bounded,0,below_policy_threshold,10.85,0.0043706893920898,1.7199999999999998,2.0
AUC,8,aligned,1,0,NICE,bounded+edit,NICE_bounded+edit,1,OK,15.294444444444444,0.0043706893920898,2.608888888888889,3.0
AUC,8,aligned,1,0,MCCE,native,MCCE_native,0,out_of_bounds:sum_click,15.15,0.0552983283996582,2.926320346320348,4.0
AUC,8,aligned,1,0,MCCE,bounded,MCCE_bounded,1,OK,15.65,0.0552983283996582,3.1994805194805216,4.0
AUC,8,aligned,1,0,MCCE,bounded+edit,MCCE_bounded+edit,1,OK,15.65,0.0552983283996582,3.1994805194805216,4.0
AUC,8,aligned,1,16,NICE,native,NICE_native,0,below_policy_threshold;immutable_changed:Test_1,11.025,0.0058891773223876,1.75,2.0
AUC,8,aligned,1,16,NICE,bounded,NICE_bounded,0,below_policy_threshold;classifier_target_not_met,10.5,0.0058891773223876,1.75,2.0
AUC,8,aligned,1,16,NICE,bounded+edit,NICE_bounded+edit,1,OK,15.5,0.0058891773223876,2.75,3.0
AUC,8,aligned,1,16,MCCE,native,MCCE_native,0,below_policy_threshold,14.75,0.0266957283020019,2.932670403182065,4.0
AUC,8,aligned,1,16,MCCE,bounded,MCCE_bounded,0,below_policy_threshold,14.75,0.0266957283020019,2.932670403182065,4.0
AUC,8,aligned,1,16,MCCE,bounded+edit,MCCE_bounded+edit,0,below_policy_threshold,14.75,0.0266957283020019,2.932670403182065,4.0
AUC,8,aligned,1,18,NICE,native,NICE_native,0,below_policy_threshold,14.925,0.0065221786499023,2.56,3.0
AUC,8,aligned,1,18,NICE,bounded,NICE_bounded,0,below_policy_threshold,14.925,0.0065221786499023,2.56,3.0
AUC,8,aligned,1,18,NICE,bounded+edit,NICE_bounded+edit,0,below_policy_threshold,14.925,0.0065221786499023,2.56,3.0
AUC,8,aligned,1,18,MCCE,native,MCCE_native,0,below_policy_threshold,14.375,0.0299456119537353,2.509329575793533,4.0
AUC,8,aligned,1,18,MCCE,bounded,MCCE_bounded,0,below_policy_threshold,14.375,0.0299456119537353,2.509329575793533,4.0
AUC,8,aligned,1,18,MCCE,bounded+edit,MCCE_bounded+edit,0,below_policy_threshold,14.375,0.0299456119537353,2.509329575793533,4.0
AUC,8,aligned,1,25,NICE,native,NICE_native,0,immutable_changed:Test_1,15.2,0.00868821144104,2.63,3.0
AUC,8,aligned,1,25,NICE,bounded,NICE_bounded,0,classifier_target_not_met,15.025,0.00868821144104,2.63,3.0
AUC,8,aligned,1,25,NICE,bounded+edit,NICE_bounded+edit,0,classifier_target_not_met,15.025,0.00868821144104,2.63,3.0
AUC,8,aligned,1,25,MCCE,native,MCCE_native,0,out_of_bounds:sum_click,15.075,0.030261754989624,3.084184687317358,4.0
AUC,8,aligned,1,25,MCCE,bounded,MCCE_bounded,0,no_candidate,,0.030261754989624,,
AUC,8,aligned,1,25,MCCE,bounded+edit,MCCE_bounded+edit,0,no_candidate,,0.030261754989624,,
AUC,8,aligned,1,27,NICE,native,NICE_native,1,OK,15.1,0.0067646503448486,2.57,3.0
AUC,8,aligned,1,27,NICE,bounded,NICE_bounded,1,OK,15.1,0.0067646503448486,2.57,3.0
AUC,8,aligned,1,27,NICE,bounded+edit,NICE_bounded+edit,1,OK,15.1,0.0067646503448486,2.57,3.0
AUC,8,aligned,1,27,MCCE,native,MCCE_native,1,OK,15.65,0.0288059711456298,2.68,3.0
AUC,8,aligned,1,27,MCCE,bounded,MCCE_bounded,1,OK,15.65,0.0288059711456298,2.68,3.0
AUC,8,aligned,1,27,MCCE,bounded+edit,MCCE_bounded+edit,1,OK,15.65,0.0288059711456298,2.68,3.0
AUC,8,aligned,1,30,NICE,native,NICE_native,0,immutable_changed:Test_1,15.2,0.0081400871276855,2.63,3.0
AUC,8,aligned,1,30,NICE,bounded,NICE_bounded,0,below_policy_threshold;classifier_target_not_met,14.9,0.0081400871276855,2.63,3.0
AUC,8,aligned,1,30,NICE,bounded+edit,NICE_bounded+edit,0,below_policy_threshold;classifier_target_not_met,14.9,0.0081400871276855,2.63,3.0
AUC,8,aligned,1,30,MCCE,native,MCCE_native,0,below_policy_threshold;out_of_bounds:sum_click,14.75,0.0226635932922363,3.257276995305165,4.0
AUC,8,aligned,1,30,MCCE,bounded,MCCE_bounded,0,no_candidate,,0.0226635932922363,,
AUC,8,aligned,1,30,MCCE,bounded+edit,MCCE_bounded+edit,0,no_candidate,,0.0226635932922363,,
AUC,8,aligned,1,33,NICE,native,NICE_native,0,immutable_changed:Test_1,15.2,0.0071930885314941,2.63,3.0
AUC,8,aligned,1,33,NICE,bounded,NICE_bounded,0,below_policy_threshold;classifier_target_not_met,14.65,0.0071930885314941,2.63,3.0
AUC,8,aligned,1,33,NICE,bounded+edit,NICE_bounded+edit,0,below_policy_threshold;classifier_target_not_met,14.65,0.0071930885314941,2.63,3.0
AUC,8,aligned,1,33,MCCE,native,MCCE_native,0,out_of_bounds:sum_click,15.3,0.0224440097808837,3.777354877318971,4.0
AUC,8,aligned,1,33,MCCE,bounded,MCCE_bounded,0,no_candidate,,0.0224440097808837,,
AUC,8,aligned,1,33,MCCE,bounded+edit,MCCE_bounded+edit,0,no_candidate,,0.0224440097808837,,
AUC,8,aligned,1,39,NICE,native,NICE_native,0,below_policy_threshold,15.0,0.0060601234436035,2.57,3.0
AUC,8,aligned,1,39,NICE,bounded,NICE_bounded,0,below_policy_threshold,15.0,0.0060601234436035,2.57,3.0
AUC,8,aligned,1,39,NICE,bounded+edit,NICE_bounded+edit,0,below_policy_threshold,15.0,0.0060601234436035,2.57,3.0
AUC,8,aligned,1,39,MCCE,native,MCCE_native,0,below_policy_threshold;out_of_bounds:sum_click,14.4,0.026468276977539,2.92691527143582,4.0
AUC,8,aligned,1,39,MCCE,bounded,MCCE_bounded,0,below_policy_threshold,14.95,0.026468276977539,3.03691527143582,4.0
AUC,8,aligned,1,39,MCCE,bounded+edit,MCCE_bounded+edit,0,below_policy_threshold,14.95,0.026468276977539,3.03691527143582,4.0
AUC,8,aligned,1,41,NICE,native,NICE_native,0,immutable_changed:Test_1,15.05,0.0081408023834228,2.56,3.0
AUC,8,aligned,1,41,NICE,bounded,NICE_bounded,0,below_policy_threshold;classifier_target_not_met,14.8,0.0081408023834228,2.56,3.0
AUC,8,aligned,1,41,NICE,bounded+edit,NICE_bounded+edit,0,below_policy_threshold;classifier_target_not_met,14.8,0.0081408023834228,2.56,3.0
AUC,8,aligned,1,41,MCCE,native,MCCE_native,1,OK,15.15,0.0269153118133544,2.709003342449104,4.0
AUC,8,aligned,1,41,MCCE,bounded,MCCE_bounded,1,OK,15.15,0.0269153118133544,2.709003342449104,4.0
AUC,8,aligned,1,41,MCCE,bounded+edit,MCCE_bounded+edit,1,OK,15.15,0.0269153118133544,2.709003342449104,4.0
AUC,8,aligned,1,56,NICE,native,NICE_native,0,below_policy_threshold;immutable_changed:Test_1,11.225,0.0062758922576904,1.8,2.0
AUC,8,aligned,1,56,NICE,bounded,NICE_bounded,0,below_policy_threshold;classifier_target_not_met,11.0,0.0062758922576904,1.8,2.0
AUC,8,aligned,1,56,NICE,bounded+edit,NICE_bounded+edit,1,OK,15.444444444444445,0.0062758922576904,2.688888888888889,3.0
AUC,8,aligned,1,56,MCCE,native,MCCE_native,0,below_policy_threshold,14.95,0.0421645641326904,2.59,3.0
AUC,8,aligned,1,56,MCCE,bounded,MCCE_bounded,0,below_policy_threshold,14.95,0.0421645641326904,2.59,3.0
AUC,8,aligned,1,56,MCCE,bounded+edit,MCCE_bounded+edit,0,below_policy_threshold,14.95,0.0421645641326904,2.59,3.0
AUC,8,aligned,1,58,NICE,native,NICE_native,0,below_policy_threshold,10.9,0.0042376518249511,1.75,2.0
AUC,8,aligned,1,58,NICE,bounded,NICE_bounded,0,below_policy_threshold,10.9,0.0042376518249511,1.75,2.0
AUC,8,aligned,1,58,NICE,bounded+edit,NICE_bounded+edit,1,OK,15.344444444444443,0.0042376518249511,2.638888888888889,3.0
AUC,8,aligned,1,58,MCCE,native,MCCE_native,0,below_policy_threshold,14.3,0.026832103729248,2.7116334741500707,4.0
AUC,8,aligned,1,58,MCCE,bounded,MCCE_bounded,0,below_policy_threshold,14.3,0.026832103729248,2.7116334741500707,4.0
AUC,8,aligned,1,58,MCCE,bounded+edit,MCCE_bounded+edit,0,below_policy_threshold,14.3,0.026832103729248,2.7116334741500707,4.0
AUC,8,aligned,1,63,NICE,native,NICE_native,1,OK,15.05,0.0059735774993896,2.56,3.0
AUC,8,aligned,1,63,NICE,bounded,NICE_bounded,1,OK,15.05,0.0059735774993896,2.56,3.0
AUC,8,aligned,1,63,NICE,bounded+edit,NICE_bounded+edit,1,OK,15.05,0.0059735774993896,2.56,3.0
AUC,8,aligned,1,63,MCCE,native,MCCE_native,0,below_policy_threshold,14.7,0.0266549587249755,2.7796503002472623,4.0
AUC,8,aligned,1,63,MCCE,bounded,MCCE_bounded,0,below_policy_threshold,14.7,0.0266549587249755,2.7796503002472623,4.0
AUC,8,aligned,1,63,MCCE,bounded+edit,MCCE_bounded+edit,0,below_policy_threshold,14.7,0.0266549587249755,2.7796503002472623,4.0
AUC,8,aligned,1,64,NICE,native,NICE_native,0,below_policy_threshold;immutable_changed:Test_1,11.225,0.0058400630950927,1.81,2.0
AUC,8,aligned,1,64,NICE,bounded,NICE_bounded,0,below_policy_threshold;classifier_target_not_met,11.05,0.0058400630950927,1.81,2.0
AUC,8,aligned,1,64,NICE,bounded+edit,NICE_bounded+edit,1,OK,15.494444444444444,0.0058400630950927,2.698888888888889,3.0
AUC,8,aligned,1,64,MCCE,native,MCCE_native,1,OK,15.15,0.0237910747528076,2.653520188161506,4.0
AUC,8,aligned,1,64,MCCE,bounded,MCCE_bounded,1,OK,15.15,0.0237910747528076,2.653520188161506,4.0
AUC,8,aligned,1,64,MCCE,bounded+edit,MCCE_bounded+edit,1,OK,15.15,0.0237910747528076,2.653520188161506,4.0
AUC,8,aligned,1,74,NICE,native,NICE_native,1,OK,15.05,0.0067684650421142,2.56,3.0
AUC,8,aligned,1,74,NICE,bounded,NICE_bounded,1,OK,15.05,0.0067684650421142,2.56,3.0
AUC,8,aligned,1,74,NICE,bounded+edit,NICE_bounded+edit,1,OK,15.05,0.0067684650421142,2.56,3.0
AUC,8,aligned,1,74,MCCE,native,MCCE_native,1,OK,15.35,0.0273315906524658,2.62,3.0
AUC,8,aligned,1,74,MCCE,bounded,MCCE_bounded,1,OK,15.35,0.0273315906524658,2.62,3.0
AUC,8,aligned,1,74,MCCE,bounded+edit,MCCE_bounded+edit,1,OK,15.35,0.0273315906524658,2.62,3.0
AUC,8,aligned,1,78,NICE,native,NICE_native,0,below_policy_threshold,10.875,0.0043282508850097,1.75,2.0
AUC,8,aligned,1,78,NICE,bounded,NICE_bounded,0,below_policy_threshold,10.875,0.0043282508850097,1.75,2.0
AUC,8,aligned,1,78,NICE,bounded+edit,NICE_bounded+edit,1,OK,15.319444444444445,0.0043282508850097,2.638888888888889,3.0
AUC,8,aligned,1,78,MCCE,native,MCCE_native,0,below_policy_threshold,14.375,0.0246524810791015,2.768211137389809,4.0
AUC,8,aligned,1,78,MCCE,bounded,MCCE_bounded,0,below_policy_threshold,14.375,0.0246524810791015,2.768211137389809,4.0
AUC,8,aligned,1,78,MCCE,bounded+edit,MCCE_bounded+edit,0,below_policy_threshold,14.375,0.0246524810791015,2.768211137389809,4.0
AUC,8,aligned,1,80,NICE,native,NICE_native,0,below_policy_threshold,14.95,0.005629539489746,2.65,3.0
AUC,8,aligned,1,80,NICE,bounded,NICE_bounded,0,below_policy_threshold,14.95,0.005629539489746,2.65,3.0
AUC,8,aligned,1,80,NICE,bounded+edit,NICE_bounded+edit,0,below_policy_threshold,14.95,0.005629539489746,2.65,3.0
AUC,8,aligned,1,80,MCCE,native,MCCE_native,0,below_policy_threshold,14.7,0.0237855911254882,2.7707481464839363,4.0
AUC,8,aligned,1,80,MCCE,bounded,MCCE_bounded,0,below_policy_threshold,14.7,0.0237855911254882,2.7707481464839363,4.0
AUC,8,aligned,1,80,MCCE,bounded+edit,MCCE_bounded+edit,0,below_policy_threshold,14.7,0.0237855911254882,2.7707481464839363,4.0
AUC,8,aligned,1,89,NICE,native,NICE_native,0,below_policy_threshold;immutable_changed:Test_1,11.025,0.0057935714721679,1.75,2.0
AUC,8,aligned,1,89,NICE,bounded,NICE_bounded,0,below_policy_threshold;classifier_target_not_met,10.7,0.0057935714721679,1.75,2.0
AUC,8,aligned,1,89,NICE,bounded+edit,NICE_bounded+edit,1,OK,15.144444444444446,0.0057935714721679,2.638888888888889,3.0
AUC,8,aligned,1,89,MCCE,native,MCCE_native,1,OK,15.2,0.0234992504119873,2.7461005359452964,4.0
AUC,8,aligned,1,89,MCCE,bounded,MCCE_bounded,1,OK,15.2,0.0234992504119873,2.7461005359452964,4.0
AUC,8,aligned,1,89,MCCE,bounded+edit,MCCE_bounded+edit,1,OK,15.2,0.0234992504119873,2.7461005359452964,4.0
AUC,8,aligned,1,131,NICE,native,NICE_native,1,OK,15.1,0.0055892467498779,2.62,3.0
AUC,8,aligned,1,131,NICE,bounded,NICE_bounded,1,OK,15.1,0.0055892467498779,2.62,3.0
AUC,8,aligned,1,131,NICE,bounded+edit,NICE_bounded+edit,1,OK,15.1,0.0055892467498779,2.62,3.0
AUC,8,aligned,1,131,MCCE,native,MCCE_native,1,OK,15.15,0.0247797966003417,2.722785896543725,4.0
AUC,8,aligned,1,131,MCCE,bounded,MCCE_bounded,1,OK,15.15,0.0247797966003417,2.722785896543725,4.0
AUC,8,aligned,1,131,MCCE,bounded+edit,MCCE_bounded+edit,1,OK,15.15,0.0247797966003417,2.722785896543725,4.0
AUC,8,aligned,1,149,NICE,native,NICE_native,0,below_policy_threshold,10.925,0.0041687488555908,1.75,2.0
AUC,8,aligned,1,149,NICE,bounded,NICE_bounded,0,below_policy_threshold,10.925,0.0041687488555908,1.75,2.0
AUC,8,aligned,1,149,NICE,bounded+edit,NICE_bounded+edit,1,OK,15.369444444444444,0.0041687488555908,2.638888888888889,3.0
AUC,8,aligned,1,149,MCCE,native,MCCE_native,1,OK,15.225,0.0246341228485107,2.637179188507086,4.0
AUC,8,aligned,1,149,MCCE,bounded,MCCE_bounded,1,OK,15.225,0.0246341228485107,2.637179188507086,4.0
AUC,8,aligned,1,149,MCCE,bounded+edit,MCCE_bounded+edit,1,OK,15.225,0.0246341228485107,2.637179188507086,4.0
AUC,8,aligned,1,157,NICE,native,NICE_native,1,OK,15.1,0.0058746337890625,2.57,3.0
AUC,8,aligned,1,157,NICE,bounded,NICE_bounded,1,OK,15.1,0.0058746337890625,2.57,3.0
AUC,8,aligned,1,157,NICE,bounded+edit,NICE_bounded+edit,1,OK,15.1,0.0058746337890625,2.57,3.0
AUC,8,aligned,1,157,MCCE,native,MCCE_native,0,below_policy_threshold,14.7,0.0258376598358154,2.6198139333621806,4.0
AUC,8,aligned,1,157,MCCE,bounded,MCCE_bounded,0,below_policy_threshold,14.7,0.0258376598358154,2.6198139333621806,4.0
AUC,8,aligned,1,157,MCCE,bounded+edit,MCCE_bounded+edit,0,below_policy_threshold,14.7,0.0258376598358154,2.6198139333621806,4.0
AUC,8,aligned,1,158,NICE,native,NICE_native,1,OK,15.1,0.0056016445159912,2.57,3.0
AUC,8,aligned,1,158,NICE,bounded,NICE_bounded,1,OK,15.1,0.0056016445159912,2.57,3.0
AUC,8,aligned,1,158,NICE,bounded+edit,NICE_bounded+edit,1,OK,15.1,0.0056016445159912,2.57,3.0
AUC,8,aligned,1,158,MCCE,native,MCCE_native,0,below_policy_threshold;out_of_bounds:sum_click,14.7,0.0256159305572509,2.625516657255788,4.0
AUC,8,aligned,1,158,MCCE,bounded,MCCE_bounded,1,OK,15.25,0.0256159305572509,2.9274985883681537,4.0
AUC,8,aligned,1,158,MCCE,bounded+edit,MCCE_bounded+edit,1,OK,15.25,0.0256159305572509,2.9274985883681537,4.0
AUC,8,aligned,1,162,NICE,native,NICE_native,1,OK,15.05,0.0055341720581054,2.56,3.0
AUC,8,aligned,1,162,NICE,bounded,NICE_bounded,1,OK,15.05,0.0055341720581054,2.56,3.0
AUC,8,aligned,1,162,NICE,bounded+edit,NICE_bounded+edit,1,OK,15.05,0.0055341720581054,2.56,3.0
AUC,8,aligned,1,162,MCCE,native,MCCE_native,1,OK,15.7,0.0241322517395019,2.69,3.0
AUC,8,aligned,1,162,MCCE,bounded,MCCE_bounded,1,OK,15.7,0.0241322517395019,2.69,3.0
AUC,8,aligned,1,162,MCCE,bounded+edit,MCCE_bounded+edit,1,OK,15.7,0.0241322517395019,2.69,3.0
AUC,8,aligned,1,167,NICE,native,NICE_native,0,below_policy_threshold;immutable_changed:Test_1,11.025,0.0056855678558349,1.75,2.0
AUC,8,aligned,1,167,NICE,bounded,NICE_bounded,0,below_policy_threshold;classifier_target_not_met,10.45,0.0056855678558349,1.75,2.0
AUC,8,aligned,1,167,NICE,bounded+edit,NICE_bounded+edit,1,OK,15.45,0.0056855678558349,2.75,3.0
AUC,8,aligned,1,167,MCCE,native,MCCE_native,0,below_policy_threshold,14.7,0.0231399536132812,2.869253613145912,4.0
AUC,8,aligned,1,167,MCCE,bounded,MCCE_bounded,0,below_policy_threshold,14.7,0.0231399536132812,2.869253613145912,4.0
AUC,8,aligned,1,167,MCCE,bounded+edit,MCCE_bounded+edit,0,below_policy_threshold,14.7,0.0231399536132812,2.869253613145912,4.0
AUC,8,aligned,1,181,NICE,native,NICE_native,0,below_policy_threshold,11.25,0.0042176246643066,1.8,2.0
AUC,8,aligned,1,181,NICE,bounded,NICE_bounded,0,below_policy_threshold,11.25,0.0042176246643066,1.8,2.0
AUC,8,aligned,1,181,NICE,bounded+edit,NICE_bounded+edit,1,OK,15.13888888888889,0.0042176246643066,2.577777777777778,3.0
AUC,8,aligned,1,181,MCCE,native,MCCE_native,0,below_policy_threshold,14.7,0.0209517478942871,2.49,3.0
AUC,8,aligned,1,181,MCCE,bounded,MCCE_bounded,0,below_policy_threshold,14.7,0.0209517478942871,2.49,3.0
AUC,8,aligned,1,181,MCCE,bounded+edit,MCCE_bounded+edit,0,below_policy_threshold,14.7,0.0209517478942871,2.49,3.0
AUC,8,aligned,1,185,NICE,native,NICE_native,0,below_policy_threshold,14.875,0.0056843757629394,2.65,3.0
AUC,8,aligned,1,185,NICE,bounded,NICE_bounded,0,below_policy_threshold,14.875,0.0056843757629394,2.65,3.0
AUC,8,aligned,1,185,NICE,bounded+edit,NICE_bounded+edit,0,below_policy_threshold,14.875,0.0056843757629394,2.65,3.0
AUC,8,aligned,1,185,MCCE,native,MCCE_native,1,OK,15.225,0.0229578018188476,2.800470442587434,4.0
AUC,8,aligned,1,185,MCCE,bounded,MCCE_bounded,1,OK,15.225,0.0229578018188476,2.800470442587434,4.0
AUC,8,aligned,1,185,MCCE,bounded+edit,MCCE_bounded+edit,1,OK,15.225,0.0229578018188476,2.800470442587434,4.0
AUC,8,aligned,1,188,NICE,native,NICE_native,0,below_policy_threshold,10.85,0.0044507980346679,1.7199999999999998,2.0
AUC,8,aligned,1,188,NICE,bounded,NICE_bounded,0,below_policy_threshold,10.85,0.0044507980346679,1.7199999999999998,2.0
AUC,8,aligned,1,188,NICE,bounded+edit,NICE_bounded+edit,1,OK,15.294444444444444,0.0044507980346679,2.608888888888889,3.0
AUC,8,aligned,1,188,MCCE,native,MCCE_native,0,out_of_bounds:sum_click,15.15,0.0230634212493896,7.678039215686366,4.0
AUC,8,aligned,1,188,MCCE,bounded,MCCE_bounded,0,no_candidate,,0.0230634212493896,,
AUC,8,aligned,1,188,MCCE,bounded+edit,MCCE_bounded+edit,0,no_candidate,,0.0230634212493896,,
AUC,8,aligned,1,194,NICE,native,NICE_native,0,below_policy_threshold;immutable_changed:Test_1,11.025,0.0058081150054931,1.75,2.0
AUC,8,aligned,1,194,NICE,bounded,NICE_bounded,0,below_policy_threshold;classifier_target_not_met,10.55,0.0058081150054931,1.75,2.0
AUC,8,aligned,1,194,NICE,bounded+edit,NICE_bounded+edit,1,OK,15.55,0.0058081150054931,2.75,3.0
AUC,8,aligned,1,194,MCCE,native,MCCE_native,0,below_policy_threshold,14.8,0.0234415531158447,2.8098051809034468,4.0
AUC,8,aligned,1,194,MCCE,bounded,MCCE_bounded,0,below_policy_threshold,14.8,0.0234415531158447,2.8098051809034468,4.0
AUC,8,aligned,1,194,MCCE,bounded+edit,MCCE_bounded+edit,0,below_policy_threshold,14.8,0.0234415531158447,2.8098051809034468,4.0
AUC,8,aligned,1,200,NICE,native,NICE_native,0,immutable_changed:Test_1,15.2,0.0069954395294189,2.63,3.0
AUC,8,aligned,1,200,NICE,bounded,NICE_bounded,0,below_policy_threshold;classifier_target_not_met,14.85,0.0069954395294189,2.63,3.0
AUC,8,aligned,1,200,NICE,bounded+edit,NICE_bounded+edit,0,below_policy_threshold;classifier_target_not_met,14.85,0.0069954395294189,2.63,3.0
AUC,8,aligned,1,200,MCCE,native,MCCE_native,0,below_policy_threshold;out_of_bounds:sum_click,14.7,0.0219142436981201,3.5441384736428017,4.0
AUC,8,aligned,1,200,MCCE,bounded,MCCE_bounded,0,no_candidate,,0.0219142436981201,,
AUC,8,aligned,1,200,MCCE,bounded+edit,MCCE_bounded+edit,0,no_candidate,,0.0219142436981201,,
AUC,8,aligned,1,204,NICE,native,NICE_native,0,below_policy_threshold,11.3,0.0043706893920898,1.88,2.0
AUC,8,aligned,1,204,NICE,bounded,NICE_bounded,0,below_policy_threshold,11.3,0.0043706893920898,1.88,2.0
AUC,8,aligned,1,204,NICE,bounded+edit,NICE_bounded+edit,1,OK,15.18888888888889,0.0043706893920898,2.657777777777778,3.0
AUC,8,aligned,1,204,MCCE,native,MCCE_native,0,out_of_bounds:sum_click,15.1,0.0226466655731201,4.084114737883285,4.0
AUC,8,aligned,1,204,MCCE,bounded,MCCE_bounded,0,no_candidate,,0.0226466655731201,,
AUC,8,aligned,1,204,MCCE,bounded+edit,MCCE_bounded+edit,0,no_candidate,,0.0226466655731201,,
AUC,8,aligned,1,208,NICE,native,NICE_native,0,below_policy_threshold;immutable_changed:Test_1,11.025,0.005770206451416,1.75,2.0
AUC,8,aligned,1,208,NICE,bounded,NICE_bounded,0,below_policy_threshold;classifier_target_not_met,10.5,0.005770206451416,1.75,2.0
AUC,8,aligned,1,208,NICE,bounded+edit,NICE_bounded+edit,1,OK,15.5,0.005770206451416,2.75,3.0
AUC,8,aligned,1,208,MCCE,native,MCCE_native,0,below_policy_threshold,14.75,0.023735761642456,2.8943987765245653,4.0
AUC,8,aligned,1,208,MCCE,bounded,MCCE_bounded,0,below_policy_threshold,14.75,0.023735761642456,2.8943987765245653,4.0
AUC,8,aligned,1,208,MCCE,bounded+edit,MCCE_bounded+edit,0,below_policy_threshold,14.75,0.023735761642456,2.8943987765245653,4.0
AUC,8,aligned,1,210,NICE,native,NICE_native,1,OK,15.05,0.0056431293487548,2.56,3.0
AUC,8,aligned,1,210,NICE,bounded,NICE_bounded,1,OK,15.05,0.0056431293487548,2.56,3.0
AUC,8,aligned,1,210,NICE,bounded+edit,NICE_bounded+edit,1,OK,15.05,0.0056431293487548,2.56,3.0
AUC,8,aligned,1,210,MCCE,native,MCCE_native,1,OK,15.05,0.0258688926696777,2.56,3.0
AUC,8,aligned,1,210,MCCE,bounded,MCCE_bounded,1,OK,15.05,0.0258688926696777,2.56,3.0
AUC,8,aligned,1,210,MCCE,bounded+edit,MCCE_bounded+edit,1,OK,15.05,0.0258688926696777,2.56,3.0
AUC,8,aligned,1,213,NICE,native,NICE_native,1,OK,15.05,0.0055325031280517,2.56,3.0
AUC,8,aligned,1,213,NICE,bounded,NICE_bounded,1,OK,15.05,0.0055325031280517,2.56,3.0
AUC,8,aligned,1,213,NICE,bounded+edit,NICE_bounded+edit,1,OK,15.05,0.0055325031280517,2.56,3.0
AUC,8,aligned,1,213,MCCE,native,MCCE_native,1,OK,16.2,0.0251631736755371,2.79,3.0
AUC,8,aligned,1,213,MCCE,bounded,MCCE_bounded,1,OK,16.2,0.0251631736755371,2.79,3.0
AUC,8,aligned,1,213,MCCE,bounded+edit,MCCE_bounded+edit,1,OK,16.2,0.0251631736755371,2.79,3.0
AUC,8,aligned,1,234,NICE,native,NICE_native,0,below_policy_threshold,15.0,0.0056195259094238,2.65,3.0
AUC,8,aligned,1,234,NICE,bounded,NICE_bounded,0,below_policy_threshold,15.0,0.0056195259094238,2.65,3.0
AUC,8,aligned,1,234,NICE,bounded+edit,NICE_bounded+edit,0,below_policy_threshold,15.0,0.0056195259094238,2.65,3.0
AUC,8,aligned,1,234,MCCE,native,MCCE_native,0,below_policy_threshold,14.75,0.0236861705780029,2.605389382915656,4.0
AUC,8,aligned,1,234,MCCE,bounded,MCCE_bounded,0,below_policy_threshold,14.75,0.0236861705780029,2.605389382915656,4.0
AUC,8,aligned,1,234,MCCE,bounded+edit,MCCE_bounded+edit,0,below_policy_threshold,14.75,0.0236861705780029,2.605389382915656,4.0
AUC,8,aligned,1,235,NICE,native,NICE_native,1,OK,15.05,0.0055856704711914,2.56,3.0
AUC,8,aligned,1,235,NICE,bounded,NICE_bounded,1,OK,15.05,0.0055856704711914,2.56,3.0
AUC,8,aligned,1,235,NICE,bounded+edit,NICE_bounded+edit,1,OK,15.05,0.0055856704711914,2.56,3.0
AUC,8,aligned,1,235,MCCE,native,MCCE_native,0,below_policy_threshold,14.7,0.0245640277862548,2.7991721058055647,4.0
AUC,8,aligned,1,235,MCCE,bounded,MCCE_bounded,0,below_policy_threshold,14.7,0.0245640277862548,2.7991721058055647,4.0
AUC,8,aligned,1,235,MCCE,bounded+edit,MCCE_bounded+edit,0,below_policy_threshold,14.7,0.0245640277862548,2.7991721058055647,4.0
AUC,8,aligned,1,240,NICE,native,NICE_native,0,below_policy_threshold,14.925,0.0056090354919433,2.56,3.0
AUC,8,aligned,1,240,NICE,bounded,NICE_bounded,0,below_policy_threshold,14.925,0.0056090354919433,2.56,3.0
AUC,8,aligned,1,240,NICE,bounded+edit,NICE_bounded+edit,0,below_policy_threshold,14.925,0.0056090354919433,2.56,3.0
AUC,8,aligned,1,240,MCCE,native,MCCE_native,1,OK,15.125,0.0242338180541992,2.6,3.0
AUC,8,aligned,1,240,MCCE,bounded,MCCE_bounded,1,OK,15.125,0.0242338180541992,2.6,3.0
AUC,8,aligned,1,240,MCCE,bounded+edit,MCCE_bounded+edit,1,OK,15.125,0.0242338180541992,2.6,3.0
AUC,8,aligned,1,272,NICE,native,NICE_native,0,below_policy_threshold,10.9,0.0042769908905029,1.75,2.0
AUC,8,aligned,1,272,NICE,bounded,NICE_bounded,0,below_policy_threshold,10.9,0.0042769908905029,1.75,2.0
AUC,8,aligned,1,272,NICE,bounded+edit,NICE_bounded+edit,1,OK,15.344444444444443,0.0042769908905029,2.638888888888889,3.0
AUC,8,aligned,1,272,MCCE,native,MCCE_native,0,below_policy_threshold,14.3,0.0251412391662597,2.671986839312248,4.0
AUC,8,aligned,1,272,MCCE,bounded,MCCE_bounded,0,below_policy_threshold,14.3,0.0251412391662597,2.671986839312248,4.0
AUC,8,aligned,1,272,MCCE,bounded+edit,MCCE_bounded+edit,0,below_policy_threshold,14.3,0.0251412391662597,2.671986839312248,4.0
AUC,8,aligned,1,273,NICE,native,NICE_native,1,OK,15.05,0.0057342052459716,2.56,3.0
AUC,8,aligned,1,273,NICE,bounded,NICE_bounded,1,OK,15.05,0.0057342052459716,2.56,3.0
AUC,8,aligned,1,273,NICE,bounded+edit,NICE_bounded+edit,1,OK,15.05,0.0057342052459716,2.56,3.0
AUC,8,aligned,1,273,MCCE,native,MCCE_native,0,below_policy_threshold;out_of_bounds:sum_click,14.75,0.0248055458068847,2.5299177262528048,4.0
AUC,8,aligned,1,273,MCCE,bounded,MCCE_bounded,0,below_policy_threshold,14.9,0.0248055458068847,2.6247394664672155,4.0
AUC,8,aligned,1,273,MCCE,bounded+edit,MCCE_bounded+edit,0,below_policy_threshold,14.9,0.0248055458068847,2.6247394664672155,4.0
AUC,8,aligned,1,279,NICE,native,NICE_native,0,below_policy_threshold;immutable_changed:Test_1,11.025,0.005812644958496,1.75,2.0
AUC,8,aligned,1,279,NICE,bounded,NICE_bounded,0,below_policy_threshold;classifier_target_not_met,10.5,0.005812644958496,1.75,2.0
AUC,8,aligned,1,279,NICE,bounded+edit,NICE_bounded+edit,1,OK,15.5,0.005812644958496,2.75,3.0
AUC,8,aligned,1,279,MCCE,native,MCCE_native,0,below_policy_threshold,14.75,0.0233111381530761,2.897086269282042,4.0
AUC,8,aligned,1,279,MCCE,bounded,MCCE_bounded,0,below_policy_threshold,14.75,0.0233111381530761,2.897086269282042,4.0
AUC,8,aligned,1,279,MCCE,bounded+edit,MCCE_bounded+edit,0,below_policy_threshold,14.75,0.0233111381530761,2.897086269282042,4.0
AUC,8,aligned,1,282,NICE,native,NICE_native,0,below_policy_threshold;immutable_changed:Test_1,11.225,0.0055823326110839,1.81,2.0
AUC,8,aligned,1,282,NICE,bounded,NICE_bounded,0,below_policy_threshold;classifier_target_not_met,11.0,0.0055823326110839,1.81,2.0
AUC,8,aligned,1,282,NICE,bounded+edit,NICE_bounded+edit,1,OK,15.444444444444445,0.0055823326110839,2.698888888888889,3.0
AUC,8,aligned,1,282,MCCE,native,MCCE_native,0,out_of_bounds:sum_click,15.2,0.0205652713775634,3.1008719693747344,4.0
AUC,8,aligned,1,282,MCCE,bounded,MCCE_bounded,0,no_candidate,,0.0205652713775634,,
AUC,8,aligned,1,282,MCCE,bounded+edit,MCCE_bounded+edit,0,no_candidate,,0.0205652713775634,,
AUC,8,aligned,1,284,NICE,native,NICE_native,0,below_policy_threshold;immutable_changed:Test_1,11.025,0.0056755542755126,1.75,2.0
AUC,8,aligned,1,284,NICE,bounded,NICE_bounded,0,below_policy_threshold;classifier_target_not_met,10.25,0.0056755542755126,1.75,2.0
AUC,8,aligned,1,284,NICE,bounded+edit,NICE_bounded+edit,1,OK,15.25,0.0056755542755126,2.75,3.0
AUC,8,aligned,1,284,MCCE,native,MCCE_native,1,OK,15.1,0.0233991146087646,2.7898008622459454,4.0
AUC,8,aligned,1,284,MCCE,bounded,MCCE_bounded,1,OK,15.1,0.0233991146087646,2.7898008622459454,4.0
AUC,8,aligned,1,284,MCCE,bounded+edit,MCCE_bounded+edit,1,OK,15.1,0.0233991146087646,2.7898008622459454,4.0
AUC,8,aligned,1,298,NICE,native,NICE_native,0,below_policy_threshold,14.975,0.0058629512786865,2.56,3.0
AUC,8,aligned,1,298,NICE,bounded,NICE_bounded,0,below_policy_threshold,14.975,0.0058629512786865,2.56,3.0
AUC,8,aligned,1,298,NICE,bounded+edit,NICE_bounded+edit,0,below_policy_threshold,14.975,0.0058629512786865,2.56,3.0
AUC,8,aligned,1,298,MCCE,native,MCCE_native,1,OK,16.275,0.0257771015167236,2.8200000000000003,3.0
AUC,8,aligned,1,298,MCCE,bounded,MCCE_bounded,1,OK,16.275,0.0257771015167236,2.8200000000000003,3.0
AUC,8,aligned,1,298,MCCE,bounded+edit,MCCE_bounded+edit,1,OK,16.275,0.0257771015167236,2.8200000000000003,3.0
AUC,8,aligned,1,309,NICE,native,NICE_native,1,OK,15.05,0.0056903362274169,2.56,3.0
AUC,8,aligned,1,309,NICE,bounded,NICE_bounded,1,OK,15.05,0.0056903362274169,2.56,3.0
AUC,8,aligned,1,309,NICE,bounded+edit,NICE_bounded+edit,1,OK,15.05,0.0056903362274169,2.56,3.0
AUC,8,aligned,1,309,MCCE,native,MCCE_native,1,OK,15.25,0.0258877277374267,2.6,3.0
AUC,8,aligned,1,309,MCCE,bounded,MCCE_bounded,1,OK,15.25,0.0258877277374267,2.6,3.0
AUC,8,aligned,1,309,MCCE,bounded+edit,MCCE_bounded+edit,1,OK,15.25,0.0258877277374267,2.6,3.0
AUC,8,aligned,1,355,NICE,native,NICE_native,0,below_policy_threshold,11.0,0.0041649341583251,1.75,2.0
AUC,8,aligned,1,355,NICE,bounded,NICE_bounded,0,below_policy_threshold,11.0,0.0041649341583251,1.75,2.0
AUC,8,aligned,1,355,NICE,bounded+edit,NICE_bounded+edit,1,OK,15.444444444444445,0.0041649341583251,2.638888888888889,3.0
AUC,8,aligned,1,355,MCCE,native,MCCE_native,0,below_policy_threshold,14.75,0.0250077247619628,2.655387446329994,4.0
AUC,8,aligned,1,355,MCCE,bounded,MCCE_bounded,0,below_policy_threshold,14.75,0.0250077247619628,2.655387446329994,4.0
AUC,8,aligned,1,355,MCCE,bounded+edit,MCCE_bounded+edit,0,below_policy_threshold,14.75,0.0250077247619628,2.655387446329994,4.0
AUC,8,aligned,1,379,NICE,native,NICE_native,0,below_policy_threshold,14.5,0.0056755542755126,2.65,3.0
AUC,8,aligned,1,379,NICE,bounded,NICE_bounded,0,below_policy_threshold,14.5,0.0056755542755126,2.65,3.0
AUC,8,aligned,1,379,NICE,bounded+edit,NICE_bounded+edit,0,below_policy_threshold,14.5,0.0056755542755126,2.65,3.0
AUC,8,aligned,1,379,MCCE,native,MCCE_native,0,no_candidate,,0.016409158706665,,
AUC,8,aligned,1,379,MCCE,bounded,MCCE_bounded,0,no_candidate,,0.016409158706665,,
AUC,8,aligned,1,379,MCCE,bounded+edit,MCCE_bounded+edit,0,no_candidate,,0.016409158706665,,
AUC,8,aligned,1,400,NICE,native,NICE_native,0,below_policy_threshold,14.975,0.0056414604187011,2.56,3.0
AUC,8,aligned,1,400,NICE,bounded,NICE_bounded,0,below_policy_threshold,14.975,0.0056414604187011,2.56,3.0
AUC,8,aligned,1,400,NICE,bounded+edit,NICE_bounded+edit,0,below_policy_threshold,14.975,0.0056414604187011,2.56,3.0
AUC,8,aligned,1,400,MCCE,native,MCCE_native,1,OK,15.225,0.0235583782196044,2.662968439638049,4.0
AUC,8,aligned,1,400,MCCE,bounded,MCCE_bounded,1,OK,15.225,0.0235583782196044,2.662968439638049,4.0
AUC,8,aligned,1,400,MCCE,bounded+edit,MCCE_bounded+edit,1,OK,15.225,0.0235583782196044,2.662968439638049,4.0
AUC,8,aligned,1,401,NICE,native,NICE_native,0,below_policy_threshold;immutable_changed:Test_1,11.025,0.0057141780853271,1.75,2.0
AUC,8,aligned,1,401,NICE,bounded,NICE_bounded,0,below_policy_threshold;classifier_target_not_met,10.0,0.0057141780853271,1.75,2.0
AUC,8,aligned,1,401,NICE,bounded+edit,NICE_bounded+edit,0,below_policy_threshold;classifier_target_not_met,10.0,0.0057141780853271,1.75,2.0
AUC,8,aligned,1,401,MCCE,native,MCCE_native,0,no_candidate,,0.0162813663482666,,
AUC,8,aligned,1,401,MCCE,bounded,MCCE_bounded,0,no_candidate,,0.0162813663482666,,
AUC,8,aligned,1,401,MCCE,bounded+edit,MCCE_bounded+edit,0,no_candidate,,0.0162813663482666,,
AUC,8,aligned,1,404,NICE,native,NICE_native,1,OK,15.1,0.0055351257324218,2.57,3.0
AUC,8,aligned,1,404,NICE,bounded,NICE_bounded,1,OK,15.1,0.0055351257324218,2.57,3.0
AUC,8,aligned,1,404,NICE,bounded+edit,NICE_bounded+edit,1,OK,15.1,0.0055351257324218,2.57,3.0
AUC,8,aligned,1,404,MCCE,native,MCCE_native,1,OK,16.75,0.0246522426605224,2.9,3.0
AUC,8,aligned,1,404,MCCE,bounded,MCCE_bounded,1,OK,16.75,0.0246522426605224,2.9,3.0
AUC,8,aligned,1,404,MCCE,bounded+edit,MCCE_bounded+edit,1,OK,16.75,0.0246522426605224,2.9,3.0
AUC,8,aligned,1,407,NICE,native,NICE_native,0,below_policy_threshold,15.0,0.0054423809051513,2.65,3.0
AUC,8,aligned,1,407,NICE,bounded,NICE_bounded,0,below_policy_threshold,15.0,0.0054423809051513,2.65,3.0
AUC,8,aligned,1,407,NICE,bounded+edit,NICE_bounded+edit,0,below_policy_threshold,15.0,0.0054423809051513,2.65,3.0
AUC,8,aligned,1,407,MCCE,native,MCCE_native,0,below_policy_threshold;out_of_bounds:sum_click,14.75,0.0230276584625244,2.610955902492468,4.0
AUC,8,aligned,1,407,MCCE,bounded,MCCE_bounded,0,below_policy_threshold,14.75,0.0230276584625244,2.665735414954807,4.0
AUC,8,aligned,1,407,MCCE,bounded+edit,MCCE_bounded+edit,0,below_policy_threshold,14.75,0.0230276584625244,2.665735414954807,4.0
AUC,8,aligned,1,409,NICE,native,NICE_native,1,OK,15.05,0.005479097366333,2.56,3.0
AUC,8,aligned,1,409,NICE,bounded,NICE_bounded,1,OK,15.05,0.005479097366333,2.56,3.0
AUC,8,aligned,1,409,NICE,bounded+edit,NICE_bounded+edit,1,OK,15.05,0.005479097366333,2.56,3.0
AUC,8,aligned,1,409,MCCE,native,MCCE_native,0,below_policy_threshold;out_of_bounds:sum_click,14.9,0.0251216888427734,2.588292043136112,4.0
AUC,8,aligned,1,409,MCCE,bounded,MCCE_bounded,1,OK,15.05,0.0251216888427734,2.6590964733313904,4.0
AUC,8,aligned,1,409,MCCE,bounded+edit,MCCE_bounded+edit,1,OK,15.05,0.0251216888427734,2.6590964733313904,4.0
AUC,8,aligned,1,427,NICE,native,NICE_native,1,OK,15.05,0.0055391788482666,2.56,3.0
AUC,8,aligned,1,427,NICE,bounded,NICE_bounded,1,OK,15.05,0.0055391788482666,2.56,3.0
AUC,8,aligned,1,427,NICE,bounded+edit,NICE_bounded+edit,1,OK,15.05,0.0055391788482666,2.56,3.0
AUC,8,aligned,1,427,MCCE,native,MCCE_native,0,below_policy_threshold,14.75,0.0257015228271484,2.5095900263725723,4.0
AUC,8,aligned,1,427,MCCE,bounded,MCCE_bounded,0,below_policy_threshold,14.75,0.0257015228271484,2.5095900263725723,4.0
AUC,8,aligned,1,427,MCCE,bounded+edit,MCCE_bounded+edit,0,below_policy_threshold,14.75,0.0257015228271484,2.5095900263725723,4.0
AUC,8,aligned,1,431,NICE,native,NICE_native,0,below_policy_threshold,11.0,0.0044264793395996,1.75,2.0
AUC,8,aligned,1,431,NICE,bounded,NICE_bounded,0,below_policy_threshold,11.0,0.0044264793395996,1.75,2.0
AUC,8,aligned,1,431,NICE,bounded+edit,NICE_bounded+edit,1,OK,15.444444444444445,0.0044264793395996,2.638888888888889,3.0
AUC,8,aligned,1,431,MCCE,native,MCCE_native,0,below_policy_threshold,14.75,0.0254952907562255,2.6231161112290384,4.0
AUC,8,aligned,1,431,MCCE,bounded,MCCE_bounded,0,below_policy_threshold,14.75,0.0254952907562255,2.6231161112290384,4.0
AUC,8,aligned,1,431,MCCE,bounded+edit,MCCE_bounded+edit,0,below_policy_threshold,14.75,0.0254952907562255,2.6231161112290384,4.0
AUC,8,aligned,1,437,NICE,native,NICE_native,0,below_policy_threshold,14.75,0.0054965019226074,2.65,3.0
AUC,8,aligned,1,437,NICE,bounded,NICE_bounded,0,below_policy_threshold,14.75,0.0054965019226074,2.65,3.0
AUC,8,aligned,1,437,NICE,bounded+edit,NICE_bounded+edit,0,below_policy_threshold,14.75,0.0054965019226074,2.65,3.0
AUC,8,aligned,1,437,MCCE,native,MCCE_native,0,out_of_bounds:sum_click,15.1,0.0230040550231933,2.756604895904827,4.0
AUC,8,aligned,1,437,MCCE,bounded,MCCE_bounded,1,OK,15.2,0.0230040550231933,2.804058567833448,4.0
AUC,8,aligned,1,437,MCCE,bounded+edit,MCCE_bounded+edit,1,OK,15.2,0.0230040550231933,2.804058567833448,4.0
AUC,8,aligned,1,455,NICE,native,NICE_native,0,below_policy_threshold,14.95,0.0064060688018798,2.56,3.0
AUC,8,aligned,1,455,NICE,bounded,NICE_bounded,0,below_policy_threshold,14.95,0.0064060688018798,2.56,3.0
AUC,8,aligned,1,455,NICE,bounded+edit,NICE_bounded+edit,0,below_policy_threshold,14.95,0.0064060688018798,2.56,3.0
AUC,8,aligned,1,455,MCCE,native,MCCE_native,0,below_policy_threshold;out_of_bounds:sum_click,14.3,0.0235157012939453,2.5085261250377533,4.0
AUC,8,aligned,1,455,MCCE,bounded,MCCE_bounded,0,below_policy_threshold,14.4,0.0235157012939453,2.570809423135005,4.0
AUC,8,aligned,1,455,MCCE,bounded+edit,MCCE_bounded+edit,0,below_policy_threshold,14.4,0.0235157012939453,2.570809423135005,4.0
AUC,8,aligned,1,464,NICE,native,NICE_native,0,below_policy_threshold,10.6,0.0042810440063476,1.77,2.0
AUC,8,aligned,1,464,NICE,bounded,NICE_bounded,0,below_policy_threshold,10.6,0.0042810440063476,1.77,2.0
AUC,8,aligned,1,464,NICE,bounded+edit,NICE_bounded+edit,1,OK,15.044444444444444,0.0042810440063476,2.658888888888889,3.0
AUC,8,aligned,1,464,MCCE,native,MCCE_native,0,below_policy_threshold,14.75,0.023705244064331,2.7707481464839363,4.0
AUC,8,aligned,1,464,MCCE,bounded,MCCE_bounded,0,below_policy_threshold,14.75,0.023705244064331,2.7707481464839363,4.0
AUC,8,aligned,1,464,MCCE,bounded+edit,MCCE_bounded+edit,0,below_policy_threshold,14.75,0.023705244064331,2.7707481464839363,4.0
AUC,8,aligned,1,478,NICE,native,NICE_native,0,below_policy_threshold,13.25,0.0054991245269775,2.65,3.0
AUC,8,aligned,1,478,NICE,bounded,NICE_bounded,0,below_policy_threshold,13.25,0.0054991245269775,2.65,3.0
AUC,8,aligned,1,478,NICE,bounded+edit,NICE_bounded+edit,0,below_policy_threshold,13.25,0.0054991245269775,2.65,3.0
AUC,8,aligned,1,478,MCCE,native,MCCE_native,0,no_candidate,,0.0154733657836914,,
AUC,8,aligned,1,478,MCCE,bounded,MCCE_bounded,0,no_candidate,,0.0154733657836914,,
AUC,8,aligned,1,478,MCCE,bounded+edit,MCCE_bounded+edit,0,no_candidate,,0.0154733657836914,,
AUC,8,aligned,1,481,NICE,native,NICE_native,1,OK,15.05,0.0057277679443359,2.62,3.0
AUC,8,aligned,1,481,NICE,bounded,NICE_bounded,1,OK,15.05,0.0057277679443359,2.62,3.0
AUC,8,aligned,1,481,NICE,bounded+edit,NICE_bounded+edit,1,OK,15.05,0.0057277679443359,2.62,3.0
AUC,8,aligned,1,481,MCCE,native,MCCE_native,0,out_of_bounds:sum_click,15.2,0.0240368843078613,2.668908059560388,4.0
AUC,8,aligned,1,481,MCCE,bounded,MCCE_bounded,1,OK,15.2,0.0240368843078613,2.8012644764831007,4.0
AUC,8,aligned,1,481,MCCE,bounded+edit,MCCE_bounded+edit,1,OK,15.2,0.0240368843078613,2.8012644764831007,4.0
AUC,8,aligned,1,498,NICE,native,NICE_native,0,below_policy_threshold;immutable_changed:Test_1,11.025,0.0055489540100097,1.75,2.0
AUC,8,aligned,1,498,NICE,bounded,NICE_bounded,0,below_policy_threshold;classifier_target_not_met,10.7,0.0055489540100097,1.75,2.0
AUC,8,aligned,1,498,NICE,bounded+edit,NICE_bounded+edit,1,OK,15.144444444444446,0.0055489540100097,2.638888888888889,3.0
AUC,8,aligned,1,498,MCCE,native,MCCE_native,1,OK,15.2,0.0224854946136474,2.658111944838775,4.0
AUC,8,aligned,1,498,MCCE,bounded,MCCE_bounded,1,OK,15.2,0.0224854946136474,2.658111944838775,4.0
AUC,8,aligned,1,498,MCCE,bounded+edit,MCCE_bounded+edit,1,OK,15.2,0.0224854946136474,2.658111944838775,4.0
AUC,8,aligned,1,508,NICE,native,NICE_native,0,below_policy_threshold;immutable_changed:Test_1,11.025,0.0057504177093505,1.75,2.0
AUC,8,aligned,1,508,NICE,bounded,NICE_bounded,0,below_policy_threshold;classifier_target_not_met,10.375,0.0057504177093505,1.75,2.0
AUC,8,aligned,1,508,NICE,bounded+edit,NICE_bounded+edit,1,OK,15.375,0.0057504177093505,2.75,3.0
AUC,8,aligned,1,508,MCCE,native,MCCE_native,1,OK,15.225,0.0229794979095459,3.1050134547712687,4.0
AUC,8,aligned,1,508,MCCE,bounded,MCCE_bounded,1,OK,15.225,0.0229794979095459,3.1050134547712687,4.0
AUC,8,aligned,1,508,MCCE,bounded+edit,MCCE_bounded+edit,1,OK,15.225,0.0229794979095459,3.1050134547712687,4.0
AUC,8,aligned,1,513,NICE,native,NICE_native,0,below_policy_threshold,14.95,0.0056097507476806,2.56,3.0
AUC,8,aligned,1,513,NICE,bounded,NICE_bounded,0,below_policy_threshold,14.95,0.0056097507476806,2.56,3.0
AUC,8,aligned,1,513,NICE,bounded+edit,NICE_bounded+edit,0,below_policy_threshold,14.95,0.0056097507476806,2.56,3.0
AUC,8,aligned,1,513,MCCE,native,MCCE_native,0,below_policy_threshold;out_of_bounds:sum_click,14.3,0.0241258144378662,2.5217150718434733,4.0
AUC,8,aligned,1,513,MCCE,bounded,MCCE_bounded,0,below_policy_threshold,14.4,0.0241258144378662,2.560058086212168,4.0
AUC,8,aligned,1,513,MCCE,bounded+edit,MCCE_bounded+edit,0,below_policy_threshold,14.4,0.0241258144378662,2.560058086212168,4.0
AUC,8,aligned,1,529,NICE,native,NICE_native,0,below_policy_threshold,15.0,0.0055296421051025,2.65,3.0
AUC,8,aligned,1,529,NICE,bounded,NICE_bounded,0,below_policy_threshold,15.0,0.0055296421051025,2.65,3.0
AUC,8,aligned,1,529,NICE,bounded+edit,NICE_bounded+edit,0,below_policy_threshold,15.0,0.0055296421051025,2.65,3.0
AUC,8,aligned,1,529,MCCE,native,MCCE_native,0,below_policy_threshold,14.75,0.0241141319274902,2.641547649961049,4.0
AUC,8,aligned,1,529,MCCE,bounded,MCCE_bounded,0,below_policy_threshold,14.75,0.0241141319274902,2.641547649961049,4.0
AUC,8,aligned,1,529,MCCE,bounded+edit,MCCE_bounded+edit,0,below_policy_threshold,14.75,0.0241141319274902,2.641547649961049,4.0
AUC,8,aligned,1,536,NICE,native,NICE_native,1,OK,15.1,0.0055625438690185,2.62,3.0
AUC,8,aligned,1,536,NICE,bounded,NICE_bounded,1,OK,15.1,0.0055625438690185,2.62,3.0
AUC,8,aligned,1,536,NICE,bounded+edit,NICE_bounded+edit,1,OK,15.1,0.0055625438690185,2.62,3.0
AUC,8,aligned,1,536,MCCE,native,MCCE_native,1,OK,15.15,0.0242407321929931,2.709981180898612,4.0
AUC,8,aligned,1,536,MCCE,bounded,MCCE_bounded,1,OK,15.15,0.0242407321929931,2.709981180898612,4.0
AUC,8,aligned,1,536,MCCE,bounded+edit,MCCE_bounded+edit,1,OK,15.15,0.0242407321929931,2.709981180898612,4.0
AUC,8,aligned,1,538,NICE,native,NICE_native,1,OK,15.05,0.0055696964263916,2.56,3.0
AUC,8,aligned,1,538,NICE,bounded,NICE_bounded,1,OK,15.05,0.0055696964263916,2.56,3.0
AUC,8,aligned,1,538,NICE,bounded+edit,NICE_bounded+edit,1,OK,15.05,0.0055696964263916,2.56,3.0
AUC,8,aligned,1,538,MCCE,native,MCCE_native,0,below_policy_threshold;out_of_bounds:sum_click,14.75,0.0253598690032959,2.5896860986547083,4.0
AUC,8,aligned,1,538,MCCE,bounded,MCCE_bounded,0,below_policy_threshold,14.9,0.0253598690032959,2.5722052228963337,4.0
AUC,8,aligned,1,538,MCCE,bounded+edit,MCCE_bounded+edit,0,below_policy_threshold,14.9,0.0253598690032959,2.5722052228963337,4.0
AUC,8,aligned,1,539,NICE,native,NICE_native,0,below_policy_threshold,11.0,0.0043501853942871,1.75,2.0
AUC,8,aligned,1,539,NICE,bounded,NICE_bounded,0,below_policy_threshold,11.0,0.0043501853942871,1.75,2.0
AUC,8,aligned,1,539,NICE,bounded+edit,NICE_bounded+edit,1,OK,15.444444444444445,0.0043501853942871,2.638888888888889,3.0
AUC,8,aligned,1,539,MCCE,native,MCCE_native,0,below_policy_threshold,14.75,0.0256481170654296,2.651919523711764,4.0
AUC,8,aligned,1,539,MCCE,bounded,MCCE_bounded,0,below_policy_threshold,14.75,0.0256481170654296,2.651919523711764,4.0
AUC,8,aligned,1,539,MCCE,bounded+edit,MCCE_bounded+edit,0,below_policy_threshold,14.75,0.0256481170654296,2.651919523711764,4.0
AUC,8,aligned,1,540,NICE,native,NICE_native,0,below_policy_threshold,10.75,0.0041749477386474,1.77,2.0
AUC,8,aligned,1,540,NICE,bounded,NICE_bounded,0,below_policy_threshold,10.75,0.0041749477386474,1.77,2.0
AUC,8,aligned,1,540,NICE,bounded+edit,NICE_bounded+edit,1,OK,15.194444444444445,0.0041749477386474,2.658888888888889,3.0
AUC,8,aligned,1,540,MCCE,native,MCCE_native,0,below_policy_threshold,14.9,0.0234427452087402,2.6,3.0
AUC,8,aligned,1,540,MCCE,bounded,MCCE_bounded,0,below_policy_threshold,14.9,0.0234427452087402,2.6,3.0
AUC,8,aligned,1,540,MCCE,bounded+edit,MCCE_bounded+edit,0,below_policy_threshold,14.9,0.0234427452087402,2.6,3.0
AUC,8,aligned,1,544,NICE,native,NICE_native,0,below_policy_threshold,11.075,0.0042281150817871,1.88,2.0
AUC,8,aligned,1,544,NICE,bounded,NICE_bounded,0,below_policy_threshold,11.075,0.0042281150817871,1.88,2.0
AUC,8,aligned,1,544,NICE,bounded+edit,NICE_bounded+edit,1,OK,15.519444444444444,0.0042281150817871,2.768888888888889,3.0
AUC,8,aligned,1,544,MCCE,native,MCCE_native,0,below_policy_threshold;out_of_bounds:sum_click,14.675,0.0211861133575439,4.3087845968712415,4.0
AUC,8,aligned,1,544,MCCE,bounded,MCCE_bounded,0,no_candidate,,0.0211861133575439,,
AUC,8,aligned,1,544,MCCE,bounded+edit,MCCE_bounded+edit,0,no_candidate,,0.0211861133575439,,
AUC,8,aligned,1,547,NICE,native,NICE_native,0,immutable_changed:Test_1,15.05,0.0068399906158447,2.56,3.0
AUC,8,aligned,1,547,NICE,bounded,NICE_bounded,0,below_policy_threshold;classifier_target_not_met,14.8,0.0068399906158447,2.56,3.0
AUC,8,aligned,1,547,NICE,bounded+edit,NICE_bounded+edit,0,below_policy_threshold;classifier_target_not_met,14.8,0.0068399906158447,2.56,3.0
AUC,8,aligned,1,547,MCCE,native,MCCE_native,1,OK,15.15,0.0233168601989746,2.63,3.0
AUC,8,aligned,1,547,MCCE,bounded,MCCE_bounded,1,OK,15.15,0.0233168601989746,2.63,3.0
AUC,8,aligned,1,547,MCCE,bounded+edit,MCCE_bounded+edit,1,OK,15.15,0.0233168601989746,2.63,3.0
AUC,8,aligned,1,564,NICE,native,NICE_native,0,immutable_changed:Test_1,15.05,0.0068259239196777,2.56,3.0
AUC,8,aligned,1,564,NICE,bounded,NICE_bounded,0,below_policy_threshold;classifier_target_not_met,14.73125,0.0068259239196777,2.56,3.0
AUC,8,aligned,1,564,NICE,bounded+edit,NICE_bounded+edit,0,below_policy_threshold;classifier_target_not_met,14.73125,0.0068259239196777,2.56,3.0
AUC,8,aligned,1,564,MCCE,native,MCCE_native,0,below_policy_threshold;out_of_bounds:sum_click,14.93125,0.0231490135192871,2.6955305356533605,4.0
AUC,8,aligned,1,564,MCCE,bounded,MCCE_bounded,1,OK,15.13125,0.0231490135192871,2.796943022859092,4.0
AUC,8,aligned,1,564,MCCE,bounded+edit,MCCE_bounded+edit,1,OK,15.13125,0.0231490135192871,2.796943022859092,4.0
AUC,8,aligned,1,572,NICE,native,NICE_native,0,below_policy_threshold,14.75,0.0055992603302001,2.65,3.0
AUC,8,aligned,1,572,NICE,bounded,NICE_bounded,0,below_policy_threshold,14.75,0.0055992603302001,2.65,3.0
AUC,8,aligned,1,572,NICE,bounded+edit,NICE_bounded+edit,0,below_policy_threshold,14.75,0.0055992603302001,2.65,3.0
AUC,8,aligned,1,572,MCCE,native,MCCE_native,1,OK,15.2,0.0276155471801757,2.74,3.0
AUC,8,aligned,1,572,MCCE,bounded,MCCE_bounded,1,OK,15.2,0.0276155471801757,2.74,3.0
AUC,8,aligned,1,572,MCCE,bounded+edit,MCCE_bounded+edit,1,OK,15.2,0.0276155471801757,2.74,3.0
AUC,8,aligned,1,576,NICE,native,NICE_native,0,below_policy_threshold;immutable_changed:Test_1,11.225,0.0056912899017333,1.81,2.0
AUC,8,aligned,1,576,NICE,bounded,NICE_bounded,0,below_policy_threshold;classifier_target_not_met,10.8,0.0056912899017333,1.81,2.0
AUC,8,aligned,1,576,NICE,bounded+edit,NICE_bounded+edit,1,OK,15.244444444444444,0.0056912899017333,2.698888888888889,3.0
AUC,8,aligned,1,576,MCCE,native,MCCE_native,0,below_policy_threshold;out_of_bounds:sum_click,14.75,0.0206596851348876,2.66006006006006,4.0
AUC,8,aligned,1,576,MCCE,bounded,MCCE_bounded,0,no_candidate,,0.0206596851348876,,
AUC,8,aligned,1,576,MCCE,bounded+edit,MCCE_bounded+edit,0,no_candidate,,0.0206596851348876,,
AUC,8,aligned,1,577,NICE,native,NICE_native,0,immutable_changed:Test_1,15.05,0.0069987773895263,2.56,3.0
AUC,8,aligned,1,577,NICE,bounded,NICE_bounded,0,below_policy_threshold;classifier_target_not_met,14.8,0.0069987773895263,2.56,3.0
AUC,8,aligned,1,577,NICE,bounded+edit,NICE_bounded+edit,0,below_policy_threshold;classifier_target_not_met,14.8,0.0069987773895263,2.56,3.0
AUC,8,aligned,1,577,MCCE,native,MCCE_native,1,OK,15.15,0.0233354568481445,2.7668351357316263,4.0
AUC,8,aligned,1,577,MCCE,bounded,MCCE_bounded,1,OK,15.15,0.0233354568481445,2.7668351357316263,4.0
AUC,8,aligned,1,577,MCCE,bounded+edit,MCCE_bounded+edit,1,OK,15.15,0.0233354568481445,2.7668351357316263,4.0
AUC,8,aligned,1,578,NICE,native,NICE_native,0,below_policy_threshold,14.925,0.0056543350219726,2.56,3.0
AUC,8,aligned,1,578,NICE,bounded,NICE_bounded,0,below_policy_threshold,14.925,0.0056543350219726,2.56,3.0
AUC,8,aligned,1,578,NICE,bounded+edit,NICE_bounded+edit,0,below_policy_threshold,14.925,0.0056543350219726,2.56,3.0
AUC,8,aligned,1,578,MCCE,native,MCCE_native,0,below_policy_threshold,14.875,0.0239472389221191,2.55,3.0
AUC,8,aligned,1,578,MCCE,bounded,MCCE_bounded,0,below_policy_threshold,14.875,0.0239472389221191,2.55,3.0
AUC,8,aligned,1,578,MCCE,bounded+edit,MCCE_bounded+edit,0,below_policy_threshold,14.875,0.0239472389221191,2.55,3.0
AUC,8,aligned,1,579,NICE,native,NICE_native,1,OK,15.05,0.0054810047149658,2.56,3.0
AUC,8,aligned,1,579,NICE,bounded,NICE_bounded,1,OK,15.05,0.0054810047149658,2.56,3.0
AUC,8,aligned,1,579,NICE,bounded+edit,NICE_bounded+edit,1,OK,15.05,0.0054810047149658,2.56,3.0
AUC,8,aligned,1,579,MCCE,native,MCCE_native,0,below_policy_threshold,14.7,0.0250937938690185,2.7314183327046395,4.0
AUC,8,aligned,1,579,MCCE,bounded,MCCE_bounded,0,below_policy_threshold,14.7,0.0250937938690185,2.7314183327046395,4.0
AUC,8,aligned,1,579,MCCE,bounded+edit,MCCE_bounded+edit,0,below_policy_threshold,14.7,0.0250937938690185,2.7314183327046395,4.0
AUC,8,aligned,1,586,NICE,native,NICE_native,0,below_policy_threshold;immutable_changed:Test_1,11.025,0.0064001083374023,1.75,2.0
AUC,8,aligned,1,586,NICE,bounded,NICE_bounded,0,below_policy_threshold;classifier_target_not_met,8.75,0.0064001083374023,1.75,2.0
AUC,8,aligned,1,586,NICE,bounded+edit,NICE_bounded+edit,0,below_policy_threshold;classifier_target_not_met,8.75,0.0064001083374023,1.75,2.0
AUC,8,aligned,1,586,MCCE,native,MCCE_native,0,no_candidate,,0.0173156261444091,,
AUC,8,aligned,1,586,MCCE,bounded,MCCE_bounded,0,no_candidate,,0.0173156261444091,,
AUC,8,aligned,1,586,MCCE,bounded+edit,MCCE_bounded+edit,0,no_candidate,,0.0173156261444091,,
AUC,8,aligned,1,592,NICE,native,NICE_native,0,below_policy_threshold;immutable_changed:Test_1,11.025,0.0057208538055419,1.75,2.0
AUC,8,aligned,1,592,NICE,bounded,NICE_bounded,0,below_policy_threshold;classifier_target_not_met,8.75,0.0057208538055419,1.75,2.0
AUC,8,aligned,1,592,NICE,bounded+edit,NICE_bounded+edit,0,below_policy_threshold;classifier_target_not_met,8.75,0.0057208538055419,1.75,2.0
AUC,8,aligned,1,592,MCCE,native,MCCE_native,0,no_candidate,,0.0173201560974121,,
AUC,8,aligned,1,592,MCCE,bounded,MCCE_bounded,0,no_candidate,,0.0173201560974121,,
AUC,8,aligned,1,592,MCCE,bounded+edit,MCCE_bounded+edit,0,no_candidate,,0.0173201560974121,,
AUC,8,aligned,1,605,NICE,native,NICE_native,1,OK,15.1,0.0060758590698242,2.57,3.0
AUC,8,aligned,1,605,NICE,bounded,NICE_bounded,1,OK,15.1,0.0060758590698242,2.57,3.0
AUC,8,aligned,1,605,NICE,bounded+edit,NICE_bounded+edit,1,OK,15.1,0.0060758590698242,2.57,3.0
AUC,8,aligned,1,605,MCCE,native,MCCE_native,0,below_policy_threshold;out_of_bounds:sum_click,14.7,0.0276305675506591,2.6128364042434398,4.0
AUC,8,aligned,1,605,MCCE,bounded,MCCE_bounded,1,OK,15.25,0.0276305675506591,2.9350083752093807,4.0
AUC,8,aligned,1,605,MCCE,bounded+edit,MCCE_bounded+edit,1,OK,15.25,0.0276305675506591,2.9350083752093807,4.0
AUC,8,aligned,1,607,NICE,native,NICE_native,0,below_policy_threshold;immutable_changed:Test_1,11.025,0.0057058334350585,1.75,2.0
AUC,8,aligned,1,607,NICE,bounded,NICE_bounded,0,below_policy_threshold;classifier_target_not_met,8.75,0.0057058334350585,1.75,2.0
AUC,8,aligned,1,607,NICE,bounded+edit,NICE_bounded+edit,0,below_policy_threshold;classifier_target_not_met,8.75,0.0057058334350585,1.75,2.0
AUC,8,aligned,1,607,MCCE,native,MCCE_native,0,no_candidate,,0.0165376663208007,,
AUC,8,aligned,1,607,MCCE,bounded,MCCE_bounded,0,no_candidate,,0.0165376663208007,,
AUC,8,aligned,1,607,MCCE,bounded+edit,MCCE_bounded+edit,0,no_candidate,,0.0165376663208007,,
AUC,8,aligned,1,608,NICE,native,NICE_native,0,below_policy_threshold,11.175,0.004241943359375,1.81,2.0
AUC,8,aligned,1,608,NICE,bounded,NICE_bounded,0,below_policy_threshold,11.175,0.004241943359375,1.81,2.0
AUC,8,aligned,1,608,NICE,bounded+edit,NICE_bounded+edit,1,OK,15.06388888888889,0.004241943359375,2.5877777777777777,3.0
AUC,8,aligned,1,608,MCCE,native,MCCE_native,0,below_policy_threshold;out_of_bounds:sum_click,14.375,0.0240306854248046,2.7028644804425133,4.0
AUC,8,aligned,1,608,MCCE,bounded,MCCE_bounded,0,below_policy_threshold,14.525,0.0240306854248046,2.6854523903595418,4.0
AUC,8,aligned,1,608,MCCE,bounded+edit,MCCE_bounded+edit,0,below_policy_threshold,14.525,0.0240306854248046,2.6854523903595418,4.0
AUC,8,aligned,1,616,NICE,native,NICE_native,1,OK,15.15,0.0054552555084228,2.63,3.0
AUC,8,aligned,1,616,NICE,bounded,NICE_bounded,1,OK,15.15,0.0054552555084228,2.63,3.0
AUC,8,aligned,1,616,NICE,bounded+edit,NICE_bounded+edit,1,OK,15.15,0.0054552555084228,2.63,3.0
AUC,8,aligned,1,616,MCCE,native,MCCE_native,1,OK,15.25,0.0234973430633544,2.6786944045911047,4.0
AUC,8,aligned,1,616,MCCE,bounded,MCCE_bounded,1,OK,15.25,0.0234973430633544,2.6786944045911047,4.0
AUC,8,aligned,1,616,MCCE,bounded+edit,MCCE_bounded+edit,1,OK,15.25,0.0234973430633544,2.6786944045911047,4.0
AUC,8,aligned,1,617,NICE,native,NICE_native,0,below_policy_threshold;immutable_changed:Test_1,11.025,0.0056433677673339,1.75,2.0
AUC,8,aligned,1,617,NICE,bounded,NICE_bounded,0,below_policy_threshold;classifier_target_not_met,10.5,0.0056433677673339,1.75,2.0
AUC,8,aligned,1,617,NICE,bounded+edit,NICE_bounded+edit,1,OK,15.5,0.0056433677673339,2.75,3.0
AUC,8,aligned,1,617,MCCE,native,MCCE_native,0,below_policy_threshold,14.75,0.0242958068847656,2.839125953411668,4.0
AUC,8,aligned,1,617,MCCE,bounded,MCCE_bounded,0,below_policy_threshold,14.75,0.0242958068847656,2.839125953411668,4.0
AUC,8,aligned,1,617,MCCE,bounded+edit,MCCE_bounded+edit,0,below_policy_threshold,14.75,0.0242958068847656,2.839125953411668,4.0
AUC,8,aligned,1,622,NICE,native,NICE_native,0,below_policy_threshold;immutable_changed:Test_1,11.025,0.0056159496307373,1.75,2.0
AUC,8,aligned,1,622,NICE,bounded,NICE_bounded,0,below_policy_threshold;classifier_target_not_met,10.5,0.0056159496307373,1.75,2.0
AUC,8,aligned,1,622,NICE,bounded+edit,NICE_bounded+edit,1,OK,15.5,0.0056159496307373,2.75,3.0
AUC,8,aligned,1,622,MCCE,native,MCCE_native,0,below_policy_threshold,14.75,0.0231177806854248,2.886211564494295,4.0
AUC,8,aligned,1,622,MCCE,bounded,MCCE_bounded,0,below_policy_threshold,14.75,0.0231177806854248,2.886211564494295,4.0
AUC,8,aligned,1,622,MCCE,bounded+edit,MCCE_bounded+edit,0,below_policy_threshold,14.75,0.0231177806854248,2.886211564494295,4.0
AUC,8,aligned,1,657,NICE,native,NICE_native,0,below_policy_threshold;immutable_changed:Test_1,11.025,0.005420446395874,1.75,2.0
AUC,8,aligned,1,657,NICE,bounded,NICE_bounded,0,below_policy_threshold;classifier_target_not_met,8.75,0.005420446395874,1.75,2.0
AUC,8,aligned,1,657,NICE,bounded+edit,NICE_bounded+edit,0,below_policy_threshold;classifier_target_not_met,8.75,0.005420446395874,1.75,2.0
AUC,8,aligned,1,657,MCCE,native,MCCE_native,0,no_candidate,,0.0158312320709228,,
AUC,8,aligned,1,657,MCCE,bounded,MCCE_bounded,0,no_candidate,,0.0158312320709228,,
AUC,8,aligned,1,657,MCCE,bounded+edit,MCCE_bounded+edit,0,no_candidate,,0.0158312320709228,,
AUC,8,aligned,1,663,NICE,native,NICE_native,0,below_policy_threshold;immutable_changed:Test_1,11.025,0.0054857730865478,1.75,2.0
AUC,8,aligned,1,663,NICE,bounded,NICE_bounded,0,below_policy_threshold;classifier_target_not_met,10.7,0.0054857730865478,1.75,2.0
AUC,8,aligned,1,663,NICE,bounded+edit,NICE_bounded+edit,1,OK,15.144444444444446,0.0054857730865478,2.638888888888889,3.0
AUC,8,aligned,1,663,MCCE,native,MCCE_native,1,OK,15.2,0.0226814746856689,2.7560135258636445,4.0
AUC,8,aligned,1,663,MCCE,bounded,MCCE_bounded,1,OK,15.2,0.0226814746856689,2.7560135258636445,4.0
AUC,8,aligned,1,663,MCCE,bounded+edit,MCCE_bounded+edit,1,OK,15.2,0.0226814746856689,2.7560135258636445,4.0
AUC,8,aligned,2,0,NICE,native,NICE_native,0,below_policy_threshold,14.85,0.0041460990905761,1.7199999999999998,2.0
AUC,8,aligned,2,0,NICE,bounded,NICE_bounded,0,below_policy_threshold,14.85,0.0041460990905761,1.7199999999999998,2.0
AUC,8,aligned,2,0,NICE,bounded+edit,NICE_bounded+edit,0,below_policy_threshold,14.85,0.0041460990905761,1.7199999999999998,2.0
AUC,8,aligned,2,0,MCCE,native,MCCE_native,0,out_of_bounds:sum_click,15.6,0.0381317138671875,2.6492207792207823,3.0
AUC,8,aligned,2,0,MCCE,bounded,MCCE_bounded,0,no_candidate,,0.0381317138671875,,
AUC,8,aligned,2,0,MCCE,bounded+edit,MCCE_bounded+edit,0,no_candidate,,0.0381317138671875,,
AUC,8,aligned,2,16,NICE,native,NICE_native,0,below_policy_threshold;immutable_changed:Test_1;immutable_changed:Test_2,11.025,0.0055742263793945,0.85,1.0
AUC,8,aligned,2,16,NICE,bounded,NICE_bounded,0,below_policy_threshold;classifier_target_not_met,6.0,0.0055742263793945,0.85,1.0
AUC,8,aligned,2,16,NICE,bounded+edit,NICE_bounded+edit,0,below_policy_threshold;classifier_target_not_met,6.0,0.0055742263793945,0.85,1.0
AUC,8,aligned,2,16,MCCE,native,MCCE_native,0,no_candidate,,0.0138964653015136,,
AUC,8,aligned,2,16,MCCE,bounded,MCCE_bounded,0,no_candidate,,0.0138964653015136,,
AUC,8,aligned,2,16,MCCE,bounded+edit,MCCE_bounded+edit,0,no_candidate,,0.0138964653015136,,
AUC,8,aligned,2,18,NICE,native,NICE_native,0,below_policy_threshold;immutable_changed:Test_2,14.925,0.0054323673248291,1.66,2.0
AUC,8,aligned,2,18,NICE,bounded,NICE_bounded,0,below_policy_threshold;classifier_target_not_met,14.425,0.0054323673248291,1.66,2.0
AUC,8,aligned,2,18,NICE,bounded+edit,NICE_bounded+edit,0,below_policy_threshold;classifier_target_not_met,14.425,0.0054323673248291,1.66,2.0
AUC,8,aligned,2,18,MCCE,native,MCCE_native,0,out_of_bounds:sum_click,15.025,0.0202970504760742,1.8096647878967669,3.0
AUC,8,aligned,2,18,MCCE,bounded,MCCE_bounded,1,OK,15.025,0.0202970504760742,1.8689943636903,3.0
AUC,8,aligned,2,18,MCCE,bounded+edit,MCCE_bounded+edit,1,OK,15.025,0.0202970504760742,1.8689943636903,3.0
AUC,8,aligned,2,25,NICE,native,NICE_native,0,immutable_changed:Test_1,15.15,0.0056228637695312,1.67,2.0
AUC,8,aligned,2,25,NICE,bounded,NICE_bounded,0,below_policy_threshold;classifier_target_not_met,14.725,0.0056228637695312,1.67,2.0
AUC,8,aligned,2,25,NICE,bounded+edit,NICE_bounded+edit,0,below_policy_threshold;classifier_target_not_met,14.725,0.0056228637695312,1.67,2.0
AUC,8,aligned,2,25,MCCE,native,MCCE_native,0,out_of_bounds:sum_click,15.625,0.0187156200408935,2.2941846873173586,3.0
AUC,8,aligned,2,25,MCCE,bounded,MCCE_bounded,0,no_candidate,,0.0187156200408935,,
AUC,8,aligned,2,25,MCCE,bounded+edit,MCCE_bounded+edit,0,no_candidate,,0.0187156200408935,,
AUC,8,aligned,2,30,NICE,native,NICE_native,0,below_policy_threshold;immutable_changed:Test_1,14.95,0.0056135654449462,1.7800000000000002,2.0
AUC,8,aligned,2,30,NICE,bounded,NICE_bounded,0,below_policy_threshold;classifier_target_not_met,14.65,0.0056135654449462,1.7800000000000002,2.0
AUC,8,aligned,2,30,NICE,bounded+edit,NICE_bounded+edit,0,below_policy_threshold;classifier_target_not_met,14.65,0.0056135654449462,1.7800000000000002,2.0
AUC,8,aligned,2,30,MCCE,native,MCCE_native,0,below_policy_threshold;out_of_bounds:sum_click,14.75,0.0183923244476318,2.4572769953051647,3.0
AUC,8,aligned,2,30,MCCE,bounded,MCCE_bounded,0,no_candidate,,0.0183923244476318,,
AUC,8,aligned,2,30,MCCE,bounded+edit,MCCE_bounded+edit,0,no_candidate,,0.0183923244476318,,
AUC,8,aligned,2,33,NICE,native,NICE_native,0,immutable_changed:Test_1,15.2,0.0055277347564697,1.7800000000000002,2.0
AUC,8,aligned,2,33,NICE,bounded,NICE_bounded,0,below_policy_threshold;classifier_target_not_met,14.65,0.0055277347564697,1.7800000000000002,2.0
AUC,8,aligned,2,33,NICE,bounded+edit,NICE_bounded+edit,0,below_policy_threshold;classifier_target_not_met,14.65,0.0055277347564697,1.7800000000000002,2.0
AUC,8,aligned,2,33,MCCE,native,MCCE_native,0,below_policy_threshold;out_of_bounds:sum_click,14.75,0.0179402828216552,2.817354877318971,3.0
AUC,8,aligned,2,33,MCCE,bounded,MCCE_bounded,0,no_candidate,,0.0179402828216552,,
AUC,8,aligned,2,33,MCCE,bounded+edit,MCCE_bounded+edit,0,no_candidate,,0.0179402828216552,,
AUC,8,aligned,2,39,NICE,native,NICE_native,0,below_policy_threshold;immutable_changed:Test_2,15.0,0.005850076675415,1.67,2.0
AUC,8,aligned,2,39,NICE,bounded,NICE_bounded,0,below_policy_threshold;classifier_target_not_met,14.2,0.005850076675415,1.67,2.0
AUC,8,aligned,2,39,NICE,bounded+edit,NICE_bounded+edit,0,below_policy_threshold;classifier_target_not_met,14.2,0.005850076675415,1.67,2.0
AUC,8,aligned,2,39,MCCE,native,MCCE_native,0,out_of_bounds:sum_click,15.25,0.0208601951599121,2.214855403348554,3.0
AUC,8,aligned,2,39,MCCE,bounded,MCCE_bounded,1,OK,15.25,0.0208601951599121,2.458386605783866,3.0
AUC,8,aligned,2,39,MCCE,bounded+edit,MCCE_bounded+edit,1,OK,15.25,0.0208601951599121,2.458386605783866,3.0
AUC,8,aligned,2,41,NICE,native,NICE_native,0,immutable_changed:Test_1;immutable_changed:Test_2,15.05,0.0067307949066162,1.66,2.0
AUC,8,aligned,2,41,NICE,bounded,NICE_bounded,0,below_policy_threshold;classifier_target_not_met,10.3,0.0067307949066162,1.66,2.0
AUC,8,aligned,2,41,NICE,bounded+edit,NICE_bounded+edit,0,below_policy_threshold;classifier_target_not_met,10.3,0.0067307949066162,1.66,2.0
AUC,8,aligned,2,41,MCCE,native,MCCE_native,0,no_candidate,,0.0138297080993652,,
AUC,8,aligned,2,41,MCCE,bounded,MCCE_bounded,0,no_candidate,,0.0138297080993652,,
AUC,8,aligned,2,41,MCCE,bounded+edit,MCCE_bounded+edit,0,no_candidate,,0.0138297080993652,,
AUC,8,aligned,2,50,NICE,native,NICE_native,0,below_policy_threshold;immutable_changed:Test_2,15.0,0.005854845046997,1.66,2.0
AUC,8,aligned,2,50,NICE,bounded,NICE_bounded,0,below_policy_threshold;classifier_target_not_met,14.7,0.005854845046997,1.66,2.0
AUC,8,aligned,2,50,NICE,bounded+edit,NICE_bounded+edit,0,below_policy_threshold;classifier_target_not_met,14.7,0.005854845046997,1.66,2.0
AUC,8,aligned,2,50,MCCE,native,MCCE_native,0,out_of_bounds:sum_click,15.25,0.020975112915039,1.8333078343445,3.0
AUC,8,aligned,2,50,MCCE,bounded,MCCE_bounded,1,OK,15.4,0.020975112915039,1.8158269585861249,3.0
AUC,8,aligned,2,50,MCCE,bounded+edit,MCCE_bounded+edit,1,OK,15.4,0.020975112915039,1.8158269585861249,3.0
AUC,8,aligned,2,56,NICE,native,NICE_native,0,below_policy_threshold;immutable_changed:Test_1,14.725,0.0060482025146484,1.8,2.0
AUC,8,aligned,2,56,NICE,bounded,NICE_bounded,0,below_policy_threshold;classifier_target_not_met,14.5,0.0060482025146484,1.8,2.0
AUC,8,aligned,2,56,NICE,bounded+edit,NICE_bounded+edit,0,below_policy_threshold;classifier_target_not_met,14.5,0.0060482025146484,1.8,2.0
AUC,8,aligned,2,56,MCCE,native,MCCE_native,0,no_candidate,,0.0980143547058105,,
AUC,8,aligned,2,56,MCCE,bounded,MCCE_bounded,0,no_candidate,,0.0980143547058105,,
AUC,8,aligned,2,56,MCCE,bounded+edit,MCCE_bounded+edit,0,no_candidate,,0.0980143547058105,,
AUC,8,aligned,2,58,NICE,native,NICE_native,0,below_policy_threshold;immutable_changed:Test_2,10.9,0.0043067932128906,0.85,1.0
AUC,8,aligned,2,58,NICE,bounded,NICE_bounded,0,below_policy_threshold;classifier_target_not_met,10.7,0.0043067932128906,0.85,1.0
AUC,8,aligned,2,58,NICE,bounded+edit,NICE_bounded+edit,1,OK,15.144444444444444,0.0043067932128906,1.738888888888889,2.0
AUC,8,aligned,2,58,MCCE,native,MCCE_native,1,OK,15.1,0.0209126472473144,1.8667934017300345,3.0
AUC,8,aligned,2,58,MCCE,bounded,MCCE_bounded,1,OK,15.1,0.0209126472473144,1.8667934017300345,3.0
AUC,8,aligned,2,58,MCCE,bounded+edit,MCCE_bounded+edit,1,OK,15.1,0.0209126472473144,1.8667934017300345,3.0
AUC,8,aligned,2,63,NICE,native,NICE_native,0,immutable_changed:Test_2,15.05,0.0057322978973388,1.66,2.0
AUC,8,aligned,2,63,NICE,bounded,NICE_bounded,0,below_policy_threshold;classifier_target_not_met,14.8,0.0057322978973388,1.66,2.0
AUC,8,aligned,2,63,NICE,bounded+edit,NICE_bounded+edit,0,below_policy_threshold;classifier_target_not_met,14.8,0.0057322978973388,1.66,2.0
AUC,8,aligned,2,63,MCCE,native,MCCE_native,1,OK,15.5,0.0206468105316162,1.8423878488166725,3.0
AUC,8,aligned,2,63,MCCE,bounded,MCCE_bounded,1,OK,15.5,0.0206468105316162,1.8423878488166725,3.0
AUC,8,aligned,2,63,MCCE,bounded+edit,MCCE_bounded+edit,1,OK,15.5,0.0206468105316162,1.8423878488166725,3.0
AUC,8,aligned,2,64,NICE,native,NICE_native,0,below_policy_threshold;immutable_changed:Test_1,14.225,0.0056602954864501,1.81,2.0
AUC,8,aligned,2,64,NICE,bounded,NICE_bounded,0,below_policy_threshold;classifier_target_not_met,14.05,0.0056602954864501,1.81,2.0
AUC,8,aligned,2,64,NICE,bounded+edit,NICE_bounded+edit,0,below_policy_threshold;classifier_target_not_met,14.05,0.0056602954864501,1.81,2.0
AUC,8,aligned,2,64,MCCE,native,MCCE_native,0,no_candidate,,0.0150022506713867,,
AUC,8,aligned,2,64,MCCE,bounded,MCCE_bounded,0,no_candidate,,0.0150022506713867,,
AUC,8,aligned,2,64,MCCE,bounded+edit,MCCE_bounded+edit,0,no_candidate,,0.0150022506713867,,
AUC,8,aligned,2,66,NICE,native,NICE_native,0,below_policy_threshold;immutable_changed:Test_2,11.25,0.004368782043457,0.85,1.0
AUC,8,aligned,2,66,NICE,bounded,NICE_bounded,0,below_policy_threshold;classifier_target_not_met,6.75,0.004368782043457,0.85,1.0
AUC,8,aligned,2,66,NICE,bounded+edit,NICE_bounded+edit,0,below_policy_threshold;classifier_target_not_met,6.75,0.004368782043457,0.85,1.0
AUC,8,aligned,2,66,MCCE,native,MCCE_native,0,no_candidate,,0.0142450332641601,,
AUC,8,aligned,2,66,MCCE,bounded,MCCE_bounded,0,no_candidate,,0.0142450332641601,,
AUC,8,aligned,2,66,MCCE,bounded+edit,MCCE_bounded+edit,0,no_candidate,,0.0142450332641601,,
AUC,8,aligned,2,74,NICE,native,NICE_native,0,immutable_changed:Test_2,15.05,0.0056533813476562,1.65,2.0
AUC,8,aligned,2,74,NICE,bounded,NICE_bounded,0,below_policy_threshold;classifier_target_not_met,14.75,0.0056533813476562,1.65,2.0
AUC,8,aligned,2,74,NICE,bounded+edit,NICE_bounded+edit,0,below_policy_threshold;classifier_target_not_met,14.75,0.0056533813476562,1.65,2.0
AUC,8,aligned,2,74,MCCE,native,MCCE_native,1,OK,15.5,0.0206429958343505,1.8146663407479835,3.0
AUC,8,aligned,2,74,MCCE,bounded,MCCE_bounded,1,OK,15.5,0.0206429958343505,1.8146663407479835,3.0
AUC,8,aligned,2,74,MCCE,bounded+edit,MCCE_bounded+edit,1,OK,15.5,0.0206429958343505,1.8146663407479835,3.0
AUC,8,aligned,2,78,NICE,native,NICE_native,0,below_policy_threshold,10.875,0.0029611587524414,0.85,1.0
AUC,8,aligned,2,78,NICE,bounded,NICE_bounded,0,below_policy_threshold,10.875,0.0029611587524414,0.85,1.0
AUC,8,aligned,2,78,NICE,bounded+edit,NICE_bounded+edit,1,OK,15.319444444444445,0.0029611587524414,1.738888888888889,2.0
AUC,8,aligned,2,78,MCCE,native,MCCE_native,1,OK,15.025,0.0209856033325195,1.8391055686949045,3.0
AUC,8,aligned,2,78,MCCE,bounded,MCCE_bounded,1,OK,15.025,0.0209856033325195,1.8391055686949045,3.0
AUC,8,aligned,2,78,MCCE,bounded+edit,MCCE_bounded+edit,1,OK,15.025,0.0209856033325195,1.8391055686949045,3.0
AUC,8,aligned,2,80,NICE,native,NICE_native,0,below_policy_threshold;immutable_changed:Test_2,14.95,0.0056707859039306,1.73,2.0
AUC,8,aligned,2,80,NICE,bounded,NICE_bounded,0,below_policy_threshold;classifier_target_not_met,14.1,0.0056707859039306,1.73,2.0
AUC,8,aligned,2,80,NICE,bounded+edit,NICE_bounded+edit,0,below_policy_threshold;classifier_target_not_met,14.1,0.0056707859039306,1.73,2.0
AUC,8,aligned,2,80,MCCE,native,MCCE_native,0,no_candidate,,0.0148403644561767,,
AUC,8,aligned,2,80,MCCE,bounded,MCCE_bounded,0,no_candidate,,0.0148403644561767,,
AUC,8,aligned,2,80,MCCE,bounded+edit,MCCE_bounded+edit,0,no_candidate,,0.0148403644561767,,
AUC,8,aligned,2,89,NICE,native,NICE_native,0,below_policy_threshold;immutable_changed:Test_1;immutable_changed:Test_2,11.025,0.010516881942749,0.85,1.0
AUC,8,aligned,2,89,NICE,bounded,NICE_bounded,0,below_policy_threshold;classifier_target_not_met,9.2,0.010516881942749,0.85,1.0
AUC,8,aligned,2,89,NICE,bounded+edit,NICE_bounded+edit,0,below_policy_threshold;classifier_target_not_met,9.2,0.010516881942749,0.85,1.0
AUC,8,aligned,2,89,MCCE,native,MCCE_native,0,no_candidate,,0.0252101421356201,,
AUC,8,aligned,2,89,MCCE,bounded,MCCE_bounded,0,no_candidate,,0.0252101421356201,,
AUC,8,aligned,2,89,MCCE,bounded+edit,MCCE_bounded+edit,0,no_candidate,,0.0252101421356201,,
AUC,8,aligned,2,109,NICE,native,NICE_native,0,immutable_changed:Test_2,15.05,0.0064964294433593,1.67,2.0
AUC,8,aligned,2,109,NICE,bounded,NICE_bounded,0,below_policy_threshold;classifier_target_not_met,13.55,0.0064964294433593,1.67,2.0
AUC,8,aligned,2,109,NICE,bounded+edit,NICE_bounded+edit,0,below_policy_threshold;classifier_target_not_met,13.55,0.0064964294433593,1.67,2.0
AUC,8,aligned,2,109,MCCE,native,MCCE_native,0,no_candidate,,0.01597261428833,,
AUC,8,aligned,2,109,MCCE,bounded,MCCE_bounded,0,no_candidate,,0.01597261428833,,
AUC,8,aligned,2,109,MCCE,bounded+edit,MCCE_bounded+edit,0,no_candidate,,0.01597261428833,,
AUC,8,aligned,2,111,NICE,native,NICE_native,0,immutable_changed:Test_2,15.15,0.0055363178253173,1.67,2.0
AUC,8,aligned,2,111,NICE,bounded,NICE_bounded,0,below_policy_threshold;classifier_target_not_met,14.95,0.0055363178253173,1.67,2.0
AUC,8,aligned,2,111,NICE,bounded+edit,NICE_bounded+edit,0,below_policy_threshold;classifier_target_not_met,14.95,0.0055363178253173,1.67,2.0
AUC,8,aligned,2,111,MCCE,native,MCCE_native,1,OK,15.249999999999998,0.0214693546295166,1.9095332136445244,3.0
AUC,8,aligned,2,111,MCCE,bounded,MCCE_bounded,1,OK,15.249999999999998,0.0214693546295166,1.9095332136445244,3.0
AUC,8,aligned,2,111,MCCE,bounded+edit,MCCE_bounded+edit,1,OK,15.249999999999998,0.0214693546295166,1.9095332136445244,3.0
AUC,8,aligned,2,131,NICE,native,NICE_native,0,immutable_changed:Test_2,15.1,0.00594162940979,1.75,2.0
AUC,8,aligned,2,131,NICE,bounded,NICE_bounded,0,below_policy_threshold;classifier_target_not_met,14.75,0.00594162940979,1.75,2.0
AUC,8,aligned,2,131,NICE,bounded+edit,NICE_bounded+edit,0,below_policy_threshold;classifier_target_not_met,14.75,0.00594162940979,1.75,2.0
AUC,8,aligned,2,131,MCCE,native,MCCE_native,0,no_candidate,,0.0151476860046386,,
AUC,8,aligned,2,131,MCCE,bounded,MCCE_bounded,0,no_candidate,,0.0151476860046386,,
AUC,8,aligned,2,131,MCCE,bounded+edit,MCCE_bounded+edit,0,no_candidate,,0.0151476860046386,,
AUC,8,aligned,2,149,NICE,native,NICE_native,0,below_policy_threshold;immutable_changed:Test_2,10.925,0.0071229934692382,0.85,1.0
AUC,8,aligned,2,149,NICE,bounded,NICE_bounded,0,below_policy_threshold;classifier_target_not_met,10.325,0.0071229934692382,0.85,1.0
AUC,8,aligned,2,149,NICE,bounded+edit,NICE_bounded+edit,1,OK,15.325,0.0071229934692382,1.85,2.0
AUC,8,aligned,2,149,MCCE,native,MCCE_native,1,OK,15.125,0.0209283828735351,2.3302873228499323,3.0
AUC,8,aligned,2,149,MCCE,bounded,MCCE_bounded,1,OK,15.125,0.0209283828735351,2.3302873228499323,3.0
AUC,8,aligned,2,149,MCCE,bounded+edit,MCCE_bounded+edit,1,OK,15.125,0.0209283828735351,2.3302873228499323,3.0
AUC,8,aligned,2,157,NICE,native,NICE_native,0,immutable_changed:Test_2,15.1,0.0059194564819335,1.67,2.0
AUC,8,aligned,2,157,NICE,bounded,NICE_bounded,0,below_policy_threshold;classifier_target_not_met,10.6,0.0059194564819335,1.67,2.0
AUC,8,aligned,2,157,NICE,bounded+edit,NICE_bounded+edit,0,below_policy_threshold;classifier_target_not_met,10.6,0.0059194564819335,1.67,2.0
AUC,8,aligned,2,157,MCCE,native,MCCE_native,0,no_candidate,,0.0138564109802246,,
AUC,8,aligned,2,157,MCCE,bounded,MCCE_bounded,0,no_candidate,,0.0138564109802246,,
AUC,8,aligned,2,157,MCCE,bounded+edit,MCCE_bounded+edit,0,no_candidate,,0.0138564109802246,,
AUC,8,aligned,2,165,NICE,native,NICE_native,0,immutable_changed:Test_2,15.1,0.0060827732086181,1.66,2.0
AUC,8,aligned,2,165,NICE,bounded,NICE_bounded,0,below_policy_threshold;classifier_target_not_met,14.85,0.0060827732086181,1.66,2.0
AUC,8,aligned,2,165,NICE,bounded+edit,NICE_bounded+edit,0,below_policy_threshold;classifier_target_not_met,14.85,0.0060827732086181,1.66,2.0
AUC,8,aligned,2,165,MCCE,native,MCCE_native,1,OK,15.55,0.0212962627410888,1.8,2.0
AUC,8,aligned,2,165,MCCE,bounded,MCCE_bounded,1,OK,15.55,0.0212962627410888,1.8,2.0
AUC,8,aligned,2,165,MCCE,bounded+edit,MCCE_bounded+edit,1,OK,15.55,0.0212962627410888,1.8,2.0
AUC,8,aligned,2,167,NICE,native,NICE_native,0,below_policy_threshold;immutable_changed:Test_1;immutable_changed:Test_2,11.025,0.0056912899017333,0.85,1.0
AUC,8,aligned,2,167,NICE,bounded,NICE_bounded,0,below_policy_threshold;classifier_target_not_met,9.35,0.0056912899017333,0.85,1.0
AUC,8,aligned,2,167,NICE,bounded+edit,NICE_bounded+edit,0,below_policy_threshold;classifier_target_not_met,9.35,0.0056912899017333,0.85,1.0
AUC,8,aligned,2,167,MCCE,native,MCCE_native,0,no_candidate,,0.0147144794464111,,
AUC,8,aligned,2,167,MCCE,bounded,MCCE_bounded,0,no_candidate,,0.0147144794464111,,
AUC,8,aligned,2,167,MCCE,bounded+edit,MCCE_bounded+edit,0,no_candidate,,0.0147144794464111,,
AUC,8,aligned,2,183,NICE,native,NICE_native,0,immutable_changed:Test_2,15.025,0.0061287879943847,1.66,2.0
AUC,8,aligned,2,183,NICE,bounded,NICE_bounded,0,below_policy_threshold;classifier_target_not_met,14.025,0.0061287879943847,1.66,2.0
AUC,8,aligned,2,183,NICE,bounded+edit,NICE_bounded+edit,0,below_policy_threshold;classifier_target_not_met,14.025,0.0061287879943847,1.66,2.0
AUC,8,aligned,2,183,MCCE,native,MCCE_native,0,below_policy_threshold;out_of_bounds:sum_click,14.625,0.0211830139160156,1.8754653937947496,3.0
AUC,8,aligned,2,183,MCCE,bounded,MCCE_bounded,0,below_policy_threshold,14.625,0.0211830139160156,1.9072871917263328,3.0
AUC,8,aligned,2,183,MCCE,bounded+edit,MCCE_bounded+edit,0,below_policy_threshold,14.625,0.0211830139160156,1.9072871917263328,3.0
AUC,8,aligned,2,185,NICE,native,NICE_native,0,below_policy_threshold;immutable_changed:Test_2,14.875,0.0100986957550048,1.73,2.0
AUC,8,aligned,2,185,NICE,bounded,NICE_bounded,0,below_policy_threshold;classifier_target_not_met,14.525,0.0100986957550048,1.73,2.0
AUC,8,aligned,2,185,NICE,bounded+edit,NICE_bounded+edit,0,below_policy_threshold;classifier_target_not_met,14.525,0.0100986957550048,1.73,2.0
AUC,8,aligned,2,185,MCCE,native,MCCE_native,0,below_policy_threshold;out_of_bounds:sum_click,14.875,0.0367417335510253,1.8185701021355616,3.0
AUC,8,aligned,2,185,MCCE,bounded,MCCE_bounded,0,below_policy_threshold,14.875,0.0367417335510253,1.880470442587434,3.0
AUC,8,aligned,2,185,MCCE,bounded+edit,MCCE_bounded+edit,0,below_policy_threshold,14.875,0.0367417335510253,1.880470442587434,3.0
AUC,8,aligned,2,188,NICE,native,NICE_native,1,OK,15.2,0.0074114799499511,1.7199999999999998,2.0
AUC,8,aligned,2,188,NICE,bounded,NICE_bounded,1,OK,15.2,0.0074114799499511,1.7199999999999998,2.0
AUC,8,aligned,2,188,NICE,bounded+edit,NICE_bounded+edit,1,OK,15.2,0.0074114799499511,1.7199999999999998,2.0
AUC,8,aligned,2,188,MCCE,native,MCCE_native,0,out_of_bounds:sum_click,15.45,0.0326473712921142,2.9464705882353157,3.0
AUC,8,aligned,2,188,MCCE,bounded,MCCE_bounded,0,no_candidate,,0.0326473712921142,,
AUC,8,aligned,2,188,MCCE,bounded+edit,MCCE_bounded+edit,0,no_candidate,,0.0326473712921142,,
AUC,8,aligned,2,194,NICE,native,NICE_native,0,below_policy_threshold;immutable_changed:Test_1;immutable_changed:Test_2,11.025,0.0089809894561767,0.85,1.0
AUC,8,aligned,2,194,NICE,bounded,NICE_bounded,0,below_policy_threshold;classifier_target_not_met,9.4,0.0089809894561767,0.85,1.0
AUC,8,aligned,2,194,NICE,bounded+edit,NICE_bounded+edit,0,below_policy_threshold;classifier_target_not_met,9.4,0.0089809894561767,0.85,1.0
AUC,8,aligned,2,194,MCCE,native,MCCE_native,0,no_candidate,,0.0140910148620605,,
AUC,8,aligned,2,194,MCCE,bounded,MCCE_bounded,0,no_candidate,,0.0140910148620605,,
AUC,8,aligned,2,194,MCCE,bounded+edit,MCCE_bounded+edit,0,no_candidate,,0.0140910148620605,,
AUC,8,aligned,2,200,NICE,native,NICE_native,0,immutable_changed:Test_1;immutable_changed:Test_2,15.2,0.0073349475860595,1.7800000000000002,2.0
AUC,8,aligned,2,200,NICE,bounded,NICE_bounded,0,below_policy_threshold;classifier_target_not_met,14.1,0.0073349475860595,1.7800000000000002,2.0
AUC,8,aligned,2,200,NICE,bounded+edit,NICE_bounded+edit,0,below_policy_threshold;classifier_target_not_met,14.1,0.0073349475860595,1.7800000000000002,2.0
AUC,8,aligned,2,200,MCCE,native,MCCE_native,0,no_candidate,,0.0172231197357177,,
AUC,8,aligned,2,200,MCCE,bounded,MCCE_bounded,0,no_candidate,,0.0172231197357177,,
AUC,8,aligned,2,200,MCCE,bounded+edit,MCCE_bounded+edit,0,no_candidate,,0.0172231197357177,,
AUC,8,aligned,2,204,NICE,native,NICE_native,1,OK,15.05,0.0040762424468994,1.88,2.0
AUC,8,aligned,2,204,NICE,bounded,NICE_bounded,1,OK,15.05,0.0040762424468994,1.88,2.0
AUC,8,aligned,2,204,NICE,bounded+edit,NICE_bounded+edit,1,OK,15.05,0.0040762424468994,1.88,2.0
AUC,8,aligned,2,204,MCCE,native,MCCE_native,0,no_candidate,,0.0157203674316406,,
AUC,8,aligned,2,204,MCCE,bounded,MCCE_bounded,0,no_candidate,,0.0157203674316406,,
AUC,8,aligned,2,204,MCCE,bounded+edit,MCCE_bounded+edit,0,no_candidate,,0.0157203674316406,,
AUC,8,aligned,2,208,NICE,native,NICE_native,0,below_policy_threshold;immutable_changed:Test_1;immutable_changed:Test_2,11.025,0.0054736137390136,0.85,1.0
AUC,8,aligned,2,208,NICE,bounded,NICE_bounded,0,below_policy_threshold;classifier_target_not_met,8.75,0.0054736137390136,0.85,1.0
AUC,8,aligned,2,208,NICE,bounded+edit,NICE_bounded+edit,0,below_policy_threshold;classifier_target_not_met,8.75,0.0054736137390136,0.85,1.0
AUC,8,aligned,2,208,MCCE,native,MCCE_native,0,no_candidate,,0.0149440765380859,,
AUC,8,aligned,2,208,MCCE,bounded,MCCE_bounded,0,no_candidate,,0.0149440765380859,,
AUC,8,aligned,2,208,MCCE,bounded+edit,MCCE_bounded+edit,0,no_candidate,,0.0149440765380859,,
AUC,8,aligned,2,213,NICE,native,NICE_native,0,immutable_changed:Test_2,15.05,0.0059106349945068,1.66,2.0
AUC,8,aligned,2,213,NICE,bounded,NICE_bounded,0,below_policy_threshold;classifier_target_not_met,14.95,0.0059106349945068,1.66,2.0
AUC,8,aligned,2,213,NICE,bounded+edit,NICE_bounded+edit,0,below_policy_threshold;classifier_target_not_met,14.95,0.0059106349945068,1.66,2.0
AUC,8,aligned,2,213,MCCE,native,MCCE_native,1,OK,15.4,0.0307936668395996,1.770060180541625,3.0
AUC,8,aligned,2,213,MCCE,bounded,MCCE_bounded,1,OK,15.4,0.0307936668395996,1.770060180541625,3.0
AUC,8,aligned,2,213,MCCE,bounded+edit,MCCE_bounded+edit,1,OK,15.4,0.0307936668395996,1.770060180541625,3.0
AUC,8,aligned,2,234,NICE,native,NICE_native,0,below_policy_threshold;immutable_changed:Test_2,15.0,0.010387897491455,1.73,2.0
AUC,8,aligned,2,234,NICE,bounded,NICE_bounded,0,below_policy_threshold;classifier_target_not_met,13.9,0.010387897491455,1.73,2.0
AUC,8,aligned,2,234,NICE,bounded+edit,NICE_bounded+edit,0,below_policy_threshold;classifier_target_not_met,13.9,0.010387897491455,1.73,2.0
AUC,8,aligned,2,234,MCCE,native,MCCE_native,0,no_candidate,,0.0141074657440185,,
AUC,8,aligned,2,234,MCCE,bounded,MCCE_bounded,0,no_candidate,,0.0141074657440185,,
AUC,8,aligned,2,234,MCCE,bounded+edit,MCCE_bounded+edit,0,no_candidate,,0.0141074657440185,,
AUC,8,aligned,2,235,NICE,native,NICE_native,0,immutable_changed:Test_2,15.05,0.0067598819732666,1.66,2.0
AUC,8,aligned,2,235,NICE,bounded,NICE_bounded,0,below_policy_threshold;classifier_target_not_met,10.55,0.0067598819732666,1.66,2.0
AUC,8,aligned,2,235,NICE,bounded+edit,NICE_bounded+edit,0,below_policy_threshold;classifier_target_not_met,10.55,0.0067598819732666,1.66,2.0
AUC,8,aligned,2,235,MCCE,native,MCCE_native,0,no_candidate,,0.0143592357635498,,
AUC,8,aligned,2,235,MCCE,bounded,MCCE_bounded,0,no_candidate,,0.0143592357635498,,
AUC,8,aligned,2,235,MCCE,bounded+edit,MCCE_bounded+edit,0,no_candidate,,0.0143592357635498,,
AUC,8,aligned,2,240,NICE,native,NICE_native,0,below_policy_threshold;immutable_changed:Test_2,14.925,0.0057628154754638,1.66,2.0
AUC,8,aligned,2,240,NICE,bounded,NICE_bounded,0,below_policy_threshold;classifier_target_not_met,14.675,0.0057628154754638,1.66,2.0
AUC,8,aligned,2,240,NICE,bounded+edit,NICE_bounded+edit,0,below_policy_threshold;classifier_target_not_met,14.675,0.0057628154754638,1.66,2.0
AUC,8,aligned,2,240,MCCE,native,MCCE_native,0,out_of_bounds:sum_click,15.075,0.0222644805908203,1.7457954216169225,3.0
AUC,8,aligned,2,240,MCCE,bounded,MCCE_bounded,1,OK,15.075,0.0222644805908203,1.8501130107215296,3.0
AUC,8,aligned,2,240,MCCE,bounded+edit,MCCE_bounded+edit,1,OK,15.075,0.0222644805908203,1.8501130107215296,3.0
AUC,8,aligned,2,245,NICE,native,NICE_native,1,OK,15.125,0.0042445659637451,1.7800000000000002,2.0
AUC,8,aligned,2,245,NICE,bounded,NICE_bounded,1,OK,15.125,0.0042445659637451,1.7800000000000002,2.0
AUC,8,aligned,2,245,NICE,bounded+edit,NICE_bounded+edit,1,OK,15.125,0.0042445659637451,1.7800000000000002,2.0
AUC,8,aligned,2,245,MCCE,native,MCCE_native,1,OK,15.025,0.019557237625122,1.76,2.0
AUC,8,aligned,2,245,MCCE,bounded,MCCE_bounded,1,OK,15.025,0.019557237625122,1.76,2.0
AUC,8,aligned,2,245,MCCE,bounded+edit,MCCE_bounded+edit,1,OK,15.025,0.019557237625122,1.76,2.0
AUC,8,aligned,2,246,NICE,native,NICE_native,0,immutable_changed:Test_2,15.175,0.0055620670318603,1.67,2.0
AUC,8,aligned,2,246,NICE,bounded,NICE_bounded,0,below_policy_threshold;classifier_target_not_met,14.775,0.0055620670318603,1.67,2.0
AUC,8,aligned,2,246,NICE,bounded+edit,NICE_bounded+edit,0,below_policy_threshold;classifier_target_not_met,14.775,0.0055620670318603,1.67,2.0
AUC,8,aligned,2,246,MCCE,native,MCCE_native,0,out_of_bounds:sum_click,15.375,0.0225424766540527,1.955654334621756,3.0
AUC,8,aligned,2,246,MCCE,bounded,MCCE_bounded,1,OK,15.375,0.0225424766540527,2.596184428492546,3.0
AUC,8,aligned,2,246,MCCE,bounded+edit,MCCE_bounded+edit,1,OK,15.375,0.0225424766540527,2.596184428492546,3.0
AUC,8,aligned,2,272,NICE,native,NICE_native,0,below_policy_threshold;immutable_changed:Test_2,10.9,0.0042810440063476,0.85,1.0
AUC,8,aligned,2,272,NICE,bounded,NICE_bounded,0,below_policy_threshold;classifier_target_not_met,6.4,0.0042810440063476,0.85,1.0
AUC,8,aligned,2,272,NICE,bounded+edit,NICE_bounded+edit,0,below_policy_threshold;classifier_target_not_met,6.4,0.0042810440063476,0.85,1.0
AUC,8,aligned,2,272,MCCE,native,MCCE_native,0,no_candidate,,0.015998363494873,,
AUC,8,aligned,2,272,MCCE,bounded,MCCE_bounded,0,no_candidate,,0.015998363494873,,
AUC,8,aligned,2,272,MCCE,bounded+edit,MCCE_bounded+edit,0,no_candidate,,0.015998363494873,,
AUC,8,aligned,2,279,NICE,native,NICE_native,0,below_policy_threshold;immutable_changed:Test_1;immutable_changed:Test_2,11.025,0.0057597160339355,0.85,1.0
AUC,8,aligned,2,279,NICE,bounded,NICE_bounded,0,below_policy_threshold;classifier_target_not_met,8.9,0.0057597160339355,0.85,1.0
AUC,8,aligned,2,279,NICE,bounded+edit,NICE_bounded+edit,0,below_policy_threshold;classifier_target_not_met,8.9,0.0057597160339355,0.85,1.0
AUC,8,aligned,2,279,MCCE,native,MCCE_native,0,no_candidate,,0.0142786502838134,,
AUC,8,aligned,2,279,MCCE,bounded,MCCE_bounded,0,no_candidate,,0.0142786502838134,,
AUC,8,aligned,2,279,MCCE,bounded+edit,MCCE_bounded+edit,0,no_candidate,,0.0142786502838134,,
AUC,8,aligned,2,282,NICE,native,NICE_native,0,immutable_changed:Test_1,15.125,0.0056073665618896,1.81,2.0
AUC,8,aligned,2,282,NICE,bounded,NICE_bounded,0,below_policy_threshold;classifier_target_not_met,14.9,0.0056073665618896,1.81,2.0
AUC,8,aligned,2,282,NICE,bounded+edit,NICE_bounded+edit,0,below_policy_threshold;classifier_target_not_met,14.9,0.0056073665618896,1.81,2.0
AUC,8,aligned,2,282,MCCE,native,MCCE_native,0,no_candidate,,0.014453649520874,,
AUC,8,aligned,2,282,MCCE,bounded,MCCE_bounded,0,no_candidate,,0.014453649520874,,
AUC,8,aligned,2,282,MCCE,bounded+edit,MCCE_bounded+edit,0,no_candidate,,0.014453649520874,,
AUC,8,aligned,2,284,NICE,native,NICE_native,0,below_policy_threshold;immutable_changed:Test_1;immutable_changed:Test_2,11.025,0.0057246685028076,0.85,1.0
AUC,8,aligned,2,284,NICE,bounded,NICE_bounded,0,below_policy_threshold;classifier_target_not_met,8.75,0.0057246685028076,0.85,1.0
AUC,8,aligned,2,284,NICE,bounded+edit,NICE_bounded+edit,0,below_policy_threshold;classifier_target_not_met,8.75,0.0057246685028076,0.85,1.0
AUC,8,aligned,2,284,MCCE,native,MCCE_native,0,no_candidate,,0.0147707462310791,,
AUC,8,aligned,2,284,MCCE,bounded,MCCE_bounded,0,no_candidate,,0.0147707462310791,,
AUC,8,aligned,2,284,MCCE,bounded+edit,MCCE_bounded+edit,0,no_candidate,,0.0147707462310791,,
AUC,8,aligned,2,298,NICE,native,NICE_native,0,below_policy_threshold;immutable_changed:Test_2,14.975,0.0067119598388671,1.66,2.0
AUC,8,aligned,2,298,NICE,bounded,NICE_bounded,0,below_policy_threshold;classifier_target_not_met,14.225,0.0067119598388671,1.66,2.0
AUC,8,aligned,2,298,NICE,bounded+edit,NICE_bounded+edit,0,below_policy_threshold;classifier_target_not_met,14.225,0.0067119598388671,1.66,2.0
AUC,8,aligned,2,298,MCCE,native,MCCE_native,1,OK,15.325,0.022881269454956,1.999624038735403,3.0
AUC,8,aligned,2,298,MCCE,bounded,MCCE_bounded,1,OK,15.325,0.022881269454956,1.999624038735403,3.0
AUC,8,aligned,2,298,MCCE,bounded+edit,MCCE_bounded+edit,1,OK,15.325,0.022881269454956,1.999624038735403,3.0
AUC,8,aligned,2,309,NICE,native,NICE_native,0,immutable_changed:Test_2,15.05,0.0065462589263916,1.66,2.0
AUC,8,aligned,2,309,NICE,bounded,NICE_bounded,0,below_policy_threshold;classifier_target_not_met,14.95,0.0065462589263916,1.66,2.0
AUC,8,aligned,2,309,NICE,bounded+edit,NICE_bounded+edit,0,below_policy_threshold;classifier_target_not_met,14.95,0.0065462589263916,1.66,2.0
AUC,8,aligned,2,309,MCCE,native,MCCE_native,0,out_of_bounds:sum_click,15.3,0.0227530002593994,1.7760962258715067,3.0
AUC,8,aligned,2,309,MCCE,bounded,MCCE_bounded,1,OK,15.4,0.0227530002593994,1.7557620282339383,3.0
AUC,8,aligned,2,309,MCCE,bounded+edit,MCCE_bounded+edit,1,OK,15.4,0.0227530002593994,1.7557620282339383,3.0
AUC,8,aligned,2,318,NICE,native,NICE_native,0,immutable_changed:Test_2,15.3,0.005814790725708,1.67,2.0
AUC,8,aligned,2,318,NICE,bounded,NICE_bounded,0,below_policy_threshold;classifier_target_not_met,14.5,0.005814790725708,1.67,2.0
AUC,8,aligned,2,318,NICE,bounded+edit,NICE_bounded+edit,0,below_policy_threshold;classifier_target_not_met,14.5,0.005814790725708,1.67,2.0
AUC,8,aligned,2,318,MCCE,native,MCCE_native,1,OK,15.075,0.0237321853637695,2.3242840539284058,3.0
AUC,8,aligned,2,318,MCCE,bounded,MCCE_bounded,1,OK,15.075,0.0237321853637695,2.3242840539284058,3.0
AUC,8,aligned,2,318,MCCE,bounded+edit,MCCE_bounded+edit,1,OK,15.075,0.0237321853637695,2.3242840539284058,3.0
AUC,8,aligned,2,328,NICE,native,NICE_native,0,immutable_changed:Test_2,15.1,0.0062301158905029,1.66,2.0
AUC,8,aligned,2,328,NICE,bounded,NICE_bounded,0,below_policy_threshold;classifier_target_not_met,14.95,0.0062301158905029,1.66,2.0
AUC,8,aligned,2,328,NICE,bounded+edit,NICE_bounded+edit,0,below_policy_threshold;classifier_target_not_met,14.95,0.0062301158905029,1.66,2.0
AUC,8,aligned,2,328,MCCE,native,MCCE_native,1,OK,15.3,0.0214965343475341,1.8221159577350312,3.0
AUC,8,aligned,2,328,MCCE,bounded,MCCE_bounded,1,OK,15.3,0.0214965343475341,1.8221159577350312,3.0
AUC,8,aligned,2,328,MCCE,bounded+edit,MCCE_bounded+edit,1,OK,15.3,0.0214965343475341,1.8221159577350312,3.0
AUC,8,aligned,2,355,NICE,native,NICE_native,0,below_policy_threshold;immutable_changed:Test_2,11.0,0.0043365955352783,0.85,1.0
AUC,8,aligned,2,355,NICE,bounded,NICE_bounded,0,below_policy_threshold;classifier_target_not_met,9.5,0.0043365955352783,0.85,1.0
AUC,8,aligned,2,355,NICE,bounded+edit,NICE_bounded+edit,0,below_policy_threshold;classifier_target_not_met,9.5,0.0043365955352783,0.85,1.0
AUC,8,aligned,2,355,MCCE,native,MCCE_native,0,no_candidate,,0.0176279544830322,,
AUC,8,aligned,2,355,MCCE,bounded,MCCE_bounded,0,no_candidate,,0.0176279544830322,,
AUC,8,aligned,2,355,MCCE,bounded+edit,MCCE_bounded+edit,0,no_candidate,,0.0176279544830322,,
AUC,8,aligned,2,379,NICE,native,NICE_native,0,below_policy_threshold;immutable_changed:Test_2,14.5,0.0064895153045654,1.73,2.0
AUC,8,aligned,2,379,NICE,bounded,NICE_bounded,0,below_policy_threshold;classifier_target_not_met,11.4,0.0064895153045654,1.73,2.0
AUC,8,aligned,2,379,NICE,bounded+edit,NICE_bounded+edit,0,below_policy_threshold;classifier_target_not_met,11.4,0.0064895153045654,1.73,2.0
AUC,8,aligned,2,379,MCCE,native,MCCE_native,0,no_candidate,,0.0179963111877441,,
AUC,8,aligned,2,379,MCCE,bounded,MCCE_bounded,0,no_candidate,,0.0179963111877441,,
AUC,8,aligned,2,379,MCCE,bounded+edit,MCCE_bounded+edit,0,no_candidate,,0.0179963111877441,,
AUC,8,aligned,2,400,NICE,native,NICE_native,0,below_policy_threshold;immutable_changed:Test_2,14.975,0.0093529224395751,1.65,2.0
AUC,8,aligned,2,400,NICE,bounded,NICE_bounded,0,below_policy_threshold;classifier_target_not_met,14.775,0.0093529224395751,1.65,2.0
AUC,8,aligned,2,400,NICE,bounded+edit,NICE_bounded+edit,0,below_policy_threshold;classifier_target_not_met,14.775,0.0093529224395751,1.65,2.0
AUC,8,aligned,2,400,MCCE,native,MCCE_native,1,OK,15.225,0.0348498821258544,1.7929684396380492,3.0
AUC,8,aligned,2,400,MCCE,bounded,MCCE_bounded,1,OK,15.225,0.0348498821258544,1.7929684396380492,3.0
AUC,8,aligned,2,400,MCCE,bounded+edit,MCCE_bounded+edit,1,OK,15.225,0.0348498821258544,1.7929684396380492,3.0
AUC,8,aligned,2,401,NICE,native,NICE_native,0,below_policy_threshold;immutable_changed:Test_1;immutable_changed:Test_2,11.025,0.0087230205535888,0.85,1.0
AUC,8,aligned,2,401,NICE,bounded,NICE_bounded,0,below_policy_threshold;classifier_target_not_met,6.75,0.0087230205535888,0.85,1.0
AUC,8,aligned,2,401,NICE,bounded+edit,NICE_bounded+edit,0,below_policy_threshold;classifier_target_not_met,6.75,0.0087230205535888,0.85,1.0
AUC,8,aligned,2,401,MCCE,native,MCCE_native,0,no_candidate,,0.0197975635528564,,
AUC,8,aligned,2,401,MCCE,bounded,MCCE_bounded,0,no_candidate,,0.0197975635528564,,
AUC,8,aligned,2,401,MCCE,bounded+edit,MCCE_bounded+edit,0,no_candidate,,0.0197975635528564,,
AUC,8,aligned,2,404,NICE,native,NICE_native,0,immutable_changed:Test_2,15.1,0.0063612461090087,1.67,2.0
AUC,8,aligned,2,404,NICE,bounded,NICE_bounded,0,below_policy_threshold;classifier_target_not_met,14.7,0.0063612461090087,1.67,2.0
AUC,8,aligned,2,404,NICE,bounded+edit,NICE_bounded+edit,0,below_policy_threshold;classifier_target_not_met,14.7,0.0063612461090087,1.67,2.0
AUC,8,aligned,2,404,MCCE,native,MCCE_native,0,out_of_bounds:sum_click,15.45,0.0231580734252929,1.926079151366789,3.0
AUC,8,aligned,2,404,MCCE,bounded,MCCE_bounded,1,OK,15.25,0.0231580734252929,2.1961566707466345,3.0
AUC,8,aligned,2,404,MCCE,bounded+edit,MCCE_bounded+edit,1,OK,15.25,0.0231580734252929,2.1961566707466345,3.0
AUC,8,aligned,2,407,NICE,native,NICE_native,0,below_policy_threshold;immutable_changed:Test_2,15.0,0.0054683685302734,1.73,2.0
AUC,8,aligned,2,407,NICE,bounded,NICE_bounded,0,below_policy_threshold;classifier_target_not_met,10.4,0.0054683685302734,1.73,2.0
AUC,8,aligned,2,407,NICE,bounded+edit,NICE_bounded+edit,0,below_policy_threshold;classifier_target_not_met,10.4,0.0054683685302734,1.73,2.0
AUC,8,aligned,2,407,MCCE,native,MCCE_native,0,no_candidate,,0.0140275955200195,,
AUC,8,aligned,2,407,MCCE,bounded,MCCE_bounded,0,no_candidate,,0.0140275955200195,,
AUC,8,aligned,2,407,MCCE,bounded+edit,MCCE_bounded+edit,0,no_candidate,,0.0140275955200195,,
AUC,8,aligned,2,409,NICE,native,NICE_native,0,immutable_changed:Test_2,15.05,0.0057899951934814,1.66,2.0
AUC,8,aligned,2,409,NICE,bounded,NICE_bounded,0,below_policy_threshold;classifier_target_not_met,14.55,0.0057899951934814,1.66,2.0
AUC,8,aligned,2,409,NICE,bounded+edit,NICE_bounded+edit,0,below_policy_threshold;classifier_target_not_met,14.55,0.0057899951934814,1.66,2.0
AUC,8,aligned,2,409,MCCE,native,MCCE_native,0,out_of_bounds:sum_click,15.25,0.0218513011932373,1.974876129408336,3.0
AUC,8,aligned,2,409,MCCE,bounded,MCCE_bounded,1,OK,15.25,0.0218513011932373,2.009851355290003,3.0
AUC,8,aligned,2,409,MCCE,bounded+edit,MCCE_bounded+edit,1,OK,15.25,0.0218513011932373,2.009851355290003,3.0
AUC,8,aligned,2,431,NICE,native,NICE_native,0,below_policy_threshold;immutable_changed:Test_2,11.0,0.0043535232543945,0.85,1.0
AUC,8,aligned,2,431,NICE,bounded,NICE_bounded,0,below_policy_threshold;classifier_target_not_met,10.875,0.0043535232543945,0.85,1.0
AUC,8,aligned,2,431,NICE,bounded+edit,NICE_bounded+edit,1,OK,15.319444444444445,0.0043535232543945,1.738888888888889,2.0
AUC,8,aligned,2,431,MCCE,native,MCCE_native,1,OK,15.475,0.0212407112121582,1.8549076629165784,3.0
AUC,8,aligned,2,431,MCCE,bounded,MCCE_bounded,1,OK,15.475,0.0212407112121582,1.8549076629165784,3.0
AUC,8,aligned,2,431,MCCE,bounded+edit,MCCE_bounded+edit,1,OK,15.475,0.0212407112121582,1.8549076629165784,3.0
AUC,8,aligned,2,437,NICE,native,NICE_native,0,below_policy_threshold;immutable_changed:Test_2,14.75,0.0057673454284667,1.73,2.0
AUC,8,aligned,2,437,NICE,bounded,NICE_bounded,0,below_policy_threshold;classifier_target_not_met,10.15,0.0057673454284667,1.73,2.0
AUC,8,aligned,2,437,NICE,bounded+edit,NICE_bounded+edit,0,below_policy_threshold;classifier_target_not_met,10.15,0.0057673454284667,1.73,2.0
AUC,8,aligned,2,437,MCCE,native,MCCE_native,0,no_candidate,,0.0138490200042724,,
AUC,8,aligned,2,437,MCCE,bounded,MCCE_bounded,0,no_candidate,,0.0138490200042724,,
AUC,8,aligned,2,437,MCCE,bounded+edit,MCCE_bounded+edit,0,no_candidate,,0.0138490200042724,,
AUC,8,aligned,2,455,NICE,native,NICE_native,0,below_policy_threshold;immutable_changed:Test_2,14.95,0.0056686401367187,1.66,2.0
AUC,8,aligned,2,455,NICE,bounded,NICE_bounded,0,below_policy_threshold;classifier_target_not_met,14.75,0.0056686401367187,1.66,2.0
AUC,8,aligned,2,455,NICE,bounded+edit,NICE_bounded+edit,0,below_policy_threshold;classifier_target_not_met,14.75,0.0056686401367187,1.66,2.0
AUC,8,aligned,2,455,MCCE,native,MCCE_native,1,OK,15.1,0.0217137336730957,1.7662428269405013,3.0
AUC,8,aligned,2,455,MCCE,bounded,MCCE_bounded,1,OK,15.1,0.0217137336730957,1.7662428269405013,3.0
AUC,8,aligned,2,455,MCCE,bounded+edit,MCCE_bounded+edit,1,OK,15.1,0.0217137336730957,1.7662428269405013,3.0
AUC,8,aligned,2,464,NICE,native,NICE_native,0,below_policy_threshold;immutable_changed:Test_2,10.6,0.0043261051177978,0.85,1.0
AUC,8,aligned,2,464,NICE,bounded,NICE_bounded,0,below_policy_threshold;classifier_target_not_met,10.25,0.0043261051177978,0.85,1.0
AUC,8,aligned,2,464,NICE,bounded+edit,NICE_bounded+edit,1,OK,15.25,0.0043261051177978,1.85,2.0
AUC,8,aligned,2,464,MCCE,native,MCCE_native,0,below_policy_threshold,15.0,0.0232234001159667,1.8314536059312512,3.0
AUC,8,aligned,2,464,MCCE,bounded,MCCE_bounded,0,below_policy_threshold,15.0,0.0232234001159667,1.8314536059312512,3.0
AUC,8,aligned,2,464,MCCE,bounded+edit,MCCE_bounded+edit,0,below_policy_threshold,15.0,0.0232234001159667,1.8314536059312512,3.0
AUC,8,aligned,2,478,NICE,native,NICE_native,0,below_policy_threshold;immutable_changed:Test_2,13.25,0.0054669380187988,1.73,2.0
AUC,8,aligned,2,478,NICE,bounded,NICE_bounded,0,below_policy_threshold;classifier_target_not_met,8.65,0.0054669380187988,1.73,2.0
AUC,8,aligned,2,478,NICE,bounded+edit,NICE_bounded+edit,0,below_policy_threshold;classifier_target_not_met,8.65,0.0054669380187988,1.73,2.0
AUC,8,aligned,2,478,MCCE,native,MCCE_native,0,no_candidate,,0.015986680984497,,
AUC,8,aligned,2,478,MCCE,bounded,MCCE_bounded,0,no_candidate,,0.015986680984497,,
AUC,8,aligned,2,478,MCCE,bounded+edit,MCCE_bounded+edit,0,no_candidate,,0.015986680984497,,
AUC,8,aligned,2,481,NICE,native,NICE_native,0,immutable_changed:Test_2,15.05,0.0057499408721923,1.75,2.0
AUC,8,aligned,2,481,NICE,bounded,NICE_bounded,0,below_policy_threshold;classifier_target_not_met,14.25,0.0057499408721923,1.75,2.0
AUC,8,aligned,2,481,NICE,bounded+edit,NICE_bounded+edit,0,below_policy_threshold;classifier_target_not_met,14.25,0.0057499408721923,1.75,2.0
AUC,8,aligned,2,481,MCCE,native,MCCE_native,0,no_candidate,,0.015427827835083,,
AUC,8,aligned,2,481,MCCE,bounded,MCCE_bounded,0,no_candidate,,0.015427827835083,,
AUC,8,aligned,2,481,MCCE,bounded+edit,MCCE_bounded+edit,0,no_candidate,,0.015427827835083,,
AUC,8,aligned,2,498,NICE,native,NICE_native,0,below_policy_threshold;immutable_changed:Test_1;immutable_changed:Test_2,11.025,0.0060184001922607,0.85,1.0
AUC,8,aligned,2,498,NICE,bounded,NICE_bounded,0,below_policy_threshold;classifier_target_not_met,10.1,0.0060184001922607,0.85,1.0
AUC,8,aligned,2,498,NICE,bounded+edit,NICE_bounded+edit,0,classifier_target_not_met,15.1,0.0060184001922607,1.85,2.0
AUC,8,aligned,2,498,MCCE,native,MCCE_native,0,no_candidate,,0.0154130458831787,,
AUC,8,aligned,2,498,MCCE,bounded,MCCE_bounded,0,no_candidate,,0.0154130458831787,,
AUC,8,aligned,2,498,MCCE,bounded+edit,MCCE_bounded+edit,0,no_candidate,,0.0154130458831787,,
AUC,8,aligned,2,503,NICE,native,NICE_native,0,immutable_changed:Test_2,15.025,0.0056486129760742,1.66,2.0
AUC,8,aligned,2,503,NICE,bounded,NICE_bounded,0,below_policy_threshold;classifier_target_not_met,14.275,0.0056486129760742,1.66,2.0
AUC,8,aligned,2,503,NICE,bounded+edit,NICE_bounded+edit,0,below_policy_threshold;classifier_target_not_met,14.275,0.0056486129760742,1.66,2.0
AUC,8,aligned,2,503,MCCE,native,MCCE_native,0,below_policy_threshold;out_of_bounds:sum_click,14.975,0.0223701000213623,1.8954653937947492,3.0
AUC,8,aligned,2,503,MCCE,bounded,MCCE_bounded,0,below_policy_threshold,14.975,0.0223701000213623,1.9803235216123043,3.0
AUC,8,aligned,2,503,MCCE,bounded+edit,MCCE_bounded+edit,0,below_policy_threshold,14.975,0.0223701000213623,1.9803235216123043,3.0
AUC,8,aligned,2,508,NICE,native,NICE_native,0,below_policy_threshold;immutable_changed:Test_1;immutable_changed:Test_2,11.025,0.0055205821990966,0.85,1.0
AUC,8,aligned,2,508,NICE,bounded,NICE_bounded,0,below_policy_threshold;classifier_target_not_met,8.375,0.0055205821990966,0.85,1.0
AUC,8,aligned,2,508,NICE,bounded+edit,NICE_bounded+edit,0,below_policy_threshold;classifier_target_not_met,8.375,0.0055205821990966,0.85,1.0
AUC,8,aligned,2,508,MCCE,native,MCCE_native,0,no_candidate,,0.0142064094543457,,
AUC,8,aligned,2,508,MCCE,bounded,MCCE_bounded,0,no_candidate,,0.0142064094543457,,
AUC,8,aligned,2,508,MCCE,bounded+edit,MCCE_bounded+edit,0,no_candidate,,0.0142064094543457,,
AUC,8,aligned,2,513,NICE,native,NICE_native,0,below_policy_threshold;immutable_changed:Test_2,14.95,0.0055651664733886,1.66,2.0
AUC,8,aligned,2,513,NICE,bounded,NICE_bounded,0,below_policy_threshold;classifier_target_not_met,14.45,0.0055651664733886,1.66,2.0
AUC,8,aligned,2,513,NICE,bounded+edit,NICE_bounded+edit,0,below_policy_threshold;classifier_target_not_met,14.45,0.0055651664733886,1.66,2.0
AUC,8,aligned,2,513,MCCE,native,MCCE_native,1,OK,15.05,0.0213904380798339,2.024573524915928,3.0
AUC,8,aligned,2,513,MCCE,bounded,MCCE_bounded,1,OK,15.05,0.0213904380798339,2.024573524915928,3.0
AUC,8,aligned,2,513,MCCE,bounded+edit,MCCE_bounded+edit,1,OK,15.05,0.0213904380798339,2.024573524915928,3.0
AUC,8,aligned,2,529,NICE,native,NICE_native,0,below_policy_threshold;immutable_changed:Test_2,15.0,0.0056509971618652,1.73,2.0
AUC,8,aligned,2,529,NICE,bounded,NICE_bounded,0,below_policy_threshold;classifier_target_not_met,13.9,0.0056509971618652,1.73,2.0
AUC,8,aligned,2,529,NICE,bounded+edit,NICE_bounded+edit,0,below_policy_threshold;classifier_target_not_met,13.9,0.0056509971618652,1.73,2.0
AUC,8,aligned,2,529,MCCE,native,MCCE_native,0,no_candidate,,0.0170648097991943,,
AUC,8,aligned,2,529,MCCE,bounded,MCCE_bounded,0,no_candidate,,0.0170648097991943,,
AUC,8,aligned,2,529,MCCE,bounded+edit,MCCE_bounded+edit,0,no_candidate,,0.0170648097991943,,
AUC,8,aligned,2,536,NICE,native,NICE_native,0,immutable_changed:Test_2,15.1,0.0058310031890869,1.75,2.0
AUC,8,aligned,2,536,NICE,bounded,NICE_bounded,0,below_policy_threshold;classifier_target_not_met,14.6,0.0058310031890869,1.75,2.0
AUC,8,aligned,2,536,NICE,bounded+edit,NICE_bounded+edit,0,below_policy_threshold;classifier_target_not_met,14.6,0.0058310031890869,1.75,2.0
AUC,8,aligned,2,536,MCCE,native,MCCE_native,0,no_candidate,,0.0151946544647216,,
AUC,8,aligned,2,536,MCCE,bounded,MCCE_bounded,0,no_candidate,,0.0151946544647216,,
AUC,8,aligned,2,536,MCCE,bounded+edit,MCCE_bounded+edit,0,no_candidate,,0.0151946544647216,,
AUC,8,aligned,2,539,NICE,native,NICE_native,0,below_policy_threshold;immutable_changed:Test_2,11.0,0.004960298538208,0.85,1.0
AUC,8,aligned,2,539,NICE,bounded,NICE_bounded,0,below_policy_threshold;classifier_target_not_met,10.5,0.004960298538208,0.85,1.0
AUC,8,aligned,2,539,NICE,bounded+edit,NICE_bounded+edit,1,OK,15.5,0.004960298538208,1.85,2.0
AUC,8,aligned,2,539,MCCE,native,MCCE_native,1,OK,15.25,0.022101879119873,1.8780127283925272,3.0
AUC,8,aligned,2,539,MCCE,bounded,MCCE_bounded,1,OK,15.25,0.022101879119873,1.8780127283925272,3.0
AUC,8,aligned,2,539,MCCE,bounded+edit,MCCE_bounded+edit,1,OK,15.25,0.022101879119873,1.8780127283925272,3.0
AUC,8,aligned,2,540,NICE,native,NICE_native,0,below_policy_threshold;immutable_changed:Test_2,10.75,0.0045063495635986,0.85,1.0
AUC,8,aligned,2,540,NICE,bounded,NICE_bounded,0,below_policy_threshold;classifier_target_not_met,10.15,0.0045063495635986,0.85,1.0
AUC,8,aligned,2,540,NICE,bounded+edit,NICE_bounded+edit,1,OK,15.15,0.0045063495635986,1.85,2.0
AUC,8,aligned,2,540,MCCE,native,MCCE_native,0,below_policy_threshold,14.9,0.0214674472808837,1.7999999999999998,2.0
AUC,8,aligned,2,540,MCCE,bounded,MCCE_bounded,0,below_policy_threshold,14.9,0.0214674472808837,1.7999999999999998,2.0
AUC,8,aligned,2,540,MCCE,bounded+edit,MCCE_bounded+edit,0,below_policy_threshold,14.9,0.0214674472808837,1.7999999999999998,2.0
AUC,8,aligned,2,544,NICE,native,NICE_native,0,below_policy_threshold,14.075,0.0044703483581542,1.88,2.0
AUC,8,aligned,2,544,NICE,bounded,NICE_bounded,0,below_policy_threshold,14.075,0.0044703483581542,1.88,2.0
AUC,8,aligned,2,544,NICE,bounded+edit,NICE_bounded+edit,0,below_policy_threshold,14.075,0.0044703483581542,1.88,2.0
AUC,8,aligned,2,544,MCCE,native,MCCE_native,0,no_candidate,,0.0152757167816162,,
AUC,8,aligned,2,544,MCCE,bounded,MCCE_bounded,0,no_candidate,,0.0152757167816162,,
AUC,8,aligned,2,544,MCCE,bounded+edit,MCCE_bounded+edit,0,no_candidate,,0.0152757167816162,,
AUC,8,aligned,2,547,NICE,native,NICE_native,0,immutable_changed:Test_1;immutable_changed:Test_2,15.05,0.0079653263092041,1.66,2.0
AUC,8,aligned,2,547,NICE,bounded,NICE_bounded,0,below_policy_threshold;classifier_target_not_met,14.3,0.0079653263092041,1.66,2.0
AUC,8,aligned,2,547,NICE,bounded+edit,NICE_bounded+edit,0,below_policy_threshold;classifier_target_not_met,14.3,0.0079653263092041,1.66,2.0
AUC,8,aligned,2,547,MCCE,native,MCCE_native,0,no_candidate,,0.0147187709808349,,
AUC,8,aligned,2,547,MCCE,bounded,MCCE_bounded,0,no_candidate,,0.0147187709808349,,
AUC,8,aligned,2,547,MCCE,bounded+edit,MCCE_bounded+edit,0,no_candidate,,0.0147187709808349,,
AUC,8,aligned,2,564,NICE,native,NICE_native,1,OK,15.13125,0.0043213367462158,1.73,2.0
AUC,8,aligned,2,564,NICE,bounded,NICE_bounded,1,OK,15.13125,0.0043213367462158,1.73,2.0
AUC,8,aligned,2,564,NICE,bounded+edit,NICE_bounded+edit,1,OK,15.13125,0.0043213367462158,1.73,2.0
AUC,8,aligned,2,564,MCCE,native,MCCE_native,0,out_of_bounds:sum_click,15.73125,0.0237994194030761,1.9455305356533608,3.0
AUC,8,aligned,2,564,MCCE,bounded,MCCE_bounded,1,OK,15.73125,0.0237994194030761,2.0069430228590925,3.0
AUC,8,aligned,2,564,MCCE,bounded+edit,MCCE_bounded+edit,1,OK,15.73125,0.0237994194030761,2.0069430228590925,3.0
AUC,8,aligned,2,572,NICE,native,NICE_native,0,below_policy_threshold;immutable_changed:Test_2,14.75,0.0086920261383056,1.73,2.0
AUC,8,aligned,2,572,NICE,bounded,NICE_bounded,0,below_policy_threshold;classifier_target_not_met,12.65,0.0086920261383056,1.73,2.0
AUC,8,aligned,2,572,NICE,bounded+edit,NICE_bounded+edit,0,below_policy_threshold;classifier_target_not_met,12.65,0.0086920261383056,1.73,2.0
AUC,8,aligned,2,572,MCCE,native,MCCE_native,0,no_candidate,,0.0260393619537353,,
AUC,8,aligned,2,572,MCCE,bounded,MCCE_bounded,0,no_candidate,,0.0260393619537353,,
AUC,8,aligned,2,572,MCCE,bounded+edit,MCCE_bounded+edit,0,no_candidate,,0.0260393619537353,,
AUC,8,aligned,2,576,NICE,native,NICE_native,0,immutable_changed:Test_1,15.225,0.0084621906280517,1.81,2.0
AUC,8,aligned,2,576,NICE,bounded,NICE_bounded,0,below_policy_threshold;classifier_target_not_met,14.8,0.0084621906280517,1.81,2.0
AUC,8,aligned,2,576,NICE,bounded+edit,NICE_bounded+edit,0,below_policy_threshold;classifier_target_not_met,14.8,0.0084621906280517,1.81,2.0
AUC,8,aligned,2,576,MCCE,native,MCCE_native,0,below_policy_threshold;out_of_bounds:sum_click,14.75,0.0286104679107666,1.86006006006006,3.0
AUC,8,aligned,2,576,MCCE,bounded,MCCE_bounded,0,no_candidate,,0.0286104679107666,,
AUC,8,aligned,2,576,MCCE,bounded+edit,MCCE_bounded+edit,0,no_candidate,,0.0286104679107666,,
AUC,8,aligned,2,577,NICE,native,NICE_native,0,immutable_changed:Test_1,15.05,0.0091221332550048,1.65,2.0
AUC,8,aligned,2,577,NICE,bounded,NICE_bounded,0,below_policy_threshold;classifier_target_not_met,14.8,0.0091221332550048,1.65,2.0
AUC,8,aligned,2,577,NICE,bounded+edit,NICE_bounded+edit,0,below_policy_threshold;classifier_target_not_met,14.8,0.0091221332550048,1.65,2.0
AUC,8,aligned,2,577,MCCE,native,MCCE_native,1,OK,15.9,0.0325195789337158,2.077459721915692,3.0
AUC,8,aligned,2,577,MCCE,bounded,MCCE_bounded,1,OK,15.9,0.0325195789337158,2.077459721915692,3.0
AUC,8,aligned,2,577,MCCE,bounded+edit,MCCE_bounded+edit,1,OK,15.9,0.0325195789337158,2.077459721915692,3.0
AUC,8,aligned,2,578,NICE,native,NICE_native,0,below_policy_threshold;immutable_changed:Test_2,14.925,0.0087463855743408,1.66,2.0
AUC,8,aligned,2,578,NICE,bounded,NICE_bounded,0,below_policy_threshold;classifier_target_not_met,14.625,0.0087463855743408,1.66,2.0
AUC,8,aligned,2,578,NICE,bounded+edit,NICE_bounded+edit,0,below_policy_threshold;classifier_target_not_met,14.625,0.0087463855743408,1.66,2.0
AUC,8,aligned,2,578,MCCE,native,MCCE_native,1,OK,15.225,0.0219049453735351,1.8010452472816558,3.0
AUC,8,aligned,2,578,MCCE,bounded,MCCE_bounded,1,OK,15.225,0.0219049453735351,1.8010452472816558,3.0
AUC,8,aligned,2,578,MCCE,bounded+edit,MCCE_bounded+edit,1,OK,15.225,0.0219049453735351,1.8010452472816558,3.0
AUC,8,aligned,2,579,NICE,native,NICE_native,0,immutable_changed:Test_2,15.05,0.0102794170379638,1.66,2.0
AUC,8,aligned,2,579,NICE,bounded,NICE_bounded,0,below_policy_threshold;classifier_target_not_met,14.75,0.0102794170379638,1.66,2.0
AUC,8,aligned,2,579,NICE,bounded+edit,NICE_bounded+edit,0,below_policy_threshold;classifier_target_not_met,14.75,0.0102794170379638,1.66,2.0
AUC,8,aligned,2,579,MCCE,native,MCCE_native,0,out_of_bounds:sum_click,15.45,0.0354187488555908,1.82263296869106,3.0
AUC,8,aligned,2,579,MCCE,bounded,MCCE_bounded,1,OK,15.3,0.0354187488555908,2.2302036967182195,3.0
AUC,8,aligned,2,579,MCCE,bounded+edit,MCCE_bounded+edit,1,OK,15.3,0.0354187488555908,2.2302036967182195,3.0
AUC,8,aligned,2,586,NICE,native,NICE_native,0,below_policy_threshold;immutable_changed:Test_1;immutable_changed:Test_2,11.025,0.0090112686157226,0.85,1.0
AUC,8,aligned,2,586,NICE,bounded,NICE_bounded,0,below_policy_threshold;classifier_target_not_met,4.25,0.0090112686157226,0.85,1.0
AUC,8,aligned,2,586,NICE,bounded+edit,NICE_bounded+edit,0,below_policy_threshold;classifier_target_not_met,4.25,0.0090112686157226,0.85,1.0
AUC,8,aligned,2,586,MCCE,native,MCCE_native,0,no_candidate,,0.0247347354888916,,
AUC,8,aligned,2,586,MCCE,bounded,MCCE_bounded,0,no_candidate,,0.0247347354888916,,
AUC,8,aligned,2,586,MCCE,bounded+edit,MCCE_bounded+edit,0,no_candidate,,0.0247347354888916,,
AUC,8,aligned,2,592,NICE,native,NICE_native,0,below_policy_threshold;immutable_changed:Test_1;immutable_changed:Test_2,11.025,0.0090341567993164,0.85,1.0
AUC,8,aligned,2,592,NICE,bounded,NICE_bounded,0,below_policy_threshold;classifier_target_not_met,4.25,0.0090341567993164,0.85,1.0
AUC,8,aligned,2,592,NICE,bounded+edit,NICE_bounded+edit,0,below_policy_threshold;classifier_target_not_met,4.25,0.0090341567993164,0.85,1.0
AUC,8,aligned,2,592,MCCE,native,MCCE_native,0,no_candidate,,0.0252041816711425,,
AUC,8,aligned,2,592,MCCE,bounded,MCCE_bounded,0,no_candidate,,0.0252041816711425,,
AUC,8,aligned,2,592,MCCE,bounded+edit,MCCE_bounded+edit,0,no_candidate,,0.0252041816711425,,
AUC,8,aligned,2,607,NICE,native,NICE_native,0,below_policy_threshold;immutable_changed:Test_1;immutable_changed:Test_2,11.025,0.0092778205871582,0.85,1.0
AUC,8,aligned,2,607,NICE,bounded,NICE_bounded,0,below_policy_threshold;classifier_target_not_met,4.25,0.0092778205871582,0.85,1.0
AUC,8,aligned,2,607,NICE,bounded+edit,NICE_bounded+edit,0,below_policy_threshold;classifier_target_not_met,4.25,0.0092778205871582,0.85,1.0
AUC,8,aligned,2,607,MCCE,native,MCCE_native,0,no_candidate,,0.0249454975128173,,
AUC,8,aligned,2,607,MCCE,bounded,MCCE_bounded,0,no_candidate,,0.0249454975128173,,
AUC,8,aligned,2,607,MCCE,bounded+edit,MCCE_bounded+edit,0,no_candidate,,0.0249454975128173,,
AUC,8,aligned,2,608,NICE,native,NICE_native,0,below_policy_threshold;immutable_changed:Test_2,14.975,0.0090625286102294,1.67,2.0
AUC,8,aligned,2,608,NICE,bounded,NICE_bounded,0,below_policy_threshold;classifier_target_not_met,14.725,0.0090625286102294,1.67,2.0
AUC,8,aligned,2,608,NICE,bounded+edit,NICE_bounded+edit,0,below_policy_threshold;classifier_target_not_met,14.725,0.0090625286102294,1.67,2.0
AUC,8,aligned,2,608,MCCE,native,MCCE_native,0,out_of_bounds:sum_click,15.075,0.0350561141967773,1.8427261951797709,3.0
AUC,8,aligned,2,608,MCCE,bounded,MCCE_bounded,1,OK,15.075,0.0350561141967773,2.071884630580798,3.0
AUC,8,aligned,2,608,MCCE,bounded+edit,MCCE_bounded+edit,1,OK,15.075,0.0350561141967773,2.071884630580798,3.0
AUC,8,aligned,2,611,NICE,native,NICE_native,0,below_policy_threshold;immutable_changed:Test_2,11.175,0.006364107131958,0.82,1.0
AUC,8,aligned,2,611,NICE,bounded,NICE_bounded,0,below_policy_threshold;classifier_target_not_met,10.625,0.006364107131958,0.82,1.0
AUC,8,aligned,2,611,NICE,bounded+edit,NICE_bounded+edit,0,classifier_target_not_met,15.069444444444445,0.006364107131958,1.708888888888889,2.0
AUC,8,aligned,2,611,MCCE,native,MCCE_native,0,out_of_bounds:sum_click,15.275,0.0204749107360839,1.7569180214458664,3.0
AUC,8,aligned,2,611,MCCE,bounded,MCCE_bounded,1,OK,15.275,0.0204749107360839,1.7984261501210654,3.0
AUC,8,aligned,2,611,MCCE,bounded+edit,MCCE_bounded+edit,1,OK,15.275,0.0204749107360839,1.7984261501210654,3.0
AUC,8,aligned,2,616,NICE,native,NICE_native,0,below_policy_threshold;immutable_changed:Test_1,14.95,0.0054883956909179,1.7800000000000002,2.0
AUC,8,aligned,2,616,NICE,bounded,NICE_bounded,0,below_policy_threshold;classifier_target_not_met,14.9,0.0054883956909179,1.7800000000000002,2.0
AUC,8,aligned,2,616,NICE,bounded+edit,NICE_bounded+edit,0,below_policy_threshold;classifier_target_not_met,14.9,0.0054883956909179,1.7800000000000002,2.0
AUC,8,aligned,2,616,MCCE,native,MCCE_native,0,no_candidate,,0.0144274234771728,,
AUC,8,aligned,2,616,MCCE,bounded,MCCE_bounded,0,no_candidate,,0.0144274234771728,,
AUC,8,aligned,2,616,MCCE,bounded+edit,MCCE_bounded+edit,0,no_candidate,,0.0144274234771728,,
AUC,8,aligned,2,617,NICE,native,NICE_native,0,below_policy_threshold;immutable_changed:Test_1;immutable_changed:Test_2,11.025,0.005491018295288,0.85,1.0
AUC,8,aligned,2,617,NICE,bounded,NICE_bounded,0,below_policy_threshold;classifier_target_not_met,6.0,0.005491018295288,0.85,1.0
AUC,8,aligned,2,617,NICE,bounded+edit,NICE_bounded+edit,0,below_policy_threshold;classifier_target_not_met,6.0,0.005491018295288,0.85,1.0
AUC,8,aligned,2,617,MCCE,native,MCCE_native,0,no_candidate,,0.0201408863067626,,
AUC,8,aligned,2,617,MCCE,bounded,MCCE_bounded,0,no_candidate,,0.0201408863067626,,
AUC,8,aligned,2,617,MCCE,bounded+edit,MCCE_bounded+edit,0,no_candidate,,0.0201408863067626,,
AUC,8,aligned,2,622,NICE,native,NICE_native,0,below_policy_threshold;immutable_changed:Test_1;immutable_changed:Test_2,11.025,0.0100328922271728,0.85,1.0
AUC,8,aligned,2,622,NICE,bounded,NICE_bounded,0,below_policy_threshold;classifier_target_not_met,10.3,0.0100328922271728,0.85,1.0
AUC,8,aligned,2,622,NICE,bounded+edit,NICE_bounded+edit,1,OK,15.3,0.0100328922271728,1.85,2.0
AUC,8,aligned,2,622,MCCE,native,MCCE_native,0,below_policy_threshold,15.0,0.0212583541870117,1.844148133823245,3.0
AUC,8,aligned,2,622,MCCE,bounded,MCCE_bounded,0,below_policy_threshold,15.0,0.0212583541870117,1.844148133823245,3.0
AUC,8,aligned,2,622,MCCE,bounded+edit,MCCE_bounded+edit,0,below_policy_threshold,15.0,0.0212583541870117,1.844148133823245,3.0
AUC,8,aligned,2,637,NICE,native,NICE_native,0,below_policy_threshold,11.45,0.0052204132080078,1.8,2.0
AUC,8,aligned,2,637,NICE,bounded,NICE_bounded,0,below_policy_threshold,11.45,0.0052204132080078,1.8,2.0
AUC,8,aligned,2,637,NICE,bounded+edit,NICE_bounded+edit,0,below_policy_threshold,11.45,0.0052204132080078,1.8,2.0
AUC,8,aligned,2,637,MCCE,native,MCCE_native,0,no_candidate,,0.0178806781768798,,
AUC,8,aligned,2,637,MCCE,bounded,MCCE_bounded,0,no_candidate,,0.0178806781768798,,
AUC,8,aligned,2,637,MCCE,bounded+edit,MCCE_bounded+edit,0,no_candidate,,0.0178806781768798,,
AUC,8,aligned,2,657,NICE,native,NICE_native,0,below_policy_threshold;immutable_changed:Test_1;immutable_changed:Test_2,11.025,0.0054397583007812,0.85,1.0
AUC,8,aligned,2,657,NICE,bounded,NICE_bounded,0,below_policy_threshold;classifier_target_not_met,4.25,0.0054397583007812,0.85,1.0
AUC,8,aligned,2,657,NICE,bounded+edit,NICE_bounded+edit,0,below_policy_threshold;classifier_target_not_met,4.25,0.0054397583007812,0.85,1.0
AUC,8,aligned,2,657,MCCE,native,MCCE_native,0,no_candidate,,0.0137162208557128,,
AUC,8,aligned,2,657,MCCE,bounded,MCCE_bounded,0,no_candidate,,0.0137162208557128,,
AUC,8,aligned,2,657,MCCE,bounded+edit,MCCE_bounded+edit,0,no_candidate,,0.0137162208557128,,
AUC,8,aligned,2,663,NICE,native,NICE_native,0,below_policy_threshold;immutable_changed:Test_1;immutable_changed:Test_2,11.025,0.005481481552124,0.85,1.0
AUC,8,aligned,2,663,NICE,bounded,NICE_bounded,0,below_policy_threshold;classifier_target_not_met,6.2,0.005481481552124,0.85,1.0
AUC,8,aligned,2,663,NICE,bounded+edit,NICE_bounded+edit,0,below_policy_threshold;classifier_target_not_met,6.2,0.005481481552124,0.85,1.0
AUC,8,aligned,2,663,MCCE,native,MCCE_native,0,no_candidate,,0.0135254859924316,,
AUC,8,aligned,2,663,MCCE,bounded,MCCE_bounded,0,no_candidate,,0.0135254859924316,,
AUC,8,aligned,2,663,MCCE,bounded+edit,MCCE_bounded+edit,0,no_candidate,,0.0135254859924316,,
AUC,8,aligned,3,0,NICE,native,NICE_native,0,immutable_changed:Test_2,15.45,0.0043632984161376,0.8,1.0
AUC,8,aligned,3,0,NICE,bounded,NICE_bounded,0,below_policy_threshold;classifier_target_not_met,14.95,0.0043632984161376,0.8,1.0
AUC,8,aligned,3,0,NICE,bounded+edit,NICE_bounded+edit,0,below_policy_threshold;classifier_target_not_met,14.95,0.0043632984161376,0.8,1.0
AUC,8,aligned,3,0,MCCE,native,MCCE_native,0,out_of_bounds:sum_click,15.6,0.0313441753387451,1.7092207792207823,2.0
AUC,8,aligned,3,0,MCCE,bounded,MCCE_bounded,0,no_candidate,,0.0313441753387451,,
AUC,8,aligned,3,0,MCCE,bounded+edit,MCCE_bounded+edit,0,no_candidate,,0.0313441753387451,,
AUC,8,aligned,3,16,NICE,native,NICE_native,0,below_policy_threshold;immutable_changed:Test_1;immutable_changed:Test_2,11.025,0.0054466724395751,0.85,1.0
AUC,8,aligned,3,16,NICE,bounded,NICE_bounded,0,below_policy_threshold;classifier_target_not_met,6.0,0.0054466724395751,0.85,1.0
AUC,8,aligned,3,16,NICE,bounded+edit,NICE_bounded+edit,0,below_policy_threshold;classifier_target_not_met,6.0,0.0054466724395751,0.85,1.0
AUC,8,aligned,3,16,MCCE,native,MCCE_native,0,no_candidate,,0.0121049880981445,,
AUC,8,aligned,3,16,MCCE,bounded,MCCE_bounded,0,no_candidate,,0.0121049880981445,,
AUC,8,aligned,3,16,MCCE,bounded+edit,MCCE_bounded+edit,0,no_candidate,,0.0121049880981445,,
AUC,8,aligned,3,18,NICE,native,NICE_native,0,below_policy_threshold;immutable_changed:Test_2;immutable_changed:Test_3,14.925,0.005509614944458,0.8,1.0
AUC,8,aligned,3,18,NICE,bounded,NICE_bounded,0,below_policy_threshold;classifier_target_not_met,14.125,0.005509614944458,0.8,1.0
AUC,8,aligned,3,18,NICE,bounded+edit,NICE_bounded+edit,0,below_policy_threshold;classifier_target_not_met,14.125,0.005509614944458,0.8,1.0
AUC,8,aligned,3,18,MCCE,native,MCCE_native,0,no_candidate,,0.0127267837524414,,
AUC,8,aligned,3,18,MCCE,bounded,MCCE_bounded,0,no_candidate,,0.0127267837524414,,
AUC,8,aligned,3,18,MCCE,bounded+edit,MCCE_bounded+edit,0,no_candidate,,0.0127267837524414,,
AUC,8,aligned,3,25,NICE,native,NICE_native,0,immutable_changed:Test_1,15.2,0.0042071342468261,0.8,1.0
AUC,8,aligned,3,25,NICE,bounded,NICE_bounded,0,below_policy_threshold;classifier_target_not_met,14.775,0.0042071342468261,0.8,1.0
AUC,8,aligned,3,25,NICE,bounded+edit,NICE_bounded+edit,0,below_policy_threshold;classifier_target_not_met,14.775,0.0042071342468261,0.8,1.0
AUC,8,aligned,3,25,MCCE,native,MCCE_native,0,no_candidate,,0.0130941867828369,,
AUC,8,aligned,3,25,MCCE,bounded,MCCE_bounded,0,no_candidate,,0.0130941867828369,,
AUC,8,aligned,3,25,MCCE,bounded+edit,MCCE_bounded+edit,0,no_candidate,,0.0130941867828369,,
AUC,8,aligned,3,30,NICE,native,NICE_native,0,below_policy_threshold;immutable_changed:Test_1;immutable_changed:Test_3,14.95,0.0056979656219482,0.9,1.0
AUC,8,aligned,3,30,NICE,bounded,NICE_bounded,0,below_policy_threshold;classifier_target_not_met,13.95,0.0056979656219482,0.9,1.0
AUC,8,aligned,3,30,NICE,bounded+edit,NICE_bounded+edit,0,below_policy_threshold;classifier_target_not_met,13.95,0.0056979656219482,0.9,1.0
AUC,8,aligned,3,30,MCCE,native,MCCE_native,0,no_candidate,,0.0130767822265625,,
AUC,8,aligned,3,30,MCCE,bounded,MCCE_bounded,0,no_candidate,,0.0130767822265625,,
AUC,8,aligned,3,30,MCCE,bounded+edit,MCCE_bounded+edit,0,no_candidate,,0.0130767822265625,,
AUC,8,aligned,3,33,NICE,native,NICE_native,0,immutable_changed:Test_1;immutable_changed:Test_2,15.5,0.0056736469268798,0.8,1.0
AUC,8,aligned,3,33,NICE,bounded,NICE_bounded,0,below_policy_threshold;classifier_target_not_met,14.5,0.0056736469268798,0.8,1.0
AUC,8,aligned,3,33,NICE,bounded+edit,NICE_bounded+edit,0,below_policy_threshold;classifier_target_not_met,14.5,0.0056736469268798,0.8,1.0
AUC,8,aligned,3,33,MCCE,native,MCCE_native,0,below_policy_threshold;out_of_bounds:sum_click,14.75,0.0154459476470947,1.8673548773189717,2.0
AUC,8,aligned,3,33,MCCE,bounded,MCCE_bounded,0,no_candidate,,0.0154459476470947,,
AUC,8,aligned,3,33,MCCE,bounded+edit,MCCE_bounded+edit,0,no_candidate,,0.0154459476470947,,
AUC,8,aligned,3,39,NICE,native,NICE_native,0,below_policy_threshold;immutable_changed:Test_2;immutable_changed:Test_3,15.0,0.0055289268493652,0.8099999999999999,1.0
AUC,8,aligned,3,39,NICE,bounded,NICE_bounded,0,below_policy_threshold;classifier_target_not_met,13.9,0.0055289268493652,0.8099999999999999,1.0
AUC,8,aligned,3,39,NICE,bounded+edit,NICE_bounded+edit,0,below_policy_threshold;classifier_target_not_met,13.9,0.0055289268493652,0.8099999999999999,1.0
AUC,8,aligned,3,39,MCCE,native,MCCE_native,0,no_candidate,,0.0131697654724121,,
AUC,8,aligned,3,39,MCCE,bounded,MCCE_bounded,0,no_candidate,,0.0131697654724121,,
AUC,8,aligned,3,39,MCCE,bounded+edit,MCCE_bounded+edit,0,no_candidate,,0.0131697654724121,,
AUC,8,aligned,3,41,NICE,native,NICE_native,0,immutable_changed:Test_1;immutable_changed:Test_2;immutable_changed:Test_3,15.05,0.0073888301849365,0.8,1.0
AUC,8,aligned,3,41,NICE,bounded,NICE_bounded,0,below_policy_threshold;classifier_target_not_met,6.0,0.0073888301849365,0.8,1.0
AUC,8,aligned,3,41,NICE,bounded+edit,NICE_bounded+edit,0,below_policy_threshold;classifier_target_not_met,6.0,0.0073888301849365,0.8,1.0
AUC,8,aligned,3,41,MCCE,native,MCCE_native,0,no_candidate,,0.0118272304534912,,
AUC,8,aligned,3,41,MCCE,bounded,MCCE_bounded,0,no_candidate,,0.0118272304534912,,
AUC,8,aligned,3,41,MCCE,bounded+edit,MCCE_bounded+edit,0,no_candidate,,0.0118272304534912,,
AUC,8,aligned,3,50,NICE,native,NICE_native,0,below_policy_threshold;immutable_changed:Test_2;immutable_changed:Test_3,15.0,0.0052998065948486,0.8,1.0
AUC,8,aligned,3,50,NICE,bounded,NICE_bounded,0,below_policy_threshold;classifier_target_not_met,14.35,0.0052998065948486,0.8,1.0
AUC,8,aligned,3,50,NICE,bounded+edit,NICE_bounded+edit,0,below_policy_threshold;classifier_target_not_met,14.35,0.0052998065948486,0.8,1.0
AUC,8,aligned,3,50,MCCE,native,MCCE_native,0,no_candidate,,0.0125319957733154,,
AUC,8,aligned,3,50,MCCE,bounded,MCCE_bounded,0,no_candidate,,0.0125319957733154,,
AUC,8,aligned,3,50,MCCE,bounded+edit,MCCE_bounded+edit,0,no_candidate,,0.0125319957733154,,
AUC,8,aligned,3,56,NICE,native,NICE_native,0,below_policy_threshold;immutable_changed:Test_1;immutable_changed:Test_3,14.725,0.0058684349060058,0.9,1.0
AUC,8,aligned,3,56,NICE,bounded,NICE_bounded,0,below_policy_threshold;classifier_target_not_met,13.5,0.0058684349060058,0.9,1.0
AUC,8,aligned,3,56,NICE,bounded+edit,NICE_bounded+edit,0,below_policy_threshold;classifier_target_not_met,13.5,0.0058684349060058,0.9,1.0
AUC,8,aligned,3,56,MCCE,native,MCCE_native,0,no_candidate,,0.0214402675628662,,
AUC,8,aligned,3,56,MCCE,bounded,MCCE_bounded,0,no_candidate,,0.0214402675628662,,
AUC,8,aligned,3,56,MCCE,bounded+edit,MCCE_bounded+edit,0,no_candidate,,0.0214402675628662,,
AUC,8,aligned,3,58,NICE,native,NICE_native,0,below_policy_threshold;immutable_changed:Test_2,14.9,0.0044965744018554,0.85,1.0
AUC,8,aligned,3,58,NICE,bounded,NICE_bounded,0,below_policy_threshold;classifier_target_not_met,14.7,0.0044965744018554,0.85,1.0
AUC,8,aligned,3,58,NICE,bounded+edit,NICE_bounded+edit,0,below_policy_threshold;classifier_target_not_met,14.7,0.0044965744018554,0.85,1.0
AUC,8,aligned,3,58,MCCE,native,MCCE_native,0,no_candidate,,0.0123624801635742,,
AUC,8,aligned,3,58,MCCE,bounded,MCCE_bounded,0,no_candidate,,0.0123624801635742,,
AUC,8,aligned,3,58,MCCE,bounded+edit,MCCE_bounded+edit,0,no_candidate,,0.0123624801635742,,
AUC,8,aligned,3,63,NICE,native,NICE_native,0,immutable_changed:Test_2,15.05,0.0041217803955078,0.7,1.0
AUC,8,aligned,3,63,NICE,bounded,NICE_bounded,0,below_policy_threshold;classifier_target_not_met,14.75,0.0041217803955078,0.7,1.0
AUC,8,aligned,3,63,NICE,bounded+edit,NICE_bounded+edit,0,below_policy_threshold;classifier_target_not_met,14.75,0.0041217803955078,0.7,1.0
AUC,8,aligned,3,63,MCCE,native,MCCE_native,0,out_of_bounds:sum_click,15.35,0.0185616016387939,0.8553232073472271,2.0
AUC,8,aligned,3,63,MCCE,bounded,MCCE_bounded,1,OK,15.35,0.0185616016387939,1.0319392440833628,2.0
AUC,8,aligned,3,63,MCCE,bounded+edit,MCCE_bounded+edit,1,OK,15.35,0.0185616016387939,1.0319392440833628,2.0
AUC,8,aligned,3,64,NICE,native,NICE_native,0,below_policy_threshold;immutable_changed:Test_1;immutable_changed:Test_3,14.225,0.0055875778198242,0.9,1.0
AUC,8,aligned,3,64,NICE,bounded,NICE_bounded,0,below_policy_threshold;classifier_target_not_met,13.5,0.0055875778198242,0.9,1.0
AUC,8,aligned,3,64,NICE,bounded+edit,NICE_bounded+edit,0,below_policy_threshold;classifier_target_not_met,13.5,0.0055875778198242,0.9,1.0
AUC,8,aligned,3,64,MCCE,native,MCCE_native,0,no_candidate,,0.0121278762817382,,
AUC,8,aligned,3,64,MCCE,bounded,MCCE_bounded,0,no_candidate,,0.0121278762817382,,
AUC,8,aligned,3,64,MCCE,bounded+edit,MCCE_bounded+edit,0,no_candidate,,0.0121278762817382,,
AUC,8,aligned,3,66,NICE,native,NICE_native,0,below_policy_threshold;immutable_changed:Test_2,11.25,0.0040702819824218,0.85,1.0
AUC,8,aligned,3,66,NICE,bounded,NICE_bounded,0,below_policy_threshold;classifier_target_not_met,6.75,0.0040702819824218,0.85,1.0
AUC,8,aligned,3,66,NICE,bounded+edit,NICE_bounded+edit,0,below_policy_threshold;classifier_target_not_met,6.75,0.0040702819824218,0.85,1.0
AUC,8,aligned,3,66,MCCE,native,MCCE_native,0,no_candidate,,0.0118341445922851,,
AUC,8,aligned,3,66,MCCE,bounded,MCCE_bounded,0,no_candidate,,0.0118341445922851,,
AUC,8,aligned,3,66,MCCE,bounded+edit,MCCE_bounded+edit,0,no_candidate,,0.0118341445922851,,
AUC,8,aligned,3,74,NICE,native,NICE_native,0,immutable_changed:Test_2;immutable_changed:Test_3,15.05,0.006230354309082,0.7,1.0
AUC,8,aligned,3,74,NICE,bounded,NICE_bounded,0,below_policy_threshold;classifier_target_not_met,14.5,0.006230354309082,0.7,1.0
AUC,8,aligned,3,74,NICE,bounded+edit,NICE_bounded+edit,0,below_policy_threshold;classifier_target_not_met,14.5,0.006230354309082,0.7,1.0
AUC,8,aligned,3,74,MCCE,native,MCCE_native,1,OK,15.5,0.0184912681579589,0.9146663407479834,2.0
AUC,8,aligned,3,74,MCCE,bounded,MCCE_bounded,1,OK,15.5,0.0184912681579589,0.9146663407479834,2.0
AUC,8,aligned,3,74,MCCE,bounded+edit,MCCE_bounded+edit,1,OK,15.5,0.0184912681579589,0.9146663407479834,2.0
AUC,8,aligned,3,80,NICE,native,NICE_native,0,below_policy_threshold;immutable_changed:Test_2;immutable_changed:Test_3,14.95,0.0053837299346923,0.85,1.0
AUC,8,aligned,3,80,NICE,bounded,NICE_bounded,0,below_policy_threshold;classifier_target_not_met,13.45,0.0053837299346923,0.85,1.0
AUC,8,aligned,3,80,NICE,bounded+edit,NICE_bounded+edit,0,below_policy_threshold;classifier_target_not_met,13.45,0.0053837299346923,0.85,1.0
AUC,8,aligned,3,80,MCCE,native,MCCE_native,0,no_candidate,,0.0156540870666503,,
AUC,8,aligned,3,80,MCCE,bounded,MCCE_bounded,0,no_candidate,,0.0156540870666503,,
AUC,8,aligned,3,80,MCCE,bounded+edit,MCCE_bounded+edit,0,no_candidate,,0.0156540870666503,,
AUC,8,aligned,3,89,NICE,native,NICE_native,0,below_policy_threshold;immutable_changed:Test_1;immutable_changed:Test_2,11.025,0.0055377483367919,0.85,1.0
AUC,8,aligned,3,89,NICE,bounded,NICE_bounded,0,below_policy_threshold;classifier_target_not_met,9.2,0.0055377483367919,0.85,1.0
AUC,8,aligned,3,89,NICE,bounded+edit,NICE_bounded+edit,0,below_policy_threshold;classifier_target_not_met,9.2,0.0055377483367919,0.85,1.0
AUC,8,aligned,3,89,MCCE,native,MCCE_native,0,no_candidate,,0.0120182037353515,,
AUC,8,aligned,3,89,MCCE,bounded,MCCE_bounded,0,no_candidate,,0.0120182037353515,,
AUC,8,aligned,3,89,MCCE,bounded+edit,MCCE_bounded+edit,0,no_candidate,,0.0120182037353515,,
AUC,8,aligned,3,109,NICE,native,NICE_native,0,immutable_changed:Test_2,15.4,0.0041277408599853,0.8,1.0
AUC,8,aligned,3,109,NICE,bounded,NICE_bounded,0,below_policy_threshold;classifier_target_not_met,13.9,0.0041277408599853,0.8,1.0
AUC,8,aligned,3,109,NICE,bounded+edit,NICE_bounded+edit,0,below_policy_threshold;classifier_target_not_met,13.9,0.0041277408599853,0.8,1.0
AUC,8,aligned,3,109,MCCE,native,MCCE_native,0,no_candidate,,0.012233018875122,,
AUC,8,aligned,3,109,MCCE,bounded,MCCE_bounded,0,no_candidate,,0.012233018875122,,
AUC,8,aligned,3,109,MCCE,bounded+edit,MCCE_bounded+edit,0,no_candidate,,0.012233018875122,,
AUC,8,aligned,3,111,NICE,native,NICE_native,0,immutable_changed:Test_2,15.4,0.0042154788970947,0.8,1.0
AUC,8,aligned,3,111,NICE,bounded,NICE_bounded,0,classifier_target_not_met,15.2,0.0042154788970947,0.8,1.0
AUC,8,aligned,3,111,NICE,bounded+edit,NICE_bounded+edit,0,classifier_target_not_met,15.2,0.0042154788970947,0.8,1.0
AUC,8,aligned,3,111,MCCE,native,MCCE_native,1,OK,15.3,0.0181159973144531,0.9995332136445244,2.0
AUC,8,aligned,3,111,MCCE,bounded,MCCE_bounded,1,OK,15.3,0.0181159973144531,0.9995332136445244,2.0
AUC,8,aligned,3,111,MCCE,bounded+edit,MCCE_bounded+edit,1,OK,15.3,0.0181159973144531,0.9995332136445244,2.0
AUC,8,aligned,3,131,NICE,native,NICE_native,0,immutable_changed:Test_2;immutable_changed:Test_3,15.1,0.0055549144744873,0.85,1.0
AUC,8,aligned,3,131,NICE,bounded,NICE_bounded,0,below_policy_threshold;classifier_target_not_met,13.25,0.0055549144744873,0.85,1.0
AUC,8,aligned,3,131,NICE,bounded+edit,NICE_bounded+edit,0,below_policy_threshold;classifier_target_not_met,13.25,0.0055549144744873,0.85,1.0
AUC,8,aligned,3,131,MCCE,native,MCCE_native,0,no_candidate,,0.0170099735260009,,
AUC,8,aligned,3,131,MCCE,bounded,MCCE_bounded,0,no_candidate,,0.0170099735260009,,
AUC,8,aligned,3,131,MCCE,bounded+edit,MCCE_bounded+edit,0,no_candidate,,0.0170099735260009,,
AUC,8,aligned,3,149,NICE,native,NICE_native,0,below_policy_threshold;immutable_changed:Test_2;immutable_changed:Test_3,14.975,0.007035493850708,0.820364977674238,2.0
AUC,8,aligned,3,149,NICE,bounded,NICE_bounded,0,below_policy_threshold;classifier_target_not_met,13.925,0.007035493850708,0.820364977674238,2.0
AUC,8,aligned,3,149,NICE,bounded+edit,NICE_bounded+edit,0,below_policy_threshold;classifier_target_not_met,13.925,0.007035493850708,0.820364977674238,2.0
AUC,8,aligned,3,149,MCCE,native,MCCE_native,0,below_policy_threshold,14.925,0.0215039253234863,1.4202873228499322,2.0
AUC,8,aligned,3,149,MCCE,bounded,MCCE_bounded,0,below_policy_threshold,14.925,0.0215039253234863,1.4202873228499322,2.0
AUC,8,aligned,3,149,MCCE,bounded+edit,MCCE_bounded+edit,0,below_policy_threshold,14.925,0.0215039253234863,1.4202873228499322,2.0
AUC,8,aligned,3,157,NICE,native,NICE_native,0,immutable_changed:Test_2;immutable_changed:Test_3,15.1,0.0053133964538574,0.8099999999999999,1.0
AUC,8,aligned,3,157,NICE,bounded,NICE_bounded,0,below_policy_threshold;classifier_target_not_met,6.3,0.0053133964538574,0.8099999999999999,1.0
AUC,8,aligned,3,157,NICE,bounded+edit,NICE_bounded+edit,0,below_policy_threshold;classifier_target_not_met,6.3,0.0053133964538574,0.8099999999999999,1.0
AUC,8,aligned,3,157,MCCE,native,MCCE_native,0,no_candidate,,0.0118658542633056,,
AUC,8,aligned,3,157,MCCE,bounded,MCCE_bounded,0,no_candidate,,0.0118658542633056,,
AUC,8,aligned,3,157,MCCE,bounded+edit,MCCE_bounded+edit,0,no_candidate,,0.0118658542633056,,
AUC,8,aligned,3,167,NICE,native,NICE_native,0,below_policy_threshold;immutable_changed:Test_1;immutable_changed:Test_2,11.025,0.0067238807678222,0.85,1.0
AUC,8,aligned,3,167,NICE,bounded,NICE_bounded,0,below_policy_threshold;classifier_target_not_met,9.35,0.0067238807678222,0.85,1.0
AUC,8,aligned,3,167,NICE,bounded+edit,NICE_bounded+edit,0,below_policy_threshold;classifier_target_not_met,9.35,0.0067238807678222,0.85,1.0
AUC,8,aligned,3,167,MCCE,native,MCCE_native,0,no_candidate,,0.011871337890625,,
AUC,8,aligned,3,167,MCCE,bounded,MCCE_bounded,0,no_candidate,,0.011871337890625,,
AUC,8,aligned,3,167,MCCE,bounded+edit,MCCE_bounded+edit,0,no_candidate,,0.011871337890625,,
AUC,8,aligned,3,183,NICE,native,NICE_native,0,below_policy_threshold,14.725,0.0028052330017089,0.9,1.0
AUC,8,aligned,3,183,NICE,bounded,NICE_bounded,0,below_policy_threshold,14.725,0.0028052330017089,0.9,1.0
AUC,8,aligned,3,183,NICE,bounded+edit,NICE_bounded+edit,0,below_policy_threshold,14.725,0.0028052330017089,0.9,1.0
AUC,8,aligned,3,183,MCCE,native,MCCE_native,0,below_policy_threshold;out_of_bounds:sum_click,14.725,0.0179848670959472,0.9954653937947494,2.0
AUC,8,aligned,3,183,MCCE,bounded,MCCE_bounded,0,below_policy_threshold,14.725,0.0179848670959472,1.0803235216123044,2.0
AUC,8,aligned,3,183,MCCE,bounded+edit,MCCE_bounded+edit,0,below_policy_threshold,14.725,0.0179848670959472,1.0803235216123044,2.0
AUC,8,aligned,3,185,NICE,native,NICE_native,0,below_policy_threshold;immutable_changed:Test_1;immutable_changed:Test_2,14.925,0.005746841430664,0.85,1.0
AUC,8,aligned,3,185,NICE,bounded,NICE_bounded,0,below_policy_threshold;classifier_target_not_met,14.325,0.005746841430664,0.85,1.0
AUC,8,aligned,3,185,NICE,bounded+edit,NICE_bounded+edit,0,below_policy_threshold;classifier_target_not_met,14.325,0.005746841430664,0.85,1.0
AUC,8,aligned,3,185,MCCE,native,MCCE_native,0,no_candidate,,0.0127105712890625,,
AUC,8,aligned,3,185,MCCE,bounded,MCCE_bounded,0,no_candidate,,0.0127105712890625,,
AUC,8,aligned,3,185,MCCE,bounded+edit,MCCE_bounded+edit,0,no_candidate,,0.0127105712890625,,
AUC,8,aligned,3,188,NICE,native,NICE_native,1,OK,15.3,0.0028557777404785,0.8699999999999999,1.0
AUC,8,aligned,3,188,NICE,bounded,NICE_bounded,1,OK,15.3,0.0028557777404785,0.8699999999999999,1.0
AUC,8,aligned,3,188,NICE,bounded+edit,NICE_bounded+edit,1,OK,15.3,0.0028557777404785,0.8699999999999999,1.0
AUC,8,aligned,3,188,MCCE,native,MCCE_native,0,out_of_bounds:sum_click,15.45,0.0153770446777343,3.645098039215735,2.0
AUC,8,aligned,3,188,MCCE,bounded,MCCE_bounded,0,no_candidate,,0.0153770446777343,,
AUC,8,aligned,3,188,MCCE,bounded+edit,MCCE_bounded+edit,0,no_candidate,,0.0153770446777343,,
AUC,8,aligned,3,194,NICE,native,NICE_native,0,immutable_changed:Test_1;immutable_changed:Test_2;immutable_changed:Test_3,15.05,0.0069761276245117,0.7,1.0
AUC,8,aligned,3,194,NICE,bounded,NICE_bounded,0,below_policy_threshold;classifier_target_not_met,13.15,0.0069761276245117,0.7,1.0
AUC,8,aligned,3,194,NICE,bounded+edit,NICE_bounded+edit,0,below_policy_threshold;classifier_target_not_met,13.15,0.0069761276245117,0.7,1.0
AUC,8,aligned,3,194,MCCE,native,MCCE_native,0,no_candidate,,0.0120682716369628,,
AUC,8,aligned,3,194,MCCE,bounded,MCCE_bounded,0,no_candidate,,0.0120682716369628,,
AUC,8,aligned,3,194,MCCE,bounded+edit,MCCE_bounded+edit,0,no_candidate,,0.0120682716369628,,
AUC,8,aligned,3,200,NICE,native,NICE_native,0,below_policy_threshold;immutable_changed:Test_1,14.75,0.0040650367736816,0.93,1.0
AUC,8,aligned,3,200,NICE,bounded,NICE_bounded,0,below_policy_threshold;classifier_target_not_met,14.35,0.0040650367736816,0.93,1.0
AUC,8,aligned,3,200,NICE,bounded+edit,NICE_bounded+edit,0,below_policy_threshold;classifier_target_not_met,14.35,0.0040650367736816,0.93,1.0
AUC,8,aligned,3,200,MCCE,native,MCCE_native,0,no_candidate,,0.0121328830718994,,
AUC,8,aligned,3,200,MCCE,bounded,MCCE_bounded,0,no_candidate,,0.0121328830718994,,
AUC,8,aligned,3,200,MCCE,bounded+edit,MCCE_bounded+edit,0,no_candidate,,0.0121328830718994,,
AUC,8,aligned,3,204,NICE,native,NICE_native,0,immutable_changed:Test_3,15.05,0.0042288303375244,0.93,1.0
AUC,8,aligned,3,204,NICE,bounded,NICE_bounded,0,below_policy_threshold;classifier_target_not_met,14.05,0.0042288303375244,0.93,1.0
AUC,8,aligned,3,204,NICE,bounded+edit,NICE_bounded+edit,0,below_policy_threshold;classifier_target_not_met,14.05,0.0042288303375244,0.93,1.0
AUC,8,aligned,3,204,MCCE,native,MCCE_native,0,no_candidate,,0.0124945640563964,,
AUC,8,aligned,3,204,MCCE,bounded,MCCE_bounded,0,no_candidate,,0.0124945640563964,,
AUC,8,aligned,3,204,MCCE,bounded+edit,MCCE_bounded+edit,0,no_candidate,,0.0124945640563964,,
AUC,8,aligned,3,208,NICE,native,NICE_native,0,below_policy_threshold;immutable_changed:Test_1;immutable_changed:Test_2,14.525,0.0055921077728271,0.85,1.0
AUC,8,aligned,3,208,NICE,bounded,NICE_bounded,0,below_policy_threshold;classifier_target_not_met,12.25,0.0055921077728271,0.85,1.0
AUC,8,aligned,3,208,NICE,bounded+edit,NICE_bounded+edit,0,below_policy_threshold;classifier_target_not_met,12.25,0.0055921077728271,0.85,1.0
AUC,8,aligned,3,208,MCCE,native,MCCE_native,0,no_candidate,,0.0136518478393554,,
AUC,8,aligned,3,208,MCCE,bounded,MCCE_bounded,0,no_candidate,,0.0136518478393554,,
AUC,8,aligned,3,208,MCCE,bounded+edit,MCCE_bounded+edit,0,no_candidate,,0.0136518478393554,,
AUC,8,aligned,3,213,NICE,native,NICE_native,0,immutable_changed:Test_2,15.25,0.0046606063842773,0.8,1.0
AUC,8,aligned,3,213,NICE,bounded,NICE_bounded,0,classifier_target_not_met,15.15,0.0046606063842773,0.8,1.0
AUC,8,aligned,3,213,NICE,bounded+edit,NICE_bounded+edit,0,classifier_target_not_met,15.15,0.0046606063842773,0.8,1.0
AUC,8,aligned,3,213,MCCE,native,MCCE_native,1,OK,15.4,0.0192680358886718,0.8700601805416248,2.0
AUC,8,aligned,3,213,MCCE,bounded,MCCE_bounded,1,OK,15.4,0.0192680358886718,0.8700601805416248,2.0
AUC,8,aligned,3,213,MCCE,bounded+edit,MCCE_bounded+edit,1,OK,15.4,0.0192680358886718,0.8700601805416248,2.0
AUC,8,aligned,3,234,NICE,native,NICE_native,0,below_policy_threshold;immutable_changed:Test_2,14.25,0.0043990612030029,0.85,1.0
AUC,8,aligned,3,234,NICE,bounded,NICE_bounded,0,below_policy_threshold;classifier_target_not_met,13.15,0.0043990612030029,0.85,1.0
AUC,8,aligned,3,234,NICE,bounded+edit,NICE_bounded+edit,0,below_policy_threshold;classifier_target_not_met,13.15,0.0043990612030029,0.85,1.0
AUC,8,aligned,3,234,MCCE,native,MCCE_native,0,no_candidate,,0.0124373435974121,,
AUC,8,aligned,3,234,MCCE,bounded,MCCE_bounded,0,no_candidate,,0.0124373435974121,,
AUC,8,aligned,3,234,MCCE,bounded+edit,MCCE_bounded+edit,0,no_candidate,,0.0124373435974121,,
AUC,8,aligned,3,235,NICE,native,NICE_native,0,immutable_changed:Test_2;immutable_changed:Test_3,15.05,0.0057466030120849,0.8,1.0
AUC,8,aligned,3,235,NICE,bounded,NICE_bounded,0,below_policy_threshold;classifier_target_not_met,6.25,0.0057466030120849,0.8,1.0
AUC,8,aligned,3,235,NICE,bounded+edit,NICE_bounded+edit,0,below_policy_threshold;classifier_target_not_met,6.25,0.0057466030120849,0.8,1.0
AUC,8,aligned,3,235,MCCE,native,MCCE_native,0,no_candidate,,0.0122065544128417,,
AUC,8,aligned,3,235,MCCE,bounded,MCCE_bounded,0,no_candidate,,0.0122065544128417,,
AUC,8,aligned,3,235,MCCE,bounded+edit,MCCE_bounded+edit,0,no_candidate,,0.0122065544128417,,
AUC,8,aligned,3,240,NICE,native,NICE_native,1,OK,15.475,0.0030303001403808,0.85,1.0
AUC,8,aligned,3,240,NICE,bounded,NICE_bounded,1,OK,15.475,0.0030303001403808,0.85,1.0
AUC,8,aligned,3,240,NICE,bounded+edit,NICE_bounded+edit,1,OK,15.475,0.0030303001403808,0.85,1.0
AUC,8,aligned,3,240,MCCE,native,MCCE_native,1,OK,15.325,0.0189323425292968,0.82,1.0
AUC,8,aligned,3,240,MCCE,bounded,MCCE_bounded,1,OK,15.325,0.0189323425292968,0.82,1.0
AUC,8,aligned,3,240,MCCE,bounded+edit,MCCE_bounded+edit,1,OK,15.325,0.0189323425292968,0.82,1.0
AUC,8,aligned,3,245,NICE,native,NICE_native,0,immutable_changed:Test_2,15.275,0.0041697025299072,0.9,1.0
AUC,8,aligned,3,245,NICE,bounded,NICE_bounded,0,below_policy_threshold;classifier_target_not_met,14.775,0.0041697025299072,0.9,1.0
AUC,8,aligned,3,245,NICE,bounded+edit,NICE_bounded+edit,0,below_policy_threshold;classifier_target_not_met,14.775,0.0041697025299072,0.9,1.0
AUC,8,aligned,3,245,MCCE,native,MCCE_native,1,OK,15.224999999999998,0.0170669555664062,0.99,1.0
AUC,8,aligned,3,245,MCCE,bounded,MCCE_bounded,1,OK,15.224999999999998,0.0170669555664062,0.99,1.0
AUC,8,aligned,3,245,MCCE,bounded+edit,MCCE_bounded+edit,1,OK,15.224999999999998,0.0170669555664062,0.99,1.0
AUC,8,aligned,3,246,NICE,native,NICE_native,0,immutable_changed:Test_2,15.475,0.004117727279663,0.8,1.0
AUC,8,aligned,3,246,NICE,bounded,NICE_bounded,0,classifier_target_not_met,15.075,0.004117727279663,0.8,1.0
AUC,8,aligned,3,246,NICE,bounded+edit,NICE_bounded+edit,0,classifier_target_not_met,15.075,0.004117727279663,0.8,1.0
AUC,8,aligned,3,246,MCCE,native,MCCE_native,0,out_of_bounds:sum_click,15.275,0.0185472965240478,1.005654334621756,2.0
AUC,8,aligned,3,246,MCCE,bounded,MCCE_bounded,1,OK,15.275,0.0185472965240478,1.6461844284925462,2.0
AUC,8,aligned,3,246,MCCE,bounded+edit,MCCE_bounded+edit,1,OK,15.275,0.0185472965240478,1.6461844284925462,2.0
AUC,8,aligned,3,272,NICE,native,NICE_native,0,below_policy_threshold;immutable_changed:Test_2,10.9,0.0042247772216796,0.85,1.0
AUC,8,aligned,3,272,NICE,bounded,NICE_bounded,0,below_policy_threshold;classifier_target_not_met,6.4,0.0042247772216796,0.85,1.0
AUC,8,aligned,3,272,NICE,bounded+edit,NICE_bounded+edit,0,below_policy_threshold;classifier_target_not_met,6.4,0.0042247772216796,0.85,1.0
AUC,8,aligned,3,272,MCCE,native,MCCE_native,0,no_candidate,,0.0122597217559814,,
AUC,8,aligned,3,272,MCCE,bounded,MCCE_bounded,0,no_candidate,,0.0122597217559814,,
AUC,8,aligned,3,272,MCCE,bounded+edit,MCCE_bounded+edit,0,no_candidate,,0.0122597217559814,,
AUC,8,aligned,3,273,NICE,native,NICE_native,0,immutable_changed:Test_2;immutable_changed:Test_3,15.05,0.0056285858154296,0.7,1.0
AUC,8,aligned,3,273,NICE,bounded,NICE_bounded,0,below_policy_threshold;classifier_target_not_met,10.25,0.0056285858154296,0.7,1.0
AUC,8,aligned,3,273,NICE,bounded+edit,NICE_bounded+edit,0,below_policy_threshold;classifier_target_not_met,10.25,0.0056285858154296,0.7,1.0
AUC,8,aligned,3,273,MCCE,native,MCCE_native,0,no_candidate,,0.0126781463623046,,
AUC,8,aligned,3,273,MCCE,bounded,MCCE_bounded,0,no_candidate,,0.0126781463623046,,
AUC,8,aligned,3,273,MCCE,bounded+edit,MCCE_bounded+edit,0,no_candidate,,0.0126781463623046,,
AUC,8,aligned,3,279,NICE,native,NICE_native,0,below_policy_threshold;immutable_changed:Test_1;immutable_changed:Test_2,11.025,0.0056746006011962,0.85,1.0
AUC,8,aligned,3,279,NICE,bounded,NICE_bounded,0,below_policy_threshold;classifier_target_not_met,8.9,0.0056746006011962,0.85,1.0
AUC,8,aligned,3,279,NICE,bounded+edit,NICE_bounded+edit,0,below_policy_threshold;classifier_target_not_met,8.9,0.0056746006011962,0.85,1.0
AUC,8,aligned,3,279,MCCE,native,MCCE_native,0,no_candidate,,0.0122883319854736,,
AUC,8,aligned,3,279,MCCE,bounded,MCCE_bounded,0,no_candidate,,0.0122883319854736,,
AUC,8,aligned,3,279,MCCE,bounded+edit,MCCE_bounded+edit,0,no_candidate,,0.0122883319854736,,
AUC,8,aligned,3,282,NICE,native,NICE_native,0,below_policy_threshold,14.85,0.0028862953186035,0.85,1.0
AUC,8,aligned,3,282,NICE,bounded,NICE_bounded,0,below_policy_threshold,14.85,0.0028862953186035,0.85,1.0
AUC,8,aligned,3,282,NICE,bounded+edit,NICE_bounded+edit,0,below_policy_threshold,14.85,0.0028862953186035,0.85,1.0
AUC,8,aligned,3,282,MCCE,native,MCCE_native,0,below_policy_threshold;out_of_bounds:sum_click,14.85,0.0221972465515136,0.901042109740536,2.0
AUC,8,aligned,3,282,MCCE,bounded,MCCE_bounded,0,no_candidate,,0.0221972465515136,,
AUC,8,aligned,3,282,MCCE,bounded+edit,MCCE_bounded+edit,0,no_candidate,,0.0221972465515136,,
AUC,8,aligned,3,284,NICE,native,NICE_native,0,below_policy_threshold;immutable_changed:Test_1;immutable_changed:Test_2,13.525,0.0056583881378173,0.85,1.0
AUC,8,aligned,3,284,NICE,bounded,NICE_bounded,0,below_policy_threshold;classifier_target_not_met,11.25,0.0056583881378173,0.85,1.0
AUC,8,aligned,3,284,NICE,bounded+edit,NICE_bounded+edit,0,below_policy_threshold;classifier_target_not_met,11.25,0.0056583881378173,0.85,1.0
AUC,8,aligned,3,284,MCCE,native,MCCE_native,0,no_candidate,,0.0121533870697021,,
AUC,8,aligned,3,284,MCCE,bounded,MCCE_bounded,0,no_candidate,,0.0121533870697021,,
AUC,8,aligned,3,284,MCCE,bounded+edit,MCCE_bounded+edit,0,no_candidate,,0.0121533870697021,,
AUC,8,aligned,3,298,NICE,native,NICE_native,0,below_policy_threshold,14.925,0.0028071403503417,0.9,1.0
AUC,8,aligned,3,298,NICE,bounded,NICE_bounded,0,below_policy_threshold,14.925,0.0028071403503417,0.9,1.0
AUC,8,aligned,3,298,NICE,bounded+edit,NICE_bounded+edit,0,below_policy_threshold,14.925,0.0028071403503417,0.9,1.0
AUC,8,aligned,3,298,MCCE,native,MCCE_native,0,below_policy_threshold,14.925,0.0178518295288085,1.019624038735403,2.0
AUC,8,aligned,3,298,MCCE,bounded,MCCE_bounded,0,below_policy_threshold,14.925,0.0178518295288085,1.019624038735403,2.0
AUC,8,aligned,3,298,MCCE,bounded+edit,MCCE_bounded+edit,0,below_policy_threshold,14.925,0.0178518295288085,1.019624038735403,2.0
AUC,8,aligned,3,318,NICE,native,NICE_native,0,below_policy_threshold;immutable_changed:Test_2,14.6,0.004533052444458,0.8099999999999999,1.0
AUC,8,aligned,3,318,NICE,bounded,NICE_bounded,0,below_policy_threshold;classifier_target_not_met,13.8,0.004533052444458,0.8099999999999999,1.0
AUC,8,aligned,3,318,NICE,bounded+edit,NICE_bounded+edit,0,below_policy_threshold;classifier_target_not_met,13.8,0.004533052444458,0.8099999999999999,1.0
AUC,8,aligned,3,318,MCCE,native,MCCE_native,0,no_candidate,,0.0122773647308349,,
AUC,8,aligned,3,318,MCCE,bounded,MCCE_bounded,0,no_candidate,,0.0122773647308349,,
AUC,8,aligned,3,318,MCCE,bounded+edit,MCCE_bounded+edit,0,no_candidate,,0.0122773647308349,,
AUC,8,aligned,3,328,NICE,native,NICE_native,0,immutable_changed:Test_2,15.2,0.0041437149047851,0.8,1.0
AUC,8,aligned,3,328,NICE,bounded,NICE_bounded,0,classifier_target_not_met,15.05,0.0041437149047851,0.8,1.0
AUC,8,aligned,3,328,NICE,bounded+edit,NICE_bounded+edit,0,classifier_target_not_met,15.05,0.0041437149047851,0.8,1.0
AUC,8,aligned,3,328,MCCE,native,MCCE_native,1,OK,15.3,0.0189874172210693,0.9421159577350312,2.0
AUC,8,aligned,3,328,MCCE,bounded,MCCE_bounded,1,OK,15.3,0.0189874172210693,0.9421159577350312,2.0
AUC,8,aligned,3,328,MCCE,bounded+edit,MCCE_bounded+edit,1,OK,15.3,0.0189874172210693,0.9421159577350312,2.0
AUC,8,aligned,3,350,NICE,native,NICE_native,1,OK,15.175,0.0028955936431884,0.85,1.0
AUC,8,aligned,3,350,NICE,bounded,NICE_bounded,1,OK,15.175,0.0028955936431884,0.85,1.0
AUC,8,aligned,3,350,NICE,bounded+edit,NICE_bounded+edit,1,OK,15.175,0.0028955936431884,0.85,1.0
AUC,8,aligned,3,350,MCCE,native,MCCE_native,1,OK,15.175,0.018204927444458,1.0420267167605928,2.0
AUC,8,aligned,3,350,MCCE,bounded,MCCE_bounded,1,OK,15.175,0.018204927444458,1.0420267167605928,2.0
AUC,8,aligned,3,350,MCCE,bounded+edit,MCCE_bounded+edit,1,OK,15.175,0.018204927444458,1.0420267167605928,2.0
AUC,8,aligned,3,355,NICE,native,NICE_native,0,below_policy_threshold;immutable_changed:Test_2,13.5,0.0042622089385986,0.85,1.0
AUC,8,aligned,3,355,NICE,bounded,NICE_bounded,0,below_policy_threshold;classifier_target_not_met,12.0,0.0042622089385986,0.85,1.0
AUC,8,aligned,3,355,NICE,bounded+edit,NICE_bounded+edit,0,below_policy_threshold;classifier_target_not_met,12.0,0.0042622089385986,0.85,1.0
AUC,8,aligned,3,355,MCCE,native,MCCE_native,0,no_candidate,,0.0121064186096191,,
AUC,8,aligned,3,355,MCCE,bounded,MCCE_bounded,0,no_candidate,,0.0121064186096191,,
AUC,8,aligned,3,355,MCCE,bounded+edit,MCCE_bounded+edit,0,no_candidate,,0.0121064186096191,,
AUC,8,aligned,3,379,NICE,native,NICE_native,0,below_policy_threshold;immutable_changed:Test_2;immutable_changed:Test_3,14.5,0.0059123039245605,0.85,1.0
AUC,8,aligned,3,379,NICE,bounded,NICE_bounded,0,below_policy_threshold;classifier_target_not_met,8.0,0.0059123039245605,0.85,1.0
AUC,8,aligned,3,379,NICE,bounded+edit,NICE_bounded+edit,0,below_policy_threshold;classifier_target_not_met,8.0,0.0059123039245605,0.85,1.0
AUC,8,aligned,3,379,MCCE,native,MCCE_native,0,no_candidate,,0.0122714042663574,,
AUC,8,aligned,3,379,MCCE,bounded,MCCE_bounded,0,no_candidate,,0.0122714042663574,,
AUC,8,aligned,3,379,MCCE,bounded+edit,MCCE_bounded+edit,0,no_candidate,,0.0122714042663574,,
AUC,8,aligned,3,401,NICE,native,NICE_native,0,below_policy_threshold;immutable_changed:Test_1;immutable_changed:Test_2,12.775,0.0057499408721923,0.85,1.0
AUC,8,aligned,3,401,NICE,bounded,NICE_bounded,0,below_policy_threshold;classifier_target_not_met,8.5,0.0057499408721923,0.85,1.0
AUC,8,aligned,3,401,NICE,bounded+edit,NICE_bounded+edit,0,below_policy_threshold;classifier_target_not_met,8.5,0.0057499408721923,0.85,1.0
AUC,8,aligned,3,401,MCCE,native,MCCE_native,0,no_candidate,,0.0125362873077392,,
AUC,8,aligned,3,401,MCCE,bounded,MCCE_bounded,0,no_candidate,,0.0125362873077392,,
AUC,8,aligned,3,401,MCCE,bounded+edit,MCCE_bounded+edit,0,no_candidate,,0.0125362873077392,,
AUC,8,aligned,3,404,NICE,native,NICE_native,0,immutable_changed:Test_2,15.05,0.0042428970336914,0.7,1.0
AUC,8,aligned,3,404,NICE,bounded,NICE_bounded,0,below_policy_threshold;classifier_target_not_met,14.6,0.0042428970336914,0.7,1.0
AUC,8,aligned,3,404,NICE,bounded+edit,NICE_bounded+edit,0,below_policy_threshold;classifier_target_not_met,14.6,0.0042428970336914,0.7,1.0
AUC,8,aligned,3,404,MCCE,native,MCCE_native,0,out_of_bounds:sum_click,15.75,0.0226423740386962,1.1095185638514893,2.0
AUC,8,aligned,3,404,MCCE,bounded,MCCE_bounded,1,OK,15.75,0.0226423740386962,1.2971970624235007,2.0
AUC,8,aligned,3,404,MCCE,bounded+edit,MCCE_bounded+edit,1,OK,15.75,0.0226423740386962,1.2971970624235007,2.0
AUC,8,aligned,3,407,NICE,native,NICE_native,0,below_policy_threshold;immutable_changed:Test_2;immutable_changed:Test_3,15.0,0.0055086612701416,0.85,1.0
AUC,8,aligned,3,407,NICE,bounded,NICE_bounded,0,below_policy_threshold;classifier_target_not_met,6.0,0.0055086612701416,0.85,1.0
AUC,8,aligned,3,407,NICE,bounded+edit,NICE_bounded+edit,0,below_policy_threshold;classifier_target_not_met,6.0,0.0055086612701416,0.85,1.0
AUC,8,aligned,3,407,MCCE,native,MCCE_native,0,no_candidate,,0.0228667259216308,,
AUC,8,aligned,3,407,MCCE,bounded,MCCE_bounded,0,no_candidate,,0.0228667259216308,,
AUC,8,aligned,3,407,MCCE,bounded+edit,MCCE_bounded+edit,0,no_candidate,,0.0228667259216308,,
AUC,8,aligned,3,409,NICE,native,NICE_native,0,immutable_changed:Test_2;immutable_changed:Test_3,15.05,0.005854845046997,0.8,1.0
AUC,8,aligned,3,409,NICE,bounded,NICE_bounded,0,below_policy_threshold;classifier_target_not_met,10.25,0.005854845046997,0.8,1.0
AUC,8,aligned,3,409,NICE,bounded+edit,NICE_bounded+edit,0,below_policy_threshold;classifier_target_not_met,10.25,0.005854845046997,0.8,1.0
AUC,8,aligned,3,409,MCCE,native,MCCE_native,0,no_candidate,,0.0119965076446533,,
AUC,8,aligned,3,409,MCCE,bounded,MCCE_bounded,0,no_candidate,,0.0119965076446533,,
AUC,8,aligned,3,409,MCCE,bounded+edit,MCCE_bounded+edit,0,no_candidate,,0.0119965076446533,,
AUC,8,aligned,3,431,NICE,native,NICE_native,0,immutable_changed:Test_2;immutable_changed:Test_3,15.05,0.0055243968963623,0.7,1.0
AUC,8,aligned,3,431,NICE,bounded,NICE_bounded,0,below_policy_threshold;classifier_target_not_met,14.525,0.0055243968963623,0.7,1.0
AUC,8,aligned,3,431,NICE,bounded+edit,NICE_bounded+edit,0,below_policy_threshold;classifier_target_not_met,14.525,0.0055243968963623,0.7,1.0
AUC,8,aligned,3,431,MCCE,native,MCCE_native,1,OK,15.275,0.0181503295898437,0.9816068775206964,2.0
AUC,8,aligned,3,431,MCCE,bounded,MCCE_bounded,1,OK,15.275,0.0181503295898437,0.9816068775206964,2.0
AUC,8,aligned,3,431,MCCE,bounded+edit,MCCE_bounded+edit,1,OK,15.275,0.0181503295898437,0.9816068775206964,2.0
AUC,8,aligned,3,437,NICE,native,NICE_native,0,below_policy_threshold;immutable_changed:Test_2;immutable_changed:Test_3,14.75,0.0056607723236083,0.85,1.0
AUC,8,aligned,3,437,NICE,bounded,NICE_bounded,0,below_policy_threshold;classifier_target_not_met,5.75,0.0056607723236083,0.85,1.0
AUC,8,aligned,3,437,NICE,bounded+edit,NICE_bounded+edit,0,below_policy_threshold;classifier_target_not_met,5.75,0.0056607723236083,0.85,1.0
AUC,8,aligned,3,437,MCCE,native,MCCE_native,0,no_candidate,,0.0119557380676269,,
AUC,8,aligned,3,437,MCCE,bounded,MCCE_bounded,0,no_candidate,,0.0119557380676269,,
AUC,8,aligned,3,437,MCCE,bounded+edit,MCCE_bounded+edit,0,no_candidate,,0.0119557380676269,,
AUC,8,aligned,3,455,NICE,native,NICE_native,0,immutable_changed:Test_2,15.2,0.0041553974151611,0.8,1.0
AUC,8,aligned,3,455,NICE,bounded,NICE_bounded,0,below_policy_threshold;classifier_target_not_met,15.0,0.0041553974151611,0.8,1.0
AUC,8,aligned,3,455,NICE,bounded+edit,NICE_bounded+edit,0,below_policy_threshold;classifier_target_not_met,15.0,0.0041553974151611,0.8,1.0
AUC,8,aligned,3,455,MCCE,native,MCCE_native,1,OK,15.25,0.0188946723937988,0.8862428269405014,2.0
AUC,8,aligned,3,455,MCCE,bounded,MCCE_bounded,1,OK,15.25,0.0188946723937988,0.8862428269405014,2.0
AUC,8,aligned,3,455,MCCE,bounded+edit,MCCE_bounded+edit,1,OK,15.25,0.0188946723937988,0.8862428269405014,2.0
AUC,8,aligned,3,464,NICE,native,NICE_native,0,below_policy_threshold;immutable_changed:Test_2,14.95,0.0042989253997802,0.85,1.0
AUC,8,aligned,3,464,NICE,bounded,NICE_bounded,0,below_policy_threshold;classifier_target_not_met,14.6,0.0042989253997802,0.85,1.0
AUC,8,aligned,3,464,NICE,bounded+edit,NICE_bounded+edit,0,below_policy_threshold;classifier_target_not_met,14.6,0.0042989253997802,0.85,1.0
AUC,8,aligned,3,464,MCCE,native,MCCE_native,0,no_candidate,,0.0141193866729736,,
AUC,8,aligned,3,464,MCCE,bounded,MCCE_bounded,0,no_candidate,,0.0141193866729736,,
AUC,8,aligned,3,464,MCCE,bounded+edit,MCCE_bounded+edit,0,no_candidate,,0.0141193866729736,,
AUC,8,aligned,3,475,NICE,native,NICE_native,0,immutable_changed:Test_2;immutable_changed:Test_3,15.05,0.0056872367858886,0.8099999999999999,1.0
AUC,8,aligned,3,475,NICE,bounded,NICE_bounded,0,below_policy_threshold;classifier_target_not_met,10.65,0.0056872367858886,0.8099999999999999,1.0
AUC,8,aligned,3,475,NICE,bounded+edit,NICE_bounded+edit,0,below_policy_threshold;classifier_target_not_met,10.65,0.0056872367858886,0.8099999999999999,1.0
AUC,8,aligned,3,475,MCCE,native,MCCE_native,0,no_candidate,,0.0125508308410644,,
AUC,8,aligned,3,475,MCCE,bounded,MCCE_bounded,0,no_candidate,,0.0125508308410644,,
AUC,8,aligned,3,475,MCCE,bounded+edit,MCCE_bounded+edit,0,no_candidate,,0.0125508308410644,,
AUC,8,aligned,3,478,NICE,native,NICE_native,0,below_policy_threshold;immutable_changed:Test_2;immutable_changed:Test_3,13.25,0.0056788921356201,0.85,1.0
AUC,8,aligned,3,478,NICE,bounded,NICE_bounded,0,below_policy_threshold;classifier_target_not_met,4.25,0.0056788921356201,0.85,1.0
AUC,8,aligned,3,478,NICE,bounded+edit,NICE_bounded+edit,0,below_policy_threshold;classifier_target_not_met,4.25,0.0056788921356201,0.85,1.0
AUC,8,aligned,3,478,MCCE,native,MCCE_native,0,no_candidate,,0.0132145881652832,,
AUC,8,aligned,3,478,MCCE,bounded,MCCE_bounded,0,no_candidate,,0.0132145881652832,,
AUC,8,aligned,3,478,MCCE,bounded+edit,MCCE_bounded+edit,0,no_candidate,,0.0132145881652832,,
AUC,8,aligned,3,481,NICE,native,NICE_native,0,immutable_changed:Test_2;immutable_changed:Test_3,15.05,0.0059642791748046,0.85,1.0
AUC,8,aligned,3,481,NICE,bounded,NICE_bounded,0,below_policy_threshold;classifier_target_not_met,12.25,0.0059642791748046,0.85,1.0
AUC,8,aligned,3,481,NICE,bounded+edit,NICE_bounded+edit,0,below_policy_threshold;classifier_target_not_met,12.25,0.0059642791748046,0.85,1.0
AUC,8,aligned,3,481,MCCE,native,MCCE_native,0,no_candidate,,0.0144767761230468,,
AUC,8,aligned,3,481,MCCE,bounded,MCCE_bounded,0,no_candidate,,0.0144767761230468,,
AUC,8,aligned,3,481,MCCE,bounded+edit,MCCE_bounded+edit,0,no_candidate,,0.0144767761230468,,
AUC,8,aligned,3,498,NICE,native,NICE_native,0,below_policy_threshold;immutable_changed:Test_1;immutable_changed:Test_2,14.925,0.0054690837860107,0.85,1.0
AUC,8,aligned,3,498,NICE,bounded,NICE_bounded,0,below_policy_threshold;classifier_target_not_met,14.0,0.0054690837860107,0.85,1.0
AUC,8,aligned,3,498,NICE,bounded+edit,NICE_bounded+edit,0,below_policy_threshold;classifier_target_not_met,14.0,0.0054690837860107,0.85,1.0
AUC,8,aligned,3,498,MCCE,native,MCCE_native,0,no_candidate,,0.0120751857757568,,
AUC,8,aligned,3,498,MCCE,bounded,MCCE_bounded,0,no_candidate,,0.0120751857757568,,
AUC,8,aligned,3,498,MCCE,bounded+edit,MCCE_bounded+edit,0,no_candidate,,0.0120751857757568,,
AUC,8,aligned,3,503,NICE,native,NICE_native,0,below_policy_threshold,14.925,0.0027546882629394,0.9,1.0
AUC,8,aligned,3,503,NICE,bounded,NICE_bounded,0,below_policy_threshold,14.925,0.0027546882629394,0.9,1.0
AUC,8,aligned,3,503,NICE,bounded+edit,NICE_bounded+edit,0,below_policy_threshold,14.925,0.0027546882629394,0.9,1.0
AUC,8,aligned,3,503,MCCE,native,MCCE_native,0,below_policy_threshold;out_of_bounds:sum_click,14.925,0.0192389488220214,0.9954653937947494,2.0
AUC,8,aligned,3,503,MCCE,bounded,MCCE_bounded,0,below_policy_threshold,14.925,0.0192389488220214,1.0272871917263326,2.0
AUC,8,aligned,3,503,MCCE,bounded+edit,MCCE_bounded+edit,0,below_policy_threshold,14.925,0.0192389488220214,1.0272871917263326,2.0
AUC,8,aligned,3,508,NICE,native,NICE_native,0,below_policy_threshold;immutable_changed:Test_1;immutable_changed:Test_2,13.525,0.0054481029510498,0.85,1.0
AUC,8,aligned,3,508,NICE,bounded,NICE_bounded,0,below_policy_threshold;classifier_target_not_met,10.875,0.0054481029510498,0.85,1.0
AUC,8,aligned,3,508,NICE,bounded+edit,NICE_bounded+edit,0,below_policy_threshold;classifier_target_not_met,10.875,0.0054481029510498,0.85,1.0
AUC,8,aligned,3,508,MCCE,native,MCCE_native,0,no_candidate,,0.0118777751922607,,
AUC,8,aligned,3,508,MCCE,bounded,MCCE_bounded,0,no_candidate,,0.0118777751922607,,
AUC,8,aligned,3,508,MCCE,bounded+edit,MCCE_bounded+edit,0,no_candidate,,0.0118777751922607,,
AUC,8,aligned,3,513,NICE,native,NICE_native,0,immutable_changed:Test_2,15.15,0.0042054653167724,0.8,1.0
AUC,8,aligned,3,513,NICE,bounded,NICE_bounded,0,below_policy_threshold;classifier_target_not_met,14.65,0.0042054653167724,0.8,1.0
AUC,8,aligned,3,513,NICE,bounded+edit,NICE_bounded+edit,0,below_policy_threshold;classifier_target_not_met,14.65,0.0042054653167724,0.8,1.0
AUC,8,aligned,3,513,MCCE,native,MCCE_native,1,OK,15.15,0.0188157558441162,1.144573524915928,2.0
AUC,8,aligned,3,513,MCCE,bounded,MCCE_bounded,1,OK,15.15,0.0188157558441162,1.144573524915928,2.0
AUC,8,aligned,3,513,MCCE,bounded+edit,MCCE_bounded+edit,1,OK,15.15,0.0188157558441162,1.144573524915928,2.0
AUC,8,aligned,3,529,NICE,native,NICE_native,0,below_policy_threshold;immutable_changed:Test_2;immutable_changed:Test_3,15.0,0.0056571960449218,0.85,1.0
AUC,8,aligned,3,529,NICE,bounded,NICE_bounded,0,below_policy_threshold;classifier_target_not_met,12.85,0.0056571960449218,0.85,1.0
AUC,8,aligned,3,529,NICE,bounded+edit,NICE_bounded+edit,0,below_policy_threshold;classifier_target_not_met,12.85,0.0056571960449218,0.85,1.0
AUC,8,aligned,3,529,MCCE,native,MCCE_native,0,no_candidate,,0.0122935771942138,,
AUC,8,aligned,3,529,MCCE,bounded,MCCE_bounded,0,no_candidate,,0.0122935771942138,,
AUC,8,aligned,3,529,MCCE,bounded+edit,MCCE_bounded+edit,0,no_candidate,,0.0122935771942138,,
AUC,8,aligned,3,536,NICE,native,NICE_native,0,immutable_changed:Test_2;immutable_changed:Test_3,15.1,0.0053977966308593,0.85,1.0
AUC,8,aligned,3,536,NICE,bounded,NICE_bounded,0,below_policy_threshold;classifier_target_not_met,14.0,0.0053977966308593,0.85,1.0
AUC,8,aligned,3,536,NICE,bounded+edit,NICE_bounded+edit,0,below_policy_threshold;classifier_target_not_met,14.0,0.0053977966308593,0.85,1.0
AUC,8,aligned,3,536,MCCE,native,MCCE_native,0,no_candidate,,0.0124344825744628,,
AUC,8,aligned,3,536,MCCE,bounded,MCCE_bounded,0,no_candidate,,0.0124344825744628,,
AUC,8,aligned,3,536,MCCE,bounded+edit,MCCE_bounded+edit,0,no_candidate,,0.0124344825744628,,
AUC,8,aligned,3,539,NICE,native,NICE_native,0,immutable_changed:Test_2;immutable_changed:Test_3,15.05,0.005528450012207,0.7,1.0
AUC,8,aligned,3,539,NICE,bounded,NICE_bounded,0,below_policy_threshold;classifier_target_not_met,14.25,0.005528450012207,0.7,1.0
AUC,8,aligned,3,539,NICE,bounded+edit,NICE_bounded+edit,0,below_policy_threshold;classifier_target_not_met,14.25,0.005528450012207,0.7,1.0
AUC,8,aligned,3,539,MCCE,native,MCCE_native,1,OK,15.25,0.0190050601959228,0.9780127283925272,2.0
AUC,8,aligned,3,539,MCCE,bounded,MCCE_bounded,1,OK,15.25,0.0190050601959228,0.9780127283925272,2.0
AUC,8,aligned,3,539,MCCE,bounded+edit,MCCE_bounded+edit,1,OK,15.25,0.0190050601959228,0.9780127283925272,2.0
AUC,8,aligned,3,540,NICE,native,NICE_native,0,below_policy_threshold;immutable_changed:Test_2,14.75,0.0042567253112792,0.85,1.0
AUC,8,aligned,3,540,NICE,bounded,NICE_bounded,0,below_policy_threshold;classifier_target_not_met,14.15,0.0042567253112792,0.85,1.0
AUC,8,aligned,3,540,NICE,bounded+edit,NICE_bounded+edit,0,below_policy_threshold;classifier_target_not_met,14.15,0.0042567253112792,0.85,1.0
AUC,8,aligned,3,540,MCCE,native,MCCE_native,0,no_candidate,,0.0123248100280761,,
AUC,8,aligned,3,540,MCCE,bounded,MCCE_bounded,0,no_candidate,,0.0123248100280761,,
AUC,8,aligned,3,540,MCCE,bounded+edit,MCCE_bounded+edit,0,no_candidate,,0.0123248100280761,,
AUC,8,aligned,3,544,NICE,native,NICE_native,0,below_policy_threshold,13.925,0.0027163028717041,0.93,1.0
AUC,8,aligned,3,544,NICE,bounded,NICE_bounded,0,below_policy_threshold,13.925,0.0027163028717041,0.93,1.0
AUC,8,aligned,3,544,NICE,bounded+edit,NICE_bounded+edit,0,below_policy_threshold,13.925,0.0027163028717041,0.93,1.0
AUC,8,aligned,3,544,MCCE,native,MCCE_native,0,no_candidate,,0.0119764804840087,,
AUC,8,aligned,3,544,MCCE,bounded,MCCE_bounded,0,no_candidate,,0.0119764804840087,,
AUC,8,aligned,3,544,MCCE,bounded+edit,MCCE_bounded+edit,0,no_candidate,,0.0119764804840087,,
AUC,8,aligned,3,547,NICE,native,NICE_native,0,immutable_changed:Test_1;immutable_changed:Test_2;immutable_changed:Test_3,15.05,0.0076935291290283,0.8,1.0
AUC,8,aligned,3,547,NICE,bounded,NICE_bounded,0,below_policy_threshold;classifier_target_not_met,13.5,0.0076935291290283,0.8,1.0
AUC,8,aligned,3,547,NICE,bounded+edit,NICE_bounded+edit,0,below_policy_threshold;classifier_target_not_met,13.5,0.0076935291290283,0.8,1.0
AUC,8,aligned,3,547,MCCE,native,MCCE_native,0,no_candidate,,0.0129656791687011,,
AUC,8,aligned,3,547,MCCE,bounded,MCCE_bounded,0,no_candidate,,0.0129656791687011,,
AUC,8,aligned,3,547,MCCE,bounded+edit,MCCE_bounded+edit,0,no_candidate,,0.0129656791687011,,
AUC,8,aligned,3,572,NICE,native,NICE_native,0,below_policy_threshold;immutable_changed:Test_2;immutable_changed:Test_3,14.75,0.0059859752655029,0.85,1.0
AUC,8,aligned,3,572,NICE,bounded,NICE_bounded,0,below_policy_threshold;classifier_target_not_met,11.25,0.0059859752655029,0.85,1.0
AUC,8,aligned,3,572,NICE,bounded+edit,NICE_bounded+edit,0,below_policy_threshold;classifier_target_not_met,11.25,0.0059859752655029,0.85,1.0
AUC,8,aligned,3,572,MCCE,native,MCCE_native,0,no_candidate,,0.0130536556243896,,
AUC,8,aligned,3,572,MCCE,bounded,MCCE_bounded,0,no_candidate,,0.0130536556243896,,
AUC,8,aligned,3,572,MCCE,bounded+edit,MCCE_bounded+edit,0,no_candidate,,0.0130536556243896,,
AUC,8,aligned,3,576,NICE,native,NICE_native,0,below_policy_threshold;immutable_changed:Test_1,14.975,0.0043976306915283,0.9,1.0
AUC,8,aligned,3,576,NICE,bounded,NICE_bounded,0,below_policy_threshold;classifier_target_not_met,14.55,0.0043976306915283,0.9,1.0
AUC,8,aligned,3,576,NICE,bounded+edit,NICE_bounded+edit,0,below_policy_threshold;classifier_target_not_met,14.55,0.0043976306915283,0.9,1.0
AUC,8,aligned,3,576,MCCE,native,MCCE_native,0,no_candidate,,0.0125010013580322,,
AUC,8,aligned,3,576,MCCE,bounded,MCCE_bounded,0,no_candidate,,0.0125010013580322,,
AUC,8,aligned,3,576,MCCE,bounded+edit,MCCE_bounded+edit,0,no_candidate,,0.0125010013580322,,
AUC,8,aligned,3,577,NICE,native,NICE_native,0,immutable_changed:Test_1;immutable_changed:Test_3,15.05,0.0057184696197509,0.7,1.0
AUC,8,aligned,3,577,NICE,bounded,NICE_bounded,0,below_policy_threshold;classifier_target_not_met,14.05,0.0057184696197509,0.7,1.0
AUC,8,aligned,3,577,NICE,bounded+edit,NICE_bounded+edit,0,below_policy_threshold;classifier_target_not_met,14.05,0.0057184696197509,0.7,1.0
AUC,8,aligned,3,577,MCCE,native,MCCE_native,0,no_candidate,,0.0135788917541503,,
AUC,8,aligned,3,577,MCCE,bounded,MCCE_bounded,0,no_candidate,,0.0135788917541503,,
AUC,8,aligned,3,577,MCCE,bounded+edit,MCCE_bounded+edit,0,no_candidate,,0.0135788917541503,,
AUC,8,aligned,3,578,NICE,native,NICE_native,0,below_policy_threshold;immutable_changed:Test_2,14.975,0.0042874813079833,0.8,1.0
AUC,8,aligned,3,578,NICE,bounded,NICE_bounded,0,below_policy_threshold;classifier_target_not_met,14.675,0.0042874813079833,0.8,1.0
AUC,8,aligned,3,578,NICE,bounded+edit,NICE_bounded+edit,0,below_policy_threshold;classifier_target_not_met,14.675,0.0042874813079833,0.8,1.0
AUC,8,aligned,3,578,MCCE,native,MCCE_native,1,OK,15.175,0.018568992614746,0.9210452472816556,2.0
AUC,8,aligned,3,578,MCCE,bounded,MCCE_bounded,1,OK,15.175,0.018568992614746,0.9210452472816556,2.0
AUC,8,aligned,3,578,MCCE,bounded+edit,MCCE_bounded+edit,1,OK,15.175,0.018568992614746,0.9210452472816556,2.0
AUC,8,aligned,3,579,NICE,native,NICE_native,0,below_policy_threshold;immutable_changed:Test_2,14.95,0.0042023658752441,0.8,1.0
AUC,8,aligned,3,579,NICE,bounded,NICE_bounded,0,below_policy_threshold;classifier_target_not_met,14.65,0.0042023658752441,0.8,1.0
AUC,8,aligned,3,579,NICE,bounded+edit,NICE_bounded+edit,0,below_policy_threshold;classifier_target_not_met,14.65,0.0042023658752441,0.8,1.0
AUC,8,aligned,3,579,MCCE,native,MCCE_native,0,out_of_bounds:sum_click,15.6,0.0166902542114257,1.2917729158807998,2.0
AUC,8,aligned,3,579,MCCE,bounded,MCCE_bounded,0,no_candidate,,0.0166902542114257,,
AUC,8,aligned,3,579,MCCE,bounded+edit,MCCE_bounded+edit,0,no_candidate,,0.0166902542114257,,
AUC,8,aligned,3,585,NICE,native,NICE_native,0,immutable_changed:Test_2;immutable_changed:Test_3,15.2125,0.0056214332580566,0.7,1.0
AUC,8,aligned,3,585,NICE,bounded,NICE_bounded,0,below_policy_threshold;classifier_target_not_met,14.7125,0.0056214332580566,0.7,1.0
AUC,8,aligned,3,585,NICE,bounded+edit,NICE_bounded+edit,0,below_policy_threshold;classifier_target_not_met,14.7125,0.0056214332580566,0.7,1.0
AUC,8,aligned,3,585,MCCE,native,MCCE_native,0,out_of_bounds:sum_click,15.4625,0.0199389457702636,0.8600225507391631,2.0
AUC,8,aligned,3,585,MCCE,bounded,MCCE_bounded,1,OK,15.4625,0.0199389457702636,0.9151465798045604,2.0
AUC,8,aligned,3,585,MCCE,bounded+edit,MCCE_bounded+edit,1,OK,15.4625,0.0199389457702636,0.9151465798045604,2.0
AUC,8,aligned,3,586,NICE,native,NICE_native,0,below_policy_threshold;immutable_changed:Test_1;immutable_changed:Test_2,11.025,0.0056509971618652,0.85,1.0
AUC,8,aligned,3,586,NICE,bounded,NICE_bounded,0,below_policy_threshold;classifier_target_not_met,4.25,0.0056509971618652,0.85,1.0
AUC,8,aligned,3,586,NICE,bounded+edit,NICE_bounded+edit,0,below_policy_threshold;classifier_target_not_met,4.25,0.0056509971618652,0.85,1.0
AUC,8,aligned,3,586,MCCE,native,MCCE_native,0,no_candidate,,0.0124201774597167,,
AUC,8,aligned,3,586,MCCE,bounded,MCCE_bounded,0,no_candidate,,0.0124201774597167,,
AUC,8,aligned,3,586,MCCE,bounded+edit,MCCE_bounded+edit,0,no_candidate,,0.0124201774597167,,
AUC,8,aligned,3,592,NICE,native,NICE_native,0,below_policy_threshold;immutable_changed:Test_1;immutable_changed:Test_2,11.025,0.0055177211761474,0.85,1.0
AUC,8,aligned,3,592,NICE,bounded,NICE_bounded,0,below_policy_threshold;classifier_target_not_met,4.25,0.0055177211761474,0.85,1.0
AUC,8,aligned,3,592,NICE,bounded+edit,NICE_bounded+edit,0,below_policy_threshold;classifier_target_not_met,4.25,0.0055177211761474,0.85,1.0
AUC,8,aligned,3,592,MCCE,native,MCCE_native,0,no_candidate,,0.012545108795166,,
AUC,8,aligned,3,592,MCCE,bounded,MCCE_bounded,0,no_candidate,,0.012545108795166,,
AUC,8,aligned,3,592,MCCE,bounded+edit,MCCE_bounded+edit,0,no_candidate,,0.012545108795166,,
AUC,8,aligned,3,607,NICE,native,NICE_native,0,below_policy_threshold;immutable_changed:Test_1;immutable_changed:Test_2,11.025,0.0055088996887207,0.85,1.0
AUC,8,aligned,3,607,NICE,bounded,NICE_bounded,0,below_policy_threshold;classifier_target_not_met,4.25,0.0055088996887207,0.85,1.0
AUC,8,aligned,3,607,NICE,bounded+edit,NICE_bounded+edit,0,below_policy_threshold;classifier_target_not_met,4.25,0.0055088996887207,0.85,1.0
AUC,8,aligned,3,607,MCCE,native,MCCE_native,0,no_candidate,,0.0124013423919677,,
AUC,8,aligned,3,607,MCCE,bounded,MCCE_bounded,0,no_candidate,,0.0124013423919677,,
AUC,8,aligned,3,607,MCCE,bounded+edit,MCCE_bounded+edit,0,no_candidate,,0.0124013423919677,,
AUC,8,aligned,3,608,NICE,native,NICE_native,1,OK,15.325,0.0028719902038574,0.89,1.0
AUC,8,aligned,3,608,NICE,bounded,NICE_bounded,1,OK,15.325,0.0028719902038574,0.89,1.0
AUC,8,aligned,3,608,NICE,bounded+edit,NICE_bounded+edit,1,OK,15.325,0.0028719902038574,0.89,1.0
AUC,8,aligned,3,608,MCCE,native,MCCE_native,0,out_of_bounds:sum_click,15.375,0.0188996791839599,1.002726195179771,2.0
AUC,8,aligned,3,608,MCCE,bounded,MCCE_bounded,1,OK,15.375,0.0188996791839599,1.2318846305807982,2.0
AUC,8,aligned,3,608,MCCE,bounded+edit,MCCE_bounded+edit,1,OK,15.375,0.0188996791839599,1.2318846305807982,2.0
AUC,8,aligned,3,616,NICE,native,NICE_native,0,below_policy_threshold;immutable_changed:Test_1;immutable_changed:Test_3,14.95,0.005756139755249,0.9,1.0
AUC,8,aligned,3,616,NICE,bounded,NICE_bounded,0,below_policy_threshold;classifier_target_not_met,14.5,0.005756139755249,0.9,1.0
AUC,8,aligned,3,616,NICE,bounded+edit,NICE_bounded+edit,0,below_policy_threshold;classifier_target_not_met,14.5,0.005756139755249,0.9,1.0
AUC,8,aligned,3,616,MCCE,native,MCCE_native,0,no_candidate,,0.0122263431549072,,
AUC,8,aligned,3,616,MCCE,bounded,MCCE_bounded,0,no_candidate,,0.0122263431549072,,
AUC,8,aligned,3,616,MCCE,bounded+edit,MCCE_bounded+edit,0,no_candidate,,0.0122263431549072,,
AUC,8,aligned,3,617,NICE,native,NICE_native,0,below_policy_threshold;immutable_changed:Test_1;immutable_changed:Test_2,11.025,0.0056593418121337,0.85,1.0
AUC,8,aligned,3,617,NICE,bounded,NICE_bounded,0,below_policy_threshold;classifier_target_not_met,6.0,0.0056593418121337,0.85,1.0
AUC,8,aligned,3,617,NICE,bounded+edit,NICE_bounded+edit,0,below_policy_threshold;classifier_target_not_met,6.0,0.0056593418121337,0.85,1.0
AUC,8,aligned,3,617,MCCE,native,MCCE_native,0,no_candidate,,0.012829303741455,,
AUC,8,aligned,3,617,MCCE,bounded,MCCE_bounded,0,no_candidate,,0.012829303741455,,
AUC,8,aligned,3,617,MCCE,bounded+edit,MCCE_bounded+edit,0,no_candidate,,0.012829303741455,,
AUC,8,aligned,3,622,NICE,native,NICE_native,0,below_policy_threshold;immutable_changed:Test_1;immutable_changed:Test_2,11.025,0.0058293342590332,0.85,1.0
AUC,8,aligned,3,622,NICE,bounded,NICE_bounded,0,below_policy_threshold;classifier_target_not_met,10.3,0.0058293342590332,0.85,1.0
AUC,8,aligned,3,622,NICE,bounded+edit,NICE_bounded+edit,0,below_policy_threshold;classifier_target_not_met,10.3,0.0058293342590332,0.85,1.0
AUC,8,aligned,3,622,MCCE,native,MCCE_native,0,no_candidate,,0.0132122039794921,,
AUC,8,aligned,3,622,MCCE,bounded,MCCE_bounded,0,no_candidate,,0.0132122039794921,,
AUC,8,aligned,3,622,MCCE,bounded+edit,MCCE_bounded+edit,0,no_candidate,,0.0132122039794921,,
AUC,8,aligned,3,637,NICE,native,NICE_native,0,below_policy_threshold;immutable_changed:Test_3,11.45,0.0045440196990966,0.9,1.0
AUC,8,aligned,3,637,NICE,bounded,NICE_bounded,0,below_policy_threshold;classifier_target_not_met,6.95,0.0045440196990966,0.9,1.0
AUC,8,aligned,3,637,NICE,bounded+edit,NICE_bounded+edit,0,below_policy_threshold;classifier_target_not_met,6.95,0.0045440196990966,0.9,1.0
AUC,8,aligned,3,637,MCCE,native,MCCE_native,0,no_candidate,,0.0119307041168212,,
AUC,8,aligned,3,637,MCCE,bounded,MCCE_bounded,0,no_candidate,,0.0119307041168212,,
AUC,8,aligned,3,637,MCCE,bounded+edit,MCCE_bounded+edit,0,no_candidate,,0.0119307041168212,,
AUC,8,aligned,3,657,NICE,native,NICE_native,0,below_policy_threshold;immutable_changed:Test_1;immutable_changed:Test_2,11.025,0.0059432983398437,0.85,1.0
AUC,8,aligned,3,657,NICE,bounded,NICE_bounded,0,below_policy_threshold;classifier_target_not_met,4.25,0.0059432983398437,0.85,1.0
AUC,8,aligned,3,657,NICE,bounded+edit,NICE_bounded+edit,0,below_policy_threshold;classifier_target_not_met,4.25,0.0059432983398437,0.85,1.0
AUC,8,aligned,3,657,MCCE,native,MCCE_native,0,no_candidate,,0.012481689453125,,
AUC,8,aligned,3,657,MCCE,bounded,MCCE_bounded,0,no_candidate,,0.012481689453125,,
AUC,8,aligned,3,657,MCCE,bounded+edit,MCCE_bounded+edit,0,no_candidate,,0.012481689453125,,
AUC,8,aligned,3,663,NICE,native,NICE_native,0,below_policy_threshold;immutable_changed:Test_1;immutable_changed:Test_2,11.025,0.0055317878723144,0.85,1.0
AUC,8,aligned,3,663,NICE,bounded,NICE_bounded,0,below_policy_threshold;classifier_target_not_met,6.2,0.0055317878723144,0.85,1.0
AUC,8,aligned,3,663,NICE,bounded+edit,NICE_bounded+edit,0,below_policy_threshold;classifier_target_not_met,6.2,0.0055317878723144,0.85,1.0
AUC,8,aligned,3,663,MCCE,native,MCCE_native,0,no_candidate,,0.0121958255767822,,
AUC,8,aligned,3,663,MCCE,bounded,MCCE_bounded,0,no_candidate,,0.0121958255767822,,
AUC,8,aligned,3,663,MCCE,bounded+edit,MCCE_bounded+edit,0,no_candidate,,0.0121958255767822,,
