dataset,seed,regime,stage,query,method,variant,condition,accepted,reasons,policy_score,seconds,effort,sparsity
AUC,2,aligned,1,1,NICE,native,NICE_native,0,below_policy_threshold,15.0,0.0056841373443603,2.56,3.0
AUC,2,aligned,1,1,NICE,bounded,NICE_bounded,0,below_policy_threshold,15.0,0.0056841373443603,2.56,3.0
AUC,2,aligned,1,1,NICE,bounded+edit,NICE_bounded+edit,0,below_policy_threshold,15.0,0.0056841373443603,2.56,3.0
AUC,2,aligned,1,1,MCCE,native,MCCE_native,1,OK,15.7,0.0481224060058593,2.7,3.0
AUC,2,aligned,1,1,MCCE,bounded,MCCE_bounded,1,OK,15.7,0.0481224060058593,2.7,3.0
AUC,2,aligned,1,1,MCCE,bounded+edit,MCCE_bounded+edit,1,OK,15.7,0.0481224060058593,2.7,3.0
AUC,2,aligned,1,3,NICE,native,NICE_native,1,OK,15.45,0.0054154396057128,2.665,3.0
AUC,2,aligned,1,3,NICE,bounded,NICE_bounded,1,OK,15.45,0.0054154396057128,2.665,3.0
AUC,2,aligned,1,3,NICE,bounded+edit,NICE_bounded+edit,1,OK,15.45,0.0054154396057128,2.665,3.0
AUC,2,aligned,1,3,MCCE,native,MCCE_native,0,no_candidate,,0.0352938175201416,,
AUC,2,aligned,1,3,MCCE,bounded,MCCE_bounded,0,no_candidate,,0.0352938175201416,,
AUC,2,aligned,1,3,MCCE,bounded+edit,MCCE_bounded+edit,0,no_candidate,,0.0352938175201416,,
AUC,2,aligned,1,10,NICE,native,NICE_native,0,below_policy_threshold;immutable_changed:Test_1,11.1,0.0054130554199218,1.77,2.0
AUC,2,aligned,1,10,NICE,bounded,NICE_bounded,0,below_policy_threshold;classifier_target_not_met,10.85,0.0054130554199218,1.77,2.0
AUC,2,aligned,1,10,NICE,bounded+edit,NICE_bounded+edit,1,OK,15.294444444444444,0.0054130554199218,2.658888888888889,3.0
AUC,2,aligned,1,10,MCCE,native,MCCE_native,0,below_policy_threshold,14.6,0.0299122333526611,2.890433887840851,4.0
AUC,2,aligned,1,10,MCCE,bounded,MCCE_bounded,0,below_policy_threshold,14.6,0.0299122333526611,2.890433887840851,4.0
AUC,2,aligned,1,10,MCCE,bounded+edit,MCCE_bounded+edit,0,below_policy_threshold,14.6,0.0299122333526611,2.890433887840851,4.0
AUC,2,aligned,1,13,NICE,native,NICE_native,0,below_policy_threshold;immutable_changed:Test_1,10.95,0.0062179565429687,1.7400000000000002,2.0
AUC,2,aligned,1,13,NICE,bounded,NICE_bounded,0,below_policy_threshold;classifier_target_not_met,10.825,0.0062179565429687,1.7400000000000002,2.0
AUC,2,aligned,1,13,NICE,bounded+edit,NICE_bounded+edit,1,OK,15.269444444444446,0.0062179565429687,2.628888888888889,3.0
AUC,2,aligned,1,13,MCCE,native,MCCE_native,1,OK,16.375,0.0234177112579345,2.85,3.0
AUC,2,aligned,1,13,MCCE,bounded,MCCE_bounded,1,OK,16.375,0.0234177112579345,2.85,3.0
AUC,2,aligned,1,13,MCCE,bounded+edit,MCCE_bounded+edit,1,OK,16.375,0.0234177112579345,2.85,3.0
AUC,2,aligned,1,16,NICE,native,NICE_native,0,below_policy_threshold;immutable_changed:Test_1,11.1,0.0055327415466308,1.77,2.0
AUC,2,aligned,1,16,NICE,bounded,NICE_bounded,0,below_policy_threshold;classifier_target_not_met,10.6,0.0055327415466308,1.77,2.0
AUC,2,aligned,1,16,NICE,bounded+edit,NICE_bounded+edit,1,OK,15.044444444444444,0.0055327415466308,2.658888888888889,3.0
AUC,2,aligned,1,16,MCCE,native,MCCE_native,0,below_policy_threshold,15.0,0.0237033367156982,2.8054872536611826,4.0
AUC,2,aligned,1,16,MCCE,bounded,MCCE_bounded,0,below_policy_threshold,15.0,0.0237033367156982,2.8054872536611826,4.0
AUC,2,aligned,1,16,MCCE,bounded+edit,MCCE_bounded+edit,0,below_policy_threshold,15.0,0.0237033367156982,2.8054872536611826,4.0
AUC,2,aligned,1,18,NICE,native,NICE_native,0,immutable_changed:Test_1,15.05,0.0067434310913085,2.56,3.0
AUC,2,aligned,1,18,NICE,bounded,NICE_bounded,0,below_policy_threshold;classifier_target_not_met,14.925,0.0067434310913085,2.56,3.0
AUC,2,aligned,1,18,NICE,bounded+edit,NICE_bounded+edit,0,below_policy_threshold;classifier_target_not_met,14.925,0.0067434310913085,2.56,3.0
AUC,2,aligned,1,18,MCCE,native,MCCE_native,0,below_policy_threshold,14.875,0.0898756980895996,2.573731830317413,4.0
AUC,2,aligned,1,18,MCCE,bounded,MCCE_bounded,0,below_policy_threshold,14.875,0.0898756980895996,2.573731830317413,4.0
AUC,2,aligned,1,18,MCCE,bounded+edit,MCCE_bounded+edit,0,below_policy_threshold,14.875,0.0898756980895996,2.573731830317413,4.0
AUC,2,aligned,1,30,NICE,native,NICE_native,0,immutable_changed:Test_1,15.3,0.006728172302246,2.6,3.0
AUC,2,aligned,1,30,NICE,bounded,NICE_bounded,0,below_policy_threshold;classifier_target_not_met,14.75,0.006728172302246,2.6,3.0
AUC,2,aligned,1,30,NICE,bounded+edit,NICE_bounded+edit,0,below_policy_threshold;classifier_target_not_met,14.75,0.006728172302246,2.6,3.0
AUC,2,aligned,1,30,MCCE,native,MCCE_native,0,below_policy_threshold;out_of_bounds:sum_click,15.0,0.020902395248413,4.058450704225352,4.0
AUC,2,aligned,1,30,MCCE,bounded,MCCE_bounded,0,no_candidate,,0.020902395248413,,
AUC,2,aligned,1,30,MCCE,bounded+edit,MCCE_bounded+edit,0,no_candidate,,0.020902395248413,,
AUC,2,aligned,1,37,NICE,native,NICE_native,0,below_policy_threshold;immutable_changed:Test_1,11.1,0.0056357383728027,1.77,2.0
AUC,2,aligned,1,37,NICE,bounded,NICE_bounded,0,below_policy_threshold;classifier_target_not_met,10.35,0.0056357383728027,1.77,2.0
AUC,2,aligned,1,37,NICE,bounded+edit,NICE_bounded+edit,1,OK,15.35,0.0056357383728027,2.77,3.0
AUC,2,aligned,1,37,MCCE,native,MCCE_native,0,below_policy_threshold,14.85,0.0220477581024169,3.114800641154077,4.0
AUC,2,aligned,1,37,MCCE,bounded,MCCE_bounded,0,below_policy_threshold,14.85,0.0220477581024169,3.114800641154077,4.0
AUC,2,aligned,1,37,MCCE,bounded+edit,MCCE_bounded+edit,0,below_policy_threshold,14.85,0.0220477581024169,3.114800641154077,4.0
AUC,2,aligned,1,40,NICE,native,NICE_native,1,OK,15.05,0.0055992603302001,2.62,3.0
AUC,2,aligned,1,40,NICE,bounded,NICE_bounded,1,OK,15.05,0.0055992603302001,2.62,3.0
AUC,2,aligned,1,40,NICE,bounded+edit,NICE_bounded+edit,1,OK,15.05,0.0055992603302001,2.62,3.0
AUC,2,aligned,1,40,MCCE,native,MCCE_native,0,out_of_bounds:sum_click,15.1,0.0236573219299316,2.7523241590214065,4.0
AUC,2,aligned,1,40,MCCE,bounded,MCCE_bounded,0,below_policy_threshold,14.95,0.0236573219299316,2.8446483180428137,4.0
AUC,2,aligned,1,40,MCCE,bounded+edit,MCCE_bounded+edit,0,below_policy_threshold,14.95,0.0236573219299316,2.8446483180428137,4.0
AUC,2,aligned,1,67,NICE,native,NICE_native,0,immutable_changed:Test_1,15.05,0.0069971084594726,2.56,3.0
AUC,2,aligned,1,67,NICE,bounded,NICE_bounded,0,below_policy_threshold;classifier_target_not_met,14.925,0.0069971084594726,2.56,3.0
AUC,2,aligned,1,67,NICE,bounded+edit,NICE_bounded+edit,0,below_policy_threshold;classifier_target_not_met,14.925,0.0069971084594726,2.56,3.0
AUC,2,aligned,1,67,MCCE,native,MCCE_native,1,OK,15.075,0.0258617401123046,2.6810954224550216,4.0
AUC,2,aligned,1,67,MCCE,bounded,MCCE_bounded,1,OK,15.075,0.0258617401123046,2.6810954224550216,4.0
AUC,2,aligned,1,67,MCCE,bounded+edit,MCCE_bounded+edit,1,OK,15.075,0.0258617401123046,2.6810954224550216,4.0
AUC,2,aligned,1,72,NICE,native,NICE_native,0,immutable_changed:Test_1,15.05,0.0068449974060058,2.56,3.0
AUC,2,aligned,1,72,NICE,bounded,NICE_bounded,0,below_policy_threshold;classifier_target_not_met,14.9,0.0068449974060058,2.56,3.0
AUC,2,aligned,1,72,NICE,bounded+edit,NICE_bounded+edit,0,below_policy_threshold;classifier_target_not_met,14.9,0.0068449974060058,2.56,3.0
AUC,2,aligned,1,72,MCCE,native,MCCE_native,0,out_of_bounds:sum_click,15.1,0.0230016708374023,2.646096225871507,4.0
AUC,2,aligned,1,72,MCCE,bounded,MCCE_bounded,1,OK,15.175,0.0230016708374023,2.620762028233939,4.0
AUC,2,aligned,1,72,MCCE,bounded+edit,MCCE_bounded+edit,1,OK,15.175,0.0230016708374023,2.620762028233939,4.0
AUC,2,aligned,1,77,NICE,native,NICE_native,0,immutable_changed:Test_1,15.05,0.0067098140716552,2.56,3.0
AUC,2,aligned,1,77,NICE,bounded,NICE_bounded,0,below_policy_threshold;classifier_target_not_met,14.925,0.0067098140716552,2.56,3.0
AUC,2,aligned,1,77,NICE,bounded+edit,NICE_bounded+edit,0,below_policy_threshold;classifier_target_not_met,14.925,0.0067098140716552,2.56,3.0
AUC,2,aligned,1,77,MCCE,native,MCCE_native,0,out_of_bounds:sum_click,15.125,0.0230085849761962,2.6126823081800885,4.0
AUC,2,aligned,1,77,MCCE,bounded,MCCE_bounded,1,OK,15.075,0.0230085849761962,2.746415134221095,4.0
AUC,2,aligned,1,77,MCCE,bounded+edit,MCCE_bounded+edit,1,OK,15.075,0.0230085849761962,2.746415134221095,4.0
AUC,2,aligned,1,80,NICE,native,NICE_native,0,below_policy_threshold,14.8,0.0054659843444824,2.62,3.0
AUC,2,aligned,1,80,NICE,bounded,NICE_bounded,0,below_policy_threshold,14.8,0.0054659843444824,2.62,3.0
AUC,2,aligned,1,80,NICE,bounded+edit,NICE_bounded+edit,0,below_policy_threshold,14.8,0.0054659843444824,2.62,3.0
AUC,2,aligned,1,80,MCCE,native,MCCE_native,0,below_policy_threshold;out_of_bounds:sum_click,14.9,0.0231859683990478,2.6714536059312515,4.0
AUC,2,aligned,1,80,MCCE,bounded,MCCE_bounded,1,OK,15.25,0.0231859683990478,2.76841383958661,4.0
AUC,2,aligned,1,80,MCCE,bounded+edit,MCCE_bounded+edit,1,OK,15.25,0.0231859683990478,2.76841383958661,4.0
AUC,2,aligned,1,84,NICE,native,NICE_native,1,OK,15.075,0.0054445266723632,2.56,3.0
AUC,2,aligned,1,84,NICE,bounded,NICE_bounded,1,OK,15.075,0.0054445266723632,2.56,3.0
AUC,2,aligned,1,84,NICE,bounded+edit,NICE_bounded+edit,1,OK,15.075,0.0054445266723632,2.56,3.0
AUC,2,aligned,1,84,MCCE,native,MCCE_native,1,OK,15.725,0.0237257480621337,2.69,3.0
AUC,2,aligned,1,84,MCCE,bounded,MCCE_bounded,1,OK,15.725,0.0237257480621337,2.69,3.0
AUC,2,aligned,1,84,MCCE,bounded+edit,MCCE_bounded+edit,1,OK,15.725,0.0237257480621337,2.69,3.0
AUC,2,aligned,1,89,NICE,native,NICE_native,0,below_policy_threshold;immutable_changed:Test_1,11.1,0.0055384635925292,1.77,2.0
AUC,2,aligned,1,89,NICE,bounded,NICE_bounded,0,below_policy_threshold;classifier_target_not_met,10.8,0.0055384635925292,1.77,2.0
AUC,2,aligned,1,89,NICE,bounded+edit,NICE_bounded+edit,1,OK,15.244444444444444,0.0055384635925292,2.658888888888889,3.0
AUC,2,aligned,1,89,MCCE,native,MCCE_native,1,OK,15.1,0.0225450992584228,2.7482775827019035,4.0
AUC,2,aligned,1,89,MCCE,bounded,MCCE_bounded,1,OK,15.1,0.0225450992584228,2.7482775827019035,4.0
AUC,2,aligned,1,89,MCCE,bounded+edit,MCCE_bounded+edit,1,OK,15.1,0.0225450992584228,2.7482775827019035,4.0
AUC,2,aligned,1,107,NICE,native,NICE_native,0,immutable_changed:Test_1,15.05,0.006812572479248,2.56,3.0
AUC,2,aligned,1,107,NICE,bounded,NICE_bounded,0,below_policy_threshold;classifier_target_not_met,14.925,0.006812572479248,2.56,3.0
AUC,2,aligned,1,107,NICE,bounded+edit,NICE_bounded+edit,0,below_policy_threshold;classifier_target_not_met,14.925,0.006812572479248,2.56,3.0
AUC,2,aligned,1,107,MCCE,native,MCCE_native,0,out_of_bounds:sum_click,15.125,0.0231351852416992,2.6435634937922017,4.0
AUC,2,aligned,1,107,MCCE,bounded,MCCE_bounded,1,OK,15.075,0.0231351852416992,2.7206904813766064,4.0
AUC,2,aligned,1,107,MCCE,bounded+edit,MCCE_bounded+edit,1,OK,15.075,0.0231351852416992,2.7206904813766064,4.0
AUC,2,aligned,1,109,NICE,native,NICE_native,1,OK,15.05,0.0054187774658203,2.57,3.0
AUC,2,aligned,1,109,NICE,bounded,NICE_bounded,1,OK,15.05,0.0054187774658203,2.57,3.0
AUC,2,aligned,1,109,NICE,bounded+edit,NICE_bounded+edit,1,OK,15.05,0.0054187774658203,2.57,3.0
AUC,2,aligned,1,109,MCCE,native,MCCE_native,0,out_of_bounds:sum_click,15.25,0.0240499973297119,2.8132749858836816,4.0
AUC,2,aligned,1,109,MCCE,bounded,MCCE_bounded,1,OK,15.4,0.0240499973297119,3.2724110671936764,4.0
AUC,2,aligned,1,109,MCCE,bounded+edit,MCCE_bounded+edit,1,OK,15.4,0.0240499973297119,3.2724110671936764,4.0
AUC,2,aligned,1,128,NICE,native,NICE_native,0,below_policy_threshold,11.1,0.0039632320404052,1.77,2.0
AUC,2,aligned,1,128,NICE,bounded,NICE_bounded,0,below_policy_threshold,11.1,0.0039632320404052,1.77,2.0
AUC,2,aligned,1,128,NICE,bounded+edit,NICE_bounded+edit,1,OK,15.544444444444444,0.0039632320404052,2.658888888888889,3.0
AUC,2,aligned,1,128,MCCE,native,MCCE_native,0,below_policy_threshold;out_of_bounds:sum_click,13.9,0.0242459774017334,2.4440297291793933,4.0
AUC,2,aligned,1,128,MCCE,bounded,MCCE_bounded,0,below_policy_threshold,13.7,0.0242459774017334,2.562856851964977,4.0
AUC,2,aligned,1,128,MCCE,bounded+edit,MCCE_bounded+edit,0,below_policy_threshold,13.7,0.0242459774017334,2.562856851964977,4.0
AUC,2,aligned,1,129,NICE,native,NICE_native,0,below_policy_threshold,14.975,0.0054187774658203,2.56,3.0
AUC,2,aligned,1,129,NICE,bounded,NICE_bounded,0,below_policy_threshold,14.975,0.0054187774658203,2.56,3.0
AUC,2,aligned,1,129,NICE,bounded+edit,NICE_bounded+edit,0,below_policy_threshold,14.975,0.0054187774658203,2.56,3.0
AUC,2,aligned,1,129,MCCE,native,MCCE_native,0,below_policy_threshold;out_of_bounds:sum_click,14.925,0.0234065055847167,2.6299753921870197,4.0
AUC,2,aligned,1,129,MCCE,bounded,MCCE_bounded,0,below_policy_threshold,14.975,0.0234065055847167,2.6030636727160874,4.0
AUC,2,aligned,1,129,MCCE,bounded+edit,MCCE_bounded+edit,0,below_policy_threshold,14.975,0.0234065055847167,2.6030636727160874,4.0
AUC,2,aligned,1,141,NICE,native,NICE_native,0,immutable_changed:Test_1,15.15,0.0069448947906494,2.57,3.0
AUC,2,aligned,1,141,NICE,bounded,NICE_bounded,0,below_policy_threshold;classifier_target_not_met,14.9,0.0069448947906494,2.57,3.0
AUC,2,aligned,1,141,NICE,bounded+edit,NICE_bounded+edit,0,below_policy_threshold;classifier_target_not_met,14.9,0.0069448947906494,2.57,3.0
AUC,2,aligned,1,141,MCCE,native,MCCE_native,1,OK,15.05,0.0232679843902587,2.7738050900062072,4.0
AUC,2,aligned,1,141,MCCE,bounded,MCCE_bounded,1,OK,15.05,0.0232679843902587,2.7738050900062072,4.0
AUC,2,aligned,1,141,MCCE,bounded+edit,MCCE_bounded+edit,1,OK,15.05,0.0232679843902587,2.7738050900062072,4.0
AUC,2,aligned,1,152,NICE,native,NICE_native,0,immutable_changed:Test_1,15.05,0.006765604019165,2.56,3.0
AUC,2,aligned,1,152,NICE,bounded,NICE_bounded,0,below_policy_threshold;classifier_target_not_met,14.675,0.006765604019165,2.56,3.0
AUC,2,aligned,1,152,NICE,bounded+edit,NICE_bounded+edit,0,below_policy_threshold;classifier_target_not_met,14.675,0.006765604019165,2.56,3.0
AUC,2,aligned,1,152,MCCE,native,MCCE_native,0,out_of_bounds:sum_click,15.075,0.0227158069610595,2.8436987402841063,4.0
AUC,2,aligned,1,152,MCCE,bounded,MCCE_bounded,1,OK,15.025,0.0227158069610595,3.074920932725812,4.0
AUC,2,aligned,1,152,MCCE,bounded+edit,MCCE_bounded+edit,1,OK,15.025,0.0227158069610595,3.074920932725812,4.0
AUC,2,aligned,1,158,NICE,native,NICE_native,1,OK,15.1,0.0055396556854248,2.57,3.0
AUC,2,aligned,1,158,NICE,bounded,NICE_bounded,1,OK,15.1,0.0055396556854248,2.57,3.0
AUC,2,aligned,1,158,NICE,bounded+edit,NICE_bounded+edit,1,OK,15.1,0.0055396556854248,2.57,3.0
AUC,2,aligned,1,158,MCCE,native,MCCE_native,0,below_policy_threshold;out_of_bounds:sum_click,13.9,0.0246376991271972,2.883359683794467,4.0
AUC,2,aligned,1,158,MCCE,bounded,MCCE_bounded,1,OK,15.099999999999998,0.0246376991271972,2.7619819311123663,4.0
AUC,2,aligned,1,158,MCCE,bounded+edit,MCCE_bounded+edit,1,OK,15.099999999999998,0.0246376991271972,2.7619819311123663,4.0
AUC,2,aligned,1,176,NICE,native,NICE_native,0,below_policy_threshold;immutable_changed:Test_1,11.1,0.0054848194122314,1.77,2.0
AUC,2,aligned,1,176,NICE,bounded,NICE_bounded,0,below_policy_threshold;classifier_target_not_met,10.55,0.0054848194122314,1.77,2.0
AUC,2,aligned,1,176,NICE,bounded+edit,NICE_bounded+edit,1,OK,15.55,0.0054848194122314,2.77,3.0
AUC,2,aligned,1,176,MCCE,native,MCCE_native,0,below_policy_threshold,14.9,0.0237300395965576,2.80693884957358,4.0
AUC,2,aligned,1,176,MCCE,bounded,MCCE_bounded,0,below_policy_threshold,14.9,0.0237300395965576,2.80693884957358,4.0
AUC,2,aligned,1,176,MCCE,bounded+edit,MCCE_bounded+edit,0,below_policy_threshold,14.9,0.0237300395965576,2.80693884957358,4.0
AUC,2,aligned,1,182,NICE,native,NICE_native,1,OK,15.25,0.005685806274414,2.6,3.0
AUC,2,aligned,1,182,NICE,bounded,NICE_bounded,1,OK,15.25,0.005685806274414,2.6,3.0
AUC,2,aligned,1,182,NICE,bounded+edit,NICE_bounded+edit,1,OK,15.25,0.005685806274414,2.6,3.0
AUC,2,aligned,1,182,MCCE,native,MCCE_native,1,OK,15.95,0.0435245037078857,2.74,3.0
AUC,2,aligned,1,182,MCCE,bounded,MCCE_bounded,1,OK,15.95,0.0435245037078857,2.74,3.0
AUC,2,aligned,1,182,MCCE,bounded+edit,MCCE_bounded+edit,1,OK,15.95,0.0435245037078857,2.74,3.0
AUC,2,aligned,1,183,NICE,native,NICE_native,1,OK,15.025,0.0090463161468505,2.56,3.0
AUC,2,aligned,1,183,NICE,bounded,NICE_bounded,1,OK,15.025,0.0090463161468505,2.56,3.0
AUC,2,aligned,1,183,NICE,bounded+edit,NICE_bounded+edit,1,OK,15.025,0.0090463161468505,2.56,3.0
AUC,2,aligned,1,183,MCCE,native,MCCE_native,0,out_of_bounds:sum_click,15.075,0.043344497680664,2.575303632988597,4.0
AUC,2,aligned,1,183,MCCE,bounded,MCCE_bounded,1,OK,15.075,0.043344497680664,2.5806072659771946,4.0
AUC,2,aligned,1,183,MCCE,bounded+edit,MCCE_bounded+edit,1,OK,15.075,0.043344497680664,2.5806072659771946,4.0
AUC,2,aligned,1,193,NICE,native,NICE_native,1,OK,15.05,0.0062026977539062,2.56,3.0
AUC,2,aligned,1,193,NICE,bounded,NICE_bounded,1,OK,15.05,0.0062026977539062,2.56,3.0
AUC,2,aligned,1,193,NICE,bounded+edit,NICE_bounded+edit,1,OK,15.05,0.0062026977539062,2.56,3.0
AUC,2,aligned,1,193,MCCE,native,MCCE_native,0,below_policy_threshold;out_of_bounds:sum_click,13.7,0.0378258228302001,2.381715071843473,4.0
AUC,2,aligned,1,193,MCCE,bounded,MCCE_bounded,0,below_policy_threshold,13.9,0.0378258228302001,2.488972791195353,4.0
AUC,2,aligned,1,193,MCCE,bounded+edit,MCCE_bounded+edit,0,below_policy_threshold,13.9,0.0378258228302001,2.488972791195353,4.0
AUC,2,aligned,1,203,NICE,native,NICE_native,0,immutable_changed:Test_1,15.05,0.0073053836822509,2.56,3.0
AUC,2,aligned,1,203,NICE,bounded,NICE_bounded,0,below_policy_threshold;classifier_target_not_met,14.675,0.0073053836822509,2.56,3.0
AUC,2,aligned,1,203,NICE,bounded+edit,NICE_bounded+edit,0,below_policy_threshold;classifier_target_not_met,14.675,0.0073053836822509,2.56,3.0
AUC,2,aligned,1,203,MCCE,native,MCCE_native,0,out_of_bounds:sum_click,15.075,0.0271267890930175,2.980196956132498,4.0
AUC,2,aligned,1,203,MCCE,bounded,MCCE_bounded,1,OK,15.025,0.0271267890930175,3.0119755296926294,4.0
AUC,2,aligned,1,203,MCCE,bounded+edit,MCCE_bounded+edit,1,OK,15.025,0.0271267890930175,3.0119755296926294,4.0
AUC,2,aligned,1,204,NICE,native,NICE_native,0,immutable_changed:Test_1,15.3,0.0069572925567626,2.6,3.0
AUC,2,aligned,1,204,NICE,bounded,NICE_bounded,0,below_policy_threshold;classifier_target_not_met,14.9,0.0069572925567626,2.6,3.0
AUC,2,aligned,1,204,NICE,bounded+edit,NICE_bounded+edit,0,below_policy_threshold;classifier_target_not_met,14.9,0.0069572925567626,2.6,3.0
AUC,2,aligned,1,204,MCCE,native,MCCE_native,0,out_of_bounds:sum_click,15.05,0.0269513130187988,3.1839070227497537,4.0
AUC,2,aligned,1,204,MCCE,bounded,MCCE_bounded,1,OK,15.05,0.0269513130187988,3.2630365974282896,4.0
AUC,2,aligned,1,204,MCCE,bounded+edit,MCCE_bounded+edit,1,OK,15.05,0.0269513130187988,3.2630365974282896,4.0
AUC,2,aligned,1,209,NICE,native,NICE_native,0,below_policy_threshold,14.525,0.0058193206787109,2.62,3.0
AUC,2,aligned,1,209,NICE,bounded,NICE_bounded,0,below_policy_threshold,14.525,0.0058193206787109,2.62,3.0
AUC,2,aligned,1,209,NICE,bounded+edit,NICE_bounded+edit,0,below_policy_threshold,14.525,0.0058193206787109,2.62,3.0
AUC,2,aligned,1,209,MCCE,native,MCCE_native,0,below_policy_threshold,14.775,0.0235936641693115,2.999218106995885,4.0
AUC,2,aligned,1,209,MCCE,bounded,MCCE_bounded,0,below_policy_threshold,14.775,0.0235936641693115,2.999218106995885,4.0
AUC,2,aligned,1,209,MCCE,bounded+edit,MCCE_bounded+edit,0,below_policy_threshold,14.775,0.0235936641693115,2.999218106995885,4.0
AUC,2,aligned,1,221,NICE,native,NICE_native,0,below_policy_threshold,11.25,0.0045280456542968,1.83,2.0
AUC,2,aligned,1,221,NICE,bounded,NICE_bounded,0,below_policy_threshold,11.25,0.0045280456542968,1.83,2.0
AUC,2,aligned,1,221,NICE,bounded+edit,NICE_bounded+edit,1,OK,15.13888888888889,0.0045280456542968,2.607777777777778,3.0
AUC,2,aligned,1,221,MCCE,native,MCCE_native,1,OK,15.05,0.0270981788635253,2.6381347773766546,4.0
AUC,2,aligned,1,221,MCCE,bounded,MCCE_bounded,1,OK,15.05,0.0270981788635253,2.6381347773766546,4.0
AUC,2,aligned,1,221,MCCE,bounded+edit,MCCE_bounded+edit,1,OK,15.05,0.0270981788635253,2.6381347773766546,4.0
AUC,2,aligned,1,225,NICE,native,NICE_native,0,below_policy_threshold,11.4,0.0048246383666992,1.83,2.0
AUC,2,aligned,1,225,NICE,bounded,NICE_bounded,0,below_policy_threshold,11.4,0.0048246383666992,1.83,2.0
AUC,2,aligned,1,225,NICE,bounded+edit,NICE_bounded+edit,1,OK,15.28888888888889,0.0048246383666992,2.607777777777778,3.0
AUC,2,aligned,1,225,MCCE,native,MCCE_native,1,OK,15.05,0.0221290588378906,2.56,3.0
AUC,2,aligned,1,225,MCCE,bounded,MCCE_bounded,1,OK,15.05,0.0221290588378906,2.56,3.0
AUC,2,aligned,1,225,MCCE,bounded+edit,MCCE_bounded+edit,1,OK,15.05,0.0221290588378906,2.56,3.0
AUC,2,aligned,1,236,NICE,native,NICE_native,0,immutable_changed:Test_1,15.05,0.0072672367095947,2.56,3.0
AUC,2,aligned,1,236,NICE,bounded,NICE_bounded,0,below_policy_threshold;classifier_target_not_met,14.8,0.0072672367095947,2.56,3.0
AUC,2,aligned,1,236,NICE,bounded+edit,NICE_bounded+edit,0,below_policy_threshold;classifier_target_not_met,14.8,0.0072672367095947,2.56,3.0
AUC,2,aligned,1,236,MCCE,native,MCCE_native,0,below_policy_threshold;out_of_bounds:sum_click,14.6,0.026012897491455,2.731151435169911,4.0
AUC,2,aligned,1,236,MCCE,bounded,MCCE_bounded,1,OK,15.05,0.026012897491455,2.682583305839657,4.0
AUC,2,aligned,1,236,MCCE,bounded+edit,MCCE_bounded+edit,1,OK,15.05,0.026012897491455,2.682583305839657,4.0
AUC,2,aligned,1,250,NICE,native,NICE_native,0,below_policy_threshold;immutable_changed:Test_1,11.1,0.0059239864349365,1.77,2.0
AUC,2,aligned,1,250,NICE,bounded,NICE_bounded,0,below_policy_threshold;classifier_target_not_met,10.225,0.0059239864349365,1.77,2.0
AUC,2,aligned,1,250,NICE,bounded+edit,NICE_bounded+edit,1,OK,15.225,0.0059239864349365,2.77,3.0
AUC,2,aligned,1,250,MCCE,native,MCCE_native,0,no_candidate,,0.0261263847351074,,
AUC,2,aligned,1,250,MCCE,bounded,MCCE_bounded,0,no_candidate,,0.0261263847351074,,
AUC,2,aligned,1,250,MCCE,bounded+edit,MCCE_bounded+edit,0,no_candidate,,0.0261263847351074,,
AUC,2,aligned,1,267,NICE,native,NICE_native,1,OK,15.125,0.0061993598937988,2.57,3.0
AUC,2,aligned,1,267,NICE,bounded,NICE_bounded,1,OK,15.125,0.0061993598937988,2.57,3.0
AUC,2,aligned,1,267,NICE,bounded+edit,NICE_bounded+edit,1,OK,15.125,0.0061993598937988,2.57,3.0
AUC,2,aligned,1,267,MCCE,native,MCCE_native,1,OK,15.075,0.0407962799072265,2.714440154440154,4.0
AUC,2,aligned,1,267,MCCE,bounded,MCCE_bounded,1,OK,15.075,0.0407962799072265,2.714440154440154,4.0
AUC,2,aligned,1,267,MCCE,bounded+edit,MCCE_bounded+edit,1,OK,15.075,0.0407962799072265,2.714440154440154,4.0
AUC,2,aligned,1,272,NICE,native,NICE_native,0,immutable_changed:Test_1,15.05,0.0097095966339111,2.56,3.0
AUC,2,aligned,1,272,NICE,bounded,NICE_bounded,0,below_policy_threshold;classifier_target_not_met,14.95,0.0097095966339111,2.56,3.0
AUC,2,aligned,1,272,NICE,bounded+edit,NICE_bounded+edit,0,below_policy_threshold;classifier_target_not_met,14.95,0.0097095966339111,2.56,3.0
AUC,2,aligned,1,272,MCCE,native,MCCE_native,0,out_of_bounds:sum_click,15.25,0.024869680404663,2.683680747187434,4.0
AUC,2,aligned,1,272,MCCE,bounded,MCCE_bounded,1,OK,15.25,0.024869680404663,2.692171513479092,4.0
AUC,2,aligned,1,272,MCCE,bounded+edit,MCCE_bounded+edit,1,OK,15.25,0.024869680404663,2.692171513479092,4.0
AUC,2,aligned,1,288,NICE,native,NICE_native,1,OK,15.575,0.0057055950164794,2.665,3.0
AUC,2,aligned,1,288,NICE,bounded,NICE_bounded,1,OK,15.575,0.0057055950164794,2.665,3.0
AUC,2,aligned,1,288,NICE,bounded+edit,NICE_bounded+edit,1,OK,15.575,0.0057055950164794,2.665,3.0
AUC,2,aligned,1,288,MCCE,native,MCCE_native,1,OK,15.05,0.0202133655548095,2.56,3.0
AUC,2,aligned,1,288,MCCE,bounded,MCCE_bounded,1,OK,15.05,0.0202133655548095,2.56,3.0
AUC,2,aligned,1,288,MCCE,bounded+edit,MCCE_bounded+edit,1,OK,15.05,0.0202133655548095,2.56,3.0
AUC,2,aligned,1,293,NICE,native,NICE_native,1,OK,15.05,0.0054826736450195,2.56,3.0
AUC,2,aligned,1,293,NICE,bounded,NICE_bounded,1,OK,15.05,0.0054826736450195,2.56,3.0
AUC,2,aligned,1,293,NICE,bounded+edit,NICE_bounded+edit,1,OK,15.05,0.0054826736450195,2.56,3.0
AUC,2,aligned,1,293,MCCE,native,MCCE_native,1,OK,15.45,0.0251789093017578,2.64,3.0
AUC,2,aligned,1,293,MCCE,bounded,MCCE_bounded,1,OK,15.45,0.0251789093017578,2.64,3.0
AUC,2,aligned,1,293,MCCE,bounded+edit,MCCE_bounded+edit,1,OK,15.45,0.0251789093017578,2.64,3.0
AUC,2,aligned,1,307,NICE,native,NICE_native,0,immutable_changed:Test_1,15.05,0.0068359375,2.56,3.0
AUC,2,aligned,1,307,NICE,bounded,NICE_bounded,0,below_policy_threshold;classifier_target_not_met,14.925,0.0068359375,2.56,3.0
AUC,2,aligned,1,307,NICE,bounded+edit,NICE_bounded+edit,0,below_policy_threshold;classifier_target_not_met,14.925,0.0068359375,2.56,3.0
AUC,2,aligned,1,307,MCCE,native,MCCE_native,1,OK,15.075,0.0230336189270019,2.6238900992495764,4.0
AUC,2,aligned,1,307,MCCE,bounded,MCCE_bounded,1,OK,15.075,0.0230336189270019,2.6238900992495764,4.0
AUC,2,aligned,1,307,MCCE,bounded+edit,MCCE_bounded+edit,1,OK,15.075,0.0230336189270019,2.6238900992495764,4.0
AUC,2,aligned,1,314,NICE,native,NICE_native,1,OK,15.075,0.0055692195892333,2.56,3.0
AUC,2,aligned,1,314,NICE,bounded,NICE_bounded,1,OK,15.075,0.0055692195892333,2.56,3.0
AUC,2,aligned,1,314,NICE,bounded+edit,NICE_bounded+edit,1,OK,15.075,0.0055692195892333,2.56,3.0
AUC,2,aligned,1,314,MCCE,native,MCCE_native,0,out_of_bounds:sum_click,15.075,0.0247161388397216,2.663770321687997,4.0
AUC,2,aligned,1,314,MCCE,bounded,MCCE_bounded,1,OK,15.325,0.0247161388397216,2.6307540643376,4.0
AUC,2,aligned,1,314,MCCE,bounded+edit,MCCE_bounded+edit,1,OK,15.325,0.0247161388397216,2.6307540643376,4.0
AUC,2,aligned,1,317,NICE,native,NICE_native,1,OK,15.275,0.0054645538330078,2.6,3.0
AUC,2,aligned,1,317,NICE,bounded,NICE_bounded,1,OK,15.275,0.0054645538330078,2.6,3.0
AUC,2,aligned,1,317,NICE,bounded+edit,NICE_bounded+edit,1,OK,15.275,0.0054645538330078,2.6,3.0
AUC,2,aligned,1,317,MCCE,native,MCCE_native,1,OK,15.125,0.0241446495056152,2.7379261125104954,4.0
AUC,2,aligned,1,317,MCCE,bounded,MCCE_bounded,1,OK,15.125,0.0241446495056152,2.7379261125104954,4.0
AUC,2,aligned,1,317,MCCE,bounded+edit,MCCE_bounded+edit,1,OK,15.125,0.0241446495056152,2.7379261125104954,4.0
AUC,2,aligned,1,321,NICE,native,NICE_native,0,below_policy_threshold;immutable_changed:Test_1,11.1,0.0062479972839355,1.77,2.0
AUC,2,aligned,1,321,NICE,bounded,NICE_bounded,0,below_policy_threshold;classifier_target_not_met,10.85,0.0062479972839355,1.77,2.0
AUC,2,aligned,1,321,NICE,bounded+edit,NICE_bounded+edit,1,OK,15.294444444444444,0.0062479972839355,2.658888888888889,3.0
AUC,2,aligned,1,321,MCCE,native,MCCE_native,0,below_policy_threshold,14.6,0.0246810913085937,2.7505596311045903,4.0
AUC,2,aligned,1,321,MCCE,bounded,MCCE_bounded,0,below_policy_threshold,14.6,0.0246810913085937,2.7505596311045903,4.0
AUC,2,aligned,1,321,MCCE,bounded+edit,MCCE_bounded+edit,0,below_policy_threshold,14.6,0.0246810913085937,2.7505596311045903,4.0
AUC,2,aligned,1,322,NICE,native,NICE_native,0,below_policy_threshold;immutable_changed:Test_1,10.95,0.0056245326995849,1.7400000000000002,2.0
AUC,2,aligned,1,322,NICE,bounded,NICE_bounded,0,below_policy_threshold;classifier_target_not_met,10.725,0.0056245326995849,1.7400000000000002,2.0
AUC,2,aligned,1,322,NICE,bounded+edit,NICE_bounded+edit,1,OK,15.169444444444444,0.0056245326995849,2.628888888888889,3.0
AUC,2,aligned,1,322,MCCE,native,MCCE_native,0,below_policy_threshold,14.95,0.0259685516357421,2.585,3.0
AUC,2,aligned,1,322,MCCE,bounded,MCCE_bounded,0,below_policy_threshold,14.95,0.0259685516357421,2.585,3.0
AUC,2,aligned,1,322,MCCE,bounded+edit,MCCE_bounded+edit,0,below_policy_threshold,14.95,0.0259685516357421,2.585,3.0
AUC,2,aligned,1,330,NICE,native,NICE_native,0,immutable_changed:Test_1,15.05,0.0071775913238525,2.56,3.0
AUC,2,aligned,1,330,NICE,bounded,NICE_bounded,0,below_policy_threshold;classifier_target_not_met,14.675,0.0071775913238525,2.56,3.0
AUC,2,aligned,1,330,NICE,bounded+edit,NICE_bounded+edit,0,below_policy_threshold;classifier_target_not_met,14.675,0.0071775913238525,2.56,3.0
AUC,2,aligned,1,330,MCCE,native,MCCE_native,0,out_of_bounds:sum_click,15.075,0.0232644081115722,2.830930787589499,4.0
AUC,2,aligned,1,330,MCCE,bounded,MCCE_bounded,1,OK,15.025,0.0232644081115722,3.0808088040307613,4.0
AUC,2,aligned,1,330,MCCE,bounded+edit,MCCE_bounded+edit,1,OK,15.025,0.0232644081115722,3.0808088040307613,4.0
AUC,2,aligned,1,335,NICE,native,NICE_native,0,immutable_changed:Test_1,15.05,0.0071508884429931,2.56,3.0
AUC,2,aligned,1,335,NICE,bounded,NICE_bounded,0,below_policy_threshold;classifier_target_not_met,14.85,0.0071508884429931,2.56,3.0
AUC,2,aligned,1,335,NICE,bounded+edit,NICE_bounded+edit,0,below_policy_threshold;classifier_target_not_met,14.85,0.0071508884429931,2.56,3.0
AUC,2,aligned,1,335,MCCE,native,MCCE_native,0,out_of_bounds:sum_click,15.15,0.0234608650207519,2.628419280151548,4.0
AUC,2,aligned,1,335,MCCE,bounded,MCCE_bounded,1,OK,15.15,0.0234608650207519,2.7462892022732057,4.0
AUC,2,aligned,1,335,MCCE,bounded+edit,MCCE_bounded+edit,1,OK,15.15,0.0234608650207519,2.7462892022732057,4.0
AUC,2,aligned,1,344,NICE,native,NICE_native,1,OK,15.2,0.0056893825531005,2.6,3.0
AUC,2,aligned,1,344,NICE,bounded,NICE_bounded,1,OK,15.2,0.0056893825531005,2.6,3.0
AUC,2,aligned,1,344,NICE,bounded+edit,NICE_bounded+edit,1,OK,15.2,0.0056893825531005,2.6,3.0
AUC,2,aligned,1,344,MCCE,native,MCCE_native,1,OK,15.8,0.0246164798736572,2.72,3.0
AUC,2,aligned,1,344,MCCE,bounded,MCCE_bounded,1,OK,15.8,0.0246164798736572,2.72,3.0
AUC,2,aligned,1,344,MCCE,bounded+edit,MCCE_bounded+edit,1,OK,15.8,0.0246164798736572,2.72,3.0
AUC,2,aligned,1,345,NICE,native,NICE_native,0,below_policy_threshold;immutable_changed:Test_1,11.1,0.0054950714111328,1.77,2.0
AUC,2,aligned,1,345,NICE,bounded,NICE_bounded,0,below_policy_threshold;classifier_target_not_met,10.65,0.0054950714111328,1.77,2.0
AUC,2,aligned,1,345,NICE,bounded+edit,NICE_bounded+edit,1,OK,15.094444444444443,0.0054950714111328,2.658888888888889,3.0
AUC,2,aligned,1,345,MCCE,native,MCCE_native,1,OK,15.05,0.0231728553771972,2.757054100554387,4.0
AUC,2,aligned,1,345,MCCE,bounded,MCCE_bounded,1,OK,15.05,0.0231728553771972,2.757054100554387,4.0
AUC,2,aligned,1,345,MCCE,bounded+edit,MCCE_bounded+edit,1,OK,15.05,0.0231728553771972,2.757054100554387,4.0
AUC,2,aligned,1,347,NICE,native,NICE_native,1,OK,15.1,0.00577974319458,2.61,3.0
AUC,2,aligned,1,347,NICE,bounded,NICE_bounded,1,OK,15.1,0.00577974319458,2.61,3.0
AUC,2,aligned,1,347,NICE,bounded+edit,NICE_bounded+edit,1,OK,15.1,0.00577974319458,2.61,3.0
AUC,2,aligned,1,347,MCCE,native,MCCE_native,0,below_policy_threshold;out_of_bounds:sum_click,14.975,0.0231716632843017,2.7054335608189484,4.0
AUC,2,aligned,1,347,MCCE,bounded,MCCE_bounded,1,OK,15.1,0.0231716632843017,2.8026936973103176,4.0
AUC,2,aligned,1,347,MCCE,bounded+edit,MCCE_bounded+edit,1,OK,15.1,0.0231716632843017,2.8026936973103176,4.0
AUC,2,aligned,1,354,NICE,native,NICE_native,0,below_policy_threshold;immutable_changed:Test_1,10.95,0.0055830478668212,1.7400000000000002,2.0
AUC,2,aligned,1,354,NICE,bounded,NICE_bounded,0,below_policy_threshold;classifier_target_not_met,10.325,0.0055830478668212,1.7400000000000002,2.0
AUC,2,aligned,1,354,NICE,bounded+edit,NICE_bounded+edit,1,OK,15.325,0.0055830478668212,2.74,3.0
AUC,2,aligned,1,354,MCCE,native,MCCE_native,0,below_policy_threshold,14.775,0.0225014686584472,2.651193924408336,4.0
AUC,2,aligned,1,354,MCCE,bounded,MCCE_bounded,0,below_policy_threshold,14.775,0.0225014686584472,2.651193924408336,4.0
AUC,2,aligned,1,354,MCCE,bounded+edit,MCCE_bounded+edit,0,below_policy_threshold,14.775,0.0225014686584472,2.651193924408336,4.0
AUC,2,aligned,1,369,NICE,native,NICE_native,0,immutable_changed:Test_1,15.05,0.0068476200103759,2.56,3.0
AUC,2,aligned,1,369,NICE,bounded,NICE_bounded,0,below_policy_threshold;classifier_target_not_met,14.8,0.0068476200103759,2.56,3.0
AUC,2,aligned,1,369,NICE,bounded+edit,NICE_bounded+edit,0,below_policy_threshold;classifier_target_not_met,14.8,0.0068476200103759,2.56,3.0
AUC,2,aligned,1,369,MCCE,native,MCCE_native,0,below_policy_threshold,14.6,0.024982213973999,2.7307073747581168,4.0
AUC,2,aligned,1,369,MCCE,bounded,MCCE_bounded,0,below_policy_threshold,14.6,0.024982213973999,2.7307073747581168,4.0
AUC,2,aligned,1,369,MCCE,bounded+edit,MCCE_bounded+edit,0,below_policy_threshold,14.6,0.024982213973999,2.7307073747581168,4.0
AUC,2,aligned,1,388,NICE,native,NICE_native,1,OK,15.05,0.0055804252624511,2.5700000000000003,3.0
AUC,2,aligned,1,388,NICE,bounded,NICE_bounded,1,OK,15.05,0.0055804252624511,2.5700000000000003,3.0
AUC,2,aligned,1,388,NICE,bounded+edit,NICE_bounded+edit,1,OK,15.05,0.0055804252624511,2.5700000000000003,3.0
AUC,2,aligned,1,388,MCCE,native,MCCE_native,1,OK,15.15,0.0248022079467773,2.660487850120571,4.0
AUC,2,aligned,1,388,MCCE,bounded,MCCE_bounded,1,OK,15.15,0.0248022079467773,2.660487850120571,4.0
AUC,2,aligned,1,388,MCCE,bounded+edit,MCCE_bounded+edit,1,OK,15.15,0.0248022079467773,2.660487850120571,4.0
AUC,2,aligned,1,389,NICE,native,NICE_native,1,OK,15.05,0.0057010650634765,2.56,3.0
AUC,2,aligned,1,389,NICE,bounded,NICE_bounded,1,OK,15.05,0.0057010650634765,2.56,3.0
AUC,2,aligned,1,389,NICE,bounded+edit,NICE_bounded+edit,1,OK,15.05,0.0057010650634765,2.56,3.0
AUC,2,aligned,1,389,MCCE,native,MCCE_native,1,OK,15.25,0.0250167846679687,2.6,3.0
AUC,2,aligned,1,389,MCCE,bounded,MCCE_bounded,1,OK,15.25,0.0250167846679687,2.6,3.0
AUC,2,aligned,1,389,MCCE,bounded+edit,MCCE_bounded+edit,1,OK,15.25,0.0250167846679687,2.6,3.0
AUC,2,aligned,1,391,NICE,native,NICE_native,1,OK,15.075,0.0056817531585693,2.56,3.0
AUC,2,aligned,1,391,NICE,bounded,NICE_bounded,1,OK,15.075,0.0056817531585693,2.56,3.0
AUC,2,aligned,1,391,NICE,bounded+edit,NICE_bounded+edit,1,OK,15.075,0.0056817531585693,2.56,3.0
AUC,2,aligned,1,391,MCCE,native,MCCE_native,1,OK,16.475,0.0248997211456298,2.84,3.0
AUC,2,aligned,1,391,MCCE,bounded,MCCE_bounded,1,OK,16.475,0.0248997211456298,2.84,3.0
AUC,2,aligned,1,391,MCCE,bounded+edit,MCCE_bounded+edit,1,OK,16.475,0.0248997211456298,2.84,3.0
AUC,2,aligned,1,395,NICE,native,NICE_native,1,OK,15.15,0.0058324337005615,2.61,3.0
AUC,2,aligned,1,395,NICE,bounded,NICE_bounded,1,OK,15.15,0.0058324337005615,2.61,3.0
AUC,2,aligned,1,395,NICE,bounded+edit,NICE_bounded+edit,1,OK,15.15,0.0058324337005615,2.61,3.0
AUC,2,aligned,1,395,MCCE,native,MCCE_native,0,below_policy_threshold,14.95,0.0237987041473388,2.675680317040951,4.0
AUC,2,aligned,1,395,MCCE,bounded,MCCE_bounded,0,below_policy_threshold,14.95,0.0237987041473388,2.675680317040951,4.0
AUC,2,aligned,1,395,MCCE,bounded+edit,MCCE_bounded+edit,0,below_policy_threshold,14.95,0.0237987041473388,2.675680317040951,4.0
AUC,2,aligned,1,414,NICE,native,NICE_native,0,below_policy_threshold;immutable_changed:Test_1,11.1,0.0055391788482666,1.77,2.0
AUC,2,aligned,1,414,NICE,bounded,NICE_bounded,0,below_policy_threshold;classifier_target_not_met,10.85,0.0055391788482666,1.77,2.0
AUC,2,aligned,1,414,NICE,bounded+edit,NICE_bounded+edit,1,OK,15.294444444444444,0.0055391788482666,2.658888888888889,3.0
AUC,2,aligned,1,414,MCCE,native,MCCE_native,0,below_policy_threshold,14.6,0.025806188583374,2.7537716551868088,4.0
AUC,2,aligned,1,414,MCCE,bounded,MCCE_bounded,0,below_policy_threshold,14.6,0.025806188583374,2.7537716551868088,4.0
AUC,2,aligned,1,414,MCCE,bounded+edit,MCCE_bounded+edit,0,below_policy_threshold,14.6,0.025806188583374,2.7537716551868088,4.0
AUC,2,aligned,1,419,NICE,native,NICE_native,1,OK,15.1,0.0054037570953369,2.57,3.0
AUC,2,aligned,1,419,NICE,bounded,NICE_bounded,1,OK,15.1,0.0054037570953369,2.57,3.0
AUC,2,aligned,1,419,NICE,bounded+edit,NICE_bounded+edit,1,OK,15.1,0.0054037570953369,2.57,3.0
AUC,2,aligned,1,419,MCCE,native,MCCE_native,1,OK,16.75,0.0250248908996582,2.9,3.0
AUC,2,aligned,1,419,MCCE,bounded,MCCE_bounded,1,OK,16.75,0.0250248908996582,2.9,3.0
AUC,2,aligned,1,419,MCCE,bounded+edit,MCCE_bounded+edit,1,OK,16.75,0.0250248908996582,2.9,3.0
AUC,2,aligned,1,423,NICE,native,NICE_native,0,immutable_changed:Test_1,15.15,0.0069136619567871,2.57,3.0
AUC,2,aligned,1,423,NICE,bounded,NICE_bounded,0,below_policy_threshold;classifier_target_not_met,14.85,0.0069136619567871,2.57,3.0
AUC,2,aligned,1,423,NICE,bounded+edit,NICE_bounded+edit,0,below_policy_threshold;classifier_target_not_met,14.85,0.0069136619567871,2.57,3.0
AUC,2,aligned,1,423,MCCE,native,MCCE_native,0,below_policy_threshold;out_of_bounds:sum_click,14.6,0.0244016647338867,3.2266480706648077,4.0
AUC,2,aligned,1,423,MCCE,bounded,MCCE_bounded,1,OK,15.2,0.0244016647338867,2.705086006508601,4.0
AUC,2,aligned,1,423,MCCE,bounded+edit,MCCE_bounded+edit,1,OK,15.2,0.0244016647338867,2.705086006508601,4.0
AUC,2,aligned,1,428,NICE,native,NICE_native,1,OK,15.05,0.0055317878723144,2.56,3.0
AUC,2,aligned,1,428,NICE,bounded,NICE_bounded,1,OK,15.05,0.0055317878723144,2.56,3.0
AUC,2,aligned,1,428,NICE,bounded+edit,NICE_bounded+edit,1,OK,15.05,0.0055317878723144,2.56,3.0
AUC,2,aligned,1,428,MCCE,native,MCCE_native,1,OK,15.25,0.0249736309051513,2.6,3.0
AUC,2,aligned,1,428,MCCE,bounded,MCCE_bounded,1,OK,15.25,0.0249736309051513,2.6,3.0
AUC,2,aligned,1,428,MCCE,bounded+edit,MCCE_bounded+edit,1,OK,15.25,0.0249736309051513,2.6,3.0
AUC,2,aligned,1,430,NICE,native,NICE_native,1,OK,15.05,0.0053615570068359,2.56,3.0
AUC,2,aligned,1,430,NICE,bounded,NICE_bounded,1,OK,15.05,0.0053615570068359,2.56,3.0
AUC,2,aligned,1,430,NICE,bounded+edit,NICE_bounded+edit,1,OK,15.05,0.0053615570068359,2.56,3.0
AUC,2,aligned,1,430,MCCE,native,MCCE_native,0,below_policy_threshold,13.7,0.0243656635284423,2.3769342879059066,4.0
AUC,2,aligned,1,430,MCCE,bounded,MCCE_bounded,0,below_policy_threshold,13.7,0.0243656635284423,2.3769342879059066,4.0
AUC,2,aligned,1,430,MCCE,bounded+edit,MCCE_bounded+edit,0,below_policy_threshold,13.7,0.0243656635284423,2.3769342879059066,4.0
AUC,2,aligned,1,431,NICE,native,NICE_native,1,OK,15.05,0.0053403377532958,2.56,3.0
AUC,2,aligned,1,431,NICE,bounded,NICE_bounded,1,OK,15.05,0.0053403377532958,2.56,3.0
AUC,2,aligned,1,431,NICE,bounded+edit,NICE_bounded+edit,1,OK,15.05,0.0053403377532958,2.56,3.0
AUC,2,aligned,1,431,MCCE,native,MCCE_native,0,below_policy_threshold,13.7,0.0245792865753173,2.531986839312248,4.0
AUC,2,aligned,1,431,MCCE,bounded,MCCE_bounded,0,below_policy_threshold,13.7,0.0245792865753173,2.531986839312248,4.0
AUC,2,aligned,1,431,MCCE,bounded+edit,MCCE_bounded+edit,0,below_policy_threshold,13.7,0.0245792865753173,2.531986839312248,4.0
AUC,2,aligned,1,439,NICE,native,NICE_native,0,immutable_changed:Test_1,15.05,0.0066685676574707,2.56,3.0
AUC,2,aligned,1,439,NICE,bounded,NICE_bounded,0,below_policy_threshold;classifier_target_not_met,14.75,0.0066685676574707,2.56,3.0
AUC,2,aligned,1,439,NICE,bounded+edit,NICE_bounded+edit,0,below_policy_threshold;classifier_target_not_met,14.75,0.0066685676574707,2.56,3.0
AUC,2,aligned,1,439,MCCE,native,MCCE_native,0,below_policy_threshold,14.95,0.0226852893829345,2.7253064560065376,4.0
AUC,2,aligned,1,439,MCCE,bounded,MCCE_bounded,0,below_policy_threshold,14.95,0.0226852893829345,2.7253064560065376,4.0
AUC,2,aligned,1,439,MCCE,bounded+edit,MCCE_bounded+edit,0,below_policy_threshold,14.95,0.0226852893829345,2.7253064560065376,4.0
AUC,2,aligned,1,444,NICE,native,NICE_native,0,immutable_changed:Test_1,15.05,0.006911277770996,2.56,3.0
AUC,2,aligned,1,444,NICE,bounded,NICE_bounded,0,below_policy_threshold;classifier_target_not_met,13.55,0.006911277770996,2.56,3.0
AUC,2,aligned,1,444,NICE,bounded+edit,NICE_bounded+edit,0,below_policy_threshold;classifier_target_not_met,13.55,0.006911277770996,2.56,3.0
AUC,2,aligned,1,444,MCCE,native,MCCE_native,0,no_candidate,,0.0176498889923095,,
AUC,2,aligned,1,444,MCCE,bounded,MCCE_bounded,0,no_candidate,,0.0176498889923095,,
AUC,2,aligned,1,444,MCCE,bounded+edit,MCCE_bounded+edit,0,no_candidate,,0.0176498889923095,,
AUC,2,aligned,1,447,NICE,native,NICE_native,0,immutable_changed:Test_1,15.05,0.0069835186004638,2.56,3.0
AUC,2,aligned,1,447,NICE,bounded,NICE_bounded,0,below_policy_threshold;classifier_target_not_met,14.675,0.0069835186004638,2.56,3.0
AUC,2,aligned,1,447,NICE,bounded+edit,NICE_bounded+edit,0,below_policy_threshold;classifier_target_not_met,14.675,0.0069835186004638,2.56,3.0
AUC,2,aligned,1,447,MCCE,native,MCCE_native,1,OK,15.075,0.0256059169769287,2.674401204042141,4.0
AUC,2,aligned,1,447,MCCE,bounded,MCCE_bounded,1,OK,15.075,0.0256059169769287,2.674401204042141,4.0
AUC,2,aligned,1,447,MCCE,bounded+edit,MCCE_bounded+edit,1,OK,15.075,0.0256059169769287,2.674401204042141,4.0
AUC,2,aligned,1,451,NICE,native,NICE_native,1,OK,15.55,0.0056023597717285,2.665,3.0
AUC,2,aligned,1,451,NICE,bounded,NICE_bounded,1,OK,15.55,0.0056023597717285,2.665,3.0
AUC,2,aligned,1,451,NICE,bounded+edit,NICE_bounded+edit,1,OK,15.55,0.0056023597717285,2.665,3.0
AUC,2,aligned,1,451,MCCE,native,MCCE_native,1,OK,15.025,0.0216298103332519,2.56,3.0
AUC,2,aligned,1,451,MCCE,bounded,MCCE_bounded,1,OK,15.025,0.0216298103332519,2.56,3.0
AUC,2,aligned,1,451,MCCE,bounded+edit,MCCE_bounded+edit,1,OK,15.025,0.0216298103332519,2.56,3.0
AUC,2,aligned,1,455,NICE,native,NICE_native,0,immutable_changed:Test_1,15.05,0.0067942142486572,2.56,3.0
AUC,2,aligned,1,455,NICE,bounded,NICE_bounded,0,below_policy_threshold;classifier_target_not_met,14.95,0.0067942142486572,2.56,3.0
AUC,2,aligned,1,455,NICE,bounded+edit,NICE_bounded+edit,0,below_policy_threshold;classifier_target_not_met,14.95,0.0067942142486572,2.56,3.0
AUC,2,aligned,1,455,MCCE,native,MCCE_native,1,OK,15.15,0.0244486331939697,2.618121413470251,4.0
AUC,2,aligned,1,455,MCCE,bounded,MCCE_bounded,1,OK,15.15,0.0244486331939697,2.618121413470251,4.0
AUC,2,aligned,1,455,MCCE,bounded+edit,MCCE_bounded+edit,1,OK,15.15,0.0244486331939697,2.618121413470251,4.0
AUC,2,aligned,1,463,NICE,native,NICE_native,0,immutable_changed:Test_1,15.05,0.0068931579589843,2.56,3.0
AUC,2,aligned,1,463,NICE,bounded,NICE_bounded,0,below_policy_threshold;classifier_target_not_met,14.25,0.0068931579589843,2.56,3.0
AUC,2,aligned,1,463,NICE,bounded+edit,NICE_bounded+edit,0,below_policy_threshold;classifier_target_not_met,14.25,0.0068931579589843,2.56,3.0
AUC,2,aligned,1,463,MCCE,native,MCCE_native,0,below_policy_threshold,14.8,0.0237503051757812,2.9273036719378185,4.0
AUC,2,aligned,1,463,MCCE,bounded,MCCE_bounded,0,below_policy_threshold,14.8,0.0237503051757812,2.9273036719378185,4.0
AUC,2,aligned,1,463,MCCE,bounded+edit,MCCE_bounded+edit,0,below_policy_threshold,14.8,0.0237503051757812,2.9273036719378185,4.0
AUC,2,aligned,1,479,NICE,native,NICE_native,0,below_policy_threshold;immutable_changed:Test_1,11.1,0.0055112838745117,1.77,2.0
AUC,2,aligned,1,479,NICE,bounded,NICE_bounded,0,below_policy_threshold;classifier_target_not_met,10.6,0.0055112838745117,1.77,2.0
AUC,2,aligned,1,479,NICE,bounded+edit,NICE_bounded+edit,1,OK,15.044444444444444,0.0055112838745117,2.658888888888889,3.0
AUC,2,aligned,1,479,MCCE,native,MCCE_native,0,below_policy_threshold,15.0,0.0232009887695312,2.732498526812021,4.0
AUC,2,aligned,1,479,MCCE,bounded,MCCE_bounded,0,below_policy_threshold,15.0,0.0232009887695312,2.732498526812021,4.0
AUC,2,aligned,1,479,MCCE,bounded+edit,MCCE_bounded+edit,0,below_policy_threshold,15.0,0.0232009887695312,2.732498526812021,4.0
AUC,2,aligned,1,481,NICE,native,NICE_native,1,OK,15.05,0.005422830581665,2.62,3.0
AUC,2,aligned,1,481,NICE,bounded,NICE_bounded,1,OK,15.05,0.005422830581665,2.62,3.0
AUC,2,aligned,1,481,NICE,bounded+edit,NICE_bounded+edit,1,OK,15.05,0.005422830581665,2.62,3.0
AUC,2,aligned,1,481,MCCE,native,MCCE_native,0,out_of_bounds:sum_click,15.1,0.0223839282989501,2.757629402032616,4.0
AUC,2,aligned,1,481,MCCE,bounded,MCCE_bounded,0,below_policy_threshold,14.95,0.0223839282989501,2.8410777593949423,4.0
AUC,2,aligned,1,481,MCCE,bounded+edit,MCCE_bounded+edit,0,below_policy_threshold,14.95,0.0223839282989501,2.8410777593949423,4.0
AUC,2,aligned,1,489,NICE,native,NICE_native,0,immutable_changed:Test_1,15.3,0.0067393779754638,2.6,3.0
AUC,2,aligned,1,489,NICE,bounded,NICE_bounded,0,below_policy_threshold;classifier_target_not_met,15.0,0.0067393779754638,2.6,3.0
AUC,2,aligned,1,489,NICE,bounded+edit,NICE_bounded+edit,0,below_policy_threshold;classifier_target_not_met,15.0,0.0067393779754638,2.6,3.0
AUC,2,aligned,1,489,MCCE,native,MCCE_native,1,OK,15.15,0.0243651866912841,3.2961251015434607,4.0
AUC,2,aligned,1,489,MCCE,bounded,MCCE_bounded,1,OK,15.15,0.0243651866912841,3.2961251015434607,4.0
AUC,2,aligned,1,489,MCCE,bounded+edit,MCCE_bounded+edit,1,OK,15.15,0.0243651866912841,3.2961251015434607,4.0
AUC,2,aligned,1,494,NICE,native,NICE_native,1,OK,15.05,0.0055298805236816,2.56,3.0
AUC,2,aligned,1,494,NICE,bounded,NICE_bounded,1,OK,15.05,0.0055298805236816,2.56,3.0
AUC,2,aligned,1,494,NICE,bounded+edit,NICE_bounded+edit,1,OK,15.05,0.0055298805236816,2.56,3.0
AUC,2,aligned,1,494,MCCE,native,MCCE_native,1,OK,15.05,0.0254414081573486,2.56,3.0
AUC,2,aligned,1,494,MCCE,bounded,MCCE_bounded,1,OK,15.05,0.0254414081573486,2.56,3.0
AUC,2,aligned,1,494,MCCE,bounded+edit,MCCE_bounded+edit,1,OK,15.05,0.0254414081573486,2.56,3.0
AUC,2,aligned,1,500,NICE,native,NICE_native,0,immutable_changed:Test_1,15.05,0.0068459510803222,2.56,3.0
AUC,2,aligned,1,500,NICE,bounded,NICE_bounded,0,below_policy_threshold;classifier_target_not_met,14.8,0.0068459510803222,2.56,3.0
AUC,2,aligned,1,500,NICE,bounded+edit,NICE_bounded+edit,0,below_policy_threshold;classifier_target_not_met,14.8,0.0068459510803222,2.56,3.0
AUC,2,aligned,1,500,MCCE,native,MCCE_native,0,below_policy_threshold;out_of_bounds:sum_click,14.6,0.0239272117614746,2.707641539954708,4.0
AUC,2,aligned,1,500,MCCE,bounded,MCCE_bounded,1,OK,15.05,0.0239272117614746,2.700585571012617,4.0
AUC,2,aligned,1,500,MCCE,bounded+edit,MCCE_bounded+edit,1,OK,15.05,0.0239272117614746,2.700585571012617,4.0
AUC,2,aligned,1,508,NICE,native,NICE_native,0,below_policy_threshold;immutable_changed:Test_1,11.1,0.0053701400756835,1.77,2.0
AUC,2,aligned,1,508,NICE,bounded,NICE_bounded,0,below_policy_threshold;classifier_target_not_met,10.475,0.0053701400756835,1.77,2.0
AUC,2,aligned,1,508,NICE,bounded+edit,NICE_bounded+edit,1,OK,15.475,0.0053701400756835,2.77,3.0
AUC,2,aligned,1,508,MCCE,native,MCCE_native,0,below_policy_threshold,14.775,0.023526906967163,2.679679155454357,4.0
AUC,2,aligned,1,508,MCCE,bounded,MCCE_bounded,0,below_policy_threshold,14.775,0.023526906967163,2.679679155454357,4.0
AUC,2,aligned,1,508,MCCE,bounded+edit,MCCE_bounded+edit,0,below_policy_threshold,14.775,0.023526906967163,2.679679155454357,4.0
AUC,2,aligned,1,520,NICE,native,NICE_native,0,below_policy_threshold,14.85,0.0054850578308105,2.62,3.0
AUC,2,aligned,1,520,NICE,bounded,NICE_bounded,0,below_policy_threshold,14.85,0.0054850578308105,2.62,3.0
AUC,2,aligned,1,520,NICE,bounded+edit,NICE_bounded+edit,0,below_policy_threshold,14.85,0.0054850578308105,2.62,3.0
AUC,2,aligned,1,520,MCCE,native,MCCE_native,0,below_policy_threshold;out_of_bounds:sum_click,15.0,0.0235745906829834,2.7089435502153707,4.0
AUC,2,aligned,1,520,MCCE,bounded,MCCE_bounded,0,below_policy_threshold,15.0,0.0235745906829834,2.7996259351620947,4.0
AUC,2,aligned,1,520,MCCE,bounded+edit,MCCE_bounded+edit,0,below_policy_threshold,15.0,0.0235745906829834,2.7996259351620947,4.0
AUC,2,aligned,1,530,NICE,native,NICE_native,0,below_policy_threshold,11.3,0.004206895828247,1.83,2.0
AUC,2,aligned,1,530,NICE,bounded,NICE_bounded,0,below_policy_threshold,11.3,0.004206895828247,1.83,2.0
AUC,2,aligned,1,530,NICE,bounded+edit,NICE_bounded+edit,1,OK,15.18888888888889,0.004206895828247,2.607777777777778,3.0
AUC,2,aligned,1,530,MCCE,native,MCCE_native,1,OK,15.65,0.0245718955993652,3.3924101198402137,4.0
AUC,2,aligned,1,530,MCCE,bounded,MCCE_bounded,1,OK,15.65,0.0245718955993652,3.3924101198402137,4.0
AUC,2,aligned,1,530,MCCE,bounded+edit,MCCE_bounded+edit,1,OK,15.65,0.0245718955993652,3.3924101198402137,4.0
AUC,2,aligned,1,535,NICE,native,NICE_native,1,OK,15.1,0.0052804946899414,2.57,3.0
AUC,2,aligned,1,535,NICE,bounded,NICE_bounded,1,OK,15.1,0.0052804946899414,2.57,3.0
AUC,2,aligned,1,535,NICE,bounded+edit,NICE_bounded+edit,1,OK,15.1,0.0052804946899414,2.57,3.0
AUC,2,aligned,1,535,MCCE,native,MCCE_native,0,below_policy_threshold;out_of_bounds:sum_click,13.9,0.0261502265930175,2.5413606340819026,4.0
AUC,2,aligned,1,535,MCCE,bounded,MCCE_bounded,1,OK,15.05,0.0261502265930175,2.692100396301189,4.0
AUC,2,aligned,1,535,MCCE,bounded+edit,MCCE_bounded+edit,1,OK,15.05,0.0261502265930175,2.692100396301189,4.0
AUC,2,aligned,1,537,NICE,native,NICE_native,1,OK,15.275,0.0054099559783935,2.6,3.0
AUC,2,aligned,1,537,NICE,bounded,NICE_bounded,1,OK,15.275,0.0054099559783935,2.6,3.0
AUC,2,aligned,1,537,NICE,bounded+edit,NICE_bounded+edit,1,OK,15.275,0.0054099559783935,2.6,3.0
AUC,2,aligned,1,537,MCCE,native,MCCE_native,0,out_of_bounds:sum_click,15.075,0.0253446102142334,2.8999048266485388,4.0
AUC,2,aligned,1,537,MCCE,bounded,MCCE_bounded,1,OK,15.125,0.0253446102142334,2.896308633582597,4.0
AUC,2,aligned,1,537,MCCE,bounded+edit,MCCE_bounded+edit,1,OK,15.125,0.0253446102142334,2.896308633582597,4.0
AUC,2,aligned,1,546,NICE,native,NICE_native,0,immutable_changed:Test_1,15.05,0.0068898200988769,2.56,3.0
AUC,2,aligned,1,546,NICE,bounded,NICE_bounded,0,below_policy_threshold;classifier_target_not_met,14.6,0.0068898200988769,2.56,3.0
AUC,2,aligned,1,546,NICE,bounded+edit,NICE_bounded+edit,0,below_policy_threshold;classifier_target_not_met,14.6,0.0068898200988769,2.56,3.0
AUC,2,aligned,1,546,MCCE,native,MCCE_native,1,OK,15.05,0.0230104923248291,2.6708822761681024,4.0
AUC,2,aligned,1,546,MCCE,bounded,MCCE_bounded,1,OK,15.05,0.0230104923248291,2.6708822761681024,4.0
AUC,2,aligned,1,546,MCCE,bounded+edit,MCCE_bounded+edit,1,OK,15.05,0.0230104923248291,2.6708822761681024,4.0
AUC,2,aligned,1,576,NICE,native,NICE_native,0,below_policy_threshold,11.35,0.0041632652282714,1.92,2.0
AUC,2,aligned,1,576,NICE,bounded,NICE_bounded,0,below_policy_threshold,11.35,0.0041632652282714,1.92,2.0
AUC,2,aligned,1,576,NICE,bounded+edit,NICE_bounded+edit,1,OK,15.238888888888887,0.0041632652282714,2.6977777777777776,3.0
AUC,2,aligned,1,576,MCCE,native,MCCE_native,0,below_policy_threshold;out_of_bounds:sum_click,15.0,0.0205934047698974,3.1905405405405407,4.0
AUC,2,aligned,1,576,MCCE,bounded,MCCE_bounded,0,no_candidate,,0.0205934047698974,,
AUC,2,aligned,1,576,MCCE,bounded+edit,MCCE_bounded+edit,0,no_candidate,,0.0205934047698974,,
AUC,2,aligned,1,581,NICE,native,NICE_native,0,immutable_changed:Test_1,15.05,0.006861925125122,2.56,3.0
AUC,2,aligned,1,581,NICE,bounded,NICE_bounded,0,below_policy_threshold;classifier_target_not_met,14.05,0.006861925125122,2.56,3.0
AUC,2,aligned,1,581,NICE,bounded+edit,NICE_bounded+edit,0,below_policy_threshold;classifier_target_not_met,14.05,0.006861925125122,2.56,3.0
AUC,2,aligned,1,581,MCCE,native,MCCE_native,0,no_candidate,,0.0172686576843261,,
AUC,2,aligned,1,581,MCCE,bounded,MCCE_bounded,0,no_candidate,,0.0172686576843261,,
AUC,2,aligned,1,581,MCCE,bounded+edit,MCCE_bounded+edit,0,no_candidate,,0.0172686576843261,,
AUC,2,aligned,1,596,NICE,native,NICE_native,1,OK,15.05,0.005615234375,2.56,3.0
AUC,2,aligned,1,596,NICE,bounded,NICE_bounded,1,OK,15.05,0.005615234375,2.56,3.0
AUC,2,aligned,1,596,NICE,bounded+edit,NICE_bounded+edit,1,OK,15.05,0.005615234375,2.56,3.0
AUC,2,aligned,1,596,MCCE,native,MCCE_native,1,OK,15.05,0.0249168872833251,2.56,3.0
AUC,2,aligned,1,596,MCCE,bounded,MCCE_bounded,1,OK,15.05,0.0249168872833251,2.56,3.0
AUC,2,aligned,1,596,MCCE,bounded+edit,MCCE_bounded+edit,1,OK,15.05,0.0249168872833251,2.56,3.0
AUC,2,aligned,1,598,NICE,native,NICE_native,1,OK,15.05,0.0053727626800537,2.56,3.0
AUC,2,aligned,1,598,NICE,bounded,NICE_bounded,1,OK,15.05,0.0053727626800537,2.56,3.0
AUC,2,aligned,1,598,NICE,bounded+edit,NICE_bounded+edit,1,OK,15.05,0.0053727626800537,2.56,3.0
AUC,2,aligned,1,598,MCCE,native,MCCE_native,1,OK,15.25,0.0248973369598388,2.6,3.0
AUC,2,aligned,1,598,MCCE,bounded,MCCE_bounded,1,OK,15.25,0.0248973369598388,2.6,3.0
AUC,2,aligned,1,598,MCCE,bounded+edit,MCCE_bounded+edit,1,OK,15.25,0.0248973369598388,2.6,3.0
AUC,2,aligned,1,599,NICE,native,NICE_native,1,OK,15.075,0.0055072307586669,2.56,3.0
AUC,2,aligned,1,599,NICE,bounded,NICE_bounded,1,OK,15.075,0.0055072307586669,2.56,3.0
AUC,2,aligned,1,599,NICE,bounded+edit,NICE_bounded+edit,1,OK,15.075,0.0055072307586669,2.56,3.0
AUC,2,aligned,1,599,MCCE,native,MCCE_native,1,OK,16.925,0.0238466262817382,2.93,3.0
AUC,2,aligned,1,599,MCCE,bounded,MCCE_bounded,1,OK,16.925,0.0238466262817382,2.93,3.0
AUC,2,aligned,1,599,MCCE,bounded+edit,MCCE_bounded+edit,1,OK,16.925,0.0238466262817382,2.93,3.0
AUC,2,aligned,1,600,NICE,native,NICE_native,0,below_policy_threshold;immutable_changed:Test_1,10.95,0.0053122043609619,1.7400000000000002,2.0
AUC,2,aligned,1,600,NICE,bounded,NICE_bounded,0,below_policy_threshold;classifier_target_not_met,10.7,0.0053122043609619,1.7400000000000002,2.0
AUC,2,aligned,1,600,NICE,bounded+edit,NICE_bounded+edit,1,OK,15.144444444444446,0.0053122043609619,2.628888888888889,3.0
AUC,2,aligned,1,600,MCCE,native,MCCE_native,0,below_policy_threshold;out_of_bounds:sum_click,14.6,0.0252554416656494,2.915286963131889,4.0
AUC,2,aligned,1,600,MCCE,bounded,MCCE_bounded,1,OK,15.2,0.0252554416656494,2.8756518434055494,4.0
AUC,2,aligned,1,600,MCCE,bounded+edit,MCCE_bounded+edit,1,OK,15.2,0.0252554416656494,2.8756518434055494,4.0
AUC,2,aligned,1,606,NICE,native,NICE_native,0,immutable_changed:Test_1,15.05,0.0068922042846679,2.56,3.0
AUC,2,aligned,1,606,NICE,bounded,NICE_bounded,0,below_policy_threshold;classifier_target_not_met,14.95,0.0068922042846679,2.56,3.0
AUC,2,aligned,1,606,NICE,bounded+edit,NICE_bounded+edit,0,below_policy_threshold;classifier_target_not_met,14.95,0.0068922042846679,2.56,3.0
AUC,2,aligned,1,606,MCCE,native,MCCE_native,1,OK,15.55,0.0234396457672119,2.68,3.0
AUC,2,aligned,1,606,MCCE,bounded,MCCE_bounded,1,OK,15.55,0.0234396457672119,2.68,3.0
AUC,2,aligned,1,606,MCCE,bounded+edit,MCCE_bounded+edit,1,OK,15.55,0.0234396457672119,2.68,3.0
AUC,2,aligned,1,608,NICE,native,NICE_native,1,OK,15.175,0.0056359767913818,2.61,3.0
AUC,2,aligned,1,608,NICE,bounded,NICE_bounded,1,OK,15.175,0.0056359767913818,2.61,3.0
AUC,2,aligned,1,608,NICE,bounded+edit,NICE_bounded+edit,1,OK,15.175,0.0056359767913818,2.61,3.0
AUC,2,aligned,1,608,MCCE,native,MCCE_native,0,below_policy_threshold;out_of_bounds:sum_click,14.875,0.0230765342712402,2.850276570525484,4.0
AUC,2,aligned,1,608,MCCE,bounded,MCCE_bounded,0,below_policy_threshold,14.875,0.0230765342712402,2.881884630580798,4.0
AUC,2,aligned,1,608,MCCE,bounded+edit,MCCE_bounded+edit,0,below_policy_threshold,14.875,0.0230765342712402,2.881884630580798,4.0
AUC,2,aligned,1,626,NICE,native,NICE_native,1,OK,15.1,0.0053551197052001,2.57,3.0
AUC,2,aligned,1,626,NICE,bounded,NICE_bounded,1,OK,15.1,0.0053551197052001,2.57,3.0
AUC,2,aligned,1,626,NICE,bounded+edit,NICE_bounded+edit,1,OK,15.1,0.0053551197052001,2.57,3.0
AUC,2,aligned,1,626,MCCE,native,MCCE_native,1,OK,16.75,0.0249502658843994,2.9000000000000004,3.0
AUC,2,aligned,1,626,MCCE,bounded,MCCE_bounded,1,OK,16.75,0.0249502658843994,2.9000000000000004,3.0
AUC,2,aligned,1,626,MCCE,bounded+edit,MCCE_bounded+edit,1,OK,16.75,0.0249502658843994,2.9000000000000004,3.0
AUC,2,aligned,1,643,NICE,native,NICE_native,1,OK,15.125,0.0056574344635009,2.61,3.0
AUC,2,aligned,1,643,NICE,bounded,NICE_bounded,1,OK,15.125,0.0056574344635009,2.61,3.0
AUC,2,aligned,1,643,NICE,bounded+edit,NICE_bounded+edit,1,OK,15.125,0.0056574344635009,2.61,3.0
AUC,2,aligned,1,643,MCCE,native,MCCE_native,0,below_policy_threshold,14.925,0.0231146812438964,2.6987001287001284,4.0
AUC,2,aligned,1,643,MCCE,bounded,MCCE_bounded,0,below_policy_threshold,14.925,0.0231146812438964,2.6987001287001284,4.0
AUC,2,aligned,1,643,MCCE,bounded+edit,MCCE_bounded+edit,0,below_policy_threshold,14.925,0.0231146812438964,2.6987001287001284,4.0
AUC,2,aligned,1,645,NICE,native,NICE_native,0,immutable_changed:Test_1,15.05,0.0067276954650878,2.56,3.0
AUC,2,aligned,1,645,NICE,bounded,NICE_bounded,0,below_policy_threshold;classifier_target_not_met,14.8,0.0067276954650878,2.56,3.0
AUC,2,aligned,1,645,NICE,bounded+edit,NICE_bounded+edit,0,below_policy_threshold;classifier_target_not_met,14.8,0.0067276954650878,2.56,3.0
AUC,2,aligned,1,645,MCCE,native,MCCE_native,1,OK,16.825,0.0238852500915527,2.965,3.0
AUC,2,aligned,1,645,MCCE,bounded,MCCE_bounded,1,OK,16.825,0.0238852500915527,2.965,3.0
AUC,2,aligned,1,645,MCCE,bounded+edit,MCCE_bounded+edit,1,OK,16.825,0.0238852500915527,2.965,3.0
AUC,2,aligned,1,660,NICE,native,NICE_native,1,OK,15.025,0.0054526329040527,2.56,3.0
AUC,2,aligned,1,660,NICE,bounded,NICE_bounded,1,OK,15.025,0.0054526329040527,2.56,3.0
AUC,2,aligned,1,660,NICE,bounded+edit,NICE_bounded+edit,1,OK,15.025,0.0054526329040527,2.56,3.0
AUC,2,aligned,1,660,MCCE,native,MCCE_native,1,OK,15.125,0.0235998630523681,2.58,3.0
AUC,2,aligned,1,660,MCCE,bounded,MCCE_bounded,1,OK,15.125,0.0235998630523681,2.58,3.0
AUC,2,aligned,1,660,MCCE,bounded+edit,MCCE_bounded+edit,1,OK,15.125,0.0235998630523681,2.58,3.0
AUC,2,aligned,1,668,NICE,native,NICE_native,0,below_policy_threshold,14.975,0.0055625438690185,2.62,3.0
AUC,2,aligned,1,668,NICE,bounded,NICE_bounded,0,below_policy_threshold,14.975,0.0055625438690185,2.62,3.0
AUC,2,aligned,1,668,NICE,bounded+edit,NICE_bounded+edit,0,below_policy_threshold,14.975,0.0055625438690185,2.62,3.0
AUC,2,aligned,1,668,MCCE,native,MCCE_native,0,out_of_bounds:sum_click,15.075,0.0239813327789306,2.644473272198613,4.0
AUC,2,aligned,1,668,MCCE,bounded,MCCE_bounded,1,OK,15.175,0.0239813327789306,2.664473272198613,4.0
AUC,2,aligned,1,668,MCCE,bounded+edit,MCCE_bounded+edit,1,OK,15.175,0.0239813327789306,2.664473272198613,4.0
AUC,2,aligned,2,13,NICE,native,NICE_native,0,immutable_changed:Test_1,15.05,0.0056009292602539,1.66,2.0
AUC,2,aligned,2,13,NICE,bounded,NICE_bounded,0,below_policy_threshold;classifier_target_not_met,14.925,0.0056009292602539,1.66,2.0
AUC,2,aligned,2,13,NICE,bounded+edit,NICE_bounded+edit,0,below_policy_threshold;classifier_target_not_met,14.925,0.0056009292602539,1.66,2.0
AUC,2,aligned,2,13,MCCE,native,MCCE_native,1,OK,16.125,0.0412774085998535,1.9,2.0
AUC,2,aligned,2,13,MCCE,bounded,MCCE_bounded,1,OK,16.125,0.0412774085998535,1.9,2.0
AUC,2,aligned,2,13,MCCE,bounded+edit,MCCE_bounded+edit,1,OK,16.125,0.0412774085998535,1.9,2.0
AUC,2,aligned,2,16,NICE,native,NICE_native,0,below_policy_threshold;immutable_changed:Test_1,11.1,0.0057017803192138,1.77,2.0
AUC,2,aligned,2,16,NICE,bounded,NICE_bounded,0,below_policy_threshold;classifier_target_not_met,10.6,0.0057017803192138,1.77,2.0
AUC,2,aligned,2,16,NICE,bounded+edit,NICE_bounded+edit,0,below_policy_threshold;classifier_target_not_met,10.6,0.0057017803192138,1.77,2.0
AUC,2,aligned,2,16,MCCE,native,MCCE_native,0,no_candidate,,0.0135502815246582,,
AUC,2,aligned,2,16,MCCE,bounded,MCCE_bounded,0,no_candidate,,0.0135502815246582,,
AUC,2,aligned,2,16,MCCE,bounded+edit,MCCE_bounded+edit,0,no_candidate,,0.0135502815246582,,
AUC,2,aligned,2,18,NICE,native,NICE_native,0,immutable_changed:Test_1;immutable_changed:Test_2,15.05,0.006737470626831,1.66,2.0
AUC,2,aligned,2,18,NICE,bounded,NICE_bounded,0,below_policy_threshold;classifier_target_not_met,14.425,0.006737470626831,1.66,2.0
AUC,2,aligned,2,18,NICE,bounded+edit,NICE_bounded+edit,0,below_policy_threshold;classifier_target_not_met,14.425,0.006737470626831,1.66,2.0
AUC,2,aligned,2,18,MCCE,native,MCCE_native,0,below_policy_threshold,14.975,0.0203301906585693,1.8589943636903,3.0
AUC,2,aligned,2,18,MCCE,bounded,MCCE_bounded,0,below_policy_threshold,14.975,0.0203301906585693,1.8589943636903,3.0
AUC,2,aligned,2,18,MCCE,bounded+edit,MCCE_bounded+edit,0,below_policy_threshold,14.975,0.0203301906585693,1.8589943636903,3.0
AUC,2,aligned,2,30,NICE,native,NICE_native,0,immutable_changed:Test_1;immutable_changed:Test_2,15.3,0.0068559646606445,1.6800000000000002,2.0
AUC,2,aligned,2,30,NICE,bounded,NICE_bounded,0,below_policy_threshold;classifier_target_not_met,14.15,0.0068559646606445,1.6800000000000002,2.0
AUC,2,aligned,2,30,NICE,bounded+edit,NICE_bounded+edit,0,below_policy_threshold;classifier_target_not_met,14.15,0.0068559646606445,1.6800000000000002,2.0
AUC,2,aligned,2,30,MCCE,native,MCCE_native,0,out_of_bounds:sum_click,15.1,0.0172924995422363,2.902863849765259,3.0
AUC,2,aligned,2,30,MCCE,bounded,MCCE_bounded,0,no_candidate,,0.0172924995422363,,
AUC,2,aligned,2,30,MCCE,bounded+edit,MCCE_bounded+edit,0,no_candidate,,0.0172924995422363,,
AUC,2,aligned,2,37,NICE,native,NICE_native,0,immutable_changed:Test_1;immutable_changed:Test_2,15.05,0.0067541599273681,1.65,2.0
AUC,2,aligned,2,37,NICE,bounded,NICE_bounded,0,below_policy_threshold;classifier_target_not_met,14.2,0.0067541599273681,1.65,2.0
AUC,2,aligned,2,37,NICE,bounded+edit,NICE_bounded+edit,0,below_policy_threshold;classifier_target_not_met,14.2,0.0067541599273681,1.65,2.0
AUC,2,aligned,2,37,MCCE,native,MCCE_native,0,no_candidate,,0.0132992267608642,,
AUC,2,aligned,2,37,MCCE,bounded,MCCE_bounded,0,no_candidate,,0.0132992267608642,,
AUC,2,aligned,2,37,MCCE,bounded+edit,MCCE_bounded+edit,0,no_candidate,,0.0132992267608642,,
AUC,2,aligned,2,40,NICE,native,NICE_native,0,immutable_changed:Test_2,15.05,0.0054085254669189,1.75,2.0
AUC,2,aligned,2,40,NICE,bounded,NICE_bounded,0,below_policy_threshold;classifier_target_not_met,14.45,0.0054085254669189,1.75,2.0
AUC,2,aligned,2,40,NICE,bounded+edit,NICE_bounded+edit,0,below_policy_threshold;classifier_target_not_met,14.45,0.0054085254669189,1.75,2.0
AUC,2,aligned,2,40,MCCE,native,MCCE_native,0,below_policy_threshold,14.7,0.0194675922393798,2.110515172900494,3.0
AUC,2,aligned,2,40,MCCE,bounded,MCCE_bounded,0,below_policy_threshold,14.7,0.0194675922393798,2.110515172900494,3.0
AUC,2,aligned,2,40,MCCE,bounded+edit,MCCE_bounded+edit,0,below_policy_threshold,14.7,0.0194675922393798,2.110515172900494,3.0
AUC,2,aligned,2,55,NICE,native,NICE_native,0,below_policy_threshold,11.225,0.0041625499725341,1.77,2.0
AUC,2,aligned,2,55,NICE,bounded,NICE_bounded,0,below_policy_threshold,11.225,0.0041625499725341,1.77,2.0
AUC,2,aligned,2,55,NICE,bounded+edit,NICE_bounded+edit,0,below_policy_threshold,11.225,0.0041625499725341,1.77,2.0
AUC,2,aligned,2,55,MCCE,native,MCCE_native,0,no_candidate,,0.0140442848205566,,
AUC,2,aligned,2,55,MCCE,bounded,MCCE_bounded,0,no_candidate,,0.0140442848205566,,
AUC,2,aligned,2,55,MCCE,bounded+edit,MCCE_bounded+edit,0,no_candidate,,0.0140442848205566,,
AUC,2,aligned,2,62,NICE,native,NICE_native,0,immutable_changed:Test_2,15.3,0.0053017139434814,1.6800000000000002,2.0
AUC,2,aligned,2,62,NICE,bounded,NICE_bounded,0,below_policy_threshold;classifier_target_not_met,14.7,0.0053017139434814,1.6800000000000002,2.0
AUC,2,aligned,2,62,NICE,bounded+edit,NICE_bounded+edit,0,below_policy_threshold;classifier_target_not_met,14.7,0.0053017139434814,1.6800000000000002,2.0
AUC,2,aligned,2,62,MCCE,native,MCCE_native,1,OK,15.2,0.0200417041778564,2.309531568228107,3.0
AUC,2,aligned,2,62,MCCE,bounded,MCCE_bounded,1,OK,15.2,0.0200417041778564,2.309531568228107,3.0
AUC,2,aligned,2,62,MCCE,bounded+edit,MCCE_bounded+edit,1,OK,15.2,0.0200417041778564,2.309531568228107,3.0
AUC,2,aligned,2,67,NICE,native,NICE_native,0,immutable_changed:Test_1;immutable_changed:Test_2,15.05,0.006793737411499,1.65,2.0
AUC,2,aligned,2,67,NICE,bounded,NICE_bounded,0,below_policy_threshold;classifier_target_not_met,14.625,0.006793737411499,1.65,2.0
AUC,2,aligned,2,67,NICE,bounded+edit,NICE_bounded+edit,0,below_policy_threshold;classifier_target_not_met,14.625,0.006793737411499,1.65,2.0
AUC,2,aligned,2,67,MCCE,native,MCCE_native,1,OK,15.075,0.0201418399810791,1.7946572534730132,3.0
AUC,2,aligned,2,67,MCCE,bounded,MCCE_bounded,1,OK,15.075,0.0201418399810791,1.7946572534730132,3.0
AUC,2,aligned,2,67,MCCE,bounded+edit,MCCE_bounded+edit,1,OK,15.075,0.0201418399810791,1.7946572534730132,3.0
AUC,2,aligned,2,72,NICE,native,NICE_native,0,immutable_changed:Test_1;immutable_changed:Test_2,15.05,0.0070216655731201,1.66,2.0
AUC,2,aligned,2,72,NICE,bounded,NICE_bounded,0,below_policy_threshold;classifier_target_not_met,14.7,0.0070216655731201,1.66,2.0
AUC,2,aligned,2,72,NICE,bounded+edit,NICE_bounded+edit,0,below_policy_threshold;classifier_target_not_met,14.7,0.0070216655731201,1.66,2.0
AUC,2,aligned,2,72,MCCE,native,MCCE_native,0,below_policy_threshold,14.900000000000002,0.0206387042999267,1.815240564678767,3.0
AUC,2,aligned,2,72,MCCE,bounded,MCCE_bounded,0,below_policy_threshold,14.900000000000002,0.0206387042999267,1.815240564678767,3.0
AUC,2,aligned,2,72,MCCE,bounded+edit,MCCE_bounded+edit,0,below_policy_threshold,14.900000000000002,0.0206387042999267,1.815240564678767,3.0
AUC,2,aligned,2,77,NICE,native,NICE_native,0,immutable_changed:Test_1;immutable_changed:Test_2,15.05,0.0069255828857421,1.65,2.0
AUC,2,aligned,2,77,NICE,bounded,NICE_bounded,0,below_policy_threshold;classifier_target_not_met,10.375,0.0069255828857421,1.65,2.0
AUC,2,aligned,2,77,NICE,bounded+edit,NICE_bounded+edit,0,below_policy_threshold;classifier_target_not_met,10.375,0.0069255828857421,1.65,2.0
AUC,2,aligned,2,77,MCCE,native,MCCE_native,0,no_candidate,,0.0137228965759277,,
AUC,2,aligned,2,77,MCCE,bounded,MCCE_bounded,0,no_candidate,,0.0137228965759277,,
AUC,2,aligned,2,77,MCCE,bounded+edit,MCCE_bounded+edit,0,no_candidate,,0.0137228965759277,,
AUC,2,aligned,2,80,NICE,native,NICE_native,0,below_policy_threshold;immutable_changed:Test_2,14.8,0.0070345401763916,1.75,2.0
AUC,2,aligned,2,80,NICE,bounded,NICE_bounded,0,below_policy_threshold;classifier_target_not_met,14.2,0.0070345401763916,1.75,2.0
AUC,2,aligned,2,80,NICE,bounded+edit,NICE_bounded+edit,0,below_policy_threshold;classifier_target_not_met,14.2,0.0070345401763916,1.75,2.0
AUC,2,aligned,2,80,MCCE,native,MCCE_native,0,below_policy_threshold,14.45,0.0198156833648681,2.177443271175017,3.0
AUC,2,aligned,2,80,MCCE,bounded,MCCE_bounded,0,below_policy_threshold,14.45,0.0198156833648681,2.177443271175017,3.0
AUC,2,aligned,2,80,MCCE,bounded+edit,MCCE_bounded+edit,0,below_policy_threshold,14.45,0.0198156833648681,2.177443271175017,3.0
AUC,2,aligned,2,84,NICE,native,NICE_native,0,immutable_changed:Test_2,15.075,0.0053005218505859,1.65,2.0
AUC,2,aligned,2,84,NICE,bounded,NICE_bounded,0,below_policy_threshold;classifier_target_not_met,14.375,0.0053005218505859,1.65,2.0
AUC,2,aligned,2,84,NICE,bounded+edit,NICE_bounded+edit,0,below_policy_threshold;classifier_target_not_met,14.375,0.0053005218505859,1.65,2.0
AUC,2,aligned,2,84,MCCE,native,MCCE_native,0,no_candidate,,0.0146341323852539,,
AUC,2,aligned,2,84,MCCE,bounded,MCCE_bounded,0,no_candidate,,0.0146341323852539,,
AUC,2,aligned,2,84,MCCE,bounded+edit,MCCE_bounded+edit,0,no_candidate,,0.0146341323852539,,
AUC,2,aligned,2,89,NICE,native,NICE_native,0,below_policy_threshold;immutable_changed:Test_1,14.1,0.0054337978363037,1.77,2.0
AUC,2,aligned,2,89,NICE,bounded,NICE_bounded,0,below_policy_threshold;classifier_target_not_met,13.8,0.0054337978363037,1.77,2.0
AUC,2,aligned,2,89,NICE,bounded+edit,NICE_bounded+edit,0,below_policy_threshold;classifier_target_not_met,13.8,0.0054337978363037,1.77,2.0
AUC,2,aligned,2,89,MCCE,native,MCCE_native,0,no_candidate,,0.0141150951385498,,
AUC,2,aligned,2,89,MCCE,bounded,MCCE_bounded,0,no_candidate,,0.0141150951385498,,
AUC,2,aligned,2,89,MCCE,bounded+edit,MCCE_bounded+edit,0,no_candidate,,0.0141150951385498,,
AUC,2,aligned,2,107,NICE,native,NICE_native,0,immutable_changed:Test_1;immutable_changed:Test_2,15.05,0.0067842006683349,1.65,2.0
AUC,2,aligned,2,107,NICE,bounded,NICE_bounded,0,below_policy_threshold;classifier_target_not_met,14.725,0.0067842006683349,1.65,2.0
AUC,2,aligned,2,107,NICE,bounded+edit,NICE_bounded+edit,0,below_policy_threshold;classifier_target_not_met,14.725,0.0067842006683349,1.65,2.0
AUC,2,aligned,2,107,MCCE,native,MCCE_native,0,out_of_bounds:sum_click,15.175,0.0202457904815673,1.7835634937922022,3.0
AUC,2,aligned,2,107,MCCE,bounded,MCCE_bounded,1,OK,15.175,0.0202457904815673,1.835839686342845,3.0
AUC,2,aligned,2,107,MCCE,bounded+edit,MCCE_bounded+edit,1,OK,15.175,0.0202457904815673,1.835839686342845,3.0
AUC,2,aligned,2,109,NICE,native,NICE_native,0,immutable_changed:Test_2,15.05,0.0053558349609375,1.67,2.0
AUC,2,aligned,2,109,NICE,bounded,NICE_bounded,0,below_policy_threshold;classifier_target_not_met,13.55,0.0053558349609375,1.67,2.0
AUC,2,aligned,2,109,NICE,bounded+edit,NICE_bounded+edit,0,below_policy_threshold;classifier_target_not_met,13.55,0.0053558349609375,1.67,2.0
AUC,2,aligned,2,109,MCCE,native,MCCE_native,0,no_candidate,,0.0152473449707031,,
AUC,2,aligned,2,109,MCCE,bounded,MCCE_bounded,0,no_candidate,,0.0152473449707031,,
AUC,2,aligned,2,109,MCCE,bounded+edit,MCCE_bounded+edit,0,no_candidate,,0.0152473449707031,,
AUC,2,aligned,2,128,NICE,native,NICE_native,0,below_policy_threshold,11.1,0.0040304660797119,1.77,2.0
AUC,2,aligned,2,128,NICE,bounded,NICE_bounded,0,below_policy_threshold,11.1,0.0040304660797119,1.77,2.0
AUC,2,aligned,2,128,NICE,bounded+edit,NICE_bounded+edit,0,below_policy_threshold,11.1,0.0040304660797119,1.77,2.0
AUC,2,aligned,2,128,MCCE,native,MCCE_native,0,no_candidate,,0.0132548809051513,,
AUC,2,aligned,2,128,MCCE,bounded,MCCE_bounded,0,no_candidate,,0.0132548809051513,,
AUC,2,aligned,2,128,MCCE,bounded+edit,MCCE_bounded+edit,0,no_candidate,,0.0132548809051513,,
AUC,2,aligned,2,129,NICE,native,NICE_native,0,below_policy_threshold;immutable_changed:Test_2,14.975,0.0054881572723388,1.66,2.0
AUC,2,aligned,2,129,NICE,bounded,NICE_bounded,0,below_policy_threshold;classifier_target_not_met,14.725,0.0054881572723388,1.66,2.0
AUC,2,aligned,2,129,NICE,bounded+edit,NICE_bounded+edit,0,below_policy_threshold;classifier_target_not_met,14.725,0.0054881572723388,1.66,2.0
AUC,2,aligned,2,129,MCCE,native,MCCE_native,1,OK,15.175,0.0204992294311523,1.7930636727160874,3.0
AUC,2,aligned,2,129,MCCE,bounded,MCCE_bounded,1,OK,15.175,0.0204992294311523,1.7930636727160874,3.0
AUC,2,aligned,2,129,MCCE,bounded+edit,MCCE_bounded+edit,1,OK,15.175,0.0204992294311523,1.7930636727160874,3.0
AUC,2,aligned,2,141,NICE,native,NICE_native,0,immutable_changed:Test_1;immutable_changed:Test_2,15.15,0.0068364143371582,1.67,2.0
AUC,2,aligned,2,141,NICE,bounded,NICE_bounded,0,below_policy_threshold;classifier_target_not_met,14.65,0.0068364143371582,1.67,2.0
AUC,2,aligned,2,141,NICE,bounded+edit,NICE_bounded+edit,0,below_policy_threshold;classifier_target_not_met,14.65,0.0068364143371582,1.67,2.0
AUC,2,aligned,2,141,MCCE,native,MCCE_native,0,out_of_bounds:sum_click,15.15,0.0208652019500732,2.018292985723153,3.0
AUC,2,aligned,2,141,MCCE,bounded,MCCE_bounded,1,OK,15.15,0.0208652019500732,2.4279764121663567,3.0
AUC,2,aligned,2,141,MCCE,bounded+edit,MCCE_bounded+edit,1,OK,15.15,0.0208652019500732,2.4279764121663567,3.0
AUC,2,aligned,2,152,NICE,native,NICE_native,0,immutable_changed:Test_1,15.15,0.0059657096862792,1.66,2.0
AUC,2,aligned,2,152,NICE,bounded,NICE_bounded,0,below_policy_threshold;classifier_target_not_met,14.775,0.0059657096862792,1.66,2.0
AUC,2,aligned,2,152,NICE,bounded+edit,NICE_bounded+edit,0,below_policy_threshold;classifier_target_not_met,14.775,0.0059657096862792,1.66,2.0
AUC,2,aligned,2,152,MCCE,native,MCCE_native,1,OK,15.124999999999998,0.0198676586151123,1.73,2.0
AUC,2,aligned,2,152,MCCE,bounded,MCCE_bounded,1,OK,15.124999999999998,0.0198676586151123,1.73,2.0
AUC,2,aligned,2,152,MCCE,bounded+edit,MCCE_bounded+edit,1,OK,15.124999999999998,0.0198676586151123,1.73,2.0
AUC,2,aligned,2,165,NICE,native,NICE_native,0,immutable_changed:Test_2,15.1,0.0053896903991699,1.66,2.0
AUC,2,aligned,2,165,NICE,bounded,NICE_bounded,0,below_policy_threshold;classifier_target_not_met,14.85,0.0053896903991699,1.66,2.0
AUC,2,aligned,2,165,NICE,bounded+edit,NICE_bounded+edit,0,below_policy_threshold;classifier_target_not_met,14.85,0.0053896903991699,1.66,2.0
AUC,2,aligned,2,165,MCCE,native,MCCE_native,1,OK,15.45,0.0205512046813964,1.7800000000000002,2.0
AUC,2,aligned,2,165,MCCE,bounded,MCCE_bounded,1,OK,15.45,0.0205512046813964,1.7800000000000002,2.0
AUC,2,aligned,2,165,MCCE,bounded+edit,MCCE_bounded+edit,1,OK,15.45,0.0205512046813964,1.7800000000000002,2.0
AUC,2,aligned,2,176,NICE,native,NICE_native,0,below_policy_threshold;immutable_changed:Test_1,11.1,0.0052950382232666,1.77,2.0
AUC,2,aligned,2,176,NICE,bounded,NICE_bounded,0,below_policy_threshold;classifier_target_not_met,10.55,0.0052950382232666,1.77,2.0
AUC,2,aligned,2,176,NICE,bounded+edit,NICE_bounded+edit,0,below_policy_threshold;classifier_target_not_met,10.55,0.0052950382232666,1.77,2.0
AUC,2,aligned,2,176,MCCE,native,MCCE_native,0,no_candidate,,0.0133306980133056,,
AUC,2,aligned,2,176,MCCE,bounded,MCCE_bounded,0,no_candidate,,0.0133306980133056,,
AUC,2,aligned,2,176,MCCE,bounded+edit,MCCE_bounded+edit,0,no_candidate,,0.0133306980133056,,
AUC,2,aligned,2,183,NICE,native,NICE_native,0,immutable_changed:Test_2,15.025,0.0052728652954101,1.66,2.0
AUC,2,aligned,2,183,NICE,bounded,NICE_bounded,0,below_policy_threshold;classifier_target_not_met,14.025,0.0052728652954101,1.66,2.0
AUC,2,aligned,2,183,NICE,bounded+edit,NICE_bounded+edit,0,below_policy_threshold;classifier_target_not_met,14.025,0.0052728652954101,1.66,2.0
AUC,2,aligned,2,183,MCCE,native,MCCE_native,0,no_candidate,,0.0135691165924072,,
AUC,2,aligned,2,183,MCCE,bounded,MCCE_bounded,0,no_candidate,,0.0135691165924072,,
AUC,2,aligned,2,183,MCCE,bounded+edit,MCCE_bounded+edit,0,no_candidate,,0.0135691165924072,,
AUC,2,aligned,2,203,NICE,native,NICE_native,0,below_policy_threshold;immutable_changed:Test_1,15.0,0.0053386688232421,1.66,2.0
AUC,2,aligned,2,203,NICE,bounded,NICE_bounded,0,below_policy_threshold;classifier_target_not_met,14.625,0.0053386688232421,1.66,2.0
AUC,2,aligned,2,203,NICE,bounded+edit,NICE_bounded+edit,0,below_policy_threshold;classifier_target_not_met,14.625,0.0053386688232421,1.66,2.0
AUC,2,aligned,2,203,MCCE,native,MCCE_native,0,below_policy_threshold;out_of_bounds:sum_click,14.975,0.0200450420379638,2.0701969561324978,3.0
AUC,2,aligned,2,203,MCCE,bounded,MCCE_bounded,0,below_policy_threshold,14.975,0.0200450420379638,2.219406147418681,3.0
AUC,2,aligned,2,203,MCCE,bounded+edit,MCCE_bounded+edit,0,below_policy_threshold,14.975,0.0200450420379638,2.219406147418681,3.0
AUC,2,aligned,2,204,NICE,native,NICE_native,0,immutable_changed:Test_1;immutable_changed:Test_2,15.3,0.0068311691284179,1.6800000000000002,2.0
AUC,2,aligned,2,204,NICE,bounded,NICE_bounded,0,below_policy_threshold;classifier_target_not_met,14.05,0.0068311691284179,1.6800000000000002,2.0
AUC,2,aligned,2,204,NICE,bounded+edit,NICE_bounded+edit,0,below_policy_threshold;classifier_target_not_met,14.05,0.0068311691284179,1.6800000000000002,2.0
AUC,2,aligned,2,204,MCCE,native,MCCE_native,0,below_policy_threshold;out_of_bounds:sum_click,14.65,0.0174489021301269,2.4923837784371914,3.0
AUC,2,aligned,2,204,MCCE,bounded,MCCE_bounded,0,no_candidate,,0.0174489021301269,,
AUC,2,aligned,2,204,MCCE,bounded+edit,MCCE_bounded+edit,0,no_candidate,,0.0174489021301269,,
AUC,2,aligned,2,205,NICE,native,NICE_native,1,OK,15.325,0.0039896965026855,1.69,2.0
AUC,2,aligned,2,205,NICE,bounded,NICE_bounded,1,OK,15.325,0.0039896965026855,1.69,2.0
AUC,2,aligned,2,205,NICE,bounded+edit,NICE_bounded+edit,1,OK,15.325,0.0039896965026855,1.69,2.0
AUC,2,aligned,2,205,MCCE,native,MCCE_native,1,OK,15.375,0.019754409790039,1.766820868671293,3.0
AUC,2,aligned,2,205,MCCE,bounded,MCCE_bounded,1,OK,15.375,0.019754409790039,1.766820868671293,3.0
AUC,2,aligned,2,205,MCCE,bounded+edit,MCCE_bounded+edit,1,OK,15.375,0.019754409790039,1.766820868671293,3.0
AUC,2,aligned,2,209,NICE,native,NICE_native,0,below_policy_threshold;immutable_changed:Test_2,14.525,0.0054268836975097,1.75,2.0
AUC,2,aligned,2,209,NICE,bounded,NICE_bounded,0,below_policy_threshold;classifier_target_not_met,13.175,0.0054268836975097,1.75,2.0
AUC,2,aligned,2,209,NICE,bounded+edit,NICE_bounded+edit,0,below_policy_threshold;classifier_target_not_met,13.175,0.0054268836975097,1.75,2.0
AUC,2,aligned,2,209,MCCE,native,MCCE_native,0,no_candidate,,0.0141234397888183,,
AUC,2,aligned,2,209,MCCE,bounded,MCCE_bounded,0,no_candidate,,0.0141234397888183,,
AUC,2,aligned,2,209,MCCE,bounded+edit,MCCE_bounded+edit,0,no_candidate,,0.0141234397888183,,
AUC,2,aligned,2,221,NICE,native,NICE_native,0,below_policy_threshold;immutable_changed:Test_2,11.25,0.0039842128753662,0.93,1.0
AUC,2,aligned,2,221,NICE,bounded,NICE_bounded,0,below_policy_threshold;classifier_target_not_met,10.5,0.0039842128753662,0.93,1.0
AUC,2,aligned,2,221,NICE,bounded+edit,NICE_bounded+edit,1,OK,15.5,0.0039842128753662,1.93,2.0
AUC,2,aligned,2,221,MCCE,native,MCCE_native,0,no_candidate,,0.0140252113342285,,
AUC,2,aligned,2,221,MCCE,bounded,MCCE_bounded,0,no_candidate,,0.0140252113342285,,
AUC,2,aligned,2,221,MCCE,bounded+edit,MCCE_bounded+edit,0,no_candidate,,0.0140252113342285,,
AUC,2,aligned,2,225,NICE,native,NICE_native,0,below_policy_threshold;immutable_changed:Test_2,11.4,0.0039691925048828,0.93,1.0
AUC,2,aligned,2,225,NICE,bounded,NICE_bounded,0,below_policy_threshold;classifier_target_not_met,11.15,0.0039691925048828,0.93,1.0
AUC,2,aligned,2,225,NICE,bounded+edit,NICE_bounded+edit,0,classifier_target_not_met,15.03888888888889,0.0039691925048828,1.7077777777777778,2.0
AUC,2,aligned,2,225,MCCE,native,MCCE_native,1,OK,15.75,0.0335359573364257,1.85,2.0
AUC,2,aligned,2,225,MCCE,bounded,MCCE_bounded,1,OK,15.75,0.0335359573364257,1.85,2.0
AUC,2,aligned,2,225,MCCE,bounded+edit,MCCE_bounded+edit,1,OK,15.75,0.0335359573364257,1.85,2.0
AUC,2,aligned,2,231,NICE,native,NICE_native,0,below_policy_threshold,11.4,0.0040228366851806,1.8,2.0
AUC,2,aligned,2,231,NICE,bounded,NICE_bounded,0,below_policy_threshold,11.4,0.0040228366851806,1.8,2.0
AUC,2,aligned,2,231,NICE,bounded+edit,NICE_bounded+edit,0,below_policy_threshold,11.4,0.0040228366851806,1.8,2.0
AUC,2,aligned,2,231,MCCE,native,MCCE_native,0,no_candidate,,0.0136370658874511,,
AUC,2,aligned,2,231,MCCE,bounded,MCCE_bounded,0,no_candidate,,0.0136370658874511,,
AUC,2,aligned,2,231,MCCE,bounded+edit,MCCE_bounded+edit,0,no_candidate,,0.0136370658874511,,
AUC,2,aligned,2,236,NICE,native,NICE_native,0,immutable_changed:Test_1;immutable_changed:Test_2,15.05,0.006582498550415,1.66,2.0
AUC,2,aligned,2,236,NICE,bounded,NICE_bounded,0,below_policy_threshold;classifier_target_not_met,14.3,0.006582498550415,1.66,2.0
AUC,2,aligned,2,236,NICE,bounded+edit,NICE_bounded+edit,0,below_policy_threshold;classifier_target_not_met,14.3,0.006582498550415,1.66,2.0
AUC,2,aligned,2,236,MCCE,native,MCCE_native,0,no_candidate,,0.015033483505249,,
AUC,2,aligned,2,236,MCCE,bounded,MCCE_bounded,0,no_candidate,,0.015033483505249,,
AUC,2,aligned,2,236,MCCE,bounded+edit,MCCE_bounded+edit,0,no_candidate,,0.015033483505249,,
AUC,2,aligned,2,246,NICE,native,NICE_native,0,immutable_changed:Test_2,15.175,0.0053446292877197,1.67,2.0
AUC,2,aligned,2,246,NICE,bounded,NICE_bounded,0,below_policy_threshold;classifier_target_not_met,14.775,0.0053446292877197,1.67,2.0
AUC,2,aligned,2,246,NICE,bounded+edit,NICE_bounded+edit,0,below_policy_threshold;classifier_target_not_met,14.775,0.0053446292877197,1.67,2.0
AUC,2,aligned,2,246,MCCE,native,MCCE_native,1,OK,15.275,0.0212819576263427,1.84730535615682,3.0
AUC,2,aligned,2,246,MCCE,bounded,MCCE_bounded,1,OK,15.275,0.0212819576263427,1.84730535615682,3.0
AUC,2,aligned,2,246,MCCE,bounded+edit,MCCE_bounded+edit,1,OK,15.275,0.0212819576263427,1.84730535615682,3.0
AUC,2,aligned,2,250,NICE,native,NICE_native,0,below_policy_threshold;immutable_changed:Test_1,11.1,0.0052697658538818,1.77,2.0
AUC,2,aligned,2,250,NICE,bounded,NICE_bounded,0,below_policy_threshold;classifier_target_not_met,10.225,0.0052697658538818,1.77,2.0
AUC,2,aligned,2,250,NICE,bounded+edit,NICE_bounded+edit,0,below_policy_threshold;classifier_target_not_met,10.225,0.0052697658538818,1.77,2.0
AUC,2,aligned,2,250,MCCE,native,MCCE_native,0,no_candidate,,0.0135676860809326,,
AUC,2,aligned,2,250,MCCE,bounded,MCCE_bounded,0,no_candidate,,0.0135676860809326,,
AUC,2,aligned,2,250,MCCE,bounded+edit,MCCE_bounded+edit,0,no_candidate,,0.0135676860809326,,
AUC,2,aligned,2,267,NICE,native,NICE_native,0,immutable_changed:Test_2,15.125,0.0053808689117431,1.67,2.0
AUC,2,aligned,2,267,NICE,bounded,NICE_bounded,0,below_policy_threshold;classifier_target_not_met,13.125,0.0053808689117431,1.67,2.0
AUC,2,aligned,2,267,NICE,bounded+edit,NICE_bounded+edit,0,below_policy_threshold;classifier_target_not_met,13.125,0.0053808689117431,1.67,2.0
AUC,2,aligned,2,267,MCCE,native,MCCE_native,0,below_policy_threshold;out_of_bounds:sum_click,13.725,0.0172679424285888,1.9701801801801804,3.0
AUC,2,aligned,2,267,MCCE,bounded,MCCE_bounded,0,no_candidate,,0.0172679424285888,,
AUC,2,aligned,2,267,MCCE,bounded+edit,MCCE_bounded+edit,0,no_candidate,,0.0172679424285888,,
AUC,2,aligned,2,272,NICE,native,NICE_native,0,immutable_changed:Test_1;immutable_changed:Test_2,15.05,0.0066142082214355,1.65,2.0
AUC,2,aligned,2,272,NICE,bounded,NICE_bounded,0,below_policy_threshold;classifier_target_not_met,10.4,0.0066142082214355,1.65,2.0
AUC,2,aligned,2,272,NICE,bounded+edit,NICE_bounded+edit,0,below_policy_threshold;classifier_target_not_met,10.4,0.0066142082214355,1.65,2.0
AUC,2,aligned,2,272,MCCE,native,MCCE_native,0,no_candidate,,0.0134940147399902,,
AUC,2,aligned,2,272,MCCE,bounded,MCCE_bounded,0,no_candidate,,0.0134940147399902,,
AUC,2,aligned,2,272,MCCE,bounded+edit,MCCE_bounded+edit,0,no_candidate,,0.0134940147399902,,
AUC,2,aligned,2,293,NICE,native,NICE_native,0,immutable_changed:Test_2,15.05,0.005446434020996,1.65,2.0
AUC,2,aligned,2,293,NICE,bounded,NICE_bounded,0,below_policy_threshold;classifier_target_not_met,14.9,0.005446434020996,1.65,2.0
AUC,2,aligned,2,293,NICE,bounded+edit,NICE_bounded+edit,0,below_policy_threshold;classifier_target_not_met,14.9,0.005446434020996,1.65,2.0
AUC,2,aligned,2,293,MCCE,native,MCCE_native,1,OK,15.4,0.0212063789367675,1.75,2.0
AUC,2,aligned,2,293,MCCE,bounded,MCCE_bounded,1,OK,15.4,0.0212063789367675,1.75,2.0
AUC,2,aligned,2,293,MCCE,bounded+edit,MCCE_bounded+edit,1,OK,15.4,0.0212063789367675,1.75,2.0
AUC,2,aligned,2,307,NICE,native,NICE_native,0,immutable_changed:Test_1;immutable_changed:Test_2,15.05,0.007030963897705,1.65,2.0
AUC,2,aligned,2,307,NICE,bounded,NICE_bounded,0,below_policy_threshold;classifier_target_not_met,13.875,0.007030963897705,1.65,2.0
AUC,2,aligned,2,307,NICE,bounded+edit,NICE_bounded+edit,0,below_policy_threshold;classifier_target_not_met,13.875,0.007030963897705,1.65,2.0
AUC,2,aligned,2,307,MCCE,native,MCCE_native,0,no_candidate,,0.0142383575439453,,
AUC,2,aligned,2,307,MCCE,bounded,MCCE_bounded,0,no_candidate,,0.0142383575439453,,
AUC,2,aligned,2,307,MCCE,bounded+edit,MCCE_bounded+edit,0,no_candidate,,0.0142383575439453,,
AUC,2,aligned,2,321,NICE,native,NICE_native,0,below_policy_threshold;immutable_changed:Test_1,11.1,0.0058920383453369,1.77,2.0
AUC,2,aligned,2,321,NICE,bounded,NICE_bounded,0,below_policy_threshold;classifier_target_not_met,10.85,0.0058920383453369,1.77,2.0
AUC,2,aligned,2,321,NICE,bounded+edit,NICE_bounded+edit,0,below_policy_threshold;classifier_target_not_met,10.85,0.0058920383453369,1.77,2.0
AUC,2,aligned,2,321,MCCE,native,MCCE_native,0,no_candidate,,0.0149993896484375,,
AUC,2,aligned,2,321,MCCE,bounded,MCCE_bounded,0,no_candidate,,0.0149993896484375,,
AUC,2,aligned,2,321,MCCE,bounded+edit,MCCE_bounded+edit,0,no_candidate,,0.0149993896484375,,
AUC,2,aligned,2,322,NICE,native,NICE_native,0,below_policy_threshold;immutable_changed:Test_1,10.95,0.0056900978088378,1.7400000000000002,2.0
AUC,2,aligned,2,322,NICE,bounded,NICE_bounded,0,below_policy_threshold;classifier_target_not_met,10.725,0.0056900978088378,1.7400000000000002,2.0
AUC,2,aligned,2,322,NICE,bounded+edit,NICE_bounded+edit,0,below_policy_threshold;classifier_target_not_met,10.725,0.0056900978088378,1.7400000000000002,2.0
AUC,2,aligned,2,322,MCCE,native,MCCE_native,0,no_candidate,,0.0133779048919677,,
AUC,2,aligned,2,322,MCCE,bounded,MCCE_bounded,0,no_candidate,,0.0133779048919677,,
AUC,2,aligned,2,322,MCCE,bounded+edit,MCCE_bounded+edit,0,no_candidate,,0.0133779048919677,,
AUC,2,aligned,2,330,NICE,native,NICE_native,0,immutable_changed:Test_1;immutable_changed:Test_2,15.05,0.0071165561676025,1.66,2.0
AUC,2,aligned,2,330,NICE,bounded,NICE_bounded,0,below_policy_threshold;classifier_target_not_met,13.675,0.0071165561676025,1.66,2.0
AUC,2,aligned,2,330,NICE,bounded+edit,NICE_bounded+edit,0,below_policy_threshold;classifier_target_not_met,13.675,0.0071165561676025,1.66,2.0
AUC,2,aligned,2,330,MCCE,native,MCCE_native,0,no_candidate,,0.0145235061645507,,
AUC,2,aligned,2,330,MCCE,bounded,MCCE_bounded,0,no_candidate,,0.0145235061645507,,
AUC,2,aligned,2,330,MCCE,bounded+edit,MCCE_bounded+edit,0,no_candidate,,0.0145235061645507,,
AUC,2,aligned,2,335,NICE,native,NICE_native,0,immutable_changed:Test_1;immutable_changed:Test_2,15.05,0.0070586204528808,1.65,2.0
AUC,2,aligned,2,335,NICE,bounded,NICE_bounded,0,below_policy_threshold;classifier_target_not_met,14.55,0.0070586204528808,1.65,2.0
AUC,2,aligned,2,335,NICE,bounded+edit,NICE_bounded+edit,0,below_policy_threshold;classifier_target_not_met,14.55,0.0070586204528808,1.65,2.0
AUC,2,aligned,2,335,MCCE,native,MCCE_native,1,OK,15.15,0.0205404758453369,1.8415638812881496,3.0
AUC,2,aligned,2,335,MCCE,bounded,MCCE_bounded,1,OK,15.15,0.0205404758453369,1.8415638812881496,3.0
AUC,2,aligned,2,335,MCCE,bounded+edit,MCCE_bounded+edit,1,OK,15.15,0.0205404758453369,1.8415638812881496,3.0
AUC,2,aligned,2,340,NICE,native,NICE_native,0,immutable_changed:Test_2,15.175,0.0055406093597412,1.66,2.0
AUC,2,aligned,2,340,NICE,bounded,NICE_bounded,0,below_policy_threshold;classifier_target_not_met,14.925,0.0055406093597412,1.66,2.0
AUC,2,aligned,2,340,NICE,bounded+edit,NICE_bounded+edit,0,below_policy_threshold;classifier_target_not_met,14.925,0.0055406093597412,1.66,2.0
AUC,2,aligned,2,340,MCCE,native,MCCE_native,1,OK,15.425,0.0207760334014892,1.76,2.0
AUC,2,aligned,2,340,MCCE,bounded,MCCE_bounded,1,OK,15.425,0.0207760334014892,1.76,2.0
AUC,2,aligned,2,340,MCCE,bounded+edit,MCCE_bounded+edit,1,OK,15.425,0.0207760334014892,1.76,2.0
AUC,2,aligned,2,344,NICE,native,NICE_native,0,immutable_changed:Test_2,15.2,0.0057630538940429,1.6800000000000002,2.0
AUC,2,aligned,2,344,NICE,bounded,NICE_bounded,0,below_policy_threshold;classifier_target_not_met,14.6,0.0057630538940429,1.6800000000000002,2.0
AUC,2,aligned,2,344,NICE,bounded+edit,NICE_bounded+edit,0,below_policy_threshold;classifier_target_not_met,14.6,0.0057630538940429,1.6800000000000002,2.0
AUC,2,aligned,2,344,MCCE,native,MCCE_native,0,out_of_bounds:sum_click,15.1,0.0200700759887695,3.176702230843842,3.0
AUC,2,aligned,2,344,MCCE,bounded,MCCE_bounded,0,no_candidate,,0.0200700759887695,,
AUC,2,aligned,2,344,MCCE,bounded+edit,MCCE_bounded+edit,0,no_candidate,,0.0200700759887695,,
AUC,2,aligned,2,345,NICE,native,NICE_native,0,below_policy_threshold;immutable_changed:Test_1,14.3,0.0057144165039062,1.77,2.0
AUC,2,aligned,2,345,NICE,bounded,NICE_bounded,0,below_policy_threshold;classifier_target_not_met,13.85,0.0057144165039062,1.77,2.0
AUC,2,aligned,2,345,NICE,bounded+edit,NICE_bounded+edit,0,below_policy_threshold;classifier_target_not_met,13.85,0.0057144165039062,1.77,2.0
AUC,2,aligned,2,345,MCCE,native,MCCE_native,0,no_candidate,,0.0152602195739746,,
AUC,2,aligned,2,345,MCCE,bounded,MCCE_bounded,0,no_candidate,,0.0152602195739746,,
AUC,2,aligned,2,345,MCCE,bounded+edit,MCCE_bounded+edit,0,no_candidate,,0.0152602195739746,,
AUC,2,aligned,2,347,NICE,native,NICE_native,0,below_policy_threshold;immutable_changed:Test_2,14.9,0.005688190460205,1.67,2.0
AUC,2,aligned,2,347,NICE,bounded,NICE_bounded,0,below_policy_threshold;classifier_target_not_met,14.8,0.005688190460205,1.67,2.0
AUC,2,aligned,2,347,NICE,bounded+edit,NICE_bounded+edit,0,below_policy_threshold;classifier_target_not_met,14.8,0.005688190460205,1.67,2.0
AUC,2,aligned,2,347,MCCE,native,MCCE_native,0,out_of_bounds:sum_click,15.2,0.0217683315277099,1.8784624648735448,3.0
AUC,2,aligned,2,347,MCCE,bounded,MCCE_bounded,1,OK,15.2,0.0217683315277099,1.9426936973103173,3.0
AUC,2,aligned,2,347,MCCE,bounded+edit,MCCE_bounded+edit,1,OK,15.2,0.0217683315277099,1.9426936973103173,3.0
AUC,2,aligned,2,354,NICE,native,NICE_native,0,immutable_changed:Test_1,15.05,0.0057294368743896,1.66,2.0
AUC,2,aligned,2,354,NICE,bounded,NICE_bounded,0,below_policy_threshold;classifier_target_not_met,14.425,0.0057294368743896,1.66,2.0
AUC,2,aligned,2,354,NICE,bounded+edit,NICE_bounded+edit,0,below_policy_threshold;classifier_target_not_met,14.425,0.0057294368743896,1.66,2.0
AUC,2,aligned,2,354,MCCE,native,MCCE_native,0,below_policy_threshold,14.875,0.0227510929107666,1.7711939244083363,3.0
AUC,2,aligned,2,354,MCCE,bounded,MCCE_bounded,0,below_policy_threshold,14.875,0.0227510929107666,1.7711939244083363,3.0
AUC,2,aligned,2,354,MCCE,bounded+edit,MCCE_bounded+edit,0,below_policy_threshold,14.875,0.0227510929107666,1.7711939244083363,3.0
AUC,2,aligned,2,369,NICE,native,NICE_native,0,immutable_changed:Test_1;immutable_changed:Test_2,15.05,0.0073411464691162,1.65,2.0
AUC,2,aligned,2,369,NICE,bounded,NICE_bounded,0,below_policy_threshold;classifier_target_not_met,14.5,0.0073411464691162,1.65,2.0
AUC,2,aligned,2,369,NICE,bounded+edit,NICE_bounded+edit,0,below_policy_threshold;classifier_target_not_met,14.5,0.0073411464691162,1.65,2.0
AUC,2,aligned,2,369,MCCE,native,MCCE_native,1,OK,15.35,0.0211191177368164,2.0307073747581166,3.0
AUC,2,aligned,2,369,MCCE,bounded,MCCE_bounded,1,OK,15.35,0.0211191177368164,2.0307073747581166,3.0
AUC,2,aligned,2,369,MCCE,bounded+edit,MCCE_bounded+edit,1,OK,15.35,0.0211191177368164,2.0307073747581166,3.0
AUC,2,aligned,2,395,NICE,native,NICE_native,0,below_policy_threshold,14.95,0.0043795108795166,1.67,2.0
AUC,2,aligned,2,395,NICE,bounded,NICE_bounded,0,below_policy_threshold,14.95,0.0043795108795166,1.67,2.0
AUC,2,aligned,2,395,NICE,bounded+edit,NICE_bounded+edit,0,below_policy_threshold,14.95,0.0043795108795166,1.67,2.0
AUC,2,aligned,2,395,MCCE,native,MCCE_native,0,below_policy_threshold,14.9,0.0219523906707763,1.792100396301189,3.0
AUC,2,aligned,2,395,MCCE,bounded,MCCE_bounded,0,below_policy_threshold,14.9,0.0219523906707763,1.792100396301189,3.0
AUC,2,aligned,2,395,MCCE,bounded+edit,MCCE_bounded+edit,0,below_policy_threshold,14.9,0.0219523906707763,1.792100396301189,3.0
AUC,2,aligned,2,403,NICE,native,NICE_native,0,immutable_changed:Test_2,15.325,0.0059385299682617,1.67,2.0
AUC,2,aligned,2,403,NICE,bounded,NICE_bounded,0,below_policy_threshold;classifier_target_not_met,10.825,0.0059385299682617,1.67,2.0
AUC,2,aligned,2,403,NICE,bounded+edit,NICE_bounded+edit,0,below_policy_threshold;classifier_target_not_met,10.825,0.0059385299682617,1.67,2.0
AUC,2,aligned,2,403,MCCE,native,MCCE_native,0,no_candidate,,0.0153455734252929,,
AUC,2,aligned,2,403,MCCE,bounded,MCCE_bounded,0,no_candidate,,0.0153455734252929,,
AUC,2,aligned,2,403,MCCE,bounded+edit,MCCE_bounded+edit,0,no_candidate,,0.0153455734252929,,
AUC,2,aligned,2,414,NICE,native,NICE_native,0,immutable_changed:Test_1,15.1,0.0057549476623535,1.77,2.0
AUC,2,aligned,2,414,NICE,bounded,NICE_bounded,0,below_policy_threshold;classifier_target_not_met,14.85,0.0057549476623535,1.77,2.0
AUC,2,aligned,2,414,NICE,bounded+edit,NICE_bounded+edit,0,below_policy_threshold;classifier_target_not_met,14.85,0.0057549476623535,1.77,2.0
AUC,2,aligned,2,414,MCCE,native,MCCE_native,0,no_candidate,,0.0147750377655029,,
AUC,2,aligned,2,414,MCCE,bounded,MCCE_bounded,0,no_candidate,,0.0147750377655029,,
AUC,2,aligned,2,414,MCCE,bounded+edit,MCCE_bounded+edit,0,no_candidate,,0.0147750377655029,,
AUC,2,aligned,2,423,NICE,native,NICE_native,0,immutable_changed:Test_1;immutable_changed:Test_2,15.15,0.0069892406463623,1.67,2.0
AUC,2,aligned,2,423,NICE,bounded,NICE_bounded,0,below_policy_threshold;classifier_target_not_met,14.75,0.0069892406463623,1.67,2.0
AUC,2,aligned,2,423,NICE,bounded+edit,NICE_bounded+edit,0,below_policy_threshold;classifier_target_not_met,14.75,0.0069892406463623,1.67,2.0
AUC,2,aligned,2,423,MCCE,native,MCCE_native,1,OK,15.15,0.0216434001922607,1.8150860065086007,3.0
AUC,2,aligned,2,423,MCCE,bounded,MCCE_bounded,1,OK,15.15,0.0216434001922607,1.8150860065086007,3.0
AUC,2,aligned,2,423,MCCE,bounded+edit,MCCE_bounded+edit,1,OK,15.15,0.0216434001922607,1.8150860065086007,3.0
AUC,2,aligned,2,428,NICE,native,NICE_native,0,immutable_changed:Test_2,15.05,0.0058734416961669,1.65,2.0
AUC,2,aligned,2,428,NICE,bounded,NICE_bounded,0,below_policy_threshold;classifier_target_not_met,14.75,0.0058734416961669,1.65,2.0
AUC,2,aligned,2,428,NICE,bounded+edit,NICE_bounded+edit,0,below_policy_threshold;classifier_target_not_met,14.75,0.0058734416961669,1.65,2.0
AUC,2,aligned,2,428,MCCE,native,MCCE_native,1,OK,15.25,0.0210938453674316,1.7780964645282136,3.0
AUC,2,aligned,2,428,MCCE,bounded,MCCE_bounded,1,OK,15.25,0.0210938453674316,1.7780964645282136,3.0
AUC,2,aligned,2,428,MCCE,bounded+edit,MCCE_bounded+edit,1,OK,15.25,0.0210938453674316,1.7780964645282136,3.0
AUC,2,aligned,2,430,NICE,native,NICE_native,0,immutable_changed:Test_2,15.05,0.0056545734405517,1.66,2.0
AUC,2,aligned,2,430,NICE,bounded,NICE_bounded,0,below_policy_threshold;classifier_target_not_met,14.8,0.0056545734405517,1.66,2.0
AUC,2,aligned,2,430,NICE,bounded+edit,NICE_bounded+edit,0,below_policy_threshold;classifier_target_not_met,14.8,0.0056545734405517,1.66,2.0
AUC,2,aligned,2,430,MCCE,native,MCCE_native,0,out_of_bounds:sum_click,15.25,0.0209724903106689,1.7806826898491437,3.0
AUC,2,aligned,2,430,MCCE,bounded,MCCE_bounded,1,OK,15.25,0.0209724903106689,1.86761697775505,3.0
AUC,2,aligned,2,430,MCCE,bounded+edit,MCCE_bounded+edit,1,OK,15.25,0.0209724903106689,1.86761697775505,3.0
AUC,2,aligned,2,431,NICE,native,NICE_native,0,immutable_changed:Test_2,15.05,0.0056757926940917,1.65,2.0
AUC,2,aligned,2,431,NICE,bounded,NICE_bounded,0,below_policy_threshold;classifier_target_not_met,14.875,0.0056757926940917,1.65,2.0
AUC,2,aligned,2,431,NICE,bounded+edit,NICE_bounded+edit,0,below_policy_threshold;classifier_target_not_met,14.875,0.0056757926940917,1.65,2.0
AUC,2,aligned,2,431,MCCE,native,MCCE_native,0,out_of_bounds:sum_click,15.225,0.0218198299407959,1.813398429208236,3.0
AUC,2,aligned,2,431,MCCE,bounded,MCCE_bounded,1,OK,15.375,0.0218198299407959,1.7882084483124605,3.0
AUC,2,aligned,2,431,MCCE,bounded+edit,MCCE_bounded+edit,1,OK,15.375,0.0218198299407959,1.7882084483124605,3.0
AUC,2,aligned,2,439,NICE,native,NICE_native,0,immutable_changed:Test_1;immutable_changed:Test_2,15.05,0.0072078704833984,1.66,2.0
AUC,2,aligned,2,439,NICE,bounded,NICE_bounded,0,below_policy_threshold;classifier_target_not_met,14.4,0.0072078704833984,1.66,2.0
AUC,2,aligned,2,439,NICE,bounded+edit,NICE_bounded+edit,0,below_policy_threshold;classifier_target_not_met,14.4,0.0072078704833984,1.66,2.0
AUC,2,aligned,2,439,MCCE,native,MCCE_native,1,OK,15.2,0.0200037956237792,1.890825388177608,3.0
AUC,2,aligned,2,439,MCCE,bounded,MCCE_bounded,1,OK,15.2,0.0200037956237792,1.890825388177608,3.0
AUC,2,aligned,2,439,MCCE,bounded+edit,MCCE_bounded+edit,1,OK,15.2,0.0200037956237792,1.890825388177608,3.0
AUC,2,aligned,2,444,NICE,native,NICE_native,0,immutable_changed:Test_1;immutable_changed:Test_2,15.05,0.0069749355316162,1.65,2.0
AUC,2,aligned,2,444,NICE,bounded,NICE_bounded,0,below_policy_threshold;classifier_target_not_met,9.0,0.0069749355316162,1.65,2.0
AUC,2,aligned,2,444,NICE,bounded+edit,NICE_bounded+edit,0,below_policy_threshold;classifier_target_not_met,9.0,0.0069749355316162,1.65,2.0
AUC,2,aligned,2,444,MCCE,native,MCCE_native,0,no_candidate,,0.0141446590423583,,
AUC,2,aligned,2,444,MCCE,bounded,MCCE_bounded,0,no_candidate,,0.0141446590423583,,
AUC,2,aligned,2,444,MCCE,bounded+edit,MCCE_bounded+edit,0,no_candidate,,0.0141446590423583,,
AUC,2,aligned,2,447,NICE,native,NICE_native,0,immutable_changed:Test_1;immutable_changed:Test_2,15.05,0.0069713592529296,1.65,2.0
AUC,2,aligned,2,447,NICE,bounded,NICE_bounded,0,below_policy_threshold;classifier_target_not_met,14.125,0.0069713592529296,1.65,2.0
AUC,2,aligned,2,447,NICE,bounded+edit,NICE_bounded+edit,0,below_policy_threshold;classifier_target_not_met,14.125,0.0069713592529296,1.65,2.0
AUC,2,aligned,2,447,MCCE,native,MCCE_native,1,OK,15.225,0.0205593109130859,1.9044012040421412,3.0
AUC,2,aligned,2,447,MCCE,bounded,MCCE_bounded,1,OK,15.225,0.0205593109130859,1.9044012040421412,3.0
AUC,2,aligned,2,447,MCCE,bounded+edit,MCCE_bounded+edit,1,OK,15.225,0.0205593109130859,1.9044012040421412,3.0
AUC,2,aligned,2,451,NICE,native,NICE_native,0,immutable_changed:Test_2,15.55,0.005817174911499,1.7000000000000002,2.0
AUC,2,aligned,2,451,NICE,bounded,NICE_bounded,0,below_policy_threshold;classifier_target_not_met,14.725,0.005817174911499,1.7000000000000002,2.0
AUC,2,aligned,2,451,NICE,bounded+edit,NICE_bounded+edit,0,below_policy_threshold;classifier_target_not_met,14.725,0.005817174911499,1.7000000000000002,2.0
AUC,2,aligned,2,451,MCCE,native,MCCE_native,1,OK,15.175,0.0190234184265136,1.79,2.0
AUC,2,aligned,2,451,MCCE,bounded,MCCE_bounded,1,OK,15.175,0.0190234184265136,1.79,2.0
AUC,2,aligned,2,451,MCCE,bounded+edit,MCCE_bounded+edit,1,OK,15.175,0.0190234184265136,1.79,2.0
AUC,2,aligned,2,455,NICE,native,NICE_native,0,immutable_changed:Test_1;immutable_changed:Test_2,15.05,0.0068745613098144,1.66,2.0
AUC,2,aligned,2,455,NICE,bounded,NICE_bounded,0,below_policy_threshold;classifier_target_not_met,14.75,0.0068745613098144,1.66,2.0
AUC,2,aligned,2,455,NICE,bounded+edit,NICE_bounded+edit,0,below_policy_threshold;classifier_target_not_met,14.75,0.0068745613098144,1.66,2.0
AUC,2,aligned,2,455,MCCE,native,MCCE_native,0,out_of_bounds:sum_click,15.1,0.0217785835266113,1.8568498942917548,3.0
AUC,2,aligned,2,455,MCCE,bounded,MCCE_bounded,1,OK,15.1,0.0217785835266113,1.881011778918756,3.0
AUC,2,aligned,2,455,MCCE,bounded+edit,MCCE_bounded+edit,1,OK,15.1,0.0217785835266113,1.881011778918756,3.0
AUC,2,aligned,2,462,NICE,native,NICE_native,0,immutable_changed:Test_2,15.1,0.0056447982788085,1.66,2.0
AUC,2,aligned,2,462,NICE,bounded,NICE_bounded,0,below_policy_threshold;classifier_target_not_met,15.0,0.0056447982788085,1.66,2.0
AUC,2,aligned,2,462,NICE,bounded+edit,NICE_bounded+edit,0,below_policy_threshold;classifier_target_not_met,15.0,0.0056447982788085,1.66,2.0
AUC,2,aligned,2,462,MCCE,native,MCCE_native,1,OK,15.95,0.0208857059478759,1.85,2.0
AUC,2,aligned,2,462,MCCE,bounded,MCCE_bounded,1,OK,15.95,0.0208857059478759,1.85,2.0
AUC,2,aligned,2,462,MCCE,bounded+edit,MCCE_bounded+edit,1,OK,15.95,0.0208857059478759,1.85,2.0
AUC,2,aligned,2,479,NICE,native,NICE_native,0,below_policy_threshold;immutable_changed:Test_1,11.1,0.0055949687957763,1.77,2.0
AUC,2,aligned,2,479,NICE,bounded,NICE_bounded,0,below_policy_threshold;classifier_target_not_met,10.6,0.0055949687957763,1.77,2.0
AUC,2,aligned,2,479,NICE,bounded+edit,NICE_bounded+edit,0,below_policy_threshold;classifier_target_not_met,10.6,0.0055949687957763,1.77,2.0
AUC,2,aligned,2,479,MCCE,native,MCCE_native,0,no_candidate,,0.0138509273529052,,
AUC,2,aligned,2,479,MCCE,bounded,MCCE_bounded,0,no_candidate,,0.0138509273529052,,
AUC,2,aligned,2,479,MCCE,bounded+edit,MCCE_bounded+edit,0,no_candidate,,0.0138509273529052,,
AUC,2,aligned,2,481,NICE,native,NICE_native,0,immutable_changed:Test_2,15.05,0.0058345794677734,1.75,2.0
AUC,2,aligned,2,481,NICE,bounded,NICE_bounded,0,below_policy_threshold;classifier_target_not_met,14.25,0.0058345794677734,1.75,2.0
AUC,2,aligned,2,481,NICE,bounded+edit,NICE_bounded+edit,0,below_policy_threshold;classifier_target_not_met,14.25,0.0058345794677734,1.75,2.0
AUC,2,aligned,2,481,MCCE,native,MCCE_native,0,no_candidate,,0.0148108005523681,,
AUC,2,aligned,2,481,MCCE,bounded,MCCE_bounded,0,no_candidate,,0.0148108005523681,,
AUC,2,aligned,2,481,MCCE,bounded+edit,MCCE_bounded+edit,0,no_candidate,,0.0148108005523681,,
AUC,2,aligned,2,489,NICE,native,NICE_native,0,immutable_changed:Test_1;immutable_changed:Test_2,15.3,0.006969928741455,1.6800000000000002,2.0
AUC,2,aligned,2,489,NICE,bounded,NICE_bounded,0,below_policy_threshold;classifier_target_not_met,14.15,0.006969928741455,1.6800000000000002,2.0
AUC,2,aligned,2,489,NICE,bounded+edit,NICE_bounded+edit,0,below_policy_threshold;classifier_target_not_met,14.15,0.006969928741455,1.6800000000000002,2.0
AUC,2,aligned,2,489,MCCE,native,MCCE_native,0,no_candidate,,0.0145025253295898,,
AUC,2,aligned,2,489,MCCE,bounded,MCCE_bounded,0,no_candidate,,0.0145025253295898,,
AUC,2,aligned,2,489,MCCE,bounded+edit,MCCE_bounded+edit,0,no_candidate,,0.0145025253295898,,
AUC,2,aligned,2,494,NICE,native,NICE_native,0,immutable_changed:Test_2,15.05,0.0052502155303955,1.66,2.0
AUC,2,aligned,2,494,NICE,bounded,NICE_bounded,0,below_policy_threshold;classifier_target_not_met,14.55,0.0052502155303955,1.66,2.0
AUC,2,aligned,2,494,NICE,bounded+edit,NICE_bounded+edit,0,below_policy_threshold;classifier_target_not_met,14.55,0.0052502155303955,1.66,2.0
AUC,2,aligned,2,494,MCCE,native,MCCE_native,0,out_of_bounds:sum_click,15.05,0.0201342105865478,1.7715240564678767,3.0
AUC,2,aligned,2,494,MCCE,bounded,MCCE_bounded,1,OK,15.15,0.0201342105865478,1.9643849034860277,3.0
AUC,2,aligned,2,494,MCCE,bounded+edit,MCCE_bounded+edit,1,OK,15.15,0.0201342105865478,1.9643849034860277,3.0
AUC,2,aligned,2,500,NICE,native,NICE_native,0,immutable_changed:Test_1;immutable_changed:Test_2,15.05,0.0068094730377197,1.66,2.0
AUC,2,aligned,2,500,NICE,bounded,NICE_bounded,0,below_policy_threshold;classifier_target_not_met,14.05,0.0068094730377197,1.66,2.0
AUC,2,aligned,2,500,NICE,bounded+edit,NICE_bounded+edit,0,below_policy_threshold;classifier_target_not_met,14.05,0.0068094730377197,1.66,2.0
AUC,2,aligned,2,500,MCCE,native,MCCE_native,0,no_candidate,,0.0142929553985595,,
AUC,2,aligned,2,500,MCCE,bounded,MCCE_bounded,0,no_candidate,,0.0142929553985595,,
AUC,2,aligned,2,500,MCCE,bounded+edit,MCCE_bounded+edit,0,no_candidate,,0.0142929553985595,,
AUC,2,aligned,2,508,NICE,native,NICE_native,0,below_policy_threshold;immutable_changed:Test_1,13.6,0.0055518150329589,1.77,2.0
AUC,2,aligned,2,508,NICE,bounded,NICE_bounded,0,below_policy_threshold;classifier_target_not_met,12.975,0.0055518150329589,1.77,2.0
AUC,2,aligned,2,508,NICE,bounded+edit,NICE_bounded+edit,0,below_policy_threshold;classifier_target_not_met,12.975,0.0055518150329589,1.77,2.0
AUC,2,aligned,2,508,MCCE,native,MCCE_native,0,no_candidate,,0.0146255493164062,,
AUC,2,aligned,2,508,MCCE,bounded,MCCE_bounded,0,no_candidate,,0.0146255493164062,,
AUC,2,aligned,2,508,MCCE,bounded+edit,MCCE_bounded+edit,0,no_candidate,,0.0146255493164062,,
AUC,2,aligned,2,520,NICE,native,NICE_native,0,below_policy_threshold;immutable_changed:Test_2,14.85,0.0055584907531738,1.75,2.0
AUC,2,aligned,2,520,NICE,bounded,NICE_bounded,0,below_policy_threshold;classifier_target_not_met,10.5,0.0055584907531738,1.75,2.0
AUC,2,aligned,2,520,NICE,bounded+edit,NICE_bounded+edit,0,below_policy_threshold;classifier_target_not_met,10.5,0.0055584907531738,1.75,2.0
AUC,2,aligned,2,520,MCCE,native,MCCE_native,0,no_candidate,,0.0232887268066406,,
AUC,2,aligned,2,520,MCCE,bounded,MCCE_bounded,0,no_candidate,,0.0232887268066406,,
AUC,2,aligned,2,520,MCCE,bounded+edit,MCCE_bounded+edit,0,no_candidate,,0.0232887268066406,,
AUC,2,aligned,2,530,NICE,native,NICE_native,0,below_policy_threshold;immutable_changed:Test_2,11.3,0.0051214694976806,0.93,1.0
AUC,2,aligned,2,530,NICE,bounded,NICE_bounded,0,below_policy_threshold;classifier_target_not_met,10.85,0.0051214694976806,0.93,1.0
AUC,2,aligned,2,530,NICE,bounded+edit,NICE_bounded+edit,1,OK,15.294444444444444,0.0051214694976806,1.818888888888889,2.0
AUC,2,aligned,2,530,MCCE,native,MCCE_native,0,out_of_bounds:sum_click,15.05,0.020233154296875,4.140173102529963,3.0
AUC,2,aligned,2,530,MCCE,bounded,MCCE_bounded,0,no_candidate,,0.020233154296875,,
AUC,2,aligned,2,530,MCCE,bounded+edit,MCCE_bounded+edit,0,no_candidate,,0.020233154296875,,
AUC,2,aligned,2,537,NICE,native,NICE_native,0,immutable_changed:Test_2,15.275,0.0111374855041503,1.6800000000000002,2.0
AUC,2,aligned,2,537,NICE,bounded,NICE_bounded,0,below_policy_threshold;classifier_target_not_met,14.175,0.0111374855041503,1.6800000000000002,2.0
AUC,2,aligned,2,537,NICE,bounded+edit,NICE_bounded+edit,0,below_policy_threshold;classifier_target_not_met,14.175,0.0111374855041503,1.6800000000000002,2.0
AUC,2,aligned,2,537,MCCE,native,MCCE_native,0,no_candidate,,0.023390769958496,,
AUC,2,aligned,2,537,MCCE,bounded,MCCE_bounded,0,no_candidate,,0.023390769958496,,
AUC,2,aligned,2,537,MCCE,bounded+edit,MCCE_bounded+edit,0,no_candidate,,0.023390769958496,,
AUC,2,aligned,2,546,NICE,native,NICE_native,0,immutable_changed:Test_1;immutable_changed:Test_2,15.05,0.0109717845916748,1.66,2.0
AUC,2,aligned,2,546,NICE,bounded,NICE_bounded,0,below_policy_threshold;classifier_target_not_met,14.4,0.0109717845916748,1.66,2.0
AUC,2,aligned,2,546,NICE,bounded+edit,NICE_bounded+edit,0,below_policy_threshold;classifier_target_not_met,14.4,0.0109717845916748,1.66,2.0
AUC,2,aligned,2,546,MCCE,native,MCCE_native,1,OK,15.249999999999998,0.035050630569458,1.850882276168102,3.0
AUC,2,aligned,2,546,MCCE,bounded,MCCE_bounded,1,OK,15.249999999999998,0.035050630569458,1.850882276168102,3.0
AUC,2,aligned,2,546,MCCE,bounded+edit,MCCE_bounded+edit,1,OK,15.249999999999998,0.035050630569458,1.850882276168102,3.0
AUC,2,aligned,2,552,NICE,native,NICE_native,1,OK,15.175,0.0050060749053955,1.66,2.0
AUC,2,aligned,2,552,NICE,bounded,NICE_bounded,1,OK,15.175,0.0050060749053955,1.66,2.0
AUC,2,aligned,2,552,NICE,bounded+edit,NICE_bounded+edit,1,OK,15.175,0.0050060749053955,1.66,2.0
AUC,2,aligned,2,552,MCCE,native,MCCE_native,1,OK,15.375,0.0242021083831787,1.7215575316626248,3.0
AUC,2,aligned,2,552,MCCE,bounded,MCCE_bounded,1,OK,15.375,0.0242021083831787,1.7215575316626248,3.0
AUC,2,aligned,2,552,MCCE,bounded+edit,MCCE_bounded+edit,1,OK,15.375,0.0242021083831787,1.7215575316626248,3.0
AUC,2,aligned,2,576,NICE,native,NICE_native,0,immutable_changed:Test_1,15.225,0.0061328411102294,1.81,2.0
AUC,2,aligned,2,576,NICE,bounded,NICE_bounded,0,below_policy_threshold;classifier_target_not_met,14.8,0.0061328411102294,1.81,2.0
AUC,2,aligned,2,576,NICE,bounded+edit,NICE_bounded+edit,0,below_policy_threshold;classifier_target_not_met,14.8,0.0061328411102294,1.81,2.0
AUC,2,aligned,2,576,MCCE,native,MCCE_native,0,out_of_bounds:sum_click,15.1,0.0189228057861328,2.1703003003003003,3.0
AUC,2,aligned,2,576,MCCE,bounded,MCCE_bounded,0,no_candidate,,0.0189228057861328,,
AUC,2,aligned,2,576,MCCE,bounded+edit,MCCE_bounded+edit,0,no_candidate,,0.0189228057861328,,
AUC,2,aligned,2,581,NICE,native,NICE_native,0,immutable_changed:Test_1;immutable_changed:Test_2,15.05,0.0065934658050537,1.65,2.0
AUC,2,aligned,2,581,NICE,bounded,NICE_bounded,0,below_policy_threshold;classifier_target_not_met,12.0,0.0065934658050537,1.65,2.0
AUC,2,aligned,2,581,NICE,bounded+edit,NICE_bounded+edit,0,below_policy_threshold;classifier_target_not_met,12.0,0.0065934658050537,1.65,2.0
AUC,2,aligned,2,581,MCCE,native,MCCE_native,0,no_candidate,,0.0157954692840576,,
AUC,2,aligned,2,581,MCCE,bounded,MCCE_bounded,0,no_candidate,,0.0157954692840576,,
AUC,2,aligned,2,581,MCCE,bounded+edit,MCCE_bounded+edit,0,no_candidate,,0.0157954692840576,,
AUC,2,aligned,2,598,NICE,native,NICE_native,0,immutable_changed:Test_2,15.05,0.0056915283203125,1.65,2.0
AUC,2,aligned,2,598,NICE,bounded,NICE_bounded,0,below_policy_threshold;classifier_target_not_met,10.5,0.0056915283203125,1.65,2.0
AUC,2,aligned,2,598,NICE,bounded+edit,NICE_bounded+edit,0,below_policy_threshold;classifier_target_not_met,10.5,0.0056915283203125,1.65,2.0
AUC,2,aligned,2,598,MCCE,native,MCCE_native,0,no_candidate,,0.015488862991333,,
AUC,2,aligned,2,598,MCCE,bounded,MCCE_bounded,0,no_candidate,,0.015488862991333,,
AUC,2,aligned,2,598,MCCE,bounded+edit,MCCE_bounded+edit,0,no_candidate,,0.015488862991333,,
AUC,2,aligned,2,600,NICE,native,NICE_native,0,below_policy_threshold;immutable_changed:Test_1,14.45,0.0060598850250244,1.7400000000000002,2.0
AUC,2,aligned,2,600,NICE,bounded,NICE_bounded,0,below_policy_threshold;classifier_target_not_met,14.2,0.0060598850250244,1.7400000000000002,2.0
AUC,2,aligned,2,600,NICE,bounded+edit,NICE_bounded+edit,0,below_policy_threshold;classifier_target_not_met,14.2,0.0060598850250244,1.7400000000000002,2.0
AUC,2,aligned,2,600,MCCE,native,MCCE_native,0,no_candidate,,0.0209879875183105,,
AUC,2,aligned,2,600,MCCE,bounded,MCCE_bounded,0,no_candidate,,0.0209879875183105,,
AUC,2,aligned,2,600,MCCE,bounded+edit,MCCE_bounded+edit,0,no_candidate,,0.0209879875183105,,
AUC,2,aligned,2,608,NICE,native,NICE_native,1,OK,15.075,0.0045549869537353,1.7400000000000002,2.0
AUC,2,aligned,2,608,NICE,bounded,NICE_bounded,1,OK,15.075,0.0045549869537353,1.7400000000000002,2.0
AUC,2,aligned,2,608,NICE,bounded+edit,NICE_bounded+edit,1,OK,15.075,0.0045549869537353,1.7400000000000002,2.0
AUC,2,aligned,2,608,MCCE,native,MCCE_native,1,OK,15.075,0.0218191146850585,1.9375503753457133,3.0
AUC,2,aligned,2,608,MCCE,bounded,MCCE_bounded,1,OK,15.075,0.0218191146850585,1.9375503753457133,3.0
AUC,2,aligned,2,608,MCCE,bounded+edit,MCCE_bounded+edit,1,OK,15.075,0.0218191146850585,1.9375503753457133,3.0
AUC,2,aligned,2,626,NICE,native,NICE_native,0,immutable_changed:Test_2,15.1,0.005479097366333,1.67,2.0
AUC,2,aligned,2,626,NICE,bounded,NICE_bounded,0,below_policy_threshold;classifier_target_not_met,15.0,0.005479097366333,1.67,2.0
AUC,2,aligned,2,626,NICE,bounded+edit,NICE_bounded+edit,0,below_policy_threshold;classifier_target_not_met,15.0,0.005479097366333,1.67,2.0
AUC,2,aligned,2,626,MCCE,native,MCCE_native,0,out_of_bounds:sum_click,15.2,0.0337631702423095,1.8355042581801884,3.0
AUC,2,aligned,2,626,MCCE,bounded,MCCE_bounded,1,OK,15.3,0.0337631702423095,1.972043926490363,3.0
AUC,2,aligned,2,626,MCCE,bounded+edit,MCCE_bounded+edit,1,OK,15.3,0.0337631702423095,1.972043926490363,3.0
AUC,2,aligned,2,635,NICE,native,NICE_native,1,OK,15.225,0.0043623447418212,1.69,2.0
AUC,2,aligned,2,635,NICE,bounded,NICE_bounded,1,OK,15.225,0.0043623447418212,1.69,2.0
AUC,2,aligned,2,635,NICE,bounded+edit,NICE_bounded+edit,1,OK,15.225,0.0043623447418212,1.69,2.0
AUC,2,aligned,2,635,MCCE,native,MCCE_native,0,out_of_bounds:sum_click,15.275,0.0213444232940673,1.806211036712076,3.0
AUC,2,aligned,2,635,MCCE,bounded,MCCE_bounded,1,OK,15.475,0.0213444232940673,1.818503809743708,3.0
AUC,2,aligned,2,635,MCCE,bounded+edit,MCCE_bounded+edit,1,OK,15.475,0.0213444232940673,1.818503809743708,3.0
AUC,2,aligned,2,643,NICE,native,NICE_native,0,immutable_changed:Test_1,15.1,0.0057361125946044,1.7400000000000002,2.0
AUC,2,aligned,2,643,NICE,bounded,NICE_bounded,0,below_policy_threshold;classifier_target_not_met,14.925,0.0057361125946044,1.7400000000000002,2.0
AUC,2,aligned,2,643,NICE,bounded+edit,NICE_bounded+edit,0,below_policy_threshold;classifier_target_not_met,14.925,0.0057361125946044,1.7400000000000002,2.0
AUC,2,aligned,2,643,MCCE,native,MCCE_native,0,no_candidate,,0.0171163082122802,,
AUC,2,aligned,2,643,MCCE,bounded,MCCE_bounded,0,no_candidate,,0.0171163082122802,,
AUC,2,aligned,2,643,MCCE,bounded+edit,MCCE_bounded+edit,0,no_candidate,,0.0171163082122802,,
AUC,2,aligned,2,645,NICE,native,NICE_native,0,immutable_changed:Test_1,15.05,0.0055301189422607,1.66,2.0
AUC,2,aligned,2,645,NICE,bounded,NICE_bounded,0,below_policy_threshold;classifier_target_not_met,14.8,0.0055301189422607,1.66,2.0
AUC,2,aligned,2,645,NICE,bounded+edit,NICE_bounded+edit,0,below_policy_threshold;classifier_target_not_met,14.8,0.0055301189422607,1.66,2.0
AUC,2,aligned,2,645,MCCE,native,MCCE_native,0,below_policy_threshold;out_of_bounds:sum_click,14.75,0.0205864906311035,1.7503009027081242,3.0
AUC,2,aligned,2,645,MCCE,bounded,MCCE_bounded,0,below_policy_threshold,14.75,0.0205864906311035,2.084637245068539,3.0
AUC,2,aligned,2,645,MCCE,bounded+edit,MCCE_bounded+edit,0,below_policy_threshold,14.75,0.0205864906311035,2.084637245068539,3.0
AUC,2,aligned,2,668,NICE,native,NICE_native,0,below_policy_threshold;immutable_changed:Test_2,14.975,0.0055739879608154,1.75,2.0
AUC,2,aligned,2,668,NICE,bounded,NICE_bounded,0,below_policy_threshold;classifier_target_not_met,10.625,0.0055739879608154,1.75,2.0
AUC,2,aligned,2,668,NICE,bounded+edit,NICE_bounded+edit,0,below_policy_threshold;classifier_target_not_met,10.625,0.0055739879608154,1.75,2.0
AUC,2,aligned,2,668,MCCE,native,MCCE_native,0,no_candidate,,0.0140717029571533,,
AUC,2,aligned,2,668,MCCE,bounded,MCCE_bounded,0,no_candidate,,0.0140717029571533,,
AUC,2,aligned,2,668,MCCE,bounded+edit,MCCE_bounded+edit,0,no_candidate,,0.0140717029571533,,
AUC,2,aligned,3,16,NICE,native,NICE_native,0,below_policy_threshold;immutable_changed:Test_1;immutable_changed:Test_3,11.1,0.0086934566497802,0.8699999999999999,1.0
AUC,2,aligned,3,16,NICE,bounded,NICE_bounded,0,below_policy_threshold;classifier_target_not_met,6.1,0.0086934566497802,0.8699999999999999,1.0
AUC,2,aligned,3,16,NICE,bounded+edit,NICE_bounded+edit,0,below_policy_threshold;classifier_target_not_met,6.1,0.0086934566497802,0.8699999999999999,1.0
AUC,2,aligned,3,16,MCCE,native,MCCE_native,0,no_candidate,,0.0408632755279541,,
AUC,2,aligned,3,16,MCCE,bounded,MCCE_bounded,0,no_candidate,,0.0408632755279541,,
AUC,2,aligned,3,16,MCCE,bounded+edit,MCCE_bounded+edit,0,no_candidate,,0.0408632755279541,,
AUC,2,aligned,3,18,NICE,native,NICE_native,0,immutable_changed:Test_1;immutable_changed:Test_2;immutable_changed:Test_3,15.05,0.0068128108978271,0.8,1.0
AUC,2,aligned,3,18,NICE,bounded,NICE_bounded,0,below_policy_threshold;classifier_target_not_met,14.125,0.0068128108978271,0.8,1.0
AUC,2,aligned,3,18,NICE,bounded+edit,NICE_bounded+edit,0,below_policy_threshold;classifier_target_not_met,14.125,0.0068128108978271,0.8,1.0
AUC,2,aligned,3,18,MCCE,native,MCCE_native,0,no_candidate,,0.0123474597930908,,
AUC,2,aligned,3,18,MCCE,bounded,MCCE_bounded,0,no_candidate,,0.0123474597930908,,
AUC,2,aligned,3,18,MCCE,bounded+edit,MCCE_bounded+edit,0,no_candidate,,0.0123474597930908,,
AUC,2,aligned,3,30,NICE,native,NICE_native,0,immutable_changed:Test_1;immutable_changed:Test_2;immutable_changed:Test_3,15.3,0.0066523551940917,0.8,1.0
AUC,2,aligned,3,30,NICE,bounded,NICE_bounded,0,below_policy_threshold;classifier_target_not_met,13.45,0.0066523551940917,0.8,1.0
AUC,2,aligned,3,30,NICE,bounded+edit,NICE_bounded+edit,0,below_policy_threshold;classifier_target_not_met,13.45,0.0066523551940917,0.8,1.0
AUC,2,aligned,3,30,MCCE,native,MCCE_native,0,no_candidate,,0.0121970176696777,,
AUC,2,aligned,3,30,MCCE,bounded,MCCE_bounded,0,no_candidate,,0.0121970176696777,,
AUC,2,aligned,3,30,MCCE,bounded+edit,MCCE_bounded+edit,0,no_candidate,,0.0121970176696777,,
AUC,2,aligned,3,37,NICE,native,NICE_native,0,immutable_changed:Test_1;immutable_changed:Test_2;immutable_changed:Test_3,15.05,0.0070183277130126,0.7,1.0
AUC,2,aligned,3,37,NICE,bounded,NICE_bounded,0,below_policy_threshold;classifier_target_not_met,13.75,0.0070183277130126,0.7,1.0
AUC,2,aligned,3,37,NICE,bounded+edit,NICE_bounded+edit,0,below_policy_threshold;classifier_target_not_met,13.75,0.0070183277130126,0.7,1.0
AUC,2,aligned,3,37,MCCE,native,MCCE_native,0,no_candidate,,0.0119869709014892,,
AUC,2,aligned,3,37,MCCE,bounded,MCCE_bounded,0,no_candidate,,0.0119869709014892,,
AUC,2,aligned,3,37,MCCE,bounded+edit,MCCE_bounded+edit,0,no_candidate,,0.0119869709014892,,
AUC,2,aligned,3,40,NICE,native,NICE_native,0,immutable_changed:Test_2;immutable_changed:Test_3,15.05,0.0053985118865966,0.85,1.0
AUC,2,aligned,3,40,NICE,bounded,NICE_bounded,0,below_policy_threshold;classifier_target_not_met,13.45,0.0053985118865966,0.85,1.0
AUC,2,aligned,3,40,NICE,bounded+edit,NICE_bounded+edit,0,below_policy_threshold;classifier_target_not_met,13.45,0.0053985118865966,0.85,1.0
AUC,2,aligned,3,40,MCCE,native,MCCE_native,0,no_candidate,,0.011643648147583,,
AUC,2,aligned,3,40,MCCE,bounded,MCCE_bounded,0,no_candidate,,0.011643648147583,,
AUC,2,aligned,3,40,MCCE,bounded+edit,MCCE_bounded+edit,0,no_candidate,,0.011643648147583,,
AUC,2,aligned,3,55,NICE,native,NICE_native,0,below_policy_threshold;immutable_changed:Test_3,11.225,0.0040194988250732,0.8699999999999999,1.0
AUC,2,aligned,3,55,NICE,bounded,NICE_bounded,0,below_policy_threshold;classifier_target_not_met,6.725,0.0040194988250732,0.8699999999999999,1.0
AUC,2,aligned,3,55,NICE,bounded+edit,NICE_bounded+edit,0,below_policy_threshold;classifier_target_not_met,6.725,0.0040194988250732,0.8699999999999999,1.0
AUC,2,aligned,3,55,MCCE,native,MCCE_native,0,no_candidate,,0.0120155811309814,,
AUC,2,aligned,3,55,MCCE,bounded,MCCE_bounded,0,no_candidate,,0.0120155811309814,,
AUC,2,aligned,3,55,MCCE,bounded+edit,MCCE_bounded+edit,0,no_candidate,,0.0120155811309814,,
AUC,2,aligned,3,62,NICE,native,NICE_native,0,immutable_changed:Test_2,15.4,0.0040295124053955,0.8,1.0
AUC,2,aligned,3,62,NICE,bounded,NICE_bounded,0,below_policy_threshold;classifier_target_not_met,14.8,0.0040295124053955,0.8,1.0
AUC,2,aligned,3,62,NICE,bounded+edit,NICE_bounded+edit,0,below_policy_threshold;classifier_target_not_met,14.8,0.0040295124053955,0.8,1.0
AUC,2,aligned,3,62,MCCE,native,MCCE_native,0,out_of_bounds:sum_click,15.15,0.0248005390167236,2.6215274949083534,2.0
AUC,2,aligned,3,62,MCCE,bounded,MCCE_bounded,0,no_candidate,,0.0248005390167236,,
AUC,2,aligned,3,62,MCCE,bounded+edit,MCCE_bounded+edit,0,no_candidate,,0.0248005390167236,,
AUC,2,aligned,3,67,NICE,native,NICE_native,0,immutable_changed:Test_1;immutable_changed:Test_2;immutable_changed:Test_3,15.05,0.0071916580200195,0.7,1.0
AUC,2,aligned,3,67,NICE,bounded,NICE_bounded,0,below_policy_threshold;classifier_target_not_met,14.275,0.0071916580200195,0.7,1.0
AUC,2,aligned,3,67,NICE,bounded+edit,NICE_bounded+edit,0,below_policy_threshold;classifier_target_not_met,14.275,0.0071916580200195,0.7,1.0
AUC,2,aligned,3,67,MCCE,native,MCCE_native,0,no_candidate,,0.0121290683746337,,
AUC,2,aligned,3,67,MCCE,bounded,MCCE_bounded,0,no_candidate,,0.0121290683746337,,
AUC,2,aligned,3,67,MCCE,bounded+edit,MCCE_bounded+edit,0,no_candidate,,0.0121290683746337,,
AUC,2,aligned,3,72,NICE,native,NICE_native,0,below_policy_threshold;immutable_changed:Test_1;immutable_changed:Test_2,15.0,0.0052165985107421,0.7,1.0
AUC,2,aligned,3,72,NICE,bounded,NICE_bounded,0,below_policy_threshold;classifier_target_not_met,14.6,0.0052165985107421,0.7,1.0
AUC,2,aligned,3,72,NICE,bounded+edit,NICE_bounded+edit,0,below_policy_threshold;classifier_target_not_met,14.6,0.0052165985107421,0.7,1.0
AUC,2,aligned,3,72,MCCE,native,MCCE_native,0,out_of_bounds:sum_click,15.35,0.017815351486206,0.88457216940363,2.0
AUC,2,aligned,3,72,MCCE,bounded,MCCE_bounded,1,OK,15.35,0.017815351486206,0.9421924517430136,2.0
AUC,2,aligned,3,72,MCCE,bounded+edit,MCCE_bounded+edit,1,OK,15.35,0.017815351486206,0.9421924517430136,2.0
AUC,2,aligned,3,77,NICE,native,NICE_native,0,immutable_changed:Test_1;immutable_changed:Test_2;immutable_changed:Test_3,15.05,0.0132308006286621,0.7,1.0
AUC,2,aligned,3,77,NICE,bounded,NICE_bounded,0,below_policy_threshold;classifier_target_not_met,5.625,0.0132308006286621,0.7,1.0
AUC,2,aligned,3,77,NICE,bounded+edit,NICE_bounded+edit,0,below_policy_threshold;classifier_target_not_met,5.625,0.0132308006286621,0.7,1.0
AUC,2,aligned,3,77,MCCE,native,MCCE_native,0,no_candidate,,0.0121479034423828,,
AUC,2,aligned,3,77,MCCE,bounded,MCCE_bounded,0,no_candidate,,0.0121479034423828,,
AUC,2,aligned,3,77,MCCE,bounded+edit,MCCE_bounded+edit,0,no_candidate,,0.0121479034423828,,
AUC,2,aligned,3,80,NICE,native,NICE_native,0,below_policy_threshold;immutable_changed:Test_2;immutable_changed:Test_3,14.8,0.006540298461914,0.85,1.0
AUC,2,aligned,3,80,NICE,bounded,NICE_bounded,0,below_policy_threshold;classifier_target_not_met,13.45,0.006540298461914,0.85,1.0
AUC,2,aligned,3,80,NICE,bounded+edit,NICE_bounded+edit,0,below_policy_threshold;classifier_target_not_met,13.45,0.006540298461914,0.85,1.0
AUC,2,aligned,3,80,MCCE,native,MCCE_native,0,no_candidate,,0.0119500160217285,,
AUC,2,aligned,3,80,MCCE,bounded,MCCE_bounded,0,no_candidate,,0.0119500160217285,,
AUC,2,aligned,3,80,MCCE,bounded+edit,MCCE_bounded+edit,0,no_candidate,,0.0119500160217285,,
AUC,2,aligned,3,84,NICE,native,NICE_native,0,immutable_changed:Test_2;immutable_changed:Test_3,15.075,0.005709171295166,0.7,1.0
AUC,2,aligned,3,84,NICE,bounded,NICE_bounded,0,below_policy_threshold;classifier_target_not_met,13.625,0.005709171295166,0.7,1.0
AUC,2,aligned,3,84,NICE,bounded+edit,NICE_bounded+edit,0,below_policy_threshold;classifier_target_not_met,13.625,0.005709171295166,0.7,1.0
AUC,2,aligned,3,84,MCCE,native,MCCE_native,0,no_candidate,,0.0126633644104003,,
AUC,2,aligned,3,84,MCCE,bounded,MCCE_bounded,0,no_candidate,,0.0126633644104003,,
AUC,2,aligned,3,84,MCCE,bounded+edit,MCCE_bounded+edit,0,no_candidate,,0.0126633644104003,,
AUC,2,aligned,3,89,NICE,native,NICE_native,0,below_policy_threshold;immutable_changed:Test_1;immutable_changed:Test_3,14.1,0.0056610107421875,0.8699999999999999,1.0
AUC,2,aligned,3,89,NICE,bounded,NICE_bounded,0,below_policy_threshold;classifier_target_not_met,9.3,0.0056610107421875,0.8699999999999999,1.0
AUC,2,aligned,3,89,NICE,bounded+edit,NICE_bounded+edit,0,below_policy_threshold;classifier_target_not_met,9.3,0.0056610107421875,0.8699999999999999,1.0
AUC,2,aligned,3,89,MCCE,native,MCCE_native,0,no_candidate,,0.0128579139709472,,
AUC,2,aligned,3,89,MCCE,bounded,MCCE_bounded,0,no_candidate,,0.0128579139709472,,
AUC,2,aligned,3,89,MCCE,bounded+edit,MCCE_bounded+edit,0,no_candidate,,0.0128579139709472,,
AUC,2,aligned,3,107,NICE,native,NICE_native,0,immutable_changed:Test_1;immutable_changed:Test_2;immutable_changed:Test_3,15.05,0.0067853927612304,0.7,1.0
AUC,2,aligned,3,107,NICE,bounded,NICE_bounded,0,below_policy_threshold;classifier_target_not_met,14.325,0.0067853927612304,0.7,1.0
AUC,2,aligned,3,107,NICE,bounded+edit,NICE_bounded+edit,0,below_policy_threshold;classifier_target_not_met,14.325,0.0067853927612304,0.7,1.0
AUC,2,aligned,3,107,MCCE,native,MCCE_native,0,no_candidate,,0.0122232437133789,,
AUC,2,aligned,3,107,MCCE,bounded,MCCE_bounded,0,no_candidate,,0.0122232437133789,,
AUC,2,aligned,3,107,MCCE,bounded+edit,MCCE_bounded+edit,0,no_candidate,,0.0122232437133789,,
AUC,2,aligned,3,109,NICE,native,NICE_native,0,immutable_changed:Test_2,15.4,0.0041017532348632,0.8,1.0
AUC,2,aligned,3,109,NICE,bounded,NICE_bounded,0,below_policy_threshold;classifier_target_not_met,13.9,0.0041017532348632,0.8,1.0
AUC,2,aligned,3,109,NICE,bounded+edit,NICE_bounded+edit,0,below_policy_threshold;classifier_target_not_met,13.9,0.0041017532348632,0.8,1.0
AUC,2,aligned,3,109,MCCE,native,MCCE_native,0,below_policy_threshold;out_of_bounds:sum_click,14.4,0.0163114070892334,1.283963862224732,2.0
AUC,2,aligned,3,109,MCCE,bounded,MCCE_bounded,0,no_candidate,,0.0163114070892334,,
AUC,2,aligned,3,109,MCCE,bounded+edit,MCCE_bounded+edit,0,no_candidate,,0.0163114070892334,,
AUC,2,aligned,3,128,NICE,native,NICE_native,0,below_policy_threshold;immutable_changed:Test_3,11.1,0.0041494369506835,0.8699999999999999,1.0
AUC,2,aligned,3,128,NICE,bounded,NICE_bounded,0,below_policy_threshold;classifier_target_not_met,6.6,0.0041494369506835,0.8699999999999999,1.0
AUC,2,aligned,3,128,NICE,bounded+edit,NICE_bounded+edit,0,below_policy_threshold;classifier_target_not_met,6.6,0.0041494369506835,0.8699999999999999,1.0
AUC,2,aligned,3,128,MCCE,native,MCCE_native,0,no_candidate,,0.0143666267395019,,
AUC,2,aligned,3,128,MCCE,bounded,MCCE_bounded,0,no_candidate,,0.0143666267395019,,
AUC,2,aligned,3,128,MCCE,bounded+edit,MCCE_bounded+edit,0,no_candidate,,0.0143666267395019,,
AUC,2,aligned,3,129,NICE,native,NICE_native,0,below_policy_threshold;immutable_changed:Test_2;immutable_changed:Test_3,14.975,0.0055673122406005,0.8,1.0
AUC,2,aligned,3,129,NICE,bounded,NICE_bounded,0,below_policy_threshold;classifier_target_not_met,10.425,0.0055673122406005,0.8,1.0
AUC,2,aligned,3,129,NICE,bounded+edit,NICE_bounded+edit,0,below_policy_threshold;classifier_target_not_met,10.425,0.0055673122406005,0.8,1.0
AUC,2,aligned,3,129,MCCE,native,MCCE_native,0,no_candidate,,0.0123202800750732,,
AUC,2,aligned,3,129,MCCE,bounded,MCCE_bounded,0,no_candidate,,0.0123202800750732,,
AUC,2,aligned,3,129,MCCE,bounded+edit,MCCE_bounded+edit,0,no_candidate,,0.0123202800750732,,
AUC,2,aligned,3,141,NICE,native,NICE_native,0,immutable_changed:Test_2,15.05,0.0040898323059082,0.8,1.0
AUC,2,aligned,3,141,NICE,bounded,NICE_bounded,0,below_policy_threshold;classifier_target_not_met,14.7,0.0040898323059082,0.8,1.0
AUC,2,aligned,3,141,NICE,bounded+edit,NICE_bounded+edit,0,below_policy_threshold;classifier_target_not_met,14.7,0.0040898323059082,0.8,1.0
AUC,2,aligned,3,141,MCCE,native,MCCE_native,0,no_candidate,,0.0122361183166503,,
AUC,2,aligned,3,141,MCCE,bounded,MCCE_bounded,0,no_candidate,,0.0122361183166503,,
AUC,2,aligned,3,141,MCCE,bounded+edit,MCCE_bounded+edit,0,no_candidate,,0.0122361183166503,,
AUC,2,aligned,3,176,NICE,native,NICE_native,0,below_policy_threshold;immutable_changed:Test_1;immutable_changed:Test_3,11.1,0.0056204795837402,0.8699999999999999,1.0
AUC,2,aligned,3,176,NICE,bounded,NICE_bounded,0,below_policy_threshold;classifier_target_not_met,6.05,0.0056204795837402,0.8699999999999999,1.0
AUC,2,aligned,3,176,NICE,bounded+edit,NICE_bounded+edit,0,below_policy_threshold;classifier_target_not_met,6.05,0.0056204795837402,0.8699999999999999,1.0
AUC,2,aligned,3,176,MCCE,native,MCCE_native,0,no_candidate,,0.0119526386260986,,
AUC,2,aligned,3,176,MCCE,bounded,MCCE_bounded,0,no_candidate,,0.0119526386260986,,
AUC,2,aligned,3,176,MCCE,bounded+edit,MCCE_bounded+edit,0,no_candidate,,0.0119526386260986,,
AUC,2,aligned,3,183,NICE,native,NICE_native,0,below_policy_threshold,14.725,0.0026013851165771,0.9,1.0
AUC,2,aligned,3,183,NICE,bounded,NICE_bounded,0,below_policy_threshold,14.725,0.0026013851165771,0.9,1.0
AUC,2,aligned,3,183,NICE,bounded+edit,NICE_bounded+edit,0,below_policy_threshold,14.725,0.0026013851165771,0.9,1.0
AUC,2,aligned,3,183,MCCE,native,MCCE_native,0,no_candidate,,0.011488914489746,,
AUC,2,aligned,3,183,MCCE,bounded,MCCE_bounded,0,no_candidate,,0.011488914489746,,
AUC,2,aligned,3,183,MCCE,bounded+edit,MCCE_bounded+edit,0,no_candidate,,0.011488914489746,,
AUC,2,aligned,3,203,NICE,native,NICE_native,0,immutable_changed:Test_1,15.05,0.0039021968841552,0.8,1.0
AUC,2,aligned,3,203,NICE,bounded,NICE_bounded,0,below_policy_threshold;classifier_target_not_met,14.675,0.0039021968841552,0.8,1.0
AUC,2,aligned,3,203,NICE,bounded+edit,NICE_bounded+edit,0,below_policy_threshold;classifier_target_not_met,14.675,0.0039021968841552,0.8,1.0
AUC,2,aligned,3,203,MCCE,native,MCCE_native,0,below_policy_threshold;out_of_bounds:sum_click,14.925,0.0174348354339599,0.9633989853774992,2.0
AUC,2,aligned,3,203,MCCE,bounded,MCCE_bounded,0,below_policy_threshold,14.925,0.0174348354339599,1.1126081766636826,2.0
AUC,2,aligned,3,203,MCCE,bounded+edit,MCCE_bounded+edit,0,below_policy_threshold,14.925,0.0174348354339599,1.1126081766636826,2.0
AUC,2,aligned,3,204,NICE,native,NICE_native,0,immutable_changed:Test_1;immutable_changed:Test_2;immutable_changed:Test_3,15.3,0.006629467010498,0.8,1.0
AUC,2,aligned,3,204,NICE,bounded,NICE_bounded,0,below_policy_threshold;classifier_target_not_met,13.4,0.006629467010498,0.8,1.0
AUC,2,aligned,3,204,NICE,bounded+edit,NICE_bounded+edit,0,below_policy_threshold;classifier_target_not_met,13.4,0.006629467010498,0.8,1.0
AUC,2,aligned,3,204,MCCE,native,MCCE_native,0,no_candidate,,0.0119829177856445,,
AUC,2,aligned,3,204,MCCE,bounded,MCCE_bounded,0,no_candidate,,0.0119829177856445,,
AUC,2,aligned,3,204,MCCE,bounded+edit,MCCE_bounded+edit,0,no_candidate,,0.0119829177856445,,
AUC,2,aligned,3,209,NICE,native,NICE_native,0,below_policy_threshold;immutable_changed:Test_2;immutable_changed:Test_3,14.525,0.0053143501281738,0.85,1.0
AUC,2,aligned,3,209,NICE,bounded,NICE_bounded,0,below_policy_threshold;classifier_target_not_met,12.575,0.0053143501281738,0.85,1.0
AUC,2,aligned,3,209,NICE,bounded+edit,NICE_bounded+edit,0,below_policy_threshold;classifier_target_not_met,12.575,0.0053143501281738,0.85,1.0
AUC,2,aligned,3,209,MCCE,native,MCCE_native,0,no_candidate,,0.0130293369293212,,
AUC,2,aligned,3,209,MCCE,bounded,MCCE_bounded,0,no_candidate,,0.0130293369293212,,
AUC,2,aligned,3,209,MCCE,bounded+edit,MCCE_bounded+edit,0,no_candidate,,0.0130293369293212,,
AUC,2,aligned,3,221,NICE,native,NICE_native,1,OK,15.1,0.0032482147216796,0.9,1.0
AUC,2,aligned,3,221,NICE,bounded,NICE_bounded,1,OK,15.1,0.0032482147216796,0.9,1.0
AUC,2,aligned,3,221,NICE,bounded+edit,NICE_bounded+edit,1,OK,15.1,0.0032482147216796,0.9,1.0
AUC,2,aligned,3,221,MCCE,native,MCCE_native,0,below_policy_threshold,14.85,0.018301248550415,1.5720216606498203,2.0
AUC,2,aligned,3,221,MCCE,bounded,MCCE_bounded,0,below_policy_threshold,14.85,0.018301248550415,1.5720216606498203,2.0
AUC,2,aligned,3,221,MCCE,bounded+edit,MCCE_bounded+edit,0,below_policy_threshold,14.85,0.018301248550415,1.5720216606498203,2.0
AUC,2,aligned,3,225,NICE,native,NICE_native,0,immutable_changed:Test_2,15.575,0.0041124820709228,0.8,1.0
AUC,2,aligned,3,225,NICE,bounded,NICE_bounded,0,below_policy_threshold;classifier_target_not_met,15.0,0.0041124820709228,0.8,1.0
AUC,2,aligned,3,225,NICE,bounded+edit,NICE_bounded+edit,0,below_policy_threshold;classifier_target_not_met,15.0,0.0041124820709228,0.8,1.0
AUC,2,aligned,3,225,MCCE,native,MCCE_native,1,OK,15.9,0.0281496047973632,0.98,1.0
AUC,2,aligned,3,225,MCCE,bounded,MCCE_bounded,1,OK,15.9,0.0281496047973632,0.98,1.0
AUC,2,aligned,3,225,MCCE,bounded+edit,MCCE_bounded+edit,1,OK,15.9,0.0281496047973632,0.98,1.0
AUC,2,aligned,3,231,NICE,native,NICE_native,0,below_policy_threshold;immutable_changed:Test_3,11.4,0.0040087699890136,0.9,1.0
AUC,2,aligned,3,231,NICE,bounded,NICE_bounded,0,below_policy_threshold;classifier_target_not_met,6.9,0.0040087699890136,0.9,1.0
AUC,2,aligned,3,231,NICE,bounded+edit,NICE_bounded+edit,0,below_policy_threshold;classifier_target_not_met,6.9,0.0040087699890136,0.9,1.0
AUC,2,aligned,3,231,MCCE,native,MCCE_native,0,no_candidate,,0.0120036602020263,,
AUC,2,aligned,3,231,MCCE,bounded,MCCE_bounded,0,no_candidate,,0.0120036602020263,,
AUC,2,aligned,3,231,MCCE,bounded+edit,MCCE_bounded+edit,0,no_candidate,,0.0120036602020263,,
AUC,2,aligned,3,236,NICE,native,NICE_native,0,below_policy_threshold;immutable_changed:Test_1;immutable_changed:Test_2,14.95,0.0052933692932128,0.8,1.0
AUC,2,aligned,3,236,NICE,bounded,NICE_bounded,0,below_policy_threshold;classifier_target_not_met,14.2,0.0052933692932128,0.8,1.0
AUC,2,aligned,3,236,NICE,bounded+edit,NICE_bounded+edit,0,below_policy_threshold;classifier_target_not_met,14.2,0.0052933692932128,0.8,1.0
AUC,2,aligned,3,236,MCCE,native,MCCE_native,0,no_candidate,,0.0124933719635009,,
AUC,2,aligned,3,236,MCCE,bounded,MCCE_bounded,0,no_candidate,,0.0124933719635009,,
AUC,2,aligned,3,236,MCCE,bounded+edit,MCCE_bounded+edit,0,no_candidate,,0.0124933719635009,,
AUC,2,aligned,3,246,NICE,native,NICE_native,0,immutable_changed:Test_2,15.475,0.0040411949157714,0.8,1.0
AUC,2,aligned,3,246,NICE,bounded,NICE_bounded,0,classifier_target_not_met,15.075,0.0040411949157714,0.8,1.0
AUC,2,aligned,3,246,NICE,bounded+edit,NICE_bounded+edit,0,classifier_target_not_met,15.075,0.0040411949157714,0.8,1.0
AUC,2,aligned,3,246,MCCE,native,MCCE_native,1,OK,15.275,0.0187025070190429,0.9173053561568196,2.0
AUC,2,aligned,3,246,MCCE,bounded,MCCE_bounded,1,OK,15.275,0.0187025070190429,0.9173053561568196,2.0
AUC,2,aligned,3,246,MCCE,bounded+edit,MCCE_bounded+edit,1,OK,15.275,0.0187025070190429,0.9173053561568196,2.0
AUC,2,aligned,3,250,NICE,native,NICE_native,0,below_policy_threshold;immutable_changed:Test_1;immutable_changed:Test_3,11.1,0.0054025650024414,0.8699999999999999,1.0
AUC,2,aligned,3,250,NICE,bounded,NICE_bounded,0,below_policy_threshold;classifier_target_not_met,5.725,0.0054025650024414,0.8699999999999999,1.0
AUC,2,aligned,3,250,NICE,bounded+edit,NICE_bounded+edit,0,below_policy_threshold;classifier_target_not_met,5.725,0.0054025650024414,0.8699999999999999,1.0
AUC,2,aligned,3,250,MCCE,native,MCCE_native,0,no_candidate,,0.0126838684082031,,
AUC,2,aligned,3,250,MCCE,bounded,MCCE_bounded,0,no_candidate,,0.0126838684082031,,
AUC,2,aligned,3,250,MCCE,bounded+edit,MCCE_bounded+edit,0,no_candidate,,0.0126838684082031,,
AUC,2,aligned,3,267,NICE,native,NICE_native,0,immutable_changed:Test_2;immutable_changed:Test_3,15.125,0.0057044029235839,0.8099999999999999,1.0
AUC,2,aligned,3,267,NICE,bounded,NICE_bounded,0,below_policy_threshold;classifier_target_not_met,11.325,0.0057044029235839,0.8099999999999999,1.0
AUC,2,aligned,3,267,NICE,bounded+edit,NICE_bounded+edit,0,below_policy_threshold;classifier_target_not_met,11.325,0.0057044029235839,0.8099999999999999,1.0
AUC,2,aligned,3,267,MCCE,native,MCCE_native,0,no_candidate,,0.0122413635253906,,
AUC,2,aligned,3,267,MCCE,bounded,MCCE_bounded,0,no_candidate,,0.0122413635253906,,
AUC,2,aligned,3,267,MCCE,bounded+edit,MCCE_bounded+edit,0,no_candidate,,0.0122413635253906,,
AUC,2,aligned,3,272,NICE,native,NICE_native,0,immutable_changed:Test_1;immutable_changed:Test_2;immutable_changed:Test_3,15.05,0.0070610046386718,0.7,1.0
AUC,2,aligned,3,272,NICE,bounded,NICE_bounded,0,below_policy_threshold;classifier_target_not_met,5.65,0.0070610046386718,0.7,1.0
AUC,2,aligned,3,272,NICE,bounded+edit,NICE_bounded+edit,0,below_policy_threshold;classifier_target_not_met,5.65,0.0070610046386718,0.7,1.0
AUC,2,aligned,3,272,MCCE,native,MCCE_native,0,no_candidate,,0.0118451118469238,,
AUC,2,aligned,3,272,MCCE,bounded,MCCE_bounded,0,no_candidate,,0.0118451118469238,,
AUC,2,aligned,3,272,MCCE,bounded+edit,MCCE_bounded+edit,0,no_candidate,,0.0118451118469238,,
AUC,2,aligned,3,293,NICE,native,NICE_native,0,immutable_changed:Test_2;immutable_changed:Test_3,15.05,0.0088591575622558,0.7,1.0
AUC,2,aligned,3,293,NICE,bounded,NICE_bounded,0,below_policy_threshold;classifier_target_not_met,14.45,0.0088591575622558,0.7,1.0
AUC,2,aligned,3,293,NICE,bounded+edit,NICE_bounded+edit,0,below_policy_threshold;classifier_target_not_met,14.45,0.0088591575622558,0.7,1.0
AUC,2,aligned,3,293,MCCE,native,MCCE_native,1,OK,15.45,0.0211303234100341,1.085773649474456,2.0
AUC,2,aligned,3,293,MCCE,bounded,MCCE_bounded,1,OK,15.45,0.0211303234100341,1.085773649474456,2.0
AUC,2,aligned,3,293,MCCE,bounded+edit,MCCE_bounded+edit,1,OK,15.45,0.0211303234100341,1.085773649474456,2.0
AUC,2,aligned,3,307,NICE,native,NICE_native,0,immutable_changed:Test_1;immutable_changed:Test_2;immutable_changed:Test_3,15.05,0.0073180198669433,0.7,1.0
AUC,2,aligned,3,307,NICE,bounded,NICE_bounded,0,below_policy_threshold;classifier_target_not_met,13.375,0.0073180198669433,0.7,1.0
AUC,2,aligned,3,307,NICE,bounded+edit,NICE_bounded+edit,0,below_policy_threshold;classifier_target_not_met,13.375,0.0073180198669433,0.7,1.0
AUC,2,aligned,3,307,MCCE,native,MCCE_native,0,no_candidate,,0.0128726959228515,,
AUC,2,aligned,3,307,MCCE,bounded,MCCE_bounded,0,no_candidate,,0.0128726959228515,,
AUC,2,aligned,3,307,MCCE,bounded+edit,MCCE_bounded+edit,0,no_candidate,,0.0128726959228515,,
AUC,2,aligned,3,317,NICE,native,NICE_native,0,immutable_changed:Test_3,15.175,0.0042417049407958,0.8,1.0
AUC,2,aligned,3,317,NICE,bounded,NICE_bounded,0,below_policy_threshold;classifier_target_not_met,14.775,0.0042417049407958,0.8,1.0
AUC,2,aligned,3,317,NICE,bounded+edit,NICE_bounded+edit,0,below_policy_threshold;classifier_target_not_met,14.775,0.0042417049407958,0.8,1.0
AUC,2,aligned,3,317,MCCE,native,MCCE_native,0,out_of_bounds:sum_click,15.075,0.0210623741149902,1.5149118387909324,2.0
AUC,2,aligned,3,317,MCCE,bounded,MCCE_bounded,1,OK,15.275,0.0210623741149902,1.2358522250209911,2.0
AUC,2,aligned,3,317,MCCE,bounded+edit,MCCE_bounded+edit,1,OK,15.275,0.0210623741149902,1.2358522250209911,2.0
AUC,2,aligned,3,321,NICE,native,NICE_native,0,below_policy_threshold;immutable_changed:Test_1;immutable_changed:Test_3,11.1,0.005704641342163,0.8699999999999999,1.0
AUC,2,aligned,3,321,NICE,bounded,NICE_bounded,0,below_policy_threshold;classifier_target_not_met,6.35,0.005704641342163,0.8699999999999999,1.0
AUC,2,aligned,3,321,NICE,bounded+edit,NICE_bounded+edit,0,below_policy_threshold;classifier_target_not_met,6.35,0.005704641342163,0.8699999999999999,1.0
AUC,2,aligned,3,321,MCCE,native,MCCE_native,0,no_candidate,,0.01255464553833,,
AUC,2,aligned,3,321,MCCE,bounded,MCCE_bounded,0,no_candidate,,0.01255464553833,,
AUC,2,aligned,3,321,MCCE,bounded+edit,MCCE_bounded+edit,0,no_candidate,,0.01255464553833,,
AUC,2,aligned,3,322,NICE,native,NICE_native,0,below_policy_threshold;immutable_changed:Test_1;immutable_changed:Test_3,10.95,0.0055415630340576,0.9,1.0
AUC,2,aligned,3,322,NICE,bounded,NICE_bounded,0,below_policy_threshold;classifier_target_not_met,6.525,0.0055415630340576,0.9,1.0
AUC,2,aligned,3,322,NICE,bounded+edit,NICE_bounded+edit,0,below_policy_threshold;classifier_target_not_met,6.525,0.0055415630340576,0.9,1.0
AUC,2,aligned,3,322,MCCE,native,MCCE_native,0,no_candidate,,0.0184807777404785,,
AUC,2,aligned,3,322,MCCE,bounded,MCCE_bounded,0,no_candidate,,0.0184807777404785,,
AUC,2,aligned,3,322,MCCE,bounded+edit,MCCE_bounded+edit,0,no_candidate,,0.0184807777404785,,
AUC,2,aligned,3,328,NICE,native,NICE_native,0,immutable_changed:Test_2,15.2,0.0058634281158447,0.8,1.0
AUC,2,aligned,3,328,NICE,bounded,NICE_bounded,0,classifier_target_not_met,15.05,0.0058634281158447,0.8,1.0
AUC,2,aligned,3,328,NICE,bounded+edit,NICE_bounded+edit,0,classifier_target_not_met,15.05,0.0058634281158447,0.8,1.0
AUC,2,aligned,3,328,MCCE,native,MCCE_native,1,OK,15.3,0.0223286151885986,0.9096044432403144,2.0
AUC,2,aligned,3,328,MCCE,bounded,MCCE_bounded,1,OK,15.3,0.0223286151885986,0.9096044432403144,2.0
AUC,2,aligned,3,328,MCCE,bounded+edit,MCCE_bounded+edit,1,OK,15.3,0.0223286151885986,0.9096044432403144,2.0
AUC,2,aligned,3,330,NICE,native,NICE_native,0,below_policy_threshold;immutable_changed:Test_3,14.475,0.0045747756958007,0.85,1.0
AUC,2,aligned,3,330,NICE,bounded,NICE_bounded,0,below_policy_threshold;classifier_target_not_met,14.175,0.0045747756958007,0.85,1.0
AUC,2,aligned,3,330,NICE,bounded+edit,NICE_bounded+edit,0,below_policy_threshold;classifier_target_not_met,14.175,0.0045747756958007,0.85,1.0
AUC,2,aligned,3,330,MCCE,native,MCCE_native,0,no_candidate,,0.013155460357666,,
AUC,2,aligned,3,330,MCCE,bounded,MCCE_bounded,0,no_candidate,,0.013155460357666,,
AUC,2,aligned,3,330,MCCE,bounded+edit,MCCE_bounded+edit,0,no_candidate,,0.013155460357666,,
AUC,2,aligned,3,335,NICE,native,NICE_native,0,immutable_changed:Test_1;immutable_changed:Test_2;immutable_changed:Test_3,15.05,0.0084140300750732,0.7,1.0
AUC,2,aligned,3,335,NICE,bounded,NICE_bounded,0,below_policy_threshold;classifier_target_not_met,14.0,0.0084140300750732,0.7,1.0
AUC,2,aligned,3,335,NICE,bounded+edit,NICE_bounded+edit,0,below_policy_threshold;classifier_target_not_met,14.0,0.0084140300750732,0.7,1.0
AUC,2,aligned,3,335,MCCE,native,MCCE_native,0,below_policy_threshold,15.0,0.0191371440887451,1.253609766364976,2.0
AUC,2,aligned,3,335,MCCE,bounded,MCCE_bounded,0,below_policy_threshold,15.0,0.0191371440887451,1.253609766364976,2.0
AUC,2,aligned,3,335,MCCE,bounded+edit,MCCE_bounded+edit,0,below_policy_threshold,15.0,0.0191371440887451,1.253609766364976,2.0
AUC,2,aligned,3,344,NICE,native,NICE_native,0,immutable_changed:Test_2;immutable_changed:Test_3,15.2,0.0060768127441406,0.8,1.0
AUC,2,aligned,3,344,NICE,bounded,NICE_bounded,0,below_policy_threshold;classifier_target_not_met,14.1,0.0060768127441406,0.8,1.0
AUC,2,aligned,3,344,NICE,bounded+edit,NICE_bounded+edit,0,below_policy_threshold;classifier_target_not_met,14.1,0.0060768127441406,0.8,1.0
AUC,2,aligned,3,344,MCCE,native,MCCE_native,0,no_candidate,,0.0132789611816406,,
AUC,2,aligned,3,344,MCCE,bounded,MCCE_bounded,0,no_candidate,,0.0132789611816406,,
AUC,2,aligned,3,344,MCCE,bounded+edit,MCCE_bounded+edit,0,no_candidate,,0.0132789611816406,,
AUC,2,aligned,3,345,NICE,native,NICE_native,0,below_policy_threshold;immutable_changed:Test_1;immutable_changed:Test_3,14.3,0.0066230297088623,0.8699999999999999,1.0
AUC,2,aligned,3,345,NICE,bounded,NICE_bounded,0,below_policy_threshold;classifier_target_not_met,9.35,0.0066230297088623,0.8699999999999999,1.0
AUC,2,aligned,3,345,NICE,bounded+edit,NICE_bounded+edit,0,below_policy_threshold;classifier_target_not_met,9.35,0.0066230297088623,0.8699999999999999,1.0
AUC,2,aligned,3,345,MCCE,native,MCCE_native,0,no_candidate,,0.0122604370117187,,
AUC,2,aligned,3,345,MCCE,bounded,MCCE_bounded,0,no_candidate,,0.0122604370117187,,
AUC,2,aligned,3,345,MCCE,bounded+edit,MCCE_bounded+edit,0,no_candidate,,0.0122604370117187,,
AUC,2,aligned,3,347,NICE,native,NICE_native,0,below_policy_threshold;immutable_changed:Test_1;immutable_changed:Test_2,14.95,0.005713939666748,0.8099999999999999,1.0
AUC,2,aligned,3,347,NICE,bounded,NICE_bounded,0,below_policy_threshold;classifier_target_not_met,14.6,0.005713939666748,0.8099999999999999,1.0
AUC,2,aligned,3,347,NICE,bounded+edit,NICE_bounded+edit,0,below_policy_threshold;classifier_target_not_met,14.6,0.005713939666748,0.8099999999999999,1.0
AUC,2,aligned,3,347,MCCE,native,MCCE_native,0,no_candidate,,0.0125670433044433,,
AUC,2,aligned,3,347,MCCE,bounded,MCCE_bounded,0,no_candidate,,0.0125670433044433,,
AUC,2,aligned,3,347,MCCE,bounded+edit,MCCE_bounded+edit,0,no_candidate,,0.0125670433044433,,
AUC,2,aligned,3,354,NICE,native,NICE_native,0,immutable_changed:Test_1,15.1,0.0044045448303222,0.8,1.0
AUC,2,aligned,3,354,NICE,bounded,NICE_bounded,0,below_policy_threshold;classifier_target_not_met,14.475,0.0044045448303222,0.8,1.0
AUC,2,aligned,3,354,NICE,bounded+edit,NICE_bounded+edit,0,below_policy_threshold;classifier_target_not_met,14.475,0.0044045448303222,0.8,1.0
AUC,2,aligned,3,354,MCCE,native,MCCE_native,0,below_policy_threshold;out_of_bounds:sum_click,14.725,0.0195729732513427,0.8782585658777817,2.0
AUC,2,aligned,3,354,MCCE,bounded,MCCE_bounded,0,below_policy_threshold,14.725,0.0195729732513427,1.0548746026139173,2.0
AUC,2,aligned,3,354,MCCE,bounded+edit,MCCE_bounded+edit,0,below_policy_threshold,14.725,0.0195729732513427,1.0548746026139173,2.0
AUC,2,aligned,3,369,NICE,native,NICE_native,0,immutable_changed:Test_1;immutable_changed:Test_2;immutable_changed:Test_3,15.05,0.0077111721038818,0.7,1.0
AUC,2,aligned,3,369,NICE,bounded,NICE_bounded,0,below_policy_threshold;classifier_target_not_met,13.65,0.0077111721038818,0.7,1.0
AUC,2,aligned,3,369,NICE,bounded+edit,NICE_bounded+edit,0,below_policy_threshold;classifier_target_not_met,13.65,0.0077111721038818,0.7,1.0
AUC,2,aligned,3,369,MCCE,native,MCCE_native,0,no_candidate,,0.0138182640075683,,
AUC,2,aligned,3,369,MCCE,bounded,MCCE_bounded,0,no_candidate,,0.0138182640075683,,
AUC,2,aligned,3,369,MCCE,bounded+edit,MCCE_bounded+edit,0,no_candidate,,0.0138182640075683,,
AUC,2,aligned,3,395,NICE,native,NICE_native,0,immutable_changed:Test_1;immutable_changed:Test_2,15.05,0.0079550743103027,0.7,1.0
AUC,2,aligned,3,395,NICE,bounded,NICE_bounded,0,below_policy_threshold;classifier_target_not_met,14.85,0.0079550743103027,0.7,1.0
AUC,2,aligned,3,395,NICE,bounded+edit,NICE_bounded+edit,0,below_policy_threshold;classifier_target_not_met,14.85,0.0079550743103027,0.7,1.0
AUC,2,aligned,3,395,MCCE,native,MCCE_native,0,out_of_bounds:sum_click,15.6,0.0209724903106689,1.105394099515632,2.0
AUC,2,aligned,3,395,MCCE,bounded,MCCE_bounded,1,OK,15.6,0.0209724903106689,1.2991413474240423,2.0
AUC,2,aligned,3,395,MCCE,bounded+edit,MCCE_bounded+edit,1,OK,15.6,0.0209724903106689,1.2991413474240423,2.0
AUC,2,aligned,3,403,NICE,native,NICE_native,0,immutable_changed:Test_2;immutable_changed:Test_3,15.325,0.0112781524658203,0.8099999999999999,1.0
AUC,2,aligned,3,403,NICE,bounded,NICE_bounded,0,below_policy_threshold;classifier_target_not_met,6.525,0.0112781524658203,0.8099999999999999,1.0
AUC,2,aligned,3,403,NICE,bounded+edit,NICE_bounded+edit,0,below_policy_threshold;classifier_target_not_met,6.525,0.0112781524658203,0.8099999999999999,1.0
AUC,2,aligned,3,403,MCCE,native,MCCE_native,0,no_candidate,,0.0149590969085693,,
AUC,2,aligned,3,403,MCCE,bounded,MCCE_bounded,0,no_candidate,,0.0149590969085693,,
AUC,2,aligned,3,403,MCCE,bounded+edit,MCCE_bounded+edit,0,no_candidate,,0.0149590969085693,,
AUC,2,aligned,3,414,NICE,native,NICE_native,0,immutable_changed:Test_1;immutable_changed:Test_3,15.1,0.0077965259552001,0.8699999999999999,1.0
AUC,2,aligned,3,414,NICE,bounded,NICE_bounded,0,below_policy_threshold;classifier_target_not_met,14.35,0.0077965259552001,0.8699999999999999,1.0
AUC,2,aligned,3,414,NICE,bounded+edit,NICE_bounded+edit,0,below_policy_threshold;classifier_target_not_met,14.35,0.0077965259552001,0.8699999999999999,1.0
AUC,2,aligned,3,414,MCCE,native,MCCE_native,0,no_candidate,,0.0145239830017089,,
AUC,2,aligned,3,414,MCCE,bounded,MCCE_bounded,0,no_candidate,,0.0145239830017089,,
AUC,2,aligned,3,414,MCCE,bounded+edit,MCCE_bounded+edit,0,no_candidate,,0.0145239830017089,,
AUC,2,aligned,3,423,NICE,native,NICE_native,1,OK,15.25,0.0062448978424072,0.85,1.0
AUC,2,aligned,3,423,NICE,bounded,NICE_bounded,1,OK,15.25,0.0062448978424072,0.85,1.0
AUC,2,aligned,3,423,NICE,bounded+edit,NICE_bounded+edit,1,OK,15.25,0.0062448978424072,0.85,1.0
AUC,2,aligned,3,423,MCCE,native,MCCE_native,1,OK,15.25,0.0312378406524658,0.9150860065086006,2.0
AUC,2,aligned,3,423,MCCE,bounded,MCCE_bounded,1,OK,15.25,0.0312378406524658,0.9150860065086006,2.0
AUC,2,aligned,3,423,MCCE,bounded+edit,MCCE_bounded+edit,1,OK,15.25,0.0312378406524658,0.9150860065086006,2.0
AUC,2,aligned,3,428,NICE,native,NICE_native,0,immutable_changed:Test_2;immutable_changed:Test_3,15.05,0.0085217952728271,0.7,1.0
AUC,2,aligned,3,428,NICE,bounded,NICE_bounded,0,below_policy_threshold;classifier_target_not_met,13.95,0.0085217952728271,0.7,1.0
AUC,2,aligned,3,428,NICE,bounded+edit,NICE_bounded+edit,0,below_policy_threshold;classifier_target_not_met,13.95,0.0085217952728271,0.7,1.0
AUC,2,aligned,3,428,MCCE,native,MCCE_native,0,no_candidate,,0.0160682201385498,,
AUC,2,aligned,3,428,MCCE,bounded,MCCE_bounded,0,no_candidate,,0.0160682201385498,,
AUC,2,aligned,3,428,MCCE,bounded+edit,MCCE_bounded+edit,0,no_candidate,,0.0160682201385498,,
AUC,2,aligned,3,430,NICE,native,NICE_native,0,immutable_changed:Test_2;immutable_changed:Test_3,15.05,0.0054569244384765,0.8,1.0
AUC,2,aligned,3,430,NICE,bounded,NICE_bounded,0,below_policy_threshold;classifier_target_not_met,13.95,0.0054569244384765,0.8,1.0
AUC,2,aligned,3,430,NICE,bounded+edit,NICE_bounded+edit,0,below_policy_threshold;classifier_target_not_met,13.95,0.0054569244384765,0.8,1.0
AUC,2,aligned,3,430,MCCE,native,MCCE_native,0,no_candidate,,0.0117409229278564,,
AUC,2,aligned,3,430,MCCE,bounded,MCCE_bounded,0,no_candidate,,0.0117409229278564,,
AUC,2,aligned,3,430,MCCE,bounded+edit,MCCE_bounded+edit,0,no_candidate,,0.0117409229278564,,
AUC,2,aligned,3,431,NICE,native,NICE_native,0,immutable_changed:Test_2;immutable_changed:Test_3,15.05,0.0055928230285644,0.7,1.0
AUC,2,aligned,3,431,NICE,bounded,NICE_bounded,0,below_policy_threshold;classifier_target_not_met,14.525,0.0055928230285644,0.7,1.0
AUC,2,aligned,3,431,NICE,bounded+edit,NICE_bounded+edit,0,below_policy_threshold;classifier_target_not_met,14.525,0.0055928230285644,0.7,1.0
AUC,2,aligned,3,431,MCCE,native,MCCE_native,1,OK,15.275,0.0180327892303466,0.9349076629165782,2.0
AUC,2,aligned,3,431,MCCE,bounded,MCCE_bounded,1,OK,15.275,0.0180327892303466,0.9349076629165782,2.0
AUC,2,aligned,3,431,MCCE,bounded+edit,MCCE_bounded+edit,1,OK,15.275,0.0180327892303466,0.9349076629165782,2.0
AUC,2,aligned,3,439,NICE,native,NICE_native,0,immutable_changed:Test_1;immutable_changed:Test_2;immutable_changed:Test_3,15.05,0.0066440105438232,0.8,1.0
AUC,2,aligned,3,439,NICE,bounded,NICE_bounded,0,below_policy_threshold;classifier_target_not_met,14.1,0.0066440105438232,0.8,1.0
AUC,2,aligned,3,439,NICE,bounded+edit,NICE_bounded+edit,0,below_policy_threshold;classifier_target_not_met,14.1,0.0066440105438232,0.8,1.0
AUC,2,aligned,3,439,MCCE,native,MCCE_native,0,no_candidate,,0.0286610126495361,,
AUC,2,aligned,3,439,MCCE,bounded,MCCE_bounded,0,no_candidate,,0.0286610126495361,,
AUC,2,aligned,3,439,MCCE,bounded+edit,MCCE_bounded+edit,0,no_candidate,,0.0286610126495361,,
AUC,2,aligned,3,444,NICE,native,NICE_native,0,immutable_changed:Test_1;immutable_changed:Test_2;immutable_changed:Test_3,15.05,0.0165197849273681,0.7,1.0
AUC,2,aligned,3,444,NICE,bounded,NICE_bounded,0,below_policy_threshold;classifier_target_not_met,4.25,0.0165197849273681,0.7,1.0
AUC,2,aligned,3,444,NICE,bounded+edit,NICE_bounded+edit,0,below_policy_threshold;classifier_target_not_met,4.25,0.0165197849273681,0.7,1.0
AUC,2,aligned,3,444,MCCE,native,MCCE_native,0,no_candidate,,0.0138649940490722,,
AUC,2,aligned,3,444,MCCE,bounded,MCCE_bounded,0,no_candidate,,0.0138649940490722,,
AUC,2,aligned,3,444,MCCE,bounded+edit,MCCE_bounded+edit,0,no_candidate,,0.0138649940490722,,
AUC,2,aligned,3,447,NICE,native,NICE_native,0,immutable_changed:Test_1;immutable_changed:Test_2;immutable_changed:Test_3,15.05,0.0070166587829589,0.7,1.0
AUC,2,aligned,3,447,NICE,bounded,NICE_bounded,0,below_policy_threshold;classifier_target_not_met,13.475,0.0070166587829589,0.7,1.0
AUC,2,aligned,3,447,NICE,bounded+edit,NICE_bounded+edit,0,below_policy_threshold;classifier_target_not_met,13.475,0.0070166587829589,0.7,1.0
AUC,2,aligned,3,447,MCCE,native,MCCE_native,0,no_candidate,,0.0173792839050292,,
AUC,2,aligned,3,447,MCCE,bounded,MCCE_bounded,0,no_candidate,,0.0173792839050292,,
AUC,2,aligned,3,447,MCCE,bounded+edit,MCCE_bounded+edit,0,no_candidate,,0.0173792839050292,,
AUC,2,aligned,3,451,NICE,native,NICE_native,0,immutable_changed:Test_2,15.55,0.0042121410369873,0.8,1.0
AUC,2,aligned,3,451,NICE,bounded,NICE_bounded,0,below_policy_threshold;classifier_target_not_met,14.725,0.0042121410369873,0.8,1.0
AUC,2,aligned,3,451,NICE,bounded+edit,NICE_bounded+edit,0,below_policy_threshold;classifier_target_not_met,14.725,0.0042121410369873,0.8,1.0
AUC,2,aligned,3,451,MCCE,native,MCCE_native,1,OK,15.625,0.020850658416748,0.98,1.0
AUC,2,aligned,3,451,MCCE,bounded,MCCE_bounded,1,OK,15.625,0.020850658416748,0.98,1.0
AUC,2,aligned,3,451,MCCE,bounded+edit,MCCE_bounded+edit,1,OK,15.625,0.020850658416748,0.98,1.0
AUC,2,aligned,3,455,NICE,native,NICE_native,0,immutable_changed:Test_2,15.2,0.0055515766143798,0.8,1.0
AUC,2,aligned,3,455,NICE,bounded,NICE_bounded,0,below_policy_threshold;classifier_target_not_met,15.0,0.0055515766143798,0.8,1.0
AUC,2,aligned,3,455,NICE,bounded+edit,NICE_bounded+edit,0,below_policy_threshold;classifier_target_not_met,15.0,0.0055515766143798,0.8,1.0
AUC,2,aligned,3,455,MCCE,native,MCCE_native,0,out_of_bounds:sum_click,15.25,0.0241873264312744,0.9768498942917548,2.0
AUC,2,aligned,3,455,MCCE,bounded,MCCE_bounded,1,OK,15.25,0.0241873264312744,1.0010117789187556,2.0
AUC,2,aligned,3,455,MCCE,bounded+edit,MCCE_bounded+edit,1,OK,15.25,0.0241873264312744,1.0010117789187556,2.0
AUC,2,aligned,3,463,NICE,native,NICE_native,1,OK,15.6,0.0027997493743896,0.92,1.0
AUC,2,aligned,3,463,NICE,bounded,NICE_bounded,1,OK,15.6,0.0027997493743896,0.92,1.0
AUC,2,aligned,3,463,NICE,bounded+edit,NICE_bounded+edit,1,OK,15.6,0.0027997493743896,0.92,1.0
AUC,2,aligned,3,463,MCCE,native,MCCE_native,0,out_of_bounds:sum_click,15.6,0.0461888313293457,1.000407397480568,2.0
AUC,2,aligned,3,463,MCCE,bounded,MCCE_bounded,1,OK,15.35,0.0461888313293457,1.2130715625837576,2.0
AUC,2,aligned,3,463,MCCE,bounded+edit,MCCE_bounded+edit,1,OK,15.35,0.0461888313293457,1.2130715625837576,2.0
AUC,2,aligned,3,479,NICE,native,NICE_native,0,below_policy_threshold;immutable_changed:Test_1;immutable_changed:Test_3,11.1,0.0090606212615966,0.8699999999999999,1.0
AUC,2,aligned,3,479,NICE,bounded,NICE_bounded,0,below_policy_threshold;classifier_target_not_met,6.1,0.0090606212615966,0.8699999999999999,1.0
AUC,2,aligned,3,479,NICE,bounded+edit,NICE_bounded+edit,0,below_policy_threshold;classifier_target_not_met,6.1,0.0090606212615966,0.8699999999999999,1.0
AUC,2,aligned,3,479,MCCE,native,MCCE_native,0,no_candidate,,0.0211856365203857,,
AUC,2,aligned,3,479,MCCE,bounded,MCCE_bounded,0,no_candidate,,0.0211856365203857,,
AUC,2,aligned,3,479,MCCE,bounded+edit,MCCE_bounded+edit,0,no_candidate,,0.0211856365203857,,
AUC,2,aligned,3,481,NICE,native,NICE_native,0,immutable_changed:Test_2;immutable_changed:Test_3,15.05,0.0090115070343017,0.85,1.0
AUC,2,aligned,3,481,NICE,bounded,NICE_bounded,0,below_policy_threshold;classifier_target_not_met,12.25,0.0090115070343017,0.85,1.0
AUC,2,aligned,3,481,NICE,bounded+edit,NICE_bounded+edit,0,below_policy_threshold;classifier_target_not_met,12.25,0.0090115070343017,0.85,1.0
AUC,2,aligned,3,481,MCCE,native,MCCE_native,0,no_candidate,,0.0136380195617675,,
AUC,2,aligned,3,481,MCCE,bounded,MCCE_bounded,0,no_candidate,,0.0136380195617675,,
AUC,2,aligned,3,481,MCCE,bounded+edit,MCCE_bounded+edit,0,no_candidate,,0.0136380195617675,,
AUC,2,aligned,3,489,NICE,native,NICE_native,0,immutable_changed:Test_1;immutable_changed:Test_2,15.15,0.0056319236755371,0.8,1.0
AUC,2,aligned,3,489,NICE,bounded,NICE_bounded,0,below_policy_threshold;classifier_target_not_met,14.0,0.0056319236755371,0.8,1.0
AUC,2,aligned,3,489,NICE,bounded+edit,NICE_bounded+edit,0,below_policy_threshold;classifier_target_not_met,14.0,0.0056319236755371,0.8,1.0
AUC,2,aligned,3,489,MCCE,native,MCCE_native,0,no_candidate,,0.0120706558227539,,
AUC,2,aligned,3,489,MCCE,bounded,MCCE_bounded,0,no_candidate,,0.0120706558227539,,
AUC,2,aligned,3,489,MCCE,bounded+edit,MCCE_bounded+edit,0,no_candidate,,0.0120706558227539,,
AUC,2,aligned,3,500,NICE,native,NICE_native,0,below_policy_threshold;immutable_changed:Test_3,14.85,0.0041151046752929,0.85,1.0
AUC,2,aligned,3,500,NICE,bounded,NICE_bounded,0,below_policy_threshold;classifier_target_not_met,14.5,0.0041151046752929,0.85,1.0
AUC,2,aligned,3,500,NICE,bounded+edit,NICE_bounded+edit,0,below_policy_threshold;classifier_target_not_met,14.5,0.0041151046752929,0.85,1.0
AUC,2,aligned,3,500,MCCE,native,MCCE_native,0,no_candidate,,0.0125558376312255,,
AUC,2,aligned,3,500,MCCE,bounded,MCCE_bounded,0,no_candidate,,0.0125558376312255,,
AUC,2,aligned,3,500,MCCE,bounded+edit,MCCE_bounded+edit,0,no_candidate,,0.0125558376312255,,
AUC,2,aligned,3,508,NICE,native,NICE_native,0,below_policy_threshold;immutable_changed:Test_1;immutable_changed:Test_3,13.6,0.0057168006896972,0.8699999999999999,1.0
AUC,2,aligned,3,508,NICE,bounded,NICE_bounded,0,below_policy_threshold;classifier_target_not_met,10.975,0.0057168006896972,0.8699999999999999,1.0
AUC,2,aligned,3,508,NICE,bounded+edit,NICE_bounded+edit,0,below_policy_threshold;classifier_target_not_met,10.975,0.0057168006896972,0.8699999999999999,1.0
AUC,2,aligned,3,508,MCCE,native,MCCE_native,0,no_candidate,,0.0123929977416992,,
AUC,2,aligned,3,508,MCCE,bounded,MCCE_bounded,0,no_candidate,,0.0123929977416992,,
AUC,2,aligned,3,508,MCCE,bounded+edit,MCCE_bounded+edit,0,no_candidate,,0.0123929977416992,,
AUC,2,aligned,3,520,NICE,native,NICE_native,0,below_policy_threshold;immutable_changed:Test_2;immutable_changed:Test_3,14.85,0.0054483413696289,0.85,1.0
AUC,2,aligned,3,520,NICE,bounded,NICE_bounded,0,below_policy_threshold;classifier_target_not_met,6.0,0.0054483413696289,0.85,1.0
AUC,2,aligned,3,520,NICE,bounded+edit,NICE_bounded+edit,0,below_policy_threshold;classifier_target_not_met,6.0,0.0054483413696289,0.85,1.0
AUC,2,aligned,3,520,MCCE,native,MCCE_native,0,no_candidate,,0.0126178264617919,,
AUC,2,aligned,3,520,MCCE,bounded,MCCE_bounded,0,no_candidate,,0.0126178264617919,,
AUC,2,aligned,3,520,MCCE,bounded+edit,MCCE_bounded+edit,0,no_candidate,,0.0126178264617919,,
AUC,2,aligned,3,530,NICE,native,NICE_native,0,below_policy_threshold;immutable_changed:Test_2,13.8,0.0044028759002685,0.93,1.0
AUC,2,aligned,3,530,NICE,bounded,NICE_bounded,0,below_policy_threshold;classifier_target_not_met,13.35,0.0044028759002685,0.93,1.0
AUC,2,aligned,3,530,NICE,bounded+edit,NICE_bounded+edit,0,below_policy_threshold;classifier_target_not_met,13.35,0.0044028759002685,0.93,1.0
AUC,2,aligned,3,530,MCCE,native,MCCE_native,0,no_candidate,,0.0126154422760009,,
AUC,2,aligned,3,530,MCCE,bounded,MCCE_bounded,0,no_candidate,,0.0126154422760009,,
AUC,2,aligned,3,530,MCCE,bounded+edit,MCCE_bounded+edit,0,no_candidate,,0.0126154422760009,,
AUC,2,aligned,3,537,NICE,native,NICE_native,0,immutable_changed:Test_2;immutable_changed:Test_3,15.275,0.0054924488067626,0.8,1.0
AUC,2,aligned,3,537,NICE,bounded,NICE_bounded,0,below_policy_threshold;classifier_target_not_met,13.225,0.0054924488067626,0.8,1.0
AUC,2,aligned,3,537,NICE,bounded+edit,NICE_bounded+edit,0,below_policy_threshold;classifier_target_not_met,13.225,0.0054924488067626,0.8,1.0
AUC,2,aligned,3,537,MCCE,native,MCCE_native,0,no_candidate,,0.0127241611480712,,
AUC,2,aligned,3,537,MCCE,bounded,MCCE_bounded,0,no_candidate,,0.0127241611480712,,
AUC,2,aligned,3,537,MCCE,bounded+edit,MCCE_bounded+edit,0,no_candidate,,0.0127241611480712,,
AUC,2,aligned,3,546,NICE,native,NICE_native,0,immutable_changed:Test_1;immutable_changed:Test_2,15.25,0.0055584907531738,0.8,1.0
AUC,2,aligned,3,546,NICE,bounded,NICE_bounded,0,below_policy_threshold;classifier_target_not_met,14.65,0.0055584907531738,0.8,1.0
AUC,2,aligned,3,546,NICE,bounded+edit,NICE_bounded+edit,0,below_policy_threshold;classifier_target_not_met,14.65,0.0055584907531738,0.8,1.0
AUC,2,aligned,3,546,MCCE,native,MCCE_native,1,OK,15.249999999999998,0.0184640884399414,0.9408822761681024,2.0
AUC,2,aligned,3,546,MCCE,bounded,MCCE_bounded,1,OK,15.249999999999998,0.0184640884399414,0.9408822761681024,2.0
AUC,2,aligned,3,546,MCCE,bounded+edit,MCCE_bounded+edit,1,OK,15.249999999999998,0.0184640884399414,0.9408822761681024,2.0
AUC,2,aligned,3,576,NICE,native,NICE_native,0,below_policy_threshold;immutable_changed:Test_1,14.975,0.004117727279663,0.9,1.0
AUC,2,aligned,3,576,NICE,bounded,NICE_bounded,0,below_policy_threshold;classifier_target_not_met,14.55,0.004117727279663,0.9,1.0
AUC,2,aligned,3,576,NICE,bounded+edit,NICE_bounded+edit,0,below_policy_threshold;classifier_target_not_met,14.55,0.004117727279663,0.9,1.0
AUC,2,aligned,3,576,MCCE,native,MCCE_native,0,no_candidate,,0.0120298862457275,,
AUC,2,aligned,3,576,MCCE,bounded,MCCE_bounded,0,no_candidate,,0.0120298862457275,,
AUC,2,aligned,3,576,MCCE,bounded+edit,MCCE_bounded+edit,0,no_candidate,,0.0120298862457275,,
AUC,2,aligned,3,581,NICE,native,NICE_native,0,immutable_changed:Test_1;immutable_changed:Test_2;immutable_changed:Test_3,15.05,0.0067639350891113,0.7,1.0
AUC,2,aligned,3,581,NICE,bounded,NICE_bounded,0,below_policy_threshold;classifier_target_not_met,9.75,0.0067639350891113,0.7,1.0
AUC,2,aligned,3,581,NICE,bounded+edit,NICE_bounded+edit,0,below_policy_threshold;classifier_target_not_met,9.75,0.0067639350891113,0.7,1.0
AUC,2,aligned,3,581,MCCE,native,MCCE_native,0,no_candidate,,0.0116317272186279,,
AUC,2,aligned,3,581,MCCE,bounded,MCCE_bounded,0,no_candidate,,0.0116317272186279,,
AUC,2,aligned,3,581,MCCE,bounded+edit,MCCE_bounded+edit,0,no_candidate,,0.0116317272186279,,
AUC,2,aligned,3,598,NICE,native,NICE_native,0,immutable_changed:Test_2;immutable_changed:Test_3,15.05,0.0056071281433105,0.7,1.0
AUC,2,aligned,3,598,NICE,bounded,NICE_bounded,0,below_policy_threshold;classifier_target_not_met,5.75,0.0056071281433105,0.7,1.0
AUC,2,aligned,3,598,NICE,bounded+edit,NICE_bounded+edit,0,below_policy_threshold;classifier_target_not_met,5.75,0.0056071281433105,0.7,1.0
AUC,2,aligned,3,598,MCCE,native,MCCE_native,0,no_candidate,,0.0120625495910644,,
AUC,2,aligned,3,598,MCCE,bounded,MCCE_bounded,0,no_candidate,,0.0120625495910644,,
AUC,2,aligned,3,598,MCCE,bounded+edit,MCCE_bounded+edit,0,no_candidate,,0.0120625495910644,,
AUC,2,aligned,3,599,NICE,native,NICE_native,0,immutable_changed:Test_2;immutable_changed:Test_3,15.075,0.0053329467773437,0.7,1.0
AUC,2,aligned,3,599,NICE,bounded,NICE_bounded,0,below_policy_threshold;classifier_target_not_met,14.275,0.0053329467773437,0.7,1.0
AUC,2,aligned,3,599,NICE,bounded+edit,NICE_bounded+edit,0,below_policy_threshold;classifier_target_not_met,14.275,0.0053329467773437,0.7,1.0
AUC,2,aligned,3,599,MCCE,native,MCCE_native,1,OK,15.075,0.018578290939331,0.8978867606819617,2.0
AUC,2,aligned,3,599,MCCE,bounded,MCCE_bounded,1,OK,15.075,0.018578290939331,0.8978867606819617,2.0
AUC,2,aligned,3,599,MCCE,bounded+edit,MCCE_bounded+edit,1,OK,15.075,0.018578290939331,0.8978867606819617,2.0
AUC,2,aligned,3,600,NICE,native,NICE_native,0,below_policy_threshold;immutable_changed:Test_1,14.675,0.006598949432373,0.9,1.0
AUC,2,aligned,3,600,NICE,bounded,NICE_bounded,0,below_policy_threshold;classifier_target_not_met,14.5,0.006598949432373,0.9,1.0
AUC,2,aligned,3,600,NICE,bounded+edit,NICE_bounded+edit,0,below_policy_threshold;classifier_target_not_met,14.5,0.006598949432373,0.9,1.0
AUC,2,aligned,3,600,MCCE,native,MCCE_native,0,no_candidate,,0.0207304954528808,,
AUC,2,aligned,3,600,MCCE,bounded,MCCE_bounded,0,no_candidate,,0.0207304954528808,,
AUC,2,aligned,3,600,MCCE,bounded+edit,MCCE_bounded+edit,0,no_candidate,,0.0207304954528808,,
AUC,2,aligned,3,608,NICE,native,NICE_native,1,OK,15.325,0.0028901100158691,0.89,1.0
AUC,2,aligned,3,608,NICE,bounded,NICE_bounded,1,OK,15.325,0.0028901100158691,0.89,1.0
AUC,2,aligned,3,608,NICE,bounded+edit,NICE_bounded+edit,1,OK,15.325,0.0028901100158691,0.89,1.0
AUC,2,aligned,3,608,MCCE,native,MCCE_native,0,no_candidate,,0.0150840282440185,,
AUC,2,aligned,3,608,MCCE,bounded,MCCE_bounded,0,no_candidate,,0.0150840282440185,,
AUC,2,aligned,3,608,MCCE,bounded+edit,MCCE_bounded+edit,0,no_candidate,,0.0150840282440185,,
AUC,2,aligned,3,635,NICE,native,NICE_native,0,immutable_changed:Test_2;immutable_changed:Test_3,15.175,0.0055251121520996,0.7,1.0
AUC,2,aligned,3,635,NICE,bounded,NICE_bounded,0,below_policy_threshold;classifier_target_not_met,14.675,0.0055251121520996,0.7,1.0
AUC,2,aligned,3,635,NICE,bounded+edit,NICE_bounded+edit,0,below_policy_threshold;classifier_target_not_met,14.675,0.0055251121520996,0.7,1.0
AUC,2,aligned,3,635,MCCE,native,MCCE_native,1,OK,16.075000000000003,0.0180728435516357,1.0585038097437085,2.0
AUC,2,aligned,3,635,MCCE,bounded,MCCE_bounded,1,OK,16.075000000000003,0.0180728435516357,1.0585038097437085,2.0
AUC,2,aligned,3,635,MCCE,bounded+edit,MCCE_bounded+edit,1,OK,16.075000000000003,0.0180728435516357,1.0585038097437085,2.0
AUC,2,aligned,3,643,NICE,native,NICE_native,1,OK,15.275,0.0027143955230712,0.85,1.0
AUC,2,aligned,3,643,NICE,bounded,NICE_bounded,1,OK,15.275,0.0027143955230712,0.85,1.0
AUC,2,aligned,3,643,NICE,bounded+edit,NICE_bounded+edit,1,OK,15.275,0.0027143955230712,0.85,1.0
AUC,2,aligned,3,643,MCCE,native,MCCE_native,0,out_of_bounds:sum_click,15.275,0.015831708908081,1.0473401973401977,2.0
AUC,2,aligned,3,643,MCCE,bounded,MCCE_bounded,0,no_candidate,,0.015831708908081,,
AUC,2,aligned,3,643,MCCE,bounded+edit,MCCE_bounded+edit,0,no_candidate,,0.015831708908081,,
AUC,2,aligned,3,645,NICE,native,NICE_native,1,OK,15.5,0.0027639865875244,0.85,1.0
AUC,2,aligned,3,645,NICE,bounded,NICE_bounded,1,OK,15.5,0.0027639865875244,0.85,1.0
AUC,2,aligned,3,645,NICE,bounded+edit,NICE_bounded+edit,1,OK,15.5,0.0027639865875244,0.85,1.0
AUC,2,aligned,3,645,MCCE,native,MCCE_native,1,OK,15.5,0.0198094844818115,0.896807087930458,2.0
AUC,2,aligned,3,645,MCCE,bounded,MCCE_bounded,1,OK,15.5,0.0198094844818115,0.896807087930458,2.0
AUC,2,aligned,3,645,MCCE,bounded+edit,MCCE_bounded+edit,1,OK,15.5,0.0198094844818115,0.896807087930458,2.0
AUC,2,aligned,3,665,NICE,native,NICE_native,0,immutable_changed:Test_3,15.175,0.0041859149932861,0.8,1.0
AUC,2,aligned,3,665,NICE,bounded,NICE_bounded,0,below_policy_threshold;classifier_target_not_met,10.875,0.0041859149932861,0.8,1.0
AUC,2,aligned,3,665,NICE,bounded+edit,NICE_bounded+edit,0,below_policy_threshold;classifier_target_not_met,10.875,0.0041859149932861,0.8,1.0
AUC,2,aligned,3,665,MCCE,native,MCCE_native,0,no_candidate,,0.0124080181121826,,
AUC,2,aligned,3,665,MCCE,bounded,MCCE_bounded,0,no_candidate,,0.0124080181121826,,
AUC,2,aligned,3,665,MCCE,bounded+edit,MCCE_bounded+edit,0,no_candidate,,0.0124080181121826,,
AUC,2,aligned,3,668,NICE,native,NICE_native,0,below_policy_threshold;immutable_changed:Test_2;immutable_changed:Test_3,14.975,0.0055344104766845,0.85,1.0
AUC,2,aligned,3,668,NICE,bounded,NICE_bounded,0,below_policy_threshold;classifier_target_not_met,6.125,0.0055344104766845,0.85,1.0
AUC,2,aligned,3,668,NICE,bounded+edit,NICE_bounded+edit,0,below_policy_threshold;classifier_target_not_met,6.125,0.0055344104766845,0.85,1.0
AUC,2,aligned,3,668,MCCE,native,MCCE_native,0,no_candidate,,0.0125174522399902,,
AUC,2,aligned,3,668,MCCE,bounded,MCCE_bounded,0,no_candidate,,0.0125174522399902,,
AUC,2,aligned,3,668,MCCE,bounded+edit,MCCE_bounded+edit,0,no_candidate,,0.0125174522399902,,
