dataset,seed,regime,stage,query,method,variant,condition,accepted,reasons,policy_score,seconds,effort,sparsity,vector
HarvardX,3,aligned,0,4,NICE,native,NICE_native,1,OK,0.0,0.005136251449584961,0.3828059996851739,2.0,"{""nevents"": 52.0, ""ndays_act"": 19.0, ""nchapters"": 8.0}"
HarvardX,3,aligned,0,4,NICE,bounded,NICE_bounded,1,OK,0.0,0.005136251449584961,0.3828059996851739,2.0,"{""nevents"": 52.0, ""ndays_act"": 19.0, ""nchapters"": 8.0}"
HarvardX,3,aligned,0,4,NICE,bounded+edit,NICE_bounded+edit,1,OK,0.0,0.005136251449584961,0.3828059996851739,2.0,"{""nevents"": 52.0, ""ndays_act"": 19.0, ""nchapters"": 8.0}"
HarvardX,3,aligned,0,4,MCCE,native,MCCE_native,1,OK,0.0,0.08496284484863281,0.4197755739953675,2.0,"{""nevents"": 67.0, ""ndays_act"": 20.0, ""nchapters"": 8.0}"
HarvardX,3,aligned,0,4,MCCE,bounded,MCCE_bounded,1,OK,0.0,0.08496284484863281,0.4197755739953675,2.0,"{""nevents"": 67.0, ""ndays_act"": 20.0, ""nchapters"": 8.0}"
HarvardX,3,aligned,0,4,MCCE,bounded+edit,MCCE_bounded+edit,1,OK,0.0,0.08496284484863281,0.4197755739953675,2.0,"{""nevents"": 67.0, ""ndays_act"": 20.0, ""nchapters"": 8.0}"
HarvardX,3,aligned,0,7,NICE,native,NICE_native,1,OK,0.0,0.005008697509765625,0.3047619047619048,2.0,"{""nevents"": 53.0, ""ndays_act"": 15.0, ""nchapters"": 11.0}"
HarvardX,3,aligned,0,7,NICE,bounded,NICE_bounded,1,OK,0.0,0.005008697509765625,0.3047619047619048,2.0,"{""nevents"": 53.0, ""ndays_act"": 15.0, ""nchapters"": 11.0}"
HarvardX,3,aligned,0,7,NICE,bounded+edit,NICE_bounded+edit,1,OK,0.0,0.005008697509765625,0.3047619047619048,2.0,"{""nevents"": 53.0, ""ndays_act"": 15.0, ""nchapters"": 11.0}"
HarvardX,3,aligned,0,7,MCCE,native,MCCE_native,1,OK,0.0,0.04111194610595703,0.3836080586080586,2.0,"{""nevents"": 74.0, ""ndays_act"": 18.0, ""nchapters"": 11.0}"
HarvardX,3,aligned,0,7,MCCE,bounded,MCCE_bounded,1,OK,0.0,0.04111194610595703,0.3836080586080586,2.0,"{""nevents"": 74.0, ""ndays_act"": 18.0, ""nchapters"": 11.0}"
HarvardX,3,aligned,0,7,MCCE,bounded+edit,MCCE_bounded+edit,1,OK,0.0,0.04111194610595703,0.3836080586080586,2.0,"{""nevents"": 74.0, ""ndays_act"": 18.0, ""nchapters"": 11.0}"
HarvardX,3,aligned,0,10,NICE,native,NICE_native,1,OK,0.0,0.005971193313598633,0.5317390987843051,3.0,"{""nevents"": 67.0, ""ndays_act"": 20.0, ""nchapters"": 7.0}"
HarvardX,3,aligned,0,10,NICE,bounded,NICE_bounded,1,OK,0.0,0.005971193313598633,0.5317390987843051,3.0,"{""nevents"": 67.0, ""ndays_act"": 20.0, ""nchapters"": 7.0}"
HarvardX,3,aligned,0,10,NICE,bounded+edit,NICE_bounded+edit,1,OK,0.0,0.005971193313598633,0.5317390987843051,3.0,"{""nevents"": 67.0, ""ndays_act"": 20.0, ""nchapters"": 7.0}"
HarvardX,3,aligned,0,10,MCCE,native,MCCE_native,1,OK,0.0,0.04183053970336914,0.6984057654509719,3.0,"{""nevents"": 67.0, ""ndays_act"": 20.0, ""nchapters"": 8.0}"
HarvardX,3,aligned,0,10,MCCE,bounded,MCCE_bounded,1,OK,0.0,0.04183053970336914,0.6984057654509719,3.0,"{""nevents"": 67.0, ""ndays_act"": 20.0, ""nchapters"": 8.0}"
HarvardX,3,aligned,0,10,MCCE,bounded+edit,MCCE_bounded+edit,1,OK,0.0,0.04183053970336914,0.6984057654509719,3.0,"{""nevents"": 67.0, ""ndays_act"": 20.0, ""nchapters"": 8.0}"
HarvardX,3,aligned,0,86,NICE,native,NICE_native,1,OK,0.0,0.0047719478607177734,0.10689655172413794,2.0,"{""nevents"": 9.0, ""ndays_act"": 7.0, ""nchapters"": 12.0}"
HarvardX,3,aligned,0,86,NICE,bounded,NICE_bounded,1,OK,0.0,0.0047719478607177734,0.10689655172413794,2.0,"{""nevents"": 9.0, ""ndays_act"": 7.0, ""nchapters"": 12.0}"
HarvardX,3,aligned,0,86,NICE,bounded+edit,NICE_bounded+edit,1,OK,0.0,0.0047719478607177734,0.10689655172413794,2.0,"{""nevents"": 9.0, ""ndays_act"": 7.0, ""nchapters"": 12.0}"
HarvardX,3,aligned,0,86,MCCE,native,MCCE_native,1,OK,0.0,0.11571097373962402,0.10551724137931034,2.0,"{""nevents"": 8.0, ""ndays_act"": 7.0, ""nchapters"": 12.0}"
HarvardX,3,aligned,0,86,MCCE,bounded,MCCE_bounded,1,OK,0.0,0.11571097373962402,0.10551724137931034,2.0,"{""nevents"": 8.0, ""ndays_act"": 7.0, ""nchapters"": 12.0}"
HarvardX,3,aligned,0,86,MCCE,bounded+edit,MCCE_bounded+edit,1,OK,0.0,0.11571097373962402,0.10551724137931034,2.0,"{""nevents"": 8.0, ""ndays_act"": 7.0, ""nchapters"": 12.0}"
HarvardX,3,aligned,0,127,NICE,native,NICE_native,1,OK,0.0,0.00582575798034668,0.542872608017321,3.0,"{""nevents"": 67.0, ""ndays_act"": 20.0, ""nchapters"": 7.0}"
HarvardX,3,aligned,0,127,NICE,bounded,NICE_bounded,1,OK,0.0,0.00582575798034668,0.542872608017321,3.0,"{""nevents"": 67.0, ""ndays_act"": 20.0, ""nchapters"": 7.0}"
HarvardX,3,aligned,0,127,NICE,bounded+edit,NICE_bounded+edit,1,OK,0.0,0.00582575798034668,0.542872608017321,3.0,"{""nevents"": 67.0, ""ndays_act"": 20.0, ""nchapters"": 7.0}"
HarvardX,3,aligned,0,127,MCCE,native,MCCE_native,1,OK,0.0,0.04554128646850586,0.7095392746839876,3.0,"{""nevents"": 67.0, ""ndays_act"": 20.0, ""nchapters"": 8.0}"
HarvardX,3,aligned,0,127,MCCE,bounded,MCCE_bounded,1,OK,0.0,0.04554128646850586,0.7095392746839876,3.0,"{""nevents"": 67.0, ""ndays_act"": 20.0, ""nchapters"": 8.0}"
HarvardX,3,aligned,0,127,MCCE,bounded+edit,MCCE_bounded+edit,1,OK,0.0,0.04554128646850586,0.7095392746839876,3.0,"{""nevents"": 67.0, ""ndays_act"": 20.0, ""nchapters"": 8.0}"
HarvardX,3,aligned,0,134,NICE,native,NICE_native,1,OK,0.0,0.004724025726318359,0.3828059996851739,2.0,"{""nevents"": 52.0, ""ndays_act"": 19.0, ""nchapters"": 8.0}"
HarvardX,3,aligned,0,134,NICE,bounded,NICE_bounded,1,OK,0.0,0.004724025726318359,0.3828059996851739,2.0,"{""nevents"": 52.0, ""ndays_act"": 19.0, ""nchapters"": 8.0}"
HarvardX,3,aligned,0,134,NICE,bounded+edit,NICE_bounded+edit,1,OK,0.0,0.004724025726318359,0.3828059996851739,2.0,"{""nevents"": 52.0, ""ndays_act"": 19.0, ""nchapters"": 8.0}"
HarvardX,3,aligned,0,134,MCCE,native,MCCE_native,1,OK,0.0,0.03963613510131836,0.4197755739953675,2.0,"{""nevents"": 67.0, ""ndays_act"": 20.0, ""nchapters"": 8.0}"
HarvardX,3,aligned,0,134,MCCE,bounded,MCCE_bounded,1,OK,0.0,0.03963613510131836,0.4197755739953675,2.0,"{""nevents"": 67.0, ""ndays_act"": 20.0, ""nchapters"": 8.0}"
HarvardX,3,aligned,0,134,MCCE,bounded+edit,MCCE_bounded+edit,1,OK,0.0,0.03963613510131836,0.4197755739953675,2.0,"{""nevents"": 67.0, ""ndays_act"": 20.0, ""nchapters"": 8.0}"
HarvardX,3,aligned,0,135,NICE,native,NICE_native,1,OK,0.0,0.004644632339477539,0.4197755739953675,2.0,"{""nevents"": 67.0, ""ndays_act"": 20.0, ""nchapters"": 7.0}"
HarvardX,3,aligned,0,135,NICE,bounded,NICE_bounded,1,OK,0.0,0.004644632339477539,0.4197755739953675,2.0,"{""nevents"": 67.0, ""ndays_act"": 20.0, ""nchapters"": 7.0}"
HarvardX,3,aligned,0,135,NICE,bounded+edit,NICE_bounded+edit,1,OK,0.0,0.004644632339477539,0.4197755739953675,2.0,"{""nevents"": 67.0, ""ndays_act"": 20.0, ""nchapters"": 7.0}"
HarvardX,3,aligned,0,135,MCCE,native,MCCE_native,1,OK,0.0,0.04011964797973633,0.6197755739953675,3.0,"{""nevents"": 67.0, ""ndays_act"": 20.0, ""nchapters"": 8.0}"
HarvardX,3,aligned,0,135,MCCE,bounded,MCCE_bounded,1,OK,0.0,0.04011964797973633,0.6197755739953675,3.0,"{""nevents"": 67.0, ""ndays_act"": 20.0, ""nchapters"": 8.0}"
HarvardX,3,aligned,0,135,MCCE,bounded+edit,MCCE_bounded+edit,1,OK,0.0,0.04011964797973633,0.6197755739953675,3.0,"{""nevents"": 67.0, ""ndays_act"": 20.0, ""nchapters"": 8.0}"
HarvardX,3,aligned,0,144,NICE,native,NICE_native,1,OK,0.0,0.0056607723236083984,0.5864422406620342,3.0,"{""nevents"": 67.0, ""ndays_act"": 20.0, ""nchapters"": 7.0}"
HarvardX,3,aligned,0,144,NICE,bounded,NICE_bounded,1,OK,0.0,0.0056607723236083984,0.5864422406620342,3.0,"{""nevents"": 67.0, ""ndays_act"": 20.0, ""nchapters"": 7.0}"
HarvardX,3,aligned,0,144,NICE,bounded+edit,NICE_bounded+edit,1,OK,0.0,0.0056607723236083984,0.5864422406620342,3.0,"{""nevents"": 67.0, ""ndays_act"": 20.0, ""nchapters"": 7.0}"
HarvardX,3,aligned,0,144,MCCE,native,MCCE_native,1,OK,0.0,0.04024386405944824,0.7531089073287008,3.0,"{""nevents"": 67.0, ""ndays_act"": 20.0, ""nchapters"": 8.0}"
HarvardX,3,aligned,0,144,MCCE,bounded,MCCE_bounded,1,OK,0.0,0.04024386405944824,0.7531089073287008,3.0,"{""nevents"": 67.0, ""ndays_act"": 20.0, ""nchapters"": 8.0}"
HarvardX,3,aligned,0,144,MCCE,bounded+edit,MCCE_bounded+edit,1,OK,0.0,0.04024386405944824,0.7531089073287008,3.0,"{""nevents"": 67.0, ""ndays_act"": 20.0, ""nchapters"": 8.0}"
HarvardX,3,aligned,0,167,NICE,native,NICE_native,1,OK,0.0,0.004576206207275391,0.4197755739953675,2.0,"{""nevents"": 67.0, ""ndays_act"": 20.0, ""nchapters"": 7.0}"
HarvardX,3,aligned,0,167,NICE,bounded,NICE_bounded,1,OK,0.0,0.004576206207275391,0.4197755739953675,2.0,"{""nevents"": 67.0, ""ndays_act"": 20.0, ""nchapters"": 7.0}"
HarvardX,3,aligned,0,167,NICE,bounded+edit,NICE_bounded+edit,1,OK,0.0,0.004576206207275391,0.4197755739953675,2.0,"{""nevents"": 67.0, ""ndays_act"": 20.0, ""nchapters"": 7.0}"
HarvardX,3,aligned,0,167,MCCE,native,MCCE_native,1,OK,0.0,0.04093003273010254,0.6197755739953675,3.0,"{""nevents"": 67.0, ""ndays_act"": 20.0, ""nchapters"": 8.0}"
HarvardX,3,aligned,0,167,MCCE,bounded,MCCE_bounded,1,OK,0.0,0.04093003273010254,0.6197755739953675,3.0,"{""nevents"": 67.0, ""ndays_act"": 20.0, ""nchapters"": 8.0}"
HarvardX,3,aligned,0,167,MCCE,bounded+edit,MCCE_bounded+edit,1,OK,0.0,0.04093003273010254,0.6197755739953675,3.0,"{""nevents"": 67.0, ""ndays_act"": 20.0, ""nchapters"": 8.0}"
HarvardX,3,aligned,0,211,NICE,native,NICE_native,1,OK,0.0,0.004807710647583008,0.10277008310249308,2.0,"{""nevents"": 9.0, ""ndays_act"": 7.0, ""nchapters"": 12.0}"
HarvardX,3,aligned,0,211,NICE,bounded,NICE_bounded,1,OK,0.0,0.004807710647583008,0.10277008310249308,2.0,"{""nevents"": 9.0, ""ndays_act"": 7.0, ""nchapters"": 12.0}"
HarvardX,3,aligned,0,211,NICE,bounded+edit,NICE_bounded+edit,1,OK,0.0,0.004807710647583008,0.10277008310249308,2.0,"{""nevents"": 9.0, ""ndays_act"": 7.0, ""nchapters"": 12.0}"
HarvardX,3,aligned,0,211,MCCE,native,MCCE_native,1,OK,0.0,0.025762557983398438,0.10138504155124654,2.0,"{""nevents"": 8.0, ""ndays_act"": 7.0, ""nchapters"": 12.0}"
HarvardX,3,aligned,0,211,MCCE,bounded,MCCE_bounded,1,OK,0.0,0.025762557983398438,0.10138504155124654,2.0,"{""nevents"": 8.0, ""ndays_act"": 7.0, ""nchapters"": 12.0}"
HarvardX,3,aligned,0,211,MCCE,bounded+edit,MCCE_bounded+edit,1,OK,0.0,0.025762557983398438,0.10138504155124654,2.0,"{""nevents"": 8.0, ""ndays_act"": 7.0, ""nchapters"": 12.0}"
HarvardX,3,aligned,0,240,NICE,native,NICE_native,0,out_of_bounds:nevents,0.0,0.00487065315246582,0.18407817672523555,2.0,"{""nevents"": 60.0, ""ndays_act"": 15.0, ""nchapters"": 11.0}"
HarvardX,3,aligned,0,240,NICE,bounded,NICE_bounded,0,classifier_target_not_met,0.0,0.00487065315246582,0.09803921568627451,1.0,"{""nevents"": 113.0, ""ndays_act"": 15.0, ""nchapters"": 11.0}"
HarvardX,3,aligned,0,240,NICE,bounded+edit,NICE_bounded+edit,0,classifier_target_not_met,0.0,0.00487065315246582,0.09803921568627451,1.0,"{""nevents"": 113.0, ""ndays_act"": 15.0, ""nchapters"": 11.0}"
HarvardX,3,aligned,0,240,MCCE,native,MCCE_native,0,out_of_bounds:nevents,0.0,0.03965044021606445,0.22017443340972753,2.0,"{""nevents"": 74.0, ""ndays_act"": 18.0, ""nchapters"": 11.0}"
HarvardX,3,aligned,0,240,MCCE,bounded,MCCE_bounded,1,OK,0.0,0.03965044021606445,0.634676597911892,2.0,"{""nevents"": 202.0, ""ndays_act"": 35.0, ""nchapters"": 11.0}"
HarvardX,3,aligned,0,240,MCCE,bounded+edit,MCCE_bounded+edit,1,OK,0.0,0.03965044021606445,0.634676597911892,2.0,"{""nevents"": 202.0, ""ndays_act"": 35.0, ""nchapters"": 11.0}"
HarvardX,3,aligned,0,280,NICE,native,NICE_native,1,OK,0.0,0.004899024963378906,0.4073260073260073,2.0,"{""nevents"": 67.0, ""ndays_act"": 20.0, ""nchapters"": 7.0}"
HarvardX,3,aligned,0,280,NICE,bounded,NICE_bounded,1,OK,0.0,0.004899024963378906,0.4073260073260073,2.0,"{""nevents"": 67.0, ""ndays_act"": 20.0, ""nchapters"": 7.0}"
HarvardX,3,aligned,0,280,NICE,bounded+edit,NICE_bounded+edit,1,OK,0.0,0.004899024963378906,0.4073260073260073,2.0,"{""nevents"": 67.0, ""ndays_act"": 20.0, ""nchapters"": 7.0}"
HarvardX,3,aligned,0,280,MCCE,native,MCCE_native,1,OK,0.0,0.040357351303100586,0.6073260073260074,3.0,"{""nevents"": 67.0, ""ndays_act"": 20.0, ""nchapters"": 8.0}"
HarvardX,3,aligned,0,280,MCCE,bounded,MCCE_bounded,1,OK,0.0,0.040357351303100586,0.6073260073260074,3.0,"{""nevents"": 67.0, ""ndays_act"": 20.0, ""nchapters"": 8.0}"
HarvardX,3,aligned,0,280,MCCE,bounded+edit,MCCE_bounded+edit,1,OK,0.0,0.040357351303100586,0.6073260073260074,3.0,"{""nevents"": 67.0, ""ndays_act"": 20.0, ""nchapters"": 8.0}"
HarvardX,3,aligned,0,282,NICE,native,NICE_native,0,out_of_bounds:nevents,0.0,0.0038781166076660156,0.06666666666666667,1.0,"{""nevents"": 9.0, ""ndays_act"": 8.0, ""nchapters"": 12.0}"
HarvardX,3,aligned,0,282,NICE,bounded,NICE_bounded,0,classifier_target_not_met,0.0,0.0038781166076660156,0.0,0.0,"{""nevents"": 54.0, ""ndays_act"": 8.0, ""nchapters"": 12.0}"
HarvardX,3,aligned,0,282,NICE,bounded+edit,NICE_bounded+edit,0,classifier_target_not_met,0.0,0.0038781166076660156,0.0,0.0,"{""nevents"": 54.0, ""ndays_act"": 8.0, ""nchapters"": 12.0}"
HarvardX,3,aligned,0,282,MCCE,native,MCCE_native,0,out_of_bounds:nevents;out_of_bounds:ndays_act,0.0,0.02570652961730957,0.08701607267645003,2.0,"{""nevents"": 8.0, ""ndays_act"": 7.0, ""nchapters"": 12.0}"
HarvardX,3,aligned,0,282,MCCE,bounded,MCCE_bounded,1,OK,0.0,0.02570652961730957,0.12357791754018169,2.0,"{""nevents"": 61.0, ""ndays_act"": 14.0, ""nchapters"": 12.0}"
HarvardX,3,aligned,0,282,MCCE,bounded+edit,MCCE_bounded+edit,1,OK,0.0,0.02570652961730957,0.12357791754018169,2.0,"{""nevents"": 61.0, ""ndays_act"": 14.0, ""nchapters"": 12.0}"
HarvardX,3,aligned,0,288,NICE,native,NICE_native,0,out_of_bounds:nevents,0.0,0.004968404769897461,0.07052631578947369,2.0,"{""nevents"": 233.0, ""ndays_act"": 24.0, ""nchapters"": 12.0}"
HarvardX,3,aligned,0,288,NICE,bounded,NICE_bounded,0,classifier_target_not_met,0.0,0.004968404769897461,0.02631578947368421,1.0,"{""nevents"": 254.0, ""ndays_act"": 24.0, ""nchapters"": 12.0}"
HarvardX,3,aligned,0,288,NICE,bounded+edit,NICE_bounded+edit,0,classifier_target_not_met,0.0,0.004968404769897461,0.02631578947368421,1.0,"{""nevents"": 254.0, ""ndays_act"": 24.0, ""nchapters"": 12.0}"
HarvardX,3,aligned,0,288,MCCE,native,MCCE_native,0,out_of_bounds:nevents,0.0,0.025896549224853516,0.2336842105263158,1.0,"{""nevents"": 143.0, ""ndays_act"": 23.0, ""nchapters"": 12.0}"
HarvardX,3,aligned,0,288,MCCE,bounded,MCCE_bounded,1,OK,0.0,0.025896549224853516,0.2631578947368421,2.0,"{""nevents"": 279.0, ""ndays_act"": 31.0, ""nchapters"": 12.0}"
HarvardX,3,aligned,0,288,MCCE,bounded+edit,MCCE_bounded+edit,1,OK,0.0,0.025896549224853516,0.2631578947368421,2.0,"{""nevents"": 279.0, ""ndays_act"": 31.0, ""nchapters"": 12.0}"
HarvardX,3,aligned,0,297,NICE,native,NICE_native,0,out_of_bounds:nevents,0.0,0.0034971237182617188,0.01694915254237288,1.0,"{""nevents"": 9.0, ""ndays_act"": 8.0, ""nchapters"": 12.0}"
HarvardX,3,aligned,0,297,NICE,bounded,NICE_bounded,0,classifier_target_not_met,0.0,0.0034971237182617188,0.0,0.0,"{""nevents"": 21.0, ""ndays_act"": 8.0, ""nchapters"": 12.0}"
HarvardX,3,aligned,0,297,NICE,bounded+edit,NICE_bounded+edit,0,classifier_target_not_met,0.0,0.0034971237182617188,0.0,0.0,"{""nevents"": 21.0, ""ndays_act"": 8.0, ""nchapters"": 12.0}"
HarvardX,3,aligned,0,297,MCCE,native,MCCE_native,0,out_of_bounds:nevents;out_of_bounds:ndays_act,0.0,0.025615453720092773,0.03722950644920584,2.0,"{""nevents"": 8.0, ""ndays_act"": 7.0, ""nchapters"": 12.0}"
HarvardX,3,aligned,0,297,MCCE,bounded,MCCE_bounded,1,OK,0.0,0.025615453720092773,0.06225349109902996,2.0,"{""nevents"": 25.0, ""ndays_act"": 11.0, ""nchapters"": 12.0}"
HarvardX,3,aligned,0,297,MCCE,bounded+edit,MCCE_bounded+edit,1,OK,0.0,0.025615453720092773,0.06225349109902996,2.0,"{""nevents"": 25.0, ""ndays_act"": 11.0, ""nchapters"": 12.0}"
HarvardX,3,aligned,0,320,NICE,native,NICE_native,1,OK,0.0,0.004932880401611328,0.33911264026625293,2.0,"{""nevents"": 56.0, ""ndays_act"": 16.0, ""nchapters"": 9.0}"
HarvardX,3,aligned,0,320,NICE,bounded,NICE_bounded,1,OK,0.0,0.004932880401611328,0.33911264026625293,2.0,"{""nevents"": 56.0, ""ndays_act"": 16.0, ""nchapters"": 9.0}"
HarvardX,3,aligned,0,320,NICE,bounded+edit,NICE_bounded+edit,1,OK,0.0,0.004932880401611328,0.33911264026625293,2.0,"{""nevents"": 56.0, ""ndays_act"": 16.0, ""nchapters"": 9.0}"
HarvardX,3,aligned,0,320,MCCE,native,MCCE_native,1,OK,0.0,0.039216041564941406,0.4347972745058355,2.0,"{""nevents"": 66.0, ""ndays_act"": 21.0, ""nchapters"": 9.0}"
HarvardX,3,aligned,0,320,MCCE,bounded,MCCE_bounded,1,OK,0.0,0.039216041564941406,0.4347972745058355,2.0,"{""nevents"": 66.0, ""ndays_act"": 21.0, ""nchapters"": 9.0}"
HarvardX,3,aligned,0,320,MCCE,bounded+edit,MCCE_bounded+edit,1,OK,0.0,0.039216041564941406,0.4347972745058355,2.0,"{""nevents"": 66.0, ""ndays_act"": 21.0, ""nchapters"": 9.0}"
HarvardX,3,aligned,0,323,NICE,native,NICE_native,1,OK,0.0,0.004645347595214844,0.4197755739953675,2.0,"{""nevents"": 67.0, ""ndays_act"": 20.0, ""nchapters"": 7.0}"
HarvardX,3,aligned,0,323,NICE,bounded,NICE_bounded,1,OK,0.0,0.004645347595214844,0.4197755739953675,2.0,"{""nevents"": 67.0, ""ndays_act"": 20.0, ""nchapters"": 7.0}"
HarvardX,3,aligned,0,323,NICE,bounded+edit,NICE_bounded+edit,1,OK,0.0,0.004645347595214844,0.4197755739953675,2.0,"{""nevents"": 67.0, ""ndays_act"": 20.0, ""nchapters"": 7.0}"
HarvardX,3,aligned,0,323,MCCE,native,MCCE_native,1,OK,0.0,0.03996634483337402,0.6197755739953675,3.0,"{""nevents"": 67.0, ""ndays_act"": 20.0, ""nchapters"": 8.0}"
HarvardX,3,aligned,0,323,MCCE,bounded,MCCE_bounded,1,OK,0.0,0.03996634483337402,0.6197755739953675,3.0,"{""nevents"": 67.0, ""ndays_act"": 20.0, ""nchapters"": 8.0}"
HarvardX,3,aligned,0,323,MCCE,bounded+edit,MCCE_bounded+edit,1,OK,0.0,0.03996634483337402,0.6197755739953675,3.0,"{""nevents"": 67.0, ""ndays_act"": 20.0, ""nchapters"": 8.0}"
HarvardX,3,aligned,0,340,NICE,native,NICE_native,1,OK,0.0,0.004810810089111328,0.4197755739953675,2.0,"{""nevents"": 67.0, ""ndays_act"": 20.0, ""nchapters"": 7.0}"
HarvardX,3,aligned,0,340,NICE,bounded,NICE_bounded,1,OK,0.0,0.004810810089111328,0.4197755739953675,2.0,"{""nevents"": 67.0, ""ndays_act"": 20.0, ""nchapters"": 7.0}"
HarvardX,3,aligned,0,340,NICE,bounded+edit,NICE_bounded+edit,1,OK,0.0,0.004810810089111328,0.4197755739953675,2.0,"{""nevents"": 67.0, ""ndays_act"": 20.0, ""nchapters"": 7.0}"
HarvardX,3,aligned,0,340,MCCE,native,MCCE_native,1,OK,0.0,0.04001021385192871,0.6197755739953675,3.0,"{""nevents"": 67.0, ""ndays_act"": 20.0, ""nchapters"": 8.0}"
HarvardX,3,aligned,0,340,MCCE,bounded,MCCE_bounded,1,OK,0.0,0.04001021385192871,0.6197755739953675,3.0,"{""nevents"": 67.0, ""ndays_act"": 20.0, ""nchapters"": 8.0}"
HarvardX,3,aligned,0,340,MCCE,bounded+edit,MCCE_bounded+edit,1,OK,0.0,0.04001021385192871,0.6197755739953675,3.0,"{""nevents"": 67.0, ""ndays_act"": 20.0, ""nchapters"": 8.0}"
HarvardX,3,aligned,0,364,NICE,native,NICE_native,1,OK,0.0,0.005971670150756836,0.5864422406620342,3.0,"{""nevents"": 67.0, ""ndays_act"": 20.0, ""nchapters"": 7.0}"
HarvardX,3,aligned,0,364,NICE,bounded,NICE_bounded,1,OK,0.0,0.005971670150756836,0.5864422406620342,3.0,"{""nevents"": 67.0, ""ndays_act"": 20.0, ""nchapters"": 7.0}"
HarvardX,3,aligned,0,364,NICE,bounded+edit,NICE_bounded+edit,1,OK,0.0,0.005971670150756836,0.5864422406620342,3.0,"{""nevents"": 67.0, ""ndays_act"": 20.0, ""nchapters"": 7.0}"
HarvardX,3,aligned,0,364,MCCE,native,MCCE_native,1,OK,0.0,0.0413355827331543,0.7531089073287008,3.0,"{""nevents"": 67.0, ""ndays_act"": 20.0, ""nchapters"": 8.0}"
HarvardX,3,aligned,0,364,MCCE,bounded,MCCE_bounded,1,OK,0.0,0.0413355827331543,0.7531089073287008,3.0,"{""nevents"": 67.0, ""ndays_act"": 20.0, ""nchapters"": 8.0}"
HarvardX,3,aligned,0,364,MCCE,bounded+edit,MCCE_bounded+edit,1,OK,0.0,0.0413355827331543,0.7531089073287008,3.0,"{""nevents"": 67.0, ""ndays_act"": 20.0, ""nchapters"": 8.0}"
HarvardX,3,aligned,0,366,NICE,native,NICE_native,1,OK,0.0,0.005016803741455078,0.33911264026625293,2.0,"{""nevents"": 56.0, ""ndays_act"": 16.0, ""nchapters"": 9.0}"
HarvardX,3,aligned,0,366,NICE,bounded,NICE_bounded,1,OK,0.0,0.005016803741455078,0.33911264026625293,2.0,"{""nevents"": 56.0, ""ndays_act"": 16.0, ""nchapters"": 9.0}"
HarvardX,3,aligned,0,366,NICE,bounded+edit,NICE_bounded+edit,1,OK,0.0,0.005016803741455078,0.33911264026625293,2.0,"{""nevents"": 56.0, ""ndays_act"": 16.0, ""nchapters"": 9.0}"
HarvardX,3,aligned,0,366,MCCE,native,MCCE_native,1,OK,0.0,0.04346060752868652,0.4347972745058355,2.0,"{""nevents"": 66.0, ""ndays_act"": 21.0, ""nchapters"": 9.0}"
HarvardX,3,aligned,0,366,MCCE,bounded,MCCE_bounded,1,OK,0.0,0.04346060752868652,0.4347972745058355,2.0,"{""nevents"": 66.0, ""ndays_act"": 21.0, ""nchapters"": 9.0}"
HarvardX,3,aligned,0,366,MCCE,bounded+edit,MCCE_bounded+edit,1,OK,0.0,0.04346060752868652,0.4347972745058355,2.0,"{""nevents"": 66.0, ""ndays_act"": 21.0, ""nchapters"": 9.0}"
HarvardX,3,aligned,0,377,NICE,native,NICE_native,0,out_of_bounds:nevents,0.0,0.0048139095306396484,0.1404642377851782,2.0,"{""nevents"": 9.0, ""ndays_act"": 7.0, ""nchapters"": 12.0}"
HarvardX,3,aligned,0,377,NICE,bounded,NICE_bounded,0,classifier_target_not_met,0.0,0.0048139095306396484,0.0847457627118644,1.0,"{""nevents"": 47.0, ""ndays_act"": 7.0, ""nchapters"": 12.0}"
HarvardX,3,aligned,0,377,NICE,bounded+edit,NICE_bounded+edit,0,classifier_target_not_met,0.0,0.0048139095306396484,0.0847457627118644,1.0,"{""nevents"": 47.0, ""ndays_act"": 7.0, ""nchapters"": 12.0}"
HarvardX,3,aligned,0,377,MCCE,native,MCCE_native,0,out_of_bounds:nevents,0.0,0.02584099769592285,0.14193051344500224,2.0,"{""nevents"": 8.0, ""ndays_act"": 7.0, ""nchapters"": 12.0}"
HarvardX,3,aligned,0,377,MCCE,bounded,MCCE_bounded,1,OK,0.0,0.02584099769592285,0.21218748446741886,2.0,"{""nevents"": 53.0, ""ndays_act"": 14.0, ""nchapters"": 12.0}"
HarvardX,3,aligned,0,377,MCCE,bounded+edit,MCCE_bounded+edit,1,OK,0.0,0.02584099769592285,0.21218748446741886,2.0,"{""nevents"": 53.0, ""ndays_act"": 14.0, ""nchapters"": 12.0}"
HarvardX,3,aligned,0,380,NICE,native,NICE_native,0,out_of_bounds:nevents,0.0,0.0049626827239990234,0.1928998505231689,2.0,"{""nevents"": 9.0, ""ndays_act"": 8.0, ""nchapters"": 10.0}"
HarvardX,3,aligned,0,380,NICE,bounded,NICE_bounded,0,classifier_target_not_met,0.0,0.0049626827239990234,0.11666666666666667,1.0,"{""nevents"": 60.0, ""ndays_act"": 8.0, ""nchapters"": 10.0}"
HarvardX,3,aligned,0,380,NICE,bounded+edit,NICE_bounded+edit,0,classifier_target_not_met,0.0,0.0049626827239990234,0.11666666666666667,1.0,"{""nevents"": 60.0, ""ndays_act"": 8.0, ""nchapters"": 10.0}"
HarvardX,3,aligned,0,380,MCCE,native,MCCE_native,0,out_of_bounds:nevents,0.0,0.039656877517700195,0.3360986547085202,2.0,"{""nevents"": 47.0, ""ndays_act"": 20.0, ""nchapters"": 10.0}"
HarvardX,3,aligned,0,380,MCCE,bounded,MCCE_bounded,1,OK,0.0,0.039656877517700195,0.41898355754857997,2.0,"{""nevents"": 95.0, ""ndays_act"": 23.0, ""nchapters"": 10.0}"
HarvardX,3,aligned,0,380,MCCE,bounded+edit,MCCE_bounded+edit,1,OK,0.0,0.039656877517700195,0.41898355754857997,2.0,"{""nevents"": 95.0, ""ndays_act"": 23.0, ""nchapters"": 10.0}"
HarvardX,3,aligned,0,387,NICE,native,NICE_native,1,OK,0.0,0.00610804557800293,0.5864422406620342,3.0,"{""nevents"": 67.0, ""ndays_act"": 20.0, ""nchapters"": 7.0}"
HarvardX,3,aligned,0,387,NICE,bounded,NICE_bounded,1,OK,0.0,0.00610804557800293,0.5864422406620342,3.0,"{""nevents"": 67.0, ""ndays_act"": 20.0, ""nchapters"": 7.0}"
HarvardX,3,aligned,0,387,NICE,bounded+edit,NICE_bounded+edit,1,OK,0.0,0.00610804557800293,0.5864422406620342,3.0,"{""nevents"": 67.0, ""ndays_act"": 20.0, ""nchapters"": 7.0}"
HarvardX,3,aligned,0,387,MCCE,native,MCCE_native,1,OK,0.0,0.0393826961517334,0.7531089073287008,3.0,"{""nevents"": 67.0, ""ndays_act"": 20.0, ""nchapters"": 8.0}"
HarvardX,3,aligned,0,387,MCCE,bounded,MCCE_bounded,1,OK,0.0,0.0393826961517334,0.7531089073287008,3.0,"{""nevents"": 67.0, ""ndays_act"": 20.0, ""nchapters"": 8.0}"
HarvardX,3,aligned,0,387,MCCE,bounded+edit,MCCE_bounded+edit,1,OK,0.0,0.0393826961517334,0.7531089073287008,3.0,"{""nevents"": 67.0, ""ndays_act"": 20.0, ""nchapters"": 8.0}"
HarvardX,3,aligned,0,394,NICE,native,NICE_native,0,out_of_bounds:nevents,0.0,0.004635334014892578,0.22402874193155523,2.0,"{""nevents"": 67.0, ""ndays_act"": 20.0, ""nchapters"": 7.0}"
HarvardX,3,aligned,0,394,NICE,bounded,NICE_bounded,0,classifier_target_not_met,0.0,0.004635334014892578,0.19607843137254902,1.0,"{""nevents"": 85.0, ""ndays_act"": 20.0, ""nchapters"": 7.0}"
HarvardX,3,aligned,0,394,NICE,bounded+edit,NICE_bounded+edit,0,classifier_target_not_met,0.0,0.004635334014892578,0.19607843137254902,1.0,"{""nevents"": 85.0, ""ndays_act"": 20.0, ""nchapters"": 7.0}"
HarvardX,3,aligned,0,394,MCCE,native,MCCE_native,0,out_of_bounds:nevents,0.0,0.0392913818359375,1.093167701863354,2.0,"{""nevents"": 25.0, ""ndays_act"": 10.0, ""nchapters"": 12.0}"
HarvardX,3,aligned,0,394,MCCE,bounded,MCCE_bounded,1,OK,0.0,0.0392913818359375,0.6855620509073195,3.0,"{""nevents"": 130.0, ""ndays_act"": 21.0, ""nchapters"": 9.0}"
HarvardX,3,aligned,0,394,MCCE,bounded+edit,MCCE_bounded+edit,1,OK,0.0,0.0392913818359375,0.6855620509073195,3.0,"{""nevents"": 130.0, ""ndays_act"": 21.0, ""nchapters"": 9.0}"
HarvardX,3,aligned,0,491,NICE,native,NICE_native,1,OK,0.0,0.004844188690185547,0.3286944045911047,2.0,"{""nevents"": 52.0, ""ndays_act"": 19.0, ""nchapters"": 8.0}"
HarvardX,3,aligned,0,491,NICE,bounded,NICE_bounded,1,OK,0.0,0.004844188690185547,0.3286944045911047,2.0,"{""nevents"": 52.0, ""ndays_act"": 19.0, ""nchapters"": 8.0}"
HarvardX,3,aligned,0,491,NICE,bounded+edit,NICE_bounded+edit,1,OK,0.0,0.004844188690185547,0.3286944045911047,2.0,"{""nevents"": 52.0, ""ndays_act"": 19.0, ""nchapters"": 8.0}"
HarvardX,3,aligned,0,491,MCCE,native,MCCE_native,1,OK,0.0,0.04031968116760254,0.36688187470109995,2.0,"{""nevents"": 67.0, ""ndays_act"": 20.0, ""nchapters"": 8.0}"
HarvardX,3,aligned,0,491,MCCE,bounded,MCCE_bounded,1,OK,0.0,0.04031968116760254,0.36688187470109995,2.0,"{""nevents"": 67.0, ""ndays_act"": 20.0, ""nchapters"": 8.0}"
HarvardX,3,aligned,0,491,MCCE,bounded+edit,MCCE_bounded+edit,1,OK,0.0,0.04031968116760254,0.36688187470109995,2.0,"{""nevents"": 67.0, ""ndays_act"": 20.0, ""nchapters"": 8.0}"
HarvardX,3,aligned,0,496,NICE,native,NICE_native,1,OK,0.0,0.003576993942260742,0.1056241426611797,1.0,"{""nevents"": 77.0, ""ndays_act"": 64.0, ""nchapters"": 6.0}"
HarvardX,3,aligned,0,496,NICE,bounded,NICE_bounded,1,OK,0.0,0.003576993942260742,0.1056241426611797,1.0,"{""nevents"": 77.0, ""ndays_act"": 64.0, ""nchapters"": 6.0}"
HarvardX,3,aligned,0,496,NICE,bounded+edit,NICE_bounded+edit,1,OK,0.0,0.003576993942260742,0.1056241426611797,1.0,"{""nevents"": 77.0, ""ndays_act"": 64.0, ""nchapters"": 6.0}"
HarvardX,3,aligned,0,496,MCCE,native,MCCE_native,1,OK,0.0,0.049521684646606445,1.0679012345679013,2.0,"{""nevents"": 171.0, ""ndays_act"": 64.0, ""nchapters"": 11.0}"
HarvardX,3,aligned,0,496,MCCE,bounded,MCCE_bounded,1,OK,0.0,0.049521684646606445,1.0679012345679013,2.0,"{""nevents"": 171.0, ""ndays_act"": 64.0, ""nchapters"": 11.0}"
HarvardX,3,aligned,0,496,MCCE,bounded+edit,MCCE_bounded+edit,1,OK,0.0,0.049521684646606445,1.0679012345679013,2.0,"{""nevents"": 171.0, ""ndays_act"": 64.0, ""nchapters"": 11.0}"
HarvardX,3,aligned,0,556,NICE,native,NICE_native,0,out_of_bounds:nevents,0.0,0.0038025379180908203,0.20553359683794467,1.0,"{""nevents"": 119.0, ""ndays_act"": 20.0, ""nchapters"": 12.0}"
HarvardX,3,aligned,0,556,NICE,bounded,NICE_bounded,0,classifier_target_not_met,0.0,0.0038025379180908203,0.0,0.0,"{""nevents"": 223.0, ""ndays_act"": 20.0, ""nchapters"": 12.0}"
HarvardX,3,aligned,0,556,NICE,bounded+edit,NICE_bounded+edit,0,classifier_target_not_met,0.0,0.0038025379180908203,0.0,0.0,"{""nevents"": 223.0, ""ndays_act"": 20.0, ""nchapters"": 12.0}"
HarvardX,3,aligned,0,556,MCCE,native,MCCE_native,0,out_of_bounds:nevents,0.0,0.02657938003540039,0.35177865612648224,1.0,"{""nevents"": 45.0, ""ndays_act"": 20.0, ""nchapters"": 12.0}"
HarvardX,3,aligned,0,556,MCCE,bounded,MCCE_bounded,1,OK,0.0,0.02657938003540039,0.17073170731707318,1.0,"{""nevents"": 223.0, ""ndays_act"": 27.0, ""nchapters"": 12.0}"
HarvardX,3,aligned,0,556,MCCE,bounded+edit,MCCE_bounded+edit,1,OK,0.0,0.02657938003540039,0.17073170731707318,1.0,"{""nevents"": 223.0, ""ndays_act"": 27.0, ""nchapters"": 12.0}"
HarvardX,3,aligned,0,634,NICE,native,NICE_native,1,OK,0.0,0.004700422286987305,0.07722998005129666,2.0,"{""nevents"": 9.0, ""ndays_act"": 7.0, ""nchapters"": 12.0}"
HarvardX,3,aligned,0,634,NICE,bounded,NICE_bounded,1,OK,0.0,0.004700422286987305,0.07722998005129666,2.0,"{""nevents"": 9.0, ""ndays_act"": 7.0, ""nchapters"": 12.0}"
HarvardX,3,aligned,0,634,NICE,bounded+edit,NICE_bounded+edit,1,OK,0.0,0.004700422286987305,0.07722998005129666,2.0,"{""nevents"": 9.0, ""ndays_act"": 7.0, ""nchapters"": 12.0}"
HarvardX,3,aligned,0,634,MCCE,native,MCCE_native,1,OK,0.0,0.025788307189941406,0.0758525695829771,2.0,"{""nevents"": 8.0, ""ndays_act"": 7.0, ""nchapters"": 12.0}"
HarvardX,3,aligned,0,634,MCCE,bounded,MCCE_bounded,1,OK,0.0,0.025788307189941406,0.0758525695829771,2.0,"{""nevents"": 8.0, ""ndays_act"": 7.0, ""nchapters"": 12.0}"
HarvardX,3,aligned,0,634,MCCE,bounded+edit,MCCE_bounded+edit,1,OK,0.0,0.025788307189941406,0.0758525695829771,2.0,"{""nevents"": 8.0, ""ndays_act"": 7.0, ""nchapters"": 12.0}"
HarvardX,3,aligned,0,717,NICE,native,NICE_native,1,OK,0.0,0.005816459655761719,0.5864422406620342,3.0,"{""nevents"": 67.0, ""ndays_act"": 20.0, ""nchapters"": 7.0}"
HarvardX,3,aligned,0,717,NICE,bounded,NICE_bounded,1,OK,0.0,0.005816459655761719,0.5864422406620342,3.0,"{""nevents"": 67.0, ""ndays_act"": 20.0, ""nchapters"": 7.0}"
HarvardX,3,aligned,0,717,NICE,bounded+edit,NICE_bounded+edit,1,OK,0.0,0.005816459655761719,0.5864422406620342,3.0,"{""nevents"": 67.0, ""ndays_act"": 20.0, ""nchapters"": 7.0}"
HarvardX,3,aligned,0,717,MCCE,native,MCCE_native,1,OK,0.0,0.04120445251464844,0.7531089073287008,3.0,"{""nevents"": 67.0, ""ndays_act"": 20.0, ""nchapters"": 8.0}"
HarvardX,3,aligned,0,717,MCCE,bounded,MCCE_bounded,1,OK,0.0,0.04120445251464844,0.7531089073287008,3.0,"{""nevents"": 67.0, ""ndays_act"": 20.0, ""nchapters"": 8.0}"
HarvardX,3,aligned,0,717,MCCE,bounded+edit,MCCE_bounded+edit,1,OK,0.0,0.04120445251464844,0.7531089073287008,3.0,"{""nevents"": 67.0, ""ndays_act"": 20.0, ""nchapters"": 8.0}"
HarvardX,3,aligned,0,733,NICE,native,NICE_native,0,out_of_bounds:nevents,0.0,0.0036644935607910156,0.1452991452991453,1.0,"{""nevents"": 59.0, ""ndays_act"": 16.0, ""nchapters"": 12.0}"
HarvardX,3,aligned,0,733,NICE,bounded,NICE_bounded,0,classifier_target_not_met,0.0,0.0036644935607910156,0.0,0.0,"{""nevents"": 144.0, ""ndays_act"": 16.0, ""nchapters"": 12.0}"
HarvardX,3,aligned,0,733,NICE,bounded+edit,NICE_bounded+edit,0,classifier_target_not_met,0.0,0.0036644935607910156,0.0,0.0,"{""nevents"": 144.0, ""ndays_act"": 16.0, ""nchapters"": 12.0}"
HarvardX,3,aligned,0,733,MCCE,native,MCCE_native,0,out_of_bounds:nevents,0.0,0.025556325912475586,0.147008547008547,1.0,"{""nevents"": 58.0, ""ndays_act"": 16.0, ""nchapters"": 12.0}"
HarvardX,3,aligned,0,733,MCCE,bounded,MCCE_bounded,1,OK,0.0,0.025556325912475586,0.19316239316239317,2.0,"{""nevents"": 153.0, ""ndays_act"": 24.0, ""nchapters"": 12.0}"
HarvardX,3,aligned,0,733,MCCE,bounded+edit,MCCE_bounded+edit,1,OK,0.0,0.025556325912475586,0.19316239316239317,2.0,"{""nevents"": 153.0, ""ndays_act"": 24.0, ""nchapters"": 12.0}"
HarvardX,3,aligned,0,750,NICE,native,NICE_native,1,OK,0.0,0.006079912185668945,0.5727418615314076,3.0,"{""nevents"": 67.0, ""ndays_act"": 20.0, ""nchapters"": 7.0}"
HarvardX,3,aligned,0,750,NICE,bounded,NICE_bounded,1,OK,0.0,0.006079912185668945,0.5727418615314076,3.0,"{""nevents"": 67.0, ""ndays_act"": 20.0, ""nchapters"": 7.0}"
HarvardX,3,aligned,0,750,NICE,bounded+edit,NICE_bounded+edit,1,OK,0.0,0.006079912185668945,0.5727418615314076,3.0,"{""nevents"": 67.0, ""ndays_act"": 20.0, ""nchapters"": 7.0}"
HarvardX,3,aligned,0,750,MCCE,native,MCCE_native,1,OK,0.0,0.04007124900817871,0.7394085281980742,3.0,"{""nevents"": 67.0, ""ndays_act"": 20.0, ""nchapters"": 8.0}"
HarvardX,3,aligned,0,750,MCCE,bounded,MCCE_bounded,1,OK,0.0,0.04007124900817871,0.7394085281980742,3.0,"{""nevents"": 67.0, ""ndays_act"": 20.0, ""nchapters"": 8.0}"
HarvardX,3,aligned,0,750,MCCE,bounded+edit,MCCE_bounded+edit,1,OK,0.0,0.04007124900817871,0.7394085281980742,3.0,"{""nevents"": 67.0, ""ndays_act"": 20.0, ""nchapters"": 8.0}"
HarvardX,3,aligned,0,764,NICE,native,NICE_native,1,OK,0.0,0.0046122074127197266,0.12709977737300143,2.0,"{""nevents"": 9.0, ""ndays_act"": 7.0, ""nchapters"": 12.0}"
HarvardX,3,aligned,0,764,NICE,bounded,NICE_bounded,1,OK,0.0,0.0046122074127197266,0.12709977737300143,2.0,"{""nevents"": 9.0, ""ndays_act"": 7.0, ""nchapters"": 12.0}"
HarvardX,3,aligned,0,764,NICE,bounded+edit,NICE_bounded+edit,1,OK,0.0,0.0046122074127197266,0.12709977737300143,2.0,"{""nevents"": 9.0, ""ndays_act"": 7.0, ""nchapters"": 12.0}"
HarvardX,3,aligned,0,764,MCCE,native,MCCE_native,1,OK,0.0,0.026450634002685547,0.12572803526051857,2.0,"{""nevents"": 8.0, ""ndays_act"": 7.0, ""nchapters"": 12.0}"
HarvardX,3,aligned,0,764,MCCE,bounded,MCCE_bounded,1,OK,0.0,0.026450634002685547,0.12572803526051857,2.0,"{""nevents"": 8.0, ""ndays_act"": 7.0, ""nchapters"": 12.0}"
HarvardX,3,aligned,0,764,MCCE,bounded+edit,MCCE_bounded+edit,1,OK,0.0,0.026450634002685547,0.12572803526051857,2.0,"{""nevents"": 8.0, ""ndays_act"": 7.0, ""nchapters"": 12.0}"
HarvardX,3,aligned,0,767,NICE,native,NICE_native,1,OK,0.0,0.0060482025146484375,0.5752400548696844,3.0,"{""nevents"": 67.0, ""ndays_act"": 20.0, ""nchapters"": 7.0}"
HarvardX,3,aligned,0,767,NICE,bounded,NICE_bounded,1,OK,0.0,0.0060482025146484375,0.5752400548696844,3.0,"{""nevents"": 67.0, ""ndays_act"": 20.0, ""nchapters"": 7.0}"
HarvardX,3,aligned,0,767,NICE,bounded+edit,NICE_bounded+edit,1,OK,0.0,0.0060482025146484375,0.5752400548696844,3.0,"{""nevents"": 67.0, ""ndays_act"": 20.0, ""nchapters"": 7.0}"
HarvardX,3,aligned,0,767,MCCE,native,MCCE_native,1,OK,0.0,0.040761470794677734,0.7419067215363511,3.0,"{""nevents"": 67.0, ""ndays_act"": 20.0, ""nchapters"": 8.0}"
HarvardX,3,aligned,0,767,MCCE,bounded,MCCE_bounded,1,OK,0.0,0.040761470794677734,0.7419067215363511,3.0,"{""nevents"": 67.0, ""ndays_act"": 20.0, ""nchapters"": 8.0}"
HarvardX,3,aligned,0,767,MCCE,bounded+edit,MCCE_bounded+edit,1,OK,0.0,0.040761470794677734,0.7419067215363511,3.0,"{""nevents"": 67.0, ""ndays_act"": 20.0, ""nchapters"": 8.0}"
HarvardX,3,aligned,0,770,NICE,native,NICE_native,0,out_of_bounds:nevents,0.0,0.004544973373413086,0.03369662777279138,2.0,"{""nevents"": 9.0, ""ndays_act"": 7.0, ""nchapters"": 12.0}"
HarvardX,3,aligned,0,770,NICE,bounded,NICE_bounded,0,classifier_target_not_met,0.0,0.004544973373413086,0.01818181818181818,1.0,"{""nevents"": 20.0, ""ndays_act"": 7.0, ""nchapters"": 12.0}"
HarvardX,3,aligned,0,770,NICE,bounded+edit,NICE_bounded+edit,0,classifier_target_not_met,0.0,0.004544973373413086,0.01818181818181818,1.0,"{""nevents"": 20.0, ""ndays_act"": 7.0, ""nchapters"": 12.0}"
HarvardX,3,aligned,0,770,MCCE,native,MCCE_native,0,out_of_bounds:nevents,0.0,0.02505040168762207,0.0351070650083344,2.0,"{""nevents"": 8.0, ""ndays_act"": 7.0, ""nchapters"": 12.0}"
HarvardX,3,aligned,0,770,MCCE,bounded,MCCE_bounded,1,OK,0.0,0.02505040168762207,0.097961277086806,2.0,"{""nevents"": 25.0, ""ndays_act"": 11.0, ""nchapters"": 12.0}"
HarvardX,3,aligned,0,770,MCCE,bounded+edit,MCCE_bounded+edit,1,OK,0.0,0.02505040168762207,0.097961277086806,2.0,"{""nevents"": 25.0, ""ndays_act"": 11.0, ""nchapters"": 12.0}"
HarvardX,3,aligned,0,787,NICE,native,NICE_native,1,OK,0.0,0.003585338592529297,0.0425531914893617,1.0,"{""nevents"": 60.0, ""ndays_act"": 16.0, ""nchapters"": 10.0}"
HarvardX,3,aligned,0,787,NICE,bounded,NICE_bounded,1,OK,0.0,0.003585338592529297,0.0425531914893617,1.0,"{""nevents"": 60.0, ""ndays_act"": 16.0, ""nchapters"": 10.0}"
HarvardX,3,aligned,0,787,NICE,bounded+edit,NICE_bounded+edit,1,OK,0.0,0.003585338592529297,0.0425531914893617,1.0,"{""nevents"": 60.0, ""ndays_act"": 16.0, ""nchapters"": 10.0}"
HarvardX,3,aligned,0,787,MCCE,native,MCCE_native,0,out_of_bounds:nevents,0.0,0.03948068618774414,0.1470915625099386,2.0,"{""nevents"": 47.0, ""ndays_act"": 20.0, ""nchapters"": 10.0}"
HarvardX,3,aligned,0,787,MCCE,bounded,MCCE_bounded,1,OK,0.0,0.03948068618774414,0.24380625258404096,2.0,"{""nevents"": 95.0, ""ndays_act"": 23.0, ""nchapters"": 10.0}"
HarvardX,3,aligned,0,787,MCCE,bounded+edit,MCCE_bounded+edit,1,OK,0.0,0.03948068618774414,0.24380625258404096,2.0,"{""nevents"": 95.0, ""ndays_act"": 23.0, ""nchapters"": 10.0}"
HarvardX,3,aligned,0,807,NICE,native,NICE_native,1,OK,0.0,0.003851652145385742,0.23333333333333334,1.0,"{""nevents"": 19.0, ""ndays_act"": 15.0, ""nchapters"": 11.0}"
HarvardX,3,aligned,0,807,NICE,bounded,NICE_bounded,1,OK,0.0,0.003851652145385742,0.23333333333333334,1.0,"{""nevents"": 19.0, ""ndays_act"": 15.0, ""nchapters"": 11.0}"
HarvardX,3,aligned,0,807,NICE,bounded+edit,NICE_bounded+edit,1,OK,0.0,0.003851652145385742,0.23333333333333334,1.0,"{""nevents"": 19.0, ""ndays_act"": 15.0, ""nchapters"": 11.0}"
HarvardX,3,aligned,0,807,MCCE,native,MCCE_native,1,OK,0.0,0.04200863838195801,0.3607981220657277,2.0,"{""nevents"": 74.0, ""ndays_act"": 18.0, ""nchapters"": 11.0}"
HarvardX,3,aligned,0,807,MCCE,bounded,MCCE_bounded,1,OK,0.0,0.04200863838195801,0.3607981220657277,2.0,"{""nevents"": 74.0, ""ndays_act"": 18.0, ""nchapters"": 11.0}"
HarvardX,3,aligned,0,807,MCCE,bounded+edit,MCCE_bounded+edit,1,OK,0.0,0.04200863838195801,0.3607981220657277,2.0,"{""nevents"": 74.0, ""ndays_act"": 18.0, ""nchapters"": 11.0}"
HarvardX,3,aligned,0,852,NICE,native,NICE_native,0,out_of_bounds:nevents,0.0,0.0036170482635498047,0.17192982456140352,1.0,"{""nevents"": 61.0, ""ndays_act"": 14.0, ""nchapters"": 12.0}"
HarvardX,3,aligned,0,852,NICE,bounded,NICE_bounded,0,classifier_target_not_met,0.0,0.0036170482635498047,0.0,0.0,"{""nevents"": 159.0, ""ndays_act"": 14.0, ""nchapters"": 12.0}"
HarvardX,3,aligned,0,852,NICE,bounded+edit,NICE_bounded+edit,0,classifier_target_not_met,0.0,0.0036170482635498047,0.0,0.0,"{""nevents"": 159.0, ""ndays_act"": 14.0, ""nchapters"": 12.0}"
HarvardX,3,aligned,0,852,MCCE,native,MCCE_native,0,out_of_bounds:nevents,0.0,0.02670598030090332,0.17192982456140352,1.0,"{""nevents"": 61.0, ""ndays_act"": 14.0, ""nchapters"": 12.0}"
HarvardX,3,aligned,0,852,MCCE,bounded,MCCE_bounded,1,OK,0.0,0.02670598030090332,0.23030981709593132,2.0,"{""nevents"": 169.0, ""ndays_act"": 24.0, ""nchapters"": 12.0}"
HarvardX,3,aligned,0,852,MCCE,bounded+edit,MCCE_bounded+edit,1,OK,0.0,0.02670598030090332,0.23030981709593132,2.0,"{""nevents"": 169.0, ""ndays_act"": 24.0, ""nchapters"": 12.0}"
HarvardX,3,aligned,0,859,NICE,native,NICE_native,1,OK,0.0,0.004906177520751953,0.38689138576779025,2.0,"{""nevents"": 67.0, ""ndays_act"": 20.0, ""nchapters"": 7.0}"
HarvardX,3,aligned,0,859,NICE,bounded,NICE_bounded,1,OK,0.0,0.004906177520751953,0.38689138576779025,2.0,"{""nevents"": 67.0, ""ndays_act"": 20.0, ""nchapters"": 7.0}"
HarvardX,3,aligned,0,859,NICE,bounded+edit,NICE_bounded+edit,1,OK,0.0,0.004906177520751953,0.38689138576779025,2.0,"{""nevents"": 67.0, ""ndays_act"": 20.0, ""nchapters"": 7.0}"
HarvardX,3,aligned,0,859,MCCE,native,MCCE_native,1,OK,0.0,0.04186439514160156,0.5868913857677902,3.0,"{""nevents"": 67.0, ""ndays_act"": 20.0, ""nchapters"": 8.0}"
HarvardX,3,aligned,0,859,MCCE,bounded,MCCE_bounded,1,OK,0.0,0.04186439514160156,0.5868913857677902,3.0,"{""nevents"": 67.0, ""ndays_act"": 20.0, ""nchapters"": 8.0}"
HarvardX,3,aligned,0,859,MCCE,bounded+edit,MCCE_bounded+edit,1,OK,0.0,0.04186439514160156,0.5868913857677902,3.0,"{""nevents"": 67.0, ""ndays_act"": 20.0, ""nchapters"": 8.0}"
HarvardX,3,aligned,0,879,NICE,native,NICE_native,1,OK,0.0,0.005511045455932617,0.25441176470588234,2.0,"{""nevents"": 52.0, ""ndays_act"": 19.0, ""nchapters"": 8.0}"
HarvardX,3,aligned,0,879,NICE,bounded,NICE_bounded,1,OK,0.0,0.005511045455932617,0.25441176470588234,2.0,"{""nevents"": 52.0, ""ndays_act"": 19.0, ""nchapters"": 8.0}"
HarvardX,3,aligned,0,879,NICE,bounded+edit,NICE_bounded+edit,1,OK,0.0,0.005511045455932617,0.25441176470588234,2.0,"{""nevents"": 52.0, ""ndays_act"": 19.0, ""nchapters"": 8.0}"
HarvardX,3,aligned,0,879,MCCE,native,MCCE_native,1,OK,0.0,0.04005861282348633,0.294327731092437,2.0,"{""nevents"": 67.0, ""ndays_act"": 20.0, ""nchapters"": 8.0}"
HarvardX,3,aligned,0,879,MCCE,bounded,MCCE_bounded,1,OK,0.0,0.04005861282348633,0.294327731092437,2.0,"{""nevents"": 67.0, ""ndays_act"": 20.0, ""nchapters"": 8.0}"
HarvardX,3,aligned,0,879,MCCE,bounded+edit,MCCE_bounded+edit,1,OK,0.0,0.04005861282348633,0.294327731092437,2.0,"{""nevents"": 67.0, ""ndays_act"": 20.0, ""nchapters"": 8.0}"
HarvardX,3,aligned,0,904,NICE,native,NICE_native,1,OK,0.0,0.006310701370239258,0.5864422406620342,3.0,"{""nevents"": 67.0, ""ndays_act"": 20.0, ""nchapters"": 7.0}"
HarvardX,3,aligned,0,904,NICE,bounded,NICE_bounded,1,OK,0.0,0.006310701370239258,0.5864422406620342,3.0,"{""nevents"": 67.0, ""ndays_act"": 20.0, ""nchapters"": 7.0}"
HarvardX,3,aligned,0,904,NICE,bounded+edit,NICE_bounded+edit,1,OK,0.0,0.006310701370239258,0.5864422406620342,3.0,"{""nevents"": 67.0, ""ndays_act"": 20.0, ""nchapters"": 7.0}"
HarvardX,3,aligned,0,904,MCCE,native,MCCE_native,1,OK,0.0,0.041442155838012695,0.7531089073287008,3.0,"{""nevents"": 67.0, ""ndays_act"": 20.0, ""nchapters"": 8.0}"
HarvardX,3,aligned,0,904,MCCE,bounded,MCCE_bounded,1,OK,0.0,0.041442155838012695,0.7531089073287008,3.0,"{""nevents"": 67.0, ""ndays_act"": 20.0, ""nchapters"": 8.0}"
HarvardX,3,aligned,0,904,MCCE,bounded+edit,MCCE_bounded+edit,1,OK,0.0,0.041442155838012695,0.7531089073287008,3.0,"{""nevents"": 67.0, ""ndays_act"": 20.0, ""nchapters"": 8.0}"
HarvardX,3,aligned,0,919,NICE,native,NICE_native,1,OK,0.0,0.00474858283996582,0.25857338820301784,2.0,"{""nevents"": 67.0, ""ndays_act"": 20.0, ""nchapters"": 7.0}"
HarvardX,3,aligned,0,919,NICE,bounded,NICE_bounded,1,OK,0.0,0.00474858283996582,0.25857338820301784,2.0,"{""nevents"": 67.0, ""ndays_act"": 20.0, ""nchapters"": 7.0}"
HarvardX,3,aligned,0,919,NICE,bounded+edit,NICE_bounded+edit,1,OK,0.0,0.00474858283996582,0.25857338820301784,2.0,"{""nevents"": 67.0, ""ndays_act"": 20.0, ""nchapters"": 7.0}"
HarvardX,3,aligned,0,919,MCCE,native,MCCE_native,1,OK,0.0,0.04182624816894531,0.42524005486968447,2.0,"{""nevents"": 67.0, ""ndays_act"": 20.0, ""nchapters"": 8.0}"
HarvardX,3,aligned,0,919,MCCE,bounded,MCCE_bounded,1,OK,0.0,0.04182624816894531,0.42524005486968447,2.0,"{""nevents"": 67.0, ""ndays_act"": 20.0, ""nchapters"": 8.0}"
HarvardX,3,aligned,0,919,MCCE,bounded+edit,MCCE_bounded+edit,1,OK,0.0,0.04182624816894531,0.42524005486968447,2.0,"{""nevents"": 67.0, ""ndays_act"": 20.0, ""nchapters"": 8.0}"
HarvardX,3,aligned,0,925,NICE,native,NICE_native,1,OK,0.0,0.004826545715332031,0.12709977737300143,2.0,"{""nevents"": 9.0, ""ndays_act"": 7.0, ""nchapters"": 12.0}"
HarvardX,3,aligned,0,925,NICE,bounded,NICE_bounded,1,OK,0.0,0.004826545715332031,0.12709977737300143,2.0,"{""nevents"": 9.0, ""ndays_act"": 7.0, ""nchapters"": 12.0}"
HarvardX,3,aligned,0,925,NICE,bounded+edit,NICE_bounded+edit,1,OK,0.0,0.004826545715332031,0.12709977737300143,2.0,"{""nevents"": 9.0, ""ndays_act"": 7.0, ""nchapters"": 12.0}"
HarvardX,3,aligned,0,925,MCCE,native,MCCE_native,1,OK,0.0,0.02731037139892578,0.12572803526051857,2.0,"{""nevents"": 8.0, ""ndays_act"": 7.0, ""nchapters"": 12.0}"
HarvardX,3,aligned,0,925,MCCE,bounded,MCCE_bounded,1,OK,0.0,0.02731037139892578,0.12572803526051857,2.0,"{""nevents"": 8.0, ""ndays_act"": 7.0, ""nchapters"": 12.0}"
HarvardX,3,aligned,0,925,MCCE,bounded+edit,MCCE_bounded+edit,1,OK,0.0,0.02731037139892578,0.12572803526051857,2.0,"{""nevents"": 8.0, ""ndays_act"": 7.0, ""nchapters"": 12.0}"
HarvardX,3,aligned,0,968,NICE,native,NICE_native,0,out_of_bounds:nevents,0.0,0.006321907043457031,0.4288224712882247,3.0,"{""nevents"": 67.0, ""ndays_act"": 20.0, ""nchapters"": 7.0}"
HarvardX,3,aligned,0,968,NICE,bounded,NICE_bounded,0,classifier_target_not_met,0.0,0.006321907043457031,0.42121212121212115,2.0,"{""nevents"": 72.0, ""ndays_act"": 20.0, ""nchapters"": 7.0}"
HarvardX,3,aligned,0,968,NICE,bounded+edit,NICE_bounded+edit,0,classifier_target_not_met,0.0,0.006321907043457031,0.42121212121212115,2.0,"{""nevents"": 72.0, ""ndays_act"": 20.0, ""nchapters"": 7.0}"
HarvardX,3,aligned,0,968,MCCE,native,MCCE_native,0,out_of_bounds:nevents,0.0,0.04042506217956543,0.5954891379548913,3.0,"{""nevents"": 67.0, ""ndays_act"": 20.0, ""nchapters"": 8.0}"
HarvardX,3,aligned,0,968,MCCE,bounded,MCCE_bounded,1,OK,0.0,0.04042506217956543,0.8610073336100733,3.0,"{""nevents"": 130.0, ""ndays_act"": 21.0, ""nchapters"": 9.0}"
HarvardX,3,aligned,0,968,MCCE,bounded+edit,MCCE_bounded+edit,1,OK,0.0,0.04042506217956543,0.8610073336100733,3.0,"{""nevents"": 130.0, ""ndays_act"": 21.0, ""nchapters"": 9.0}"
HarvardX,3,aligned,0,986,NICE,native,NICE_native,0,out_of_bounds:nevents,0.0,0.00400543212890625,0.19402985074626866,1.0,"{""nevents"": 9.0, ""ndays_act"": 7.0, ""nchapters"": 12.0}"
HarvardX,3,aligned,0,986,NICE,bounded,NICE_bounded,0,classifier_target_not_met,0.0,0.00400543212890625,0.0,0.0,"{""nevents"": 126.0, ""ndays_act"": 7.0, ""nchapters"": 12.0}"
HarvardX,3,aligned,0,986,NICE,bounded+edit,NICE_bounded+edit,0,classifier_target_not_met,0.0,0.00400543212890625,0.0,0.0,"{""nevents"": 126.0, ""ndays_act"": 7.0, ""nchapters"": 12.0}"
HarvardX,3,aligned,0,986,MCCE,native,MCCE_native,0,out_of_bounds:nevents,0.0,0.026804685592651367,0.1956882255389718,1.0,"{""nevents"": 8.0, ""ndays_act"": 7.0, ""nchapters"": 12.0}"
HarvardX,3,aligned,0,986,MCCE,bounded,MCCE_bounded,1,OK,0.0,0.026804685592651367,0.267551133222775,2.0,"{""nevents"": 131.0, ""ndays_act"": 21.0, ""nchapters"": 12.0}"
HarvardX,3,aligned,0,986,MCCE,bounded+edit,MCCE_bounded+edit,1,OK,0.0,0.026804685592651367,0.267551133222775,2.0,"{""nevents"": 131.0, ""ndays_act"": 21.0, ""nchapters"": 12.0}"
HarvardX,3,aligned,0,1001,NICE,native,NICE_native,0,out_of_bounds:nevents,0.0,0.004929542541503906,0.4727272727272727,2.0,"{""nevents"": 9.0, ""ndays_act"": 7.0, ""nchapters"": 12.0}"
HarvardX,3,aligned,0,1001,NICE,bounded,NICE_bounded,0,classifier_target_not_met,0.0,0.004929542541503906,0.01818181818181818,1.0,"{""nevents"": 234.0, ""ndays_act"": 7.0, ""nchapters"": 12.0}"
HarvardX,3,aligned,0,1001,NICE,bounded+edit,NICE_bounded+edit,0,classifier_target_not_met,0.0,0.004929542541503906,0.01818181818181818,1.0,"{""nevents"": 234.0, ""ndays_act"": 7.0, ""nchapters"": 12.0}"
HarvardX,3,aligned,0,1001,MCCE,native,MCCE_native,0,out_of_bounds:nevents,0.0,0.025741100311279297,0.47474747474747475,2.0,"{""nevents"": 8.0, ""ndays_act"": 7.0, ""nchapters"": 12.0}"
HarvardX,3,aligned,0,1001,MCCE,bounded,MCCE_bounded,1,OK,0.0,0.025741100311279297,0.4282828282828283,2.0,"{""nevents"": 248.0, ""ndays_act"": 28.0, ""nchapters"": 12.0}"
HarvardX,3,aligned,0,1001,MCCE,bounded+edit,MCCE_bounded+edit,1,OK,0.0,0.025741100311279297,0.4282828282828283,2.0,"{""nevents"": 248.0, ""ndays_act"": 28.0, ""nchapters"": 12.0}"
HarvardX,3,aligned,0,1013,NICE,native,NICE_native,0,out_of_bounds:ndays_act,0.0,0.0037331581115722656,0.08,1.0,"{""nevents"": 404.0, ""ndays_act"": 34.0, ""nchapters"": 10.0}"
HarvardX,3,aligned,0,1013,NICE,bounded,NICE_bounded,0,classifier_target_not_met,0.0,0.0037331581115722656,0.0,0.0,"{""nevents"": 404.0, ""ndays_act"": 36.0, ""nchapters"": 10.0}"
HarvardX,3,aligned,0,1013,NICE,bounded+edit,NICE_bounded+edit,0,classifier_target_not_met,0.0,0.0037331581115722656,0.0,0.0,"{""nevents"": 404.0, ""ndays_act"": 36.0, ""nchapters"": 10.0}"
HarvardX,3,aligned,0,1013,MCCE,native,MCCE_native,0,out_of_bounds:nevents,0.0,0.0401761531829834,0.523076923076923,2.0,"{""nevents"": 312.0, ""ndays_act"": 42.0, ""nchapters"": 10.0}"
HarvardX,3,aligned,0,1013,MCCE,bounded,MCCE_bounded,1,OK,0.0,0.0401761531829834,0.5169230769230769,2.0,"{""nevents"": 468.0, ""ndays_act"": 44.0, ""nchapters"": 10.0}"
HarvardX,3,aligned,0,1013,MCCE,bounded+edit,MCCE_bounded+edit,1,OK,0.0,0.0401761531829834,0.5169230769230769,2.0,"{""nevents"": 468.0, ""ndays_act"": 44.0, ""nchapters"": 10.0}"
HarvardX,3,aligned,0,1017,NICE,native,NICE_native,0,out_of_bounds:ndays_act,0.0,0.004777669906616211,0.16904337492572788,2.0,"{""nevents"": 547.0, ""ndays_act"": 24.0, ""nchapters"": 12.0}"
HarvardX,3,aligned,0,1017,NICE,bounded,NICE_bounded,0,classifier_target_not_met,0.0,0.004777669906616211,0.08080808080808081,1.0,"{""nevents"": 547.0, ""ndays_act"": 27.0, ""nchapters"": 12.0}"
HarvardX,3,aligned,0,1017,NICE,bounded+edit,NICE_bounded+edit,0,classifier_target_not_met,0.0,0.004777669906616211,0.08080808080808081,1.0,"{""nevents"": 547.0, ""ndays_act"": 27.0, ""nchapters"": 12.0}"
HarvardX,3,aligned,0,1017,MCCE,native,MCCE_native,0,out_of_bounds:nevents,0.0,0.026447296142578125,1.5252525252525253,1.0,"{""nevents"": 229.0, ""ndays_act"": 27.0, ""nchapters"": 12.0}"
HarvardX,3,aligned,0,1017,MCCE,bounded,MCCE_bounded,1,OK,0.0,0.026447296142578125,0.3196672608437314,2.0,"{""nevents"": 571.0, ""ndays_act"": 31.0, ""nchapters"": 12.0}"
HarvardX,3,aligned,0,1017,MCCE,bounded+edit,MCCE_bounded+edit,1,OK,0.0,0.026447296142578125,0.3196672608437314,2.0,"{""nevents"": 571.0, ""ndays_act"": 31.0, ""nchapters"": 12.0}"
HarvardX,3,aligned,0,1053,NICE,native,NICE_native,0,out_of_bounds:nevents,0.0,0.004771232604980469,0.28273148798651115,2.0,"{""nevents"": 52.0, ""ndays_act"": 19.0, ""nchapters"": 8.0}"
HarvardX,3,aligned,0,1053,NICE,bounded,NICE_bounded,0,classifier_target_not_met,0.0,0.004771232604980469,0.23636363636363636,1.0,"{""nevents"": 82.0, ""ndays_act"": 19.0, ""nchapters"": 8.0}"
HarvardX,3,aligned,0,1053,NICE,bounded+edit,NICE_bounded+edit,0,classifier_target_not_met,0.0,0.004771232604980469,0.23636363636363636,1.0,"{""nevents"": 82.0, ""ndays_act"": 19.0, ""nchapters"": 8.0}"
HarvardX,3,aligned,0,1053,MCCE,native,MCCE_native,0,out_of_bounds:nevents,0.0,0.04024100303649902,0.27772938035689193,2.0,"{""nevents"": 67.0, ""ndays_act"": 20.0, ""nchapters"": 8.0}"
HarvardX,3,aligned,0,1053,MCCE,bounded,MCCE_bounded,1,OK,0.0,0.04024100303649902,1.309090909090909,2.0,"{""nevents"": 82.0, ""ndays_act"": 23.0, ""nchapters"": 12.0}"
HarvardX,3,aligned,0,1053,MCCE,bounded+edit,MCCE_bounded+edit,1,OK,0.0,0.04024100303649902,1.309090909090909,2.0,"{""nevents"": 82.0, ""ndays_act"": 23.0, ""nchapters"": 12.0}"
HarvardX,3,aligned,0,1098,NICE,native,NICE_native,0,out_of_bounds:nevents;out_of_bounds:ndays_act,0.0,0.005052089691162109,0.6267980295566502,2.0,"{""nevents"": 415.0, ""ndays_act"": 34.0, ""nchapters"": 10.0}"
HarvardX,3,aligned,0,1098,NICE,bounded,NICE_bounded,0,classifier_target_not_met,0.0,0.005052089691162109,0.0,0.0,"{""nevents"": 526.0, ""ndays_act"": 36.0, ""nchapters"": 10.0}"
HarvardX,3,aligned,0,1098,NICE,bounded+edit,NICE_bounded+edit,0,classifier_target_not_met,0.0,0.005052089691162109,0.0,0.0,"{""nevents"": 526.0, ""ndays_act"": 36.0, ""nchapters"": 10.0}"
HarvardX,3,aligned,0,1098,MCCE,native,MCCE_native,0,out_of_bounds:nevents,0.0,0.0400853157043457,0.6057142857142856,2.0,"{""nevents"": 468.0, ""ndays_act"": 44.0, ""nchapters"": 10.0}"
HarvardX,3,aligned,0,1098,MCCE,bounded,MCCE_bounded,1,OK,0.0,0.0400853157043457,1.567783251231527,3.0,"{""nevents"": 556.0, ""ndays_act"": 59.0, ""nchapters"": 11.0}"
HarvardX,3,aligned,0,1098,MCCE,bounded+edit,MCCE_bounded+edit,1,OK,0.0,0.0400853157043457,1.567783251231527,3.0,"{""nevents"": 556.0, ""ndays_act"": 59.0, ""nchapters"": 11.0}"
HarvardX,3,aligned,0,1101,NICE,native,NICE_native,1,OK,0.0,0.004869937896728516,0.27992796860721386,2.0,"{""nevents"": 67.0, ""ndays_act"": 20.0, ""nchapters"": 7.0}"
HarvardX,3,aligned,0,1101,NICE,bounded,NICE_bounded,1,OK,0.0,0.004869937896728516,0.27992796860721386,2.0,"{""nevents"": 67.0, ""ndays_act"": 20.0, ""nchapters"": 7.0}"
HarvardX,3,aligned,0,1101,NICE,bounded+edit,NICE_bounded+edit,1,OK,0.0,0.004869937896728516,0.27992796860721386,2.0,"{""nevents"": 67.0, ""ndays_act"": 20.0, ""nchapters"": 7.0}"
HarvardX,3,aligned,0,1101,MCCE,native,MCCE_native,1,OK,0.0,0.04366564750671387,0.4799279686072139,3.0,"{""nevents"": 67.0, ""ndays_act"": 20.0, ""nchapters"": 8.0}"
HarvardX,3,aligned,0,1101,MCCE,bounded,MCCE_bounded,1,OK,0.0,0.04366564750671387,0.4799279686072139,3.0,"{""nevents"": 67.0, ""ndays_act"": 20.0, ""nchapters"": 8.0}"
HarvardX,3,aligned,0,1101,MCCE,bounded+edit,MCCE_bounded+edit,1,OK,0.0,0.04366564750671387,0.4799279686072139,3.0,"{""nevents"": 67.0, ""ndays_act"": 20.0, ""nchapters"": 8.0}"
HarvardX,3,aligned,0,1112,NICE,native,NICE_native,1,OK,0.0,0.0059049129486083984,0.5864422406620342,3.0,"{""nevents"": 67.0, ""ndays_act"": 20.0, ""nchapters"": 7.0}"
HarvardX,3,aligned,0,1112,NICE,bounded,NICE_bounded,1,OK,0.0,0.0059049129486083984,0.5864422406620342,3.0,"{""nevents"": 67.0, ""ndays_act"": 20.0, ""nchapters"": 7.0}"
HarvardX,3,aligned,0,1112,NICE,bounded+edit,NICE_bounded+edit,1,OK,0.0,0.0059049129486083984,0.5864422406620342,3.0,"{""nevents"": 67.0, ""ndays_act"": 20.0, ""nchapters"": 7.0}"
HarvardX,3,aligned,0,1112,MCCE,native,MCCE_native,1,OK,0.0,0.04175543785095215,0.7531089073287008,3.0,"{""nevents"": 67.0, ""ndays_act"": 20.0, ""nchapters"": 8.0}"
HarvardX,3,aligned,0,1112,MCCE,bounded,MCCE_bounded,1,OK,0.0,0.04175543785095215,0.7531089073287008,3.0,"{""nevents"": 67.0, ""ndays_act"": 20.0, ""nchapters"": 8.0}"
HarvardX,3,aligned,0,1112,MCCE,bounded+edit,MCCE_bounded+edit,1,OK,0.0,0.04175543785095215,0.7531089073287008,3.0,"{""nevents"": 67.0, ""ndays_act"": 20.0, ""nchapters"": 8.0}"
HarvardX,3,aligned,0,1137,NICE,native,NICE_native,1,OK,0.0,0.003668069839477539,0.23333333333333334,1.0,"{""nevents"": 6.0, ""ndays_act"": 15.0, ""nchapters"": 11.0}"
HarvardX,3,aligned,0,1137,NICE,bounded,NICE_bounded,1,OK,0.0,0.003668069839477539,0.23333333333333334,1.0,"{""nevents"": 6.0, ""ndays_act"": 15.0, ""nchapters"": 11.0}"
HarvardX,3,aligned,0,1137,NICE,bounded+edit,NICE_bounded+edit,1,OK,0.0,0.003668069839477539,0.23333333333333334,1.0,"{""nevents"": 6.0, ""ndays_act"": 15.0, ""nchapters"": 11.0}"
HarvardX,3,aligned,0,1137,MCCE,native,MCCE_native,1,OK,0.0,0.04114341735839844,0.37738589211618256,2.0,"{""nevents"": 74.0, ""ndays_act"": 18.0, ""nchapters"": 11.0}"
HarvardX,3,aligned,0,1137,MCCE,bounded,MCCE_bounded,1,OK,0.0,0.04114341735839844,0.37738589211618256,2.0,"{""nevents"": 74.0, ""ndays_act"": 18.0, ""nchapters"": 11.0}"
HarvardX,3,aligned,0,1137,MCCE,bounded+edit,MCCE_bounded+edit,1,OK,0.0,0.04114341735839844,0.37738589211618256,2.0,"{""nevents"": 74.0, ""ndays_act"": 18.0, ""nchapters"": 11.0}"
HarvardX,3,aligned,0,1157,NICE,native,NICE_native,0,out_of_bounds:nevents,0.0,0.0034813880920410156,0.11475409836065574,1.0,"{""nevents"": 49.0, ""ndays_act"": 13.0, ""nchapters"": 12.0}"
HarvardX,3,aligned,0,1157,NICE,bounded,NICE_bounded,0,classifier_target_not_met,0.0,0.0034813880920410156,0.0,0.0,"{""nevents"": 119.0, ""ndays_act"": 13.0, ""nchapters"": 12.0}"
HarvardX,3,aligned,0,1157,NICE,bounded+edit,NICE_bounded+edit,0,classifier_target_not_met,0.0,0.0034813880920410156,0.0,0.0,"{""nevents"": 119.0, ""ndays_act"": 13.0, ""nchapters"": 12.0}"
HarvardX,3,aligned,0,1157,MCCE,native,MCCE_native,0,out_of_bounds:nevents,0.0,0.026146411895751953,0.11591530054644808,2.0,"{""nevents"": 61.0, ""ndays_act"": 14.0, ""nchapters"": 12.0}"
HarvardX,3,aligned,0,1157,MCCE,bounded,MCCE_bounded,1,OK,0.0,0.026146411895751953,0.18633879781420765,2.0,"{""nevents"": 131.0, ""ndays_act"": 21.0, ""nchapters"": 12.0}"
HarvardX,3,aligned,0,1157,MCCE,bounded+edit,MCCE_bounded+edit,1,OK,0.0,0.026146411895751953,0.18633879781420765,2.0,"{""nevents"": 131.0, ""ndays_act"": 21.0, ""nchapters"": 12.0}"
HarvardX,3,aligned,0,1172,NICE,native,NICE_native,1,OK,0.0,0.0046117305755615234,0.4197755739953675,2.0,"{""nevents"": 67.0, ""ndays_act"": 20.0, ""nchapters"": 7.0}"
HarvardX,3,aligned,0,1172,NICE,bounded,NICE_bounded,1,OK,0.0,0.0046117305755615234,0.4197755739953675,2.0,"{""nevents"": 67.0, ""ndays_act"": 20.0, ""nchapters"": 7.0}"
HarvardX,3,aligned,0,1172,NICE,bounded+edit,NICE_bounded+edit,1,OK,0.0,0.0046117305755615234,0.4197755739953675,2.0,"{""nevents"": 67.0, ""ndays_act"": 20.0, ""nchapters"": 7.0}"
HarvardX,3,aligned,0,1172,MCCE,native,MCCE_native,1,OK,0.0,0.05639386177062988,0.6197755739953675,3.0,"{""nevents"": 67.0, ""ndays_act"": 20.0, ""nchapters"": 8.0}"
HarvardX,3,aligned,0,1172,MCCE,bounded,MCCE_bounded,1,OK,0.0,0.05639386177062988,0.6197755739953675,3.0,"{""nevents"": 67.0, ""ndays_act"": 20.0, ""nchapters"": 8.0}"
HarvardX,3,aligned,0,1172,MCCE,bounded+edit,MCCE_bounded+edit,1,OK,0.0,0.05639386177062988,0.6197755739953675,3.0,"{""nevents"": 67.0, ""ndays_act"": 20.0, ""nchapters"": 8.0}"
HarvardX,3,aligned,0,1206,NICE,native,NICE_native,1,OK,0.0,0.0048809051513671875,0.33911264026625293,2.0,"{""nevents"": 56.0, ""ndays_act"": 16.0, ""nchapters"": 9.0}"
HarvardX,3,aligned,0,1206,NICE,bounded,NICE_bounded,1,OK,0.0,0.0048809051513671875,0.33911264026625293,2.0,"{""nevents"": 56.0, ""ndays_act"": 16.0, ""nchapters"": 9.0}"
HarvardX,3,aligned,0,1206,NICE,bounded+edit,NICE_bounded+edit,1,OK,0.0,0.0048809051513671875,0.33911264026625293,2.0,"{""nevents"": 56.0, ""ndays_act"": 16.0, ""nchapters"": 9.0}"
HarvardX,3,aligned,0,1206,MCCE,native,MCCE_native,1,OK,0.0,0.0466763973236084,0.4347972745058355,2.0,"{""nevents"": 66.0, ""ndays_act"": 21.0, ""nchapters"": 9.0}"
HarvardX,3,aligned,0,1206,MCCE,bounded,MCCE_bounded,1,OK,0.0,0.0466763973236084,0.4347972745058355,2.0,"{""nevents"": 66.0, ""ndays_act"": 21.0, ""nchapters"": 9.0}"
HarvardX,3,aligned,0,1206,MCCE,bounded+edit,MCCE_bounded+edit,1,OK,0.0,0.0466763973236084,0.4347972745058355,2.0,"{""nevents"": 66.0, ""ndays_act"": 21.0, ""nchapters"": 9.0}"
HarvardX,3,aligned,0,1260,NICE,native,NICE_native,1,OK,0.0,0.005872249603271484,0.5864422406620342,3.0,"{""nevents"": 67.0, ""ndays_act"": 20.0, ""nchapters"": 7.0}"
HarvardX,3,aligned,0,1260,NICE,bounded,NICE_bounded,1,OK,0.0,0.005872249603271484,0.5864422406620342,3.0,"{""nevents"": 67.0, ""ndays_act"": 20.0, ""nchapters"": 7.0}"
HarvardX,3,aligned,0,1260,NICE,bounded+edit,NICE_bounded+edit,1,OK,0.0,0.005872249603271484,0.5864422406620342,3.0,"{""nevents"": 67.0, ""ndays_act"": 20.0, ""nchapters"": 7.0}"
HarvardX,3,aligned,0,1260,MCCE,native,MCCE_native,1,OK,0.0,0.04124164581298828,0.7531089073287008,3.0,"{""nevents"": 67.0, ""ndays_act"": 20.0, ""nchapters"": 8.0}"
HarvardX,3,aligned,0,1260,MCCE,bounded,MCCE_bounded,1,OK,0.0,0.04124164581298828,0.7531089073287008,3.0,"{""nevents"": 67.0, ""ndays_act"": 20.0, ""nchapters"": 8.0}"
HarvardX,3,aligned,0,1260,MCCE,bounded+edit,MCCE_bounded+edit,1,OK,0.0,0.04124164581298828,0.7531089073287008,3.0,"{""nevents"": 67.0, ""ndays_act"": 20.0, ""nchapters"": 8.0}"
HarvardX,3,aligned,0,1301,NICE,native,NICE_native,1,OK,0.0,0.005370140075683594,0.12709977737300143,2.0,"{""nevents"": 9.0, ""ndays_act"": 7.0, ""nchapters"": 12.0}"
HarvardX,3,aligned,0,1301,NICE,bounded,NICE_bounded,1,OK,0.0,0.005370140075683594,0.12709977737300143,2.0,"{""nevents"": 9.0, ""ndays_act"": 7.0, ""nchapters"": 12.0}"
HarvardX,3,aligned,0,1301,NICE,bounded+edit,NICE_bounded+edit,1,OK,0.0,0.005370140075683594,0.12709977737300143,2.0,"{""nevents"": 9.0, ""ndays_act"": 7.0, ""nchapters"": 12.0}"
HarvardX,3,aligned,0,1301,MCCE,native,MCCE_native,1,OK,0.0,0.025477170944213867,0.12572803526051857,2.0,"{""nevents"": 8.0, ""ndays_act"": 7.0, ""nchapters"": 12.0}"
HarvardX,3,aligned,0,1301,MCCE,bounded,MCCE_bounded,1,OK,0.0,0.025477170944213867,0.12572803526051857,2.0,"{""nevents"": 8.0, ""ndays_act"": 7.0, ""nchapters"": 12.0}"
HarvardX,3,aligned,0,1301,MCCE,bounded+edit,MCCE_bounded+edit,1,OK,0.0,0.025477170944213867,0.12572803526051857,2.0,"{""nevents"": 8.0, ""ndays_act"": 7.0, ""nchapters"": 12.0}"
HarvardX,3,aligned,0,1346,NICE,native,NICE_native,0,out_of_bounds:nevents,0.0,0.0034821033477783203,0.03900709219858156,1.0,"{""nevents"": 143.0, ""ndays_act"": 21.0, ""nchapters"": 12.0}"
HarvardX,3,aligned,0,1346,NICE,bounded,NICE_bounded,0,classifier_target_not_met,0.0,0.0034821033477783203,0.0,0.0,"{""nevents"": 165.0, ""ndays_act"": 21.0, ""nchapters"": 12.0}"
HarvardX,3,aligned,0,1346,NICE,bounded+edit,NICE_bounded+edit,0,classifier_target_not_met,0.0,0.0034821033477783203,0.0,0.0,"{""nevents"": 165.0, ""ndays_act"": 21.0, ""nchapters"": 12.0}"
HarvardX,3,aligned,0,1346,MCCE,native,MCCE_native,0,out_of_bounds:nevents,0.0,0.02706456184387207,0.06028368794326241,1.0,"{""nevents"": 131.0, ""ndays_act"": 21.0, ""nchapters"": 12.0}"
HarvardX,3,aligned,0,1346,MCCE,bounded,MCCE_bounded,1,OK,0.0,0.02706456184387207,0.08209219858156028,2.0,"{""nevents"": 169.0, ""ndays_act"": 24.0, ""nchapters"": 12.0}"
HarvardX,3,aligned,0,1346,MCCE,bounded+edit,MCCE_bounded+edit,1,OK,0.0,0.02706456184387207,0.08209219858156028,2.0,"{""nevents"": 169.0, ""ndays_act"": 24.0, ""nchapters"": 12.0}"
HarvardX,3,aligned,0,1452,NICE,native,NICE_native,0,out_of_bounds:nevents,0.0,0.005131721496582031,0.1389185299153783,2.0,"{""nevents"": 9.0, ""ndays_act"": 7.0, ""nchapters"": 12.0}"
HarvardX,3,aligned,0,1452,NICE,bounded,NICE_bounded,0,classifier_target_not_met,0.0,0.005131721496582031,0.0847457627118644,1.0,"{""nevents"": 46.0, ""ndays_act"": 7.0, ""nchapters"": 12.0}"
HarvardX,3,aligned,0,1452,NICE,bounded+edit,NICE_bounded+edit,0,classifier_target_not_met,0.0,0.005131721496582031,0.0847457627118644,1.0,"{""nevents"": 46.0, ""ndays_act"": 7.0, ""nchapters"": 12.0}"
HarvardX,3,aligned,0,1452,MCCE,native,MCCE_native,0,out_of_bounds:nevents,0.0,0.025938749313354492,0.14038265875871653,2.0,"{""nevents"": 8.0, ""ndays_act"": 7.0, ""nchapters"": 12.0}"
HarvardX,3,aligned,0,1452,MCCE,bounded,MCCE_bounded,1,OK,0.0,0.025938749313354492,0.21363873241184209,2.0,"{""nevents"": 53.0, ""ndays_act"": 14.0, ""nchapters"": 12.0}"
HarvardX,3,aligned,0,1452,MCCE,bounded+edit,MCCE_bounded+edit,1,OK,0.0,0.025938749313354492,0.21363873241184209,2.0,"{""nevents"": 53.0, ""ndays_act"": 14.0, ""nchapters"": 12.0}"
HarvardX,3,aligned,0,1454,NICE,native,NICE_native,0,out_of_bounds:nevents,0.0,0.004644632339477539,0.3735827664399093,2.0,"{""nevents"": 52.0, ""ndays_act"": 19.0, ""nchapters"": 8.0}"
HarvardX,3,aligned,0,1454,NICE,bounded,NICE_bounded,0,classifier_target_not_met,0.0,0.004644632339477539,0.2222222222222222,1.0,"{""nevents"": 141.0, ""ndays_act"": 19.0, ""nchapters"": 8.0}"
HarvardX,3,aligned,0,1454,NICE,bounded+edit,NICE_bounded+edit,0,classifier_target_not_met,0.0,0.004644632339477539,0.2222222222222222,1.0,"{""nevents"": 141.0, ""ndays_act"": 19.0, ""nchapters"": 8.0}"
HarvardX,3,aligned,0,1454,MCCE,native,MCCE_native,0,out_of_bounds:nevents,0.0,0.03962230682373047,0.36659108087679515,2.0,"{""nevents"": 67.0, ""ndays_act"": 20.0, ""nchapters"": 8.0}"
HarvardX,3,aligned,0,1454,MCCE,bounded,MCCE_bounded,1,OK,0.0,0.03962230682373047,1.2673847316704459,3.0,"{""nevents"": 222.0, ""ndays_act"": 41.0, ""nchapters"": 10.0}"
HarvardX,3,aligned,0,1454,MCCE,bounded+edit,MCCE_bounded+edit,1,OK,0.0,0.03962230682373047,1.2673847316704459,3.0,"{""nevents"": 222.0, ""ndays_act"": 41.0, ""nchapters"": 10.0}"
HarvardX,3,aligned,0,1480,NICE,native,NICE_native,0,out_of_bounds:nevents,0.0,0.004792213439941406,0.1337126600284495,2.0,"{""nevents"": 9.0, ""ndays_act"": 7.0, ""nchapters"": 12.0}"
HarvardX,3,aligned,0,1480,NICE,bounded,NICE_bounded,0,classifier_target_not_met,0.0,0.004792213439941406,0.05263157894736842,1.0,"{""nevents"": 63.0, ""ndays_act"": 7.0, ""nchapters"": 12.0}"
HarvardX,3,aligned,0,1480,NICE,bounded+edit,NICE_bounded+edit,0,classifier_target_not_met,0.0,0.004792213439941406,0.05263157894736842,1.0,"{""nevents"": 63.0, ""ndays_act"": 7.0, ""nchapters"": 12.0}"
HarvardX,3,aligned,0,1480,MCCE,native,MCCE_native,0,out_of_bounds:nevents,0.0,0.027435302734375,0.135214161529951,2.0,"{""nevents"": 8.0, ""ndays_act"": 7.0, ""nchapters"": 12.0}"
HarvardX,3,aligned,0,1480,MCCE,bounded,MCCE_bounded,1,OK,0.0,0.027435302734375,0.19898846214635688,2.0,"{""nevents"": 67.0, ""ndays_act"": 15.0, ""nchapters"": 12.0}"
HarvardX,3,aligned,0,1480,MCCE,bounded+edit,MCCE_bounded+edit,1,OK,0.0,0.027435302734375,0.19898846214635688,2.0,"{""nevents"": 67.0, ""ndays_act"": 15.0, ""nchapters"": 12.0}"
HarvardX,3,aligned,0,1483,NICE,native,NICE_native,1,OK,0.0,0.0047380924224853516,0.12709977737300143,2.0,"{""nevents"": 9.0, ""ndays_act"": 7.0, ""nchapters"": 12.0}"
HarvardX,3,aligned,0,1483,NICE,bounded,NICE_bounded,1,OK,0.0,0.0047380924224853516,0.12709977737300143,2.0,"{""nevents"": 9.0, ""ndays_act"": 7.0, ""nchapters"": 12.0}"
HarvardX,3,aligned,0,1483,NICE,bounded+edit,NICE_bounded+edit,1,OK,0.0,0.0047380924224853516,0.12709977737300143,2.0,"{""nevents"": 9.0, ""ndays_act"": 7.0, ""nchapters"": 12.0}"
HarvardX,3,aligned,0,1483,MCCE,native,MCCE_native,1,OK,0.0,0.0265657901763916,0.12572803526051857,2.0,"{""nevents"": 8.0, ""ndays_act"": 7.0, ""nchapters"": 12.0}"
HarvardX,3,aligned,0,1483,MCCE,bounded,MCCE_bounded,1,OK,0.0,0.0265657901763916,0.12572803526051857,2.0,"{""nevents"": 8.0, ""ndays_act"": 7.0, ""nchapters"": 12.0}"
HarvardX,3,aligned,0,1483,MCCE,bounded+edit,MCCE_bounded+edit,1,OK,0.0,0.0265657901763916,0.12572803526051857,2.0,"{""nevents"": 8.0, ""ndays_act"": 7.0, ""nchapters"": 12.0}"
HarvardX,3,aligned,0,1541,NICE,native,NICE_native,1,OK,0.0,0.004690408706665039,0.38945542349438544,2.0,"{""nevents"": 67.0, ""ndays_act"": 20.0, ""nchapters"": 7.0}"
HarvardX,3,aligned,0,1541,NICE,bounded,NICE_bounded,1,OK,0.0,0.004690408706665039,0.38945542349438544,2.0,"{""nevents"": 67.0, ""ndays_act"": 20.0, ""nchapters"": 7.0}"
HarvardX,3,aligned,0,1541,NICE,bounded+edit,NICE_bounded+edit,1,OK,0.0,0.004690408706665039,0.38945542349438544,2.0,"{""nevents"": 67.0, ""ndays_act"": 20.0, ""nchapters"": 7.0}"
HarvardX,3,aligned,0,1541,MCCE,native,MCCE_native,1,OK,0.0,0.04066967964172363,0.5894554234943854,3.0,"{""nevents"": 67.0, ""ndays_act"": 20.0, ""nchapters"": 8.0}"
HarvardX,3,aligned,0,1541,MCCE,bounded,MCCE_bounded,1,OK,0.0,0.04066967964172363,0.5894554234943854,3.0,"{""nevents"": 67.0, ""ndays_act"": 20.0, ""nchapters"": 8.0}"
HarvardX,3,aligned,0,1541,MCCE,bounded+edit,MCCE_bounded+edit,1,OK,0.0,0.04066967964172363,0.5894554234943854,3.0,"{""nevents"": 67.0, ""ndays_act"": 20.0, ""nchapters"": 8.0}"
HarvardX,3,aligned,0,1544,NICE,native,NICE_native,1,OK,0.0,0.005743741989135742,0.46318028329605754,3.0,"{""nevents"": 67.0, ""ndays_act"": 20.0, ""nchapters"": 7.0}"
HarvardX,3,aligned,0,1544,NICE,bounded,NICE_bounded,1,OK,0.0,0.005743741989135742,0.46318028329605754,3.0,"{""nevents"": 67.0, ""ndays_act"": 20.0, ""nchapters"": 7.0}"
HarvardX,3,aligned,0,1544,NICE,bounded+edit,NICE_bounded+edit,1,OK,0.0,0.005743741989135742,0.46318028329605754,3.0,"{""nevents"": 67.0, ""ndays_act"": 20.0, ""nchapters"": 7.0}"
HarvardX,3,aligned,0,1544,MCCE,native,MCCE_native,1,OK,0.0,0.04704117774963379,0.6298469499627242,3.0,"{""nevents"": 67.0, ""ndays_act"": 20.0, ""nchapters"": 8.0}"
HarvardX,3,aligned,0,1544,MCCE,bounded,MCCE_bounded,1,OK,0.0,0.04704117774963379,0.6298469499627242,3.0,"{""nevents"": 67.0, ""ndays_act"": 20.0, ""nchapters"": 8.0}"
HarvardX,3,aligned,0,1544,MCCE,bounded+edit,MCCE_bounded+edit,1,OK,0.0,0.04704117774963379,0.6298469499627242,3.0,"{""nevents"": 67.0, ""ndays_act"": 20.0, ""nchapters"": 8.0}"
HarvardX,3,aligned,0,1621,NICE,native,NICE_native,1,OK,0.0,0.004553318023681641,0.38691553633136655,2.0,"{""nevents"": 67.0, ""ndays_act"": 20.0, ""nchapters"": 7.0}"
HarvardX,3,aligned,0,1621,NICE,bounded,NICE_bounded,1,OK,0.0,0.004553318023681641,0.38691553633136655,2.0,"{""nevents"": 67.0, ""ndays_act"": 20.0, ""nchapters"": 7.0}"
HarvardX,3,aligned,0,1621,NICE,bounded+edit,NICE_bounded+edit,1,OK,0.0,0.004553318023681641,0.38691553633136655,2.0,"{""nevents"": 67.0, ""ndays_act"": 20.0, ""nchapters"": 7.0}"
HarvardX,3,aligned,0,1621,MCCE,native,MCCE_native,1,OK,0.0,0.04072856903076172,0.5869155363313665,3.0,"{""nevents"": 67.0, ""ndays_act"": 20.0, ""nchapters"": 8.0}"
HarvardX,3,aligned,0,1621,MCCE,bounded,MCCE_bounded,1,OK,0.0,0.04072856903076172,0.5869155363313665,3.0,"{""nevents"": 67.0, ""ndays_act"": 20.0, ""nchapters"": 8.0}"
HarvardX,3,aligned,0,1621,MCCE,bounded+edit,MCCE_bounded+edit,1,OK,0.0,0.04072856903076172,0.5869155363313665,3.0,"{""nevents"": 67.0, ""ndays_act"": 20.0, ""nchapters"": 8.0}"
HarvardX,3,aligned,0,1637,NICE,native,NICE_native,1,OK,0.0,0.00571441650390625,0.12709977737300143,2.0,"{""nevents"": 9.0, ""ndays_act"": 7.0, ""nchapters"": 12.0}"
HarvardX,3,aligned,0,1637,NICE,bounded,NICE_bounded,1,OK,0.0,0.00571441650390625,0.12709977737300143,2.0,"{""nevents"": 9.0, ""ndays_act"": 7.0, ""nchapters"": 12.0}"
HarvardX,3,aligned,0,1637,NICE,bounded+edit,NICE_bounded+edit,1,OK,0.0,0.00571441650390625,0.12709977737300143,2.0,"{""nevents"": 9.0, ""ndays_act"": 7.0, ""nchapters"": 12.0}"
HarvardX,3,aligned,0,1637,MCCE,native,MCCE_native,1,OK,0.0,0.02923750877380371,0.12572803526051857,2.0,"{""nevents"": 8.0, ""ndays_act"": 7.0, ""nchapters"": 12.0}"
HarvardX,3,aligned,0,1637,MCCE,bounded,MCCE_bounded,1,OK,0.0,0.02923750877380371,0.12572803526051857,2.0,"{""nevents"": 8.0, ""ndays_act"": 7.0, ""nchapters"": 12.0}"
HarvardX,3,aligned,0,1637,MCCE,bounded+edit,MCCE_bounded+edit,1,OK,0.0,0.02923750877380371,0.12572803526051857,2.0,"{""nevents"": 8.0, ""ndays_act"": 7.0, ""nchapters"": 12.0}"
HarvardX,3,aligned,0,1643,NICE,native,NICE_native,1,OK,0.0,0.004826784133911133,0.24987442234277676,2.0,"{""nevents"": 56.0, ""ndays_act"": 16.0, ""nchapters"": 9.0}"
HarvardX,3,aligned,0,1643,NICE,bounded,NICE_bounded,1,OK,0.0,0.004826784133911133,0.24987442234277676,2.0,"{""nevents"": 56.0, ""ndays_act"": 16.0, ""nchapters"": 9.0}"
HarvardX,3,aligned,0,1643,NICE,bounded+edit,NICE_bounded+edit,1,OK,0.0,0.004826784133911133,0.24987442234277676,2.0,"{""nevents"": 56.0, ""ndays_act"": 16.0, ""nchapters"": 9.0}"
HarvardX,3,aligned,0,1643,MCCE,native,MCCE_native,1,OK,0.0,0.04013204574584961,0.35322483423749246,2.0,"{""nevents"": 66.0, ""ndays_act"": 21.0, ""nchapters"": 9.0}"
HarvardX,3,aligned,0,1643,MCCE,bounded,MCCE_bounded,1,OK,0.0,0.04013204574584961,0.35322483423749246,2.0,"{""nevents"": 66.0, ""ndays_act"": 21.0, ""nchapters"": 9.0}"
HarvardX,3,aligned,0,1643,MCCE,bounded+edit,MCCE_bounded+edit,1,OK,0.0,0.04013204574584961,0.35322483423749246,2.0,"{""nevents"": 66.0, ""ndays_act"": 21.0, ""nchapters"": 9.0}"
HarvardX,3,aligned,0,1646,NICE,native,NICE_native,1,OK,0.0,0.004907846450805664,0.12709977737300143,2.0,"{""nevents"": 9.0, ""ndays_act"": 7.0, ""nchapters"": 12.0}"
HarvardX,3,aligned,0,1646,NICE,bounded,NICE_bounded,1,OK,0.0,0.004907846450805664,0.12709977737300143,2.0,"{""nevents"": 9.0, ""ndays_act"": 7.0, ""nchapters"": 12.0}"
HarvardX,3,aligned,0,1646,NICE,bounded+edit,NICE_bounded+edit,1,OK,0.0,0.004907846450805664,0.12709977737300143,2.0,"{""nevents"": 9.0, ""ndays_act"": 7.0, ""nchapters"": 12.0}"
HarvardX,3,aligned,0,1646,MCCE,native,MCCE_native,1,OK,0.0,0.025847673416137695,0.12572803526051857,2.0,"{""nevents"": 8.0, ""ndays_act"": 7.0, ""nchapters"": 12.0}"
HarvardX,3,aligned,0,1646,MCCE,bounded,MCCE_bounded,1,OK,0.0,0.025847673416137695,0.12572803526051857,2.0,"{""nevents"": 8.0, ""ndays_act"": 7.0, ""nchapters"": 12.0}"
HarvardX,3,aligned,0,1646,MCCE,bounded+edit,MCCE_bounded+edit,1,OK,0.0,0.025847673416137695,0.12572803526051857,2.0,"{""nevents"": 8.0, ""ndays_act"": 7.0, ""nchapters"": 12.0}"
HarvardX,3,aligned,0,1671,NICE,native,NICE_native,0,out_of_bounds:nevents,0.0,0.0034983158111572266,0.060382916053019146,1.0,"{""nevents"": 9.0, ""ndays_act"": 7.0, ""nchapters"": 12.0}"
HarvardX,3,aligned,0,1671,NICE,bounded,NICE_bounded,0,classifier_target_not_met,0.0,0.0034983158111572266,0.0,0.0,"{""nevents"": 50.0, ""ndays_act"": 7.0, ""nchapters"": 12.0}"
HarvardX,3,aligned,0,1671,NICE,bounded+edit,NICE_bounded+edit,0,classifier_target_not_met,0.0,0.0034983158111572266,0.0,0.0,"{""nevents"": 50.0, ""ndays_act"": 7.0, ""nchapters"": 12.0}"
HarvardX,3,aligned,0,1671,MCCE,native,MCCE_native,0,out_of_bounds:nevents,0.0,0.029184341430664062,0.061855670103092786,1.0,"{""nevents"": 8.0, ""ndays_act"": 7.0, ""nchapters"": 12.0}"
HarvardX,3,aligned,0,1671,MCCE,bounded,MCCE_bounded,1,OK,0.0,0.029184341430664062,0.13404789177985055,2.0,"{""nevents"": 53.0, ""ndays_act"": 14.0, ""nchapters"": 12.0}"
HarvardX,3,aligned,0,1671,MCCE,bounded+edit,MCCE_bounded+edit,1,OK,0.0,0.029184341430664062,0.13404789177985055,2.0,"{""nevents"": 53.0, ""ndays_act"": 14.0, ""nchapters"": 12.0}"
HarvardX,3,aligned,0,1690,NICE,native,NICE_native,1,OK,0.0,0.008080482482910156,0.5611599406274528,3.0,"{""nevents"": 67.0, ""ndays_act"": 20.0, ""nchapters"": 7.0}"
HarvardX,3,aligned,0,1690,NICE,bounded,NICE_bounded,1,OK,0.0,0.008080482482910156,0.5611599406274528,3.0,"{""nevents"": 67.0, ""ndays_act"": 20.0, ""nchapters"": 7.0}"
HarvardX,3,aligned,0,1690,NICE,bounded+edit,NICE_bounded+edit,1,OK,0.0,0.008080482482910156,0.5611599406274528,3.0,"{""nevents"": 67.0, ""ndays_act"": 20.0, ""nchapters"": 7.0}"
HarvardX,3,aligned,0,1690,MCCE,native,MCCE_native,1,OK,0.0,0.04505515098571777,0.7278266072941195,3.0,"{""nevents"": 67.0, ""ndays_act"": 20.0, ""nchapters"": 8.0}"
HarvardX,3,aligned,0,1690,MCCE,bounded,MCCE_bounded,1,OK,0.0,0.04505515098571777,0.7278266072941195,3.0,"{""nevents"": 67.0, ""ndays_act"": 20.0, ""nchapters"": 8.0}"
HarvardX,3,aligned,0,1690,MCCE,bounded+edit,MCCE_bounded+edit,1,OK,0.0,0.04505515098571777,0.7278266072941195,3.0,"{""nevents"": 67.0, ""ndays_act"": 20.0, ""nchapters"": 8.0}"
HarvardX,3,aligned,0,1716,NICE,native,NICE_native,1,OK,0.0,0.005872249603271484,0.5864422406620342,3.0,"{""nevents"": 67.0, ""ndays_act"": 20.0, ""nchapters"": 7.0}"
HarvardX,3,aligned,0,1716,NICE,bounded,NICE_bounded,1,OK,0.0,0.005872249603271484,0.5864422406620342,3.0,"{""nevents"": 67.0, ""ndays_act"": 20.0, ""nchapters"": 7.0}"
HarvardX,3,aligned,0,1716,NICE,bounded+edit,NICE_bounded+edit,1,OK,0.0,0.005872249603271484,0.5864422406620342,3.0,"{""nevents"": 67.0, ""ndays_act"": 20.0, ""nchapters"": 7.0}"
HarvardX,3,aligned,0,1716,MCCE,native,MCCE_native,1,OK,0.0,0.05046892166137695,0.7531089073287008,3.0,"{""nevents"": 67.0, ""ndays_act"": 20.0, ""nchapters"": 8.0}"
HarvardX,3,aligned,0,1716,MCCE,bounded,MCCE_bounded,1,OK,0.0,0.05046892166137695,0.7531089073287008,3.0,"{""nevents"": 67.0, ""ndays_act"": 20.0, ""nchapters"": 8.0}"
HarvardX,3,aligned,0,1716,MCCE,bounded+edit,MCCE_bounded+edit,1,OK,0.0,0.05046892166137695,0.7531089073287008,3.0,"{""nevents"": 67.0, ""ndays_act"": 20.0, ""nchapters"": 8.0}"
HarvardX,3,aligned,0,1727,NICE,native,NICE_native,0,out_of_bounds:nevents,0.0,0.00482630729675293,0.08613658329600905,2.0,"{""nevents"": 9.0, ""ndays_act"": 7.0, ""nchapters"": 12.0}"
HarvardX,3,aligned,0,1727,NICE,bounded,NICE_bounded,0,classifier_target_not_met,0.0,0.00482630729675293,0.0847457627118644,1.0,"{""nevents"": 10.0, ""ndays_act"": 7.0, ""nchapters"": 12.0}"
HarvardX,3,aligned,0,1727,NICE,bounded+edit,NICE_bounded+edit,0,classifier_target_not_met,0.0,0.00482630729675293,0.0847457627118644,1.0,"{""nevents"": 10.0, ""ndays_act"": 7.0, ""nchapters"": 12.0}"
HarvardX,3,aligned,0,1727,MCCE,native,MCCE_native,0,out_of_bounds:nevents,0.0,0.03342151641845703,0.08752740388015369,2.0,"{""nevents"": 8.0, ""ndays_act"": 7.0, ""nchapters"": 12.0}"
HarvardX,3,aligned,0,1727,MCCE,bounded,MCCE_bounded,1,OK,0.0,0.03342151641845703,0.17340468164352563,2.0,"{""nevents"": 25.0, ""ndays_act"": 11.0, ""nchapters"": 12.0}"
HarvardX,3,aligned,0,1727,MCCE,bounded+edit,MCCE_bounded+edit,1,OK,0.0,0.03342151641845703,0.17340468164352563,2.0,"{""nevents"": 25.0, ""ndays_act"": 11.0, ""nchapters"": 12.0}"
HarvardX,3,aligned,0,1729,NICE,native,NICE_native,0,out_of_bounds:nevents,0.0,0.0037713050842285156,0.1280148423005566,1.0,"{""nevents"": 121.0, ""ndays_act"": 19.0, ""nchapters"": 12.0}"
HarvardX,3,aligned,0,1729,NICE,bounded,NICE_bounded,0,classifier_target_not_met,0.0,0.0037713050842285156,0.0,0.0,"{""nevents"": 190.0, ""ndays_act"": 19.0, ""nchapters"": 12.0}"
HarvardX,3,aligned,0,1729,NICE,bounded+edit,NICE_bounded+edit,0,classifier_target_not_met,0.0,0.0037713050842285156,0.0,0.0,"{""nevents"": 190.0, ""ndays_act"": 19.0, ""nchapters"": 12.0}"
HarvardX,3,aligned,0,1729,MCCE,native,MCCE_native,0,out_of_bounds:nevents,0.0,0.03289628028869629,0.150278293135436,1.0,"{""nevents"": 109.0, ""ndays_act"": 19.0, ""nchapters"": 12.0}"
HarvardX,3,aligned,0,1729,MCCE,bounded,MCCE_bounded,1,OK,0.0,0.03289628028869629,0.18583797155225726,2.0,"{""nevents"": 226.0, ""ndays_act"": 24.0, ""nchapters"": 12.0}"
HarvardX,3,aligned,0,1729,MCCE,bounded+edit,MCCE_bounded+edit,1,OK,0.0,0.03289628028869629,0.18583797155225726,2.0,"{""nevents"": 226.0, ""ndays_act"": 24.0, ""nchapters"": 12.0}"
HarvardX,3,aligned,0,1760,NICE,native,NICE_native,1,OK,0.0,0.007612943649291992,0.3828059996851739,2.0,"{""nevents"": 52.0, ""ndays_act"": 19.0, ""nchapters"": 8.0}"
HarvardX,3,aligned,0,1760,NICE,bounded,NICE_bounded,1,OK,0.0,0.007612943649291992,0.3828059996851739,2.0,"{""nevents"": 52.0, ""ndays_act"": 19.0, ""nchapters"": 8.0}"
HarvardX,3,aligned,0,1760,NICE,bounded+edit,NICE_bounded+edit,1,OK,0.0,0.007612943649291992,0.3828059996851739,2.0,"{""nevents"": 52.0, ""ndays_act"": 19.0, ""nchapters"": 8.0}"
HarvardX,3,aligned,0,1760,MCCE,native,MCCE_native,1,OK,0.0,0.0426630973815918,0.4197755739953675,2.0,"{""nevents"": 67.0, ""ndays_act"": 20.0, ""nchapters"": 8.0}"
HarvardX,3,aligned,0,1760,MCCE,bounded,MCCE_bounded,1,OK,0.0,0.0426630973815918,0.4197755739953675,2.0,"{""nevents"": 67.0, ""ndays_act"": 20.0, ""nchapters"": 8.0}"
HarvardX,3,aligned,0,1760,MCCE,bounded+edit,MCCE_bounded+edit,1,OK,0.0,0.0426630973815918,0.4197755739953675,2.0,"{""nevents"": 67.0, ""ndays_act"": 20.0, ""nchapters"": 8.0}"
HarvardX,3,aligned,0,1793,NICE,native,NICE_native,0,out_of_bounds:nevents,0.0,0.0047566890716552734,0.27051607445008463,2.0,"{""nevents"": 52.0, ""ndays_act"": 19.0, ""nchapters"": 8.0}"
HarvardX,3,aligned,0,1793,NICE,bounded,NICE_bounded,0,classifier_target_not_met,0.0,0.0047566890716552734,0.125,1.0,"{""nevents"": 138.0, ""ndays_act"": 19.0, ""nchapters"": 8.0}"
HarvardX,3,aligned,0,1793,NICE,bounded+edit,NICE_bounded+edit,0,classifier_target_not_met,0.0,0.0047566890716552734,0.125,1.0,"{""nevents"": 138.0, ""ndays_act"": 19.0, ""nchapters"": 8.0}"
HarvardX,3,aligned,0,1793,MCCE,native,MCCE_native,0,out_of_bounds:nevents,0.0,0.04543924331665039,0.26596869712351945,2.0,"{""nevents"": 67.0, ""ndays_act"": 20.0, ""nchapters"": 8.0}"
HarvardX,3,aligned,0,1793,MCCE,bounded,MCCE_bounded,1,OK,0.0,0.04543924331665039,1.225465313028765,3.0,"{""nevents"": 222.0, ""ndays_act"": 41.0, ""nchapters"": 10.0}"
HarvardX,3,aligned,0,1793,MCCE,bounded+edit,MCCE_bounded+edit,1,OK,0.0,0.04543924331665039,1.225465313028765,3.0,"{""nevents"": 222.0, ""ndays_act"": 41.0, ""nchapters"": 10.0}"
HarvardX,3,aligned,0,1811,NICE,native,NICE_native,1,OK,0.0,0.0049800872802734375,0.3247701736465781,2.0,"{""nevents"": 67.0, ""ndays_act"": 20.0, ""nchapters"": 7.0}"
HarvardX,3,aligned,0,1811,NICE,bounded,NICE_bounded,1,OK,0.0,0.0049800872802734375,0.3247701736465781,2.0,"{""nevents"": 67.0, ""ndays_act"": 20.0, ""nchapters"": 7.0}"
HarvardX,3,aligned,0,1811,NICE,bounded+edit,NICE_bounded+edit,1,OK,0.0,0.0049800872802734375,0.3247701736465781,2.0,"{""nevents"": 67.0, ""ndays_act"": 20.0, ""nchapters"": 7.0}"
HarvardX,3,aligned,0,1811,MCCE,native,MCCE_native,1,OK,0.0,0.042899370193481445,0.5247701736465782,3.0,"{""nevents"": 67.0, ""ndays_act"": 20.0, ""nchapters"": 8.0}"
HarvardX,3,aligned,0,1811,MCCE,bounded,MCCE_bounded,1,OK,0.0,0.042899370193481445,0.5247701736465782,3.0,"{""nevents"": 67.0, ""ndays_act"": 20.0, ""nchapters"": 8.0}"
HarvardX,3,aligned,0,1811,MCCE,bounded+edit,MCCE_bounded+edit,1,OK,0.0,0.042899370193481445,0.5247701736465782,3.0,"{""nevents"": 67.0, ""ndays_act"": 20.0, ""nchapters"": 8.0}"
HarvardX,3,aligned,0,1841,NICE,native,NICE_native,1,OK,0.0,0.005648374557495117,0.5864422406620342,3.0,"{""nevents"": 67.0, ""ndays_act"": 20.0, ""nchapters"": 7.0}"
HarvardX,3,aligned,0,1841,NICE,bounded,NICE_bounded,1,OK,0.0,0.005648374557495117,0.5864422406620342,3.0,"{""nevents"": 67.0, ""ndays_act"": 20.0, ""nchapters"": 7.0}"
HarvardX,3,aligned,0,1841,NICE,bounded+edit,NICE_bounded+edit,1,OK,0.0,0.005648374557495117,0.5864422406620342,3.0,"{""nevents"": 67.0, ""ndays_act"": 20.0, ""nchapters"": 7.0}"
HarvardX,3,aligned,0,1841,MCCE,native,MCCE_native,1,OK,0.0,0.04343056678771973,0.7531089073287008,3.0,"{""nevents"": 67.0, ""ndays_act"": 20.0, ""nchapters"": 8.0}"
HarvardX,3,aligned,0,1841,MCCE,bounded,MCCE_bounded,1,OK,0.0,0.04343056678771973,0.7531089073287008,3.0,"{""nevents"": 67.0, ""ndays_act"": 20.0, ""nchapters"": 8.0}"
HarvardX,3,aligned,0,1841,MCCE,bounded+edit,MCCE_bounded+edit,1,OK,0.0,0.04343056678771973,0.7531089073287008,3.0,"{""nevents"": 67.0, ""ndays_act"": 20.0, ""nchapters"": 8.0}"
HarvardX,3,aligned,0,1875,NICE,native,NICE_native,0,out_of_bounds:nevents,0.0,0.0039861202239990234,0.14465408805031446,1.0,"{""nevents"": 365.0, ""ndays_act"": 32.0, ""nchapters"": 12.0}"
HarvardX,3,aligned,0,1875,NICE,bounded,NICE_bounded,0,classifier_target_not_met,0.0,0.0039861202239990234,0.0,0.0,"{""nevents"": 411.0, ""ndays_act"": 32.0, ""nchapters"": 12.0}"
HarvardX,3,aligned,0,1875,NICE,bounded+edit,NICE_bounded+edit,0,classifier_target_not_met,0.0,0.0039861202239990234,0.0,0.0,"{""nevents"": 411.0, ""ndays_act"": 32.0, ""nchapters"": 12.0}"
HarvardX,3,aligned,0,1875,MCCE,native,MCCE_native,0,out_of_bounds:nevents,0.0,0.028066635131835938,0.14465408805031446,1.0,"{""nevents"": 365.0, ""ndays_act"": 32.0, ""nchapters"": 12.0}"
HarvardX,3,aligned,0,1875,MCCE,bounded,MCCE_bounded,1,OK,0.0,0.028066635131835938,0.19160702667534157,2.0,"{""nevents"": 450.0, ""ndays_act"": 34.0, ""nchapters"": 12.0}"
HarvardX,3,aligned,0,1875,MCCE,bounded+edit,MCCE_bounded+edit,1,OK,0.0,0.028066635131835938,0.19160702667534157,2.0,"{""nevents"": 450.0, ""ndays_act"": 34.0, ""nchapters"": 12.0}"
HarvardX,3,aligned,0,1889,NICE,native,NICE_native,0,out_of_bounds:nevents,0.0,0.005201578140258789,0.14302901627742393,2.0,"{""nevents"": 67.0, ""ndays_act"": 20.0, ""nchapters"": 7.0}"
HarvardX,3,aligned,0,1889,NICE,bounded,NICE_bounded,0,classifier_target_not_met,0.0,0.005201578140258789,0.08888888888888889,1.0,"{""nevents"": 101.0, ""ndays_act"": 20.0, ""nchapters"": 7.0}"
HarvardX,3,aligned,0,1889,NICE,bounded+edit,NICE_bounded+edit,0,classifier_target_not_met,0.0,0.005201578140258789,0.08888888888888889,1.0,"{""nevents"": 101.0, ""ndays_act"": 20.0, ""nchapters"": 7.0}"
HarvardX,3,aligned,0,1889,MCCE,native,MCCE_native,0,out_of_bounds:nevents,0.0,0.048024654388427734,1.10828025477707,2.0,"{""nevents"": 33.0, ""ndays_act"": 16.0, ""nchapters"": 12.0}"
HarvardX,3,aligned,0,1889,MCCE,bounded,MCCE_bounded,1,OK,0.0,0.048024654388427734,0.5572894550601557,3.0,"{""nevents"": 130.0, ""ndays_act"": 21.0, ""nchapters"": 9.0}"
HarvardX,3,aligned,0,1889,MCCE,bounded+edit,MCCE_bounded+edit,1,OK,0.0,0.048024654388427734,0.5572894550601557,3.0,"{""nevents"": 130.0, ""ndays_act"": 21.0, ""nchapters"": 9.0}"
HarvardX,3,aligned,0,1897,NICE,native,NICE_native,1,OK,0.0,0.0038156509399414062,0.19298245614035087,1.0,"{""nevents"": 34.0, ""ndays_act"": 15.0, ""nchapters"": 11.0}"
HarvardX,3,aligned,0,1897,NICE,bounded,NICE_bounded,1,OK,0.0,0.0038156509399414062,0.19298245614035087,1.0,"{""nevents"": 34.0, ""ndays_act"": 15.0, ""nchapters"": 11.0}"
HarvardX,3,aligned,0,1897,NICE,bounded+edit,NICE_bounded+edit,1,OK,0.0,0.0038156509399414062,0.19298245614035087,1.0,"{""nevents"": 34.0, ""ndays_act"": 15.0, ""nchapters"": 11.0}"
HarvardX,3,aligned,0,1897,MCCE,native,MCCE_native,1,OK,0.0,0.04884219169616699,0.30316799192225163,2.0,"{""nevents"": 74.0, ""ndays_act"": 18.0, ""nchapters"": 11.0}"
HarvardX,3,aligned,0,1897,MCCE,bounded,MCCE_bounded,1,OK,0.0,0.04884219169616699,0.30316799192225163,2.0,"{""nevents"": 74.0, ""ndays_act"": 18.0, ""nchapters"": 11.0}"
HarvardX,3,aligned,0,1897,MCCE,bounded+edit,MCCE_bounded+edit,1,OK,0.0,0.04884219169616699,0.30316799192225163,2.0,"{""nevents"": 74.0, ""ndays_act"": 18.0, ""nchapters"": 11.0}"
HarvardX,3,aligned,0,1921,NICE,native,NICE_native,1,OK,0.0,0.006190299987792969,0.3186039713058535,2.0,"{""nevents"": 53.0, ""ndays_act"": 15.0, ""nchapters"": 11.0}"
HarvardX,3,aligned,0,1921,NICE,bounded,NICE_bounded,1,OK,0.0,0.006190299987792969,0.3186039713058535,2.0,"{""nevents"": 53.0, ""ndays_act"": 15.0, ""nchapters"": 11.0}"
HarvardX,3,aligned,0,1921,NICE,bounded+edit,NICE_bounded+edit,1,OK,0.0,0.006190299987792969,0.3186039713058535,2.0,"{""nevents"": 53.0, ""ndays_act"": 15.0, ""nchapters"": 11.0}"
HarvardX,3,aligned,0,1921,MCCE,native,MCCE_native,1,OK,0.0,0.04186725616455078,0.3965908835368459,2.0,"{""nevents"": 74.0, ""ndays_act"": 18.0, ""nchapters"": 11.0}"
HarvardX,3,aligned,0,1921,MCCE,bounded,MCCE_bounded,1,OK,0.0,0.04186725616455078,0.3965908835368459,2.0,"{""nevents"": 74.0, ""ndays_act"": 18.0, ""nchapters"": 11.0}"
HarvardX,3,aligned,0,1921,MCCE,bounded+edit,MCCE_bounded+edit,1,OK,0.0,0.04186725616455078,0.3965908835368459,2.0,"{""nevents"": 74.0, ""ndays_act"": 18.0, ""nchapters"": 11.0}"
HarvardX,3,aligned,0,1955,NICE,native,NICE_native,0,out_of_bounds:nevents,0.0,0.004745960235595703,0.10418410041841004,2.0,"{""nevents"": 9.0, ""ndays_act"": 7.0, ""nchapters"": 12.0}"
HarvardX,3,aligned,0,1955,NICE,bounded,NICE_bounded,0,classifier_target_not_met,0.0,0.004745960235595703,0.1,1.0,"{""nevents"": 12.0, ""ndays_act"": 7.0, ""nchapters"": 12.0}"
HarvardX,3,aligned,0,1955,NICE,bounded+edit,NICE_bounded+edit,0,classifier_target_not_met,0.0,0.004745960235595703,0.1,1.0,"{""nevents"": 12.0, ""ndays_act"": 7.0, ""nchapters"": 12.0}"
HarvardX,3,aligned,0,1955,MCCE,native,MCCE_native,0,out_of_bounds:nevents,0.0,0.029534578323364258,0.10557880055788006,2.0,"{""nevents"": 8.0, ""ndays_act"": 7.0, ""nchapters"": 12.0}"
HarvardX,3,aligned,0,1955,MCCE,bounded,MCCE_bounded,1,OK,0.0,0.029534578323364258,0.18479776847977683,2.0,"{""nevents"": 25.0, ""ndays_act"": 11.0, ""nchapters"": 12.0}"
HarvardX,3,aligned,0,1955,MCCE,bounded+edit,MCCE_bounded+edit,1,OK,0.0,0.029534578323364258,0.18479776847977683,2.0,"{""nevents"": 25.0, ""ndays_act"": 11.0, ""nchapters"": 12.0}"
HarvardX,3,aligned,0,1967,NICE,native,NICE_native,0,out_of_bounds:nevents,0.0,0.0035386085510253906,0.34328358208955223,1.0,"{""nevents"": 9.0, ""ndays_act"": 7.0, ""nchapters"": 12.0}"
HarvardX,3,aligned,0,1967,NICE,bounded,NICE_bounded,0,classifier_target_not_met,0.0,0.0035386085510253906,0.0,0.0,"{""nevents"": 193.0, ""ndays_act"": 7.0, ""nchapters"": 12.0}"
HarvardX,3,aligned,0,1967,NICE,bounded+edit,NICE_bounded+edit,0,classifier_target_not_met,0.0,0.0035386085510253906,0.0,0.0,"{""nevents"": 193.0, ""ndays_act"": 7.0, ""nchapters"": 12.0}"
HarvardX,3,aligned,0,1967,MCCE,native,MCCE_native,0,out_of_bounds:nevents,0.0,0.02742910385131836,0.3451492537313433,1.0,"{""nevents"": 8.0, ""ndays_act"": 7.0, ""nchapters"": 12.0}"
HarvardX,3,aligned,0,1967,MCCE,bounded,MCCE_bounded,1,OK,0.0,0.02742910385131836,0.3763819789939193,2.0,"{""nevents"": 226.0, ""ndays_act"": 24.0, ""nchapters"": 12.0}"
HarvardX,3,aligned,0,1967,MCCE,bounded+edit,MCCE_bounded+edit,1,OK,0.0,0.02742910385131836,0.3763819789939193,2.0,"{""nevents"": 226.0, ""ndays_act"": 24.0, ""nchapters"": 12.0}"
HarvardX,3,aligned,0,2004,NICE,native,NICE_native,1,OK,0.0,0.04873180389404297,0.5234193370075924,3.0,"{""nevents"": 67.0, ""ndays_act"": 20.0, ""nchapters"": 7.0}"
HarvardX,3,aligned,0,2004,NICE,bounded,NICE_bounded,1,OK,0.0,0.04873180389404297,0.5234193370075924,3.0,"{""nevents"": 67.0, ""ndays_act"": 20.0, ""nchapters"": 7.0}"
HarvardX,3,aligned,0,2004,NICE,bounded+edit,NICE_bounded+edit,1,OK,0.0,0.04873180389404297,0.5234193370075924,3.0,"{""nevents"": 67.0, ""ndays_act"": 20.0, ""nchapters"": 7.0}"
HarvardX,3,aligned,0,2004,MCCE,native,MCCE_native,1,OK,0.0,0.046382904052734375,0.6900860036742591,3.0,"{""nevents"": 67.0, ""ndays_act"": 20.0, ""nchapters"": 8.0}"
HarvardX,3,aligned,0,2004,MCCE,bounded,MCCE_bounded,1,OK,0.0,0.046382904052734375,0.6900860036742591,3.0,"{""nevents"": 67.0, ""ndays_act"": 20.0, ""nchapters"": 8.0}"
HarvardX,3,aligned,0,2004,MCCE,bounded+edit,MCCE_bounded+edit,1,OK,0.0,0.046382904052734375,0.6900860036742591,3.0,"{""nevents"": 67.0, ""ndays_act"": 20.0, ""nchapters"": 8.0}"
HarvardX,3,aligned,0,2085,NICE,native,NICE_native,1,OK,0.0,0.004837512969970703,0.14349321999595224,2.0,"{""nevents"": 9.0, ""ndays_act"": 8.0, ""nchapters"": 10.0}"
HarvardX,3,aligned,0,2085,NICE,bounded,NICE_bounded,1,OK,0.0,0.004837512969970703,0.14349321999595224,2.0,"{""nevents"": 9.0, ""ndays_act"": 8.0, ""nchapters"": 10.0}"
HarvardX,3,aligned,0,2085,NICE,bounded+edit,NICE_bounded+edit,1,OK,0.0,0.004837512969970703,0.14349321999595224,2.0,"{""nevents"": 9.0, ""ndays_act"": 8.0, ""nchapters"": 10.0}"
HarvardX,3,aligned,0,2085,MCCE,native,MCCE_native,1,OK,0.0,0.04400777816772461,0.3923407317457105,2.0,"{""nevents"": 47.0, ""ndays_act"": 20.0, ""nchapters"": 10.0}"
HarvardX,3,aligned,0,2085,MCCE,bounded,MCCE_bounded,1,OK,0.0,0.04400777816772461,0.3923407317457105,2.0,"{""nevents"": 47.0, ""ndays_act"": 20.0, ""nchapters"": 10.0}"
HarvardX,3,aligned,0,2085,MCCE,bounded+edit,MCCE_bounded+edit,1,OK,0.0,0.04400777816772461,0.3923407317457105,2.0,"{""nevents"": 47.0, ""ndays_act"": 20.0, ""nchapters"": 10.0}"
HarvardX,3,aligned,0,2089,NICE,native,NICE_native,0,immutable_changed:nevents,0.0,0.003641843795776367,0.0,0.0,"{""nevents"": 912.0, ""ndays_act"": 57.0, ""nchapters"": 12.0}"
HarvardX,3,aligned,0,2089,NICE,bounded,NICE_bounded,0,classifier_target_not_met,0.0,0.003641843795776367,0.0,0.0,"{""nevents"": 1072.0, ""ndays_act"": 57.0, ""nchapters"": 12.0}"
HarvardX,3,aligned,0,2089,NICE,bounded+edit,NICE_bounded+edit,0,classifier_target_not_met,0.0,0.003641843795776367,0.0,0.0,"{""nevents"": 1072.0, ""ndays_act"": 57.0, ""nchapters"": 12.0}"
HarvardX,3,aligned,0,2089,MCCE,native,MCCE_native,0,no_candidate,,0.04070568084716797,,,
HarvardX,3,aligned,0,2089,MCCE,bounded,MCCE_bounded,0,no_candidate,,0.04070568084716797,,,
HarvardX,3,aligned,0,2089,MCCE,bounded+edit,MCCE_bounded+edit,0,no_candidate,,0.04070568084716797,,,
HarvardX,3,aligned,0,2102,NICE,native,NICE_native,0,out_of_bounds:nevents,0.0,0.008081674575805664,0.10317400387626166,2.0,"{""nevents"": 9.0, ""ndays_act"": 8.0, ""nchapters"": 10.0}"
HarvardX,3,aligned,0,2102,NICE,bounded,NICE_bounded,0,classifier_target_not_met,0.0,0.008081674575805664,0.07017543859649122,1.0,"{""nevents"": 32.0, ""ndays_act"": 8.0, ""nchapters"": 10.0}"
HarvardX,3,aligned,0,2102,NICE,bounded+edit,NICE_bounded+edit,0,classifier_target_not_met,0.0,0.008081674575805664,0.07017543859649122,1.0,"{""nevents"": 32.0, ""ndays_act"": 8.0, ""nchapters"": 10.0}"
HarvardX,3,aligned,0,2102,MCCE,native,MCCE_native,1,OK,0.0,0.08349251747131348,0.30222255782929347,2.0,"{""nevents"": 47.0, ""ndays_act"": 20.0, ""nchapters"": 10.0}"
HarvardX,3,aligned,0,2102,MCCE,bounded,MCCE_bounded,1,OK,0.0,0.08349251747131348,0.30222255782929347,2.0,"{""nevents"": 47.0, ""ndays_act"": 20.0, ""nchapters"": 10.0}"
HarvardX,3,aligned,0,2102,MCCE,bounded+edit,MCCE_bounded+edit,1,OK,0.0,0.08349251747131348,0.30222255782929347,2.0,"{""nevents"": 47.0, ""ndays_act"": 20.0, ""nchapters"": 10.0}"
HarvardX,3,aligned,0,2111,NICE,native,NICE_native,0,out_of_bounds:nevents,0.0,0.0035338401794433594,0.525,1.0,"{""nevents"": 119.0, ""ndays_act"": 20.0, ""nchapters"": 12.0}"
HarvardX,3,aligned,0,2111,NICE,bounded,NICE_bounded,0,classifier_target_not_met,0.0,0.0035338401794433594,0.0,0.0,"{""nevents"": 329.0, ""ndays_act"": 20.0, ""nchapters"": 12.0}"
HarvardX,3,aligned,0,2111,NICE,bounded+edit,NICE_bounded+edit,0,classifier_target_not_met,0.0,0.0035338401794433594,0.0,0.0,"{""nevents"": 329.0, ""ndays_act"": 20.0, ""nchapters"": 12.0}"
HarvardX,3,aligned,0,2111,MCCE,native,MCCE_native,0,out_of_bounds:nevents,0.0,0.02539348602294922,0.71,1.0,"{""nevents"": 45.0, ""ndays_act"": 20.0, ""nchapters"": 12.0}"
HarvardX,3,aligned,0,2111,MCCE,bounded,MCCE_bounded,1,OK,0.0,0.02539348602294922,0.30579268292682926,2.0,"{""nevents"": 344.0, ""ndays_act"": 31.0, ""nchapters"": 12.0}"
HarvardX,3,aligned,0,2111,MCCE,bounded+edit,MCCE_bounded+edit,1,OK,0.0,0.02539348602294922,0.30579268292682926,2.0,"{""nevents"": 344.0, ""ndays_act"": 31.0, ""nchapters"": 12.0}"
HarvardX,3,aligned,0,2169,NICE,native,NICE_native,1,OK,0.0,0.004610776901245117,0.12709977737300143,2.0,"{""nevents"": 9.0, ""ndays_act"": 7.0, ""nchapters"": 12.0}"
HarvardX,3,aligned,0,2169,NICE,bounded,NICE_bounded,1,OK,0.0,0.004610776901245117,0.12709977737300143,2.0,"{""nevents"": 9.0, ""ndays_act"": 7.0, ""nchapters"": 12.0}"
HarvardX,3,aligned,0,2169,NICE,bounded+edit,NICE_bounded+edit,1,OK,0.0,0.004610776901245117,0.12709977737300143,2.0,"{""nevents"": 9.0, ""ndays_act"": 7.0, ""nchapters"": 12.0}"
HarvardX,3,aligned,0,2169,MCCE,native,MCCE_native,1,OK,0.0,0.03409695625305176,0.12572803526051857,2.0,"{""nevents"": 8.0, ""ndays_act"": 7.0, ""nchapters"": 12.0}"
HarvardX,3,aligned,0,2169,MCCE,bounded,MCCE_bounded,1,OK,0.0,0.03409695625305176,0.12572803526051857,2.0,"{""nevents"": 8.0, ""ndays_act"": 7.0, ""nchapters"": 12.0}"
HarvardX,3,aligned,0,2169,MCCE,bounded+edit,MCCE_bounded+edit,1,OK,0.0,0.03409695625305176,0.12572803526051857,2.0,"{""nevents"": 8.0, ""ndays_act"": 7.0, ""nchapters"": 12.0}"
HarvardX,3,aligned,0,2206,NICE,native,NICE_native,1,OK,0.0,0.010071039199829102,0.573992673992674,3.0,"{""nevents"": 67.0, ""ndays_act"": 20.0, ""nchapters"": 7.0}"
HarvardX,3,aligned,0,2206,NICE,bounded,NICE_bounded,1,OK,0.0,0.010071039199829102,0.573992673992674,3.0,"{""nevents"": 67.0, ""ndays_act"": 20.0, ""nchapters"": 7.0}"
HarvardX,3,aligned,0,2206,NICE,bounded+edit,NICE_bounded+edit,1,OK,0.0,0.010071039199829102,0.573992673992674,3.0,"{""nevents"": 67.0, ""ndays_act"": 20.0, ""nchapters"": 7.0}"
HarvardX,3,aligned,0,2206,MCCE,native,MCCE_native,1,OK,0.0,0.0762636661529541,0.7406593406593407,3.0,"{""nevents"": 67.0, ""ndays_act"": 20.0, ""nchapters"": 8.0}"
HarvardX,3,aligned,0,2206,MCCE,bounded,MCCE_bounded,1,OK,0.0,0.0762636661529541,0.7406593406593407,3.0,"{""nevents"": 67.0, ""ndays_act"": 20.0, ""nchapters"": 8.0}"
HarvardX,3,aligned,0,2206,MCCE,bounded+edit,MCCE_bounded+edit,1,OK,0.0,0.0762636661529541,0.7406593406593407,3.0,"{""nevents"": 67.0, ""ndays_act"": 20.0, ""nchapters"": 8.0}"
HarvardX,3,aligned,0,2262,NICE,native,NICE_native,1,OK,0.0,0.003646373748779297,0.23728813559322035,1.0,"{""nevents"": 9.0, ""ndays_act"": 16.0, ""nchapters"": 9.0}"
HarvardX,3,aligned,0,2262,NICE,bounded,NICE_bounded,1,OK,0.0,0.003646373748779297,0.23728813559322035,1.0,"{""nevents"": 9.0, ""ndays_act"": 16.0, ""nchapters"": 9.0}"
HarvardX,3,aligned,0,2262,NICE,bounded+edit,NICE_bounded+edit,1,OK,0.0,0.003646373748779297,0.23728813559322035,1.0,"{""nevents"": 9.0, ""ndays_act"": 16.0, ""nchapters"": 9.0}"
HarvardX,3,aligned,0,2262,MCCE,native,MCCE_native,1,OK,0.0,0.04077577590942383,0.4012005649717514,2.0,"{""nevents"": 66.0, ""ndays_act"": 21.0, ""nchapters"": 9.0}"
HarvardX,3,aligned,0,2262,MCCE,bounded,MCCE_bounded,1,OK,0.0,0.04077577590942383,0.4012005649717514,2.0,"{""nevents"": 66.0, ""ndays_act"": 21.0, ""nchapters"": 9.0}"
HarvardX,3,aligned,0,2262,MCCE,bounded+edit,MCCE_bounded+edit,1,OK,0.0,0.04077577590942383,0.4012005649717514,2.0,"{""nevents"": 66.0, ""ndays_act"": 21.0, ""nchapters"": 9.0}"
HarvardX,3,aligned,0,2263,NICE,native,NICE_native,1,OK,0.0,0.0062634944915771484,0.5864422406620342,3.0,"{""nevents"": 67.0, ""ndays_act"": 20.0, ""nchapters"": 7.0}"
HarvardX,3,aligned,0,2263,NICE,bounded,NICE_bounded,1,OK,0.0,0.0062634944915771484,0.5864422406620342,3.0,"{""nevents"": 67.0, ""ndays_act"": 20.0, ""nchapters"": 7.0}"
HarvardX,3,aligned,0,2263,NICE,bounded+edit,NICE_bounded+edit,1,OK,0.0,0.0062634944915771484,0.5864422406620342,3.0,"{""nevents"": 67.0, ""ndays_act"": 20.0, ""nchapters"": 7.0}"
HarvardX,3,aligned,0,2263,MCCE,native,MCCE_native,1,OK,0.0,0.04660773277282715,0.7531089073287008,3.0,"{""nevents"": 67.0, ""ndays_act"": 20.0, ""nchapters"": 8.0}"
HarvardX,3,aligned,0,2263,MCCE,bounded,MCCE_bounded,1,OK,0.0,0.04660773277282715,0.7531089073287008,3.0,"{""nevents"": 67.0, ""ndays_act"": 20.0, ""nchapters"": 8.0}"
HarvardX,3,aligned,0,2263,MCCE,bounded+edit,MCCE_bounded+edit,1,OK,0.0,0.04660773277282715,0.7531089073287008,3.0,"{""nevents"": 67.0, ""ndays_act"": 20.0, ""nchapters"": 8.0}"
HarvardX,3,aligned,0,2297,NICE,native,NICE_native,1,OK,0.0,0.006730794906616211,0.5864422406620342,3.0,"{""nevents"": 67.0, ""ndays_act"": 20.0, ""nchapters"": 7.0}"
HarvardX,3,aligned,0,2297,NICE,bounded,NICE_bounded,1,OK,0.0,0.006730794906616211,0.5864422406620342,3.0,"{""nevents"": 67.0, ""ndays_act"": 20.0, ""nchapters"": 7.0}"
HarvardX,3,aligned,0,2297,NICE,bounded+edit,NICE_bounded+edit,1,OK,0.0,0.006730794906616211,0.5864422406620342,3.0,"{""nevents"": 67.0, ""ndays_act"": 20.0, ""nchapters"": 7.0}"
HarvardX,3,aligned,0,2297,MCCE,native,MCCE_native,1,OK,0.0,0.042469024658203125,0.7531089073287008,3.0,"{""nevents"": 67.0, ""ndays_act"": 20.0, ""nchapters"": 8.0}"
HarvardX,3,aligned,0,2297,MCCE,bounded,MCCE_bounded,1,OK,0.0,0.042469024658203125,0.7531089073287008,3.0,"{""nevents"": 67.0, ""ndays_act"": 20.0, ""nchapters"": 8.0}"
HarvardX,3,aligned,0,2297,MCCE,bounded+edit,MCCE_bounded+edit,1,OK,0.0,0.042469024658203125,0.7531089073287008,3.0,"{""nevents"": 67.0, ""ndays_act"": 20.0, ""nchapters"": 8.0}"
HarvardX,3,aligned,0,2310,NICE,native,NICE_native,0,out_of_bounds:nevents,0.0,0.005207538604736328,0.40601503759398494,2.0,"{""nevents"": 9.0, ""ndays_act"": 7.0, ""nchapters"": 12.0}"
HarvardX,3,aligned,0,2310,NICE,bounded,NICE_bounded,0,classifier_target_not_met,0.0,0.005207538604736328,0.05263157894736842,1.0,"{""nevents"": 197.0, ""ndays_act"": 7.0, ""nchapters"": 12.0}"
HarvardX,3,aligned,0,2310,NICE,bounded+edit,NICE_bounded+edit,0,classifier_target_not_met,0.0,0.005207538604736328,0.05263157894736842,1.0,"{""nevents"": 197.0, ""ndays_act"": 7.0, ""nchapters"": 12.0}"
HarvardX,3,aligned,0,2310,MCCE,native,MCCE_native,0,out_of_bounds:nevents,0.0,0.031891822814941406,0.40789473684210525,2.0,"{""nevents"": 8.0, ""ndays_act"": 7.0, ""nchapters"": 12.0}"
HarvardX,3,aligned,0,2310,MCCE,bounded,MCCE_bounded,1,OK,0.0,0.031891822814941406,0.40538847117794485,2.0,"{""nevents"": 226.0, ""ndays_act"": 24.0, ""nchapters"": 12.0}"
HarvardX,3,aligned,0,2310,MCCE,bounded+edit,MCCE_bounded+edit,1,OK,0.0,0.031891822814941406,0.40538847117794485,2.0,"{""nevents"": 226.0, ""ndays_act"": 24.0, ""nchapters"": 12.0}"
HarvardX,3,aligned,0,2427,NICE,native,NICE_native,0,out_of_bounds:nevents,0.0,0.005152702331542969,0.027999489991074843,2.0,"{""nevents"": 9.0, ""ndays_act"": 7.0, ""nchapters"": 12.0}"
HarvardX,3,aligned,0,2427,NICE,bounded,NICE_bounded,0,classifier_target_not_met,0.0,0.005152702331542969,0.01818181818181818,1.0,"{""nevents"": 16.0, ""ndays_act"": 7.0, ""nchapters"": 12.0}"
HarvardX,3,aligned,0,2427,NICE,bounded+edit,NICE_bounded+edit,0,classifier_target_not_met,0.0,0.005152702331542969,0.01818181818181818,1.0,"{""nevents"": 16.0, ""ndays_act"": 7.0, ""nchapters"": 12.0}"
HarvardX,3,aligned,0,2427,MCCE,native,MCCE_native,0,out_of_bounds:nevents,0.0,0.02693486213684082,0.029402014535254366,2.0,"{""nevents"": 8.0, ""ndays_act"": 7.0, ""nchapters"": 12.0}"
HarvardX,3,aligned,0,2427,MCCE,bounded,MCCE_bounded,1,OK,0.0,0.02693486213684082,0.10353181180670662,2.0,"{""nevents"": 25.0, ""ndays_act"": 11.0, ""nchapters"": 12.0}"
HarvardX,3,aligned,0,2427,MCCE,bounded+edit,MCCE_bounded+edit,1,OK,0.0,0.02693486213684082,0.10353181180670662,2.0,"{""nevents"": 25.0, ""ndays_act"": 11.0, ""nchapters"": 12.0}"
HarvardX,3,aligned,0,2450,NICE,native,NICE_native,1,OK,0.0,0.007176399230957031,0.5864422406620342,3.0,"{""nevents"": 67.0, ""ndays_act"": 20.0, ""nchapters"": 7.0}"
HarvardX,3,aligned,0,2450,NICE,bounded,NICE_bounded,1,OK,0.0,0.007176399230957031,0.5864422406620342,3.0,"{""nevents"": 67.0, ""ndays_act"": 20.0, ""nchapters"": 7.0}"
HarvardX,3,aligned,0,2450,NICE,bounded+edit,NICE_bounded+edit,1,OK,0.0,0.007176399230957031,0.5864422406620342,3.0,"{""nevents"": 67.0, ""ndays_act"": 20.0, ""nchapters"": 7.0}"
HarvardX,3,aligned,0,2450,MCCE,native,MCCE_native,1,OK,0.0,0.04252457618713379,0.7531089073287008,3.0,"{""nevents"": 67.0, ""ndays_act"": 20.0, ""nchapters"": 8.0}"
HarvardX,3,aligned,0,2450,MCCE,bounded,MCCE_bounded,1,OK,0.0,0.04252457618713379,0.7531089073287008,3.0,"{""nevents"": 67.0, ""ndays_act"": 20.0, ""nchapters"": 8.0}"
HarvardX,3,aligned,0,2450,MCCE,bounded+edit,MCCE_bounded+edit,1,OK,0.0,0.04252457618713379,0.7531089073287008,3.0,"{""nevents"": 67.0, ""ndays_act"": 20.0, ""nchapters"": 8.0}"
HarvardX,3,aligned,0,2522,NICE,native,NICE_native,1,OK,0.0,0.005861997604370117,0.5864422406620342,3.0,"{""nevents"": 67.0, ""ndays_act"": 20.0, ""nchapters"": 7.0}"
HarvardX,3,aligned,0,2522,NICE,bounded,NICE_bounded,1,OK,0.0,0.005861997604370117,0.5864422406620342,3.0,"{""nevents"": 67.0, ""ndays_act"": 20.0, ""nchapters"": 7.0}"
HarvardX,3,aligned,0,2522,NICE,bounded+edit,NICE_bounded+edit,1,OK,0.0,0.005861997604370117,0.5864422406620342,3.0,"{""nevents"": 67.0, ""ndays_act"": 20.0, ""nchapters"": 7.0}"
HarvardX,3,aligned,0,2522,MCCE,native,MCCE_native,1,OK,0.0,0.04312586784362793,0.7531089073287008,3.0,"{""nevents"": 67.0, ""ndays_act"": 20.0, ""nchapters"": 8.0}"
HarvardX,3,aligned,0,2522,MCCE,bounded,MCCE_bounded,1,OK,0.0,0.04312586784362793,0.7531089073287008,3.0,"{""nevents"": 67.0, ""ndays_act"": 20.0, ""nchapters"": 8.0}"
HarvardX,3,aligned,0,2522,MCCE,bounded+edit,MCCE_bounded+edit,1,OK,0.0,0.04312586784362793,0.7531089073287008,3.0,"{""nevents"": 67.0, ""ndays_act"": 20.0, ""nchapters"": 8.0}"
HarvardX,3,aligned,0,2607,NICE,native,NICE_native,0,out_of_bounds:nevents,0.0,0.0047910213470458984,0.2851681957186544,2.0,"{""nevents"": 52.0, ""ndays_act"": 19.0, ""nchapters"": 8.0}"
HarvardX,3,aligned,0,2607,NICE,bounded,NICE_bounded,0,classifier_target_not_met,0.0,0.0047910213470458984,0.25,1.0,"{""nevents"": 75.0, ""ndays_act"": 19.0, ""nchapters"": 8.0}"
HarvardX,3,aligned,0,2607,NICE,bounded+edit,NICE_bounded+edit,0,classifier_target_not_met,0.0,0.0047910213470458984,0.25,1.0,"{""nevents"": 75.0, ""ndays_act"": 19.0, ""nchapters"": 8.0}"
HarvardX,3,aligned,0,2607,MCCE,native,MCCE_native,0,out_of_bounds:nevents,0.0,0.04102611541748047,0.28008955875928354,2.0,"{""nevents"": 67.0, ""ndays_act"": 20.0, ""nchapters"": 8.0}"
HarvardX,3,aligned,0,2607,MCCE,bounded,MCCE_bounded,1,OK,0.0,0.04102611541748047,1.3035714285714286,2.0,"{""nevents"": 75.0, ""ndays_act"": 22.0, ""nchapters"": 12.0}"
HarvardX,3,aligned,0,2607,MCCE,bounded+edit,MCCE_bounded+edit,1,OK,0.0,0.04102611541748047,1.3035714285714286,2.0,"{""nevents"": 75.0, ""ndays_act"": 22.0, ""nchapters"": 12.0}"
HarvardX,3,aligned,0,2668,NICE,native,NICE_native,0,out_of_bounds:nevents,0.0,0.005859851837158203,0.14669266536673164,2.0,"{""nevents"": 9.0, ""ndays_act"": 7.0, ""nchapters"": 12.0}"
HarvardX,3,aligned,0,2668,NICE,bounded,NICE_bounded,0,classifier_target_not_met,0.0,0.005859851837158203,0.0847457627118644,1.0,"{""nevents"": 51.0, ""ndays_act"": 7.0, ""nchapters"": 12.0}"
HarvardX,3,aligned,0,2668,NICE,bounded+edit,NICE_bounded+edit,0,classifier_target_not_met,0.0,0.005859851837158203,0.0847457627118644,1.0,"{""nevents"": 51.0, ""ndays_act"": 7.0, ""nchapters"": 12.0}"
HarvardX,3,aligned,0,2668,MCCE,native,MCCE_native,1,OK,0.0,0.026938676834106445,0.2542372881355932,1.0,"{""nevents"": 51.0, ""ndays_act"": 17.0, ""nchapters"": 12.0}"
HarvardX,3,aligned,0,2668,MCCE,bounded,MCCE_bounded,1,OK,0.0,0.026938676834106445,0.2542372881355932,1.0,"{""nevents"": 51.0, ""ndays_act"": 17.0, ""nchapters"": 12.0}"
HarvardX,3,aligned,0,2668,MCCE,bounded+edit,MCCE_bounded+edit,1,OK,0.0,0.026938676834106445,0.2542372881355932,1.0,"{""nevents"": 51.0, ""ndays_act"": 17.0, ""nchapters"": 12.0}"
HarvardX,3,aligned,0,2677,NICE,native,NICE_native,1,OK,0.0,0.006544589996337891,0.5611599406274528,3.0,"{""nevents"": 67.0, ""ndays_act"": 20.0, ""nchapters"": 7.0}"
HarvardX,3,aligned,0,2677,NICE,bounded,NICE_bounded,1,OK,0.0,0.006544589996337891,0.5611599406274528,3.0,"{""nevents"": 67.0, ""ndays_act"": 20.0, ""nchapters"": 7.0}"
HarvardX,3,aligned,0,2677,NICE,bounded+edit,NICE_bounded+edit,1,OK,0.0,0.006544589996337891,0.5611599406274528,3.0,"{""nevents"": 67.0, ""ndays_act"": 20.0, ""nchapters"": 7.0}"
HarvardX,3,aligned,0,2677,MCCE,native,MCCE_native,1,OK,0.0,0.04159736633300781,0.7278266072941195,3.0,"{""nevents"": 67.0, ""ndays_act"": 20.0, ""nchapters"": 8.0}"
HarvardX,3,aligned,0,2677,MCCE,bounded,MCCE_bounded,1,OK,0.0,0.04159736633300781,0.7278266072941195,3.0,"{""nevents"": 67.0, ""ndays_act"": 20.0, ""nchapters"": 8.0}"
HarvardX,3,aligned,0,2677,MCCE,bounded+edit,MCCE_bounded+edit,1,OK,0.0,0.04159736633300781,0.7278266072941195,3.0,"{""nevents"": 67.0, ""ndays_act"": 20.0, ""nchapters"": 8.0}"
HarvardX,3,aligned,0,2687,NICE,native,NICE_native,1,OK,0.0,0.005443572998046875,0.2650580409547411,2.0,"{""nevents"": 52.0, ""ndays_act"": 19.0, ""nchapters"": 8.0}"
HarvardX,3,aligned,0,2687,NICE,bounded,NICE_bounded,1,OK,0.0,0.005443572998046875,0.2650580409547411,2.0,"{""nevents"": 52.0, ""ndays_act"": 19.0, ""nchapters"": 8.0}"
HarvardX,3,aligned,0,2687,NICE,bounded+edit,NICE_bounded+edit,1,OK,0.0,0.005443572998046875,0.2650580409547411,2.0,"{""nevents"": 52.0, ""ndays_act"": 19.0, ""nchapters"": 8.0}"
HarvardX,3,aligned,0,2687,MCCE,native,MCCE_native,1,OK,0.0,0.04099106788635254,0.3047606625798878,2.0,"{""nevents"": 67.0, ""ndays_act"": 20.0, ""nchapters"": 8.0}"
HarvardX,3,aligned,0,2687,MCCE,bounded,MCCE_bounded,1,OK,0.0,0.04099106788635254,0.3047606625798878,2.0,"{""nevents"": 67.0, ""ndays_act"": 20.0, ""nchapters"": 8.0}"
HarvardX,3,aligned,0,2687,MCCE,bounded+edit,MCCE_bounded+edit,1,OK,0.0,0.04099106788635254,0.3047606625798878,2.0,"{""nevents"": 67.0, ""ndays_act"": 20.0, ""nchapters"": 8.0}"
HarvardX,3,aligned,0,2737,NICE,native,NICE_native,0,out_of_bounds:nevents,0.0,0.00400090217590332,0.4267241379310345,1.0,"{""nevents"": 67.0, ""ndays_act"": 15.0, ""nchapters"": 12.0}"
HarvardX,3,aligned,0,2737,NICE,bounded,NICE_bounded,0,classifier_target_not_met,0.0,0.00400090217590332,0.0,0.0,"{""nevents"": 265.0, ""ndays_act"": 15.0, ""nchapters"": 12.0}"
HarvardX,3,aligned,0,2737,NICE,bounded+edit,NICE_bounded+edit,0,classifier_target_not_met,0.0,0.00400090217590332,0.0,0.0,"{""nevents"": 265.0, ""ndays_act"": 15.0, ""nchapters"": 12.0}"
HarvardX,3,aligned,0,2737,MCCE,native,MCCE_native,0,out_of_bounds:nevents,0.0,0.030680418014526367,0.4267241379310345,1.0,"{""nevents"": 67.0, ""ndays_act"": 15.0, ""nchapters"": 12.0}"
HarvardX,3,aligned,0,2737,MCCE,bounded,MCCE_bounded,1,OK,0.0,0.030680418014526367,0.37799850074962515,2.0,"{""nevents"": 279.0, ""ndays_act"": 31.0, ""nchapters"": 12.0}"
HarvardX,3,aligned,0,2737,MCCE,bounded+edit,MCCE_bounded+edit,1,OK,0.0,0.030680418014526367,0.37799850074962515,2.0,"{""nevents"": 279.0, ""ndays_act"": 31.0, ""nchapters"": 12.0}"
HarvardX,3,aligned,0,2749,NICE,native,NICE_native,1,OK,0.0,0.004644870758056641,0.3828059996851739,2.0,"{""nevents"": 52.0, ""ndays_act"": 19.0, ""nchapters"": 8.0}"
HarvardX,3,aligned,0,2749,NICE,bounded,NICE_bounded,1,OK,0.0,0.004644870758056641,0.3828059996851739,2.0,"{""nevents"": 52.0, ""ndays_act"": 19.0, ""nchapters"": 8.0}"
HarvardX,3,aligned,0,2749,NICE,bounded+edit,NICE_bounded+edit,1,OK,0.0,0.004644870758056641,0.3828059996851739,2.0,"{""nevents"": 52.0, ""ndays_act"": 19.0, ""nchapters"": 8.0}"
HarvardX,3,aligned,0,2749,MCCE,native,MCCE_native,1,OK,0.0,0.04022574424743652,0.4197755739953675,2.0,"{""nevents"": 67.0, ""ndays_act"": 20.0, ""nchapters"": 8.0}"
HarvardX,3,aligned,0,2749,MCCE,bounded,MCCE_bounded,1,OK,0.0,0.04022574424743652,0.4197755739953675,2.0,"{""nevents"": 67.0, ""ndays_act"": 20.0, ""nchapters"": 8.0}"
HarvardX,3,aligned,0,2749,MCCE,bounded+edit,MCCE_bounded+edit,1,OK,0.0,0.04022574424743652,0.4197755739953675,2.0,"{""nevents"": 67.0, ""ndays_act"": 20.0, ""nchapters"": 8.0}"
HarvardX,3,aligned,0,2757,NICE,native,NICE_native,1,OK,0.0,0.0057888031005859375,0.501738277026465,3.0,"{""nevents"": 67.0, ""ndays_act"": 20.0, ""nchapters"": 7.0}"
HarvardX,3,aligned,0,2757,NICE,bounded,NICE_bounded,1,OK,0.0,0.0057888031005859375,0.501738277026465,3.0,"{""nevents"": 67.0, ""ndays_act"": 20.0, ""nchapters"": 7.0}"
HarvardX,3,aligned,0,2757,NICE,bounded+edit,NICE_bounded+edit,1,OK,0.0,0.0057888031005859375,0.501738277026465,3.0,"{""nevents"": 67.0, ""ndays_act"": 20.0, ""nchapters"": 7.0}"
HarvardX,3,aligned,0,2757,MCCE,native,MCCE_native,1,OK,0.0,0.03914046287536621,0.6684049436931316,3.0,"{""nevents"": 67.0, ""ndays_act"": 20.0, ""nchapters"": 8.0}"
HarvardX,3,aligned,0,2757,MCCE,bounded,MCCE_bounded,1,OK,0.0,0.03914046287536621,0.6684049436931316,3.0,"{""nevents"": 67.0, ""ndays_act"": 20.0, ""nchapters"": 8.0}"
HarvardX,3,aligned,0,2757,MCCE,bounded+edit,MCCE_bounded+edit,1,OK,0.0,0.03914046287536621,0.6684049436931316,3.0,"{""nevents"": 67.0, ""ndays_act"": 20.0, ""nchapters"": 8.0}"
HarvardX,3,aligned,0,2791,NICE,native,NICE_native,0,out_of_bounds:nevents,0.0,0.0046880245208740234,0.23146576117713638,2.0,"{""nevents"": 9.0, ""ndays_act"": 8.0, ""nchapters"": 10.0}"
HarvardX,3,aligned,0,2791,NICE,bounded,NICE_bounded,0,classifier_target_not_met,0.0,0.0046880245208740234,0.07017543859649122,1.0,"{""nevents"": 109.0, ""ndays_act"": 8.0, ""nchapters"": 10.0}"
HarvardX,3,aligned,0,2791,NICE,bounded+edit,NICE_bounded+edit,0,classifier_target_not_met,0.0,0.0046880245208740234,0.07017543859649122,1.0,"{""nevents"": 109.0, ""ndays_act"": 8.0, ""nchapters"": 10.0}"
HarvardX,3,aligned,0,2791,MCCE,native,MCCE_native,0,out_of_bounds:nevents,0.0,0.04212212562561035,0.3807017543859649,2.0,"{""nevents"": 47.0, ""ndays_act"": 20.0, ""nchapters"": 10.0}"
HarvardX,3,aligned,0,2791,MCCE,bounded,MCCE_bounded,1,OK,0.0,0.04212212562561035,0.8313808715336729,2.0,"{""nevents"": 222.0, ""ndays_act"": 41.0, ""nchapters"": 10.0}"
HarvardX,3,aligned,0,2791,MCCE,bounded+edit,MCCE_bounded+edit,1,OK,0.0,0.04212212562561035,0.8313808715336729,2.0,"{""nevents"": 222.0, ""ndays_act"": 41.0, ""nchapters"": 10.0}"
HarvardX,3,aligned,0,2792,NICE,native,NICE_native,1,OK,0.0,0.003676176071166992,0.25,1.0,"{""nevents"": 11.0, ""ndays_act"": 16.0, ""nchapters"": 9.0}"
HarvardX,3,aligned,0,2792,NICE,bounded,NICE_bounded,1,OK,0.0,0.003676176071166992,0.25,1.0,"{""nevents"": 11.0, ""ndays_act"": 16.0, ""nchapters"": 9.0}"
HarvardX,3,aligned,0,2792,NICE,bounded+edit,NICE_bounded+edit,1,OK,0.0,0.003676176071166992,0.25,1.0,"{""nevents"": 11.0, ""ndays_act"": 16.0, ""nchapters"": 9.0}"
HarvardX,3,aligned,0,2792,MCCE,native,MCCE_native,1,OK,0.0,0.03973245620727539,0.4099350046425255,2.0,"{""nevents"": 66.0, ""ndays_act"": 21.0, ""nchapters"": 9.0}"
HarvardX,3,aligned,0,2792,MCCE,bounded,MCCE_bounded,1,OK,0.0,0.03973245620727539,0.4099350046425255,2.0,"{""nevents"": 66.0, ""ndays_act"": 21.0, ""nchapters"": 9.0}"
HarvardX,3,aligned,0,2792,MCCE,bounded+edit,MCCE_bounded+edit,1,OK,0.0,0.03973245620727539,0.4099350046425255,2.0,"{""nevents"": 66.0, ""ndays_act"": 21.0, ""nchapters"": 9.0}"
HarvardX,3,aligned,0,2838,NICE,native,NICE_native,0,out_of_bounds:nevents,0.0,0.0046634674072265625,0.0875977171358688,2.0,"{""nevents"": 9.0, ""ndays_act"": 8.0, ""nchapters"": 10.0}"
HarvardX,3,aligned,0,2838,NICE,bounded,NICE_bounded,0,classifier_target_not_met,0.0,0.0046634674072265625,0.08620689655172414,1.0,"{""nevents"": 10.0, ""ndays_act"": 8.0, ""nchapters"": 10.0}"
HarvardX,3,aligned,0,2838,NICE,bounded+edit,NICE_bounded+edit,0,classifier_target_not_met,0.0,0.0046634674072265625,0.08620689655172414,1.0,"{""nevents"": 10.0, ""ndays_act"": 8.0, ""nchapters"": 10.0}"
HarvardX,3,aligned,0,2838,MCCE,native,MCCE_native,1,OK,0.0,0.04156327247619629,0.3445638098892139,2.0,"{""nevents"": 47.0, ""ndays_act"": 20.0, ""nchapters"": 10.0}"
HarvardX,3,aligned,0,2838,MCCE,bounded,MCCE_bounded,1,OK,0.0,0.04156327247619629,0.3445638098892139,2.0,"{""nevents"": 47.0, ""ndays_act"": 20.0, ""nchapters"": 10.0}"
HarvardX,3,aligned,0,2838,MCCE,bounded+edit,MCCE_bounded+edit,1,OK,0.0,0.04156327247619629,0.3445638098892139,2.0,"{""nevents"": 47.0, ""ndays_act"": 20.0, ""nchapters"": 10.0}"
HarvardX,3,aligned,0,2916,NICE,native,NICE_native,0,out_of_bounds:nevents,0.0,0.00482940673828125,0.13937768240343346,2.0,"{""nevents"": 233.0, ""ndays_act"": 24.0, ""nchapters"": 12.0}"
HarvardX,3,aligned,0,2916,NICE,bounded,NICE_bounded,0,classifier_target_not_met,0.0,0.00482940673828125,0.075,1.0,"{""nevents"": 263.0, ""ndays_act"": 24.0, ""nchapters"": 12.0}"
HarvardX,3,aligned,0,2916,NICE,bounded+edit,NICE_bounded+edit,0,classifier_target_not_met,0.0,0.00482940673828125,0.075,1.0,"{""nevents"": 263.0, ""ndays_act"": 24.0, ""nchapters"": 12.0}"
HarvardX,3,aligned,0,2916,MCCE,native,MCCE_native,0,out_of_bounds:nevents,0.0,0.026643037796020508,0.2832618025751073,1.0,"{""nevents"": 131.0, ""ndays_act"": 21.0, ""nchapters"": 12.0}"
HarvardX,3,aligned,0,2916,MCCE,bounded,MCCE_bounded,1,OK,0.0,0.026643037796020508,0.2843347639484979,2.0,"{""nevents"": 279.0, ""ndays_act"": 31.0, ""nchapters"": 12.0}"
HarvardX,3,aligned,0,2916,MCCE,bounded+edit,MCCE_bounded+edit,1,OK,0.0,0.026643037796020508,0.2843347639484979,2.0,"{""nevents"": 279.0, ""ndays_act"": 31.0, ""nchapters"": 12.0}"
HarvardX,3,aligned,0,2957,NICE,native,NICE_native,1,OK,0.0,0.004693269729614258,0.3662068965517241,2.0,"{""nevents"": 52.0, ""ndays_act"": 19.0, ""nchapters"": 8.0}"
HarvardX,3,aligned,0,2957,NICE,bounded,NICE_bounded,1,OK,0.0,0.004693269729614258,0.3662068965517241,2.0,"{""nevents"": 52.0, ""ndays_act"": 19.0, ""nchapters"": 8.0}"
HarvardX,3,aligned,0,2957,NICE,bounded+edit,NICE_bounded+edit,1,OK,0.0,0.004693269729614258,0.3662068965517241,2.0,"{""nevents"": 52.0, ""ndays_act"": 19.0, ""nchapters"": 8.0}"
HarvardX,3,aligned,0,2957,MCCE,native,MCCE_native,1,OK,0.0,0.04053020477294922,0.40356321839080456,2.0,"{""nevents"": 67.0, ""ndays_act"": 20.0, ""nchapters"": 8.0}"
HarvardX,3,aligned,0,2957,MCCE,bounded,MCCE_bounded,1,OK,0.0,0.04053020477294922,0.40356321839080456,2.0,"{""nevents"": 67.0, ""ndays_act"": 20.0, ""nchapters"": 8.0}"
HarvardX,3,aligned,0,2957,MCCE,bounded+edit,MCCE_bounded+edit,1,OK,0.0,0.04053020477294922,0.40356321839080456,2.0,"{""nevents"": 67.0, ""ndays_act"": 20.0, ""nchapters"": 8.0}"
HarvardX,3,aligned,0,3041,NICE,native,NICE_native,1,OK,0.0,0.0050966739654541016,0.4197755739953675,2.0,"{""nevents"": 67.0, ""ndays_act"": 20.0, ""nchapters"": 7.0}"
HarvardX,3,aligned,0,3041,NICE,bounded,NICE_bounded,1,OK,0.0,0.0050966739654541016,0.4197755739953675,2.0,"{""nevents"": 67.0, ""ndays_act"": 20.0, ""nchapters"": 7.0}"
HarvardX,3,aligned,0,3041,NICE,bounded+edit,NICE_bounded+edit,1,OK,0.0,0.0050966739654541016,0.4197755739953675,2.0,"{""nevents"": 67.0, ""ndays_act"": 20.0, ""nchapters"": 7.0}"
HarvardX,3,aligned,0,3041,MCCE,native,MCCE_native,1,OK,0.0,0.03956460952758789,0.6197755739953675,3.0,"{""nevents"": 67.0, ""ndays_act"": 20.0, ""nchapters"": 8.0}"
HarvardX,3,aligned,0,3041,MCCE,bounded,MCCE_bounded,1,OK,0.0,0.03956460952758789,0.6197755739953675,3.0,"{""nevents"": 67.0, ""ndays_act"": 20.0, ""nchapters"": 8.0}"
HarvardX,3,aligned,0,3041,MCCE,bounded+edit,MCCE_bounded+edit,1,OK,0.0,0.03956460952758789,0.6197755739953675,3.0,"{""nevents"": 67.0, ""ndays_act"": 20.0, ""nchapters"": 8.0}"
HarvardX,3,aligned,0,3118,NICE,native,NICE_native,1,OK,0.0,0.004021406173706055,0.06666666666666667,1.0,"{""nevents"": 63.0, ""ndays_act"": 19.0, ""nchapters"": 8.0}"
HarvardX,3,aligned,0,3118,NICE,bounded,NICE_bounded,1,OK,0.0,0.004021406173706055,0.06666666666666667,1.0,"{""nevents"": 63.0, ""ndays_act"": 19.0, ""nchapters"": 8.0}"
HarvardX,3,aligned,0,3118,NICE,bounded+edit,NICE_bounded+edit,1,OK,0.0,0.004021406173706055,0.06666666666666667,1.0,"{""nevents"": 63.0, ""ndays_act"": 19.0, ""nchapters"": 8.0}"
HarvardX,3,aligned,0,3118,MCCE,native,MCCE_native,1,OK,0.0,0.04089069366455078,0.0948948948948949,2.0,"{""nevents"": 67.0, ""ndays_act"": 20.0, ""nchapters"": 8.0}"
HarvardX,3,aligned,0,3118,MCCE,bounded,MCCE_bounded,1,OK,0.0,0.04089069366455078,0.0948948948948949,2.0,"{""nevents"": 67.0, ""ndays_act"": 20.0, ""nchapters"": 8.0}"
HarvardX,3,aligned,0,3118,MCCE,bounded+edit,MCCE_bounded+edit,1,OK,0.0,0.04089069366455078,0.0948948948948949,2.0,"{""nevents"": 67.0, ""ndays_act"": 20.0, ""nchapters"": 8.0}"
HarvardX,3,aligned,0,3152,NICE,native,NICE_native,1,OK,0.0,0.004613637924194336,0.3828059996851739,2.0,"{""nevents"": 52.0, ""ndays_act"": 19.0, ""nchapters"": 8.0}"
HarvardX,3,aligned,0,3152,NICE,bounded,NICE_bounded,1,OK,0.0,0.004613637924194336,0.3828059996851739,2.0,"{""nevents"": 52.0, ""ndays_act"": 19.0, ""nchapters"": 8.0}"
HarvardX,3,aligned,0,3152,NICE,bounded+edit,NICE_bounded+edit,1,OK,0.0,0.004613637924194336,0.3828059996851739,2.0,"{""nevents"": 52.0, ""ndays_act"": 19.0, ""nchapters"": 8.0}"
HarvardX,3,aligned,0,3152,MCCE,native,MCCE_native,1,OK,0.0,0.04014253616333008,0.4197755739953675,2.0,"{""nevents"": 67.0, ""ndays_act"": 20.0, ""nchapters"": 8.0}"
HarvardX,3,aligned,0,3152,MCCE,bounded,MCCE_bounded,1,OK,0.0,0.04014253616333008,0.4197755739953675,2.0,"{""nevents"": 67.0, ""ndays_act"": 20.0, ""nchapters"": 8.0}"
HarvardX,3,aligned,0,3152,MCCE,bounded+edit,MCCE_bounded+edit,1,OK,0.0,0.04014253616333008,0.4197755739953675,2.0,"{""nevents"": 67.0, ""ndays_act"": 20.0, ""nchapters"": 8.0}"
HarvardX,3,aligned,0,3171,NICE,native,NICE_native,1,OK,0.0,0.004723548889160156,0.11234567901234568,2.0,"{""nevents"": 9.0, ""ndays_act"": 7.0, ""nchapters"": 12.0}"
HarvardX,3,aligned,0,3171,NICE,bounded,NICE_bounded,1,OK,0.0,0.004723548889160156,0.11234567901234568,2.0,"{""nevents"": 9.0, ""ndays_act"": 7.0, ""nchapters"": 12.0}"
HarvardX,3,aligned,0,3171,NICE,bounded+edit,NICE_bounded+edit,1,OK,0.0,0.004723548889160156,0.11234567901234568,2.0,"{""nevents"": 9.0, ""ndays_act"": 7.0, ""nchapters"": 12.0}"
HarvardX,3,aligned,0,3171,MCCE,native,MCCE_native,1,OK,0.0,0.025828123092651367,0.11097393689986283,2.0,"{""nevents"": 8.0, ""ndays_act"": 7.0, ""nchapters"": 12.0}"
HarvardX,3,aligned,0,3171,MCCE,bounded,MCCE_bounded,1,OK,0.0,0.025828123092651367,0.11097393689986283,2.0,"{""nevents"": 8.0, ""ndays_act"": 7.0, ""nchapters"": 12.0}"
HarvardX,3,aligned,0,3171,MCCE,bounded+edit,MCCE_bounded+edit,1,OK,0.0,0.025828123092651367,0.11097393689986283,2.0,"{""nevents"": 8.0, ""ndays_act"": 7.0, ""nchapters"": 12.0}"
HarvardX,3,aligned,0,3192,NICE,native,NICE_native,0,out_of_bounds:nevents,0.0,0.004610538482666016,0.264070796460177,2.0,"{""nevents"": 60.0, ""ndays_act"": 15.0, ""nchapters"": 11.0}"
HarvardX,3,aligned,0,3192,NICE,bounded,NICE_bounded,0,classifier_target_not_met,0.0,0.004610538482666016,0.08,1.0,"{""nevents"": 164.0, ""ndays_act"": 15.0, ""nchapters"": 11.0}"
HarvardX,3,aligned,0,3192,NICE,bounded+edit,NICE_bounded+edit,0,classifier_target_not_met,0.0,0.004610538482666016,0.08,1.0,"{""nevents"": 164.0, ""ndays_act"": 15.0, ""nchapters"": 11.0}"
HarvardX,3,aligned,0,3192,MCCE,native,MCCE_native,0,out_of_bounds:nevents,0.0,0.04088425636291504,0.2992920353982301,2.0,"{""nevents"": 74.0, ""ndays_act"": 18.0, ""nchapters"": 11.0}"
HarvardX,3,aligned,0,3192,MCCE,bounded,MCCE_bounded,1,OK,0.0,0.04088425636291504,0.5472566371681415,2.0,"{""nevents"": 202.0, ""ndays_act"": 35.0, ""nchapters"": 11.0}"
HarvardX,3,aligned,0,3192,MCCE,bounded+edit,MCCE_bounded+edit,1,OK,0.0,0.04088425636291504,0.5472566371681415,2.0,"{""nevents"": 202.0, ""ndays_act"": 35.0, ""nchapters"": 11.0}"
HarvardX,3,aligned,0,3201,NICE,native,NICE_native,1,OK,0.0,0.0045397281646728516,0.27389710872811185,2.0,"{""nevents"": 67.0, ""ndays_act"": 20.0, ""nchapters"": 7.0}"
HarvardX,3,aligned,0,3201,NICE,bounded,NICE_bounded,1,OK,0.0,0.0045397281646728516,0.27389710872811185,2.0,"{""nevents"": 67.0, ""ndays_act"": 20.0, ""nchapters"": 7.0}"
HarvardX,3,aligned,0,3201,NICE,bounded+edit,NICE_bounded+edit,1,OK,0.0,0.0045397281646728516,0.27389710872811185,2.0,"{""nevents"": 67.0, ""ndays_act"": 20.0, ""nchapters"": 7.0}"
HarvardX,3,aligned,0,3201,MCCE,native,MCCE_native,0,out_of_bounds:nevents,0.0,0.0409398078918457,1.0359712230215827,2.0,"{""nevents"": 9.0, ""ndays_act"": 8.0, ""nchapters"": 12.0}"
HarvardX,3,aligned,0,3201,MCCE,bounded,MCCE_bounded,1,OK,0.0,0.0409398078918457,0.47389710872811186,3.0,"{""nevents"": 67.0, ""ndays_act"": 20.0, ""nchapters"": 8.0}"
HarvardX,3,aligned,0,3201,MCCE,bounded+edit,MCCE_bounded+edit,1,OK,0.0,0.0409398078918457,0.47389710872811186,3.0,"{""nevents"": 67.0, ""ndays_act"": 20.0, ""nchapters"": 8.0}"
HarvardX,3,aligned,0,3210,NICE,native,NICE_native,0,out_of_bounds:nevents,0.0,0.0035178661346435547,0.1048252911813644,1.0,"{""nevents"": 65.0, ""ndays_act"": 17.0, ""nchapters"": 12.0}"
HarvardX,3,aligned,0,3210,NICE,bounded,NICE_bounded,0,classifier_target_not_met,0.0,0.0035178661346435547,0.0,0.0,"{""nevents"": 128.0, ""ndays_act"": 17.0, ""nchapters"": 12.0}"
HarvardX,3,aligned,0,3210,NICE,bounded+edit,NICE_bounded+edit,0,classifier_target_not_met,0.0,0.0035178661346435547,0.0,0.0,"{""nevents"": 128.0, ""ndays_act"": 17.0, ""nchapters"": 12.0}"
HarvardX,3,aligned,0,3210,MCCE,native,MCCE_native,0,out_of_bounds:nevents,0.0,0.026551008224487305,0.10981697171381032,1.0,"{""nevents"": 62.0, ""ndays_act"": 17.0, ""nchapters"": 12.0}"
HarvardX,3,aligned,0,3210,MCCE,bounded,MCCE_bounded,1,OK,0.0,0.026551008224487305,0.13636363636363635,1.0,"{""nevents"": 128.0, ""ndays_act"": 23.0, ""nchapters"": 12.0}"
HarvardX,3,aligned,0,3210,MCCE,bounded+edit,MCCE_bounded+edit,1,OK,0.0,0.026551008224487305,0.13636363636363635,1.0,"{""nevents"": 128.0, ""ndays_act"": 23.0, ""nchapters"": 12.0}"
HarvardX,3,aligned,0,3217,NICE,native,NICE_native,1,OK,0.0,0.006035566329956055,0.5864422406620342,3.0,"{""nevents"": 67.0, ""ndays_act"": 20.0, ""nchapters"": 7.0}"
HarvardX,3,aligned,0,3217,NICE,bounded,NICE_bounded,1,OK,0.0,0.006035566329956055,0.5864422406620342,3.0,"{""nevents"": 67.0, ""ndays_act"": 20.0, ""nchapters"": 7.0}"
HarvardX,3,aligned,0,3217,NICE,bounded+edit,NICE_bounded+edit,1,OK,0.0,0.006035566329956055,0.5864422406620342,3.0,"{""nevents"": 67.0, ""ndays_act"": 20.0, ""nchapters"": 7.0}"
HarvardX,3,aligned,0,3217,MCCE,native,MCCE_native,1,OK,0.0,0.041436195373535156,0.7531089073287008,3.0,"{""nevents"": 67.0, ""ndays_act"": 20.0, ""nchapters"": 8.0}"
HarvardX,3,aligned,0,3217,MCCE,bounded,MCCE_bounded,1,OK,0.0,0.041436195373535156,0.7531089073287008,3.0,"{""nevents"": 67.0, ""ndays_act"": 20.0, ""nchapters"": 8.0}"
HarvardX,3,aligned,0,3217,MCCE,bounded+edit,MCCE_bounded+edit,1,OK,0.0,0.041436195373535156,0.7531089073287008,3.0,"{""nevents"": 67.0, ""ndays_act"": 20.0, ""nchapters"": 8.0}"
HarvardX,3,aligned,0,3236,NICE,native,NICE_native,1,OK,0.0,0.0036361217498779297,0.25,1.0,"{""nevents"": 8.0, ""ndays_act"": 16.0, ""nchapters"": 9.0}"
HarvardX,3,aligned,0,3236,NICE,bounded,NICE_bounded,1,OK,0.0,0.0036361217498779297,0.25,1.0,"{""nevents"": 8.0, ""ndays_act"": 16.0, ""nchapters"": 9.0}"
HarvardX,3,aligned,0,3236,NICE,bounded+edit,NICE_bounded+edit,1,OK,0.0,0.0036361217498779297,0.25,1.0,"{""nevents"": 8.0, ""ndays_act"": 16.0, ""nchapters"": 9.0}"
HarvardX,3,aligned,0,3236,MCCE,native,MCCE_native,1,OK,0.0,0.04078412055969238,0.4137771613499769,2.0,"{""nevents"": 66.0, ""ndays_act"": 21.0, ""nchapters"": 9.0}"
HarvardX,3,aligned,0,3236,MCCE,bounded,MCCE_bounded,1,OK,0.0,0.04078412055969238,0.4137771613499769,2.0,"{""nevents"": 66.0, ""ndays_act"": 21.0, ""nchapters"": 9.0}"
HarvardX,3,aligned,0,3236,MCCE,bounded+edit,MCCE_bounded+edit,1,OK,0.0,0.04078412055969238,0.4137771613499769,2.0,"{""nevents"": 66.0, ""ndays_act"": 21.0, ""nchapters"": 9.0}"
HarvardX,3,aligned,0,3260,NICE,native,NICE_native,0,out_of_bounds:nevents,0.0,0.004894733428955078,0.16509786809624732,2.0,"{""nevents"": 22.0, ""ndays_act"": 10.0, ""nchapters"": 12.0}"
HarvardX,3,aligned,0,3260,NICE,bounded,NICE_bounded,0,classifier_target_not_met,0.0,0.004894733428955078,0.019230769230769232,1.0,"{""nevents"": 112.0, ""ndays_act"": 10.0, ""nchapters"": 12.0}"
HarvardX,3,aligned,0,3260,NICE,bounded+edit,NICE_bounded+edit,0,classifier_target_not_met,0.0,0.004894733428955078,0.019230769230769232,1.0,"{""nevents"": 112.0, ""ndays_act"": 10.0, ""nchapters"": 12.0}"
HarvardX,3,aligned,0,3260,MCCE,native,MCCE_native,0,out_of_bounds:nevents,0.0,0.02871084213256836,0.17460416406931803,2.0,"{""nevents"": 28.0, ""ndays_act"": 11.0, ""nchapters"": 12.0}"
HarvardX,3,aligned,0,3260,MCCE,bounded,MCCE_bounded,1,OK,0.0,0.02871084213256836,0.2615633960852762,2.0,"{""nevents"": 131.0, ""ndays_act"": 21.0, ""nchapters"": 12.0}"
HarvardX,3,aligned,0,3260,MCCE,bounded+edit,MCCE_bounded+edit,1,OK,0.0,0.02871084213256836,0.2615633960852762,2.0,"{""nevents"": 131.0, ""ndays_act"": 21.0, ""nchapters"": 12.0}"
HarvardX,3,aligned,0,3268,NICE,native,NICE_native,1,OK,0.0,0.007866859436035156,0.110989010989011,2.0,"{""nevents"": 9.0, ""ndays_act"": 7.0, ""nchapters"": 12.0}"
HarvardX,3,aligned,0,3268,NICE,bounded,NICE_bounded,1,OK,0.0,0.007866859436035156,0.110989010989011,2.0,"{""nevents"": 9.0, ""ndays_act"": 7.0, ""nchapters"": 12.0}"
HarvardX,3,aligned,0,3268,NICE,bounded+edit,NICE_bounded+edit,1,OK,0.0,0.007866859436035156,0.110989010989011,2.0,"{""nevents"": 9.0, ""ndays_act"": 7.0, ""nchapters"": 12.0}"
HarvardX,3,aligned,0,3268,MCCE,native,MCCE_native,1,OK,0.0,0.04704880714416504,0.10961538461538461,2.0,"{""nevents"": 8.0, ""ndays_act"": 7.0, ""nchapters"": 12.0}"
HarvardX,3,aligned,0,3268,MCCE,bounded,MCCE_bounded,1,OK,0.0,0.04704880714416504,0.10961538461538461,2.0,"{""nevents"": 8.0, ""ndays_act"": 7.0, ""nchapters"": 12.0}"
HarvardX,3,aligned,0,3268,MCCE,bounded+edit,MCCE_bounded+edit,1,OK,0.0,0.04704880714416504,0.10961538461538461,2.0,"{""nevents"": 8.0, ""ndays_act"": 7.0, ""nchapters"": 12.0}"
HarvardX,3,aligned,0,3295,NICE,native,NICE_native,1,OK,0.0,0.007926225662231445,0.3090122735242548,2.0,"{""nevents"": 56.0, ""ndays_act"": 16.0, ""nchapters"": 9.0}"
HarvardX,3,aligned,0,3295,NICE,bounded,NICE_bounded,1,OK,0.0,0.007926225662231445,0.3090122735242548,2.0,"{""nevents"": 56.0, ""ndays_act"": 16.0, ""nchapters"": 9.0}"
HarvardX,3,aligned,0,3295,NICE,bounded+edit,NICE_bounded+edit,1,OK,0.0,0.007926225662231445,0.3090122735242548,2.0,"{""nevents"": 56.0, ""ndays_act"": 16.0, ""nchapters"": 9.0}"
HarvardX,3,aligned,0,3295,MCCE,native,MCCE_native,1,OK,0.0,0.04960942268371582,0.40755113968439505,2.0,"{""nevents"": 66.0, ""ndays_act"": 21.0, ""nchapters"": 9.0}"
HarvardX,3,aligned,0,3295,MCCE,bounded,MCCE_bounded,1,OK,0.0,0.04960942268371582,0.40755113968439505,2.0,"{""nevents"": 66.0, ""ndays_act"": 21.0, ""nchapters"": 9.0}"
HarvardX,3,aligned,0,3295,MCCE,bounded+edit,MCCE_bounded+edit,1,OK,0.0,0.04960942268371582,0.40755113968439505,2.0,"{""nevents"": 66.0, ""ndays_act"": 21.0, ""nchapters"": 9.0}"
HarvardX,3,aligned,0,3313,NICE,native,NICE_native,1,OK,0.0,0.005536794662475586,0.30578800557880054,2.0,"{""nevents"": 52.0, ""ndays_act"": 19.0, ""nchapters"": 8.0}"
HarvardX,3,aligned,0,3313,NICE,bounded,NICE_bounded,1,OK,0.0,0.005536794662475586,0.30578800557880054,2.0,"{""nevents"": 52.0, ""ndays_act"": 19.0, ""nchapters"": 8.0}"
HarvardX,3,aligned,0,3313,NICE,bounded+edit,NICE_bounded+edit,1,OK,0.0,0.005536794662475586,0.30578800557880054,2.0,"{""nevents"": 52.0, ""ndays_act"": 19.0, ""nchapters"": 8.0}"
HarvardX,3,aligned,0,3313,MCCE,native,MCCE_native,1,OK,0.0,0.04303383827209473,0.3445656505279936,2.0,"{""nevents"": 67.0, ""ndays_act"": 20.0, ""nchapters"": 8.0}"
HarvardX,3,aligned,0,3313,MCCE,bounded,MCCE_bounded,1,OK,0.0,0.04303383827209473,0.3445656505279936,2.0,"{""nevents"": 67.0, ""ndays_act"": 20.0, ""nchapters"": 8.0}"
HarvardX,3,aligned,0,3313,MCCE,bounded+edit,MCCE_bounded+edit,1,OK,0.0,0.04303383827209473,0.3445656505279936,2.0,"{""nevents"": 67.0, ""ndays_act"": 20.0, ""nchapters"": 8.0}"
HarvardX,3,aligned,0,3336,NICE,native,NICE_native,1,OK,0.0,0.009317874908447266,0.4197755739953675,2.0,"{""nevents"": 67.0, ""ndays_act"": 20.0, ""nchapters"": 7.0}"
HarvardX,3,aligned,0,3336,NICE,bounded,NICE_bounded,1,OK,0.0,0.009317874908447266,0.4197755739953675,2.0,"{""nevents"": 67.0, ""ndays_act"": 20.0, ""nchapters"": 7.0}"
HarvardX,3,aligned,0,3336,NICE,bounded+edit,NICE_bounded+edit,1,OK,0.0,0.009317874908447266,0.4197755739953675,2.0,"{""nevents"": 67.0, ""ndays_act"": 20.0, ""nchapters"": 7.0}"
HarvardX,3,aligned,0,3336,MCCE,native,MCCE_native,1,OK,0.0,0.04004168510437012,0.6197755739953675,3.0,"{""nevents"": 67.0, ""ndays_act"": 20.0, ""nchapters"": 8.0}"
HarvardX,3,aligned,0,3336,MCCE,bounded,MCCE_bounded,1,OK,0.0,0.04004168510437012,0.6197755739953675,3.0,"{""nevents"": 67.0, ""ndays_act"": 20.0, ""nchapters"": 8.0}"
HarvardX,3,aligned,0,3336,MCCE,bounded+edit,MCCE_bounded+edit,1,OK,0.0,0.04004168510437012,0.6197755739953675,3.0,"{""nevents"": 67.0, ""ndays_act"": 20.0, ""nchapters"": 8.0}"
HarvardX,3,aligned,0,3380,NICE,native,NICE_native,0,out_of_bounds:nevents,0.0,0.003856658935546875,0.08978328173374613,1.0,"{""nevents"": 25.0, ""ndays_act"": 11.0, ""nchapters"": 12.0}"
HarvardX,3,aligned,0,3380,NICE,bounded,NICE_bounded,0,classifier_target_not_met,0.0,0.003856658935546875,0.0,0.0,"{""nevents"": 83.0, ""ndays_act"": 11.0, ""nchapters"": 12.0}"
HarvardX,3,aligned,0,3380,NICE,bounded+edit,NICE_bounded+edit,0,classifier_target_not_met,0.0,0.003856658935546875,0.0,0.0,"{""nevents"": 83.0, ""ndays_act"": 11.0, ""nchapters"": 12.0}"
HarvardX,3,aligned,0,3380,MCCE,native,MCCE_native,0,out_of_bounds:nevents,0.0,0.02586674690246582,0.08513931888544891,1.0,"{""nevents"": 28.0, ""ndays_act"": 11.0, ""nchapters"": 12.0}"
HarvardX,3,aligned,0,3380,MCCE,bounded,MCCE_bounded,1,OK,0.0,0.02586674690246582,0.28,1.0,"{""nevents"": 83.0, ""ndays_act"": 25.0, ""nchapters"": 12.0}"
HarvardX,3,aligned,0,3380,MCCE,bounded+edit,MCCE_bounded+edit,1,OK,0.0,0.02586674690246582,0.28,1.0,"{""nevents"": 83.0, ""ndays_act"": 25.0, ""nchapters"": 12.0}"
HarvardX,3,aligned,0,3415,NICE,native,NICE_native,1,OK,0.0,0.006688356399536133,0.09053497942386832,1.0,"{""nevents"": 66.0, ""ndays_act"": 21.0, ""nchapters"": 12.0}"
HarvardX,3,aligned,0,3415,NICE,bounded,NICE_bounded,1,OK,0.0,0.006688356399536133,0.09053497942386832,1.0,"{""nevents"": 66.0, ""ndays_act"": 21.0, ""nchapters"": 12.0}"
HarvardX,3,aligned,0,3415,NICE,bounded+edit,NICE_bounded+edit,1,OK,0.0,0.006688356399536133,0.09053497942386832,1.0,"{""nevents"": 66.0, ""ndays_act"": 21.0, ""nchapters"": 12.0}"
HarvardX,3,aligned,0,3415,MCCE,native,MCCE_native,1,OK,0.0,0.02706599235534668,0.17969821673525377,1.0,"{""nevents"": 131.0, ""ndays_act"": 21.0, ""nchapters"": 12.0}"
HarvardX,3,aligned,0,3415,MCCE,bounded,MCCE_bounded,1,OK,0.0,0.02706599235534668,0.17969821673525377,1.0,"{""nevents"": 131.0, ""ndays_act"": 21.0, ""nchapters"": 12.0}"
HarvardX,3,aligned,0,3415,MCCE,bounded+edit,MCCE_bounded+edit,1,OK,0.0,0.02706599235534668,0.17969821673525377,1.0,"{""nevents"": 131.0, ""ndays_act"": 21.0, ""nchapters"": 12.0}"
HarvardX,3,aligned,0,3427,NICE,native,NICE_native,1,OK,0.0,0.0049364566802978516,0.39699146729906304,2.0,"{""nevents"": 67.0, ""ndays_act"": 20.0, ""nchapters"": 7.0}"
HarvardX,3,aligned,0,3427,NICE,bounded,NICE_bounded,1,OK,0.0,0.0049364566802978516,0.39699146729906304,2.0,"{""nevents"": 67.0, ""ndays_act"": 20.0, ""nchapters"": 7.0}"
HarvardX,3,aligned,0,3427,NICE,bounded+edit,NICE_bounded+edit,1,OK,0.0,0.0049364566802978516,0.39699146729906304,2.0,"{""nevents"": 67.0, ""ndays_act"": 20.0, ""nchapters"": 7.0}"
HarvardX,3,aligned,0,3427,MCCE,native,MCCE_native,1,OK,0.0,0.045375823974609375,0.596991467299063,3.0,"{""nevents"": 67.0, ""ndays_act"": 20.0, ""nchapters"": 8.0}"
HarvardX,3,aligned,0,3427,MCCE,bounded,MCCE_bounded,1,OK,0.0,0.045375823974609375,0.596991467299063,3.0,"{""nevents"": 67.0, ""ndays_act"": 20.0, ""nchapters"": 8.0}"
HarvardX,3,aligned,0,3427,MCCE,bounded+edit,MCCE_bounded+edit,1,OK,0.0,0.045375823974609375,0.596991467299063,3.0,"{""nevents"": 67.0, ""ndays_act"": 20.0, ""nchapters"": 8.0}"
HarvardX,3,aligned,0,3430,NICE,native,NICE_native,1,OK,0.0,0.004798173904418945,0.4197755739953675,2.0,"{""nevents"": 67.0, ""ndays_act"": 20.0, ""nchapters"": 7.0}"
HarvardX,3,aligned,0,3430,NICE,bounded,NICE_bounded,1,OK,0.0,0.004798173904418945,0.4197755739953675,2.0,"{""nevents"": 67.0, ""ndays_act"": 20.0, ""nchapters"": 7.0}"
HarvardX,3,aligned,0,3430,NICE,bounded+edit,NICE_bounded+edit,1,OK,0.0,0.004798173904418945,0.4197755739953675,2.0,"{""nevents"": 67.0, ""ndays_act"": 20.0, ""nchapters"": 7.0}"
HarvardX,3,aligned,0,3430,MCCE,native,MCCE_native,1,OK,0.0,0.050405025482177734,0.6197755739953675,3.0,"{""nevents"": 67.0, ""ndays_act"": 20.0, ""nchapters"": 8.0}"
HarvardX,3,aligned,0,3430,MCCE,bounded,MCCE_bounded,1,OK,0.0,0.050405025482177734,0.6197755739953675,3.0,"{""nevents"": 67.0, ""ndays_act"": 20.0, ""nchapters"": 8.0}"
HarvardX,3,aligned,0,3430,MCCE,bounded+edit,MCCE_bounded+edit,1,OK,0.0,0.050405025482177734,0.6197755739953675,3.0,"{""nevents"": 67.0, ""ndays_act"": 20.0, ""nchapters"": 8.0}"
HarvardX,3,aligned,0,3450,NICE,native,NICE_native,0,out_of_bounds:nevents,0.0,0.00697016716003418,0.799245024021963,2.0,"{""nevents"": 415.0, ""ndays_act"": 34.0, ""nchapters"": 10.0}"
HarvardX,3,aligned,0,3450,NICE,bounded,NICE_bounded,0,classifier_target_not_met,0.0,0.00697016716003418,0.12903225806451613,1.0,"{""nevents"": 541.0, ""ndays_act"": 34.0, ""nchapters"": 10.0}"
HarvardX,3,aligned,0,3450,NICE,bounded+edit,NICE_bounded+edit,0,classifier_target_not_met,0.0,0.00697016716003418,0.12903225806451613,1.0,"{""nevents"": 541.0, ""ndays_act"": 34.0, ""nchapters"": 10.0}"
HarvardX,3,aligned,0,3450,MCCE,native,MCCE_native,0,out_of_bounds:nevents,0.0,0.046210289001464844,0.839910775566232,2.0,"{""nevents"": 468.0, ""ndays_act"": 44.0, ""nchapters"": 10.0}"
HarvardX,3,aligned,0,3450,MCCE,bounded,MCCE_bounded,1,OK,0.0,0.046210289001464844,1.2131091283459163,3.0,"{""nevents"": 575.0, ""ndays_act"": 31.0, ""nchapters"": 12.0}"
HarvardX,3,aligned,0,3450,MCCE,bounded+edit,MCCE_bounded+edit,1,OK,0.0,0.046210289001464844,1.2131091283459163,3.0,"{""nevents"": 575.0, ""ndays_act"": 31.0, ""nchapters"": 12.0}"
HarvardX,3,aligned,0,3465,NICE,native,NICE_native,1,OK,0.0,0.004943370819091797,0.32921208047246364,2.0,"{""nevents"": 52.0, ""ndays_act"": 19.0, ""nchapters"": 8.0}"
HarvardX,3,aligned,0,3465,NICE,bounded,NICE_bounded,1,OK,0.0,0.004943370819091797,0.32921208047246364,2.0,"{""nevents"": 52.0, ""ndays_act"": 19.0, ""nchapters"": 8.0}"
HarvardX,3,aligned,0,3465,NICE,bounded+edit,NICE_bounded+edit,1,OK,0.0,0.004943370819091797,0.32921208047246364,2.0,"{""nevents"": 52.0, ""ndays_act"": 19.0, ""nchapters"": 8.0}"
HarvardX,3,aligned,0,3465,MCCE,native,MCCE_native,1,OK,0.0,0.04270482063293457,0.36740769193834927,2.0,"{""nevents"": 67.0, ""ndays_act"": 20.0, ""nchapters"": 8.0}"
HarvardX,3,aligned,0,3465,MCCE,bounded,MCCE_bounded,1,OK,0.0,0.04270482063293457,0.36740769193834927,2.0,"{""nevents"": 67.0, ""ndays_act"": 20.0, ""nchapters"": 8.0}"
HarvardX,3,aligned,0,3465,MCCE,bounded+edit,MCCE_bounded+edit,1,OK,0.0,0.04270482063293457,0.36740769193834927,2.0,"{""nevents"": 67.0, ""ndays_act"": 20.0, ""nchapters"": 8.0}"
HarvardX,3,aligned,0,3492,NICE,native,NICE_native,0,out_of_bounds:nevents,0.0,0.0057032108306884766,0.28354790789799456,2.0,"{""nevents"": 9.0, ""ndays_act"": 7.0, ""nchapters"": 12.0}"
HarvardX,3,aligned,0,3492,NICE,bounded,NICE_bounded,0,classifier_target_not_met,0.0,0.0057032108306884766,0.03571428571428571,1.0,"{""nevents"": 152.0, ""ndays_act"": 7.0, ""nchapters"": 12.0}"
HarvardX,3,aligned,0,3492,NICE,bounded+edit,NICE_bounded+edit,0,classifier_target_not_met,0.0,0.0057032108306884766,0.03571428571428571,1.0,"{""nevents"": 152.0, ""ndays_act"": 7.0, ""nchapters"": 12.0}"
HarvardX,3,aligned,0,3492,MCCE,native,MCCE_native,1,OK,0.0,0.03061223030090332,0.35714285714285715,1.0,"{""nevents"": 152.0, ""ndays_act"": 25.0, ""nchapters"": 12.0}"
HarvardX,3,aligned,0,3492,MCCE,bounded,MCCE_bounded,1,OK,0.0,0.03061223030090332,0.35714285714285715,1.0,"{""nevents"": 152.0, ""ndays_act"": 25.0, ""nchapters"": 12.0}"
HarvardX,3,aligned,0,3492,MCCE,bounded+edit,MCCE_bounded+edit,1,OK,0.0,0.03061223030090332,0.35714285714285715,1.0,"{""nevents"": 152.0, ""ndays_act"": 25.0, ""nchapters"": 12.0}"
HarvardX,3,aligned,0,3509,NICE,native,NICE_native,0,out_of_bounds:nevents,0.0,0.008552074432373047,0.4188554878657745,2.0,"{""nevents"": 9.0, ""ndays_act"": 7.0, ""nchapters"": 12.0}"
HarvardX,3,aligned,0,3509,NICE,bounded,NICE_bounded,0,classifier_target_not_met,0.0,0.008552074432373047,0.05263157894736842,1.0,"{""nevents"": 202.0, ""ndays_act"": 7.0, ""nchapters"": 12.0}"
HarvardX,3,aligned,0,3509,NICE,bounded+edit,NICE_bounded+edit,0,classifier_target_not_met,0.0,0.008552074432373047,0.05263157894736842,1.0,"{""nevents"": 202.0, ""ndays_act"": 7.0, ""nchapters"": 12.0}"
HarvardX,3,aligned,0,3509,MCCE,native,MCCE_native,0,out_of_bounds:nevents,0.0,0.027456045150756836,0.4207530210726056,2.0,"{""nevents"": 8.0, ""ndays_act"": 7.0, ""nchapters"": 12.0}"
HarvardX,3,aligned,0,3509,MCCE,bounded,MCCE_bounded,1,OK,0.0,0.027456045150756836,0.396417989946403,2.0,"{""nevents"": 226.0, ""ndays_act"": 24.0, ""nchapters"": 12.0}"
HarvardX,3,aligned,0,3509,MCCE,bounded+edit,MCCE_bounded+edit,1,OK,0.0,0.027456045150756836,0.396417989946403,2.0,"{""nevents"": 226.0, ""ndays_act"": 24.0, ""nchapters"": 12.0}"
HarvardX,3,aligned,0,3549,NICE,native,NICE_native,1,OK,0.0,0.004743099212646484,0.10689655172413794,2.0,"{""nevents"": 9.0, ""ndays_act"": 7.0, ""nchapters"": 12.0}"
HarvardX,3,aligned,0,3549,NICE,bounded,NICE_bounded,1,OK,0.0,0.004743099212646484,0.10689655172413794,2.0,"{""nevents"": 9.0, ""ndays_act"": 7.0, ""nchapters"": 12.0}"
HarvardX,3,aligned,0,3549,NICE,bounded+edit,NICE_bounded+edit,1,OK,0.0,0.004743099212646484,0.10689655172413794,2.0,"{""nevents"": 9.0, ""ndays_act"": 7.0, ""nchapters"": 12.0}"
HarvardX,3,aligned,0,3549,MCCE,native,MCCE_native,1,OK,0.0,0.02555990219116211,0.10551724137931034,2.0,"{""nevents"": 8.0, ""ndays_act"": 7.0, ""nchapters"": 12.0}"
HarvardX,3,aligned,0,3549,MCCE,bounded,MCCE_bounded,1,OK,0.0,0.02555990219116211,0.10551724137931034,2.0,"{""nevents"": 8.0, ""ndays_act"": 7.0, ""nchapters"": 12.0}"
HarvardX,3,aligned,0,3549,MCCE,bounded+edit,MCCE_bounded+edit,1,OK,0.0,0.02555990219116211,0.10551724137931034,2.0,"{""nevents"": 8.0, ""ndays_act"": 7.0, ""nchapters"": 12.0}"
HarvardX,3,aligned,0,3599,NICE,native,NICE_native,0,out_of_bounds:nevents,0.0,0.0035064220428466797,0.14467408585055644,1.0,"{""nevents"": 9.0, ""ndays_act"": 8.0, ""nchapters"": 12.0}"
HarvardX,3,aligned,0,3599,NICE,bounded,NICE_bounded,0,classifier_target_not_met,0.0,0.0035064220428466797,0.0,0.0,"{""nevents"": 100.0, ""ndays_act"": 8.0, ""nchapters"": 12.0}"
HarvardX,3,aligned,0,3599,NICE,bounded+edit,NICE_bounded+edit,0,classifier_target_not_met,0.0,0.0035064220428466797,0.0,0.0,"{""nevents"": 100.0, ""ndays_act"": 8.0, ""nchapters"": 12.0}"
HarvardX,3,aligned,0,3599,MCCE,native,MCCE_native,0,out_of_bounds:nevents;out_of_bounds:ndays_act,0.0,0.026201486587524414,0.1651318354980952,2.0,"{""nevents"": 8.0, ""ndays_act"": 7.0, ""nchapters"": 12.0}"
HarvardX,3,aligned,0,3599,MCCE,bounded,MCCE_bounded,1,OK,0.0,0.026201486587524414,0.22185559588445272,2.0,"{""nevents"": 109.0, ""ndays_act"": 19.0, ""nchapters"": 12.0}"
HarvardX,3,aligned,0,3599,MCCE,bounded+edit,MCCE_bounded+edit,1,OK,0.0,0.026201486587524414,0.22185559588445272,2.0,"{""nevents"": 109.0, ""ndays_act"": 19.0, ""nchapters"": 12.0}"
HarvardX,3,aligned,0,3642,NICE,native,NICE_native,0,out_of_bounds:nevents,0.0,0.003453969955444336,0.3590733590733591,1.0,"{""nevents"": 25.0, ""ndays_act"": 11.0, ""nchapters"": 12.0}"
HarvardX,3,aligned,0,3642,NICE,bounded,NICE_bounded,0,classifier_target_not_met,0.0,0.003453969955444336,0.0,0.0,"{""nevents"": 211.0, ""ndays_act"": 11.0, ""nchapters"": 12.0}"
HarvardX,3,aligned,0,3642,NICE,bounded+edit,NICE_bounded+edit,0,classifier_target_not_met,0.0,0.003453969955444336,0.0,0.0,"{""nevents"": 211.0, ""ndays_act"": 11.0, ""nchapters"": 12.0}"
HarvardX,3,aligned,0,3642,MCCE,native,MCCE_native,0,out_of_bounds:nevents,0.0,0.027138710021972656,0.3532818532818533,1.0,"{""nevents"": 28.0, ""ndays_act"": 11.0, ""nchapters"": 12.0}"
HarvardX,3,aligned,0,3642,MCCE,bounded,MCCE_bounded,1,OK,0.0,0.027138710021972656,0.28895752895752896,2.0,"{""nevents"": 226.0, ""ndays_act"": 24.0, ""nchapters"": 12.0}"
HarvardX,3,aligned,0,3642,MCCE,bounded+edit,MCCE_bounded+edit,1,OK,0.0,0.027138710021972656,0.28895752895752896,2.0,"{""nevents"": 226.0, ""ndays_act"": 24.0, ""nchapters"": 12.0}"
HarvardX,3,aligned,0,3673,NICE,native,NICE_native,0,out_of_bounds:nevents,0.0,0.004555702209472656,0.10308573583838194,2.0,"{""nevents"": 9.0, ""ndays_act"": 8.0, ""nchapters"": 10.0}"
HarvardX,3,aligned,0,3673,NICE,bounded,NICE_bounded,0,classifier_target_not_met,0.0,0.004555702209472656,0.1016949152542373,1.0,"{""nevents"": 10.0, ""ndays_act"": 8.0, ""nchapters"": 10.0}"
HarvardX,3,aligned,0,3673,NICE,bounded+edit,NICE_bounded+edit,0,classifier_target_not_met,0.0,0.004555702209472656,0.1016949152542373,1.0,"{""nevents"": 10.0, ""ndays_act"": 8.0, ""nchapters"": 10.0}"
HarvardX,3,aligned,0,3673,MCCE,native,MCCE_native,1,OK,0.0,0.10422086715698242,0.35654510737606376,2.0,"{""nevents"": 47.0, ""ndays_act"": 20.0, ""nchapters"": 10.0}"
HarvardX,3,aligned,0,3673,MCCE,bounded,MCCE_bounded,1,OK,0.0,0.10422086715698242,0.35654510737606376,2.0,"{""nevents"": 47.0, ""ndays_act"": 20.0, ""nchapters"": 10.0}"
HarvardX,3,aligned,0,3673,MCCE,bounded+edit,MCCE_bounded+edit,1,OK,0.0,0.10422086715698242,0.35654510737606376,2.0,"{""nevents"": 47.0, ""ndays_act"": 20.0, ""nchapters"": 10.0}"
HarvardX,3,aligned,0,3681,NICE,native,NICE_native,1,OK,0.0,0.003990888595581055,0.19298245614035087,1.0,"{""nevents"": 45.0, ""ndays_act"": 15.0, ""nchapters"": 11.0}"
HarvardX,3,aligned,0,3681,NICE,bounded,NICE_bounded,1,OK,0.0,0.003990888595581055,0.19298245614035087,1.0,"{""nevents"": 45.0, ""ndays_act"": 15.0, ""nchapters"": 11.0}"
HarvardX,3,aligned,0,3681,NICE,bounded+edit,NICE_bounded+edit,1,OK,0.0,0.003990888595581055,0.19298245614035087,1.0,"{""nevents"": 45.0, ""ndays_act"": 15.0, ""nchapters"": 11.0}"
HarvardX,3,aligned,0,3681,MCCE,native,MCCE_native,1,OK,0.0,0.04328560829162598,0.2880116959064327,2.0,"{""nevents"": 74.0, ""ndays_act"": 18.0, ""nchapters"": 11.0}"
HarvardX,3,aligned,0,3681,MCCE,bounded,MCCE_bounded,1,OK,0.0,0.04328560829162598,0.2880116959064327,2.0,"{""nevents"": 74.0, ""ndays_act"": 18.0, ""nchapters"": 11.0}"
HarvardX,3,aligned,0,3681,MCCE,bounded+edit,MCCE_bounded+edit,1,OK,0.0,0.04328560829162598,0.2880116959064327,2.0,"{""nevents"": 74.0, ""ndays_act"": 18.0, ""nchapters"": 11.0}"
HarvardX,3,aligned,0,3728,NICE,native,NICE_native,1,OK,0.0,0.004885673522949219,0.3649171270718232,2.0,"{""nevents"": 52.0, ""ndays_act"": 19.0, ""nchapters"": 8.0}"
HarvardX,3,aligned,0,3728,NICE,bounded,NICE_bounded,1,OK,0.0,0.004885673522949219,0.3649171270718232,2.0,"{""nevents"": 52.0, ""ndays_act"": 19.0, ""nchapters"": 8.0}"
HarvardX,3,aligned,0,3728,NICE,bounded+edit,NICE_bounded+edit,1,OK,0.0,0.004885673522949219,0.3649171270718232,2.0,"{""nevents"": 52.0, ""ndays_act"": 19.0, ""nchapters"": 8.0}"
HarvardX,3,aligned,0,3728,MCCE,native,MCCE_native,1,OK,0.0,0.04367780685424805,0.40230202578268875,2.0,"{""nevents"": 67.0, ""ndays_act"": 20.0, ""nchapters"": 8.0}"
HarvardX,3,aligned,0,3728,MCCE,bounded,MCCE_bounded,1,OK,0.0,0.04367780685424805,0.40230202578268875,2.0,"{""nevents"": 67.0, ""ndays_act"": 20.0, ""nchapters"": 8.0}"
HarvardX,3,aligned,0,3728,MCCE,bounded+edit,MCCE_bounded+edit,1,OK,0.0,0.04367780685424805,0.40230202578268875,2.0,"{""nevents"": 67.0, ""ndays_act"": 20.0, ""nchapters"": 8.0}"
HarvardX,3,aligned,0,3739,NICE,native,NICE_native,1,OK,0.0,0.005771636962890625,0.2932786146839497,2.0,"{""nevents"": 52.0, ""ndays_act"": 19.0, ""nchapters"": 8.0}"
HarvardX,3,aligned,0,3739,NICE,bounded,NICE_bounded,1,OK,0.0,0.005771636962890625,0.2932786146839497,2.0,"{""nevents"": 52.0, ""ndays_act"": 19.0, ""nchapters"": 8.0}"
HarvardX,3,aligned,0,3739,NICE,bounded+edit,NICE_bounded+edit,1,OK,0.0,0.005771636962890625,0.2932786146839497,2.0,"{""nevents"": 52.0, ""ndays_act"": 19.0, ""nchapters"": 8.0}"
HarvardX,3,aligned,0,3739,MCCE,native,MCCE_native,1,OK,0.0,0.04579353332519531,0.3322906761423352,2.0,"{""nevents"": 67.0, ""ndays_act"": 20.0, ""nchapters"": 8.0}"
HarvardX,3,aligned,0,3739,MCCE,bounded,MCCE_bounded,1,OK,0.0,0.04579353332519531,0.3322906761423352,2.0,"{""nevents"": 67.0, ""ndays_act"": 20.0, ""nchapters"": 8.0}"
HarvardX,3,aligned,0,3739,MCCE,bounded+edit,MCCE_bounded+edit,1,OK,0.0,0.04579353332519531,0.3322906761423352,2.0,"{""nevents"": 67.0, ""ndays_act"": 20.0, ""nchapters"": 8.0}"
HarvardX,3,aligned,0,3790,NICE,native,NICE_native,1,OK,0.0,0.004571437835693359,0.3828059996851739,2.0,"{""nevents"": 52.0, ""ndays_act"": 19.0, ""nchapters"": 8.0}"
HarvardX,3,aligned,0,3790,NICE,bounded,NICE_bounded,1,OK,0.0,0.004571437835693359,0.3828059996851739,2.0,"{""nevents"": 52.0, ""ndays_act"": 19.0, ""nchapters"": 8.0}"
HarvardX,3,aligned,0,3790,NICE,bounded+edit,NICE_bounded+edit,1,OK,0.0,0.004571437835693359,0.3828059996851739,2.0,"{""nevents"": 52.0, ""ndays_act"": 19.0, ""nchapters"": 8.0}"
HarvardX,3,aligned,0,3790,MCCE,native,MCCE_native,1,OK,0.0,0.04085421562194824,0.4197755739953675,2.0,"{""nevents"": 67.0, ""ndays_act"": 20.0, ""nchapters"": 8.0}"
HarvardX,3,aligned,0,3790,MCCE,bounded,MCCE_bounded,1,OK,0.0,0.04085421562194824,0.4197755739953675,2.0,"{""nevents"": 67.0, ""ndays_act"": 20.0, ""nchapters"": 8.0}"
HarvardX,3,aligned,0,3790,MCCE,bounded+edit,MCCE_bounded+edit,1,OK,0.0,0.04085421562194824,0.4197755739953675,2.0,"{""nevents"": 67.0, ""ndays_act"": 20.0, ""nchapters"": 8.0}"
HarvardX,3,aligned,0,3797,NICE,native,NICE_native,1,OK,0.0,0.00603032112121582,0.5201975527052927,3.0,"{""nevents"": 67.0, ""ndays_act"": 20.0, ""nchapters"": 7.0}"
HarvardX,3,aligned,0,3797,NICE,bounded,NICE_bounded,1,OK,0.0,0.00603032112121582,0.5201975527052927,3.0,"{""nevents"": 67.0, ""ndays_act"": 20.0, ""nchapters"": 7.0}"
HarvardX,3,aligned,0,3797,NICE,bounded+edit,NICE_bounded+edit,1,OK,0.0,0.00603032112121582,0.5201975527052927,3.0,"{""nevents"": 67.0, ""ndays_act"": 20.0, ""nchapters"": 7.0}"
HarvardX,3,aligned,0,3797,MCCE,native,MCCE_native,1,OK,0.0,0.04146838188171387,0.6868642193719593,3.0,"{""nevents"": 67.0, ""ndays_act"": 20.0, ""nchapters"": 8.0}"
HarvardX,3,aligned,0,3797,MCCE,bounded,MCCE_bounded,1,OK,0.0,0.04146838188171387,0.6868642193719593,3.0,"{""nevents"": 67.0, ""ndays_act"": 20.0, ""nchapters"": 8.0}"
HarvardX,3,aligned,0,3797,MCCE,bounded+edit,MCCE_bounded+edit,1,OK,0.0,0.04146838188171387,0.6868642193719593,3.0,"{""nevents"": 67.0, ""ndays_act"": 20.0, ""nchapters"": 8.0}"
HarvardX,3,aligned,0,3807,NICE,native,NICE_native,1,OK,0.0,0.005339384078979492,0.3344884845859505,2.0,"{""nevents"": 52.0, ""ndays_act"": 19.0, ""nchapters"": 8.0}"
HarvardX,3,aligned,0,3807,NICE,bounded,NICE_bounded,1,OK,0.0,0.005339384078979492,0.3344884845859505,2.0,"{""nevents"": 52.0, ""ndays_act"": 19.0, ""nchapters"": 8.0}"
HarvardX,3,aligned,0,3807,NICE,bounded+edit,NICE_bounded+edit,1,OK,0.0,0.005339384078979492,0.3344884845859505,2.0,"{""nevents"": 52.0, ""ndays_act"": 19.0, ""nchapters"": 8.0}"
HarvardX,3,aligned,0,3807,MCCE,native,MCCE_native,1,OK,0.0,0.0764927864074707,0.37260847592231605,2.0,"{""nevents"": 67.0, ""ndays_act"": 20.0, ""nchapters"": 8.0}"
HarvardX,3,aligned,0,3807,MCCE,bounded,MCCE_bounded,1,OK,0.0,0.0764927864074707,0.37260847592231605,2.0,"{""nevents"": 67.0, ""ndays_act"": 20.0, ""nchapters"": 8.0}"
HarvardX,3,aligned,0,3807,MCCE,bounded+edit,MCCE_bounded+edit,1,OK,0.0,0.0764927864074707,0.37260847592231605,2.0,"{""nevents"": 67.0, ""ndays_act"": 20.0, ""nchapters"": 8.0}"
HarvardX,3,aligned,0,3863,NICE,native,NICE_native,1,OK,0.0,0.00780940055847168,0.33911264026625293,2.0,"{""nevents"": 56.0, ""ndays_act"": 16.0, ""nchapters"": 9.0}"
HarvardX,3,aligned,0,3863,NICE,bounded,NICE_bounded,1,OK,0.0,0.00780940055847168,0.33911264026625293,2.0,"{""nevents"": 56.0, ""ndays_act"": 16.0, ""nchapters"": 9.0}"
HarvardX,3,aligned,0,3863,NICE,bounded+edit,NICE_bounded+edit,1,OK,0.0,0.00780940055847168,0.33911264026625293,2.0,"{""nevents"": 56.0, ""ndays_act"": 16.0, ""nchapters"": 9.0}"
HarvardX,3,aligned,0,3863,MCCE,native,MCCE_native,1,OK,0.0,0.038758039474487305,0.4347972745058355,2.0,"{""nevents"": 66.0, ""ndays_act"": 21.0, ""nchapters"": 9.0}"
HarvardX,3,aligned,0,3863,MCCE,bounded,MCCE_bounded,1,OK,0.0,0.038758039474487305,0.4347972745058355,2.0,"{""nevents"": 66.0, ""ndays_act"": 21.0, ""nchapters"": 9.0}"
HarvardX,3,aligned,0,3863,MCCE,bounded+edit,MCCE_bounded+edit,1,OK,0.0,0.038758039474487305,0.4347972745058355,2.0,"{""nevents"": 66.0, ""ndays_act"": 21.0, ""nchapters"": 9.0}"
HarvardX,3,aligned,0,3925,NICE,native,NICE_native,0,out_of_bounds:nevents,0.0,0.004644870758056641,0.4271837751289806,2.0,"{""nevents"": 9.0, ""ndays_act"": 7.0, ""nchapters"": 12.0}"
HarvardX,3,aligned,0,3925,NICE,bounded,NICE_bounded,0,classifier_target_not_met,0.0,0.004644870758056641,0.01818181818181818,1.0,"{""nevents"": 218.0, ""ndays_act"": 7.0, ""nchapters"": 12.0}"
HarvardX,3,aligned,0,3925,NICE,bounded+edit,NICE_bounded+edit,0,classifier_target_not_met,0.0,0.004644870758056641,0.01818181818181818,1.0,"{""nevents"": 218.0, ""ndays_act"": 7.0, ""nchapters"": 12.0}"
HarvardX,3,aligned,0,3925,MCCE,native,MCCE_native,1,OK,0.0,0.025092601776123047,0.5454545454545454,1.0,"{""nevents"": 218.0, ""ndays_act"": 36.0, ""nchapters"": 12.0}"
HarvardX,3,aligned,0,3925,MCCE,bounded,MCCE_bounded,1,OK,0.0,0.025092601776123047,0.5454545454545454,1.0,"{""nevents"": 218.0, ""ndays_act"": 36.0, ""nchapters"": 12.0}"
HarvardX,3,aligned,0,3925,MCCE,bounded+edit,MCCE_bounded+edit,1,OK,0.0,0.025092601776123047,0.5454545454545454,1.0,"{""nevents"": 218.0, ""ndays_act"": 36.0, ""nchapters"": 12.0}"
HarvardX,3,aligned,0,3941,NICE,native,NICE_native,1,OK,0.0,0.004601955413818359,0.4073260073260073,2.0,"{""nevents"": 67.0, ""ndays_act"": 20.0, ""nchapters"": 7.0}"
HarvardX,3,aligned,0,3941,NICE,bounded,NICE_bounded,1,OK,0.0,0.004601955413818359,0.4073260073260073,2.0,"{""nevents"": 67.0, ""ndays_act"": 20.0, ""nchapters"": 7.0}"
HarvardX,3,aligned,0,3941,NICE,bounded+edit,NICE_bounded+edit,1,OK,0.0,0.004601955413818359,0.4073260073260073,2.0,"{""nevents"": 67.0, ""ndays_act"": 20.0, ""nchapters"": 7.0}"
HarvardX,3,aligned,0,3941,MCCE,native,MCCE_native,1,OK,0.0,0.04013180732727051,0.6073260073260074,3.0,"{""nevents"": 67.0, ""ndays_act"": 20.0, ""nchapters"": 8.0}"
HarvardX,3,aligned,0,3941,MCCE,bounded,MCCE_bounded,1,OK,0.0,0.04013180732727051,0.6073260073260074,3.0,"{""nevents"": 67.0, ""ndays_act"": 20.0, ""nchapters"": 8.0}"
HarvardX,3,aligned,0,3941,MCCE,bounded+edit,MCCE_bounded+edit,1,OK,0.0,0.04013180732727051,0.6073260073260074,3.0,"{""nevents"": 67.0, ""ndays_act"": 20.0, ""nchapters"": 8.0}"
HarvardX,3,aligned,0,3947,NICE,native,NICE_native,0,out_of_bounds:nevents,0.0,0.0059163570404052734,0.29574592074592077,3.0,"{""nevents"": 67.0, ""ndays_act"": 20.0, ""nchapters"": 7.0}"
HarvardX,3,aligned,0,3947,NICE,bounded,NICE_bounded,0,classifier_target_not_met,0.0,0.0059163570404052734,0.23484848484848483,2.0,"{""nevents"": 105.0, ""ndays_act"": 20.0, ""nchapters"": 7.0}"
HarvardX,3,aligned,0,3947,NICE,bounded+edit,NICE_bounded+edit,0,classifier_target_not_met,0.0,0.0059163570404052734,0.23484848484848483,2.0,"{""nevents"": 105.0, ""ndays_act"": 20.0, ""nchapters"": 7.0}"
HarvardX,3,aligned,0,3947,MCCE,native,MCCE_native,1,OK,0.0,0.039089202880859375,1.3636363636363638,2.0,"{""nevents"": 105.0, ""ndays_act"": 33.0, ""nchapters"": 12.0}"
HarvardX,3,aligned,0,3947,MCCE,bounded,MCCE_bounded,1,OK,0.0,0.039089202880859375,1.3636363636363638,2.0,"{""nevents"": 105.0, ""ndays_act"": 33.0, ""nchapters"": 12.0}"
HarvardX,3,aligned,0,3947,MCCE,bounded+edit,MCCE_bounded+edit,1,OK,0.0,0.039089202880859375,1.3636363636363638,2.0,"{""nevents"": 105.0, ""ndays_act"": 33.0, ""nchapters"": 12.0}"
HarvardX,3,aligned,0,3958,NICE,native,NICE_native,1,OK,0.0,0.004669904708862305,0.3336345154732324,2.0,"{""nevents"": 67.0, ""ndays_act"": 20.0, ""nchapters"": 7.0}"
HarvardX,3,aligned,0,3958,NICE,bounded,NICE_bounded,1,OK,0.0,0.004669904708862305,0.3336345154732324,2.0,"{""nevents"": 67.0, ""ndays_act"": 20.0, ""nchapters"": 7.0}"
HarvardX,3,aligned,0,3958,NICE,bounded+edit,NICE_bounded+edit,1,OK,0.0,0.004669904708862305,0.3336345154732324,2.0,"{""nevents"": 67.0, ""ndays_act"": 20.0, ""nchapters"": 7.0}"
HarvardX,3,aligned,0,3958,MCCE,native,MCCE_native,1,OK,0.0,0.03992009162902832,0.5336345154732325,3.0,"{""nevents"": 67.0, ""ndays_act"": 20.0, ""nchapters"": 8.0}"
HarvardX,3,aligned,0,3958,MCCE,bounded,MCCE_bounded,1,OK,0.0,0.03992009162902832,0.5336345154732325,3.0,"{""nevents"": 67.0, ""ndays_act"": 20.0, ""nchapters"": 8.0}"
HarvardX,3,aligned,0,3958,MCCE,bounded+edit,MCCE_bounded+edit,1,OK,0.0,0.03992009162902832,0.5336345154732325,3.0,"{""nevents"": 67.0, ""ndays_act"": 20.0, ""nchapters"": 8.0}"
HarvardX,3,aligned,0,4014,NICE,native,NICE_native,1,OK,0.0,0.004477500915527344,0.33911264026625293,2.0,"{""nevents"": 56.0, ""ndays_act"": 16.0, ""nchapters"": 9.0}"
HarvardX,3,aligned,0,4014,NICE,bounded,NICE_bounded,1,OK,0.0,0.004477500915527344,0.33911264026625293,2.0,"{""nevents"": 56.0, ""ndays_act"": 16.0, ""nchapters"": 9.0}"
HarvardX,3,aligned,0,4014,NICE,bounded+edit,NICE_bounded+edit,1,OK,0.0,0.004477500915527344,0.33911264026625293,2.0,"{""nevents"": 56.0, ""ndays_act"": 16.0, ""nchapters"": 9.0}"
HarvardX,3,aligned,0,4014,MCCE,native,MCCE_native,1,OK,0.0,0.03912210464477539,0.4347972745058355,2.0,"{""nevents"": 66.0, ""ndays_act"": 21.0, ""nchapters"": 9.0}"
HarvardX,3,aligned,0,4014,MCCE,bounded,MCCE_bounded,1,OK,0.0,0.03912210464477539,0.4347972745058355,2.0,"{""nevents"": 66.0, ""ndays_act"": 21.0, ""nchapters"": 9.0}"
HarvardX,3,aligned,0,4014,MCCE,bounded+edit,MCCE_bounded+edit,1,OK,0.0,0.03912210464477539,0.4347972745058355,2.0,"{""nevents"": 66.0, ""ndays_act"": 21.0, ""nchapters"": 9.0}"
HarvardX,3,aligned,0,4111,NICE,native,NICE_native,1,OK,0.0,0.0061244964599609375,0.5864422406620342,3.0,"{""nevents"": 67.0, ""ndays_act"": 20.0, ""nchapters"": 7.0}"
HarvardX,3,aligned,0,4111,NICE,bounded,NICE_bounded,1,OK,0.0,0.0061244964599609375,0.5864422406620342,3.0,"{""nevents"": 67.0, ""ndays_act"": 20.0, ""nchapters"": 7.0}"
HarvardX,3,aligned,0,4111,NICE,bounded+edit,NICE_bounded+edit,1,OK,0.0,0.0061244964599609375,0.5864422406620342,3.0,"{""nevents"": 67.0, ""ndays_act"": 20.0, ""nchapters"": 7.0}"
HarvardX,3,aligned,0,4111,MCCE,native,MCCE_native,1,OK,0.0,0.04042935371398926,0.7531089073287008,3.0,"{""nevents"": 67.0, ""ndays_act"": 20.0, ""nchapters"": 8.0}"
HarvardX,3,aligned,0,4111,MCCE,bounded,MCCE_bounded,1,OK,0.0,0.04042935371398926,0.7531089073287008,3.0,"{""nevents"": 67.0, ""ndays_act"": 20.0, ""nchapters"": 8.0}"
HarvardX,3,aligned,0,4111,MCCE,bounded+edit,MCCE_bounded+edit,1,OK,0.0,0.04042935371398926,0.7531089073287008,3.0,"{""nevents"": 67.0, ""ndays_act"": 20.0, ""nchapters"": 8.0}"
HarvardX,3,aligned,0,4147,NICE,native,NICE_native,0,out_of_bounds:nevents,0.0,0.009501218795776367,0.19646017699115045,1.0,"{""nevents"": 53.0, ""ndays_act"": 15.0, ""nchapters"": 10.0}"
HarvardX,3,aligned,0,4147,NICE,bounded,NICE_bounded,0,classifier_target_not_met,0.0,0.009501218795776367,0.0,0.0,"{""nevents"": 164.0, ""ndays_act"": 15.0, ""nchapters"": 10.0}"
HarvardX,3,aligned,0,4147,NICE,bounded+edit,NICE_bounded+edit,0,classifier_target_not_met,0.0,0.009501218795776367,0.0,0.0,"{""nevents"": 164.0, ""ndays_act"": 15.0, ""nchapters"": 10.0}"
HarvardX,3,aligned,0,4147,MCCE,native,MCCE_native,0,out_of_bounds:nevents,0.0,0.04377937316894531,0.31577529819161215,2.0,"{""nevents"": 47.0, ""ndays_act"": 20.0, ""nchapters"": 10.0}"
HarvardX,3,aligned,0,4147,MCCE,bounded,MCCE_bounded,1,OK,0.0,0.04377937316894531,0.667872258560985,2.0,"{""nevents"": 222.0, ""ndays_act"": 41.0, ""nchapters"": 10.0}"
HarvardX,3,aligned,0,4147,MCCE,bounded+edit,MCCE_bounded+edit,1,OK,0.0,0.04377937316894531,0.667872258560985,2.0,"{""nevents"": 222.0, ""ndays_act"": 41.0, ""nchapters"": 10.0}"
HarvardX,3,aligned,0,4156,NICE,native,NICE_native,0,out_of_bounds:nevents,0.0,0.0052738189697265625,0.265661562157519,2.0,"{""nevents"": 67.0, ""ndays_act"": 20.0, ""nchapters"": 7.0}"
HarvardX,3,aligned,0,4156,NICE,bounded,NICE_bounded,0,classifier_target_not_met,0.0,0.0052738189697265625,0.22641509433962265,1.0,"{""nevents"": 92.0, ""ndays_act"": 20.0, ""nchapters"": 7.0}"
HarvardX,3,aligned,0,4156,NICE,bounded+edit,NICE_bounded+edit,0,classifier_target_not_met,0.0,0.0052738189697265625,0.22641509433962265,1.0,"{""nevents"": 92.0, ""ndays_act"": 20.0, ""nchapters"": 7.0}"
HarvardX,3,aligned,0,4156,MCCE,native,MCCE_native,1,OK,0.0,0.04103875160217285,0.7962264150943397,2.0,"{""nevents"": 92.0, ""ndays_act"": 29.0, ""nchapters"": 9.0}"
HarvardX,3,aligned,0,4156,MCCE,bounded,MCCE_bounded,1,OK,0.0,0.04103875160217285,0.7962264150943397,2.0,"{""nevents"": 92.0, ""ndays_act"": 29.0, ""nchapters"": 9.0}"
HarvardX,3,aligned,0,4156,MCCE,bounded+edit,MCCE_bounded+edit,1,OK,0.0,0.04103875160217285,0.7962264150943397,2.0,"{""nevents"": 92.0, ""ndays_act"": 29.0, ""nchapters"": 9.0}"
HarvardX,3,aligned,0,4165,NICE,native,NICE_native,1,OK,0.0,0.007313251495361328,0.3223723977852463,2.0,"{""nevents"": 52.0, ""ndays_act"": 19.0, ""nchapters"": 8.0}"
HarvardX,3,aligned,0,4165,NICE,bounded,NICE_bounded,1,OK,0.0,0.007313251495361328,0.3223723977852463,2.0,"{""nevents"": 52.0, ""ndays_act"": 19.0, ""nchapters"": 8.0}"
HarvardX,3,aligned,0,4165,NICE,bounded+edit,NICE_bounded+edit,1,OK,0.0,0.007313251495361328,0.3223723977852463,2.0,"{""nevents"": 52.0, ""ndays_act"": 19.0, ""nchapters"": 8.0}"
HarvardX,3,aligned,0,4165,MCCE,native,MCCE_native,1,OK,0.0,0.045981407165527344,0.3607195531806862,2.0,"{""nevents"": 67.0, ""ndays_act"": 20.0, ""nchapters"": 8.0}"
HarvardX,3,aligned,0,4165,MCCE,bounded,MCCE_bounded,1,OK,0.0,0.045981407165527344,0.3607195531806862,2.0,"{""nevents"": 67.0, ""ndays_act"": 20.0, ""nchapters"": 8.0}"
HarvardX,3,aligned,0,4165,MCCE,bounded+edit,MCCE_bounded+edit,1,OK,0.0,0.045981407165527344,0.3607195531806862,2.0,"{""nevents"": 67.0, ""ndays_act"": 20.0, ""nchapters"": 8.0}"
HarvardX,3,aligned,0,4185,NICE,native,NICE_native,1,OK,0.0,0.004819393157958984,0.10689655172413794,2.0,"{""nevents"": 9.0, ""ndays_act"": 7.0, ""nchapters"": 12.0}"
HarvardX,3,aligned,0,4185,NICE,bounded,NICE_bounded,1,OK,0.0,0.004819393157958984,0.10689655172413794,2.0,"{""nevents"": 9.0, ""ndays_act"": 7.0, ""nchapters"": 12.0}"
HarvardX,3,aligned,0,4185,NICE,bounded+edit,NICE_bounded+edit,1,OK,0.0,0.004819393157958984,0.10689655172413794,2.0,"{""nevents"": 9.0, ""ndays_act"": 7.0, ""nchapters"": 12.0}"
HarvardX,3,aligned,0,4185,MCCE,native,MCCE_native,1,OK,0.0,0.03052234649658203,0.10551724137931034,2.0,"{""nevents"": 8.0, ""ndays_act"": 7.0, ""nchapters"": 12.0}"
HarvardX,3,aligned,0,4185,MCCE,bounded,MCCE_bounded,1,OK,0.0,0.03052234649658203,0.10551724137931034,2.0,"{""nevents"": 8.0, ""ndays_act"": 7.0, ""nchapters"": 12.0}"
HarvardX,3,aligned,0,4185,MCCE,bounded+edit,MCCE_bounded+edit,1,OK,0.0,0.03052234649658203,0.10551724137931034,2.0,"{""nevents"": 8.0, ""ndays_act"": 7.0, ""nchapters"": 12.0}"
HarvardX,3,aligned,0,4238,NICE,native,NICE_native,0,out_of_bounds:nevents,0.0,0.009938240051269531,0.2830188679245283,1.0,"{""nevents"": 49.0, ""ndays_act"": 13.0, ""nchapters"": 12.0}"
HarvardX,3,aligned,0,4238,NICE,bounded,NICE_bounded,0,classifier_target_not_met,0.0,0.009938240051269531,0.0,0.0,"{""nevents"": 199.0, ""ndays_act"": 13.0, ""nchapters"": 12.0}"
HarvardX,3,aligned,0,4238,NICE,bounded+edit,NICE_bounded+edit,0,classifier_target_not_met,0.0,0.009938240051269531,0.0,0.0,"{""nevents"": 199.0, ""ndays_act"": 13.0, ""nchapters"": 12.0}"
HarvardX,3,aligned,0,4238,MCCE,native,MCCE_native,0,out_of_bounds:nevents,0.0,0.033715248107910156,0.28121069182389935,2.0,"{""nevents"": 61.0, ""ndays_act"": 14.0, ""nchapters"": 12.0}"
HarvardX,3,aligned,0,4238,MCCE,bounded,MCCE_bounded,1,OK,0.0,0.033715248107910156,0.28011006289308177,2.0,"{""nevents"": 226.0, ""ndays_act"": 24.0, ""nchapters"": 12.0}"
HarvardX,3,aligned,0,4238,MCCE,bounded+edit,MCCE_bounded+edit,1,OK,0.0,0.033715248107910156,0.28011006289308177,2.0,"{""nevents"": 226.0, ""ndays_act"": 24.0, ""nchapters"": 12.0}"
HarvardX,3,aligned,0,4239,NICE,native,NICE_native,0,out_of_bounds:nevents,0.0,0.0038564205169677734,0.07395498392282958,1.0,"{""nevents"": 61.0, ""ndays_act"": 14.0, ""nchapters"": 12.0}"
HarvardX,3,aligned,0,4239,NICE,bounded,NICE_bounded,0,classifier_target_not_met,0.0,0.0038564205169677734,0.0,0.0,"{""nevents"": 107.0, ""ndays_act"": 14.0, ""nchapters"": 12.0}"
HarvardX,3,aligned,0,4239,NICE,bounded+edit,NICE_bounded+edit,0,classifier_target_not_met,0.0,0.0038564205169677734,0.0,0.0,"{""nevents"": 107.0, ""ndays_act"": 14.0, ""nchapters"": 12.0}"
HarvardX,3,aligned,0,4239,MCCE,native,MCCE_native,0,out_of_bounds:nevents,0.0,0.02821493148803711,0.07395498392282958,1.0,"{""nevents"": 61.0, ""ndays_act"": 14.0, ""nchapters"": 12.0}"
HarvardX,3,aligned,0,4239,MCCE,bounded,MCCE_bounded,1,OK,0.0,0.02821493148803711,0.10959841280700554,2.0,"{""nevents"": 109.0, ""ndays_act"": 19.0, ""nchapters"": 12.0}"
HarvardX,3,aligned,0,4239,MCCE,bounded+edit,MCCE_bounded+edit,1,OK,0.0,0.02821493148803711,0.10959841280700554,2.0,"{""nevents"": 109.0, ""ndays_act"": 19.0, ""nchapters"": 12.0}"
HarvardX,3,aligned,0,4280,NICE,native,NICE_native,0,out_of_bounds:nevents,0.0,0.0036592483520507812,0.10599078341013825,1.0,"{""nevents"": 9.0, ""ndays_act"": 7.0, ""nchapters"": 12.0}"
HarvardX,3,aligned,0,4280,NICE,bounded,NICE_bounded,0,classifier_target_not_met,0.0,0.0036592483520507812,0.0,0.0,"{""nevents"": 78.0, ""ndays_act"": 7.0, ""nchapters"": 12.0}"
HarvardX,3,aligned,0,4280,NICE,bounded+edit,NICE_bounded+edit,0,classifier_target_not_met,0.0,0.0036592483520507812,0.0,0.0,"{""nevents"": 78.0, ""ndays_act"": 7.0, ""nchapters"": 12.0}"
HarvardX,3,aligned,0,4280,MCCE,native,MCCE_native,0,out_of_bounds:nevents,0.0,0.028046607971191406,0.10752688172043011,1.0,"{""nevents"": 8.0, ""ndays_act"": 7.0, ""nchapters"": 12.0}"
HarvardX,3,aligned,0,4280,MCCE,bounded,MCCE_bounded,1,OK,0.0,0.028046607971191406,0.23911930363543266,2.0,"{""nevents"": 89.0, ""ndays_act"": 19.0, ""nchapters"": 12.0}"
HarvardX,3,aligned,0,4280,MCCE,bounded+edit,MCCE_bounded+edit,1,OK,0.0,0.028046607971191406,0.23911930363543266,2.0,"{""nevents"": 89.0, ""ndays_act"": 19.0, ""nchapters"": 12.0}"
HarvardX,3,aligned,0,4282,NICE,native,NICE_native,0,out_of_bounds:nevents,0.0,0.003630399703979492,0.45093457943925236,1.0,"{""nevents"": 108.0, ""ndays_act"": 21.0, ""nchapters"": 10.0}"
HarvardX,3,aligned,0,4282,NICE,bounded,NICE_bounded,0,classifier_target_not_met,0.0,0.003630399703979492,0.0,0.0,"{""nevents"": 301.0, ""ndays_act"": 21.0, ""nchapters"": 10.0}"
HarvardX,3,aligned,0,4282,NICE,bounded+edit,NICE_bounded+edit,0,classifier_target_not_met,0.0,0.003630399703979492,0.0,0.0,"{""nevents"": 301.0, ""ndays_act"": 21.0, ""nchapters"": 10.0}"
HarvardX,3,aligned,0,4282,MCCE,native,MCCE_native,0,out_of_bounds:nevents,0.0,0.04533696174621582,0.5313084112149533,2.0,"{""nevents"": 95.0, ""ndays_act"": 23.0, ""nchapters"": 10.0}"
HarvardX,3,aligned,0,4282,MCCE,bounded,MCCE_bounded,1,OK,0.0,0.04533696174621582,0.5507009345794392,2.0,"{""nevents"": 312.0, ""ndays_act"": 42.0, ""nchapters"": 10.0}"
HarvardX,3,aligned,0,4282,MCCE,bounded+edit,MCCE_bounded+edit,1,OK,0.0,0.04533696174621582,0.5507009345794392,2.0,"{""nevents"": 312.0, ""ndays_act"": 42.0, ""nchapters"": 10.0}"
HarvardX,3,aligned,0,4336,NICE,native,NICE_native,1,OK,0.0,0.005088329315185547,0.33911264026625293,2.0,"{""nevents"": 56.0, ""ndays_act"": 16.0, ""nchapters"": 9.0}"
HarvardX,3,aligned,0,4336,NICE,bounded,NICE_bounded,1,OK,0.0,0.005088329315185547,0.33911264026625293,2.0,"{""nevents"": 56.0, ""ndays_act"": 16.0, ""nchapters"": 9.0}"
HarvardX,3,aligned,0,4336,NICE,bounded+edit,NICE_bounded+edit,1,OK,0.0,0.005088329315185547,0.33911264026625293,2.0,"{""nevents"": 56.0, ""ndays_act"": 16.0, ""nchapters"": 9.0}"
HarvardX,3,aligned,0,4336,MCCE,native,MCCE_native,1,OK,0.0,0.05449318885803223,0.4347972745058355,2.0,"{""nevents"": 66.0, ""ndays_act"": 21.0, ""nchapters"": 9.0}"
HarvardX,3,aligned,0,4336,MCCE,bounded,MCCE_bounded,1,OK,0.0,0.05449318885803223,0.4347972745058355,2.0,"{""nevents"": 66.0, ""ndays_act"": 21.0, ""nchapters"": 9.0}"
HarvardX,3,aligned,0,4336,MCCE,bounded+edit,MCCE_bounded+edit,1,OK,0.0,0.05449318885803223,0.4347972745058355,2.0,"{""nevents"": 66.0, ""ndays_act"": 21.0, ""nchapters"": 9.0}"
HarvardX,3,aligned,0,4345,NICE,native,NICE_native,1,OK,0.0,0.006121158599853516,0.5727418615314076,3.0,"{""nevents"": 67.0, ""ndays_act"": 20.0, ""nchapters"": 7.0}"
HarvardX,3,aligned,0,4345,NICE,bounded,NICE_bounded,1,OK,0.0,0.006121158599853516,0.5727418615314076,3.0,"{""nevents"": 67.0, ""ndays_act"": 20.0, ""nchapters"": 7.0}"
HarvardX,3,aligned,0,4345,NICE,bounded+edit,NICE_bounded+edit,1,OK,0.0,0.006121158599853516,0.5727418615314076,3.0,"{""nevents"": 67.0, ""ndays_act"": 20.0, ""nchapters"": 7.0}"
HarvardX,3,aligned,0,4345,MCCE,native,MCCE_native,1,OK,0.0,0.04259467124938965,0.7394085281980742,3.0,"{""nevents"": 67.0, ""ndays_act"": 20.0, ""nchapters"": 8.0}"
HarvardX,3,aligned,0,4345,MCCE,bounded,MCCE_bounded,1,OK,0.0,0.04259467124938965,0.7394085281980742,3.0,"{""nevents"": 67.0, ""ndays_act"": 20.0, ""nchapters"": 8.0}"
HarvardX,3,aligned,0,4345,MCCE,bounded+edit,MCCE_bounded+edit,1,OK,0.0,0.04259467124938965,0.7394085281980742,3.0,"{""nevents"": 67.0, ""ndays_act"": 20.0, ""nchapters"": 8.0}"
HarvardX,3,aligned,0,4409,NICE,native,NICE_native,0,out_of_bounds:nevents,0.0,0.0047359466552734375,0.14842578710644677,2.0,"{""nevents"": 9.0, ""ndays_act"": 7.0, ""nchapters"": 12.0}"
HarvardX,3,aligned,0,4409,NICE,bounded,NICE_bounded,0,classifier_target_not_met,0.0,0.0047359466552734375,0.06896551724137931,1.0,"{""nevents"": 62.0, ""ndays_act"": 7.0, ""nchapters"": 12.0}"
HarvardX,3,aligned,0,4409,NICE,bounded+edit,NICE_bounded+edit,0,classifier_target_not_met,0.0,0.0047359466552734375,0.06896551724137931,1.0,"{""nevents"": 62.0, ""ndays_act"": 7.0, ""nchapters"": 12.0}"
HarvardX,3,aligned,0,4409,MCCE,native,MCCE_native,1,OK,0.0,0.02826666831970215,0.2413793103448276,1.0,"{""nevents"": 62.0, ""ndays_act"": 17.0, ""nchapters"": 12.0}"
HarvardX,3,aligned,0,4409,MCCE,bounded,MCCE_bounded,1,OK,0.0,0.02826666831970215,0.2413793103448276,1.0,"{""nevents"": 62.0, ""ndays_act"": 17.0, ""nchapters"": 12.0}"
HarvardX,3,aligned,0,4409,MCCE,bounded+edit,MCCE_bounded+edit,1,OK,0.0,0.02826666831970215,0.2413793103448276,1.0,"{""nevents"": 62.0, ""ndays_act"": 17.0, ""nchapters"": 12.0}"
HarvardX,3,aligned,0,4434,NICE,native,NICE_native,0,out_of_bounds:nevents,0.0,0.004166126251220703,0.3584905660377358,1.0,"{""nevents"": 9.0, ""ndays_act"": 7.0, ""nchapters"": 12.0}"
HarvardX,3,aligned,0,4434,NICE,bounded,NICE_bounded,0,classifier_target_not_met,0.0,0.004166126251220703,0.0,0.0,"{""nevents"": 199.0, ""ndays_act"": 7.0, ""nchapters"": 12.0}"
HarvardX,3,aligned,0,4434,NICE,bounded+edit,NICE_bounded+edit,0,classifier_target_not_met,0.0,0.004166126251220703,0.0,0.0,"{""nevents"": 199.0, ""ndays_act"": 7.0, ""nchapters"": 12.0}"
HarvardX,3,aligned,0,4434,MCCE,native,MCCE_native,0,out_of_bounds:nevents,0.0,0.026982784271240234,0.360377358490566,1.0,"{""nevents"": 8.0, ""ndays_act"": 7.0, ""nchapters"": 12.0}"
HarvardX,3,aligned,0,4434,MCCE,bounded,MCCE_bounded,1,OK,0.0,0.026982784271240234,0.3657582110412299,2.0,"{""nevents"": 226.0, ""ndays_act"": 24.0, ""nchapters"": 12.0}"
HarvardX,3,aligned,0,4434,MCCE,bounded+edit,MCCE_bounded+edit,1,OK,0.0,0.026982784271240234,0.3657582110412299,2.0,"{""nevents"": 226.0, ""ndays_act"": 24.0, ""nchapters"": 12.0}"
HarvardX,3,aligned,0,4451,NICE,native,NICE_native,0,out_of_bounds:nevents,0.0,0.0036470890045166016,0.09060955518945635,1.0,"{""nevents"": 67.0, ""ndays_act"": 15.0, ""nchapters"": 12.0}"
HarvardX,3,aligned,0,4451,NICE,bounded,NICE_bounded,0,classifier_target_not_met,0.0,0.0036470890045166016,0.0,0.0,"{""nevents"": 122.0, ""ndays_act"": 15.0, ""nchapters"": 12.0}"
HarvardX,3,aligned,0,4451,NICE,bounded+edit,NICE_bounded+edit,0,classifier_target_not_met,0.0,0.0036470890045166016,0.0,0.0,"{""nevents"": 122.0, ""ndays_act"": 15.0, ""nchapters"": 12.0}"
HarvardX,3,aligned,0,4451,MCCE,native,MCCE_native,0,out_of_bounds:nevents,0.0,0.027518510818481445,0.09060955518945635,1.0,"{""nevents"": 67.0, ""ndays_act"": 15.0, ""nchapters"": 12.0}"
HarvardX,3,aligned,0,4451,MCCE,bounded,MCCE_bounded,1,OK,0.0,0.027518510818481445,0.14526180073060668,2.0,"{""nevents"": 131.0, ""ndays_act"": 21.0, ""nchapters"": 12.0}"
HarvardX,3,aligned,0,4451,MCCE,bounded+edit,MCCE_bounded+edit,1,OK,0.0,0.027518510818481445,0.14526180073060668,2.0,"{""nevents"": 131.0, ""ndays_act"": 21.0, ""nchapters"": 12.0}"
HarvardX,3,aligned,0,4456,NICE,native,NICE_native,1,OK,0.0,0.004777431488037109,0.2572685254212017,2.0,"{""nevents"": 56.0, ""ndays_act"": 16.0, ""nchapters"": 9.0}"
HarvardX,3,aligned,0,4456,NICE,bounded,NICE_bounded,1,OK,0.0,0.004777431488037109,0.2572685254212017,2.0,"{""nevents"": 56.0, ""ndays_act"": 16.0, ""nchapters"": 9.0}"
HarvardX,3,aligned,0,4456,NICE,bounded+edit,NICE_bounded+edit,1,OK,0.0,0.004777431488037109,0.2572685254212017,2.0,"{""nevents"": 56.0, ""ndays_act"": 16.0, ""nchapters"": 9.0}"
HarvardX,3,aligned,0,4456,MCCE,native,MCCE_native,1,OK,0.0,0.049280405044555664,0.35915212961582427,2.0,"{""nevents"": 66.0, ""ndays_act"": 21.0, ""nchapters"": 9.0}"
HarvardX,3,aligned,0,4456,MCCE,bounded,MCCE_bounded,1,OK,0.0,0.049280405044555664,0.35915212961582427,2.0,"{""nevents"": 66.0, ""ndays_act"": 21.0, ""nchapters"": 9.0}"
HarvardX,3,aligned,0,4456,MCCE,bounded+edit,MCCE_bounded+edit,1,OK,0.0,0.049280405044555664,0.35915212961582427,2.0,"{""nevents"": 66.0, ""ndays_act"": 21.0, ""nchapters"": 9.0}"
HarvardX,3,aligned,0,4483,NICE,native,NICE_native,1,OK,0.0,0.0059108734130859375,0.5535822029980332,3.0,"{""nevents"": 67.0, ""ndays_act"": 20.0, ""nchapters"": 7.0}"
HarvardX,3,aligned,0,4483,NICE,bounded,NICE_bounded,1,OK,0.0,0.0059108734130859375,0.5535822029980332,3.0,"{""nevents"": 67.0, ""ndays_act"": 20.0, ""nchapters"": 7.0}"
HarvardX,3,aligned,0,4483,NICE,bounded+edit,NICE_bounded+edit,1,OK,0.0,0.0059108734130859375,0.5535822029980332,3.0,"{""nevents"": 67.0, ""ndays_act"": 20.0, ""nchapters"": 7.0}"
HarvardX,3,aligned,0,4483,MCCE,native,MCCE_native,1,OK,0.0,0.04294896125793457,0.7202488696646998,3.0,"{""nevents"": 67.0, ""ndays_act"": 20.0, ""nchapters"": 8.0}"
HarvardX,3,aligned,0,4483,MCCE,bounded,MCCE_bounded,1,OK,0.0,0.04294896125793457,0.7202488696646998,3.0,"{""nevents"": 67.0, ""ndays_act"": 20.0, ""nchapters"": 8.0}"
HarvardX,3,aligned,0,4483,MCCE,bounded+edit,MCCE_bounded+edit,1,OK,0.0,0.04294896125793457,0.7202488696646998,3.0,"{""nevents"": 67.0, ""ndays_act"": 20.0, ""nchapters"": 8.0}"
HarvardX,3,aligned,0,4506,NICE,native,NICE_native,0,out_of_bounds:nevents,0.0,0.006254911422729492,0.5607843137254902,1.0,"{""nevents"": 331.0, ""ndays_act"": 40.0, ""nchapters"": 9.0}"
HarvardX,3,aligned,0,4506,NICE,bounded,NICE_bounded,0,classifier_target_not_met,0.0,0.006254911422729492,0.0,0.0,"{""nevents"": 474.0, ""ndays_act"": 40.0, ""nchapters"": 9.0}"
HarvardX,3,aligned,0,4506,NICE,bounded+edit,NICE_bounded+edit,0,classifier_target_not_met,0.0,0.006254911422729492,0.0,0.0,"{""nevents"": 474.0, ""ndays_act"": 40.0, ""nchapters"": 9.0}"
HarvardX,3,aligned,0,4506,MCCE,native,MCCE_native,0,out_of_bounds:nevents;out_of_bounds:ndays_act,0.0,0.05085277557373047,2.0218487394957982,2.0,"{""nevents"": 92.0, ""ndays_act"": 29.0, ""nchapters"": 9.0}"
HarvardX,3,aligned,0,4506,MCCE,bounded,MCCE_bounded,1,OK,0.0,0.05085277557373047,1.8929971988795518,3.0,"{""nevents"": 556.0, ""ndays_act"": 59.0, ""nchapters"": 11.0}"
HarvardX,3,aligned,0,4506,MCCE,bounded+edit,MCCE_bounded+edit,1,OK,0.0,0.05085277557373047,1.8929971988795518,3.0,"{""nevents"": 556.0, ""ndays_act"": 59.0, ""nchapters"": 11.0}"
HarvardX,3,aligned,0,4513,NICE,native,NICE_native,0,out_of_bounds:nevents,0.0,0.004667758941650391,0.24603608529250956,2.0,"{""nevents"": 9.0, ""ndays_act"": 7.0, ""nchapters"": 12.0}"
HarvardX,3,aligned,0,4513,NICE,bounded,NICE_bounded,0,classifier_target_not_met,0.0,0.004667758941650391,0.0847457627118644,1.0,"{""nevents"": 109.0, ""ndays_act"": 7.0, ""nchapters"": 12.0}"
HarvardX,3,aligned,0,4513,NICE,bounded+edit,NICE_bounded+edit,0,classifier_target_not_met,0.0,0.004667758941650391,0.0847457627118644,1.0,"{""nevents"": 109.0, ""ndays_act"": 7.0, ""nchapters"": 12.0}"
HarvardX,3,aligned,0,4513,MCCE,native,MCCE_native,1,OK,0.0,0.03563356399536133,0.288135593220339,1.0,"{""nevents"": 109.0, ""ndays_act"": 19.0, ""nchapters"": 12.0}"
HarvardX,3,aligned,0,4513,MCCE,bounded,MCCE_bounded,1,OK,0.0,0.03563356399536133,0.288135593220339,1.0,"{""nevents"": 109.0, ""ndays_act"": 19.0, ""nchapters"": 12.0}"
HarvardX,3,aligned,0,4513,MCCE,bounded+edit,MCCE_bounded+edit,1,OK,0.0,0.03563356399536133,0.288135593220339,1.0,"{""nevents"": 109.0, ""ndays_act"": 19.0, ""nchapters"": 12.0}"
HarvardX,3,aligned,0,4520,NICE,native,NICE_native,0,out_of_bounds:nevents,0.0,0.00504612922668457,0.08613658329600905,2.0,"{""nevents"": 9.0, ""ndays_act"": 7.0, ""nchapters"": 12.0}"
HarvardX,3,aligned,0,4520,NICE,bounded,NICE_bounded,0,classifier_target_not_met,0.0,0.00504612922668457,0.0847457627118644,1.0,"{""nevents"": 10.0, ""ndays_act"": 7.0, ""nchapters"": 12.0}"
HarvardX,3,aligned,0,4520,NICE,bounded+edit,NICE_bounded+edit,0,classifier_target_not_met,0.0,0.00504612922668457,0.0847457627118644,1.0,"{""nevents"": 10.0, ""ndays_act"": 7.0, ""nchapters"": 12.0}"
HarvardX,3,aligned,0,4520,MCCE,native,MCCE_native,0,out_of_bounds:nevents,0.0,0.02830791473388672,0.08752740388015369,2.0,"{""nevents"": 8.0, ""ndays_act"": 7.0, ""nchapters"": 12.0}"
HarvardX,3,aligned,0,4520,MCCE,bounded,MCCE_bounded,1,OK,0.0,0.02830791473388672,0.17340468164352563,2.0,"{""nevents"": 25.0, ""ndays_act"": 11.0, ""nchapters"": 12.0}"
HarvardX,3,aligned,0,4520,MCCE,bounded+edit,MCCE_bounded+edit,1,OK,0.0,0.02830791473388672,0.17340468164352563,2.0,"{""nevents"": 25.0, ""ndays_act"": 11.0, ""nchapters"": 12.0}"
HarvardX,3,aligned,0,4559,NICE,native,NICE_native,1,OK,0.0,0.004736661911010742,0.4073260073260073,2.0,"{""nevents"": 67.0, ""ndays_act"": 20.0, ""nchapters"": 7.0}"
HarvardX,3,aligned,0,4559,NICE,bounded,NICE_bounded,1,OK,0.0,0.004736661911010742,0.4073260073260073,2.0,"{""nevents"": 67.0, ""ndays_act"": 20.0, ""nchapters"": 7.0}"
HarvardX,3,aligned,0,4559,NICE,bounded+edit,NICE_bounded+edit,1,OK,0.0,0.004736661911010742,0.4073260073260073,2.0,"{""nevents"": 67.0, ""ndays_act"": 20.0, ""nchapters"": 7.0}"
HarvardX,3,aligned,0,4559,MCCE,native,MCCE_native,1,OK,0.0,0.04433131217956543,0.6073260073260074,3.0,"{""nevents"": 67.0, ""ndays_act"": 20.0, ""nchapters"": 8.0}"
HarvardX,3,aligned,0,4559,MCCE,bounded,MCCE_bounded,1,OK,0.0,0.04433131217956543,0.6073260073260074,3.0,"{""nevents"": 67.0, ""ndays_act"": 20.0, ""nchapters"": 8.0}"
HarvardX,3,aligned,0,4559,MCCE,bounded+edit,MCCE_bounded+edit,1,OK,0.0,0.04433131217956543,0.6073260073260074,3.0,"{""nevents"": 67.0, ""ndays_act"": 20.0, ""nchapters"": 8.0}"
HarvardX,3,aligned,0,4563,NICE,native,NICE_native,0,out_of_bounds:nevents,0.0,0.0057218074798583984,0.10048414188321311,2.0,"{""nevents"": 9.0, ""ndays_act"": 7.0, ""nchapters"": 12.0}"
HarvardX,3,aligned,0,4563,NICE,bounded,NICE_bounded,0,classifier_target_not_met,0.0,0.0057218074798583984,0.06896551724137931,1.0,"{""nevents"": 31.0, ""ndays_act"": 7.0, ""nchapters"": 12.0}"
HarvardX,3,aligned,0,4563,NICE,bounded+edit,NICE_bounded+edit,0,classifier_target_not_met,0.0,0.0057218074798583984,0.06896551724137931,1.0,"{""nevents"": 31.0, ""ndays_act"": 7.0, ""nchapters"": 12.0}"
HarvardX,3,aligned,0,4563,MCCE,native,MCCE_native,1,OK,0.0,0.02889418601989746,0.25862068965517243,1.0,"{""nevents"": 31.0, ""ndays_act"": 18.0, ""nchapters"": 12.0}"
HarvardX,3,aligned,0,4563,MCCE,bounded,MCCE_bounded,1,OK,0.0,0.02889418601989746,0.25862068965517243,1.0,"{""nevents"": 31.0, ""ndays_act"": 18.0, ""nchapters"": 12.0}"
HarvardX,3,aligned,0,4563,MCCE,bounded+edit,MCCE_bounded+edit,1,OK,0.0,0.02889418601989746,0.25862068965517243,1.0,"{""nevents"": 31.0, ""ndays_act"": 18.0, ""nchapters"": 12.0}"
HarvardX,3,aligned,0,4598,NICE,native,NICE_native,0,out_of_bounds:nevents,0.0,0.0047473907470703125,0.10139082058414466,2.0,"{""nevents"": 9.0, ""ndays_act"": 7.0, ""nchapters"": 12.0}"
HarvardX,3,aligned,0,4598,NICE,bounded,NICE_bounded,0,classifier_target_not_met,0.0,0.0047473907470703125,0.1,1.0,"{""nevents"": 10.0, ""ndays_act"": 7.0, ""nchapters"": 12.0}"
HarvardX,3,aligned,0,4598,NICE,bounded+edit,NICE_bounded+edit,0,classifier_target_not_met,0.0,0.0047473907470703125,0.1,1.0,"{""nevents"": 10.0, ""ndays_act"": 7.0, ""nchapters"": 12.0}"
HarvardX,3,aligned,0,4598,MCCE,native,MCCE_native,0,out_of_bounds:nevents,0.0,0.028514623641967773,0.10278164116828929,2.0,"{""nevents"": 8.0, ""ndays_act"": 7.0, ""nchapters"": 12.0}"
HarvardX,3,aligned,0,4598,MCCE,bounded,MCCE_bounded,1,OK,0.0,0.028514623641967773,0.18752897542883634,2.0,"{""nevents"": 25.0, ""ndays_act"": 11.0, ""nchapters"": 12.0}"
HarvardX,3,aligned,0,4598,MCCE,bounded+edit,MCCE_bounded+edit,1,OK,0.0,0.028514623641967773,0.18752897542883634,2.0,"{""nevents"": 25.0, ""ndays_act"": 11.0, ""nchapters"": 12.0}"
HarvardX,3,aligned,0,4613,NICE,native,NICE_native,1,OK,0.0,0.005314350128173828,0.4197755739953675,2.0,"{""nevents"": 67.0, ""ndays_act"": 20.0, ""nchapters"": 7.0}"
HarvardX,3,aligned,0,4613,NICE,bounded,NICE_bounded,1,OK,0.0,0.005314350128173828,0.4197755739953675,2.0,"{""nevents"": 67.0, ""ndays_act"": 20.0, ""nchapters"": 7.0}"
HarvardX,3,aligned,0,4613,NICE,bounded+edit,NICE_bounded+edit,1,OK,0.0,0.005314350128173828,0.4197755739953675,2.0,"{""nevents"": 67.0, ""ndays_act"": 20.0, ""nchapters"": 7.0}"
HarvardX,3,aligned,0,4613,MCCE,native,MCCE_native,1,OK,0.0,0.04895949363708496,0.6197755739953675,3.0,"{""nevents"": 67.0, ""ndays_act"": 20.0, ""nchapters"": 8.0}"
HarvardX,3,aligned,0,4613,MCCE,bounded,MCCE_bounded,1,OK,0.0,0.04895949363708496,0.6197755739953675,3.0,"{""nevents"": 67.0, ""ndays_act"": 20.0, ""nchapters"": 8.0}"
HarvardX,3,aligned,0,4613,MCCE,bounded+edit,MCCE_bounded+edit,1,OK,0.0,0.04895949363708496,0.6197755739953675,3.0,"{""nevents"": 67.0, ""ndays_act"": 20.0, ""nchapters"": 8.0}"
HarvardX,3,aligned,0,4629,NICE,native,NICE_native,0,out_of_bounds:nevents,0.0,0.005566596984863281,0.2715318320822908,2.0,"{""nevents"": 52.0, ""ndays_act"": 19.0, ""nchapters"": 8.0}"
HarvardX,3,aligned,0,4629,NICE,bounded,NICE_bounded,0,classifier_target_not_met,0.0,0.005566596984863281,0.23636363636363636,1.0,"{""nevents"": 75.0, ""ndays_act"": 19.0, ""nchapters"": 8.0}"
HarvardX,3,aligned,0,4629,NICE,bounded+edit,NICE_bounded+edit,0,classifier_target_not_met,0.0,0.005566596984863281,0.23636363636363636,1.0,"{""nevents"": 75.0, ""ndays_act"": 19.0, ""nchapters"": 8.0}"
HarvardX,3,aligned,0,4629,MCCE,native,MCCE_native,0,out_of_bounds:nevents,0.0,0.043416738510131836,0.2667778704475952,2.0,"{""nevents"": 67.0, ""ndays_act"": 20.0, ""nchapters"": 8.0}"
HarvardX,3,aligned,0,4629,MCCE,bounded,MCCE_bounded,1,OK,0.0,0.043416738510131836,1.290909090909091,2.0,"{""nevents"": 75.0, ""ndays_act"": 22.0, ""nchapters"": 12.0}"
HarvardX,3,aligned,0,4629,MCCE,bounded+edit,MCCE_bounded+edit,1,OK,0.0,0.043416738510131836,1.290909090909091,2.0,"{""nevents"": 75.0, ""ndays_act"": 22.0, ""nchapters"": 12.0}"
HarvardX,3,aligned,0,4630,NICE,native,NICE_native,0,out_of_bounds:nevents,0.0,0.003617525100708008,0.21867321867321868,1.0,"{""nevents"": 233.0, ""ndays_act"": 24.0, ""nchapters"": 12.0}"
HarvardX,3,aligned,0,4630,NICE,bounded,NICE_bounded,0,classifier_target_not_met,0.0,0.003617525100708008,0.0,0.0,"{""nevents"": 322.0, ""ndays_act"": 24.0, ""nchapters"": 12.0}"
HarvardX,3,aligned,0,4630,NICE,bounded+edit,NICE_bounded+edit,0,classifier_target_not_met,0.0,0.003617525100708008,0.0,0.0,"{""nevents"": 322.0, ""ndays_act"": 24.0, ""nchapters"": 12.0}"
HarvardX,3,aligned,0,4630,MCCE,native,MCCE_native,0,out_of_bounds:nevents,0.0,0.02914595603942871,0.21867321867321868,1.0,"{""nevents"": 233.0, ""ndays_act"": 24.0, ""nchapters"": 12.0}"
HarvardX,3,aligned,0,4630,MCCE,bounded,MCCE_bounded,1,OK,0.0,0.02914595603942871,0.24324324324324326,2.0,"{""nevents"": 344.0, ""ndays_act"": 31.0, ""nchapters"": 12.0}"
HarvardX,3,aligned,0,4630,MCCE,bounded+edit,MCCE_bounded+edit,1,OK,0.0,0.02914595603942871,0.24324324324324326,2.0,"{""nevents"": 344.0, ""ndays_act"": 31.0, ""nchapters"": 12.0}"
HarvardX,3,aligned,0,4695,NICE,native,NICE_native,0,out_of_bounds:nevents,0.0,0.0035283565521240234,0.03343465045592705,1.0,"{""nevents"": 49.0, ""ndays_act"": 13.0, ""nchapters"": 12.0}"
HarvardX,3,aligned,0,4695,NICE,bounded,NICE_bounded,0,classifier_target_not_met,0.0,0.0035283565521240234,0.0,0.0,"{""nevents"": 71.0, ""ndays_act"": 13.0, ""nchapters"": 12.0}"
HarvardX,3,aligned,0,4695,NICE,bounded+edit,NICE_bounded+edit,0,classifier_target_not_met,0.0,0.0035283565521240234,0.0,0.0,"{""nevents"": 71.0, ""ndays_act"": 13.0, ""nchapters"": 12.0}"
HarvardX,3,aligned,0,4695,MCCE,native,MCCE_native,0,out_of_bounds:nevents,0.0,0.026827573776245117,0.03603090172239108,2.0,"{""nevents"": 61.0, ""ndays_act"": 14.0, ""nchapters"": 12.0}"
HarvardX,3,aligned,0,4695,MCCE,bounded,MCCE_bounded,1,OK,0.0,0.026827573776245117,0.11328520770010132,2.0,"{""nevents"": 77.0, ""ndays_act"": 18.0, ""nchapters"": 12.0}"
HarvardX,3,aligned,0,4695,MCCE,bounded+edit,MCCE_bounded+edit,1,OK,0.0,0.026827573776245117,0.11328520770010132,2.0,"{""nevents"": 77.0, ""ndays_act"": 18.0, ""nchapters"": 12.0}"
HarvardX,3,aligned,0,4716,NICE,native,NICE_native,1,OK,0.0,0.0049610137939453125,0.3186039713058535,2.0,"{""nevents"": 53.0, ""ndays_act"": 15.0, ""nchapters"": 11.0}"
HarvardX,3,aligned,0,4716,NICE,bounded,NICE_bounded,1,OK,0.0,0.0049610137939453125,0.3186039713058535,2.0,"{""nevents"": 53.0, ""ndays_act"": 15.0, ""nchapters"": 11.0}"
HarvardX,3,aligned,0,4716,NICE,bounded+edit,NICE_bounded+edit,1,OK,0.0,0.0049610137939453125,0.3186039713058535,2.0,"{""nevents"": 53.0, ""ndays_act"": 15.0, ""nchapters"": 11.0}"
HarvardX,3,aligned,0,4716,MCCE,native,MCCE_native,1,OK,0.0,0.043459415435791016,0.3965908835368459,2.0,"{""nevents"": 74.0, ""ndays_act"": 18.0, ""nchapters"": 11.0}"
HarvardX,3,aligned,0,4716,MCCE,bounded,MCCE_bounded,1,OK,0.0,0.043459415435791016,0.3965908835368459,2.0,"{""nevents"": 74.0, ""ndays_act"": 18.0, ""nchapters"": 11.0}"
HarvardX,3,aligned,0,4716,MCCE,bounded+edit,MCCE_bounded+edit,1,OK,0.0,0.043459415435791016,0.3965908835368459,2.0,"{""nevents"": 74.0, ""ndays_act"": 18.0, ""nchapters"": 11.0}"
HarvardX,3,aligned,0,4719,NICE,native,NICE_native,1,OK,0.0,0.004658937454223633,0.3828059996851739,2.0,"{""nevents"": 52.0, ""ndays_act"": 19.0, ""nchapters"": 8.0}"
HarvardX,3,aligned,0,4719,NICE,bounded,NICE_bounded,1,OK,0.0,0.004658937454223633,0.3828059996851739,2.0,"{""nevents"": 52.0, ""ndays_act"": 19.0, ""nchapters"": 8.0}"
HarvardX,3,aligned,0,4719,NICE,bounded+edit,NICE_bounded+edit,1,OK,0.0,0.004658937454223633,0.3828059996851739,2.0,"{""nevents"": 52.0, ""ndays_act"": 19.0, ""nchapters"": 8.0}"
HarvardX,3,aligned,0,4719,MCCE,native,MCCE_native,1,OK,0.0,0.0393986701965332,0.4197755739953675,2.0,"{""nevents"": 67.0, ""ndays_act"": 20.0, ""nchapters"": 8.0}"
HarvardX,3,aligned,0,4719,MCCE,bounded,MCCE_bounded,1,OK,0.0,0.0393986701965332,0.4197755739953675,2.0,"{""nevents"": 67.0, ""ndays_act"": 20.0, ""nchapters"": 8.0}"
HarvardX,3,aligned,0,4719,MCCE,bounded+edit,MCCE_bounded+edit,1,OK,0.0,0.0393986701965332,0.4197755739953675,2.0,"{""nevents"": 67.0, ""ndays_act"": 20.0, ""nchapters"": 8.0}"
HarvardX,3,aligned,0,4785,NICE,native,NICE_native,1,OK,0.0,0.004811525344848633,0.14349321999595224,2.0,"{""nevents"": 9.0, ""ndays_act"": 8.0, ""nchapters"": 10.0}"
HarvardX,3,aligned,0,4785,NICE,bounded,NICE_bounded,1,OK,0.0,0.004811525344848633,0.14349321999595224,2.0,"{""nevents"": 9.0, ""ndays_act"": 8.0, ""nchapters"": 10.0}"
HarvardX,3,aligned,0,4785,NICE,bounded+edit,NICE_bounded+edit,1,OK,0.0,0.004811525344848633,0.14349321999595224,2.0,"{""nevents"": 9.0, ""ndays_act"": 8.0, ""nchapters"": 10.0}"
HarvardX,3,aligned,0,4785,MCCE,native,MCCE_native,1,OK,0.0,0.04541945457458496,0.3923407317457105,2.0,"{""nevents"": 47.0, ""ndays_act"": 20.0, ""nchapters"": 10.0}"
HarvardX,3,aligned,0,4785,MCCE,bounded,MCCE_bounded,1,OK,0.0,0.04541945457458496,0.3923407317457105,2.0,"{""nevents"": 47.0, ""ndays_act"": 20.0, ""nchapters"": 10.0}"
HarvardX,3,aligned,0,4785,MCCE,bounded+edit,MCCE_bounded+edit,1,OK,0.0,0.04541945457458496,0.3923407317457105,2.0,"{""nevents"": 47.0, ""ndays_act"": 20.0, ""nchapters"": 10.0}"
HarvardX,3,aligned,0,4787,NICE,native,NICE_native,1,OK,0.0,0.005848884582519531,0.5611599406274528,3.0,"{""nevents"": 67.0, ""ndays_act"": 20.0, ""nchapters"": 7.0}"
HarvardX,3,aligned,0,4787,NICE,bounded,NICE_bounded,1,OK,0.0,0.005848884582519531,0.5611599406274528,3.0,"{""nevents"": 67.0, ""ndays_act"": 20.0, ""nchapters"": 7.0}"
HarvardX,3,aligned,0,4787,NICE,bounded+edit,NICE_bounded+edit,1,OK,0.0,0.005848884582519531,0.5611599406274528,3.0,"{""nevents"": 67.0, ""ndays_act"": 20.0, ""nchapters"": 7.0}"
HarvardX,3,aligned,0,4787,MCCE,native,MCCE_native,1,OK,0.0,0.03990459442138672,0.7278266072941195,3.0,"{""nevents"": 67.0, ""ndays_act"": 20.0, ""nchapters"": 8.0}"
HarvardX,3,aligned,0,4787,MCCE,bounded,MCCE_bounded,1,OK,0.0,0.03990459442138672,0.7278266072941195,3.0,"{""nevents"": 67.0, ""ndays_act"": 20.0, ""nchapters"": 8.0}"
HarvardX,3,aligned,0,4787,MCCE,bounded+edit,MCCE_bounded+edit,1,OK,0.0,0.03990459442138672,0.7278266072941195,3.0,"{""nevents"": 67.0, ""ndays_act"": 20.0, ""nchapters"": 8.0}"
HarvardX,3,aligned,0,4804,NICE,native,NICE_native,1,OK,0.0,0.0034933090209960938,0.22033898305084745,1.0,"{""nevents"": 37.0, ""ndays_act"": 15.0, ""nchapters"": 11.0}"
HarvardX,3,aligned,0,4804,NICE,bounded,NICE_bounded,1,OK,0.0,0.0034933090209960938,0.22033898305084745,1.0,"{""nevents"": 37.0, ""ndays_act"": 15.0, ""nchapters"": 11.0}"
HarvardX,3,aligned,0,4804,NICE,bounded+edit,NICE_bounded+edit,1,OK,0.0,0.0034933090209960938,0.22033898305084745,1.0,"{""nevents"": 37.0, ""ndays_act"": 15.0, ""nchapters"": 11.0}"
HarvardX,3,aligned,0,4804,MCCE,native,MCCE_native,1,OK,0.0,0.0442962646484375,0.32465464877045164,2.0,"{""nevents"": 74.0, ""ndays_act"": 18.0, ""nchapters"": 11.0}"
HarvardX,3,aligned,0,4804,MCCE,bounded,MCCE_bounded,1,OK,0.0,0.0442962646484375,0.32465464877045164,2.0,"{""nevents"": 74.0, ""ndays_act"": 18.0, ""nchapters"": 11.0}"
HarvardX,3,aligned,0,4804,MCCE,bounded+edit,MCCE_bounded+edit,1,OK,0.0,0.0442962646484375,0.32465464877045164,2.0,"{""nevents"": 74.0, ""ndays_act"": 18.0, ""nchapters"": 11.0}"
HarvardX,3,aligned,0,4842,NICE,native,NICE_native,1,OK,0.0,0.006028652191162109,0.5864422406620342,3.0,"{""nevents"": 67.0, ""ndays_act"": 20.0, ""nchapters"": 7.0}"
HarvardX,3,aligned,0,4842,NICE,bounded,NICE_bounded,1,OK,0.0,0.006028652191162109,0.5864422406620342,3.0,"{""nevents"": 67.0, ""ndays_act"": 20.0, ""nchapters"": 7.0}"
HarvardX,3,aligned,0,4842,NICE,bounded+edit,NICE_bounded+edit,1,OK,0.0,0.006028652191162109,0.5864422406620342,3.0,"{""nevents"": 67.0, ""ndays_act"": 20.0, ""nchapters"": 7.0}"
HarvardX,3,aligned,0,4842,MCCE,native,MCCE_native,1,OK,0.0,0.04920315742492676,0.7531089073287008,3.0,"{""nevents"": 67.0, ""ndays_act"": 20.0, ""nchapters"": 8.0}"
HarvardX,3,aligned,0,4842,MCCE,bounded,MCCE_bounded,1,OK,0.0,0.04920315742492676,0.7531089073287008,3.0,"{""nevents"": 67.0, ""ndays_act"": 20.0, ""nchapters"": 8.0}"
HarvardX,3,aligned,0,4842,MCCE,bounded+edit,MCCE_bounded+edit,1,OK,0.0,0.04920315742492676,0.7531089073287008,3.0,"{""nevents"": 67.0, ""ndays_act"": 20.0, ""nchapters"": 8.0}"
HarvardX,3,aligned,0,4891,NICE,native,NICE_native,1,OK,0.0,0.004729032516479492,0.34036084529505584,2.0,"{""nevents"": 67.0, ""ndays_act"": 20.0, ""nchapters"": 7.0}"
HarvardX,3,aligned,0,4891,NICE,bounded,NICE_bounded,1,OK,0.0,0.004729032516479492,0.34036084529505584,2.0,"{""nevents"": 67.0, ""ndays_act"": 20.0, ""nchapters"": 7.0}"
HarvardX,3,aligned,0,4891,NICE,bounded+edit,NICE_bounded+edit,1,OK,0.0,0.004729032516479492,0.34036084529505584,2.0,"{""nevents"": 67.0, ""ndays_act"": 20.0, ""nchapters"": 7.0}"
HarvardX,3,aligned,0,4891,MCCE,native,MCCE_native,1,OK,0.0,0.042778730392456055,1.1052631578947367,2.0,"{""nevents"": 25.0, ""ndays_act"": 10.0, ""nchapters"": 12.0}"
HarvardX,3,aligned,0,4891,MCCE,bounded,MCCE_bounded,1,OK,0.0,0.042778730392456055,1.1052631578947367,2.0,"{""nevents"": 25.0, ""ndays_act"": 10.0, ""nchapters"": 12.0}"
HarvardX,3,aligned,0,4891,MCCE,bounded+edit,MCCE_bounded+edit,1,OK,0.0,0.042778730392456055,1.1052631578947367,2.0,"{""nevents"": 25.0, ""ndays_act"": 10.0, ""nchapters"": 12.0}"
HarvardX,3,aligned,0,4945,NICE,native,NICE_native,0,out_of_bounds:nevents,0.0,0.004767656326293945,0.05285650022492128,2.0,"{""nevents"": 22.0, ""ndays_act"": 10.0, ""nchapters"": 12.0}"
HarvardX,3,aligned,0,4945,NICE,bounded,NICE_bounded,0,classifier_target_not_met,0.0,0.004767656326293945,0.019230769230769232,1.0,"{""nevents"": 45.0, ""ndays_act"": 10.0, ""nchapters"": 12.0}"
HarvardX,3,aligned,0,4945,NICE,bounded+edit,NICE_bounded+edit,0,classifier_target_not_met,0.0,0.004767656326293945,0.019230769230769232,1.0,"{""nevents"": 45.0, ""ndays_act"": 10.0, ""nchapters"": 12.0}"
HarvardX,3,aligned,0,4945,MCCE,native,MCCE_native,1,OK,0.0,0.026237010955810547,0.21153846153846154,1.0,"{""nevents"": 45.0, ""ndays_act"": 20.0, ""nchapters"": 12.0}"
HarvardX,3,aligned,0,4945,MCCE,bounded,MCCE_bounded,1,OK,0.0,0.026237010955810547,0.21153846153846154,1.0,"{""nevents"": 45.0, ""ndays_act"": 20.0, ""nchapters"": 12.0}"
HarvardX,3,aligned,0,4945,MCCE,bounded+edit,MCCE_bounded+edit,1,OK,0.0,0.026237010955810547,0.21153846153846154,1.0,"{""nevents"": 45.0, ""ndays_act"": 20.0, ""nchapters"": 12.0}"
HarvardX,3,aligned,0,4955,NICE,native,NICE_native,1,OK,0.0,0.004681587219238281,0.3567526703409257,2.0,"{""nevents"": 67.0, ""ndays_act"": 20.0, ""nchapters"": 7.0}"
HarvardX,3,aligned,0,4955,NICE,bounded,NICE_bounded,1,OK,0.0,0.004681587219238281,0.3567526703409257,2.0,"{""nevents"": 67.0, ""ndays_act"": 20.0, ""nchapters"": 7.0}"
HarvardX,3,aligned,0,4955,NICE,bounded+edit,NICE_bounded+edit,1,OK,0.0,0.004681587219238281,0.3567526703409257,2.0,"{""nevents"": 67.0, ""ndays_act"": 20.0, ""nchapters"": 7.0}"
HarvardX,3,aligned,0,4955,MCCE,native,MCCE_native,1,OK,0.0,0.04253554344177246,0.5567526703409258,3.0,"{""nevents"": 67.0, ""ndays_act"": 20.0, ""nchapters"": 8.0}"
HarvardX,3,aligned,0,4955,MCCE,bounded,MCCE_bounded,1,OK,0.0,0.04253554344177246,0.5567526703409258,3.0,"{""nevents"": 67.0, ""ndays_act"": 20.0, ""nchapters"": 8.0}"
HarvardX,3,aligned,0,4955,MCCE,bounded+edit,MCCE_bounded+edit,1,OK,0.0,0.04253554344177246,0.5567526703409258,3.0,"{""nevents"": 67.0, ""ndays_act"": 20.0, ""nchapters"": 8.0}"
HarvardX,3,aligned,0,4967,NICE,native,NICE_native,1,OK,0.0,0.004662275314331055,0.3830791747320712,2.0,"{""nevents"": 67.0, ""ndays_act"": 20.0, ""nchapters"": 7.0}"
HarvardX,3,aligned,0,4967,NICE,bounded,NICE_bounded,1,OK,0.0,0.004662275314331055,0.3830791747320712,2.0,"{""nevents"": 67.0, ""ndays_act"": 20.0, ""nchapters"": 7.0}"
HarvardX,3,aligned,0,4967,NICE,bounded+edit,NICE_bounded+edit,1,OK,0.0,0.004662275314331055,0.3830791747320712,2.0,"{""nevents"": 67.0, ""ndays_act"": 20.0, ""nchapters"": 7.0}"
HarvardX,3,aligned,0,4967,MCCE,native,MCCE_native,1,OK,0.0,0.0404818058013916,0.5830791747320712,3.0,"{""nevents"": 67.0, ""ndays_act"": 20.0, ""nchapters"": 8.0}"
HarvardX,3,aligned,0,4967,MCCE,bounded,MCCE_bounded,1,OK,0.0,0.0404818058013916,0.5830791747320712,3.0,"{""nevents"": 67.0, ""ndays_act"": 20.0, ""nchapters"": 8.0}"
HarvardX,3,aligned,0,4967,MCCE,bounded+edit,MCCE_bounded+edit,1,OK,0.0,0.0404818058013916,0.5830791747320712,3.0,"{""nevents"": 67.0, ""ndays_act"": 20.0, ""nchapters"": 8.0}"
HarvardX,3,aligned,0,4973,NICE,native,NICE_native,0,out_of_bounds:nevents,0.0,0.004687309265136719,0.15127065625404496,2.0,"{""nevents"": 121.0, ""ndays_act"": 19.0, ""nchapters"": 12.0}"
HarvardX,3,aligned,0,4973,NICE,bounded,NICE_bounded,0,classifier_target_not_met,0.0,0.004687309265136719,0.023255813953488372,1.0,"{""nevents"": 190.0, ""ndays_act"": 19.0, ""nchapters"": 12.0}"
HarvardX,3,aligned,0,4973,NICE,bounded+edit,NICE_bounded+edit,0,classifier_target_not_met,0.0,0.004687309265136719,0.023255813953488372,1.0,"{""nevents"": 190.0, ""ndays_act"": 19.0, ""nchapters"": 12.0}"
HarvardX,3,aligned,0,4973,MCCE,native,MCCE_native,0,out_of_bounds:nevents,0.0,0.026934385299682617,0.20964749536178107,1.0,"{""nevents"": 77.0, ""ndays_act"": 18.0, ""nchapters"": 12.0}"
HarvardX,3,aligned,0,4973,MCCE,bounded,MCCE_bounded,1,OK,0.0,0.026934385299682617,0.20632523622556845,2.0,"{""nevents"": 226.0, ""ndays_act"": 24.0, ""nchapters"": 12.0}"
HarvardX,3,aligned,0,4973,MCCE,bounded+edit,MCCE_bounded+edit,1,OK,0.0,0.026934385299682617,0.20632523622556845,2.0,"{""nevents"": 226.0, ""ndays_act"": 24.0, ""nchapters"": 12.0}"
HarvardX,3,aligned,0,4981,NICE,native,NICE_native,0,out_of_bounds:nevents,0.0,0.004872798919677734,0.05915802075019952,2.0,"{""nevents"": 9.0, ""ndays_act"": 8.0, ""nchapters"": 10.0}"
HarvardX,3,aligned,0,4981,NICE,bounded,NICE_bounded,0,classifier_target_not_met,0.0,0.004872798919677734,0.05357142857142857,1.0,"{""nevents"": 13.0, ""ndays_act"": 8.0, ""nchapters"": 10.0}"
HarvardX,3,aligned,0,4981,NICE,bounded+edit,NICE_bounded+edit,0,classifier_target_not_met,0.0,0.004872798919677734,0.05357142857142857,1.0,"{""nevents"": 13.0, ""ndays_act"": 8.0, ""nchapters"": 10.0}"
HarvardX,3,aligned,0,4981,MCCE,native,MCCE_native,1,OK,0.0,0.04236721992492676,0.3153431763766959,2.0,"{""nevents"": 47.0, ""ndays_act"": 20.0, ""nchapters"": 10.0}"
HarvardX,3,aligned,0,4981,MCCE,bounded,MCCE_bounded,1,OK,0.0,0.04236721992492676,0.3153431763766959,2.0,"{""nevents"": 47.0, ""ndays_act"": 20.0, ""nchapters"": 10.0}"
HarvardX,3,aligned,0,4981,MCCE,bounded+edit,MCCE_bounded+edit,1,OK,0.0,0.04236721992492676,0.3153431763766959,2.0,"{""nevents"": 47.0, ""ndays_act"": 20.0, ""nchapters"": 10.0}"
HarvardX,3,aligned,0,4989,NICE,native,NICE_native,0,out_of_bounds:nevents,0.0,0.004883766174316406,0.1845373814952598,2.0,"{""nevents"": 56.0, ""ndays_act"": 16.0, ""nchapters"": 9.0}"
HarvardX,3,aligned,0,4989,NICE,bounded,NICE_bounded,0,classifier_target_not_met,0.0,0.004883766174316406,0.1346153846153846,1.0,"{""nevents"": 88.0, ""ndays_act"": 16.0, ""nchapters"": 9.0}"
HarvardX,3,aligned,0,4989,NICE,bounded+edit,NICE_bounded+edit,0,classifier_target_not_met,0.0,0.004883766174316406,0.1346153846153846,1.0,"{""nevents"": 88.0, ""ndays_act"": 16.0, ""nchapters"": 9.0}"
HarvardX,3,aligned,0,4989,MCCE,native,MCCE_native,0,out_of_bounds:nevents,0.0,0.039923906326293945,0.265090603624145,2.0,"{""nevents"": 66.0, ""ndays_act"": 21.0, ""nchapters"": 9.0}"
HarvardX,3,aligned,0,4989,MCCE,bounded,MCCE_bounded,1,OK,0.0,0.039923906326293945,0.29629185167406696,2.0,"{""nevents"": 130.0, ""ndays_act"": 21.0, ""nchapters"": 9.0}"
HarvardX,3,aligned,0,4989,MCCE,bounded+edit,MCCE_bounded+edit,1,OK,0.0,0.039923906326293945,0.29629185167406696,2.0,"{""nevents"": 130.0, ""ndays_act"": 21.0, ""nchapters"": 9.0}"
HarvardX,3,aligned,0,5055,NICE,native,NICE_native,1,OK,0.0,0.0062062740325927734,0.5864422406620342,3.0,"{""nevents"": 67.0, ""ndays_act"": 20.0, ""nchapters"": 7.0}"
HarvardX,3,aligned,0,5055,NICE,bounded,NICE_bounded,1,OK,0.0,0.0062062740325927734,0.5864422406620342,3.0,"{""nevents"": 67.0, ""ndays_act"": 20.0, ""nchapters"": 7.0}"
HarvardX,3,aligned,0,5055,NICE,bounded+edit,NICE_bounded+edit,1,OK,0.0,0.0062062740325927734,0.5864422406620342,3.0,"{""nevents"": 67.0, ""ndays_act"": 20.0, ""nchapters"": 7.0}"
HarvardX,3,aligned,0,5055,MCCE,native,MCCE_native,1,OK,0.0,0.04087638854980469,0.7531089073287008,3.0,"{""nevents"": 67.0, ""ndays_act"": 20.0, ""nchapters"": 8.0}"
HarvardX,3,aligned,0,5055,MCCE,bounded,MCCE_bounded,1,OK,0.0,0.04087638854980469,0.7531089073287008,3.0,"{""nevents"": 67.0, ""ndays_act"": 20.0, ""nchapters"": 8.0}"
HarvardX,3,aligned,0,5055,MCCE,bounded+edit,MCCE_bounded+edit,1,OK,0.0,0.04087638854980469,0.7531089073287008,3.0,"{""nevents"": 67.0, ""ndays_act"": 20.0, ""nchapters"": 8.0}"
HarvardX,3,aligned,0,5057,NICE,native,NICE_native,0,out_of_bounds:nevents,0.0,0.0037779808044433594,0.16252390057361377,1.0,"{""nevents"": 121.0, ""ndays_act"": 19.0, ""nchapters"": 12.0}"
HarvardX,3,aligned,0,5057,NICE,bounded,NICE_bounded,0,classifier_target_not_met,0.0,0.0037779808044433594,0.0,0.0,"{""nevents"": 206.0, ""ndays_act"": 19.0, ""nchapters"": 12.0}"
HarvardX,3,aligned,0,5057,NICE,bounded+edit,NICE_bounded+edit,0,classifier_target_not_met,0.0,0.0037779808044433594,0.0,0.0,"{""nevents"": 206.0, ""ndays_act"": 19.0, ""nchapters"": 12.0}"
HarvardX,3,aligned,0,5057,MCCE,native,MCCE_native,0,out_of_bounds:nevents,0.0,0.032206058502197266,0.18546845124282982,1.0,"{""nevents"": 109.0, ""ndays_act"": 19.0, ""nchapters"": 12.0}"
HarvardX,3,aligned,0,5057,MCCE,bounded,MCCE_bounded,1,OK,0.0,0.032206058502197266,0.1572885368296458,2.0,"{""nevents"": 226.0, ""ndays_act"": 24.0, ""nchapters"": 12.0}"
HarvardX,3,aligned,0,5057,MCCE,bounded+edit,MCCE_bounded+edit,1,OK,0.0,0.032206058502197266,0.1572885368296458,2.0,"{""nevents"": 226.0, ""ndays_act"": 24.0, ""nchapters"": 12.0}"
HarvardX,3,aligned,0,5086,NICE,native,NICE_native,0,out_of_bounds:nevents,0.0,0.004842281341552734,0.6008862502151093,2.0,"{""nevents"": 22.0, ""ndays_act"": 10.0, ""nchapters"": 12.0}"
HarvardX,3,aligned,0,5086,NICE,bounded,NICE_bounded,0,classifier_target_not_met,0.0,0.004842281341552734,0.019230769230769232,1.0,"{""nevents"": 282.0, ""ndays_act"": 10.0, ""nchapters"": 12.0}"
HarvardX,3,aligned,0,5086,NICE,bounded+edit,NICE_bounded+edit,0,classifier_target_not_met,0.0,0.004842281341552734,0.019230769230769232,1.0,"{""nevents"": 282.0, ""ndays_act"": 10.0, ""nchapters"": 12.0}"
HarvardX,3,aligned,0,5086,MCCE,native,MCCE_native,0,out_of_bounds:nevents,0.0,0.02813410758972168,0.6066942006539322,2.0,"{""nevents"": 28.0, ""ndays_act"": 11.0, ""nchapters"": 12.0}"
HarvardX,3,aligned,0,5086,MCCE,bounded,MCCE_bounded,1,OK,0.0,0.02813410758972168,0.44454482877301665,2.0,"{""nevents"": 283.0, ""ndays_act"": 32.0, ""nchapters"": 12.0}"
HarvardX,3,aligned,0,5086,MCCE,bounded+edit,MCCE_bounded+edit,1,OK,0.0,0.02813410758972168,0.44454482877301665,2.0,"{""nevents"": 283.0, ""ndays_act"": 32.0, ""nchapters"": 12.0}"
HarvardX,3,aligned,0,5095,NICE,native,NICE_native,1,OK,0.0,0.0036163330078125,0.20689655172413793,1.0,"{""nevents"": 28.0, ""ndays_act"": 15.0, ""nchapters"": 11.0}"
HarvardX,3,aligned,0,5095,NICE,bounded,NICE_bounded,1,OK,0.0,0.0036163330078125,0.20689655172413793,1.0,"{""nevents"": 28.0, ""ndays_act"": 15.0, ""nchapters"": 11.0}"
HarvardX,3,aligned,0,5095,NICE,bounded+edit,NICE_bounded+edit,1,OK,0.0,0.0036163330078125,0.20689655172413793,1.0,"{""nevents"": 28.0, ""ndays_act"": 15.0, ""nchapters"": 11.0}"
HarvardX,3,aligned,0,5095,MCCE,native,MCCE_native,1,OK,0.0,0.04172182083129883,0.32424123173791136,2.0,"{""nevents"": 74.0, ""ndays_act"": 18.0, ""nchapters"": 11.0}"
HarvardX,3,aligned,0,5095,MCCE,bounded,MCCE_bounded,1,OK,0.0,0.04172182083129883,0.32424123173791136,2.0,"{""nevents"": 74.0, ""ndays_act"": 18.0, ""nchapters"": 11.0}"
HarvardX,3,aligned,0,5095,MCCE,bounded+edit,MCCE_bounded+edit,1,OK,0.0,0.04172182083129883,0.32424123173791136,2.0,"{""nevents"": 74.0, ""ndays_act"": 18.0, ""nchapters"": 11.0}"
HarvardX,3,aligned,0,5111,NICE,native,NICE_native,1,OK,0.0,0.004548788070678711,0.10689655172413794,2.0,"{""nevents"": 9.0, ""ndays_act"": 7.0, ""nchapters"": 12.0}"
HarvardX,3,aligned,0,5111,NICE,bounded,NICE_bounded,1,OK,0.0,0.004548788070678711,0.10689655172413794,2.0,"{""nevents"": 9.0, ""ndays_act"": 7.0, ""nchapters"": 12.0}"
HarvardX,3,aligned,0,5111,NICE,bounded+edit,NICE_bounded+edit,1,OK,0.0,0.004548788070678711,0.10689655172413794,2.0,"{""nevents"": 9.0, ""ndays_act"": 7.0, ""nchapters"": 12.0}"
HarvardX,3,aligned,0,5111,MCCE,native,MCCE_native,1,OK,0.0,0.027609825134277344,0.10551724137931034,2.0,"{""nevents"": 8.0, ""ndays_act"": 7.0, ""nchapters"": 12.0}"
HarvardX,3,aligned,0,5111,MCCE,bounded,MCCE_bounded,1,OK,0.0,0.027609825134277344,0.10551724137931034,2.0,"{""nevents"": 8.0, ""ndays_act"": 7.0, ""nchapters"": 12.0}"
HarvardX,3,aligned,0,5111,MCCE,bounded+edit,MCCE_bounded+edit,1,OK,0.0,0.027609825134277344,0.10551724137931034,2.0,"{""nevents"": 8.0, ""ndays_act"": 7.0, ""nchapters"": 12.0}"
HarvardX,3,aligned,0,5132,NICE,native,NICE_native,1,OK,0.0,0.0058557987213134766,0.403545139182672,3.0,"{""nevents"": 67.0, ""ndays_act"": 20.0, ""nchapters"": 7.0}"
HarvardX,3,aligned,0,5132,NICE,bounded,NICE_bounded,1,OK,0.0,0.0058557987213134766,0.403545139182672,3.0,"{""nevents"": 67.0, ""ndays_act"": 20.0, ""nchapters"": 7.0}"
HarvardX,3,aligned,0,5132,NICE,bounded+edit,NICE_bounded+edit,1,OK,0.0,0.0058557987213134766,0.403545139182672,3.0,"{""nevents"": 67.0, ""ndays_act"": 20.0, ""nchapters"": 7.0}"
HarvardX,3,aligned,0,5132,MCCE,native,MCCE_native,0,out_of_bounds:nevents,0.0,0.04420065879821777,1.0762331838565022,2.0,"{""nevents"": 9.0, ""ndays_act"": 8.0, ""nchapters"": 12.0}"
HarvardX,3,aligned,0,5132,MCCE,bounded,MCCE_bounded,1,OK,0.0,0.04420065879821777,0.5702118058493386,3.0,"{""nevents"": 67.0, ""ndays_act"": 20.0, ""nchapters"": 8.0}"
HarvardX,3,aligned,0,5132,MCCE,bounded+edit,MCCE_bounded+edit,1,OK,0.0,0.04420065879821777,0.5702118058493386,3.0,"{""nevents"": 67.0, ""ndays_act"": 20.0, ""nchapters"": 8.0}"
HarvardX,3,aligned,0,5137,NICE,native,NICE_native,1,OK,0.0,0.0039327144622802734,0.08695652173913043,1.0,"{""nevents"": 858.0, ""ndays_act"": 40.0, ""nchapters"": 12.0}"
HarvardX,3,aligned,0,5137,NICE,bounded,NICE_bounded,1,OK,0.0,0.0039327144622802734,0.08695652173913043,1.0,"{""nevents"": 858.0, ""ndays_act"": 40.0, ""nchapters"": 12.0}"
HarvardX,3,aligned,0,5137,NICE,bounded+edit,NICE_bounded+edit,1,OK,0.0,0.0039327144622802734,0.08695652173913043,1.0,"{""nevents"": 858.0, ""ndays_act"": 40.0, ""nchapters"": 12.0}"
HarvardX,3,aligned,0,5137,MCCE,native,MCCE_native,1,OK,0.0,0.016339778900146484,0.5652173913043478,1.0,"{""nevents"": 858.0, ""ndays_act"": 51.0, ""nchapters"": 12.0}"
HarvardX,3,aligned,0,5137,MCCE,bounded,MCCE_bounded,1,OK,0.0,0.016339778900146484,0.5652173913043478,1.0,"{""nevents"": 858.0, ""ndays_act"": 51.0, ""nchapters"": 12.0}"
HarvardX,3,aligned,0,5137,MCCE,bounded+edit,MCCE_bounded+edit,1,OK,0.0,0.016339778900146484,0.5652173913043478,1.0,"{""nevents"": 858.0, ""ndays_act"": 51.0, ""nchapters"": 12.0}"
HarvardX,3,aligned,0,5171,NICE,native,NICE_native,1,OK,0.0,0.0060787200927734375,0.5864422406620342,3.0,"{""nevents"": 67.0, ""ndays_act"": 20.0, ""nchapters"": 7.0}"
HarvardX,3,aligned,0,5171,NICE,bounded,NICE_bounded,1,OK,0.0,0.0060787200927734375,0.5864422406620342,3.0,"{""nevents"": 67.0, ""ndays_act"": 20.0, ""nchapters"": 7.0}"
HarvardX,3,aligned,0,5171,NICE,bounded+edit,NICE_bounded+edit,1,OK,0.0,0.0060787200927734375,0.5864422406620342,3.0,"{""nevents"": 67.0, ""ndays_act"": 20.0, ""nchapters"": 7.0}"
HarvardX,3,aligned,0,5171,MCCE,native,MCCE_native,1,OK,0.0,0.04216957092285156,0.7531089073287008,3.0,"{""nevents"": 67.0, ""ndays_act"": 20.0, ""nchapters"": 8.0}"
HarvardX,3,aligned,0,5171,MCCE,bounded,MCCE_bounded,1,OK,0.0,0.04216957092285156,0.7531089073287008,3.0,"{""nevents"": 67.0, ""ndays_act"": 20.0, ""nchapters"": 8.0}"
HarvardX,3,aligned,0,5171,MCCE,bounded+edit,MCCE_bounded+edit,1,OK,0.0,0.04216957092285156,0.7531089073287008,3.0,"{""nevents"": 67.0, ""ndays_act"": 20.0, ""nchapters"": 8.0}"
HarvardX,3,aligned,0,5195,NICE,native,NICE_native,0,out_of_bounds:nevents,0.0,0.004765987396240234,0.11772033634381812,2.0,"{""nevents"": 9.0, ""ndays_act"": 7.0, ""nchapters"": 12.0}"
HarvardX,3,aligned,0,5195,NICE,bounded,NICE_bounded,0,classifier_target_not_met,0.0,0.004765987396240234,0.05263157894736842,1.0,"{""nevents"": 53.0, ""ndays_act"": 7.0, ""nchapters"": 12.0}"
HarvardX,3,aligned,0,5195,NICE,bounded+edit,NICE_bounded+edit,0,classifier_target_not_met,0.0,0.004765987396240234,0.05263157894736842,1.0,"{""nevents"": 53.0, ""ndays_act"": 7.0, ""nchapters"": 12.0}"
HarvardX,3,aligned,0,5195,MCCE,native,MCCE_native,1,OK,0.0,0.026659727096557617,0.17543859649122806,1.0,"{""nevents"": 53.0, ""ndays_act"": 14.0, ""nchapters"": 12.0}"
HarvardX,3,aligned,0,5195,MCCE,bounded,MCCE_bounded,1,OK,0.0,0.026659727096557617,0.17543859649122806,1.0,"{""nevents"": 53.0, ""ndays_act"": 14.0, ""nchapters"": 12.0}"
HarvardX,3,aligned,0,5195,MCCE,bounded+edit,MCCE_bounded+edit,1,OK,0.0,0.026659727096557617,0.17543859649122806,1.0,"{""nevents"": 53.0, ""ndays_act"": 14.0, ""nchapters"": 12.0}"
HarvardX,3,aligned,0,5198,NICE,native,NICE_native,1,OK,0.0,0.0048999786376953125,0.3115659897885436,2.0,"{""nevents"": 56.0, ""ndays_act"": 16.0, ""nchapters"": 9.0}"
HarvardX,3,aligned,0,5198,NICE,bounded,NICE_bounded,1,OK,0.0,0.0048999786376953125,0.3115659897885436,2.0,"{""nevents"": 56.0, ""ndays_act"": 16.0, ""nchapters"": 9.0}"
HarvardX,3,aligned,0,5198,NICE,bounded+edit,NICE_bounded+edit,1,OK,0.0,0.0048999786376953125,0.3115659897885436,2.0,"{""nevents"": 56.0, ""ndays_act"": 16.0, ""nchapters"": 9.0}"
HarvardX,3,aligned,0,5198,MCCE,native,MCCE_native,1,OK,0.0,0.04310441017150879,0.4100669106847271,2.0,"{""nevents"": 66.0, ""ndays_act"": 21.0, ""nchapters"": 9.0}"
HarvardX,3,aligned,0,5198,MCCE,bounded,MCCE_bounded,1,OK,0.0,0.04310441017150879,0.4100669106847271,2.0,"{""nevents"": 66.0, ""ndays_act"": 21.0, ""nchapters"": 9.0}"
HarvardX,3,aligned,0,5198,MCCE,bounded+edit,MCCE_bounded+edit,1,OK,0.0,0.04310441017150879,0.4100669106847271,2.0,"{""nevents"": 66.0, ""ndays_act"": 21.0, ""nchapters"": 9.0}"
HarvardX,3,aligned,0,5209,NICE,native,NICE_native,1,OK,0.0,0.0034711360931396484,0.25,1.0,"{""nevents"": 12.0, ""ndays_act"": 16.0, ""nchapters"": 9.0}"
HarvardX,3,aligned,0,5209,NICE,bounded,NICE_bounded,1,OK,0.0,0.0034711360931396484,0.25,1.0,"{""nevents"": 12.0, ""ndays_act"": 16.0, ""nchapters"": 9.0}"
HarvardX,3,aligned,0,5209,NICE,bounded+edit,NICE_bounded+edit,1,OK,0.0,0.0034711360931396484,0.25,1.0,"{""nevents"": 12.0, ""ndays_act"": 16.0, ""nchapters"": 9.0}"
HarvardX,3,aligned,0,5209,MCCE,native,MCCE_native,1,OK,0.0,0.042426347732543945,0.4086471408647141,2.0,"{""nevents"": 66.0, ""ndays_act"": 21.0, ""nchapters"": 9.0}"
HarvardX,3,aligned,0,5209,MCCE,bounded,MCCE_bounded,1,OK,0.0,0.042426347732543945,0.4086471408647141,2.0,"{""nevents"": 66.0, ""ndays_act"": 21.0, ""nchapters"": 9.0}"
HarvardX,3,aligned,0,5209,MCCE,bounded+edit,MCCE_bounded+edit,1,OK,0.0,0.042426347732543945,0.4086471408647141,2.0,"{""nevents"": 66.0, ""ndays_act"": 21.0, ""nchapters"": 9.0}"
HarvardX,3,aligned,0,5281,NICE,native,NICE_native,1,OK,0.0,0.0047147274017333984,0.16904867012471028,2.0,"{""nevents"": 56.0, ""ndays_act"": 16.0, ""nchapters"": 9.0}"
HarvardX,3,aligned,0,5281,NICE,bounded,NICE_bounded,1,OK,0.0,0.0047147274017333984,0.16904867012471028,2.0,"{""nevents"": 56.0, ""ndays_act"": 16.0, ""nchapters"": 9.0}"
HarvardX,3,aligned,0,5281,NICE,bounded+edit,NICE_bounded+edit,1,OK,0.0,0.0047147274017333984,0.16904867012471028,2.0,"{""nevents"": 56.0, ""ndays_act"": 16.0, ""nchapters"": 9.0}"
HarvardX,3,aligned,0,5281,MCCE,native,MCCE_native,1,OK,0.0,0.04135417938232422,0.2795497185741088,2.0,"{""nevents"": 66.0, ""ndays_act"": 21.0, ""nchapters"": 9.0}"
HarvardX,3,aligned,0,5281,MCCE,bounded,MCCE_bounded,1,OK,0.0,0.04135417938232422,0.2795497185741088,2.0,"{""nevents"": 66.0, ""ndays_act"": 21.0, ""nchapters"": 9.0}"
HarvardX,3,aligned,0,5281,MCCE,bounded+edit,MCCE_bounded+edit,1,OK,0.0,0.04135417938232422,0.2795497185741088,2.0,"{""nevents"": 66.0, ""ndays_act"": 21.0, ""nchapters"": 9.0}"
HarvardX,3,aligned,0,5335,NICE,native,NICE_native,1,OK,0.0,0.004895448684692383,0.4197755739953675,2.0,"{""nevents"": 67.0, ""ndays_act"": 20.0, ""nchapters"": 7.0}"
HarvardX,3,aligned,0,5335,NICE,bounded,NICE_bounded,1,OK,0.0,0.004895448684692383,0.4197755739953675,2.0,"{""nevents"": 67.0, ""ndays_act"": 20.0, ""nchapters"": 7.0}"
HarvardX,3,aligned,0,5335,NICE,bounded+edit,NICE_bounded+edit,1,OK,0.0,0.004895448684692383,0.4197755739953675,2.0,"{""nevents"": 67.0, ""ndays_act"": 20.0, ""nchapters"": 7.0}"
HarvardX,3,aligned,0,5335,MCCE,native,MCCE_native,1,OK,0.0,0.03887319564819336,0.6197755739953675,3.0,"{""nevents"": 67.0, ""ndays_act"": 20.0, ""nchapters"": 8.0}"
HarvardX,3,aligned,0,5335,MCCE,bounded,MCCE_bounded,1,OK,0.0,0.03887319564819336,0.6197755739953675,3.0,"{""nevents"": 67.0, ""ndays_act"": 20.0, ""nchapters"": 8.0}"
HarvardX,3,aligned,0,5335,MCCE,bounded+edit,MCCE_bounded+edit,1,OK,0.0,0.03887319564819336,0.6197755739953675,3.0,"{""nevents"": 67.0, ""ndays_act"": 20.0, ""nchapters"": 8.0}"
HarvardX,3,aligned,0,5357,NICE,native,NICE_native,1,OK,0.0,0.005980968475341797,0.5864422406620342,3.0,"{""nevents"": 67.0, ""ndays_act"": 20.0, ""nchapters"": 7.0}"
HarvardX,3,aligned,0,5357,NICE,bounded,NICE_bounded,1,OK,0.0,0.005980968475341797,0.5864422406620342,3.0,"{""nevents"": 67.0, ""ndays_act"": 20.0, ""nchapters"": 7.0}"
HarvardX,3,aligned,0,5357,NICE,bounded+edit,NICE_bounded+edit,1,OK,0.0,0.005980968475341797,0.5864422406620342,3.0,"{""nevents"": 67.0, ""ndays_act"": 20.0, ""nchapters"": 7.0}"
HarvardX,3,aligned,0,5357,MCCE,native,MCCE_native,1,OK,0.0,0.03989267349243164,0.7531089073287008,3.0,"{""nevents"": 67.0, ""ndays_act"": 20.0, ""nchapters"": 8.0}"
HarvardX,3,aligned,0,5357,MCCE,bounded,MCCE_bounded,1,OK,0.0,0.03989267349243164,0.7531089073287008,3.0,"{""nevents"": 67.0, ""ndays_act"": 20.0, ""nchapters"": 8.0}"
HarvardX,3,aligned,0,5357,MCCE,bounded+edit,MCCE_bounded+edit,1,OK,0.0,0.03989267349243164,0.7531089073287008,3.0,"{""nevents"": 67.0, ""ndays_act"": 20.0, ""nchapters"": 8.0}"
HarvardX,3,aligned,0,5430,NICE,native,NICE_native,1,OK,0.0,0.00474858283996582,0.2791462668298653,2.0,"{""nevents"": 52.0, ""ndays_act"": 19.0, ""nchapters"": 8.0}"
HarvardX,3,aligned,0,5430,NICE,bounded,NICE_bounded,1,OK,0.0,0.00474858283996582,0.2791462668298653,2.0,"{""nevents"": 52.0, ""ndays_act"": 19.0, ""nchapters"": 8.0}"
HarvardX,3,aligned,0,5430,NICE,bounded+edit,NICE_bounded+edit,1,OK,0.0,0.00474858283996582,0.2791462668298653,2.0,"{""nevents"": 52.0, ""ndays_act"": 19.0, ""nchapters"": 8.0}"
HarvardX,3,aligned,0,5430,MCCE,native,MCCE_native,1,OK,0.0,0.04023146629333496,0.3184924520603835,2.0,"{""nevents"": 67.0, ""ndays_act"": 20.0, ""nchapters"": 8.0}"
HarvardX,3,aligned,0,5430,MCCE,bounded,MCCE_bounded,1,OK,0.0,0.04023146629333496,0.3184924520603835,2.0,"{""nevents"": 67.0, ""ndays_act"": 20.0, ""nchapters"": 8.0}"
HarvardX,3,aligned,0,5430,MCCE,bounded+edit,MCCE_bounded+edit,1,OK,0.0,0.04023146629333496,0.3184924520603835,2.0,"{""nevents"": 67.0, ""ndays_act"": 20.0, ""nchapters"": 8.0}"
HarvardX,3,aligned,0,5499,NICE,native,NICE_native,1,OK,0.0,0.0045702457427978516,0.3300859598853868,2.0,"{""nevents"": 52.0, ""ndays_act"": 19.0, ""nchapters"": 8.0}"
HarvardX,3,aligned,0,5499,NICE,bounded,NICE_bounded,1,OK,0.0,0.0045702457427978516,0.3300859598853868,2.0,"{""nevents"": 52.0, ""ndays_act"": 19.0, ""nchapters"": 8.0}"
HarvardX,3,aligned,0,5499,NICE,bounded+edit,NICE_bounded+edit,1,OK,0.0,0.0045702457427978516,0.3300859598853868,2.0,"{""nevents"": 52.0, ""ndays_act"": 19.0, ""nchapters"": 8.0}"
HarvardX,3,aligned,0,5499,MCCE,native,MCCE_native,1,OK,0.0,0.04048657417297363,0.36824259789875835,2.0,"{""nevents"": 67.0, ""ndays_act"": 20.0, ""nchapters"": 8.0}"
HarvardX,3,aligned,0,5499,MCCE,bounded,MCCE_bounded,1,OK,0.0,0.04048657417297363,0.36824259789875835,2.0,"{""nevents"": 67.0, ""ndays_act"": 20.0, ""nchapters"": 8.0}"
HarvardX,3,aligned,0,5499,MCCE,bounded+edit,MCCE_bounded+edit,1,OK,0.0,0.04048657417297363,0.36824259789875835,2.0,"{""nevents"": 67.0, ""ndays_act"": 20.0, ""nchapters"": 8.0}"
HarvardX,3,aligned,0,5509,NICE,native,NICE_native,1,OK,0.0,0.006601810455322266,0.12709977737300143,2.0,"{""nevents"": 9.0, ""ndays_act"": 7.0, ""nchapters"": 12.0}"
HarvardX,3,aligned,0,5509,NICE,bounded,NICE_bounded,1,OK,0.0,0.006601810455322266,0.12709977737300143,2.0,"{""nevents"": 9.0, ""ndays_act"": 7.0, ""nchapters"": 12.0}"
HarvardX,3,aligned,0,5509,NICE,bounded+edit,NICE_bounded+edit,1,OK,0.0,0.006601810455322266,0.12709977737300143,2.0,"{""nevents"": 9.0, ""ndays_act"": 7.0, ""nchapters"": 12.0}"
HarvardX,3,aligned,0,5509,MCCE,native,MCCE_native,1,OK,0.0,0.025794506072998047,0.12572803526051857,2.0,"{""nevents"": 8.0, ""ndays_act"": 7.0, ""nchapters"": 12.0}"
HarvardX,3,aligned,0,5509,MCCE,bounded,MCCE_bounded,1,OK,0.0,0.025794506072998047,0.12572803526051857,2.0,"{""nevents"": 8.0, ""ndays_act"": 7.0, ""nchapters"": 12.0}"
HarvardX,3,aligned,0,5509,MCCE,bounded+edit,MCCE_bounded+edit,1,OK,0.0,0.025794506072998047,0.12572803526051857,2.0,"{""nevents"": 8.0, ""ndays_act"": 7.0, ""nchapters"": 12.0}"
HarvardX,3,aligned,0,5530,NICE,native,NICE_native,1,OK,0.0,0.004809856414794922,0.4197755739953675,2.0,"{""nevents"": 67.0, ""ndays_act"": 20.0, ""nchapters"": 7.0}"
HarvardX,3,aligned,0,5530,NICE,bounded,NICE_bounded,1,OK,0.0,0.004809856414794922,0.4197755739953675,2.0,"{""nevents"": 67.0, ""ndays_act"": 20.0, ""nchapters"": 7.0}"
HarvardX,3,aligned,0,5530,NICE,bounded+edit,NICE_bounded+edit,1,OK,0.0,0.004809856414794922,0.4197755739953675,2.0,"{""nevents"": 67.0, ""ndays_act"": 20.0, ""nchapters"": 7.0}"
HarvardX,3,aligned,0,5530,MCCE,native,MCCE_native,1,OK,0.0,0.040586233139038086,0.6197755739953675,3.0,"{""nevents"": 67.0, ""ndays_act"": 20.0, ""nchapters"": 8.0}"
HarvardX,3,aligned,0,5530,MCCE,bounded,MCCE_bounded,1,OK,0.0,0.040586233139038086,0.6197755739953675,3.0,"{""nevents"": 67.0, ""ndays_act"": 20.0, ""nchapters"": 8.0}"
HarvardX,3,aligned,0,5530,MCCE,bounded+edit,MCCE_bounded+edit,1,OK,0.0,0.040586233139038086,0.6197755739953675,3.0,"{""nevents"": 67.0, ""ndays_act"": 20.0, ""nchapters"": 8.0}"
HarvardX,3,aligned,0,5542,NICE,native,NICE_native,1,OK,0.0,0.005017518997192383,0.33911264026625293,2.0,"{""nevents"": 56.0, ""ndays_act"": 16.0, ""nchapters"": 9.0}"
HarvardX,3,aligned,0,5542,NICE,bounded,NICE_bounded,1,OK,0.0,0.005017518997192383,0.33911264026625293,2.0,"{""nevents"": 56.0, ""ndays_act"": 16.0, ""nchapters"": 9.0}"
HarvardX,3,aligned,0,5542,NICE,bounded+edit,NICE_bounded+edit,1,OK,0.0,0.005017518997192383,0.33911264026625293,2.0,"{""nevents"": 56.0, ""ndays_act"": 16.0, ""nchapters"": 9.0}"
HarvardX,3,aligned,0,5542,MCCE,native,MCCE_native,1,OK,0.0,0.0403285026550293,0.4347972745058355,2.0,"{""nevents"": 66.0, ""ndays_act"": 21.0, ""nchapters"": 9.0}"
HarvardX,3,aligned,0,5542,MCCE,bounded,MCCE_bounded,1,OK,0.0,0.0403285026550293,0.4347972745058355,2.0,"{""nevents"": 66.0, ""ndays_act"": 21.0, ""nchapters"": 9.0}"
HarvardX,3,aligned,0,5542,MCCE,bounded+edit,MCCE_bounded+edit,1,OK,0.0,0.0403285026550293,0.4347972745058355,2.0,"{""nevents"": 66.0, ""ndays_act"": 21.0, ""nchapters"": 9.0}"
HarvardX,3,aligned,0,5555,NICE,native,NICE_native,1,OK,0.0,0.004569292068481445,0.15069725596041383,2.0,"{""nevents"": 56.0, ""ndays_act"": 16.0, ""nchapters"": 9.0}"
HarvardX,3,aligned,0,5555,NICE,bounded,NICE_bounded,1,OK,0.0,0.004569292068481445,0.15069725596041383,2.0,"{""nevents"": 56.0, ""ndays_act"": 16.0, ""nchapters"": 9.0}"
HarvardX,3,aligned,0,5555,NICE,bounded+edit,NICE_bounded+edit,1,OK,0.0,0.004569292068481445,0.15069725596041383,2.0,"{""nevents"": 56.0, ""ndays_act"": 16.0, ""nchapters"": 9.0}"
HarvardX,3,aligned,0,5555,MCCE,native,MCCE_native,1,OK,0.0,0.039836883544921875,0.2614709851551957,2.0,"{""nevents"": 66.0, ""ndays_act"": 21.0, ""nchapters"": 9.0}"
HarvardX,3,aligned,0,5555,MCCE,bounded,MCCE_bounded,1,OK,0.0,0.039836883544921875,0.2614709851551957,2.0,"{""nevents"": 66.0, ""ndays_act"": 21.0, ""nchapters"": 9.0}"
HarvardX,3,aligned,0,5555,MCCE,bounded+edit,MCCE_bounded+edit,1,OK,0.0,0.039836883544921875,0.2614709851551957,2.0,"{""nevents"": 66.0, ""ndays_act"": 21.0, ""nchapters"": 9.0}"
HarvardX,3,aligned,0,5586,NICE,native,NICE_native,0,out_of_bounds:nevents,0.0,0.0045855045318603516,0.07700534759358288,2.0,"{""nevents"": 9.0, ""ndays_act"": 7.0, ""nchapters"": 12.0}"
HarvardX,3,aligned,0,5586,NICE,bounded,NICE_bounded,0,classifier_target_not_met,0.0,0.0045855045318603516,0.01818181818181818,1.0,"{""nevents"": 49.0, ""ndays_act"": 7.0, ""nchapters"": 12.0}"
HarvardX,3,aligned,0,5586,NICE,bounded+edit,NICE_bounded+edit,0,classifier_target_not_met,0.0,0.0045855045318603516,0.01818181818181818,1.0,"{""nevents"": 49.0, ""ndays_act"": 7.0, ""nchapters"": 12.0}"
HarvardX,3,aligned,0,5586,MCCE,native,MCCE_native,0,out_of_bounds:nevents,0.0,0.025803565979003906,0.078475935828877,2.0,"{""nevents"": 8.0, ""ndays_act"": 7.0, ""nchapters"": 12.0}"
HarvardX,3,aligned,0,5586,MCCE,bounded,MCCE_bounded,1,OK,0.0,0.025803565979003906,0.15133689839572192,2.0,"{""nevents"": 53.0, ""ndays_act"": 14.0, ""nchapters"": 12.0}"
HarvardX,3,aligned,0,5586,MCCE,bounded+edit,MCCE_bounded+edit,1,OK,0.0,0.025803565979003906,0.15133689839572192,2.0,"{""nevents"": 53.0, ""ndays_act"": 14.0, ""nchapters"": 12.0}"
HarvardX,3,aligned,0,5646,NICE,native,NICE_native,1,OK,0.0,0.003957986831665039,0.20689655172413793,1.0,"{""nevents"": 48.0, ""ndays_act"": 15.0, ""nchapters"": 11.0}"
HarvardX,3,aligned,0,5646,NICE,bounded,NICE_bounded,1,OK,0.0,0.003957986831665039,0.20689655172413793,1.0,"{""nevents"": 48.0, ""ndays_act"": 15.0, ""nchapters"": 11.0}"
HarvardX,3,aligned,0,5646,NICE,bounded+edit,NICE_bounded+edit,1,OK,0.0,0.003957986831665039,0.20689655172413793,1.0,"{""nevents"": 48.0, ""ndays_act"": 15.0, ""nchapters"": 11.0}"
HarvardX,3,aligned,0,5646,MCCE,native,MCCE_native,1,OK,0.0,0.04133486747741699,0.29679983796647935,2.0,"{""nevents"": 74.0, ""ndays_act"": 18.0, ""nchapters"": 11.0}"
HarvardX,3,aligned,0,5646,MCCE,bounded,MCCE_bounded,1,OK,0.0,0.04133486747741699,0.29679983796647935,2.0,"{""nevents"": 74.0, ""ndays_act"": 18.0, ""nchapters"": 11.0}"
HarvardX,3,aligned,0,5646,MCCE,bounded+edit,MCCE_bounded+edit,1,OK,0.0,0.04133486747741699,0.29679983796647935,2.0,"{""nevents"": 74.0, ""ndays_act"": 18.0, ""nchapters"": 11.0}"
HarvardX,3,aligned,0,5692,NICE,native,NICE_native,0,out_of_bounds:nevents,0.0,0.004838705062866211,0.1868595744680851,2.0,"{""nevents"": 67.0, ""ndays_act"": 20.0, ""nchapters"": 7.0}"
HarvardX,3,aligned,0,5692,NICE,bounded,NICE_bounded,0,classifier_target_not_met,0.0,0.004838705062866211,0.1276595744680851,1.0,"{""nevents"": 104.0, ""ndays_act"": 20.0, ""nchapters"": 7.0}"
HarvardX,3,aligned,0,5692,NICE,bounded+edit,NICE_bounded+edit,0,classifier_target_not_met,0.0,0.004838705062866211,0.1276595744680851,1.0,"{""nevents"": 104.0, ""ndays_act"": 20.0, ""nchapters"": 7.0}"
HarvardX,3,aligned,0,5692,MCCE,native,MCCE_native,0,out_of_bounds:nevents,0.0,0.039560556411743164,0.3868595744680851,3.0,"{""nevents"": 67.0, ""ndays_act"": 20.0, ""nchapters"": 8.0}"
HarvardX,3,aligned,0,5692,MCCE,bounded,MCCE_bounded,1,OK,0.0,0.039560556411743164,0.5905361702127659,3.0,"{""nevents"": 130.0, ""ndays_act"": 21.0, ""nchapters"": 9.0}"
HarvardX,3,aligned,0,5692,MCCE,bounded+edit,MCCE_bounded+edit,1,OK,0.0,0.039560556411743164,0.5905361702127659,3.0,"{""nevents"": 130.0, ""ndays_act"": 21.0, ""nchapters"": 9.0}"
HarvardX,3,aligned,0,5762,NICE,native,NICE_native,1,OK,0.0,0.004469156265258789,0.09709144172421008,2.0,"{""nevents"": 9.0, ""ndays_act"": 7.0, ""nchapters"": 12.0}"
HarvardX,3,aligned,0,5762,NICE,bounded,NICE_bounded,1,OK,0.0,0.004469156265258789,0.09709144172421008,2.0,"{""nevents"": 9.0, ""ndays_act"": 7.0, ""nchapters"": 12.0}"
HarvardX,3,aligned,0,5762,NICE,bounded+edit,NICE_bounded+edit,1,OK,0.0,0.004469156265258789,0.09709144172421008,2.0,"{""nevents"": 9.0, ""ndays_act"": 7.0, ""nchapters"": 12.0}"
HarvardX,3,aligned,0,5762,MCCE,native,MCCE_native,1,OK,0.0,0.02524542808532715,0.09571969961172723,2.0,"{""nevents"": 8.0, ""ndays_act"": 7.0, ""nchapters"": 12.0}"
HarvardX,3,aligned,0,5762,MCCE,bounded,MCCE_bounded,1,OK,0.0,0.02524542808532715,0.09571969961172723,2.0,"{""nevents"": 8.0, ""ndays_act"": 7.0, ""nchapters"": 12.0}"
HarvardX,3,aligned,0,5762,MCCE,bounded+edit,MCCE_bounded+edit,1,OK,0.0,0.02524542808532715,0.09571969961172723,2.0,"{""nevents"": 8.0, ""ndays_act"": 7.0, ""nchapters"": 12.0}"
HarvardX,3,aligned,0,5765,NICE,native,NICE_native,1,OK,0.0,0.005280494689941406,0.12709977737300143,2.0,"{""nevents"": 9.0, ""ndays_act"": 7.0, ""nchapters"": 12.0}"
HarvardX,3,aligned,0,5765,NICE,bounded,NICE_bounded,1,OK,0.0,0.005280494689941406,0.12709977737300143,2.0,"{""nevents"": 9.0, ""ndays_act"": 7.0, ""nchapters"": 12.0}"
HarvardX,3,aligned,0,5765,NICE,bounded+edit,NICE_bounded+edit,1,OK,0.0,0.005280494689941406,0.12709977737300143,2.0,"{""nevents"": 9.0, ""ndays_act"": 7.0, ""nchapters"": 12.0}"
HarvardX,3,aligned,0,5765,MCCE,native,MCCE_native,1,OK,0.0,0.025580406188964844,0.12572803526051857,2.0,"{""nevents"": 8.0, ""ndays_act"": 7.0, ""nchapters"": 12.0}"
HarvardX,3,aligned,0,5765,MCCE,bounded,MCCE_bounded,1,OK,0.0,0.025580406188964844,0.12572803526051857,2.0,"{""nevents"": 8.0, ""ndays_act"": 7.0, ""nchapters"": 12.0}"
HarvardX,3,aligned,0,5765,MCCE,bounded+edit,MCCE_bounded+edit,1,OK,0.0,0.025580406188964844,0.12572803526051857,2.0,"{""nevents"": 8.0, ""ndays_act"": 7.0, ""nchapters"": 12.0}"
HarvardX,3,aligned,0,5807,NICE,native,NICE_native,1,OK,0.0,0.004658222198486328,0.26895043731778423,2.0,"{""nevents"": 56.0, ""ndays_act"": 16.0, ""nchapters"": 9.0}"
HarvardX,3,aligned,0,5807,NICE,bounded,NICE_bounded,1,OK,0.0,0.004658222198486328,0.26895043731778423,2.0,"{""nevents"": 56.0, ""ndays_act"": 16.0, ""nchapters"": 9.0}"
HarvardX,3,aligned,0,5807,NICE,bounded+edit,NICE_bounded+edit,1,OK,0.0,0.004658222198486328,0.26895043731778423,2.0,"{""nevents"": 56.0, ""ndays_act"": 16.0, ""nchapters"": 9.0}"
HarvardX,3,aligned,0,5807,MCCE,native,MCCE_native,1,OK,0.0,0.03988003730773926,0.36686103012633625,2.0,"{""nevents"": 66.0, ""ndays_act"": 21.0, ""nchapters"": 9.0}"
HarvardX,3,aligned,0,5807,MCCE,bounded,MCCE_bounded,1,OK,0.0,0.03988003730773926,0.36686103012633625,2.0,"{""nevents"": 66.0, ""ndays_act"": 21.0, ""nchapters"": 9.0}"
HarvardX,3,aligned,0,5807,MCCE,bounded+edit,MCCE_bounded+edit,1,OK,0.0,0.03988003730773926,0.36686103012633625,2.0,"{""nevents"": 66.0, ""ndays_act"": 21.0, ""nchapters"": 9.0}"
HarvardX,3,aligned,0,5834,NICE,native,NICE_native,0,out_of_bounds:nevents,0.0,0.0035941600799560547,0.21621621621621623,1.0,"{""nevents"": 9.0, ""ndays_act"": 8.0, ""nchapters"": 12.0}"
HarvardX,3,aligned,0,5834,NICE,bounded,NICE_bounded,0,classifier_target_not_met,0.0,0.0035941600799560547,0.0,0.0,"{""nevents"": 137.0, ""ndays_act"": 8.0, ""nchapters"": 12.0}"
HarvardX,3,aligned,0,5834,NICE,bounded+edit,NICE_bounded+edit,0,classifier_target_not_met,0.0,0.0035941600799560547,0.0,0.0,"{""nevents"": 137.0, ""ndays_act"": 8.0, ""nchapters"": 12.0}"
HarvardX,3,aligned,0,5834,MCCE,native,MCCE_native,1,OK,0.0,0.03479480743408203,0.32075471698113206,1.0,"{""nevents"": 137.0, ""ndays_act"": 25.0, ""nchapters"": 12.0}"
HarvardX,3,aligned,0,5834,MCCE,bounded,MCCE_bounded,1,OK,0.0,0.03479480743408203,0.32075471698113206,1.0,"{""nevents"": 137.0, ""ndays_act"": 25.0, ""nchapters"": 12.0}"
HarvardX,3,aligned,0,5834,MCCE,bounded+edit,MCCE_bounded+edit,1,OK,0.0,0.03479480743408203,0.32075471698113206,1.0,"{""nevents"": 137.0, ""ndays_act"": 25.0, ""nchapters"": 12.0}"
HarvardX,3,aligned,0,5887,NICE,native,NICE_native,1,OK,0.0,0.004936933517456055,0.2805744404552746,2.0,"{""nevents"": 52.0, ""ndays_act"": 19.0, ""nchapters"": 8.0}"
HarvardX,3,aligned,0,5887,NICE,bounded,NICE_bounded,1,OK,0.0,0.004936933517456055,0.2805744404552746,2.0,"{""nevents"": 52.0, ""ndays_act"": 19.0, ""nchapters"": 8.0}"
HarvardX,3,aligned,0,5887,NICE,bounded+edit,NICE_bounded+edit,1,OK,0.0,0.004936933517456055,0.2805744404552746,2.0,"{""nevents"": 52.0, ""ndays_act"": 19.0, ""nchapters"": 8.0}"
HarvardX,3,aligned,0,5887,MCCE,native,MCCE_native,1,OK,0.0,0.07249689102172852,0.31988898225243806,2.0,"{""nevents"": 67.0, ""ndays_act"": 20.0, ""nchapters"": 8.0}"
HarvardX,3,aligned,0,5887,MCCE,bounded,MCCE_bounded,1,OK,0.0,0.07249689102172852,0.31988898225243806,2.0,"{""nevents"": 67.0, ""ndays_act"": 20.0, ""nchapters"": 8.0}"
HarvardX,3,aligned,0,5887,MCCE,bounded+edit,MCCE_bounded+edit,1,OK,0.0,0.07249689102172852,0.31988898225243806,2.0,"{""nevents"": 67.0, ""ndays_act"": 20.0, ""nchapters"": 8.0}"
HarvardX,3,aligned,0,5889,NICE,native,NICE_native,1,OK,0.0,0.006907224655151367,0.5010769256258595,3.0,"{""nevents"": 67.0, ""ndays_act"": 20.0, ""nchapters"": 7.0}"
HarvardX,3,aligned,0,5889,NICE,bounded,NICE_bounded,1,OK,0.0,0.006907224655151367,0.5010769256258595,3.0,"{""nevents"": 67.0, ""ndays_act"": 20.0, ""nchapters"": 7.0}"
HarvardX,3,aligned,0,5889,NICE,bounded+edit,NICE_bounded+edit,1,OK,0.0,0.006907224655151367,0.5010769256258595,3.0,"{""nevents"": 67.0, ""ndays_act"": 20.0, ""nchapters"": 7.0}"
HarvardX,3,aligned,0,5889,MCCE,native,MCCE_native,1,OK,0.0,0.04132533073425293,0.9717514124293785,2.0,"{""nevents"": 47.0, ""ndays_act"": 20.0, ""nchapters"": 10.0}"
HarvardX,3,aligned,0,5889,MCCE,bounded,MCCE_bounded,1,OK,0.0,0.04132533073425293,0.9717514124293785,2.0,"{""nevents"": 47.0, ""ndays_act"": 20.0, ""nchapters"": 10.0}"
HarvardX,3,aligned,0,5889,MCCE,bounded+edit,MCCE_bounded+edit,1,OK,0.0,0.04132533073425293,0.9717514124293785,2.0,"{""nevents"": 47.0, ""ndays_act"": 20.0, ""nchapters"": 10.0}"
HarvardX,3,aligned,0,5935,NICE,native,NICE_native,0,out_of_bounds:nevents,0.0,0.0047147274017333984,0.32448979591836735,2.0,"{""nevents"": 9.0, ""ndays_act"": 7.0, ""nchapters"": 12.0}"
HarvardX,3,aligned,0,5935,NICE,bounded,NICE_bounded,0,classifier_target_not_met,0.0,0.0047147274017333984,0.1,1.0,"{""nevents"": 141.0, ""ndays_act"": 7.0, ""nchapters"": 12.0}"
HarvardX,3,aligned,0,5935,NICE,bounded+edit,NICE_bounded+edit,0,classifier_target_not_met,0.0,0.0047147274017333984,0.1,1.0,"{""nevents"": 141.0, ""ndays_act"": 7.0, ""nchapters"": 12.0}"
HarvardX,3,aligned,0,5935,MCCE,native,MCCE_native,0,out_of_bounds:nevents,0.0,0.027782440185546875,0.3261904761904762,2.0,"{""nevents"": 8.0, ""ndays_act"": 7.0, ""nchapters"": 12.0}"
HarvardX,3,aligned,0,5935,MCCE,bounded,MCCE_bounded,1,OK,0.0,0.027782440185546875,0.37006802721088433,2.0,"{""nevents"": 143.0, ""ndays_act"": 23.0, ""nchapters"": 12.0}"
HarvardX,3,aligned,0,5935,MCCE,bounded+edit,MCCE_bounded+edit,1,OK,0.0,0.027782440185546875,0.37006802721088433,2.0,"{""nevents"": 143.0, ""ndays_act"": 23.0, ""nchapters"": 12.0}"
HarvardX,3,aligned,0,5946,NICE,native,NICE_native,0,out_of_bounds:nevents,0.0,0.0036199092864990234,0.22568807339449543,1.0,"{""nevents"": 61.0, ""ndays_act"": 14.0, ""nchapters"": 12.0}"
HarvardX,3,aligned,0,5946,NICE,bounded,NICE_bounded,0,classifier_target_not_met,0.0,0.0036199092864990234,0.0,0.0,"{""nevents"": 184.0, ""ndays_act"": 14.0, ""nchapters"": 12.0}"
HarvardX,3,aligned,0,5946,NICE,bounded+edit,NICE_bounded+edit,0,classifier_target_not_met,0.0,0.0036199092864990234,0.0,0.0,"{""nevents"": 184.0, ""ndays_act"": 14.0, ""nchapters"": 12.0}"
HarvardX,3,aligned,0,5946,MCCE,native,MCCE_native,0,out_of_bounds:nevents,0.0,0.0268557071685791,0.22568807339449543,1.0,"{""nevents"": 61.0, ""ndays_act"": 14.0, ""nchapters"": 12.0}"
HarvardX,3,aligned,0,5946,MCCE,bounded,MCCE_bounded,1,OK,0.0,0.0268557071685791,0.3404255319148936,1.0,"{""nevents"": 184.0, ""ndays_act"": 30.0, ""nchapters"": 12.0}"
HarvardX,3,aligned,0,5946,MCCE,bounded+edit,MCCE_bounded+edit,1,OK,0.0,0.0268557071685791,0.3404255319148936,1.0,"{""nevents"": 184.0, ""ndays_act"": 30.0, ""nchapters"": 12.0}"
HarvardX,3,aligned,0,5949,NICE,native,NICE_native,1,OK,0.0,0.004930734634399414,0.4197755739953675,2.0,"{""nevents"": 67.0, ""ndays_act"": 20.0, ""nchapters"": 7.0}"
HarvardX,3,aligned,0,5949,NICE,bounded,NICE_bounded,1,OK,0.0,0.004930734634399414,0.4197755739953675,2.0,"{""nevents"": 67.0, ""ndays_act"": 20.0, ""nchapters"": 7.0}"
HarvardX,3,aligned,0,5949,NICE,bounded+edit,NICE_bounded+edit,1,OK,0.0,0.004930734634399414,0.4197755739953675,2.0,"{""nevents"": 67.0, ""ndays_act"": 20.0, ""nchapters"": 7.0}"
HarvardX,3,aligned,0,5949,MCCE,native,MCCE_native,1,OK,0.0,0.04539990425109863,0.6197755739953675,3.0,"{""nevents"": 67.0, ""ndays_act"": 20.0, ""nchapters"": 8.0}"
HarvardX,3,aligned,0,5949,MCCE,bounded,MCCE_bounded,1,OK,0.0,0.04539990425109863,0.6197755739953675,3.0,"{""nevents"": 67.0, ""ndays_act"": 20.0, ""nchapters"": 8.0}"
HarvardX,3,aligned,0,5949,MCCE,bounded+edit,MCCE_bounded+edit,1,OK,0.0,0.04539990425109863,0.6197755739953675,3.0,"{""nevents"": 67.0, ""ndays_act"": 20.0, ""nchapters"": 8.0}"
HarvardX,3,aligned,0,6012,NICE,native,NICE_native,1,OK,0.0,0.005461931228637695,0.3186039713058535,2.0,"{""nevents"": 53.0, ""ndays_act"": 15.0, ""nchapters"": 11.0}"
HarvardX,3,aligned,0,6012,NICE,bounded,NICE_bounded,1,OK,0.0,0.005461931228637695,0.3186039713058535,2.0,"{""nevents"": 53.0, ""ndays_act"": 15.0, ""nchapters"": 11.0}"
HarvardX,3,aligned,0,6012,NICE,bounded+edit,NICE_bounded+edit,1,OK,0.0,0.005461931228637695,0.3186039713058535,2.0,"{""nevents"": 53.0, ""ndays_act"": 15.0, ""nchapters"": 11.0}"
HarvardX,3,aligned,0,6012,MCCE,native,MCCE_native,1,OK,0.0,0.04192638397216797,0.3965908835368459,2.0,"{""nevents"": 74.0, ""ndays_act"": 18.0, ""nchapters"": 11.0}"
HarvardX,3,aligned,0,6012,MCCE,bounded,MCCE_bounded,1,OK,0.0,0.04192638397216797,0.3965908835368459,2.0,"{""nevents"": 74.0, ""ndays_act"": 18.0, ""nchapters"": 11.0}"
HarvardX,3,aligned,0,6012,MCCE,bounded+edit,MCCE_bounded+edit,1,OK,0.0,0.04192638397216797,0.3965908835368459,2.0,"{""nevents"": 74.0, ""ndays_act"": 18.0, ""nchapters"": 11.0}"
HarvardX,3,aligned,0,6070,NICE,native,NICE_native,0,out_of_bounds:nevents,0.0,0.004084110260009766,0.23076923076923078,1.0,"{""nevents"": 25.0, ""ndays_act"": 11.0, ""nchapters"": 12.0}"
HarvardX,3,aligned,0,6070,NICE,bounded,NICE_bounded,0,classifier_target_not_met,0.0,0.004084110260009766,0.0,0.0,"{""nevents"": 157.0, ""ndays_act"": 11.0, ""nchapters"": 12.0}"
HarvardX,3,aligned,0,6070,NICE,bounded+edit,NICE_bounded+edit,0,classifier_target_not_met,0.0,0.004084110260009766,0.0,0.0,"{""nevents"": 157.0, ""ndays_act"": 11.0, ""nchapters"": 12.0}"
HarvardX,3,aligned,0,6070,MCCE,native,MCCE_native,0,out_of_bounds:nevents,0.0,0.028678178787231445,0.22552447552447552,1.0,"{""nevents"": 28.0, ""ndays_act"": 11.0, ""nchapters"": 12.0}"
HarvardX,3,aligned,0,6070,MCCE,bounded,MCCE_bounded,1,OK,0.0,0.028678178787231445,0.280979020979021,2.0,"{""nevents"": 169.0, ""ndays_act"": 24.0, ""nchapters"": 12.0}"
HarvardX,3,aligned,0,6070,MCCE,bounded+edit,MCCE_bounded+edit,1,OK,0.0,0.028678178787231445,0.280979020979021,2.0,"{""nevents"": 169.0, ""ndays_act"": 24.0, ""nchapters"": 12.0}"
HarvardX,3,aligned,0,6099,NICE,native,NICE_native,0,out_of_bounds:nevents,0.0,0.006546974182128906,0.11784511784511785,1.0,"{""nevents"": 65.0, ""ndays_act"": 17.0, ""nchapters"": 12.0}"
HarvardX,3,aligned,0,6099,NICE,bounded,NICE_bounded,0,classifier_target_not_met,0.0,0.006546974182128906,0.0,0.0,"{""nevents"": 135.0, ""ndays_act"": 17.0, ""nchapters"": 12.0}"
HarvardX,3,aligned,0,6099,NICE,bounded+edit,NICE_bounded+edit,0,classifier_target_not_met,0.0,0.006546974182128906,0.0,0.0,"{""nevents"": 135.0, ""ndays_act"": 17.0, ""nchapters"": 12.0}"
HarvardX,3,aligned,0,6099,MCCE,native,MCCE_native,0,out_of_bounds:nevents,0.0,0.032989501953125,0.12289562289562289,1.0,"{""nevents"": 62.0, ""ndays_act"": 17.0, ""nchapters"": 12.0}"
HarvardX,3,aligned,0,6099,MCCE,bounded,MCCE_bounded,1,OK,0.0,0.032989501953125,0.14983164983164982,2.0,"{""nevents"": 143.0, ""ndays_act"": 23.0, ""nchapters"": 12.0}"
HarvardX,3,aligned,0,6099,MCCE,bounded+edit,MCCE_bounded+edit,1,OK,0.0,0.032989501953125,0.14983164983164982,2.0,"{""nevents"": 143.0, ""ndays_act"": 23.0, ""nchapters"": 12.0}"
HarvardX,3,aligned,0,6111,NICE,native,NICE_native,1,OK,0.0,0.005931854248046875,0.5864422406620342,3.0,"{""nevents"": 67.0, ""ndays_act"": 20.0, ""nchapters"": 7.0}"
HarvardX,3,aligned,0,6111,NICE,bounded,NICE_bounded,1,OK,0.0,0.005931854248046875,0.5864422406620342,3.0,"{""nevents"": 67.0, ""ndays_act"": 20.0, ""nchapters"": 7.0}"
HarvardX,3,aligned,0,6111,NICE,bounded+edit,NICE_bounded+edit,1,OK,0.0,0.005931854248046875,0.5864422406620342,3.0,"{""nevents"": 67.0, ""ndays_act"": 20.0, ""nchapters"": 7.0}"
HarvardX,3,aligned,0,6111,MCCE,native,MCCE_native,1,OK,0.0,0.040898799896240234,0.7531089073287008,3.0,"{""nevents"": 67.0, ""ndays_act"": 20.0, ""nchapters"": 8.0}"
HarvardX,3,aligned,0,6111,MCCE,bounded,MCCE_bounded,1,OK,0.0,0.040898799896240234,0.7531089073287008,3.0,"{""nevents"": 67.0, ""ndays_act"": 20.0, ""nchapters"": 8.0}"
HarvardX,3,aligned,0,6111,MCCE,bounded+edit,MCCE_bounded+edit,1,OK,0.0,0.040898799896240234,0.7531089073287008,3.0,"{""nevents"": 67.0, ""ndays_act"": 20.0, ""nchapters"": 8.0}"
HarvardX,3,aligned,0,6218,NICE,native,NICE_native,0,out_of_bounds:nevents,0.0,0.0035181045532226562,0.2796934865900383,1.0,"{""nevents"": 61.0, ""ndays_act"": 14.0, ""nchapters"": 12.0}"
HarvardX,3,aligned,0,6218,NICE,bounded,NICE_bounded,0,classifier_target_not_met,0.0,0.0035181045532226562,0.0,0.0,"{""nevents"": 207.0, ""ndays_act"": 14.0, ""nchapters"": 12.0}"
HarvardX,3,aligned,0,6218,NICE,bounded+edit,NICE_bounded+edit,0,classifier_target_not_met,0.0,0.0035181045532226562,0.0,0.0,"{""nevents"": 207.0, ""ndays_act"": 14.0, ""nchapters"": 12.0}"
HarvardX,3,aligned,0,6218,MCCE,native,MCCE_native,0,out_of_bounds:nevents,0.0,0.026393413543701172,0.2796934865900383,1.0,"{""nevents"": 61.0, ""ndays_act"": 14.0, ""nchapters"": 12.0}"
HarvardX,3,aligned,0,6218,MCCE,bounded,MCCE_bounded,1,OK,0.0,0.026393413543701172,0.2491644248797587,2.0,"{""nevents"": 226.0, ""ndays_act"": 24.0, ""nchapters"": 12.0}"
HarvardX,3,aligned,0,6218,MCCE,bounded+edit,MCCE_bounded+edit,1,OK,0.0,0.026393413543701172,0.2491644248797587,2.0,"{""nevents"": 226.0, ""ndays_act"": 24.0, ""nchapters"": 12.0}"
HarvardX,3,aligned,0,6245,NICE,native,NICE_native,0,out_of_bounds:nevents,0.0,0.004877567291259766,0.04090909090909091,2.0,"{""nevents"": 9.0, ""ndays_act"": 7.0, ""nchapters"": 12.0}"
HarvardX,3,aligned,0,6245,NICE,bounded,NICE_bounded,0,classifier_target_not_met,0.0,0.004877567291259766,0.01818181818181818,1.0,"{""nevents"": 25.0, ""ndays_act"": 7.0, ""nchapters"": 12.0}"
HarvardX,3,aligned,0,6245,NICE,bounded+edit,NICE_bounded+edit,0,classifier_target_not_met,0.0,0.004877567291259766,0.01818181818181818,1.0,"{""nevents"": 25.0, ""ndays_act"": 7.0, ""nchapters"": 12.0}"
HarvardX,3,aligned,0,6245,MCCE,native,MCCE_native,1,OK,0.0,0.026772022247314453,0.09090909090909091,1.0,"{""nevents"": 25.0, ""ndays_act"": 11.0, ""nchapters"": 12.0}"
HarvardX,3,aligned,0,6245,MCCE,bounded,MCCE_bounded,1,OK,0.0,0.026772022247314453,0.09090909090909091,1.0,"{""nevents"": 25.0, ""ndays_act"": 11.0, ""nchapters"": 12.0}"
HarvardX,3,aligned,0,6245,MCCE,bounded+edit,MCCE_bounded+edit,1,OK,0.0,0.026772022247314453,0.09090909090909091,1.0,"{""nevents"": 25.0, ""ndays_act"": 11.0, ""nchapters"": 12.0}"
HarvardX,3,aligned,0,6312,NICE,native,NICE_native,0,out_of_bounds:nevents,0.0,0.006810188293457031,0.3308138070042832,2.0,"{""nevents"": 67.0, ""ndays_act"": 20.0, ""nchapters"": 7.0}"
HarvardX,3,aligned,0,6312,NICE,bounded,NICE_bounded,0,classifier_target_not_met,0.0,0.006810188293457031,0.16326530612244897,1.0,"{""nevents"": 162.0, ""ndays_act"": 20.0, ""nchapters"": 7.0}"
HarvardX,3,aligned,0,6312,NICE,bounded+edit,NICE_bounded+edit,0,classifier_target_not_met,0.0,0.006810188293457031,0.16326530612244897,1.0,"{""nevents"": 162.0, ""ndays_act"": 20.0, ""nchapters"": 7.0}"
HarvardX,3,aligned,0,6312,MCCE,native,MCCE_native,0,out_of_bounds:nevents,0.0,0.04060077667236328,0.5308138070042832,3.0,"{""nevents"": 67.0, ""ndays_act"": 20.0, ""nchapters"": 8.0}"
HarvardX,3,aligned,0,6312,MCCE,bounded,MCCE_bounded,1,OK,0.0,0.04060077667236328,1.2976568405139832,3.0,"{""nevents"": 222.0, ""ndays_act"": 41.0, ""nchapters"": 10.0}"
HarvardX,3,aligned,0,6312,MCCE,bounded+edit,MCCE_bounded+edit,1,OK,0.0,0.04060077667236328,1.2976568405139832,3.0,"{""nevents"": 222.0, ""ndays_act"": 41.0, ""nchapters"": 10.0}"
HarvardX,3,aligned,0,6398,NICE,native,NICE_native,0,out_of_bounds:nevents,0.0,0.009615421295166016,0.683100414078675,3.0,"{""nevents"": 67.0, ""ndays_act"": 20.0, ""nchapters"": 7.0}"
HarvardX,3,aligned,0,6398,NICE,bounded,NICE_bounded,0,classifier_target_not_met,0.0,0.009615421295166016,0.3125,2.0,"{""nevents"": 246.0, ""ndays_act"": 20.0, ""nchapters"": 7.0}"
HarvardX,3,aligned,0,6398,NICE,bounded+edit,NICE_bounded+edit,0,classifier_target_not_met,0.0,0.009615421295166016,0.3125,2.0,"{""nevents"": 246.0, ""ndays_act"": 20.0, ""nchapters"": 7.0}"
HarvardX,3,aligned,0,6398,MCCE,native,MCCE_native,0,out_of_bounds:nevents,0.0,0.04308199882507324,0.8497670807453417,3.0,"{""nevents"": 67.0, ""ndays_act"": 20.0, ""nchapters"": 8.0}"
HarvardX,3,aligned,0,6398,MCCE,bounded,MCCE_bounded,1,OK,0.0,0.04308199882507324,1.345496894409938,3.0,"{""nevents"": 272.0, ""ndays_act"": 43.0, ""nchapters"": 10.0}"
HarvardX,3,aligned,0,6398,MCCE,bounded+edit,MCCE_bounded+edit,1,OK,0.0,0.04308199882507324,1.345496894409938,3.0,"{""nevents"": 272.0, ""ndays_act"": 43.0, ""nchapters"": 10.0}"
HarvardX,3,aligned,0,6401,NICE,native,NICE_native,1,OK,0.0,0.004935026168823242,0.4073260073260073,2.0,"{""nevents"": 67.0, ""ndays_act"": 20.0, ""nchapters"": 7.0}"
HarvardX,3,aligned,0,6401,NICE,bounded,NICE_bounded,1,OK,0.0,0.004935026168823242,0.4073260073260073,2.0,"{""nevents"": 67.0, ""ndays_act"": 20.0, ""nchapters"": 7.0}"
HarvardX,3,aligned,0,6401,NICE,bounded+edit,NICE_bounded+edit,1,OK,0.0,0.004935026168823242,0.4073260073260073,2.0,"{""nevents"": 67.0, ""ndays_act"": 20.0, ""nchapters"": 7.0}"
HarvardX,3,aligned,0,6401,MCCE,native,MCCE_native,1,OK,0.0,0.04073190689086914,0.6073260073260074,3.0,"{""nevents"": 67.0, ""ndays_act"": 20.0, ""nchapters"": 8.0}"
HarvardX,3,aligned,0,6401,MCCE,bounded,MCCE_bounded,1,OK,0.0,0.04073190689086914,0.6073260073260074,3.0,"{""nevents"": 67.0, ""ndays_act"": 20.0, ""nchapters"": 8.0}"
HarvardX,3,aligned,0,6401,MCCE,bounded+edit,MCCE_bounded+edit,1,OK,0.0,0.04073190689086914,0.6073260073260074,3.0,"{""nevents"": 67.0, ""ndays_act"": 20.0, ""nchapters"": 8.0}"
HarvardX,3,aligned,0,6416,NICE,native,NICE_native,1,OK,0.0,0.0037348270416259766,0.0847457627118644,1.0,"{""nevents"": 8.0, ""ndays_act"": 7.0, ""nchapters"": 12.0}"
HarvardX,3,aligned,0,6416,NICE,bounded,NICE_bounded,1,OK,0.0,0.0037348270416259766,0.0847457627118644,1.0,"{""nevents"": 8.0, ""ndays_act"": 7.0, ""nchapters"": 12.0}"
HarvardX,3,aligned,0,6416,NICE,bounded+edit,NICE_bounded+edit,1,OK,0.0,0.0037348270416259766,0.0847457627118644,1.0,"{""nevents"": 8.0, ""ndays_act"": 7.0, ""nchapters"": 12.0}"
HarvardX,3,aligned,0,6416,MCCE,native,MCCE_native,1,OK,0.0,0.02796030044555664,0.0847457627118644,1.0,"{""nevents"": 8.0, ""ndays_act"": 7.0, ""nchapters"": 12.0}"
HarvardX,3,aligned,0,6416,MCCE,bounded,MCCE_bounded,1,OK,0.0,0.02796030044555664,0.0847457627118644,1.0,"{""nevents"": 8.0, ""ndays_act"": 7.0, ""nchapters"": 12.0}"
HarvardX,3,aligned,0,6416,MCCE,bounded+edit,MCCE_bounded+edit,1,OK,0.0,0.02796030044555664,0.0847457627118644,1.0,"{""nevents"": 8.0, ""ndays_act"": 7.0, ""nchapters"": 12.0}"
HarvardX,3,aligned,0,6426,NICE,native,NICE_native,1,OK,0.0,0.0049686431884765625,0.3128654970760234,2.0,"{""nevents"": 67.0, ""ndays_act"": 20.0, ""nchapters"": 7.0}"
HarvardX,3,aligned,0,6426,NICE,bounded,NICE_bounded,1,OK,0.0,0.0049686431884765625,0.3128654970760234,2.0,"{""nevents"": 67.0, ""ndays_act"": 20.0, ""nchapters"": 7.0}"
HarvardX,3,aligned,0,6426,NICE,bounded+edit,NICE_bounded+edit,1,OK,0.0,0.0049686431884765625,0.3128654970760234,2.0,"{""nevents"": 67.0, ""ndays_act"": 20.0, ""nchapters"": 7.0}"
HarvardX,3,aligned,0,6426,MCCE,native,MCCE_native,1,OK,0.0,0.04130244255065918,0.5128654970760234,3.0,"{""nevents"": 67.0, ""ndays_act"": 20.0, ""nchapters"": 8.0}"
HarvardX,3,aligned,0,6426,MCCE,bounded,MCCE_bounded,1,OK,0.0,0.04130244255065918,0.5128654970760234,3.0,"{""nevents"": 67.0, ""ndays_act"": 20.0, ""nchapters"": 8.0}"
HarvardX,3,aligned,0,6426,MCCE,bounded+edit,MCCE_bounded+edit,1,OK,0.0,0.04130244255065918,0.5128654970760234,3.0,"{""nevents"": 67.0, ""ndays_act"": 20.0, ""nchapters"": 8.0}"
HarvardX,3,aligned,0,6436,NICE,native,NICE_native,1,OK,0.0,0.004555225372314453,0.33911264026625293,2.0,"{""nevents"": 56.0, ""ndays_act"": 16.0, ""nchapters"": 9.0}"
HarvardX,3,aligned,0,6436,NICE,bounded,NICE_bounded,1,OK,0.0,0.004555225372314453,0.33911264026625293,2.0,"{""nevents"": 56.0, ""ndays_act"": 16.0, ""nchapters"": 9.0}"
HarvardX,3,aligned,0,6436,NICE,bounded+edit,NICE_bounded+edit,1,OK,0.0,0.004555225372314453,0.33911264026625293,2.0,"{""nevents"": 56.0, ""ndays_act"": 16.0, ""nchapters"": 9.0}"
HarvardX,3,aligned,0,6436,MCCE,native,MCCE_native,1,OK,0.0,0.04092121124267578,0.4347972745058355,2.0,"{""nevents"": 66.0, ""ndays_act"": 21.0, ""nchapters"": 9.0}"
HarvardX,3,aligned,0,6436,MCCE,bounded,MCCE_bounded,1,OK,0.0,0.04092121124267578,0.4347972745058355,2.0,"{""nevents"": 66.0, ""ndays_act"": 21.0, ""nchapters"": 9.0}"
HarvardX,3,aligned,0,6436,MCCE,bounded+edit,MCCE_bounded+edit,1,OK,0.0,0.04092121124267578,0.4347972745058355,2.0,"{""nevents"": 66.0, ""ndays_act"": 21.0, ""nchapters"": 9.0}"
HarvardX,3,aligned,0,6464,NICE,native,NICE_native,1,OK,0.0,0.0057408809661865234,0.5220930611181661,3.0,"{""nevents"": 67.0, ""ndays_act"": 20.0, ""nchapters"": 7.0}"
HarvardX,3,aligned,0,6464,NICE,bounded,NICE_bounded,1,OK,0.0,0.0057408809661865234,0.5220930611181661,3.0,"{""nevents"": 67.0, ""ndays_act"": 20.0, ""nchapters"": 7.0}"
HarvardX,3,aligned,0,6464,NICE,bounded+edit,NICE_bounded+edit,1,OK,0.0,0.0057408809661865234,0.5220930611181661,3.0,"{""nevents"": 67.0, ""ndays_act"": 20.0, ""nchapters"": 7.0}"
HarvardX,3,aligned,0,6464,MCCE,native,MCCE_native,1,OK,0.0,0.044965505599975586,0.6887597277848327,3.0,"{""nevents"": 67.0, ""ndays_act"": 20.0, ""nchapters"": 8.0}"
HarvardX,3,aligned,0,6464,MCCE,bounded,MCCE_bounded,1,OK,0.0,0.044965505599975586,0.6887597277848327,3.0,"{""nevents"": 67.0, ""ndays_act"": 20.0, ""nchapters"": 8.0}"
HarvardX,3,aligned,0,6464,MCCE,bounded+edit,MCCE_bounded+edit,1,OK,0.0,0.044965505599975586,0.6887597277848327,3.0,"{""nevents"": 67.0, ""ndays_act"": 20.0, ""nchapters"": 8.0}"
HarvardX,3,aligned,0,6482,NICE,native,NICE_native,1,OK,0.0,0.004976034164428711,0.12709977737300143,2.0,"{""nevents"": 9.0, ""ndays_act"": 7.0, ""nchapters"": 12.0}"
HarvardX,3,aligned,0,6482,NICE,bounded,NICE_bounded,1,OK,0.0,0.004976034164428711,0.12709977737300143,2.0,"{""nevents"": 9.0, ""ndays_act"": 7.0, ""nchapters"": 12.0}"
HarvardX,3,aligned,0,6482,NICE,bounded+edit,NICE_bounded+edit,1,OK,0.0,0.004976034164428711,0.12709977737300143,2.0,"{""nevents"": 9.0, ""ndays_act"": 7.0, ""nchapters"": 12.0}"
HarvardX,3,aligned,0,6482,MCCE,native,MCCE_native,1,OK,0.0,0.026845693588256836,0.12572803526051857,2.0,"{""nevents"": 8.0, ""ndays_act"": 7.0, ""nchapters"": 12.0}"
HarvardX,3,aligned,0,6482,MCCE,bounded,MCCE_bounded,1,OK,0.0,0.026845693588256836,0.12572803526051857,2.0,"{""nevents"": 8.0, ""ndays_act"": 7.0, ""nchapters"": 12.0}"
HarvardX,3,aligned,0,6482,MCCE,bounded+edit,MCCE_bounded+edit,1,OK,0.0,0.026845693588256836,0.12572803526051857,2.0,"{""nevents"": 8.0, ""ndays_act"": 7.0, ""nchapters"": 12.0}"
HarvardX,3,aligned,0,6487,NICE,native,NICE_native,0,out_of_bounds:nevents,0.0,0.003541231155395508,1.0241691842900302,1.0,"{""nevents"": 59.0, ""ndays_act"": 16.0, ""nchapters"": 12.0}"
HarvardX,3,aligned,0,6487,NICE,bounded,NICE_bounded,0,classifier_target_not_met,0.0,0.003541231155395508,0.0,0.0,"{""nevents"": 398.0, ""ndays_act"": 16.0, ""nchapters"": 12.0}"
HarvardX,3,aligned,0,6487,NICE,bounded+edit,NICE_bounded+edit,0,classifier_target_not_met,0.0,0.003541231155395508,0.0,0.0,"{""nevents"": 398.0, ""ndays_act"": 16.0, ""nchapters"": 12.0}"
HarvardX,3,aligned,0,6487,MCCE,native,MCCE_native,0,out_of_bounds:nevents,0.0,0.025634050369262695,1.027190332326284,1.0,"{""nevents"": 58.0, ""ndays_act"": 16.0, ""nchapters"": 12.0}"
HarvardX,3,aligned,0,6487,MCCE,bounded,MCCE_bounded,1,OK,0.0,0.025634050369262695,0.9371601208459215,2.0,"{""nevents"": 642.0, ""ndays_act"": 25.0, ""nchapters"": 12.0}"
HarvardX,3,aligned,0,6487,MCCE,bounded+edit,MCCE_bounded+edit,1,OK,0.0,0.025634050369262695,0.9371601208459215,2.0,"{""nevents"": 642.0, ""ndays_act"": 25.0, ""nchapters"": 12.0}"
HarvardX,3,aligned,0,6512,NICE,native,NICE_native,1,OK,0.0,0.005145549774169922,0.3069761729304839,2.0,"{""nevents"": 52.0, ""ndays_act"": 19.0, ""nchapters"": 8.0}"
HarvardX,3,aligned,0,6512,NICE,bounded,NICE_bounded,1,OK,0.0,0.005145549774169922,0.3069761729304839,2.0,"{""nevents"": 52.0, ""ndays_act"": 19.0, ""nchapters"": 8.0}"
HarvardX,3,aligned,0,6512,NICE,bounded+edit,NICE_bounded+edit,1,OK,0.0,0.005145549774169922,0.3069761729304839,2.0,"{""nevents"": 52.0, ""ndays_act"": 19.0, ""nchapters"": 8.0}"
HarvardX,3,aligned,0,6512,MCCE,native,MCCE_native,1,OK,0.0,0.04003119468688965,0.3456644559076394,2.0,"{""nevents"": 67.0, ""ndays_act"": 20.0, ""nchapters"": 8.0}"
HarvardX,3,aligned,0,6512,MCCE,bounded,MCCE_bounded,1,OK,0.0,0.04003119468688965,0.3456644559076394,2.0,"{""nevents"": 67.0, ""ndays_act"": 20.0, ""nchapters"": 8.0}"
HarvardX,3,aligned,0,6512,MCCE,bounded+edit,MCCE_bounded+edit,1,OK,0.0,0.04003119468688965,0.3456644559076394,2.0,"{""nevents"": 67.0, ""ndays_act"": 20.0, ""nchapters"": 8.0}"
HarvardX,3,aligned,0,6572,NICE,native,NICE_native,0,out_of_bounds:nevents,0.0,0.003574848175048828,0.2575,1.0,"{""nevents"": 226.0, ""ndays_act"": 26.0, ""nchapters"": 12.0}"
HarvardX,3,aligned,0,6572,NICE,bounded,NICE_bounded,0,classifier_target_not_met,0.0,0.003574848175048828,0.0,0.0,"{""nevents"": 329.0, ""ndays_act"": 26.0, ""nchapters"": 12.0}"
HarvardX,3,aligned,0,6572,NICE,bounded+edit,NICE_bounded+edit,0,classifier_target_not_met,0.0,0.003574848175048828,0.0,0.0,"{""nevents"": 329.0, ""ndays_act"": 26.0, ""nchapters"": 12.0}"
HarvardX,3,aligned,0,6572,MCCE,native,MCCE_native,0,out_of_bounds:nevents,0.0,0.025768041610717773,0.2625,1.0,"{""nevents"": 224.0, ""ndays_act"": 26.0, ""nchapters"": 12.0}"
HarvardX,3,aligned,0,6572,MCCE,bounded,MCCE_bounded,1,OK,0.0,0.025768041610717773,0.18035714285714285,2.0,"{""nevents"": 344.0, ""ndays_act"": 31.0, ""nchapters"": 12.0}"
HarvardX,3,aligned,0,6572,MCCE,bounded+edit,MCCE_bounded+edit,1,OK,0.0,0.025768041610717773,0.18035714285714285,2.0,"{""nevents"": 344.0, ""ndays_act"": 31.0, ""nchapters"": 12.0}"
HarvardX,3,aligned,0,6614,NICE,native,NICE_native,0,out_of_bounds:nevents,0.0,0.004731416702270508,0.10169491525423728,2.0,"{""nevents"": 9.0, ""ndays_act"": 7.0, ""nchapters"": 12.0}"
HarvardX,3,aligned,0,6614,NICE,bounded,NICE_bounded,0,classifier_target_not_met,0.0,0.004731416702270508,0.0847457627118644,1.0,"{""nevents"": 21.0, ""ndays_act"": 7.0, ""nchapters"": 12.0}"
HarvardX,3,aligned,0,6614,NICE,bounded+edit,NICE_bounded+edit,0,classifier_target_not_met,0.0,0.004731416702270508,0.0847457627118644,1.0,"{""nevents"": 21.0, ""ndays_act"": 7.0, ""nchapters"": 12.0}"
HarvardX,3,aligned,0,6614,MCCE,native,MCCE_native,0,out_of_bounds:nevents,0.0,0.026035785675048828,0.10310734463276836,2.0,"{""nevents"": 8.0, ""ndays_act"": 7.0, ""nchapters"": 12.0}"
HarvardX,3,aligned,0,6614,MCCE,bounded,MCCE_bounded,1,OK,0.0,0.026035785675048828,0.15819209039548024,2.0,"{""nevents"": 25.0, ""ndays_act"": 11.0, ""nchapters"": 12.0}"
HarvardX,3,aligned,0,6614,MCCE,bounded+edit,MCCE_bounded+edit,1,OK,0.0,0.026035785675048828,0.15819209039548024,2.0,"{""nevents"": 25.0, ""ndays_act"": 11.0, ""nchapters"": 12.0}"
HarvardX,3,aligned,0,6637,NICE,native,NICE_native,0,out_of_bounds:nevents,0.0,0.004996061325073242,0.17836459274214972,2.0,"{""nevents"": 9.0, ""ndays_act"": 7.0, ""nchapters"": 12.0}"
HarvardX,3,aligned,0,6637,NICE,bounded,NICE_bounded,0,classifier_target_not_met,0.0,0.004996061325073242,0.06896551724137931,1.0,"{""nevents"": 80.0, ""ndays_act"": 7.0, ""nchapters"": 12.0}"
HarvardX,3,aligned,0,6637,NICE,bounded+edit,NICE_bounded+edit,0,classifier_target_not_met,0.0,0.004996061325073242,0.06896551724137931,1.0,"{""nevents"": 80.0, ""ndays_act"": 7.0, ""nchapters"": 12.0}"
HarvardX,3,aligned,0,6637,MCCE,native,MCCE_native,1,OK,0.0,0.026039600372314453,0.5172413793103449,1.0,"{""nevents"": 80.0, ""ndays_act"": 33.0, ""nchapters"": 12.0}"
HarvardX,3,aligned,0,6637,MCCE,bounded,MCCE_bounded,1,OK,0.0,0.026039600372314453,0.5172413793103449,1.0,"{""nevents"": 80.0, ""ndays_act"": 33.0, ""nchapters"": 12.0}"
HarvardX,3,aligned,0,6637,MCCE,bounded+edit,MCCE_bounded+edit,1,OK,0.0,0.026039600372314453,0.5172413793103449,1.0,"{""nevents"": 80.0, ""ndays_act"": 33.0, ""nchapters"": 12.0}"
HarvardX,3,aligned,0,6641,NICE,native,NICE_native,1,OK,0.0,0.0059354305267333984,0.5864422406620342,3.0,"{""nevents"": 67.0, ""ndays_act"": 20.0, ""nchapters"": 7.0}"
HarvardX,3,aligned,0,6641,NICE,bounded,NICE_bounded,1,OK,0.0,0.0059354305267333984,0.5864422406620342,3.0,"{""nevents"": 67.0, ""ndays_act"": 20.0, ""nchapters"": 7.0}"
HarvardX,3,aligned,0,6641,NICE,bounded+edit,NICE_bounded+edit,1,OK,0.0,0.0059354305267333984,0.5864422406620342,3.0,"{""nevents"": 67.0, ""ndays_act"": 20.0, ""nchapters"": 7.0}"
HarvardX,3,aligned,0,6641,MCCE,native,MCCE_native,1,OK,0.0,0.04170846939086914,0.7531089073287008,3.0,"{""nevents"": 67.0, ""ndays_act"": 20.0, ""nchapters"": 8.0}"
HarvardX,3,aligned,0,6641,MCCE,bounded,MCCE_bounded,1,OK,0.0,0.04170846939086914,0.7531089073287008,3.0,"{""nevents"": 67.0, ""ndays_act"": 20.0, ""nchapters"": 8.0}"
HarvardX,3,aligned,0,6641,MCCE,bounded+edit,MCCE_bounded+edit,1,OK,0.0,0.04170846939086914,0.7531089073287008,3.0,"{""nevents"": 67.0, ""ndays_act"": 20.0, ""nchapters"": 8.0}"
HarvardX,3,aligned,0,6643,NICE,native,NICE_native,0,out_of_bounds:nevents,0.0,0.004858255386352539,0.41883131009876867,2.0,"{""nevents"": 56.0, ""ndays_act"": 16.0, ""nchapters"": 9.0}"
HarvardX,3,aligned,0,6643,NICE,bounded,NICE_bounded,0,classifier_target_not_met,0.0,0.004858255386352539,0.0425531914893617,1.0,"{""nevents"": 240.0, ""ndays_act"": 16.0, ""nchapters"": 9.0}"
HarvardX,3,aligned,0,6643,NICE,bounded+edit,NICE_bounded+edit,0,classifier_target_not_met,0.0,0.004858255386352539,0.0425531914893617,1.0,"{""nevents"": 240.0, ""ndays_act"": 16.0, ""nchapters"": 9.0}"
HarvardX,3,aligned,0,6643,MCCE,native,MCCE_native,0,out_of_bounds:nevents,0.0,0.039760589599609375,0.37388504546838963,2.0,"{""nevents"": 130.0, ""ndays_act"": 21.0, ""nchapters"": 9.0}"
HarvardX,3,aligned,0,6643,MCCE,bounded,MCCE_bounded,1,OK,0.0,0.039760589599609375,1.015794282730714,3.0,"{""nevents"": 272.0, ""ndays_act"": 43.0, ""nchapters"": 10.0}"
HarvardX,3,aligned,0,6643,MCCE,bounded+edit,MCCE_bounded+edit,1,OK,0.0,0.039760589599609375,1.015794282730714,3.0,"{""nevents"": 272.0, ""ndays_act"": 43.0, ""nchapters"": 10.0}"
HarvardX,3,aligned,0,6663,NICE,native,NICE_native,1,OK,0.0,0.005845546722412109,0.5864422406620342,3.0,"{""nevents"": 67.0, ""ndays_act"": 20.0, ""nchapters"": 7.0}"
HarvardX,3,aligned,0,6663,NICE,bounded,NICE_bounded,1,OK,0.0,0.005845546722412109,0.5864422406620342,3.0,"{""nevents"": 67.0, ""ndays_act"": 20.0, ""nchapters"": 7.0}"
HarvardX,3,aligned,0,6663,NICE,bounded+edit,NICE_bounded+edit,1,OK,0.0,0.005845546722412109,0.5864422406620342,3.0,"{""nevents"": 67.0, ""ndays_act"": 20.0, ""nchapters"": 7.0}"
HarvardX,3,aligned,0,6663,MCCE,native,MCCE_native,1,OK,0.0,0.041699886322021484,0.7531089073287008,3.0,"{""nevents"": 67.0, ""ndays_act"": 20.0, ""nchapters"": 8.0}"
HarvardX,3,aligned,0,6663,MCCE,bounded,MCCE_bounded,1,OK,0.0,0.041699886322021484,0.7531089073287008,3.0,"{""nevents"": 67.0, ""ndays_act"": 20.0, ""nchapters"": 8.0}"
HarvardX,3,aligned,0,6663,MCCE,bounded+edit,MCCE_bounded+edit,1,OK,0.0,0.041699886322021484,0.7531089073287008,3.0,"{""nevents"": 67.0, ""ndays_act"": 20.0, ""nchapters"": 8.0}"
HarvardX,3,aligned,0,6679,NICE,native,NICE_native,0,out_of_bounds:nevents,0.0,0.0037071704864501953,0.15843270868824533,1.0,"{""nevents"": 49.0, ""ndays_act"": 13.0, ""nchapters"": 12.0}"
HarvardX,3,aligned,0,6679,NICE,bounded,NICE_bounded,0,classifier_target_not_met,0.0,0.0037071704864501953,0.0,0.0,"{""nevents"": 142.0, ""ndays_act"": 13.0, ""nchapters"": 12.0}"
HarvardX,3,aligned,0,6679,NICE,bounded+edit,NICE_bounded+edit,0,classifier_target_not_met,0.0,0.0037071704864501953,0.0,0.0,"{""nevents"": 142.0, ""ndays_act"": 13.0, ""nchapters"": 12.0}"
HarvardX,3,aligned,0,6679,MCCE,native,MCCE_native,0,out_of_bounds:nevents,0.0,0.026836633682250977,0.15882311186825668,2.0,"{""nevents"": 61.0, ""ndays_act"": 14.0, ""nchapters"": 12.0}"
HarvardX,3,aligned,0,6679,MCCE,bounded,MCCE_bounded,1,OK,0.0,0.026836633682250977,0.21003691084611018,2.0,"{""nevents"": 143.0, ""ndays_act"": 23.0, ""nchapters"": 12.0}"
HarvardX,3,aligned,0,6679,MCCE,bounded+edit,MCCE_bounded+edit,1,OK,0.0,0.026836633682250977,0.21003691084611018,2.0,"{""nevents"": 143.0, ""ndays_act"": 23.0, ""nchapters"": 12.0}"
HarvardX,3,aligned,0,6714,NICE,native,NICE_native,1,OK,0.0,0.005856037139892578,0.5864422406620342,3.0,"{""nevents"": 67.0, ""ndays_act"": 20.0, ""nchapters"": 7.0}"
HarvardX,3,aligned,0,6714,NICE,bounded,NICE_bounded,1,OK,0.0,0.005856037139892578,0.5864422406620342,3.0,"{""nevents"": 67.0, ""ndays_act"": 20.0, ""nchapters"": 7.0}"
HarvardX,3,aligned,0,6714,NICE,bounded+edit,NICE_bounded+edit,1,OK,0.0,0.005856037139892578,0.5864422406620342,3.0,"{""nevents"": 67.0, ""ndays_act"": 20.0, ""nchapters"": 7.0}"
HarvardX,3,aligned,0,6714,MCCE,native,MCCE_native,1,OK,0.0,0.04122757911682129,0.7531089073287008,3.0,"{""nevents"": 67.0, ""ndays_act"": 20.0, ""nchapters"": 8.0}"
HarvardX,3,aligned,0,6714,MCCE,bounded,MCCE_bounded,1,OK,0.0,0.04122757911682129,0.7531089073287008,3.0,"{""nevents"": 67.0, ""ndays_act"": 20.0, ""nchapters"": 8.0}"
HarvardX,3,aligned,0,6714,MCCE,bounded+edit,MCCE_bounded+edit,1,OK,0.0,0.04122757911682129,0.7531089073287008,3.0,"{""nevents"": 67.0, ""ndays_act"": 20.0, ""nchapters"": 8.0}"
HarvardX,3,aligned,0,6739,NICE,native,NICE_native,1,OK,0.0,0.004601478576660156,0.12709977737300143,2.0,"{""nevents"": 9.0, ""ndays_act"": 7.0, ""nchapters"": 12.0}"
HarvardX,3,aligned,0,6739,NICE,bounded,NICE_bounded,1,OK,0.0,0.004601478576660156,0.12709977737300143,2.0,"{""nevents"": 9.0, ""ndays_act"": 7.0, ""nchapters"": 12.0}"
HarvardX,3,aligned,0,6739,NICE,bounded+edit,NICE_bounded+edit,1,OK,0.0,0.004601478576660156,0.12709977737300143,2.0,"{""nevents"": 9.0, ""ndays_act"": 7.0, ""nchapters"": 12.0}"
HarvardX,3,aligned,0,6739,MCCE,native,MCCE_native,1,OK,0.0,0.026395797729492188,0.12572803526051857,2.0,"{""nevents"": 8.0, ""ndays_act"": 7.0, ""nchapters"": 12.0}"
HarvardX,3,aligned,0,6739,MCCE,bounded,MCCE_bounded,1,OK,0.0,0.026395797729492188,0.12572803526051857,2.0,"{""nevents"": 8.0, ""ndays_act"": 7.0, ""nchapters"": 12.0}"
HarvardX,3,aligned,0,6739,MCCE,bounded+edit,MCCE_bounded+edit,1,OK,0.0,0.026395797729492188,0.12572803526051857,2.0,"{""nevents"": 8.0, ""ndays_act"": 7.0, ""nchapters"": 12.0}"
HarvardX,3,aligned,0,6742,NICE,native,NICE_native,0,out_of_bounds:nevents,0.0,0.004559040069580078,0.24757683215130022,2.0,"{""nevents"": 233.0, ""ndays_act"": 24.0, ""nchapters"": 12.0}"
HarvardX,3,aligned,0,6742,NICE,bounded,NICE_bounded,0,classifier_target_not_met,0.0,0.004559040069580078,0.075,1.0,"{""nevents"": 306.0, ""ndays_act"": 24.0, ""nchapters"": 12.0}"
HarvardX,3,aligned,0,6742,NICE,bounded+edit,NICE_bounded+edit,0,classifier_target_not_met,0.0,0.004559040069580078,0.075,1.0,"{""nevents"": 306.0, ""ndays_act"": 24.0, ""nchapters"": 12.0}"
HarvardX,3,aligned,0,6742,MCCE,native,MCCE_native,0,out_of_bounds:nevents,0.0,0.025286436080932617,0.41371158392434987,1.0,"{""nevents"": 131.0, ""ndays_act"": 21.0, ""nchapters"": 12.0}"
HarvardX,3,aligned,0,6742,MCCE,bounded,MCCE_bounded,1,OK,0.0,0.025286436080932617,0.26891252955082745,2.0,"{""nevents"": 314.0, ""ndays_act"": 31.0, ""nchapters"": 12.0}"
HarvardX,3,aligned,0,6742,MCCE,bounded+edit,MCCE_bounded+edit,1,OK,0.0,0.025286436080932617,0.26891252955082745,2.0,"{""nevents"": 314.0, ""ndays_act"": 31.0, ""nchapters"": 12.0}"
HarvardX,3,aligned,0,6766,NICE,native,NICE_native,1,OK,0.0,0.004617929458618164,0.3662068965517241,2.0,"{""nevents"": 52.0, ""ndays_act"": 19.0, ""nchapters"": 8.0}"
HarvardX,3,aligned,0,6766,NICE,bounded,NICE_bounded,1,OK,0.0,0.004617929458618164,0.3662068965517241,2.0,"{""nevents"": 52.0, ""ndays_act"": 19.0, ""nchapters"": 8.0}"
HarvardX,3,aligned,0,6766,NICE,bounded+edit,NICE_bounded+edit,1,OK,0.0,0.004617929458618164,0.3662068965517241,2.0,"{""nevents"": 52.0, ""ndays_act"": 19.0, ""nchapters"": 8.0}"
HarvardX,3,aligned,0,6766,MCCE,native,MCCE_native,1,OK,0.0,0.03949737548828125,0.40356321839080456,2.0,"{""nevents"": 67.0, ""ndays_act"": 20.0, ""nchapters"": 8.0}"
HarvardX,3,aligned,0,6766,MCCE,bounded,MCCE_bounded,1,OK,0.0,0.03949737548828125,0.40356321839080456,2.0,"{""nevents"": 67.0, ""ndays_act"": 20.0, ""nchapters"": 8.0}"
HarvardX,3,aligned,0,6766,MCCE,bounded+edit,MCCE_bounded+edit,1,OK,0.0,0.03949737548828125,0.40356321839080456,2.0,"{""nevents"": 67.0, ""ndays_act"": 20.0, ""nchapters"": 8.0}"
HarvardX,3,aligned,0,6802,NICE,native,NICE_native,1,OK,0.0,0.0057621002197265625,0.5864422406620342,3.0,"{""nevents"": 67.0, ""ndays_act"": 20.0, ""nchapters"": 7.0}"
HarvardX,3,aligned,0,6802,NICE,bounded,NICE_bounded,1,OK,0.0,0.0057621002197265625,0.5864422406620342,3.0,"{""nevents"": 67.0, ""ndays_act"": 20.0, ""nchapters"": 7.0}"
HarvardX,3,aligned,0,6802,NICE,bounded+edit,NICE_bounded+edit,1,OK,0.0,0.0057621002197265625,0.5864422406620342,3.0,"{""nevents"": 67.0, ""ndays_act"": 20.0, ""nchapters"": 7.0}"
HarvardX,3,aligned,0,6802,MCCE,native,MCCE_native,1,OK,0.0,0.039404869079589844,0.7531089073287008,3.0,"{""nevents"": 67.0, ""ndays_act"": 20.0, ""nchapters"": 8.0}"
HarvardX,3,aligned,0,6802,MCCE,bounded,MCCE_bounded,1,OK,0.0,0.039404869079589844,0.7531089073287008,3.0,"{""nevents"": 67.0, ""ndays_act"": 20.0, ""nchapters"": 8.0}"
HarvardX,3,aligned,0,6802,MCCE,bounded+edit,MCCE_bounded+edit,1,OK,0.0,0.039404869079589844,0.7531089073287008,3.0,"{""nevents"": 67.0, ""ndays_act"": 20.0, ""nchapters"": 8.0}"
HarvardX,3,aligned,0,6859,NICE,native,NICE_native,1,OK,0.0,0.004547834396362305,0.33911264026625293,2.0,"{""nevents"": 56.0, ""ndays_act"": 16.0, ""nchapters"": 9.0}"
HarvardX,3,aligned,0,6859,NICE,bounded,NICE_bounded,1,OK,0.0,0.004547834396362305,0.33911264026625293,2.0,"{""nevents"": 56.0, ""ndays_act"": 16.0, ""nchapters"": 9.0}"
HarvardX,3,aligned,0,6859,NICE,bounded+edit,NICE_bounded+edit,1,OK,0.0,0.004547834396362305,0.33911264026625293,2.0,"{""nevents"": 56.0, ""ndays_act"": 16.0, ""nchapters"": 9.0}"
HarvardX,3,aligned,0,6859,MCCE,native,MCCE_native,1,OK,0.0,0.03999614715576172,0.4347972745058355,2.0,"{""nevents"": 66.0, ""ndays_act"": 21.0, ""nchapters"": 9.0}"
HarvardX,3,aligned,0,6859,MCCE,bounded,MCCE_bounded,1,OK,0.0,0.03999614715576172,0.4347972745058355,2.0,"{""nevents"": 66.0, ""ndays_act"": 21.0, ""nchapters"": 9.0}"
HarvardX,3,aligned,0,6859,MCCE,bounded+edit,MCCE_bounded+edit,1,OK,0.0,0.03999614715576172,0.4347972745058355,2.0,"{""nevents"": 66.0, ""ndays_act"": 21.0, ""nchapters"": 9.0}"
HarvardX,3,aligned,0,6906,NICE,native,NICE_native,0,out_of_bounds:nevents,0.0,0.0046844482421875,0.2443006154468491,2.0,"{""nevents"": 52.0, ""ndays_act"": 19.0, ""nchapters"": 8.0}"
HarvardX,3,aligned,0,6906,NICE,bounded,NICE_bounded,0,classifier_target_not_met,0.0,0.0046844482421875,0.20754716981132076,1.0,"{""nevents"": 76.0, ""ndays_act"": 19.0, ""nchapters"": 8.0}"
HarvardX,3,aligned,0,6906,NICE,bounded+edit,NICE_bounded+edit,0,classifier_target_not_met,0.0,0.0046844482421875,0.20754716981132076,1.0,"{""nevents"": 76.0, ""ndays_act"": 19.0, ""nchapters"": 8.0}"
HarvardX,3,aligned,0,6906,MCCE,native,MCCE_native,0,out_of_bounds:nevents,0.0,0.04070854187011719,0.24019763645294578,2.0,"{""nevents"": 67.0, ""ndays_act"": 20.0, ""nchapters"": 8.0}"
HarvardX,3,aligned,0,6906,MCCE,bounded,MCCE_bounded,1,OK,0.0,0.04070854187011719,0.5779782715478633,3.0,"{""nevents"": 130.0, ""ndays_act"": 21.0, ""nchapters"": 9.0}"
HarvardX,3,aligned,0,6906,MCCE,bounded+edit,MCCE_bounded+edit,1,OK,0.0,0.04070854187011719,0.5779782715478633,3.0,"{""nevents"": 130.0, ""ndays_act"": 21.0, ""nchapters"": 9.0}"
HarvardX,3,aligned,0,6907,NICE,native,NICE_native,0,out_of_bounds:nevents,0.0,0.003476381301879883,0.031055900621118012,1.0,"{""nevents"": 65.0, ""ndays_act"": 17.0, ""nchapters"": 12.0}"
HarvardX,3,aligned,0,6907,NICE,bounded,NICE_bounded,0,classifier_target_not_met,0.0,0.003476381301879883,0.0,0.0,"{""nevents"": 85.0, ""ndays_act"": 17.0, ""nchapters"": 12.0}"
HarvardX,3,aligned,0,6907,NICE,bounded+edit,NICE_bounded+edit,0,classifier_target_not_met,0.0,0.003476381301879883,0.0,0.0,"{""nevents"": 85.0, ""ndays_act"": 17.0, ""nchapters"": 12.0}"
HarvardX,3,aligned,0,6907,MCCE,native,MCCE_native,0,out_of_bounds:nevents,0.0,0.026268482208251953,0.03571428571428571,1.0,"{""nevents"": 62.0, ""ndays_act"": 17.0, ""nchapters"": 12.0}"
HarvardX,3,aligned,0,6907,MCCE,bounded,MCCE_bounded,1,OK,0.0,0.026268482208251953,0.051665725578769056,2.0,"{""nevents"": 89.0, ""ndays_act"": 19.0, ""nchapters"": 12.0}"
HarvardX,3,aligned,0,6907,MCCE,bounded+edit,MCCE_bounded+edit,1,OK,0.0,0.026268482208251953,0.051665725578769056,2.0,"{""nevents"": 89.0, ""ndays_act"": 19.0, ""nchapters"": 12.0}"
HarvardX,3,aligned,0,6972,NICE,native,NICE_native,1,OK,0.0,0.003520488739013672,0.0625,1.0,"{""nevents"": 332.0, ""ndays_act"": 31.0, ""nchapters"": 12.0}"
HarvardX,3,aligned,0,6972,NICE,bounded,NICE_bounded,1,OK,0.0,0.003520488739013672,0.0625,1.0,"{""nevents"": 332.0, ""ndays_act"": 31.0, ""nchapters"": 12.0}"
HarvardX,3,aligned,0,6972,NICE,bounded+edit,NICE_bounded+edit,1,OK,0.0,0.003520488739013672,0.0625,1.0,"{""nevents"": 332.0, ""ndays_act"": 31.0, ""nchapters"": 12.0}"
HarvardX,3,aligned,0,6972,MCCE,native,MCCE_native,0,out_of_bounds:nevents,0.0,0.02549147605895996,0.3954659949622166,1.0,"{""nevents"": 175.0, ""ndays_act"": 29.0, ""nchapters"": 12.0}"
HarvardX,3,aligned,0,6972,MCCE,bounded,MCCE_bounded,1,OK,0.0,0.02549147605895996,0.09272670025188917,2.0,"{""nevents"": 344.0, ""ndays_act"": 31.0, ""nchapters"": 12.0}"
HarvardX,3,aligned,0,6972,MCCE,bounded+edit,MCCE_bounded+edit,1,OK,0.0,0.02549147605895996,0.09272670025188917,2.0,"{""nevents"": 344.0, ""ndays_act"": 31.0, ""nchapters"": 12.0}"
HarvardX,3,aligned,0,6976,NICE,native,NICE_native,0,out_of_bounds:nevents,0.0,0.004759550094604492,0.10313331575288279,2.0,"{""nevents"": 9.0, ""ndays_act"": 7.0, ""nchapters"": 12.0}"
HarvardX,3,aligned,0,6976,NICE,bounded,NICE_bounded,0,classifier_target_not_met,0.0,0.004759550094604492,0.0847457627118644,1.0,"{""nevents"": 22.0, ""ndays_act"": 7.0, ""nchapters"": 12.0}"
HarvardX,3,aligned,0,6976,NICE,bounded+edit,NICE_bounded+edit,0,classifier_target_not_met,0.0,0.004759550094604492,0.0847457627118644,1.0,"{""nevents"": 22.0, ""ndays_act"": 7.0, ""nchapters"": 12.0}"
HarvardX,3,aligned,0,6976,MCCE,native,MCCE_native,0,out_of_bounds:nevents,0.0,0.02586841583251953,0.10454774290988421,2.0,"{""nevents"": 8.0, ""ndays_act"": 7.0, ""nchapters"": 12.0}"
HarvardX,3,aligned,0,6976,MCCE,bounded,MCCE_bounded,1,OK,0.0,0.02586841583251953,0.1567856543523602,2.0,"{""nevents"": 25.0, ""ndays_act"": 11.0, ""nchapters"": 12.0}"
HarvardX,3,aligned,0,6976,MCCE,bounded+edit,MCCE_bounded+edit,1,OK,0.0,0.02586841583251953,0.1567856543523602,2.0,"{""nevents"": 25.0, ""ndays_act"": 11.0, ""nchapters"": 12.0}"
HarvardX,3,aligned,0,7020,NICE,native,NICE_native,1,OK,0.0,0.0044438838958740234,0.12709977737300143,2.0,"{""nevents"": 9.0, ""ndays_act"": 7.0, ""nchapters"": 12.0}"
HarvardX,3,aligned,0,7020,NICE,bounded,NICE_bounded,1,OK,0.0,0.0044438838958740234,0.12709977737300143,2.0,"{""nevents"": 9.0, ""ndays_act"": 7.0, ""nchapters"": 12.0}"
HarvardX,3,aligned,0,7020,NICE,bounded+edit,NICE_bounded+edit,1,OK,0.0,0.0044438838958740234,0.12709977737300143,2.0,"{""nevents"": 9.0, ""ndays_act"": 7.0, ""nchapters"": 12.0}"
HarvardX,3,aligned,0,7020,MCCE,native,MCCE_native,1,OK,0.0,0.025545597076416016,0.12572803526051857,2.0,"{""nevents"": 8.0, ""ndays_act"": 7.0, ""nchapters"": 12.0}"
HarvardX,3,aligned,0,7020,MCCE,bounded,MCCE_bounded,1,OK,0.0,0.025545597076416016,0.12572803526051857,2.0,"{""nevents"": 8.0, ""ndays_act"": 7.0, ""nchapters"": 12.0}"
HarvardX,3,aligned,0,7020,MCCE,bounded+edit,MCCE_bounded+edit,1,OK,0.0,0.025545597076416016,0.12572803526051857,2.0,"{""nevents"": 8.0, ""ndays_act"": 7.0, ""nchapters"": 12.0}"
HarvardX,3,aligned,0,7023,NICE,native,NICE_native,0,out_of_bounds:nevents,0.0,0.057053565979003906,0.08967851099830795,1.0,"{""nevents"": 85.0, ""ndays_act"": 20.0, ""nchapters"": 10.0}"
HarvardX,3,aligned,0,7023,NICE,bounded,NICE_bounded,0,classifier_target_not_met,0.0,0.057053565979003906,0.0,0.0,"{""nevents"": 138.0, ""ndays_act"": 20.0, ""nchapters"": 10.0}"
HarvardX,3,aligned,0,7023,NICE,bounded+edit,NICE_bounded+edit,0,classifier_target_not_met,0.0,0.057053565979003906,0.0,0.0,"{""nevents"": 138.0, ""ndays_act"": 20.0, ""nchapters"": 10.0}"
HarvardX,3,aligned,0,7023,MCCE,native,MCCE_native,0,out_of_bounds:nevents,0.0,0.07819581031799316,0.15397631133671744,1.0,"{""nevents"": 47.0, ""ndays_act"": 20.0, ""nchapters"": 10.0}"
HarvardX,3,aligned,0,7023,MCCE,bounded,MCCE_bounded,1,OK,0.0,0.07819581031799316,0.654327101646651,2.0,"{""nevents"": 222.0, ""ndays_act"": 41.0, ""nchapters"": 10.0}"
HarvardX,3,aligned,0,7023,MCCE,bounded+edit,MCCE_bounded+edit,1,OK,0.0,0.07819581031799316,0.654327101646651,2.0,"{""nevents"": 222.0, ""ndays_act"": 41.0, ""nchapters"": 10.0}"
HarvardX,3,aligned,0,7068,NICE,native,NICE_native,0,out_of_bounds:nevents,0.0,0.008066415786743164,0.1903949985791418,2.0,"{""nevents"": 67.0, ""ndays_act"": 20.0, ""nchapters"": 7.0}"
HarvardX,3,aligned,0,7068,NICE,bounded,NICE_bounded,0,classifier_target_not_met,0.0,0.008066415786743164,0.10869565217391304,1.0,"{""nevents"": 117.0, ""ndays_act"": 20.0, ""nchapters"": 7.0}"
HarvardX,3,aligned,0,7068,NICE,bounded+edit,NICE_bounded+edit,0,classifier_target_not_met,0.0,0.008066415786743164,0.10869565217391304,1.0,"{""nevents"": 117.0, ""ndays_act"": 20.0, ""nchapters"": 7.0}"
HarvardX,3,aligned,0,7068,MCCE,native,MCCE_native,0,out_of_bounds:nevents,0.0,0.10480070114135742,1.1045751633986929,2.0,"{""nevents"": 53.0, ""ndays_act"": 15.0, ""nchapters"": 12.0}"
HarvardX,3,aligned,0,7068,MCCE,bounded,MCCE_bounded,1,OK,0.0,0.10480070114135742,0.5516766126740551,3.0,"{""nevents"": 130.0, ""ndays_act"": 21.0, ""nchapters"": 9.0}"
HarvardX,3,aligned,0,7068,MCCE,bounded+edit,MCCE_bounded+edit,1,OK,0.0,0.10480070114135742,0.5516766126740551,3.0,"{""nevents"": 130.0, ""ndays_act"": 21.0, ""nchapters"": 9.0}"
HarvardX,3,aligned,0,7087,NICE,native,NICE_native,0,out_of_bounds:nevents,0.0,0.005825042724609375,0.39243474714518756,3.0,"{""nevents"": 67.0, ""ndays_act"": 20.0, ""nchapters"": 7.0}"
HarvardX,3,aligned,0,7087,NICE,bounded,NICE_bounded,0,classifier_target_not_met,0.0,0.005825042724609375,0.3125,2.0,"{""nevents"": 116.0, ""ndays_act"": 20.0, ""nchapters"": 7.0}"
HarvardX,3,aligned,0,7087,NICE,bounded+edit,NICE_bounded+edit,0,classifier_target_not_met,0.0,0.005825042724609375,0.3125,2.0,"{""nevents"": 116.0, ""ndays_act"": 20.0, ""nchapters"": 7.0}"
HarvardX,3,aligned,0,7087,MCCE,native,MCCE_native,1,OK,0.0,0.03971529006958008,1.1666666666666667,2.0,"{""nevents"": 116.0, ""ndays_act"": 21.0, ""nchapters"": 12.0}"
HarvardX,3,aligned,0,7087,MCCE,bounded,MCCE_bounded,1,OK,0.0,0.03971529006958008,1.1666666666666667,2.0,"{""nevents"": 116.0, ""ndays_act"": 21.0, ""nchapters"": 12.0}"
HarvardX,3,aligned,0,7087,MCCE,bounded+edit,MCCE_bounded+edit,1,OK,0.0,0.03971529006958008,1.1666666666666667,2.0,"{""nevents"": 116.0, ""ndays_act"": 21.0, ""nchapters"": 12.0}"
HarvardX,3,aligned,0,7129,NICE,native,NICE_native,1,OK,0.0,0.004827976226806641,0.12709977737300143,2.0,"{""nevents"": 9.0, ""ndays_act"": 7.0, ""nchapters"": 12.0}"
HarvardX,3,aligned,0,7129,NICE,bounded,NICE_bounded,1,OK,0.0,0.004827976226806641,0.12709977737300143,2.0,"{""nevents"": 9.0, ""ndays_act"": 7.0, ""nchapters"": 12.0}"
HarvardX,3,aligned,0,7129,NICE,bounded+edit,NICE_bounded+edit,1,OK,0.0,0.004827976226806641,0.12709977737300143,2.0,"{""nevents"": 9.0, ""ndays_act"": 7.0, ""nchapters"": 12.0}"
HarvardX,3,aligned,0,7129,MCCE,native,MCCE_native,1,OK,0.0,0.026155471801757812,0.12572803526051857,2.0,"{""nevents"": 8.0, ""ndays_act"": 7.0, ""nchapters"": 12.0}"
HarvardX,3,aligned,0,7129,MCCE,bounded,MCCE_bounded,1,OK,0.0,0.026155471801757812,0.12572803526051857,2.0,"{""nevents"": 8.0, ""ndays_act"": 7.0, ""nchapters"": 12.0}"
HarvardX,3,aligned,0,7129,MCCE,bounded+edit,MCCE_bounded+edit,1,OK,0.0,0.026155471801757812,0.12572803526051857,2.0,"{""nevents"": 8.0, ""ndays_act"": 7.0, ""nchapters"": 12.0}"
HarvardX,3,aligned,0,7151,NICE,native,NICE_native,1,OK,0.0,0.004685401916503906,0.36877579092159557,2.0,"{""nevents"": 52.0, ""ndays_act"": 19.0, ""nchapters"": 8.0}"
HarvardX,3,aligned,0,7151,NICE,bounded,NICE_bounded,1,OK,0.0,0.004685401916503906,0.36877579092159557,2.0,"{""nevents"": 52.0, ""ndays_act"": 19.0, ""nchapters"": 8.0}"
HarvardX,3,aligned,0,7151,NICE,bounded+edit,NICE_bounded+edit,1,OK,0.0,0.004685401916503906,0.36877579092159557,2.0,"{""nevents"": 52.0, ""ndays_act"": 19.0, ""nchapters"": 8.0}"
HarvardX,3,aligned,0,7151,MCCE,native,MCCE_native,1,OK,0.0,0.04055333137512207,0.4060751948647409,2.0,"{""nevents"": 67.0, ""ndays_act"": 20.0, ""nchapters"": 8.0}"
HarvardX,3,aligned,0,7151,MCCE,bounded,MCCE_bounded,1,OK,0.0,0.04055333137512207,0.4060751948647409,2.0,"{""nevents"": 67.0, ""ndays_act"": 20.0, ""nchapters"": 8.0}"
HarvardX,3,aligned,0,7151,MCCE,bounded+edit,MCCE_bounded+edit,1,OK,0.0,0.04055333137512207,0.4060751948647409,2.0,"{""nevents"": 67.0, ""ndays_act"": 20.0, ""nchapters"": 8.0}"
HarvardX,3,aligned,0,7171,NICE,native,NICE_native,1,OK,0.0,0.004709959030151367,0.32300275482093666,2.0,"{""nevents"": 56.0, ""ndays_act"": 16.0, ""nchapters"": 9.0}"
HarvardX,3,aligned,0,7171,NICE,bounded,NICE_bounded,1,OK,0.0,0.004709959030151367,0.32300275482093666,2.0,"{""nevents"": 56.0, ""ndays_act"": 16.0, ""nchapters"": 9.0}"
HarvardX,3,aligned,0,7171,NICE,bounded+edit,NICE_bounded+edit,1,OK,0.0,0.004709959030151367,0.32300275482093666,2.0,"{""nevents"": 56.0, ""ndays_act"": 16.0, ""nchapters"": 9.0}"
HarvardX,3,aligned,0,7171,MCCE,native,MCCE_native,1,OK,0.0,0.04068398475646973,0.42011019283746553,2.0,"{""nevents"": 66.0, ""ndays_act"": 21.0, ""nchapters"": 9.0}"
HarvardX,3,aligned,0,7171,MCCE,bounded,MCCE_bounded,1,OK,0.0,0.04068398475646973,0.42011019283746553,2.0,"{""nevents"": 66.0, ""ndays_act"": 21.0, ""nchapters"": 9.0}"
HarvardX,3,aligned,0,7171,MCCE,bounded+edit,MCCE_bounded+edit,1,OK,0.0,0.04068398475646973,0.42011019283746553,2.0,"{""nevents"": 66.0, ""ndays_act"": 21.0, ""nchapters"": 9.0}"
HarvardX,3,aligned,0,7174,NICE,native,NICE_native,0,out_of_bounds:nevents,0.0,0.005097389221191406,0.134054274637829,2.0,"{""nevents"": 9.0, ""ndays_act"": 7.0, ""nchapters"": 12.0}"
HarvardX,3,aligned,0,7174,NICE,bounded,NICE_bounded,0,classifier_target_not_met,0.0,0.005097389221191406,0.06896551724137931,1.0,"{""nevents"": 53.0, ""ndays_act"": 7.0, ""nchapters"": 12.0}"
HarvardX,3,aligned,0,7174,NICE,bounded+edit,NICE_bounded+edit,0,classifier_target_not_met,0.0,0.005097389221191406,0.06896551724137931,1.0,"{""nevents"": 53.0, ""ndays_act"": 7.0, ""nchapters"": 12.0}"
HarvardX,3,aligned,0,7174,MCCE,native,MCCE_native,1,OK,0.0,0.02795696258544922,0.1896551724137931,1.0,"{""nevents"": 53.0, ""ndays_act"": 14.0, ""nchapters"": 12.0}"
HarvardX,3,aligned,0,7174,MCCE,bounded,MCCE_bounded,1,OK,0.0,0.02795696258544922,0.1896551724137931,1.0,"{""nevents"": 53.0, ""ndays_act"": 14.0, ""nchapters"": 12.0}"
HarvardX,3,aligned,0,7174,MCCE,bounded+edit,MCCE_bounded+edit,1,OK,0.0,0.02795696258544922,0.1896551724137931,1.0,"{""nevents"": 53.0, ""ndays_act"": 14.0, ""nchapters"": 12.0}"
HarvardX,3,aligned,0,7222,NICE,native,NICE_native,1,OK,0.0,0.004823923110961914,0.12709977737300143,2.0,"{""nevents"": 9.0, ""ndays_act"": 7.0, ""nchapters"": 12.0}"
HarvardX,3,aligned,0,7222,NICE,bounded,NICE_bounded,1,OK,0.0,0.004823923110961914,0.12709977737300143,2.0,"{""nevents"": 9.0, ""ndays_act"": 7.0, ""nchapters"": 12.0}"
HarvardX,3,aligned,0,7222,NICE,bounded+edit,NICE_bounded+edit,1,OK,0.0,0.004823923110961914,0.12709977737300143,2.0,"{""nevents"": 9.0, ""ndays_act"": 7.0, ""nchapters"": 12.0}"
HarvardX,3,aligned,0,7222,MCCE,native,MCCE_native,1,OK,0.0,0.027492523193359375,0.12572803526051857,2.0,"{""nevents"": 8.0, ""ndays_act"": 7.0, ""nchapters"": 12.0}"
HarvardX,3,aligned,0,7222,MCCE,bounded,MCCE_bounded,1,OK,0.0,0.027492523193359375,0.12572803526051857,2.0,"{""nevents"": 8.0, ""ndays_act"": 7.0, ""nchapters"": 12.0}"
HarvardX,3,aligned,0,7222,MCCE,bounded+edit,MCCE_bounded+edit,1,OK,0.0,0.027492523193359375,0.12572803526051857,2.0,"{""nevents"": 8.0, ""ndays_act"": 7.0, ""nchapters"": 12.0}"
HarvardX,3,aligned,0,7245,NICE,native,NICE_native,1,OK,0.0,0.005219697952270508,0.05952813067150635,2.0,"{""nevents"": 9.0, ""ndays_act"": 7.0, ""nchapters"": 12.0}"
HarvardX,3,aligned,0,7245,NICE,bounded,NICE_bounded,1,OK,0.0,0.005219697952270508,0.05952813067150635,2.0,"{""nevents"": 9.0, ""ndays_act"": 7.0, ""nchapters"": 12.0}"
HarvardX,3,aligned,0,7245,NICE,bounded+edit,NICE_bounded+edit,1,OK,0.0,0.005219697952270508,0.05952813067150635,2.0,"{""nevents"": 9.0, ""ndays_act"": 7.0, ""nchapters"": 12.0}"
HarvardX,3,aligned,0,7245,MCCE,native,MCCE_native,1,OK,0.0,0.027331829071044922,0.058148820326678764,2.0,"{""nevents"": 8.0, ""ndays_act"": 7.0, ""nchapters"": 12.0}"
HarvardX,3,aligned,0,7245,MCCE,bounded,MCCE_bounded,1,OK,0.0,0.027331829071044922,0.058148820326678764,2.0,"{""nevents"": 8.0, ""ndays_act"": 7.0, ""nchapters"": 12.0}"
HarvardX,3,aligned,0,7245,MCCE,bounded+edit,MCCE_bounded+edit,1,OK,0.0,0.027331829071044922,0.058148820326678764,2.0,"{""nevents"": 8.0, ""ndays_act"": 7.0, ""nchapters"": 12.0}"
HarvardX,3,aligned,0,7259,NICE,native,NICE_native,1,OK,0.0,0.004899024963378906,0.12709977737300143,2.0,"{""nevents"": 9.0, ""ndays_act"": 7.0, ""nchapters"": 12.0}"
HarvardX,3,aligned,0,7259,NICE,bounded,NICE_bounded,1,OK,0.0,0.004899024963378906,0.12709977737300143,2.0,"{""nevents"": 9.0, ""ndays_act"": 7.0, ""nchapters"": 12.0}"
HarvardX,3,aligned,0,7259,NICE,bounded+edit,NICE_bounded+edit,1,OK,0.0,0.004899024963378906,0.12709977737300143,2.0,"{""nevents"": 9.0, ""ndays_act"": 7.0, ""nchapters"": 12.0}"
HarvardX,3,aligned,0,7259,MCCE,native,MCCE_native,1,OK,0.0,0.0311281681060791,0.12572803526051857,2.0,"{""nevents"": 8.0, ""ndays_act"": 7.0, ""nchapters"": 12.0}"
HarvardX,3,aligned,0,7259,MCCE,bounded,MCCE_bounded,1,OK,0.0,0.0311281681060791,0.12572803526051857,2.0,"{""nevents"": 8.0, ""ndays_act"": 7.0, ""nchapters"": 12.0}"
HarvardX,3,aligned,0,7259,MCCE,bounded+edit,MCCE_bounded+edit,1,OK,0.0,0.0311281681060791,0.12572803526051857,2.0,"{""nevents"": 8.0, ""ndays_act"": 7.0, ""nchapters"": 12.0}"
HarvardX,3,aligned,0,7260,NICE,native,NICE_native,1,OK,0.0,0.0048410892486572266,0.35223050613912055,2.0,"{""nevents"": 67.0, ""ndays_act"": 20.0, ""nchapters"": 7.0}"
HarvardX,3,aligned,0,7260,NICE,bounded,NICE_bounded,1,OK,0.0,0.0048410892486572266,0.35223050613912055,2.0,"{""nevents"": 67.0, ""ndays_act"": 20.0, ""nchapters"": 7.0}"
HarvardX,3,aligned,0,7260,NICE,bounded+edit,NICE_bounded+edit,1,OK,0.0,0.0048410892486572266,0.35223050613912055,2.0,"{""nevents"": 67.0, ""ndays_act"": 20.0, ""nchapters"": 7.0}"
HarvardX,3,aligned,0,7260,MCCE,native,MCCE_native,1,OK,0.0,0.04083728790283203,0.5522305061391206,3.0,"{""nevents"": 67.0, ""ndays_act"": 20.0, ""nchapters"": 8.0}"
HarvardX,3,aligned,0,7260,MCCE,bounded,MCCE_bounded,1,OK,0.0,0.04083728790283203,0.5522305061391206,3.0,"{""nevents"": 67.0, ""ndays_act"": 20.0, ""nchapters"": 8.0}"
HarvardX,3,aligned,0,7260,MCCE,bounded+edit,MCCE_bounded+edit,1,OK,0.0,0.04083728790283203,0.5522305061391206,3.0,"{""nevents"": 67.0, ""ndays_act"": 20.0, ""nchapters"": 8.0}"
HarvardX,3,aligned,0,7337,NICE,native,NICE_native,1,OK,0.0,0.004894733428955078,0.14349321999595224,2.0,"{""nevents"": 9.0, ""ndays_act"": 8.0, ""nchapters"": 10.0}"
HarvardX,3,aligned,0,7337,NICE,bounded,NICE_bounded,1,OK,0.0,0.004894733428955078,0.14349321999595224,2.0,"{""nevents"": 9.0, ""ndays_act"": 8.0, ""nchapters"": 10.0}"
HarvardX,3,aligned,0,7337,NICE,bounded+edit,NICE_bounded+edit,1,OK,0.0,0.004894733428955078,0.14349321999595224,2.0,"{""nevents"": 9.0, ""ndays_act"": 8.0, ""nchapters"": 10.0}"
HarvardX,3,aligned,0,7337,MCCE,native,MCCE_native,1,OK,0.0,0.041275739669799805,0.3923407317457105,2.0,"{""nevents"": 47.0, ""ndays_act"": 20.0, ""nchapters"": 10.0}"
HarvardX,3,aligned,0,7337,MCCE,bounded,MCCE_bounded,1,OK,0.0,0.041275739669799805,0.3923407317457105,2.0,"{""nevents"": 47.0, ""ndays_act"": 20.0, ""nchapters"": 10.0}"
HarvardX,3,aligned,0,7337,MCCE,bounded+edit,MCCE_bounded+edit,1,OK,0.0,0.041275739669799805,0.3923407317457105,2.0,"{""nevents"": 47.0, ""ndays_act"": 20.0, ""nchapters"": 10.0}"
HarvardX,3,aligned,0,7409,NICE,native,NICE_native,1,OK,0.0,0.004797697067260742,0.10119186725870531,2.0,"{""nevents"": 344.0, ""ndays_act"": 31.0, ""nchapters"": 12.0}"
HarvardX,3,aligned,0,7409,NICE,bounded,NICE_bounded,1,OK,0.0,0.004797697067260742,0.10119186725870531,2.0,"{""nevents"": 344.0, ""ndays_act"": 31.0, ""nchapters"": 12.0}"
HarvardX,3,aligned,0,7409,NICE,bounded+edit,NICE_bounded+edit,1,OK,0.0,0.004797697067260742,0.10119186725870531,2.0,"{""nevents"": 344.0, ""ndays_act"": 31.0, ""nchapters"": 12.0}"
HarvardX,3,aligned,0,7409,MCCE,native,MCCE_native,0,out_of_bounds:nevents,0.0,0.02684187889099121,0.2365038560411311,1.0,"{""nevents"": 248.0, ""ndays_act"": 28.0, ""nchapters"": 12.0}"
HarvardX,3,aligned,0,7409,MCCE,bounded,MCCE_bounded,1,OK,0.0,0.02684187889099121,0.10119186725870531,2.0,"{""nevents"": 344.0, ""ndays_act"": 31.0, ""nchapters"": 12.0}"
HarvardX,3,aligned,0,7409,MCCE,bounded+edit,MCCE_bounded+edit,1,OK,0.0,0.02684187889099121,0.10119186725870531,2.0,"{""nevents"": 344.0, ""ndays_act"": 31.0, ""nchapters"": 12.0}"
HarvardX,3,aligned,0,7491,NICE,native,NICE_native,0,out_of_bounds:nevents,0.0,0.003683328628540039,0.09713024282560706,1.0,"{""nevents"": 232.0, ""ndays_act"": 25.0, ""nchapters"": 12.0}"
HarvardX,3,aligned,0,7491,NICE,bounded,NICE_bounded,0,classifier_target_not_met,0.0,0.003683328628540039,0.0,0.0,"{""nevents"": 276.0, ""ndays_act"": 25.0, ""nchapters"": 12.0}"
HarvardX,3,aligned,0,7491,NICE,bounded+edit,NICE_bounded+edit,0,classifier_target_not_met,0.0,0.003683328628540039,0.0,0.0,"{""nevents"": 276.0, ""ndays_act"": 25.0, ""nchapters"": 12.0}"
HarvardX,3,aligned,0,7491,MCCE,native,MCCE_native,0,out_of_bounds:nevents,0.0,0.02673959732055664,0.09713024282560706,1.0,"{""nevents"": 232.0, ""ndays_act"": 25.0, ""nchapters"": 12.0}"
HarvardX,3,aligned,0,7491,MCCE,bounded,MCCE_bounded,1,OK,0.0,0.02673959732055664,0.2222222222222222,1.0,"{""nevents"": 276.0, ""ndays_act"": 33.0, ""nchapters"": 12.0}"
HarvardX,3,aligned,0,7491,MCCE,bounded+edit,MCCE_bounded+edit,1,OK,0.0,0.02673959732055664,0.2222222222222222,1.0,"{""nevents"": 276.0, ""ndays_act"": 33.0, ""nchapters"": 12.0}"
HarvardX,3,aligned,0,7560,NICE,native,NICE_native,0,out_of_bounds:nevents,0.0,0.003961086273193359,0.29343629343629346,1.0,"{""nevents"": 59.0, ""ndays_act"": 16.0, ""nchapters"": 12.0}"
HarvardX,3,aligned,0,7560,NICE,bounded,NICE_bounded,0,classifier_target_not_met,0.0,0.003961086273193359,0.0,0.0,"{""nevents"": 211.0, ""ndays_act"": 16.0, ""nchapters"": 12.0}"
HarvardX,3,aligned,0,7560,NICE,bounded+edit,NICE_bounded+edit,0,classifier_target_not_met,0.0,0.003961086273193359,0.0,0.0,"{""nevents"": 211.0, ""ndays_act"": 16.0, ""nchapters"": 12.0}"
HarvardX,3,aligned,0,7560,MCCE,native,MCCE_native,0,out_of_bounds:nevents,0.0,0.028849363327026367,0.2953667953667954,1.0,"{""nevents"": 58.0, ""ndays_act"": 16.0, ""nchapters"": 12.0}"
HarvardX,3,aligned,0,7560,MCCE,bounded,MCCE_bounded,1,OK,0.0,0.028849363327026367,0.20673530673530674,2.0,"{""nevents"": 226.0, ""ndays_act"": 24.0, ""nchapters"": 12.0}"
HarvardX,3,aligned,0,7560,MCCE,bounded+edit,MCCE_bounded+edit,1,OK,0.0,0.028849363327026367,0.20673530673530674,2.0,"{""nevents"": 226.0, ""ndays_act"": 24.0, ""nchapters"": 12.0}"
HarvardX,3,aligned,0,7562,NICE,native,NICE_native,1,OK,0.0,0.004665851593017578,0.40103734439834027,2.0,"{""nevents"": 67.0, ""ndays_act"": 20.0, ""nchapters"": 7.0}"
HarvardX,3,aligned,0,7562,NICE,bounded,NICE_bounded,1,OK,0.0,0.004665851593017578,0.40103734439834027,2.0,"{""nevents"": 67.0, ""ndays_act"": 20.0, ""nchapters"": 7.0}"
HarvardX,3,aligned,0,7562,NICE,bounded+edit,NICE_bounded+edit,1,OK,0.0,0.004665851593017578,0.40103734439834027,2.0,"{""nevents"": 67.0, ""ndays_act"": 20.0, ""nchapters"": 7.0}"
HarvardX,3,aligned,0,7562,MCCE,native,MCCE_native,1,OK,0.0,0.04536080360412598,0.6010373443983403,3.0,"{""nevents"": 67.0, ""ndays_act"": 20.0, ""nchapters"": 8.0}"
HarvardX,3,aligned,0,7562,MCCE,bounded,MCCE_bounded,1,OK,0.0,0.04536080360412598,0.6010373443983403,3.0,"{""nevents"": 67.0, ""ndays_act"": 20.0, ""nchapters"": 8.0}"
HarvardX,3,aligned,0,7562,MCCE,bounded+edit,MCCE_bounded+edit,1,OK,0.0,0.04536080360412598,0.6010373443983403,3.0,"{""nevents"": 67.0, ""ndays_act"": 20.0, ""nchapters"": 8.0}"
HarvardX,3,aligned,0,7564,NICE,native,NICE_native,0,out_of_bounds:nevents,0.0,0.003557443618774414,0.08024691358024691,1.0,"{""nevents"": 29.0, ""ndays_act"": 12.0, ""nchapters"": 12.0}"
HarvardX,3,aligned,0,7564,NICE,bounded,NICE_bounded,0,classifier_target_not_met,0.0,0.003557443618774414,0.0,0.0,"{""nevents"": 81.0, ""ndays_act"": 12.0, ""nchapters"": 12.0}"
HarvardX,3,aligned,0,7564,NICE,bounded+edit,NICE_bounded+edit,0,classifier_target_not_met,0.0,0.003557443618774414,0.0,0.0,"{""nevents"": 81.0, ""ndays_act"": 12.0, ""nchapters"": 12.0}"
HarvardX,3,aligned,0,7564,MCCE,native,MCCE_native,0,out_of_bounds:nevents,0.0,0.027693748474121094,0.08487654320987655,1.0,"{""nevents"": 26.0, ""ndays_act"": 12.0, ""nchapters"": 12.0}"
HarvardX,3,aligned,0,7564,MCCE,bounded,MCCE_bounded,1,OK,0.0,0.027693748474121094,0.15520282186948853,2.0,"{""nevents"": 89.0, ""ndays_act"": 19.0, ""nchapters"": 12.0}"
HarvardX,3,aligned,0,7564,MCCE,bounded+edit,MCCE_bounded+edit,1,OK,0.0,0.027693748474121094,0.15520282186948853,2.0,"{""nevents"": 89.0, ""ndays_act"": 19.0, ""nchapters"": 12.0}"
HarvardX,3,aligned,0,7566,NICE,native,NICE_native,0,out_of_bounds:nevents,0.0,0.0038068294525146484,0.2080536912751678,1.0,"{""nevents"": 9.0, ""ndays_act"": 8.0, ""nchapters"": 10.0}"
HarvardX,3,aligned,0,7566,NICE,bounded,NICE_bounded,0,classifier_target_not_met,0.0,0.0038068294525146484,0.0,0.0,"{""nevents"": 133.0, ""ndays_act"": 8.0, ""nchapters"": 10.0}"
HarvardX,3,aligned,0,7566,NICE,bounded+edit,NICE_bounded+edit,0,classifier_target_not_met,0.0,0.0038068294525146484,0.0,0.0,"{""nevents"": 133.0, ""ndays_act"": 8.0, ""nchapters"": 10.0}"
HarvardX,3,aligned,0,7566,MCCE,native,MCCE_native,0,out_of_bounds:nevents,0.0,0.046488285064697266,0.3707103963530455,2.0,"{""nevents"": 47.0, ""ndays_act"": 20.0, ""nchapters"": 10.0}"
HarvardX,3,aligned,0,7566,MCCE,bounded,MCCE_bounded,1,OK,0.0,0.046488285064697266,0.771970368494365,2.0,"{""nevents"": 222.0, ""ndays_act"": 41.0, ""nchapters"": 10.0}"
HarvardX,3,aligned,0,7566,MCCE,bounded+edit,MCCE_bounded+edit,1,OK,0.0,0.046488285064697266,0.771970368494365,2.0,"{""nevents"": 222.0, ""ndays_act"": 41.0, ""nchapters"": 10.0}"
HarvardX,3,aligned,0,7569,NICE,native,NICE_native,0,out_of_bounds:nevents,0.0,0.00391387939453125,0.38716356107660455,1.0,"{""nevents"": 59.0, ""ndays_act"": 16.0, ""nchapters"": 12.0}"
HarvardX,3,aligned,0,7569,NICE,bounded,NICE_bounded,0,classifier_target_not_met,0.0,0.00391387939453125,0.0,0.0,"{""nevents"": 246.0, ""ndays_act"": 16.0, ""nchapters"": 12.0}"
HarvardX,3,aligned,0,7569,NICE,bounded+edit,NICE_bounded+edit,0,classifier_target_not_met,0.0,0.00391387939453125,0.0,0.0,"{""nevents"": 246.0, ""ndays_act"": 16.0, ""nchapters"": 12.0}"
HarvardX,3,aligned,0,7569,MCCE,native,MCCE_native,0,out_of_bounds:nevents,0.0,0.026824235916137695,0.38923395445134573,1.0,"{""nevents"": 58.0, ""ndays_act"": 16.0, ""nchapters"": 12.0}"
HarvardX,3,aligned,0,7569,MCCE,bounded,MCCE_bounded,1,OK,0.0,0.026824235916137695,0.2708074534161491,2.0,"{""nevents"": 248.0, ""ndays_act"": 28.0, ""nchapters"": 12.0}"
HarvardX,3,aligned,0,7569,MCCE,bounded+edit,MCCE_bounded+edit,1,OK,0.0,0.026824235916137695,0.2708074534161491,2.0,"{""nevents"": 248.0, ""ndays_act"": 28.0, ""nchapters"": 12.0}"
HarvardX,3,aligned,0,7593,NICE,native,NICE_native,0,out_of_bounds:nevents,0.0,0.0057375431060791016,0.3836974110032363,3.0,"{""nevents"": 67.0, ""ndays_act"": 20.0, ""nchapters"": 7.0}"
HarvardX,3,aligned,0,7593,NICE,bounded,NICE_bounded,0,classifier_target_not_met,0.0,0.0057375431060791016,0.3125,2.0,"{""nevents"": 111.0, ""ndays_act"": 20.0, ""nchapters"": 7.0}"
HarvardX,3,aligned,0,7593,NICE,bounded+edit,NICE_bounded+edit,0,classifier_target_not_met,0.0,0.0057375431060791016,0.3125,2.0,"{""nevents"": 111.0, ""ndays_act"": 20.0, ""nchapters"": 7.0}"
HarvardX,3,aligned,0,7593,MCCE,native,MCCE_native,0,out_of_bounds:nevents,0.0,0.04230308532714844,0.5503640776699029,3.0,"{""nevents"": 67.0, ""ndays_act"": 20.0, ""nchapters"": 8.0}"
HarvardX,3,aligned,0,7593,MCCE,bounded,MCCE_bounded,1,OK,0.0,0.04230308532714844,0.6974110032362459,3.0,"{""nevents"": 130.0, ""ndays_act"": 21.0, ""nchapters"": 9.0}"
HarvardX,3,aligned,0,7593,MCCE,bounded+edit,MCCE_bounded+edit,1,OK,0.0,0.04230308532714844,0.6974110032362459,3.0,"{""nevents"": 130.0, ""ndays_act"": 21.0, ""nchapters"": 9.0}"
HarvardX,3,aligned,0,7615,NICE,native,NICE_native,1,OK,0.0,0.004965305328369141,0.39198129748684984,2.0,"{""nevents"": 67.0, ""ndays_act"": 20.0, ""nchapters"": 7.0}"
HarvardX,3,aligned,0,7615,NICE,bounded,NICE_bounded,1,OK,0.0,0.004965305328369141,0.39198129748684984,2.0,"{""nevents"": 67.0, ""ndays_act"": 20.0, ""nchapters"": 7.0}"
HarvardX,3,aligned,0,7615,NICE,bounded+edit,NICE_bounded+edit,1,OK,0.0,0.004965305328369141,0.39198129748684984,2.0,"{""nevents"": 67.0, ""ndays_act"": 20.0, ""nchapters"": 7.0}"
HarvardX,3,aligned,0,7615,MCCE,native,MCCE_native,1,OK,0.0,0.041178226470947266,0.5919812974868499,3.0,"{""nevents"": 67.0, ""ndays_act"": 20.0, ""nchapters"": 8.0}"
HarvardX,3,aligned,0,7615,MCCE,bounded,MCCE_bounded,1,OK,0.0,0.041178226470947266,0.5919812974868499,3.0,"{""nevents"": 67.0, ""ndays_act"": 20.0, ""nchapters"": 8.0}"
HarvardX,3,aligned,0,7615,MCCE,bounded+edit,MCCE_bounded+edit,1,OK,0.0,0.041178226470947266,0.5919812974868499,3.0,"{""nevents"": 67.0, ""ndays_act"": 20.0, ""nchapters"": 8.0}"
HarvardX,3,aligned,0,7645,NICE,native,NICE_native,0,out_of_bounds:nevents,0.0,0.004312753677368164,0.06156156156156156,1.0,"{""nevents"": 22.0, ""ndays_act"": 10.0, ""nchapters"": 12.0}"
HarvardX,3,aligned,0,7645,NICE,bounded,NICE_bounded,0,classifier_target_not_met,0.0,0.004312753677368164,0.0,0.0,"{""nevents"": 63.0, ""ndays_act"": 10.0, ""nchapters"": 12.0}"
HarvardX,3,aligned,0,7645,NICE,bounded+edit,NICE_bounded+edit,0,classifier_target_not_met,0.0,0.004312753677368164,0.0,0.0,"{""nevents"": 63.0, ""ndays_act"": 10.0, ""nchapters"": 12.0}"
HarvardX,3,aligned,0,7645,MCCE,native,MCCE_native,0,out_of_bounds:nevents,0.0,0.026881694793701172,0.07216039568980745,2.0,"{""nevents"": 28.0, ""ndays_act"": 11.0, ""nchapters"": 12.0}"
HarvardX,3,aligned,0,7645,MCCE,bounded,MCCE_bounded,1,OK,0.0,0.026881694793701172,0.10404522169228052,2.0,"{""nevents"": 67.0, ""ndays_act"": 15.0, ""nchapters"": 12.0}"
HarvardX,3,aligned,0,7645,MCCE,bounded+edit,MCCE_bounded+edit,1,OK,0.0,0.026881694793701172,0.10404522169228052,2.0,"{""nevents"": 67.0, ""ndays_act"": 15.0, ""nchapters"": 12.0}"
HarvardX,3,aligned,0,7719,NICE,native,NICE_native,0,out_of_bounds:nevents,0.0,0.0046825408935546875,0.07919254658385093,2.0,"{""nevents"": 9.0, ""ndays_act"": 7.0, ""nchapters"": 12.0}"
HarvardX,3,aligned,0,7719,NICE,bounded,NICE_bounded,0,classifier_target_not_met,0.0,0.0046825408935546875,0.03571428571428571,1.0,"{""nevents"": 39.0, ""ndays_act"": 7.0, ""nchapters"": 12.0}"
HarvardX,3,aligned,0,7719,NICE,bounded+edit,NICE_bounded+edit,0,classifier_target_not_met,0.0,0.0046825408935546875,0.03571428571428571,1.0,"{""nevents"": 39.0, ""ndays_act"": 7.0, ""nchapters"": 12.0}"
HarvardX,3,aligned,0,7719,MCCE,native,MCCE_native,0,out_of_bounds:nevents,0.0,0.026874303817749023,0.08064182194616977,2.0,"{""nevents"": 8.0, ""ndays_act"": 7.0, ""nchapters"": 12.0}"
HarvardX,3,aligned,0,7719,MCCE,bounded,MCCE_bounded,1,OK,0.0,0.026874303817749023,0.18100414078674948,2.0,"{""nevents"": 53.0, ""ndays_act"": 14.0, ""nchapters"": 12.0}"
HarvardX,3,aligned,0,7719,MCCE,bounded+edit,MCCE_bounded+edit,1,OK,0.0,0.026874303817749023,0.18100414078674948,2.0,"{""nevents"": 53.0, ""ndays_act"": 14.0, ""nchapters"": 12.0}"
HarvardX,3,aligned,0,7724,NICE,native,NICE_native,0,out_of_bounds:nevents,0.0,0.003696441650390625,0.2949640287769784,1.0,"{""nevents"": 9.0, ""ndays_act"": 8.0, ""nchapters"": 12.0}"
HarvardX,3,aligned,0,7724,NICE,bounded,NICE_bounded,0,classifier_target_not_met,0.0,0.003696441650390625,0.0,0.0,"{""nevents"": 173.0, ""ndays_act"": 8.0, ""nchapters"": 12.0}"
HarvardX,3,aligned,0,7724,NICE,bounded+edit,NICE_bounded+edit,0,classifier_target_not_met,0.0,0.003696441650390625,0.0,0.0,"{""nevents"": 173.0, ""ndays_act"": 8.0, ""nchapters"": 12.0}"
HarvardX,3,aligned,0,7724,MCCE,native,MCCE_native,0,out_of_bounds:nevents;out_of_bounds:ndays_act,0.0,0.026823759078979492,0.3156305144563594,2.0,"{""nevents"": 8.0, ""ndays_act"": 7.0, ""nchapters"": 12.0}"
HarvardX,3,aligned,0,7724,MCCE,bounded,MCCE_bounded,1,OK,0.0,0.026823759078979492,0.39721053346002444,2.0,"{""nevents"": 226.0, ""ndays_act"": 24.0, ""nchapters"": 12.0}"
HarvardX,3,aligned,0,7724,MCCE,bounded+edit,MCCE_bounded+edit,1,OK,0.0,0.026823759078979492,0.39721053346002444,2.0,"{""nevents"": 226.0, ""ndays_act"": 24.0, ""nchapters"": 12.0}"
HarvardX,3,aligned,0,7776,NICE,native,NICE_native,0,out_of_bounds:nevents,0.0,0.0038814544677734375,1.3678571428571429,1.0,"{""nevents"": 66.0, ""ndays_act"": 24.0, ""nchapters"": 6.0}"
HarvardX,3,aligned,0,7776,NICE,bounded,NICE_bounded,0,classifier_target_not_met,0.0,0.0038814544677734375,0.0,0.0,"{""nevents"": 449.0, ""ndays_act"": 24.0, ""nchapters"": 6.0}"
HarvardX,3,aligned,0,7776,NICE,bounded+edit,NICE_bounded+edit,0,classifier_target_not_met,0.0,0.0038814544677734375,0.0,0.0,"{""nevents"": 449.0, ""ndays_act"": 24.0, ""nchapters"": 6.0}"
HarvardX,3,aligned,0,7776,MCCE,native,MCCE_native,0,out_of_bounds:nevents,0.0,0.04166769981384277,1.782142857142857,2.0,"{""nevents"": 230.0, ""ndays_act"": 24.0, ""nchapters"": 12.0}"
HarvardX,3,aligned,0,7776,MCCE,bounded,MCCE_bounded,1,OK,0.0,0.04166769981384277,1.27506435006435,3.0,"{""nevents"": 468.0, ""ndays_act"": 44.0, ""nchapters"": 10.0}"
HarvardX,3,aligned,0,7776,MCCE,bounded+edit,MCCE_bounded+edit,1,OK,0.0,0.04166769981384277,1.27506435006435,3.0,"{""nevents"": 468.0, ""ndays_act"": 44.0, ""nchapters"": 10.0}"
HarvardX,3,aligned,0,7887,NICE,native,NICE_native,0,out_of_bounds:nevents,0.0,0.004985809326171875,0.1404642377851782,2.0,"{""nevents"": 9.0, ""ndays_act"": 7.0, ""nchapters"": 12.0}"
HarvardX,3,aligned,0,7887,NICE,bounded,NICE_bounded,0,classifier_target_not_met,0.0,0.004985809326171875,0.0847457627118644,1.0,"{""nevents"": 47.0, ""ndays_act"": 7.0, ""nchapters"": 12.0}"
HarvardX,3,aligned,0,7887,NICE,bounded+edit,NICE_bounded+edit,0,classifier_target_not_met,0.0,0.004985809326171875,0.0847457627118644,1.0,"{""nevents"": 47.0, ""ndays_act"": 7.0, ""nchapters"": 12.0}"
HarvardX,3,aligned,0,7887,MCCE,native,MCCE_native,0,out_of_bounds:nevents,0.0,0.027469396591186523,0.14193051344500224,2.0,"{""nevents"": 8.0, ""ndays_act"": 7.0, ""nchapters"": 12.0}"
HarvardX,3,aligned,0,7887,MCCE,bounded,MCCE_bounded,1,OK,0.0,0.027469396591186523,0.21218748446741886,2.0,"{""nevents"": 53.0, ""ndays_act"": 14.0, ""nchapters"": 12.0}"
HarvardX,3,aligned,0,7887,MCCE,bounded+edit,MCCE_bounded+edit,1,OK,0.0,0.027469396591186523,0.21218748446741886,2.0,"{""nevents"": 53.0, ""ndays_act"": 14.0, ""nchapters"": 12.0}"
HarvardX,3,aligned,0,7888,NICE,native,NICE_native,0,out_of_bounds:nevents,0.0,0.004714250564575195,0.07681365576102418,2.0,"{""nevents"": 9.0, ""ndays_act"": 7.0, ""nchapters"": 12.0}"
HarvardX,3,aligned,0,7888,NICE,bounded,NICE_bounded,0,classifier_target_not_met,0.0,0.004714250564575195,0.05263157894736842,1.0,"{""nevents"": 26.0, ""ndays_act"": 7.0, ""nchapters"": 12.0}"
HarvardX,3,aligned,0,7888,NICE,bounded+edit,NICE_bounded+edit,0,classifier_target_not_met,0.0,0.004714250564575195,0.05263157894736842,1.0,"{""nevents"": 26.0, ""ndays_act"": 7.0, ""nchapters"": 12.0}"
HarvardX,3,aligned,0,7888,MCCE,native,MCCE_native,1,OK,0.0,0.030816316604614258,0.14035087719298245,1.0,"{""nevents"": 26.0, ""ndays_act"": 12.0, ""nchapters"": 12.0}"
HarvardX,3,aligned,0,7888,MCCE,bounded,MCCE_bounded,1,OK,0.0,0.030816316604614258,0.14035087719298245,1.0,"{""nevents"": 26.0, ""ndays_act"": 12.0, ""nchapters"": 12.0}"
HarvardX,3,aligned,0,7888,MCCE,bounded+edit,MCCE_bounded+edit,1,OK,0.0,0.030816316604614258,0.14035087719298245,1.0,"{""nevents"": 26.0, ""ndays_act"": 12.0, ""nchapters"": 12.0}"
HarvardX,3,aligned,0,7907,NICE,native,NICE_native,0,out_of_bounds:nevents,0.0,0.003545522689819336,0.4251012145748988,1.0,"{""nevents"": 25.0, ""ndays_act"": 11.0, ""nchapters"": 12.0}"
HarvardX,3,aligned,0,7907,NICE,bounded,NICE_bounded,0,classifier_target_not_met,0.0,0.003545522689819336,0.0,0.0,"{""nevents"": 235.0, ""ndays_act"": 11.0, ""nchapters"": 12.0}"
HarvardX,3,aligned,0,7907,NICE,bounded+edit,NICE_bounded+edit,0,classifier_target_not_met,0.0,0.003545522689819336,0.0,0.0,"{""nevents"": 235.0, ""ndays_act"": 11.0, ""nchapters"": 12.0}"
HarvardX,3,aligned,0,7907,MCCE,native,MCCE_native,0,out_of_bounds:nevents,0.0,0.026469707489013672,0.4190283400809717,1.0,"{""nevents"": 28.0, ""ndays_act"": 11.0, ""nchapters"": 12.0}"
HarvardX,3,aligned,0,7907,MCCE,bounded,MCCE_bounded,1,OK,0.0,0.026469707489013672,0.78,1.0,"{""nevents"": 235.0, ""ndays_act"": 50.0, ""nchapters"": 12.0}"
HarvardX,3,aligned,0,7907,MCCE,bounded+edit,MCCE_bounded+edit,1,OK,0.0,0.026469707489013672,0.78,1.0,"{""nevents"": 235.0, ""ndays_act"": 50.0, ""nchapters"": 12.0}"
HarvardX,3,aligned,0,7931,NICE,native,NICE_native,1,OK,0.0,0.0047113895416259766,0.3047619047619048,2.0,"{""nevents"": 53.0, ""ndays_act"": 15.0, ""nchapters"": 11.0}"
HarvardX,3,aligned,0,7931,NICE,bounded,NICE_bounded,1,OK,0.0,0.0047113895416259766,0.3047619047619048,2.0,"{""nevents"": 53.0, ""ndays_act"": 15.0, ""nchapters"": 11.0}"
HarvardX,3,aligned,0,7931,NICE,bounded+edit,NICE_bounded+edit,1,OK,0.0,0.0047113895416259766,0.3047619047619048,2.0,"{""nevents"": 53.0, ""ndays_act"": 15.0, ""nchapters"": 11.0}"
HarvardX,3,aligned,0,7931,MCCE,native,MCCE_native,1,OK,0.0,0.04182147979736328,0.3836080586080586,2.0,"{""nevents"": 74.0, ""ndays_act"": 18.0, ""nchapters"": 11.0}"
HarvardX,3,aligned,0,7931,MCCE,bounded,MCCE_bounded,1,OK,0.0,0.04182147979736328,0.3836080586080586,2.0,"{""nevents"": 74.0, ""ndays_act"": 18.0, ""nchapters"": 11.0}"
HarvardX,3,aligned,0,7931,MCCE,bounded+edit,MCCE_bounded+edit,1,OK,0.0,0.04182147979736328,0.3836080586080586,2.0,"{""nevents"": 74.0, ""ndays_act"": 18.0, ""nchapters"": 11.0}"
HarvardX,3,aligned,0,7933,NICE,native,NICE_native,0,out_of_bounds:nevents,0.0,0.0047550201416015625,0.23710211724038602,2.0,"{""nevents"": 67.0, ""ndays_act"": 20.0, ""nchapters"": 7.0}"
HarvardX,3,aligned,0,7933,NICE,bounded,NICE_bounded,0,classifier_target_not_met,0.0,0.0047550201416015625,0.22641509433962265,1.0,"{""nevents"": 74.0, ""ndays_act"": 20.0, ""nchapters"": 7.0}"
HarvardX,3,aligned,0,7933,NICE,bounded+edit,NICE_bounded+edit,0,classifier_target_not_met,0.0,0.0047550201416015625,0.22641509433962265,1.0,"{""nevents"": 74.0, ""ndays_act"": 20.0, ""nchapters"": 7.0}"
HarvardX,3,aligned,0,7933,MCCE,native,MCCE_native,1,OK,0.0,0.041465044021606445,0.9886792452830189,2.0,"{""nevents"": 74.0, ""ndays_act"": 18.0, ""nchapters"": 11.0}"
HarvardX,3,aligned,0,7933,MCCE,bounded,MCCE_bounded,1,OK,0.0,0.041465044021606445,0.9886792452830189,2.0,"{""nevents"": 74.0, ""ndays_act"": 18.0, ""nchapters"": 11.0}"
HarvardX,3,aligned,0,7933,MCCE,bounded+edit,MCCE_bounded+edit,1,OK,0.0,0.041465044021606445,0.9886792452830189,2.0,"{""nevents"": 74.0, ""ndays_act"": 18.0, ""nchapters"": 11.0}"
HarvardX,3,aligned,0,8003,NICE,native,NICE_native,0,out_of_bounds:nevents,0.0,0.004716634750366211,0.11478868116680002,2.0,"{""nevents"": 9.0, ""ndays_act"": 7.0, ""nchapters"": 12.0}"
HarvardX,3,aligned,0,8003,NICE,bounded,NICE_bounded,0,classifier_target_not_met,0.0,0.004716634750366211,0.0847457627118644,1.0,"{""nevents"": 30.0, ""ndays_act"": 7.0, ""nchapters"": 12.0}"
HarvardX,3,aligned,0,8003,NICE,bounded+edit,NICE_bounded+edit,0,classifier_target_not_met,0.0,0.004716634750366211,0.0847457627118644,1.0,"{""nevents"": 30.0, ""ndays_act"": 7.0, ""nchapters"": 12.0}"
HarvardX,3,aligned,0,8003,MCCE,native,MCCE_native,1,OK,0.0,0.02720952033996582,0.23728813559322035,1.0,"{""nevents"": 30.0, ""ndays_act"": 16.0, ""nchapters"": 12.0}"
HarvardX,3,aligned,0,8003,MCCE,bounded,MCCE_bounded,1,OK,0.0,0.02720952033996582,0.23728813559322035,1.0,"{""nevents"": 30.0, ""ndays_act"": 16.0, ""nchapters"": 12.0}"
HarvardX,3,aligned,0,8003,MCCE,bounded+edit,MCCE_bounded+edit,1,OK,0.0,0.02720952033996582,0.23728813559322035,1.0,"{""nevents"": 30.0, ""ndays_act"": 16.0, ""nchapters"": 12.0}"
HarvardX,3,aligned,0,8014,NICE,native,NICE_native,1,OK,0.0,0.004959583282470703,0.3414748476549972,2.0,"{""nevents"": 67.0, ""ndays_act"": 20.0, ""nchapters"": 7.0}"
HarvardX,3,aligned,0,8014,NICE,bounded,NICE_bounded,1,OK,0.0,0.004959583282470703,0.3414748476549972,2.0,"{""nevents"": 67.0, ""ndays_act"": 20.0, ""nchapters"": 7.0}"
HarvardX,3,aligned,0,8014,NICE,bounded+edit,NICE_bounded+edit,1,OK,0.0,0.004959583282470703,0.3414748476549972,2.0,"{""nevents"": 67.0, ""ndays_act"": 20.0, ""nchapters"": 7.0}"
HarvardX,3,aligned,0,8014,MCCE,native,MCCE_native,1,OK,0.0,0.04323244094848633,1.3559322033898304,2.0,"{""nevents"": 42.0, ""ndays_act"": 23.0, ""nchapters"": 12.0}"
HarvardX,3,aligned,0,8014,MCCE,bounded,MCCE_bounded,1,OK,0.0,0.04323244094848633,1.3559322033898304,2.0,"{""nevents"": 42.0, ""ndays_act"": 23.0, ""nchapters"": 12.0}"
HarvardX,3,aligned,0,8014,MCCE,bounded+edit,MCCE_bounded+edit,1,OK,0.0,0.04323244094848633,1.3559322033898304,2.0,"{""nevents"": 42.0, ""ndays_act"": 23.0, ""nchapters"": 12.0}"
HarvardX,3,aligned,0,8111,NICE,native,NICE_native,1,OK,0.0,0.006404399871826172,0.5354006344944422,3.0,"{""nevents"": 67.0, ""ndays_act"": 20.0, ""nchapters"": 7.0}"
HarvardX,3,aligned,0,8111,NICE,bounded,NICE_bounded,1,OK,0.0,0.006404399871826172,0.5354006344944422,3.0,"{""nevents"": 67.0, ""ndays_act"": 20.0, ""nchapters"": 7.0}"
HarvardX,3,aligned,0,8111,NICE,bounded+edit,NICE_bounded+edit,1,OK,0.0,0.006404399871826172,0.5354006344944422,3.0,"{""nevents"": 67.0, ""ndays_act"": 20.0, ""nchapters"": 7.0}"
HarvardX,3,aligned,0,8111,MCCE,native,MCCE_native,1,OK,0.0,0.04199099540710449,0.7020673011611089,3.0,"{""nevents"": 67.0, ""ndays_act"": 20.0, ""nchapters"": 8.0}"
HarvardX,3,aligned,0,8111,MCCE,bounded,MCCE_bounded,1,OK,0.0,0.04199099540710449,0.7020673011611089,3.0,"{""nevents"": 67.0, ""ndays_act"": 20.0, ""nchapters"": 8.0}"
HarvardX,3,aligned,0,8111,MCCE,bounded+edit,MCCE_bounded+edit,1,OK,0.0,0.04199099540710449,0.7020673011611089,3.0,"{""nevents"": 67.0, ""ndays_act"": 20.0, ""nchapters"": 8.0}"
HarvardX,3,aligned,0,8136,NICE,native,NICE_native,0,out_of_bounds:nevents,0.0,0.004979372024536133,0.15167228415867254,2.0,"{""nevents"": 9.0, ""ndays_act"": 7.0, ""nchapters"": 12.0}"
HarvardX,3,aligned,0,8136,NICE,bounded,NICE_bounded,0,classifier_target_not_met,0.0,0.004979372024536133,0.06896551724137931,1.0,"{""nevents"": 64.0, ""ndays_act"": 7.0, ""nchapters"": 12.0}"
HarvardX,3,aligned,0,8136,NICE,bounded+edit,NICE_bounded+edit,0,classifier_target_not_met,0.0,0.004979372024536133,0.06896551724137931,1.0,"{""nevents"": 64.0, ""ndays_act"": 7.0, ""nchapters"": 12.0}"
HarvardX,3,aligned,0,8136,MCCE,native,MCCE_native,0,out_of_bounds:nevents,0.0,0.030131816864013672,0.1531760435571688,2.0,"{""nevents"": 8.0, ""ndays_act"": 7.0, ""nchapters"": 12.0}"
HarvardX,3,aligned,0,8136,MCCE,bounded,MCCE_bounded,1,OK,0.0,0.030131816864013672,0.21140782991962664,2.0,"{""nevents"": 67.0, ""ndays_act"": 15.0, ""nchapters"": 12.0}"
HarvardX,3,aligned,0,8136,MCCE,bounded+edit,MCCE_bounded+edit,1,OK,0.0,0.030131816864013672,0.21140782991962664,2.0,"{""nevents"": 67.0, ""ndays_act"": 15.0, ""nchapters"": 12.0}"
HarvardX,3,aligned,0,8145,NICE,native,NICE_native,0,out_of_bounds:nevents,0.0,0.003888845443725586,0.05246422893481717,1.0,"{""nevents"": 67.0, ""ndays_act"": 18.0, ""nchapters"": 9.0}"
HarvardX,3,aligned,0,8145,NICE,bounded,NICE_bounded,0,classifier_target_not_met,0.0,0.003888845443725586,0.0,0.0,"{""nevents"": 100.0, ""ndays_act"": 18.0, ""nchapters"": 9.0}"
HarvardX,3,aligned,0,8145,NICE,bounded+edit,NICE_bounded+edit,0,classifier_target_not_met,0.0,0.003888845443725586,0.0,0.0,"{""nevents"": 100.0, ""ndays_act"": 18.0, ""nchapters"": 9.0}"
HarvardX,3,aligned,0,8145,MCCE,native,MCCE_native,1,OK,0.0,0.041909217834472656,0.11746219543757164,2.0,"{""nevents"": 130.0, ""ndays_act"": 21.0, ""nchapters"": 9.0}"
HarvardX,3,aligned,0,8145,MCCE,bounded,MCCE_bounded,1,OK,0.0,0.041909217834472656,0.11746219543757164,2.0,"{""nevents"": 130.0, ""ndays_act"": 21.0, ""nchapters"": 9.0}"
HarvardX,3,aligned,0,8145,MCCE,bounded+edit,MCCE_bounded+edit,1,OK,0.0,0.041909217834472656,0.11746219543757164,2.0,"{""nevents"": 130.0, ""ndays_act"": 21.0, ""nchapters"": 9.0}"
HarvardX,3,aligned,0,8168,NICE,native,NICE_native,1,OK,0.0,0.003594636917114258,0.23728813559322035,1.0,"{""nevents"": 25.0, ""ndays_act"": 16.0, ""nchapters"": 9.0}"
HarvardX,3,aligned,0,8168,NICE,bounded,NICE_bounded,1,OK,0.0,0.003594636917114258,0.23728813559322035,1.0,"{""nevents"": 25.0, ""ndays_act"": 16.0, ""nchapters"": 9.0}"
HarvardX,3,aligned,0,8168,NICE,bounded+edit,NICE_bounded+edit,1,OK,0.0,0.003594636917114258,0.23728813559322035,1.0,"{""nevents"": 25.0, ""ndays_act"": 16.0, ""nchapters"": 9.0}"
HarvardX,3,aligned,0,8168,MCCE,native,MCCE_native,1,OK,0.0,0.04154348373413086,0.3802725346687211,2.0,"{""nevents"": 66.0, ""ndays_act"": 21.0, ""nchapters"": 9.0}"
HarvardX,3,aligned,0,8168,MCCE,bounded,MCCE_bounded,1,OK,0.0,0.04154348373413086,0.3802725346687211,2.0,"{""nevents"": 66.0, ""ndays_act"": 21.0, ""nchapters"": 9.0}"
HarvardX,3,aligned,0,8168,MCCE,bounded+edit,MCCE_bounded+edit,1,OK,0.0,0.04154348373413086,0.3802725346687211,2.0,"{""nevents"": 66.0, ""ndays_act"": 21.0, ""nchapters"": 9.0}"
HarvardX,3,aligned,0,8193,NICE,native,NICE_native,1,OK,0.0,0.005270481109619141,0.32300275482093666,2.0,"{""nevents"": 56.0, ""ndays_act"": 16.0, ""nchapters"": 9.0}"
HarvardX,3,aligned,0,8193,NICE,bounded,NICE_bounded,1,OK,0.0,0.005270481109619141,0.32300275482093666,2.0,"{""nevents"": 56.0, ""ndays_act"": 16.0, ""nchapters"": 9.0}"
HarvardX,3,aligned,0,8193,NICE,bounded+edit,NICE_bounded+edit,1,OK,0.0,0.005270481109619141,0.32300275482093666,2.0,"{""nevents"": 56.0, ""ndays_act"": 16.0, ""nchapters"": 9.0}"
HarvardX,3,aligned,0,8193,MCCE,native,MCCE_native,1,OK,0.0,0.042975425720214844,0.42011019283746553,2.0,"{""nevents"": 66.0, ""ndays_act"": 21.0, ""nchapters"": 9.0}"
HarvardX,3,aligned,0,8193,MCCE,bounded,MCCE_bounded,1,OK,0.0,0.042975425720214844,0.42011019283746553,2.0,"{""nevents"": 66.0, ""ndays_act"": 21.0, ""nchapters"": 9.0}"
HarvardX,3,aligned,0,8193,MCCE,bounded+edit,MCCE_bounded+edit,1,OK,0.0,0.042975425720214844,0.42011019283746553,2.0,"{""nevents"": 66.0, ""ndays_act"": 21.0, ""nchapters"": 9.0}"
HarvardX,3,aligned,0,8267,NICE,native,NICE_native,0,out_of_bounds:nevents,0.0,0.007532596588134766,0.12973850581781504,2.0,"{""nevents"": 9.0, ""ndays_act"": 7.0, ""nchapters"": 12.0}"
HarvardX,3,aligned,0,8267,NICE,bounded,NICE_bounded,0,classifier_target_not_met,0.0,0.007532596588134766,0.0847457627118644,1.0,"{""nevents"": 40.0, ""ndays_act"": 7.0, ""nchapters"": 12.0}"
HarvardX,3,aligned,0,8267,NICE,bounded+edit,NICE_bounded+edit,0,classifier_target_not_met,0.0,0.007532596588134766,0.0847457627118644,1.0,"{""nevents"": 40.0, ""ndays_act"": 7.0, ""nchapters"": 12.0}"
HarvardX,3,aligned,0,8267,MCCE,native,MCCE_native,0,out_of_bounds:nevents,0.0,0.029998064041137695,0.13118988462768444,2.0,"{""nevents"": 8.0, ""ndays_act"": 7.0, ""nchapters"": 12.0}"
HarvardX,3,aligned,0,8267,MCCE,bounded,MCCE_bounded,1,OK,0.0,0.029998064041137695,0.22225775503677647,2.0,"{""nevents"": 53.0, ""ndays_act"": 14.0, ""nchapters"": 12.0}"
HarvardX,3,aligned,0,8267,MCCE,bounded+edit,MCCE_bounded+edit,1,OK,0.0,0.029998064041137695,0.22225775503677647,2.0,"{""nevents"": 53.0, ""ndays_act"": 14.0, ""nchapters"": 12.0}"
HarvardX,3,aligned,0,8274,NICE,native,NICE_native,0,out_of_bounds:nevents,0.0,0.0034606456756591797,0.4315352697095436,1.0,"{""nevents"": 39.0, ""ndays_act"": 18.0, ""nchapters"": 10.0}"
HarvardX,3,aligned,0,8274,NICE,bounded,NICE_bounded,0,classifier_target_not_met,0.0,0.0034606456756591797,0.0,0.0,"{""nevents"": 247.0, ""ndays_act"": 18.0, ""nchapters"": 10.0}"
HarvardX,3,aligned,0,8274,NICE,bounded+edit,NICE_bounded+edit,0,classifier_target_not_met,0.0,0.0034606456756591797,0.0,0.0,"{""nevents"": 247.0, ""ndays_act"": 18.0, ""nchapters"": 10.0}"
HarvardX,3,aligned,0,8274,MCCE,native,MCCE_native,0,out_of_bounds:nevents,0.0,0.04083681106567383,0.4614493872430764,2.0,"{""nevents"": 47.0, ""ndays_act"": 20.0, ""nchapters"": 10.0}"
HarvardX,3,aligned,0,8274,MCCE,bounded,MCCE_bounded,1,OK,0.0,0.04083681106567383,0.6332625687542218,2.0,"{""nevents"": 272.0, ""ndays_act"": 43.0, ""nchapters"": 10.0}"
HarvardX,3,aligned,0,8274,MCCE,bounded+edit,MCCE_bounded+edit,1,OK,0.0,0.04083681106567383,0.6332625687542218,2.0,"{""nevents"": 272.0, ""ndays_act"": 43.0, ""nchapters"": 10.0}"
HarvardX,3,aligned,0,8296,NICE,native,NICE_native,1,OK,0.0,0.00453495979309082,0.263972166703679,2.0,"{""nevents"": 56.0, ""ndays_act"": 16.0, ""nchapters"": 9.0}"
HarvardX,3,aligned,0,8296,NICE,bounded,NICE_bounded,1,OK,0.0,0.00453495979309082,0.263972166703679,2.0,"{""nevents"": 56.0, ""ndays_act"": 16.0, ""nchapters"": 9.0}"
HarvardX,3,aligned,0,8296,NICE,bounded+edit,NICE_bounded+edit,1,OK,0.0,0.00453495979309082,0.263972166703679,2.0,"{""nevents"": 56.0, ""ndays_act"": 16.0, ""nchapters"": 9.0}"
HarvardX,3,aligned,0,8296,MCCE,native,MCCE_native,1,OK,0.0,0.04117846488952637,0.36575616255829446,2.0,"{""nevents"": 66.0, ""ndays_act"": 21.0, ""nchapters"": 9.0}"
HarvardX,3,aligned,0,8296,MCCE,bounded,MCCE_bounded,1,OK,0.0,0.04117846488952637,0.36575616255829446,2.0,"{""nevents"": 66.0, ""ndays_act"": 21.0, ""nchapters"": 9.0}"
HarvardX,3,aligned,0,8296,MCCE,bounded+edit,MCCE_bounded+edit,1,OK,0.0,0.04117846488952637,0.36575616255829446,2.0,"{""nevents"": 66.0, ""ndays_act"": 21.0, ""nchapters"": 9.0}"
HarvardX,3,aligned,0,8305,NICE,native,NICE_native,1,OK,0.0,0.004748344421386719,0.30455647355662196,2.0,"{""nevents"": 52.0, ""ndays_act"": 19.0, ""nchapters"": 8.0}"
HarvardX,3,aligned,0,8305,NICE,bounded,NICE_bounded,1,OK,0.0,0.004748344421386719,0.30455647355662196,2.0,"{""nevents"": 52.0, ""ndays_act"": 19.0, ""nchapters"": 8.0}"
HarvardX,3,aligned,0,8305,NICE,bounded+edit,NICE_bounded+edit,1,OK,0.0,0.004748344421386719,0.30455647355662196,2.0,"{""nevents"": 52.0, ""ndays_act"": 19.0, ""nchapters"": 8.0}"
HarvardX,3,aligned,0,8305,MCCE,native,MCCE_native,1,OK,0.0,0.04109454154968262,0.34331865631029534,2.0,"{""nevents"": 67.0, ""ndays_act"": 20.0, ""nchapters"": 8.0}"
HarvardX,3,aligned,0,8305,MCCE,bounded,MCCE_bounded,1,OK,0.0,0.04109454154968262,0.34331865631029534,2.0,"{""nevents"": 67.0, ""ndays_act"": 20.0, ""nchapters"": 8.0}"
HarvardX,3,aligned,0,8305,MCCE,bounded+edit,MCCE_bounded+edit,1,OK,0.0,0.04109454154968262,0.34331865631029534,2.0,"{""nevents"": 67.0, ""ndays_act"": 20.0, ""nchapters"": 8.0}"
HarvardX,3,aligned,0,8363,NICE,native,NICE_native,1,OK,0.0,0.004991769790649414,0.12709977737300143,2.0,"{""nevents"": 9.0, ""ndays_act"": 7.0, ""nchapters"": 12.0}"
HarvardX,3,aligned,0,8363,NICE,bounded,NICE_bounded,1,OK,0.0,0.004991769790649414,0.12709977737300143,2.0,"{""nevents"": 9.0, ""ndays_act"": 7.0, ""nchapters"": 12.0}"
HarvardX,3,aligned,0,8363,NICE,bounded+edit,NICE_bounded+edit,1,OK,0.0,0.004991769790649414,0.12709977737300143,2.0,"{""nevents"": 9.0, ""ndays_act"": 7.0, ""nchapters"": 12.0}"
HarvardX,3,aligned,0,8363,MCCE,native,MCCE_native,1,OK,0.0,0.026477575302124023,0.12572803526051857,2.0,"{""nevents"": 8.0, ""ndays_act"": 7.0, ""nchapters"": 12.0}"
HarvardX,3,aligned,0,8363,MCCE,bounded,MCCE_bounded,1,OK,0.0,0.026477575302124023,0.12572803526051857,2.0,"{""nevents"": 8.0, ""ndays_act"": 7.0, ""nchapters"": 12.0}"
HarvardX,3,aligned,0,8363,MCCE,bounded+edit,MCCE_bounded+edit,1,OK,0.0,0.026477575302124023,0.12572803526051857,2.0,"{""nevents"": 8.0, ""ndays_act"": 7.0, ""nchapters"": 12.0}"
HarvardX,3,aligned,0,8390,NICE,native,NICE_native,1,OK,0.0,0.005821943283081055,0.5864422406620342,3.0,"{""nevents"": 67.0, ""ndays_act"": 20.0, ""nchapters"": 7.0}"
HarvardX,3,aligned,0,8390,NICE,bounded,NICE_bounded,1,OK,0.0,0.005821943283081055,0.5864422406620342,3.0,"{""nevents"": 67.0, ""ndays_act"": 20.0, ""nchapters"": 7.0}"
HarvardX,3,aligned,0,8390,NICE,bounded+edit,NICE_bounded+edit,1,OK,0.0,0.005821943283081055,0.5864422406620342,3.0,"{""nevents"": 67.0, ""ndays_act"": 20.0, ""nchapters"": 7.0}"
HarvardX,3,aligned,0,8390,MCCE,native,MCCE_native,1,OK,0.0,0.041413307189941406,0.7531089073287008,3.0,"{""nevents"": 67.0, ""ndays_act"": 20.0, ""nchapters"": 8.0}"
HarvardX,3,aligned,0,8390,MCCE,bounded,MCCE_bounded,1,OK,0.0,0.041413307189941406,0.7531089073287008,3.0,"{""nevents"": 67.0, ""ndays_act"": 20.0, ""nchapters"": 8.0}"
HarvardX,3,aligned,0,8390,MCCE,bounded+edit,MCCE_bounded+edit,1,OK,0.0,0.041413307189941406,0.7531089073287008,3.0,"{""nevents"": 67.0, ""ndays_act"": 20.0, ""nchapters"": 8.0}"
HarvardX,3,aligned,0,8409,NICE,native,NICE_native,0,out_of_bounds:nevents,0.0,0.003572225570678711,0.3108910891089109,1.0,"{""nevents"": 67.0, ""ndays_act"": 15.0, ""nchapters"": 12.0}"
HarvardX,3,aligned,0,8409,NICE,bounded,NICE_bounded,0,classifier_target_not_met,0.0,0.003572225570678711,0.0,0.0,"{""nevents"": 224.0, ""ndays_act"": 15.0, ""nchapters"": 12.0}"
HarvardX,3,aligned,0,8409,NICE,bounded+edit,NICE_bounded+edit,0,classifier_target_not_met,0.0,0.003572225570678711,0.0,0.0,"{""nevents"": 224.0, ""ndays_act"": 15.0, ""nchapters"": 12.0}"
HarvardX,3,aligned,0,8409,MCCE,native,MCCE_native,0,out_of_bounds:nevents,0.0,0.025838851928710938,0.3108910891089109,1.0,"{""nevents"": 67.0, ""ndays_act"": 15.0, ""nchapters"": 12.0}"
HarvardX,3,aligned,0,8409,MCCE,bounded,MCCE_bounded,1,OK,0.0,0.025838851928710938,0.2391304347826087,1.0,"{""nevents"": 224.0, ""ndays_act"": 26.0, ""nchapters"": 12.0}"
HarvardX,3,aligned,0,8409,MCCE,bounded+edit,MCCE_bounded+edit,1,OK,0.0,0.025838851928710938,0.2391304347826087,1.0,"{""nevents"": 224.0, ""ndays_act"": 26.0, ""nchapters"": 12.0}"
HarvardX,3,aligned,0,8457,NICE,native,NICE_native,0,out_of_bounds:nevents,0.0,0.0034513473510742188,0.23247232472324722,1.0,"{""nevents"": 61.0, ""ndays_act"": 14.0, ""nchapters"": 12.0}"
HarvardX,3,aligned,0,8457,NICE,bounded,NICE_bounded,0,classifier_target_not_met,0.0,0.0034513473510742188,0.0,0.0,"{""nevents"": 187.0, ""ndays_act"": 14.0, ""nchapters"": 12.0}"
HarvardX,3,aligned,0,8457,NICE,bounded+edit,NICE_bounded+edit,0,classifier_target_not_met,0.0,0.0034513473510742188,0.0,0.0,"{""nevents"": 187.0, ""ndays_act"": 14.0, ""nchapters"": 12.0}"
HarvardX,3,aligned,0,8457,MCCE,native,MCCE_native,0,out_of_bounds:nevents,0.0,0.025879383087158203,0.23247232472324722,1.0,"{""nevents"": 61.0, ""ndays_act"": 14.0, ""nchapters"": 12.0}"
HarvardX,3,aligned,0,8457,MCCE,bounded,MCCE_bounded,1,OK,0.0,0.025879383087158203,0.2847216770040041,2.0,"{""nevents"": 226.0, ""ndays_act"": 24.0, ""nchapters"": 12.0}"
HarvardX,3,aligned,0,8457,MCCE,bounded+edit,MCCE_bounded+edit,1,OK,0.0,0.025879383087158203,0.2847216770040041,2.0,"{""nevents"": 226.0, ""ndays_act"": 24.0, ""nchapters"": 12.0}"
HarvardX,3,aligned,0,8499,NICE,native,NICE_native,0,out_of_bounds:nevents,0.0,0.004678964614868164,0.4021491510853213,2.0,"{""nevents"": 56.0, ""ndays_act"": 16.0, ""nchapters"": 9.0}"
HarvardX,3,aligned,0,8499,NICE,bounded,NICE_bounded,0,classifier_target_not_met,0.0,0.004678964614868164,0.0425531914893617,1.0,"{""nevents"": 234.0, ""ndays_act"": 16.0, ""nchapters"": 9.0}"
HarvardX,3,aligned,0,8499,NICE,bounded+edit,NICE_bounded+edit,0,classifier_target_not_met,0.0,0.004678964614868164,0.0425531914893617,1.0,"{""nevents"": 234.0, ""ndays_act"": 16.0, ""nchapters"": 9.0}"
HarvardX,3,aligned,0,8499,MCCE,native,MCCE_native,0,out_of_bounds:nevents,0.0,0.04001426696777344,0.35903718031377607,2.0,"{""nevents"": 130.0, ""ndays_act"": 21.0, ""nchapters"": 9.0}"
HarvardX,3,aligned,0,8499,MCCE,bounded,MCCE_bounded,1,OK,0.0,0.04001426696777344,1.0271222866967546,3.0,"{""nevents"": 272.0, ""ndays_act"": 43.0, ""nchapters"": 10.0}"
HarvardX,3,aligned,0,8499,MCCE,bounded+edit,MCCE_bounded+edit,1,OK,0.0,0.04001426696777344,1.0271222866967546,3.0,"{""nevents"": 272.0, ""ndays_act"": 43.0, ""nchapters"": 10.0}"
HarvardX,3,aligned,0,8507,NICE,native,NICE_native,1,OK,0.0,0.004651784896850586,0.3636237897648686,2.0,"{""nevents"": 52.0, ""ndays_act"": 19.0, ""nchapters"": 8.0}"
HarvardX,3,aligned,0,8507,NICE,bounded,NICE_bounded,1,OK,0.0,0.004651784896850586,0.3636237897648686,2.0,"{""nevents"": 52.0, ""ndays_act"": 19.0, ""nchapters"": 8.0}"
HarvardX,3,aligned,0,8507,NICE,bounded+edit,NICE_bounded+edit,1,OK,0.0,0.004651784896850586,0.3636237897648686,2.0,"{""nevents"": 52.0, ""ndays_act"": 19.0, ""nchapters"": 8.0}"
HarvardX,3,aligned,0,8507,MCCE,native,MCCE_native,1,OK,0.0,0.04127836227416992,0.40103734439834027,2.0,"{""nevents"": 67.0, ""ndays_act"": 20.0, ""nchapters"": 8.0}"
HarvardX,3,aligned,0,8507,MCCE,bounded,MCCE_bounded,1,OK,0.0,0.04127836227416992,0.40103734439834027,2.0,"{""nevents"": 67.0, ""ndays_act"": 20.0, ""nchapters"": 8.0}"
HarvardX,3,aligned,0,8507,MCCE,bounded+edit,MCCE_bounded+edit,1,OK,0.0,0.04127836227416992,0.40103734439834027,2.0,"{""nevents"": 67.0, ""ndays_act"": 20.0, ""nchapters"": 8.0}"
HarvardX,3,aligned,0,8536,NICE,native,NICE_native,1,OK,0.0,0.0036895275115966797,0.1,1.0,"{""nevents"": 8.0, ""ndays_act"": 7.0, ""nchapters"": 12.0}"
HarvardX,3,aligned,0,8536,NICE,bounded,NICE_bounded,1,OK,0.0,0.0036895275115966797,0.1,1.0,"{""nevents"": 8.0, ""ndays_act"": 7.0, ""nchapters"": 12.0}"
HarvardX,3,aligned,0,8536,NICE,bounded+edit,NICE_bounded+edit,1,OK,0.0,0.0036895275115966797,0.1,1.0,"{""nevents"": 8.0, ""ndays_act"": 7.0, ""nchapters"": 12.0}"
HarvardX,3,aligned,0,8536,MCCE,native,MCCE_native,1,OK,0.0,0.027257680892944336,0.1,1.0,"{""nevents"": 8.0, ""ndays_act"": 7.0, ""nchapters"": 12.0}"
HarvardX,3,aligned,0,8536,MCCE,bounded,MCCE_bounded,1,OK,0.0,0.027257680892944336,0.1,1.0,"{""nevents"": 8.0, ""ndays_act"": 7.0, ""nchapters"": 12.0}"
HarvardX,3,aligned,0,8536,MCCE,bounded+edit,MCCE_bounded+edit,1,OK,0.0,0.027257680892944336,0.1,1.0,"{""nevents"": 8.0, ""ndays_act"": 7.0, ""nchapters"": 12.0}"
HarvardX,3,aligned,0,8554,NICE,native,NICE_native,0,out_of_bounds:nevents,0.0,0.0052225589752197266,0.34850650540590067,2.0,"{""nevents"": 60.0, ""ndays_act"": 15.0, ""nchapters"": 11.0}"
HarvardX,3,aligned,0,8554,NICE,bounded,NICE_bounded,0,classifier_target_not_met,0.0,0.0052225589752197266,0.09803921568627451,1.0,"{""nevents"": 194.0, ""ndays_act"": 15.0, ""nchapters"": 11.0}"
HarvardX,3,aligned,0,8554,NICE,bounded+edit,NICE_bounded+edit,0,classifier_target_not_met,0.0,0.0052225589752197266,0.09803921568627451,1.0,"{""nevents"": 194.0, ""ndays_act"": 15.0, ""nchapters"": 11.0}"
HarvardX,3,aligned,0,8554,MCCE,native,MCCE_native,0,out_of_bounds:nevents,0.0,0.04204082489013672,0.3811618105186,2.0,"{""nevents"": 74.0, ""ndays_act"": 18.0, ""nchapters"": 11.0}"
HarvardX,3,aligned,0,8554,MCCE,bounded,MCCE_bounded,1,OK,0.0,0.04204082489013672,0.5051493494594099,2.0,"{""nevents"": 202.0, ""ndays_act"": 35.0, ""nchapters"": 11.0}"
HarvardX,3,aligned,0,8554,MCCE,bounded+edit,MCCE_bounded+edit,1,OK,0.0,0.04204082489013672,0.5051493494594099,2.0,"{""nevents"": 202.0, ""ndays_act"": 35.0, ""nchapters"": 11.0}"
HarvardX,3,aligned,0,8593,NICE,native,NICE_native,1,OK,0.0,0.0060389041900634766,0.5338959890684029,3.0,"{""nevents"": 67.0, ""ndays_act"": 20.0, ""nchapters"": 7.0}"
HarvardX,3,aligned,0,8593,NICE,bounded,NICE_bounded,1,OK,0.0,0.0060389041900634766,0.5338959890684029,3.0,"{""nevents"": 67.0, ""ndays_act"": 20.0, ""nchapters"": 7.0}"
HarvardX,3,aligned,0,8593,NICE,bounded+edit,NICE_bounded+edit,1,OK,0.0,0.0060389041900634766,0.5338959890684029,3.0,"{""nevents"": 67.0, ""ndays_act"": 20.0, ""nchapters"": 7.0}"
HarvardX,3,aligned,0,8593,MCCE,native,MCCE_native,1,OK,0.0,0.040902137756347656,0.7005626557350695,3.0,"{""nevents"": 67.0, ""ndays_act"": 20.0, ""nchapters"": 8.0}"
HarvardX,3,aligned,0,8593,MCCE,bounded,MCCE_bounded,1,OK,0.0,0.040902137756347656,0.7005626557350695,3.0,"{""nevents"": 67.0, ""ndays_act"": 20.0, ""nchapters"": 8.0}"
HarvardX,3,aligned,0,8593,MCCE,bounded+edit,MCCE_bounded+edit,1,OK,0.0,0.040902137756347656,0.7005626557350695,3.0,"{""nevents"": 67.0, ""ndays_act"": 20.0, ""nchapters"": 8.0}"
HarvardX,3,aligned,0,8615,NICE,native,NICE_native,0,out_of_bounds:nevents,0.0,0.0050542354583740234,0.1635155096011817,2.0,"{""nevents"": 9.0, ""ndays_act"": 7.0, ""nchapters"": 12.0}"
HarvardX,3,aligned,0,8615,NICE,bounded,NICE_bounded,0,classifier_target_not_met,0.0,0.0050542354583740234,0.1,1.0,"{""nevents"": 52.0, ""ndays_act"": 7.0, ""nchapters"": 12.0}"
HarvardX,3,aligned,0,8615,NICE,bounded+edit,NICE_bounded+edit,0,classifier_target_not_met,0.0,0.0050542354583740234,0.1,1.0,"{""nevents"": 52.0, ""ndays_act"": 7.0, ""nchapters"": 12.0}"
HarvardX,3,aligned,0,8615,MCCE,native,MCCE_native,1,OK,0.0,0.027730703353881836,0.4166666666666667,1.0,"{""nevents"": 52.0, ""ndays_act"": 26.0, ""nchapters"": 12.0}"
HarvardX,3,aligned,0,8615,MCCE,bounded,MCCE_bounded,1,OK,0.0,0.027730703353881836,0.4166666666666667,1.0,"{""nevents"": 52.0, ""ndays_act"": 26.0, ""nchapters"": 12.0}"
HarvardX,3,aligned,0,8615,MCCE,bounded+edit,MCCE_bounded+edit,1,OK,0.0,0.027730703353881836,0.4166666666666667,1.0,"{""nevents"": 52.0, ""ndays_act"": 26.0, ""nchapters"": 12.0}"
HarvardX,3,aligned,0,8628,NICE,native,NICE_native,1,OK,0.0,0.004506111145019531,0.110989010989011,2.0,"{""nevents"": 9.0, ""ndays_act"": 7.0, ""nchapters"": 12.0}"
HarvardX,3,aligned,0,8628,NICE,bounded,NICE_bounded,1,OK,0.0,0.004506111145019531,0.110989010989011,2.0,"{""nevents"": 9.0, ""ndays_act"": 7.0, ""nchapters"": 12.0}"
HarvardX,3,aligned,0,8628,NICE,bounded+edit,NICE_bounded+edit,1,OK,0.0,0.004506111145019531,0.110989010989011,2.0,"{""nevents"": 9.0, ""ndays_act"": 7.0, ""nchapters"": 12.0}"
HarvardX,3,aligned,0,8628,MCCE,native,MCCE_native,1,OK,0.0,0.02749013900756836,0.10961538461538461,2.0,"{""nevents"": 8.0, ""ndays_act"": 7.0, ""nchapters"": 12.0}"
HarvardX,3,aligned,0,8628,MCCE,bounded,MCCE_bounded,1,OK,0.0,0.02749013900756836,0.10961538461538461,2.0,"{""nevents"": 8.0, ""ndays_act"": 7.0, ""nchapters"": 12.0}"
HarvardX,3,aligned,0,8628,MCCE,bounded+edit,MCCE_bounded+edit,1,OK,0.0,0.02749013900756836,0.10961538461538461,2.0,"{""nevents"": 8.0, ""ndays_act"": 7.0, ""nchapters"": 12.0}"
HarvardX,3,aligned,0,8675,NICE,native,NICE_native,0,out_of_bounds:ndays_act,0.0,0.004163026809692383,0.03125,1.0,"{""nevents"": 165.0, ""ndays_act"": 28.0, ""nchapters"": 10.0}"
HarvardX,3,aligned,0,8675,NICE,bounded,NICE_bounded,0,classifier_target_not_met,0.0,0.004163026809692383,0.0,0.0,"{""nevents"": 165.0, ""ndays_act"": 29.0, ""nchapters"": 10.0}"
HarvardX,3,aligned,0,8675,NICE,bounded+edit,NICE_bounded+edit,0,classifier_target_not_met,0.0,0.004163026809692383,0.0,0.0,"{""nevents"": 165.0, ""ndays_act"": 29.0, ""nchapters"": 10.0}"
HarvardX,3,aligned,0,8675,MCCE,native,MCCE_native,0,out_of_bounds:nevents;out_of_bounds:ndays_act,0.0,0.04257035255432129,0.311613475177305,2.0,"{""nevents"": 95.0, ""ndays_act"": 23.0, ""nchapters"": 10.0}"
HarvardX,3,aligned,0,8675,MCCE,bounded,MCCE_bounded,1,OK,0.0,0.04257035255432129,0.47606382978723405,2.0,"{""nevents"": 222.0, ""ndays_act"": 41.0, ""nchapters"": 10.0}"
HarvardX,3,aligned,0,8675,MCCE,bounded+edit,MCCE_bounded+edit,1,OK,0.0,0.04257035255432129,0.47606382978723405,2.0,"{""nevents"": 222.0, ""ndays_act"": 41.0, ""nchapters"": 10.0}"
HarvardX,3,aligned,0,8685,NICE,native,NICE_native,1,OK,0.0,0.005040645599365234,0.3623268698060942,2.0,"{""nevents"": 52.0, ""ndays_act"": 19.0, ""nchapters"": 8.0}"
HarvardX,3,aligned,0,8685,NICE,bounded,NICE_bounded,1,OK,0.0,0.005040645599365234,0.3623268698060942,2.0,"{""nevents"": 52.0, ""ndays_act"": 19.0, ""nchapters"": 8.0}"
HarvardX,3,aligned,0,8685,NICE,bounded+edit,NICE_bounded+edit,1,OK,0.0,0.005040645599365234,0.3623268698060942,2.0,"{""nevents"": 52.0, ""ndays_act"": 19.0, ""nchapters"": 8.0}"
HarvardX,3,aligned,0,8685,MCCE,native,MCCE_native,1,OK,0.0,0.04147672653198242,0.3997691597414589,2.0,"{""nevents"": 67.0, ""ndays_act"": 20.0, ""nchapters"": 8.0}"
HarvardX,3,aligned,0,8685,MCCE,bounded,MCCE_bounded,1,OK,0.0,0.04147672653198242,0.3997691597414589,2.0,"{""nevents"": 67.0, ""ndays_act"": 20.0, ""nchapters"": 8.0}"
HarvardX,3,aligned,0,8685,MCCE,bounded+edit,MCCE_bounded+edit,1,OK,0.0,0.04147672653198242,0.3997691597414589,2.0,"{""nevents"": 67.0, ""ndays_act"": 20.0, ""nchapters"": 8.0}"
HarvardX,3,aligned,0,8692,NICE,native,NICE_native,0,out_of_bounds:nevents,0.0,0.004723787307739258,0.057269419395665246,2.0,"{""nevents"": 121.0, ""ndays_act"": 19.0, ""nchapters"": 12.0}"
HarvardX,3,aligned,0,8692,NICE,bounded,NICE_bounded,0,classifier_target_not_met,0.0,0.004723787307739258,0.023255813953488372,1.0,"{""nevents"": 141.0, ""ndays_act"": 19.0, ""nchapters"": 12.0}"
HarvardX,3,aligned,0,8692,NICE,bounded+edit,NICE_bounded+edit,0,classifier_target_not_met,0.0,0.004723787307739258,0.023255813953488372,1.0,"{""nevents"": 141.0, ""ndays_act"": 19.0, ""nchapters"": 12.0}"
HarvardX,3,aligned,0,8692,MCCE,native,MCCE_native,0,out_of_bounds:nevents,0.0,0.025907039642333984,0.10884353741496598,1.0,"{""nevents"": 77.0, ""ndays_act"": 18.0, ""nchapters"": 12.0}"
HarvardX,3,aligned,0,8692,MCCE,bounded,MCCE_bounded,1,OK,0.0,0.025907039642333984,0.11968043031165955,2.0,"{""nevents"": 143.0, ""ndays_act"": 23.0, ""nchapters"": 12.0}"
HarvardX,3,aligned,0,8692,MCCE,bounded+edit,MCCE_bounded+edit,1,OK,0.0,0.025907039642333984,0.11968043031165955,2.0,"{""nevents"": 143.0, ""ndays_act"": 23.0, ""nchapters"": 12.0}"
HarvardX,3,aligned,0,8737,NICE,native,NICE_native,1,OK,0.0,0.00481414794921875,0.27234960884812515,2.0,"{""nevents"": 67.0, ""ndays_act"": 20.0, ""nchapters"": 7.0}"
HarvardX,3,aligned,0,8737,NICE,bounded,NICE_bounded,1,OK,0.0,0.00481414794921875,0.27234960884812515,2.0,"{""nevents"": 67.0, ""ndays_act"": 20.0, ""nchapters"": 7.0}"
HarvardX,3,aligned,0,8737,NICE,bounded+edit,NICE_bounded+edit,1,OK,0.0,0.00481414794921875,0.27234960884812515,2.0,"{""nevents"": 67.0, ""ndays_act"": 20.0, ""nchapters"": 7.0}"
HarvardX,3,aligned,0,8737,MCCE,native,MCCE_native,1,OK,0.0,0.04166722297668457,0.47234960884812516,3.0,"{""nevents"": 67.0, ""ndays_act"": 20.0, ""nchapters"": 8.0}"
HarvardX,3,aligned,0,8737,MCCE,bounded,MCCE_bounded,1,OK,0.0,0.04166722297668457,0.47234960884812516,3.0,"{""nevents"": 67.0, ""ndays_act"": 20.0, ""nchapters"": 8.0}"
HarvardX,3,aligned,0,8737,MCCE,bounded+edit,MCCE_bounded+edit,1,OK,0.0,0.04166722297668457,0.47234960884812516,3.0,"{""nevents"": 67.0, ""ndays_act"": 20.0, ""nchapters"": 8.0}"
HarvardX,3,aligned,0,8758,NICE,native,NICE_native,0,out_of_bounds:nevents,0.0,0.0035245418548583984,0.21212121212121213,1.0,"{""nevents"": 9.0, ""ndays_act"": 8.0, ""nchapters"": 12.0}"
HarvardX,3,aligned,0,8758,NICE,bounded,NICE_bounded,0,classifier_target_not_met,0.0,0.0035245418548583984,0.0,0.0,"{""nevents"": 135.0, ""ndays_act"": 8.0, ""nchapters"": 12.0}"
HarvardX,3,aligned,0,8758,NICE,bounded+edit,NICE_bounded+edit,0,classifier_target_not_met,0.0,0.0035245418548583984,0.0,0.0,"{""nevents"": 135.0, ""ndays_act"": 8.0, ""nchapters"": 12.0}"
HarvardX,3,aligned,0,8758,MCCE,native,MCCE_native,0,out_of_bounds:nevents;out_of_bounds:ndays_act,0.0,0.026836633682250977,0.23267263833301569,2.0,"{""nevents"": 8.0, ""ndays_act"": 7.0, ""nchapters"": 12.0}"
HarvardX,3,aligned,0,8758,MCCE,bounded,MCCE_bounded,1,OK,0.0,0.026836633682250977,0.29648688139254176,2.0,"{""nevents"": 143.0, ""ndays_act"": 23.0, ""nchapters"": 12.0}"
HarvardX,3,aligned,0,8758,MCCE,bounded+edit,MCCE_bounded+edit,1,OK,0.0,0.026836633682250977,0.29648688139254176,2.0,"{""nevents"": 143.0, ""ndays_act"": 23.0, ""nchapters"": 12.0}"
HarvardX,3,aligned,0,8763,NICE,native,NICE_native,1,OK,0.0,0.005003213882446289,0.33677416114124975,2.0,"{""nevents"": 67.0, ""ndays_act"": 20.0, ""nchapters"": 7.0}"
HarvardX,3,aligned,0,8763,NICE,bounded,NICE_bounded,1,OK,0.0,0.005003213882446289,0.33677416114124975,2.0,"{""nevents"": 67.0, ""ndays_act"": 20.0, ""nchapters"": 7.0}"
HarvardX,3,aligned,0,8763,NICE,bounded+edit,NICE_bounded+edit,1,OK,0.0,0.005003213882446289,0.33677416114124975,2.0,"{""nevents"": 67.0, ""ndays_act"": 20.0, ""nchapters"": 7.0}"
HarvardX,3,aligned,0,8763,MCCE,native,MCCE_native,1,OK,0.0,0.041457414627075195,0.5367741611412498,3.0,"{""nevents"": 67.0, ""ndays_act"": 20.0, ""nchapters"": 8.0}"
HarvardX,3,aligned,0,8763,MCCE,bounded,MCCE_bounded,1,OK,0.0,0.041457414627075195,0.5367741611412498,3.0,"{""nevents"": 67.0, ""ndays_act"": 20.0, ""nchapters"": 8.0}"
HarvardX,3,aligned,0,8763,MCCE,bounded+edit,MCCE_bounded+edit,1,OK,0.0,0.041457414627075195,0.5367741611412498,3.0,"{""nevents"": 67.0, ""ndays_act"": 20.0, ""nchapters"": 8.0}"
HarvardX,3,aligned,0,8782,NICE,native,NICE_native,0,out_of_bounds:nevents,0.0,0.005936622619628906,0.3527456940222897,3.0,"{""nevents"": 67.0, ""ndays_act"": 20.0, ""nchapters"": 7.0}"
HarvardX,3,aligned,0,8782,NICE,bounded,NICE_bounded,0,classifier_target_not_met,0.0,0.005936622619628906,0.3466666666666667,2.0,"{""nevents"": 71.0, ""ndays_act"": 20.0, ""nchapters"": 7.0}"
HarvardX,3,aligned,0,8782,NICE,bounded+edit,NICE_bounded+edit,0,classifier_target_not_met,0.0,0.005936622619628906,0.3466666666666667,2.0,"{""nevents"": 71.0, ""ndays_act"": 20.0, ""nchapters"": 7.0}"
HarvardX,3,aligned,0,8782,MCCE,native,MCCE_native,0,out_of_bounds:nevents,0.0,0.041677236557006836,0.5194123606889565,3.0,"{""nevents"": 67.0, ""ndays_act"": 20.0, ""nchapters"": 8.0}"
HarvardX,3,aligned,0,8782,MCCE,bounded,MCCE_bounded,1,OK,0.0,0.041677236557006836,0.7896656534954407,3.0,"{""nevents"": 130.0, ""ndays_act"": 21.0, ""nchapters"": 9.0}"
HarvardX,3,aligned,0,8782,MCCE,bounded+edit,MCCE_bounded+edit,1,OK,0.0,0.041677236557006836,0.7896656534954407,3.0,"{""nevents"": 130.0, ""ndays_act"": 21.0, ""nchapters"": 9.0}"
HarvardX,3,aligned,0,8797,NICE,native,NICE_native,1,OK,0.0,0.005338191986083984,0.4384874384874385,2.0,"{""nevents"": 547.0, ""ndays_act"": 24.0, ""nchapters"": 12.0}"
HarvardX,3,aligned,0,8797,NICE,bounded,NICE_bounded,1,OK,0.0,0.005338191986083984,0.4384874384874385,2.0,"{""nevents"": 547.0, ""ndays_act"": 24.0, ""nchapters"": 12.0}"
HarvardX,3,aligned,0,8797,NICE,bounded+edit,NICE_bounded+edit,1,OK,0.0,0.005338191986083984,0.4384874384874385,2.0,"{""nevents"": 547.0, ""ndays_act"": 24.0, ""nchapters"": 12.0}"
HarvardX,3,aligned,0,8797,MCCE,native,MCCE_native,0,out_of_bounds:nevents,0.0,0.02675628662109375,1.202020202020202,1.0,"{""nevents"": 75.0, ""ndays_act"": 22.0, ""nchapters"": 12.0}"
HarvardX,3,aligned,0,8797,MCCE,bounded,MCCE_bounded,1,OK,0.0,0.02675628662109375,0.7435897435897436,1.0,"{""nevents"": 432.0, ""ndays_act"": 51.0, ""nchapters"": 12.0}"
HarvardX,3,aligned,0,8797,MCCE,bounded+edit,MCCE_bounded+edit,1,OK,0.0,0.02675628662109375,0.7435897435897436,1.0,"{""nevents"": 432.0, ""ndays_act"": 51.0, ""nchapters"": 12.0}"
HarvardX,3,aligned,0,8827,NICE,native,NICE_native,1,OK,0.0,0.0034058094024658203,0.2222222222222222,1.0,"{""nevents"": 53.0, ""ndays_act"": 19.0, ""nchapters"": 8.0}"
HarvardX,3,aligned,0,8827,NICE,bounded,NICE_bounded,1,OK,0.0,0.0034058094024658203,0.2222222222222222,1.0,"{""nevents"": 53.0, ""ndays_act"": 19.0, ""nchapters"": 8.0}"
HarvardX,3,aligned,0,8827,NICE,bounded+edit,NICE_bounded+edit,1,OK,0.0,0.0034058094024658203,0.2222222222222222,1.0,"{""nevents"": 53.0, ""ndays_act"": 19.0, ""nchapters"": 8.0}"
HarvardX,3,aligned,0,8827,MCCE,native,MCCE_native,1,OK,0.0,0.04179096221923828,0.2614507999123384,2.0,"{""nevents"": 67.0, ""ndays_act"": 20.0, ""nchapters"": 8.0}"
HarvardX,3,aligned,0,8827,MCCE,bounded,MCCE_bounded,1,OK,0.0,0.04179096221923828,0.2614507999123384,2.0,"{""nevents"": 67.0, ""ndays_act"": 20.0, ""nchapters"": 8.0}"
HarvardX,3,aligned,0,8827,MCCE,bounded+edit,MCCE_bounded+edit,1,OK,0.0,0.04179096221923828,0.2614507999123384,2.0,"{""nevents"": 67.0, ""ndays_act"": 20.0, ""nchapters"": 8.0}"
HarvardX,3,aligned,0,8842,NICE,native,NICE_native,0,out_of_bounds:nevents,0.0,0.003707408905029297,0.16155088852988692,1.0,"{""nevents"": 10.0, ""ndays_act"": 11.0, ""nchapters"": 10.0}"
HarvardX,3,aligned,0,8842,NICE,bounded,NICE_bounded,0,classifier_target_not_met,0.0,0.003707408905029297,0.0,0.0,"{""nevents"": 110.0, ""ndays_act"": 11.0, ""nchapters"": 10.0}"
HarvardX,3,aligned,0,8842,NICE,bounded+edit,NICE_bounded+edit,0,classifier_target_not_met,0.0,0.003707408905029297,0.0,0.0,"{""nevents"": 110.0, ""ndays_act"": 11.0, ""nchapters"": 10.0}"
HarvardX,3,aligned,0,8842,MCCE,native,MCCE_native,0,out_of_bounds:nevents,0.0,0.041168928146362305,0.2817770597738287,2.0,"{""nevents"": 47.0, ""ndays_act"": 20.0, ""nchapters"": 10.0}"
HarvardX,3,aligned,0,8842,MCCE,bounded,MCCE_bounded,1,OK,0.0,0.041168928146362305,0.7809369951534733,2.0,"{""nevents"": 222.0, ""ndays_act"": 41.0, ""nchapters"": 10.0}"
HarvardX,3,aligned,0,8842,MCCE,bounded+edit,MCCE_bounded+edit,1,OK,0.0,0.041168928146362305,0.7809369951534733,2.0,"{""nevents"": 222.0, ""ndays_act"": 41.0, ""nchapters"": 10.0}"
HarvardX,3,aligned,0,8866,NICE,native,NICE_native,1,OK,0.0,0.005682945251464844,0.5364786226133794,3.0,"{""nevents"": 67.0, ""ndays_act"": 20.0, ""nchapters"": 7.0}"
HarvardX,3,aligned,0,8866,NICE,bounded,NICE_bounded,1,OK,0.0,0.005682945251464844,0.5364786226133794,3.0,"{""nevents"": 67.0, ""ndays_act"": 20.0, ""nchapters"": 7.0}"
HarvardX,3,aligned,0,8866,NICE,bounded+edit,NICE_bounded+edit,1,OK,0.0,0.005682945251464844,0.5364786226133794,3.0,"{""nevents"": 67.0, ""ndays_act"": 20.0, ""nchapters"": 7.0}"
HarvardX,3,aligned,0,8866,MCCE,native,MCCE_native,1,OK,0.0,0.04350543022155762,0.703145289280046,3.0,"{""nevents"": 67.0, ""ndays_act"": 20.0, ""nchapters"": 8.0}"
HarvardX,3,aligned,0,8866,MCCE,bounded,MCCE_bounded,1,OK,0.0,0.04350543022155762,0.703145289280046,3.0,"{""nevents"": 67.0, ""ndays_act"": 20.0, ""nchapters"": 8.0}"
HarvardX,3,aligned,0,8866,MCCE,bounded+edit,MCCE_bounded+edit,1,OK,0.0,0.04350543022155762,0.703145289280046,3.0,"{""nevents"": 67.0, ""ndays_act"": 20.0, ""nchapters"": 8.0}"
HarvardX,3,aligned,0,8880,NICE,native,NICE_native,0,out_of_bounds:nevents,0.0,0.0050351619720458984,0.1688236360340765,2.0,"{""nevents"": 67.0, ""ndays_act"": 20.0, ""nchapters"": 7.0}"
HarvardX,3,aligned,0,8880,NICE,bounded,NICE_bounded,0,classifier_target_not_met,0.0,0.0050351619720458984,0.08888888888888889,1.0,"{""nevents"": 116.0, ""ndays_act"": 20.0, ""nchapters"": 7.0}"
HarvardX,3,aligned,0,8880,NICE,bounded+edit,NICE_bounded+edit,0,classifier_target_not_met,0.0,0.0050351619720458984,0.08888888888888889,1.0,"{""nevents"": 116.0, ""ndays_act"": 20.0, ""nchapters"": 7.0}"
HarvardX,3,aligned,0,8880,MCCE,native,MCCE_native,0,out_of_bounds:nevents,0.0,0.04210519790649414,1.135399673735726,2.0,"{""nevents"": 33.0, ""ndays_act"": 16.0, ""nchapters"": 12.0}"
HarvardX,3,aligned,0,8880,MCCE,bounded,MCCE_bounded,1,OK,0.0,0.04210519790649414,1.1111111111111112,2.0,"{""nevents"": 116.0, ""ndays_act"": 21.0, ""nchapters"": 12.0}"
HarvardX,3,aligned,0,8880,MCCE,bounded+edit,MCCE_bounded+edit,1,OK,0.0,0.04210519790649414,1.1111111111111112,2.0,"{""nevents"": 116.0, ""ndays_act"": 21.0, ""nchapters"": 12.0}"
HarvardX,3,aligned,0,8881,NICE,native,NICE_native,0,out_of_bounds:nevents,0.0,0.00463557243347168,0.3033199195171026,2.0,"{""nevents"": 9.0, ""ndays_act"": 7.0, ""nchapters"": 12.0}"
HarvardX,3,aligned,0,8881,NICE,bounded,NICE_bounded,0,classifier_target_not_met,0.0,0.00463557243347168,0.03571428571428571,1.0,"{""nevents"": 161.0, ""ndays_act"": 7.0, ""nchapters"": 12.0}"
HarvardX,3,aligned,0,8881,NICE,bounded+edit,NICE_bounded+edit,0,classifier_target_not_met,0.0,0.00463557243347168,0.03571428571428571,1.0,"{""nevents"": 161.0, ""ndays_act"": 7.0, ""nchapters"": 12.0}"
HarvardX,3,aligned,0,8881,MCCE,native,MCCE_native,0,out_of_bounds:nevents,0.0,0.026108503341674805,0.30508048289738426,2.0,"{""nevents"": 8.0, ""ndays_act"": 7.0, ""nchapters"": 12.0}"
HarvardX,3,aligned,0,8881,MCCE,bounded,MCCE_bounded,1,OK,0.0,0.026108503341674805,0.3533702213279678,2.0,"{""nevents"": 169.0, ""ndays_act"": 24.0, ""nchapters"": 12.0}"
HarvardX,3,aligned,0,8881,MCCE,bounded+edit,MCCE_bounded+edit,1,OK,0.0,0.026108503341674805,0.3533702213279678,2.0,"{""nevents"": 169.0, ""ndays_act"": 24.0, ""nchapters"": 12.0}"
HarvardX,3,aligned,0,8895,NICE,native,NICE_native,0,out_of_bounds:nevents,0.0,0.005091667175292969,0.14092253104671792,2.0,"{""nevents"": 233.0, ""ndays_act"": 24.0, ""nchapters"": 12.0}"
HarvardX,3,aligned,0,8895,NICE,bounded,NICE_bounded,0,classifier_target_not_met,0.0,0.005091667175292969,0.02631578947368421,1.0,"{""nevents"": 284.0, ""ndays_act"": 24.0, ""nchapters"": 12.0}"
HarvardX,3,aligned,0,8895,NICE,bounded+edit,NICE_bounded+edit,0,classifier_target_not_met,0.0,0.005091667175292969,0.02631578947368421,1.0,"{""nevents"": 284.0, ""ndays_act"": 24.0, ""nchapters"": 12.0}"
HarvardX,3,aligned,0,8895,MCCE,native,MCCE_native,0,out_of_bounds:nevents,0.0,0.027380943298339844,0.31685393258426964,1.0,"{""nevents"": 143.0, ""ndays_act"": 23.0, ""nchapters"": 12.0}"
HarvardX,3,aligned,0,8895,MCCE,bounded,MCCE_bounded,1,OK,0.0,0.027380943298339844,0.2779420461265523,2.0,"{""nevents"": 314.0, ""ndays_act"": 31.0, ""nchapters"": 12.0}"
HarvardX,3,aligned,0,8895,MCCE,bounded+edit,MCCE_bounded+edit,1,OK,0.0,0.027380943298339844,0.2779420461265523,2.0,"{""nevents"": 314.0, ""ndays_act"": 31.0, ""nchapters"": 12.0}"
HarvardX,3,aligned,0,8911,NICE,native,NICE_native,1,OK,0.0,0.005916595458984375,0.5702298850574712,3.0,"{""nevents"": 67.0, ""ndays_act"": 20.0, ""nchapters"": 7.0}"
HarvardX,3,aligned,0,8911,NICE,bounded,NICE_bounded,1,OK,0.0,0.005916595458984375,0.5702298850574712,3.0,"{""nevents"": 67.0, ""ndays_act"": 20.0, ""nchapters"": 7.0}"
HarvardX,3,aligned,0,8911,NICE,bounded+edit,NICE_bounded+edit,1,OK,0.0,0.005916595458984375,0.5702298850574712,3.0,"{""nevents"": 67.0, ""ndays_act"": 20.0, ""nchapters"": 7.0}"
HarvardX,3,aligned,0,8911,MCCE,native,MCCE_native,1,OK,0.0,0.03986525535583496,0.7368965517241379,3.0,"{""nevents"": 67.0, ""ndays_act"": 20.0, ""nchapters"": 8.0}"
HarvardX,3,aligned,0,8911,MCCE,bounded,MCCE_bounded,1,OK,0.0,0.03986525535583496,0.7368965517241379,3.0,"{""nevents"": 67.0, ""ndays_act"": 20.0, ""nchapters"": 8.0}"
HarvardX,3,aligned,0,8911,MCCE,bounded+edit,MCCE_bounded+edit,1,OK,0.0,0.03986525535583496,0.7368965517241379,3.0,"{""nevents"": 67.0, ""ndays_act"": 20.0, ""nchapters"": 8.0}"
HarvardX,3,aligned,0,8940,NICE,native,NICE_native,0,out_of_bounds:nevents,0.0,0.0036933422088623047,0.3156779661016949,1.0,"{""nevents"": 108.0, ""ndays_act"": 21.0, ""nchapters"": 10.0}"
HarvardX,3,aligned,0,8940,NICE,bounded,NICE_bounded,0,classifier_target_not_met,0.0,0.0036933422088623047,0.0,0.0,"{""nevents"": 257.0, ""ndays_act"": 21.0, ""nchapters"": 10.0}"
HarvardX,3,aligned,0,8940,NICE,bounded+edit,NICE_bounded+edit,0,classifier_target_not_met,0.0,0.0036933422088623047,0.0,0.0,"{""nevents"": 257.0, ""ndays_act"": 21.0, ""nchapters"": 10.0}"
HarvardX,3,aligned,0,8940,MCCE,native,MCCE_native,0,out_of_bounds:nevents,0.0,0.041045427322387695,0.3932203389830508,2.0,"{""nevents"": 95.0, ""ndays_act"": 23.0, ""nchapters"": 10.0}"
HarvardX,3,aligned,0,8940,MCCE,bounded,MCCE_bounded,1,OK,0.0,0.041045427322387695,0.5817796610169492,2.0,"{""nevents"": 272.0, ""ndays_act"": 43.0, ""nchapters"": 10.0}"
HarvardX,3,aligned,0,8940,MCCE,bounded+edit,MCCE_bounded+edit,1,OK,0.0,0.041045427322387695,0.5817796610169492,2.0,"{""nevents"": 272.0, ""ndays_act"": 43.0, ""nchapters"": 10.0}"
HarvardX,3,aligned,0,8992,NICE,native,NICE_native,0,out_of_bounds:nevents,0.0,0.003664255142211914,0.2523020257826888,1.0,"{""nevents"": 49.0, ""ndays_act"": 13.0, ""nchapters"": 12.0}"
HarvardX,3,aligned,0,8992,NICE,bounded,NICE_bounded,0,classifier_target_not_met,0.0,0.003664255142211914,0.0,0.0,"{""nevents"": 186.0, ""ndays_act"": 13.0, ""nchapters"": 12.0}"
HarvardX,3,aligned,0,8992,NICE,bounded+edit,NICE_bounded+edit,0,classifier_target_not_met,0.0,0.003664255142211914,0.0,0.0,"{""nevents"": 186.0, ""ndays_act"": 13.0, ""nchapters"": 12.0}"
HarvardX,3,aligned,0,8992,MCCE,native,MCCE_native,0,out_of_bounds:nevents,0.0,0.02748274803161621,0.25103591160220995,2.0,"{""nevents"": 61.0, ""ndays_act"": 14.0, ""nchapters"": 12.0}"
HarvardX,3,aligned,0,8992,MCCE,bounded,MCCE_bounded,1,OK,0.0,0.02748274803161621,0.3028314917127072,2.0,"{""nevents"": 226.0, ""ndays_act"": 24.0, ""nchapters"": 12.0}"
HarvardX,3,aligned,0,8992,MCCE,bounded+edit,MCCE_bounded+edit,1,OK,0.0,0.02748274803161621,0.3028314917127072,2.0,"{""nevents"": 226.0, ""ndays_act"": 24.0, ""nchapters"": 12.0}"
HarvardX,3,aligned,0,9010,NICE,native,NICE_native,1,OK,0.0,0.0037109851837158203,0.023255813953488372,1.0,"{""nevents"": 117.0, ""ndays_act"": 19.0, ""nchapters"": 12.0}"
HarvardX,3,aligned,0,9010,NICE,bounded,NICE_bounded,1,OK,0.0,0.0037109851837158203,0.023255813953488372,1.0,"{""nevents"": 117.0, ""ndays_act"": 19.0, ""nchapters"": 12.0}"
HarvardX,3,aligned,0,9010,NICE,bounded+edit,NICE_bounded+edit,1,OK,0.0,0.0037109851837158203,0.023255813953488372,1.0,"{""nevents"": 117.0, ""ndays_act"": 19.0, ""nchapters"": 12.0}"
HarvardX,3,aligned,0,9010,MCCE,native,MCCE_native,0,out_of_bounds:nevents,0.0,0.028821706771850586,0.06535947712418301,1.0,"{""nevents"": 77.0, ""ndays_act"": 18.0, ""nchapters"": 12.0}"
HarvardX,3,aligned,0,9010,MCCE,bounded,MCCE_bounded,1,OK,0.0,0.028821706771850586,0.09264325885392917,2.0,"{""nevents"": 131.0, ""ndays_act"": 21.0, ""nchapters"": 12.0}"
HarvardX,3,aligned,0,9010,MCCE,bounded+edit,MCCE_bounded+edit,1,OK,0.0,0.028821706771850586,0.09264325885392917,2.0,"{""nevents"": 131.0, ""ndays_act"": 21.0, ""nchapters"": 12.0}"
HarvardX,3,aligned,0,9011,NICE,native,NICE_native,0,out_of_bounds:nevents,0.0,0.004983186721801758,0.32049714751426245,2.0,"{""nevents"": 223.0, ""ndays_act"": 28.0, ""nchapters"": 10.0}"
HarvardX,3,aligned,0,9011,NICE,bounded,NICE_bounded,0,classifier_target_not_met,0.0,0.004983186721801758,0.08333333333333333,1.0,"{""nevents"": 320.0, ""ndays_act"": 28.0, ""nchapters"": 10.0}"
HarvardX,3,aligned,0,9011,NICE,bounded+edit,NICE_bounded+edit,0,classifier_target_not_met,0.0,0.004983186721801758,0.08333333333333333,1.0,"{""nevents"": 320.0, ""ndays_act"": 28.0, ""nchapters"": 10.0}"
HarvardX,3,aligned,0,9011,MCCE,native,MCCE_native,0,out_of_bounds:nevents;out_of_bounds:ndays_act,0.0,0.04191422462463379,0.6056778049443087,2.0,"{""nevents"": 95.0, ""ndays_act"": 23.0, ""nchapters"": 10.0}"
HarvardX,3,aligned,0,9011,MCCE,bounded,MCCE_bounded,1,OK,0.0,0.04191422462463379,0.8896359684868242,2.0,"{""nevents"": 468.0, ""ndays_act"": 44.0, ""nchapters"": 10.0}"
HarvardX,3,aligned,0,9011,MCCE,bounded+edit,MCCE_bounded+edit,1,OK,0.0,0.04191422462463379,0.8896359684868242,2.0,"{""nevents"": 468.0, ""ndays_act"": 44.0, ""nchapters"": 10.0}"
HarvardX,3,aligned,0,9020,NICE,native,NICE_native,0,out_of_bounds:nevents,0.0,0.005030393600463867,0.22050865800865802,2.0,"{""nevents"": 67.0, ""ndays_act"": 20.0, ""nchapters"": 7.0}"
HarvardX,3,aligned,0,9020,NICE,bounded,NICE_bounded,0,classifier_target_not_met,0.0,0.005030393600463867,0.14583333333333334,1.0,"{""nevents"": 113.0, ""ndays_act"": 20.0, ""nchapters"": 7.0}"
HarvardX,3,aligned,0,9020,NICE,bounded+edit,NICE_bounded+edit,0,classifier_target_not_met,0.0,0.005030393600463867,0.14583333333333334,1.0,"{""nevents"": 113.0, ""ndays_act"": 20.0, ""nchapters"": 7.0}"
HarvardX,3,aligned,0,9020,MCCE,native,MCCE_native,0,out_of_bounds:nevents,0.0,0.041844844818115234,0.420508658008658,3.0,"{""nevents"": 67.0, ""ndays_act"": 20.0, ""nchapters"": 8.0}"
HarvardX,3,aligned,0,9020,MCCE,bounded,MCCE_bounded,1,OK,0.0,0.041844844818115234,0.5942640692640693,3.0,"{""nevents"": 130.0, ""ndays_act"": 21.0, ""nchapters"": 9.0}"
HarvardX,3,aligned,0,9020,MCCE,bounded+edit,MCCE_bounded+edit,1,OK,0.0,0.041844844818115234,0.5942640692640693,3.0,"{""nevents"": 130.0, ""ndays_act"": 21.0, ""nchapters"": 9.0}"
HarvardX,3,aligned,0,9027,NICE,native,NICE_native,0,out_of_bounds:nevents,0.0,0.005017757415771484,0.2255197853789403,2.0,"{""nevents"": 60.0, ""ndays_act"": 15.0, ""nchapters"": 11.0}"
HarvardX,3,aligned,0,9027,NICE,bounded,NICE_bounded,0,classifier_target_not_met,0.0,0.005017757415771484,0.17857142857142858,1.0,"{""nevents"": 90.0, ""ndays_act"": 15.0, ""nchapters"": 11.0}"
HarvardX,3,aligned,0,9027,NICE,bounded+edit,NICE_bounded+edit,0,classifier_target_not_met,0.0,0.005017757415771484,0.17857142857142858,1.0,"{""nevents"": 90.0, ""ndays_act"": 15.0, ""nchapters"": 11.0}"
HarvardX,3,aligned,0,9027,MCCE,native,MCCE_native,0,out_of_bounds:nevents,0.0,0.04298281669616699,0.25718198077353005,2.0,"{""nevents"": 74.0, ""ndays_act"": 18.0, ""nchapters"": 11.0}"
HarvardX,3,aligned,0,9027,MCCE,bounded,MCCE_bounded,1,OK,0.0,0.04298281669616699,0.7109881511289962,2.0,"{""nevents"": 202.0, ""ndays_act"": 35.0, ""nchapters"": 11.0}"
HarvardX,3,aligned,0,9027,MCCE,bounded+edit,MCCE_bounded+edit,1,OK,0.0,0.04298281669616699,0.7109881511289962,2.0,"{""nevents"": 202.0, ""ndays_act"": 35.0, ""nchapters"": 11.0}"
HarvardX,3,aligned,0,9106,NICE,native,NICE_native,1,OK,0.0,0.0038950443267822266,0.13043478260869565,1.0,"{""nevents"": 296.0, ""ndays_act"": 41.0, ""nchapters"": 9.0}"
HarvardX,3,aligned,0,9106,NICE,bounded,NICE_bounded,1,OK,0.0,0.0038950443267822266,0.13043478260869565,1.0,"{""nevents"": 296.0, ""ndays_act"": 41.0, ""nchapters"": 9.0}"
HarvardX,3,aligned,0,9106,NICE,bounded+edit,NICE_bounded+edit,1,OK,0.0,0.0038950443267822266,0.13043478260869565,1.0,"{""nevents"": 296.0, ""ndays_act"": 41.0, ""nchapters"": 9.0}"
HarvardX,3,aligned,0,9106,MCCE,native,MCCE_native,0,out_of_bounds:nevents;out_of_bounds:ndays_act,0.0,0.04304790496826172,0.8624359875489507,2.0,"{""nevents"": 92.0, ""ndays_act"": 29.0, ""nchapters"": 9.0}"
HarvardX,3,aligned,0,9106,MCCE,bounded,MCCE_bounded,1,OK,0.0,0.04304790496826172,0.5441978779663286,3.0,"{""nevents"": 312.0, ""ndays_act"": 42.0, ""nchapters"": 10.0}"
HarvardX,3,aligned,0,9106,MCCE,bounded+edit,MCCE_bounded+edit,1,OK,0.0,0.04304790496826172,0.5441978779663286,3.0,"{""nevents"": 312.0, ""ndays_act"": 42.0, ""nchapters"": 10.0}"
HarvardX,3,aligned,0,9136,NICE,native,NICE_native,0,out_of_bounds:nevents;out_of_bounds:ndays_act,0.0,0.0049669742584228516,0.4726659167604049,2.0,"{""nevents"": 66.0, ""ndays_act"": 21.0, ""nchapters"": 6.0}"
HarvardX,3,aligned,0,9136,NICE,bounded,NICE_bounded,0,classifier_target_not_met,0.0,0.0049669742584228516,0.0,0.0,"{""nevents"": 94.0, ""ndays_act"": 33.0, ""nchapters"": 6.0}"
HarvardX,3,aligned,0,9136,NICE,bounded+edit,NICE_bounded+edit,0,classifier_target_not_met,0.0,0.0049669742584228516,0.0,0.0,"{""nevents"": 94.0, ""ndays_act"": 33.0, ""nchapters"": 6.0}"
HarvardX,3,aligned,0,9136,MCCE,native,MCCE_native,1,OK,0.0,0.044477224349975586,1.0173228346456693,2.0,"{""nevents"": 105.0, ""ndays_act"": 33.0, ""nchapters"": 12.0}"
HarvardX,3,aligned,0,9136,MCCE,bounded,MCCE_bounded,1,OK,0.0,0.044477224349975586,1.0173228346456693,2.0,"{""nevents"": 105.0, ""ndays_act"": 33.0, ""nchapters"": 12.0}"
HarvardX,3,aligned,0,9136,MCCE,bounded+edit,MCCE_bounded+edit,1,OK,0.0,0.044477224349975586,1.0173228346456693,2.0,"{""nevents"": 105.0, ""ndays_act"": 33.0, ""nchapters"": 12.0}"
HarvardX,3,aligned,0,9185,NICE,native,NICE_native,1,OK,0.0,0.0051000118255615234,0.3186039713058535,2.0,"{""nevents"": 53.0, ""ndays_act"": 15.0, ""nchapters"": 11.0}"
HarvardX,3,aligned,0,9185,NICE,bounded,NICE_bounded,1,OK,0.0,0.0051000118255615234,0.3186039713058535,2.0,"{""nevents"": 53.0, ""ndays_act"": 15.0, ""nchapters"": 11.0}"
HarvardX,3,aligned,0,9185,NICE,bounded+edit,NICE_bounded+edit,1,OK,0.0,0.0051000118255615234,0.3186039713058535,2.0,"{""nevents"": 53.0, ""ndays_act"": 15.0, ""nchapters"": 11.0}"
HarvardX,3,aligned,0,9185,MCCE,native,MCCE_native,1,OK,0.0,0.04436302185058594,0.3965908835368459,2.0,"{""nevents"": 74.0, ""ndays_act"": 18.0, ""nchapters"": 11.0}"
HarvardX,3,aligned,0,9185,MCCE,bounded,MCCE_bounded,1,OK,0.0,0.04436302185058594,0.3965908835368459,2.0,"{""nevents"": 74.0, ""ndays_act"": 18.0, ""nchapters"": 11.0}"
HarvardX,3,aligned,0,9185,MCCE,bounded+edit,MCCE_bounded+edit,1,OK,0.0,0.04436302185058594,0.3965908835368459,2.0,"{""nevents"": 74.0, ""ndays_act"": 18.0, ""nchapters"": 11.0}"
HarvardX,3,aligned,0,9202,NICE,native,NICE_native,1,OK,0.0,0.005056142807006836,0.24021980237951202,2.0,"{""nevents"": 56.0, ""ndays_act"": 16.0, ""nchapters"": 9.0}"
HarvardX,3,aligned,0,9202,NICE,bounded,NICE_bounded,1,OK,0.0,0.005056142807006836,0.24021980237951202,2.0,"{""nevents"": 56.0, ""ndays_act"": 16.0, ""nchapters"": 9.0}"
HarvardX,3,aligned,0,9202,NICE,bounded+edit,NICE_bounded+edit,1,OK,0.0,0.005056142807006836,0.24021980237951202,2.0,"{""nevents"": 56.0, ""ndays_act"": 16.0, ""nchapters"": 9.0}"
HarvardX,3,aligned,0,9202,MCCE,native,MCCE_native,1,OK,0.0,0.04255843162536621,0.3410465819721718,2.0,"{""nevents"": 66.0, ""ndays_act"": 21.0, ""nchapters"": 9.0}"
HarvardX,3,aligned,0,9202,MCCE,bounded,MCCE_bounded,1,OK,0.0,0.04255843162536621,0.3410465819721718,2.0,"{""nevents"": 66.0, ""ndays_act"": 21.0, ""nchapters"": 9.0}"
HarvardX,3,aligned,0,9202,MCCE,bounded+edit,MCCE_bounded+edit,1,OK,0.0,0.04255843162536621,0.3410465819721718,2.0,"{""nevents"": 66.0, ""ndays_act"": 21.0, ""nchapters"": 9.0}"
HarvardX,3,aligned,0,9255,NICE,native,NICE_native,0,out_of_bounds:nevents,0.0,0.006616353988647461,0.4658491422981518,3.0,"{""nevents"": 67.0, ""ndays_act"": 20.0, ""nchapters"": 7.0}"
HarvardX,3,aligned,0,9255,NICE,bounded,NICE_bounded,0,classifier_target_not_met,0.0,0.006616353988647461,0.45977011494252873,2.0,"{""nevents"": 71.0, ""ndays_act"": 20.0, ""nchapters"": 7.0}"
HarvardX,3,aligned,0,9255,NICE,bounded+edit,NICE_bounded+edit,0,classifier_target_not_met,0.0,0.006616353988647461,0.45977011494252873,2.0,"{""nevents"": 71.0, ""ndays_act"": 20.0, ""nchapters"": 7.0}"
HarvardX,3,aligned,0,9255,MCCE,native,MCCE_native,0,out_of_bounds:nevents,0.0,0.045954227447509766,0.6325158089648184,3.0,"{""nevents"": 67.0, ""ndays_act"": 20.0, ""nchapters"": 8.0}"
HarvardX,3,aligned,0,9255,MCCE,bounded,MCCE_bounded,1,OK,0.0,0.045954227447509766,0.9000104810816476,3.0,"{""nevents"": 130.0, ""ndays_act"": 21.0, ""nchapters"": 9.0}"
HarvardX,3,aligned,0,9255,MCCE,bounded+edit,MCCE_bounded+edit,1,OK,0.0,0.045954227447509766,0.9000104810816476,3.0,"{""nevents"": 130.0, ""ndays_act"": 21.0, ""nchapters"": 9.0}"
HarvardX,3,aligned,0,9274,NICE,native,NICE_native,0,out_of_bounds:nevents,0.0,0.004934549331665039,0.31169177951554455,2.0,"{""nevents"": 60.0, ""ndays_act"": 15.0, ""nchapters"": 11.0}"
HarvardX,3,aligned,0,9274,NICE,bounded,NICE_bounded,0,classifier_target_not_met,0.0,0.004934549331665039,0.061224489795918366,1.0,"{""nevents"": 194.0, ""ndays_act"": 15.0, ""nchapters"": 11.0}"
HarvardX,3,aligned,0,9274,NICE,bounded+edit,NICE_bounded+edit,0,classifier_target_not_met,0.0,0.004934549331665039,0.061224489795918366,1.0,"{""nevents"": 194.0, ""ndays_act"": 15.0, ""nchapters"": 11.0}"
HarvardX,3,aligned,0,9274,MCCE,native,MCCE_native,0,out_of_bounds:nevents,0.0,0.0448613166809082,0.3467480450123975,2.0,"{""nevents"": 74.0, ""ndays_act"": 18.0, ""nchapters"": 11.0}"
HarvardX,3,aligned,0,9274,MCCE,bounded,MCCE_bounded,1,OK,0.0,0.0448613166809082,0.48434102613007823,2.0,"{""nevents"": 202.0, ""ndays_act"": 35.0, ""nchapters"": 11.0}"
HarvardX,3,aligned,0,9274,MCCE,bounded+edit,MCCE_bounded+edit,1,OK,0.0,0.0448613166809082,0.48434102613007823,2.0,"{""nevents"": 202.0, ""ndays_act"": 35.0, ""nchapters"": 11.0}"
HarvardX,3,aligned,0,9348,NICE,native,NICE_native,0,out_of_bounds:nevents,0.0,0.0035448074340820312,0.15569823434991975,1.0,"{""nevents"": 9.0, ""ndays_act"": 8.0, ""nchapters"": 12.0}"
HarvardX,3,aligned,0,9348,NICE,bounded,NICE_bounded,0,classifier_target_not_met,0.0,0.0035448074340820312,0.0,0.0,"{""nevents"": 106.0, ""ndays_act"": 8.0, ""nchapters"": 12.0}"
HarvardX,3,aligned,0,9348,NICE,bounded+edit,NICE_bounded+edit,0,classifier_target_not_met,0.0,0.0035448074340820312,0.0,0.0,"{""nevents"": 106.0, ""ndays_act"": 8.0, ""nchapters"": 12.0}"
HarvardX,3,aligned,0,9348,MCCE,native,MCCE_native,1,OK,0.0,0.02766585350036621,0.5471698113207547,1.0,"{""nevents"": 106.0, ""ndays_act"": 37.0, ""nchapters"": 12.0}"
HarvardX,3,aligned,0,9348,MCCE,bounded,MCCE_bounded,1,OK,0.0,0.02766585350036621,0.5471698113207547,1.0,"{""nevents"": 106.0, ""ndays_act"": 37.0, ""nchapters"": 12.0}"
HarvardX,3,aligned,0,9348,MCCE,bounded+edit,MCCE_bounded+edit,1,OK,0.0,0.02766585350036621,0.5471698113207547,1.0,"{""nevents"": 106.0, ""ndays_act"": 37.0, ""nchapters"": 12.0}"
HarvardX,3,aligned,0,9382,NICE,native,NICE_native,0,out_of_bounds:nevents,0.0,0.004976034164428711,0.21650516970714015,2.0,"{""nevents"": 9.0, ""ndays_act"": 8.0, ""nchapters"": 10.0}"
HarvardX,3,aligned,0,9382,NICE,bounded,NICE_bounded,0,classifier_target_not_met,0.0,0.004976034164428711,0.08620689655172414,1.0,"{""nevents"": 92.0, ""ndays_act"": 8.0, ""nchapters"": 10.0}"
HarvardX,3,aligned,0,9382,NICE,bounded+edit,NICE_bounded+edit,0,classifier_target_not_met,0.0,0.004976034164428711,0.08620689655172414,1.0,"{""nevents"": 92.0, ""ndays_act"": 8.0, ""nchapters"": 10.0}"
HarvardX,3,aligned,0,9382,MCCE,native,MCCE_native,0,out_of_bounds:nevents,0.0,0.04165458679199219,0.36374709034807556,2.0,"{""nevents"": 47.0, ""ndays_act"": 20.0, ""nchapters"": 10.0}"
HarvardX,3,aligned,0,9382,MCCE,bounded,MCCE_bounded,1,OK,0.0,0.04165458679199219,0.3495371623450441,2.0,"{""nevents"": 95.0, ""ndays_act"": 23.0, ""nchapters"": 10.0}"
HarvardX,3,aligned,0,9382,MCCE,bounded+edit,MCCE_bounded+edit,1,OK,0.0,0.04165458679199219,0.3495371623450441,2.0,"{""nevents"": 95.0, ""ndays_act"": 23.0, ""nchapters"": 10.0}"
HarvardX,3,aligned,0,9392,NICE,native,NICE_native,0,out_of_bounds:nevents,0.0,0.004797458648681641,0.37208480565371027,2.0,"{""nevents"": 9.0, ""ndays_act"": 7.0, ""nchapters"": 12.0}"
HarvardX,3,aligned,0,9392,NICE,bounded,NICE_bounded,0,classifier_target_not_met,0.0,0.004797458648681641,0.1,1.0,"{""nevents"": 163.0, ""ndays_act"": 7.0, ""nchapters"": 12.0}"
HarvardX,3,aligned,0,9392,NICE,bounded+edit,NICE_bounded+edit,0,classifier_target_not_met,0.0,0.004797458648681641,0.1,1.0,"{""nevents"": 163.0, ""ndays_act"": 7.0, ""nchapters"": 12.0}"
HarvardX,3,aligned,0,9392,MCCE,native,MCCE_native,1,OK,0.0,0.029535531997680664,0.5,1.0,"{""nevents"": 163.0, ""ndays_act"": 31.0, ""nchapters"": 12.0}"
HarvardX,3,aligned,0,9392,MCCE,bounded,MCCE_bounded,1,OK,0.0,0.029535531997680664,0.5,1.0,"{""nevents"": 163.0, ""ndays_act"": 31.0, ""nchapters"": 12.0}"
HarvardX,3,aligned,0,9392,MCCE,bounded+edit,MCCE_bounded+edit,1,OK,0.0,0.029535531997680664,0.5,1.0,"{""nevents"": 163.0, ""ndays_act"": 31.0, ""nchapters"": 12.0}"
HarvardX,3,aligned,0,9408,NICE,native,NICE_native,1,OK,0.0,0.004519462585449219,0.23333333333333334,1.0,"{""nevents"": 6.0, ""ndays_act"": 15.0, ""nchapters"": 11.0}"
HarvardX,3,aligned,0,9408,NICE,bounded,NICE_bounded,1,OK,0.0,0.004519462585449219,0.23333333333333334,1.0,"{""nevents"": 6.0, ""ndays_act"": 15.0, ""nchapters"": 11.0}"
HarvardX,3,aligned,0,9408,NICE,bounded+edit,NICE_bounded+edit,1,OK,0.0,0.004519462585449219,0.23333333333333334,1.0,"{""nevents"": 6.0, ""ndays_act"": 15.0, ""nchapters"": 11.0}"
HarvardX,3,aligned,0,9408,MCCE,native,MCCE_native,1,OK,0.0,0.05323147773742676,0.37738589211618256,2.0,"{""nevents"": 74.0, ""ndays_act"": 18.0, ""nchapters"": 11.0}"
HarvardX,3,aligned,0,9408,MCCE,bounded,MCCE_bounded,1,OK,0.0,0.05323147773742676,0.37738589211618256,2.0,"{""nevents"": 74.0, ""ndays_act"": 18.0, ""nchapters"": 11.0}"
HarvardX,3,aligned,0,9408,MCCE,bounded+edit,MCCE_bounded+edit,1,OK,0.0,0.05323147773742676,0.37738589211618256,2.0,"{""nevents"": 74.0, ""ndays_act"": 18.0, ""nchapters"": 11.0}"
HarvardX,3,aligned,0,9427,NICE,native,NICE_native,1,OK,0.0,0.006131649017333984,0.5864422406620342,3.0,"{""nevents"": 67.0, ""ndays_act"": 20.0, ""nchapters"": 7.0}"
HarvardX,3,aligned,0,9427,NICE,bounded,NICE_bounded,1,OK,0.0,0.006131649017333984,0.5864422406620342,3.0,"{""nevents"": 67.0, ""ndays_act"": 20.0, ""nchapters"": 7.0}"
HarvardX,3,aligned,0,9427,NICE,bounded+edit,NICE_bounded+edit,1,OK,0.0,0.006131649017333984,0.5864422406620342,3.0,"{""nevents"": 67.0, ""ndays_act"": 20.0, ""nchapters"": 7.0}"
HarvardX,3,aligned,0,9427,MCCE,native,MCCE_native,1,OK,0.0,0.04527735710144043,0.7531089073287008,3.0,"{""nevents"": 67.0, ""ndays_act"": 20.0, ""nchapters"": 8.0}"
HarvardX,3,aligned,0,9427,MCCE,bounded,MCCE_bounded,1,OK,0.0,0.04527735710144043,0.7531089073287008,3.0,"{""nevents"": 67.0, ""ndays_act"": 20.0, ""nchapters"": 8.0}"
HarvardX,3,aligned,0,9427,MCCE,bounded+edit,MCCE_bounded+edit,1,OK,0.0,0.04527735710144043,0.7531089073287008,3.0,"{""nevents"": 67.0, ""ndays_act"": 20.0, ""nchapters"": 8.0}"
HarvardX,3,aligned,0,9444,NICE,native,NICE_native,0,out_of_bounds:nevents,0.0,0.0047419071197509766,0.35155426765015807,2.0,"{""nevents"": 52.0, ""ndays_act"": 19.0, ""nchapters"": 8.0}"
HarvardX,3,aligned,0,9444,NICE,bounded,NICE_bounded,0,classifier_target_not_met,0.0,0.0047419071197509766,0.19230769230769232,1.0,"{""nevents"": 145.0, ""ndays_act"": 19.0, ""nchapters"": 8.0}"
HarvardX,3,aligned,0,9444,NICE,bounded+edit,NICE_bounded+edit,0,classifier_target_not_met,0.0,0.0047419071197509766,0.19230769230769232,1.0,"{""nevents"": 145.0, ""ndays_act"": 19.0, ""nchapters"": 8.0}"
HarvardX,3,aligned,0,9444,MCCE,native,MCCE_native,0,out_of_bounds:nevents,0.0,0.042443275451660156,0.345100105374078,2.0,"{""nevents"": 67.0, ""ndays_act"": 20.0, ""nchapters"": 8.0}"
HarvardX,3,aligned,0,9444,MCCE,bounded,MCCE_bounded,1,OK,0.0,0.042443275451660156,1.2472339304531086,3.0,"{""nevents"": 222.0, ""ndays_act"": 41.0, ""nchapters"": 10.0}"
HarvardX,3,aligned,0,9444,MCCE,bounded+edit,MCCE_bounded+edit,1,OK,0.0,0.042443275451660156,1.2472339304531086,3.0,"{""nevents"": 222.0, ""ndays_act"": 41.0, ""nchapters"": 10.0}"
HarvardX,3,aligned,0,9447,NICE,native,NICE_native,0,out_of_bounds:nevents,0.0,0.004770517349243164,0.10525967143614201,2.0,"{""nevents"": 60.0, ""ndays_act"": 15.0, ""nchapters"": 11.0}"
HarvardX,3,aligned,0,9447,NICE,bounded,NICE_bounded,0,classifier_target_not_met,0.0,0.004770517349243164,0.041666666666666664,1.0,"{""nevents"": 100.0, ""ndays_act"": 15.0, ""nchapters"": 11.0}"
HarvardX,3,aligned,0,9447,NICE,bounded+edit,NICE_bounded+edit,0,classifier_target_not_met,0.0,0.004770517349243164,0.041666666666666664,1.0,"{""nevents"": 100.0, ""ndays_act"": 15.0, ""nchapters"": 11.0}"
HarvardX,3,aligned,0,9447,MCCE,native,MCCE_native,0,out_of_bounds:nevents,0.0,0.04225754737854004,0.14550211976682564,2.0,"{""nevents"": 74.0, ""ndays_act"": 18.0, ""nchapters"": 11.0}"
HarvardX,3,aligned,0,9447,MCCE,bounded,MCCE_bounded,1,OK,0.0,0.04225754737854004,0.6204954954954955,2.0,"{""nevents"": 202.0, ""ndays_act"": 35.0, ""nchapters"": 11.0}"
HarvardX,3,aligned,0,9447,MCCE,bounded+edit,MCCE_bounded+edit,1,OK,0.0,0.04225754737854004,0.6204954954954955,2.0,"{""nevents"": 202.0, ""ndays_act"": 35.0, ""nchapters"": 11.0}"
HarvardX,3,aligned,0,9479,NICE,native,NICE_native,1,OK,0.0,0.004781007766723633,0.10826446280991736,2.0,"{""nevents"": 9.0, ""ndays_act"": 7.0, ""nchapters"": 12.0}"
HarvardX,3,aligned,0,9479,NICE,bounded,NICE_bounded,1,OK,0.0,0.004781007766723633,0.10826446280991736,2.0,"{""nevents"": 9.0, ""ndays_act"": 7.0, ""nchapters"": 12.0}"
HarvardX,3,aligned,0,9479,NICE,bounded+edit,NICE_bounded+edit,1,OK,0.0,0.004781007766723633,0.10826446280991736,2.0,"{""nevents"": 9.0, ""ndays_act"": 7.0, ""nchapters"": 12.0}"
HarvardX,3,aligned,0,9479,MCCE,native,MCCE_native,1,OK,0.0,0.02605581283569336,0.1068870523415978,2.0,"{""nevents"": 8.0, ""ndays_act"": 7.0, ""nchapters"": 12.0}"
HarvardX,3,aligned,0,9479,MCCE,bounded,MCCE_bounded,1,OK,0.0,0.02605581283569336,0.1068870523415978,2.0,"{""nevents"": 8.0, ""ndays_act"": 7.0, ""nchapters"": 12.0}"
HarvardX,3,aligned,0,9479,MCCE,bounded+edit,MCCE_bounded+edit,1,OK,0.0,0.02605581283569336,0.1068870523415978,2.0,"{""nevents"": 8.0, ""ndays_act"": 7.0, ""nchapters"": 12.0}"
HarvardX,3,aligned,0,9511,NICE,native,NICE_native,0,out_of_bounds:nevents,0.0,0.0036880970001220703,0.2952586206896552,1.0,"{""nevents"": 128.0, ""ndays_act"": 21.0, ""nchapters"": 9.0}"
HarvardX,3,aligned,0,9511,NICE,bounded,NICE_bounded,0,classifier_target_not_met,0.0,0.0036880970001220703,0.0,0.0,"{""nevents"": 265.0, ""ndays_act"": 21.0, ""nchapters"": 9.0}"
HarvardX,3,aligned,0,9511,NICE,bounded+edit,NICE_bounded+edit,0,classifier_target_not_met,0.0,0.0036880970001220703,0.0,0.0,"{""nevents"": 265.0, ""ndays_act"": 21.0, ""nchapters"": 9.0}"
HarvardX,3,aligned,0,9511,MCCE,native,MCCE_native,0,out_of_bounds:nevents,0.0,0.04371070861816406,0.29094827586206895,1.0,"{""nevents"": 130.0, ""ndays_act"": 21.0, ""nchapters"": 9.0}"
HarvardX,3,aligned,0,9511,MCCE,bounded,MCCE_bounded,1,OK,0.0,0.04371070861816406,1.275,2.0,"{""nevents"": 265.0, ""ndays_act"": 32.0, ""nchapters"": 12.0}"
HarvardX,3,aligned,0,9511,MCCE,bounded+edit,MCCE_bounded+edit,1,OK,0.0,0.04371070861816406,1.275,2.0,"{""nevents"": 265.0, ""ndays_act"": 32.0, ""nchapters"": 12.0}"
HarvardX,3,aligned,0,9651,NICE,native,NICE_native,0,out_of_bounds:nevents,0.0,0.004968881607055664,0.26861929803106277,2.0,"{""nevents"": 52.0, ""ndays_act"": 19.0, ""nchapters"": 8.0}"
HarvardX,3,aligned,0,9651,NICE,bounded,NICE_bounded,0,classifier_target_not_met,0.0,0.004968881607055664,0.19230769230769232,1.0,"{""nevents"": 100.0, ""ndays_act"": 19.0, ""nchapters"": 8.0}"
HarvardX,3,aligned,0,9651,NICE,bounded+edit,NICE_bounded+edit,0,classifier_target_not_met,0.0,0.004968881607055664,0.19230769230769232,1.0,"{""nevents"": 100.0, ""ndays_act"": 19.0, ""nchapters"": 8.0}"
HarvardX,3,aligned,0,9651,MCCE,native,MCCE_native,0,out_of_bounds:nevents,0.0,0.04150533676147461,0.26400269047327873,2.0,"{""nevents"": 67.0, ""ndays_act"": 20.0, ""nchapters"": 8.0}"
HarvardX,3,aligned,0,9651,MCCE,bounded,MCCE_bounded,1,OK,0.0,0.04150533676147461,0.5284639843463372,3.0,"{""nevents"": 130.0, ""ndays_act"": 21.0, ""nchapters"": 9.0}"
HarvardX,3,aligned,0,9651,MCCE,bounded+edit,MCCE_bounded+edit,1,OK,0.0,0.04150533676147461,0.5284639843463372,3.0,"{""nevents"": 130.0, ""ndays_act"": 21.0, ""nchapters"": 9.0}"
HarvardX,3,aligned,0,9661,NICE,native,NICE_native,0,out_of_bounds:nevents,0.0,0.00519251823425293,0.08448032683235251,2.0,"{""nevents"": 9.0, ""ndays_act"": 7.0, ""nchapters"": 12.0}"
HarvardX,3,aligned,0,9661,NICE,bounded,NICE_bounded,0,classifier_target_not_met,0.0,0.00519251823425293,0.06896551724137931,1.0,"{""nevents"": 20.0, ""ndays_act"": 7.0, ""nchapters"": 12.0}"
HarvardX,3,aligned,0,9661,NICE,bounded+edit,NICE_bounded+edit,0,classifier_target_not_met,0.0,0.00519251823425293,0.06896551724137931,1.0,"{""nevents"": 20.0, ""ndays_act"": 7.0, ""nchapters"": 12.0}"
HarvardX,3,aligned,0,9661,MCCE,native,MCCE_native,0,out_of_bounds:nevents,0.0,0.027114152908325195,0.08589076406789553,2.0,"{""nevents"": 8.0, ""ndays_act"": 7.0, ""nchapters"": 12.0}"
HarvardX,3,aligned,0,9661,MCCE,bounded,MCCE_bounded,1,OK,0.0,0.027114152908325195,0.1449832206604737,2.0,"{""nevents"": 25.0, ""ndays_act"": 11.0, ""nchapters"": 12.0}"
HarvardX,3,aligned,0,9661,MCCE,bounded+edit,MCCE_bounded+edit,1,OK,0.0,0.027114152908325195,0.1449832206604737,2.0,"{""nevents"": 25.0, ""ndays_act"": 11.0, ""nchapters"": 12.0}"
HarvardX,3,aligned,0,9664,NICE,native,NICE_native,0,out_of_bounds:nevents,0.0,0.00457000732421875,0.21412429378531073,2.0,"{""nevents"": 52.0, ""ndays_act"": 19.0, ""nchapters"": 8.0}"
HarvardX,3,aligned,0,9664,NICE,bounded,NICE_bounded,0,classifier_target_not_met,0.0,0.00457000732421875,0.06666666666666667,1.0,"{""nevents"": 139.0, ""ndays_act"": 19.0, ""nchapters"": 8.0}"
HarvardX,3,aligned,0,9664,NICE,bounded+edit,NICE_bounded+edit,0,classifier_target_not_met,0.0,0.00457000732421875,0.06666666666666667,1.0,"{""nevents"": 139.0, ""ndays_act"": 19.0, ""nchapters"": 8.0}"
HarvardX,3,aligned,0,9664,MCCE,native,MCCE_native,0,out_of_bounds:nevents,0.0,0.04300379753112793,0.21092278719397364,2.0,"{""nevents"": 67.0, ""ndays_act"": 20.0, ""nchapters"": 8.0}"
HarvardX,3,aligned,0,9664,MCCE,bounded,MCCE_bounded,1,OK,0.0,0.04300379753112793,1.1962335216572506,3.0,"{""nevents"": 222.0, ""ndays_act"": 41.0, ""nchapters"": 10.0}"
HarvardX,3,aligned,0,9664,MCCE,bounded+edit,MCCE_bounded+edit,1,OK,0.0,0.04300379753112793,1.1962335216572506,3.0,"{""nevents"": 222.0, ""ndays_act"": 41.0, ""nchapters"": 10.0}"
HarvardX,3,aligned,0,9703,NICE,native,NICE_native,1,OK,0.0,0.004703044891357422,0.14349321999595224,2.0,"{""nevents"": 9.0, ""ndays_act"": 8.0, ""nchapters"": 10.0}"
HarvardX,3,aligned,0,9703,NICE,bounded,NICE_bounded,1,OK,0.0,0.004703044891357422,0.14349321999595224,2.0,"{""nevents"": 9.0, ""ndays_act"": 8.0, ""nchapters"": 10.0}"
HarvardX,3,aligned,0,9703,NICE,bounded+edit,NICE_bounded+edit,1,OK,0.0,0.004703044891357422,0.14349321999595224,2.0,"{""nevents"": 9.0, ""ndays_act"": 8.0, ""nchapters"": 10.0}"
HarvardX,3,aligned,0,9703,MCCE,native,MCCE_native,1,OK,0.0,0.04231548309326172,0.3923407317457105,2.0,"{""nevents"": 47.0, ""ndays_act"": 20.0, ""nchapters"": 10.0}"
HarvardX,3,aligned,0,9703,MCCE,bounded,MCCE_bounded,1,OK,0.0,0.04231548309326172,0.3923407317457105,2.0,"{""nevents"": 47.0, ""ndays_act"": 20.0, ""nchapters"": 10.0}"
HarvardX,3,aligned,0,9703,MCCE,bounded+edit,MCCE_bounded+edit,1,OK,0.0,0.04231548309326172,0.3923407317457105,2.0,"{""nevents"": 47.0, ""ndays_act"": 20.0, ""nchapters"": 10.0}"
HarvardX,3,aligned,0,9706,NICE,native,NICE_native,0,out_of_bounds:nevents,0.0,0.004667997360229492,0.3133685652769622,2.0,"{""nevents"": 233.0, ""ndays_act"": 24.0, ""nchapters"": 12.0}"
HarvardX,3,aligned,0,9706,NICE,bounded,NICE_bounded,0,classifier_target_not_met,0.0,0.004667997360229492,0.05128205128205128,1.0,"{""nevents"": 336.0, ""ndays_act"": 24.0, ""nchapters"": 12.0}"
HarvardX,3,aligned,0,9706,NICE,bounded+edit,NICE_bounded+edit,0,classifier_target_not_met,0.0,0.004667997360229492,0.05128205128205128,1.0,"{""nevents"": 336.0, ""ndays_act"": 24.0, ""nchapters"": 12.0}"
HarvardX,3,aligned,0,9706,MCCE,native,MCCE_native,0,out_of_bounds:nevents,0.0,0.027124643325805664,0.6641221374045801,1.0,"{""nevents"": 75.0, ""ndays_act"": 22.0, ""nchapters"": 12.0}"
HarvardX,3,aligned,0,9706,MCCE,bounded,MCCE_bounded,1,OK,0.0,0.027124643325805664,0.2564102564102564,1.0,"{""nevents"": 336.0, ""ndays_act"": 32.0, ""nchapters"": 12.0}"
HarvardX,3,aligned,0,9706,MCCE,bounded+edit,MCCE_bounded+edit,1,OK,0.0,0.027124643325805664,0.2564102564102564,1.0,"{""nevents"": 336.0, ""ndays_act"": 32.0, ""nchapters"": 12.0}"
HarvardX,3,aligned,0,9726,NICE,native,NICE_native,0,out_of_bounds:nevents,0.0,0.004739284515380859,0.19346064814814815,2.0,"{""nevents"": 60.0, ""ndays_act"": 15.0, ""nchapters"": 11.0}"
HarvardX,3,aligned,0,9726,NICE,bounded,NICE_bounded,0,classifier_target_not_met,0.0,0.004739284515380859,0.14814814814814814,1.0,"{""nevents"": 89.0, ""ndays_act"": 15.0, ""nchapters"": 11.0}"
HarvardX,3,aligned,0,9726,NICE,bounded+edit,NICE_bounded+edit,0,classifier_target_not_met,0.0,0.004739284515380859,0.14814814814814814,1.0,"{""nevents"": 89.0, ""ndays_act"": 15.0, ""nchapters"": 11.0}"
HarvardX,3,aligned,0,9726,MCCE,native,MCCE_native,0,out_of_bounds:nevents,0.0,0.04268193244934082,0.2271412037037037,2.0,"{""nevents"": 74.0, ""ndays_act"": 18.0, ""nchapters"": 11.0}"
HarvardX,3,aligned,0,9726,MCCE,bounded,MCCE_bounded,1,OK,0.0,0.04268193244934082,0.6950810185185186,2.0,"{""nevents"": 202.0, ""ndays_act"": 35.0, ""nchapters"": 11.0}"
HarvardX,3,aligned,0,9726,MCCE,bounded+edit,MCCE_bounded+edit,1,OK,0.0,0.04268193244934082,0.6950810185185186,2.0,"{""nevents"": 202.0, ""ndays_act"": 35.0, ""nchapters"": 11.0}"
HarvardX,3,aligned,0,9831,NICE,native,NICE_native,0,out_of_bounds:nevents,0.0,0.0035965442657470703,0.9969879518072289,1.0,"{""nevents"": 66.0, ""ndays_act"": 23.0, ""nchapters"": 7.0}"
HarvardX,3,aligned,0,9831,NICE,bounded,NICE_bounded,0,classifier_target_not_met,0.0,0.0035965442657470703,0.0,0.0,"{""nevents"": 397.0, ""ndays_act"": 23.0, ""nchapters"": 7.0}"
HarvardX,3,aligned,0,9831,NICE,bounded+edit,NICE_bounded+edit,0,classifier_target_not_met,0.0,0.0035965442657470703,0.0,0.0,"{""nevents"": 397.0, ""ndays_act"": 23.0, ""nchapters"": 7.0}"
HarvardX,3,aligned,0,9831,MCCE,native,MCCE_native,0,out_of_bounds:nevents,0.0,0.04173016548156738,1.3909638554216868,2.0,"{""nevents"": 68.0, ""ndays_act"": 23.0, ""nchapters"": 9.0}"
HarvardX,3,aligned,0,9831,MCCE,bounded,MCCE_bounded,1,OK,0.0,0.04173016548156738,1.3664870006341154,3.0,"{""nevents"": 468.0, ""ndays_act"": 44.0, ""nchapters"": 10.0}"
HarvardX,3,aligned,0,9831,MCCE,bounded+edit,MCCE_bounded+edit,1,OK,0.0,0.04173016548156738,1.3664870006341154,3.0,"{""nevents"": 468.0, ""ndays_act"": 44.0, ""nchapters"": 10.0}"
HarvardX,3,aligned,0,9847,NICE,native,NICE_native,1,OK,0.0,0.005089521408081055,0.3378364930089068,2.0,"{""nevents"": 67.0, ""ndays_act"": 20.0, ""nchapters"": 7.0}"
HarvardX,3,aligned,0,9847,NICE,bounded,NICE_bounded,1,OK,0.0,0.005089521408081055,0.3378364930089068,2.0,"{""nevents"": 67.0, ""ndays_act"": 20.0, ""nchapters"": 7.0}"
HarvardX,3,aligned,0,9847,NICE,bounded+edit,NICE_bounded+edit,1,OK,0.0,0.005089521408081055,0.3378364930089068,2.0,"{""nevents"": 67.0, ""ndays_act"": 20.0, ""nchapters"": 7.0}"
HarvardX,3,aligned,0,9847,MCCE,native,MCCE_native,1,OK,0.0,0.04158186912536621,0.5378364930089068,3.0,"{""nevents"": 67.0, ""ndays_act"": 20.0, ""nchapters"": 8.0}"
HarvardX,3,aligned,0,9847,MCCE,bounded,MCCE_bounded,1,OK,0.0,0.04158186912536621,0.5378364930089068,3.0,"{""nevents"": 67.0, ""ndays_act"": 20.0, ""nchapters"": 8.0}"
HarvardX,3,aligned,0,9847,MCCE,bounded+edit,MCCE_bounded+edit,1,OK,0.0,0.04158186912536621,0.5378364930089068,3.0,"{""nevents"": 67.0, ""ndays_act"": 20.0, ""nchapters"": 8.0}"
HarvardX,3,aligned,0,9853,NICE,native,NICE_native,0,out_of_bounds:nevents,0.0,0.004762172698974609,0.31374545454545455,2.0,"{""nevents"": 67.0, ""ndays_act"": 20.0, ""nchapters"": 7.0}"
HarvardX,3,aligned,0,9853,NICE,bounded,NICE_bounded,0,classifier_target_not_met,0.0,0.004762172698974609,0.2545454545454545,1.0,"{""nevents"": 104.0, ""ndays_act"": 20.0, ""nchapters"": 7.0}"
HarvardX,3,aligned,0,9853,NICE,bounded+edit,NICE_bounded+edit,0,classifier_target_not_met,0.0,0.004762172698974609,0.2545454545454545,1.0,"{""nevents"": 104.0, ""ndays_act"": 20.0, ""nchapters"": 7.0}"
HarvardX,3,aligned,0,9853,MCCE,native,MCCE_native,0,out_of_bounds:nevents,0.0,0.045725107192993164,0.5137454545454545,3.0,"{""nevents"": 67.0, ""ndays_act"": 20.0, ""nchapters"": 8.0}"
HarvardX,3,aligned,0,9853,MCCE,bounded,MCCE_bounded,1,OK,0.0,0.045725107192993164,0.7143272727272727,3.0,"{""nevents"": 130.0, ""ndays_act"": 21.0, ""nchapters"": 9.0}"
HarvardX,3,aligned,0,9853,MCCE,bounded+edit,MCCE_bounded+edit,1,OK,0.0,0.045725107192993164,0.7143272727272727,3.0,"{""nevents"": 130.0, ""ndays_act"": 21.0, ""nchapters"": 9.0}"
HarvardX,3,aligned,0,9878,NICE,native,NICE_native,0,out_of_bounds:nevents,0.0,0.003486156463623047,0.10620915032679738,1.0,"{""nevents"": 52.0, ""ndays_act"": 20.0, ""nchapters"": 8.0}"
HarvardX,3,aligned,0,9878,NICE,bounded,NICE_bounded,0,classifier_target_not_met,0.0,0.003486156463623047,0.0,0.0,"{""nevents"": 117.0, ""ndays_act"": 20.0, ""nchapters"": 8.0}"
HarvardX,3,aligned,0,9878,NICE,bounded+edit,NICE_bounded+edit,0,classifier_target_not_met,0.0,0.003486156463623047,0.0,0.0,"{""nevents"": 117.0, ""ndays_act"": 20.0, ""nchapters"": 8.0}"
HarvardX,3,aligned,0,9878,MCCE,native,MCCE_native,0,out_of_bounds:nevents,0.0,0.04022622108459473,0.08169934640522876,1.0,"{""nevents"": 67.0, ""ndays_act"": 20.0, ""nchapters"": 8.0}"
HarvardX,3,aligned,0,9878,MCCE,bounded,MCCE_bounded,1,OK,0.0,0.04022622108459473,0.2956320739677985,3.0,"{""nevents"": 130.0, ""ndays_act"": 21.0, ""nchapters"": 9.0}"
HarvardX,3,aligned,0,9878,MCCE,bounded+edit,MCCE_bounded+edit,1,OK,0.0,0.04022622108459473,0.2956320739677985,3.0,"{""nevents"": 130.0, ""ndays_act"": 21.0, ""nchapters"": 9.0}"
HarvardX,3,aligned,0,9880,NICE,native,NICE_native,0,out_of_bounds:nevents,0.0,0.0037310123443603516,0.43655913978494626,1.0,"{""nevents"": 61.0, ""ndays_act"": 14.0, ""nchapters"": 12.0}"
HarvardX,3,aligned,0,9880,NICE,bounded,NICE_bounded,0,classifier_target_not_met,0.0,0.0037310123443603516,0.0,0.0,"{""nevents"": 264.0, ""ndays_act"": 14.0, ""nchapters"": 12.0}"
HarvardX,3,aligned,0,9880,NICE,bounded+edit,NICE_bounded+edit,0,classifier_target_not_met,0.0,0.0037310123443603516,0.0,0.0,"{""nevents"": 264.0, ""ndays_act"": 14.0, ""nchapters"": 12.0}"
HarvardX,3,aligned,0,9880,MCCE,native,MCCE_native,0,out_of_bounds:nevents,0.0,0.03947138786315918,0.43655913978494626,1.0,"{""nevents"": 61.0, ""ndays_act"": 14.0, ""nchapters"": 12.0}"
HarvardX,3,aligned,0,9880,MCCE,bounded,MCCE_bounded,1,OK,0.0,0.03947138786315918,0.39396019217570355,2.0,"{""nevents"": 279.0, ""ndays_act"": 31.0, ""nchapters"": 12.0}"
HarvardX,3,aligned,0,9880,MCCE,bounded+edit,MCCE_bounded+edit,1,OK,0.0,0.03947138786315918,0.39396019217570355,2.0,"{""nevents"": 279.0, ""ndays_act"": 31.0, ""nchapters"": 12.0}"
HarvardX,3,aligned,0,9921,NICE,native,NICE_native,0,out_of_bounds:nevents,0.0,0.007831573486328125,0.4092465753424658,2.0,"{""nevents"": 52.0, ""ndays_act"": 19.0, ""nchapters"": 8.0}"
HarvardX,3,aligned,0,9921,NICE,bounded,NICE_bounded,0,classifier_target_not_met,0.0,0.007831573486328125,0.25,1.0,"{""nevents"": 145.0, ""ndays_act"": 19.0, ""nchapters"": 8.0}"
HarvardX,3,aligned,0,9921,NICE,bounded+edit,NICE_bounded+edit,0,classifier_target_not_met,0.0,0.007831573486328125,0.25,1.0,"{""nevents"": 145.0, ""ndays_act"": 19.0, ""nchapters"": 8.0}"
HarvardX,3,aligned,0,9921,MCCE,native,MCCE_native,0,out_of_bounds:nevents,0.0,0.0655064582824707,0.4014187866927593,2.0,"{""nevents"": 67.0, ""ndays_act"": 20.0, ""nchapters"": 8.0}"
HarvardX,3,aligned,0,9921,MCCE,bounded,MCCE_bounded,1,OK,0.0,0.0655064582824707,1.2747064579256362,3.0,"{""nevents"": 222.0, ""ndays_act"": 41.0, ""nchapters"": 10.0}"
HarvardX,3,aligned,0,9921,MCCE,bounded+edit,MCCE_bounded+edit,1,OK,0.0,0.0655064582824707,1.2747064579256362,3.0,"{""nevents"": 222.0, ""ndays_act"": 41.0, ""nchapters"": 10.0}"
HarvardX,3,aligned,0,9946,NICE,native,NICE_native,0,out_of_bounds:nevents,0.0,0.003638029098510742,0.5679287305122495,1.0,"{""nevents"": 25.0, ""ndays_act"": 11.0, ""nchapters"": 12.0}"
HarvardX,3,aligned,0,9946,NICE,bounded,NICE_bounded,0,classifier_target_not_met,0.0,0.003638029098510742,0.0,0.0,"{""nevents"": 280.0, ""ndays_act"": 11.0, ""nchapters"": 12.0}"
HarvardX,3,aligned,0,9946,NICE,bounded+edit,NICE_bounded+edit,0,classifier_target_not_met,0.0,0.003638029098510742,0.0,0.0,"{""nevents"": 280.0, ""ndays_act"": 11.0, ""nchapters"": 12.0}"
HarvardX,3,aligned,0,9946,MCCE,native,MCCE_native,0,out_of_bounds:nevents,0.0,0.03056168556213379,0.5612472160356348,1.0,"{""nevents"": 28.0, ""ndays_act"": 11.0, ""nchapters"": 12.0}"
HarvardX,3,aligned,0,9946,MCCE,bounded,MCCE_bounded,1,OK,0.0,0.03056168556213379,0.42,1.0,"{""nevents"": 280.0, ""ndays_act"": 32.0, ""nchapters"": 12.0}"
HarvardX,3,aligned,0,9946,MCCE,bounded+edit,MCCE_bounded+edit,1,OK,0.0,0.03056168556213379,0.42,1.0,"{""nevents"": 280.0, ""ndays_act"": 32.0, ""nchapters"": 12.0}"
HarvardX,3,aligned,0,9947,NICE,native,NICE_native,0,out_of_bounds:nevents,0.0,0.003545999526977539,0.38016528925619836,1.0,"{""nevents"": 61.0, ""ndays_act"": 14.0, ""nchapters"": 12.0}"
HarvardX,3,aligned,0,9947,NICE,bounded,NICE_bounded,0,classifier_target_not_met,0.0,0.003545999526977539,0.0,0.0,"{""nevents"": 245.0, ""ndays_act"": 14.0, ""nchapters"": 12.0}"
HarvardX,3,aligned,0,9947,NICE,bounded+edit,NICE_bounded+edit,0,classifier_target_not_met,0.0,0.003545999526977539,0.0,0.0,"{""nevents"": 245.0, ""ndays_act"": 14.0, ""nchapters"": 12.0}"
HarvardX,3,aligned,0,9947,MCCE,native,MCCE_native,0,out_of_bounds:nevents,0.0,0.025507211685180664,0.38016528925619836,1.0,"{""nevents"": 61.0, ""ndays_act"": 14.0, ""nchapters"": 12.0}"
HarvardX,3,aligned,0,9947,MCCE,bounded,MCCE_bounded,1,OK,0.0,0.025507211685180664,0.3040706875329699,2.0,"{""nevents"": 248.0, ""ndays_act"": 28.0, ""nchapters"": 12.0}"
HarvardX,3,aligned,0,9947,MCCE,bounded+edit,MCCE_bounded+edit,1,OK,0.0,0.025507211685180664,0.3040706875329699,2.0,"{""nevents"": 248.0, ""ndays_act"": 28.0, ""nchapters"": 12.0}"
HarvardX,3,aligned,0,9982,NICE,native,NICE_native,0,out_of_bounds:nevents,0.0,0.003908872604370117,1.3651452282157677,1.0,"{""nevents"": 159.0, ""ndays_act"": 31.0, ""nchapters"": 9.0}"
HarvardX,3,aligned,0,9982,NICE,bounded,NICE_bounded,0,classifier_target_not_met,0.0,0.003908872604370117,0.0,0.0,"{""nevents"": 488.0, ""ndays_act"": 31.0, ""nchapters"": 9.0}"
HarvardX,3,aligned,0,9982,NICE,bounded+edit,NICE_bounded+edit,0,classifier_target_not_met,0.0,0.003908872604370117,0.0,0.0,"{""nevents"": 488.0, ""ndays_act"": 31.0, ""nchapters"": 9.0}"
HarvardX,3,aligned,0,9982,MCCE,native,MCCE_native,0,out_of_bounds:nevents;out_of_bounds:ndays_act,0.0,0.03978133201599121,1.709820193637621,2.0,"{""nevents"": 92.0, ""ndays_act"": 29.0, ""nchapters"": 9.0}"
HarvardX,3,aligned,0,9982,MCCE,bounded,MCCE_bounded,1,OK,0.0,0.03978133201599121,1.3609958506224067,2.0,"{""nevents"": 575.0, ""ndays_act"": 31.0, ""nchapters"": 12.0}"
HarvardX,3,aligned,0,9982,MCCE,bounded+edit,MCCE_bounded+edit,1,OK,0.0,0.03978133201599121,1.3609958506224067,2.0,"{""nevents"": 575.0, ""ndays_act"": 31.0, ""nchapters"": 12.0}"
HarvardX,3,aligned,0,10019,NICE,native,NICE_native,1,OK,0.0,0.006056547164916992,0.4723145071982281,3.0,"{""nevents"": 67.0, ""ndays_act"": 20.0, ""nchapters"": 7.0}"
HarvardX,3,aligned,0,10019,NICE,bounded,NICE_bounded,1,OK,0.0,0.006056547164916992,0.4723145071982281,3.0,"{""nevents"": 67.0, ""ndays_act"": 20.0, ""nchapters"": 7.0}"
HarvardX,3,aligned,0,10019,NICE,bounded+edit,NICE_bounded+edit,1,OK,0.0,0.006056547164916992,0.4723145071982281,3.0,"{""nevents"": 67.0, ""ndays_act"": 20.0, ""nchapters"": 7.0}"
HarvardX,3,aligned,0,10019,MCCE,native,MCCE_native,1,OK,0.0,0.04092597961425781,0.6389811738648947,3.0,"{""nevents"": 67.0, ""ndays_act"": 20.0, ""nchapters"": 8.0}"
HarvardX,3,aligned,0,10019,MCCE,bounded,MCCE_bounded,1,OK,0.0,0.04092597961425781,0.6389811738648947,3.0,"{""nevents"": 67.0, ""ndays_act"": 20.0, ""nchapters"": 8.0}"
HarvardX,3,aligned,0,10019,MCCE,bounded+edit,MCCE_bounded+edit,1,OK,0.0,0.04092597961425781,0.6389811738648947,3.0,"{""nevents"": 67.0, ""ndays_act"": 20.0, ""nchapters"": 8.0}"
HarvardX,3,aligned,0,10053,NICE,native,NICE_native,1,OK,0.0,0.004948854446411133,0.33882323978335793,2.0,"{""nevents"": 67.0, ""ndays_act"": 20.0, ""nchapters"": 7.0}"
HarvardX,3,aligned,0,10053,NICE,bounded,NICE_bounded,1,OK,0.0,0.004948854446411133,0.33882323978335793,2.0,"{""nevents"": 67.0, ""ndays_act"": 20.0, ""nchapters"": 7.0}"
HarvardX,3,aligned,0,10053,NICE,bounded+edit,NICE_bounded+edit,1,OK,0.0,0.004948854446411133,0.33882323978335793,2.0,"{""nevents"": 67.0, ""ndays_act"": 20.0, ""nchapters"": 7.0}"
HarvardX,3,aligned,0,10053,MCCE,native,MCCE_native,1,OK,0.0,0.03892850875854492,0.5388232397833579,3.0,"{""nevents"": 67.0, ""ndays_act"": 20.0, ""nchapters"": 8.0}"
HarvardX,3,aligned,0,10053,MCCE,bounded,MCCE_bounded,1,OK,0.0,0.03892850875854492,0.5388232397833579,3.0,"{""nevents"": 67.0, ""ndays_act"": 20.0, ""nchapters"": 8.0}"
HarvardX,3,aligned,0,10053,MCCE,bounded+edit,MCCE_bounded+edit,1,OK,0.0,0.03892850875854492,0.5388232397833579,3.0,"{""nevents"": 67.0, ""ndays_act"": 20.0, ""nchapters"": 8.0}"
HarvardX,3,aligned,0,10073,NICE,native,NICE_native,0,out_of_bounds:nevents,0.0,0.0034837722778320312,0.6982097186700768,1.0,"{""nevents"": 65.0, ""ndays_act"": 17.0, ""nchapters"": 12.0}"
HarvardX,3,aligned,0,10073,NICE,bounded,NICE_bounded,0,classifier_target_not_met,0.0,0.0034837722778320312,0.0,0.0,"{""nevents"": 338.0, ""ndays_act"": 17.0, ""nchapters"": 12.0}"
HarvardX,3,aligned,0,10073,NICE,bounded+edit,NICE_bounded+edit,0,classifier_target_not_met,0.0,0.0034837722778320312,0.0,0.0,"{""nevents"": 338.0, ""ndays_act"": 17.0, ""nchapters"": 12.0}"
HarvardX,3,aligned,0,10073,MCCE,native,MCCE_native,0,out_of_bounds:nevents,0.0,0.025498390197753906,0.7058823529411765,1.0,"{""nevents"": 62.0, ""ndays_act"": 17.0, ""nchapters"": 12.0}"
HarvardX,3,aligned,0,10073,MCCE,bounded,MCCE_bounded,1,OK,0.0,0.025498390197753906,0.33352708672401765,2.0,"{""nevents"": 344.0, ""ndays_act"": 31.0, ""nchapters"": 12.0}"
HarvardX,3,aligned,0,10073,MCCE,bounded+edit,MCCE_bounded+edit,1,OK,0.0,0.025498390197753906,0.33352708672401765,2.0,"{""nevents"": 344.0, ""ndays_act"": 31.0, ""nchapters"": 12.0}"
HarvardX,3,aligned,0,10075,NICE,native,NICE_native,0,out_of_bounds:nevents,0.0,0.0038352012634277344,0.35856573705179284,1.0,"{""nevents"": 47.0, ""ndays_act"": 17.0, ""nchapters"": 10.0}"
HarvardX,3,aligned,0,10075,NICE,bounded,NICE_bounded,0,classifier_target_not_met,0.0,0.0038352012634277344,0.0,0.0,"{""nevents"": 227.0, ""ndays_act"": 17.0, ""nchapters"": 10.0}"
HarvardX,3,aligned,0,10075,NICE,bounded+edit,NICE_bounded+edit,0,classifier_target_not_met,0.0,0.0038352012634277344,0.0,0.0,"{""nevents"": 227.0, ""ndays_act"": 17.0, ""nchapters"": 10.0}"
HarvardX,3,aligned,0,10075,MCCE,native,MCCE_native,0,out_of_bounds:nevents,0.0,0.04139375686645508,0.426747555233611,2.0,"{""nevents"": 47.0, ""ndays_act"": 20.0, ""nchapters"": 10.0}"
HarvardX,3,aligned,0,10075,MCCE,bounded,MCCE_bounded,1,OK,0.0,0.04139375686645508,0.6805505251720392,2.0,"{""nevents"": 272.0, ""ndays_act"": 43.0, ""nchapters"": 10.0}"
HarvardX,3,aligned,0,10075,MCCE,bounded+edit,MCCE_bounded+edit,1,OK,0.0,0.04139375686645508,0.6805505251720392,2.0,"{""nevents"": 272.0, ""ndays_act"": 43.0, ""nchapters"": 10.0}"
HarvardX,3,aligned,0,10076,NICE,native,NICE_native,0,out_of_bounds:nevents,0.0,0.005704164505004883,0.4134016945567097,3.0,"{""nevents"": 67.0, ""ndays_act"": 20.0, ""nchapters"": 7.0}"
HarvardX,3,aligned,0,10076,NICE,bounded,NICE_bounded,0,classifier_target_not_met,0.0,0.005704164505004883,0.3299319727891156,2.0,"{""nevents"": 118.0, ""ndays_act"": 20.0, ""nchapters"": 7.0}"
HarvardX,3,aligned,0,10076,NICE,bounded+edit,NICE_bounded+edit,0,classifier_target_not_met,0.0,0.005704164505004883,0.3299319727891156,2.0,"{""nevents"": 118.0, ""ndays_act"": 20.0, ""nchapters"": 7.0}"
HarvardX,3,aligned,0,10076,MCCE,native,MCCE_native,0,out_of_bounds:nevents,0.0,0.03987574577331543,0.5800683612233763,3.0,"{""nevents"": 67.0, ""ndays_act"": 20.0, ""nchapters"": 8.0}"
HarvardX,3,aligned,0,10076,MCCE,bounded,MCCE_bounded,1,OK,0.0,0.03987574577331543,0.7033134039213067,3.0,"{""nevents"": 130.0, ""ndays_act"": 21.0, ""nchapters"": 9.0}"
HarvardX,3,aligned,0,10076,MCCE,bounded+edit,MCCE_bounded+edit,1,OK,0.0,0.03987574577331543,0.7033134039213067,3.0,"{""nevents"": 130.0, ""ndays_act"": 21.0, ""nchapters"": 9.0}"
HarvardX,3,aligned,0,10080,NICE,native,NICE_native,0,out_of_bounds:nevents,0.0,0.005881786346435547,0.4007138504396274,3.0,"{""nevents"": 67.0, ""ndays_act"": 20.0, ""nchapters"": 7.0}"
HarvardX,3,aligned,0,10080,NICE,bounded,NICE_bounded,0,classifier_target_not_met,0.0,0.005881786346435547,0.19047619047619047,2.0,"{""nevents"": 182.0, ""ndays_act"": 20.0, ""nchapters"": 7.0}"
HarvardX,3,aligned,0,10080,NICE,bounded+edit,NICE_bounded+edit,0,classifier_target_not_met,0.0,0.005881786346435547,0.19047619047619047,2.0,"{""nevents"": 182.0, ""ndays_act"": 20.0, ""nchapters"": 7.0}"
HarvardX,3,aligned,0,10080,MCCE,native,MCCE_native,0,out_of_bounds:nevents,0.0,0.03979039192199707,1.1316270566727604,2.0,"{""nevents"": 110.0, ""ndays_act"": 19.0, ""nchapters"": 12.0}"
HarvardX,3,aligned,0,10080,MCCE,bounded,MCCE_bounded,1,OK,0.0,0.03979039192199707,1.2636023330721686,3.0,"{""nevents"": 222.0, ""ndays_act"": 41.0, ""nchapters"": 10.0}"
HarvardX,3,aligned,0,10080,MCCE,bounded+edit,MCCE_bounded+edit,1,OK,0.0,0.03979039192199707,1.2636023330721686,3.0,"{""nevents"": 222.0, ""ndays_act"": 41.0, ""nchapters"": 10.0}"
HarvardX,3,aligned,0,10096,NICE,native,NICE_native,0,out_of_bounds:nevents,0.0,0.004667520523071289,0.34433121358060825,2.0,"{""nevents"": 67.0, ""ndays_act"": 20.0, ""nchapters"": 7.0}"
HarvardX,3,aligned,0,10096,NICE,bounded,NICE_bounded,0,classifier_target_not_met,0.0,0.004667520523071289,0.3050847457627119,1.0,"{""nevents"": 92.0, ""ndays_act"": 20.0, ""nchapters"": 7.0}"
HarvardX,3,aligned,0,10096,NICE,bounded+edit,NICE_bounded+edit,0,classifier_target_not_met,0.0,0.004667520523071289,0.3050847457627119,1.0,"{""nevents"": 92.0, ""ndays_act"": 20.0, ""nchapters"": 7.0}"
HarvardX,3,aligned,0,10096,MCCE,native,MCCE_native,1,OK,0.0,0.0397186279296875,0.8576271186440678,2.0,"{""nevents"": 92.0, ""ndays_act"": 29.0, ""nchapters"": 9.0}"
HarvardX,3,aligned,0,10096,MCCE,bounded,MCCE_bounded,1,OK,0.0,0.0397186279296875,0.8576271186440678,2.0,"{""nevents"": 92.0, ""ndays_act"": 29.0, ""nchapters"": 9.0}"
HarvardX,3,aligned,0,10096,MCCE,bounded+edit,MCCE_bounded+edit,1,OK,0.0,0.0397186279296875,0.8576271186440678,2.0,"{""nevents"": 92.0, ""ndays_act"": 29.0, ""nchapters"": 9.0}"
HarvardX,3,aligned,0,10100,NICE,native,NICE_native,1,OK,0.0,0.0063018798828125,0.38163841807909604,2.0,"{""nevents"": 67.0, ""ndays_act"": 20.0, ""nchapters"": 7.0}"
HarvardX,3,aligned,0,10100,NICE,bounded,NICE_bounded,1,OK,0.0,0.0063018798828125,0.38163841807909604,2.0,"{""nevents"": 67.0, ""ndays_act"": 20.0, ""nchapters"": 7.0}"
HarvardX,3,aligned,0,10100,NICE,bounded+edit,NICE_bounded+edit,1,OK,0.0,0.0063018798828125,0.38163841807909604,2.0,"{""nevents"": 67.0, ""ndays_act"": 20.0, ""nchapters"": 7.0}"
HarvardX,3,aligned,0,10100,MCCE,native,MCCE_native,1,OK,0.0,0.040926456451416016,0.5816384180790961,3.0,"{""nevents"": 67.0, ""ndays_act"": 20.0, ""nchapters"": 8.0}"
HarvardX,3,aligned,0,10100,MCCE,bounded,MCCE_bounded,1,OK,0.0,0.040926456451416016,0.5816384180790961,3.0,"{""nevents"": 67.0, ""ndays_act"": 20.0, ""nchapters"": 8.0}"
HarvardX,3,aligned,0,10100,MCCE,bounded+edit,MCCE_bounded+edit,1,OK,0.0,0.040926456451416016,0.5816384180790961,3.0,"{""nevents"": 67.0, ""ndays_act"": 20.0, ""nchapters"": 8.0}"
HarvardX,3,aligned,0,10141,NICE,native,NICE_native,0,immutable_changed:nevents,0.0,0.004787921905517578,0.045454545454545456,1.0,"{""nevents"": 775.0, ""ndays_act"": 40.0, ""nchapters"": 12.0}"
HarvardX,3,aligned,0,10141,NICE,bounded,NICE_bounded,0,classifier_target_not_met,0.0,0.004787921905517578,0.045454545454545456,1.0,"{""nevents"": 789.0, ""ndays_act"": 40.0, ""nchapters"": 12.0}"
HarvardX,3,aligned,0,10141,NICE,bounded+edit,NICE_bounded+edit,0,classifier_target_not_met,0.0,0.004787921905517578,0.045454545454545456,1.0,"{""nevents"": 789.0, ""ndays_act"": 40.0, ""nchapters"": 12.0}"
HarvardX,3,aligned,0,10141,MCCE,native,MCCE_native,1,OK,0.0,0.015551090240478516,0.7727272727272727,1.0,"{""nevents"": 789.0, ""ndays_act"": 56.0, ""nchapters"": 12.0}"
HarvardX,3,aligned,0,10141,MCCE,bounded,MCCE_bounded,1,OK,0.0,0.015551090240478516,0.7727272727272727,1.0,"{""nevents"": 789.0, ""ndays_act"": 56.0, ""nchapters"": 12.0}"
HarvardX,3,aligned,0,10141,MCCE,bounded+edit,MCCE_bounded+edit,1,OK,0.0,0.015551090240478516,0.7727272727272727,1.0,"{""nevents"": 789.0, ""ndays_act"": 56.0, ""nchapters"": 12.0}"
HarvardX,3,aligned,0,10163,NICE,native,NICE_native,0,out_of_bounds:nevents,0.0,0.004933834075927734,0.25093808630394,2.0,"{""nevents"": 22.0, ""ndays_act"": 10.0, ""nchapters"": 12.0}"
HarvardX,3,aligned,0,10163,NICE,bounded,NICE_bounded,0,classifier_target_not_met,0.0,0.004933834075927734,0.019230769230769232,1.0,"{""nevents"": 155.0, ""ndays_act"": 10.0, ""nchapters"": 12.0}"
HarvardX,3,aligned,0,10163,NICE,bounded+edit,NICE_bounded+edit,0,classifier_target_not_met,0.0,0.004933834075927734,0.019230769230769232,1.0,"{""nevents"": 155.0, ""ndays_act"": 10.0, ""nchapters"": 12.0}"
HarvardX,3,aligned,0,10163,MCCE,native,MCCE_native,1,OK,0.0,0.025853633880615234,0.8461538461538461,1.0,"{""nevents"": 155.0, ""ndays_act"": 53.0, ""nchapters"": 12.0}"
HarvardX,3,aligned,0,10163,MCCE,bounded,MCCE_bounded,1,OK,0.0,0.025853633880615234,0.8461538461538461,1.0,"{""nevents"": 155.0, ""ndays_act"": 53.0, ""nchapters"": 12.0}"
HarvardX,3,aligned,0,10163,MCCE,bounded+edit,MCCE_bounded+edit,1,OK,0.0,0.025853633880615234,0.8461538461538461,1.0,"{""nevents"": 155.0, ""ndays_act"": 53.0, ""nchapters"": 12.0}"
HarvardX,3,aligned,0,10188,NICE,native,NICE_native,0,out_of_bounds:nevents,0.0,0.00468754768371582,0.3071566285862277,2.0,"{""nevents"": 9.0, ""ndays_act"": 7.0, ""nchapters"": 12.0}"
HarvardX,3,aligned,0,10188,NICE,bounded,NICE_bounded,0,classifier_target_not_met,0.0,0.00468754768371582,0.0847457627118644,1.0,"{""nevents"": 140.0, ""ndays_act"": 7.0, ""nchapters"": 12.0}"
HarvardX,3,aligned,0,10188,NICE,bounded+edit,NICE_bounded+edit,0,classifier_target_not_met,0.0,0.00468754768371582,0.0847457627118644,1.0,"{""nevents"": 140.0, ""ndays_act"": 7.0, ""nchapters"": 12.0}"
HarvardX,3,aligned,0,10188,MCCE,native,MCCE_native,0,out_of_bounds:nevents,0.0,0.02975153923034668,0.3088544214554977,2.0,"{""nevents"": 8.0, ""ndays_act"": 7.0, ""nchapters"": 12.0}"
HarvardX,3,aligned,0,10188,MCCE,bounded,MCCE_bounded,1,OK,0.0,0.02975153923034668,0.36102558199764034,2.0,"{""nevents"": 143.0, ""ndays_act"": 23.0, ""nchapters"": 12.0}"
HarvardX,3,aligned,0,10188,MCCE,bounded+edit,MCCE_bounded+edit,1,OK,0.0,0.02975153923034668,0.36102558199764034,2.0,"{""nevents"": 143.0, ""ndays_act"": 23.0, ""nchapters"": 12.0}"
HarvardX,3,aligned,0,10228,NICE,native,NICE_native,0,out_of_bounds:nevents,0.0,0.004751682281494141,0.12244211093161012,2.0,"{""nevents"": 60.0, ""ndays_act"": 15.0, ""nchapters"": 11.0}"
HarvardX,3,aligned,0,10228,NICE,bounded,NICE_bounded,0,classifier_target_not_met,0.0,0.004751682281494141,0.041666666666666664,1.0,"{""nevents"": 110.0, ""ndays_act"": 15.0, ""nchapters"": 11.0}"
HarvardX,3,aligned,0,10228,NICE,bounded+edit,NICE_bounded+edit,0,classifier_target_not_met,0.0,0.004751682281494141,0.041666666666666664,1.0,"{""nevents"": 110.0, ""ndays_act"": 15.0, ""nchapters"": 11.0}"
HarvardX,3,aligned,0,10228,MCCE,native,MCCE_native,0,out_of_bounds:nevents,0.0,0.041651010513305664,0.16232498653742597,2.0,"{""nevents"": 74.0, ""ndays_act"": 18.0, ""nchapters"": 11.0}"
HarvardX,3,aligned,0,10228,MCCE,bounded,MCCE_bounded,1,OK,0.0,0.041651010513305664,0.6069601507808293,2.0,"{""nevents"": 202.0, ""ndays_act"": 35.0, ""nchapters"": 11.0}"
HarvardX,3,aligned,0,10228,MCCE,bounded+edit,MCCE_bounded+edit,1,OK,0.0,0.041651010513305664,0.6069601507808293,2.0,"{""nevents"": 202.0, ""ndays_act"": 35.0, ""nchapters"": 11.0}"
HarvardX,3,aligned,0,10229,NICE,native,NICE_native,0,out_of_bounds:nevents,0.0,0.003904104232788086,0.3539651837524178,1.0,"{""nevents"": 29.0, ""ndays_act"": 12.0, ""nchapters"": 12.0}"
HarvardX,3,aligned,0,10229,NICE,bounded,NICE_bounded,0,classifier_target_not_met,0.0,0.003904104232788086,0.0,0.0,"{""nevents"": 212.0, ""ndays_act"": 12.0, ""nchapters"": 12.0}"
HarvardX,3,aligned,0,10229,NICE,bounded+edit,NICE_bounded+edit,0,classifier_target_not_met,0.0,0.003904104232788086,0.0,0.0,"{""nevents"": 212.0, ""ndays_act"": 12.0, ""nchapters"": 12.0}"
HarvardX,3,aligned,0,10229,MCCE,native,MCCE_native,0,out_of_bounds:nevents,0.0,0.0277101993560791,0.3597678916827853,1.0,"{""nevents"": 26.0, ""ndays_act"": 12.0, ""nchapters"": 12.0}"
HarvardX,3,aligned,0,10229,MCCE,bounded,MCCE_bounded,1,OK,0.0,0.0277101993560791,0.9795918367346939,1.0,"{""nevents"": 212.0, ""ndays_act"": 60.0, ""nchapters"": 12.0}"
HarvardX,3,aligned,0,10229,MCCE,bounded+edit,MCCE_bounded+edit,1,OK,0.0,0.0277101993560791,0.9795918367346939,1.0,"{""nevents"": 212.0, ""ndays_act"": 60.0, ""nchapters"": 12.0}"
HarvardX,3,aligned,0,10249,NICE,native,NICE_native,1,OK,0.0,0.0035581588745117188,0.2631578947368421,1.0,"{""nevents"": 56.0, ""ndays_act"": 19.0, ""nchapters"": 8.0}"
HarvardX,3,aligned,0,10249,NICE,bounded,NICE_bounded,1,OK,0.0,0.0035581588745117188,0.2631578947368421,1.0,"{""nevents"": 56.0, ""ndays_act"": 19.0, ""nchapters"": 8.0}"
HarvardX,3,aligned,0,10249,NICE,bounded+edit,NICE_bounded+edit,1,OK,0.0,0.0035581588745117188,0.2631578947368421,1.0,"{""nevents"": 56.0, ""ndays_act"": 19.0, ""nchapters"": 8.0}"
HarvardX,3,aligned,0,10249,MCCE,native,MCCE_native,1,OK,0.0,0.04142880439758301,0.2970464794974062,2.0,"{""nevents"": 67.0, ""ndays_act"": 20.0, ""nchapters"": 8.0}"
HarvardX,3,aligned,0,10249,MCCE,bounded,MCCE_bounded,1,OK,0.0,0.04142880439758301,0.2970464794974062,2.0,"{""nevents"": 67.0, ""ndays_act"": 20.0, ""nchapters"": 8.0}"
HarvardX,3,aligned,0,10249,MCCE,bounded+edit,MCCE_bounded+edit,1,OK,0.0,0.04142880439758301,0.2970464794974062,2.0,"{""nevents"": 67.0, ""ndays_act"": 20.0, ""nchapters"": 8.0}"
HarvardX,3,aligned,0,10251,NICE,native,NICE_native,0,out_of_bounds:nevents,0.0,0.004557132720947266,0.2942573402417962,2.0,"{""nevents"": 52.0, ""ndays_act"": 19.0, ""nchapters"": 8.0}"
HarvardX,3,aligned,0,10251,NICE,bounded,NICE_bounded,0,classifier_target_not_met,0.0,0.004557132720947266,0.125,1.0,"{""nevents"": 150.0, ""ndays_act"": 19.0, ""nchapters"": 8.0}"
HarvardX,3,aligned,0,10251,NICE,bounded+edit,NICE_bounded+edit,0,classifier_target_not_met,0.0,0.004557132720947266,0.125,1.0,"{""nevents"": 150.0, ""ndays_act"": 19.0, ""nchapters"": 8.0}"
HarvardX,3,aligned,0,10251,MCCE,native,MCCE_native,0,out_of_bounds:nevents,0.0,0.04020524024963379,0.2891839378238342,2.0,"{""nevents"": 67.0, ""ndays_act"": 20.0, ""nchapters"": 8.0}"
HarvardX,3,aligned,0,10251,MCCE,bounded,MCCE_bounded,1,OK,0.0,0.04020524024963379,1.207685664939551,3.0,"{""nevents"": 222.0, ""ndays_act"": 41.0, ""nchapters"": 10.0}"
HarvardX,3,aligned,0,10251,MCCE,bounded+edit,MCCE_bounded+edit,1,OK,0.0,0.04020524024963379,1.207685664939551,3.0,"{""nevents"": 222.0, ""ndays_act"": 41.0, ""nchapters"": 10.0}"
HarvardX,3,aligned,0,10321,NICE,native,NICE_native,0,out_of_bounds:nevents,0.0,0.0033898353576660156,0.17647058823529413,1.0,"{""nevents"": 49.0, ""ndays_act"": 13.0, ""nchapters"": 12.0}"
HarvardX,3,aligned,0,10321,NICE,bounded,NICE_bounded,0,classifier_target_not_met,0.0,0.0033898353576660156,0.0,0.0,"{""nevents"": 151.0, ""ndays_act"": 13.0, ""nchapters"": 12.0}"
HarvardX,3,aligned,0,10321,NICE,bounded+edit,NICE_bounded+edit,0,classifier_target_not_met,0.0,0.0033898353576660156,0.0,0.0,"{""nevents"": 151.0, ""ndays_act"": 13.0, ""nchapters"": 12.0}"
HarvardX,3,aligned,0,10321,MCCE,native,MCCE_native,0,out_of_bounds:nevents,0.0,0.026123046875,0.17654267589388697,2.0,"{""nevents"": 61.0, ""ndays_act"": 14.0, ""nchapters"": 12.0}"
HarvardX,3,aligned,0,10321,MCCE,bounded,MCCE_bounded,1,OK,0.0,0.026123046875,0.2326268742791234,2.0,"{""nevents"": 153.0, ""ndays_act"": 24.0, ""nchapters"": 12.0}"
HarvardX,3,aligned,0,10321,MCCE,bounded+edit,MCCE_bounded+edit,1,OK,0.0,0.026123046875,0.2326268742791234,2.0,"{""nevents"": 153.0, ""ndays_act"": 24.0, ""nchapters"": 12.0}"
HarvardX,3,aligned,0,10326,NICE,native,NICE_native,0,out_of_bounds:nevents,0.0,0.0046269893646240234,0.33928571428571425,2.0,"{""nevents"": 9.0, ""ndays_act"": 8.0, ""nchapters"": 10.0}"
HarvardX,3,aligned,0,10326,NICE,bounded,NICE_bounded,0,classifier_target_not_met,0.0,0.0046269893646240234,0.05357142857142857,1.0,"{""nevents"": 169.0, ""ndays_act"": 8.0, ""nchapters"": 10.0}"
HarvardX,3,aligned,0,10326,NICE,bounded+edit,NICE_bounded+edit,0,classifier_target_not_met,0.0,0.0046269893646240234,0.05357142857142857,1.0,"{""nevents"": 169.0, ""ndays_act"": 8.0, ""nchapters"": 10.0}"
HarvardX,3,aligned,0,10326,MCCE,native,MCCE_native,0,out_of_bounds:nevents,0.0,0.039340972900390625,0.4857142857142857,2.0,"{""nevents"": 47.0, ""ndays_act"": 20.0, ""nchapters"": 10.0}"
HarvardX,3,aligned,0,10326,MCCE,bounded,MCCE_bounded,1,OK,0.0,0.039340972900390625,0.7375,2.0,"{""nevents"": 222.0, ""ndays_act"": 41.0, ""nchapters"": 10.0}"
HarvardX,3,aligned,0,10326,MCCE,bounded+edit,MCCE_bounded+edit,1,OK,0.0,0.039340972900390625,0.7375,2.0,"{""nevents"": 222.0, ""ndays_act"": 41.0, ""nchapters"": 10.0}"
HarvardX,3,aligned,0,10364,NICE,native,NICE_native,1,OK,0.0,0.005034923553466797,0.36414868105515585,2.0,"{""nevents"": 67.0, ""ndays_act"": 20.0, ""nchapters"": 7.0}"
HarvardX,3,aligned,0,10364,NICE,bounded,NICE_bounded,1,OK,0.0,0.005034923553466797,0.36414868105515585,2.0,"{""nevents"": 67.0, ""ndays_act"": 20.0, ""nchapters"": 7.0}"
HarvardX,3,aligned,0,10364,NICE,bounded+edit,NICE_bounded+edit,1,OK,0.0,0.005034923553466797,0.36414868105515585,2.0,"{""nevents"": 67.0, ""ndays_act"": 20.0, ""nchapters"": 7.0}"
HarvardX,3,aligned,0,10364,MCCE,native,MCCE_native,1,OK,0.0,0.04026174545288086,0.5641486810551559,3.0,"{""nevents"": 67.0, ""ndays_act"": 20.0, ""nchapters"": 8.0}"
HarvardX,3,aligned,0,10364,MCCE,bounded,MCCE_bounded,1,OK,0.0,0.04026174545288086,0.5641486810551559,3.0,"{""nevents"": 67.0, ""ndays_act"": 20.0, ""nchapters"": 8.0}"
HarvardX,3,aligned,0,10364,MCCE,bounded+edit,MCCE_bounded+edit,1,OK,0.0,0.04026174545288086,0.5641486810551559,3.0,"{""nevents"": 67.0, ""ndays_act"": 20.0, ""nchapters"": 8.0}"
HarvardX,3,aligned,0,10403,NICE,native,NICE_native,0,out_of_bounds:nevents,0.0,0.003640413284301758,0.2698412698412698,1.0,"{""nevents"": 9.0, ""ndays_act"": 7.0, ""nchapters"": 12.0}"
HarvardX,3,aligned,0,10403,NICE,bounded,NICE_bounded,0,classifier_target_not_met,0.0,0.003640413284301758,0.0,0.0,"{""nevents"": 162.0, ""ndays_act"": 7.0, ""nchapters"": 12.0}"
HarvardX,3,aligned,0,10403,NICE,bounded+edit,NICE_bounded+edit,0,classifier_target_not_met,0.0,0.003640413284301758,0.0,0.0,"{""nevents"": 162.0, ""ndays_act"": 7.0, ""nchapters"": 12.0}"
HarvardX,3,aligned,0,10403,MCCE,native,MCCE_native,0,out_of_bounds:nevents,0.0,0.02958512306213379,0.2716049382716049,1.0,"{""nevents"": 8.0, ""ndays_act"": 7.0, ""nchapters"": 12.0}"
HarvardX,3,aligned,0,10403,MCCE,bounded,MCCE_bounded,1,OK,0.0,0.02958512306213379,0.5555555555555556,1.0,"{""nevents"": 162.0, ""ndays_act"": 37.0, ""nchapters"": 12.0}"
HarvardX,3,aligned,0,10403,MCCE,bounded+edit,MCCE_bounded+edit,1,OK,0.0,0.02958512306213379,0.5555555555555556,1.0,"{""nevents"": 162.0, ""ndays_act"": 37.0, ""nchapters"": 12.0}"
HarvardX,3,aligned,0,10426,NICE,native,NICE_native,0,out_of_bounds:nevents,0.0,0.003691434860229492,0.3192660550458716,1.0,"{""nevents"": 10.0, ""ndays_act"": 12.0, ""nchapters"": 10.0}"
HarvardX,3,aligned,0,10426,NICE,bounded,NICE_bounded,0,classifier_target_not_met,0.0,0.003691434860229492,0.0,0.0,"{""nevents"": 184.0, ""ndays_act"": 12.0, ""nchapters"": 10.0}"
HarvardX,3,aligned,0,10426,NICE,bounded+edit,NICE_bounded+edit,0,classifier_target_not_met,0.0,0.003691434860229492,0.0,0.0,"{""nevents"": 184.0, ""ndays_act"": 12.0, ""nchapters"": 10.0}"
HarvardX,3,aligned,0,10426,MCCE,native,MCCE_native,0,out_of_bounds:nevents,0.0,0.0441591739654541,0.41464145291143983,2.0,"{""nevents"": 47.0, ""ndays_act"": 20.0, ""nchapters"": 10.0}"
HarvardX,3,aligned,0,10426,MCCE,bounded,MCCE_bounded,1,OK,0.0,0.0441591739654541,0.6615615053360794,2.0,"{""nevents"": 222.0, ""ndays_act"": 41.0, ""nchapters"": 10.0}"
HarvardX,3,aligned,0,10426,MCCE,bounded+edit,MCCE_bounded+edit,1,OK,0.0,0.0441591739654541,0.6615615053360794,2.0,"{""nevents"": 222.0, ""ndays_act"": 41.0, ""nchapters"": 10.0}"
HarvardX,3,aligned,0,10450,NICE,native,NICE_native,1,OK,0.0,0.005116939544677734,0.3763257575757576,2.0,"{""nevents"": 67.0, ""ndays_act"": 20.0, ""nchapters"": 7.0}"
HarvardX,3,aligned,0,10450,NICE,bounded,NICE_bounded,1,OK,0.0,0.005116939544677734,0.3763257575757576,2.0,"{""nevents"": 67.0, ""ndays_act"": 20.0, ""nchapters"": 7.0}"
HarvardX,3,aligned,0,10450,NICE,bounded+edit,NICE_bounded+edit,1,OK,0.0,0.005116939544677734,0.3763257575757576,2.0,"{""nevents"": 67.0, ""ndays_act"": 20.0, ""nchapters"": 7.0}"
HarvardX,3,aligned,0,10450,MCCE,native,MCCE_native,1,OK,0.0,0.04168200492858887,1.15,2.0,"{""nevents"": 25.0, ""ndays_act"": 10.0, ""nchapters"": 12.0}"
HarvardX,3,aligned,0,10450,MCCE,bounded,MCCE_bounded,1,OK,0.0,0.04168200492858887,1.15,2.0,"{""nevents"": 25.0, ""ndays_act"": 10.0, ""nchapters"": 12.0}"
HarvardX,3,aligned,0,10450,MCCE,bounded+edit,MCCE_bounded+edit,1,OK,0.0,0.04168200492858887,1.15,2.0,"{""nevents"": 25.0, ""ndays_act"": 10.0, ""nchapters"": 12.0}"
HarvardX,3,aligned,0,10477,NICE,native,NICE_native,0,out_of_bounds:nevents,0.0,0.003641366958618164,0.5295454545454545,1.0,"{""nevents"": 56.0, ""ndays_act"": 17.0, ""nchapters"": 9.0}"
HarvardX,3,aligned,0,10477,NICE,bounded,NICE_bounded,0,classifier_target_not_met,0.0,0.003641366958618164,0.0,0.0,"{""nevents"": 289.0, ""ndays_act"": 17.0, ""nchapters"": 9.0}"
HarvardX,3,aligned,0,10477,NICE,bounded+edit,NICE_bounded+edit,0,classifier_target_not_met,0.0,0.003641366958618164,0.0,0.0,"{""nevents"": 289.0, ""ndays_act"": 17.0, ""nchapters"": 9.0}"
HarvardX,3,aligned,0,10477,MCCE,native,MCCE_native,0,out_of_bounds:nevents,0.0,0.04663872718811035,0.45227272727272727,2.0,"{""nevents"": 130.0, ""ndays_act"": 21.0, ""nchapters"": 9.0}"
HarvardX,3,aligned,0,10477,MCCE,bounded,MCCE_bounded,1,OK,0.0,0.04663872718811035,0.9537878787878789,3.0,"{""nevents"": 312.0, ""ndays_act"": 42.0, ""nchapters"": 10.0}"
HarvardX,3,aligned,0,10477,MCCE,bounded+edit,MCCE_bounded+edit,1,OK,0.0,0.04663872718811035,0.9537878787878789,3.0,"{""nevents"": 312.0, ""ndays_act"": 42.0, ""nchapters"": 10.0}"
HarvardX,3,aligned,0,10483,NICE,native,NICE_native,1,OK,0.0,0.0036935806274414062,0.16363636363636364,1.0,"{""nevents"": 45.0, ""ndays_act"": 15.0, ""nchapters"": 11.0}"
HarvardX,3,aligned,0,10483,NICE,bounded,NICE_bounded,1,OK,0.0,0.0036935806274414062,0.16363636363636364,1.0,"{""nevents"": 45.0, ""ndays_act"": 15.0, ""nchapters"": 11.0}"
HarvardX,3,aligned,0,10483,NICE,bounded+edit,NICE_bounded+edit,1,OK,0.0,0.0036935806274414062,0.16363636363636364,1.0,"{""nevents"": 45.0, ""ndays_act"": 15.0, ""nchapters"": 11.0}"
HarvardX,3,aligned,0,10483,MCCE,native,MCCE_native,1,OK,0.0,0.04145026206970215,0.26057947900053163,2.0,"{""nevents"": 74.0, ""ndays_act"": 18.0, ""nchapters"": 11.0}"
HarvardX,3,aligned,0,10483,MCCE,bounded,MCCE_bounded,1,OK,0.0,0.04145026206970215,0.26057947900053163,2.0,"{""nevents"": 74.0, ""ndays_act"": 18.0, ""nchapters"": 11.0}"
HarvardX,3,aligned,0,10483,MCCE,bounded+edit,MCCE_bounded+edit,1,OK,0.0,0.04145026206970215,0.26057947900053163,2.0,"{""nevents"": 74.0, ""ndays_act"": 18.0, ""nchapters"": 11.0}"
HarvardX,3,aligned,0,10492,NICE,native,NICE_native,0,out_of_bounds:nevents,0.0,0.004631519317626953,0.7065816045529649,2.0,"{""nevents"": 22.0, ""ndays_act"": 10.0, ""nchapters"": 12.0}"
HarvardX,3,aligned,0,10492,NICE,bounded,NICE_bounded,0,classifier_target_not_met,0.0,0.004631519317626953,0.019230769230769232,1.0,"{""nevents"": 310.0, ""ndays_act"": 10.0, ""nchapters"": 12.0}"
HarvardX,3,aligned,0,10492,NICE,bounded+edit,NICE_bounded+edit,0,classifier_target_not_met,0.0,0.004631519317626953,0.019230769230769232,1.0,"{""nevents"": 310.0, ""ndays_act"": 10.0, ""nchapters"": 12.0}"
HarvardX,3,aligned,0,10492,MCCE,native,MCCE_native,0,out_of_bounds:nevents,0.0,0.025850772857666016,0.7114925647145217,2.0,"{""nevents"": 28.0, ""ndays_act"": 11.0, ""nchapters"": 12.0}"
HarvardX,3,aligned,0,10492,MCCE,bounded,MCCE_bounded,1,OK,0.0,0.025850772857666016,0.432623462456398,2.0,"{""nevents"": 314.0, ""ndays_act"": 31.0, ""nchapters"": 12.0}"
HarvardX,3,aligned,0,10492,MCCE,bounded+edit,MCCE_bounded+edit,1,OK,0.0,0.025850772857666016,0.432623462456398,2.0,"{""nevents"": 314.0, ""ndays_act"": 31.0, ""nchapters"": 12.0}"
HarvardX,3,aligned,0,10498,NICE,native,NICE_native,0,out_of_bounds:nevents,0.0,0.005074739456176758,0.16014492753623188,2.0,"{""nevents"": 9.0, ""ndays_act"": 8.0, ""nchapters"": 10.0}"
HarvardX,3,aligned,0,10498,NICE,bounded,NICE_bounded,0,classifier_target_not_met,0.0,0.005074739456176758,0.11666666666666667,1.0,"{""nevents"": 39.0, ""ndays_act"": 8.0, ""nchapters"": 10.0}"
HarvardX,3,aligned,0,10498,NICE,bounded+edit,NICE_bounded+edit,0,classifier_target_not_met,0.0,0.005074739456176758,0.11666666666666667,1.0,"{""nevents"": 39.0, ""ndays_act"": 8.0, ""nchapters"": 10.0}"
HarvardX,3,aligned,0,10498,MCCE,native,MCCE_native,1,OK,0.0,0.04574251174926758,0.3282608695652174,2.0,"{""nevents"": 47.0, ""ndays_act"": 20.0, ""nchapters"": 10.0}"
HarvardX,3,aligned,0,10498,MCCE,bounded,MCCE_bounded,1,OK,0.0,0.04574251174926758,0.3282608695652174,2.0,"{""nevents"": 47.0, ""ndays_act"": 20.0, ""nchapters"": 10.0}"
HarvardX,3,aligned,0,10498,MCCE,bounded+edit,MCCE_bounded+edit,1,OK,0.0,0.04574251174926758,0.3282608695652174,2.0,"{""nevents"": 47.0, ""ndays_act"": 20.0, ""nchapters"": 10.0}"
HarvardX,3,aligned,0,10510,NICE,native,NICE_native,0,out_of_bounds:nevents,0.0,0.003938913345336914,0.3756345177664975,1.0,"{""nevents"": 187.0, ""ndays_act"": 28.0, ""nchapters"": 11.0}"
HarvardX,3,aligned,0,10510,NICE,bounded,NICE_bounded,0,classifier_target_not_met,0.0,0.003938913345336914,0.0,0.0,"{""nevents"": 335.0, ""ndays_act"": 28.0, ""nchapters"": 11.0}"
HarvardX,3,aligned,0,10510,NICE,bounded+edit,NICE_bounded+edit,0,classifier_target_not_met,0.0,0.003938913345336914,0.0,0.0,"{""nevents"": 335.0, ""ndays_act"": 28.0, ""nchapters"": 11.0}"
HarvardX,3,aligned,0,10510,MCCE,native,MCCE_native,0,out_of_bounds:nevents,0.0,0.041300058364868164,0.23034917704968466,2.0,"{""nevents"": 292.0, ""ndays_act"": 32.0, ""nchapters"": 11.0}"
HarvardX,3,aligned,0,10510,MCCE,bounded,MCCE_bounded,1,OK,0.0,0.041300058364868164,0.607291185971389,2.0,"{""nevents"": 431.0, ""ndays_act"": 40.0, ""nchapters"": 11.0}"
HarvardX,3,aligned,0,10510,MCCE,bounded+edit,MCCE_bounded+edit,1,OK,0.0,0.041300058364868164,0.607291185971389,2.0,"{""nevents"": 431.0, ""ndays_act"": 40.0, ""nchapters"": 11.0}"
HarvardX,3,aligned,0,10517,NICE,native,NICE_native,1,OK,0.0,0.018579959869384766,0.4595606283750614,3.0,"{""nevents"": 67.0, ""ndays_act"": 20.0, ""nchapters"": 7.0}"
HarvardX,3,aligned,0,10517,NICE,bounded,NICE_bounded,1,OK,0.0,0.018579959869384766,0.4595606283750614,3.0,"{""nevents"": 67.0, ""ndays_act"": 20.0, ""nchapters"": 7.0}"
HarvardX,3,aligned,0,10517,NICE,bounded+edit,NICE_bounded+edit,1,OK,0.0,0.018579959869384766,0.4595606283750614,3.0,"{""nevents"": 67.0, ""ndays_act"": 20.0, ""nchapters"": 7.0}"
HarvardX,3,aligned,0,10517,MCCE,native,MCCE_native,1,OK,0.0,0.04571533203125,0.626227295041728,3.0,"{""nevents"": 67.0, ""ndays_act"": 20.0, ""nchapters"": 8.0}"
HarvardX,3,aligned,0,10517,MCCE,bounded,MCCE_bounded,1,OK,0.0,0.04571533203125,0.626227295041728,3.0,"{""nevents"": 67.0, ""ndays_act"": 20.0, ""nchapters"": 8.0}"
HarvardX,3,aligned,0,10517,MCCE,bounded+edit,MCCE_bounded+edit,1,OK,0.0,0.04571533203125,0.626227295041728,3.0,"{""nevents"": 67.0, ""ndays_act"": 20.0, ""nchapters"": 8.0}"
HarvardX,3,aligned,0,10621,NICE,native,NICE_native,1,OK,0.0,0.005806446075439453,0.4953502324883756,3.0,"{""nevents"": 67.0, ""ndays_act"": 20.0, ""nchapters"": 7.0}"
HarvardX,3,aligned,0,10621,NICE,bounded,NICE_bounded,1,OK,0.0,0.005806446075439453,0.4953502324883756,3.0,"{""nevents"": 67.0, ""ndays_act"": 20.0, ""nchapters"": 7.0}"
HarvardX,3,aligned,0,10621,NICE,bounded+edit,NICE_bounded+edit,1,OK,0.0,0.005806446075439453,0.4953502324883756,3.0,"{""nevents"": 67.0, ""ndays_act"": 20.0, ""nchapters"": 7.0}"
HarvardX,3,aligned,0,10621,MCCE,native,MCCE_native,1,OK,0.0,0.10357093811035156,1.3559322033898304,2.0,"{""nevents"": 51.0, ""ndays_act"": 23.0, ""nchapters"": 12.0}"
HarvardX,3,aligned,0,10621,MCCE,bounded,MCCE_bounded,1,OK,0.0,0.10357093811035156,1.3559322033898304,2.0,"{""nevents"": 51.0, ""ndays_act"": 23.0, ""nchapters"": 12.0}"
HarvardX,3,aligned,0,10621,MCCE,bounded+edit,MCCE_bounded+edit,1,OK,0.0,0.10357093811035156,1.3559322033898304,2.0,"{""nevents"": 51.0, ""ndays_act"": 23.0, ""nchapters"": 12.0}"
HarvardX,3,aligned,0,10648,NICE,native,NICE_native,1,OK,0.0,0.005770444869995117,0.5003498250874562,3.0,"{""nevents"": 67.0, ""ndays_act"": 20.0, ""nchapters"": 7.0}"
HarvardX,3,aligned,0,10648,NICE,bounded,NICE_bounded,1,OK,0.0,0.005770444869995117,0.5003498250874562,3.0,"{""nevents"": 67.0, ""ndays_act"": 20.0, ""nchapters"": 7.0}"
HarvardX,3,aligned,0,10648,NICE,bounded+edit,NICE_bounded+edit,1,OK,0.0,0.005770444869995117,0.5003498250874562,3.0,"{""nevents"": 67.0, ""ndays_act"": 20.0, ""nchapters"": 7.0}"
HarvardX,3,aligned,0,10648,MCCE,native,MCCE_native,1,OK,0.0,0.0397038459777832,0.6670164917541228,3.0,"{""nevents"": 67.0, ""ndays_act"": 20.0, ""nchapters"": 8.0}"
HarvardX,3,aligned,0,10648,MCCE,bounded,MCCE_bounded,1,OK,0.0,0.0397038459777832,0.6670164917541228,3.0,"{""nevents"": 67.0, ""ndays_act"": 20.0, ""nchapters"": 8.0}"
HarvardX,3,aligned,0,10648,MCCE,bounded+edit,MCCE_bounded+edit,1,OK,0.0,0.0397038459777832,0.6670164917541228,3.0,"{""nevents"": 67.0, ""ndays_act"": 20.0, ""nchapters"": 8.0}"
HarvardX,3,aligned,0,10652,NICE,native,NICE_native,1,OK,0.0,0.006180524826049805,0.4449871877001922,3.0,"{""nevents"": 67.0, ""ndays_act"": 20.0, ""nchapters"": 7.0}"
HarvardX,3,aligned,0,10652,NICE,bounded,NICE_bounded,1,OK,0.0,0.006180524826049805,0.4449871877001922,3.0,"{""nevents"": 67.0, ""ndays_act"": 20.0, ""nchapters"": 7.0}"
HarvardX,3,aligned,0,10652,NICE,bounded+edit,NICE_bounded+edit,1,OK,0.0,0.006180524826049805,0.4449871877001922,3.0,"{""nevents"": 67.0, ""ndays_act"": 20.0, ""nchapters"": 7.0}"
HarvardX,3,aligned,0,10652,MCCE,native,MCCE_native,1,OK,0.0,0.0401914119720459,0.6116538543668588,3.0,"{""nevents"": 67.0, ""ndays_act"": 20.0, ""nchapters"": 8.0}"
HarvardX,3,aligned,0,10652,MCCE,bounded,MCCE_bounded,1,OK,0.0,0.0401914119720459,0.6116538543668588,3.0,"{""nevents"": 67.0, ""ndays_act"": 20.0, ""nchapters"": 8.0}"
HarvardX,3,aligned,0,10652,MCCE,bounded+edit,MCCE_bounded+edit,1,OK,0.0,0.0401914119720459,0.6116538543668588,3.0,"{""nevents"": 67.0, ""ndays_act"": 20.0, ""nchapters"": 8.0}"
HarvardX,3,aligned,0,10677,NICE,native,NICE_native,0,out_of_bounds:nevents,0.0,0.0038132667541503906,0.3558282208588957,1.0,"{""nevents"": 66.0, ""ndays_act"": 25.0, ""nchapters"": 7.0}"
HarvardX,3,aligned,0,10677,NICE,bounded,NICE_bounded,0,classifier_target_not_met,0.0,0.0038132667541503906,0.0,0.0,"{""nevents"": 240.0, ""ndays_act"": 25.0, ""nchapters"": 7.0}"
HarvardX,3,aligned,0,10677,NICE,bounded+edit,NICE_bounded+edit,0,classifier_target_not_met,0.0,0.0038132667541503906,0.0,0.0,"{""nevents"": 240.0, ""ndays_act"": 25.0, ""nchapters"": 7.0}"
HarvardX,3,aligned,0,10677,MCCE,native,MCCE_native,0,out_of_bounds:nevents,0.0,0.04124331474304199,1.0756646216768917,2.0,"{""nevents"": 203.0, ""ndays_act"": 25.0, ""nchapters"": 12.0}"
HarvardX,3,aligned,0,10677,MCCE,bounded,MCCE_bounded,1,OK,0.0,0.04124331474304199,1.1654396728016359,3.0,"{""nevents"": 272.0, ""ndays_act"": 43.0, ""nchapters"": 10.0}"
HarvardX,3,aligned,0,10677,MCCE,bounded+edit,MCCE_bounded+edit,1,OK,0.0,0.04124331474304199,1.1654396728016359,3.0,"{""nevents"": 272.0, ""ndays_act"": 43.0, ""nchapters"": 10.0}"
HarvardX,3,aligned,0,10707,NICE,native,NICE_native,1,OK,0.0,0.004725456237792969,0.38689138576779025,2.0,"{""nevents"": 67.0, ""ndays_act"": 20.0, ""nchapters"": 7.0}"
HarvardX,3,aligned,0,10707,NICE,bounded,NICE_bounded,1,OK,0.0,0.004725456237792969,0.38689138576779025,2.0,"{""nevents"": 67.0, ""ndays_act"": 20.0, ""nchapters"": 7.0}"
HarvardX,3,aligned,0,10707,NICE,bounded+edit,NICE_bounded+edit,1,OK,0.0,0.004725456237792969,0.38689138576779025,2.0,"{""nevents"": 67.0, ""ndays_act"": 20.0, ""nchapters"": 7.0}"
HarvardX,3,aligned,0,10707,MCCE,native,MCCE_native,1,OK,0.0,0.041113853454589844,0.5868913857677902,3.0,"{""nevents"": 67.0, ""ndays_act"": 20.0, ""nchapters"": 8.0}"
HarvardX,3,aligned,0,10707,MCCE,bounded,MCCE_bounded,1,OK,0.0,0.041113853454589844,0.5868913857677902,3.0,"{""nevents"": 67.0, ""ndays_act"": 20.0, ""nchapters"": 8.0}"
HarvardX,3,aligned,0,10707,MCCE,bounded+edit,MCCE_bounded+edit,1,OK,0.0,0.041113853454589844,0.5868913857677902,3.0,"{""nevents"": 67.0, ""ndays_act"": 20.0, ""nchapters"": 8.0}"
HarvardX,3,aligned,0,10719,NICE,native,NICE_native,0,out_of_bounds:nevents,0.0,0.0036668777465820312,0.49258160237388726,1.0,"{""nevents"": 226.0, ""ndays_act"": 26.0, ""nchapters"": 12.0}"
HarvardX,3,aligned,0,10719,NICE,bounded,NICE_bounded,0,classifier_target_not_met,0.0,0.0036668777465820312,0.0,0.0,"{""nevents"": 392.0, ""ndays_act"": 26.0, ""nchapters"": 12.0}"
HarvardX,3,aligned,0,10719,NICE,bounded+edit,NICE_bounded+edit,0,classifier_target_not_met,0.0,0.0036668777465820312,0.0,0.0,"{""nevents"": 392.0, ""ndays_act"": 26.0, ""nchapters"": 12.0}"
HarvardX,3,aligned,0,10719,MCCE,native,MCCE_native,0,out_of_bounds:nevents,0.0,0.026282548904418945,0.49851632047477745,1.0,"{""nevents"": 224.0, ""ndays_act"": 26.0, ""nchapters"": 12.0}"
HarvardX,3,aligned,0,10719,MCCE,bounded,MCCE_bounded,1,OK,0.0,0.026282548904418945,0.4006782534972446,2.0,"{""nevents"": 450.0, ""ndays_act"": 34.0, ""nchapters"": 12.0}"
HarvardX,3,aligned,0,10719,MCCE,bounded+edit,MCCE_bounded+edit,1,OK,0.0,0.026282548904418945,0.4006782534972446,2.0,"{""nevents"": 450.0, ""ndays_act"": 34.0, ""nchapters"": 12.0}"
HarvardX,3,aligned,0,10724,NICE,native,NICE_native,0,out_of_bounds:nevents,0.0,0.003512859344482422,0.2627450980392157,1.0,"{""nevents"": 85.0, ""ndays_act"": 20.0, ""nchapters"": 10.0}"
HarvardX,3,aligned,0,10724,NICE,bounded,NICE_bounded,0,classifier_target_not_met,0.0,0.003512859344482422,0.0,0.0,"{""nevents"": 219.0, ""ndays_act"": 20.0, ""nchapters"": 10.0}"
HarvardX,3,aligned,0,10724,NICE,bounded+edit,NICE_bounded+edit,0,classifier_target_not_met,0.0,0.003512859344482422,0.0,0.0,"{""nevents"": 219.0, ""ndays_act"": 20.0, ""nchapters"": 10.0}"
HarvardX,3,aligned,0,10724,MCCE,native,MCCE_native,0,out_of_bounds:nevents,0.0,0.04149627685546875,0.33725490196078434,1.0,"{""nevents"": 47.0, ""ndays_act"": 20.0, ""nchapters"": 10.0}"
HarvardX,3,aligned,0,10724,MCCE,bounded,MCCE_bounded,1,OK,0.0,0.04149627685546875,0.518077474892396,2.0,"{""nevents"": 222.0, ""ndays_act"": 41.0, ""nchapters"": 10.0}"
HarvardX,3,aligned,0,10724,MCCE,bounded+edit,MCCE_bounded+edit,1,OK,0.0,0.04149627685546875,0.518077474892396,2.0,"{""nevents"": 222.0, ""ndays_act"": 41.0, ""nchapters"": 10.0}"
HarvardX,3,aligned,0,10788,NICE,native,NICE_native,0,out_of_bounds:nevents,0.0,0.004698753356933594,0.3938366718027735,2.0,"{""nevents"": 9.0, ""ndays_act"": 7.0, ""nchapters"": 12.0}"
HarvardX,3,aligned,0,10788,NICE,bounded,NICE_bounded,0,classifier_target_not_met,0.0,0.004698753356933594,0.0847457627118644,1.0,"{""nevents"": 179.0, ""ndays_act"": 7.0, ""nchapters"": 12.0}"
HarvardX,3,aligned,0,10788,NICE,bounded+edit,NICE_bounded+edit,0,classifier_target_not_met,0.0,0.004698753356933594,0.0847457627118644,1.0,"{""nevents"": 179.0, ""ndays_act"": 7.0, ""nchapters"": 12.0}"
HarvardX,3,aligned,0,10788,MCCE,native,MCCE_native,1,OK,0.0,0.02705073356628418,0.4406779661016949,1.0,"{""nevents"": 179.0, ""ndays_act"": 28.0, ""nchapters"": 12.0}"
HarvardX,3,aligned,0,10788,MCCE,bounded,MCCE_bounded,1,OK,0.0,0.02705073356628418,0.4406779661016949,1.0,"{""nevents"": 179.0, ""ndays_act"": 28.0, ""nchapters"": 12.0}"
HarvardX,3,aligned,0,10788,MCCE,bounded+edit,MCCE_bounded+edit,1,OK,0.0,0.02705073356628418,0.4406779661016949,1.0,"{""nevents"": 179.0, ""ndays_act"": 28.0, ""nchapters"": 12.0}"
HarvardX,3,aligned,0,10814,NICE,native,NICE_native,0,out_of_bounds:nevents,0.0,0.005129098892211914,0.6286346396965866,2.0,"{""nevents"": 9.0, ""ndays_act"": 7.0, ""nchapters"": 12.0}"
HarvardX,3,aligned,0,10814,NICE,bounded,NICE_bounded,0,classifier_target_not_met,0.0,0.005129098892211914,0.03571428571428571,1.0,"{""nevents"": 277.0, ""ndays_act"": 7.0, ""nchapters"": 12.0}"
HarvardX,3,aligned,0,10814,NICE,bounded+edit,NICE_bounded+edit,0,classifier_target_not_met,0.0,0.005129098892211914,0.03571428571428571,1.0,"{""nevents"": 277.0, ""ndays_act"": 7.0, ""nchapters"": 12.0}"
HarvardX,3,aligned,0,10814,MCCE,native,MCCE_native,0,out_of_bounds:nevents,0.0,0.026861906051635742,0.6308470290771175,2.0,"{""nevents"": 8.0, ""ndays_act"": 7.0, ""nchapters"": 12.0}"
HarvardX,3,aligned,0,10814,MCCE,bounded,MCCE_bounded,1,OK,0.0,0.026861906051635742,0.46871049304677626,2.0,"{""nevents"": 279.0, ""ndays_act"": 31.0, ""nchapters"": 12.0}"
HarvardX,3,aligned,0,10814,MCCE,bounded+edit,MCCE_bounded+edit,1,OK,0.0,0.026861906051635742,0.46871049304677626,2.0,"{""nevents"": 279.0, ""ndays_act"": 31.0, ""nchapters"": 12.0}"
HarvardX,3,aligned,0,10838,NICE,native,NICE_native,0,out_of_bounds:nevents,0.0,0.0036628246307373047,0.16346153846153846,1.0,"{""nevents"": 245.0, ""ndays_act"": 28.0, ""nchapters"": 12.0}"
HarvardX,3,aligned,0,10838,NICE,bounded,NICE_bounded,0,classifier_target_not_met,0.0,0.0036628246307373047,0.0,0.0,"{""nevents"": 313.0, ""ndays_act"": 28.0, ""nchapters"": 12.0}"
HarvardX,3,aligned,0,10838,NICE,bounded+edit,NICE_bounded+edit,0,classifier_target_not_met,0.0,0.0036628246307373047,0.0,0.0,"{""nevents"": 313.0, ""ndays_act"": 28.0, ""nchapters"": 12.0}"
HarvardX,3,aligned,0,10838,MCCE,native,MCCE_native,0,out_of_bounds:nevents,0.0,0.026675701141357422,0.15625,1.0,"{""nevents"": 248.0, ""ndays_act"": 28.0, ""nchapters"": 12.0}"
HarvardX,3,aligned,0,10838,MCCE,bounded,MCCE_bounded,1,OK,0.0,0.026675701141357422,0.09331293706293707,2.0,"{""nevents"": 314.0, ""ndays_act"": 31.0, ""nchapters"": 12.0}"
HarvardX,3,aligned,0,10838,MCCE,bounded+edit,MCCE_bounded+edit,1,OK,0.0,0.026675701141357422,0.09331293706293707,2.0,"{""nevents"": 314.0, ""ndays_act"": 31.0, ""nchapters"": 12.0}"
HarvardX,3,aligned,0,10844,NICE,native,NICE_native,0,out_of_bounds:nevents,0.0,0.00490880012512207,0.40790177974039876,2.0,"{""nevents"": 52.0, ""ndays_act"": 19.0, ""nchapters"": 8.0}"
HarvardX,3,aligned,0,10844,NICE,bounded,NICE_bounded,0,classifier_target_not_met,0.0,0.00490880012512207,0.20754716981132076,1.0,"{""nevents"": 165.0, ""ndays_act"": 19.0, ""nchapters"": 8.0}"
HarvardX,3,aligned,0,10844,NICE,bounded+edit,NICE_bounded+edit,0,classifier_target_not_met,0.0,0.00490880012512207,0.20754716981132076,1.0,"{""nevents"": 165.0, ""ndays_act"": 19.0, ""nchapters"": 8.0}"
HarvardX,3,aligned,0,10844,MCCE,native,MCCE_native,0,out_of_bounds:nevents,0.0,0.0399627685546875,0.4001739595878496,2.0,"{""nevents"": 67.0, ""ndays_act"": 20.0, ""nchapters"": 8.0}"
HarvardX,3,aligned,0,10844,MCCE,bounded,MCCE_bounded,1,OK,0.0,0.0399627685546875,1.2237053392211963,3.0,"{""nevents"": 222.0, ""ndays_act"": 41.0, ""nchapters"": 10.0}"
HarvardX,3,aligned,0,10844,MCCE,bounded+edit,MCCE_bounded+edit,1,OK,0.0,0.0399627685546875,1.2237053392211963,3.0,"{""nevents"": 222.0, ""ndays_act"": 41.0, ""nchapters"": 10.0}"
HarvardX,3,aligned,0,10872,NICE,native,NICE_native,0,out_of_bounds:nevents,0.0,0.004709720611572266,0.06575720416922133,2.0,"{""nevents"": 9.0, ""ndays_act"": 7.0, ""nchapters"": 12.0}"
HarvardX,3,aligned,0,10872,NICE,bounded,NICE_bounded,0,classifier_target_not_met,0.0,0.004709720611572266,0.03571428571428571,1.0,"{""nevents"": 30.0, ""ndays_act"": 7.0, ""nchapters"": 12.0}"
HarvardX,3,aligned,0,10872,NICE,bounded+edit,NICE_bounded+edit,0,classifier_target_not_met,0.0,0.004709720611572266,0.03571428571428571,1.0,"{""nevents"": 30.0, ""ndays_act"": 7.0, ""nchapters"": 12.0}"
HarvardX,3,aligned,0,10872,MCCE,native,MCCE_native,1,OK,0.0,0.025621652603149414,0.19642857142857142,1.0,"{""nevents"": 30.0, ""ndays_act"": 16.0, ""nchapters"": 12.0}"
HarvardX,3,aligned,0,10872,MCCE,bounded,MCCE_bounded,1,OK,0.0,0.025621652603149414,0.19642857142857142,1.0,"{""nevents"": 30.0, ""ndays_act"": 16.0, ""nchapters"": 12.0}"
HarvardX,3,aligned,0,10872,MCCE,bounded+edit,MCCE_bounded+edit,1,OK,0.0,0.025621652603149414,0.19642857142857142,1.0,"{""nevents"": 30.0, ""ndays_act"": 16.0, ""nchapters"": 12.0}"
HarvardX,3,aligned,0,10901,NICE,native,NICE_native,0,out_of_bounds:nevents,0.0,0.005884647369384766,0.44251380987715394,3.0,"{""nevents"": 67.0, ""ndays_act"": 20.0, ""nchapters"": 7.0}"
HarvardX,3,aligned,0,10901,NICE,bounded,NICE_bounded,0,classifier_target_not_met,0.0,0.005884647369384766,0.3782051282051282,2.0,"{""nevents"": 107.0, ""ndays_act"": 20.0, ""nchapters"": 7.0}"
HarvardX,3,aligned,0,10901,NICE,bounded+edit,NICE_bounded+edit,0,classifier_target_not_met,0.0,0.005884647369384766,0.3782051282051282,2.0,"{""nevents"": 107.0, ""ndays_act"": 20.0, ""nchapters"": 7.0}"
HarvardX,3,aligned,0,10901,MCCE,native,MCCE_native,1,OK,0.0,0.039804935455322266,1.3076923076923077,2.0,"{""nevents"": 107.0, ""ndays_act"": 25.0, ""nchapters"": 12.0}"
HarvardX,3,aligned,0,10901,MCCE,bounded,MCCE_bounded,1,OK,0.0,0.039804935455322266,1.3076923076923077,2.0,"{""nevents"": 107.0, ""ndays_act"": 25.0, ""nchapters"": 12.0}"
HarvardX,3,aligned,0,10901,MCCE,bounded+edit,MCCE_bounded+edit,1,OK,0.0,0.039804935455322266,1.3076923076923077,2.0,"{""nevents"": 107.0, ""ndays_act"": 25.0, ""nchapters"": 12.0}"
HarvardX,3,aligned,0,10913,NICE,native,NICE_native,0,out_of_bounds:nevents,0.0,0.005009174346923828,0.1285714285714286,2.0,"{""nevents"": 9.0, ""ndays_act"": 7.0, ""nchapters"": 12.0}"
HarvardX,3,aligned,0,10913,NICE,bounded,NICE_bounded,0,classifier_target_not_met,0.0,0.005009174346923828,0.1,1.0,"{""nevents"": 29.0, ""ndays_act"": 7.0, ""nchapters"": 12.0}"
HarvardX,3,aligned,0,10913,NICE,bounded+edit,NICE_bounded+edit,0,classifier_target_not_met,0.0,0.005009174346923828,0.1,1.0,"{""nevents"": 29.0, ""ndays_act"": 7.0, ""nchapters"": 12.0}"
HarvardX,3,aligned,0,10913,MCCE,native,MCCE_native,0,out_of_bounds:nevents,0.0,0.029181241989135742,0.13,2.0,"{""nevents"": 8.0, ""ndays_act"": 7.0, ""nchapters"": 12.0}"
HarvardX,3,aligned,0,10913,MCCE,bounded,MCCE_bounded,1,OK,0.0,0.029181241989135742,0.250952380952381,2.0,"{""nevents"": 53.0, ""ndays_act"": 14.0, ""nchapters"": 12.0}"
HarvardX,3,aligned,0,10913,MCCE,bounded+edit,MCCE_bounded+edit,1,OK,0.0,0.029181241989135742,0.250952380952381,2.0,"{""nevents"": 53.0, ""ndays_act"": 14.0, ""nchapters"": 12.0}"
HarvardX,3,aligned,0,10926,NICE,native,NICE_native,1,OK,0.0,0.005824565887451172,0.5456562795089707,3.0,"{""nevents"": 67.0, ""ndays_act"": 20.0, ""nchapters"": 7.0}"
HarvardX,3,aligned,0,10926,NICE,bounded,NICE_bounded,1,OK,0.0,0.005824565887451172,0.5456562795089707,3.0,"{""nevents"": 67.0, ""ndays_act"": 20.0, ""nchapters"": 7.0}"
HarvardX,3,aligned,0,10926,NICE,bounded+edit,NICE_bounded+edit,1,OK,0.0,0.005824565887451172,0.5456562795089707,3.0,"{""nevents"": 67.0, ""ndays_act"": 20.0, ""nchapters"": 7.0}"
HarvardX,3,aligned,0,10926,MCCE,native,MCCE_native,1,OK,0.0,0.04048562049865723,0.7123229461756373,3.0,"{""nevents"": 67.0, ""ndays_act"": 20.0, ""nchapters"": 8.0}"
HarvardX,3,aligned,0,10926,MCCE,bounded,MCCE_bounded,1,OK,0.0,0.04048562049865723,0.7123229461756373,3.0,"{""nevents"": 67.0, ""ndays_act"": 20.0, ""nchapters"": 8.0}"
HarvardX,3,aligned,0,10926,MCCE,bounded+edit,MCCE_bounded+edit,1,OK,0.0,0.04048562049865723,0.7123229461756373,3.0,"{""nevents"": 67.0, ""ndays_act"": 20.0, ""nchapters"": 8.0}"
HarvardX,3,aligned,0,10984,NICE,native,NICE_native,1,OK,0.0,0.004285573959350586,0.1056241426611797,1.0,"{""nevents"": 77.0, ""ndays_act"": 53.0, ""nchapters"": 6.0}"
HarvardX,3,aligned,0,10984,NICE,bounded,NICE_bounded,1,OK,0.0,0.004285573959350586,0.1056241426611797,1.0,"{""nevents"": 77.0, ""ndays_act"": 53.0, ""nchapters"": 6.0}"
HarvardX,3,aligned,0,10984,NICE,bounded+edit,NICE_bounded+edit,1,OK,0.0,0.004285573959350586,0.1056241426611797,1.0,"{""nevents"": 77.0, ""ndays_act"": 53.0, ""nchapters"": 6.0}"
HarvardX,3,aligned,0,10984,MCCE,native,MCCE_native,1,OK,0.0,0.04018115997314453,1.2126200274348422,2.0,"{""nevents"": 155.0, ""ndays_act"": 53.0, ""nchapters"": 12.0}"
HarvardX,3,aligned,0,10984,MCCE,bounded,MCCE_bounded,1,OK,0.0,0.04018115997314453,1.2126200274348422,2.0,"{""nevents"": 155.0, ""ndays_act"": 53.0, ""nchapters"": 12.0}"
HarvardX,3,aligned,0,10984,MCCE,bounded+edit,MCCE_bounded+edit,1,OK,0.0,0.04018115997314453,1.2126200274348422,2.0,"{""nevents"": 155.0, ""ndays_act"": 53.0, ""nchapters"": 12.0}"
HarvardX,3,aligned,0,10998,NICE,native,NICE_native,1,OK,0.0,0.0046765804290771484,0.2873438740885135,2.0,"{""nevents"": 56.0, ""ndays_act"": 16.0, ""nchapters"": 9.0}"
HarvardX,3,aligned,0,10998,NICE,bounded,NICE_bounded,1,OK,0.0,0.0046765804290771484,0.2873438740885135,2.0,"{""nevents"": 56.0, ""ndays_act"": 16.0, ""nchapters"": 9.0}"
HarvardX,3,aligned,0,10998,NICE,bounded+edit,NICE_bounded+edit,1,OK,0.0,0.0046765804290771484,0.2873438740885135,2.0,"{""nevents"": 56.0, ""ndays_act"": 16.0, ""nchapters"": 9.0}"
HarvardX,3,aligned,0,10998,MCCE,native,MCCE_native,1,OK,0.0,0.04015636444091797,0.388780593458956,2.0,"{""nevents"": 66.0, ""ndays_act"": 21.0, ""nchapters"": 9.0}"
HarvardX,3,aligned,0,10998,MCCE,bounded,MCCE_bounded,1,OK,0.0,0.04015636444091797,0.388780593458956,2.0,"{""nevents"": 66.0, ""ndays_act"": 21.0, ""nchapters"": 9.0}"
HarvardX,3,aligned,0,10998,MCCE,bounded+edit,MCCE_bounded+edit,1,OK,0.0,0.04015636444091797,0.388780593458956,2.0,"{""nevents"": 66.0, ""ndays_act"": 21.0, ""nchapters"": 9.0}"
HarvardX,3,aligned,0,11001,NICE,native,NICE_native,1,OK,0.0,0.004628896713256836,0.39699146729906304,2.0,"{""nevents"": 67.0, ""ndays_act"": 20.0, ""nchapters"": 7.0}"
HarvardX,3,aligned,0,11001,NICE,bounded,NICE_bounded,1,OK,0.0,0.004628896713256836,0.39699146729906304,2.0,"{""nevents"": 67.0, ""ndays_act"": 20.0, ""nchapters"": 7.0}"
HarvardX,3,aligned,0,11001,NICE,bounded+edit,NICE_bounded+edit,1,OK,0.0,0.004628896713256836,0.39699146729906304,2.0,"{""nevents"": 67.0, ""ndays_act"": 20.0, ""nchapters"": 7.0}"
HarvardX,3,aligned,0,11001,MCCE,native,MCCE_native,1,OK,0.0,0.03998208045959473,0.596991467299063,3.0,"{""nevents"": 67.0, ""ndays_act"": 20.0, ""nchapters"": 8.0}"
HarvardX,3,aligned,0,11001,MCCE,bounded,MCCE_bounded,1,OK,0.0,0.03998208045959473,0.596991467299063,3.0,"{""nevents"": 67.0, ""ndays_act"": 20.0, ""nchapters"": 8.0}"
HarvardX,3,aligned,0,11001,MCCE,bounded+edit,MCCE_bounded+edit,1,OK,0.0,0.03998208045959473,0.596991467299063,3.0,"{""nevents"": 67.0, ""ndays_act"": 20.0, ""nchapters"": 8.0}"
