dataset,seed,regime,stage,query,method,variant,condition,accepted,reasons,policy_score,seconds,effort,sparsity
AUC,1,aligned,1,0,NICE,native,NICE_native,0,below_policy_threshold,11.4,0.0041902065277099,1.83,2.0
AUC,1,aligned,1,0,NICE,bounded,NICE_bounded,0,below_policy_threshold,11.4,0.0041902065277099,1.83,2.0
AUC,1,aligned,1,0,NICE,bounded+edit,NICE_bounded+edit,1,OK,15.28888888888889,0.0041902065277099,2.607777777777778,3.0
AUC,1,aligned,1,0,MCCE,native,MCCE_native,0,below_policy_threshold;out_of_bounds:sum_click,15.0,0.0516200065612793,4.9742424242424335,4.0
AUC,1,aligned,1,0,MCCE,bounded,MCCE_bounded,0,no_candidate,,0.0516200065612793,,
AUC,1,aligned,1,0,MCCE,bounded+edit,MCCE_bounded+edit,0,no_candidate,,0.0516200065612793,,
AUC,1,aligned,1,13,NICE,native,NICE_native,0,immutable_changed:Test_1,15.15,0.0069549083709716,2.58,3.0
AUC,1,aligned,1,13,NICE,bounded,NICE_bounded,0,classifier_target_not_met,15.025,0.0069549083709716,2.58,3.0
AUC,1,aligned,1,13,NICE,bounded+edit,NICE_bounded+edit,0,classifier_target_not_met,15.025,0.0069549083709716,2.58,3.0
AUC,1,aligned,1,13,MCCE,native,MCCE_native,1,OK,15.175,0.02512788772583,2.61,3.0
AUC,1,aligned,1,13,MCCE,bounded,MCCE_bounded,1,OK,15.175,0.02512788772583,2.61,3.0
AUC,1,aligned,1,13,MCCE,bounded+edit,MCCE_bounded+edit,1,OK,15.175,0.02512788772583,2.61,3.0
AUC,1,aligned,1,17,NICE,native,NICE_native,0,immutable_changed:Test_1,15.15,0.0078909397125244,2.58,3.0
AUC,1,aligned,1,17,NICE,bounded,NICE_bounded,0,below_policy_threshold;classifier_target_not_met,14.9,0.0078909397125244,2.58,3.0
AUC,1,aligned,1,17,NICE,bounded+edit,NICE_bounded+edit,0,below_policy_threshold;classifier_target_not_met,14.9,0.0078909397125244,2.58,3.0
AUC,1,aligned,1,17,MCCE,native,MCCE_native,0,below_policy_threshold;out_of_bounds:sum_click,13.25,0.0238618850708007,2.299105576990529,4.0
AUC,1,aligned,1,17,MCCE,bounded,MCCE_bounded,0,below_policy_threshold,13.25,0.0238618850708007,2.425377060680463,4.0
AUC,1,aligned,1,17,MCCE,bounded+edit,MCCE_bounded+edit,0,below_policy_threshold,13.25,0.0238618850708007,2.425377060680463,4.0
AUC,1,aligned,1,23,NICE,native,NICE_native,0,below_policy_threshold,15.0,0.0057830810546875,2.65,3.0
AUC,1,aligned,1,23,NICE,bounded,NICE_bounded,0,below_policy_threshold,15.0,0.0057830810546875,2.65,3.0
AUC,1,aligned,1,23,NICE,bounded+edit,NICE_bounded+edit,0,below_policy_threshold,15.0,0.0057830810546875,2.65,3.0
AUC,1,aligned,1,23,MCCE,native,MCCE_native,0,below_policy_threshold;out_of_bounds:sum_click,14.85,0.0229361057281494,2.658986354775829,4.0
AUC,1,aligned,1,23,MCCE,bounded,MCCE_bounded,0,below_policy_threshold,14.85,0.0229361057281494,2.931890838206628,4.0
AUC,1,aligned,1,23,MCCE,bounded+edit,MCCE_bounded+edit,0,below_policy_threshold,14.85,0.0229361057281494,2.931890838206628,4.0
AUC,1,aligned,1,41,NICE,native,NICE_native,0,immutable_changed:Test_1,15.05,0.0082523822784423,2.56,3.0
AUC,1,aligned,1,41,NICE,bounded,NICE_bounded,0,below_policy_threshold;classifier_target_not_met,14.8,0.0082523822784423,2.56,3.0
AUC,1,aligned,1,41,NICE,bounded+edit,NICE_bounded+edit,0,below_policy_threshold;classifier_target_not_met,14.8,0.0082523822784423,2.56,3.0
AUC,1,aligned,1,41,MCCE,native,MCCE_native,0,below_policy_threshold,13.25,0.0390036106109619,2.341157702825889,4.0
AUC,1,aligned,1,41,MCCE,bounded,MCCE_bounded,0,below_policy_threshold,13.25,0.0390036106109619,2.341157702825889,4.0
AUC,1,aligned,1,41,MCCE,bounded+edit,MCCE_bounded+edit,0,below_policy_threshold,13.25,0.0390036106109619,2.341157702825889,4.0
AUC,1,aligned,1,45,NICE,native,NICE_native,0,immutable_changed:Test_1,15.05,0.007296085357666,2.56,3.0
AUC,1,aligned,1,45,NICE,bounded,NICE_bounded,0,below_policy_threshold;classifier_target_not_met,14.925,0.007296085357666,2.56,3.0
AUC,1,aligned,1,45,NICE,bounded+edit,NICE_bounded+edit,0,below_policy_threshold;classifier_target_not_met,14.925,0.007296085357666,2.56,3.0
AUC,1,aligned,1,45,MCCE,native,MCCE_native,1,OK,15.125,0.0470490455627441,2.6411205345669493,4.0
AUC,1,aligned,1,45,MCCE,bounded,MCCE_bounded,1,OK,15.125,0.0470490455627441,2.6411205345669493,4.0
AUC,1,aligned,1,45,MCCE,bounded+edit,MCCE_bounded+edit,1,OK,15.125,0.0470490455627441,2.6411205345669493,4.0
AUC,1,aligned,1,47,NICE,native,NICE_native,0,below_policy_threshold,11.525,0.0042152404785156,1.88,2.0
AUC,1,aligned,1,47,NICE,bounded,NICE_bounded,0,below_policy_threshold,11.525,0.0042152404785156,1.88,2.0
AUC,1,aligned,1,47,NICE,bounded+edit,NICE_bounded+edit,1,OK,15.41388888888889,0.0042152404785156,2.657777777777778,3.0
AUC,1,aligned,1,47,MCCE,native,MCCE_native,0,out_of_bounds:sum_click,15.225,0.027372121810913,3.81521912350598,4.0
AUC,1,aligned,1,47,MCCE,bounded,MCCE_bounded,0,no_candidate,,0.027372121810913,,
AUC,1,aligned,1,47,MCCE,bounded+edit,MCCE_bounded+edit,0,no_candidate,,0.027372121810913,,
AUC,1,aligned,1,49,NICE,native,NICE_native,0,below_policy_threshold;immutable_changed:Test_1,11.025,0.0057592391967773,1.75,2.0
AUC,1,aligned,1,49,NICE,bounded,NICE_bounded,0,below_policy_threshold;classifier_target_not_met,10.7,0.0057592391967773,1.75,2.0
AUC,1,aligned,1,49,NICE,bounded+edit,NICE_bounded+edit,1,OK,15.144444444444446,0.0057592391967773,2.638888888888889,3.0
AUC,1,aligned,1,49,MCCE,native,MCCE_native,1,OK,15.1,0.026841402053833,2.7264158457346466,4.0
AUC,1,aligned,1,49,MCCE,bounded,MCCE_bounded,1,OK,15.1,0.026841402053833,2.7264158457346466,4.0
AUC,1,aligned,1,49,MCCE,bounded+edit,MCCE_bounded+edit,1,OK,15.1,0.026841402053833,2.7264158457346466,4.0
AUC,1,aligned,1,56,NICE,native,NICE_native,0,below_policy_threshold,15.0,0.0056335926055908,2.6,3.0
AUC,1,aligned,1,56,NICE,bounded,NICE_bounded,0,below_policy_threshold,15.0,0.0056335926055908,2.6,3.0
AUC,1,aligned,1,56,NICE,bounded+edit,NICE_bounded+edit,0,below_policy_threshold,15.0,0.0056335926055908,2.6,3.0
AUC,1,aligned,1,56,MCCE,native,MCCE_native,1,OK,15.45,0.04775071144104,2.69,3.0
AUC,1,aligned,1,56,MCCE,bounded,MCCE_bounded,1,OK,15.45,0.04775071144104,2.69,3.0
AUC,1,aligned,1,56,MCCE,bounded+edit,MCCE_bounded+edit,1,OK,15.45,0.04775071144104,2.69,3.0
AUC,1,aligned,1,57,NICE,native,NICE_native,0,immutable_changed:Test_1,15.05,0.0073769092559814,2.56,3.0
AUC,1,aligned,1,57,NICE,bounded,NICE_bounded,0,below_policy_threshold;classifier_target_not_met,14.8,0.0073769092559814,2.56,3.0
AUC,1,aligned,1,57,NICE,bounded+edit,NICE_bounded+edit,0,below_policy_threshold;classifier_target_not_met,14.8,0.0073769092559814,2.56,3.0
AUC,1,aligned,1,57,MCCE,native,MCCE_native,0,below_policy_threshold;out_of_bounds:sum_click,13.25,0.02500581741333,2.263554727211115,4.0
AUC,1,aligned,1,57,MCCE,bounded,MCCE_bounded,0,below_policy_threshold,13.25,0.02500581741333,2.4533209081667238,4.0
AUC,1,aligned,1,57,MCCE,bounded+edit,MCCE_bounded+edit,0,below_policy_threshold,13.25,0.02500581741333,2.4533209081667238,4.0
AUC,1,aligned,1,59,NICE,native,NICE_native,0,below_policy_threshold;immutable_changed:Test_1,11.025,0.0061056613922119,1.75,2.0
AUC,1,aligned,1,59,NICE,bounded,NICE_bounded,0,below_policy_threshold;classifier_target_not_met,10.125,0.0061056613922119,1.75,2.0
AUC,1,aligned,1,59,NICE,bounded+edit,NICE_bounded+edit,1,OK,15.125,0.0061056613922119,2.75,3.0
AUC,1,aligned,1,59,MCCE,native,MCCE_native,0,below_policy_threshold,14.725,0.0230889320373535,2.878857087603945,4.0
AUC,1,aligned,1,59,MCCE,bounded,MCCE_bounded,0,below_policy_threshold,14.725,0.0230889320373535,2.878857087603945,4.0
AUC,1,aligned,1,59,MCCE,bounded+edit,MCCE_bounded+edit,0,below_policy_threshold,14.725,0.0230889320373535,2.878857087603945,4.0
AUC,1,aligned,1,60,NICE,native,NICE_native,0,below_policy_threshold,14.875,0.0055387020111083,2.65,3.0
AUC,1,aligned,1,60,NICE,bounded,NICE_bounded,0,below_policy_threshold,14.875,0.0055387020111083,2.65,3.0
AUC,1,aligned,1,60,NICE,bounded+edit,NICE_bounded+edit,0,below_policy_threshold,14.875,0.0055387020111083,2.65,3.0
AUC,1,aligned,1,60,MCCE,native,MCCE_native,0,below_policy_threshold;out_of_bounds:sum_click,14.725,0.0232326984405517,2.640611473720371,4.0
AUC,1,aligned,1,60,MCCE,bounded,MCCE_bounded,0,below_policy_threshold,14.725,0.0232326984405517,2.6680934386808657,4.0
AUC,1,aligned,1,60,MCCE,bounded+edit,MCCE_bounded+edit,0,below_policy_threshold,14.725,0.0232326984405517,2.6680934386808657,4.0
AUC,1,aligned,1,81,NICE,native,NICE_native,0,below_policy_threshold,11.025,0.0043690204620361,1.75,2.0
AUC,1,aligned,1,81,NICE,bounded,NICE_bounded,0,below_policy_threshold,11.025,0.0043690204620361,1.75,2.0
AUC,1,aligned,1,81,NICE,bounded+edit,NICE_bounded+edit,1,OK,15.469444444444443,0.0043690204620361,2.638888888888889,3.0
AUC,1,aligned,1,81,MCCE,native,MCCE_native,0,below_policy_threshold,14.875,0.0239460468292236,2.633324803509413,4.0
AUC,1,aligned,1,81,MCCE,bounded,MCCE_bounded,0,below_policy_threshold,14.875,0.0239460468292236,2.633324803509413,4.0
AUC,1,aligned,1,81,MCCE,bounded+edit,MCCE_bounded+edit,0,below_policy_threshold,14.875,0.0239460468292236,2.633324803509413,4.0
AUC,1,aligned,1,82,NICE,native,NICE_native,1,OK,15.275,0.0058217048645019,2.6,3.0
AUC,1,aligned,1,82,NICE,bounded,NICE_bounded,1,OK,15.275,0.0058217048645019,2.6,3.0
AUC,1,aligned,1,82,NICE,bounded+edit,NICE_bounded+edit,1,OK,15.275,0.0058217048645019,2.6,3.0
AUC,1,aligned,1,82,MCCE,native,MCCE_native,1,OK,15.325,0.024651288986206,2.61,3.0
AUC,1,aligned,1,82,MCCE,bounded,MCCE_bounded,1,OK,15.325,0.024651288986206,2.61,3.0
AUC,1,aligned,1,82,MCCE,bounded+edit,MCCE_bounded+edit,1,OK,15.325,0.024651288986206,2.61,3.0
AUC,1,aligned,1,85,NICE,native,NICE_native,0,below_policy_threshold,11.275,0.0075438022613525,1.8,2.0
AUC,1,aligned,1,85,NICE,bounded,NICE_bounded,0,below_policy_threshold,11.275,0.0075438022613525,1.8,2.0
AUC,1,aligned,1,85,NICE,bounded+edit,NICE_bounded+edit,1,OK,15.16388888888889,0.0075438022613525,2.577777777777778,3.0
AUC,1,aligned,1,85,MCCE,native,MCCE_native,0,below_policy_threshold,14.775,0.0204949378967285,2.5,3.0
AUC,1,aligned,1,85,MCCE,bounded,MCCE_bounded,0,below_policy_threshold,14.775,0.0204949378967285,2.5,3.0
AUC,1,aligned,1,85,MCCE,bounded+edit,MCCE_bounded+edit,0,below_policy_threshold,14.775,0.0204949378967285,2.5,3.0
AUC,1,aligned,1,101,NICE,native,NICE_native,0,immutable_changed:Test_1,15.15,0.0070283412933349,2.58,3.0
AUC,1,aligned,1,101,NICE,bounded,NICE_bounded,0,below_policy_threshold;classifier_target_not_met,14.65,0.0070283412933349,2.58,3.0
AUC,1,aligned,1,101,NICE,bounded+edit,NICE_bounded+edit,0,below_policy_threshold;classifier_target_not_met,14.65,0.0070283412933349,2.58,3.0
AUC,1,aligned,1,101,MCCE,native,MCCE_native,0,below_policy_threshold,14.85,0.0234935283660888,2.673619302949062,4.0
AUC,1,aligned,1,101,MCCE,bounded,MCCE_bounded,0,below_policy_threshold,14.85,0.0234935283660888,2.673619302949062,4.0
AUC,1,aligned,1,101,MCCE,bounded+edit,MCCE_bounded+edit,0,below_policy_threshold,14.85,0.0234935283660888,2.673619302949062,4.0
AUC,1,aligned,1,104,NICE,native,NICE_native,0,below_policy_threshold,11.0,0.0042893886566162,1.75,2.0
AUC,1,aligned,1,104,NICE,bounded,NICE_bounded,0,below_policy_threshold,11.0,0.0042893886566162,1.75,2.0
AUC,1,aligned,1,104,NICE,bounded+edit,NICE_bounded+edit,1,OK,15.444444444444445,0.0042893886566162,2.638888888888889,3.0
AUC,1,aligned,1,104,MCCE,native,MCCE_native,0,out_of_bounds:sum_click,15.15,0.0237555503845214,2.5892357423227894,4.0
AUC,1,aligned,1,104,MCCE,bounded,MCCE_bounded,1,OK,15.1,0.0237555503845214,2.6485038097437084,4.0
AUC,1,aligned,1,104,MCCE,bounded+edit,MCCE_bounded+edit,1,OK,15.1,0.0237555503845214,2.6485038097437084,4.0
AUC,1,aligned,1,107,NICE,native,NICE_native,0,below_policy_threshold;immutable_changed:Test_1,11.025,0.0060932636260986,1.75,2.0
AUC,1,aligned,1,107,NICE,bounded,NICE_bounded,0,below_policy_threshold;classifier_target_not_met,10.875,0.0060932636260986,1.75,2.0
AUC,1,aligned,1,107,NICE,bounded+edit,NICE_bounded+edit,1,OK,15.319444444444445,0.0060932636260986,2.638888888888889,3.0
AUC,1,aligned,1,107,MCCE,native,MCCE_native,1,OK,15.125,0.0241096019744873,2.6479198431714224,4.0
AUC,1,aligned,1,107,MCCE,bounded,MCCE_bounded,1,OK,15.125,0.0241096019744873,2.6479198431714224,4.0
AUC,1,aligned,1,107,MCCE,bounded+edit,MCCE_bounded+edit,1,OK,15.125,0.0241096019744873,2.6479198431714224,4.0
AUC,1,aligned,1,132,NICE,native,NICE_native,1,OK,15.15,0.0056502819061279,2.63,3.0
AUC,1,aligned,1,132,NICE,bounded,NICE_bounded,1,OK,15.15,0.0056502819061279,2.63,3.0
AUC,1,aligned,1,132,NICE,bounded+edit,NICE_bounded+edit,1,OK,15.15,0.0056502819061279,2.63,3.0
AUC,1,aligned,1,132,MCCE,native,MCCE_native,0,below_policy_threshold;out_of_bounds:sum_click,13.25,0.0219788551330566,2.7855976485956893,4.0
AUC,1,aligned,1,132,MCCE,bounded,MCCE_bounded,0,no_candidate,,0.0219788551330566,,
AUC,1,aligned,1,132,MCCE,bounded+edit,MCCE_bounded+edit,0,no_candidate,,0.0219788551330566,,
AUC,1,aligned,1,139,NICE,native,NICE_native,0,below_policy_threshold,11.5,0.0072588920593261,1.88,2.0
AUC,1,aligned,1,139,NICE,bounded,NICE_bounded,0,below_policy_threshold,11.5,0.0072588920593261,1.88,2.0
AUC,1,aligned,1,139,NICE,bounded+edit,NICE_bounded+edit,1,OK,15.38888888888889,0.0072588920593261,2.657777777777778,3.0
AUC,1,aligned,1,139,MCCE,native,MCCE_native,0,out_of_bounds:sum_click,15.1,0.0262112617492675,3.0769001490312973,4.0
AUC,1,aligned,1,139,MCCE,bounded,MCCE_bounded,1,OK,15.3,0.0262112617492675,2.8188375558867365,4.0
AUC,1,aligned,1,139,MCCE,bounded+edit,MCCE_bounded+edit,1,OK,15.3,0.0262112617492675,2.8188375558867365,4.0
AUC,1,aligned,1,148,NICE,native,NICE_native,0,below_policy_threshold,11.35,0.0042159557342529,1.92,2.0
AUC,1,aligned,1,148,NICE,bounded,NICE_bounded,0,below_policy_threshold,11.35,0.0042159557342529,1.92,2.0
AUC,1,aligned,1,148,NICE,bounded+edit,NICE_bounded+edit,1,OK,15.238888888888887,0.0042159557342529,2.6977777777777776,3.0
AUC,1,aligned,1,148,MCCE,native,MCCE_native,0,below_policy_threshold,14.85,0.024545669555664,2.645094102885822,4.0
AUC,1,aligned,1,148,MCCE,bounded,MCCE_bounded,0,below_policy_threshold,14.85,0.024545669555664,2.645094102885822,4.0
AUC,1,aligned,1,148,MCCE,bounded+edit,MCCE_bounded+edit,0,below_policy_threshold,14.85,0.024545669555664,2.645094102885822,4.0
AUC,1,aligned,1,159,NICE,native,NICE_native,0,below_policy_threshold,14.625,0.0054550170898437,2.65,3.0
AUC,1,aligned,1,159,NICE,bounded,NICE_bounded,0,below_policy_threshold,14.625,0.0054550170898437,2.65,3.0
AUC,1,aligned,1,159,NICE,bounded+edit,NICE_bounded+edit,0,below_policy_threshold,14.625,0.0054550170898437,2.65,3.0
AUC,1,aligned,1,159,MCCE,native,MCCE_native,0,below_policy_threshold,14.725,0.0256569385528564,2.76710880600309,4.0
AUC,1,aligned,1,159,MCCE,bounded,MCCE_bounded,0,below_policy_threshold,14.725,0.0256569385528564,2.76710880600309,4.0
AUC,1,aligned,1,159,MCCE,bounded+edit,MCCE_bounded+edit,0,below_policy_threshold,14.725,0.0256569385528564,2.76710880600309,4.0
AUC,1,aligned,1,172,NICE,native,NICE_native,0,below_policy_threshold,11.0,0.0044052600860595,1.75,2.0
AUC,1,aligned,1,172,NICE,bounded,NICE_bounded,0,below_policy_threshold,11.0,0.0044052600860595,1.75,2.0
AUC,1,aligned,1,172,NICE,bounded+edit,NICE_bounded+edit,1,OK,15.444444444444445,0.0044052600860595,2.638888888888889,3.0
AUC,1,aligned,1,172,MCCE,native,MCCE_native,1,OK,15.225,0.0330832004547119,2.595,3.0
AUC,1,aligned,1,172,MCCE,bounded,MCCE_bounded,1,OK,15.225,0.0330832004547119,2.595,3.0
AUC,1,aligned,1,172,MCCE,bounded+edit,MCCE_bounded+edit,1,OK,15.225,0.0330832004547119,2.595,3.0
AUC,1,aligned,1,181,NICE,native,NICE_native,1,OK,15.25,0.0054693222045898,2.6,3.0
AUC,1,aligned,1,181,NICE,bounded,NICE_bounded,1,OK,15.25,0.0054693222045898,2.6,3.0
AUC,1,aligned,1,181,NICE,bounded+edit,NICE_bounded+edit,1,OK,15.25,0.0054693222045898,2.6,3.0
AUC,1,aligned,1,181,MCCE,native,MCCE_native,0,below_policy_threshold,14.95,0.022113561630249,2.54,3.0
AUC,1,aligned,1,181,MCCE,bounded,MCCE_bounded,0,below_policy_threshold,14.95,0.022113561630249,2.54,3.0
AUC,1,aligned,1,181,MCCE,bounded+edit,MCCE_bounded+edit,0,below_policy_threshold,14.95,0.022113561630249,2.54,3.0
AUC,1,aligned,1,233,NICE,native,NICE_native,0,below_policy_threshold;immutable_changed:Test_1,11.025,0.0054483413696289,1.75,2.0
AUC,1,aligned,1,233,NICE,bounded,NICE_bounded,0,below_policy_threshold;classifier_target_not_met,10.375,0.0054483413696289,1.75,2.0
AUC,1,aligned,1,233,NICE,bounded+edit,NICE_bounded+edit,1,OK,15.375,0.0054483413696289,2.75,3.0
AUC,1,aligned,1,233,MCCE,native,MCCE_native,0,below_policy_threshold,14.725,0.0228874683380126,3.0199192082407595,4.0
AUC,1,aligned,1,233,MCCE,bounded,MCCE_bounded,0,below_policy_threshold,14.725,0.0228874683380126,3.0199192082407595,4.0
AUC,1,aligned,1,233,MCCE,bounded+edit,MCCE_bounded+edit,0,below_policy_threshold,14.725,0.0228874683380126,3.0199192082407595,4.0
AUC,1,aligned,1,236,NICE,native,NICE_native,0,immutable_changed:Test_1,15.05,0.0066828727722167,2.56,3.0
AUC,1,aligned,1,236,NICE,bounded,NICE_bounded,0,below_policy_threshold;classifier_target_not_met,14.8,0.0066828727722167,2.56,3.0
AUC,1,aligned,1,236,NICE,bounded+edit,NICE_bounded+edit,0,below_policy_threshold;classifier_target_not_met,14.8,0.0066828727722167,2.56,3.0
AUC,1,aligned,1,236,MCCE,native,MCCE_native,0,below_policy_threshold,13.25,0.0244264602661132,2.26319696469812,4.0
AUC,1,aligned,1,236,MCCE,bounded,MCCE_bounded,0,below_policy_threshold,13.25,0.0244264602661132,2.26319696469812,4.0
AUC,1,aligned,1,236,MCCE,bounded+edit,MCCE_bounded+edit,0,below_policy_threshold,13.25,0.0244264602661132,2.26319696469812,4.0
AUC,1,aligned,1,247,NICE,native,NICE_native,0,immutable_changed:Test_1,15.05,0.0079481601715087,2.56,3.0
AUC,1,aligned,1,247,NICE,bounded,NICE_bounded,0,below_policy_threshold;classifier_target_not_met,14.85,0.0079481601715087,2.56,3.0
AUC,1,aligned,1,247,NICE,bounded+edit,NICE_bounded+edit,0,below_policy_threshold;classifier_target_not_met,14.85,0.0079481601715087,2.56,3.0
AUC,1,aligned,1,247,MCCE,native,MCCE_native,1,OK,15.05,0.0347979068756103,2.6546946216955334,4.0
AUC,1,aligned,1,247,MCCE,bounded,MCCE_bounded,1,OK,15.05,0.0347979068756103,2.6546946216955334,4.0
AUC,1,aligned,1,247,MCCE,bounded+edit,MCCE_bounded+edit,1,OK,15.05,0.0347979068756103,2.6546946216955334,4.0
AUC,1,aligned,1,257,NICE,native,NICE_native,1,OK,15.1,0.0058372020721435,2.57,3.0
AUC,1,aligned,1,257,NICE,bounded,NICE_bounded,1,OK,15.1,0.0058372020721435,2.57,3.0
AUC,1,aligned,1,257,NICE,bounded+edit,NICE_bounded+edit,1,OK,15.1,0.0058372020721435,2.57,3.0
AUC,1,aligned,1,257,MCCE,native,MCCE_native,1,OK,15.75,0.0264074802398681,2.7,3.0
AUC,1,aligned,1,257,MCCE,bounded,MCCE_bounded,1,OK,15.75,0.0264074802398681,2.7,3.0
AUC,1,aligned,1,257,MCCE,bounded+edit,MCCE_bounded+edit,1,OK,15.75,0.0264074802398681,2.7,3.0
AUC,1,aligned,1,261,NICE,native,NICE_native,1,OK,15.1,0.0065069198608398,2.58,3.0
AUC,1,aligned,1,261,NICE,bounded,NICE_bounded,1,OK,15.1,0.0065069198608398,2.58,3.0
AUC,1,aligned,1,261,NICE,bounded+edit,NICE_bounded+edit,1,OK,15.1,0.0065069198608398,2.58,3.0
AUC,1,aligned,1,261,MCCE,native,MCCE_native,0,below_policy_threshold;out_of_bounds:sum_click,14.8,0.0247080326080322,2.607241003271538,4.0
AUC,1,aligned,1,261,MCCE,bounded,MCCE_bounded,1,OK,15.05,0.0247080326080322,2.606350418029808,4.0
AUC,1,aligned,1,261,MCCE,bounded+edit,MCCE_bounded+edit,1,OK,15.05,0.0247080326080322,2.606350418029808,4.0
AUC,1,aligned,1,285,NICE,native,NICE_native,0,below_policy_threshold,14.5,0.0054595470428466,2.65,3.0
AUC,1,aligned,1,285,NICE,bounded,NICE_bounded,0,below_policy_threshold,14.5,0.0054595470428466,2.65,3.0
AUC,1,aligned,1,285,NICE,bounded+edit,NICE_bounded+edit,0,below_policy_threshold,14.5,0.0054595470428466,2.65,3.0
AUC,1,aligned,1,285,MCCE,native,MCCE_native,0,no_candidate,,0.0162749290466308,,
AUC,1,aligned,1,285,MCCE,bounded,MCCE_bounded,0,no_candidate,,0.0162749290466308,,
AUC,1,aligned,1,285,MCCE,bounded+edit,MCCE_bounded+edit,0,no_candidate,,0.0162749290466308,,
AUC,1,aligned,1,286,NICE,native,NICE_native,1,OK,15.125,0.005782127380371,2.6,3.0
AUC,1,aligned,1,286,NICE,bounded,NICE_bounded,1,OK,15.125,0.005782127380371,2.6,3.0
AUC,1,aligned,1,286,NICE,bounded+edit,NICE_bounded+edit,1,OK,15.125,0.005782127380371,2.6,3.0
AUC,1,aligned,1,286,MCCE,native,MCCE_native,1,OK,15.625,0.0232934951782226,2.7,3.0
AUC,1,aligned,1,286,MCCE,bounded,MCCE_bounded,1,OK,15.625,0.0232934951782226,2.7,3.0
AUC,1,aligned,1,286,MCCE,bounded+edit,MCCE_bounded+edit,1,OK,15.625,0.0232934951782226,2.7,3.0
AUC,1,aligned,1,293,NICE,native,NICE_native,0,below_policy_threshold,11.0,0.0064918994903564,1.75,2.0
AUC,1,aligned,1,293,NICE,bounded,NICE_bounded,0,below_policy_threshold,11.0,0.0064918994903564,1.75,2.0
AUC,1,aligned,1,293,NICE,bounded+edit,NICE_bounded+edit,1,OK,15.444444444444445,0.0064918994903564,2.638888888888889,3.0
AUC,1,aligned,1,293,MCCE,native,MCCE_native,1,OK,16.45,0.0243685245513916,2.84,3.0
AUC,1,aligned,1,293,MCCE,bounded,MCCE_bounded,1,OK,16.45,0.0243685245513916,2.84,3.0
AUC,1,aligned,1,293,MCCE,bounded+edit,MCCE_bounded+edit,1,OK,16.45,0.0243685245513916,2.84,3.0
AUC,1,aligned,1,299,NICE,native,NICE_native,0,below_policy_threshold;immutable_changed:Test_1,11.025,0.0061995983123779,1.75,2.0
AUC,1,aligned,1,299,NICE,bounded,NICE_bounded,0,below_policy_threshold;classifier_target_not_met,10.85,0.0061995983123779,1.75,2.0
AUC,1,aligned,1,299,NICE,bounded+edit,NICE_bounded+edit,1,OK,15.294444444444444,0.0061995983123779,2.638888888888889,3.0
AUC,1,aligned,1,299,MCCE,native,MCCE_native,1,OK,15.1,0.0238687992095947,2.658943550215371,4.0
AUC,1,aligned,1,299,MCCE,bounded,MCCE_bounded,1,OK,15.1,0.0238687992095947,2.658943550215371,4.0
AUC,1,aligned,1,299,MCCE,bounded+edit,MCCE_bounded+edit,1,OK,15.1,0.0238687992095947,2.658943550215371,4.0
AUC,1,aligned,1,304,NICE,native,NICE_native,1,OK,15.1,0.0054926872253417,2.63,3.0
AUC,1,aligned,1,304,NICE,bounded,NICE_bounded,1,OK,15.1,0.0054926872253417,2.63,3.0
AUC,1,aligned,1,304,NICE,bounded+edit,NICE_bounded+edit,1,OK,15.1,0.0054926872253417,2.63,3.0
AUC,1,aligned,1,304,MCCE,native,MCCE_native,0,out_of_bounds:sum_click,15.1,0.0204346179962158,3.072655935613682,4.0
AUC,1,aligned,1,304,MCCE,bounded,MCCE_bounded,0,no_candidate,,0.0204346179962158,,
AUC,1,aligned,1,304,MCCE,bounded+edit,MCCE_bounded+edit,0,no_candidate,,0.0204346179962158,,
AUC,1,aligned,1,307,NICE,native,NICE_native,0,below_policy_threshold;immutable_changed:Test_1,11.025,0.0054078102111816,1.75,2.0
AUC,1,aligned,1,307,NICE,bounded,NICE_bounded,0,below_policy_threshold;classifier_target_not_met,10.875,0.0054078102111816,1.75,2.0
AUC,1,aligned,1,307,NICE,bounded+edit,NICE_bounded+edit,1,OK,15.319444444444445,0.0054078102111816,2.638888888888889,3.0
AUC,1,aligned,1,307,MCCE,native,MCCE_native,0,out_of_bounds:sum_click,15.125,0.0245628356933593,2.6145243282498187,4.0
AUC,1,aligned,1,307,MCCE,bounded,MCCE_bounded,1,OK,15.225,0.0245628356933593,2.629682885499879,4.0
AUC,1,aligned,1,307,MCCE,bounded+edit,MCCE_bounded+edit,1,OK,15.225,0.0245628356933593,2.629682885499879,4.0
AUC,1,aligned,1,311,NICE,native,NICE_native,1,OK,15.15,0.0055277347564697,2.63,3.0
AUC,1,aligned,1,311,NICE,bounded,NICE_bounded,1,OK,15.15,0.0055277347564697,2.63,3.0
AUC,1,aligned,1,311,NICE,bounded+edit,NICE_bounded+edit,1,OK,15.15,0.0055277347564697,2.63,3.0
AUC,1,aligned,1,311,MCCE,native,MCCE_native,0,below_policy_threshold;out_of_bounds:sum_click,13.25,0.0236823558807373,2.520124257158293,4.0
AUC,1,aligned,1,311,MCCE,bounded,MCCE_bounded,1,OK,15.25,0.0236823558807373,2.7256347920043225,4.0
AUC,1,aligned,1,311,MCCE,bounded+edit,MCCE_bounded+edit,1,OK,15.25,0.0236823558807373,2.7256347920043225,4.0
AUC,1,aligned,1,323,NICE,native,NICE_native,1,OK,15.125,0.0060365200042724,2.65,3.0
AUC,1,aligned,1,323,NICE,bounded,NICE_bounded,1,OK,15.125,0.0060365200042724,2.65,3.0
AUC,1,aligned,1,323,NICE,bounded+edit,NICE_bounded+edit,1,OK,15.125,0.0060365200042724,2.65,3.0
AUC,1,aligned,1,323,MCCE,native,MCCE_native,1,OK,15.325,0.0250003337860107,2.69,3.0
AUC,1,aligned,1,323,MCCE,bounded,MCCE_bounded,1,OK,15.325,0.0250003337860107,2.69,3.0
AUC,1,aligned,1,323,MCCE,bounded+edit,MCCE_bounded+edit,1,OK,15.325,0.0250003337860107,2.69,3.0
AUC,1,aligned,1,339,NICE,native,NICE_native,0,below_policy_threshold;immutable_changed:Test_1,11.025,0.0054280757904052,1.75,2.0
AUC,1,aligned,1,339,NICE,bounded,NICE_bounded,0,below_policy_threshold;classifier_target_not_met,10.875,0.0054280757904052,1.75,2.0
AUC,1,aligned,1,339,NICE,bounded+edit,NICE_bounded+edit,1,OK,15.319444444444445,0.0054280757904052,2.638888888888889,3.0
AUC,1,aligned,1,339,MCCE,native,MCCE_native,1,OK,15.125,0.0249104499816894,2.8010601352586364,4.0
AUC,1,aligned,1,339,MCCE,bounded,MCCE_bounded,1,OK,15.125,0.0249104499816894,2.8010601352586364,4.0
AUC,1,aligned,1,339,MCCE,bounded+edit,MCCE_bounded+edit,1,OK,15.125,0.0249104499816894,2.8010601352586364,4.0
AUC,1,aligned,1,347,NICE,native,NICE_native,1,OK,15.1,0.0056297779083251,2.61,3.0
AUC,1,aligned,1,347,NICE,bounded,NICE_bounded,1,OK,15.1,0.0056297779083251,2.61,3.0
AUC,1,aligned,1,347,NICE,bounded+edit,NICE_bounded+edit,1,OK,15.1,0.0056297779083251,2.61,3.0
AUC,1,aligned,1,347,MCCE,native,MCCE_native,0,below_policy_threshold;out_of_bounds:sum_click,15.0,0.0240569114685058,2.6542312324367723,4.0
AUC,1,aligned,1,347,MCCE,bounded,MCCE_bounded,1,OK,15.25,0.0240569114685058,2.656057808109193,4.0
AUC,1,aligned,1,347,MCCE,bounded+edit,MCCE_bounded+edit,1,OK,15.25,0.0240569114685058,2.656057808109193,4.0
AUC,1,aligned,1,352,NICE,native,NICE_native,0,below_policy_threshold,11.15,0.0043067932128906,1.88,2.0
AUC,1,aligned,1,352,NICE,bounded,NICE_bounded,0,below_policy_threshold,11.15,0.0043067932128906,1.88,2.0
AUC,1,aligned,1,352,NICE,bounded+edit,NICE_bounded+edit,1,OK,15.03888888888889,0.0043067932128906,2.657777777777778,3.0
AUC,1,aligned,1,352,MCCE,native,MCCE_native,0,below_policy_threshold;out_of_bounds:sum_click,14.85,0.0216610431671142,14.528396946564968,4.0
AUC,1,aligned,1,352,MCCE,bounded,MCCE_bounded,0,no_candidate,,0.0216610431671142,,
AUC,1,aligned,1,352,MCCE,bounded+edit,MCCE_bounded+edit,0,no_candidate,,0.0216610431671142,,
AUC,1,aligned,1,354,NICE,native,NICE_native,0,below_policy_threshold,14.875,0.0056440830230712,2.65,3.0
AUC,1,aligned,1,354,NICE,bounded,NICE_bounded,0,below_policy_threshold,14.875,0.0056440830230712,2.65,3.0
AUC,1,aligned,1,354,NICE,bounded+edit,NICE_bounded+edit,0,below_policy_threshold,14.875,0.0056440830230712,2.65,3.0
AUC,1,aligned,1,354,MCCE,native,MCCE_native,0,below_policy_threshold,14.725,0.0228066444396972,2.6411939244083364,4.0
AUC,1,aligned,1,354,MCCE,bounded,MCCE_bounded,0,below_policy_threshold,14.725,0.0228066444396972,2.6411939244083364,4.0
AUC,1,aligned,1,354,MCCE,bounded+edit,MCCE_bounded+edit,0,below_policy_threshold,14.725,0.0228066444396972,2.6411939244083364,4.0
AUC,1,aligned,1,359,NICE,native,NICE_native,0,immutable_changed:Test_1,15.05,0.0067825317382812,2.56,3.0
AUC,1,aligned,1,359,NICE,bounded,NICE_bounded,0,below_policy_threshold;classifier_target_not_met,14.9375,0.0067825317382812,2.56,3.0
AUC,1,aligned,1,359,NICE,bounded+edit,NICE_bounded+edit,0,below_policy_threshold;classifier_target_not_met,14.9375,0.0067825317382812,2.56,3.0
AUC,1,aligned,1,359,MCCE,native,MCCE_native,1,OK,16.5875,0.0238473415374755,2.89,3.0
AUC,1,aligned,1,359,MCCE,bounded,MCCE_bounded,1,OK,16.5875,0.0238473415374755,2.89,3.0
AUC,1,aligned,1,359,MCCE,bounded+edit,MCCE_bounded+edit,1,OK,16.5875,0.0238473415374755,2.89,3.0
AUC,1,aligned,1,362,NICE,native,NICE_native,0,below_policy_threshold,11.4,0.0040624141693115,1.83,2.0
AUC,1,aligned,1,362,NICE,bounded,NICE_bounded,0,below_policy_threshold,11.4,0.0040624141693115,1.83,2.0
AUC,1,aligned,1,362,NICE,bounded+edit,NICE_bounded+edit,1,OK,15.28888888888889,0.0040624141693115,2.607777777777778,3.0
AUC,1,aligned,1,362,MCCE,native,MCCE_native,0,below_policy_threshold,15.0,0.025036334991455,2.7182439537329133,4.0
AUC,1,aligned,1,362,MCCE,bounded,MCCE_bounded,0,below_policy_threshold,15.0,0.025036334991455,2.7182439537329133,4.0
AUC,1,aligned,1,362,MCCE,bounded+edit,MCCE_bounded+edit,0,below_policy_threshold,15.0,0.025036334991455,2.7182439537329133,4.0
AUC,1,aligned,1,363,NICE,native,NICE_native,0,below_policy_threshold,11.275,0.0041389465332031,1.88,2.0
AUC,1,aligned,1,363,NICE,bounded,NICE_bounded,0,below_policy_threshold,11.275,0.0041389465332031,1.88,2.0
AUC,1,aligned,1,363,NICE,bounded+edit,NICE_bounded+edit,1,OK,15.16388888888889,0.0041389465332031,2.657777777777778,3.0
AUC,1,aligned,1,363,MCCE,native,MCCE_native,0,out_of_bounds:sum_click,15.025,0.0209937095642089,6.241859838274941,4.0
AUC,1,aligned,1,363,MCCE,bounded,MCCE_bounded,0,no_candidate,,0.0209937095642089,,
AUC,1,aligned,1,363,MCCE,bounded+edit,MCCE_bounded+edit,0,no_candidate,,0.0209937095642089,,
AUC,1,aligned,1,364,NICE,native,NICE_native,0,below_policy_threshold;immutable_changed:Test_1,11.025,0.00557541847229,1.75,2.0
AUC,1,aligned,1,364,NICE,bounded,NICE_bounded,0,below_policy_threshold;classifier_target_not_met,10.95,0.00557541847229,1.75,2.0
AUC,1,aligned,1,364,NICE,bounded+edit,NICE_bounded+edit,1,OK,15.394444444444446,0.00557541847229,2.638888888888889,3.0
AUC,1,aligned,1,364,MCCE,native,MCCE_native,0,out_of_bounds:sum_click,15.05,0.0245194435119628,2.6312557427258807,4.0
AUC,1,aligned,1,364,MCCE,bounded,MCCE_bounded,1,OK,15.1,0.0245194435119628,2.671883614088821,4.0
AUC,1,aligned,1,364,MCCE,bounded+edit,MCCE_bounded+edit,1,OK,15.1,0.0245194435119628,2.671883614088821,4.0
AUC,1,aligned,1,379,NICE,native,NICE_native,0,below_policy_threshold,14.5,0.0060369968414306,2.65,3.0
AUC,1,aligned,1,379,NICE,bounded,NICE_bounded,0,below_policy_threshold,14.5,0.0060369968414306,2.65,3.0
AUC,1,aligned,1,379,NICE,bounded+edit,NICE_bounded+edit,0,below_policy_threshold,14.5,0.0060369968414306,2.65,3.0
AUC,1,aligned,1,379,MCCE,native,MCCE_native,0,no_candidate,,0.0164391994476318,,
AUC,1,aligned,1,379,MCCE,bounded,MCCE_bounded,0,no_candidate,,0.0164391994476318,,
AUC,1,aligned,1,379,MCCE,bounded+edit,MCCE_bounded+edit,0,no_candidate,,0.0164391994476318,,
AUC,1,aligned,1,382,NICE,native,NICE_native,0,below_policy_threshold,15.0,0.0056419372558593,2.56,3.0
AUC,1,aligned,1,382,NICE,bounded,NICE_bounded,0,below_policy_threshold,15.0,0.0056419372558593,2.56,3.0
AUC,1,aligned,1,382,NICE,bounded+edit,NICE_bounded+edit,0,below_policy_threshold,15.0,0.0056419372558593,2.56,3.0
AUC,1,aligned,1,382,MCCE,native,MCCE_native,0,below_policy_threshold,14.8,0.0240309238433837,2.5523519896473634,4.0
AUC,1,aligned,1,382,MCCE,bounded,MCCE_bounded,0,below_policy_threshold,14.8,0.0240309238433837,2.5523519896473634,4.0
AUC,1,aligned,1,382,MCCE,bounded+edit,MCCE_bounded+edit,0,below_policy_threshold,14.8,0.0240309238433837,2.5523519896473634,4.0
AUC,1,aligned,1,400,NICE,native,NICE_native,0,below_policy_threshold;immutable_changed:Test_1,11.025,0.0078442096710205,1.75,2.0
AUC,1,aligned,1,400,NICE,bounded,NICE_bounded,0,below_policy_threshold;classifier_target_not_met,10.925,0.0078442096710205,1.75,2.0
AUC,1,aligned,1,400,NICE,bounded+edit,NICE_bounded+edit,1,OK,15.369444444444444,0.0078442096710205,2.638888888888889,3.0
AUC,1,aligned,1,400,MCCE,native,MCCE_native,0,out_of_bounds:sum_click,15.025,0.023571491241455,2.64503862282057,4.0
AUC,1,aligned,1,400,MCCE,bounded,MCCE_bounded,1,OK,15.025,0.023571491241455,2.7289053189141472,4.0
AUC,1,aligned,1,400,MCCE,bounded+edit,MCCE_bounded+edit,1,OK,15.025,0.023571491241455,2.7289053189141472,4.0
AUC,1,aligned,1,422,NICE,native,NICE_native,0,below_policy_threshold,15.0,0.0056371688842773,2.56,3.0
AUC,1,aligned,1,422,NICE,bounded,NICE_bounded,0,below_policy_threshold,15.0,0.0056371688842773,2.56,3.0
AUC,1,aligned,1,422,NICE,bounded+edit,NICE_bounded+edit,0,below_policy_threshold,15.0,0.0056371688842773,2.56,3.0
AUC,1,aligned,1,422,MCCE,native,MCCE_native,1,OK,15.4,0.0240890979766845,2.64,3.0
AUC,1,aligned,1,422,MCCE,bounded,MCCE_bounded,1,OK,15.4,0.0240890979766845,2.64,3.0
AUC,1,aligned,1,422,MCCE,bounded+edit,MCCE_bounded+edit,1,OK,15.4,0.0240890979766845,2.64,3.0
AUC,1,aligned,1,432,NICE,native,NICE_native,0,below_policy_threshold;immutable_changed:Test_1,11.025,0.0055408477783203,1.75,2.0
AUC,1,aligned,1,432,NICE,bounded,NICE_bounded,0,below_policy_threshold;classifier_target_not_met,10.75,0.0055408477783203,1.75,2.0
AUC,1,aligned,1,432,NICE,bounded+edit,NICE_bounded+edit,1,OK,15.194444444444445,0.0055408477783203,2.638888888888889,3.0
AUC,1,aligned,1,432,MCCE,native,MCCE_native,0,below_policy_threshold,13.25,0.02386474609375,2.625704445835942,4.0
AUC,1,aligned,1,432,MCCE,bounded,MCCE_bounded,0,below_policy_threshold,13.25,0.02386474609375,2.625704445835942,4.0
AUC,1,aligned,1,432,MCCE,bounded+edit,MCCE_bounded+edit,0,below_policy_threshold,13.25,0.02386474609375,2.625704445835942,4.0
AUC,1,aligned,1,447,NICE,native,NICE_native,0,below_policy_threshold;immutable_changed:Test_1,11.025,0.0054543018341064,1.75,2.0
AUC,1,aligned,1,447,NICE,bounded,NICE_bounded,0,below_policy_threshold;classifier_target_not_met,10.625,0.0054543018341064,1.75,2.0
AUC,1,aligned,1,447,NICE,bounded+edit,NICE_bounded+edit,1,OK,15.069444444444445,0.0054543018341064,2.638888888888889,3.0
AUC,1,aligned,1,447,MCCE,native,MCCE_native,1,OK,15.325,0.0235576629638671,2.6900000000000004,3.0
AUC,1,aligned,1,447,MCCE,bounded,MCCE_bounded,1,OK,15.325,0.0235576629638671,2.6900000000000004,3.0
AUC,1,aligned,1,447,MCCE,bounded+edit,MCCE_bounded+edit,1,OK,15.325,0.0235576629638671,2.6900000000000004,3.0
AUC,1,aligned,1,452,NICE,native,NICE_native,0,below_policy_threshold,11.0,0.0042805671691894,1.75,2.0
AUC,1,aligned,1,452,NICE,bounded,NICE_bounded,0,below_policy_threshold,11.0,0.0042805671691894,1.75,2.0
AUC,1,aligned,1,452,NICE,bounded+edit,NICE_bounded+edit,1,OK,15.444444444444445,0.0042805671691894,2.638888888888889,3.0
AUC,1,aligned,1,452,MCCE,native,MCCE_native,0,out_of_bounds:sum_click,15.15,0.0246796607971191,2.593917884481559,4.0
AUC,1,aligned,1,452,MCCE,bounded,MCCE_bounded,1,OK,15.1,0.0246796607971191,2.6442287172349808,4.0
AUC,1,aligned,1,452,MCCE,bounded+edit,MCCE_bounded+edit,1,OK,15.1,0.0246796607971191,2.6442287172349808,4.0
AUC,1,aligned,1,455,NICE,native,NICE_native,0,below_policy_threshold,14.95,0.0055594444274902,2.56,3.0
AUC,1,aligned,1,455,NICE,bounded,NICE_bounded,0,below_policy_threshold,14.95,0.0055594444274902,2.56,3.0
AUC,1,aligned,1,455,NICE,bounded+edit,NICE_bounded+edit,0,below_policy_threshold,14.95,0.0055594444274902,2.56,3.0
AUC,1,aligned,1,455,MCCE,native,MCCE_native,0,out_of_bounds:sum_click,15.2,0.0239701271057128,2.6160404711567504,4.0
AUC,1,aligned,1,455,MCCE,bounded,MCCE_bounded,1,OK,15.2,0.0239701271057128,2.7066475385080038,4.0
AUC,1,aligned,1,455,MCCE,bounded+edit,MCCE_bounded+edit,1,OK,15.2,0.0239701271057128,2.7066475385080038,4.0
AUC,1,aligned,1,460,NICE,native,NICE_native,0,immutable_changed:Test_1,15.05,0.0069453716278076,2.56,3.0
AUC,1,aligned,1,460,NICE,bounded,NICE_bounded,0,below_policy_threshold;classifier_target_not_met,14.775,0.0069453716278076,2.56,3.0
AUC,1,aligned,1,460,NICE,bounded+edit,NICE_bounded+edit,0,below_policy_threshold;classifier_target_not_met,14.775,0.0069453716278076,2.56,3.0
AUC,1,aligned,1,460,MCCE,native,MCCE_native,1,OK,15.125,0.0233325958251953,2.753131046613896,4.0
AUC,1,aligned,1,460,MCCE,bounded,MCCE_bounded,1,OK,15.125,0.0233325958251953,2.753131046613896,4.0
AUC,1,aligned,1,460,MCCE,bounded+edit,MCCE_bounded+edit,1,OK,15.125,0.0233325958251953,2.753131046613896,4.0
AUC,1,aligned,1,464,NICE,native,NICE_native,0,below_policy_threshold,15.0,0.0054502487182617,2.65,3.0
AUC,1,aligned,1,464,NICE,bounded,NICE_bounded,0,below_policy_threshold,15.0,0.0054502487182617,2.65,3.0
AUC,1,aligned,1,464,NICE,bounded+edit,NICE_bounded+edit,0,below_policy_threshold,15.0,0.0054502487182617,2.65,3.0
AUC,1,aligned,1,464,MCCE,native,MCCE_native,0,below_policy_threshold,14.85,0.0231964588165283,2.78176140193215,4.0
AUC,1,aligned,1,464,MCCE,bounded,MCCE_bounded,0,below_policy_threshold,14.85,0.0231964588165283,2.78176140193215,4.0
AUC,1,aligned,1,464,MCCE,bounded+edit,MCCE_bounded+edit,0,below_policy_threshold,14.85,0.0231964588165283,2.78176140193215,4.0
AUC,1,aligned,1,465,NICE,native,NICE_native,0,below_policy_threshold,11.025,0.0041677951812744,1.75,2.0
AUC,1,aligned,1,465,NICE,bounded,NICE_bounded,0,below_policy_threshold,11.025,0.0041677951812744,1.75,2.0
AUC,1,aligned,1,465,NICE,bounded+edit,NICE_bounded+edit,1,OK,15.469444444444443,0.0041677951812744,2.638888888888889,3.0
AUC,1,aligned,1,465,MCCE,native,MCCE_native,0,below_policy_threshold;out_of_bounds:sum_click,14.875,0.0231363773345947,2.64006465019626,4.0
AUC,1,aligned,1,465,MCCE,bounded,MCCE_bounded,0,below_policy_threshold,14.925,0.0231363773345947,2.65006465019626,4.0
AUC,1,aligned,1,465,MCCE,bounded+edit,MCCE_bounded+edit,0,below_policy_threshold,14.925,0.0231363773345947,2.65006465019626,4.0
AUC,1,aligned,1,482,NICE,native,NICE_native,0,below_policy_threshold;immutable_changed:Test_1,11.025,0.0053300857543945,1.75,2.0
AUC,1,aligned,1,482,NICE,bounded,NICE_bounded,0,below_policy_threshold;classifier_target_not_met,10.25,0.0053300857543945,1.75,2.0
AUC,1,aligned,1,482,NICE,bounded+edit,NICE_bounded+edit,1,OK,15.25,0.0053300857543945,2.75,3.0
AUC,1,aligned,1,482,MCCE,native,MCCE_native,0,below_policy_threshold,14.65,0.0231926441192626,2.981243262041384,4.0
AUC,1,aligned,1,482,MCCE,bounded,MCCE_bounded,0,below_policy_threshold,14.65,0.0231926441192626,2.981243262041384,4.0
AUC,1,aligned,1,482,MCCE,bounded+edit,MCCE_bounded+edit,0,below_policy_threshold,14.65,0.0231926441192626,2.981243262041384,4.0
AUC,1,aligned,1,491,NICE,native,NICE_native,0,below_policy_threshold,11.0,0.0040829181671142,1.75,2.0
AUC,1,aligned,1,491,NICE,bounded,NICE_bounded,0,below_policy_threshold,11.0,0.0040829181671142,1.75,2.0
AUC,1,aligned,1,491,NICE,bounded+edit,NICE_bounded+edit,1,OK,15.444444444444445,0.0040829181671142,2.638888888888889,3.0
AUC,1,aligned,1,491,MCCE,native,MCCE_native,1,OK,15.15,0.0252134799957275,2.6153122930920327,4.0
AUC,1,aligned,1,491,MCCE,bounded,MCCE_bounded,1,OK,15.15,0.0252134799957275,2.6153122930920327,4.0
AUC,1,aligned,1,491,MCCE,bounded+edit,MCCE_bounded+edit,1,OK,15.15,0.0252134799957275,2.6153122930920327,4.0
AUC,1,aligned,1,500,NICE,native,NICE_native,0,immutable_changed:Test_1,15.05,0.0069048404693603,2.56,3.0
AUC,1,aligned,1,500,NICE,bounded,NICE_bounded,0,below_policy_threshold;classifier_target_not_met,14.8,0.0069048404693603,2.56,3.0
AUC,1,aligned,1,500,NICE,bounded+edit,NICE_bounded+edit,0,below_policy_threshold;classifier_target_not_met,14.8,0.0069048404693603,2.56,3.0
AUC,1,aligned,1,500,MCCE,native,MCCE_native,0,below_policy_threshold,13.25,0.0251262187957763,2.2823519896473634,4.0
AUC,1,aligned,1,500,MCCE,bounded,MCCE_bounded,0,below_policy_threshold,13.25,0.0251262187957763,2.2823519896473634,4.0
AUC,1,aligned,1,500,MCCE,bounded+edit,MCCE_bounded+edit,0,below_policy_threshold,13.25,0.0251262187957763,2.2823519896473634,4.0
AUC,1,aligned,1,501,NICE,native,NICE_native,0,below_policy_threshold,13.15,0.0054957866668701,2.63,3.0
AUC,1,aligned,1,501,NICE,bounded,NICE_bounded,0,below_policy_threshold,13.15,0.0054957866668701,2.63,3.0
AUC,1,aligned,1,501,NICE,bounded+edit,NICE_bounded+edit,0,below_policy_threshold,13.15,0.0054957866668701,2.63,3.0
AUC,1,aligned,1,501,MCCE,native,MCCE_native,0,no_candidate,,0.0158073902130126,,
AUC,1,aligned,1,501,MCCE,bounded,MCCE_bounded,0,no_candidate,,0.0158073902130126,,
AUC,1,aligned,1,501,MCCE,bounded+edit,MCCE_bounded+edit,0,no_candidate,,0.0158073902130126,,
AUC,1,aligned,1,502,NICE,native,NICE_native,0,below_policy_threshold;immutable_changed:Test_1,11.025,0.0055809020996093,1.75,2.0
AUC,1,aligned,1,502,NICE,bounded,NICE_bounded,0,below_policy_threshold;classifier_target_not_met,10.7,0.0055809020996093,1.75,2.0
AUC,1,aligned,1,502,NICE,bounded+edit,NICE_bounded+edit,1,OK,15.144444444444446,0.0055809020996093,2.638888888888889,3.0
AUC,1,aligned,1,502,MCCE,native,MCCE_native,1,OK,15.1,0.0230443477630615,2.7449661260521454,4.0
AUC,1,aligned,1,502,MCCE,bounded,MCCE_bounded,1,OK,15.1,0.0230443477630615,2.7449661260521454,4.0
AUC,1,aligned,1,502,MCCE,bounded+edit,MCCE_bounded+edit,1,OK,15.1,0.0230443477630615,2.7449661260521454,4.0
AUC,1,aligned,1,517,NICE,native,NICE_native,1,OK,15.125,0.0055708885192871,2.65,3.0
AUC,1,aligned,1,517,NICE,bounded,NICE_bounded,1,OK,15.125,0.0055708885192871,2.65,3.0
AUC,1,aligned,1,517,NICE,bounded+edit,NICE_bounded+edit,1,OK,15.125,0.0055708885192871,2.65,3.0
AUC,1,aligned,1,517,MCCE,native,MCCE_native,0,below_policy_threshold;out_of_bounds:sum_click,14.875,0.023942232131958,2.718772682283075,4.0
AUC,1,aligned,1,517,MCCE,bounded,MCCE_bounded,0,below_policy_threshold,14.875,0.023942232131958,2.890333223358628,4.0
AUC,1,aligned,1,517,MCCE,bounded+edit,MCCE_bounded+edit,0,below_policy_threshold,14.875,0.023942232131958,2.890333223358628,4.0
AUC,1,aligned,1,527,NICE,native,NICE_native,1,OK,15.125,0.005681037902832,2.57,3.0
AUC,1,aligned,1,527,NICE,bounded,NICE_bounded,1,OK,15.125,0.005681037902832,2.57,3.0
AUC,1,aligned,1,527,NICE,bounded+edit,NICE_bounded+edit,1,OK,15.125,0.005681037902832,2.57,3.0
AUC,1,aligned,1,527,MCCE,native,MCCE_native,0,out_of_bounds:sum_click,15.125,0.0237846374511718,2.6067872470876763,4.0
AUC,1,aligned,1,527,MCCE,bounded,MCCE_bounded,1,OK,15.075,0.0237846374511718,2.731673819742489,4.0
AUC,1,aligned,1,527,MCCE,bounded+edit,MCCE_bounded+edit,1,OK,15.075,0.0237846374511718,2.731673819742489,4.0
AUC,1,aligned,1,531,NICE,native,NICE_native,0,immutable_changed:Test_1,15.05,0.0068905353546142,2.56,3.0
AUC,1,aligned,1,531,NICE,bounded,NICE_bounded,0,below_policy_threshold;classifier_target_not_met,14.85,0.0068905353546142,2.56,3.0
AUC,1,aligned,1,531,NICE,bounded+edit,NICE_bounded+edit,0,below_policy_threshold;classifier_target_not_met,14.85,0.0068905353546142,2.56,3.0
AUC,1,aligned,1,531,MCCE,native,MCCE_native,1,OK,15.05,0.0230593681335449,2.6306826898491438,4.0
AUC,1,aligned,1,531,MCCE,bounded,MCCE_bounded,1,OK,15.05,0.0230593681335449,2.6306826898491438,4.0
AUC,1,aligned,1,531,MCCE,bounded+edit,MCCE_bounded+edit,1,OK,15.05,0.0230593681335449,2.6306826898491438,4.0
AUC,1,aligned,1,535,NICE,native,NICE_native,1,OK,15.1,0.0053987503051757,2.57,3.0
AUC,1,aligned,1,535,NICE,bounded,NICE_bounded,1,OK,15.1,0.0053987503051757,2.57,3.0
AUC,1,aligned,1,535,NICE,bounded+edit,NICE_bounded+edit,1,OK,15.1,0.0053987503051757,2.57,3.0
AUC,1,aligned,1,535,MCCE,native,MCCE_native,1,OK,15.15,0.0241262912750244,2.641646851607222,4.0
AUC,1,aligned,1,535,MCCE,bounded,MCCE_bounded,1,OK,15.15,0.0241262912750244,2.641646851607222,4.0
AUC,1,aligned,1,535,MCCE,bounded+edit,MCCE_bounded+edit,1,OK,15.15,0.0241262912750244,2.641646851607222,4.0
AUC,1,aligned,1,537,NICE,native,NICE_native,1,OK,15.275,0.0054271221160888,2.6,3.0
AUC,1,aligned,1,537,NICE,bounded,NICE_bounded,1,OK,15.275,0.0054271221160888,2.6,3.0
AUC,1,aligned,1,537,NICE,bounded+edit,NICE_bounded+edit,1,OK,15.275,0.0054271221160888,2.6,3.0
AUC,1,aligned,1,537,MCCE,native,MCCE_native,1,OK,15.075,0.0240566730499267,2.6415771583956493,4.0
AUC,1,aligned,1,537,MCCE,bounded,MCCE_bounded,1,OK,15.075,0.0240566730499267,2.6415771583956493,4.0
AUC,1,aligned,1,537,MCCE,bounded+edit,MCCE_bounded+edit,1,OK,15.075,0.0240566730499267,2.6415771583956493,4.0
AUC,1,aligned,1,543,NICE,native,NICE_native,0,below_policy_threshold,11.0,0.0042924880981445,1.75,2.0
AUC,1,aligned,1,543,NICE,bounded,NICE_bounded,0,below_policy_threshold,11.0,0.0042924880981445,1.75,2.0
AUC,1,aligned,1,543,NICE,bounded+edit,NICE_bounded+edit,1,OK,15.444444444444445,0.0042924880981445,2.638888888888889,3.0
AUC,1,aligned,1,543,MCCE,native,MCCE_native,1,OK,15.1,0.0255842208862304,2.589651191353476,4.0
AUC,1,aligned,1,543,MCCE,bounded,MCCE_bounded,1,OK,15.1,0.0255842208862304,2.589651191353476,4.0
AUC,1,aligned,1,543,MCCE,bounded+edit,MCCE_bounded+edit,1,OK,15.1,0.0255842208862304,2.589651191353476,4.0
AUC,1,aligned,1,546,NICE,native,NICE_native,1,OK,15.05,0.0054481029510498,2.65,3.0
AUC,1,aligned,1,546,NICE,bounded,NICE_bounded,1,OK,15.05,0.0054481029510498,2.65,3.0
AUC,1,aligned,1,546,NICE,bounded+edit,NICE_bounded+edit,1,OK,15.05,0.0054481029510498,2.65,3.0
AUC,1,aligned,1,546,MCCE,native,MCCE_native,0,below_policy_threshold,14.9,0.0232038497924804,2.646102845210128,4.0
AUC,1,aligned,1,546,MCCE,bounded,MCCE_bounded,0,below_policy_threshold,14.9,0.0232038497924804,2.646102845210128,4.0
AUC,1,aligned,1,546,MCCE,bounded+edit,MCCE_bounded+edit,0,below_policy_threshold,14.9,0.0232038497924804,2.646102845210128,4.0
AUC,1,aligned,1,551,NICE,native,NICE_native,0,immutable_changed:Test_1,15.05,0.0070183277130126,2.56,3.0
AUC,1,aligned,1,551,NICE,bounded,NICE_bounded,0,below_policy_threshold;classifier_target_not_met,14.725,0.0070183277130126,2.56,3.0
AUC,1,aligned,1,551,NICE,bounded+edit,NICE_bounded+edit,0,below_policy_threshold;classifier_target_not_met,14.725,0.0070183277130126,2.56,3.0
AUC,1,aligned,1,551,MCCE,native,MCCE_native,0,below_policy_threshold;out_of_bounds:sum_click,14.925,0.024012804031372,2.656057303020866,4.0
AUC,1,aligned,1,551,MCCE,bounded,MCCE_bounded,0,below_policy_threshold,14.925,0.024012804031372,2.9301152289006542,4.0
AUC,1,aligned,1,551,MCCE,bounded+edit,MCCE_bounded+edit,0,below_policy_threshold,14.925,0.024012804031372,2.9301152289006542,4.0
AUC,1,aligned,1,556,NICE,native,NICE_native,1,OK,15.05,0.0056359767913818,2.56,3.0
AUC,1,aligned,1,556,NICE,bounded,NICE_bounded,1,OK,15.05,0.0056359767913818,2.56,3.0
AUC,1,aligned,1,556,NICE,bounded+edit,NICE_bounded+edit,1,OK,15.05,0.0056359767913818,2.56,3.0
AUC,1,aligned,1,556,MCCE,native,MCCE_native,1,OK,15.25,0.0249390602111816,2.6,3.0
AUC,1,aligned,1,556,MCCE,bounded,MCCE_bounded,1,OK,15.25,0.0249390602111816,2.6,3.0
AUC,1,aligned,1,556,MCCE,bounded+edit,MCCE_bounded+edit,1,OK,15.25,0.0249390602111816,2.6,3.0
AUC,1,aligned,1,575,NICE,native,NICE_native,1,OK,15.025,0.0056383609771728,2.55,3.0
AUC,1,aligned,1,575,NICE,bounded,NICE_bounded,1,OK,15.025,0.0056383609771728,2.55,3.0
AUC,1,aligned,1,575,NICE,bounded+edit,NICE_bounded+edit,1,OK,15.025,0.0056383609771728,2.55,3.0
AUC,1,aligned,1,575,MCCE,native,MCCE_native,0,below_policy_threshold;out_of_bounds:sum_click,14.875,0.0244097709655761,2.5374876129408337,4.0
AUC,1,aligned,1,575,MCCE,bounded,MCCE_bounded,1,OK,15.025,0.0244097709655761,2.6199504517633345,4.0
AUC,1,aligned,1,575,MCCE,bounded+edit,MCCE_bounded+edit,1,OK,15.025,0.0244097709655761,2.6199504517633345,4.0
AUC,1,aligned,1,577,NICE,native,NICE_native,0,below_policy_threshold;immutable_changed:Test_1,11.025,0.0054433345794677,1.75,2.0
AUC,1,aligned,1,577,NICE,bounded,NICE_bounded,0,below_policy_threshold;classifier_target_not_met,10.75,0.0054433345794677,1.75,2.0
AUC,1,aligned,1,577,NICE,bounded+edit,NICE_bounded+edit,1,OK,15.194444444444445,0.0054433345794677,2.638888888888889,3.0
AUC,1,aligned,1,577,MCCE,native,MCCE_native,0,below_policy_threshold,13.25,0.0231032371520996,2.5898808210108144,4.0
AUC,1,aligned,1,577,MCCE,bounded,MCCE_bounded,0,below_policy_threshold,13.25,0.0231032371520996,2.5898808210108144,4.0
AUC,1,aligned,1,577,MCCE,bounded+edit,MCCE_bounded+edit,0,below_policy_threshold,13.25,0.0231032371520996,2.5898808210108144,4.0
AUC,1,aligned,1,592,NICE,native,NICE_native,0,below_policy_threshold;immutable_changed:Test_1,11.025,0.0057291984558105,1.75,2.0
AUC,1,aligned,1,592,NICE,bounded,NICE_bounded,0,below_policy_threshold;classifier_target_not_met,8.75,0.0057291984558105,1.75,2.0
AUC,1,aligned,1,592,NICE,bounded+edit,NICE_bounded+edit,0,below_policy_threshold;classifier_target_not_met,8.75,0.0057291984558105,1.75,2.0
AUC,1,aligned,1,592,MCCE,native,MCCE_native,0,no_candidate,,0.0159018039703369,,
AUC,1,aligned,1,592,MCCE,bounded,MCCE_bounded,0,no_candidate,,0.0159018039703369,,
AUC,1,aligned,1,592,MCCE,bounded+edit,MCCE_bounded+edit,0,no_candidate,,0.0159018039703369,,
AUC,1,aligned,1,596,NICE,native,NICE_native,0,below_policy_threshold,11.0,0.0044391155242919,1.75,2.0
AUC,1,aligned,1,596,NICE,bounded,NICE_bounded,0,below_policy_threshold,11.0,0.0044391155242919,1.75,2.0
AUC,1,aligned,1,596,NICE,bounded+edit,NICE_bounded+edit,1,OK,15.444444444444445,0.0044391155242919,2.638888888888889,3.0
AUC,1,aligned,1,596,MCCE,native,MCCE_native,1,OK,15.15,0.0251796245574951,2.5979734891035724,4.0
AUC,1,aligned,1,596,MCCE,bounded,MCCE_bounded,1,OK,15.15,0.0251796245574951,2.5979734891035724,4.0
AUC,1,aligned,1,596,MCCE,bounded+edit,MCCE_bounded+edit,1,OK,15.15,0.0251796245574951,2.5979734891035724,4.0
AUC,1,aligned,1,604,NICE,native,NICE_native,1,OK,15.1,0.0055189132690429,2.65,3.0
AUC,1,aligned,1,604,NICE,bounded,NICE_bounded,1,OK,15.1,0.0055189132690429,2.65,3.0
AUC,1,aligned,1,604,NICE,bounded+edit,NICE_bounded+edit,1,OK,15.1,0.0055189132690429,2.65,3.0
AUC,1,aligned,1,604,MCCE,native,MCCE_native,0,below_policy_threshold,14.95,0.023144245147705,2.6306638229805386,4.0
AUC,1,aligned,1,604,MCCE,bounded,MCCE_bounded,0,below_policy_threshold,14.95,0.023144245147705,2.6306638229805386,4.0
AUC,1,aligned,1,604,MCCE,bounded+edit,MCCE_bounded+edit,0,below_policy_threshold,14.95,0.023144245147705,2.6306638229805386,4.0
AUC,1,aligned,1,607,NICE,native,NICE_native,0,below_policy_threshold;immutable_changed:Test_1,11.025,0.0057644844055175,1.75,2.0
AUC,1,aligned,1,607,NICE,bounded,NICE_bounded,0,below_policy_threshold;classifier_target_not_met,8.75,0.0057644844055175,1.75,2.0
AUC,1,aligned,1,607,NICE,bounded+edit,NICE_bounded+edit,0,below_policy_threshold;classifier_target_not_met,8.75,0.0057644844055175,1.75,2.0
AUC,1,aligned,1,607,MCCE,native,MCCE_native,0,no_candidate,,0.0225489139556884,,
AUC,1,aligned,1,607,MCCE,bounded,MCCE_bounded,0,no_candidate,,0.0225489139556884,,
AUC,1,aligned,1,607,MCCE,bounded+edit,MCCE_bounded+edit,0,no_candidate,,0.0225489139556884,,
AUC,1,aligned,1,609,NICE,native,NICE_native,0,below_policy_threshold;immutable_changed:Test_1,11.025,0.0061426162719726,1.75,2.0
AUC,1,aligned,1,609,NICE,bounded,NICE_bounded,0,below_policy_threshold;classifier_target_not_met,10.0,0.0061426162719726,1.75,2.0
AUC,1,aligned,1,609,NICE,bounded+edit,NICE_bounded+edit,0,below_policy_threshold;classifier_target_not_met,10.0,0.0061426162719726,1.75,2.0
AUC,1,aligned,1,609,MCCE,native,MCCE_native,0,no_candidate,,0.0162642002105712,,
AUC,1,aligned,1,609,MCCE,bounded,MCCE_bounded,0,no_candidate,,0.0162642002105712,,
AUC,1,aligned,1,609,MCCE,bounded+edit,MCCE_bounded+edit,0,no_candidate,,0.0162642002105712,,
AUC,1,aligned,1,620,NICE,native,NICE_native,0,below_policy_threshold,11.4,0.0042047500610351,1.83,2.0
AUC,1,aligned,1,620,NICE,bounded,NICE_bounded,0,below_policy_threshold,11.4,0.0042047500610351,1.83,2.0
AUC,1,aligned,1,620,NICE,bounded+edit,NICE_bounded+edit,1,OK,15.28888888888889,0.0042047500610351,2.607777777777778,3.0
AUC,1,aligned,1,620,MCCE,native,MCCE_native,0,below_policy_threshold;out_of_bounds:sum_click,15.0,0.022066593170166,4.093408360128622,4.0
AUC,1,aligned,1,620,MCCE,bounded,MCCE_bounded,0,no_candidate,,0.022066593170166,,
AUC,1,aligned,1,620,MCCE,bounded+edit,MCCE_bounded+edit,0,no_candidate,,0.022066593170166,,
AUC,1,aligned,1,625,NICE,native,NICE_native,0,below_policy_threshold;immutable_changed:Test_1,11.025,0.0055181980133056,1.75,2.0
AUC,1,aligned,1,625,NICE,bounded,NICE_bounded,0,below_policy_threshold;classifier_target_not_met,10.5,0.0055181980133056,1.75,2.0
AUC,1,aligned,1,625,NICE,bounded+edit,NICE_bounded+edit,1,OK,15.5,0.0055181980133056,2.75,3.0
AUC,1,aligned,1,625,MCCE,native,MCCE_native,0,below_policy_threshold,14.85,0.0229847431182861,2.8694467913900623,4.0
AUC,1,aligned,1,625,MCCE,bounded,MCCE_bounded,0,below_policy_threshold,14.85,0.0229847431182861,2.8694467913900623,4.0
AUC,1,aligned,1,625,MCCE,bounded+edit,MCCE_bounded+edit,0,below_policy_threshold,14.85,0.0229847431182861,2.8694467913900623,4.0
AUC,1,aligned,1,644,NICE,native,NICE_native,1,OK,15.25,0.0055627822875976,2.6,3.0
AUC,1,aligned,1,644,NICE,bounded,NICE_bounded,1,OK,15.25,0.0055627822875976,2.6,3.0
AUC,1,aligned,1,644,NICE,bounded+edit,NICE_bounded+edit,1,OK,15.25,0.0055627822875976,2.6,3.0
AUC,1,aligned,1,644,MCCE,native,MCCE_native,0,out_of_bounds:sum_click,15.05,0.0244557857513427,2.6239488409272584,4.0
AUC,1,aligned,1,644,MCCE,bounded,MCCE_bounded,0,below_policy_threshold,15.0,0.0244557857513427,2.917705835331735,4.0
AUC,1,aligned,1,644,MCCE,bounded+edit,MCCE_bounded+edit,0,below_policy_threshold,15.0,0.0244557857513427,2.917705835331735,4.0
AUC,1,aligned,1,650,NICE,native,NICE_native,0,below_policy_threshold,14.65,0.0056800842285156,2.63,3.0
AUC,1,aligned,1,650,NICE,bounded,NICE_bounded,0,below_policy_threshold,14.65,0.0056800842285156,2.63,3.0
AUC,1,aligned,1,650,NICE,bounded+edit,NICE_bounded+edit,0,below_policy_threshold,14.65,0.0056800842285156,2.63,3.0
AUC,1,aligned,1,650,MCCE,native,MCCE_native,0,below_policy_threshold;out_of_bounds:sum_click,14.65,0.020237922668457,3.862156273478589,4.0
AUC,1,aligned,1,650,MCCE,bounded,MCCE_bounded,0,no_candidate,,0.020237922668457,,
AUC,1,aligned,1,650,MCCE,bounded+edit,MCCE_bounded+edit,0,no_candidate,,0.020237922668457,,
AUC,1,aligned,1,654,NICE,native,NICE_native,0,below_policy_threshold,11.0,0.0042376518249511,1.75,2.0
AUC,1,aligned,1,654,NICE,bounded,NICE_bounded,0,below_policy_threshold,11.0,0.0042376518249511,1.75,2.0
AUC,1,aligned,1,654,NICE,bounded+edit,NICE_bounded+edit,1,OK,15.444444444444445,0.0042376518249511,2.638888888888889,3.0
AUC,1,aligned,1,654,MCCE,native,MCCE_native,1,OK,15.65,0.0244312286376953,2.68,3.0
AUC,1,aligned,1,654,MCCE,bounded,MCCE_bounded,1,OK,15.65,0.0244312286376953,2.68,3.0
AUC,1,aligned,1,654,MCCE,bounded+edit,MCCE_bounded+edit,1,OK,15.65,0.0244312286376953,2.68,3.0
AUC,1,aligned,1,656,NICE,native,NICE_native,0,below_policy_threshold;immutable_changed:Test_1,11.025,0.0055336952209472,1.75,2.0
AUC,1,aligned,1,656,NICE,bounded,NICE_bounded,0,below_policy_threshold;classifier_target_not_met,10.0,0.0055336952209472,1.75,2.0
AUC,1,aligned,1,656,NICE,bounded+edit,NICE_bounded+edit,0,below_policy_threshold;classifier_target_not_met,10.0,0.0055336952209472,1.75,2.0
AUC,1,aligned,1,656,MCCE,native,MCCE_native,0,no_candidate,,0.0164930820465087,,
AUC,1,aligned,1,656,MCCE,bounded,MCCE_bounded,0,no_candidate,,0.0164930820465087,,
AUC,1,aligned,1,656,MCCE,bounded+edit,MCCE_bounded+edit,0,no_candidate,,0.0164930820465087,,
AUC,1,aligned,1,657,NICE,native,NICE_native,0,below_policy_threshold;immutable_changed:Test_1,11.025,0.0056431293487548,1.75,2.0
AUC,1,aligned,1,657,NICE,bounded,NICE_bounded,0,below_policy_threshold;classifier_target_not_met,8.75,0.0056431293487548,1.75,2.0
AUC,1,aligned,1,657,NICE,bounded+edit,NICE_bounded+edit,0,below_policy_threshold;classifier_target_not_met,8.75,0.0056431293487548,1.75,2.0
AUC,1,aligned,1,657,MCCE,native,MCCE_native,0,no_candidate,,0.0163142681121826,,
AUC,1,aligned,1,657,MCCE,bounded,MCCE_bounded,0,no_candidate,,0.0163142681121826,,
AUC,1,aligned,1,657,MCCE,bounded+edit,MCCE_bounded+edit,0,no_candidate,,0.0163142681121826,,
AUC,1,aligned,1,663,NICE,native,NICE_native,0,below_policy_threshold;immutable_changed:Test_1,11.025,0.0055561065673828,1.75,2.0
AUC,1,aligned,1,663,NICE,bounded,NICE_bounded,0,below_policy_threshold;classifier_target_not_met,10.7,0.0055561065673828,1.75,2.0
AUC,1,aligned,1,663,NICE,bounded+edit,NICE_bounded+edit,1,OK,15.144444444444446,0.0055561065673828,2.638888888888889,3.0
AUC,1,aligned,1,663,MCCE,native,MCCE_native,1,OK,15.1,0.0232152938842773,2.8420270517272894,4.0
AUC,1,aligned,1,663,MCCE,bounded,MCCE_bounded,1,OK,15.1,0.0232152938842773,2.8420270517272894,4.0
AUC,1,aligned,1,663,MCCE,bounded+edit,MCCE_bounded+edit,1,OK,15.1,0.0232152938842773,2.8420270517272894,4.0
AUC,1,aligned,1,664,NICE,native,NICE_native,0,below_policy_threshold,11.025,0.0041940212249755,1.75,2.0
AUC,1,aligned,1,664,NICE,bounded,NICE_bounded,0,below_policy_threshold,11.025,0.0041940212249755,1.75,2.0
AUC,1,aligned,1,664,NICE,bounded+edit,NICE_bounded+edit,1,OK,15.469444444444443,0.0041940212249755,2.638888888888889,3.0
AUC,1,aligned,1,664,MCCE,native,MCCE_native,0,below_policy_threshold;out_of_bounds:sum_click,14.875,0.0243773460388183,2.595371314564398,4.0
AUC,1,aligned,1,664,MCCE,bounded,MCCE_bounded,0,below_policy_threshold,14.925,0.0243773460388183,2.685176235867879,4.0
AUC,1,aligned,1,664,MCCE,bounded+edit,MCCE_bounded+edit,0,below_policy_threshold,14.925,0.0243773460388183,2.685176235867879,4.0
AUC,1,aligned,2,0,NICE,native,NICE_native,0,below_policy_threshold;immutable_changed:Test_2,11.4,0.0041556358337402,0.93,1.0
AUC,1,aligned,2,0,NICE,bounded,NICE_bounded,0,below_policy_threshold;classifier_target_not_met,10.9,0.0041556358337402,0.93,1.0
AUC,1,aligned,2,0,NICE,bounded+edit,NICE_bounded+edit,1,OK,15.344444444444443,0.0041556358337402,1.818888888888889,2.0
AUC,1,aligned,2,0,MCCE,native,MCCE_native,0,out_of_bounds:sum_click,15.35,0.0380225181579589,4.417402597402607,3.0
AUC,1,aligned,2,0,MCCE,bounded,MCCE_bounded,0,no_candidate,,0.0380225181579589,,
AUC,1,aligned,2,0,MCCE,bounded+edit,MCCE_bounded+edit,0,no_candidate,,0.0380225181579589,,
AUC,1,aligned,2,11,NICE,native,NICE_native,0,immutable_changed:Test_2,15.125,0.0057132244110107,1.66,2.0
AUC,1,aligned,2,11,NICE,bounded,NICE_bounded,0,below_policy_threshold;classifier_target_not_met,14.625,0.0057132244110107,1.66,2.0
AUC,1,aligned,2,11,NICE,bounded+edit,NICE_bounded+edit,0,below_policy_threshold;classifier_target_not_met,14.625,0.0057132244110107,1.66,2.0
AUC,1,aligned,2,11,MCCE,native,MCCE_native,0,below_policy_threshold;out_of_bounds:sum_click,14.925,0.0203785896301269,1.8077467878408024,3.0
AUC,1,aligned,2,11,MCCE,bounded,MCCE_bounded,1,OK,15.175,0.0203785896301269,1.9266906925728613,3.0
AUC,1,aligned,2,11,MCCE,bounded+edit,MCCE_bounded+edit,1,OK,15.175,0.0203785896301269,1.9266906925728613,3.0
AUC,1,aligned,2,13,NICE,native,NICE_native,0,below_policy_threshold,14.925,0.0042536258697509,1.66,2.0
AUC,1,aligned,2,13,NICE,bounded,NICE_bounded,0,below_policy_threshold,14.925,0.0042536258697509,1.66,2.0
AUC,1,aligned,2,13,NICE,bounded+edit,NICE_bounded+edit,0,below_policy_threshold,14.925,0.0042536258697509,1.66,2.0
AUC,1,aligned,2,13,MCCE,native,MCCE_native,1,OK,15.375,0.0203895568847656,1.75,2.0
AUC,1,aligned,2,13,MCCE,bounded,MCCE_bounded,1,OK,15.375,0.0203895568847656,1.75,2.0
AUC,1,aligned,2,13,MCCE,bounded+edit,MCCE_bounded+edit,1,OK,15.375,0.0203895568847656,1.75,2.0
AUC,1,aligned,2,17,NICE,native,NICE_native,0,below_policy_threshold;immutable_changed:Test_1,14.7,0.0056064128875732,1.7400000000000002,2.0
AUC,1,aligned,2,17,NICE,bounded,NICE_bounded,0,below_policy_threshold;classifier_target_not_met,14.45,0.0056064128875732,1.7400000000000002,2.0
AUC,1,aligned,2,17,NICE,bounded+edit,NICE_bounded+edit,0,below_policy_threshold;classifier_target_not_met,14.45,0.0056064128875732,1.7400000000000002,2.0
AUC,1,aligned,2,17,MCCE,native,MCCE_native,0,no_candidate,,0.0146005153656005,,
AUC,1,aligned,2,17,MCCE,bounded,MCCE_bounded,0,no_candidate,,0.0146005153656005,,
AUC,1,aligned,2,17,MCCE,bounded+edit,MCCE_bounded+edit,0,no_candidate,,0.0146005153656005,,
AUC,1,aligned,2,23,NICE,native,NICE_native,0,below_policy_threshold,14.9,0.0042181015014648,1.73,2.0
AUC,1,aligned,2,23,NICE,bounded,NICE_bounded,0,below_policy_threshold,14.9,0.0042181015014648,1.73,2.0
AUC,1,aligned,2,23,NICE,bounded+edit,NICE_bounded+edit,0,below_policy_threshold,14.9,0.0042181015014648,1.73,2.0
AUC,1,aligned,2,23,MCCE,native,MCCE_native,0,below_policy_threshold;out_of_bounds:sum_click,14.9,0.019805908203125,1.7689863547758284,3.0
AUC,1,aligned,2,23,MCCE,bounded,MCCE_bounded,0,below_policy_threshold,14.9,0.019805908203125,2.041890838206628,3.0
AUC,1,aligned,2,23,MCCE,bounded+edit,MCCE_bounded+edit,0,below_policy_threshold,14.9,0.019805908203125,2.041890838206628,3.0
AUC,1,aligned,2,34,NICE,native,NICE_native,0,below_policy_threshold;immutable_changed:Test_2,11.125,0.0041162967681884,0.85,1.0
AUC,1,aligned,2,34,NICE,bounded,NICE_bounded,0,below_policy_threshold;classifier_target_not_met,6.625,0.0041162967681884,0.85,1.0
AUC,1,aligned,2,34,NICE,bounded+edit,NICE_bounded+edit,0,below_policy_threshold;classifier_target_not_met,6.625,0.0041162967681884,0.85,1.0
AUC,1,aligned,2,34,MCCE,native,MCCE_native,0,no_candidate,,0.0136992931365966,,
AUC,1,aligned,2,34,MCCE,bounded,MCCE_bounded,0,no_candidate,,0.0136992931365966,,
AUC,1,aligned,2,34,MCCE,bounded+edit,MCCE_bounded+edit,0,no_candidate,,0.0136992931365966,,
AUC,1,aligned,2,41,NICE,native,NICE_native,0,immutable_changed:Test_1;immutable_changed:Test_2,15.05,0.00706148147583,1.66,2.0
AUC,1,aligned,2,41,NICE,bounded,NICE_bounded,0,below_policy_threshold;classifier_target_not_met,10.3,0.00706148147583,1.66,2.0
AUC,1,aligned,2,41,NICE,bounded+edit,NICE_bounded+edit,0,below_policy_threshold;classifier_target_not_met,10.3,0.00706148147583,1.66,2.0
AUC,1,aligned,2,41,MCCE,native,MCCE_native,0,no_candidate,,0.0135219097137451,,
AUC,1,aligned,2,41,MCCE,bounded,MCCE_bounded,0,no_candidate,,0.0135219097137451,,
AUC,1,aligned,2,41,MCCE,bounded+edit,MCCE_bounded+edit,0,no_candidate,,0.0135219097137451,,
AUC,1,aligned,2,45,NICE,native,NICE_native,0,immutable_changed:Test_1;immutable_changed:Test_2,15.05,0.0068693161010742,1.66,2.0
AUC,1,aligned,2,45,NICE,bounded,NICE_bounded,0,below_policy_threshold;classifier_target_not_met,14.575,0.0068693161010742,1.66,2.0
AUC,1,aligned,2,45,NICE,bounded+edit,NICE_bounded+edit,0,below_policy_threshold;classifier_target_not_met,14.575,0.0068693161010742,1.66,2.0
AUC,1,aligned,2,45,MCCE,native,MCCE_native,1,OK,15.125,0.0205106735229492,1.8111205345669492,3.0
AUC,1,aligned,2,45,MCCE,bounded,MCCE_bounded,1,OK,15.125,0.0205106735229492,1.8111205345669492,3.0
AUC,1,aligned,2,45,MCCE,bounded+edit,MCCE_bounded+edit,1,OK,15.125,0.0205106735229492,1.8111205345669492,3.0
AUC,1,aligned,2,47,NICE,native,NICE_native,1,OK,15.275,0.004359483718872,1.88,2.0
AUC,1,aligned,2,47,NICE,bounded,NICE_bounded,1,OK,15.275,0.004359483718872,1.88,2.0
AUC,1,aligned,2,47,NICE,bounded+edit,NICE_bounded+edit,1,OK,15.275,0.004359483718872,1.88,2.0
AUC,1,aligned,2,47,MCCE,native,MCCE_native,0,out_of_bounds:sum_click,15.125,0.0186128616333007,4.798207171314752,3.0
AUC,1,aligned,2,47,MCCE,bounded,MCCE_bounded,0,no_candidate,,0.0186128616333007,,
AUC,1,aligned,2,47,MCCE,bounded+edit,MCCE_bounded+edit,0,no_candidate,,0.0186128616333007,,
AUC,1,aligned,2,49,NICE,native,NICE_native,0,below_policy_threshold;immutable_changed:Test_1;immutable_changed:Test_2,11.025,0.0055377483367919,0.85,1.0
AUC,1,aligned,2,49,NICE,bounded,NICE_bounded,0,below_policy_threshold;classifier_target_not_met,10.5,0.0055377483367919,0.85,1.0
AUC,1,aligned,2,49,NICE,bounded+edit,NICE_bounded+edit,1,OK,15.5,0.0055377483367919,1.85,2.0
AUC,1,aligned,2,49,MCCE,native,MCCE_native,0,out_of_bounds:sum_click,15.25,0.0204110145568847,1.825151959756864,3.0
AUC,1,aligned,2,49,MCCE,bounded,MCCE_bounded,0,below_policy_threshold,15.0,0.0204110145568847,1.988943617690212,3.0
AUC,1,aligned,2,49,MCCE,bounded+edit,MCCE_bounded+edit,0,below_policy_threshold,15.0,0.0204110145568847,1.988943617690212,3.0
AUC,1,aligned,2,56,NICE,native,NICE_native,0,below_policy_threshold;immutable_changed:Test_2,15.0,0.0054786205291748,1.8,2.0
AUC,1,aligned,2,56,NICE,bounded,NICE_bounded,0,below_policy_threshold;classifier_target_not_met,14.5,0.0054786205291748,1.8,2.0
AUC,1,aligned,2,56,NICE,bounded+edit,NICE_bounded+edit,0,below_policy_threshold;classifier_target_not_met,14.5,0.0054786205291748,1.8,2.0
AUC,1,aligned,2,56,MCCE,native,MCCE_native,0,no_candidate,,0.0289278030395507,,
AUC,1,aligned,2,56,MCCE,bounded,MCCE_bounded,0,no_candidate,,0.0289278030395507,,
AUC,1,aligned,2,56,MCCE,bounded+edit,MCCE_bounded+edit,0,no_candidate,,0.0289278030395507,,
AUC,1,aligned,2,57,NICE,native,NICE_native,0,immutable_changed:Test_1;immutable_changed:Test_2,15.05,0.0070681571960449,1.66,2.0
AUC,1,aligned,2,57,NICE,bounded,NICE_bounded,0,below_policy_threshold;classifier_target_not_met,14.3,0.0070681571960449,1.66,2.0
AUC,1,aligned,2,57,NICE,bounded+edit,NICE_bounded+edit,0,below_policy_threshold;classifier_target_not_met,14.3,0.0070681571960449,1.66,2.0
AUC,1,aligned,2,57,MCCE,native,MCCE_native,0,no_candidate,,0.014829397201538,,
AUC,1,aligned,2,57,MCCE,bounded,MCCE_bounded,0,no_candidate,,0.014829397201538,,
AUC,1,aligned,2,57,MCCE,bounded+edit,MCCE_bounded+edit,0,no_candidate,,0.014829397201538,,
AUC,1,aligned,2,59,NICE,native,NICE_native,0,below_policy_threshold;immutable_changed:Test_1;immutable_changed:Test_2,11.025,0.0057895183563232,0.85,1.0
AUC,1,aligned,2,59,NICE,bounded,NICE_bounded,0,below_policy_threshold;classifier_target_not_met,5.625,0.0057895183563232,0.85,1.0
AUC,1,aligned,2,59,NICE,bounded+edit,NICE_bounded+edit,0,below_policy_threshold;classifier_target_not_met,5.625,0.0057895183563232,0.85,1.0
AUC,1,aligned,2,59,MCCE,native,MCCE_native,0,no_candidate,,0.0142362117767333,,
AUC,1,aligned,2,59,MCCE,bounded,MCCE_bounded,0,no_candidate,,0.0142362117767333,,
AUC,1,aligned,2,59,MCCE,bounded+edit,MCCE_bounded+edit,0,no_candidate,,0.0142362117767333,,
AUC,1,aligned,2,60,NICE,native,NICE_native,0,below_policy_threshold,14.725,0.0041449069976806,1.73,2.0
AUC,1,aligned,2,60,NICE,bounded,NICE_bounded,0,below_policy_threshold,14.725,0.0041449069976806,1.73,2.0
AUC,1,aligned,2,60,NICE,bounded+edit,NICE_bounded+edit,0,below_policy_threshold,14.725,0.0041449069976806,1.73,2.0
AUC,1,aligned,2,60,MCCE,native,MCCE_native,0,below_policy_threshold;out_of_bounds:sum_click,14.725,0.0200376510620117,1.750611473720371,3.0
AUC,1,aligned,2,60,MCCE,bounded,MCCE_bounded,0,below_policy_threshold,14.725,0.0200376510620117,1.7780934386808658,3.0
AUC,1,aligned,2,60,MCCE,bounded+edit,MCCE_bounded+edit,0,below_policy_threshold,14.725,0.0200376510620117,1.7780934386808658,3.0
AUC,1,aligned,2,66,NICE,native,NICE_native,0,below_policy_threshold;immutable_changed:Test_2,11.25,0.0042510032653808,0.85,1.0
AUC,1,aligned,2,66,NICE,bounded,NICE_bounded,0,below_policy_threshold;classifier_target_not_met,6.75,0.0042510032653808,0.85,1.0
AUC,1,aligned,2,66,NICE,bounded+edit,NICE_bounded+edit,0,below_policy_threshold;classifier_target_not_met,6.75,0.0042510032653808,0.85,1.0
AUC,1,aligned,2,66,MCCE,native,MCCE_native,0,no_candidate,,0.0135290622711181,,
AUC,1,aligned,2,66,MCCE,bounded,MCCE_bounded,0,no_candidate,,0.0135290622711181,,
AUC,1,aligned,2,66,MCCE,bounded+edit,MCCE_bounded+edit,0,no_candidate,,0.0135290622711181,,
AUC,1,aligned,2,81,NICE,native,NICE_native,0,below_policy_threshold;immutable_changed:Test_2,11.025,0.0042304992675781,0.85,1.0
AUC,1,aligned,2,81,NICE,bounded,NICE_bounded,0,below_policy_threshold;classifier_target_not_met,10.025,0.0042304992675781,0.85,1.0
AUC,1,aligned,2,81,NICE,bounded+edit,NICE_bounded+edit,1,OK,15.025,0.0042304992675781,1.85,2.0
AUC,1,aligned,2,81,MCCE,native,MCCE_native,0,below_policy_threshold,14.775,0.0203518867492675,1.920636081155182,3.0
AUC,1,aligned,2,81,MCCE,bounded,MCCE_bounded,0,below_policy_threshold,14.775,0.0203518867492675,1.920636081155182,3.0
AUC,1,aligned,2,81,MCCE,bounded+edit,MCCE_bounded+edit,0,below_policy_threshold,14.775,0.0203518867492675,1.920636081155182,3.0
AUC,1,aligned,2,82,NICE,native,NICE_native,0,immutable_changed:Test_2,15.275,0.005476951599121,1.6800000000000002,2.0
AUC,1,aligned,2,82,NICE,bounded,NICE_bounded,0,below_policy_threshold;classifier_target_not_met,14.925,0.005476951599121,1.6800000000000002,2.0
AUC,1,aligned,2,82,NICE,bounded+edit,NICE_bounded+edit,0,below_policy_threshold;classifier_target_not_met,14.925,0.005476951599121,1.6800000000000002,2.0
AUC,1,aligned,2,82,MCCE,native,MCCE_native,0,out_of_bounds:sum_click,15.375,0.0210118293762207,1.8103632694248235,3.0
AUC,1,aligned,2,82,MCCE,bounded,MCCE_bounded,1,OK,15.375,0.0210118293762207,2.35526740665994,3.0
AUC,1,aligned,2,82,MCCE,bounded+edit,MCCE_bounded+edit,1,OK,15.375,0.0210118293762207,2.35526740665994,3.0
AUC,1,aligned,2,101,NICE,native,NICE_native,0,immutable_changed:Test_1;immutable_changed:Test_2,15.15,0.0067837238311767,1.7400000000000002,2.0
AUC,1,aligned,2,101,NICE,bounded,NICE_bounded,0,below_policy_threshold;classifier_target_not_met,13.95,0.0067837238311767,1.7400000000000002,2.0
AUC,1,aligned,2,101,NICE,bounded+edit,NICE_bounded+edit,0,below_policy_threshold;classifier_target_not_met,13.95,0.0067837238311767,1.7400000000000002,2.0
AUC,1,aligned,2,101,MCCE,native,MCCE_native,0,no_candidate,,0.0148394107818603,,
AUC,1,aligned,2,101,MCCE,bounded,MCCE_bounded,0,no_candidate,,0.0148394107818603,,
AUC,1,aligned,2,101,MCCE,bounded+edit,MCCE_bounded+edit,0,no_candidate,,0.0148394107818603,,
AUC,1,aligned,2,104,NICE,native,NICE_native,0,below_policy_threshold;immutable_changed:Test_2,11.0,0.0042431354522705,0.85,1.0
AUC,1,aligned,2,104,NICE,bounded,NICE_bounded,0,below_policy_threshold;classifier_target_not_met,6.5,0.0042431354522705,0.85,1.0
AUC,1,aligned,2,104,NICE,bounded+edit,NICE_bounded+edit,0,below_policy_threshold;classifier_target_not_met,6.5,0.0042431354522705,0.85,1.0
AUC,1,aligned,2,104,MCCE,native,MCCE_native,0,no_candidate,,0.0136008262634277,,
AUC,1,aligned,2,104,MCCE,bounded,MCCE_bounded,0,no_candidate,,0.0136008262634277,,
AUC,1,aligned,2,104,MCCE,bounded+edit,MCCE_bounded+edit,0,no_candidate,,0.0136008262634277,,
AUC,1,aligned,2,107,NICE,native,NICE_native,0,below_policy_threshold;immutable_changed:Test_1;immutable_changed:Test_2,11.025,0.0054173469543457,0.85,1.0
AUC,1,aligned,2,107,NICE,bounded,NICE_bounded,0,below_policy_threshold;classifier_target_not_met,10.725,0.0054173469543457,0.85,1.0
AUC,1,aligned,2,107,NICE,bounded+edit,NICE_bounded+edit,1,OK,15.169444444444444,0.0054173469543457,1.738888888888889,2.0
AUC,1,aligned,2,107,MCCE,native,MCCE_native,0,out_of_bounds:sum_click,15.125,0.0209879875183105,1.7561380962753212,3.0
AUC,1,aligned,2,107,MCCE,bounded,MCCE_bounded,1,OK,15.125,0.0209879875183105,1.7779198431714225,3.0
AUC,1,aligned,2,107,MCCE,bounded+edit,MCCE_bounded+edit,1,OK,15.125,0.0209879875183105,1.7779198431714225,3.0
AUC,1,aligned,2,111,NICE,native,NICE_native,0,immutable_changed:Test_2,15.15,0.0055470466613769,1.67,2.0
AUC,1,aligned,2,111,NICE,bounded,NICE_bounded,0,below_policy_threshold;classifier_target_not_met,14.95,0.0055470466613769,1.67,2.0
AUC,1,aligned,2,111,NICE,bounded+edit,NICE_bounded+edit,0,below_policy_threshold;classifier_target_not_met,14.95,0.0055470466613769,1.67,2.0
AUC,1,aligned,2,111,MCCE,native,MCCE_native,0,out_of_bounds:sum_click,15.45,0.0201210975646972,1.8418132854578095,3.0
AUC,1,aligned,2,111,MCCE,bounded,MCCE_bounded,1,OK,15.45,0.0201210975646972,1.8418132854578095,3.0
AUC,1,aligned,2,111,MCCE,bounded+edit,MCCE_bounded+edit,1,OK,15.45,0.0201210975646972,1.8418132854578095,3.0
AUC,1,aligned,2,119,NICE,native,NICE_native,0,immutable_changed:Test_2,15.1,0.0053803920745849,1.66,2.0
AUC,1,aligned,2,119,NICE,bounded,NICE_bounded,0,below_policy_threshold;classifier_target_not_met,14.9,0.0053803920745849,1.66,2.0
AUC,1,aligned,2,119,NICE,bounded+edit,NICE_bounded+edit,0,below_policy_threshold;classifier_target_not_met,14.9,0.0053803920745849,1.66,2.0
AUC,1,aligned,2,119,MCCE,native,MCCE_native,1,OK,15.35,0.0199871063232421,1.785810205908684,3.0
AUC,1,aligned,2,119,MCCE,bounded,MCCE_bounded,1,OK,15.35,0.0199871063232421,1.785810205908684,3.0
AUC,1,aligned,2,119,MCCE,bounded+edit,MCCE_bounded+edit,1,OK,15.35,0.0199871063232421,1.785810205908684,3.0
AUC,1,aligned,2,121,NICE,native,NICE_native,0,below_policy_threshold;immutable_changed:Test_2,11.225,0.004051923751831,0.85,1.0
AUC,1,aligned,2,121,NICE,bounded,NICE_bounded,0,below_policy_threshold;classifier_target_not_met,10.625,0.004051923751831,0.85,1.0
AUC,1,aligned,2,121,NICE,bounded+edit,NICE_bounded+edit,1,OK,15.069444444444445,0.004051923751831,1.738888888888889,2.0
AUC,1,aligned,2,121,MCCE,native,MCCE_native,1,OK,15.225,0.0204396247863769,1.8005265835665225,3.0
AUC,1,aligned,2,121,MCCE,bounded,MCCE_bounded,1,OK,15.225,0.0204396247863769,1.8005265835665225,3.0
AUC,1,aligned,2,121,MCCE,bounded+edit,MCCE_bounded+edit,1,OK,15.225,0.0204396247863769,1.8005265835665225,3.0
AUC,1,aligned,2,132,NICE,native,NICE_native,1,OK,15.15,0.0040822029113769,1.7800000000000002,2.0
AUC,1,aligned,2,132,NICE,bounded,NICE_bounded,1,OK,15.15,0.0040822029113769,1.7800000000000002,2.0
AUC,1,aligned,2,132,NICE,bounded+edit,NICE_bounded+edit,1,OK,15.15,0.0040822029113769,1.7800000000000002,2.0
AUC,1,aligned,2,132,MCCE,native,MCCE_native,0,below_policy_threshold;out_of_bounds:sum_click,15.0,0.0175645351409912,2.1027106466361856,3.0
AUC,1,aligned,2,132,MCCE,bounded,MCCE_bounded,0,no_candidate,,0.0175645351409912,,
AUC,1,aligned,2,132,MCCE,bounded+edit,MCCE_bounded+edit,0,no_candidate,,0.0175645351409912,,
AUC,1,aligned,2,139,NICE,native,NICE_native,1,OK,15.2,0.004134178161621,1.73,2.0
AUC,1,aligned,2,139,NICE,bounded,NICE_bounded,1,OK,15.2,0.004134178161621,1.73,2.0
AUC,1,aligned,2,139,NICE,bounded+edit,NICE_bounded+edit,1,OK,15.2,0.004134178161621,1.73,2.0
AUC,1,aligned,2,139,MCCE,native,MCCE_native,1,OK,15.3,0.0202410221099853,1.9288375558867363,3.0
AUC,1,aligned,2,139,MCCE,bounded,MCCE_bounded,1,OK,15.3,0.0202410221099853,1.9288375558867363,3.0
AUC,1,aligned,2,139,MCCE,bounded+edit,MCCE_bounded+edit,1,OK,15.3,0.0202410221099853,1.9288375558867363,3.0
AUC,1,aligned,2,148,NICE,native,NICE_native,0,below_policy_threshold,14.8,0.0041556358337402,1.81,2.0
AUC,1,aligned,2,148,NICE,bounded,NICE_bounded,0,below_policy_threshold,14.8,0.0041556358337402,1.81,2.0
AUC,1,aligned,2,148,NICE,bounded+edit,NICE_bounded+edit,0,below_policy_threshold,14.8,0.0041556358337402,1.81,2.0
AUC,1,aligned,2,148,MCCE,native,MCCE_native,0,no_candidate,,0.0139021873474121,,
AUC,1,aligned,2,148,MCCE,bounded,MCCE_bounded,0,no_candidate,,0.0139021873474121,,
AUC,1,aligned,2,148,MCCE,bounded+edit,MCCE_bounded+edit,0,no_candidate,,0.0139021873474121,,
AUC,1,aligned,2,159,NICE,native,NICE_native,0,below_policy_threshold;immutable_changed:Test_2,14.625,0.0055708885192871,1.73,2.0
AUC,1,aligned,2,159,NICE,bounded,NICE_bounded,0,below_policy_threshold;classifier_target_not_met,14.025,0.0055708885192871,1.73,2.0
AUC,1,aligned,2,159,NICE,bounded+edit,NICE_bounded+edit,0,below_policy_threshold;classifier_target_not_met,14.025,0.0055708885192871,1.73,2.0
AUC,1,aligned,2,159,MCCE,native,MCCE_native,0,no_candidate,,0.0135455131530761,,
AUC,1,aligned,2,159,MCCE,bounded,MCCE_bounded,0,no_candidate,,0.0135455131530761,,
AUC,1,aligned,2,159,MCCE,bounded+edit,MCCE_bounded+edit,0,no_candidate,,0.0135455131530761,,
AUC,1,aligned,2,172,NICE,native,NICE_native,0,below_policy_threshold;immutable_changed:Test_2,11.0,0.0042417049407958,0.85,1.0
AUC,1,aligned,2,172,NICE,bounded,NICE_bounded,0,below_policy_threshold;classifier_target_not_met,6.5,0.0042417049407958,0.85,1.0
AUC,1,aligned,2,172,NICE,bounded+edit,NICE_bounded+edit,0,below_policy_threshold;classifier_target_not_met,6.5,0.0042417049407958,0.85,1.0
AUC,1,aligned,2,172,MCCE,native,MCCE_native,0,no_candidate,,0.0134329795837402,,
AUC,1,aligned,2,172,MCCE,bounded,MCCE_bounded,0,no_candidate,,0.0134329795837402,,
AUC,1,aligned,2,172,MCCE,bounded+edit,MCCE_bounded+edit,0,no_candidate,,0.0134329795837402,,
AUC,1,aligned,2,233,NICE,native,NICE_native,0,below_policy_threshold;immutable_changed:Test_1;immutable_changed:Test_2,11.025,0.0054957866668701,0.85,1.0
AUC,1,aligned,2,233,NICE,bounded,NICE_bounded,0,below_policy_threshold;classifier_target_not_met,9.125,0.0054957866668701,0.85,1.0
AUC,1,aligned,2,233,NICE,bounded+edit,NICE_bounded+edit,0,below_policy_threshold;classifier_target_not_met,9.125,0.0054957866668701,0.85,1.0
AUC,1,aligned,2,233,MCCE,native,MCCE_native,0,no_candidate,,0.0149397850036621,,
AUC,1,aligned,2,233,MCCE,bounded,MCCE_bounded,0,no_candidate,,0.0149397850036621,,
AUC,1,aligned,2,233,MCCE,bounded+edit,MCCE_bounded+edit,0,no_candidate,,0.0149397850036621,,
AUC,1,aligned,2,236,NICE,native,NICE_native,0,immutable_changed:Test_1;immutable_changed:Test_2,15.05,0.0069999694824218,1.66,2.0
AUC,1,aligned,2,236,NICE,bounded,NICE_bounded,0,below_policy_threshold;classifier_target_not_met,14.3,0.0069999694824218,1.66,2.0
AUC,1,aligned,2,236,NICE,bounded+edit,NICE_bounded+edit,0,below_policy_threshold;classifier_target_not_met,14.3,0.0069999694824218,1.66,2.0
AUC,1,aligned,2,236,MCCE,native,MCCE_native,0,no_candidate,,0.0146770477294921,,
AUC,1,aligned,2,236,MCCE,bounded,MCCE_bounded,0,no_candidate,,0.0146770477294921,,
AUC,1,aligned,2,236,MCCE,bounded+edit,MCCE_bounded+edit,0,no_candidate,,0.0146770477294921,,
AUC,1,aligned,2,247,NICE,native,NICE_native,0,immutable_changed:Test_1;immutable_changed:Test_2,15.05,0.0070154666900634,1.66,2.0
AUC,1,aligned,2,247,NICE,bounded,NICE_bounded,0,below_policy_threshold;classifier_target_not_met,13.85,0.0070154666900634,1.66,2.0
AUC,1,aligned,2,247,NICE,bounded+edit,NICE_bounded+edit,0,below_policy_threshold;classifier_target_not_met,13.85,0.0070154666900634,1.66,2.0
AUC,1,aligned,2,247,MCCE,native,MCCE_native,0,no_candidate,,0.0147230625152587,,
AUC,1,aligned,2,247,MCCE,bounded,MCCE_bounded,0,no_candidate,,0.0147230625152587,,
AUC,1,aligned,2,247,MCCE,bounded+edit,MCCE_bounded+edit,0,no_candidate,,0.0147230625152587,,
AUC,1,aligned,2,257,NICE,native,NICE_native,0,below_policy_threshold,15.0,0.0043280124664306,1.67,2.0
AUC,1,aligned,2,257,NICE,bounded,NICE_bounded,0,below_policy_threshold,15.0,0.0043280124664306,1.67,2.0
AUC,1,aligned,2,257,NICE,bounded+edit,NICE_bounded+edit,0,below_policy_threshold,15.0,0.0043280124664306,1.67,2.0
AUC,1,aligned,2,257,MCCE,native,MCCE_native,1,OK,15.55,0.0244495868682861,1.7800000000000002,2.0
AUC,1,aligned,2,257,MCCE,bounded,MCCE_bounded,1,OK,15.55,0.0244495868682861,1.7800000000000002,2.0
AUC,1,aligned,2,257,MCCE,bounded+edit,MCCE_bounded+edit,1,OK,15.55,0.0244495868682861,1.7800000000000002,2.0
AUC,1,aligned,2,285,NICE,native,NICE_native,0,below_policy_threshold;immutable_changed:Test_2,14.5,0.0055615901947021,1.73,2.0
AUC,1,aligned,2,285,NICE,bounded,NICE_bounded,0,below_policy_threshold;classifier_target_not_met,12.4,0.0055615901947021,1.73,2.0
AUC,1,aligned,2,285,NICE,bounded+edit,NICE_bounded+edit,0,below_policy_threshold;classifier_target_not_met,12.4,0.0055615901947021,1.73,2.0
AUC,1,aligned,2,285,MCCE,native,MCCE_native,0,no_candidate,,0.0140118598937988,,
AUC,1,aligned,2,285,MCCE,bounded,MCCE_bounded,0,no_candidate,,0.0140118598937988,,
AUC,1,aligned,2,285,MCCE,bounded+edit,MCCE_bounded+edit,0,no_candidate,,0.0140118598937988,,
AUC,1,aligned,2,286,NICE,native,NICE_native,1,OK,15.125,0.0042705535888671,1.7000000000000002,2.0
AUC,1,aligned,2,286,NICE,bounded,NICE_bounded,1,OK,15.125,0.0042705535888671,1.7000000000000002,2.0
AUC,1,aligned,2,286,NICE,bounded+edit,NICE_bounded+edit,1,OK,15.125,0.0042705535888671,1.7000000000000002,2.0
AUC,1,aligned,2,286,MCCE,native,MCCE_native,1,OK,15.125,0.0185470581054687,1.7000000000000002,2.0
AUC,1,aligned,2,286,MCCE,bounded,MCCE_bounded,1,OK,15.125,0.0185470581054687,1.7000000000000002,2.0
AUC,1,aligned,2,286,MCCE,bounded+edit,MCCE_bounded+edit,1,OK,15.125,0.0185470581054687,1.7000000000000002,2.0
AUC,1,aligned,2,293,NICE,native,NICE_native,0,below_policy_threshold;immutable_changed:Test_2,11.0,0.0042433738708496,0.85,1.0
AUC,1,aligned,2,293,NICE,bounded,NICE_bounded,0,below_policy_threshold;classifier_target_not_met,10.9,0.0042433738708496,0.85,1.0
AUC,1,aligned,2,293,NICE,bounded+edit,NICE_bounded+edit,1,OK,15.344444444444443,0.0042433738708496,1.738888888888889,2.0
AUC,1,aligned,2,293,MCCE,native,MCCE_native,1,OK,16.45,0.0206472873687744,1.96,2.0
AUC,1,aligned,2,293,MCCE,bounded,MCCE_bounded,1,OK,16.45,0.0206472873687744,1.96,2.0
AUC,1,aligned,2,293,MCCE,bounded+edit,MCCE_bounded+edit,1,OK,16.45,0.0206472873687744,1.96,2.0
AUC,1,aligned,2,299,NICE,native,NICE_native,0,below_policy_threshold;immutable_changed:Test_1;immutable_changed:Test_2,11.025,0.0056104660034179,0.85,1.0
AUC,1,aligned,2,299,NICE,bounded,NICE_bounded,0,below_policy_threshold;classifier_target_not_met,10.7,0.0056104660034179,0.85,1.0
AUC,1,aligned,2,299,NICE,bounded+edit,NICE_bounded+edit,1,OK,15.144444444444444,0.0056104660034179,1.738888888888889,2.0
AUC,1,aligned,2,299,MCCE,native,MCCE_native,1,OK,15.1,0.0203514099121093,1.7390682384946723,3.0
AUC,1,aligned,2,299,MCCE,bounded,MCCE_bounded,1,OK,15.1,0.0203514099121093,1.7390682384946723,3.0
AUC,1,aligned,2,299,MCCE,bounded+edit,MCCE_bounded+edit,1,OK,15.1,0.0203514099121093,1.7390682384946723,3.0
AUC,1,aligned,2,304,NICE,native,NICE_native,0,immutable_changed:Test_2,15.1,0.0054876804351806,1.7800000000000002,2.0
AUC,1,aligned,2,304,NICE,bounded,NICE_bounded,0,below_policy_threshold;classifier_target_not_met,14.75,0.0054876804351806,1.7800000000000002,2.0
AUC,1,aligned,2,304,NICE,bounded+edit,NICE_bounded+edit,0,below_policy_threshold;classifier_target_not_met,14.75,0.0054876804351806,1.7800000000000002,2.0
AUC,1,aligned,2,304,MCCE,native,MCCE_native,0,out_of_bounds:sum_click,15.1,0.0174231529235839,2.2926559356136824,3.0
AUC,1,aligned,2,304,MCCE,bounded,MCCE_bounded,0,no_candidate,,0.0174231529235839,,
AUC,1,aligned,2,304,MCCE,bounded+edit,MCCE_bounded+edit,0,no_candidate,,0.0174231529235839,,
AUC,1,aligned,2,306,NICE,native,NICE_native,0,below_policy_threshold;immutable_changed:Test_2,11.05,0.0041220188140869,0.85,1.0
AUC,1,aligned,2,306,NICE,bounded,NICE_bounded,0,below_policy_threshold;classifier_target_not_met,10.55,0.0041220188140869,0.85,1.0
AUC,1,aligned,2,306,NICE,bounded+edit,NICE_bounded+edit,1,OK,15.55,0.0041220188140869,1.85,2.0
AUC,1,aligned,2,306,MCCE,native,MCCE_native,0,out_of_bounds:sum_click,15.15,0.020296573638916,1.8501603206412829,3.0
AUC,1,aligned,2,306,MCCE,bounded,MCCE_bounded,1,OK,15.15,0.020296573638916,1.9214139389890892,3.0
AUC,1,aligned,2,306,MCCE,bounded+edit,MCCE_bounded+edit,1,OK,15.15,0.020296573638916,1.9214139389890892,3.0
AUC,1,aligned,2,307,NICE,native,NICE_native,0,below_policy_threshold;immutable_changed:Test_1;immutable_changed:Test_2,11.025,0.0055968761444091,0.85,1.0
AUC,1,aligned,2,307,NICE,bounded,NICE_bounded,0,below_policy_threshold;classifier_target_not_met,9.875,0.0055968761444091,0.85,1.0
AUC,1,aligned,2,307,NICE,bounded+edit,NICE_bounded+edit,0,below_policy_threshold;classifier_target_not_met,9.875,0.0055968761444091,0.85,1.0
AUC,1,aligned,2,307,MCCE,native,MCCE_native,0,no_candidate,,0.014911413192749,,
AUC,1,aligned,2,307,MCCE,bounded,MCCE_bounded,0,no_candidate,,0.014911413192749,,
AUC,1,aligned,2,307,MCCE,bounded+edit,MCCE_bounded+edit,0,no_candidate,,0.014911413192749,,
AUC,1,aligned,2,311,NICE,native,NICE_native,0,immutable_changed:Test_2,15.15,0.0056931972503662,1.7800000000000002,2.0
AUC,1,aligned,2,311,NICE,bounded,NICE_bounded,0,below_policy_threshold;classifier_target_not_met,14.4,0.0056931972503662,1.7800000000000002,2.0
AUC,1,aligned,2,311,NICE,bounded+edit,NICE_bounded+edit,0,below_policy_threshold;classifier_target_not_met,14.4,0.0056931972503662,1.7800000000000002,2.0
AUC,1,aligned,2,311,MCCE,native,MCCE_native,0,no_candidate,,0.0140771865844726,,
AUC,1,aligned,2,311,MCCE,bounded,MCCE_bounded,0,no_candidate,,0.0140771865844726,,
AUC,1,aligned,2,311,MCCE,bounded+edit,MCCE_bounded+edit,0,no_candidate,,0.0140771865844726,,
AUC,1,aligned,2,323,NICE,native,NICE_native,0,immutable_changed:Test_2,15.125,0.0054097175598144,1.73,2.0
AUC,1,aligned,2,323,NICE,bounded,NICE_bounded,0,below_policy_threshold;classifier_target_not_met,13.775,0.0054097175598144,1.73,2.0
AUC,1,aligned,2,323,NICE,bounded+edit,NICE_bounded+edit,0,below_policy_threshold;classifier_target_not_met,13.775,0.0054097175598144,1.73,2.0
AUC,1,aligned,2,323,MCCE,native,MCCE_native,0,no_candidate,,0.013918399810791,,
AUC,1,aligned,2,323,MCCE,bounded,MCCE_bounded,0,no_candidate,,0.013918399810791,,
AUC,1,aligned,2,323,MCCE,bounded+edit,MCCE_bounded+edit,0,no_candidate,,0.013918399810791,,
AUC,1,aligned,2,328,NICE,native,NICE_native,0,immutable_changed:Test_2,15.1,0.0054852962493896,1.66,2.0
AUC,1,aligned,2,328,NICE,bounded,NICE_bounded,0,below_policy_threshold;classifier_target_not_met,14.95,0.0054852962493896,1.66,2.0
AUC,1,aligned,2,328,NICE,bounded+edit,NICE_bounded+edit,0,below_policy_threshold;classifier_target_not_met,14.95,0.0054852962493896,1.66,2.0
AUC,1,aligned,2,328,MCCE,native,MCCE_native,1,OK,15.4,0.020301342010498,1.771674342996478,3.0
AUC,1,aligned,2,328,MCCE,bounded,MCCE_bounded,1,OK,15.4,0.020301342010498,1.771674342996478,3.0
AUC,1,aligned,2,328,MCCE,bounded+edit,MCCE_bounded+edit,1,OK,15.4,0.020301342010498,1.771674342996478,3.0
AUC,1,aligned,2,339,NICE,native,NICE_native,0,below_policy_threshold;immutable_changed:Test_1;immutable_changed:Test_2,11.025,0.0055494308471679,0.85,1.0
AUC,1,aligned,2,339,NICE,bounded,NICE_bounded,0,below_policy_threshold;classifier_target_not_met,10.125,0.0055494308471679,0.85,1.0
AUC,1,aligned,2,339,NICE,bounded+edit,NICE_bounded+edit,0,classifier_target_not_met,15.125,0.0055494308471679,1.85,2.0
AUC,1,aligned,2,339,MCCE,native,MCCE_native,1,OK,15.275,0.0200428962707519,2.428345823432645,3.0
AUC,1,aligned,2,339,MCCE,bounded,MCCE_bounded,1,OK,15.275,0.0200428962707519,2.428345823432645,3.0
AUC,1,aligned,2,339,MCCE,bounded+edit,MCCE_bounded+edit,1,OK,15.275,0.0200428962707519,2.428345823432645,3.0
AUC,1,aligned,2,347,NICE,native,NICE_native,0,immutable_changed:Test_1,15.05,0.0054957866668701,1.67,2.0
AUC,1,aligned,2,347,NICE,bounded,NICE_bounded,0,below_policy_threshold;classifier_target_not_met,14.8,0.0054957866668701,1.67,2.0
AUC,1,aligned,2,347,NICE,bounded+edit,NICE_bounded+edit,0,below_policy_threshold;classifier_target_not_met,14.8,0.0054957866668701,1.67,2.0
AUC,1,aligned,2,347,MCCE,native,MCCE_native,0,out_of_bounds:sum_click,15.45,0.0213754177093505,1.8160578081091927,3.0
AUC,1,aligned,2,347,MCCE,bounded,MCCE_bounded,1,OK,15.45,0.0213754177093505,2.153271778402248,3.0
AUC,1,aligned,2,347,MCCE,bounded+edit,MCCE_bounded+edit,1,OK,15.45,0.0213754177093505,2.153271778402248,3.0
AUC,1,aligned,2,352,NICE,native,NICE_native,0,below_policy_threshold,14.65,0.0040888786315917,1.88,2.0
AUC,1,aligned,2,352,NICE,bounded,NICE_bounded,0,below_policy_threshold,14.65,0.0040888786315917,1.88,2.0
AUC,1,aligned,2,352,NICE,bounded+edit,NICE_bounded+edit,0,below_policy_threshold,14.65,0.0040888786315917,1.88,2.0
AUC,1,aligned,2,352,MCCE,native,MCCE_native,0,no_candidate,,0.0143511295318603,,
AUC,1,aligned,2,352,MCCE,bounded,MCCE_bounded,0,no_candidate,,0.0143511295318603,,
AUC,1,aligned,2,352,MCCE,bounded+edit,MCCE_bounded+edit,0,no_candidate,,0.0143511295318603,,
AUC,1,aligned,2,354,NICE,native,NICE_native,0,below_policy_threshold,14.775,0.0041136741638183,1.73,2.0
AUC,1,aligned,2,354,NICE,bounded,NICE_bounded,0,below_policy_threshold,14.775,0.0041136741638183,1.73,2.0
AUC,1,aligned,2,354,NICE,bounded+edit,NICE_bounded+edit,0,below_policy_threshold,14.775,0.0041136741638183,1.73,2.0
AUC,1,aligned,2,354,MCCE,native,MCCE_native,0,below_policy_threshold,14.775,0.0199263095855712,1.7511939244083363,3.0
AUC,1,aligned,2,354,MCCE,bounded,MCCE_bounded,0,below_policy_threshold,14.775,0.0199263095855712,1.7511939244083363,3.0
AUC,1,aligned,2,354,MCCE,bounded+edit,MCCE_bounded+edit,0,below_policy_threshold,14.775,0.0199263095855712,1.7511939244083363,3.0
AUC,1,aligned,2,359,NICE,native,NICE_native,0,immutable_changed:Test_1;immutable_changed:Test_2,15.05,0.0068526268005371,1.66,2.0
AUC,1,aligned,2,359,NICE,bounded,NICE_bounded,0,below_policy_threshold;classifier_target_not_met,14.6375,0.0068526268005371,1.66,2.0
AUC,1,aligned,2,359,NICE,bounded+edit,NICE_bounded+edit,0,below_policy_threshold;classifier_target_not_met,14.6375,0.0068526268005371,1.66,2.0
AUC,1,aligned,2,359,MCCE,native,MCCE_native,1,OK,15.1875,0.0215592384338378,1.8692309600595387,3.0
AUC,1,aligned,2,359,MCCE,bounded,MCCE_bounded,1,OK,15.1875,0.0215592384338378,1.8692309600595387,3.0
AUC,1,aligned,2,359,MCCE,bounded+edit,MCCE_bounded+edit,1,OK,15.1875,0.0215592384338378,1.8692309600595387,3.0
AUC,1,aligned,2,360,NICE,native,NICE_native,0,below_policy_threshold;immutable_changed:Test_2,14.975,0.005584716796875,1.65,2.0
AUC,1,aligned,2,360,NICE,bounded,NICE_bounded,0,below_policy_threshold;classifier_target_not_met,10.475,0.005584716796875,1.65,2.0
AUC,1,aligned,2,360,NICE,bounded+edit,NICE_bounded+edit,0,below_policy_threshold;classifier_target_not_met,10.475,0.005584716796875,1.65,2.0
AUC,1,aligned,2,360,MCCE,native,MCCE_native,0,no_candidate,,0.0140190124511718,,
AUC,1,aligned,2,360,MCCE,bounded,MCCE_bounded,0,no_candidate,,0.0140190124511718,,
AUC,1,aligned,2,360,MCCE,bounded+edit,MCCE_bounded+edit,0,no_candidate,,0.0140190124511718,,
AUC,1,aligned,2,361,NICE,native,NICE_native,0,immutable_changed:Test_2,15.175,0.005495548248291,1.67,2.0
AUC,1,aligned,2,361,NICE,bounded,NICE_bounded,0,below_policy_threshold;classifier_target_not_met,14.975,0.005495548248291,1.67,2.0
AUC,1,aligned,2,361,NICE,bounded+edit,NICE_bounded+edit,0,below_policy_threshold;classifier_target_not_met,14.975,0.005495548248291,1.67,2.0
AUC,1,aligned,2,361,MCCE,native,MCCE_native,1,OK,15.475,0.0219907760620117,1.9215869256276648,3.0
AUC,1,aligned,2,361,MCCE,bounded,MCCE_bounded,1,OK,15.475,0.0219907760620117,1.9215869256276648,3.0
AUC,1,aligned,2,361,MCCE,bounded+edit,MCCE_bounded+edit,1,OK,15.475,0.0219907760620117,1.9215869256276648,3.0
AUC,1,aligned,2,363,NICE,native,NICE_native,0,below_policy_threshold,11.075,0.0028059482574462,0.93,1.0
AUC,1,aligned,2,363,NICE,bounded,NICE_bounded,0,below_policy_threshold,11.075,0.0028059482574462,0.93,1.0
AUC,1,aligned,2,363,NICE,bounded+edit,NICE_bounded+edit,1,OK,15.519444444444444,0.0028059482574462,1.818888888888889,2.0
AUC,1,aligned,2,363,MCCE,native,MCCE_native,0,out_of_bounds:sum_click,15.025,0.0180020332336425,5.277951482479793,3.0
AUC,1,aligned,2,363,MCCE,bounded,MCCE_bounded,0,no_candidate,,0.0180020332336425,,
AUC,1,aligned,2,363,MCCE,bounded+edit,MCCE_bounded+edit,0,no_candidate,,0.0180020332336425,,
AUC,1,aligned,2,379,NICE,native,NICE_native,0,below_policy_threshold;immutable_changed:Test_2,14.5,0.0054433345794677,1.73,2.0
AUC,1,aligned,2,379,NICE,bounded,NICE_bounded,0,below_policy_threshold;classifier_target_not_met,11.4,0.0054433345794677,1.73,2.0
AUC,1,aligned,2,379,NICE,bounded+edit,NICE_bounded+edit,0,below_policy_threshold;classifier_target_not_met,11.4,0.0054433345794677,1.73,2.0
AUC,1,aligned,2,379,MCCE,native,MCCE_native,0,no_candidate,,0.0137505531311035,,
AUC,1,aligned,2,379,MCCE,bounded,MCCE_bounded,0,no_candidate,,0.0137505531311035,,
AUC,1,aligned,2,379,MCCE,bounded+edit,MCCE_bounded+edit,0,no_candidate,,0.0137505531311035,,
AUC,1,aligned,2,382,NICE,native,NICE_native,0,below_policy_threshold;immutable_changed:Test_2,15.0,0.0054717063903808,1.66,2.0
AUC,1,aligned,2,382,NICE,bounded,NICE_bounded,0,below_policy_threshold;classifier_target_not_met,12.4,0.0054717063903808,1.66,2.0
AUC,1,aligned,2,382,NICE,bounded+edit,NICE_bounded+edit,0,below_policy_threshold;classifier_target_not_met,12.4,0.0054717063903808,1.66,2.0
AUC,1,aligned,2,382,MCCE,native,MCCE_native,0,below_policy_threshold,13.65,0.01963472366333,2.6411549660304114,3.0
AUC,1,aligned,2,382,MCCE,bounded,MCCE_bounded,0,below_policy_threshold,13.65,0.01963472366333,2.6411549660304114,3.0
AUC,1,aligned,2,382,MCCE,bounded+edit,MCCE_bounded+edit,0,below_policy_threshold,13.65,0.01963472366333,2.6411549660304114,3.0
AUC,1,aligned,2,400,NICE,native,NICE_native,0,below_policy_threshold;immutable_changed:Test_1;immutable_changed:Test_2,11.025,0.0054185390472412,0.85,1.0
AUC,1,aligned,2,400,NICE,bounded,NICE_bounded,0,below_policy_threshold;classifier_target_not_met,10.775,0.0054185390472412,0.85,1.0
AUC,1,aligned,2,400,NICE,bounded+edit,NICE_bounded+edit,1,OK,15.219444444444443,0.0054185390472412,1.738888888888889,2.0
AUC,1,aligned,2,400,MCCE,native,MCCE_native,1,OK,15.225,0.0205674171447753,1.7753122930920326,3.0
AUC,1,aligned,2,400,MCCE,bounded,MCCE_bounded,1,OK,15.225,0.0205674171447753,1.7753122930920326,3.0
AUC,1,aligned,2,400,MCCE,bounded+edit,MCCE_bounded+edit,1,OK,15.225,0.0205674171447753,1.7753122930920326,3.0
AUC,1,aligned,2,432,NICE,native,NICE_native,0,below_policy_threshold;immutable_changed:Test_1;immutable_changed:Test_2,11.025,0.0053589344024658,0.85,1.0
AUC,1,aligned,2,432,NICE,bounded,NICE_bounded,0,below_policy_threshold;classifier_target_not_met,10.25,0.0053589344024658,0.85,1.0
AUC,1,aligned,2,432,NICE,bounded+edit,NICE_bounded+edit,1,OK,15.25,0.0053589344024658,1.85,2.0
AUC,1,aligned,2,432,MCCE,native,MCCE_native,0,no_candidate,,0.0142748355865478,,
AUC,1,aligned,2,432,MCCE,bounded,MCCE_bounded,0,no_candidate,,0.0142748355865478,,
AUC,1,aligned,2,432,MCCE,bounded+edit,MCCE_bounded+edit,0,no_candidate,,0.0142748355865478,,
AUC,1,aligned,2,447,NICE,native,NICE_native,0,below_policy_threshold;immutable_changed:Test_1;immutable_changed:Test_2,11.025,0.0054028034210205,0.85,1.0
AUC,1,aligned,2,447,NICE,bounded,NICE_bounded,0,below_policy_threshold;classifier_target_not_met,10.125,0.0054028034210205,0.85,1.0
AUC,1,aligned,2,447,NICE,bounded+edit,NICE_bounded+edit,1,OK,15.125,0.0054028034210205,1.85,2.0
AUC,1,aligned,2,447,MCCE,native,MCCE_native,0,below_policy_threshold,14.875,0.0199713706970214,2.156912491937218,3.0
AUC,1,aligned,2,447,MCCE,bounded,MCCE_bounded,0,below_policy_threshold,14.875,0.0199713706970214,2.156912491937218,3.0
AUC,1,aligned,2,447,MCCE,bounded+edit,MCCE_bounded+edit,0,below_policy_threshold,14.875,0.0199713706970214,2.156912491937218,3.0
AUC,1,aligned,2,452,NICE,native,NICE_native,0,below_policy_threshold;immutable_changed:Test_2,11.0,0.0041406154632568,0.85,1.0
AUC,1,aligned,2,452,NICE,bounded,NICE_bounded,0,below_policy_threshold;classifier_target_not_met,10.85,0.0041406154632568,0.85,1.0
AUC,1,aligned,2,452,NICE,bounded+edit,NICE_bounded+edit,1,OK,15.294444444444444,0.0041406154632568,1.738888888888889,2.0
AUC,1,aligned,2,452,MCCE,native,MCCE_native,0,out_of_bounds:sum_click,15.15,0.020054817199707,1.723917884481559,3.0
AUC,1,aligned,2,452,MCCE,bounded,MCCE_bounded,1,OK,15.15,0.020054817199707,1.737835768963118,3.0
AUC,1,aligned,2,452,MCCE,bounded+edit,MCCE_bounded+edit,1,OK,15.15,0.020054817199707,1.737835768963118,3.0
AUC,1,aligned,2,455,NICE,native,NICE_native,0,below_policy_threshold;immutable_changed:Test_2,14.95,0.0054938793182373,1.66,2.0
AUC,1,aligned,2,455,NICE,bounded,NICE_bounded,0,below_policy_threshold;classifier_target_not_met,14.75,0.0054938793182373,1.66,2.0
AUC,1,aligned,2,455,NICE,bounded+edit,NICE_bounded+edit,0,below_policy_threshold;classifier_target_not_met,14.75,0.0054938793182373,1.66,2.0
AUC,1,aligned,2,455,MCCE,native,MCCE_native,1,OK,15.15,0.0203008651733398,1.9393355481727577,3.0
AUC,1,aligned,2,455,MCCE,bounded,MCCE_bounded,1,OK,15.15,0.0203008651733398,1.9393355481727577,3.0
AUC,1,aligned,2,455,MCCE,bounded+edit,MCCE_bounded+edit,1,OK,15.15,0.0203008651733398,1.9393355481727577,3.0
AUC,1,aligned,2,460,NICE,native,NICE_native,0,immutable_changed:Test_1;immutable_changed:Test_2,15.05,0.0067927837371826,1.66,2.0
AUC,1,aligned,2,460,NICE,bounded,NICE_bounded,0,below_policy_threshold;classifier_target_not_met,14.575,0.0067927837371826,1.66,2.0
AUC,1,aligned,2,460,NICE,bounded+edit,NICE_bounded+edit,0,below_policy_threshold;classifier_target_not_met,14.575,0.0067927837371826,1.66,2.0
AUC,1,aligned,2,460,MCCE,native,MCCE_native,1,OK,15.025,0.0199761390686035,1.7558633831720902,3.0
AUC,1,aligned,2,460,MCCE,bounded,MCCE_bounded,1,OK,15.025,0.0199761390686035,1.7558633831720902,3.0
AUC,1,aligned,2,460,MCCE,bounded+edit,MCCE_bounded+edit,1,OK,15.025,0.0199761390686035,1.7558633831720902,3.0
AUC,1,aligned,2,464,NICE,native,NICE_native,0,below_policy_threshold;immutable_changed:Test_2,15.0,0.0054240226745605,1.73,2.0
AUC,1,aligned,2,464,NICE,bounded,NICE_bounded,0,below_policy_threshold;classifier_target_not_met,14.65,0.0054240226745605,1.73,2.0
AUC,1,aligned,2,464,NICE,bounded+edit,NICE_bounded+edit,0,below_policy_threshold;classifier_target_not_met,14.65,0.0054240226745605,1.73,2.0
AUC,1,aligned,2,464,MCCE,native,MCCE_native,0,no_candidate,,0.013779878616333,,
AUC,1,aligned,2,464,MCCE,bounded,MCCE_bounded,0,no_candidate,,0.013779878616333,,
AUC,1,aligned,2,464,MCCE,bounded+edit,MCCE_bounded+edit,0,no_candidate,,0.013779878616333,,
AUC,1,aligned,2,473,NICE,native,NICE_native,0,below_policy_threshold;immutable_changed:Test_2,11.2,0.0040080547332763,0.85,1.0
AUC,1,aligned,2,473,NICE,bounded,NICE_bounded,0,below_policy_threshold;classifier_target_not_met,10.75,0.0040080547332763,0.85,1.0
AUC,1,aligned,2,473,NICE,bounded+edit,NICE_bounded+edit,1,OK,15.194444444444445,0.0040080547332763,1.738888888888889,2.0
AUC,1,aligned,2,473,MCCE,native,MCCE_native,0,out_of_bounds:sum_click,15.35,0.0198469161987304,1.8080469245402664,3.0
AUC,1,aligned,2,473,MCCE,bounded,MCCE_bounded,1,OK,15.35,0.0198469161987304,1.833411540900444,3.0
AUC,1,aligned,2,473,MCCE,bounded+edit,MCCE_bounded+edit,1,OK,15.35,0.0198469161987304,1.833411540900444,3.0
AUC,1,aligned,2,482,NICE,native,NICE_native,0,below_policy_threshold;immutable_changed:Test_1;immutable_changed:Test_2,11.025,0.0055809020996093,0.85,1.0
AUC,1,aligned,2,482,NICE,bounded,NICE_bounded,0,below_policy_threshold;classifier_target_not_met,5.75,0.0055809020996093,0.85,1.0
AUC,1,aligned,2,482,NICE,bounded+edit,NICE_bounded+edit,0,below_policy_threshold;classifier_target_not_met,5.75,0.0055809020996093,0.85,1.0
AUC,1,aligned,2,482,MCCE,native,MCCE_native,0,no_candidate,,0.0138063430786132,,
AUC,1,aligned,2,482,MCCE,bounded,MCCE_bounded,0,no_candidate,,0.0138063430786132,,
AUC,1,aligned,2,482,MCCE,bounded+edit,MCCE_bounded+edit,0,no_candidate,,0.0138063430786132,,
AUC,1,aligned,2,500,NICE,native,NICE_native,0,immutable_changed:Test_1;immutable_changed:Test_2,15.05,0.0068123340606689,1.66,2.0
AUC,1,aligned,2,500,NICE,bounded,NICE_bounded,0,below_policy_threshold;classifier_target_not_met,14.05,0.0068123340606689,1.66,2.0
AUC,1,aligned,2,500,NICE,bounded+edit,NICE_bounded+edit,0,below_policy_threshold;classifier_target_not_met,14.05,0.0068123340606689,1.66,2.0
AUC,1,aligned,2,500,MCCE,native,MCCE_native,0,no_candidate,,0.0135307312011718,,
AUC,1,aligned,2,500,MCCE,bounded,MCCE_bounded,0,no_candidate,,0.0135307312011718,,
AUC,1,aligned,2,500,MCCE,bounded+edit,MCCE_bounded+edit,0,no_candidate,,0.0135307312011718,,
AUC,1,aligned,2,501,NICE,native,NICE_native,0,below_policy_threshold;immutable_changed:Test_2,13.15,0.0053837299346923,1.7800000000000002,2.0
AUC,1,aligned,2,501,NICE,bounded,NICE_bounded,0,below_policy_threshold;classifier_target_not_met,8.9,0.0053837299346923,1.7800000000000002,2.0
AUC,1,aligned,2,501,NICE,bounded+edit,NICE_bounded+edit,0,below_policy_threshold;classifier_target_not_met,8.9,0.0053837299346923,1.7800000000000002,2.0
AUC,1,aligned,2,501,MCCE,native,MCCE_native,0,no_candidate,,0.013261079788208,,
AUC,1,aligned,2,501,MCCE,bounded,MCCE_bounded,0,no_candidate,,0.013261079788208,,
AUC,1,aligned,2,501,MCCE,bounded+edit,MCCE_bounded+edit,0,no_candidate,,0.013261079788208,,
AUC,1,aligned,2,502,NICE,native,NICE_native,0,below_policy_threshold;immutable_changed:Test_1;immutable_changed:Test_2,11.025,0.0054943561553955,0.85,1.0
AUC,1,aligned,2,502,NICE,bounded,NICE_bounded,0,below_policy_threshold;classifier_target_not_met,10.1,0.0054943561553955,0.85,1.0
AUC,1,aligned,2,502,NICE,bounded+edit,NICE_bounded+edit,0,classifier_target_not_met,15.1,0.0054943561553955,1.85,2.0
AUC,1,aligned,2,502,MCCE,native,MCCE_native,1,OK,15.1,0.0204036235809326,1.9649661260521452,3.0
AUC,1,aligned,2,502,MCCE,bounded,MCCE_bounded,1,OK,15.1,0.0204036235809326,1.9649661260521452,3.0
AUC,1,aligned,2,502,MCCE,bounded+edit,MCCE_bounded+edit,1,OK,15.1,0.0204036235809326,1.9649661260521452,3.0
AUC,1,aligned,2,517,NICE,native,NICE_native,0,immutable_changed:Test_2,15.125,0.0058808326721191,1.73,2.0
AUC,1,aligned,2,517,NICE,bounded,NICE_bounded,0,below_policy_threshold;classifier_target_not_met,14.175,0.0058808326721191,1.73,2.0
AUC,1,aligned,2,517,NICE,bounded+edit,NICE_bounded+edit,0,below_policy_threshold;classifier_target_not_met,14.175,0.0058808326721191,1.73,2.0
AUC,1,aligned,2,517,MCCE,native,MCCE_native,0,no_candidate,,0.0143580436706542,,
AUC,1,aligned,2,517,MCCE,bounded,MCCE_bounded,0,no_candidate,,0.0143580436706542,,
AUC,1,aligned,2,517,MCCE,bounded+edit,MCCE_bounded+edit,0,no_candidate,,0.0143580436706542,,
AUC,1,aligned,2,527,NICE,native,NICE_native,0,immutable_changed:Test_2,15.125,0.0054080486297607,1.67,2.0
AUC,1,aligned,2,527,NICE,bounded,NICE_bounded,0,below_policy_threshold;classifier_target_not_met,14.775000000000002,0.0054080486297607,1.67,2.0
AUC,1,aligned,2,527,NICE,bounded+edit,NICE_bounded+edit,0,below_policy_threshold;classifier_target_not_met,14.775000000000002,0.0054080486297607,1.67,2.0
AUC,1,aligned,2,527,MCCE,native,MCCE_native,1,OK,15.275,0.0201742649078369,1.8190496627835684,3.0
AUC,1,aligned,2,527,MCCE,bounded,MCCE_bounded,1,OK,15.275,0.0201742649078369,1.8190496627835684,3.0
AUC,1,aligned,2,527,MCCE,bounded+edit,MCCE_bounded+edit,1,OK,15.275,0.0201742649078369,1.8190496627835684,3.0
AUC,1,aligned,2,531,NICE,native,NICE_native,0,immutable_changed:Test_1;immutable_changed:Test_2,15.05,0.0068035125732421,1.66,2.0
AUC,1,aligned,2,531,NICE,bounded,NICE_bounded,0,below_policy_threshold;classifier_target_not_met,14.2,0.0068035125732421,1.66,2.0
AUC,1,aligned,2,531,NICE,bounded+edit,NICE_bounded+edit,0,below_policy_threshold;classifier_target_not_met,14.2,0.0068035125732421,1.66,2.0
AUC,1,aligned,2,531,MCCE,native,MCCE_native,1,OK,15.3,0.0197381973266601,2.248192278189721,3.0
AUC,1,aligned,2,531,MCCE,bounded,MCCE_bounded,1,OK,15.3,0.0197381973266601,2.248192278189721,3.0
AUC,1,aligned,2,531,MCCE,bounded+edit,MCCE_bounded+edit,1,OK,15.3,0.0197381973266601,2.248192278189721,3.0
AUC,1,aligned,2,537,NICE,native,NICE_native,0,immutable_changed:Test_2,15.275,0.0053644180297851,1.6800000000000002,2.0
AUC,1,aligned,2,537,NICE,bounded,NICE_bounded,0,below_policy_threshold;classifier_target_not_met,14.175,0.0053644180297851,1.6800000000000002,2.0
AUC,1,aligned,2,537,NICE,bounded+edit,NICE_bounded+edit,0,below_policy_threshold;classifier_target_not_met,14.175,0.0053644180297851,1.6800000000000002,2.0
AUC,1,aligned,2,537,MCCE,native,MCCE_native,0,below_policy_threshold;out_of_bounds:sum_click,14.825,0.0170900821685791,1.959558123725357,3.0
AUC,1,aligned,2,537,MCCE,bounded,MCCE_bounded,0,no_candidate,,0.0170900821685791,,
AUC,1,aligned,2,537,MCCE,bounded+edit,MCCE_bounded+edit,0,no_candidate,,0.0170900821685791,,
AUC,1,aligned,2,546,NICE,native,NICE_native,0,immutable_changed:Test_2,15.05,0.0053179264068603,1.73,2.0
AUC,1,aligned,2,546,NICE,bounded,NICE_bounded,0,below_policy_threshold;classifier_target_not_met,14.75,0.0053179264068603,1.73,2.0
AUC,1,aligned,2,546,NICE,bounded+edit,NICE_bounded+edit,0,below_policy_threshold;classifier_target_not_met,14.75,0.0053179264068603,1.73,2.0
AUC,1,aligned,2,546,MCCE,native,MCCE_native,0,below_policy_threshold,14.95,0.0194768905639648,1.869190811798486,3.0
AUC,1,aligned,2,546,MCCE,bounded,MCCE_bounded,0,below_policy_threshold,14.95,0.0194768905639648,1.869190811798486,3.0
AUC,1,aligned,2,546,MCCE,bounded+edit,MCCE_bounded+edit,0,below_policy_threshold,14.95,0.0194768905639648,1.869190811798486,3.0
AUC,1,aligned,2,551,NICE,native,NICE_native,0,immutable_changed:Test_1;immutable_changed:Test_2,15.05,0.0066471099853515,1.66,2.0
AUC,1,aligned,2,551,NICE,bounded,NICE_bounded,0,below_policy_threshold;classifier_target_not_met,14.225,0.0066471099853515,1.66,2.0
AUC,1,aligned,2,551,NICE,bounded+edit,NICE_bounded+edit,0,below_policy_threshold;classifier_target_not_met,14.225,0.0066471099853515,1.66,2.0
AUC,1,aligned,2,551,MCCE,native,MCCE_native,0,below_policy_threshold,14.925,0.020381212234497,1.868514481469947,3.0
AUC,1,aligned,2,551,MCCE,bounded,MCCE_bounded,0,below_policy_threshold,14.925,0.020381212234497,1.868514481469947,3.0
AUC,1,aligned,2,551,MCCE,bounded+edit,MCCE_bounded+edit,0,below_policy_threshold,14.925,0.020381212234497,1.868514481469947,3.0
AUC,1,aligned,2,556,NICE,native,NICE_native,0,immutable_changed:Test_2,15.05,0.0054512023925781,1.66,2.0
AUC,1,aligned,2,556,NICE,bounded,NICE_bounded,0,below_policy_threshold;classifier_target_not_met,14.45,0.0054512023925781,1.66,2.0
AUC,1,aligned,2,556,NICE,bounded+edit,NICE_bounded+edit,0,below_policy_threshold;classifier_target_not_met,14.45,0.0054512023925781,1.66,2.0
AUC,1,aligned,2,556,MCCE,native,MCCE_native,0,below_policy_threshold,14.95,0.0200915336608886,1.8090329610460365,3.0
AUC,1,aligned,2,556,MCCE,bounded,MCCE_bounded,0,below_policy_threshold,14.95,0.0200915336608886,1.8090329610460365,3.0
AUC,1,aligned,2,556,MCCE,bounded+edit,MCCE_bounded+edit,0,below_policy_threshold,14.95,0.0200915336608886,1.8090329610460365,3.0
AUC,1,aligned,2,575,NICE,native,NICE_native,0,immutable_changed:Test_2,15.025,0.0054059028625488,1.8,2.0
AUC,1,aligned,2,575,NICE,bounded,NICE_bounded,0,below_policy_threshold;classifier_target_not_met,11.275,0.0054059028625488,1.8,2.0
AUC,1,aligned,2,575,NICE,bounded+edit,NICE_bounded+edit,0,below_policy_threshold;classifier_target_not_met,11.275,0.0054059028625488,1.8,2.0
AUC,1,aligned,2,575,MCCE,native,MCCE_native,0,no_candidate,,0.0138068199157714,,
AUC,1,aligned,2,575,MCCE,bounded,MCCE_bounded,0,no_candidate,,0.0138068199157714,,
AUC,1,aligned,2,575,MCCE,bounded+edit,MCCE_bounded+edit,0,no_candidate,,0.0138068199157714,,
AUC,1,aligned,2,577,NICE,native,NICE_native,0,below_policy_threshold;immutable_changed:Test_1,11.075,0.0042381286621093,0.85,1.0
AUC,1,aligned,2,577,NICE,bounded,NICE_bounded,0,below_policy_threshold;classifier_target_not_met,10.8,0.0042381286621093,0.85,1.0
AUC,1,aligned,2,577,NICE,bounded+edit,NICE_bounded+edit,1,OK,15.244444444444444,0.0042381286621093,1.738888888888889,2.0
AUC,1,aligned,2,577,MCCE,native,MCCE_native,1,OK,15.05,0.0201764106750488,1.8765614654601632,3.0
AUC,1,aligned,2,577,MCCE,bounded,MCCE_bounded,1,OK,15.05,0.0201764106750488,1.8765614654601632,3.0
AUC,1,aligned,2,577,MCCE,bounded+edit,MCCE_bounded+edit,1,OK,15.05,0.0201764106750488,1.8765614654601632,3.0
AUC,1,aligned,2,592,NICE,native,NICE_native,0,below_policy_threshold;immutable_changed:Test_1;immutable_changed:Test_2,11.025,0.0055339336395263,0.85,1.0
AUC,1,aligned,2,592,NICE,bounded,NICE_bounded,0,below_policy_threshold;classifier_target_not_met,4.25,0.0055339336395263,0.85,1.0
AUC,1,aligned,2,592,NICE,bounded+edit,NICE_bounded+edit,0,below_policy_threshold;classifier_target_not_met,4.25,0.0055339336395263,0.85,1.0
AUC,1,aligned,2,592,MCCE,native,MCCE_native,0,no_candidate,,0.0133957862854003,,
AUC,1,aligned,2,592,MCCE,bounded,MCCE_bounded,0,no_candidate,,0.0133957862854003,,
AUC,1,aligned,2,592,MCCE,bounded+edit,MCCE_bounded+edit,0,no_candidate,,0.0133957862854003,,
AUC,1,aligned,2,604,NICE,native,NICE_native,0,below_policy_threshold,15.0,0.0041489601135253,1.73,2.0
AUC,1,aligned,2,604,NICE,bounded,NICE_bounded,0,below_policy_threshold,15.0,0.0041489601135253,1.73,2.0
AUC,1,aligned,2,604,NICE,bounded+edit,NICE_bounded+edit,0,below_policy_threshold,15.0,0.0041489601135253,1.73,2.0
AUC,1,aligned,2,604,MCCE,native,MCCE_native,0,below_policy_threshold,14.95,0.0198662281036376,1.7306638229805384,3.0
AUC,1,aligned,2,604,MCCE,bounded,MCCE_bounded,0,below_policy_threshold,14.95,0.0198662281036376,1.7306638229805384,3.0
AUC,1,aligned,2,604,MCCE,bounded+edit,MCCE_bounded+edit,0,below_policy_threshold,14.95,0.0198662281036376,1.7306638229805384,3.0
AUC,1,aligned,2,607,NICE,native,NICE_native,0,below_policy_threshold;immutable_changed:Test_1;immutable_changed:Test_2,11.025,0.0053582191467285,0.85,1.0
AUC,1,aligned,2,607,NICE,bounded,NICE_bounded,0,below_policy_threshold;classifier_target_not_met,4.25,0.0053582191467285,0.85,1.0
AUC,1,aligned,2,607,NICE,bounded+edit,NICE_bounded+edit,0,below_policy_threshold;classifier_target_not_met,4.25,0.0053582191467285,0.85,1.0
AUC,1,aligned,2,607,MCCE,native,MCCE_native,0,no_candidate,,0.0133388042449951,,
AUC,1,aligned,2,607,MCCE,bounded,MCCE_bounded,0,no_candidate,,0.0133388042449951,,
AUC,1,aligned,2,607,MCCE,bounded+edit,MCCE_bounded+edit,0,no_candidate,,0.0133388042449951,,
AUC,1,aligned,2,609,NICE,native,NICE_native,0,below_policy_threshold;immutable_changed:Test_1;immutable_changed:Test_2,11.025,0.0054569244384765,0.85,1.0
AUC,1,aligned,2,609,NICE,bounded,NICE_bounded,0,below_policy_threshold;classifier_target_not_met,5.5,0.0054569244384765,0.85,1.0
AUC,1,aligned,2,609,NICE,bounded+edit,NICE_bounded+edit,0,below_policy_threshold;classifier_target_not_met,5.5,0.0054569244384765,0.85,1.0
AUC,1,aligned,2,609,MCCE,native,MCCE_native,0,no_candidate,,0.0134415626525878,,
AUC,1,aligned,2,609,MCCE,bounded,MCCE_bounded,0,no_candidate,,0.0134415626525878,,
AUC,1,aligned,2,609,MCCE,bounded+edit,MCCE_bounded+edit,0,no_candidate,,0.0134415626525878,,
AUC,1,aligned,2,625,NICE,native,NICE_native,0,below_policy_threshold;immutable_changed:Test_1;immutable_changed:Test_2,11.025,0.0054104328155517,0.85,1.0
AUC,1,aligned,2,625,NICE,bounded,NICE_bounded,0,below_policy_threshold;classifier_target_not_met,9.25,0.0054104328155517,0.85,1.0
AUC,1,aligned,2,625,NICE,bounded+edit,NICE_bounded+edit,0,below_policy_threshold;classifier_target_not_met,9.25,0.0054104328155517,0.85,1.0
AUC,1,aligned,2,625,MCCE,native,MCCE_native,0,no_candidate,,0.0139927864074707,,
AUC,1,aligned,2,625,MCCE,bounded,MCCE_bounded,0,no_candidate,,0.0139927864074707,,
AUC,1,aligned,2,625,MCCE,bounded+edit,MCCE_bounded+edit,0,no_candidate,,0.0139927864074707,,
AUC,1,aligned,2,650,NICE,native,NICE_native,0,below_policy_threshold;immutable_changed:Test_2,14.65,0.0055434703826904,1.7800000000000002,2.0
AUC,1,aligned,2,650,NICE,bounded,NICE_bounded,0,below_policy_threshold;classifier_target_not_met,13.4,0.0055434703826904,1.7800000000000002,2.0
AUC,1,aligned,2,650,NICE,bounded+edit,NICE_bounded+edit,0,below_policy_threshold;classifier_target_not_met,13.4,0.0055434703826904,1.7800000000000002,2.0
AUC,1,aligned,2,650,MCCE,native,MCCE_native,0,no_candidate,,0.0140025615692138,,
AUC,1,aligned,2,650,MCCE,bounded,MCCE_bounded,0,no_candidate,,0.0140025615692138,,
AUC,1,aligned,2,650,MCCE,bounded+edit,MCCE_bounded+edit,0,no_candidate,,0.0140025615692138,,
AUC,1,aligned,2,654,NICE,native,NICE_native,0,below_policy_threshold;immutable_changed:Test_2,11.0,0.0041263103485107,0.85,1.0
AUC,1,aligned,2,654,NICE,bounded,NICE_bounded,0,below_policy_threshold;classifier_target_not_met,6.5,0.0041263103485107,0.85,1.0
AUC,1,aligned,2,654,NICE,bounded+edit,NICE_bounded+edit,0,below_policy_threshold;classifier_target_not_met,6.5,0.0041263103485107,0.85,1.0
AUC,1,aligned,2,654,MCCE,native,MCCE_native,0,no_candidate,,0.0134296417236328,,
AUC,1,aligned,2,654,MCCE,bounded,MCCE_bounded,0,no_candidate,,0.0134296417236328,,
AUC,1,aligned,2,654,MCCE,bounded+edit,MCCE_bounded+edit,0,no_candidate,,0.0134296417236328,,
AUC,1,aligned,2,656,NICE,native,NICE_native,0,below_policy_threshold;immutable_changed:Test_1;immutable_changed:Test_2,11.025,0.0053563117980957,0.85,1.0
AUC,1,aligned,2,656,NICE,bounded,NICE_bounded,0,below_policy_threshold;classifier_target_not_met,8.0,0.0053563117980957,0.85,1.0
AUC,1,aligned,2,656,NICE,bounded+edit,NICE_bounded+edit,0,below_policy_threshold;classifier_target_not_met,8.0,0.0053563117980957,0.85,1.0
AUC,1,aligned,2,656,MCCE,native,MCCE_native,0,no_candidate,,0.0138592720031738,,
AUC,1,aligned,2,656,MCCE,bounded,MCCE_bounded,0,no_candidate,,0.0138592720031738,,
AUC,1,aligned,2,656,MCCE,bounded+edit,MCCE_bounded+edit,0,no_candidate,,0.0138592720031738,,
AUC,1,aligned,2,657,NICE,native,NICE_native,0,below_policy_threshold;immutable_changed:Test_1;immutable_changed:Test_2,11.025,0.0055818557739257,0.85,1.0
AUC,1,aligned,2,657,NICE,bounded,NICE_bounded,0,below_policy_threshold;classifier_target_not_met,4.25,0.0055818557739257,0.85,1.0
AUC,1,aligned,2,657,NICE,bounded+edit,NICE_bounded+edit,0,below_policy_threshold;classifier_target_not_met,4.25,0.0055818557739257,0.85,1.0
AUC,1,aligned,2,657,MCCE,native,MCCE_native,0,no_candidate,,0.0139009952545166,,
AUC,1,aligned,2,657,MCCE,bounded,MCCE_bounded,0,no_candidate,,0.0139009952545166,,
AUC,1,aligned,2,657,MCCE,bounded+edit,MCCE_bounded+edit,0,no_candidate,,0.0139009952545166,,
AUC,1,aligned,2,663,NICE,native,NICE_native,0,below_policy_threshold;immutable_changed:Test_1;immutable_changed:Test_2,11.025,0.0054306983947753,0.85,1.0
AUC,1,aligned,2,663,NICE,bounded,NICE_bounded,0,below_policy_threshold;classifier_target_not_met,6.2,0.0054306983947753,0.85,1.0
AUC,1,aligned,2,663,NICE,bounded+edit,NICE_bounded+edit,0,below_policy_threshold;classifier_target_not_met,6.2,0.0054306983947753,0.85,1.0
AUC,1,aligned,2,663,MCCE,native,MCCE_native,0,no_candidate,,0.0136158466339111,,
AUC,1,aligned,2,663,MCCE,bounded,MCCE_bounded,0,no_candidate,,0.0136158466339111,,
AUC,1,aligned,2,663,MCCE,bounded+edit,MCCE_bounded+edit,0,no_candidate,,0.0136158466339111,,
AUC,1,aligned,2,667,NICE,native,NICE_native,0,below_policy_threshold;immutable_changed:Test_2,11.175,0.0041923522949218,0.82,1.0
AUC,1,aligned,2,667,NICE,bounded,NICE_bounded,0,below_policy_threshold;classifier_target_not_met,6.475,0.0041923522949218,0.82,1.0
AUC,1,aligned,2,667,NICE,bounded+edit,NICE_bounded+edit,0,below_policy_threshold;classifier_target_not_met,6.475,0.0041923522949218,0.82,1.0
AUC,1,aligned,2,667,MCCE,native,MCCE_native,0,no_candidate,,0.0137434005737304,,
AUC,1,aligned,2,667,MCCE,bounded,MCCE_bounded,0,no_candidate,,0.0137434005737304,,
AUC,1,aligned,2,667,MCCE,bounded+edit,MCCE_bounded+edit,0,no_candidate,,0.0137434005737304,,
AUC,1,aligned,3,0,NICE,native,NICE_native,0,immutable_changed:Test_2,15.45,0.0041754245758056,0.8,1.0
AUC,1,aligned,3,0,NICE,bounded,NICE_bounded,0,below_policy_threshold;classifier_target_not_met,14.95,0.0041754245758056,0.8,1.0
AUC,1,aligned,3,0,NICE,bounded+edit,NICE_bounded+edit,0,below_policy_threshold;classifier_target_not_met,14.95,0.0041754245758056,0.8,1.0
AUC,1,aligned,3,0,MCCE,native,MCCE_native,0,out_of_bounds:sum_click,15.45,0.0317368507385253,3.4974025974026075,2.0
AUC,1,aligned,3,0,MCCE,bounded,MCCE_bounded,0,no_candidate,,0.0317368507385253,,
AUC,1,aligned,3,0,MCCE,bounded+edit,MCCE_bounded+edit,0,no_candidate,,0.0317368507385253,,
AUC,1,aligned,3,11,NICE,native,NICE_native,0,immutable_changed:Test_2,15.325,0.0041368007659912,0.8,1.0
AUC,1,aligned,3,11,NICE,bounded,NICE_bounded,0,below_policy_threshold;classifier_target_not_met,14.825,0.0041368007659912,0.8,1.0
AUC,1,aligned,3,11,NICE,bounded+edit,NICE_bounded+edit,0,below_policy_threshold;classifier_target_not_met,14.825,0.0041368007659912,0.8,1.0
AUC,1,aligned,3,11,MCCE,native,MCCE_native,0,out_of_bounds:sum_click,15.175,0.0177087783813476,0.957746787840802,2.0
AUC,1,aligned,3,11,MCCE,bounded,MCCE_bounded,1,OK,15.175,0.0177087783813476,1.0266906925728612,2.0
AUC,1,aligned,3,11,MCCE,bounded+edit,MCCE_bounded+edit,1,OK,15.175,0.0177087783813476,1.0266906925728612,2.0
AUC,1,aligned,3,17,NICE,native,NICE_native,0,below_policy_threshold;immutable_changed:Test_1;immutable_changed:Test_3,14.7,0.0054783821105957,0.9,1.0
AUC,1,aligned,3,17,NICE,bounded,NICE_bounded,0,below_policy_threshold;classifier_target_not_met,13.65,0.0054783821105957,0.9,1.0
AUC,1,aligned,3,17,NICE,bounded+edit,NICE_bounded+edit,0,below_policy_threshold;classifier_target_not_met,13.65,0.0054783821105957,0.9,1.0
AUC,1,aligned,3,17,MCCE,native,MCCE_native,0,no_candidate,,0.0120027065277099,,
AUC,1,aligned,3,17,MCCE,bounded,MCCE_bounded,0,no_candidate,,0.0120027065277099,,
AUC,1,aligned,3,17,MCCE,bounded+edit,MCCE_bounded+edit,0,no_candidate,,0.0120027065277099,,
AUC,1,aligned,3,23,NICE,native,NICE_native,0,below_policy_threshold,15.0,0.0027029514312744,0.85,1.0
AUC,1,aligned,3,23,NICE,bounded,NICE_bounded,0,below_policy_threshold,15.0,0.0027029514312744,0.85,1.0
AUC,1,aligned,3,23,NICE,bounded+edit,NICE_bounded+edit,0,below_policy_threshold,15.0,0.0027029514312744,0.85,1.0
AUC,1,aligned,3,23,MCCE,native,MCCE_native,0,out_of_bounds:sum_click,15.1,0.0175416469573974,0.8811389585073794,2.0
AUC,1,aligned,3,23,MCCE,bounded,MCCE_bounded,1,OK,15.1,0.0175416469573974,0.9089863547758285,2.0
AUC,1,aligned,3,23,MCCE,bounded+edit,MCCE_bounded+edit,1,OK,15.1,0.0175416469573974,0.9089863547758285,2.0
AUC,1,aligned,3,34,NICE,native,NICE_native,0,below_policy_threshold;immutable_changed:Test_2,11.125,0.0040602684020996,0.85,1.0
AUC,1,aligned,3,34,NICE,bounded,NICE_bounded,0,below_policy_threshold;classifier_target_not_met,6.625,0.0040602684020996,0.85,1.0
AUC,1,aligned,3,34,NICE,bounded+edit,NICE_bounded+edit,0,below_policy_threshold;classifier_target_not_met,6.625,0.0040602684020996,0.85,1.0
AUC,1,aligned,3,34,MCCE,native,MCCE_native,0,no_candidate,,0.0112693309783935,,
AUC,1,aligned,3,34,MCCE,bounded,MCCE_bounded,0,no_candidate,,0.0112693309783935,,
AUC,1,aligned,3,34,MCCE,bounded+edit,MCCE_bounded+edit,0,no_candidate,,0.0112693309783935,,
AUC,1,aligned,3,41,NICE,native,NICE_native,0,immutable_changed:Test_1;immutable_changed:Test_2;immutable_changed:Test_3,15.05,0.0070126056671142,0.8,1.0
AUC,1,aligned,3,41,NICE,bounded,NICE_bounded,0,below_policy_threshold;classifier_target_not_met,6.0,0.0070126056671142,0.8,1.0
AUC,1,aligned,3,41,NICE,bounded+edit,NICE_bounded+edit,0,below_policy_threshold;classifier_target_not_met,6.0,0.0070126056671142,0.8,1.0
AUC,1,aligned,3,41,MCCE,native,MCCE_native,0,no_candidate,,0.0117065906524658,,
AUC,1,aligned,3,41,MCCE,bounded,MCCE_bounded,0,no_candidate,,0.0117065906524658,,
AUC,1,aligned,3,41,MCCE,bounded+edit,MCCE_bounded+edit,0,no_candidate,,0.0117065906524658,,
AUC,1,aligned,3,45,NICE,native,NICE_native,0,immutable_changed:Test_1;immutable_changed:Test_2;immutable_changed:Test_3,15.05,0.0065977573394775,0.8,1.0
AUC,1,aligned,3,45,NICE,bounded,NICE_bounded,0,below_policy_threshold;classifier_target_not_met,14.125,0.0065977573394775,0.8,1.0
AUC,1,aligned,3,45,NICE,bounded+edit,NICE_bounded+edit,0,below_policy_threshold;classifier_target_not_met,14.125,0.0065977573394775,0.8,1.0
AUC,1,aligned,3,45,MCCE,native,MCCE_native,0,no_candidate,,0.0114681720733642,,
AUC,1,aligned,3,45,MCCE,bounded,MCCE_bounded,0,no_candidate,,0.0114681720733642,,
AUC,1,aligned,3,45,MCCE,bounded+edit,MCCE_bounded+edit,0,no_candidate,,0.0114681720733642,,
AUC,1,aligned,3,47,NICE,native,NICE_native,0,immutable_changed:Test_3,15.275,0.0039741992950439,0.93,1.0
AUC,1,aligned,3,47,NICE,bounded,NICE_bounded,0,below_policy_threshold;classifier_target_not_met,14.525,0.0039741992950439,0.93,1.0
AUC,1,aligned,3,47,NICE,bounded+edit,NICE_bounded+edit,0,below_policy_threshold;classifier_target_not_met,14.525,0.0039741992950439,0.93,1.0
AUC,1,aligned,3,47,MCCE,native,MCCE_native,0,no_candidate,,0.0115332603454589,,
AUC,1,aligned,3,47,MCCE,bounded,MCCE_bounded,0,no_candidate,,0.0115332603454589,,
AUC,1,aligned,3,47,MCCE,bounded+edit,MCCE_bounded+edit,0,no_candidate,,0.0115332603454589,,
AUC,1,aligned,3,49,NICE,native,NICE_native,0,immutable_changed:Test_1,15.35,0.0040080547332763,0.85,1.0
AUC,1,aligned,3,49,NICE,bounded,NICE_bounded,0,classifier_target_not_met,15.05,0.0040080547332763,0.85,1.0
AUC,1,aligned,3,49,NICE,bounded+edit,NICE_bounded+edit,0,classifier_target_not_met,15.05,0.0040080547332763,0.85,1.0
AUC,1,aligned,3,49,MCCE,native,MCCE_native,1,OK,15.05,0.0174818038940429,1.0889436176902116,2.0
AUC,1,aligned,3,49,MCCE,bounded,MCCE_bounded,1,OK,15.05,0.0174818038940429,1.0889436176902116,2.0
AUC,1,aligned,3,49,MCCE,bounded+edit,MCCE_bounded+edit,1,OK,15.05,0.0174818038940429,1.0889436176902116,2.0
AUC,1,aligned,3,56,NICE,native,NICE_native,0,below_policy_threshold;immutable_changed:Test_2;immutable_changed:Test_3,15.0,0.0053639411926269,0.9,1.0
AUC,1,aligned,3,56,NICE,bounded,NICE_bounded,0,below_policy_threshold;classifier_target_not_met,13.5,0.0053639411926269,0.9,1.0
AUC,1,aligned,3,56,NICE,bounded+edit,NICE_bounded+edit,0,below_policy_threshold;classifier_target_not_met,13.5,0.0053639411926269,0.9,1.0
AUC,1,aligned,3,56,MCCE,native,MCCE_native,0,no_candidate,,0.0213277339935302,,
AUC,1,aligned,3,56,MCCE,bounded,MCCE_bounded,0,no_candidate,,0.0213277339935302,,
AUC,1,aligned,3,56,MCCE,bounded+edit,MCCE_bounded+edit,0,no_candidate,,0.0213277339935302,,
AUC,1,aligned,3,57,NICE,native,NICE_native,0,immutable_changed:Test_1;immutable_changed:Test_2;immutable_changed:Test_3,15.05,0.0066616535186767,0.8,1.0
AUC,1,aligned,3,57,NICE,bounded,NICE_bounded,0,below_policy_threshold;classifier_target_not_met,14.0,0.0066616535186767,0.8,1.0
AUC,1,aligned,3,57,NICE,bounded+edit,NICE_bounded+edit,0,below_policy_threshold;classifier_target_not_met,14.0,0.0066616535186767,0.8,1.0
AUC,1,aligned,3,57,MCCE,native,MCCE_native,0,no_candidate,,0.0119309425354003,,
AUC,1,aligned,3,57,MCCE,bounded,MCCE_bounded,0,no_candidate,,0.0119309425354003,,
AUC,1,aligned,3,57,MCCE,bounded+edit,MCCE_bounded+edit,0,no_candidate,,0.0119309425354003,,
AUC,1,aligned,3,59,NICE,native,NICE_native,0,below_policy_threshold;immutable_changed:Test_1;immutable_changed:Test_2,11.025,0.005359411239624,0.85,1.0
AUC,1,aligned,3,59,NICE,bounded,NICE_bounded,0,below_policy_threshold;classifier_target_not_met,5.625,0.005359411239624,0.85,1.0
AUC,1,aligned,3,59,NICE,bounded+edit,NICE_bounded+edit,0,below_policy_threshold;classifier_target_not_met,5.625,0.005359411239624,0.85,1.0
AUC,1,aligned,3,59,MCCE,native,MCCE_native,0,no_candidate,,0.0122618675231933,,
AUC,1,aligned,3,59,MCCE,bounded,MCCE_bounded,0,no_candidate,,0.0122618675231933,,
AUC,1,aligned,3,59,MCCE,bounded+edit,MCCE_bounded+edit,0,no_candidate,,0.0122618675231933,,
AUC,1,aligned,3,60,NICE,native,NICE_native,0,below_policy_threshold;immutable_changed:Test_3,14.725,0.0041060447692871,0.85,1.0
AUC,1,aligned,3,60,NICE,bounded,NICE_bounded,0,below_policy_threshold;classifier_target_not_met,14.075,0.0041060447692871,0.85,1.0
AUC,1,aligned,3,60,NICE,bounded+edit,NICE_bounded+edit,0,below_policy_threshold;classifier_target_not_met,14.075,0.0041060447692871,0.85,1.0
AUC,1,aligned,3,60,MCCE,native,MCCE_native,0,no_candidate,,0.0117027759552001,,
AUC,1,aligned,3,60,MCCE,bounded,MCCE_bounded,0,no_candidate,,0.0117027759552001,,
AUC,1,aligned,3,60,MCCE,bounded+edit,MCCE_bounded+edit,0,no_candidate,,0.0117027759552001,,
AUC,1,aligned,3,66,NICE,native,NICE_native,0,below_policy_threshold;immutable_changed:Test_2,11.25,0.0040040016174316,0.85,1.0
AUC,1,aligned,3,66,NICE,bounded,NICE_bounded,0,below_policy_threshold;classifier_target_not_met,6.75,0.0040040016174316,0.85,1.0
AUC,1,aligned,3,66,NICE,bounded+edit,NICE_bounded+edit,0,below_policy_threshold;classifier_target_not_met,6.75,0.0040040016174316,0.85,1.0
AUC,1,aligned,3,66,MCCE,native,MCCE_native,0,no_candidate,,0.0115530490875244,,
AUC,1,aligned,3,66,MCCE,bounded,MCCE_bounded,0,no_candidate,,0.0115530490875244,,
AUC,1,aligned,3,66,MCCE,bounded+edit,MCCE_bounded+edit,0,no_candidate,,0.0115530490875244,,
AUC,1,aligned,3,81,NICE,native,NICE_native,0,below_policy_threshold,14.625,0.0027675628662109,0.8699999999999999,1.0
AUC,1,aligned,3,81,NICE,bounded,NICE_bounded,0,below_policy_threshold,14.625,0.0027675628662109,0.8699999999999999,1.0
AUC,1,aligned,3,81,NICE,bounded+edit,NICE_bounded+edit,0,below_policy_threshold,14.625,0.0027675628662109,0.8699999999999999,1.0
AUC,1,aligned,3,81,MCCE,native,MCCE_native,0,below_policy_threshold,14.775,0.0182456970214843,1.020636081155182,2.0
AUC,1,aligned,3,81,MCCE,bounded,MCCE_bounded,0,below_policy_threshold,14.775,0.0182456970214843,1.020636081155182,2.0
AUC,1,aligned,3,81,MCCE,bounded+edit,MCCE_bounded+edit,0,below_policy_threshold,14.775,0.0182456970214843,1.020636081155182,2.0
AUC,1,aligned,3,82,NICE,native,NICE_native,0,immutable_changed:Test_2,15.225,0.0040662288665771,0.8,1.0
AUC,1,aligned,3,82,NICE,bounded,NICE_bounded,0,below_policy_threshold;classifier_target_not_met,14.875,0.0040662288665771,0.8,1.0
AUC,1,aligned,3,82,NICE,bounded+edit,NICE_bounded+edit,0,below_policy_threshold;classifier_target_not_met,14.875,0.0040662288665771,0.8,1.0
AUC,1,aligned,3,82,MCCE,native,MCCE_native,0,out_of_bounds:sum_click,15.475,0.0177412033081054,0.9603632694248234,2.0
AUC,1,aligned,3,82,MCCE,bounded,MCCE_bounded,1,OK,15.475,0.0177412033081054,1.50526740665994,2.0
AUC,1,aligned,3,82,MCCE,bounded+edit,MCCE_bounded+edit,1,OK,15.475,0.0177412033081054,1.50526740665994,2.0
AUC,1,aligned,3,101,NICE,native,NICE_native,0,immutable_changed:Test_1;immutable_changed:Test_2;immutable_changed:Test_3,15.15,0.0073506832122802,0.9,1.0
AUC,1,aligned,3,101,NICE,bounded,NICE_bounded,0,below_policy_threshold;classifier_target_not_met,12.25,0.0073506832122802,0.9,1.0
AUC,1,aligned,3,101,NICE,bounded+edit,NICE_bounded+edit,0,below_policy_threshold;classifier_target_not_met,12.25,0.0073506832122802,0.9,1.0
AUC,1,aligned,3,101,MCCE,native,MCCE_native,0,no_candidate,,0.0123047828674316,,
AUC,1,aligned,3,101,MCCE,bounded,MCCE_bounded,0,no_candidate,,0.0123047828674316,,
AUC,1,aligned,3,101,MCCE,bounded+edit,MCCE_bounded+edit,0,no_candidate,,0.0123047828674316,,
AUC,1,aligned,3,104,NICE,native,NICE_native,0,below_policy_threshold;immutable_changed:Test_2,11.0,0.0043110847473144,0.85,1.0
AUC,1,aligned,3,104,NICE,bounded,NICE_bounded,0,below_policy_threshold;classifier_target_not_met,6.5,0.0043110847473144,0.85,1.0
AUC,1,aligned,3,104,NICE,bounded+edit,NICE_bounded+edit,0,below_policy_threshold;classifier_target_not_met,6.5,0.0043110847473144,0.85,1.0
AUC,1,aligned,3,104,MCCE,native,MCCE_native,0,no_candidate,,0.0117206573486328,,
AUC,1,aligned,3,104,MCCE,bounded,MCCE_bounded,0,no_candidate,,0.0117206573486328,,
AUC,1,aligned,3,104,MCCE,bounded+edit,MCCE_bounded+edit,0,no_candidate,,0.0117206573486328,,
AUC,1,aligned,3,107,NICE,native,NICE_native,0,immutable_changed:Test_1,15.2,0.0040841102600097,0.85,1.0
AUC,1,aligned,3,107,NICE,bounded,NICE_bounded,0,classifier_target_not_met,15.075,0.0040841102600097,0.85,1.0
AUC,1,aligned,3,107,NICE,bounded+edit,NICE_bounded+edit,0,classifier_target_not_met,15.075,0.0040841102600097,0.85,1.0
AUC,1,aligned,3,107,MCCE,native,MCCE_native,1,OK,15.075,0.0184338092803955,0.9371269875844044,2.0
AUC,1,aligned,3,107,MCCE,bounded,MCCE_bounded,1,OK,15.075,0.0184338092803955,0.9371269875844044,2.0
AUC,1,aligned,3,107,MCCE,bounded+edit,MCCE_bounded+edit,1,OK,15.075,0.0184338092803955,0.9371269875844044,2.0
AUC,1,aligned,3,111,NICE,native,NICE_native,0,immutable_changed:Test_2,15.5,0.0041370391845703,0.8,1.0
AUC,1,aligned,3,111,NICE,bounded,NICE_bounded,0,classifier_target_not_met,15.2,0.0041370391845703,0.8,1.0
AUC,1,aligned,3,111,NICE,bounded+edit,NICE_bounded+edit,0,classifier_target_not_met,15.2,0.0041370391845703,0.8,1.0
AUC,1,aligned,3,111,MCCE,native,MCCE_native,0,out_of_bounds:sum_click,15.3,0.0153675079345703,1.5022262118491925,2.0
AUC,1,aligned,3,111,MCCE,bounded,MCCE_bounded,0,no_candidate,,0.0153675079345703,,
AUC,1,aligned,3,111,MCCE,bounded+edit,MCCE_bounded+edit,0,no_candidate,,0.0153675079345703,,
AUC,1,aligned,3,121,NICE,native,NICE_native,0,immutable_changed:Test_2;immutable_changed:Test_3,15.475,0.0056030750274658,0.7,1.0
AUC,1,aligned,3,121,NICE,bounded,NICE_bounded,0,below_policy_threshold;classifier_target_not_met,14.375,0.0056030750274658,0.7,1.0
AUC,1,aligned,3,121,NICE,bounded+edit,NICE_bounded+edit,0,below_policy_threshold;classifier_target_not_met,14.375,0.0056030750274658,0.7,1.0
AUC,1,aligned,3,121,MCCE,native,MCCE_native,1,OK,15.225,0.018993854522705,0.9005265835665224,2.0
AUC,1,aligned,3,121,MCCE,bounded,MCCE_bounded,1,OK,15.225,0.018993854522705,0.9005265835665224,2.0
AUC,1,aligned,3,121,MCCE,bounded+edit,MCCE_bounded+edit,1,OK,15.225,0.018993854522705,0.9005265835665224,2.0
AUC,1,aligned,3,132,NICE,native,NICE_native,0,immutable_changed:Test_3,15.15,0.0041942596435546,0.9,1.0
AUC,1,aligned,3,132,NICE,bounded,NICE_bounded,0,below_policy_threshold;classifier_target_not_met,14.75,0.0041942596435546,0.9,1.0
AUC,1,aligned,3,132,NICE,bounded+edit,NICE_bounded+edit,0,below_policy_threshold;classifier_target_not_met,14.75,0.0041942596435546,0.9,1.0
AUC,1,aligned,3,132,MCCE,native,MCCE_native,0,no_candidate,,0.0135488510131835,,
AUC,1,aligned,3,132,MCCE,bounded,MCCE_bounded,0,no_candidate,,0.0135488510131835,,
AUC,1,aligned,3,132,MCCE,bounded+edit,MCCE_bounded+edit,0,no_candidate,,0.0135488510131835,,
AUC,1,aligned,3,148,NICE,native,NICE_native,0,below_policy_threshold;immutable_changed:Test_3,14.8,0.0046522617340087,0.9,1.0
AUC,1,aligned,3,148,NICE,bounded,NICE_bounded,0,below_policy_threshold;classifier_target_not_met,11.5,0.0046522617340087,0.9,1.0
AUC,1,aligned,3,148,NICE,bounded+edit,NICE_bounded+edit,0,below_policy_threshold;classifier_target_not_met,11.5,0.0046522617340087,0.9,1.0
AUC,1,aligned,3,148,MCCE,native,MCCE_native,0,no_candidate,,0.0119960308074951,,
AUC,1,aligned,3,148,MCCE,bounded,MCCE_bounded,0,no_candidate,,0.0119960308074951,,
AUC,1,aligned,3,148,MCCE,bounded+edit,MCCE_bounded+edit,0,no_candidate,,0.0119960308074951,,
AUC,1,aligned,3,159,NICE,native,NICE_native,0,below_policy_threshold;immutable_changed:Test_2;immutable_changed:Test_3,14.625,0.0056138038635253,0.85,1.0
AUC,1,aligned,3,159,NICE,bounded,NICE_bounded,0,below_policy_threshold;classifier_target_not_met,13.525,0.0056138038635253,0.85,1.0
AUC,1,aligned,3,159,NICE,bounded+edit,NICE_bounded+edit,0,below_policy_threshold;classifier_target_not_met,13.525,0.0056138038635253,0.85,1.0
AUC,1,aligned,3,159,MCCE,native,MCCE_native,0,no_candidate,,0.0119557380676269,,
AUC,1,aligned,3,159,MCCE,bounded,MCCE_bounded,0,no_candidate,,0.0119557380676269,,
AUC,1,aligned,3,159,MCCE,bounded+edit,MCCE_bounded+edit,0,no_candidate,,0.0119557380676269,,
AUC,1,aligned,3,172,NICE,native,NICE_native,0,below_policy_threshold;immutable_changed:Test_2,11.0,0.0040042400360107,0.85,1.0
AUC,1,aligned,3,172,NICE,bounded,NICE_bounded,0,below_policy_threshold;classifier_target_not_met,6.5,0.0040042400360107,0.85,1.0
AUC,1,aligned,3,172,NICE,bounded+edit,NICE_bounded+edit,0,below_policy_threshold;classifier_target_not_met,6.5,0.0040042400360107,0.85,1.0
AUC,1,aligned,3,172,MCCE,native,MCCE_native,0,no_candidate,,0.0117738246917724,,
AUC,1,aligned,3,172,MCCE,bounded,MCCE_bounded,0,no_candidate,,0.0117738246917724,,
AUC,1,aligned,3,172,MCCE,bounded+edit,MCCE_bounded+edit,0,no_candidate,,0.0117738246917724,,
AUC,1,aligned,3,233,NICE,native,NICE_native,0,below_policy_threshold;immutable_changed:Test_1;immutable_changed:Test_2,14.025,0.0053088665008544,0.85,1.0
AUC,1,aligned,3,233,NICE,bounded,NICE_bounded,0,below_policy_threshold;classifier_target_not_met,12.125,0.0053088665008544,0.85,1.0
AUC,1,aligned,3,233,NICE,bounded+edit,NICE_bounded+edit,0,below_policy_threshold;classifier_target_not_met,12.125,0.0053088665008544,0.85,1.0
AUC,1,aligned,3,233,MCCE,native,MCCE_native,0,no_candidate,,0.0117535591125488,,
AUC,1,aligned,3,233,MCCE,bounded,MCCE_bounded,0,no_candidate,,0.0117535591125488,,
AUC,1,aligned,3,233,MCCE,bounded+edit,MCCE_bounded+edit,0,no_candidate,,0.0117535591125488,,
AUC,1,aligned,3,236,NICE,native,NICE_native,0,below_policy_threshold;immutable_changed:Test_1;immutable_changed:Test_2,14.95,0.0053720474243164,0.8,1.0
AUC,1,aligned,3,236,NICE,bounded,NICE_bounded,0,below_policy_threshold;classifier_target_not_met,14.2,0.0053720474243164,0.8,1.0
AUC,1,aligned,3,236,NICE,bounded+edit,NICE_bounded+edit,0,below_policy_threshold;classifier_target_not_met,14.2,0.0053720474243164,0.8,1.0
AUC,1,aligned,3,236,MCCE,native,MCCE_native,0,no_candidate,,0.0115952491760253,,
AUC,1,aligned,3,236,MCCE,bounded,MCCE_bounded,0,no_candidate,,0.0115952491760253,,
AUC,1,aligned,3,236,MCCE,bounded+edit,MCCE_bounded+edit,0,no_candidate,,0.0115952491760253,,
AUC,1,aligned,3,247,NICE,native,NICE_native,0,immutable_changed:Test_1;immutable_changed:Test_2;immutable_changed:Test_3,15.05,0.0065290927886962,0.8,1.0
AUC,1,aligned,3,247,NICE,bounded,NICE_bounded,0,below_policy_threshold;classifier_target_not_met,13.45,0.0065290927886962,0.8,1.0
AUC,1,aligned,3,247,NICE,bounded+edit,NICE_bounded+edit,0,below_policy_threshold;classifier_target_not_met,13.45,0.0065290927886962,0.8,1.0
AUC,1,aligned,3,247,MCCE,native,MCCE_native,0,no_candidate,,0.0122492313385009,,
AUC,1,aligned,3,247,MCCE,bounded,MCCE_bounded,0,no_candidate,,0.0122492313385009,,
AUC,1,aligned,3,247,MCCE,bounded+edit,MCCE_bounded+edit,0,no_candidate,,0.0122492313385009,,
AUC,1,aligned,3,285,NICE,native,NICE_native,0,below_policy_threshold;immutable_changed:Test_2;immutable_changed:Test_3,14.5,0.0052342414855957,0.85,1.0
AUC,1,aligned,3,285,NICE,bounded,NICE_bounded,0,below_policy_threshold;classifier_target_not_met,9.5,0.0052342414855957,0.85,1.0
AUC,1,aligned,3,285,NICE,bounded+edit,NICE_bounded+edit,0,below_policy_threshold;classifier_target_not_met,9.5,0.0052342414855957,0.85,1.0
AUC,1,aligned,3,285,MCCE,native,MCCE_native,0,no_candidate,,0.0114238262176513,,
AUC,1,aligned,3,285,MCCE,bounded,MCCE_bounded,0,no_candidate,,0.0114238262176513,,
AUC,1,aligned,3,285,MCCE,bounded+edit,MCCE_bounded+edit,0,no_candidate,,0.0114238262176513,,
AUC,1,aligned,3,286,NICE,native,NICE_native,0,immutable_changed:Test_3,15.125,0.0039422512054443,0.8,1.0
AUC,1,aligned,3,286,NICE,bounded,NICE_bounded,0,below_policy_threshold;classifier_target_not_met,14.375,0.0039422512054443,0.8,1.0
AUC,1,aligned,3,286,NICE,bounded+edit,NICE_bounded+edit,0,below_policy_threshold;classifier_target_not_met,14.375,0.0039422512054443,0.8,1.0
AUC,1,aligned,3,286,MCCE,native,MCCE_native,0,below_policy_threshold,14.875,0.0157322883605957,0.9,1.0
AUC,1,aligned,3,286,MCCE,bounded,MCCE_bounded,0,below_policy_threshold,14.875,0.0157322883605957,0.9,1.0
AUC,1,aligned,3,286,MCCE,bounded+edit,MCCE_bounded+edit,0,below_policy_threshold,14.875,0.0157322883605957,0.9,1.0
AUC,1,aligned,3,293,NICE,native,NICE_native,0,immutable_changed:Test_2,15.05,0.0041892528533935,0.8,1.0
AUC,1,aligned,3,293,NICE,bounded,NICE_bounded,0,below_policy_threshold;classifier_target_not_met,14.95,0.0041892528533935,0.8,1.0
AUC,1,aligned,3,293,NICE,bounded+edit,NICE_bounded+edit,0,below_policy_threshold;classifier_target_not_met,14.95,0.0041892528533935,0.8,1.0
AUC,1,aligned,3,293,MCCE,native,MCCE_native,0,out_of_bounds:sum_click,15.2,0.0175404548645019,0.874443901246639,2.0
AUC,1,aligned,3,293,MCCE,bounded,MCCE_bounded,1,OK,15.45,0.0175404548645019,0.9146663407479834,2.0
AUC,1,aligned,3,293,MCCE,bounded+edit,MCCE_bounded+edit,1,OK,15.45,0.0175404548645019,0.9146663407479834,2.0
AUC,1,aligned,3,299,NICE,native,NICE_native,1,OK,15.2,0.0026690959930419,0.85,1.0
AUC,1,aligned,3,299,NICE,bounded,NICE_bounded,1,OK,15.2,0.0026690959930419,0.85,1.0
AUC,1,aligned,3,299,NICE,bounded+edit,NICE_bounded+edit,1,OK,15.2,0.0026690959930419,0.85,1.0
AUC,1,aligned,3,299,MCCE,native,MCCE_native,1,OK,15.2,0.0172076225280761,0.8590682384946724,2.0
AUC,1,aligned,3,299,MCCE,bounded,MCCE_bounded,1,OK,15.2,0.0172076225280761,0.8590682384946724,2.0
AUC,1,aligned,3,299,MCCE,bounded+edit,MCCE_bounded+edit,1,OK,15.2,0.0172076225280761,0.8590682384946724,2.0
AUC,1,aligned,3,304,NICE,native,NICE_native,0,immutable_changed:Test_2,15.2,0.0039765834808349,0.9,1.0
AUC,1,aligned,3,304,NICE,bounded,NICE_bounded,0,below_policy_threshold;classifier_target_not_met,14.85,0.0039765834808349,0.9,1.0
AUC,1,aligned,3,304,NICE,bounded+edit,NICE_bounded+edit,0,below_policy_threshold;classifier_target_not_met,14.85,0.0039765834808349,0.9,1.0
AUC,1,aligned,3,304,MCCE,native,MCCE_native,0,no_candidate,,0.0121660232543945,,
AUC,1,aligned,3,304,MCCE,bounded,MCCE_bounded,0,no_candidate,,0.0121660232543945,,
AUC,1,aligned,3,304,MCCE,bounded+edit,MCCE_bounded+edit,0,no_candidate,,0.0121660232543945,,
AUC,1,aligned,3,306,NICE,native,NICE_native,0,immutable_changed:Test_2,15.5,0.0039758682250976,0.7,1.0
AUC,1,aligned,3,306,NICE,bounded,NICE_bounded,0,below_policy_threshold;classifier_target_not_met,14.7,0.0039758682250976,0.7,1.0
AUC,1,aligned,3,306,NICE,bounded+edit,NICE_bounded+edit,0,below_policy_threshold;classifier_target_not_met,14.7,0.0039758682250976,0.7,1.0
AUC,1,aligned,3,306,MCCE,native,MCCE_native,0,no_candidate,,0.011648416519165,,
AUC,1,aligned,3,306,MCCE,bounded,MCCE_bounded,0,no_candidate,,0.011648416519165,,
AUC,1,aligned,3,306,MCCE,bounded+edit,MCCE_bounded+edit,0,no_candidate,,0.011648416519165,,
AUC,1,aligned,3,307,NICE,native,NICE_native,0,below_policy_threshold;immutable_changed:Test_1;immutable_changed:Test_2,15.0,0.0054469108581542,0.8,1.0
AUC,1,aligned,3,307,NICE,bounded,NICE_bounded,0,below_policy_threshold;classifier_target_not_met,13.875,0.0054469108581542,0.8,1.0
AUC,1,aligned,3,307,NICE,bounded+edit,NICE_bounded+edit,0,below_policy_threshold;classifier_target_not_met,13.875,0.0054469108581542,0.8,1.0
AUC,1,aligned,3,307,MCCE,native,MCCE_native,0,no_candidate,,0.0114932060241699,,
AUC,1,aligned,3,307,MCCE,bounded,MCCE_bounded,0,no_candidate,,0.0114932060241699,,
AUC,1,aligned,3,307,MCCE,bounded+edit,MCCE_bounded+edit,0,no_candidate,,0.0114932060241699,,
AUC,1,aligned,3,311,NICE,native,NICE_native,0,immutable_changed:Test_2;immutable_changed:Test_3,15.15,0.0052669048309326,0.9,1.0
AUC,1,aligned,3,311,NICE,bounded,NICE_bounded,0,below_policy_threshold;classifier_target_not_met,12.5,0.0052669048309326,0.9,1.0
AUC,1,aligned,3,311,NICE,bounded+edit,NICE_bounded+edit,0,below_policy_threshold;classifier_target_not_met,12.5,0.0052669048309326,0.9,1.0
AUC,1,aligned,3,311,MCCE,native,MCCE_native,0,no_candidate,,0.0151898860931396,,
AUC,1,aligned,3,311,MCCE,bounded,MCCE_bounded,0,no_candidate,,0.0151898860931396,,
AUC,1,aligned,3,311,MCCE,bounded+edit,MCCE_bounded+edit,0,no_candidate,,0.0151898860931396,,
AUC,1,aligned,3,318,NICE,native,NICE_native,0,immutable_changed:Test_2;immutable_changed:Test_3,15.3,0.0052244663238525,0.8099999999999999,1.0
AUC,1,aligned,3,318,NICE,bounded,NICE_bounded,0,below_policy_threshold;classifier_target_not_met,13.8,0.0052244663238525,0.8099999999999999,1.0
AUC,1,aligned,3,318,NICE,bounded+edit,NICE_bounded+edit,0,below_policy_threshold;classifier_target_not_met,13.8,0.0052244663238525,0.8099999999999999,1.0
AUC,1,aligned,3,318,MCCE,native,MCCE_native,0,no_candidate,,0.0115542411804199,,
AUC,1,aligned,3,318,MCCE,bounded,MCCE_bounded,0,no_candidate,,0.0115542411804199,,
AUC,1,aligned,3,318,MCCE,bounded+edit,MCCE_bounded+edit,0,no_candidate,,0.0115542411804199,,
AUC,1,aligned,3,323,NICE,native,NICE_native,0,immutable_changed:Test_2;immutable_changed:Test_3,15.125,0.0053217411041259,0.85,1.0
AUC,1,aligned,3,323,NICE,bounded,NICE_bounded,0,below_policy_threshold;classifier_target_not_met,11.875,0.0053217411041259,0.85,1.0
AUC,1,aligned,3,323,NICE,bounded+edit,NICE_bounded+edit,0,below_policy_threshold;classifier_target_not_met,11.875,0.0053217411041259,0.85,1.0
AUC,1,aligned,3,323,MCCE,native,MCCE_native,0,no_candidate,,0.011643648147583,,
AUC,1,aligned,3,323,MCCE,bounded,MCCE_bounded,0,no_candidate,,0.011643648147583,,
AUC,1,aligned,3,323,MCCE,bounded+edit,MCCE_bounded+edit,0,no_candidate,,0.011643648147583,,
AUC,1,aligned,3,328,NICE,native,NICE_native,0,immutable_changed:Test_2,15.2,0.0038273334503173,0.8,1.0
AUC,1,aligned,3,328,NICE,bounded,NICE_bounded,0,classifier_target_not_met,15.05,0.0038273334503173,0.8,1.0
AUC,1,aligned,3,328,NICE,bounded+edit,NICE_bounded+edit,0,classifier_target_not_met,15.05,0.0038273334503173,0.8,1.0
AUC,1,aligned,3,328,MCCE,native,MCCE_native,0,out_of_bounds:sum_click,15.65,0.0177571773529052,0.9741858574911948,2.0
AUC,1,aligned,3,328,MCCE,bounded,MCCE_bounded,1,OK,15.65,0.0177571773529052,1.1096505012191815,2.0
AUC,1,aligned,3,328,MCCE,bounded+edit,MCCE_bounded+edit,1,OK,15.65,0.0177571773529052,1.1096505012191815,2.0
AUC,1,aligned,3,339,NICE,native,NICE_native,0,below_policy_threshold;immutable_changed:Test_1;immutable_changed:Test_2,14.775,0.0052680969238281,0.85,1.0
AUC,1,aligned,3,339,NICE,bounded,NICE_bounded,0,below_policy_threshold;classifier_target_not_met,13.875,0.0052680969238281,0.85,1.0
AUC,1,aligned,3,339,NICE,bounded+edit,NICE_bounded+edit,0,below_policy_threshold;classifier_target_not_met,13.875,0.0052680969238281,0.85,1.0
AUC,1,aligned,3,339,MCCE,native,MCCE_native,0,no_candidate,,0.0119132995605468,,
AUC,1,aligned,3,339,MCCE,bounded,MCCE_bounded,0,no_candidate,,0.0119132995605468,,
AUC,1,aligned,3,339,MCCE,bounded+edit,MCCE_bounded+edit,0,no_candidate,,0.0119132995605468,,
AUC,1,aligned,3,347,NICE,native,NICE_native,0,below_policy_threshold;immutable_changed:Test_1,14.85,0.0039916038513183,0.8099999999999999,1.0
AUC,1,aligned,3,347,NICE,bounded,NICE_bounded,0,below_policy_threshold;classifier_target_not_met,14.6,0.0039916038513183,0.8099999999999999,1.0
AUC,1,aligned,3,347,NICE,bounded+edit,NICE_bounded+edit,0,below_policy_threshold;classifier_target_not_met,14.6,0.0039916038513183,0.8099999999999999,1.0
AUC,1,aligned,3,347,MCCE,native,MCCE_native,0,out_of_bounds:sum_click,15.05,0.0151643753051757,1.1488960256924932,2.0
AUC,1,aligned,3,347,MCCE,bounded,MCCE_bounded,0,no_candidate,,0.0151643753051757,,
AUC,1,aligned,3,347,MCCE,bounded+edit,MCCE_bounded+edit,0,no_candidate,,0.0151643753051757,,
AUC,1,aligned,3,350,NICE,native,NICE_native,1,OK,15.175,0.0026533603668212,0.85,1.0
AUC,1,aligned,3,350,NICE,bounded,NICE_bounded,1,OK,15.175,0.0026533603668212,0.85,1.0
AUC,1,aligned,3,350,NICE,bounded+edit,NICE_bounded+edit,1,OK,15.175,0.0026533603668212,0.85,1.0
AUC,1,aligned,3,350,MCCE,native,MCCE_native,0,out_of_bounds:sum_click,15.175,0.0178227424621582,0.8875704445835942,2.0
AUC,1,aligned,3,350,MCCE,bounded,MCCE_bounded,1,OK,15.175,0.0178227424621582,0.9585368399081612,2.0
AUC,1,aligned,3,350,MCCE,bounded+edit,MCCE_bounded+edit,1,OK,15.175,0.0178227424621582,0.9585368399081612,2.0
AUC,1,aligned,3,352,NICE,native,NICE_native,0,below_policy_threshold;immutable_changed:Test_3,14.65,0.0039753913879394,0.93,1.0
AUC,1,aligned,3,352,NICE,bounded,NICE_bounded,0,below_policy_threshold;classifier_target_not_met,13.9,0.0039753913879394,0.93,1.0
AUC,1,aligned,3,352,NICE,bounded+edit,NICE_bounded+edit,0,below_policy_threshold;classifier_target_not_met,13.9,0.0039753913879394,0.93,1.0
AUC,1,aligned,3,352,MCCE,native,MCCE_native,0,no_candidate,,0.0115342140197753,,
AUC,1,aligned,3,352,MCCE,bounded,MCCE_bounded,0,no_candidate,,0.0115342140197753,,
AUC,1,aligned,3,352,MCCE,bounded+edit,MCCE_bounded+edit,0,no_candidate,,0.0115342140197753,,
AUC,1,aligned,3,354,NICE,native,NICE_native,0,below_policy_threshold,14.725,0.0026657581329345,0.85,1.0
AUC,1,aligned,3,354,NICE,bounded,NICE_bounded,0,below_policy_threshold,14.725,0.0026657581329345,0.85,1.0
AUC,1,aligned,3,354,NICE,bounded+edit,NICE_bounded+edit,0,below_policy_threshold,14.725,0.0026657581329345,0.85,1.0
AUC,1,aligned,3,354,MCCE,native,MCCE_native,0,below_policy_threshold,14.825,0.0177032947540283,0.8911939244083362,2.0
AUC,1,aligned,3,354,MCCE,bounded,MCCE_bounded,0,below_policy_threshold,14.825,0.0177032947540283,0.8911939244083362,2.0
AUC,1,aligned,3,354,MCCE,bounded+edit,MCCE_bounded+edit,0,below_policy_threshold,14.825,0.0177032947540283,0.8911939244083362,2.0
AUC,1,aligned,3,359,NICE,native,NICE_native,0,below_policy_threshold;immutable_changed:Test_1;immutable_changed:Test_2,15.0,0.0053865909576416,0.8,1.0
AUC,1,aligned,3,359,NICE,bounded,NICE_bounded,0,below_policy_threshold;classifier_target_not_met,14.5875,0.0053865909576416,0.8,1.0
AUC,1,aligned,3,359,NICE,bounded+edit,NICE_bounded+edit,0,below_policy_threshold;classifier_target_not_met,14.5875,0.0053865909576416,0.8,1.0
AUC,1,aligned,3,359,MCCE,native,MCCE_native,1,OK,15.3375,0.0176591873168945,1.024423220044654,2.0
AUC,1,aligned,3,359,MCCE,bounded,MCCE_bounded,1,OK,15.3375,0.0176591873168945,1.024423220044654,2.0
AUC,1,aligned,3,359,MCCE,bounded+edit,MCCE_bounded+edit,1,OK,15.3375,0.0176591873168945,1.024423220044654,2.0
AUC,1,aligned,3,360,NICE,native,NICE_native,0,below_policy_threshold;immutable_changed:Test_2;immutable_changed:Test_3,14.975,0.0054132938385009,0.85,1.0
AUC,1,aligned,3,360,NICE,bounded,NICE_bounded,0,below_policy_threshold;classifier_target_not_met,6.475,0.0054132938385009,0.85,1.0
AUC,1,aligned,3,360,NICE,bounded+edit,NICE_bounded+edit,0,below_policy_threshold;classifier_target_not_met,6.475,0.0054132938385009,0.85,1.0
AUC,1,aligned,3,360,MCCE,native,MCCE_native,0,no_candidate,,0.0119514465332031,,
AUC,1,aligned,3,360,MCCE,bounded,MCCE_bounded,0,no_candidate,,0.0119514465332031,,
AUC,1,aligned,3,360,MCCE,bounded+edit,MCCE_bounded+edit,0,no_candidate,,0.0119514465332031,,
AUC,1,aligned,3,363,NICE,native,NICE_native,1,OK,15.025,0.0028803348541259,0.8,1.0
AUC,1,aligned,3,363,NICE,bounded,NICE_bounded,1,OK,15.025,0.0028803348541259,0.8,1.0
AUC,1,aligned,3,363,NICE,bounded+edit,NICE_bounded+edit,1,OK,15.025,0.0028803348541259,0.8,1.0
AUC,1,aligned,3,363,MCCE,native,MCCE_native,0,out_of_bounds:sum_click,15.275,0.0150794982910156,5.432210242587612,2.0
AUC,1,aligned,3,363,MCCE,bounded,MCCE_bounded,0,no_candidate,,0.0150794982910156,,
AUC,1,aligned,3,363,MCCE,bounded+edit,MCCE_bounded+edit,0,no_candidate,,0.0150794982910156,,
AUC,1,aligned,3,379,NICE,native,NICE_native,0,below_policy_threshold;immutable_changed:Test_2;immutable_changed:Test_3,14.5,0.0111205577850341,0.85,1.0
AUC,1,aligned,3,379,NICE,bounded,NICE_bounded,0,below_policy_threshold;classifier_target_not_met,8.0,0.0111205577850341,0.85,1.0
AUC,1,aligned,3,379,NICE,bounded+edit,NICE_bounded+edit,0,below_policy_threshold;classifier_target_not_met,8.0,0.0111205577850341,0.85,1.0
AUC,1,aligned,3,379,MCCE,native,MCCE_native,0,no_candidate,,0.0127439498901367,,
AUC,1,aligned,3,379,MCCE,bounded,MCCE_bounded,0,no_candidate,,0.0127439498901367,,
AUC,1,aligned,3,379,MCCE,bounded+edit,MCCE_bounded+edit,0,no_candidate,,0.0127439498901367,,
AUC,1,aligned,3,382,NICE,native,NICE_native,0,below_policy_threshold;immutable_changed:Test_2,14.9,0.0044422149658203,0.8,1.0
AUC,1,aligned,3,382,NICE,bounded,NICE_bounded,0,below_policy_threshold;classifier_target_not_met,12.3,0.0044422149658203,0.8,1.0
AUC,1,aligned,3,382,NICE,bounded+edit,NICE_bounded+edit,0,below_policy_threshold;classifier_target_not_met,12.3,0.0044422149658203,0.8,1.0
AUC,1,aligned,3,382,MCCE,native,MCCE_native,0,no_candidate,,0.0123462677001953,,
AUC,1,aligned,3,382,MCCE,bounded,MCCE_bounded,0,no_candidate,,0.0123462677001953,,
AUC,1,aligned,3,382,MCCE,bounded+edit,MCCE_bounded+edit,0,no_candidate,,0.0123462677001953,,
AUC,1,aligned,3,400,NICE,native,NICE_native,1,OK,15.175,0.0027976036071777,0.85,1.0
AUC,1,aligned,3,400,NICE,bounded,NICE_bounded,1,OK,15.175,0.0027976036071777,0.85,1.0
AUC,1,aligned,3,400,NICE,bounded+edit,NICE_bounded+edit,1,OK,15.175,0.0027976036071777,0.85,1.0
AUC,1,aligned,3,400,MCCE,native,MCCE_native,1,OK,15.175,0.0186491012573242,0.8853122930920326,2.0
AUC,1,aligned,3,400,MCCE,bounded,MCCE_bounded,1,OK,15.175,0.0186491012573242,0.8853122930920326,2.0
AUC,1,aligned,3,400,MCCE,bounded+edit,MCCE_bounded+edit,1,OK,15.175,0.0186491012573242,0.8853122930920326,2.0
AUC,1,aligned,3,432,NICE,native,NICE_native,0,below_policy_threshold;immutable_changed:Test_1,14.85,0.004284381866455,0.8699999999999999,1.0
AUC,1,aligned,3,432,NICE,bounded,NICE_bounded,0,below_policy_threshold;classifier_target_not_met,14.6,0.004284381866455,0.8699999999999999,1.0
AUC,1,aligned,3,432,NICE,bounded+edit,NICE_bounded+edit,0,below_policy_threshold;classifier_target_not_met,14.6,0.004284381866455,0.8699999999999999,1.0
AUC,1,aligned,3,432,MCCE,native,MCCE_native,0,no_candidate,,0.0118868350982666,,
AUC,1,aligned,3,432,MCCE,bounded,MCCE_bounded,0,no_candidate,,0.0118868350982666,,
AUC,1,aligned,3,432,MCCE,bounded+edit,MCCE_bounded+edit,0,no_candidate,,0.0118868350982666,,
AUC,1,aligned,3,447,NICE,native,NICE_native,0,below_policy_threshold;immutable_changed:Test_2,14.825,0.0041182041168212,0.85,1.0
AUC,1,aligned,3,447,NICE,bounded,NICE_bounded,0,below_policy_threshold;classifier_target_not_met,14.225,0.0041182041168212,0.85,1.0
AUC,1,aligned,3,447,NICE,bounded+edit,NICE_bounded+edit,0,below_policy_threshold;classifier_target_not_met,14.225,0.0041182041168212,0.85,1.0
AUC,1,aligned,3,447,MCCE,native,MCCE_native,0,no_candidate,,0.0129039287567138,,
AUC,1,aligned,3,447,MCCE,bounded,MCCE_bounded,0,no_candidate,,0.0129039287567138,,
AUC,1,aligned,3,447,MCCE,bounded+edit,MCCE_bounded+edit,0,no_candidate,,0.0129039287567138,,
AUC,1,aligned,3,452,NICE,native,NICE_native,0,immutable_changed:Test_2,15.35,0.0049457550048828,0.8,1.0
AUC,1,aligned,3,452,NICE,bounded,NICE_bounded,0,classifier_target_not_met,15.2,0.0049457550048828,0.8,1.0
AUC,1,aligned,3,452,NICE,bounded+edit,NICE_bounded+edit,0,classifier_target_not_met,15.2,0.0049457550048828,0.8,1.0
AUC,1,aligned,3,452,MCCE,native,MCCE_native,1,OK,15.3,0.018355369567871,0.8524750637903038,2.0
AUC,1,aligned,3,452,MCCE,bounded,MCCE_bounded,1,OK,15.3,0.018355369567871,0.8524750637903038,2.0
AUC,1,aligned,3,452,MCCE,bounded+edit,MCCE_bounded+edit,1,OK,15.3,0.018355369567871,0.8524750637903038,2.0
AUC,1,aligned,3,455,NICE,native,NICE_native,0,immutable_changed:Test_2,15.2,0.0041630268096923,0.8,1.0
AUC,1,aligned,3,455,NICE,bounded,NICE_bounded,0,below_policy_threshold;classifier_target_not_met,15.0,0.0041630268096923,0.8,1.0
AUC,1,aligned,3,455,NICE,bounded+edit,NICE_bounded+edit,0,below_policy_threshold;classifier_target_not_met,15.0,0.0041630268096923,0.8,1.0
AUC,1,aligned,3,455,MCCE,native,MCCE_native,1,OK,15.25,0.0182011127471923,0.8862428269405014,2.0
AUC,1,aligned,3,455,MCCE,bounded,MCCE_bounded,1,OK,15.25,0.0182011127471923,0.8862428269405014,2.0
AUC,1,aligned,3,455,MCCE,bounded+edit,MCCE_bounded+edit,1,OK,15.25,0.0182011127471923,0.8862428269405014,2.0
AUC,1,aligned,3,460,NICE,native,NICE_native,0,below_policy_threshold,14.975,0.002866506576538,0.85,1.0
AUC,1,aligned,3,460,NICE,bounded,NICE_bounded,0,below_policy_threshold,14.975,0.002866506576538,0.85,1.0
AUC,1,aligned,3,460,NICE,bounded+edit,NICE_bounded+edit,0,below_policy_threshold,14.975,0.002866506576538,0.85,1.0
AUC,1,aligned,3,460,MCCE,native,MCCE_native,0,out_of_bounds:sum_click,15.225,0.0177879333496093,0.9938141307534448,2.0
AUC,1,aligned,3,460,MCCE,bounded,MCCE_bounded,1,OK,15.225,0.0177879333496093,1.175579009088244,2.0
AUC,1,aligned,3,460,MCCE,bounded+edit,MCCE_bounded+edit,1,OK,15.225,0.0177879333496093,1.175579009088244,2.0
AUC,1,aligned,3,464,NICE,native,NICE_native,0,below_policy_threshold;immutable_changed:Test_2,14.95,0.0043883323669433,0.85,1.0
AUC,1,aligned,3,464,NICE,bounded,NICE_bounded,0,below_policy_threshold;classifier_target_not_met,14.6,0.0043883323669433,0.85,1.0
AUC,1,aligned,3,464,NICE,bounded+edit,NICE_bounded+edit,0,below_policy_threshold;classifier_target_not_met,14.6,0.0043883323669433,0.85,1.0
AUC,1,aligned,3,464,MCCE,native,MCCE_native,0,no_candidate,,0.0125160217285156,,
AUC,1,aligned,3,464,MCCE,bounded,MCCE_bounded,0,no_candidate,,0.0125160217285156,,
AUC,1,aligned,3,464,MCCE,bounded+edit,MCCE_bounded+edit,0,no_candidate,,0.0125160217285156,,
AUC,1,aligned,3,473,NICE,native,NICE_native,0,immutable_changed:Test_2,15.25,0.0040516853332519,0.85,1.0
AUC,1,aligned,3,473,NICE,bounded,NICE_bounded,0,below_policy_threshold;classifier_target_not_met,14.8,0.0040516853332519,0.85,1.0
AUC,1,aligned,3,473,NICE,bounded+edit,NICE_bounded+edit,0,below_policy_threshold;classifier_target_not_met,14.8,0.0040516853332519,0.85,1.0
AUC,1,aligned,3,473,MCCE,native,MCCE_native,0,out_of_bounds:sum_click,15.15,0.018580675125122,0.9580469245402664,2.0
AUC,1,aligned,3,473,MCCE,bounded,MCCE_bounded,1,OK,15.15,0.018580675125122,0.9834115409004438,2.0
AUC,1,aligned,3,473,MCCE,bounded+edit,MCCE_bounded+edit,1,OK,15.15,0.018580675125122,0.9834115409004438,2.0
AUC,1,aligned,3,482,NICE,native,NICE_native,0,below_policy_threshold;immutable_changed:Test_1;immutable_changed:Test_2,11.025,0.0061814785003662,0.85,1.0
AUC,1,aligned,3,482,NICE,bounded,NICE_bounded,0,below_policy_threshold;classifier_target_not_met,5.75,0.0061814785003662,0.85,1.0
AUC,1,aligned,3,482,NICE,bounded+edit,NICE_bounded+edit,0,below_policy_threshold;classifier_target_not_met,5.75,0.0061814785003662,0.85,1.0
AUC,1,aligned,3,482,MCCE,native,MCCE_native,0,no_candidate,,0.0118098258972167,,
AUC,1,aligned,3,482,MCCE,bounded,MCCE_bounded,0,no_candidate,,0.0118098258972167,,
AUC,1,aligned,3,482,MCCE,bounded+edit,MCCE_bounded+edit,0,no_candidate,,0.0118098258972167,,
AUC,1,aligned,3,500,NICE,native,NICE_native,0,below_policy_threshold;immutable_changed:Test_2,15.0,0.0041921138763427,0.85,1.0
AUC,1,aligned,3,500,NICE,bounded,NICE_bounded,0,below_policy_threshold;classifier_target_not_met,14.5,0.0041921138763427,0.85,1.0
AUC,1,aligned,3,500,NICE,bounded+edit,NICE_bounded+edit,0,below_policy_threshold;classifier_target_not_met,14.5,0.0041921138763427,0.85,1.0
AUC,1,aligned,3,500,MCCE,native,MCCE_native,0,no_candidate,,0.0119366645812988,,
AUC,1,aligned,3,500,MCCE,bounded,MCCE_bounded,0,no_candidate,,0.0119366645812988,,
AUC,1,aligned,3,500,MCCE,bounded+edit,MCCE_bounded+edit,0,no_candidate,,0.0119366645812988,,
AUC,1,aligned,3,501,NICE,native,NICE_native,0,below_policy_threshold;immutable_changed:Test_2;immutable_changed:Test_3,13.15,0.005704641342163,0.9,1.0
AUC,1,aligned,3,501,NICE,bounded,NICE_bounded,0,below_policy_threshold;classifier_target_not_met,4.5,0.005704641342163,0.9,1.0
AUC,1,aligned,3,501,NICE,bounded+edit,NICE_bounded+edit,0,below_policy_threshold;classifier_target_not_met,4.5,0.005704641342163,0.9,1.0
AUC,1,aligned,3,501,MCCE,native,MCCE_native,0,no_candidate,,0.0117626190185546,,
AUC,1,aligned,3,501,MCCE,bounded,MCCE_bounded,0,no_candidate,,0.0117626190185546,,
AUC,1,aligned,3,501,MCCE,bounded+edit,MCCE_bounded+edit,0,no_candidate,,0.0117626190185546,,
AUC,1,aligned,3,502,NICE,native,NICE_native,0,below_policy_threshold;immutable_changed:Test_1;immutable_changed:Test_2,14.725,0.0054240226745605,0.85,1.0
AUC,1,aligned,3,502,NICE,bounded,NICE_bounded,0,below_policy_threshold;classifier_target_not_met,13.8,0.0054240226745605,0.85,1.0
AUC,1,aligned,3,502,NICE,bounded+edit,NICE_bounded+edit,0,below_policy_threshold;classifier_target_not_met,13.8,0.0054240226745605,0.85,1.0
AUC,1,aligned,3,502,MCCE,native,MCCE_native,0,no_candidate,,0.0127334594726562,,
AUC,1,aligned,3,502,MCCE,bounded,MCCE_bounded,0,no_candidate,,0.0127334594726562,,
AUC,1,aligned,3,502,MCCE,bounded+edit,MCCE_bounded+edit,0,no_candidate,,0.0127334594726562,,
AUC,1,aligned,3,517,NICE,native,NICE_native,0,below_policy_threshold;immutable_changed:Test_2,14.725,0.0044636726379394,0.85,1.0
AUC,1,aligned,3,517,NICE,bounded,NICE_bounded,0,below_policy_threshold;classifier_target_not_met,13.775,0.0044636726379394,0.85,1.0
AUC,1,aligned,3,517,NICE,bounded+edit,NICE_bounded+edit,0,below_policy_threshold;classifier_target_not_met,13.775,0.0044636726379394,0.85,1.0
AUC,1,aligned,3,517,MCCE,native,MCCE_native,0,no_candidate,,0.0120048522949218,,
AUC,1,aligned,3,517,MCCE,bounded,MCCE_bounded,0,no_candidate,,0.0120048522949218,,
AUC,1,aligned,3,517,MCCE,bounded+edit,MCCE_bounded+edit,0,no_candidate,,0.0120048522949218,,
AUC,1,aligned,3,527,NICE,native,NICE_native,0,immutable_changed:Test_2,15.625,0.0041766166687011,0.8,1.0
AUC,1,aligned,3,527,NICE,bounded,NICE_bounded,0,classifier_target_not_met,15.275,0.0041766166687011,0.8,1.0
AUC,1,aligned,3,527,NICE,bounded+edit,NICE_bounded+edit,0,classifier_target_not_met,15.275,0.0041766166687011,0.8,1.0
AUC,1,aligned,3,527,MCCE,native,MCCE_native,0,no_candidate,,0.0123248100280761,,
AUC,1,aligned,3,527,MCCE,bounded,MCCE_bounded,0,no_candidate,,0.0123248100280761,,
AUC,1,aligned,3,527,MCCE,bounded+edit,MCCE_bounded+edit,0,no_candidate,,0.0123248100280761,,
AUC,1,aligned,3,531,NICE,native,NICE_native,0,immutable_changed:Test_1;immutable_changed:Test_2,15.2,0.0054163932800292,0.8,1.0
AUC,1,aligned,3,531,NICE,bounded,NICE_bounded,0,below_policy_threshold;classifier_target_not_met,14.4,0.0054163932800292,0.8,1.0
AUC,1,aligned,3,531,NICE,bounded+edit,NICE_bounded+edit,0,below_policy_threshold;classifier_target_not_met,14.4,0.0054163932800292,0.8,1.0
AUC,1,aligned,3,531,MCCE,native,MCCE_native,0,below_policy_threshold;out_of_bounds:sum_click,14.9,0.0154821872711181,2.2040143185885968,2.0
AUC,1,aligned,3,531,MCCE,bounded,MCCE_bounded,0,no_candidate,,0.0154821872711181,,
AUC,1,aligned,3,531,MCCE,bounded+edit,MCCE_bounded+edit,0,no_candidate,,0.0154821872711181,,
AUC,1,aligned,3,537,NICE,native,NICE_native,0,immutable_changed:Test_2;immutable_changed:Test_3,15.275,0.0053992271423339,0.8,1.0
AUC,1,aligned,3,537,NICE,bounded,NICE_bounded,0,below_policy_threshold;classifier_target_not_met,13.225,0.0053992271423339,0.8,1.0
AUC,1,aligned,3,537,NICE,bounded+edit,NICE_bounded+edit,0,below_policy_threshold;classifier_target_not_met,13.225,0.0053992271423339,0.8,1.0
AUC,1,aligned,3,537,MCCE,native,MCCE_native,0,no_candidate,,0.0121474266052246,,
AUC,1,aligned,3,537,MCCE,bounded,MCCE_bounded,0,no_candidate,,0.0121474266052246,,
AUC,1,aligned,3,537,MCCE,bounded+edit,MCCE_bounded+edit,0,no_candidate,,0.0121474266052246,,
AUC,1,aligned,3,546,NICE,native,NICE_native,0,below_policy_threshold,14.9,0.0028645992279052,0.85,1.0
AUC,1,aligned,3,546,NICE,bounded,NICE_bounded,0,below_policy_threshold,14.9,0.0028645992279052,0.85,1.0
AUC,1,aligned,3,546,NICE,bounded+edit,NICE_bounded+edit,0,below_policy_threshold,14.9,0.0028645992279052,0.85,1.0
AUC,1,aligned,3,546,MCCE,native,MCCE_native,0,below_policy_threshold,14.9,0.0177836418151855,0.9022056904202558,2.0
AUC,1,aligned,3,546,MCCE,bounded,MCCE_bounded,0,below_policy_threshold,14.9,0.0177836418151855,0.9022056904202558,2.0
AUC,1,aligned,3,546,MCCE,bounded+edit,MCCE_bounded+edit,0,below_policy_threshold,14.9,0.0177836418151855,0.9022056904202558,2.0
AUC,1,aligned,3,551,NICE,native,NICE_native,0,immutable_changed:Test_3,15.025,0.0040407180786132,0.85,1.0
AUC,1,aligned,3,551,NICE,bounded,NICE_bounded,0,below_policy_threshold;classifier_target_not_met,14.675,0.0040407180786132,0.85,1.0
AUC,1,aligned,3,551,NICE,bounded+edit,NICE_bounded+edit,0,below_policy_threshold;classifier_target_not_met,14.675,0.0040407180786132,0.85,1.0
AUC,1,aligned,3,551,MCCE,native,MCCE_native,0,below_policy_threshold,14.925,0.0184969902038574,0.9685144814699472,2.0
AUC,1,aligned,3,551,MCCE,bounded,MCCE_bounded,0,below_policy_threshold,14.925,0.0184969902038574,0.9685144814699472,2.0
AUC,1,aligned,3,551,MCCE,bounded+edit,MCCE_bounded+edit,0,below_policy_threshold,14.925,0.0184969902038574,0.9685144814699472,2.0
AUC,1,aligned,3,575,NICE,native,NICE_native,0,immutable_changed:Test_2;immutable_changed:Test_3,15.025,0.0054771900177001,0.9,1.0
AUC,1,aligned,3,575,NICE,bounded,NICE_bounded,0,below_policy_threshold;classifier_target_not_met,6.775,0.0054771900177001,0.9,1.0
AUC,1,aligned,3,575,NICE,bounded+edit,NICE_bounded+edit,0,below_policy_threshold;classifier_target_not_met,6.775,0.0054771900177001,0.9,1.0
AUC,1,aligned,3,575,MCCE,native,MCCE_native,0,no_candidate,,0.0144829750061035,,
AUC,1,aligned,3,575,MCCE,bounded,MCCE_bounded,0,no_candidate,,0.0144829750061035,,
AUC,1,aligned,3,575,MCCE,bounded+edit,MCCE_bounded+edit,0,no_candidate,,0.0144829750061035,,
AUC,1,aligned,3,577,NICE,native,NICE_native,0,immutable_changed:Test_1,15.075,0.0042955875396728,0.85,1.0
AUC,1,aligned,3,577,NICE,bounded,NICE_bounded,0,below_policy_threshold;classifier_target_not_met,14.8,0.0042955875396728,0.85,1.0
AUC,1,aligned,3,577,NICE,bounded+edit,NICE_bounded+edit,0,below_policy_threshold;classifier_target_not_met,14.8,0.0042955875396728,0.85,1.0
AUC,1,aligned,3,577,MCCE,native,MCCE_native,0,out_of_bounds:sum_click,15.05,0.0176289081573486,0.9264842198190244,2.0
AUC,1,aligned,3,577,MCCE,bounded,MCCE_bounded,1,OK,15.05,0.0176289081573486,0.9882807327300815,2.0
AUC,1,aligned,3,577,MCCE,bounded+edit,MCCE_bounded+edit,1,OK,15.05,0.0176289081573486,0.9882807327300815,2.0
AUC,1,aligned,3,592,NICE,native,NICE_native,0,below_policy_threshold;immutable_changed:Test_1;immutable_changed:Test_2,11.025,0.0056452751159667,0.85,1.0
AUC,1,aligned,3,592,NICE,bounded,NICE_bounded,0,below_policy_threshold;classifier_target_not_met,4.25,0.0056452751159667,0.85,1.0
AUC,1,aligned,3,592,NICE,bounded+edit,NICE_bounded+edit,0,below_policy_threshold;classifier_target_not_met,4.25,0.0056452751159667,0.85,1.0
AUC,1,aligned,3,592,MCCE,native,MCCE_native,0,no_candidate,,0.012054443359375,,
AUC,1,aligned,3,592,MCCE,bounded,MCCE_bounded,0,no_candidate,,0.012054443359375,,
AUC,1,aligned,3,592,MCCE,bounded+edit,MCCE_bounded+edit,0,no_candidate,,0.012054443359375,,
AUC,1,aligned,3,604,NICE,native,NICE_native,1,OK,15.25,0.0026319026947021,0.85,1.0
AUC,1,aligned,3,604,NICE,bounded,NICE_bounded,1,OK,15.25,0.0026319026947021,0.85,1.0
AUC,1,aligned,3,604,NICE,bounded+edit,NICE_bounded+edit,1,OK,15.25,0.0026319026947021,0.85,1.0
AUC,1,aligned,3,604,MCCE,native,MCCE_native,1,OK,15.5,0.018265962600708,0.9159957344708078,2.0
AUC,1,aligned,3,604,MCCE,bounded,MCCE_bounded,1,OK,15.5,0.018265962600708,0.9159957344708078,2.0
AUC,1,aligned,3,604,MCCE,bounded+edit,MCCE_bounded+edit,1,OK,15.5,0.018265962600708,0.9159957344708078,2.0
AUC,1,aligned,3,607,NICE,native,NICE_native,0,below_policy_threshold;immutable_changed:Test_1;immutable_changed:Test_2,11.025,0.0057203769683837,0.85,1.0
AUC,1,aligned,3,607,NICE,bounded,NICE_bounded,0,below_policy_threshold;classifier_target_not_met,4.25,0.0057203769683837,0.85,1.0
AUC,1,aligned,3,607,NICE,bounded+edit,NICE_bounded+edit,0,below_policy_threshold;classifier_target_not_met,4.25,0.0057203769683837,0.85,1.0
AUC,1,aligned,3,607,MCCE,native,MCCE_native,0,no_candidate,,0.0128066539764404,,
AUC,1,aligned,3,607,MCCE,bounded,MCCE_bounded,0,no_candidate,,0.0128066539764404,,
AUC,1,aligned,3,607,MCCE,bounded+edit,MCCE_bounded+edit,0,no_candidate,,0.0128066539764404,,
AUC,1,aligned,3,609,NICE,native,NICE_native,0,below_policy_threshold;immutable_changed:Test_1;immutable_changed:Test_2,11.025,0.0054538249969482,0.85,1.0
AUC,1,aligned,3,609,NICE,bounded,NICE_bounded,0,below_policy_threshold;classifier_target_not_met,5.5,0.0054538249969482,0.85,1.0
AUC,1,aligned,3,609,NICE,bounded+edit,NICE_bounded+edit,0,below_policy_threshold;classifier_target_not_met,5.5,0.0054538249969482,0.85,1.0
AUC,1,aligned,3,609,MCCE,native,MCCE_native,0,no_candidate,,0.0121748447418212,,
AUC,1,aligned,3,609,MCCE,bounded,MCCE_bounded,0,no_candidate,,0.0121748447418212,,
AUC,1,aligned,3,609,MCCE,bounded+edit,MCCE_bounded+edit,0,no_candidate,,0.0121748447418212,,
AUC,1,aligned,3,625,NICE,native,NICE_native,0,below_policy_threshold;immutable_changed:Test_1;immutable_changed:Test_2,14.925,0.0059812068939208,0.85,1.0
AUC,1,aligned,3,625,NICE,bounded,NICE_bounded,0,below_policy_threshold;classifier_target_not_met,13.15,0.0059812068939208,0.85,1.0
AUC,1,aligned,3,625,NICE,bounded+edit,NICE_bounded+edit,0,below_policy_threshold;classifier_target_not_met,13.15,0.0059812068939208,0.85,1.0
AUC,1,aligned,3,625,MCCE,native,MCCE_native,0,no_candidate,,0.0119946002960205,,
AUC,1,aligned,3,625,MCCE,bounded,MCCE_bounded,0,no_candidate,,0.0119946002960205,,
AUC,1,aligned,3,625,MCCE,bounded+edit,MCCE_bounded+edit,0,no_candidate,,0.0119946002960205,,
AUC,1,aligned,3,650,NICE,native,NICE_native,0,below_policy_threshold;immutable_changed:Test_2;immutable_changed:Test_3,14.65,0.0054190158843994,0.9,1.0
AUC,1,aligned,3,650,NICE,bounded,NICE_bounded,0,below_policy_threshold;classifier_target_not_met,12.0,0.0054190158843994,0.9,1.0
AUC,1,aligned,3,650,NICE,bounded+edit,NICE_bounded+edit,0,below_policy_threshold;classifier_target_not_met,12.0,0.0054190158843994,0.9,1.0
AUC,1,aligned,3,650,MCCE,native,MCCE_native,0,no_candidate,,0.0121960639953613,,
AUC,1,aligned,3,650,MCCE,bounded,MCCE_bounded,0,no_candidate,,0.0121960639953613,,
AUC,1,aligned,3,650,MCCE,bounded+edit,MCCE_bounded+edit,0,no_candidate,,0.0121960639953613,,
AUC,1,aligned,3,654,NICE,native,NICE_native,0,below_policy_threshold;immutable_changed:Test_2,11.0,0.0042903423309326,0.85,1.0
AUC,1,aligned,3,654,NICE,bounded,NICE_bounded,0,below_policy_threshold;classifier_target_not_met,6.5,0.0042903423309326,0.85,1.0
AUC,1,aligned,3,654,NICE,bounded+edit,NICE_bounded+edit,0,below_policy_threshold;classifier_target_not_met,6.5,0.0042903423309326,0.85,1.0
AUC,1,aligned,3,654,MCCE,native,MCCE_native,0,no_candidate,,0.0124268531799316,,
AUC,1,aligned,3,654,MCCE,bounded,MCCE_bounded,0,no_candidate,,0.0124268531799316,,
AUC,1,aligned,3,654,MCCE,bounded+edit,MCCE_bounded+edit,0,no_candidate,,0.0124268531799316,,
AUC,1,aligned,3,656,NICE,native,NICE_native,0,below_policy_threshold;immutable_changed:Test_1;immutable_changed:Test_2,14.125,0.0055797100067138,0.85,1.0
AUC,1,aligned,3,656,NICE,bounded,NICE_bounded,0,below_policy_threshold;classifier_target_not_met,11.1,0.0055797100067138,0.85,1.0
AUC,1,aligned,3,656,NICE,bounded+edit,NICE_bounded+edit,0,below_policy_threshold;classifier_target_not_met,11.1,0.0055797100067138,0.85,1.0
AUC,1,aligned,3,656,MCCE,native,MCCE_native,0,no_candidate,,0.0335814952850341,,
AUC,1,aligned,3,656,MCCE,bounded,MCCE_bounded,0,no_candidate,,0.0335814952850341,,
AUC,1,aligned,3,656,MCCE,bounded+edit,MCCE_bounded+edit,0,no_candidate,,0.0335814952850341,,
AUC,1,aligned,3,657,NICE,native,NICE_native,0,below_policy_threshold;immutable_changed:Test_1;immutable_changed:Test_2,11.025,0.012115478515625,0.85,1.0
AUC,1,aligned,3,657,NICE,bounded,NICE_bounded,0,below_policy_threshold;classifier_target_not_met,4.25,0.012115478515625,0.85,1.0
AUC,1,aligned,3,657,NICE,bounded+edit,NICE_bounded+edit,0,below_policy_threshold;classifier_target_not_met,4.25,0.012115478515625,0.85,1.0
AUC,1,aligned,3,657,MCCE,native,MCCE_native,0,no_candidate,,0.013101577758789,,
AUC,1,aligned,3,657,MCCE,bounded,MCCE_bounded,0,no_candidate,,0.013101577758789,,
AUC,1,aligned,3,657,MCCE,bounded+edit,MCCE_bounded+edit,0,no_candidate,,0.013101577758789,,
AUC,1,aligned,3,663,NICE,native,NICE_native,0,below_policy_threshold;immutable_changed:Test_1;immutable_changed:Test_2,11.025,0.0059809684753417,0.85,1.0
AUC,1,aligned,3,663,NICE,bounded,NICE_bounded,0,below_policy_threshold;classifier_target_not_met,6.2,0.0059809684753417,0.85,1.0
AUC,1,aligned,3,663,NICE,bounded+edit,NICE_bounded+edit,0,below_policy_threshold;classifier_target_not_met,6.2,0.0059809684753417,0.85,1.0
AUC,1,aligned,3,663,MCCE,native,MCCE_native,0,no_candidate,,0.0136833190917968,,
AUC,1,aligned,3,663,MCCE,bounded,MCCE_bounded,0,no_candidate,,0.0136833190917968,,
AUC,1,aligned,3,663,MCCE,bounded+edit,MCCE_bounded+edit,0,no_candidate,,0.0136833190917968,,
AUC,1,aligned,3,664,NICE,native,NICE_native,0,below_policy_threshold,11.125,0.0028994083404541,0.85,1.0
AUC,1,aligned,3,664,NICE,bounded,NICE_bounded,0,below_policy_threshold,11.125,0.0028994083404541,0.85,1.0
AUC,1,aligned,3,664,NICE,bounded+edit,NICE_bounded+edit,0,below_policy_threshold,11.125,0.0028994083404541,0.85,1.0
AUC,1,aligned,3,664,MCCE,native,MCCE_native,0,no_candidate,,0.0143849849700927,,
AUC,1,aligned,3,664,MCCE,bounded,MCCE_bounded,0,no_candidate,,0.0143849849700927,,
AUC,1,aligned,3,664,MCCE,bounded+edit,MCCE_bounded+edit,0,no_candidate,,0.0143849849700927,,
AUC,1,aligned,3,667,NICE,native,NICE_native,0,below_policy_threshold;immutable_changed:Test_2,11.175,0.0056884288787841,0.82,1.0
AUC,1,aligned,3,667,NICE,bounded,NICE_bounded,0,below_policy_threshold;classifier_target_not_met,6.475,0.0056884288787841,0.82,1.0
AUC,1,aligned,3,667,NICE,bounded+edit,NICE_bounded+edit,0,below_policy_threshold;classifier_target_not_met,6.475,0.0056884288787841,0.82,1.0
AUC,1,aligned,3,667,MCCE,native,MCCE_native,0,no_candidate,,0.0141706466674804,,
AUC,1,aligned,3,667,MCCE,bounded,MCCE_bounded,0,no_candidate,,0.0141706466674804,,
AUC,1,aligned,3,667,MCCE,bounded+edit,MCCE_bounded+edit,0,no_candidate,,0.0141706466674804,,
