dataset,seed,regime,stage,query,method,variant,condition,accepted,reasons,policy_score,seconds,effort,sparsity,vector
HarvardX,2,aligned,0,5,NICE,native,NICE_native,0,out_of_bounds:nevents,0.0,0.004862785339355469,0.07919254658385093,2.0,"{""nevents"": 9.0, ""ndays_act"": 7.0, ""nchapters"": 12.0}"
HarvardX,2,aligned,0,5,NICE,bounded,NICE_bounded,0,classifier_target_not_met,0.0,0.004862785339355469,0.03571428571428571,1.0,"{""nevents"": 39.0, ""ndays_act"": 7.0, ""nchapters"": 12.0}"
HarvardX,2,aligned,0,5,NICE,bounded+edit,NICE_bounded+edit,0,classifier_target_not_met,0.0,0.004862785339355469,0.03571428571428571,1.0,"{""nevents"": 39.0, ""ndays_act"": 7.0, ""nchapters"": 12.0}"
HarvardX,2,aligned,0,5,MCCE,native,MCCE_native,0,out_of_bounds:nevents,0.0,0.05517315864562988,0.1274327122153209,2.0,"{""nevents"": 25.0, ""ndays_act"": 11.0, ""nchapters"": 12.0}"
HarvardX,2,aligned,0,5,MCCE,bounded,MCCE_bounded,1,OK,0.0,0.05517315864562988,0.15590062111801242,2.0,"{""nevents"": 48.0, ""ndays_act"": 13.0, ""nchapters"": 12.0}"
HarvardX,2,aligned,0,5,MCCE,bounded+edit,MCCE_bounded+edit,1,OK,0.0,0.05517315864562988,0.15590062111801242,2.0,"{""nevents"": 48.0, ""ndays_act"": 13.0, ""nchapters"": 12.0}"
HarvardX,2,aligned,0,8,NICE,native,NICE_native,1,OK,0.0,0.0035207271575927734,0.1,1.0,"{""nevents"": 9.0, ""ndays_act"": 7.0, ""nchapters"": 12.0}"
HarvardX,2,aligned,0,8,NICE,bounded,NICE_bounded,1,OK,0.0,0.0035207271575927734,0.1,1.0,"{""nevents"": 9.0, ""ndays_act"": 7.0, ""nchapters"": 12.0}"
HarvardX,2,aligned,0,8,NICE,bounded+edit,NICE_bounded+edit,1,OK,0.0,0.0035207271575927734,0.1,1.0,"{""nevents"": 9.0, ""ndays_act"": 7.0, ""nchapters"": 12.0}"
HarvardX,2,aligned,0,8,MCCE,native,MCCE_native,1,OK,0.0,0.027228593826293945,0.18888888888888888,2.0,"{""nevents"": 25.0, ""ndays_act"": 11.0, ""nchapters"": 12.0}"
HarvardX,2,aligned,0,8,MCCE,bounded,MCCE_bounded,1,OK,0.0,0.027228593826293945,0.18888888888888888,2.0,"{""nevents"": 25.0, ""ndays_act"": 11.0, ""nchapters"": 12.0}"
HarvardX,2,aligned,0,8,MCCE,bounded+edit,MCCE_bounded+edit,1,OK,0.0,0.027228593826293945,0.18888888888888888,2.0,"{""nevents"": 25.0, ""ndays_act"": 11.0, ""nchapters"": 12.0}"
HarvardX,2,aligned,0,32,NICE,native,NICE_native,0,out_of_bounds:nevents,0.0,0.005106925964355469,0.46825396825396826,2.0,"{""nevents"": 52.0, ""ndays_act"": 19.0, ""nchapters"": 8.0}"
HarvardX,2,aligned,0,32,NICE,bounded,NICE_bounded,0,classifier_target_not_met,0.0,0.005106925964355469,0.125,1.0,"{""nevents"": 225.0, ""ndays_act"": 19.0, ""nchapters"": 8.0}"
HarvardX,2,aligned,0,32,NICE,bounded+edit,NICE_bounded+edit,0,classifier_target_not_met,0.0,0.005106925964355469,0.125,1.0,"{""nevents"": 225.0, ""ndays_act"": 19.0, ""nchapters"": 8.0}"
HarvardX,2,aligned,0,32,MCCE,native,MCCE_native,0,out_of_bounds:nevents,0.0,0.08757257461547852,1.378968253968254,2.0,"{""nevents"": 34.0, ""ndays_act"": 13.0, ""nchapters"": 12.0}"
HarvardX,2,aligned,0,32,MCCE,bounded,MCCE_bounded,1,OK,0.0,0.08757257461547852,1.308531746031746,3.0,"{""nevents"": 307.0, ""ndays_act"": 44.0, ""nchapters"": 10.0}"
HarvardX,2,aligned,0,32,MCCE,bounded+edit,MCCE_bounded+edit,1,OK,0.0,0.08757257461547852,1.308531746031746,3.0,"{""nevents"": 307.0, ""ndays_act"": 44.0, ""nchapters"": 10.0}"
HarvardX,2,aligned,0,39,NICE,native,NICE_native,1,OK,0.0,0.0036373138427734375,0.05346820809248555,1.0,"{""nevents"": 74.0, ""ndays_act"": 24.0, ""nchapters"": 12.0}"
HarvardX,2,aligned,0,39,NICE,bounded,NICE_bounded,1,OK,0.0,0.0036373138427734375,0.05346820809248555,1.0,"{""nevents"": 74.0, ""ndays_act"": 24.0, ""nchapters"": 12.0}"
HarvardX,2,aligned,0,39,NICE,bounded+edit,NICE_bounded+edit,1,OK,0.0,0.0036373138427734375,0.05346820809248555,1.0,"{""nevents"": 74.0, ""ndays_act"": 24.0, ""nchapters"": 12.0}"
HarvardX,2,aligned,0,39,MCCE,native,MCCE_native,1,OK,0.0,0.027889490127563477,0.05346820809248555,1.0,"{""nevents"": 74.0, ""ndays_act"": 24.0, ""nchapters"": 12.0}"
HarvardX,2,aligned,0,39,MCCE,bounded,MCCE_bounded,1,OK,0.0,0.027889490127563477,0.05346820809248555,1.0,"{""nevents"": 74.0, ""ndays_act"": 24.0, ""nchapters"": 12.0}"
HarvardX,2,aligned,0,39,MCCE,bounded+edit,MCCE_bounded+edit,1,OK,0.0,0.027889490127563477,0.05346820809248555,1.0,"{""nevents"": 74.0, ""ndays_act"": 24.0, ""nchapters"": 12.0}"
HarvardX,2,aligned,0,234,NICE,native,NICE_native,1,OK,0.0,0.004868268966674805,0.17765184735433673,2.0,"{""nevents"": 10.0, ""ndays_act"": 10.0, ""nchapters"": 10.0}"
HarvardX,2,aligned,0,234,NICE,bounded,NICE_bounded,1,OK,0.0,0.004868268966674805,0.17765184735433673,2.0,"{""nevents"": 10.0, ""ndays_act"": 10.0, ""nchapters"": 10.0}"
HarvardX,2,aligned,0,234,NICE,bounded+edit,NICE_bounded+edit,1,OK,0.0,0.004868268966674805,0.17765184735433673,2.0,"{""nevents"": 10.0, ""ndays_act"": 10.0, ""nchapters"": 10.0}"
HarvardX,2,aligned,0,234,MCCE,native,MCCE_native,1,OK,0.0,0.04307985305786133,0.3705277833996717,2.0,"{""nevents"": 55.0, ""ndays_act"": 18.0, ""nchapters"": 10.0}"
HarvardX,2,aligned,0,234,MCCE,bounded,MCCE_bounded,1,OK,0.0,0.04307985305786133,0.3705277833996717,2.0,"{""nevents"": 55.0, ""ndays_act"": 18.0, ""nchapters"": 10.0}"
HarvardX,2,aligned,0,234,MCCE,bounded+edit,MCCE_bounded+edit,1,OK,0.0,0.04307985305786133,0.3705277833996717,2.0,"{""nevents"": 55.0, ""ndays_act"": 18.0, ""nchapters"": 10.0}"
HarvardX,2,aligned,0,301,NICE,native,NICE_native,0,out_of_bounds:nevents,0.0,0.0035216808319091797,0.02911208151382824,1.0,"{""nevents"": 22.0, ""ndays_act"": 10.0, ""nchapters"": 12.0}"
HarvardX,2,aligned,0,301,NICE,bounded,NICE_bounded,0,classifier_target_not_met,0.0,0.0035216808319091797,0.0,0.0,"{""nevents"": 42.0, ""ndays_act"": 10.0, ""nchapters"": 12.0}"
HarvardX,2,aligned,0,301,NICE,bounded+edit,NICE_bounded+edit,0,classifier_target_not_met,0.0,0.0035216808319091797,0.0,0.0,"{""nevents"": 42.0, ""ndays_act"": 10.0, ""nchapters"": 12.0}"
HarvardX,2,aligned,0,301,MCCE,native,MCCE_native,0,out_of_bounds:nevents,0.0,0.028065919876098633,0.044353112424008904,2.0,"{""nevents"": 25.0, ""ndays_act"": 11.0, ""nchapters"": 12.0}"
HarvardX,2,aligned,0,301,MCCE,bounded,MCCE_bounded,1,OK,0.0,0.028065919876098633,0.06755715386591318,2.0,"{""nevents"": 48.0, ""ndays_act"": 13.0, ""nchapters"": 12.0}"
HarvardX,2,aligned,0,301,MCCE,bounded+edit,MCCE_bounded+edit,1,OK,0.0,0.028065919876098633,0.06755715386591318,2.0,"{""nevents"": 48.0, ""ndays_act"": 13.0, ""nchapters"": 12.0}"
HarvardX,2,aligned,0,347,NICE,native,NICE_native,1,OK,0.0,0.005956411361694336,0.6014639411725021,3.0,"{""nevents"": 66.0, ""ndays_act"": 21.0, ""nchapters"": 7.0}"
HarvardX,2,aligned,0,347,NICE,bounded,NICE_bounded,1,OK,0.0,0.005956411361694336,0.6014639411725021,3.0,"{""nevents"": 66.0, ""ndays_act"": 21.0, ""nchapters"": 7.0}"
HarvardX,2,aligned,0,347,NICE,bounded+edit,NICE_bounded+edit,1,OK,0.0,0.005956411361694336,0.6014639411725021,3.0,"{""nevents"": 66.0, ""ndays_act"": 21.0, ""nchapters"": 7.0}"
HarvardX,2,aligned,0,347,MCCE,native,MCCE_native,1,OK,0.0,0.0428009033203125,1.0236906609098473,3.0,"{""nevents"": 83.0, ""ndays_act"": 25.0, ""nchapters"": 9.0}"
HarvardX,2,aligned,0,347,MCCE,bounded,MCCE_bounded,1,OK,0.0,0.0428009033203125,1.0236906609098473,3.0,"{""nevents"": 83.0, ""ndays_act"": 25.0, ""nchapters"": 9.0}"
HarvardX,2,aligned,0,347,MCCE,bounded+edit,MCCE_bounded+edit,1,OK,0.0,0.0428009033203125,1.0236906609098473,3.0,"{""nevents"": 83.0, ""ndays_act"": 25.0, ""nchapters"": 9.0}"
HarvardX,2,aligned,0,425,NICE,native,NICE_native,1,OK,0.0,0.005940914154052734,0.5458317189719747,3.0,"{""nevents"": 66.0, ""ndays_act"": 21.0, ""nchapters"": 7.0}"
HarvardX,2,aligned,0,425,NICE,bounded,NICE_bounded,1,OK,0.0,0.005940914154052734,0.5458317189719747,3.0,"{""nevents"": 66.0, ""ndays_act"": 21.0, ""nchapters"": 7.0}"
HarvardX,2,aligned,0,425,NICE,bounded+edit,NICE_bounded+edit,1,OK,0.0,0.005940914154052734,0.5458317189719747,3.0,"{""nevents"": 66.0, ""ndays_act"": 21.0, ""nchapters"": 7.0}"
HarvardX,2,aligned,0,425,MCCE,native,MCCE_native,1,OK,0.0,0.04088425636291504,0.9720069740410693,3.0,"{""nevents"": 83.0, ""ndays_act"": 25.0, ""nchapters"": 9.0}"
HarvardX,2,aligned,0,425,MCCE,bounded,MCCE_bounded,1,OK,0.0,0.04088425636291504,0.9720069740410693,3.0,"{""nevents"": 83.0, ""ndays_act"": 25.0, ""nchapters"": 9.0}"
HarvardX,2,aligned,0,425,MCCE,bounded+edit,MCCE_bounded+edit,1,OK,0.0,0.04088425636291504,0.9720069740410693,3.0,"{""nevents"": 83.0, ""ndays_act"": 25.0, ""nchapters"": 9.0}"
HarvardX,2,aligned,0,440,NICE,native,NICE_native,0,out_of_bounds:nevents,0.0,0.0046234130859375,0.2872919863982426,2.0,"{""nevents"": 52.0, ""ndays_act"": 19.0, ""nchapters"": 8.0}"
HarvardX,2,aligned,0,440,NICE,bounded,NICE_bounded,0,classifier_target_not_met,0.0,0.0046234130859375,0.20754716981132076,1.0,"{""nevents"": 102.0, ""ndays_act"": 19.0, ""nchapters"": 8.0}"
HarvardX,2,aligned,0,440,NICE,bounded+edit,NICE_bounded+edit,0,classifier_target_not_met,0.0,0.0046234130859375,0.20754716981132076,1.0,"{""nevents"": 102.0, ""ndays_act"": 19.0, ""nchapters"": 8.0}"
HarvardX,2,aligned,0,440,MCCE,native,MCCE_native,0,out_of_bounds:nevents,0.0,0.04256439208984375,0.6010577472841624,3.0,"{""nevents"": 83.0, ""ndays_act"": 25.0, ""nchapters"": 9.0}"
HarvardX,2,aligned,0,440,MCCE,bounded,MCCE_bounded,1,OK,0.0,0.04256439208984375,0.7254295687761427,3.0,"{""nevents"": 128.0, ""ndays_act"": 31.0, ""nchapters"": 9.0}"
HarvardX,2,aligned,0,440,MCCE,bounded+edit,MCCE_bounded+edit,1,OK,0.0,0.04256439208984375,0.7254295687761427,3.0,"{""nevents"": 128.0, ""ndays_act"": 31.0, ""nchapters"": 9.0}"
HarvardX,2,aligned,0,441,NICE,native,NICE_native,1,OK,0.0,0.005083322525024414,0.4347972745058355,2.0,"{""nevents"": 66.0, ""ndays_act"": 21.0, ""nchapters"": 7.0}"
HarvardX,2,aligned,0,441,NICE,bounded,NICE_bounded,1,OK,0.0,0.005083322525024414,0.4347972745058355,2.0,"{""nevents"": 66.0, ""ndays_act"": 21.0, ""nchapters"": 7.0}"
HarvardX,2,aligned,0,441,NICE,bounded+edit,NICE_bounded+edit,1,OK,0.0,0.005083322525024414,0.4347972745058355,2.0,"{""nevents"": 66.0, ""ndays_act"": 21.0, ""nchapters"": 7.0}"
HarvardX,2,aligned,0,441,MCCE,native,MCCE_native,1,OK,0.0,0.03992748260498047,0.9236906609098473,3.0,"{""nevents"": 83.0, ""ndays_act"": 25.0, ""nchapters"": 9.0}"
HarvardX,2,aligned,0,441,MCCE,bounded,MCCE_bounded,1,OK,0.0,0.03992748260498047,0.9236906609098473,3.0,"{""nevents"": 83.0, ""ndays_act"": 25.0, ""nchapters"": 9.0}"
HarvardX,2,aligned,0,441,MCCE,bounded+edit,MCCE_bounded+edit,1,OK,0.0,0.03992748260498047,0.9236906609098473,3.0,"{""nevents"": 83.0, ""ndays_act"": 25.0, ""nchapters"": 9.0}"
HarvardX,2,aligned,0,451,NICE,native,NICE_native,0,out_of_bounds:nevents,0.0,0.0046405792236328125,0.09533426999180424,2.0,"{""nevents"": 22.0, ""ndays_act"": 10.0, ""nchapters"": 12.0}"
HarvardX,2,aligned,0,451,NICE,bounded,NICE_bounded,0,classifier_target_not_met,0.0,0.0046405792236328125,0.019230769230769232,1.0,"{""nevents"": 72.0, ""ndays_act"": 10.0, ""nchapters"": 12.0}"
HarvardX,2,aligned,0,451,NICE,bounded+edit,NICE_bounded+edit,0,classifier_target_not_met,0.0,0.0046405792236328125,0.019230769230769232,1.0,"{""nevents"": 72.0, ""ndays_act"": 10.0, ""nchapters"": 12.0}"
HarvardX,2,aligned,0,451,MCCE,native,MCCE_native,0,out_of_bounds:nevents,0.0,0.02595663070678711,0.10999882917691137,2.0,"{""nevents"": 25.0, ""ndays_act"": 11.0, ""nchapters"": 12.0}"
HarvardX,2,aligned,0,451,MCCE,bounded,MCCE_bounded,1,OK,0.0,0.02595663070678711,0.21306053155368224,2.0,"{""nevents"": 73.0, ""ndays_act"": 20.0, ""nchapters"": 12.0}"
HarvardX,2,aligned,0,451,MCCE,bounded+edit,MCCE_bounded+edit,1,OK,0.0,0.02595663070678711,0.21306053155368224,2.0,"{""nevents"": 73.0, ""ndays_act"": 20.0, ""nchapters"": 12.0}"
HarvardX,2,aligned,0,455,NICE,native,NICE_native,0,out_of_bounds:nevents;out_of_bounds:ndays_act,0.0,0.008531570434570312,0.4145238095238095,3.0,"{""nevents"": 66.0, ""ndays_act"": 21.0, ""nchapters"": 7.0}"
HarvardX,2,aligned,0,455,NICE,bounded,NICE_bounded,0,classifier_target_not_met,0.0,0.008531570434570312,0.16666666666666666,1.0,"{""nevents"": 129.0, ""ndays_act"": 26.0, ""nchapters"": 7.0}"
HarvardX,2,aligned,0,455,NICE,bounded+edit,NICE_bounded+edit,0,classifier_target_not_met,0.0,0.008531570434570312,0.16666666666666666,1.0,"{""nevents"": 129.0, ""ndays_act"": 26.0, ""nchapters"": 7.0}"
HarvardX,2,aligned,0,455,MCCE,native,MCCE_native,0,out_of_bounds:nevents;out_of_bounds:ndays_act,0.0,0.040384531021118164,0.6052380952380952,3.0,"{""nevents"": 83.0, ""ndays_act"": 25.0, ""nchapters"": 9.0}"
HarvardX,2,aligned,0,455,MCCE,bounded,MCCE_bounded,1,OK,0.0,0.040384531021118164,1.0271428571428571,3.0,"{""nevents"": 191.0, ""ndays_act"": 35.0, ""nchapters"": 10.0}"
HarvardX,2,aligned,0,455,MCCE,bounded+edit,MCCE_bounded+edit,1,OK,0.0,0.040384531021118164,1.0271428571428571,3.0,"{""nevents"": 191.0, ""ndays_act"": 35.0, ""nchapters"": 10.0}"
HarvardX,2,aligned,0,480,NICE,native,NICE_native,1,OK,0.0,0.004730939865112305,0.17765184735433673,2.0,"{""nevents"": 10.0, ""ndays_act"": 10.0, ""nchapters"": 10.0}"
HarvardX,2,aligned,0,480,NICE,bounded,NICE_bounded,1,OK,0.0,0.004730939865112305,0.17765184735433673,2.0,"{""nevents"": 10.0, ""ndays_act"": 10.0, ""nchapters"": 10.0}"
HarvardX,2,aligned,0,480,NICE,bounded+edit,NICE_bounded+edit,1,OK,0.0,0.004730939865112305,0.17765184735433673,2.0,"{""nevents"": 10.0, ""ndays_act"": 10.0, ""nchapters"": 10.0}"
HarvardX,2,aligned,0,480,MCCE,native,MCCE_native,1,OK,0.0,0.04014444351196289,0.3705277833996717,2.0,"{""nevents"": 55.0, ""ndays_act"": 18.0, ""nchapters"": 10.0}"
HarvardX,2,aligned,0,480,MCCE,bounded,MCCE_bounded,1,OK,0.0,0.04014444351196289,0.3705277833996717,2.0,"{""nevents"": 55.0, ""ndays_act"": 18.0, ""nchapters"": 10.0}"
HarvardX,2,aligned,0,480,MCCE,bounded+edit,MCCE_bounded+edit,1,OK,0.0,0.04014444351196289,0.3705277833996717,2.0,"{""nevents"": 55.0, ""ndays_act"": 18.0, ""nchapters"": 10.0}"
HarvardX,2,aligned,0,494,NICE,native,NICE_native,1,OK,0.0,0.003610849380493164,0.15,1.0,"{""nevents"": 6.0, ""ndays_act"": 10.0, ""nchapters"": 10.0}"
HarvardX,2,aligned,0,494,NICE,bounded,NICE_bounded,1,OK,0.0,0.003610849380493164,0.15,1.0,"{""nevents"": 6.0, ""ndays_act"": 10.0, ""nchapters"": 10.0}"
HarvardX,2,aligned,0,494,NICE,bounded+edit,NICE_bounded+edit,1,OK,0.0,0.003610849380493164,0.15,1.0,"{""nevents"": 6.0, ""ndays_act"": 10.0, ""nchapters"": 10.0}"
HarvardX,2,aligned,0,494,MCCE,native,MCCE_native,1,OK,0.0,0.04091024398803711,0.3511065006915629,2.0,"{""nevents"": 55.0, ""ndays_act"": 18.0, ""nchapters"": 10.0}"
HarvardX,2,aligned,0,494,MCCE,bounded,MCCE_bounded,1,OK,0.0,0.04091024398803711,0.3511065006915629,2.0,"{""nevents"": 55.0, ""ndays_act"": 18.0, ""nchapters"": 10.0}"
HarvardX,2,aligned,0,494,MCCE,bounded+edit,MCCE_bounded+edit,1,OK,0.0,0.04091024398803711,0.3511065006915629,2.0,"{""nevents"": 55.0, ""ndays_act"": 18.0, ""nchapters"": 10.0}"
HarvardX,2,aligned,0,499,NICE,native,NICE_native,0,out_of_bounds:nevents,0.0,0.005187034606933594,0.1305211158465711,2.0,"{""nevents"": 10.0, ""ndays_act"": 10.0, ""nchapters"": 10.0}"
HarvardX,2,aligned,0,499,NICE,bounded,NICE_bounded,0,classifier_target_not_met,0.0,0.005187034606933594,0.1206896551724138,1.0,"{""nevents"": 17.0, ""ndays_act"": 10.0, ""nchapters"": 10.0}"
HarvardX,2,aligned,0,499,NICE,bounded+edit,NICE_bounded+edit,0,classifier_target_not_met,0.0,0.005187034606933594,0.1206896551724138,1.0,"{""nevents"": 17.0, ""ndays_act"": 10.0, ""nchapters"": 10.0}"
HarvardX,2,aligned,0,499,MCCE,native,MCCE_native,1,OK,0.0,0.043439626693725586,0.3119914761720264,2.0,"{""nevents"": 55.0, ""ndays_act"": 18.0, ""nchapters"": 10.0}"
HarvardX,2,aligned,0,499,MCCE,bounded,MCCE_bounded,1,OK,0.0,0.043439626693725586,0.3119914761720264,2.0,"{""nevents"": 55.0, ""ndays_act"": 18.0, ""nchapters"": 10.0}"
HarvardX,2,aligned,0,499,MCCE,bounded+edit,MCCE_bounded+edit,1,OK,0.0,0.043439626693725586,0.3119914761720264,2.0,"{""nevents"": 55.0, ""ndays_act"": 18.0, ""nchapters"": 10.0}"
HarvardX,2,aligned,0,504,NICE,native,NICE_native,0,out_of_bounds:nevents,0.0,0.004724740982055664,0.32802547770700635,2.0,"{""nevents"": 52.0, ""ndays_act"": 19.0, ""nchapters"": 8.0}"
HarvardX,2,aligned,0,504,NICE,bounded,NICE_bounded,0,classifier_target_not_met,0.0,0.004724740982055664,0.25,1.0,"{""nevents"": 101.0, ""ndays_act"": 19.0, ""nchapters"": 8.0}"
HarvardX,2,aligned,0,504,NICE,bounded+edit,NICE_bounded+edit,0,classifier_target_not_met,0.0,0.004724740982055664,0.25,1.0,"{""nevents"": 101.0, ""ndays_act"": 19.0, ""nchapters"": 8.0}"
HarvardX,2,aligned,0,504,MCCE,native,MCCE_native,0,out_of_bounds:nevents,0.0,0.04684758186340332,0.6358052775250227,3.0,"{""nevents"": 83.0, ""ndays_act"": 25.0, ""nchapters"": 9.0}"
HarvardX,2,aligned,0,504,MCCE,bounded,MCCE_bounded,1,OK,0.0,0.04684758186340332,0.7572793448589628,3.0,"{""nevents"": 128.0, ""ndays_act"": 31.0, ""nchapters"": 9.0}"
HarvardX,2,aligned,0,504,MCCE,bounded+edit,MCCE_bounded+edit,1,OK,0.0,0.04684758186340332,0.7572793448589628,3.0,"{""nevents"": 128.0, ""ndays_act"": 31.0, ""nchapters"": 9.0}"
HarvardX,2,aligned,0,505,NICE,native,NICE_native,0,out_of_bounds:nevents,0.0,0.004848957061767578,0.11160801088858643,2.0,"{""nevents"": 141.0, ""ndays_act"": 26.0, ""nchapters"": 10.0}"
HarvardX,2,aligned,0,505,NICE,bounded,NICE_bounded,0,classifier_target_not_met,0.0,0.004848957061767578,0.05405405405405406,1.0,"{""nevents"": 173.0, ""ndays_act"": 26.0, ""nchapters"": 10.0}"
HarvardX,2,aligned,0,505,NICE,bounded+edit,NICE_bounded+edit,0,classifier_target_not_met,0.0,0.004848957061767578,0.05405405405405406,1.0,"{""nevents"": 173.0, ""ndays_act"": 26.0, ""nchapters"": 10.0}"
HarvardX,2,aligned,0,505,MCCE,native,MCCE_native,1,OK,0.0,0.04299426078796387,0.9459459459459459,1.0,"{""nevents"": 173.0, ""ndays_act"": 59.0, ""nchapters"": 10.0}"
HarvardX,2,aligned,0,505,MCCE,bounded,MCCE_bounded,1,OK,0.0,0.04299426078796387,0.9459459459459459,1.0,"{""nevents"": 173.0, ""ndays_act"": 59.0, ""nchapters"": 10.0}"
HarvardX,2,aligned,0,505,MCCE,bounded+edit,MCCE_bounded+edit,1,OK,0.0,0.04299426078796387,0.9459459459459459,1.0,"{""nevents"": 173.0, ""ndays_act"": 59.0, ""nchapters"": 10.0}"
HarvardX,2,aligned,0,513,NICE,native,NICE_native,1,OK,0.0,0.005128145217895508,0.12709977737300143,2.0,"{""nevents"": 9.0, ""ndays_act"": 7.0, ""nchapters"": 12.0}"
HarvardX,2,aligned,0,513,NICE,bounded,NICE_bounded,1,OK,0.0,0.005128145217895508,0.12709977737300143,2.0,"{""nevents"": 9.0, ""ndays_act"": 7.0, ""nchapters"": 12.0}"
HarvardX,2,aligned,0,513,NICE,bounded+edit,NICE_bounded+edit,1,OK,0.0,0.005128145217895508,0.12709977737300143,2.0,"{""nevents"": 9.0, ""ndays_act"": 7.0, ""nchapters"": 12.0}"
HarvardX,2,aligned,0,513,MCCE,native,MCCE_native,1,OK,0.0,0.03000187873840332,0.21462142166453035,2.0,"{""nevents"": 25.0, ""ndays_act"": 11.0, ""nchapters"": 12.0}"
HarvardX,2,aligned,0,513,MCCE,bounded,MCCE_bounded,1,OK,0.0,0.03000187873840332,0.21462142166453035,2.0,"{""nevents"": 25.0, ""ndays_act"": 11.0, ""nchapters"": 12.0}"
HarvardX,2,aligned,0,513,MCCE,bounded+edit,MCCE_bounded+edit,1,OK,0.0,0.03000187873840332,0.21462142166453035,2.0,"{""nevents"": 25.0, ""ndays_act"": 11.0, ""nchapters"": 12.0}"
HarvardX,2,aligned,0,565,NICE,native,NICE_native,0,out_of_bounds:nevents,0.0,0.0035886764526367188,0.06830122591943957,1.0,"{""nevents"": 119.0, ""ndays_act"": 20.0, ""nchapters"": 12.0}"
HarvardX,2,aligned,0,565,NICE,bounded,NICE_bounded,0,classifier_target_not_met,0.0,0.0035886764526367188,0.0,0.0,"{""nevents"": 158.0, ""ndays_act"": 20.0, ""nchapters"": 12.0}"
HarvardX,2,aligned,0,565,NICE,bounded+edit,NICE_bounded+edit,0,classifier_target_not_met,0.0,0.0035886764526367188,0.0,0.0,"{""nevents"": 158.0, ""ndays_act"": 20.0, ""nchapters"": 12.0}"
HarvardX,2,aligned,0,565,MCCE,native,MCCE_native,0,out_of_bounds:nevents,0.0,0.026264429092407227,0.14886164623467601,1.0,"{""nevents"": 73.0, ""ndays_act"": 20.0, ""nchapters"": 12.0}"
HarvardX,2,aligned,0,565,MCCE,bounded,MCCE_bounded,1,OK,0.0,0.026264429092407227,0.1307077869377643,2.0,"{""nevents"": 163.0, ""ndays_act"": 25.0, ""nchapters"": 12.0}"
HarvardX,2,aligned,0,565,MCCE,bounded+edit,MCCE_bounded+edit,1,OK,0.0,0.026264429092407227,0.1307077869377643,2.0,"{""nevents"": 163.0, ""ndays_act"": 25.0, ""nchapters"": 12.0}"
HarvardX,2,aligned,0,628,NICE,native,NICE_native,1,OK,0.0,0.00576329231262207,0.5251082251082251,3.0,"{""nevents"": 66.0, ""ndays_act"": 21.0, ""nchapters"": 7.0}"
HarvardX,2,aligned,0,628,NICE,bounded,NICE_bounded,1,OK,0.0,0.00576329231262207,0.5251082251082251,3.0,"{""nevents"": 66.0, ""ndays_act"": 21.0, ""nchapters"": 7.0}"
HarvardX,2,aligned,0,628,NICE,bounded+edit,NICE_bounded+edit,1,OK,0.0,0.00576329231262207,0.5251082251082251,3.0,"{""nevents"": 66.0, ""ndays_act"": 21.0, ""nchapters"": 7.0}"
HarvardX,2,aligned,0,628,MCCE,native,MCCE_native,1,OK,0.0,0.04040646553039551,0.9536463536463536,3.0,"{""nevents"": 83.0, ""ndays_act"": 25.0, ""nchapters"": 9.0}"
HarvardX,2,aligned,0,628,MCCE,bounded,MCCE_bounded,1,OK,0.0,0.04040646553039551,0.9536463536463536,3.0,"{""nevents"": 83.0, ""ndays_act"": 25.0, ""nchapters"": 9.0}"
HarvardX,2,aligned,0,628,MCCE,bounded+edit,MCCE_bounded+edit,1,OK,0.0,0.04040646553039551,0.9536463536463536,3.0,"{""nevents"": 83.0, ""ndays_act"": 25.0, ""nchapters"": 9.0}"
HarvardX,2,aligned,0,673,NICE,native,NICE_native,0,out_of_bounds:nevents,0.0,0.003778219223022461,0.05063291139240506,1.0,"{""nevents"": 65.0, ""ndays_act"": 17.0, ""nchapters"": 12.0}"
HarvardX,2,aligned,0,673,NICE,bounded,NICE_bounded,0,classifier_target_not_met,0.0,0.003778219223022461,0.0,0.0,"{""nevents"": 97.0, ""ndays_act"": 17.0, ""nchapters"": 12.0}"
HarvardX,2,aligned,0,673,NICE,bounded+edit,NICE_bounded+edit,0,classifier_target_not_met,0.0,0.003778219223022461,0.0,0.0,"{""nevents"": 97.0, ""ndays_act"": 17.0, ""nchapters"": 12.0}"
HarvardX,2,aligned,0,673,MCCE,native,MCCE_native,0,out_of_bounds:nevents,0.0,0.02598261833190918,0.06487341772151899,1.0,"{""nevents"": 56.0, ""ndays_act"": 17.0, ""nchapters"": 12.0}"
HarvardX,2,aligned,0,673,MCCE,bounded,MCCE_bounded,1,OK,0.0,0.02598261833190918,0.06444188722669736,2.0,"{""nevents"": 109.0, ""ndays_act"": 19.0, ""nchapters"": 12.0}"
HarvardX,2,aligned,0,673,MCCE,bounded+edit,MCCE_bounded+edit,1,OK,0.0,0.02598261833190918,0.06444188722669736,2.0,"{""nevents"": 109.0, ""ndays_act"": 19.0, ""nchapters"": 12.0}"
HarvardX,2,aligned,0,696,NICE,native,NICE_native,1,OK,0.0,0.0059778690338134766,0.5455995692391767,3.0,"{""nevents"": 66.0, ""ndays_act"": 21.0, ""nchapters"": 7.0}"
HarvardX,2,aligned,0,696,NICE,bounded,NICE_bounded,1,OK,0.0,0.0059778690338134766,0.5455995692391767,3.0,"{""nevents"": 66.0, ""ndays_act"": 21.0, ""nchapters"": 7.0}"
HarvardX,2,aligned,0,696,NICE,bounded+edit,NICE_bounded+edit,1,OK,0.0,0.0059778690338134766,0.5455995692391767,3.0,"{""nevents"": 66.0, ""ndays_act"": 21.0, ""nchapters"": 7.0}"
HarvardX,2,aligned,0,696,MCCE,native,MCCE_native,1,OK,0.0,0.040822505950927734,0.9709115895556574,3.0,"{""nevents"": 83.0, ""ndays_act"": 25.0, ""nchapters"": 9.0}"
HarvardX,2,aligned,0,696,MCCE,bounded,MCCE_bounded,1,OK,0.0,0.040822505950927734,0.9709115895556574,3.0,"{""nevents"": 83.0, ""ndays_act"": 25.0, ""nchapters"": 9.0}"
HarvardX,2,aligned,0,696,MCCE,bounded+edit,MCCE_bounded+edit,1,OK,0.0,0.040822505950927734,0.9709115895556574,3.0,"{""nevents"": 83.0, ""ndays_act"": 25.0, ""nchapters"": 9.0}"
HarvardX,2,aligned,0,719,NICE,native,NICE_native,0,out_of_bounds:nevents,0.0,0.0045888423919677734,0.18270676691729323,2.0,"{""nevents"": 9.0, ""ndays_act"": 7.0, ""nchapters"": 12.0}"
HarvardX,2,aligned,0,719,NICE,bounded,NICE_bounded,0,classifier_target_not_met,0.0,0.0045888423919677734,0.1,1.0,"{""nevents"": 64.0, ""ndays_act"": 7.0, ""nchapters"": 12.0}"
HarvardX,2,aligned,0,719,NICE,bounded+edit,NICE_bounded+edit,0,classifier_target_not_met,0.0,0.0045888423919677734,0.1,1.0,"{""nevents"": 64.0, ""ndays_act"": 7.0, ""nchapters"": 12.0}"
HarvardX,2,aligned,0,719,MCCE,native,MCCE_native,1,OK,0.0,0.02671194076538086,0.23333333333333334,1.0,"{""nevents"": 64.0, ""ndays_act"": 15.0, ""nchapters"": 12.0}"
HarvardX,2,aligned,0,719,MCCE,bounded,MCCE_bounded,1,OK,0.0,0.02671194076538086,0.23333333333333334,1.0,"{""nevents"": 64.0, ""ndays_act"": 15.0, ""nchapters"": 12.0}"
HarvardX,2,aligned,0,719,MCCE,bounded+edit,MCCE_bounded+edit,1,OK,0.0,0.02671194076538086,0.23333333333333334,1.0,"{""nevents"": 64.0, ""ndays_act"": 15.0, ""nchapters"": 12.0}"
HarvardX,2,aligned,0,726,NICE,native,NICE_native,0,out_of_bounds:ndays_act,0.0,0.004815101623535156,0.045062154696132596,2.0,"{""nevents"": 372.0, ""ndays_act"": 28.0, ""nchapters"": 12.0}"
HarvardX,2,aligned,0,726,NICE,bounded,NICE_bounded,0,classifier_target_not_met,0.0,0.004815101623535156,0.013812154696132596,1.0,"{""nevents"": 372.0, ""ndays_act"": 29.0, ""nchapters"": 12.0}"
HarvardX,2,aligned,0,726,NICE,bounded+edit,NICE_bounded+edit,0,classifier_target_not_met,0.0,0.004815101623535156,0.013812154696132596,1.0,"{""nevents"": 372.0, ""ndays_act"": 29.0, ""nchapters"": 12.0}"
HarvardX,2,aligned,0,726,MCCE,native,MCCE_native,0,out_of_bounds:nevents,0.0,0.02609539031982422,0.281767955801105,1.0,"{""nevents"": 265.0, ""ndays_act"": 29.0, ""nchapters"": 12.0}"
HarvardX,2,aligned,0,726,MCCE,bounded,MCCE_bounded,1,OK,0.0,0.02609539031982422,0.34944751381215466,2.0,"{""nevents"": 403.0, ""ndays_act"": 37.0, ""nchapters"": 12.0}"
HarvardX,2,aligned,0,726,MCCE,bounded+edit,MCCE_bounded+edit,1,OK,0.0,0.02609539031982422,0.34944751381215466,2.0,"{""nevents"": 403.0, ""ndays_act"": 37.0, ""nchapters"": 12.0}"
HarvardX,2,aligned,0,742,NICE,native,NICE_native,0,out_of_bounds:nevents,0.0,0.0035102367401123047,0.16666666666666666,1.0,"{""nevents"": 22.0, ""ndays_act"": 10.0, ""nchapters"": 12.0}"
HarvardX,2,aligned,0,742,NICE,bounded,NICE_bounded,0,classifier_target_not_met,0.0,0.0035102367401123047,0.0,0.0,"{""nevents"": 123.0, ""ndays_act"": 10.0, ""nchapters"": 12.0}"
HarvardX,2,aligned,0,742,NICE,bounded+edit,NICE_bounded+edit,0,classifier_target_not_met,0.0,0.0035102367401123047,0.0,0.0,"{""nevents"": 123.0, ""ndays_act"": 10.0, ""nchapters"": 12.0}"
HarvardX,2,aligned,0,742,MCCE,native,MCCE_native,0,out_of_bounds:nevents,0.0,0.026088237762451172,0.18132401475441662,2.0,"{""nevents"": 25.0, ""ndays_act"": 11.0, ""nchapters"": 12.0}"
HarvardX,2,aligned,0,742,MCCE,bounded,MCCE_bounded,1,OK,0.0,0.026088237762451172,0.2503397398563386,2.0,"{""nevents"": 144.0, ""ndays_act"": 21.0, ""nchapters"": 12.0}"
HarvardX,2,aligned,0,742,MCCE,bounded+edit,MCCE_bounded+edit,1,OK,0.0,0.026088237762451172,0.2503397398563386,2.0,"{""nevents"": 144.0, ""ndays_act"": 21.0, ""nchapters"": 12.0}"
HarvardX,2,aligned,0,816,NICE,native,NICE_native,1,OK,0.0,0.006018877029418945,0.4483625492594102,3.0,"{""nevents"": 66.0, ""ndays_act"": 21.0, ""nchapters"": 7.0}"
HarvardX,2,aligned,0,816,NICE,bounded,NICE_bounded,1,OK,0.0,0.006018877029418945,0.4483625492594102,3.0,"{""nevents"": 66.0, ""ndays_act"": 21.0, ""nchapters"": 7.0}"
HarvardX,2,aligned,0,816,NICE,bounded+edit,NICE_bounded+edit,1,OK,0.0,0.006018877029418945,0.4483625492594102,3.0,"{""nevents"": 66.0, ""ndays_act"": 21.0, ""nchapters"": 7.0}"
HarvardX,2,aligned,0,816,MCCE,native,MCCE_native,1,OK,0.0,0.04223895072937012,0.8798342166055171,3.0,"{""nevents"": 83.0, ""ndays_act"": 25.0, ""nchapters"": 9.0}"
HarvardX,2,aligned,0,816,MCCE,bounded,MCCE_bounded,1,OK,0.0,0.04223895072937012,0.8798342166055171,3.0,"{""nevents"": 83.0, ""ndays_act"": 25.0, ""nchapters"": 9.0}"
HarvardX,2,aligned,0,816,MCCE,bounded+edit,MCCE_bounded+edit,1,OK,0.0,0.04223895072937012,0.8798342166055171,3.0,"{""nevents"": 83.0, ""ndays_act"": 25.0, ""nchapters"": 9.0}"
HarvardX,2,aligned,0,865,NICE,native,NICE_native,0,out_of_bounds:nevents,0.0,0.004880666732788086,0.09914320685434516,2.0,"{""nevents"": 9.0, ""ndays_act"": 7.0, ""nchapters"": 12.0}"
HarvardX,2,aligned,0,865,NICE,bounded,NICE_bounded,0,classifier_target_not_met,0.0,0.004880666732788086,0.05263157894736842,1.0,"{""nevents"": 41.0, ""ndays_act"": 7.0, ""nchapters"": 12.0}"
HarvardX,2,aligned,0,865,NICE,bounded+edit,NICE_bounded+edit,0,classifier_target_not_met,0.0,0.004880666732788086,0.05263157894736842,1.0,"{""nevents"": 41.0, ""ndays_act"": 7.0, ""nchapters"": 12.0}"
HarvardX,2,aligned,0,865,MCCE,native,MCCE_native,0,out_of_bounds:nevents,0.0,0.026883840560913086,0.146062831497348,2.0,"{""nevents"": 25.0, ""ndays_act"": 11.0, ""nchapters"": 12.0}"
HarvardX,2,aligned,0,865,MCCE,bounded,MCCE_bounded,1,OK,0.0,0.026883840560913086,0.1680691554467564,2.0,"{""nevents"": 48.0, ""ndays_act"": 13.0, ""nchapters"": 12.0}"
HarvardX,2,aligned,0,865,MCCE,bounded+edit,MCCE_bounded+edit,1,OK,0.0,0.026883840560913086,0.1680691554467564,2.0,"{""nevents"": 48.0, ""ndays_act"": 13.0, ""nchapters"": 12.0}"
HarvardX,2,aligned,0,866,NICE,native,NICE_native,1,OK,0.0,0.005902528762817383,0.6014639411725021,3.0,"{""nevents"": 66.0, ""ndays_act"": 21.0, ""nchapters"": 7.0}"
HarvardX,2,aligned,0,866,NICE,bounded,NICE_bounded,1,OK,0.0,0.005902528762817383,0.6014639411725021,3.0,"{""nevents"": 66.0, ""ndays_act"": 21.0, ""nchapters"": 7.0}"
HarvardX,2,aligned,0,866,NICE,bounded+edit,NICE_bounded+edit,1,OK,0.0,0.005902528762817383,0.6014639411725021,3.0,"{""nevents"": 66.0, ""ndays_act"": 21.0, ""nchapters"": 7.0}"
HarvardX,2,aligned,0,866,MCCE,native,MCCE_native,1,OK,0.0,0.040932655334472656,1.0236906609098473,3.0,"{""nevents"": 83.0, ""ndays_act"": 25.0, ""nchapters"": 9.0}"
HarvardX,2,aligned,0,866,MCCE,bounded,MCCE_bounded,1,OK,0.0,0.040932655334472656,1.0236906609098473,3.0,"{""nevents"": 83.0, ""ndays_act"": 25.0, ""nchapters"": 9.0}"
HarvardX,2,aligned,0,866,MCCE,bounded+edit,MCCE_bounded+edit,1,OK,0.0,0.040932655334472656,1.0236906609098473,3.0,"{""nevents"": 83.0, ""ndays_act"": 25.0, ""nchapters"": 9.0}"
HarvardX,2,aligned,0,880,NICE,native,NICE_native,1,OK,0.0,0.004720211029052734,0.12709977737300143,2.0,"{""nevents"": 9.0, ""ndays_act"": 7.0, ""nchapters"": 12.0}"
HarvardX,2,aligned,0,880,NICE,bounded,NICE_bounded,1,OK,0.0,0.004720211029052734,0.12709977737300143,2.0,"{""nevents"": 9.0, ""ndays_act"": 7.0, ""nchapters"": 12.0}"
HarvardX,2,aligned,0,880,NICE,bounded+edit,NICE_bounded+edit,1,OK,0.0,0.004720211029052734,0.12709977737300143,2.0,"{""nevents"": 9.0, ""ndays_act"": 7.0, ""nchapters"": 12.0}"
HarvardX,2,aligned,0,880,MCCE,native,MCCE_native,1,OK,0.0,0.02712392807006836,0.21462142166453035,2.0,"{""nevents"": 25.0, ""ndays_act"": 11.0, ""nchapters"": 12.0}"
HarvardX,2,aligned,0,880,MCCE,bounded,MCCE_bounded,1,OK,0.0,0.02712392807006836,0.21462142166453035,2.0,"{""nevents"": 25.0, ""ndays_act"": 11.0, ""nchapters"": 12.0}"
HarvardX,2,aligned,0,880,MCCE,bounded+edit,MCCE_bounded+edit,1,OK,0.0,0.02712392807006836,0.21462142166453035,2.0,"{""nevents"": 25.0, ""ndays_act"": 11.0, ""nchapters"": 12.0}"
HarvardX,2,aligned,0,910,NICE,native,NICE_native,1,OK,0.0,0.0046160221099853516,0.12709977737300143,2.0,"{""nevents"": 9.0, ""ndays_act"": 7.0, ""nchapters"": 12.0}"
HarvardX,2,aligned,0,910,NICE,bounded,NICE_bounded,1,OK,0.0,0.0046160221099853516,0.12709977737300143,2.0,"{""nevents"": 9.0, ""ndays_act"": 7.0, ""nchapters"": 12.0}"
HarvardX,2,aligned,0,910,NICE,bounded+edit,NICE_bounded+edit,1,OK,0.0,0.0046160221099853516,0.12709977737300143,2.0,"{""nevents"": 9.0, ""ndays_act"": 7.0, ""nchapters"": 12.0}"
HarvardX,2,aligned,0,910,MCCE,native,MCCE_native,1,OK,0.0,0.026863574981689453,0.21462142166453035,2.0,"{""nevents"": 25.0, ""ndays_act"": 11.0, ""nchapters"": 12.0}"
HarvardX,2,aligned,0,910,MCCE,bounded,MCCE_bounded,1,OK,0.0,0.026863574981689453,0.21462142166453035,2.0,"{""nevents"": 25.0, ""ndays_act"": 11.0, ""nchapters"": 12.0}"
HarvardX,2,aligned,0,910,MCCE,bounded+edit,MCCE_bounded+edit,1,OK,0.0,0.026863574981689453,0.21462142166453035,2.0,"{""nevents"": 25.0, ""ndays_act"": 11.0, ""nchapters"": 12.0}"
HarvardX,2,aligned,0,911,NICE,native,NICE_native,0,out_of_bounds:nevents,0.0,0.0046503543853759766,0.10493674026296204,2.0,"{""nevents"": 9.0, ""ndays_act"": 7.0, ""nchapters"": 12.0}"
HarvardX,2,aligned,0,911,NICE,bounded,NICE_bounded,0,classifier_target_not_met,0.0,0.0046503543853759766,0.06896551724137931,1.0,"{""nevents"": 34.0, ""ndays_act"": 7.0, ""nchapters"": 12.0}"
HarvardX,2,aligned,0,911,NICE,bounded+edit,NICE_bounded+edit,0,classifier_target_not_met,0.0,0.0046503543853759766,0.06896551724137931,1.0,"{""nevents"": 34.0, ""ndays_act"": 7.0, ""nchapters"": 12.0}"
HarvardX,2,aligned,0,911,MCCE,native,MCCE_native,0,out_of_bounds:nevents,0.0,0.028052806854248047,0.1508806747705284,2.0,"{""nevents"": 25.0, ""ndays_act"": 11.0, ""nchapters"": 12.0}"
HarvardX,2,aligned,0,911,MCCE,bounded,MCCE_bounded,1,OK,0.0,0.028052806854248047,0.1925576779955346,2.0,"{""nevents"": 48.0, ""ndays_act"": 13.0, ""nchapters"": 12.0}"
HarvardX,2,aligned,0,911,MCCE,bounded+edit,MCCE_bounded+edit,1,OK,0.0,0.028052806854248047,0.1925576779955346,2.0,"{""nevents"": 48.0, ""ndays_act"": 13.0, ""nchapters"": 12.0}"
HarvardX,2,aligned,0,913,NICE,native,NICE_native,1,OK,0.0,0.004637718200683594,0.49789741168004675,2.0,"{""nevents"": 112.0, ""ndays_act"": 21.0, ""nchapters"": 9.0}"
HarvardX,2,aligned,0,913,NICE,bounded,NICE_bounded,1,OK,0.0,0.004637718200683594,0.49789741168004675,2.0,"{""nevents"": 112.0, ""ndays_act"": 21.0, ""nchapters"": 9.0}"
HarvardX,2,aligned,0,913,NICE,bounded+edit,NICE_bounded+edit,1,OK,0.0,0.004637718200683594,0.49789741168004675,2.0,"{""nevents"": 112.0, ""ndays_act"": 21.0, ""nchapters"": 9.0}"
HarvardX,2,aligned,0,913,MCCE,native,MCCE_native,1,OK,0.0,0.04209113121032715,0.5236906609098473,2.0,"{""nevents"": 83.0, ""ndays_act"": 25.0, ""nchapters"": 9.0}"
HarvardX,2,aligned,0,913,MCCE,bounded,MCCE_bounded,1,OK,0.0,0.04209113121032715,0.5236906609098473,2.0,"{""nevents"": 83.0, ""ndays_act"": 25.0, ""nchapters"": 9.0}"
HarvardX,2,aligned,0,913,MCCE,bounded+edit,MCCE_bounded+edit,1,OK,0.0,0.04209113121032715,0.5236906609098473,2.0,"{""nevents"": 83.0, ""ndays_act"": 25.0, ""nchapters"": 9.0}"
HarvardX,2,aligned,0,918,NICE,native,NICE_native,0,out_of_bounds:nevents,0.0,0.0036499500274658203,1.2076923076923076,1.0,"{""nevents"": 442.0, ""ndays_act"": 33.0, ""nchapters"": 12.0}"
HarvardX,2,aligned,0,918,NICE,bounded,NICE_bounded,0,classifier_target_not_met,0.0,0.0036499500274658203,0.0,0.0,"{""nevents"": 599.0, ""ndays_act"": 33.0, ""nchapters"": 12.0}"
HarvardX,2,aligned,0,918,NICE,bounded+edit,NICE_bounded+edit,0,classifier_target_not_met,0.0,0.0036499500274658203,0.0,0.0,"{""nevents"": 599.0, ""ndays_act"": 33.0, ""nchapters"": 12.0}"
HarvardX,2,aligned,0,918,MCCE,native,MCCE_native,0,out_of_bounds:nevents,0.0,0.026501178741455078,2.246153846153846,1.0,"{""nevents"": 307.0, ""ndays_act"": 33.0, ""nchapters"": 12.0}"
HarvardX,2,aligned,0,918,MCCE,bounded,MCCE_bounded,1,OK,0.0,0.026501178741455078,0.9489010989010989,2.0,"{""nevents"": 662.0, ""ndays_act"": 46.0, ""nchapters"": 12.0}"
HarvardX,2,aligned,0,918,MCCE,bounded+edit,MCCE_bounded+edit,1,OK,0.0,0.026501178741455078,0.9489010989010989,2.0,"{""nevents"": 662.0, ""ndays_act"": 46.0, ""nchapters"": 12.0}"
HarvardX,2,aligned,0,942,NICE,native,NICE_native,0,out_of_bounds:nevents,0.0,0.003559112548828125,0.13172541743970315,1.0,"{""nevents"": 119.0, ""ndays_act"": 20.0, ""nchapters"": 12.0}"
HarvardX,2,aligned,0,942,NICE,bounded,NICE_bounded,0,classifier_target_not_met,0.0,0.003559112548828125,0.0,0.0,"{""nevents"": 190.0, ""ndays_act"": 20.0, ""nchapters"": 12.0}"
HarvardX,2,aligned,0,942,NICE,bounded+edit,NICE_bounded+edit,0,classifier_target_not_met,0.0,0.003559112548828125,0.0,0.0,"{""nevents"": 190.0, ""ndays_act"": 20.0, ""nchapters"": 12.0}"
HarvardX,2,aligned,0,942,MCCE,native,MCCE_native,0,out_of_bounds:nevents,0.0,0.027518272399902344,0.21706864564007422,1.0,"{""nevents"": 73.0, ""ndays_act"": 20.0, ""nchapters"": 12.0}"
HarvardX,2,aligned,0,942,MCCE,bounded,MCCE_bounded,1,OK,0.0,0.027518272399902344,0.19987329743427304,2.0,"{""nevents"": 232.0, ""ndays_act"": 25.0, ""nchapters"": 12.0}"
HarvardX,2,aligned,0,942,MCCE,bounded+edit,MCCE_bounded+edit,1,OK,0.0,0.027518272399902344,0.19987329743427304,2.0,"{""nevents"": 232.0, ""ndays_act"": 25.0, ""nchapters"": 12.0}"
HarvardX,2,aligned,0,1034,NICE,native,NICE_native,1,OK,0.0,0.004763126373291016,0.257201646090535,2.0,"{""nevents"": 66.0, ""ndays_act"": 21.0, ""nchapters"": 7.0}"
HarvardX,2,aligned,0,1034,NICE,bounded,NICE_bounded,1,OK,0.0,0.004763126373291016,0.257201646090535,2.0,"{""nevents"": 66.0, ""ndays_act"": 21.0, ""nchapters"": 7.0}"
HarvardX,2,aligned,0,1034,NICE,bounded+edit,NICE_bounded+edit,1,OK,0.0,0.004763126373291016,0.257201646090535,2.0,"{""nevents"": 66.0, ""ndays_act"": 21.0, ""nchapters"": 7.0}"
HarvardX,2,aligned,0,1034,MCCE,native,MCCE_native,1,OK,0.0,0.043062686920166016,1.046639231824417,2.0,"{""nevents"": 34.0, ""ndays_act"": 13.0, ""nchapters"": 12.0}"
HarvardX,2,aligned,0,1034,MCCE,bounded,MCCE_bounded,1,OK,0.0,0.043062686920166016,1.046639231824417,2.0,"{""nevents"": 34.0, ""ndays_act"": 13.0, ""nchapters"": 12.0}"
HarvardX,2,aligned,0,1034,MCCE,bounded+edit,MCCE_bounded+edit,1,OK,0.0,0.043062686920166016,1.046639231824417,2.0,"{""nevents"": 34.0, ""ndays_act"": 13.0, ""nchapters"": 12.0}"
HarvardX,2,aligned,0,1056,NICE,native,NICE_native,0,out_of_bounds:nevents,0.0,0.004990339279174805,0.185874840357599,2.0,"{""nevents"": 10.0, ""ndays_act"": 10.0, ""nchapters"": 10.0}"
HarvardX,2,aligned,0,1056,NICE,bounded,NICE_bounded,0,classifier_target_not_met,0.0,0.004990339279174805,0.1206896551724138,1.0,"{""nevents"": 54.0, ""ndays_act"": 10.0, ""nchapters"": 10.0}"
HarvardX,2,aligned,0,1056,NICE,bounded+edit,NICE_bounded+edit,0,classifier_target_not_met,0.0,0.004990339279174805,0.1206896551724138,1.0,"{""nevents"": 54.0, ""ndays_act"": 10.0, ""nchapters"": 10.0}"
HarvardX,2,aligned,0,1056,MCCE,native,MCCE_native,1,OK,0.0,0.041828155517578125,0.2601021711366539,2.0,"{""nevents"": 55.0, ""ndays_act"": 18.0, ""nchapters"": 10.0}"
HarvardX,2,aligned,0,1056,MCCE,bounded,MCCE_bounded,1,OK,0.0,0.041828155517578125,0.2601021711366539,2.0,"{""nevents"": 55.0, ""ndays_act"": 18.0, ""nchapters"": 10.0}"
HarvardX,2,aligned,0,1056,MCCE,bounded+edit,MCCE_bounded+edit,1,OK,0.0,0.041828155517578125,0.2601021711366539,2.0,"{""nevents"": 55.0, ""ndays_act"": 18.0, ""nchapters"": 10.0}"
HarvardX,2,aligned,0,1063,NICE,native,NICE_native,0,out_of_bounds:nevents,0.0,0.004587650299072266,0.43298881011360724,2.0,"{""nevents"": 66.0, ""ndays_act"": 21.0, ""nchapters"": 7.0}"
HarvardX,2,aligned,0,1063,NICE,bounded,NICE_bounded,0,classifier_target_not_met,0.0,0.004587650299072266,0.13043478260869565,1.0,"{""nevents"": 220.0, ""ndays_act"": 21.0, ""nchapters"": 7.0}"
HarvardX,2,aligned,0,1063,NICE,bounded+edit,NICE_bounded+edit,0,classifier_target_not_met,0.0,0.004587650299072266,0.13043478260869565,1.0,"{""nevents"": 220.0, ""ndays_act"": 21.0, ""nchapters"": 7.0}"
HarvardX,2,aligned,0,1063,MCCE,native,MCCE_native,1,OK,0.0,0.04056835174560547,1.8478260869565217,2.0,"{""nevents"": 220.0, ""ndays_act"": 54.0, ""nchapters"": 12.0}"
HarvardX,2,aligned,0,1063,MCCE,bounded,MCCE_bounded,1,OK,0.0,0.04056835174560547,1.8478260869565217,2.0,"{""nevents"": 220.0, ""ndays_act"": 54.0, ""nchapters"": 12.0}"
HarvardX,2,aligned,0,1063,MCCE,bounded+edit,MCCE_bounded+edit,1,OK,0.0,0.04056835174560547,1.8478260869565217,2.0,"{""nevents"": 220.0, ""ndays_act"": 54.0, ""nchapters"": 12.0}"
HarvardX,2,aligned,0,1066,NICE,native,NICE_native,0,out_of_bounds:nevents,0.0,0.004769325256347656,0.10169491525423728,2.0,"{""nevents"": 9.0, ""ndays_act"": 7.0, ""nchapters"": 12.0}"
HarvardX,2,aligned,0,1066,NICE,bounded,NICE_bounded,0,classifier_target_not_met,0.0,0.004769325256347656,0.0847457627118644,1.0,"{""nevents"": 21.0, ""ndays_act"": 7.0, ""nchapters"": 12.0}"
HarvardX,2,aligned,0,1066,NICE,bounded+edit,NICE_bounded+edit,0,classifier_target_not_met,0.0,0.004769325256347656,0.0847457627118644,1.0,"{""nevents"": 21.0, ""ndays_act"": 7.0, ""nchapters"": 12.0}"
HarvardX,2,aligned,0,1066,MCCE,native,MCCE_native,1,OK,0.0,0.02655029296875,0.15819209039548024,2.0,"{""nevents"": 25.0, ""ndays_act"": 11.0, ""nchapters"": 12.0}"
HarvardX,2,aligned,0,1066,MCCE,bounded,MCCE_bounded,1,OK,0.0,0.02655029296875,0.15819209039548024,2.0,"{""nevents"": 25.0, ""ndays_act"": 11.0, ""nchapters"": 12.0}"
HarvardX,2,aligned,0,1066,MCCE,bounded+edit,MCCE_bounded+edit,1,OK,0.0,0.02655029296875,0.15819209039548024,2.0,"{""nevents"": 25.0, ""ndays_act"": 11.0, ""nchapters"": 12.0}"
HarvardX,2,aligned,0,1143,NICE,native,NICE_native,1,OK,0.0,0.005764961242675781,0.5880330123796423,3.0,"{""nevents"": 66.0, ""ndays_act"": 21.0, ""nchapters"": 7.0}"
HarvardX,2,aligned,0,1143,NICE,bounded,NICE_bounded,1,OK,0.0,0.005764961242675781,0.5880330123796423,3.0,"{""nevents"": 66.0, ""ndays_act"": 21.0, ""nchapters"": 7.0}"
HarvardX,2,aligned,0,1143,NICE,bounded+edit,NICE_bounded+edit,1,OK,0.0,0.005764961242675781,0.5880330123796423,3.0,"{""nevents"": 66.0, ""ndays_act"": 21.0, ""nchapters"": 7.0}"
HarvardX,2,aligned,0,1143,MCCE,native,MCCE_native,1,OK,0.0,0.04082798957824707,1.0114167812929848,3.0,"{""nevents"": 83.0, ""ndays_act"": 25.0, ""nchapters"": 9.0}"
HarvardX,2,aligned,0,1143,MCCE,bounded,MCCE_bounded,1,OK,0.0,0.04082798957824707,1.0114167812929848,3.0,"{""nevents"": 83.0, ""ndays_act"": 25.0, ""nchapters"": 9.0}"
HarvardX,2,aligned,0,1143,MCCE,bounded+edit,MCCE_bounded+edit,1,OK,0.0,0.04082798957824707,1.0114167812929848,3.0,"{""nevents"": 83.0, ""ndays_act"": 25.0, ""nchapters"": 9.0}"
HarvardX,2,aligned,0,1149,NICE,native,NICE_native,1,OK,0.0,0.006235837936401367,0.5665865176838515,3.0,"{""nevents"": 66.0, ""ndays_act"": 21.0, ""nchapters"": 7.0}"
HarvardX,2,aligned,0,1149,NICE,bounded,NICE_bounded,1,OK,0.0,0.006235837936401367,0.5665865176838515,3.0,"{""nevents"": 66.0, ""ndays_act"": 21.0, ""nchapters"": 7.0}"
HarvardX,2,aligned,0,1149,NICE,bounded+edit,NICE_bounded+edit,1,OK,0.0,0.006235837936401367,0.5665865176838515,3.0,"{""nevents"": 66.0, ""ndays_act"": 21.0, ""nchapters"": 7.0}"
HarvardX,2,aligned,0,1149,MCCE,native,MCCE_native,1,OK,0.0,0.042278289794921875,0.9913604111171355,3.0,"{""nevents"": 83.0, ""ndays_act"": 25.0, ""nchapters"": 9.0}"
HarvardX,2,aligned,0,1149,MCCE,bounded,MCCE_bounded,1,OK,0.0,0.042278289794921875,0.9913604111171355,3.0,"{""nevents"": 83.0, ""ndays_act"": 25.0, ""nchapters"": 9.0}"
HarvardX,2,aligned,0,1149,MCCE,bounded+edit,MCCE_bounded+edit,1,OK,0.0,0.042278289794921875,0.9913604111171355,3.0,"{""nevents"": 83.0, ""ndays_act"": 25.0, ""nchapters"": 9.0}"
HarvardX,2,aligned,0,1240,NICE,native,NICE_native,0,out_of_bounds:nevents,0.0,0.003750324249267578,0.1825657894736842,1.0,"{""nevents"": 10.0, ""ndays_act"": 11.0, ""nchapters"": 10.0}"
HarvardX,2,aligned,0,1240,NICE,bounded,NICE_bounded,0,classifier_target_not_met,0.0,0.003750324249267578,0.0,0.0,"{""nevents"": 121.0, ""ndays_act"": 11.0, ""nchapters"": 10.0}"
HarvardX,2,aligned,0,1240,NICE,bounded+edit,NICE_bounded+edit,0,classifier_target_not_met,0.0,0.003750324249267578,0.0,0.0,"{""nevents"": 121.0, ""ndays_act"": 11.0, ""nchapters"": 10.0}"
HarvardX,2,aligned,0,1240,MCCE,native,MCCE_native,0,out_of_bounds:nevents,0.0,0.0408787727355957,0.2485526315789474,2.0,"{""nevents"": 55.0, ""ndays_act"": 18.0, ""nchapters"": 10.0}"
HarvardX,2,aligned,0,1240,MCCE,bounded,MCCE_bounded,1,OK,0.0,0.0408787727355957,0.5951315789473683,2.0,"{""nevents"": 191.0, ""ndays_act"": 35.0, ""nchapters"": 10.0}"
HarvardX,2,aligned,0,1240,MCCE,bounded+edit,MCCE_bounded+edit,1,OK,0.0,0.0408787727355957,0.5951315789473683,2.0,"{""nevents"": 191.0, ""ndays_act"": 35.0, ""nchapters"": 10.0}"
HarvardX,2,aligned,0,1320,NICE,native,NICE_native,1,OK,0.0,0.0034868717193603516,0.1724137931034483,1.0,"{""nevents"": 20.0, ""ndays_act"": 13.0, ""nchapters"": 11.0}"
HarvardX,2,aligned,0,1320,NICE,bounded,NICE_bounded,1,OK,0.0,0.0034868717193603516,0.1724137931034483,1.0,"{""nevents"": 20.0, ""ndays_act"": 13.0, ""nchapters"": 11.0}"
HarvardX,2,aligned,0,1320,NICE,bounded+edit,NICE_bounded+edit,1,OK,0.0,0.0034868717193603516,0.1724137931034483,1.0,"{""nevents"": 20.0, ""ndays_act"": 13.0, ""nchapters"": 11.0}"
HarvardX,2,aligned,0,1320,MCCE,native,MCCE_native,1,OK,0.0,0.04419994354248047,0.5443315013861193,2.0,"{""nevents"": 137.0, ""ndays_act"": 25.0, ""nchapters"": 11.0}"
HarvardX,2,aligned,0,1320,MCCE,bounded,MCCE_bounded,1,OK,0.0,0.04419994354248047,0.5443315013861193,2.0,"{""nevents"": 137.0, ""ndays_act"": 25.0, ""nchapters"": 11.0}"
HarvardX,2,aligned,0,1320,MCCE,bounded+edit,MCCE_bounded+edit,1,OK,0.0,0.04419994354248047,0.5443315013861193,2.0,"{""nevents"": 137.0, ""ndays_act"": 25.0, ""nchapters"": 11.0}"
HarvardX,2,aligned,0,1345,NICE,native,NICE_native,1,OK,0.0,0.0048618316650390625,0.4347972745058355,2.0,"{""nevents"": 66.0, ""ndays_act"": 21.0, ""nchapters"": 7.0}"
HarvardX,2,aligned,0,1345,NICE,bounded,NICE_bounded,1,OK,0.0,0.0048618316650390625,0.4347972745058355,2.0,"{""nevents"": 66.0, ""ndays_act"": 21.0, ""nchapters"": 7.0}"
HarvardX,2,aligned,0,1345,NICE,bounded+edit,NICE_bounded+edit,1,OK,0.0,0.0048618316650390625,0.4347972745058355,2.0,"{""nevents"": 66.0, ""ndays_act"": 21.0, ""nchapters"": 7.0}"
HarvardX,2,aligned,0,1345,MCCE,native,MCCE_native,1,OK,0.0,0.04186272621154785,0.9236906609098473,3.0,"{""nevents"": 83.0, ""ndays_act"": 25.0, ""nchapters"": 9.0}"
HarvardX,2,aligned,0,1345,MCCE,bounded,MCCE_bounded,1,OK,0.0,0.04186272621154785,0.9236906609098473,3.0,"{""nevents"": 83.0, ""ndays_act"": 25.0, ""nchapters"": 9.0}"
HarvardX,2,aligned,0,1345,MCCE,bounded+edit,MCCE_bounded+edit,1,OK,0.0,0.04186272621154785,0.9236906609098473,3.0,"{""nevents"": 83.0, ""ndays_act"": 25.0, ""nchapters"": 9.0}"
HarvardX,2,aligned,0,1352,NICE,native,NICE_native,0,out_of_bounds:nevents,0.0,0.004697084426879883,0.2270159771908118,2.0,"{""nevents"": 53.0, ""ndays_act"": 13.0, ""nchapters"": 11.0}"
HarvardX,2,aligned,0,1352,NICE,bounded,NICE_bounded,0,classifier_target_not_met,0.0,0.004697084426879883,0.1724137931034483,1.0,"{""nevents"": 88.0, ""ndays_act"": 13.0, ""nchapters"": 11.0}"
HarvardX,2,aligned,0,1352,NICE,bounded+edit,NICE_bounded+edit,0,classifier_target_not_met,0.0,0.004697084426879883,0.1724137931034483,1.0,"{""nevents"": 88.0, ""ndays_act"": 13.0, ""nchapters"": 11.0}"
HarvardX,2,aligned,0,1352,MCCE,native,MCCE_native,1,OK,0.0,0.04350113868713379,0.45575340254989505,2.0,"{""nevents"": 137.0, ""ndays_act"": 25.0, ""nchapters"": 11.0}"
HarvardX,2,aligned,0,1352,MCCE,bounded,MCCE_bounded,1,OK,0.0,0.04350113868713379,0.45575340254989505,2.0,"{""nevents"": 137.0, ""ndays_act"": 25.0, ""nchapters"": 11.0}"
HarvardX,2,aligned,0,1352,MCCE,bounded+edit,MCCE_bounded+edit,1,OK,0.0,0.04350113868713379,0.45575340254989505,2.0,"{""nevents"": 137.0, ""ndays_act"": 25.0, ""nchapters"": 11.0}"
HarvardX,2,aligned,0,1364,NICE,native,NICE_native,1,OK,0.0,0.004811525344848633,0.4347972745058355,2.0,"{""nevents"": 66.0, ""ndays_act"": 21.0, ""nchapters"": 7.0}"
HarvardX,2,aligned,0,1364,NICE,bounded,NICE_bounded,1,OK,0.0,0.004811525344848633,0.4347972745058355,2.0,"{""nevents"": 66.0, ""ndays_act"": 21.0, ""nchapters"": 7.0}"
HarvardX,2,aligned,0,1364,NICE,bounded+edit,NICE_bounded+edit,1,OK,0.0,0.004811525344848633,0.4347972745058355,2.0,"{""nevents"": 66.0, ""ndays_act"": 21.0, ""nchapters"": 7.0}"
HarvardX,2,aligned,0,1364,MCCE,native,MCCE_native,1,OK,0.0,0.04167962074279785,0.9236906609098473,3.0,"{""nevents"": 83.0, ""ndays_act"": 25.0, ""nchapters"": 9.0}"
HarvardX,2,aligned,0,1364,MCCE,bounded,MCCE_bounded,1,OK,0.0,0.04167962074279785,0.9236906609098473,3.0,"{""nevents"": 83.0, ""ndays_act"": 25.0, ""nchapters"": 9.0}"
HarvardX,2,aligned,0,1364,MCCE,bounded+edit,MCCE_bounded+edit,1,OK,0.0,0.04167962074279785,0.9236906609098473,3.0,"{""nevents"": 83.0, ""ndays_act"": 25.0, ""nchapters"": 9.0}"
HarvardX,2,aligned,0,1385,NICE,native,NICE_native,1,OK,0.0,0.005667209625244141,0.6014639411725021,3.0,"{""nevents"": 66.0, ""ndays_act"": 21.0, ""nchapters"": 7.0}"
HarvardX,2,aligned,0,1385,NICE,bounded,NICE_bounded,1,OK,0.0,0.005667209625244141,0.6014639411725021,3.0,"{""nevents"": 66.0, ""ndays_act"": 21.0, ""nchapters"": 7.0}"
HarvardX,2,aligned,0,1385,NICE,bounded+edit,NICE_bounded+edit,1,OK,0.0,0.005667209625244141,0.6014639411725021,3.0,"{""nevents"": 66.0, ""ndays_act"": 21.0, ""nchapters"": 7.0}"
HarvardX,2,aligned,0,1385,MCCE,native,MCCE_native,1,OK,0.0,0.04258418083190918,1.0236906609098473,3.0,"{""nevents"": 83.0, ""ndays_act"": 25.0, ""nchapters"": 9.0}"
HarvardX,2,aligned,0,1385,MCCE,bounded,MCCE_bounded,1,OK,0.0,0.04258418083190918,1.0236906609098473,3.0,"{""nevents"": 83.0, ""ndays_act"": 25.0, ""nchapters"": 9.0}"
HarvardX,2,aligned,0,1385,MCCE,bounded+edit,MCCE_bounded+edit,1,OK,0.0,0.04258418083190918,1.0236906609098473,3.0,"{""nevents"": 83.0, ""ndays_act"": 25.0, ""nchapters"": 9.0}"
HarvardX,2,aligned,0,1418,NICE,native,NICE_native,1,OK,0.0,0.005022525787353516,0.12709977737300143,2.0,"{""nevents"": 9.0, ""ndays_act"": 7.0, ""nchapters"": 12.0}"
HarvardX,2,aligned,0,1418,NICE,bounded,NICE_bounded,1,OK,0.0,0.005022525787353516,0.12709977737300143,2.0,"{""nevents"": 9.0, ""ndays_act"": 7.0, ""nchapters"": 12.0}"
HarvardX,2,aligned,0,1418,NICE,bounded+edit,NICE_bounded+edit,1,OK,0.0,0.005022525787353516,0.12709977737300143,2.0,"{""nevents"": 9.0, ""ndays_act"": 7.0, ""nchapters"": 12.0}"
HarvardX,2,aligned,0,1418,MCCE,native,MCCE_native,1,OK,0.0,0.028161287307739258,0.21462142166453035,2.0,"{""nevents"": 25.0, ""ndays_act"": 11.0, ""nchapters"": 12.0}"
HarvardX,2,aligned,0,1418,MCCE,bounded,MCCE_bounded,1,OK,0.0,0.028161287307739258,0.21462142166453035,2.0,"{""nevents"": 25.0, ""ndays_act"": 11.0, ""nchapters"": 12.0}"
HarvardX,2,aligned,0,1418,MCCE,bounded+edit,MCCE_bounded+edit,1,OK,0.0,0.028161287307739258,0.21462142166453035,2.0,"{""nevents"": 25.0, ""ndays_act"": 11.0, ""nchapters"": 12.0}"
HarvardX,2,aligned,0,1420,NICE,native,NICE_native,1,OK,0.0,0.004781007766723633,0.32130421019309907,2.0,"{""nevents"": 66.0, ""ndays_act"": 21.0, ""nchapters"": 7.0}"
HarvardX,2,aligned,0,1420,NICE,bounded,NICE_bounded,1,OK,0.0,0.004781007766723633,0.32130421019309907,2.0,"{""nevents"": 66.0, ""ndays_act"": 21.0, ""nchapters"": 7.0}"
HarvardX,2,aligned,0,1420,NICE,bounded+edit,NICE_bounded+edit,1,OK,0.0,0.004781007766723633,0.32130421019309907,2.0,"{""nevents"": 66.0, ""ndays_act"": 21.0, ""nchapters"": 7.0}"
HarvardX,2,aligned,0,1420,MCCE,native,MCCE_native,1,OK,0.0,0.04293537139892578,0.8215469030283846,3.0,"{""nevents"": 83.0, ""ndays_act"": 25.0, ""nchapters"": 9.0}"
HarvardX,2,aligned,0,1420,MCCE,bounded,MCCE_bounded,1,OK,0.0,0.04293537139892578,0.8215469030283846,3.0,"{""nevents"": 83.0, ""ndays_act"": 25.0, ""nchapters"": 9.0}"
HarvardX,2,aligned,0,1420,MCCE,bounded+edit,MCCE_bounded+edit,1,OK,0.0,0.04293537139892578,0.8215469030283846,3.0,"{""nevents"": 83.0, ""ndays_act"": 25.0, ""nchapters"": 9.0}"
HarvardX,2,aligned,0,1424,NICE,native,NICE_native,1,OK,0.0,0.0048100948333740234,0.40345956054230947,2.0,"{""nevents"": 66.0, ""ndays_act"": 21.0, ""nchapters"": 7.0}"
HarvardX,2,aligned,0,1424,NICE,bounded,NICE_bounded,1,OK,0.0,0.0048100948333740234,0.40345956054230947,2.0,"{""nevents"": 66.0, ""ndays_act"": 21.0, ""nchapters"": 7.0}"
HarvardX,2,aligned,0,1424,NICE,bounded+edit,NICE_bounded+edit,1,OK,0.0,0.0048100948333740234,0.40345956054230947,2.0,"{""nevents"": 66.0, ""ndays_act"": 21.0, ""nchapters"": 7.0}"
HarvardX,2,aligned,0,1424,MCCE,native,MCCE_native,1,OK,0.0,0.04109334945678711,0.8939691444600281,3.0,"{""nevents"": 83.0, ""ndays_act"": 25.0, ""nchapters"": 9.0}"
HarvardX,2,aligned,0,1424,MCCE,bounded,MCCE_bounded,1,OK,0.0,0.04109334945678711,0.8939691444600281,3.0,"{""nevents"": 83.0, ""ndays_act"": 25.0, ""nchapters"": 9.0}"
HarvardX,2,aligned,0,1424,MCCE,bounded+edit,MCCE_bounded+edit,1,OK,0.0,0.04109334945678711,0.8939691444600281,3.0,"{""nevents"": 83.0, ""ndays_act"": 25.0, ""nchapters"": 9.0}"
HarvardX,2,aligned,0,1451,NICE,native,NICE_native,1,OK,0.0,0.004737377166748047,0.3389244558258643,2.0,"{""nevents"": 66.0, ""ndays_act"": 21.0, ""nchapters"": 7.0}"
HarvardX,2,aligned,0,1451,NICE,bounded,NICE_bounded,1,OK,0.0,0.004737377166748047,0.3389244558258643,2.0,"{""nevents"": 66.0, ""ndays_act"": 21.0, ""nchapters"": 7.0}"
HarvardX,2,aligned,0,1451,NICE,bounded+edit,NICE_bounded+edit,1,OK,0.0,0.004737377166748047,0.3389244558258643,2.0,"{""nevents"": 66.0, ""ndays_act"": 21.0, ""nchapters"": 7.0}"
HarvardX,2,aligned,0,1451,MCCE,native,MCCE_native,1,OK,0.0,0.039809465408325195,0.835595390524968,3.0,"{""nevents"": 83.0, ""ndays_act"": 25.0, ""nchapters"": 9.0}"
HarvardX,2,aligned,0,1451,MCCE,bounded,MCCE_bounded,1,OK,0.0,0.039809465408325195,0.835595390524968,3.0,"{""nevents"": 83.0, ""ndays_act"": 25.0, ""nchapters"": 9.0}"
HarvardX,2,aligned,0,1451,MCCE,bounded+edit,MCCE_bounded+edit,1,OK,0.0,0.039809465408325195,0.835595390524968,3.0,"{""nevents"": 83.0, ""ndays_act"": 25.0, ""nchapters"": 9.0}"
HarvardX,2,aligned,0,1470,NICE,native,NICE_native,1,OK,0.0,0.004513740539550781,0.0731148948347403,2.0,"{""nevents"": 9.0, ""ndays_act"": 7.0, ""nchapters"": 12.0}"
HarvardX,2,aligned,0,1470,NICE,bounded,NICE_bounded,1,OK,0.0,0.004513740539550781,0.0731148948347403,2.0,"{""nevents"": 9.0, ""ndays_act"": 7.0, ""nchapters"": 12.0}"
HarvardX,2,aligned,0,1470,NICE,bounded+edit,NICE_bounded+edit,1,OK,0.0,0.004513740539550781,0.0731148948347403,2.0,"{""nevents"": 9.0, ""ndays_act"": 7.0, ""nchapters"": 12.0}"
HarvardX,2,aligned,0,1470,MCCE,native,MCCE_native,1,OK,0.0,0.026886701583862305,0.16421042590737825,2.0,"{""nevents"": 25.0, ""ndays_act"": 11.0, ""nchapters"": 12.0}"
HarvardX,2,aligned,0,1470,MCCE,bounded,MCCE_bounded,1,OK,0.0,0.026886701583862305,0.16421042590737825,2.0,"{""nevents"": 25.0, ""ndays_act"": 11.0, ""nchapters"": 12.0}"
HarvardX,2,aligned,0,1470,MCCE,bounded+edit,MCCE_bounded+edit,1,OK,0.0,0.026886701583862305,0.16421042590737825,2.0,"{""nevents"": 25.0, ""ndays_act"": 11.0, ""nchapters"": 12.0}"
HarvardX,2,aligned,0,1573,NICE,native,NICE_native,1,OK,0.0,0.004811286926269531,0.12709977737300143,2.0,"{""nevents"": 9.0, ""ndays_act"": 7.0, ""nchapters"": 12.0}"
HarvardX,2,aligned,0,1573,NICE,bounded,NICE_bounded,1,OK,0.0,0.004811286926269531,0.12709977737300143,2.0,"{""nevents"": 9.0, ""ndays_act"": 7.0, ""nchapters"": 12.0}"
HarvardX,2,aligned,0,1573,NICE,bounded+edit,NICE_bounded+edit,1,OK,0.0,0.004811286926269531,0.12709977737300143,2.0,"{""nevents"": 9.0, ""ndays_act"": 7.0, ""nchapters"": 12.0}"
HarvardX,2,aligned,0,1573,MCCE,native,MCCE_native,1,OK,0.0,0.02672886848449707,0.21462142166453035,2.0,"{""nevents"": 25.0, ""ndays_act"": 11.0, ""nchapters"": 12.0}"
HarvardX,2,aligned,0,1573,MCCE,bounded,MCCE_bounded,1,OK,0.0,0.02672886848449707,0.21462142166453035,2.0,"{""nevents"": 25.0, ""ndays_act"": 11.0, ""nchapters"": 12.0}"
HarvardX,2,aligned,0,1573,MCCE,bounded+edit,MCCE_bounded+edit,1,OK,0.0,0.02672886848449707,0.21462142166453035,2.0,"{""nevents"": 25.0, ""ndays_act"": 11.0, ""nchapters"": 12.0}"
HarvardX,2,aligned,0,1594,NICE,native,NICE_native,0,out_of_bounds:nevents,0.0,0.005100727081298828,0.13091241989624658,2.0,"{""nevents"": 9.0, ""ndays_act"": 7.0, ""nchapters"": 12.0}"
HarvardX,2,aligned,0,1594,NICE,bounded,NICE_bounded,0,classifier_target_not_met,0.0,0.005100727081298828,0.06896551724137931,1.0,"{""nevents"": 51.0, ""ndays_act"": 7.0, ""nchapters"": 12.0}"
HarvardX,2,aligned,0,1594,NICE,bounded+edit,NICE_bounded+edit,0,classifier_target_not_met,0.0,0.005100727081298828,0.06896551724137931,1.0,"{""nevents"": 51.0, ""ndays_act"": 7.0, ""nchapters"": 12.0}"
HarvardX,2,aligned,0,1594,MCCE,native,MCCE_native,1,OK,0.0,0.026376008987426758,0.3448275862068966,1.0,"{""nevents"": 51.0, ""ndays_act"": 23.0, ""nchapters"": 12.0}"
HarvardX,2,aligned,0,1594,MCCE,bounded,MCCE_bounded,1,OK,0.0,0.026376008987426758,0.3448275862068966,1.0,"{""nevents"": 51.0, ""ndays_act"": 23.0, ""nchapters"": 12.0}"
HarvardX,2,aligned,0,1594,MCCE,bounded+edit,MCCE_bounded+edit,1,OK,0.0,0.026376008987426758,0.3448275862068966,1.0,"{""nevents"": 51.0, ""ndays_act"": 23.0, ""nchapters"": 12.0}"
HarvardX,2,aligned,0,1601,NICE,native,NICE_native,1,OK,0.0,0.004638671875,0.34392359879913953,2.0,"{""nevents"": 52.0, ""ndays_act"": 19.0, ""nchapters"": 8.0}"
HarvardX,2,aligned,0,1601,NICE,bounded,NICE_bounded,1,OK,0.0,0.004638671875,0.34392359879913953,2.0,"{""nevents"": 52.0, ""ndays_act"": 19.0, ""nchapters"": 8.0}"
HarvardX,2,aligned,0,1601,NICE,bounded+edit,NICE_bounded+edit,1,OK,0.0,0.004638671875,0.34392359879913953,2.0,"{""nevents"": 52.0, ""ndays_act"": 19.0, ""nchapters"": 8.0}"
HarvardX,2,aligned,0,1601,MCCE,native,MCCE_native,1,OK,0.0,0.04072928428649902,0.7388542183769473,3.0,"{""nevents"": 83.0, ""ndays_act"": 25.0, ""nchapters"": 9.0}"
HarvardX,2,aligned,0,1601,MCCE,bounded,MCCE_bounded,1,OK,0.0,0.04072928428649902,0.7388542183769473,3.0,"{""nevents"": 83.0, ""ndays_act"": 25.0, ""nchapters"": 9.0}"
HarvardX,2,aligned,0,1601,MCCE,bounded+edit,MCCE_bounded+edit,1,OK,0.0,0.04072928428649902,0.7388542183769473,3.0,"{""nevents"": 83.0, ""ndays_act"": 25.0, ""nchapters"": 9.0}"
HarvardX,2,aligned,0,1606,NICE,native,NICE_native,0,out_of_bounds:nevents,0.0,0.004602909088134766,0.1396771452846219,2.0,"{""nevents"": 9.0, ""ndays_act"": 7.0, ""nchapters"": 12.0}"
HarvardX,2,aligned,0,1606,NICE,bounded,NICE_bounded,0,classifier_target_not_met,0.0,0.004602909088134766,0.01818181818181818,1.0,"{""nevents"": 87.0, ""ndays_act"": 7.0, ""nchapters"": 12.0}"
HarvardX,2,aligned,0,1606,NICE,bounded+edit,NICE_bounded+edit,0,classifier_target_not_met,0.0,0.004602909088134766,0.01818181818181818,1.0,"{""nevents"": 87.0, ""ndays_act"": 7.0, ""nchapters"": 12.0}"
HarvardX,2,aligned,0,1606,MCCE,native,MCCE_native,0,out_of_bounds:nevents,0.0,0.025873899459838867,0.18748229963183233,2.0,"{""nevents"": 25.0, ""ndays_act"": 11.0, ""nchapters"": 12.0}"
HarvardX,2,aligned,0,1606,MCCE,bounded,MCCE_bounded,1,OK,0.0,0.025873899459838867,0.270631549136222,2.0,"{""nevents"": 109.0, ""ndays_act"": 19.0, ""nchapters"": 12.0}"
HarvardX,2,aligned,0,1606,MCCE,bounded+edit,MCCE_bounded+edit,1,OK,0.0,0.025873899459838867,0.270631549136222,2.0,"{""nevents"": 109.0, ""ndays_act"": 19.0, ""nchapters"": 12.0}"
HarvardX,2,aligned,0,1639,NICE,native,NICE_native,1,OK,0.0,0.00462794303894043,0.3973477058364655,2.0,"{""nevents"": 66.0, ""ndays_act"": 21.0, ""nchapters"": 7.0}"
HarvardX,2,aligned,0,1639,NICE,bounded,NICE_bounded,1,OK,0.0,0.00462794303894043,0.3973477058364655,2.0,"{""nevents"": 66.0, ""ndays_act"": 21.0, ""nchapters"": 7.0}"
HarvardX,2,aligned,0,1639,NICE,bounded+edit,NICE_bounded+edit,1,OK,0.0,0.00462794303894043,0.3973477058364655,2.0,"{""nevents"": 66.0, ""ndays_act"": 21.0, ""nchapters"": 7.0}"
HarvardX,2,aligned,0,1639,MCCE,native,MCCE_native,1,OK,0.0,0.04084467887878418,0.8888542183769472,3.0,"{""nevents"": 83.0, ""ndays_act"": 25.0, ""nchapters"": 9.0}"
HarvardX,2,aligned,0,1639,MCCE,bounded,MCCE_bounded,1,OK,0.0,0.04084467887878418,0.8888542183769472,3.0,"{""nevents"": 83.0, ""ndays_act"": 25.0, ""nchapters"": 9.0}"
HarvardX,2,aligned,0,1639,MCCE,bounded+edit,MCCE_bounded+edit,1,OK,0.0,0.04084467887878418,0.8888542183769472,3.0,"{""nevents"": 83.0, ""ndays_act"": 25.0, ""nchapters"": 9.0}"
HarvardX,2,aligned,0,1652,NICE,native,NICE_native,0,out_of_bounds:nevents,0.0,0.0034761428833007812,0.1264559068219634,1.0,"{""nevents"": 52.0, ""ndays_act"": 19.0, ""nchapters"": 8.0}"
HarvardX,2,aligned,0,1652,NICE,bounded,NICE_bounded,0,classifier_target_not_met,0.0,0.0034761428833007812,0.0,0.0,"{""nevents"": 128.0, ""ndays_act"": 19.0, ""nchapters"": 8.0}"
HarvardX,2,aligned,0,1652,NICE,bounded+edit,NICE_bounded+edit,0,classifier_target_not_met,0.0,0.0034761428833007812,0.0,0.0,"{""nevents"": 128.0, ""ndays_act"": 19.0, ""nchapters"": 8.0}"
HarvardX,2,aligned,0,1652,MCCE,native,MCCE_native,1,OK,0.0,0.04018878936767578,0.5357142857142857,2.0,"{""nevents"": 128.0, ""ndays_act"": 31.0, ""nchapters"": 9.0}"
HarvardX,2,aligned,0,1652,MCCE,bounded,MCCE_bounded,1,OK,0.0,0.04018878936767578,0.5357142857142857,2.0,"{""nevents"": 128.0, ""ndays_act"": 31.0, ""nchapters"": 9.0}"
HarvardX,2,aligned,0,1652,MCCE,bounded+edit,MCCE_bounded+edit,1,OK,0.0,0.04018878936767578,0.5357142857142857,2.0,"{""nevents"": 128.0, ""ndays_act"": 31.0, ""nchapters"": 9.0}"
HarvardX,2,aligned,0,1656,NICE,native,NICE_native,1,OK,0.0,0.005014657974243164,0.12709977737300143,2.0,"{""nevents"": 9.0, ""ndays_act"": 7.0, ""nchapters"": 12.0}"
HarvardX,2,aligned,0,1656,NICE,bounded,NICE_bounded,1,OK,0.0,0.005014657974243164,0.12709977737300143,2.0,"{""nevents"": 9.0, ""ndays_act"": 7.0, ""nchapters"": 12.0}"
HarvardX,2,aligned,0,1656,NICE,bounded+edit,NICE_bounded+edit,1,OK,0.0,0.005014657974243164,0.12709977737300143,2.0,"{""nevents"": 9.0, ""ndays_act"": 7.0, ""nchapters"": 12.0}"
HarvardX,2,aligned,0,1656,MCCE,native,MCCE_native,1,OK,0.0,0.025612354278564453,0.21462142166453035,2.0,"{""nevents"": 25.0, ""ndays_act"": 11.0, ""nchapters"": 12.0}"
HarvardX,2,aligned,0,1656,MCCE,bounded,MCCE_bounded,1,OK,0.0,0.025612354278564453,0.21462142166453035,2.0,"{""nevents"": 25.0, ""ndays_act"": 11.0, ""nchapters"": 12.0}"
HarvardX,2,aligned,0,1656,MCCE,bounded+edit,MCCE_bounded+edit,1,OK,0.0,0.025612354278564453,0.21462142166453035,2.0,"{""nevents"": 25.0, ""ndays_act"": 11.0, ""nchapters"": 12.0}"
HarvardX,2,aligned,0,1676,NICE,native,NICE_native,0,out_of_bounds:nevents,0.0,0.0035903453826904297,0.18108651911468812,1.0,"{""nevents"": 142.0, ""ndays_act"": 22.0, ""nchapters"": 11.0}"
HarvardX,2,aligned,0,1676,NICE,bounded,NICE_bounded,0,classifier_target_not_met,0.0,0.0035903453826904297,0.0,0.0,"{""nevents"": 232.0, ""ndays_act"": 22.0, ""nchapters"": 11.0}"
HarvardX,2,aligned,0,1676,NICE,bounded+edit,NICE_bounded+edit,0,classifier_target_not_met,0.0,0.0035903453826904297,0.0,0.0,"{""nevents"": 232.0, ""ndays_act"": 22.0, ""nchapters"": 11.0}"
HarvardX,2,aligned,0,1676,MCCE,native,MCCE_native,0,out_of_bounds:nevents,0.0,0.040471553802490234,0.26806995821080326,2.0,"{""nevents"": 137.0, ""ndays_act"": 25.0, ""nchapters"": 11.0}"
HarvardX,2,aligned,0,1676,MCCE,bounded,MCCE_bounded,1,OK,0.0,0.040471553802490234,1.215962441314554,2.0,"{""nevents"": 505.0, ""ndays_act"": 48.0, ""nchapters"": 11.0}"
HarvardX,2,aligned,0,1676,MCCE,bounded+edit,MCCE_bounded+edit,1,OK,0.0,0.040471553802490234,1.215962441314554,2.0,"{""nevents"": 505.0, ""ndays_act"": 48.0, ""nchapters"": 11.0}"
HarvardX,2,aligned,0,1711,NICE,native,NICE_native,1,OK,0.0,0.004873991012573242,0.12709977737300143,2.0,"{""nevents"": 9.0, ""ndays_act"": 7.0, ""nchapters"": 12.0}"
HarvardX,2,aligned,0,1711,NICE,bounded,NICE_bounded,1,OK,0.0,0.004873991012573242,0.12709977737300143,2.0,"{""nevents"": 9.0, ""ndays_act"": 7.0, ""nchapters"": 12.0}"
HarvardX,2,aligned,0,1711,NICE,bounded+edit,NICE_bounded+edit,1,OK,0.0,0.004873991012573242,0.12709977737300143,2.0,"{""nevents"": 9.0, ""ndays_act"": 7.0, ""nchapters"": 12.0}"
HarvardX,2,aligned,0,1711,MCCE,native,MCCE_native,1,OK,0.0,0.025504589080810547,0.21462142166453035,2.0,"{""nevents"": 25.0, ""ndays_act"": 11.0, ""nchapters"": 12.0}"
HarvardX,2,aligned,0,1711,MCCE,bounded,MCCE_bounded,1,OK,0.0,0.025504589080810547,0.21462142166453035,2.0,"{""nevents"": 25.0, ""ndays_act"": 11.0, ""nchapters"": 12.0}"
HarvardX,2,aligned,0,1711,MCCE,bounded+edit,MCCE_bounded+edit,1,OK,0.0,0.025504589080810547,0.21462142166453035,2.0,"{""nevents"": 25.0, ""ndays_act"": 11.0, ""nchapters"": 12.0}"
HarvardX,2,aligned,0,1739,NICE,native,NICE_native,0,out_of_bounds:nevents,0.0,0.0035893917083740234,0.05225225225225225,1.0,"{""nevents"": 145.0, ""ndays_act"": 21.0, ""nchapters"": 12.0}"
HarvardX,2,aligned,0,1739,NICE,bounded,NICE_bounded,0,classifier_target_not_met,0.0,0.0035893917083740234,0.0,0.0,"{""nevents"": 174.0, ""ndays_act"": 21.0, ""nchapters"": 12.0}"
HarvardX,2,aligned,0,1739,NICE,bounded+edit,NICE_bounded+edit,0,classifier_target_not_met,0.0,0.0035893917083740234,0.0,0.0,"{""nevents"": 174.0, ""ndays_act"": 21.0, ""nchapters"": 12.0}"
HarvardX,2,aligned,0,1739,MCCE,native,MCCE_native,0,out_of_bounds:nevents,0.0,0.02543163299560547,0.04864864864864865,1.0,"{""nevents"": 147.0, ""ndays_act"": 21.0, ""nchapters"": 12.0}"
HarvardX,2,aligned,0,1739,MCCE,bounded,MCCE_bounded,1,OK,0.0,0.02543163299560547,0.12342342342342343,2.0,"{""nevents"": 187.0, ""ndays_act"": 25.0, ""nchapters"": 12.0}"
HarvardX,2,aligned,0,1739,MCCE,bounded+edit,MCCE_bounded+edit,1,OK,0.0,0.02543163299560547,0.12342342342342343,2.0,"{""nevents"": 187.0, ""ndays_act"": 25.0, ""nchapters"": 12.0}"
HarvardX,2,aligned,0,1796,NICE,native,NICE_native,0,out_of_bounds:nevents,0.0,0.0037696361541748047,0.2734375,1.0,"{""nevents"": 77.0, ""ndays_act"": 47.0, ""nchapters"": 8.0}"
HarvardX,2,aligned,0,1796,NICE,bounded,NICE_bounded,0,classifier_target_not_met,0.0,0.0037696361541748047,0.0,0.0,"{""nevents"": 217.0, ""ndays_act"": 47.0, ""nchapters"": 8.0}"
HarvardX,2,aligned,0,1796,NICE,bounded+edit,NICE_bounded+edit,0,classifier_target_not_met,0.0,0.0037696361541748047,0.0,0.0,"{""nevents"": 217.0, ""ndays_act"": 47.0, ""nchapters"": 8.0}"
HarvardX,2,aligned,0,1796,MCCE,native,MCCE_native,1,OK,0.0,0.041295528411865234,1.05078125,2.0,"{""nevents"": 243.0, ""ndays_act"": 47.0, ""nchapters"": 12.0}"
HarvardX,2,aligned,0,1796,MCCE,bounded,MCCE_bounded,1,OK,0.0,0.041295528411865234,1.05078125,2.0,"{""nevents"": 243.0, ""ndays_act"": 47.0, ""nchapters"": 12.0}"
HarvardX,2,aligned,0,1796,MCCE,bounded+edit,MCCE_bounded+edit,1,OK,0.0,0.041295528411865234,1.05078125,2.0,"{""nevents"": 243.0, ""ndays_act"": 47.0, ""nchapters"": 12.0}"
HarvardX,2,aligned,0,1830,NICE,native,NICE_native,0,out_of_bounds:nevents,0.0,0.0036802291870117188,0.07167832167832168,1.0,"{""nevents"": 116.0, ""ndays_act"": 19.0, ""nchapters"": 12.0}"
HarvardX,2,aligned,0,1830,NICE,bounded,NICE_bounded,0,classifier_target_not_met,0.0,0.0036802291870117188,0.0,0.0,"{""nevents"": 157.0, ""ndays_act"": 19.0, ""nchapters"": 12.0}"
HarvardX,2,aligned,0,1830,NICE,bounded+edit,NICE_bounded+edit,0,classifier_target_not_met,0.0,0.0036802291870117188,0.0,0.0,"{""nevents"": 157.0, ""ndays_act"": 19.0, ""nchapters"": 12.0}"
HarvardX,2,aligned,0,1830,MCCE,native,MCCE_native,0,out_of_bounds:nevents,0.0,0.026305437088012695,0.06643356643356643,1.0,"{""nevents"": 119.0, ""ndays_act"": 19.0, ""nchapters"": 12.0}"
HarvardX,2,aligned,0,1830,MCCE,bounded,MCCE_bounded,1,OK,0.0,0.026305437088012695,0.19047619047619047,1.0,"{""nevents"": 157.0, ""ndays_act"": 27.0, ""nchapters"": 12.0}"
HarvardX,2,aligned,0,1830,MCCE,bounded+edit,MCCE_bounded+edit,1,OK,0.0,0.026305437088012695,0.19047619047619047,1.0,"{""nevents"": 157.0, ""ndays_act"": 27.0, ""nchapters"": 12.0}"
HarvardX,2,aligned,0,1875,NICE,native,NICE_native,0,out_of_bounds:nevents,0.0,0.0033864974975585938,0.14465408805031446,1.0,"{""nevents"": 365.0, ""ndays_act"": 32.0, ""nchapters"": 12.0}"
HarvardX,2,aligned,0,1875,NICE,bounded,NICE_bounded,0,classifier_target_not_met,0.0,0.0033864974975585938,0.0,0.0,"{""nevents"": 411.0, ""ndays_act"": 32.0, ""nchapters"": 12.0}"
HarvardX,2,aligned,0,1875,NICE,bounded+edit,NICE_bounded+edit,0,classifier_target_not_met,0.0,0.0033864974975585938,0.0,0.0,"{""nevents"": 411.0, ""ndays_act"": 32.0, ""nchapters"": 12.0}"
HarvardX,2,aligned,0,1875,MCCE,native,MCCE_native,0,out_of_bounds:nevents,0.0,0.02594614028930664,0.33962264150943394,1.0,"{""nevents"": 303.0, ""ndays_act"": 32.0, ""nchapters"": 12.0}"
HarvardX,2,aligned,0,1875,MCCE,bounded,MCCE_bounded,1,OK,0.0,0.02594614028930664,0.18499240945564954,2.0,"{""nevents"": 415.0, ""ndays_act"": 37.0, ""nchapters"": 12.0}"
HarvardX,2,aligned,0,1875,MCCE,bounded+edit,MCCE_bounded+edit,1,OK,0.0,0.02594614028930664,0.18499240945564954,2.0,"{""nevents"": 415.0, ""ndays_act"": 37.0, ""nchapters"": 12.0}"
HarvardX,2,aligned,0,1941,NICE,native,NICE_native,0,out_of_bounds:nevents,0.0,0.003598451614379883,0.08598726114649681,1.0,"{""nevents"": 47.0, ""ndays_act"": 16.0, ""nchapters"": 10.0}"
HarvardX,2,aligned,0,1941,NICE,bounded,NICE_bounded,0,classifier_target_not_met,0.0,0.003598451614379883,0.0,0.0,"{""nevents"": 101.0, ""ndays_act"": 16.0, ""nchapters"": 10.0}"
HarvardX,2,aligned,0,1941,NICE,bounded+edit,NICE_bounded+edit,0,classifier_target_not_met,0.0,0.003598451614379883,0.0,0.0,"{""nevents"": 101.0, ""ndays_act"": 16.0, ""nchapters"": 10.0}"
HarvardX,2,aligned,0,1941,MCCE,native,MCCE_native,0,out_of_bounds:nevents,0.0,0.10094642639160156,0.11769285208775654,2.0,"{""nevents"": 55.0, ""ndays_act"": 18.0, ""nchapters"": 10.0}"
HarvardX,2,aligned,0,1941,MCCE,bounded,MCCE_bounded,1,OK,0.0,0.10094642639160156,0.5655343241330503,2.0,"{""nevents"": 191.0, ""ndays_act"": 35.0, ""nchapters"": 10.0}"
HarvardX,2,aligned,0,1941,MCCE,bounded+edit,MCCE_bounded+edit,1,OK,0.0,0.10094642639160156,0.5655343241330503,2.0,"{""nevents"": 191.0, ""ndays_act"": 35.0, ""nchapters"": 10.0}"
HarvardX,2,aligned,0,1942,NICE,native,NICE_native,1,OK,0.0,0.0058441162109375,0.5312197681473101,3.0,"{""nevents"": 66.0, ""ndays_act"": 21.0, ""nchapters"": 7.0}"
HarvardX,2,aligned,0,1942,NICE,bounded,NICE_bounded,1,OK,0.0,0.0058441162109375,0.5312197681473101,3.0,"{""nevents"": 66.0, ""ndays_act"": 21.0, ""nchapters"": 7.0}"
HarvardX,2,aligned,0,1942,NICE,bounded+edit,NICE_bounded+edit,1,OK,0.0,0.0058441162109375,0.5312197681473101,3.0,"{""nevents"": 66.0, ""ndays_act"": 21.0, ""nchapters"": 7.0}"
HarvardX,2,aligned,0,1942,MCCE,native,MCCE_native,1,OK,0.0,0.03993487358093262,0.9577696886221654,3.0,"{""nevents"": 83.0, ""ndays_act"": 25.0, ""nchapters"": 9.0}"
HarvardX,2,aligned,0,1942,MCCE,bounded,MCCE_bounded,1,OK,0.0,0.03993487358093262,0.9577696886221654,3.0,"{""nevents"": 83.0, ""ndays_act"": 25.0, ""nchapters"": 9.0}"
HarvardX,2,aligned,0,1942,MCCE,bounded+edit,MCCE_bounded+edit,1,OK,0.0,0.03993487358093262,0.9577696886221654,3.0,"{""nevents"": 83.0, ""ndays_act"": 25.0, ""nchapters"": 9.0}"
HarvardX,2,aligned,0,2021,NICE,native,NICE_native,1,OK,0.0,0.005915164947509766,0.6014639411725021,3.0,"{""nevents"": 66.0, ""ndays_act"": 21.0, ""nchapters"": 7.0}"
HarvardX,2,aligned,0,2021,NICE,bounded,NICE_bounded,1,OK,0.0,0.005915164947509766,0.6014639411725021,3.0,"{""nevents"": 66.0, ""ndays_act"": 21.0, ""nchapters"": 7.0}"
HarvardX,2,aligned,0,2021,NICE,bounded+edit,NICE_bounded+edit,1,OK,0.0,0.005915164947509766,0.6014639411725021,3.0,"{""nevents"": 66.0, ""ndays_act"": 21.0, ""nchapters"": 7.0}"
HarvardX,2,aligned,0,2021,MCCE,native,MCCE_native,1,OK,0.0,0.0402216911315918,1.0236906609098473,3.0,"{""nevents"": 83.0, ""ndays_act"": 25.0, ""nchapters"": 9.0}"
HarvardX,2,aligned,0,2021,MCCE,bounded,MCCE_bounded,1,OK,0.0,0.0402216911315918,1.0236906609098473,3.0,"{""nevents"": 83.0, ""ndays_act"": 25.0, ""nchapters"": 9.0}"
HarvardX,2,aligned,0,2021,MCCE,bounded+edit,MCCE_bounded+edit,1,OK,0.0,0.0402216911315918,1.0236906609098473,3.0,"{""nevents"": 83.0, ""ndays_act"": 25.0, ""nchapters"": 9.0}"
HarvardX,2,aligned,0,2073,NICE,native,NICE_native,0,out_of_bounds:nevents,0.0,0.00472569465637207,0.08613658329600905,2.0,"{""nevents"": 9.0, ""ndays_act"": 7.0, ""nchapters"": 12.0}"
HarvardX,2,aligned,0,2073,NICE,bounded,NICE_bounded,0,classifier_target_not_met,0.0,0.00472569465637207,0.0847457627118644,1.0,"{""nevents"": 10.0, ""ndays_act"": 7.0, ""nchapters"": 12.0}"
HarvardX,2,aligned,0,2073,NICE,bounded+edit,NICE_bounded+edit,0,classifier_target_not_met,0.0,0.00472569465637207,0.0847457627118644,1.0,"{""nevents"": 10.0, ""ndays_act"": 7.0, ""nchapters"": 12.0}"
HarvardX,2,aligned,0,2073,MCCE,native,MCCE_native,1,OK,0.0,0.025933027267456055,0.17340468164352563,2.0,"{""nevents"": 25.0, ""ndays_act"": 11.0, ""nchapters"": 12.0}"
HarvardX,2,aligned,0,2073,MCCE,bounded,MCCE_bounded,1,OK,0.0,0.025933027267456055,0.17340468164352563,2.0,"{""nevents"": 25.0, ""ndays_act"": 11.0, ""nchapters"": 12.0}"
HarvardX,2,aligned,0,2073,MCCE,bounded+edit,MCCE_bounded+edit,1,OK,0.0,0.025933027267456055,0.17340468164352563,2.0,"{""nevents"": 25.0, ""ndays_act"": 11.0, ""nchapters"": 12.0}"
HarvardX,2,aligned,0,2100,NICE,native,NICE_native,0,out_of_bounds:nevents,0.0,0.0035109519958496094,0.7891891891891892,1.0,"{""nevents"": 67.0, ""ndays_act"": 15.0, ""nchapters"": 12.0}"
HarvardX,2,aligned,0,2100,NICE,bounded,NICE_bounded,0,classifier_target_not_met,0.0,0.0035109519958496094,0.0,0.0,"{""nevents"": 359.0, ""ndays_act"": 15.0, ""nchapters"": 12.0}"
HarvardX,2,aligned,0,2100,NICE,bounded+edit,NICE_bounded+edit,0,classifier_target_not_met,0.0,0.0035109519958496094,0.0,0.0,"{""nevents"": 359.0, ""ndays_act"": 15.0, ""nchapters"": 12.0}"
HarvardX,2,aligned,0,2100,MCCE,native,MCCE_native,0,out_of_bounds:nevents,0.0,0.026650428771972656,0.7972972972972973,1.0,"{""nevents"": 64.0, ""ndays_act"": 15.0, ""nchapters"": 12.0}"
HarvardX,2,aligned,0,2100,MCCE,bounded,MCCE_bounded,1,OK,0.0,0.026650428771972656,0.46192714453584016,2.0,"{""nevents"": 361.0, ""ndays_act"": 36.0, ""nchapters"": 12.0}"
HarvardX,2,aligned,0,2100,MCCE,bounded+edit,MCCE_bounded+edit,1,OK,0.0,0.026650428771972656,0.46192714453584016,2.0,"{""nevents"": 361.0, ""ndays_act"": 36.0, ""nchapters"": 12.0}"
HarvardX,2,aligned,0,2101,NICE,native,NICE_native,1,OK,0.0,0.004685401916503906,0.12709977737300143,2.0,"{""nevents"": 9.0, ""ndays_act"": 7.0, ""nchapters"": 12.0}"
HarvardX,2,aligned,0,2101,NICE,bounded,NICE_bounded,1,OK,0.0,0.004685401916503906,0.12709977737300143,2.0,"{""nevents"": 9.0, ""ndays_act"": 7.0, ""nchapters"": 12.0}"
HarvardX,2,aligned,0,2101,NICE,bounded+edit,NICE_bounded+edit,1,OK,0.0,0.004685401916503906,0.12709977737300143,2.0,"{""nevents"": 9.0, ""ndays_act"": 7.0, ""nchapters"": 12.0}"
HarvardX,2,aligned,0,2101,MCCE,native,MCCE_native,1,OK,0.0,0.027116775512695312,0.21462142166453035,2.0,"{""nevents"": 25.0, ""ndays_act"": 11.0, ""nchapters"": 12.0}"
HarvardX,2,aligned,0,2101,MCCE,bounded,MCCE_bounded,1,OK,0.0,0.027116775512695312,0.21462142166453035,2.0,"{""nevents"": 25.0, ""ndays_act"": 11.0, ""nchapters"": 12.0}"
HarvardX,2,aligned,0,2101,MCCE,bounded+edit,MCCE_bounded+edit,1,OK,0.0,0.027116775512695312,0.21462142166453035,2.0,"{""nevents"": 25.0, ""ndays_act"": 11.0, ""nchapters"": 12.0}"
HarvardX,2,aligned,0,2125,NICE,native,NICE_native,1,OK,0.0,0.004645586013793945,0.2973946993017494,2.0,"{""nevents"": 52.0, ""ndays_act"": 19.0, ""nchapters"": 8.0}"
HarvardX,2,aligned,0,2125,NICE,bounded,NICE_bounded,1,OK,0.0,0.004645586013793945,0.2973946993017494,2.0,"{""nevents"": 52.0, ""ndays_act"": 19.0, ""nchapters"": 8.0}"
HarvardX,2,aligned,0,2125,NICE,bounded+edit,NICE_bounded+edit,1,OK,0.0,0.004645586013793945,0.2973946993017494,2.0,"{""nevents"": 52.0, ""ndays_act"": 19.0, ""nchapters"": 8.0}"
HarvardX,2,aligned,0,2125,MCCE,native,MCCE_native,1,OK,0.0,0.04088163375854492,0.6968803964261581,3.0,"{""nevents"": 83.0, ""ndays_act"": 25.0, ""nchapters"": 9.0}"
HarvardX,2,aligned,0,2125,MCCE,bounded,MCCE_bounded,1,OK,0.0,0.04088163375854492,0.6968803964261581,3.0,"{""nevents"": 83.0, ""ndays_act"": 25.0, ""nchapters"": 9.0}"
HarvardX,2,aligned,0,2125,MCCE,bounded+edit,MCCE_bounded+edit,1,OK,0.0,0.04088163375854492,0.6968803964261581,3.0,"{""nevents"": 83.0, ""ndays_act"": 25.0, ""nchapters"": 9.0}"
HarvardX,2,aligned,0,2155,NICE,native,NICE_native,1,OK,0.0,0.0047185420989990234,0.3623159570234779,2.0,"{""nevents"": 66.0, ""ndays_act"": 21.0, ""nchapters"": 7.0}"
HarvardX,2,aligned,0,2155,NICE,bounded,NICE_bounded,1,OK,0.0,0.0047185420989990234,0.3623159570234779,2.0,"{""nevents"": 66.0, ""ndays_act"": 21.0, ""nchapters"": 7.0}"
HarvardX,2,aligned,0,2155,NICE,bounded+edit,NICE_bounded+edit,1,OK,0.0,0.0047185420989990234,0.3623159570234779,2.0,"{""nevents"": 66.0, ""ndays_act"": 21.0, ""nchapters"": 7.0}"
HarvardX,2,aligned,0,2155,MCCE,native,MCCE_native,1,OK,0.0,0.04048490524291992,0.8574214086748906,3.0,"{""nevents"": 83.0, ""ndays_act"": 25.0, ""nchapters"": 9.0}"
HarvardX,2,aligned,0,2155,MCCE,bounded,MCCE_bounded,1,OK,0.0,0.04048490524291992,0.8574214086748906,3.0,"{""nevents"": 83.0, ""ndays_act"": 25.0, ""nchapters"": 9.0}"
HarvardX,2,aligned,0,2155,MCCE,bounded+edit,MCCE_bounded+edit,1,OK,0.0,0.04048490524291992,0.8574214086748906,3.0,"{""nevents"": 83.0, ""ndays_act"": 25.0, ""nchapters"": 9.0}"
HarvardX,2,aligned,0,2194,NICE,native,NICE_native,1,OK,0.0,0.0048863887786865234,0.4347972745058355,2.0,"{""nevents"": 66.0, ""ndays_act"": 21.0, ""nchapters"": 7.0}"
HarvardX,2,aligned,0,2194,NICE,bounded,NICE_bounded,1,OK,0.0,0.0048863887786865234,0.4347972745058355,2.0,"{""nevents"": 66.0, ""ndays_act"": 21.0, ""nchapters"": 7.0}"
HarvardX,2,aligned,0,2194,NICE,bounded+edit,NICE_bounded+edit,1,OK,0.0,0.0048863887786865234,0.4347972745058355,2.0,"{""nevents"": 66.0, ""ndays_act"": 21.0, ""nchapters"": 7.0}"
HarvardX,2,aligned,0,2194,MCCE,native,MCCE_native,1,OK,0.0,0.04150676727294922,0.9236906609098473,3.0,"{""nevents"": 83.0, ""ndays_act"": 25.0, ""nchapters"": 9.0}"
HarvardX,2,aligned,0,2194,MCCE,bounded,MCCE_bounded,1,OK,0.0,0.04150676727294922,0.9236906609098473,3.0,"{""nevents"": 83.0, ""ndays_act"": 25.0, ""nchapters"": 9.0}"
HarvardX,2,aligned,0,2194,MCCE,bounded+edit,MCCE_bounded+edit,1,OK,0.0,0.04150676727294922,0.9236906609098473,3.0,"{""nevents"": 83.0, ""ndays_act"": 25.0, ""nchapters"": 9.0}"
HarvardX,2,aligned,0,2206,NICE,native,NICE_native,1,OK,0.0,0.00602269172668457,0.5892857142857143,3.0,"{""nevents"": 66.0, ""ndays_act"": 21.0, ""nchapters"": 7.0}"
HarvardX,2,aligned,0,2206,NICE,bounded,NICE_bounded,1,OK,0.0,0.00602269172668457,0.5892857142857143,3.0,"{""nevents"": 66.0, ""ndays_act"": 21.0, ""nchapters"": 7.0}"
HarvardX,2,aligned,0,2206,NICE,bounded+edit,NICE_bounded+edit,1,OK,0.0,0.00602269172668457,0.5892857142857143,3.0,"{""nevents"": 66.0, ""ndays_act"": 21.0, ""nchapters"": 7.0}"
HarvardX,2,aligned,0,2206,MCCE,native,MCCE_native,1,OK,0.0,0.041437625885009766,1.0126373626373626,3.0,"{""nevents"": 83.0, ""ndays_act"": 25.0, ""nchapters"": 9.0}"
HarvardX,2,aligned,0,2206,MCCE,bounded,MCCE_bounded,1,OK,0.0,0.041437625885009766,1.0126373626373626,3.0,"{""nevents"": 83.0, ""ndays_act"": 25.0, ""nchapters"": 9.0}"
HarvardX,2,aligned,0,2206,MCCE,bounded+edit,MCCE_bounded+edit,1,OK,0.0,0.041437625885009766,1.0126373626373626,3.0,"{""nevents"": 83.0, ""ndays_act"": 25.0, ""nchapters"": 9.0}"
HarvardX,2,aligned,0,2213,NICE,native,NICE_native,1,OK,0.0,0.00481867790222168,0.15964187327823692,2.0,"{""nevents"": 10.0, ""ndays_act"": 10.0, ""nchapters"": 10.0}"
HarvardX,2,aligned,0,2213,NICE,bounded,NICE_bounded,1,OK,0.0,0.00481867790222168,0.15964187327823692,2.0,"{""nevents"": 10.0, ""ndays_act"": 10.0, ""nchapters"": 10.0}"
HarvardX,2,aligned,0,2213,NICE,bounded+edit,NICE_bounded+edit,1,OK,0.0,0.00481867790222168,0.15964187327823692,2.0,"{""nevents"": 10.0, ""ndays_act"": 10.0, ""nchapters"": 10.0}"
HarvardX,2,aligned,0,2213,MCCE,native,MCCE_native,1,OK,0.0,0.04141998291015625,0.3549586776859504,2.0,"{""nevents"": 55.0, ""ndays_act"": 18.0, ""nchapters"": 10.0}"
HarvardX,2,aligned,0,2213,MCCE,bounded,MCCE_bounded,1,OK,0.0,0.04141998291015625,0.3549586776859504,2.0,"{""nevents"": 55.0, ""ndays_act"": 18.0, ""nchapters"": 10.0}"
HarvardX,2,aligned,0,2213,MCCE,bounded+edit,MCCE_bounded+edit,1,OK,0.0,0.04141998291015625,0.3549586776859504,2.0,"{""nevents"": 55.0, ""ndays_act"": 18.0, ""nchapters"": 10.0}"
HarvardX,2,aligned,0,2221,NICE,native,NICE_native,1,OK,0.0,0.00510096549987793,0.35363511659807956,2.0,"{""nevents"": 112.0, ""ndays_act"": 21.0, ""nchapters"": 9.0}"
HarvardX,2,aligned,0,2221,NICE,bounded,NICE_bounded,1,OK,0.0,0.00510096549987793,0.35363511659807956,2.0,"{""nevents"": 112.0, ""ndays_act"": 21.0, ""nchapters"": 9.0}"
HarvardX,2,aligned,0,2221,NICE,bounded+edit,NICE_bounded+edit,1,OK,0.0,0.00510096549987793,0.35363511659807956,2.0,"{""nevents"": 112.0, ""ndays_act"": 21.0, ""nchapters"": 9.0}"
HarvardX,2,aligned,0,2221,MCCE,native,MCCE_native,1,OK,0.0,0.040798187255859375,0.39385459533607686,2.0,"{""nevents"": 83.0, ""ndays_act"": 25.0, ""nchapters"": 9.0}"
HarvardX,2,aligned,0,2221,MCCE,bounded,MCCE_bounded,1,OK,0.0,0.040798187255859375,0.39385459533607686,2.0,"{""nevents"": 83.0, ""ndays_act"": 25.0, ""nchapters"": 9.0}"
HarvardX,2,aligned,0,2221,MCCE,bounded+edit,MCCE_bounded+edit,1,OK,0.0,0.040798187255859375,0.39385459533607686,2.0,"{""nevents"": 83.0, ""ndays_act"": 25.0, ""nchapters"": 9.0}"
HarvardX,2,aligned,0,2257,NICE,native,NICE_native,1,OK,0.0,0.005051374435424805,0.12709977737300143,2.0,"{""nevents"": 9.0, ""ndays_act"": 7.0, ""nchapters"": 12.0}"
HarvardX,2,aligned,0,2257,NICE,bounded,NICE_bounded,1,OK,0.0,0.005051374435424805,0.12709977737300143,2.0,"{""nevents"": 9.0, ""ndays_act"": 7.0, ""nchapters"": 12.0}"
HarvardX,2,aligned,0,2257,NICE,bounded+edit,NICE_bounded+edit,1,OK,0.0,0.005051374435424805,0.12709977737300143,2.0,"{""nevents"": 9.0, ""ndays_act"": 7.0, ""nchapters"": 12.0}"
HarvardX,2,aligned,0,2257,MCCE,native,MCCE_native,1,OK,0.0,0.02643132209777832,0.21462142166453035,2.0,"{""nevents"": 25.0, ""ndays_act"": 11.0, ""nchapters"": 12.0}"
HarvardX,2,aligned,0,2257,MCCE,bounded,MCCE_bounded,1,OK,0.0,0.02643132209777832,0.21462142166453035,2.0,"{""nevents"": 25.0, ""ndays_act"": 11.0, ""nchapters"": 12.0}"
HarvardX,2,aligned,0,2257,MCCE,bounded+edit,MCCE_bounded+edit,1,OK,0.0,0.02643132209777832,0.21462142166453035,2.0,"{""nevents"": 25.0, ""ndays_act"": 11.0, ""nchapters"": 12.0}"
HarvardX,2,aligned,0,2303,NICE,native,NICE_native,1,OK,0.0,0.004885196685791016,0.12709977737300143,2.0,"{""nevents"": 9.0, ""ndays_act"": 7.0, ""nchapters"": 12.0}"
HarvardX,2,aligned,0,2303,NICE,bounded,NICE_bounded,1,OK,0.0,0.004885196685791016,0.12709977737300143,2.0,"{""nevents"": 9.0, ""ndays_act"": 7.0, ""nchapters"": 12.0}"
HarvardX,2,aligned,0,2303,NICE,bounded+edit,NICE_bounded+edit,1,OK,0.0,0.004885196685791016,0.12709977737300143,2.0,"{""nevents"": 9.0, ""ndays_act"": 7.0, ""nchapters"": 12.0}"
HarvardX,2,aligned,0,2303,MCCE,native,MCCE_native,1,OK,0.0,0.026937484741210938,0.21462142166453035,2.0,"{""nevents"": 25.0, ""ndays_act"": 11.0, ""nchapters"": 12.0}"
HarvardX,2,aligned,0,2303,MCCE,bounded,MCCE_bounded,1,OK,0.0,0.026937484741210938,0.21462142166453035,2.0,"{""nevents"": 25.0, ""ndays_act"": 11.0, ""nchapters"": 12.0}"
HarvardX,2,aligned,0,2303,MCCE,bounded+edit,MCCE_bounded+edit,1,OK,0.0,0.026937484741210938,0.21462142166453035,2.0,"{""nevents"": 25.0, ""ndays_act"": 11.0, ""nchapters"": 12.0}"
HarvardX,2,aligned,0,2331,NICE,native,NICE_native,0,out_of_bounds:nevents,0.0,0.004899501800537109,0.0638675340035482,2.0,"{""nevents"": 9.0, ""ndays_act"": 7.0, ""nchapters"": 12.0}"
HarvardX,2,aligned,0,2331,NICE,bounded,NICE_bounded,0,classifier_target_not_met,0.0,0.004899501800537109,0.05263157894736842,1.0,"{""nevents"": 17.0, ""ndays_act"": 7.0, ""nchapters"": 12.0}"
HarvardX,2,aligned,0,2331,NICE,bounded+edit,NICE_bounded+edit,0,classifier_target_not_met,0.0,0.004899501800537109,0.05263157894736842,1.0,"{""nevents"": 17.0, ""ndays_act"": 7.0, ""nchapters"": 12.0}"
HarvardX,2,aligned,0,2331,MCCE,native,MCCE_native,1,OK,0.0,0.026618242263793945,0.13404297260003942,2.0,"{""nevents"": 25.0, ""ndays_act"": 11.0, ""nchapters"": 12.0}"
HarvardX,2,aligned,0,2331,MCCE,bounded,MCCE_bounded,1,OK,0.0,0.026618242263793945,0.13404297260003942,2.0,"{""nevents"": 25.0, ""ndays_act"": 11.0, ""nchapters"": 12.0}"
HarvardX,2,aligned,0,2331,MCCE,bounded+edit,MCCE_bounded+edit,1,OK,0.0,0.026618242263793945,0.13404297260003942,2.0,"{""nevents"": 25.0, ""ndays_act"": 11.0, ""nchapters"": 12.0}"
HarvardX,2,aligned,0,2381,NICE,native,NICE_native,1,OK,0.0,0.00618433952331543,0.6014639411725021,3.0,"{""nevents"": 66.0, ""ndays_act"": 21.0, ""nchapters"": 7.0}"
HarvardX,2,aligned,0,2381,NICE,bounded,NICE_bounded,1,OK,0.0,0.00618433952331543,0.6014639411725021,3.0,"{""nevents"": 66.0, ""ndays_act"": 21.0, ""nchapters"": 7.0}"
HarvardX,2,aligned,0,2381,NICE,bounded+edit,NICE_bounded+edit,1,OK,0.0,0.00618433952331543,0.6014639411725021,3.0,"{""nevents"": 66.0, ""ndays_act"": 21.0, ""nchapters"": 7.0}"
HarvardX,2,aligned,0,2381,MCCE,native,MCCE_native,1,OK,0.0,0.04239392280578613,1.0236906609098473,3.0,"{""nevents"": 83.0, ""ndays_act"": 25.0, ""nchapters"": 9.0}"
HarvardX,2,aligned,0,2381,MCCE,bounded,MCCE_bounded,1,OK,0.0,0.04239392280578613,1.0236906609098473,3.0,"{""nevents"": 83.0, ""ndays_act"": 25.0, ""nchapters"": 9.0}"
HarvardX,2,aligned,0,2381,MCCE,bounded+edit,MCCE_bounded+edit,1,OK,0.0,0.04239392280578613,1.0236906609098473,3.0,"{""nevents"": 83.0, ""ndays_act"": 25.0, ""nchapters"": 9.0}"
HarvardX,2,aligned,0,2427,NICE,native,NICE_native,0,out_of_bounds:nevents,0.0,0.004632234573364258,0.027999489991074843,2.0,"{""nevents"": 9.0, ""ndays_act"": 7.0, ""nchapters"": 12.0}"
HarvardX,2,aligned,0,2427,NICE,bounded,NICE_bounded,0,classifier_target_not_met,0.0,0.004632234573364258,0.01818181818181818,1.0,"{""nevents"": 16.0, ""ndays_act"": 7.0, ""nchapters"": 12.0}"
HarvardX,2,aligned,0,2427,NICE,bounded+edit,NICE_bounded+edit,0,classifier_target_not_met,0.0,0.004632234573364258,0.01818181818181818,1.0,"{""nevents"": 16.0, ""ndays_act"": 7.0, ""nchapters"": 12.0}"
HarvardX,2,aligned,0,2427,MCCE,native,MCCE_native,1,OK,0.0,0.0269930362701416,0.10353181180670662,2.0,"{""nevents"": 25.0, ""ndays_act"": 11.0, ""nchapters"": 12.0}"
HarvardX,2,aligned,0,2427,MCCE,bounded,MCCE_bounded,1,OK,0.0,0.0269930362701416,0.10353181180670662,2.0,"{""nevents"": 25.0, ""ndays_act"": 11.0, ""nchapters"": 12.0}"
HarvardX,2,aligned,0,2427,MCCE,bounded+edit,MCCE_bounded+edit,1,OK,0.0,0.0269930362701416,0.10353181180670662,2.0,"{""nevents"": 25.0, ""ndays_act"": 11.0, ""nchapters"": 12.0}"
HarvardX,2,aligned,0,2460,NICE,native,NICE_native,0,out_of_bounds:nevents,0.0,0.00476527214050293,0.3327046300124018,2.0,"{""nevents"": 66.0, ""ndays_act"": 21.0, ""nchapters"": 7.0}"
HarvardX,2,aligned,0,2460,NICE,bounded,NICE_bounded,0,classifier_target_not_met,0.0,0.00476527214050293,0.3220338983050847,1.0,"{""nevents"": 73.0, ""ndays_act"": 21.0, ""nchapters"": 7.0}"
HarvardX,2,aligned,0,2460,NICE,bounded+edit,NICE_bounded+edit,0,classifier_target_not_met,0.0,0.00476527214050293,0.3220338983050847,1.0,"{""nevents"": 73.0, ""ndays_act"": 21.0, ""nchapters"": 7.0}"
HarvardX,2,aligned,0,2460,MCCE,native,MCCE_native,1,OK,0.0,0.04131674766540527,1.2542372881355932,2.0,"{""nevents"": 73.0, ""ndays_act"": 17.0, ""nchapters"": 12.0}"
HarvardX,2,aligned,0,2460,MCCE,bounded,MCCE_bounded,1,OK,0.0,0.04131674766540527,1.2542372881355932,2.0,"{""nevents"": 73.0, ""ndays_act"": 17.0, ""nchapters"": 12.0}"
HarvardX,2,aligned,0,2460,MCCE,bounded+edit,MCCE_bounded+edit,1,OK,0.0,0.04131674766540527,1.2542372881355932,2.0,"{""nevents"": 73.0, ""ndays_act"": 17.0, ""nchapters"": 12.0}"
HarvardX,2,aligned,0,2495,NICE,native,NICE_native,1,OK,0.0,0.0049610137939453125,0.09027062459031744,2.0,"{""nevents"": 9.0, ""ndays_act"": 7.0, ""nchapters"": 12.0}"
HarvardX,2,aligned,0,2495,NICE,bounded,NICE_bounded,1,OK,0.0,0.0049610137939453125,0.09027062459031744,2.0,"{""nevents"": 9.0, ""ndays_act"": 7.0, ""nchapters"": 12.0}"
HarvardX,2,aligned,0,2495,NICE,bounded+edit,NICE_bounded+edit,1,OK,0.0,0.0049610137939453125,0.09027062459031744,2.0,"{""nevents"": 9.0, ""ndays_act"": 7.0, ""nchapters"": 12.0}"
HarvardX,2,aligned,0,2495,MCCE,native,MCCE_native,1,OK,0.0,0.0259552001953125,0.18016668227362115,2.0,"{""nevents"": 25.0, ""ndays_act"": 11.0, ""nchapters"": 12.0}"
HarvardX,2,aligned,0,2495,MCCE,bounded,MCCE_bounded,1,OK,0.0,0.0259552001953125,0.18016668227362115,2.0,"{""nevents"": 25.0, ""ndays_act"": 11.0, ""nchapters"": 12.0}"
HarvardX,2,aligned,0,2495,MCCE,bounded+edit,MCCE_bounded+edit,1,OK,0.0,0.0259552001953125,0.18016668227362115,2.0,"{""nevents"": 25.0, ""ndays_act"": 11.0, ""nchapters"": 12.0}"
HarvardX,2,aligned,0,2586,NICE,native,NICE_native,0,out_of_bounds:nevents,0.0,0.004504680633544922,0.10415466886055122,2.0,"{""nevents"": 9.0, ""ndays_act"": 7.0, ""nchapters"": 12.0}"
HarvardX,2,aligned,0,2586,NICE,bounded,NICE_bounded,0,classifier_target_not_met,0.0,0.004504680633544922,0.01818181818181818,1.0,"{""nevents"": 66.0, ""ndays_act"": 7.0, ""nchapters"": 12.0}"
HarvardX,2,aligned,0,2586,NICE,bounded+edit,NICE_bounded+edit,0,classifier_target_not_met,0.0,0.004504680633544922,0.01818181818181818,1.0,"{""nevents"": 66.0, ""ndays_act"": 7.0, ""nchapters"": 12.0}"
HarvardX,2,aligned,0,2586,MCCE,native,MCCE_native,0,out_of_bounds:nevents,0.0,0.026154279708862305,0.152749211572741,2.0,"{""nevents"": 25.0, ""ndays_act"": 11.0, ""nchapters"": 12.0}"
HarvardX,2,aligned,0,2586,MCCE,bounded,MCCE_bounded,1,OK,0.0,0.026154279708862305,0.26510352392705333,2.0,"{""nevents"": 73.0, ""ndays_act"": 20.0, ""nchapters"": 12.0}"
HarvardX,2,aligned,0,2586,MCCE,bounded+edit,MCCE_bounded+edit,1,OK,0.0,0.026154279708862305,0.26510352392705333,2.0,"{""nevents"": 73.0, ""ndays_act"": 20.0, ""nchapters"": 12.0}"
HarvardX,2,aligned,0,2605,NICE,native,NICE_native,1,OK,0.0,0.0047454833984375,0.4347972745058355,2.0,"{""nevents"": 66.0, ""ndays_act"": 21.0, ""nchapters"": 7.0}"
HarvardX,2,aligned,0,2605,NICE,bounded,NICE_bounded,1,OK,0.0,0.0047454833984375,0.4347972745058355,2.0,"{""nevents"": 66.0, ""ndays_act"": 21.0, ""nchapters"": 7.0}"
HarvardX,2,aligned,0,2605,NICE,bounded+edit,NICE_bounded+edit,1,OK,0.0,0.0047454833984375,0.4347972745058355,2.0,"{""nevents"": 66.0, ""ndays_act"": 21.0, ""nchapters"": 7.0}"
HarvardX,2,aligned,0,2605,MCCE,native,MCCE_native,1,OK,0.0,0.04011869430541992,0.9236906609098473,3.0,"{""nevents"": 83.0, ""ndays_act"": 25.0, ""nchapters"": 9.0}"
HarvardX,2,aligned,0,2605,MCCE,bounded,MCCE_bounded,1,OK,0.0,0.04011869430541992,0.9236906609098473,3.0,"{""nevents"": 83.0, ""ndays_act"": 25.0, ""nchapters"": 9.0}"
HarvardX,2,aligned,0,2605,MCCE,bounded+edit,MCCE_bounded+edit,1,OK,0.0,0.04011869430541992,0.9236906609098473,3.0,"{""nevents"": 83.0, ""ndays_act"": 25.0, ""nchapters"": 9.0}"
HarvardX,2,aligned,0,2622,NICE,native,NICE_native,1,OK,0.0,0.004759550094604492,0.3973477058364655,2.0,"{""nevents"": 66.0, ""ndays_act"": 21.0, ""nchapters"": 7.0}"
HarvardX,2,aligned,0,2622,NICE,bounded,NICE_bounded,1,OK,0.0,0.004759550094604492,0.3973477058364655,2.0,"{""nevents"": 66.0, ""ndays_act"": 21.0, ""nchapters"": 7.0}"
HarvardX,2,aligned,0,2622,NICE,bounded+edit,NICE_bounded+edit,1,OK,0.0,0.004759550094604492,0.3973477058364655,2.0,"{""nevents"": 66.0, ""ndays_act"": 21.0, ""nchapters"": 7.0}"
HarvardX,2,aligned,0,2622,MCCE,native,MCCE_native,1,OK,0.0,0.0400853157043457,0.8888542183769472,3.0,"{""nevents"": 83.0, ""ndays_act"": 25.0, ""nchapters"": 9.0}"
HarvardX,2,aligned,0,2622,MCCE,bounded,MCCE_bounded,1,OK,0.0,0.0400853157043457,0.8888542183769472,3.0,"{""nevents"": 83.0, ""ndays_act"": 25.0, ""nchapters"": 9.0}"
HarvardX,2,aligned,0,2622,MCCE,bounded+edit,MCCE_bounded+edit,1,OK,0.0,0.0400853157043457,0.8888542183769472,3.0,"{""nevents"": 83.0, ""ndays_act"": 25.0, ""nchapters"": 9.0}"
HarvardX,2,aligned,0,2641,NICE,native,NICE_native,1,OK,0.0,0.004483699798583984,0.34974775995783447,2.0,"{""nevents"": 66.0, ""ndays_act"": 21.0, ""nchapters"": 7.0}"
HarvardX,2,aligned,0,2641,NICE,bounded,NICE_bounded,1,OK,0.0,0.004483699798583984,0.34974775995783447,2.0,"{""nevents"": 66.0, ""ndays_act"": 21.0, ""nchapters"": 7.0}"
HarvardX,2,aligned,0,2641,NICE,bounded+edit,NICE_bounded+edit,1,OK,0.0,0.004483699798583984,0.34974775995783447,2.0,"{""nevents"": 66.0, ""ndays_act"": 21.0, ""nchapters"": 7.0}"
HarvardX,2,aligned,0,2641,MCCE,native,MCCE_native,1,OK,0.0,0.03966522216796875,0.8442436563511784,3.0,"{""nevents"": 83.0, ""ndays_act"": 25.0, ""nchapters"": 9.0}"
HarvardX,2,aligned,0,2641,MCCE,bounded,MCCE_bounded,1,OK,0.0,0.03966522216796875,0.8442436563511784,3.0,"{""nevents"": 83.0, ""ndays_act"": 25.0, ""nchapters"": 9.0}"
HarvardX,2,aligned,0,2641,MCCE,bounded+edit,MCCE_bounded+edit,1,OK,0.0,0.03966522216796875,0.8442436563511784,3.0,"{""nevents"": 83.0, ""ndays_act"": 25.0, ""nchapters"": 9.0}"
HarvardX,2,aligned,0,2650,NICE,native,NICE_native,1,OK,0.0,0.005687713623046875,0.6014639411725021,3.0,"{""nevents"": 66.0, ""ndays_act"": 21.0, ""nchapters"": 7.0}"
HarvardX,2,aligned,0,2650,NICE,bounded,NICE_bounded,1,OK,0.0,0.005687713623046875,0.6014639411725021,3.0,"{""nevents"": 66.0, ""ndays_act"": 21.0, ""nchapters"": 7.0}"
HarvardX,2,aligned,0,2650,NICE,bounded+edit,NICE_bounded+edit,1,OK,0.0,0.005687713623046875,0.6014639411725021,3.0,"{""nevents"": 66.0, ""ndays_act"": 21.0, ""nchapters"": 7.0}"
HarvardX,2,aligned,0,2650,MCCE,native,MCCE_native,1,OK,0.0,0.04096817970275879,1.0236906609098473,3.0,"{""nevents"": 83.0, ""ndays_act"": 25.0, ""nchapters"": 9.0}"
HarvardX,2,aligned,0,2650,MCCE,bounded,MCCE_bounded,1,OK,0.0,0.04096817970275879,1.0236906609098473,3.0,"{""nevents"": 83.0, ""ndays_act"": 25.0, ""nchapters"": 9.0}"
HarvardX,2,aligned,0,2650,MCCE,bounded+edit,MCCE_bounded+edit,1,OK,0.0,0.04096817970275879,1.0236906609098473,3.0,"{""nevents"": 83.0, ""ndays_act"": 25.0, ""nchapters"": 9.0}"
HarvardX,2,aligned,0,2655,NICE,native,NICE_native,1,OK,0.0,0.0036721229553222656,0.2,1.0,"{""nevents"": 32.0, ""ndays_act"": 13.0, ""nchapters"": 11.0}"
HarvardX,2,aligned,0,2655,NICE,bounded,NICE_bounded,1,OK,0.0,0.0036721229553222656,0.2,1.0,"{""nevents"": 32.0, ""ndays_act"": 13.0, ""nchapters"": 11.0}"
HarvardX,2,aligned,0,2655,NICE,bounded+edit,NICE_bounded+edit,1,OK,0.0,0.0036721229553222656,0.2,1.0,"{""nevents"": 32.0, ""ndays_act"": 13.0, ""nchapters"": 11.0}"
HarvardX,2,aligned,0,2655,MCCE,native,MCCE_native,1,OK,0.0,0.040508270263671875,0.5506456241032999,2.0,"{""nevents"": 137.0, ""ndays_act"": 25.0, ""nchapters"": 11.0}"
HarvardX,2,aligned,0,2655,MCCE,bounded,MCCE_bounded,1,OK,0.0,0.040508270263671875,0.5506456241032999,2.0,"{""nevents"": 137.0, ""ndays_act"": 25.0, ""nchapters"": 11.0}"
HarvardX,2,aligned,0,2655,MCCE,bounded+edit,MCCE_bounded+edit,1,OK,0.0,0.040508270263671875,0.5506456241032999,2.0,"{""nevents"": 137.0, ""ndays_act"": 25.0, ""nchapters"": 11.0}"
HarvardX,2,aligned,0,2658,NICE,native,NICE_native,1,OK,0.0,0.0035462379455566406,0.06451612903225806,1.0,"{""nevents"": 215.0, ""ndays_act"": 32.0, ""nchapters"": 10.0}"
HarvardX,2,aligned,0,2658,NICE,bounded,NICE_bounded,1,OK,0.0,0.0035462379455566406,0.06451612903225806,1.0,"{""nevents"": 215.0, ""ndays_act"": 32.0, ""nchapters"": 10.0}"
HarvardX,2,aligned,0,2658,NICE,bounded+edit,NICE_bounded+edit,1,OK,0.0,0.0035462379455566406,0.06451612903225806,1.0,"{""nevents"": 215.0, ""ndays_act"": 32.0, ""nchapters"": 10.0}"
HarvardX,2,aligned,0,2658,MCCE,native,MCCE_native,0,out_of_bounds:nevents,0.0,0.03949689865112305,0.2079829295845362,2.0,"{""nevents"": 191.0, ""ndays_act"": 35.0, ""nchapters"": 10.0}"
HarvardX,2,aligned,0,2658,MCCE,bounded,MCCE_bounded,1,OK,0.0,0.03949689865112305,0.6306012300740554,2.0,"{""nevents"": 307.0, ""ndays_act"": 44.0, ""nchapters"": 10.0}"
HarvardX,2,aligned,0,2658,MCCE,bounded+edit,MCCE_bounded+edit,1,OK,0.0,0.03949689865112305,0.6306012300740554,2.0,"{""nevents"": 307.0, ""ndays_act"": 44.0, ""nchapters"": 10.0}"
HarvardX,2,aligned,0,2681,NICE,native,NICE_native,1,OK,0.0,0.004862546920776367,0.4347972745058355,2.0,"{""nevents"": 66.0, ""ndays_act"": 21.0, ""nchapters"": 7.0}"
HarvardX,2,aligned,0,2681,NICE,bounded,NICE_bounded,1,OK,0.0,0.004862546920776367,0.4347972745058355,2.0,"{""nevents"": 66.0, ""ndays_act"": 21.0, ""nchapters"": 7.0}"
HarvardX,2,aligned,0,2681,NICE,bounded+edit,NICE_bounded+edit,1,OK,0.0,0.004862546920776367,0.4347972745058355,2.0,"{""nevents"": 66.0, ""ndays_act"": 21.0, ""nchapters"": 7.0}"
HarvardX,2,aligned,0,2681,MCCE,native,MCCE_native,1,OK,0.0,0.03940629959106445,0.9236906609098473,3.0,"{""nevents"": 83.0, ""ndays_act"": 25.0, ""nchapters"": 9.0}"
HarvardX,2,aligned,0,2681,MCCE,bounded,MCCE_bounded,1,OK,0.0,0.03940629959106445,0.9236906609098473,3.0,"{""nevents"": 83.0, ""ndays_act"": 25.0, ""nchapters"": 9.0}"
HarvardX,2,aligned,0,2681,MCCE,bounded+edit,MCCE_bounded+edit,1,OK,0.0,0.03940629959106445,0.9236906609098473,3.0,"{""nevents"": 83.0, ""ndays_act"": 25.0, ""nchapters"": 9.0}"
HarvardX,2,aligned,0,2703,NICE,native,NICE_native,1,OK,0.0,0.004792690277099609,0.12709977737300143,2.0,"{""nevents"": 9.0, ""ndays_act"": 7.0, ""nchapters"": 12.0}"
HarvardX,2,aligned,0,2703,NICE,bounded,NICE_bounded,1,OK,0.0,0.004792690277099609,0.12709977737300143,2.0,"{""nevents"": 9.0, ""ndays_act"": 7.0, ""nchapters"": 12.0}"
HarvardX,2,aligned,0,2703,NICE,bounded+edit,NICE_bounded+edit,1,OK,0.0,0.004792690277099609,0.12709977737300143,2.0,"{""nevents"": 9.0, ""ndays_act"": 7.0, ""nchapters"": 12.0}"
HarvardX,2,aligned,0,2703,MCCE,native,MCCE_native,1,OK,0.0,0.026631593704223633,0.21462142166453035,2.0,"{""nevents"": 25.0, ""ndays_act"": 11.0, ""nchapters"": 12.0}"
HarvardX,2,aligned,0,2703,MCCE,bounded,MCCE_bounded,1,OK,0.0,0.026631593704223633,0.21462142166453035,2.0,"{""nevents"": 25.0, ""ndays_act"": 11.0, ""nchapters"": 12.0}"
HarvardX,2,aligned,0,2703,MCCE,bounded+edit,MCCE_bounded+edit,1,OK,0.0,0.026631593704223633,0.21462142166453035,2.0,"{""nevents"": 25.0, ""ndays_act"": 11.0, ""nchapters"": 12.0}"
HarvardX,2,aligned,0,2720,NICE,native,NICE_native,0,out_of_bounds:nevents,0.0,0.0036580562591552734,0.06593406593406594,1.0,"{""nevents"": 50.0, ""ndays_act"": 12.0, ""nchapters"": 12.0}"
HarvardX,2,aligned,0,2720,NICE,bounded,NICE_bounded,0,classifier_target_not_met,0.0,0.0036580562591552734,0.0,0.0,"{""nevents"": 92.0, ""ndays_act"": 12.0, ""nchapters"": 12.0}"
HarvardX,2,aligned,0,2720,NICE,bounded+edit,NICE_bounded+edit,0,classifier_target_not_met,0.0,0.0036580562591552734,0.0,0.0,"{""nevents"": 92.0, ""ndays_act"": 12.0, ""nchapters"": 12.0}"
HarvardX,2,aligned,0,2720,MCCE,native,MCCE_native,0,out_of_bounds:nevents,0.0,0.026236295700073242,0.09733124018838304,1.0,"{""nevents"": 30.0, ""ndays_act"": 12.0, ""nchapters"": 12.0}"
HarvardX,2,aligned,0,2720,MCCE,bounded,MCCE_bounded,1,OK,0.0,0.026236295700073242,0.1695447409733124,2.0,"{""nevents"": 109.0, ""ndays_act"": 19.0, ""nchapters"": 12.0}"
HarvardX,2,aligned,0,2720,MCCE,bounded+edit,MCCE_bounded+edit,1,OK,0.0,0.026236295700073242,0.1695447409733124,2.0,"{""nevents"": 109.0, ""ndays_act"": 19.0, ""nchapters"": 12.0}"
HarvardX,2,aligned,0,2733,NICE,native,NICE_native,0,out_of_bounds:nevents,0.0,0.0048139095306396484,2.1107142857142858,2.0,"{""nevents"": 77.0, ""ndays_act"": 55.0, ""nchapters"": 8.0}"
HarvardX,2,aligned,0,2733,NICE,bounded,NICE_bounded,0,classifier_target_not_met,0.0,0.0048139095306396484,0.2,1.0,"{""nevents"": 505.0, ""ndays_act"": 55.0, ""nchapters"": 8.0}"
HarvardX,2,aligned,0,2733,NICE,bounded+edit,NICE_bounded+edit,0,classifier_target_not_met,0.0,0.0048139095306396484,0.2,1.0,"{""nevents"": 505.0, ""ndays_act"": 55.0, ""nchapters"": 8.0}"
HarvardX,2,aligned,0,2733,MCCE,native,MCCE_native,0,out_of_bounds:ndays_act,0.0,0.040184974670410156,1.9666666666666668,2.0,"{""nevents"": 505.0, ""ndays_act"": 48.0, ""nchapters"": 11.0}"
HarvardX,2,aligned,0,2733,MCCE,bounded,MCCE_bounded,1,OK,0.0,0.040184974670410156,1.3654761904761905,3.0,"{""nevents"": 557.0, ""ndays_act"": 57.0, ""nchapters"": 11.0}"
HarvardX,2,aligned,0,2733,MCCE,bounded+edit,MCCE_bounded+edit,1,OK,0.0,0.040184974670410156,1.3654761904761905,3.0,"{""nevents"": 557.0, ""ndays_act"": 57.0, ""nchapters"": 11.0}"
HarvardX,2,aligned,0,2745,NICE,native,NICE_native,1,OK,0.0,0.004922389984130859,0.12709977737300143,2.0,"{""nevents"": 9.0, ""ndays_act"": 7.0, ""nchapters"": 12.0}"
HarvardX,2,aligned,0,2745,NICE,bounded,NICE_bounded,1,OK,0.0,0.004922389984130859,0.12709977737300143,2.0,"{""nevents"": 9.0, ""ndays_act"": 7.0, ""nchapters"": 12.0}"
HarvardX,2,aligned,0,2745,NICE,bounded+edit,NICE_bounded+edit,1,OK,0.0,0.004922389984130859,0.12709977737300143,2.0,"{""nevents"": 9.0, ""ndays_act"": 7.0, ""nchapters"": 12.0}"
HarvardX,2,aligned,0,2745,MCCE,native,MCCE_native,1,OK,0.0,0.0259552001953125,0.21462142166453035,2.0,"{""nevents"": 25.0, ""ndays_act"": 11.0, ""nchapters"": 12.0}"
HarvardX,2,aligned,0,2745,MCCE,bounded,MCCE_bounded,1,OK,0.0,0.0259552001953125,0.21462142166453035,2.0,"{""nevents"": 25.0, ""ndays_act"": 11.0, ""nchapters"": 12.0}"
HarvardX,2,aligned,0,2745,MCCE,bounded+edit,MCCE_bounded+edit,1,OK,0.0,0.0259552001953125,0.21462142166453035,2.0,"{""nevents"": 25.0, ""ndays_act"": 11.0, ""nchapters"": 12.0}"
HarvardX,2,aligned,0,2770,NICE,native,NICE_native,0,out_of_bounds:nevents,0.0,0.004643917083740234,0.2828984343637093,2.0,"{""nevents"": 128.0, ""ndays_act"": 21.0, ""nchapters"": 9.0}"
HarvardX,2,aligned,0,2770,NICE,bounded,NICE_bounded,0,classifier_target_not_met,0.0,0.004643917083740234,0.14893617021276595,1.0,"{""nevents"": 199.0, ""ndays_act"": 21.0, ""nchapters"": 9.0}"
HarvardX,2,aligned,0,2770,NICE,bounded+edit,NICE_bounded+edit,0,classifier_target_not_met,0.0,0.004643917083740234,0.14893617021276595,1.0,"{""nevents"": 199.0, ""ndays_act"": 21.0, ""nchapters"": 9.0}"
HarvardX,2,aligned,0,2770,MCCE,native,MCCE_native,0,out_of_bounds:nevents,0.0,0.04098010063171387,0.45291047771979126,2.0,"{""nevents"": 83.0, ""ndays_act"": 25.0, ""nchapters"": 9.0}"
HarvardX,2,aligned,0,2770,MCCE,bounded,MCCE_bounded,1,OK,0.0,0.04098010063171387,1.1754047905794192,3.0,"{""nevents"": 307.0, ""ndays_act"": 44.0, ""nchapters"": 10.0}"
HarvardX,2,aligned,0,2770,MCCE,bounded+edit,MCCE_bounded+edit,1,OK,0.0,0.04098010063171387,1.1754047905794192,3.0,"{""nevents"": 307.0, ""ndays_act"": 44.0, ""nchapters"": 10.0}"
HarvardX,2,aligned,0,2783,NICE,native,NICE_native,0,out_of_bounds:nevents,0.0,0.004296779632568359,0.076103500761035,1.0,"{""nevents"": 22.0, ""ndays_act"": 10.0, ""nchapters"": 12.0}"
HarvardX,2,aligned,0,2783,NICE,bounded,NICE_bounded,0,classifier_target_not_met,0.0,0.004296779632568359,0.0,0.0,"{""nevents"": 72.0, ""ndays_act"": 10.0, ""nchapters"": 12.0}"
HarvardX,2,aligned,0,2783,NICE,bounded+edit,NICE_bounded+edit,0,classifier_target_not_met,0.0,0.004296779632568359,0.0,0.0,"{""nevents"": 72.0, ""ndays_act"": 10.0, ""nchapters"": 12.0}"
HarvardX,2,aligned,0,2783,MCCE,native,MCCE_native,0,out_of_bounds:nevents,0.0,0.026210308074951172,0.0911451338526278,2.0,"{""nevents"": 25.0, ""ndays_act"": 11.0, ""nchapters"": 12.0}"
HarvardX,2,aligned,0,2783,MCCE,bounded,MCCE_bounded,1,OK,0.0,0.026210308074951172,0.19760050138776972,2.0,"{""nevents"": 73.0, ""ndays_act"": 20.0, ""nchapters"": 12.0}"
HarvardX,2,aligned,0,2783,MCCE,bounded+edit,MCCE_bounded+edit,1,OK,0.0,0.026210308074951172,0.19760050138776972,2.0,"{""nevents"": 73.0, ""ndays_act"": 20.0, ""nchapters"": 12.0}"
HarvardX,2,aligned,0,2790,NICE,native,NICE_native,1,OK,0.0,0.004806041717529297,0.30667305236270753,2.0,"{""nevents"": 66.0, ""ndays_act"": 21.0, ""nchapters"": 7.0}"
HarvardX,2,aligned,0,2790,NICE,bounded,NICE_bounded,1,OK,0.0,0.004806041717529297,0.30667305236270753,2.0,"{""nevents"": 66.0, ""ndays_act"": 21.0, ""nchapters"": 7.0}"
HarvardX,2,aligned,0,2790,NICE,bounded+edit,NICE_bounded+edit,1,OK,0.0,0.004806041717529297,0.30667305236270753,2.0,"{""nevents"": 66.0, ""ndays_act"": 21.0, ""nchapters"": 7.0}"
HarvardX,2,aligned,0,2790,MCCE,native,MCCE_native,0,out_of_bounds:nevents,0.0,0.041645050048828125,1.0344827586206897,2.0,"{""nevents"": 9.0, ""ndays_act"": 7.0, ""nchapters"": 12.0}"
HarvardX,2,aligned,0,2790,MCCE,bounded,MCCE_bounded,1,OK,0.0,0.041645050048828125,0.8051724137931034,3.0,"{""nevents"": 83.0, ""ndays_act"": 25.0, ""nchapters"": 9.0}"
HarvardX,2,aligned,0,2790,MCCE,bounded+edit,MCCE_bounded+edit,1,OK,0.0,0.041645050048828125,0.8051724137931034,3.0,"{""nevents"": 83.0, ""ndays_act"": 25.0, ""nchapters"": 9.0}"
HarvardX,2,aligned,0,2802,NICE,native,NICE_native,0,out_of_bounds:nevents,0.0,0.0036504268646240234,0.12776831345826234,1.0,"{""nevents"": 67.0, ""ndays_act"": 15.0, ""nchapters"": 12.0}"
HarvardX,2,aligned,0,2802,NICE,bounded,NICE_bounded,0,classifier_target_not_met,0.0,0.0036504268646240234,0.0,0.0,"{""nevents"": 142.0, ""ndays_act"": 15.0, ""nchapters"": 12.0}"
HarvardX,2,aligned,0,2802,NICE,bounded+edit,NICE_bounded+edit,0,classifier_target_not_met,0.0,0.0036504268646240234,0.0,0.0,"{""nevents"": 142.0, ""ndays_act"": 15.0, ""nchapters"": 12.0}"
HarvardX,2,aligned,0,2802,MCCE,native,MCCE_native,0,out_of_bounds:nevents,0.0,0.025509119033813477,0.13287904599659284,1.0,"{""nevents"": 64.0, ""ndays_act"": 15.0, ""nchapters"": 12.0}"
HarvardX,2,aligned,0,2802,MCCE,bounded,MCCE_bounded,1,OK,0.0,0.025509119033813477,0.13384193763424931,2.0,"{""nevents"": 144.0, ""ndays_act"": 21.0, ""nchapters"": 12.0}"
HarvardX,2,aligned,0,2802,MCCE,bounded+edit,MCCE_bounded+edit,1,OK,0.0,0.025509119033813477,0.13384193763424931,2.0,"{""nevents"": 144.0, ""ndays_act"": 21.0, ""nchapters"": 12.0}"
HarvardX,2,aligned,0,2844,NICE,native,NICE_native,1,OK,0.0,0.004706382751464844,0.2795497185741088,2.0,"{""nevents"": 66.0, ""ndays_act"": 21.0, ""nchapters"": 7.0}"
HarvardX,2,aligned,0,2844,NICE,bounded,NICE_bounded,1,OK,0.0,0.004706382751464844,0.2795497185741088,2.0,"{""nevents"": 66.0, ""ndays_act"": 21.0, ""nchapters"": 7.0}"
HarvardX,2,aligned,0,2844,NICE,bounded+edit,NICE_bounded+edit,1,OK,0.0,0.004706382751464844,0.2795497185741088,2.0,"{""nevents"": 66.0, ""ndays_act"": 21.0, ""nchapters"": 7.0}"
HarvardX,2,aligned,0,2844,MCCE,native,MCCE_native,1,OK,0.0,0.03995490074157715,0.7808630393996248,3.0,"{""nevents"": 83.0, ""ndays_act"": 25.0, ""nchapters"": 9.0}"
HarvardX,2,aligned,0,2844,MCCE,bounded,MCCE_bounded,1,OK,0.0,0.03995490074157715,0.7808630393996248,3.0,"{""nevents"": 83.0, ""ndays_act"": 25.0, ""nchapters"": 9.0}"
HarvardX,2,aligned,0,2844,MCCE,bounded+edit,MCCE_bounded+edit,1,OK,0.0,0.03995490074157715,0.7808630393996248,3.0,"{""nevents"": 83.0, ""ndays_act"": 25.0, ""nchapters"": 9.0}"
HarvardX,2,aligned,0,2849,NICE,native,NICE_native,1,OK,0.0,0.0050547122955322266,0.4347972745058355,2.0,"{""nevents"": 66.0, ""ndays_act"": 21.0, ""nchapters"": 7.0}"
HarvardX,2,aligned,0,2849,NICE,bounded,NICE_bounded,1,OK,0.0,0.0050547122955322266,0.4347972745058355,2.0,"{""nevents"": 66.0, ""ndays_act"": 21.0, ""nchapters"": 7.0}"
HarvardX,2,aligned,0,2849,NICE,bounded+edit,NICE_bounded+edit,1,OK,0.0,0.0050547122955322266,0.4347972745058355,2.0,"{""nevents"": 66.0, ""ndays_act"": 21.0, ""nchapters"": 7.0}"
HarvardX,2,aligned,0,2849,MCCE,native,MCCE_native,1,OK,0.0,0.03983330726623535,0.9236906609098473,3.0,"{""nevents"": 83.0, ""ndays_act"": 25.0, ""nchapters"": 9.0}"
HarvardX,2,aligned,0,2849,MCCE,bounded,MCCE_bounded,1,OK,0.0,0.03983330726623535,0.9236906609098473,3.0,"{""nevents"": 83.0, ""ndays_act"": 25.0, ""nchapters"": 9.0}"
HarvardX,2,aligned,0,2849,MCCE,bounded+edit,MCCE_bounded+edit,1,OK,0.0,0.03983330726623535,0.9236906609098473,3.0,"{""nevents"": 83.0, ""ndays_act"": 25.0, ""nchapters"": 9.0}"
HarvardX,2,aligned,0,2877,NICE,native,NICE_native,0,out_of_bounds:nevents,0.0,0.0036399364471435547,0.11472868217054263,1.0,"{""nevents"": 10.0, ""ndays_act"": 11.0, ""nchapters"": 10.0}"
HarvardX,2,aligned,0,2877,NICE,bounded,NICE_bounded,0,classifier_target_not_met,0.0,0.0036399364471435547,0.0,0.0,"{""nevents"": 84.0, ""ndays_act"": 11.0, ""nchapters"": 10.0}"
HarvardX,2,aligned,0,2877,NICE,bounded+edit,NICE_bounded+edit,0,classifier_target_not_met,0.0,0.0036399364471435547,0.0,0.0,"{""nevents"": 84.0, ""ndays_act"": 11.0, ""nchapters"": 10.0}"
HarvardX,2,aligned,0,2877,MCCE,native,MCCE_native,0,out_of_bounds:nevents,0.0,0.03942370414733887,0.18496124031007755,2.0,"{""nevents"": 55.0, ""ndays_act"": 18.0, ""nchapters"": 10.0}"
HarvardX,2,aligned,0,2877,MCCE,bounded,MCCE_bounded,1,OK,0.0,0.03942370414733887,0.645891472868217,2.0,"{""nevents"": 191.0, ""ndays_act"": 35.0, ""nchapters"": 10.0}"
HarvardX,2,aligned,0,2877,MCCE,bounded+edit,MCCE_bounded+edit,1,OK,0.0,0.03942370414733887,0.645891472868217,2.0,"{""nevents"": 191.0, ""ndays_act"": 35.0, ""nchapters"": 10.0}"
HarvardX,2,aligned,0,2913,NICE,native,NICE_native,0,out_of_bounds:nevents,0.0,0.005007505416870117,0.15777109803228168,2.0,"{""nevents"": 9.0, ""ndays_act"": 7.0, ""nchapters"": 12.0}"
HarvardX,2,aligned,0,2913,NICE,bounded,NICE_bounded,0,classifier_target_not_met,0.0,0.005007505416870117,0.0847457627118644,1.0,"{""nevents"": 58.0, ""ndays_act"": 7.0, ""nchapters"": 12.0}"
HarvardX,2,aligned,0,2913,NICE,bounded+edit,NICE_bounded+edit,0,classifier_target_not_met,0.0,0.005007505416870117,0.0847457627118644,1.0,"{""nevents"": 58.0, ""ndays_act"": 7.0, ""nchapters"": 12.0}"
HarvardX,2,aligned,0,2913,MCCE,native,MCCE_native,0,out_of_bounds:nevents,0.0,0.026049137115478516,0.2017227007502084,2.0,"{""nevents"": 25.0, ""ndays_act"": 11.0, ""nchapters"": 12.0}"
HarvardX,2,aligned,0,2913,MCCE,bounded,MCCE_bounded,1,OK,0.0,0.026049137115478516,0.207860769405643,2.0,"{""nevents"": 61.0, ""ndays_act"": 14.0, ""nchapters"": 12.0}"
HarvardX,2,aligned,0,2913,MCCE,bounded+edit,MCCE_bounded+edit,1,OK,0.0,0.026049137115478516,0.207860769405643,2.0,"{""nevents"": 61.0, ""ndays_act"": 14.0, ""nchapters"": 12.0}"
HarvardX,2,aligned,0,2980,NICE,native,NICE_native,1,OK,0.0,0.00462794303894043,0.17765184735433673,2.0,"{""nevents"": 10.0, ""ndays_act"": 10.0, ""nchapters"": 10.0}"
HarvardX,2,aligned,0,2980,NICE,bounded,NICE_bounded,1,OK,0.0,0.00462794303894043,0.17765184735433673,2.0,"{""nevents"": 10.0, ""ndays_act"": 10.0, ""nchapters"": 10.0}"
HarvardX,2,aligned,0,2980,NICE,bounded+edit,NICE_bounded+edit,1,OK,0.0,0.00462794303894043,0.17765184735433673,2.0,"{""nevents"": 10.0, ""ndays_act"": 10.0, ""nchapters"": 10.0}"
HarvardX,2,aligned,0,2980,MCCE,native,MCCE_native,1,OK,0.0,0.040512800216674805,0.3705277833996717,2.0,"{""nevents"": 55.0, ""ndays_act"": 18.0, ""nchapters"": 10.0}"
HarvardX,2,aligned,0,2980,MCCE,bounded,MCCE_bounded,1,OK,0.0,0.040512800216674805,0.3705277833996717,2.0,"{""nevents"": 55.0, ""ndays_act"": 18.0, ""nchapters"": 10.0}"
HarvardX,2,aligned,0,2980,MCCE,bounded+edit,MCCE_bounded+edit,1,OK,0.0,0.040512800216674805,0.3705277833996717,2.0,"{""nevents"": 55.0, ""ndays_act"": 18.0, ""nchapters"": 10.0}"
HarvardX,2,aligned,0,3026,NICE,native,NICE_native,0,out_of_bounds:nevents,0.0,0.0035347938537597656,0.0958904109589041,1.0,"{""nevents"": 9.0, ""ndays_act"": 8.0, ""nchapters"": 12.0}"
HarvardX,2,aligned,0,3026,NICE,bounded,NICE_bounded,0,classifier_target_not_met,0.0,0.0035347938537597656,0.0,0.0,"{""nevents"": 72.0, ""ndays_act"": 8.0, ""nchapters"": 12.0}"
HarvardX,2,aligned,0,3026,NICE,bounded+edit,NICE_bounded+edit,0,classifier_target_not_met,0.0,0.0035347938537597656,0.0,0.0,"{""nevents"": 72.0, ""ndays_act"": 8.0, ""nchapters"": 12.0}"
HarvardX,2,aligned,0,3026,MCCE,native,MCCE_native,0,out_of_bounds:nevents,0.0,0.02649664878845215,0.12814106430027855,2.0,"{""nevents"": 25.0, ""ndays_act"": 11.0, ""nchapters"": 12.0}"
HarvardX,2,aligned,0,3026,MCCE,bounded,MCCE_bounded,1,OK,0.0,0.02649664878845215,0.22793716435484335,2.0,"{""nevents"": 73.0, ""ndays_act"": 20.0, ""nchapters"": 12.0}"
HarvardX,2,aligned,0,3026,MCCE,bounded+edit,MCCE_bounded+edit,1,OK,0.0,0.02649664878845215,0.22793716435484335,2.0,"{""nevents"": 73.0, ""ndays_act"": 20.0, ""nchapters"": 12.0}"
HarvardX,2,aligned,0,3047,NICE,native,NICE_native,1,OK,0.0,0.004748344421386719,0.12709977737300143,2.0,"{""nevents"": 9.0, ""ndays_act"": 7.0, ""nchapters"": 12.0}"
HarvardX,2,aligned,0,3047,NICE,bounded,NICE_bounded,1,OK,0.0,0.004748344421386719,0.12709977737300143,2.0,"{""nevents"": 9.0, ""ndays_act"": 7.0, ""nchapters"": 12.0}"
HarvardX,2,aligned,0,3047,NICE,bounded+edit,NICE_bounded+edit,1,OK,0.0,0.004748344421386719,0.12709977737300143,2.0,"{""nevents"": 9.0, ""ndays_act"": 7.0, ""nchapters"": 12.0}"
HarvardX,2,aligned,0,3047,MCCE,native,MCCE_native,1,OK,0.0,0.026184558868408203,0.21462142166453035,2.0,"{""nevents"": 25.0, ""ndays_act"": 11.0, ""nchapters"": 12.0}"
HarvardX,2,aligned,0,3047,MCCE,bounded,MCCE_bounded,1,OK,0.0,0.026184558868408203,0.21462142166453035,2.0,"{""nevents"": 25.0, ""ndays_act"": 11.0, ""nchapters"": 12.0}"
HarvardX,2,aligned,0,3047,MCCE,bounded+edit,MCCE_bounded+edit,1,OK,0.0,0.026184558868408203,0.21462142166453035,2.0,"{""nevents"": 25.0, ""ndays_act"": 11.0, ""nchapters"": 12.0}"
HarvardX,2,aligned,0,3071,NICE,native,NICE_native,0,out_of_bounds:nevents,0.0,0.0034859180450439453,0.21254355400696864,1.0,"{""nevents"": 33.0, ""ndays_act"": 11.0, ""nchapters"": 12.0}"
HarvardX,2,aligned,0,3071,NICE,bounded,NICE_bounded,0,classifier_target_not_met,0.0,0.0034859180450439453,0.0,0.0,"{""nevents"": 155.0, ""ndays_act"": 11.0, ""nchapters"": 12.0}"
HarvardX,2,aligned,0,3071,NICE,bounded+edit,NICE_bounded+edit,0,classifier_target_not_met,0.0,0.0034859180450439453,0.0,0.0,"{""nevents"": 155.0, ""ndays_act"": 11.0, ""nchapters"": 12.0}"
HarvardX,2,aligned,0,3071,MCCE,native,MCCE_native,0,out_of_bounds:nevents,0.0,0.02872323989868164,0.2264808362369338,1.0,"{""nevents"": 25.0, ""ndays_act"": 11.0, ""nchapters"": 12.0}"
HarvardX,2,aligned,0,3071,MCCE,bounded,MCCE_bounded,1,OK,0.0,0.02872323989868164,0.2939372822299652,2.0,"{""nevents"": 163.0, ""ndays_act"": 25.0, ""nchapters"": 12.0}"
HarvardX,2,aligned,0,3071,MCCE,bounded+edit,MCCE_bounded+edit,1,OK,0.0,0.02872323989868164,0.2939372822299652,2.0,"{""nevents"": 163.0, ""ndays_act"": 25.0, ""nchapters"": 12.0}"
HarvardX,2,aligned,0,3142,NICE,native,NICE_native,1,OK,0.0,0.0046956539154052734,0.10552486187845304,2.0,"{""nevents"": 9.0, ""ndays_act"": 7.0, ""nchapters"": 12.0}"
HarvardX,2,aligned,0,3142,NICE,bounded,NICE_bounded,1,OK,0.0,0.0046956539154052734,0.10552486187845304,2.0,"{""nevents"": 9.0, ""ndays_act"": 7.0, ""nchapters"": 12.0}"
HarvardX,2,aligned,0,3142,NICE,bounded+edit,NICE_bounded+edit,1,OK,0.0,0.0046956539154052734,0.10552486187845304,2.0,"{""nevents"": 9.0, ""ndays_act"": 7.0, ""nchapters"": 12.0}"
HarvardX,2,aligned,0,3142,MCCE,native,MCCE_native,1,OK,0.0,0.026518821716308594,0.19429097605893186,2.0,"{""nevents"": 25.0, ""ndays_act"": 11.0, ""nchapters"": 12.0}"
HarvardX,2,aligned,0,3142,MCCE,bounded,MCCE_bounded,1,OK,0.0,0.026518821716308594,0.19429097605893186,2.0,"{""nevents"": 25.0, ""ndays_act"": 11.0, ""nchapters"": 12.0}"
HarvardX,2,aligned,0,3142,MCCE,bounded+edit,MCCE_bounded+edit,1,OK,0.0,0.026518821716308594,0.19429097605893186,2.0,"{""nevents"": 25.0, ""ndays_act"": 11.0, ""nchapters"": 12.0}"
HarvardX,2,aligned,0,3155,NICE,native,NICE_native,1,OK,0.0,0.00605010986328125,0.5405708162867718,3.0,"{""nevents"": 66.0, ""ndays_act"": 21.0, ""nchapters"": 7.0}"
HarvardX,2,aligned,0,3155,NICE,bounded,NICE_bounded,1,OK,0.0,0.00605010986328125,0.5405708162867718,3.0,"{""nevents"": 66.0, ""ndays_act"": 21.0, ""nchapters"": 7.0}"
HarvardX,2,aligned,0,3155,NICE,bounded+edit,NICE_bounded+edit,1,OK,0.0,0.00605010986328125,0.5405708162867718,3.0,"{""nevents"": 66.0, ""ndays_act"": 21.0, ""nchapters"": 7.0}"
HarvardX,2,aligned,0,3155,MCCE,native,MCCE_native,1,OK,0.0,0.041046142578125,0.9668809662965128,3.0,"{""nevents"": 83.0, ""ndays_act"": 25.0, ""nchapters"": 9.0}"
HarvardX,2,aligned,0,3155,MCCE,bounded,MCCE_bounded,1,OK,0.0,0.041046142578125,0.9668809662965128,3.0,"{""nevents"": 83.0, ""ndays_act"": 25.0, ""nchapters"": 9.0}"
HarvardX,2,aligned,0,3155,MCCE,bounded+edit,MCCE_bounded+edit,1,OK,0.0,0.041046142578125,0.9668809662965128,3.0,"{""nevents"": 83.0, ""ndays_act"": 25.0, ""nchapters"": 9.0}"
HarvardX,2,aligned,0,3157,NICE,native,NICE_native,1,OK,0.0,0.0058553218841552734,0.5842541436464088,3.0,"{""nevents"": 66.0, ""ndays_act"": 21.0, ""nchapters"": 7.0}"
HarvardX,2,aligned,0,3157,NICE,bounded,NICE_bounded,1,OK,0.0,0.0058553218841552734,0.5842541436464088,3.0,"{""nevents"": 66.0, ""ndays_act"": 21.0, ""nchapters"": 7.0}"
HarvardX,2,aligned,0,3157,NICE,bounded+edit,NICE_bounded+edit,1,OK,0.0,0.0058553218841552734,0.5842541436464088,3.0,"{""nevents"": 66.0, ""ndays_act"": 21.0, ""nchapters"": 7.0}"
HarvardX,2,aligned,0,3157,MCCE,native,MCCE_native,1,OK,0.0,0.04034686088562012,1.0077348066298342,3.0,"{""nevents"": 83.0, ""ndays_act"": 25.0, ""nchapters"": 9.0}"
HarvardX,2,aligned,0,3157,MCCE,bounded,MCCE_bounded,1,OK,0.0,0.04034686088562012,1.0077348066298342,3.0,"{""nevents"": 83.0, ""ndays_act"": 25.0, ""nchapters"": 9.0}"
HarvardX,2,aligned,0,3157,MCCE,bounded+edit,MCCE_bounded+edit,1,OK,0.0,0.04034686088562012,1.0077348066298342,3.0,"{""nevents"": 83.0, ""ndays_act"": 25.0, ""nchapters"": 9.0}"
HarvardX,2,aligned,0,3184,NICE,native,NICE_native,1,OK,0.0,0.004796028137207031,0.3748472853442799,2.0,"{""nevents"": 66.0, ""ndays_act"": 21.0, ""nchapters"": 7.0}"
HarvardX,2,aligned,0,3184,NICE,bounded,NICE_bounded,1,OK,0.0,0.004796028137207031,0.3748472853442799,2.0,"{""nevents"": 66.0, ""ndays_act"": 21.0, ""nchapters"": 7.0}"
HarvardX,2,aligned,0,3184,NICE,bounded+edit,NICE_bounded+edit,1,OK,0.0,0.004796028137207031,0.3748472853442799,2.0,"{""nevents"": 66.0, ""ndays_act"": 21.0, ""nchapters"": 7.0}"
HarvardX,2,aligned,0,3184,MCCE,native,MCCE_native,1,OK,0.0,0.04004168510437012,0.8686996041636124,3.0,"{""nevents"": 83.0, ""ndays_act"": 25.0, ""nchapters"": 9.0}"
HarvardX,2,aligned,0,3184,MCCE,bounded,MCCE_bounded,1,OK,0.0,0.04004168510437012,0.8686996041636124,3.0,"{""nevents"": 83.0, ""ndays_act"": 25.0, ""nchapters"": 9.0}"
HarvardX,2,aligned,0,3184,MCCE,bounded+edit,MCCE_bounded+edit,1,OK,0.0,0.04004168510437012,0.8686996041636124,3.0,"{""nevents"": 83.0, ""ndays_act"": 25.0, ""nchapters"": 9.0}"
HarvardX,2,aligned,0,3226,NICE,native,NICE_native,1,OK,0.0,0.005060911178588867,0.11234567901234568,2.0,"{""nevents"": 9.0, ""ndays_act"": 7.0, ""nchapters"": 12.0}"
HarvardX,2,aligned,0,3226,NICE,bounded,NICE_bounded,1,OK,0.0,0.005060911178588867,0.11234567901234568,2.0,"{""nevents"": 9.0, ""ndays_act"": 7.0, ""nchapters"": 12.0}"
HarvardX,2,aligned,0,3226,NICE,bounded+edit,NICE_bounded+edit,1,OK,0.0,0.005060911178588867,0.11234567901234568,2.0,"{""nevents"": 9.0, ""ndays_act"": 7.0, ""nchapters"": 12.0}"
HarvardX,2,aligned,0,3226,MCCE,native,MCCE_native,1,OK,0.0,0.026510953903198242,0.200960219478738,2.0,"{""nevents"": 25.0, ""ndays_act"": 11.0, ""nchapters"": 12.0}"
HarvardX,2,aligned,0,3226,MCCE,bounded,MCCE_bounded,1,OK,0.0,0.026510953903198242,0.200960219478738,2.0,"{""nevents"": 25.0, ""ndays_act"": 11.0, ""nchapters"": 12.0}"
HarvardX,2,aligned,0,3226,MCCE,bounded+edit,MCCE_bounded+edit,1,OK,0.0,0.026510953903198242,0.200960219478738,2.0,"{""nevents"": 25.0, ""ndays_act"": 11.0, ""nchapters"": 12.0}"
HarvardX,2,aligned,0,3247,NICE,native,NICE_native,1,OK,0.0,0.0046999454498291016,0.17765184735433673,2.0,"{""nevents"": 10.0, ""ndays_act"": 10.0, ""nchapters"": 10.0}"
HarvardX,2,aligned,0,3247,NICE,bounded,NICE_bounded,1,OK,0.0,0.0046999454498291016,0.17765184735433673,2.0,"{""nevents"": 10.0, ""ndays_act"": 10.0, ""nchapters"": 10.0}"
HarvardX,2,aligned,0,3247,NICE,bounded+edit,NICE_bounded+edit,1,OK,0.0,0.0046999454498291016,0.17765184735433673,2.0,"{""nevents"": 10.0, ""ndays_act"": 10.0, ""nchapters"": 10.0}"
HarvardX,2,aligned,0,3247,MCCE,native,MCCE_native,1,OK,0.0,0.04027295112609863,0.3705277833996717,2.0,"{""nevents"": 55.0, ""ndays_act"": 18.0, ""nchapters"": 10.0}"
HarvardX,2,aligned,0,3247,MCCE,bounded,MCCE_bounded,1,OK,0.0,0.04027295112609863,0.3705277833996717,2.0,"{""nevents"": 55.0, ""ndays_act"": 18.0, ""nchapters"": 10.0}"
HarvardX,2,aligned,0,3247,MCCE,bounded+edit,MCCE_bounded+edit,1,OK,0.0,0.04027295112609863,0.3705277833996717,2.0,"{""nevents"": 55.0, ""ndays_act"": 18.0, ""nchapters"": 10.0}"
HarvardX,2,aligned,0,3252,NICE,native,NICE_native,1,OK,0.0,0.003590822219848633,0.42857142857142855,1.0,"{""nevents"": 493.0, ""ndays_act"": 57.0, ""nchapters"": 10.0}"
HarvardX,2,aligned,0,3252,NICE,bounded,NICE_bounded,1,OK,0.0,0.003590822219848633,0.42857142857142855,1.0,"{""nevents"": 493.0, ""ndays_act"": 57.0, ""nchapters"": 10.0}"
HarvardX,2,aligned,0,3252,NICE,bounded+edit,NICE_bounded+edit,1,OK,0.0,0.003590822219848633,0.42857142857142855,1.0,"{""nevents"": 493.0, ""ndays_act"": 57.0, ""nchapters"": 10.0}"
HarvardX,2,aligned,0,3252,MCCE,native,MCCE_native,0,out_of_bounds:nevents;out_of_bounds:ndays_act,0.0,0.0401918888092041,1.24455205811138,2.0,"{""nevents"": 233.0, ""ndays_act"": 53.0, ""nchapters"": 10.0}"
HarvardX,2,aligned,0,3252,MCCE,bounded,MCCE_bounded,1,OK,0.0,0.0401918888092041,1.1997578692493946,3.0,"{""nevents"": 557.0, ""ndays_act"": 57.0, ""nchapters"": 11.0}"
HarvardX,2,aligned,0,3252,MCCE,bounded+edit,MCCE_bounded+edit,1,OK,0.0,0.0401918888092041,1.1997578692493946,3.0,"{""nevents"": 557.0, ""ndays_act"": 57.0, ""nchapters"": 11.0}"
HarvardX,2,aligned,0,3276,NICE,native,NICE_native,0,out_of_bounds:nevents,0.0,0.0038576126098632812,0.10684474123539232,1.0,"{""nevents"": 66.0, ""ndays_act"": 17.0, ""nchapters"": 11.0}"
HarvardX,2,aligned,0,3276,NICE,bounded,NICE_bounded,0,classifier_target_not_met,0.0,0.0038576126098632812,0.0,0.0,"{""nevents"": 130.0, ""ndays_act"": 17.0, ""nchapters"": 11.0}"
HarvardX,2,aligned,0,3276,NICE,bounded+edit,NICE_bounded+edit,0,classifier_target_not_met,0.0,0.0038576126098632812,0.0,0.0,"{""nevents"": 130.0, ""ndays_act"": 17.0, ""nchapters"": 11.0}"
HarvardX,2,aligned,0,3276,MCCE,native,MCCE_native,1,OK,0.0,0.04083752632141113,0.19350432539080287,2.0,"{""nevents"": 137.0, ""ndays_act"": 25.0, ""nchapters"": 11.0}"
HarvardX,2,aligned,0,3276,MCCE,bounded,MCCE_bounded,1,OK,0.0,0.04083752632141113,0.19350432539080287,2.0,"{""nevents"": 137.0, ""ndays_act"": 25.0, ""nchapters"": 11.0}"
HarvardX,2,aligned,0,3276,MCCE,bounded+edit,MCCE_bounded+edit,1,OK,0.0,0.04083752632141113,0.19350432539080287,2.0,"{""nevents"": 137.0, ""ndays_act"": 25.0, ""nchapters"": 11.0}"
HarvardX,2,aligned,0,3326,NICE,native,NICE_native,1,OK,0.0,0.0050525665283203125,0.05952813067150635,2.0,"{""nevents"": 9.0, ""ndays_act"": 7.0, ""nchapters"": 12.0}"
HarvardX,2,aligned,0,3326,NICE,bounded,NICE_bounded,1,OK,0.0,0.0050525665283203125,0.05952813067150635,2.0,"{""nevents"": 9.0, ""ndays_act"": 7.0, ""nchapters"": 12.0}"
HarvardX,2,aligned,0,3326,NICE,bounded+edit,NICE_bounded+edit,1,OK,0.0,0.0050525665283203125,0.05952813067150635,2.0,"{""nevents"": 9.0, ""ndays_act"": 7.0, ""nchapters"": 12.0}"
HarvardX,2,aligned,0,3326,MCCE,native,MCCE_native,1,OK,0.0,0.026753902435302734,0.15177253478523894,2.0,"{""nevents"": 25.0, ""ndays_act"": 11.0, ""nchapters"": 12.0}"
HarvardX,2,aligned,0,3326,MCCE,bounded,MCCE_bounded,1,OK,0.0,0.026753902435302734,0.15177253478523894,2.0,"{""nevents"": 25.0, ""ndays_act"": 11.0, ""nchapters"": 12.0}"
HarvardX,2,aligned,0,3326,MCCE,bounded+edit,MCCE_bounded+edit,1,OK,0.0,0.026753902435302734,0.15177253478523894,2.0,"{""nevents"": 25.0, ""ndays_act"": 11.0, ""nchapters"": 12.0}"
HarvardX,2,aligned,0,3328,NICE,native,NICE_native,1,OK,0.0,0.0046503543853759766,0.49789741168004675,2.0,"{""nevents"": 112.0, ""ndays_act"": 21.0, ""nchapters"": 9.0}"
HarvardX,2,aligned,0,3328,NICE,bounded,NICE_bounded,1,OK,0.0,0.0046503543853759766,0.49789741168004675,2.0,"{""nevents"": 112.0, ""ndays_act"": 21.0, ""nchapters"": 9.0}"
HarvardX,2,aligned,0,3328,NICE,bounded+edit,NICE_bounded+edit,1,OK,0.0,0.0046503543853759766,0.49789741168004675,2.0,"{""nevents"": 112.0, ""ndays_act"": 21.0, ""nchapters"": 9.0}"
HarvardX,2,aligned,0,3328,MCCE,native,MCCE_native,1,OK,0.0,0.040197134017944336,0.5236906609098473,2.0,"{""nevents"": 83.0, ""ndays_act"": 25.0, ""nchapters"": 9.0}"
HarvardX,2,aligned,0,3328,MCCE,bounded,MCCE_bounded,1,OK,0.0,0.040197134017944336,0.5236906609098473,2.0,"{""nevents"": 83.0, ""ndays_act"": 25.0, ""nchapters"": 9.0}"
HarvardX,2,aligned,0,3328,MCCE,bounded+edit,MCCE_bounded+edit,1,OK,0.0,0.040197134017944336,0.5236906609098473,2.0,"{""nevents"": 83.0, ""ndays_act"": 25.0, ""nchapters"": 9.0}"
HarvardX,2,aligned,0,3340,NICE,native,NICE_native,1,OK,0.0,0.004674434661865234,0.28149762790101296,2.0,"{""nevents"": 52.0, ""ndays_act"": 19.0, ""nchapters"": 8.0}"
HarvardX,2,aligned,0,3340,NICE,bounded,NICE_bounded,1,OK,0.0,0.004674434661865234,0.28149762790101296,2.0,"{""nevents"": 52.0, ""ndays_act"": 19.0, ""nchapters"": 8.0}"
HarvardX,2,aligned,0,3340,NICE,bounded+edit,NICE_bounded+edit,1,OK,0.0,0.004674434661865234,0.28149762790101296,2.0,"{""nevents"": 52.0, ""ndays_act"": 19.0, ""nchapters"": 8.0}"
HarvardX,2,aligned,0,3340,MCCE,native,MCCE_native,1,OK,0.0,0.04061555862426758,0.6843120912937556,3.0,"{""nevents"": 83.0, ""ndays_act"": 25.0, ""nchapters"": 9.0}"
HarvardX,2,aligned,0,3340,MCCE,bounded,MCCE_bounded,1,OK,0.0,0.04061555862426758,0.6843120912937556,3.0,"{""nevents"": 83.0, ""ndays_act"": 25.0, ""nchapters"": 9.0}"
HarvardX,2,aligned,0,3340,MCCE,bounded+edit,MCCE_bounded+edit,1,OK,0.0,0.04061555862426758,0.6843120912937556,3.0,"{""nevents"": 83.0, ""ndays_act"": 25.0, ""nchapters"": 9.0}"
HarvardX,2,aligned,0,3346,NICE,native,NICE_native,0,out_of_bounds:nevents,0.0,0.003501415252685547,0.08761329305135952,1.0,"{""nevents"": 9.0, ""ndays_act"": 7.0, ""nchapters"": 12.0}"
HarvardX,2,aligned,0,3346,NICE,bounded,NICE_bounded,0,classifier_target_not_met,0.0,0.003501415252685547,0.0,0.0,"{""nevents"": 67.0, ""ndays_act"": 7.0, ""nchapters"": 12.0}"
HarvardX,2,aligned,0,3346,NICE,bounded+edit,NICE_bounded+edit,0,classifier_target_not_met,0.0,0.003501415252685547,0.0,0.0,"{""nevents"": 67.0, ""ndays_act"": 7.0, ""nchapters"": 12.0}"
HarvardX,2,aligned,0,3346,MCCE,native,MCCE_native,0,out_of_bounds:nevents,0.0,0.025423049926757812,0.13751818283540337,2.0,"{""nevents"": 25.0, ""ndays_act"": 11.0, ""nchapters"": 12.0}"
HarvardX,2,aligned,0,3346,MCCE,bounded,MCCE_bounded,1,OK,0.0,0.025423049926757812,0.24980418484950206,2.0,"{""nevents"": 73.0, ""ndays_act"": 20.0, ""nchapters"": 12.0}"
HarvardX,2,aligned,0,3346,MCCE,bounded+edit,MCCE_bounded+edit,1,OK,0.0,0.025423049926757812,0.24980418484950206,2.0,"{""nevents"": 73.0, ""ndays_act"": 20.0, ""nchapters"": 12.0}"
HarvardX,2,aligned,0,3350,NICE,native,NICE_native,1,OK,0.0,0.004678487777709961,0.0861327252638755,2.0,"{""nevents"": 9.0, ""ndays_act"": 7.0, ""nchapters"": 12.0}"
HarvardX,2,aligned,0,3350,NICE,bounded,NICE_bounded,1,OK,0.0,0.004678487777709961,0.0861327252638755,2.0,"{""nevents"": 9.0, ""ndays_act"": 7.0, ""nchapters"": 12.0}"
HarvardX,2,aligned,0,3350,NICE,bounded+edit,NICE_bounded+edit,1,OK,0.0,0.004678487777709961,0.0861327252638755,2.0,"{""nevents"": 9.0, ""ndays_act"": 7.0, ""nchapters"": 12.0}"
HarvardX,2,aligned,0,3350,MCCE,native,MCCE_native,1,OK,0.0,0.025835514068603516,0.17612073626554456,2.0,"{""nevents"": 25.0, ""ndays_act"": 11.0, ""nchapters"": 12.0}"
HarvardX,2,aligned,0,3350,MCCE,bounded,MCCE_bounded,1,OK,0.0,0.025835514068603516,0.17612073626554456,2.0,"{""nevents"": 25.0, ""ndays_act"": 11.0, ""nchapters"": 12.0}"
HarvardX,2,aligned,0,3350,MCCE,bounded+edit,MCCE_bounded+edit,1,OK,0.0,0.025835514068603516,0.17612073626554456,2.0,"{""nevents"": 25.0, ""ndays_act"": 11.0, ""nchapters"": 12.0}"
HarvardX,2,aligned,0,3352,NICE,native,NICE_native,0,out_of_bounds:nevents,0.0,0.0034911632537841797,0.2804642166344294,1.0,"{""nevents"": 67.0, ""ndays_act"": 15.0, ""nchapters"": 12.0}"
HarvardX,2,aligned,0,3352,NICE,bounded,NICE_bounded,0,classifier_target_not_met,0.0,0.0034911632537841797,0.0,0.0,"{""nevents"": 212.0, ""ndays_act"": 15.0, ""nchapters"": 12.0}"
HarvardX,2,aligned,0,3352,NICE,bounded+edit,NICE_bounded+edit,0,classifier_target_not_met,0.0,0.0034911632537841797,0.0,0.0,"{""nevents"": 212.0, ""ndays_act"": 15.0, ""nchapters"": 12.0}"
HarvardX,2,aligned,0,3352,MCCE,native,MCCE_native,0,out_of_bounds:nevents,0.0,0.026070594787597656,0.2862669245647969,1.0,"{""nevents"": 64.0, ""ndays_act"": 15.0, ""nchapters"": 12.0}"
HarvardX,2,aligned,0,3352,MCCE,bounded,MCCE_bounded,1,OK,0.0,0.026070594787597656,0.25607602388360945,2.0,"{""nevents"": 232.0, ""ndays_act"": 25.0, ""nchapters"": 12.0}"
HarvardX,2,aligned,0,3352,MCCE,bounded+edit,MCCE_bounded+edit,1,OK,0.0,0.026070594787597656,0.25607602388360945,2.0,"{""nevents"": 232.0, ""ndays_act"": 25.0, ""nchapters"": 12.0}"
HarvardX,2,aligned,0,3358,NICE,native,NICE_native,0,out_of_bounds:nevents,0.0,0.004808664321899414,0.15942071645129957,2.0,"{""nevents"": 10.0, ""ndays_act"": 10.0, ""nchapters"": 10.0}"
HarvardX,2,aligned,0,3358,NICE,bounded,NICE_bounded,0,classifier_target_not_met,0.0,0.004808664321899414,0.03773584905660377,1.0,"{""nevents"": 88.0, ""ndays_act"": 10.0, ""nchapters"": 10.0}"
HarvardX,2,aligned,0,3358,NICE,bounded+edit,NICE_bounded+edit,0,classifier_target_not_met,0.0,0.004808664321899414,0.03773584905660377,1.0,"{""nevents"": 88.0, ""ndays_act"": 10.0, ""nchapters"": 10.0}"
HarvardX,2,aligned,0,3358,MCCE,native,MCCE_native,0,out_of_bounds:nevents,0.0,0.03949546813964844,0.24016130456539017,2.0,"{""nevents"": 55.0, ""ndays_act"": 18.0, ""nchapters"": 10.0}"
HarvardX,2,aligned,0,3358,MCCE,bounded,MCCE_bounded,1,OK,0.0,0.03949546813964844,0.6701203897212492,2.0,"{""nevents"": 191.0, ""ndays_act"": 35.0, ""nchapters"": 10.0}"
HarvardX,2,aligned,0,3358,MCCE,bounded+edit,MCCE_bounded+edit,1,OK,0.0,0.03949546813964844,0.6701203897212492,2.0,"{""nevents"": 191.0, ""ndays_act"": 35.0, ""nchapters"": 10.0}"
HarvardX,2,aligned,0,3368,NICE,native,NICE_native,1,OK,0.0,0.003610372543334961,0.25925925925925924,1.0,"{""nevents"": 42.0, ""ndays_act"": 21.0, ""nchapters"": 9.0}"
HarvardX,2,aligned,0,3368,NICE,bounded,NICE_bounded,1,OK,0.0,0.003610372543334961,0.25925925925925924,1.0,"{""nevents"": 42.0, ""ndays_act"": 21.0, ""nchapters"": 9.0}"
HarvardX,2,aligned,0,3368,NICE,bounded+edit,NICE_bounded+edit,1,OK,0.0,0.003610372543334961,0.25925925925925924,1.0,"{""nevents"": 42.0, ""ndays_act"": 21.0, ""nchapters"": 9.0}"
HarvardX,2,aligned,0,3368,MCCE,native,MCCE_native,1,OK,0.0,0.03987717628479004,0.3930131004366812,2.0,"{""nevents"": 83.0, ""ndays_act"": 25.0, ""nchapters"": 9.0}"
HarvardX,2,aligned,0,3368,MCCE,bounded,MCCE_bounded,1,OK,0.0,0.03987717628479004,0.3930131004366812,2.0,"{""nevents"": 83.0, ""ndays_act"": 25.0, ""nchapters"": 9.0}"
HarvardX,2,aligned,0,3368,MCCE,bounded+edit,MCCE_bounded+edit,1,OK,0.0,0.03987717628479004,0.3930131004366812,2.0,"{""nevents"": 83.0, ""ndays_act"": 25.0, ""nchapters"": 9.0}"
HarvardX,2,aligned,0,3425,NICE,native,NICE_native,0,out_of_bounds:nevents,0.0,0.0034308433532714844,0.34826883910386963,1.0,"{""nevents"": 67.0, ""ndays_act"": 15.0, ""nchapters"": 12.0}"
HarvardX,2,aligned,0,3425,NICE,bounded,NICE_bounded,0,classifier_target_not_met,0.0,0.0034308433532714844,0.0,0.0,"{""nevents"": 238.0, ""ndays_act"": 15.0, ""nchapters"": 12.0}"
HarvardX,2,aligned,0,3425,NICE,bounded+edit,NICE_bounded+edit,0,classifier_target_not_met,0.0,0.0034308433532714844,0.0,0.0,"{""nevents"": 238.0, ""ndays_act"": 15.0, ""nchapters"": 12.0}"
HarvardX,2,aligned,0,3425,MCCE,native,MCCE_native,0,out_of_bounds:nevents,0.0,0.025216341018676758,0.3543788187372709,1.0,"{""nevents"": 64.0, ""ndays_act"": 15.0, ""nchapters"": 12.0}"
HarvardX,2,aligned,0,3425,MCCE,bounded,MCCE_bounded,1,OK,0.0,0.025216341018676758,0.3593376427875675,2.0,"{""nevents"": 265.0, ""ndays_act"": 29.0, ""nchapters"": 12.0}"
HarvardX,2,aligned,0,3425,MCCE,bounded+edit,MCCE_bounded+edit,1,OK,0.0,0.025216341018676758,0.3593376427875675,2.0,"{""nevents"": 265.0, ""ndays_act"": 29.0, ""nchapters"": 12.0}"
HarvardX,2,aligned,0,3426,NICE,native,NICE_native,0,out_of_bounds:nevents,0.0,0.003592252731323242,0.2609457092819615,1.0,"{""nevents"": 9.0, ""ndays_act"": 8.0, ""nchapters"": 12.0}"
HarvardX,2,aligned,0,3426,NICE,bounded,NICE_bounded,0,classifier_target_not_met,0.0,0.003592252731323242,0.0,0.0,"{""nevents"": 158.0, ""ndays_act"": 8.0, ""nchapters"": 12.0}"
HarvardX,2,aligned,0,3426,NICE,bounded+edit,NICE_bounded+edit,0,classifier_target_not_met,0.0,0.003592252731323242,0.0,0.0,"{""nevents"": 158.0, ""ndays_act"": 8.0, ""nchapters"": 12.0}"
HarvardX,2,aligned,0,3426,MCCE,native,MCCE_native,0,out_of_bounds:nevents,0.0,0.025334835052490234,0.28952846710504576,2.0,"{""nevents"": 25.0, ""ndays_act"": 11.0, ""nchapters"": 12.0}"
HarvardX,2,aligned,0,3426,MCCE,bounded,MCCE_bounded,1,OK,0.0,0.025334835052490234,0.32951128440670124,2.0,"{""nevents"": 163.0, ""ndays_act"": 25.0, ""nchapters"": 12.0}"
HarvardX,2,aligned,0,3426,MCCE,bounded+edit,MCCE_bounded+edit,1,OK,0.0,0.025334835052490234,0.32951128440670124,2.0,"{""nevents"": 163.0, ""ndays_act"": 25.0, ""nchapters"": 12.0}"
HarvardX,2,aligned,0,3429,NICE,native,NICE_native,1,OK,0.0,0.005984783172607422,0.6014639411725021,3.0,"{""nevents"": 66.0, ""ndays_act"": 21.0, ""nchapters"": 7.0}"
HarvardX,2,aligned,0,3429,NICE,bounded,NICE_bounded,1,OK,0.0,0.005984783172607422,0.6014639411725021,3.0,"{""nevents"": 66.0, ""ndays_act"": 21.0, ""nchapters"": 7.0}"
HarvardX,2,aligned,0,3429,NICE,bounded+edit,NICE_bounded+edit,1,OK,0.0,0.005984783172607422,0.6014639411725021,3.0,"{""nevents"": 66.0, ""ndays_act"": 21.0, ""nchapters"": 7.0}"
HarvardX,2,aligned,0,3429,MCCE,native,MCCE_native,1,OK,0.0,0.04094576835632324,1.0236906609098473,3.0,"{""nevents"": 83.0, ""ndays_act"": 25.0, ""nchapters"": 9.0}"
HarvardX,2,aligned,0,3429,MCCE,bounded,MCCE_bounded,1,OK,0.0,0.04094576835632324,1.0236906609098473,3.0,"{""nevents"": 83.0, ""ndays_act"": 25.0, ""nchapters"": 9.0}"
HarvardX,2,aligned,0,3429,MCCE,bounded+edit,MCCE_bounded+edit,1,OK,0.0,0.04094576835632324,1.0236906609098473,3.0,"{""nevents"": 83.0, ""ndays_act"": 25.0, ""nchapters"": 9.0}"
HarvardX,2,aligned,0,3487,NICE,native,NICE_native,1,OK,0.0,0.0047876834869384766,0.361804936068986,2.0,"{""nevents"": 66.0, ""ndays_act"": 21.0, ""nchapters"": 7.0}"
HarvardX,2,aligned,0,3487,NICE,bounded,NICE_bounded,1,OK,0.0,0.0047876834869384766,0.361804936068986,2.0,"{""nevents"": 66.0, ""ndays_act"": 21.0, ""nchapters"": 7.0}"
HarvardX,2,aligned,0,3487,NICE,bounded+edit,NICE_bounded+edit,1,OK,0.0,0.0047876834869384766,0.361804936068986,2.0,"{""nevents"": 66.0, ""ndays_act"": 21.0, ""nchapters"": 7.0}"
HarvardX,2,aligned,0,3487,MCCE,native,MCCE_native,1,OK,0.0,0.04143238067626953,0.8559916741005055,3.0,"{""nevents"": 83.0, ""ndays_act"": 25.0, ""nchapters"": 9.0}"
HarvardX,2,aligned,0,3487,MCCE,bounded,MCCE_bounded,1,OK,0.0,0.04143238067626953,0.8559916741005055,3.0,"{""nevents"": 83.0, ""ndays_act"": 25.0, ""nchapters"": 9.0}"
HarvardX,2,aligned,0,3487,MCCE,bounded+edit,MCCE_bounded+edit,1,OK,0.0,0.04143238067626953,0.8559916741005055,3.0,"{""nevents"": 83.0, ""ndays_act"": 25.0, ""nchapters"": 9.0}"
HarvardX,2,aligned,0,3494,NICE,native,NICE_native,1,OK,0.0,0.0036928653717041016,0.0644718792866941,1.0,"{""nevents"": 47.0, ""ndays_act"": 26.0, ""nchapters"": 12.0}"
HarvardX,2,aligned,0,3494,NICE,bounded,NICE_bounded,1,OK,0.0,0.0036928653717041016,0.0644718792866941,1.0,"{""nevents"": 47.0, ""ndays_act"": 26.0, ""nchapters"": 12.0}"
HarvardX,2,aligned,0,3494,NICE,bounded+edit,NICE_bounded+edit,1,OK,0.0,0.0036928653717041016,0.0644718792866941,1.0,"{""nevents"": 47.0, ""ndays_act"": 26.0, ""nchapters"": 12.0}"
HarvardX,2,aligned,0,3494,MCCE,native,MCCE_native,1,OK,0.0,0.026048660278320312,0.0644718792866941,1.0,"{""nevents"": 47.0, ""ndays_act"": 26.0, ""nchapters"": 12.0}"
HarvardX,2,aligned,0,3494,MCCE,bounded,MCCE_bounded,1,OK,0.0,0.026048660278320312,0.0644718792866941,1.0,"{""nevents"": 47.0, ""ndays_act"": 26.0, ""nchapters"": 12.0}"
HarvardX,2,aligned,0,3494,MCCE,bounded+edit,MCCE_bounded+edit,1,OK,0.0,0.026048660278320312,0.0644718792866941,1.0,"{""nevents"": 47.0, ""ndays_act"": 26.0, ""nchapters"": 12.0}"
HarvardX,2,aligned,0,3587,NICE,native,NICE_native,1,OK,0.0,0.006039619445800781,0.5867768595041322,3.0,"{""nevents"": 66.0, ""ndays_act"": 21.0, ""nchapters"": 7.0}"
HarvardX,2,aligned,0,3587,NICE,bounded,NICE_bounded,1,OK,0.0,0.006039619445800781,0.5867768595041322,3.0,"{""nevents"": 66.0, ""ndays_act"": 21.0, ""nchapters"": 7.0}"
HarvardX,2,aligned,0,3587,NICE,bounded+edit,NICE_bounded+edit,1,OK,0.0,0.006039619445800781,0.5867768595041322,3.0,"{""nevents"": 66.0, ""ndays_act"": 21.0, ""nchapters"": 7.0}"
HarvardX,2,aligned,0,3587,MCCE,native,MCCE_native,1,OK,0.0,0.04055285453796387,1.0101928374655649,3.0,"{""nevents"": 83.0, ""ndays_act"": 25.0, ""nchapters"": 9.0}"
HarvardX,2,aligned,0,3587,MCCE,bounded,MCCE_bounded,1,OK,0.0,0.04055285453796387,1.0101928374655649,3.0,"{""nevents"": 83.0, ""ndays_act"": 25.0, ""nchapters"": 9.0}"
HarvardX,2,aligned,0,3587,MCCE,bounded+edit,MCCE_bounded+edit,1,OK,0.0,0.04055285453796387,1.0101928374655649,3.0,"{""nevents"": 83.0, ""ndays_act"": 25.0, ""nchapters"": 9.0}"
HarvardX,2,aligned,0,3614,NICE,native,NICE_native,0,out_of_bounds:nevents,0.0,0.004631757736206055,0.7507447864945382,2.0,"{""nevents"": 9.0, ""ndays_act"": 7.0, ""nchapters"": 12.0}"
HarvardX,2,aligned,0,3614,NICE,bounded,NICE_bounded,0,classifier_target_not_met,0.0,0.004631757736206055,0.05263157894736842,1.0,"{""nevents"": 305.0, ""ndays_act"": 7.0, ""nchapters"": 12.0}"
HarvardX,2,aligned,0,3614,NICE,bounded+edit,NICE_bounded+edit,0,classifier_target_not_met,0.0,0.004631757736206055,0.05263157894736842,1.0,"{""nevents"": 305.0, ""ndays_act"": 7.0, ""nchapters"": 12.0}"
HarvardX,2,aligned,0,3614,MCCE,native,MCCE_native,0,out_of_bounds:nevents,0.0,0.026025056838989258,0.7831843760344257,2.0,"{""nevents"": 25.0, ""ndays_act"": 11.0, ""nchapters"": 12.0}"
HarvardX,2,aligned,0,3614,MCCE,bounded,MCCE_bounded,1,OK,0.0,0.026025056838989258,0.46793280370738166,2.0,"{""nevents"": 310.0, ""ndays_act"": 30.0, ""nchapters"": 12.0}"
HarvardX,2,aligned,0,3614,MCCE,bounded+edit,MCCE_bounded+edit,1,OK,0.0,0.026025056838989258,0.46793280370738166,2.0,"{""nevents"": 310.0, ""ndays_act"": 30.0, ""nchapters"": 12.0}"
HarvardX,2,aligned,0,3681,NICE,native,NICE_native,1,OK,0.0,0.0035610198974609375,0.15789473684210525,1.0,"{""nevents"": 45.0, ""ndays_act"": 13.0, ""nchapters"": 11.0}"
HarvardX,2,aligned,0,3681,NICE,bounded,NICE_bounded,1,OK,0.0,0.0035610198974609375,0.15789473684210525,1.0,"{""nevents"": 45.0, ""ndays_act"": 13.0, ""nchapters"": 11.0}"
HarvardX,2,aligned,0,3681,NICE,bounded+edit,NICE_bounded+edit,1,OK,0.0,0.0035610198974609375,0.15789473684210525,1.0,"{""nevents"": 45.0, ""ndays_act"": 13.0, ""nchapters"": 11.0}"
HarvardX,2,aligned,0,3681,MCCE,native,MCCE_native,1,OK,0.0,0.040915489196777344,0.5029239766081871,2.0,"{""nevents"": 137.0, ""ndays_act"": 25.0, ""nchapters"": 11.0}"
HarvardX,2,aligned,0,3681,MCCE,bounded,MCCE_bounded,1,OK,0.0,0.040915489196777344,0.5029239766081871,2.0,"{""nevents"": 137.0, ""ndays_act"": 25.0, ""nchapters"": 11.0}"
HarvardX,2,aligned,0,3681,MCCE,bounded+edit,MCCE_bounded+edit,1,OK,0.0,0.040915489196777344,0.5029239766081871,2.0,"{""nevents"": 137.0, ""ndays_act"": 25.0, ""nchapters"": 11.0}"
HarvardX,2,aligned,0,3716,NICE,native,NICE_native,0,out_of_bounds:nevents,0.0,0.004672050476074219,0.07175103256171357,2.0,"{""nevents"": 9.0, ""ndays_act"": 7.0, ""nchapters"": 12.0}"
HarvardX,2,aligned,0,3716,NICE,bounded,NICE_bounded,0,classifier_target_not_met,0.0,0.004672050476074219,0.06896551724137931,1.0,"{""nevents"": 11.0, ""ndays_act"": 7.0, ""nchapters"": 12.0}"
HarvardX,2,aligned,0,3716,NICE,bounded+edit,NICE_bounded+edit,0,classifier_target_not_met,0.0,0.004672050476074219,0.06896551724137931,1.0,"{""nevents"": 11.0, ""ndays_act"": 7.0, ""nchapters"": 12.0}"
HarvardX,2,aligned,0,3716,MCCE,native,MCCE_native,1,OK,0.0,0.02679920196533203,0.15742964172509846,2.0,"{""nevents"": 25.0, ""ndays_act"": 11.0, ""nchapters"": 12.0}"
HarvardX,2,aligned,0,3716,MCCE,bounded,MCCE_bounded,1,OK,0.0,0.02679920196533203,0.15742964172509846,2.0,"{""nevents"": 25.0, ""ndays_act"": 11.0, ""nchapters"": 12.0}"
HarvardX,2,aligned,0,3716,MCCE,bounded+edit,MCCE_bounded+edit,1,OK,0.0,0.02679920196533203,0.15742964172509846,2.0,"{""nevents"": 25.0, ""ndays_act"": 11.0, ""nchapters"": 12.0}"
HarvardX,2,aligned,0,3768,NICE,native,NICE_native,1,OK,0.0,0.004619598388671875,0.16371742112482854,2.0,"{""nevents"": 10.0, ""ndays_act"": 10.0, ""nchapters"": 10.0}"
HarvardX,2,aligned,0,3768,NICE,bounded,NICE_bounded,1,OK,0.0,0.004619598388671875,0.16371742112482854,2.0,"{""nevents"": 10.0, ""ndays_act"": 10.0, ""nchapters"": 10.0}"
HarvardX,2,aligned,0,3768,NICE,bounded+edit,NICE_bounded+edit,1,OK,0.0,0.004619598388671875,0.16371742112482854,2.0,"{""nevents"": 10.0, ""ndays_act"": 10.0, ""nchapters"": 10.0}"
HarvardX,2,aligned,0,3768,MCCE,native,MCCE_native,1,OK,0.0,0.041338205337524414,0.35877914951989026,2.0,"{""nevents"": 55.0, ""ndays_act"": 18.0, ""nchapters"": 10.0}"
HarvardX,2,aligned,0,3768,MCCE,bounded,MCCE_bounded,1,OK,0.0,0.041338205337524414,0.35877914951989026,2.0,"{""nevents"": 55.0, ""ndays_act"": 18.0, ""nchapters"": 10.0}"
HarvardX,2,aligned,0,3768,MCCE,bounded+edit,MCCE_bounded+edit,1,OK,0.0,0.041338205337524414,0.35877914951989026,2.0,"{""nevents"": 55.0, ""ndays_act"": 18.0, ""nchapters"": 10.0}"
HarvardX,2,aligned,0,3803,NICE,native,NICE_native,1,OK,0.0,0.004870414733886719,0.12548810791622292,2.0,"{""nevents"": 112.0, ""ndays_act"": 21.0, ""nchapters"": 9.0}"
HarvardX,2,aligned,0,3803,NICE,bounded,NICE_bounded,1,OK,0.0,0.004870414733886719,0.12548810791622292,2.0,"{""nevents"": 112.0, ""ndays_act"": 21.0, ""nchapters"": 9.0}"
HarvardX,2,aligned,0,3803,NICE,bounded+edit,NICE_bounded+edit,1,OK,0.0,0.004870414733886719,0.12548810791622292,2.0,"{""nevents"": 112.0, ""ndays_act"": 21.0, ""nchapters"": 9.0}"
HarvardX,2,aligned,0,3803,MCCE,native,MCCE_native,0,out_of_bounds:nevents,0.0,0.040509939193725586,0.2319488817891374,2.0,"{""nevents"": 83.0, ""ndays_act"": 25.0, ""nchapters"": 9.0}"
HarvardX,2,aligned,0,3803,MCCE,bounded,MCCE_bounded,1,OK,0.0,0.040509939193725586,0.37326943556975506,2.0,"{""nevents"": 128.0, ""ndays_act"": 31.0, ""nchapters"": 9.0}"
HarvardX,2,aligned,0,3803,MCCE,bounded+edit,MCCE_bounded+edit,1,OK,0.0,0.040509939193725586,0.37326943556975506,2.0,"{""nevents"": 128.0, ""ndays_act"": 31.0, ""nchapters"": 9.0}"
HarvardX,2,aligned,0,3841,NICE,native,NICE_native,0,out_of_bounds:nevents,0.0,0.004738807678222656,0.10219426116311187,2.0,"{""nevents"": 9.0, ""ndays_act"": 7.0, ""nchapters"": 12.0}"
HarvardX,2,aligned,0,3841,NICE,bounded,NICE_bounded,0,classifier_target_not_met,0.0,0.004738807678222656,0.05263157894736842,1.0,"{""nevents"": 43.0, ""ndays_act"": 7.0, ""nchapters"": 12.0}"
HarvardX,2,aligned,0,3841,NICE,bounded+edit,NICE_bounded+edit,0,classifier_target_not_met,0.0,0.004738807678222656,0.05263157894736842,1.0,"{""nevents"": 43.0, ""ndays_act"": 7.0, ""nchapters"": 12.0}"
HarvardX,2,aligned,0,3841,MCCE,native,MCCE_native,0,out_of_bounds:nevents,0.0,0.025487184524536133,0.14904608459925323,2.0,"{""nevents"": 25.0, ""ndays_act"": 11.0, ""nchapters"": 12.0}"
HarvardX,2,aligned,0,3841,MCCE,bounded,MCCE_bounded,1,OK,0.0,0.025487184524536133,0.16518336657971458,2.0,"{""nevents"": 48.0, ""ndays_act"": 13.0, ""nchapters"": 12.0}"
HarvardX,2,aligned,0,3841,MCCE,bounded+edit,MCCE_bounded+edit,1,OK,0.0,0.025487184524536133,0.16518336657971458,2.0,"{""nevents"": 48.0, ""ndays_act"": 13.0, ""nchapters"": 12.0}"
HarvardX,2,aligned,0,3864,NICE,native,NICE_native,0,out_of_bounds:nevents,0.0,0.004689693450927734,0.09024211298606016,2.0,"{""nevents"": 9.0, ""ndays_act"": 7.0, ""nchapters"": 12.0}"
HarvardX,2,aligned,0,3864,NICE,bounded,NICE_bounded,0,classifier_target_not_met,0.0,0.004689693450927734,0.06896551724137931,1.0,"{""nevents"": 24.0, ""ndays_act"": 7.0, ""nchapters"": 12.0}"
HarvardX,2,aligned,0,3864,NICE,bounded+edit,NICE_bounded+edit,0,classifier_target_not_met,0.0,0.004689693450927734,0.06896551724137931,1.0,"{""nevents"": 24.0, ""ndays_act"": 7.0, ""nchapters"": 12.0}"
HarvardX,2,aligned,0,3864,MCCE,native,MCCE_native,1,OK,0.0,0.027205944061279297,0.13934947419907068,2.0,"{""nevents"": 25.0, ""ndays_act"": 11.0, ""nchapters"": 12.0}"
HarvardX,2,aligned,0,3864,MCCE,bounded,MCCE_bounded,1,OK,0.0,0.027205944061279297,0.13934947419907068,2.0,"{""nevents"": 25.0, ""ndays_act"": 11.0, ""nchapters"": 12.0}"
HarvardX,2,aligned,0,3864,MCCE,bounded+edit,MCCE_bounded+edit,1,OK,0.0,0.027205944061279297,0.13934947419907068,2.0,"{""nevents"": 25.0, ""ndays_act"": 11.0, ""nchapters"": 12.0}"
HarvardX,2,aligned,0,3957,NICE,native,NICE_native,1,OK,0.0,0.005868673324584961,0.5077132486388385,3.0,"{""nevents"": 66.0, ""ndays_act"": 21.0, ""nchapters"": 7.0}"
HarvardX,2,aligned,0,3957,NICE,bounded,NICE_bounded,1,OK,0.0,0.005868673324584961,0.5077132486388385,3.0,"{""nevents"": 66.0, ""ndays_act"": 21.0, ""nchapters"": 7.0}"
HarvardX,2,aligned,0,3957,NICE,bounded+edit,NICE_bounded+edit,1,OK,0.0,0.005868673324584961,0.5077132486388385,3.0,"{""nevents"": 66.0, ""ndays_act"": 21.0, ""nchapters"": 7.0}"
HarvardX,2,aligned,0,3957,MCCE,native,MCCE_native,1,OK,0.0,0.04116511344909668,1.2758620689655173,2.0,"{""nevents"": 45.0, ""ndays_act"": 19.0, ""nchapters"": 12.0}"
HarvardX,2,aligned,0,3957,MCCE,bounded,MCCE_bounded,1,OK,0.0,0.04116511344909668,1.2758620689655173,2.0,"{""nevents"": 45.0, ""ndays_act"": 19.0, ""nchapters"": 12.0}"
HarvardX,2,aligned,0,3957,MCCE,bounded+edit,MCCE_bounded+edit,1,OK,0.0,0.04116511344909668,1.2758620689655173,2.0,"{""nevents"": 45.0, ""ndays_act"": 19.0, ""nchapters"": 12.0}"
HarvardX,2,aligned,0,3966,NICE,native,NICE_native,0,out_of_bounds:nevents,0.0,0.005991935729980469,0.44202898550724634,3.0,"{""nevents"": 66.0, ""ndays_act"": 21.0, ""nchapters"": 7.0}"
HarvardX,2,aligned,0,3966,NICE,bounded,NICE_bounded,0,classifier_target_not_met,0.0,0.005991935729980469,0.3333333333333333,2.0,"{""nevents"": 131.0, ""ndays_act"": 21.0, ""nchapters"": 7.0}"
HarvardX,2,aligned,0,3966,NICE,bounded+edit,NICE_bounded+edit,0,classifier_target_not_met,0.0,0.005991935729980469,0.3333333333333333,2.0,"{""nevents"": 131.0, ""ndays_act"": 21.0, ""nchapters"": 7.0}"
HarvardX,2,aligned,0,3966,MCCE,native,MCCE_native,0,out_of_bounds:nevents,0.0,0.0402827262878418,1.1622073578595318,2.0,"{""nevents"": 34.0, ""ndays_act"": 13.0, ""nchapters"": 12.0}"
HarvardX,2,aligned,0,3966,MCCE,bounded,MCCE_bounded,1,OK,0.0,0.0402827262878418,1.1666666666666667,2.0,"{""nevents"": 131.0, ""ndays_act"": 21.0, ""nchapters"": 12.0}"
HarvardX,2,aligned,0,3966,MCCE,bounded+edit,MCCE_bounded+edit,1,OK,0.0,0.0402827262878418,1.1666666666666667,2.0,"{""nevents"": 131.0, ""ndays_act"": 21.0, ""nchapters"": 12.0}"
HarvardX,2,aligned,0,4052,NICE,native,NICE_native,0,out_of_bounds:nevents,0.0,0.004933834075927734,0.1468253968253968,2.0,"{""nevents"": 9.0, ""ndays_act"": 7.0, ""nchapters"": 12.0}"
HarvardX,2,aligned,0,4052,NICE,bounded,NICE_bounded,0,classifier_target_not_met,0.0,0.004933834075927734,0.03571428571428571,1.0,"{""nevents"": 81.0, ""ndays_act"": 7.0, ""nchapters"": 12.0}"
HarvardX,2,aligned,0,4052,NICE,bounded+edit,NICE_bounded+edit,0,classifier_target_not_met,0.0,0.004933834075927734,0.03571428571428571,1.0,"{""nevents"": 81.0, ""ndays_act"": 7.0, ""nchapters"": 12.0}"
HarvardX,2,aligned,0,4052,MCCE,native,MCCE_native,0,out_of_bounds:nevents,0.0,0.025852203369140625,0.1935626102292769,2.0,"{""nevents"": 25.0, ""ndays_act"": 11.0, ""nchapters"": 12.0}"
HarvardX,2,aligned,0,4052,MCCE,bounded,MCCE_bounded,1,OK,0.0,0.025852203369140625,0.29320987654320985,2.0,"{""nevents"": 109.0, ""ndays_act"": 19.0, ""nchapters"": 12.0}"
HarvardX,2,aligned,0,4052,MCCE,bounded+edit,MCCE_bounded+edit,1,OK,0.0,0.025852203369140625,0.29320987654320985,2.0,"{""nevents"": 109.0, ""ndays_act"": 19.0, ""nchapters"": 12.0}"
HarvardX,2,aligned,0,4115,NICE,native,NICE_native,0,out_of_bounds:nevents,0.0,0.004596710205078125,0.09459974103130475,2.0,"{""nevents"": 9.0, ""ndays_act"": 7.0, ""nchapters"": 12.0}"
HarvardX,2,aligned,0,4115,NICE,bounded,NICE_bounded,0,classifier_target_not_met,0.0,0.004596710205078125,0.05263157894736842,1.0,"{""nevents"": 38.0, ""ndays_act"": 7.0, ""nchapters"": 12.0}"
HarvardX,2,aligned,0,4115,NICE,bounded+edit,NICE_bounded+edit,0,classifier_target_not_met,0.0,0.004596710205078125,0.05263157894736842,1.0,"{""nevents"": 38.0, ""ndays_act"": 7.0, ""nchapters"": 12.0}"
HarvardX,2,aligned,0,4115,MCCE,native,MCCE_native,1,OK,0.0,0.02568531036376953,0.19298245614035087,1.0,"{""nevents"": 38.0, ""ndays_act"": 15.0, ""nchapters"": 12.0}"
HarvardX,2,aligned,0,4115,MCCE,bounded,MCCE_bounded,1,OK,0.0,0.02568531036376953,0.19298245614035087,1.0,"{""nevents"": 38.0, ""ndays_act"": 15.0, ""nchapters"": 12.0}"
HarvardX,2,aligned,0,4115,MCCE,bounded+edit,MCCE_bounded+edit,1,OK,0.0,0.02568531036376953,0.19298245614035087,1.0,"{""nevents"": 38.0, ""ndays_act"": 15.0, ""nchapters"": 12.0}"
HarvardX,2,aligned,0,4144,NICE,native,NICE_native,1,OK,0.0,0.00571751594543457,0.5714285714285714,3.0,"{""nevents"": 66.0, ""ndays_act"": 21.0, ""nchapters"": 7.0}"
HarvardX,2,aligned,0,4144,NICE,bounded,NICE_bounded,1,OK,0.0,0.00571751594543457,0.5714285714285714,3.0,"{""nevents"": 66.0, ""ndays_act"": 21.0, ""nchapters"": 7.0}"
HarvardX,2,aligned,0,4144,NICE,bounded+edit,NICE_bounded+edit,1,OK,0.0,0.00571751594543457,0.5714285714285714,3.0,"{""nevents"": 66.0, ""ndays_act"": 21.0, ""nchapters"": 7.0}"
HarvardX,2,aligned,0,4144,MCCE,native,MCCE_native,1,OK,0.0,0.04177546501159668,0.9952380952380953,3.0,"{""nevents"": 83.0, ""ndays_act"": 25.0, ""nchapters"": 9.0}"
HarvardX,2,aligned,0,4144,MCCE,bounded,MCCE_bounded,1,OK,0.0,0.04177546501159668,0.9952380952380953,3.0,"{""nevents"": 83.0, ""ndays_act"": 25.0, ""nchapters"": 9.0}"
HarvardX,2,aligned,0,4144,MCCE,bounded+edit,MCCE_bounded+edit,1,OK,0.0,0.04177546501159668,0.9952380952380953,3.0,"{""nevents"": 83.0, ""ndays_act"": 25.0, ""nchapters"": 9.0}"
HarvardX,2,aligned,0,4158,NICE,native,NICE_native,0,out_of_bounds:nevents,0.0,0.004858493804931641,0.10744051712281666,2.0,"{""nevents"": 9.0, ""ndays_act"": 7.0, ""nchapters"": 12.0}"
HarvardX,2,aligned,0,4158,NICE,bounded,NICE_bounded,0,classifier_target_not_met,0.0,0.004858493804931641,0.01818181818181818,1.0,"{""nevents"": 68.0, ""ndays_act"": 7.0, ""nchapters"": 12.0}"
HarvardX,2,aligned,0,4158,NICE,bounded+edit,NICE_bounded+edit,0,classifier_target_not_met,0.0,0.004858493804931641,0.01818181818181818,1.0,"{""nevents"": 68.0, ""ndays_act"": 7.0, ""nchapters"": 12.0}"
HarvardX,2,aligned,0,4158,MCCE,native,MCCE_native,0,out_of_bounds:nevents,0.0,0.026529550552368164,0.15596204098473387,2.0,"{""nevents"": 25.0, ""ndays_act"": 11.0, ""nchapters"": 12.0}"
HarvardX,2,aligned,0,4158,MCCE,bounded,MCCE_bounded,1,OK,0.0,0.026529550552368164,0.26210975106587814,2.0,"{""nevents"": 73.0, ""ndays_act"": 20.0, ""nchapters"": 12.0}"
HarvardX,2,aligned,0,4158,MCCE,bounded+edit,MCCE_bounded+edit,1,OK,0.0,0.026529550552368164,0.26210975106587814,2.0,"{""nevents"": 73.0, ""ndays_act"": 20.0, ""nchapters"": 12.0}"
HarvardX,2,aligned,0,4161,NICE,native,NICE_native,1,OK,0.0,0.005795717239379883,0.6014639411725021,3.0,"{""nevents"": 66.0, ""ndays_act"": 21.0, ""nchapters"": 7.0}"
HarvardX,2,aligned,0,4161,NICE,bounded,NICE_bounded,1,OK,0.0,0.005795717239379883,0.6014639411725021,3.0,"{""nevents"": 66.0, ""ndays_act"": 21.0, ""nchapters"": 7.0}"
HarvardX,2,aligned,0,4161,NICE,bounded+edit,NICE_bounded+edit,1,OK,0.0,0.005795717239379883,0.6014639411725021,3.0,"{""nevents"": 66.0, ""ndays_act"": 21.0, ""nchapters"": 7.0}"
HarvardX,2,aligned,0,4161,MCCE,native,MCCE_native,1,OK,0.0,0.040456533432006836,1.0236906609098473,3.0,"{""nevents"": 83.0, ""ndays_act"": 25.0, ""nchapters"": 9.0}"
HarvardX,2,aligned,0,4161,MCCE,bounded,MCCE_bounded,1,OK,0.0,0.040456533432006836,1.0236906609098473,3.0,"{""nevents"": 83.0, ""ndays_act"": 25.0, ""nchapters"": 9.0}"
HarvardX,2,aligned,0,4161,MCCE,bounded+edit,MCCE_bounded+edit,1,OK,0.0,0.040456533432006836,1.0236906609098473,3.0,"{""nevents"": 83.0, ""ndays_act"": 25.0, ""nchapters"": 9.0}"
HarvardX,2,aligned,0,4170,NICE,native,NICE_native,1,OK,0.0,0.004664421081542969,0.4347972745058355,2.0,"{""nevents"": 66.0, ""ndays_act"": 21.0, ""nchapters"": 7.0}"
HarvardX,2,aligned,0,4170,NICE,bounded,NICE_bounded,1,OK,0.0,0.004664421081542969,0.4347972745058355,2.0,"{""nevents"": 66.0, ""ndays_act"": 21.0, ""nchapters"": 7.0}"
HarvardX,2,aligned,0,4170,NICE,bounded+edit,NICE_bounded+edit,1,OK,0.0,0.004664421081542969,0.4347972745058355,2.0,"{""nevents"": 66.0, ""ndays_act"": 21.0, ""nchapters"": 7.0}"
HarvardX,2,aligned,0,4170,MCCE,native,MCCE_native,1,OK,0.0,0.04024910926818848,0.9236906609098473,3.0,"{""nevents"": 83.0, ""ndays_act"": 25.0, ""nchapters"": 9.0}"
HarvardX,2,aligned,0,4170,MCCE,bounded,MCCE_bounded,1,OK,0.0,0.04024910926818848,0.9236906609098473,3.0,"{""nevents"": 83.0, ""ndays_act"": 25.0, ""nchapters"": 9.0}"
HarvardX,2,aligned,0,4170,MCCE,bounded+edit,MCCE_bounded+edit,1,OK,0.0,0.04024910926818848,0.9236906609098473,3.0,"{""nevents"": 83.0, ""ndays_act"": 25.0, ""nchapters"": 9.0}"
HarvardX,2,aligned,0,4204,NICE,native,NICE_native,1,OK,0.0,0.004592418670654297,0.2586758760107817,2.0,"{""nevents"": 66.0, ""ndays_act"": 21.0, ""nchapters"": 7.0}"
HarvardX,2,aligned,0,4204,NICE,bounded,NICE_bounded,1,OK,0.0,0.004592418670654297,0.2586758760107817,2.0,"{""nevents"": 66.0, ""ndays_act"": 21.0, ""nchapters"": 7.0}"
HarvardX,2,aligned,0,4204,NICE,bounded+edit,NICE_bounded+edit,1,OK,0.0,0.004592418670654297,0.2586758760107817,2.0,"{""nevents"": 66.0, ""ndays_act"": 21.0, ""nchapters"": 7.0}"
HarvardX,2,aligned,0,4204,MCCE,native,MCCE_native,1,OK,0.0,0.04053020477294922,0.7594451931716083,3.0,"{""nevents"": 83.0, ""ndays_act"": 25.0, ""nchapters"": 9.0}"
HarvardX,2,aligned,0,4204,MCCE,bounded,MCCE_bounded,1,OK,0.0,0.04053020477294922,0.7594451931716083,3.0,"{""nevents"": 83.0, ""ndays_act"": 25.0, ""nchapters"": 9.0}"
HarvardX,2,aligned,0,4204,MCCE,bounded+edit,MCCE_bounded+edit,1,OK,0.0,0.04053020477294922,0.7594451931716083,3.0,"{""nevents"": 83.0, ""ndays_act"": 25.0, ""nchapters"": 9.0}"
HarvardX,2,aligned,0,4224,NICE,native,NICE_native,1,OK,0.0,0.003790616989135742,0.030303030303030304,1.0,"{""nevents"": 291.0, ""ndays_act"": 29.0, ""nchapters"": 12.0}"
HarvardX,2,aligned,0,4224,NICE,bounded,NICE_bounded,1,OK,0.0,0.003790616989135742,0.030303030303030304,1.0,"{""nevents"": 291.0, ""ndays_act"": 29.0, ""nchapters"": 12.0}"
HarvardX,2,aligned,0,4224,NICE,bounded+edit,NICE_bounded+edit,1,OK,0.0,0.003790616989135742,0.030303030303030304,1.0,"{""nevents"": 291.0, ""ndays_act"": 29.0, ""nchapters"": 12.0}"
HarvardX,2,aligned,0,4224,MCCE,native,MCCE_native,0,out_of_bounds:nevents,0.0,0.025446414947509766,0.2694063926940639,1.0,"{""nevents"": 173.0, ""ndays_act"": 28.0, ""nchapters"": 12.0}"
HarvardX,2,aligned,0,4224,MCCE,bounded,MCCE_bounded,1,OK,0.0,0.025446414947509766,0.10398505603985056,2.0,"{""nevents"": 310.0, ""ndays_act"": 30.0, ""nchapters"": 12.0}"
HarvardX,2,aligned,0,4224,MCCE,bounded+edit,MCCE_bounded+edit,1,OK,0.0,0.025446414947509766,0.10398505603985056,2.0,"{""nevents"": 310.0, ""ndays_act"": 30.0, ""nchapters"": 12.0}"
HarvardX,2,aligned,0,4225,NICE,native,NICE_native,0,out_of_bounds:nevents,0.0,0.003570079803466797,0.2126537785588752,1.0,"{""nevents"": 39.0, ""ndays_act"": 18.0, ""nchapters"": 10.0}"
HarvardX,2,aligned,0,4225,NICE,bounded,NICE_bounded,0,classifier_target_not_met,0.0,0.003570079803466797,0.0,0.0,"{""nevents"": 160.0, ""ndays_act"": 18.0, ""nchapters"": 10.0}"
HarvardX,2,aligned,0,4225,NICE,bounded+edit,NICE_bounded+edit,0,classifier_target_not_met,0.0,0.003570079803466797,0.0,0.0,"{""nevents"": 160.0, ""ndays_act"": 18.0, ""nchapters"": 10.0}"
HarvardX,2,aligned,0,4225,MCCE,native,MCCE_native,0,out_of_bounds:nevents,0.0,0.04036450386047363,0.18453427065026362,1.0,"{""nevents"": 55.0, ""ndays_act"": 18.0, ""nchapters"": 10.0}"
HarvardX,2,aligned,0,4225,MCCE,bounded,MCCE_bounded,1,OK,0.0,0.04036450386047363,0.4498303837822373,2.0,"{""nevents"": 191.0, ""ndays_act"": 35.0, ""nchapters"": 10.0}"
HarvardX,2,aligned,0,4225,MCCE,bounded+edit,MCCE_bounded+edit,1,OK,0.0,0.04036450386047363,0.4498303837822373,2.0,"{""nevents"": 191.0, ""ndays_act"": 35.0, ""nchapters"": 10.0}"
HarvardX,2,aligned,0,4291,NICE,native,NICE_native,1,OK,0.0,0.005829572677612305,0.6014639411725021,3.0,"{""nevents"": 66.0, ""ndays_act"": 21.0, ""nchapters"": 7.0}"
HarvardX,2,aligned,0,4291,NICE,bounded,NICE_bounded,1,OK,0.0,0.005829572677612305,0.6014639411725021,3.0,"{""nevents"": 66.0, ""ndays_act"": 21.0, ""nchapters"": 7.0}"
HarvardX,2,aligned,0,4291,NICE,bounded+edit,NICE_bounded+edit,1,OK,0.0,0.005829572677612305,0.6014639411725021,3.0,"{""nevents"": 66.0, ""ndays_act"": 21.0, ""nchapters"": 7.0}"
HarvardX,2,aligned,0,4291,MCCE,native,MCCE_native,1,OK,0.0,0.04024839401245117,1.0236906609098473,3.0,"{""nevents"": 83.0, ""ndays_act"": 25.0, ""nchapters"": 9.0}"
HarvardX,2,aligned,0,4291,MCCE,bounded,MCCE_bounded,1,OK,0.0,0.04024839401245117,1.0236906609098473,3.0,"{""nevents"": 83.0, ""ndays_act"": 25.0, ""nchapters"": 9.0}"
HarvardX,2,aligned,0,4291,MCCE,bounded+edit,MCCE_bounded+edit,1,OK,0.0,0.04024839401245117,1.0236906609098473,3.0,"{""nevents"": 83.0, ""ndays_act"": 25.0, ""nchapters"": 9.0}"
HarvardX,2,aligned,0,4308,NICE,native,NICE_native,1,OK,0.0,0.005688190460205078,0.5374810527766294,3.0,"{""nevents"": 66.0, ""ndays_act"": 21.0, ""nchapters"": 7.0}"
HarvardX,2,aligned,0,4308,NICE,bounded,NICE_bounded,1,OK,0.0,0.005688190460205078,0.5374810527766294,3.0,"{""nevents"": 66.0, ""ndays_act"": 21.0, ""nchapters"": 7.0}"
HarvardX,2,aligned,0,4308,NICE,bounded+edit,NICE_bounded+edit,1,OK,0.0,0.005688190460205078,0.5374810527766294,3.0,"{""nevents"": 66.0, ""ndays_act"": 21.0, ""nchapters"": 7.0}"
HarvardX,2,aligned,0,4308,MCCE,native,MCCE_native,1,OK,0.0,0.04083561897277832,0.9630012401818934,3.0,"{""nevents"": 83.0, ""ndays_act"": 25.0, ""nchapters"": 9.0}"
HarvardX,2,aligned,0,4308,MCCE,bounded,MCCE_bounded,1,OK,0.0,0.04083561897277832,0.9630012401818934,3.0,"{""nevents"": 83.0, ""ndays_act"": 25.0, ""nchapters"": 9.0}"
HarvardX,2,aligned,0,4308,MCCE,bounded+edit,MCCE_bounded+edit,1,OK,0.0,0.04083561897277832,0.9630012401818934,3.0,"{""nevents"": 83.0, ""ndays_act"": 25.0, ""nchapters"": 9.0}"
HarvardX,2,aligned,0,4338,NICE,native,NICE_native,1,OK,0.0,0.003801107406616211,0.2857142857142857,1.0,"{""nevents"": 26.0, ""ndays_act"": 21.0, ""nchapters"": 9.0}"
HarvardX,2,aligned,0,4338,NICE,bounded,NICE_bounded,1,OK,0.0,0.003801107406616211,0.2857142857142857,1.0,"{""nevents"": 26.0, ""ndays_act"": 21.0, ""nchapters"": 9.0}"
HarvardX,2,aligned,0,4338,NICE,bounded+edit,NICE_bounded+edit,1,OK,0.0,0.003801107406616211,0.2857142857142857,1.0,"{""nevents"": 26.0, ""ndays_act"": 21.0, ""nchapters"": 9.0}"
HarvardX,2,aligned,0,4338,MCCE,native,MCCE_native,1,OK,0.0,0.040987253189086914,0.43822393822393824,2.0,"{""nevents"": 83.0, ""ndays_act"": 25.0, ""nchapters"": 9.0}"
HarvardX,2,aligned,0,4338,MCCE,bounded,MCCE_bounded,1,OK,0.0,0.040987253189086914,0.43822393822393824,2.0,"{""nevents"": 83.0, ""ndays_act"": 25.0, ""nchapters"": 9.0}"
HarvardX,2,aligned,0,4338,MCCE,bounded+edit,MCCE_bounded+edit,1,OK,0.0,0.040987253189086914,0.43822393822393824,2.0,"{""nevents"": 83.0, ""ndays_act"": 25.0, ""nchapters"": 9.0}"
HarvardX,2,aligned,0,4344,NICE,native,NICE_native,0,out_of_bounds:nevents,0.0,0.0037097930908203125,0.10887772194304858,1.0,"{""nevents"": 67.0, ""ndays_act"": 15.0, ""nchapters"": 12.0}"
HarvardX,2,aligned,0,4344,NICE,bounded,NICE_bounded,0,classifier_target_not_met,0.0,0.0037097930908203125,0.0,0.0,"{""nevents"": 132.0, ""ndays_act"": 15.0, ""nchapters"": 12.0}"
HarvardX,2,aligned,0,4344,NICE,bounded+edit,NICE_bounded+edit,0,classifier_target_not_met,0.0,0.0037097930908203125,0.0,0.0,"{""nevents"": 132.0, ""ndays_act"": 15.0, ""nchapters"": 12.0}"
HarvardX,2,aligned,0,4344,MCCE,native,MCCE_native,0,out_of_bounds:nevents,0.0,0.02585434913635254,0.11390284757118928,1.0,"{""nevents"": 64.0, ""ndays_act"": 15.0, ""nchapters"": 12.0}"
HarvardX,2,aligned,0,4344,MCCE,bounded,MCCE_bounded,1,OK,0.0,0.02585434913635254,0.15053528512125847,2.0,"{""nevents"": 144.0, ""ndays_act"": 21.0, ""nchapters"": 12.0}"
HarvardX,2,aligned,0,4344,MCCE,bounded+edit,MCCE_bounded+edit,1,OK,0.0,0.02585434913635254,0.15053528512125847,2.0,"{""nevents"": 144.0, ""ndays_act"": 21.0, ""nchapters"": 12.0}"
HarvardX,2,aligned,0,4395,NICE,native,NICE_native,1,OK,0.0,0.003454923629760742,0.1864406779661017,1.0,"{""nevents"": 10.0, ""ndays_act"": 13.0, ""nchapters"": 11.0}"
HarvardX,2,aligned,0,4395,NICE,bounded,NICE_bounded,1,OK,0.0,0.003454923629760742,0.1864406779661017,1.0,"{""nevents"": 10.0, ""ndays_act"": 13.0, ""nchapters"": 11.0}"
HarvardX,2,aligned,0,4395,NICE,bounded+edit,NICE_bounded+edit,1,OK,0.0,0.003454923629760742,0.1864406779661017,1.0,"{""nevents"": 10.0, ""ndays_act"": 13.0, ""nchapters"": 11.0}"
HarvardX,2,aligned,0,4395,MCCE,native,MCCE_native,1,OK,0.0,0.03966641426086426,0.5664647226609463,2.0,"{""nevents"": 137.0, ""ndays_act"": 25.0, ""nchapters"": 11.0}"
HarvardX,2,aligned,0,4395,MCCE,bounded,MCCE_bounded,1,OK,0.0,0.03966641426086426,0.5664647226609463,2.0,"{""nevents"": 137.0, ""ndays_act"": 25.0, ""nchapters"": 11.0}"
HarvardX,2,aligned,0,4395,MCCE,bounded+edit,MCCE_bounded+edit,1,OK,0.0,0.03966641426086426,0.5664647226609463,2.0,"{""nevents"": 137.0, ""ndays_act"": 25.0, ""nchapters"": 11.0}"
HarvardX,2,aligned,0,4439,NICE,native,NICE_native,1,OK,0.0,0.0046844482421875,0.3215723592709172,2.0,"{""nevents"": 52.0, ""ndays_act"": 19.0, ""nchapters"": 8.0}"
HarvardX,2,aligned,0,4439,NICE,bounded,NICE_bounded,1,OK,0.0,0.0046844482421875,0.3215723592709172,2.0,"{""nevents"": 52.0, ""ndays_act"": 19.0, ""nchapters"": 8.0}"
HarvardX,2,aligned,0,4439,NICE,bounded+edit,NICE_bounded+edit,1,OK,0.0,0.0046844482421875,0.3215723592709172,2.0,"{""nevents"": 52.0, ""ndays_act"": 19.0, ""nchapters"": 8.0}"
HarvardX,2,aligned,0,4439,MCCE,native,MCCE_native,1,OK,0.0,0.03964519500732422,0.7199509552741381,3.0,"{""nevents"": 83.0, ""ndays_act"": 25.0, ""nchapters"": 9.0}"
HarvardX,2,aligned,0,4439,MCCE,bounded,MCCE_bounded,1,OK,0.0,0.03964519500732422,0.7199509552741381,3.0,"{""nevents"": 83.0, ""ndays_act"": 25.0, ""nchapters"": 9.0}"
HarvardX,2,aligned,0,4439,MCCE,bounded+edit,MCCE_bounded+edit,1,OK,0.0,0.03964519500732422,0.7199509552741381,3.0,"{""nevents"": 83.0, ""ndays_act"": 25.0, ""nchapters"": 9.0}"
HarvardX,2,aligned,0,4465,NICE,native,NICE_native,0,out_of_bounds:nevents,0.0,0.00475311279296875,0.20596478620194036,2.0,"{""nevents"": 52.0, ""ndays_act"": 19.0, ""nchapters"": 8.0}"
HarvardX,2,aligned,0,4465,NICE,bounded,NICE_bounded,0,classifier_target_not_met,0.0,0.00475311279296875,0.08695652173913043,1.0,"{""nevents"": 124.0, ""ndays_act"": 19.0, ""nchapters"": 8.0}"
HarvardX,2,aligned,0,4465,NICE,bounded+edit,NICE_bounded+edit,0,classifier_target_not_met,0.0,0.00475311279296875,0.08695652173913043,1.0,"{""nevents"": 124.0, ""ndays_act"": 19.0, ""nchapters"": 8.0}"
HarvardX,2,aligned,0,4465,MCCE,native,MCCE_native,0,out_of_bounds:nevents,0.0,0.04001784324645996,0.5351598993891484,3.0,"{""nevents"": 83.0, ""ndays_act"": 25.0, ""nchapters"": 9.0}"
HarvardX,2,aligned,0,4465,MCCE,bounded,MCCE_bounded,1,OK,0.0,0.04001784324645996,0.6044376572044556,3.0,"{""nevents"": 128.0, ""ndays_act"": 31.0, ""nchapters"": 9.0}"
HarvardX,2,aligned,0,4465,MCCE,bounded+edit,MCCE_bounded+edit,1,OK,0.0,0.04001784324645996,0.6044376572044556,3.0,"{""nevents"": 128.0, ""ndays_act"": 31.0, ""nchapters"": 9.0}"
HarvardX,2,aligned,0,4473,NICE,native,NICE_native,0,out_of_bounds:nevents,0.0,0.0045375823974609375,0.21327240847988949,2.0,"{""nevents"": 9.0, ""ndays_act"": 7.0, ""nchapters"": 12.0}"
HarvardX,2,aligned,0,4473,NICE,bounded,NICE_bounded,0,classifier_target_not_met,0.0,0.0045375823974609375,0.0847457627118644,1.0,"{""nevents"": 91.0, ""ndays_act"": 7.0, ""nchapters"": 12.0}"
HarvardX,2,aligned,0,4473,NICE,bounded+edit,NICE_bounded+edit,0,classifier_target_not_met,0.0,0.0045375823974609375,0.0847457627118644,1.0,"{""nevents"": 91.0, ""ndays_act"": 7.0, ""nchapters"": 12.0}"
HarvardX,2,aligned,0,4473,MCCE,native,MCCE_native,0,out_of_bounds:nevents,0.0,0.026257753372192383,0.2559906487434249,2.0,"{""nevents"": 25.0, ""ndays_act"": 11.0, ""nchapters"": 12.0}"
HarvardX,2,aligned,0,4473,MCCE,bounded,MCCE_bounded,1,OK,0.0,0.026257753372192383,0.3163487593645396,2.0,"{""nevents"": 109.0, ""ndays_act"": 19.0, ""nchapters"": 12.0}"
HarvardX,2,aligned,0,4473,MCCE,bounded+edit,MCCE_bounded+edit,1,OK,0.0,0.026257753372192383,0.3163487593645396,2.0,"{""nevents"": 109.0, ""ndays_act"": 19.0, ""nchapters"": 12.0}"
HarvardX,2,aligned,0,4490,NICE,native,NICE_native,1,OK,0.0,0.004980802536010742,0.12709977737300143,2.0,"{""nevents"": 9.0, ""ndays_act"": 7.0, ""nchapters"": 12.0}"
HarvardX,2,aligned,0,4490,NICE,bounded,NICE_bounded,1,OK,0.0,0.004980802536010742,0.12709977737300143,2.0,"{""nevents"": 9.0, ""ndays_act"": 7.0, ""nchapters"": 12.0}"
HarvardX,2,aligned,0,4490,NICE,bounded+edit,NICE_bounded+edit,1,OK,0.0,0.004980802536010742,0.12709977737300143,2.0,"{""nevents"": 9.0, ""ndays_act"": 7.0, ""nchapters"": 12.0}"
HarvardX,2,aligned,0,4490,MCCE,native,MCCE_native,1,OK,0.0,0.025284528732299805,0.21462142166453035,2.0,"{""nevents"": 25.0, ""ndays_act"": 11.0, ""nchapters"": 12.0}"
HarvardX,2,aligned,0,4490,MCCE,bounded,MCCE_bounded,1,OK,0.0,0.025284528732299805,0.21462142166453035,2.0,"{""nevents"": 25.0, ""ndays_act"": 11.0, ""nchapters"": 12.0}"
HarvardX,2,aligned,0,4490,MCCE,bounded+edit,MCCE_bounded+edit,1,OK,0.0,0.025284528732299805,0.21462142166453035,2.0,"{""nevents"": 25.0, ""ndays_act"": 11.0, ""nchapters"": 12.0}"
HarvardX,2,aligned,0,4520,NICE,native,NICE_native,0,out_of_bounds:nevents,0.0,0.004568338394165039,0.08613658329600905,2.0,"{""nevents"": 9.0, ""ndays_act"": 7.0, ""nchapters"": 12.0}"
HarvardX,2,aligned,0,4520,NICE,bounded,NICE_bounded,0,classifier_target_not_met,0.0,0.004568338394165039,0.0847457627118644,1.0,"{""nevents"": 10.0, ""ndays_act"": 7.0, ""nchapters"": 12.0}"
HarvardX,2,aligned,0,4520,NICE,bounded+edit,NICE_bounded+edit,0,classifier_target_not_met,0.0,0.004568338394165039,0.0847457627118644,1.0,"{""nevents"": 10.0, ""ndays_act"": 7.0, ""nchapters"": 12.0}"
HarvardX,2,aligned,0,4520,MCCE,native,MCCE_native,1,OK,0.0,0.025746822357177734,0.17340468164352563,2.0,"{""nevents"": 25.0, ""ndays_act"": 11.0, ""nchapters"": 12.0}"
HarvardX,2,aligned,0,4520,MCCE,bounded,MCCE_bounded,1,OK,0.0,0.025746822357177734,0.17340468164352563,2.0,"{""nevents"": 25.0, ""ndays_act"": 11.0, ""nchapters"": 12.0}"
HarvardX,2,aligned,0,4520,MCCE,bounded+edit,MCCE_bounded+edit,1,OK,0.0,0.025746822357177734,0.17340468164352563,2.0,"{""nevents"": 25.0, ""ndays_act"": 11.0, ""nchapters"": 12.0}"
HarvardX,2,aligned,0,4664,NICE,native,NICE_native,1,OK,0.0,0.0034635066986083984,0.12727272727272726,1.0,"{""nevents"": 33.0, ""ndays_act"": 13.0, ""nchapters"": 11.0}"
HarvardX,2,aligned,0,4664,NICE,bounded,NICE_bounded,1,OK,0.0,0.0034635066986083984,0.12727272727272726,1.0,"{""nevents"": 33.0, ""ndays_act"": 13.0, ""nchapters"": 11.0}"
HarvardX,2,aligned,0,4664,NICE,bounded+edit,NICE_bounded+edit,1,OK,0.0,0.0034635066986083984,0.12727272727272726,1.0,"{""nevents"": 33.0, ""ndays_act"": 13.0, ""nchapters"": 11.0}"
HarvardX,2,aligned,0,4664,MCCE,native,MCCE_native,1,OK,0.0,0.04034614562988281,0.49487983281086734,2.0,"{""nevents"": 137.0, ""ndays_act"": 25.0, ""nchapters"": 11.0}"
HarvardX,2,aligned,0,4664,MCCE,bounded,MCCE_bounded,1,OK,0.0,0.04034614562988281,0.49487983281086734,2.0,"{""nevents"": 137.0, ""ndays_act"": 25.0, ""nchapters"": 11.0}"
HarvardX,2,aligned,0,4664,MCCE,bounded+edit,MCCE_bounded+edit,1,OK,0.0,0.04034614562988281,0.49487983281086734,2.0,"{""nevents"": 137.0, ""ndays_act"": 25.0, ""nchapters"": 11.0}"
HarvardX,2,aligned,0,4684,NICE,native,NICE_native,0,out_of_bounds:nevents,0.0,0.003445863723754883,0.2665406427221172,1.0,"{""nevents"": 59.0, ""ndays_act"": 16.0, ""nchapters"": 12.0}"
HarvardX,2,aligned,0,4684,NICE,bounded,NICE_bounded,0,classifier_target_not_met,0.0,0.003445863723754883,0.0,0.0,"{""nevents"": 200.0, ""ndays_act"": 16.0, ""nchapters"": 12.0}"
HarvardX,2,aligned,0,4684,NICE,bounded+edit,NICE_bounded+edit,0,classifier_target_not_met,0.0,0.003445863723754883,0.0,0.0,"{""nevents"": 200.0, ""ndays_act"": 16.0, ""nchapters"": 12.0}"
HarvardX,2,aligned,0,4684,MCCE,native,MCCE_native,0,out_of_bounds:nevents,0.0,0.025512218475341797,0.2892249527410208,1.0,"{""nevents"": 47.0, ""ndays_act"": 16.0, ""nchapters"": 12.0}"
HarvardX,2,aligned,0,4684,MCCE,bounded,MCCE_bounded,1,OK,0.0,0.025512218475341797,0.26049149338374294,2.0,"{""nevents"": 232.0, ""ndays_act"": 25.0, ""nchapters"": 12.0}"
HarvardX,2,aligned,0,4684,MCCE,bounded+edit,MCCE_bounded+edit,1,OK,0.0,0.025512218475341797,0.26049149338374294,2.0,"{""nevents"": 232.0, ""ndays_act"": 25.0, ""nchapters"": 12.0}"
HarvardX,2,aligned,0,4693,NICE,native,NICE_native,1,OK,0.0,0.004637956619262695,0.3934624697336562,2.0,"{""nevents"": 66.0, ""ndays_act"": 21.0, ""nchapters"": 7.0}"
HarvardX,2,aligned,0,4693,NICE,bounded,NICE_bounded,1,OK,0.0,0.004637956619262695,0.3934624697336562,2.0,"{""nevents"": 66.0, ""ndays_act"": 21.0, ""nchapters"": 7.0}"
HarvardX,2,aligned,0,4693,NICE,bounded+edit,NICE_bounded+edit,1,OK,0.0,0.004637956619262695,0.3934624697336562,2.0,"{""nevents"": 66.0, ""ndays_act"": 21.0, ""nchapters"": 7.0}"
HarvardX,2,aligned,0,4693,MCCE,native,MCCE_native,1,OK,0.0,0.04021739959716797,0.8850686037126716,3.0,"{""nevents"": 83.0, ""ndays_act"": 25.0, ""nchapters"": 9.0}"
HarvardX,2,aligned,0,4693,MCCE,bounded,MCCE_bounded,1,OK,0.0,0.04021739959716797,0.8850686037126716,3.0,"{""nevents"": 83.0, ""ndays_act"": 25.0, ""nchapters"": 9.0}"
HarvardX,2,aligned,0,4693,MCCE,bounded+edit,MCCE_bounded+edit,1,OK,0.0,0.04021739959716797,0.8850686037126716,3.0,"{""nevents"": 83.0, ""ndays_act"": 25.0, ""nchapters"": 9.0}"
HarvardX,2,aligned,0,4695,NICE,native,NICE_native,0,out_of_bounds:nevents,0.0,0.0037975311279296875,0.0121580547112462,1.0,"{""nevents"": 63.0, ""ndays_act"": 13.0, ""nchapters"": 12.0}"
HarvardX,2,aligned,0,4695,NICE,bounded,NICE_bounded,0,classifier_target_not_met,0.0,0.0037975311279296875,0.0,0.0,"{""nevents"": 71.0, ""ndays_act"": 13.0, ""nchapters"": 12.0}"
HarvardX,2,aligned,0,4695,NICE,bounded+edit,NICE_bounded+edit,0,classifier_target_not_met,0.0,0.0037975311279296875,0.0,0.0,"{""nevents"": 71.0, ""ndays_act"": 13.0, ""nchapters"": 12.0}"
HarvardX,2,aligned,0,4695,MCCE,native,MCCE_native,0,out_of_bounds:nevents,0.0,0.026696205139160156,0.034954407294832825,1.0,"{""nevents"": 48.0, ""ndays_act"": 13.0, ""nchapters"": 12.0}"
HarvardX,2,aligned,0,4695,MCCE,bounded,MCCE_bounded,1,OK,0.0,0.026696205139160156,0.1488728470111449,2.0,"{""nevents"": 73.0, ""ndays_act"": 20.0, ""nchapters"": 12.0}"
HarvardX,2,aligned,0,4695,MCCE,bounded+edit,MCCE_bounded+edit,1,OK,0.0,0.026696205139160156,0.1488728470111449,2.0,"{""nevents"": 73.0, ""ndays_act"": 20.0, ""nchapters"": 12.0}"
HarvardX,2,aligned,0,4762,NICE,native,NICE_native,1,OK,0.0,0.004624128341674805,0.2460365647979491,2.0,"{""nevents"": 24.0, ""ndays_act"": 13.0, ""nchapters"": 11.0}"
HarvardX,2,aligned,0,4762,NICE,bounded,NICE_bounded,1,OK,0.0,0.004624128341674805,0.2460365647979491,2.0,"{""nevents"": 24.0, ""ndays_act"": 13.0, ""nchapters"": 11.0}"
HarvardX,2,aligned,0,4762,NICE,bounded+edit,NICE_bounded+edit,1,OK,0.0,0.004624128341674805,0.2460365647979491,2.0,"{""nevents"": 24.0, ""ndays_act"": 13.0, ""nchapters"": 11.0}"
HarvardX,2,aligned,0,4762,MCCE,native,MCCE_native,1,OK,0.0,0.04032778739929199,0.5977647349839214,2.0,"{""nevents"": 137.0, ""ndays_act"": 25.0, ""nchapters"": 11.0}"
HarvardX,2,aligned,0,4762,MCCE,bounded,MCCE_bounded,1,OK,0.0,0.04032778739929199,0.5977647349839214,2.0,"{""nevents"": 137.0, ""ndays_act"": 25.0, ""nchapters"": 11.0}"
HarvardX,2,aligned,0,4762,MCCE,bounded+edit,MCCE_bounded+edit,1,OK,0.0,0.04032778739929199,0.5977647349839214,2.0,"{""nevents"": 137.0, ""ndays_act"": 25.0, ""nchapters"": 11.0}"
HarvardX,2,aligned,0,4783,NICE,native,NICE_native,1,OK,0.0,0.004674434661865234,0.4347972745058355,2.0,"{""nevents"": 66.0, ""ndays_act"": 21.0, ""nchapters"": 7.0}"
HarvardX,2,aligned,0,4783,NICE,bounded,NICE_bounded,1,OK,0.0,0.004674434661865234,0.4347972745058355,2.0,"{""nevents"": 66.0, ""ndays_act"": 21.0, ""nchapters"": 7.0}"
HarvardX,2,aligned,0,4783,NICE,bounded+edit,NICE_bounded+edit,1,OK,0.0,0.004674434661865234,0.4347972745058355,2.0,"{""nevents"": 66.0, ""ndays_act"": 21.0, ""nchapters"": 7.0}"
HarvardX,2,aligned,0,4783,MCCE,native,MCCE_native,1,OK,0.0,0.04009652137756348,0.9236906609098473,3.0,"{""nevents"": 83.0, ""ndays_act"": 25.0, ""nchapters"": 9.0}"
HarvardX,2,aligned,0,4783,MCCE,bounded,MCCE_bounded,1,OK,0.0,0.04009652137756348,0.9236906609098473,3.0,"{""nevents"": 83.0, ""ndays_act"": 25.0, ""nchapters"": 9.0}"
HarvardX,2,aligned,0,4783,MCCE,bounded+edit,MCCE_bounded+edit,1,OK,0.0,0.04009652137756348,0.9236906609098473,3.0,"{""nevents"": 83.0, ""ndays_act"": 25.0, ""nchapters"": 9.0}"
HarvardX,2,aligned,0,4826,NICE,native,NICE_native,0,out_of_bounds:nevents,0.0,0.004577159881591797,0.06428571428571428,2.0,"{""nevents"": 9.0, ""ndays_act"": 7.0, ""nchapters"": 12.0}"
HarvardX,2,aligned,0,4826,NICE,bounded,NICE_bounded,0,classifier_target_not_met,0.0,0.004577159881591797,0.03571428571428571,1.0,"{""nevents"": 29.0, ""ndays_act"": 7.0, ""nchapters"": 12.0}"
HarvardX,2,aligned,0,4826,NICE,bounded+edit,NICE_bounded+edit,0,classifier_target_not_met,0.0,0.004577159881591797,0.03571428571428571,1.0,"{""nevents"": 29.0, ""ndays_act"": 7.0, ""nchapters"": 12.0}"
HarvardX,2,aligned,0,4826,MCCE,native,MCCE_native,0,out_of_bounds:nevents,0.0,0.02559494972229004,0.11285714285714285,2.0,"{""nevents"": 25.0, ""ndays_act"": 11.0, ""nchapters"": 12.0}"
HarvardX,2,aligned,0,4826,MCCE,bounded,MCCE_bounded,1,OK,0.0,0.02559494972229004,0.12642857142857142,2.0,"{""nevents"": 30.0, ""ndays_act"": 12.0, ""nchapters"": 12.0}"
HarvardX,2,aligned,0,4826,MCCE,bounded+edit,MCCE_bounded+edit,1,OK,0.0,0.02559494972229004,0.12642857142857142,2.0,"{""nevents"": 30.0, ""ndays_act"": 12.0, ""nchapters"": 12.0}"
HarvardX,2,aligned,0,4832,NICE,native,NICE_native,0,out_of_bounds:nevents,0.0,0.003962278366088867,0.1918158567774936,1.0,"{""nevents"": 263.0, ""ndays_act"": 55.0, ""nchapters"": 10.0}"
HarvardX,2,aligned,0,4832,NICE,bounded,NICE_bounded,0,classifier_target_not_met,0.0,0.003962278366088867,0.0,0.0,"{""nevents"": 338.0, ""ndays_act"": 55.0, ""nchapters"": 10.0}"
HarvardX,2,aligned,0,4832,NICE,bounded+edit,NICE_bounded+edit,0,classifier_target_not_met,0.0,0.003962278366088867,0.0,0.0,"{""nevents"": 338.0, ""ndays_act"": 55.0, ""nchapters"": 10.0}"
HarvardX,2,aligned,0,4832,MCCE,native,MCCE_native,0,out_of_bounds:nevents;out_of_bounds:ndays_act,0.0,0.04008078575134277,0.6018755328218244,2.0,"{""nevents"": 233.0, ""ndays_act"": 53.0, ""nchapters"": 10.0}"
HarvardX,2,aligned,0,4832,MCCE,bounded,MCCE_bounded,1,OK,0.0,0.04008078575134277,1.237851662404092,2.0,"{""nevents"": 431.0, ""ndays_act"": 55.0, ""nchapters"": 12.0}"
HarvardX,2,aligned,0,4832,MCCE,bounded+edit,MCCE_bounded+edit,1,OK,0.0,0.04008078575134277,1.237851662404092,2.0,"{""nevents"": 431.0, ""ndays_act"": 55.0, ""nchapters"": 12.0}"
HarvardX,2,aligned,0,4848,NICE,native,NICE_native,1,OK,0.0,0.004638195037841797,0.49789741168004675,2.0,"{""nevents"": 112.0, ""ndays_act"": 21.0, ""nchapters"": 9.0}"
HarvardX,2,aligned,0,4848,NICE,bounded,NICE_bounded,1,OK,0.0,0.004638195037841797,0.49789741168004675,2.0,"{""nevents"": 112.0, ""ndays_act"": 21.0, ""nchapters"": 9.0}"
HarvardX,2,aligned,0,4848,NICE,bounded+edit,NICE_bounded+edit,1,OK,0.0,0.004638195037841797,0.49789741168004675,2.0,"{""nevents"": 112.0, ""ndays_act"": 21.0, ""nchapters"": 9.0}"
HarvardX,2,aligned,0,4848,MCCE,native,MCCE_native,1,OK,0.0,0.04130268096923828,0.5236906609098473,2.0,"{""nevents"": 83.0, ""ndays_act"": 25.0, ""nchapters"": 9.0}"
HarvardX,2,aligned,0,4848,MCCE,bounded,MCCE_bounded,1,OK,0.0,0.04130268096923828,0.5236906609098473,2.0,"{""nevents"": 83.0, ""ndays_act"": 25.0, ""nchapters"": 9.0}"
HarvardX,2,aligned,0,4848,MCCE,bounded+edit,MCCE_bounded+edit,1,OK,0.0,0.04130268096923828,0.5236906609098473,2.0,"{""nevents"": 83.0, ""ndays_act"": 25.0, ""nchapters"": 9.0}"
HarvardX,2,aligned,0,4922,NICE,native,NICE_native,1,OK,0.0,0.005257606506347656,0.4347972745058355,2.0,"{""nevents"": 66.0, ""ndays_act"": 21.0, ""nchapters"": 7.0}"
HarvardX,2,aligned,0,4922,NICE,bounded,NICE_bounded,1,OK,0.0,0.005257606506347656,0.4347972745058355,2.0,"{""nevents"": 66.0, ""ndays_act"": 21.0, ""nchapters"": 7.0}"
HarvardX,2,aligned,0,4922,NICE,bounded+edit,NICE_bounded+edit,1,OK,0.0,0.005257606506347656,0.4347972745058355,2.0,"{""nevents"": 66.0, ""ndays_act"": 21.0, ""nchapters"": 7.0}"
HarvardX,2,aligned,0,4922,MCCE,native,MCCE_native,1,OK,0.0,0.04050731658935547,0.9236906609098473,3.0,"{""nevents"": 83.0, ""ndays_act"": 25.0, ""nchapters"": 9.0}"
HarvardX,2,aligned,0,4922,MCCE,bounded,MCCE_bounded,1,OK,0.0,0.04050731658935547,0.9236906609098473,3.0,"{""nevents"": 83.0, ""ndays_act"": 25.0, ""nchapters"": 9.0}"
HarvardX,2,aligned,0,4922,MCCE,bounded+edit,MCCE_bounded+edit,1,OK,0.0,0.04050731658935547,0.9236906609098473,3.0,"{""nevents"": 83.0, ""ndays_act"": 25.0, ""nchapters"": 9.0}"
HarvardX,2,aligned,0,4937,NICE,native,NICE_native,1,OK,0.0,0.0045986175537109375,0.3674317372378314,2.0,"{""nevents"": 66.0, ""ndays_act"": 21.0, ""nchapters"": 7.0}"
HarvardX,2,aligned,0,4937,NICE,bounded,NICE_bounded,1,OK,0.0,0.0045986175537109375,0.3674317372378314,2.0,"{""nevents"": 66.0, ""ndays_act"": 21.0, ""nchapters"": 7.0}"
HarvardX,2,aligned,0,4937,NICE,bounded+edit,NICE_bounded+edit,1,OK,0.0,0.0045986175537109375,0.3674317372378314,2.0,"{""nevents"": 66.0, ""ndays_act"": 21.0, ""nchapters"": 7.0}"
HarvardX,2,aligned,0,4937,MCCE,native,MCCE_native,1,OK,0.0,0.040441274642944336,0.8624060150375941,3.0,"{""nevents"": 83.0, ""ndays_act"": 25.0, ""nchapters"": 9.0}"
HarvardX,2,aligned,0,4937,MCCE,bounded,MCCE_bounded,1,OK,0.0,0.040441274642944336,0.8624060150375941,3.0,"{""nevents"": 83.0, ""ndays_act"": 25.0, ""nchapters"": 9.0}"
HarvardX,2,aligned,0,4937,MCCE,bounded+edit,MCCE_bounded+edit,1,OK,0.0,0.040441274642944336,0.8624060150375941,3.0,"{""nevents"": 83.0, ""ndays_act"": 25.0, ""nchapters"": 9.0}"
HarvardX,2,aligned,0,4966,NICE,native,NICE_native,1,OK,0.0,0.0036606788635253906,0.15,1.0,"{""nevents"": 7.0, ""ndays_act"": 10.0, ""nchapters"": 10.0}"
HarvardX,2,aligned,0,4966,NICE,bounded,NICE_bounded,1,OK,0.0,0.0036606788635253906,0.15,1.0,"{""nevents"": 7.0, ""ndays_act"": 10.0, ""nchapters"": 10.0}"
HarvardX,2,aligned,0,4966,NICE,bounded+edit,NICE_bounded+edit,1,OK,0.0,0.0036606788635253906,0.15,1.0,"{""nevents"": 7.0, ""ndays_act"": 10.0, ""nchapters"": 10.0}"
HarvardX,2,aligned,0,4966,MCCE,native,MCCE_native,1,OK,0.0,0.040607452392578125,0.34981532779316715,2.0,"{""nevents"": 55.0, ""ndays_act"": 18.0, ""nchapters"": 10.0}"
HarvardX,2,aligned,0,4966,MCCE,bounded,MCCE_bounded,1,OK,0.0,0.040607452392578125,0.34981532779316715,2.0,"{""nevents"": 55.0, ""ndays_act"": 18.0, ""nchapters"": 10.0}"
HarvardX,2,aligned,0,4966,MCCE,bounded+edit,MCCE_bounded+edit,1,OK,0.0,0.040607452392578125,0.34981532779316715,2.0,"{""nevents"": 55.0, ""ndays_act"": 18.0, ""nchapters"": 10.0}"
HarvardX,2,aligned,0,4997,NICE,native,NICE_native,1,OK,0.0,0.004780292510986328,0.10552486187845304,2.0,"{""nevents"": 9.0, ""ndays_act"": 7.0, ""nchapters"": 12.0}"
HarvardX,2,aligned,0,4997,NICE,bounded,NICE_bounded,1,OK,0.0,0.004780292510986328,0.10552486187845304,2.0,"{""nevents"": 9.0, ""ndays_act"": 7.0, ""nchapters"": 12.0}"
HarvardX,2,aligned,0,4997,NICE,bounded+edit,NICE_bounded+edit,1,OK,0.0,0.004780292510986328,0.10552486187845304,2.0,"{""nevents"": 9.0, ""ndays_act"": 7.0, ""nchapters"": 12.0}"
HarvardX,2,aligned,0,4997,MCCE,native,MCCE_native,1,OK,0.0,0.02879166603088379,0.19429097605893186,2.0,"{""nevents"": 25.0, ""ndays_act"": 11.0, ""nchapters"": 12.0}"
HarvardX,2,aligned,0,4997,MCCE,bounded,MCCE_bounded,1,OK,0.0,0.02879166603088379,0.19429097605893186,2.0,"{""nevents"": 25.0, ""ndays_act"": 11.0, ""nchapters"": 12.0}"
HarvardX,2,aligned,0,4997,MCCE,bounded+edit,MCCE_bounded+edit,1,OK,0.0,0.02879166603088379,0.19429097605893186,2.0,"{""nevents"": 25.0, ""ndays_act"": 11.0, ""nchapters"": 12.0}"
HarvardX,2,aligned,0,4998,NICE,native,NICE_native,0,out_of_bounds:nevents,0.0,0.004647254943847656,0.42885895013554587,2.0,"{""nevents"": 66.0, ""ndays_act"": 21.0, ""nchapters"": 7.0}"
HarvardX,2,aligned,0,4998,NICE,bounded,NICE_bounded,0,classifier_target_not_met,0.0,0.004647254943847656,0.14893617021276595,1.0,"{""nevents"": 211.0, ""ndays_act"": 21.0, ""nchapters"": 7.0}"
HarvardX,2,aligned,0,4998,NICE,bounded+edit,NICE_bounded+edit,0,classifier_target_not_met,0.0,0.004647254943847656,0.14893617021276595,1.0,"{""nevents"": 211.0, ""ndays_act"": 21.0, ""nchapters"": 7.0}"
HarvardX,2,aligned,0,4998,MCCE,native,MCCE_native,0,out_of_bounds:nevents,0.0,0.040781259536743164,0.8811468002957366,3.0,"{""nevents"": 83.0, ""ndays_act"": 25.0, ""nchapters"": 9.0}"
HarvardX,2,aligned,0,4998,MCCE,bounded,MCCE_bounded,1,OK,0.0,0.040781259536743164,1.4236260576686108,3.0,"{""nevents"": 307.0, ""ndays_act"": 44.0, ""nchapters"": 10.0}"
HarvardX,2,aligned,0,4998,MCCE,bounded+edit,MCCE_bounded+edit,1,OK,0.0,0.040781259536743164,1.4236260576686108,3.0,"{""nevents"": 307.0, ""ndays_act"": 44.0, ""nchapters"": 10.0}"
HarvardX,2,aligned,0,5052,NICE,native,NICE_native,0,out_of_bounds:nevents,0.0,0.003476858139038086,0.13564668769716087,1.0,"{""nevents"": 9.0, ""ndays_act"": 8.0, ""nchapters"": 12.0}"
HarvardX,2,aligned,0,5052,NICE,bounded,NICE_bounded,0,classifier_target_not_met,0.0,0.003476858139038086,0.0,0.0,"{""nevents"": 95.0, ""ndays_act"": 8.0, ""nchapters"": 12.0}"
HarvardX,2,aligned,0,5052,NICE,bounded+edit,NICE_bounded+edit,0,classifier_target_not_met,0.0,0.003476858139038086,0.0,0.0,"{""nevents"": 95.0, ""ndays_act"": 8.0, ""nchapters"": 12.0}"
HarvardX,2,aligned,0,5052,MCCE,native,MCCE_native,0,out_of_bounds:nevents,0.0,0.02591729164123535,0.16701386822212963,2.0,"{""nevents"": 25.0, ""ndays_act"": 11.0, ""nchapters"": 12.0}"
HarvardX,2,aligned,0,5052,MCCE,bounded,MCCE_bounded,1,OK,0.0,0.02591729164123535,0.22962918873876556,2.0,"{""nevents"": 109.0, ""ndays_act"": 19.0, ""nchapters"": 12.0}"
HarvardX,2,aligned,0,5052,MCCE,bounded+edit,MCCE_bounded+edit,1,OK,0.0,0.02591729164123535,0.22962918873876556,2.0,"{""nevents"": 109.0, ""ndays_act"": 19.0, ""nchapters"": 12.0}"
HarvardX,2,aligned,0,5104,NICE,native,NICE_native,0,out_of_bounds:nevents,0.0,0.010142326354980469,0.10026057230283761,2.0,"{""nevents"": 9.0, ""ndays_act"": 7.0, ""nchapters"": 12.0}"
HarvardX,2,aligned,0,5104,NICE,bounded,NICE_bounded,0,classifier_target_not_met,0.0,0.010142326354980469,0.0847457627118644,1.0,"{""nevents"": 20.0, ""ndays_act"": 7.0, ""nchapters"": 12.0}"
HarvardX,2,aligned,0,5104,NICE,bounded+edit,NICE_bounded+edit,0,classifier_target_not_met,0.0,0.010142326354980469,0.0847457627118644,1.0,"{""nevents"": 20.0, ""ndays_act"": 7.0, ""nchapters"": 12.0}"
HarvardX,2,aligned,0,5104,MCCE,native,MCCE_native,1,OK,0.0,0.027613162994384766,0.15959455905907102,2.0,"{""nevents"": 25.0, ""ndays_act"": 11.0, ""nchapters"": 12.0}"
HarvardX,2,aligned,0,5104,MCCE,bounded,MCCE_bounded,1,OK,0.0,0.027613162994384766,0.15959455905907102,2.0,"{""nevents"": 25.0, ""ndays_act"": 11.0, ""nchapters"": 12.0}"
HarvardX,2,aligned,0,5104,MCCE,bounded+edit,MCCE_bounded+edit,1,OK,0.0,0.027613162994384766,0.15959455905907102,2.0,"{""nevents"": 25.0, ""ndays_act"": 11.0, ""nchapters"": 12.0}"
HarvardX,2,aligned,0,5150,NICE,native,NICE_native,0,out_of_bounds:nevents,0.0,0.004745960235595703,0.1256569142677857,2.0,"{""nevents"": 9.0, ""ndays_act"": 7.0, ""nchapters"": 12.0}"
HarvardX,2,aligned,0,5150,NICE,bounded,NICE_bounded,0,classifier_target_not_met,0.0,0.004745960235595703,0.05263157894736842,1.0,"{""nevents"": 58.0, ""ndays_act"": 7.0, ""nchapters"": 12.0}"
HarvardX,2,aligned,0,5150,NICE,bounded+edit,NICE_bounded+edit,0,classifier_target_not_met,0.0,0.004745960235595703,0.05263157894736842,1.0,"{""nevents"": 58.0, ""ndays_act"": 7.0, ""nchapters"": 12.0}"
HarvardX,2,aligned,0,5150,MCCE,native,MCCE_native,0,out_of_bounds:nevents,0.0,0.03182029724121094,0.1719873454127121,2.0,"{""nevents"": 25.0, ""ndays_act"": 11.0, ""nchapters"": 12.0}"
HarvardX,2,aligned,0,5150,MCCE,bounded,MCCE_bounded,1,OK,0.0,0.03182029724121094,0.17990953538839646,2.0,"{""nevents"": 61.0, ""ndays_act"": 14.0, ""nchapters"": 12.0}"
HarvardX,2,aligned,0,5150,MCCE,bounded+edit,MCCE_bounded+edit,1,OK,0.0,0.03182029724121094,0.17990953538839646,2.0,"{""nevents"": 61.0, ""ndays_act"": 14.0, ""nchapters"": 12.0}"
HarvardX,2,aligned,0,5170,NICE,native,NICE_native,0,out_of_bounds:nevents,0.0,0.0047872066497802734,0.30805387025801717,2.0,"{""nevents"": 10.0, ""ndays_act"": 10.0, ""nchapters"": 10.0}"
HarvardX,2,aligned,0,5170,NICE,bounded,NICE_bounded,0,classifier_target_not_met,0.0,0.0047872066497802734,0.03773584905660377,1.0,"{""nevents"": 163.0, ""ndays_act"": 10.0, ""nchapters"": 10.0}"
HarvardX,2,aligned,0,5170,NICE,bounded+edit,NICE_bounded+edit,0,classifier_target_not_met,0.0,0.0047872066497802734,0.03773584905660377,1.0,"{""nevents"": 163.0, ""ndays_act"": 10.0, ""nchapters"": 10.0}"
HarvardX,2,aligned,0,5170,MCCE,native,MCCE_native,0,out_of_bounds:nevents,0.0,0.04735612869262695,0.3794919661310754,2.0,"{""nevents"": 55.0, ""ndays_act"": 18.0, ""nchapters"": 10.0}"
HarvardX,2,aligned,0,5170,MCCE,bounded,MCCE_bounded,1,OK,0.0,0.04735612869262695,0.5589039269284619,2.0,"{""nevents"": 191.0, ""ndays_act"": 35.0, ""nchapters"": 10.0}"
HarvardX,2,aligned,0,5170,MCCE,bounded+edit,MCCE_bounded+edit,1,OK,0.0,0.04735612869262695,0.5589039269284619,2.0,"{""nevents"": 191.0, ""ndays_act"": 35.0, ""nchapters"": 10.0}"
HarvardX,2,aligned,0,5174,NICE,native,NICE_native,0,out_of_bounds:nevents,0.0,0.007062196731567383,0.3929692178704036,3.0,"{""nevents"": 66.0, ""ndays_act"": 21.0, ""nchapters"": 7.0}"
HarvardX,2,aligned,0,5174,NICE,bounded,NICE_bounded,0,classifier_target_not_met,0.0,0.007062196731567383,0.2971014492753623,2.0,"{""nevents"": 124.0, ""ndays_act"": 21.0, ""nchapters"": 7.0}"
HarvardX,2,aligned,0,5174,NICE,bounded+edit,NICE_bounded+edit,0,classifier_target_not_met,0.0,0.007062196731567383,0.2971014492753623,2.0,"{""nevents"": 124.0, ""ndays_act"": 21.0, ""nchapters"": 7.0}"
HarvardX,2,aligned,0,5174,MCCE,native,MCCE_native,0,out_of_bounds:nevents,0.0,0.04238700866699219,0.7851598993891484,3.0,"{""nevents"": 83.0, ""ndays_act"": 25.0, ""nchapters"": 9.0}"
HarvardX,2,aligned,0,5174,MCCE,bounded,MCCE_bounded,1,OK,0.0,0.04238700866699219,0.8544376572044556,3.0,"{""nevents"": 128.0, ""ndays_act"": 31.0, ""nchapters"": 9.0}"
HarvardX,2,aligned,0,5174,MCCE,bounded+edit,MCCE_bounded+edit,1,OK,0.0,0.04238700866699219,0.8544376572044556,3.0,"{""nevents"": 128.0, ""ndays_act"": 31.0, ""nchapters"": 9.0}"
HarvardX,2,aligned,0,5260,NICE,native,NICE_native,1,OK,0.0,0.0063784122467041016,0.5905349794238682,3.0,"{""nevents"": 66.0, ""ndays_act"": 21.0, ""nchapters"": 7.0}"
HarvardX,2,aligned,0,5260,NICE,bounded,NICE_bounded,1,OK,0.0,0.0063784122467041016,0.5905349794238682,3.0,"{""nevents"": 66.0, ""ndays_act"": 21.0, ""nchapters"": 7.0}"
HarvardX,2,aligned,0,5260,NICE,bounded+edit,NICE_bounded+edit,1,OK,0.0,0.0063784122467041016,0.5905349794238682,3.0,"{""nevents"": 66.0, ""ndays_act"": 21.0, ""nchapters"": 7.0}"
HarvardX,2,aligned,0,5260,MCCE,native,MCCE_native,1,OK,0.0,0.043121337890625,1.0138545953360767,3.0,"{""nevents"": 83.0, ""ndays_act"": 25.0, ""nchapters"": 9.0}"
HarvardX,2,aligned,0,5260,MCCE,bounded,MCCE_bounded,1,OK,0.0,0.043121337890625,1.0138545953360767,3.0,"{""nevents"": 83.0, ""ndays_act"": 25.0, ""nchapters"": 9.0}"
HarvardX,2,aligned,0,5260,MCCE,bounded+edit,MCCE_bounded+edit,1,OK,0.0,0.043121337890625,1.0138545953360767,3.0,"{""nevents"": 83.0, ""ndays_act"": 25.0, ""nchapters"": 9.0}"
HarvardX,2,aligned,0,5265,NICE,native,NICE_native,1,OK,0.0,0.008467435836791992,0.4615039122520861,2.0,"{""nevents"": 112.0, ""ndays_act"": 21.0, ""nchapters"": 9.0}"
HarvardX,2,aligned,0,5265,NICE,bounded,NICE_bounded,1,OK,0.0,0.008467435836791992,0.4615039122520861,2.0,"{""nevents"": 112.0, ""ndays_act"": 21.0, ""nchapters"": 9.0}"
HarvardX,2,aligned,0,5265,NICE,bounded+edit,NICE_bounded+edit,1,OK,0.0,0.008467435836791992,0.4615039122520861,2.0,"{""nevents"": 112.0, ""ndays_act"": 21.0, ""nchapters"": 9.0}"
HarvardX,2,aligned,0,5265,MCCE,native,MCCE_native,1,OK,0.0,0.04268288612365723,0.48885421837694726,2.0,"{""nevents"": 83.0, ""ndays_act"": 25.0, ""nchapters"": 9.0}"
HarvardX,2,aligned,0,5265,MCCE,bounded,MCCE_bounded,1,OK,0.0,0.04268288612365723,0.48885421837694726,2.0,"{""nevents"": 83.0, ""ndays_act"": 25.0, ""nchapters"": 9.0}"
HarvardX,2,aligned,0,5265,MCCE,bounded+edit,MCCE_bounded+edit,1,OK,0.0,0.04268288612365723,0.48885421837694726,2.0,"{""nevents"": 83.0, ""ndays_act"": 25.0, ""nchapters"": 9.0}"
HarvardX,2,aligned,0,5268,NICE,native,NICE_native,1,OK,0.0,0.00515294075012207,0.39991985101718486,2.0,"{""nevents"": 66.0, ""ndays_act"": 21.0, ""nchapters"": 7.0}"
HarvardX,2,aligned,0,5268,NICE,bounded,NICE_bounded,1,OK,0.0,0.00515294075012207,0.39991985101718486,2.0,"{""nevents"": 66.0, ""ndays_act"": 21.0, ""nchapters"": 7.0}"
HarvardX,2,aligned,0,5268,NICE,bounded+edit,NICE_bounded+edit,1,OK,0.0,0.00515294075012207,0.39991985101718486,2.0,"{""nevents"": 66.0, ""ndays_act"": 21.0, ""nchapters"": 7.0}"
HarvardX,2,aligned,0,5268,MCCE,native,MCCE_native,1,OK,0.0,0.04351067543029785,0.8913604111171354,3.0,"{""nevents"": 83.0, ""ndays_act"": 25.0, ""nchapters"": 9.0}"
HarvardX,2,aligned,0,5268,MCCE,bounded,MCCE_bounded,1,OK,0.0,0.04351067543029785,0.8913604111171354,3.0,"{""nevents"": 83.0, ""ndays_act"": 25.0, ""nchapters"": 9.0}"
HarvardX,2,aligned,0,5268,MCCE,bounded+edit,MCCE_bounded+edit,1,OK,0.0,0.04351067543029785,0.8913604111171354,3.0,"{""nevents"": 83.0, ""ndays_act"": 25.0, ""nchapters"": 9.0}"
HarvardX,2,aligned,0,5279,NICE,native,NICE_native,1,OK,0.0,0.0059435367584228516,0.5497387669801462,3.0,"{""nevents"": 66.0, ""ndays_act"": 21.0, ""nchapters"": 7.0}"
HarvardX,2,aligned,0,5279,NICE,bounded,NICE_bounded,1,OK,0.0,0.0059435367584228516,0.5497387669801462,3.0,"{""nevents"": 66.0, ""ndays_act"": 21.0, ""nchapters"": 7.0}"
HarvardX,2,aligned,0,5279,NICE,bounded+edit,NICE_bounded+edit,1,OK,0.0,0.0059435367584228516,0.5497387669801462,3.0,"{""nevents"": 66.0, ""ndays_act"": 21.0, ""nchapters"": 7.0}"
HarvardX,2,aligned,0,5279,MCCE,native,MCCE_native,1,OK,0.0,0.04082155227661133,0.9758138413310826,3.0,"{""nevents"": 83.0, ""ndays_act"": 25.0, ""nchapters"": 9.0}"
HarvardX,2,aligned,0,5279,MCCE,bounded,MCCE_bounded,1,OK,0.0,0.04082155227661133,0.9758138413310826,3.0,"{""nevents"": 83.0, ""ndays_act"": 25.0, ""nchapters"": 9.0}"
HarvardX,2,aligned,0,5279,MCCE,bounded+edit,MCCE_bounded+edit,1,OK,0.0,0.04082155227661133,0.9758138413310826,3.0,"{""nevents"": 83.0, ""ndays_act"": 25.0, ""nchapters"": 9.0}"
HarvardX,2,aligned,0,5339,NICE,native,NICE_native,1,OK,0.0,0.004729747772216797,0.39863556961427693,2.0,"{""nevents"": 66.0, ""ndays_act"": 21.0, ""nchapters"": 7.0}"
HarvardX,2,aligned,0,5339,NICE,bounded,NICE_bounded,1,OK,0.0,0.004729747772216797,0.39863556961427693,2.0,"{""nevents"": 66.0, ""ndays_act"": 21.0, ""nchapters"": 7.0}"
HarvardX,2,aligned,0,5339,NICE,bounded+edit,NICE_bounded+edit,1,OK,0.0,0.004729747772216797,0.39863556961427693,2.0,"{""nevents"": 66.0, ""ndays_act"": 21.0, ""nchapters"": 7.0}"
HarvardX,2,aligned,0,5339,MCCE,native,MCCE_native,1,OK,0.0,0.04126572608947754,0.8901090600066097,3.0,"{""nevents"": 83.0, ""ndays_act"": 25.0, ""nchapters"": 9.0}"
HarvardX,2,aligned,0,5339,MCCE,bounded,MCCE_bounded,1,OK,0.0,0.04126572608947754,0.8901090600066097,3.0,"{""nevents"": 83.0, ""ndays_act"": 25.0, ""nchapters"": 9.0}"
HarvardX,2,aligned,0,5339,MCCE,bounded+edit,MCCE_bounded+edit,1,OK,0.0,0.04126572608947754,0.8901090600066097,3.0,"{""nevents"": 83.0, ""ndays_act"": 25.0, ""nchapters"": 9.0}"
HarvardX,2,aligned,0,5354,NICE,native,NICE_native,1,OK,0.0,0.004914999008178711,0.12709977737300143,2.0,"{""nevents"": 9.0, ""ndays_act"": 7.0, ""nchapters"": 12.0}"
HarvardX,2,aligned,0,5354,NICE,bounded,NICE_bounded,1,OK,0.0,0.004914999008178711,0.12709977737300143,2.0,"{""nevents"": 9.0, ""ndays_act"": 7.0, ""nchapters"": 12.0}"
HarvardX,2,aligned,0,5354,NICE,bounded+edit,NICE_bounded+edit,1,OK,0.0,0.004914999008178711,0.12709977737300143,2.0,"{""nevents"": 9.0, ""ndays_act"": 7.0, ""nchapters"": 12.0}"
HarvardX,2,aligned,0,5354,MCCE,native,MCCE_native,1,OK,0.0,0.02762460708618164,0.21462142166453035,2.0,"{""nevents"": 25.0, ""ndays_act"": 11.0, ""nchapters"": 12.0}"
HarvardX,2,aligned,0,5354,MCCE,bounded,MCCE_bounded,1,OK,0.0,0.02762460708618164,0.21462142166453035,2.0,"{""nevents"": 25.0, ""ndays_act"": 11.0, ""nchapters"": 12.0}"
HarvardX,2,aligned,0,5354,MCCE,bounded+edit,MCCE_bounded+edit,1,OK,0.0,0.02762460708618164,0.21462142166453035,2.0,"{""nevents"": 25.0, ""ndays_act"": 11.0, ""nchapters"": 12.0}"
HarvardX,2,aligned,0,5364,NICE,native,NICE_native,0,out_of_bounds:nevents;out_of_bounds:ndays_act,0.0,0.004730701446533203,0.06571087216248506,2.0,"{""nevents"": 442.0, ""ndays_act"": 33.0, ""nchapters"": 12.0}"
HarvardX,2,aligned,0,5364,NICE,bounded,NICE_bounded,0,classifier_target_not_met,0.0,0.004730701446533203,0.0,0.0,"{""nevents"": 450.0, ""ndays_act"": 34.0, ""nchapters"": 12.0}"
HarvardX,2,aligned,0,5364,NICE,bounded+edit,NICE_bounded+edit,0,classifier_target_not_met,0.0,0.004730701446533203,0.0,0.0,"{""nevents"": 450.0, ""ndays_act"": 34.0, ""nchapters"": 12.0}"
HarvardX,2,aligned,0,5364,MCCE,native,MCCE_native,0,out_of_bounds:nevents,0.0,0.02596306800842285,0.3333333333333333,1.0,"{""nevents"": 357.0, ""ndays_act"": 34.0, ""nchapters"": 12.0}"
HarvardX,2,aligned,0,5364,MCCE,bounded,MCCE_bounded,1,OK,0.0,0.02596306800842285,0.16606929510155316,2.0,"{""nevents"": 455.0, ""ndays_act"": 38.0, ""nchapters"": 12.0}"
HarvardX,2,aligned,0,5364,MCCE,bounded+edit,MCCE_bounded+edit,1,OK,0.0,0.02596306800842285,0.16606929510155316,2.0,"{""nevents"": 455.0, ""ndays_act"": 38.0, ""nchapters"": 12.0}"
HarvardX,2,aligned,0,5489,NICE,native,NICE_native,0,out_of_bounds:nevents,0.0,0.0047719478607177734,0.1588235294117647,2.0,"{""nevents"": 9.0, ""ndays_act"": 7.0, ""nchapters"": 12.0}"
HarvardX,2,aligned,0,5489,NICE,bounded,NICE_bounded,0,classifier_target_not_met,0.0,0.0047719478607177734,0.1,1.0,"{""nevents"": 49.0, ""ndays_act"": 7.0, ""nchapters"": 12.0}"
HarvardX,2,aligned,0,5489,NICE,bounded+edit,NICE_bounded+edit,0,classifier_target_not_met,0.0,0.0047719478607177734,0.1,1.0,"{""nevents"": 49.0, ""ndays_act"": 7.0, ""nchapters"": 12.0}"
HarvardX,2,aligned,0,5489,MCCE,native,MCCE_native,0,out_of_bounds:nevents,0.0,0.025539636611938477,0.2019607843137255,2.0,"{""nevents"": 25.0, ""ndays_act"": 11.0, ""nchapters"": 12.0}"
HarvardX,2,aligned,0,5489,MCCE,bounded,MCCE_bounded,1,OK,0.0,0.025539636611938477,0.23431372549019608,2.0,"{""nevents"": 61.0, ""ndays_act"": 14.0, ""nchapters"": 12.0}"
HarvardX,2,aligned,0,5489,MCCE,bounded+edit,MCCE_bounded+edit,1,OK,0.0,0.025539636611938477,0.23431372549019608,2.0,"{""nevents"": 61.0, ""ndays_act"": 14.0, ""nchapters"": 12.0}"
HarvardX,2,aligned,0,5525,NICE,native,NICE_native,1,OK,0.0,0.004805564880371094,0.2754378186654844,2.0,"{""nevents"": 66.0, ""ndays_act"": 21.0, ""nchapters"": 7.0}"
HarvardX,2,aligned,0,5525,NICE,bounded,NICE_bounded,1,OK,0.0,0.004805564880371094,0.2754378186654844,2.0,"{""nevents"": 66.0, ""ndays_act"": 21.0, ""nchapters"": 7.0}"
HarvardX,2,aligned,0,5525,NICE,bounded+edit,NICE_bounded+edit,1,OK,0.0,0.004805564880371094,0.2754378186654844,2.0,"{""nevents"": 66.0, ""ndays_act"": 21.0, ""nchapters"": 7.0}"
HarvardX,2,aligned,0,5525,MCCE,native,MCCE_native,1,OK,0.0,0.039913177490234375,0.7768565728219907,3.0,"{""nevents"": 83.0, ""ndays_act"": 25.0, ""nchapters"": 9.0}"
HarvardX,2,aligned,0,5525,MCCE,bounded,MCCE_bounded,1,OK,0.0,0.039913177490234375,0.7768565728219907,3.0,"{""nevents"": 83.0, ""ndays_act"": 25.0, ""nchapters"": 9.0}"
HarvardX,2,aligned,0,5525,MCCE,bounded+edit,MCCE_bounded+edit,1,OK,0.0,0.039913177490234375,0.7768565728219907,3.0,"{""nevents"": 83.0, ""ndays_act"": 25.0, ""nchapters"": 9.0}"
HarvardX,2,aligned,0,5533,NICE,native,NICE_native,1,OK,0.0,0.005837678909301758,0.6014639411725021,3.0,"{""nevents"": 66.0, ""ndays_act"": 21.0, ""nchapters"": 7.0}"
HarvardX,2,aligned,0,5533,NICE,bounded,NICE_bounded,1,OK,0.0,0.005837678909301758,0.6014639411725021,3.0,"{""nevents"": 66.0, ""ndays_act"": 21.0, ""nchapters"": 7.0}"
HarvardX,2,aligned,0,5533,NICE,bounded+edit,NICE_bounded+edit,1,OK,0.0,0.005837678909301758,0.6014639411725021,3.0,"{""nevents"": 66.0, ""ndays_act"": 21.0, ""nchapters"": 7.0}"
HarvardX,2,aligned,0,5533,MCCE,native,MCCE_native,1,OK,0.0,0.040812015533447266,1.0236906609098473,3.0,"{""nevents"": 83.0, ""ndays_act"": 25.0, ""nchapters"": 9.0}"
HarvardX,2,aligned,0,5533,MCCE,bounded,MCCE_bounded,1,OK,0.0,0.040812015533447266,1.0236906609098473,3.0,"{""nevents"": 83.0, ""ndays_act"": 25.0, ""nchapters"": 9.0}"
HarvardX,2,aligned,0,5533,MCCE,bounded+edit,MCCE_bounded+edit,1,OK,0.0,0.040812015533447266,1.0236906609098473,3.0,"{""nevents"": 83.0, ""ndays_act"": 25.0, ""nchapters"": 9.0}"
HarvardX,2,aligned,0,5553,NICE,native,NICE_native,0,out_of_bounds:nevents,0.0,0.004746913909912109,0.18470705064548162,2.0,"{""nevents"": 9.0, ""ndays_act"": 7.0, ""nchapters"": 12.0}"
HarvardX,2,aligned,0,5553,NICE,bounded,NICE_bounded,0,classifier_target_not_met,0.0,0.004746913909912109,0.05263157894736842,1.0,"{""nevents"": 93.0, ""ndays_act"": 7.0, ""nchapters"": 12.0}"
HarvardX,2,aligned,0,5553,NICE,bounded+edit,NICE_bounded+edit,0,classifier_target_not_met,0.0,0.004746913909912109,0.05263157894736842,1.0,"{""nevents"": 93.0, ""ndays_act"": 7.0, ""nchapters"": 12.0}"
HarvardX,2,aligned,0,5553,MCCE,native,MCCE_native,0,out_of_bounds:nevents,0.0,0.026876211166381836,0.22972525653757034,2.0,"{""nevents"": 25.0, ""ndays_act"": 11.0, ""nchapters"": 12.0}"
HarvardX,2,aligned,0,5553,MCCE,bounded,MCCE_bounded,1,OK,0.0,0.026876211166381836,0.2883151274412446,2.0,"{""nevents"": 109.0, ""ndays_act"": 19.0, ""nchapters"": 12.0}"
HarvardX,2,aligned,0,5553,MCCE,bounded+edit,MCCE_bounded+edit,1,OK,0.0,0.026876211166381836,0.2883151274412446,2.0,"{""nevents"": 109.0, ""ndays_act"": 19.0, ""nchapters"": 12.0}"
HarvardX,2,aligned,0,5630,NICE,native,NICE_native,0,out_of_bounds:nevents,0.0,0.00585627555847168,0.41571729957805903,3.0,"{""nevents"": 66.0, ""ndays_act"": 21.0, ""nchapters"": 7.0}"
HarvardX,2,aligned,0,5630,NICE,bounded,NICE_bounded,0,classifier_target_not_met,0.0,0.00585627555847168,0.3666666666666667,2.0,"{""nevents"": 97.0, ""ndays_act"": 21.0, ""nchapters"": 7.0}"
HarvardX,2,aligned,0,5630,NICE,bounded+edit,NICE_bounded+edit,0,classifier_target_not_met,0.0,0.00585627555847168,0.3666666666666667,2.0,"{""nevents"": 97.0, ""ndays_act"": 21.0, ""nchapters"": 7.0}"
HarvardX,2,aligned,0,5630,MCCE,native,MCCE_native,0,out_of_bounds:nevents,0.0,0.04124164581298828,1.1139240506329113,2.0,"{""nevents"": 25.0, ""ndays_act"": 11.0, ""nchapters"": 12.0}"
HarvardX,2,aligned,0,5630,MCCE,bounded,MCCE_bounded,1,OK,0.0,0.04124164581298828,0.9490506329113924,3.0,"{""nevents"": 128.0, ""ndays_act"": 31.0, ""nchapters"": 9.0}"
HarvardX,2,aligned,0,5630,MCCE,bounded+edit,MCCE_bounded+edit,1,OK,0.0,0.04124164581298828,0.9490506329113924,3.0,"{""nevents"": 128.0, ""ndays_act"": 31.0, ""nchapters"": 9.0}"
HarvardX,2,aligned,0,5681,NICE,native,NICE_native,1,OK,0.0,0.0049631595611572266,0.35912531539108494,2.0,"{""nevents"": 66.0, ""ndays_act"": 21.0, ""nchapters"": 7.0}"
HarvardX,2,aligned,0,5681,NICE,bounded,NICE_bounded,1,OK,0.0,0.0049631595611572266,0.35912531539108494,2.0,"{""nevents"": 66.0, ""ndays_act"": 21.0, ""nchapters"": 7.0}"
HarvardX,2,aligned,0,5681,NICE,bounded+edit,NICE_bounded+edit,1,OK,0.0,0.0049631595611572266,0.35912531539108494,2.0,"{""nevents"": 66.0, ""ndays_act"": 21.0, ""nchapters"": 7.0}"
HarvardX,2,aligned,0,5681,MCCE,native,MCCE_native,1,OK,0.0,0.04095196723937988,0.8524810765349033,3.0,"{""nevents"": 83.0, ""ndays_act"": 25.0, ""nchapters"": 9.0}"
HarvardX,2,aligned,0,5681,MCCE,bounded,MCCE_bounded,1,OK,0.0,0.04095196723937988,0.8524810765349033,3.0,"{""nevents"": 83.0, ""ndays_act"": 25.0, ""nchapters"": 9.0}"
HarvardX,2,aligned,0,5681,MCCE,bounded+edit,MCCE_bounded+edit,1,OK,0.0,0.04095196723937988,0.8524810765349033,3.0,"{""nevents"": 83.0, ""ndays_act"": 25.0, ""nchapters"": 9.0}"
HarvardX,2,aligned,0,5699,NICE,native,NICE_native,0,out_of_bounds:nevents,0.0,0.003620147705078125,0.06983655274888559,1.0,"{""nevents"": 9.0, ""ndays_act"": 8.0, ""nchapters"": 12.0}"
HarvardX,2,aligned,0,5699,NICE,bounded,NICE_bounded,0,classifier_target_not_met,0.0,0.003620147705078125,0.0,0.0,"{""nevents"": 56.0, ""ndays_act"": 8.0, ""nchapters"": 12.0}"
HarvardX,2,aligned,0,5699,NICE,bounded+edit,NICE_bounded+edit,0,classifier_target_not_met,0.0,0.003620147705078125,0.0,0.0,"{""nevents"": 56.0, ""ndays_act"": 8.0, ""nchapters"": 12.0}"
HarvardX,2,aligned,0,5699,MCCE,native,MCCE_native,1,OK,0.0,0.027428150177001953,0.16981132075471697,1.0,"{""nevents"": 56.0, ""ndays_act"": 17.0, ""nchapters"": 12.0}"
HarvardX,2,aligned,0,5699,MCCE,bounded,MCCE_bounded,1,OK,0.0,0.027428150177001953,0.16981132075471697,1.0,"{""nevents"": 56.0, ""ndays_act"": 17.0, ""nchapters"": 12.0}"
HarvardX,2,aligned,0,5699,MCCE,bounded+edit,MCCE_bounded+edit,1,OK,0.0,0.027428150177001953,0.16981132075471697,1.0,"{""nevents"": 56.0, ""ndays_act"": 17.0, ""nchapters"": 12.0}"
HarvardX,2,aligned,0,5739,NICE,native,NICE_native,0,immutable_changed:ndays_act,0.0,0.005402803421020508,0.0,0.0,"{""nevents"": 692.0, ""ndays_act"": 88.0, ""nchapters"": 12.0}"
HarvardX,2,aligned,0,5739,NICE,bounded,NICE_bounded,0,classifier_target_not_met,0.0,0.005402803421020508,0.0,0.0,"{""nevents"": 692.0, ""ndays_act"": 86.0, ""nchapters"": 12.0}"
HarvardX,2,aligned,0,5739,NICE,bounded+edit,NICE_bounded+edit,0,classifier_target_not_met,0.0,0.005402803421020508,0.0,0.0,"{""nevents"": 692.0, ""ndays_act"": 86.0, ""nchapters"": 12.0}"
HarvardX,2,aligned,0,5739,MCCE,native,MCCE_native,0,out_of_bounds:nevents,0.0,0.028805017471313477,6.243243243243243,1.0,"{""nevents"": 461.0, ""ndays_act"": 86.0, ""nchapters"": 12.0}"
HarvardX,2,aligned,0,5739,MCCE,bounded,MCCE_bounded,0,no_candidate,,0.028805017471313477,,,
HarvardX,2,aligned,0,5739,MCCE,bounded+edit,MCCE_bounded+edit,0,no_candidate,,0.028805017471313477,,,
HarvardX,2,aligned,0,5842,NICE,native,NICE_native,0,out_of_bounds:nevents,0.0,0.0047643184661865234,0.4952224185000803,2.0,"{""nevents"": 22.0, ""ndays_act"": 10.0, ""nchapters"": 12.0}"
HarvardX,2,aligned,0,5842,NICE,bounded,NICE_bounded,0,classifier_target_not_met,0.0,0.0047643184661865234,0.019230769230769232,1.0,"{""nevents"": 250.0, ""ndays_act"": 10.0, ""nchapters"": 12.0}"
HarvardX,2,aligned,0,5842,NICE,bounded+edit,NICE_bounded+edit,0,classifier_target_not_met,0.0,0.0047643184661865234,0.019230769230769232,1.0,"{""nevents"": 250.0, ""ndays_act"": 10.0, ""nchapters"": 12.0}"
HarvardX,2,aligned,0,5842,MCCE,native,MCCE_native,0,out_of_bounds:nevents,0.0,0.03392815589904785,0.5081901397141481,2.0,"{""nevents"": 25.0, ""ndays_act"": 11.0, ""nchapters"": 12.0}"
HarvardX,2,aligned,0,5842,MCCE,bounded,MCCE_bounded,1,OK,0.0,0.03392815589904785,0.41593062469889197,2.0,"{""nevents"": 265.0, ""ndays_act"": 29.0, ""nchapters"": 12.0}"
HarvardX,2,aligned,0,5842,MCCE,bounded+edit,MCCE_bounded+edit,1,OK,0.0,0.03392815589904785,0.41593062469889197,2.0,"{""nevents"": 265.0, ""ndays_act"": 29.0, ""nchapters"": 12.0}"
HarvardX,2,aligned,0,5844,NICE,native,NICE_native,1,OK,0.0,0.006147861480712891,0.5095201666029155,3.0,"{""nevents"": 66.0, ""ndays_act"": 21.0, ""nchapters"": 7.0}"
HarvardX,2,aligned,0,5844,NICE,bounded,NICE_bounded,1,OK,0.0,0.006147861480712891,0.5095201666029155,3.0,"{""nevents"": 66.0, ""ndays_act"": 21.0, ""nchapters"": 7.0}"
HarvardX,2,aligned,0,5844,NICE,bounded+edit,NICE_bounded+edit,1,OK,0.0,0.006147861480712891,0.5095201666029155,3.0,"{""nevents"": 66.0, ""ndays_act"": 21.0, ""nchapters"": 7.0}"
HarvardX,2,aligned,0,5844,MCCE,native,MCCE_native,1,OK,0.0,0.040645599365234375,0.9394236899145735,3.0,"{""nevents"": 83.0, ""ndays_act"": 25.0, ""nchapters"": 9.0}"
HarvardX,2,aligned,0,5844,MCCE,bounded,MCCE_bounded,1,OK,0.0,0.040645599365234375,0.9394236899145735,3.0,"{""nevents"": 83.0, ""ndays_act"": 25.0, ""nchapters"": 9.0}"
HarvardX,2,aligned,0,5844,MCCE,bounded+edit,MCCE_bounded+edit,1,OK,0.0,0.040645599365234375,0.9394236899145735,3.0,"{""nevents"": 83.0, ""ndays_act"": 25.0, ""nchapters"": 9.0}"
HarvardX,2,aligned,0,5852,NICE,native,NICE_native,1,OK,0.0,0.009521961212158203,0.11234567901234568,2.0,"{""nevents"": 9.0, ""ndays_act"": 7.0, ""nchapters"": 12.0}"
HarvardX,2,aligned,0,5852,NICE,bounded,NICE_bounded,1,OK,0.0,0.009521961212158203,0.11234567901234568,2.0,"{""nevents"": 9.0, ""ndays_act"": 7.0, ""nchapters"": 12.0}"
HarvardX,2,aligned,0,5852,NICE,bounded+edit,NICE_bounded+edit,1,OK,0.0,0.009521961212158203,0.11234567901234568,2.0,"{""nevents"": 9.0, ""ndays_act"": 7.0, ""nchapters"": 12.0}"
HarvardX,2,aligned,0,5852,MCCE,native,MCCE_native,1,OK,0.0,0.03325629234313965,0.200960219478738,2.0,"{""nevents"": 25.0, ""ndays_act"": 11.0, ""nchapters"": 12.0}"
HarvardX,2,aligned,0,5852,MCCE,bounded,MCCE_bounded,1,OK,0.0,0.03325629234313965,0.200960219478738,2.0,"{""nevents"": 25.0, ""ndays_act"": 11.0, ""nchapters"": 12.0}"
HarvardX,2,aligned,0,5852,MCCE,bounded+edit,MCCE_bounded+edit,1,OK,0.0,0.03325629234313965,0.200960219478738,2.0,"{""nevents"": 25.0, ""ndays_act"": 11.0, ""nchapters"": 12.0}"
HarvardX,2,aligned,0,5855,NICE,native,NICE_native,0,out_of_bounds:nevents,0.0,0.0036084651947021484,0.14832535885167464,1.0,"{""nevents"": 9.0, ""ndays_act"": 7.0, ""nchapters"": 12.0}"
HarvardX,2,aligned,0,5855,NICE,bounded,NICE_bounded,0,classifier_target_not_met,0.0,0.0036084651947021484,0.0,0.0,"{""nevents"": 102.0, ""ndays_act"": 7.0, ""nchapters"": 12.0}"
HarvardX,2,aligned,0,5855,NICE,bounded+edit,NICE_bounded+edit,0,classifier_target_not_met,0.0,0.0036084651947021484,0.0,0.0,"{""nevents"": 102.0, ""ndays_act"": 7.0, ""nchapters"": 12.0}"
HarvardX,2,aligned,0,5855,MCCE,native,MCCE_native,1,OK,0.0,0.031171560287475586,0.5925925925925926,1.0,"{""nevents"": 102.0, ""ndays_act"": 39.0, ""nchapters"": 12.0}"
HarvardX,2,aligned,0,5855,MCCE,bounded,MCCE_bounded,1,OK,0.0,0.031171560287475586,0.5925925925925926,1.0,"{""nevents"": 102.0, ""ndays_act"": 39.0, ""nchapters"": 12.0}"
HarvardX,2,aligned,0,5855,MCCE,bounded+edit,MCCE_bounded+edit,1,OK,0.0,0.031171560287475586,0.5925925925925926,1.0,"{""nevents"": 102.0, ""ndays_act"": 39.0, ""nchapters"": 12.0}"
HarvardX,2,aligned,0,5857,NICE,native,NICE_native,0,out_of_bounds:nevents,0.0,0.0048825740814208984,0.16650717703349283,2.0,"{""nevents"": 9.0, ""ndays_act"": 7.0, ""nchapters"": 12.0}"
HarvardX,2,aligned,0,5857,NICE,bounded,NICE_bounded,0,classifier_target_not_met,0.0,0.0048825740814208984,0.01818181818181818,1.0,"{""nevents"": 102.0, ""ndays_act"": 7.0, ""nchapters"": 12.0}"
HarvardX,2,aligned,0,5857,NICE,bounded+edit,NICE_bounded+edit,0,classifier_target_not_met,0.0,0.0048825740814208984,0.01818181818181818,1.0,"{""nevents"": 102.0, ""ndays_act"": 7.0, ""nchapters"": 12.0}"
HarvardX,2,aligned,0,5857,MCCE,native,MCCE_native,1,OK,0.0,0.027849197387695312,0.6,1.0,"{""nevents"": 102.0, ""ndays_act"": 39.0, ""nchapters"": 12.0}"
HarvardX,2,aligned,0,5857,MCCE,bounded,MCCE_bounded,1,OK,0.0,0.027849197387695312,0.6,1.0,"{""nevents"": 102.0, ""ndays_act"": 39.0, ""nchapters"": 12.0}"
HarvardX,2,aligned,0,5857,MCCE,bounded+edit,MCCE_bounded+edit,1,OK,0.0,0.027849197387695312,0.6,1.0,"{""nevents"": 102.0, ""ndays_act"": 39.0, ""nchapters"": 12.0}"
HarvardX,2,aligned,0,5938,NICE,native,NICE_native,0,out_of_bounds:nevents,0.0,0.0035910606384277344,0.034482758620689655,1.0,"{""nevents"": 9.0, ""ndays_act"": 7.0, ""nchapters"": 12.0}"
HarvardX,2,aligned,0,5938,NICE,bounded,NICE_bounded,0,classifier_target_not_met,0.0,0.0035910606384277344,0.0,0.0,"{""nevents"": 33.0, ""ndays_act"": 7.0, ""nchapters"": 12.0}"
HarvardX,2,aligned,0,5938,NICE,bounded+edit,NICE_bounded+edit,0,classifier_target_not_met,0.0,0.0035910606384277344,0.0,0.0,"{""nevents"": 33.0, ""ndays_act"": 7.0, ""nchapters"": 12.0}"
HarvardX,2,aligned,0,5938,MCCE,native,MCCE_native,1,OK,0.0,0.027103185653686523,0.18518518518518517,1.0,"{""nevents"": 33.0, ""ndays_act"": 17.0, ""nchapters"": 12.0}"
HarvardX,2,aligned,0,5938,MCCE,bounded,MCCE_bounded,1,OK,0.0,0.027103185653686523,0.18518518518518517,1.0,"{""nevents"": 33.0, ""ndays_act"": 17.0, ""nchapters"": 12.0}"
HarvardX,2,aligned,0,5938,MCCE,bounded+edit,MCCE_bounded+edit,1,OK,0.0,0.027103185653686523,0.18518518518518517,1.0,"{""nevents"": 33.0, ""ndays_act"": 17.0, ""nchapters"": 12.0}"
HarvardX,2,aligned,0,5981,NICE,native,NICE_native,1,OK,0.0,0.004804134368896484,0.3396274044529712,2.0,"{""nevents"": 66.0, ""ndays_act"": 21.0, ""nchapters"": 7.0}"
HarvardX,2,aligned,0,5981,NICE,bounded,NICE_bounded,1,OK,0.0,0.004804134368896484,0.3396274044529712,2.0,"{""nevents"": 66.0, ""ndays_act"": 21.0, ""nchapters"": 7.0}"
HarvardX,2,aligned,0,5981,NICE,bounded+edit,NICE_bounded+edit,1,OK,0.0,0.004804134368896484,0.3396274044529712,2.0,"{""nevents"": 66.0, ""ndays_act"": 21.0, ""nchapters"": 7.0}"
HarvardX,2,aligned,0,5981,MCCE,native,MCCE_native,1,OK,0.0,0.10303926467895508,0.8334831120311001,3.0,"{""nevents"": 83.0, ""ndays_act"": 25.0, ""nchapters"": 9.0}"
HarvardX,2,aligned,0,5981,MCCE,bounded,MCCE_bounded,1,OK,0.0,0.10303926467895508,0.8334831120311001,3.0,"{""nevents"": 83.0, ""ndays_act"": 25.0, ""nchapters"": 9.0}"
HarvardX,2,aligned,0,5981,MCCE,bounded+edit,MCCE_bounded+edit,1,OK,0.0,0.10303926467895508,0.8334831120311001,3.0,"{""nevents"": 83.0, ""ndays_act"": 25.0, ""nchapters"": 9.0}"
HarvardX,2,aligned,0,6014,NICE,native,NICE_native,0,out_of_bounds:nevents,0.0,0.004651308059692383,0.30358476474981333,2.0,"{""nevents"": 66.0, ""ndays_act"": 21.0, ""nchapters"": 7.0}"
HarvardX,2,aligned,0,6014,NICE,bounded,NICE_bounded,0,classifier_target_not_met,0.0,0.004651308059692383,0.23076923076923078,1.0,"{""nevents"": 111.0, ""ndays_act"": 21.0, ""nchapters"": 7.0}"
HarvardX,2,aligned,0,6014,NICE,bounded+edit,NICE_bounded+edit,0,classifier_target_not_met,0.0,0.004651308059692383,0.23076923076923078,1.0,"{""nevents"": 111.0, ""ndays_act"": 21.0, ""nchapters"": 7.0}"
HarvardX,2,aligned,0,6014,MCCE,native,MCCE_native,0,out_of_bounds:nevents,0.0,0.040971994400024414,0.7529997510580035,3.0,"{""nevents"": 83.0, ""ndays_act"": 25.0, ""nchapters"": 9.0}"
HarvardX,2,aligned,0,6014,MCCE,bounded,MCCE_bounded,1,OK,0.0,0.040971994400024414,0.8505850136918098,3.0,"{""nevents"": 128.0, ""ndays_act"": 31.0, ""nchapters"": 9.0}"
HarvardX,2,aligned,0,6014,MCCE,bounded+edit,MCCE_bounded+edit,1,OK,0.0,0.040971994400024414,0.8505850136918098,3.0,"{""nevents"": 128.0, ""ndays_act"": 31.0, ""nchapters"": 9.0}"
HarvardX,2,aligned,0,6032,NICE,native,NICE_native,1,OK,0.0,0.0048770904541015625,0.41885057471264364,2.0,"{""nevents"": 66.0, ""ndays_act"": 21.0, ""nchapters"": 7.0}"
HarvardX,2,aligned,0,6032,NICE,bounded,NICE_bounded,1,OK,0.0,0.0048770904541015625,0.41885057471264364,2.0,"{""nevents"": 66.0, ""ndays_act"": 21.0, ""nchapters"": 7.0}"
HarvardX,2,aligned,0,6032,NICE,bounded+edit,NICE_bounded+edit,1,OK,0.0,0.0048770904541015625,0.41885057471264364,2.0,"{""nevents"": 66.0, ""ndays_act"": 21.0, ""nchapters"": 7.0}"
HarvardX,2,aligned,0,6032,MCCE,native,MCCE_native,1,OK,0.0,0.03985595703125,0.9089655172413794,3.0,"{""nevents"": 83.0, ""ndays_act"": 25.0, ""nchapters"": 9.0}"
HarvardX,2,aligned,0,6032,MCCE,bounded,MCCE_bounded,1,OK,0.0,0.03985595703125,0.9089655172413794,3.0,"{""nevents"": 83.0, ""ndays_act"": 25.0, ""nchapters"": 9.0}"
HarvardX,2,aligned,0,6032,MCCE,bounded+edit,MCCE_bounded+edit,1,OK,0.0,0.03985595703125,0.9089655172413794,3.0,"{""nevents"": 83.0, ""ndays_act"": 25.0, ""nchapters"": 9.0}"
HarvardX,2,aligned,0,6096,NICE,native,NICE_native,0,out_of_bounds:nevents,0.0,0.004895448684692383,0.16443284424379231,2.0,"{""nevents"": 227.0, ""ndays_act"": 30.0, ""nchapters"": 9.0}"
HarvardX,2,aligned,0,6096,NICE,bounded,NICE_bounded,0,classifier_target_not_met,0.0,0.004895448684692383,0.03125,1.0,"{""nevents"": 286.0, ""ndays_act"": 30.0, ""nchapters"": 9.0}"
HarvardX,2,aligned,0,6096,NICE,bounded+edit,NICE_bounded+edit,0,classifier_target_not_met,0.0,0.004895448684692383,0.03125,1.0,"{""nevents"": 286.0, ""ndays_act"": 30.0, ""nchapters"": 9.0}"
HarvardX,2,aligned,0,6096,MCCE,native,MCCE_native,0,out_of_bounds:nevents,0.0,0.0399169921875,0.41915914221218964,2.0,"{""nevents"": 128.0, ""ndays_act"": 31.0, ""nchapters"": 9.0}"
HarvardX,2,aligned,0,6096,MCCE,bounded,MCCE_bounded,1,OK,0.0,0.0399169921875,0.8494873965387508,3.0,"{""nevents"": 307.0, ""ndays_act"": 44.0, ""nchapters"": 10.0}"
HarvardX,2,aligned,0,6096,MCCE,bounded+edit,MCCE_bounded+edit,1,OK,0.0,0.0399169921875,0.8494873965387508,3.0,"{""nevents"": 307.0, ""ndays_act"": 44.0, ""nchapters"": 10.0}"
HarvardX,2,aligned,0,6128,NICE,native,NICE_native,0,out_of_bounds:nevents,0.0,0.004686832427978516,0.370633242726266,2.0,"{""nevents"": 128.0, ""ndays_act"": 21.0, ""nchapters"": 9.0}"
HarvardX,2,aligned,0,6128,NICE,bounded,NICE_bounded,0,classifier_target_not_met,0.0,0.004686832427978516,0.06976744186046512,1.0,"{""nevents"": 267.0, ""ndays_act"": 21.0, ""nchapters"": 9.0}"
HarvardX,2,aligned,0,6128,NICE,bounded+edit,NICE_bounded+edit,0,classifier_target_not_met,0.0,0.004686832427978516,0.06976744186046512,1.0,"{""nevents"": 267.0, ""ndays_act"": 21.0, ""nchapters"": 9.0}"
HarvardX,2,aligned,0,6128,MCCE,native,MCCE_native,0,out_of_bounds:nevents,0.0,0.046692609786987305,0.5610590959428169,2.0,"{""nevents"": 83.0, ""ndays_act"": 25.0, ""nchapters"": 9.0}"
HarvardX,2,aligned,0,6128,MCCE,bounded,MCCE_bounded,1,OK,0.0,0.046692609786987305,1.0245645827041174,3.0,"{""nevents"": 307.0, ""ndays_act"": 44.0, ""nchapters"": 10.0}"
HarvardX,2,aligned,0,6128,MCCE,bounded+edit,MCCE_bounded+edit,1,OK,0.0,0.046692609786987305,1.0245645827041174,3.0,"{""nevents"": 307.0, ""ndays_act"": 44.0, ""nchapters"": 10.0}"
HarvardX,2,aligned,0,6176,NICE,native,NICE_native,0,out_of_bounds:nevents,0.0,0.0035042762756347656,0.043568464730290454,1.0,"{""nevents"": 226.0, ""ndays_act"": 26.0, ""nchapters"": 12.0}"
HarvardX,2,aligned,0,6176,NICE,bounded,NICE_bounded,0,classifier_target_not_met,0.0,0.0035042762756347656,0.0,0.0,"{""nevents"": 247.0, ""ndays_act"": 26.0, ""nchapters"": 12.0}"
HarvardX,2,aligned,0,6176,NICE,bounded+edit,NICE_bounded+edit,0,classifier_target_not_met,0.0,0.0035042762756347656,0.0,0.0,"{""nevents"": 247.0, ""ndays_act"": 26.0, ""nchapters"": 12.0}"
HarvardX,2,aligned,0,6176,MCCE,native,MCCE_native,0,out_of_bounds:nevents,0.0,0.03638648986816406,0.1887966804979253,1.0,"{""nevents"": 156.0, ""ndays_act"": 26.0, ""nchapters"": 12.0}"
HarvardX,2,aligned,0,6176,MCCE,bounded,MCCE_bounded,1,OK,0.0,0.03638648986816406,0.12305868405453468,2.0,"{""nevents"": 265.0, ""ndays_act"": 29.0, ""nchapters"": 12.0}"
HarvardX,2,aligned,0,6176,MCCE,bounded+edit,MCCE_bounded+edit,1,OK,0.0,0.03638648986816406,0.12305868405453468,2.0,"{""nevents"": 265.0, ""ndays_act"": 29.0, ""nchapters"": 12.0}"
HarvardX,2,aligned,0,6198,NICE,native,NICE_native,1,OK,0.0,0.004909038543701172,0.351316475171849,2.0,"{""nevents"": 66.0, ""ndays_act"": 21.0, ""nchapters"": 7.0}"
HarvardX,2,aligned,0,6198,NICE,bounded,NICE_bounded,1,OK,0.0,0.004909038543701172,0.351316475171849,2.0,"{""nevents"": 66.0, ""ndays_act"": 21.0, ""nchapters"": 7.0}"
HarvardX,2,aligned,0,6198,NICE,bounded+edit,NICE_bounded+edit,1,OK,0.0,0.004909038543701172,0.351316475171849,2.0,"{""nevents"": 66.0, ""ndays_act"": 21.0, ""nchapters"": 7.0}"
HarvardX,2,aligned,0,6198,MCCE,native,MCCE_native,1,OK,0.0,0.04424428939819336,0.8440032756780902,3.0,"{""nevents"": 83.0, ""ndays_act"": 25.0, ""nchapters"": 9.0}"
HarvardX,2,aligned,0,6198,MCCE,bounded,MCCE_bounded,1,OK,0.0,0.04424428939819336,0.8440032756780902,3.0,"{""nevents"": 83.0, ""ndays_act"": 25.0, ""nchapters"": 9.0}"
HarvardX,2,aligned,0,6198,MCCE,bounded+edit,MCCE_bounded+edit,1,OK,0.0,0.04424428939819336,0.8440032756780902,3.0,"{""nevents"": 83.0, ""ndays_act"": 25.0, ""nchapters"": 9.0}"
HarvardX,2,aligned,0,6249,NICE,native,NICE_native,1,OK,0.0,0.005767822265625,0.4884763455029325,3.0,"{""nevents"": 66.0, ""ndays_act"": 21.0, ""nchapters"": 7.0}"
HarvardX,2,aligned,0,6249,NICE,bounded,NICE_bounded,1,OK,0.0,0.005767822265625,0.4884763455029325,3.0,"{""nevents"": 66.0, ""ndays_act"": 21.0, ""nchapters"": 7.0}"
HarvardX,2,aligned,0,6249,NICE,bounded+edit,NICE_bounded+edit,1,OK,0.0,0.005767822265625,0.4884763455029325,3.0,"{""nevents"": 66.0, ""ndays_act"": 21.0, ""nchapters"": 7.0}"
HarvardX,2,aligned,0,6249,MCCE,native,MCCE_native,1,OK,0.0,0.04026198387145996,0.917021936284009,3.0,"{""nevents"": 83.0, ""ndays_act"": 25.0, ""nchapters"": 9.0}"
HarvardX,2,aligned,0,6249,MCCE,bounded,MCCE_bounded,1,OK,0.0,0.04026198387145996,0.917021936284009,3.0,"{""nevents"": 83.0, ""ndays_act"": 25.0, ""nchapters"": 9.0}"
HarvardX,2,aligned,0,6249,MCCE,bounded+edit,MCCE_bounded+edit,1,OK,0.0,0.04026198387145996,0.917021936284009,3.0,"{""nevents"": 83.0, ""ndays_act"": 25.0, ""nchapters"": 9.0}"
HarvardX,2,aligned,0,6276,NICE,native,NICE_native,1,OK,0.0,0.006702423095703125,0.3161582635266846,2.0,"{""nevents"": 66.0, ""ndays_act"": 21.0, ""nchapters"": 7.0}"
HarvardX,2,aligned,0,6276,NICE,bounded,NICE_bounded,1,OK,0.0,0.006702423095703125,0.3161582635266846,2.0,"{""nevents"": 66.0, ""ndays_act"": 21.0, ""nchapters"": 7.0}"
HarvardX,2,aligned,0,6276,NICE,bounded+edit,NICE_bounded+edit,1,OK,0.0,0.006702423095703125,0.3161582635266846,2.0,"{""nevents"": 66.0, ""ndays_act"": 21.0, ""nchapters"": 7.0}"
HarvardX,2,aligned,0,6276,MCCE,native,MCCE_native,0,out_of_bounds:nevents,0.0,0.04207754135131836,1.0241820768136558,2.0,"{""nevents"": 9.0, ""ndays_act"": 7.0, ""nchapters"": 12.0}"
HarvardX,2,aligned,0,6276,MCCE,bounded,MCCE_bounded,1,OK,0.0,0.04207754135131836,0.8144144144144144,3.0,"{""nevents"": 83.0, ""ndays_act"": 25.0, ""nchapters"": 9.0}"
HarvardX,2,aligned,0,6276,MCCE,bounded+edit,MCCE_bounded+edit,1,OK,0.0,0.04207754135131836,0.8144144144144144,3.0,"{""nevents"": 83.0, ""ndays_act"": 25.0, ""nchapters"": 9.0}"
HarvardX,2,aligned,0,6297,NICE,native,NICE_native,1,OK,0.0,0.0046253204345703125,0.17765184735433673,2.0,"{""nevents"": 10.0, ""ndays_act"": 10.0, ""nchapters"": 10.0}"
HarvardX,2,aligned,0,6297,NICE,bounded,NICE_bounded,1,OK,0.0,0.0046253204345703125,0.17765184735433673,2.0,"{""nevents"": 10.0, ""ndays_act"": 10.0, ""nchapters"": 10.0}"
HarvardX,2,aligned,0,6297,NICE,bounded+edit,NICE_bounded+edit,1,OK,0.0,0.0046253204345703125,0.17765184735433673,2.0,"{""nevents"": 10.0, ""ndays_act"": 10.0, ""nchapters"": 10.0}"
HarvardX,2,aligned,0,6297,MCCE,native,MCCE_native,1,OK,0.0,0.04128575325012207,0.3705277833996717,2.0,"{""nevents"": 55.0, ""ndays_act"": 18.0, ""nchapters"": 10.0}"
HarvardX,2,aligned,0,6297,MCCE,bounded,MCCE_bounded,1,OK,0.0,0.04128575325012207,0.3705277833996717,2.0,"{""nevents"": 55.0, ""ndays_act"": 18.0, ""nchapters"": 10.0}"
HarvardX,2,aligned,0,6297,MCCE,bounded+edit,MCCE_bounded+edit,1,OK,0.0,0.04128575325012207,0.3705277833996717,2.0,"{""nevents"": 55.0, ""ndays_act"": 18.0, ""nchapters"": 10.0}"
HarvardX,2,aligned,0,6334,NICE,native,NICE_native,1,OK,0.0,0.003575563430786133,0.23076923076923078,1.0,"{""nevents"": 108.0, ""ndays_act"": 21.0, ""nchapters"": 9.0}"
HarvardX,2,aligned,0,6334,NICE,bounded,NICE_bounded,1,OK,0.0,0.003575563430786133,0.23076923076923078,1.0,"{""nevents"": 108.0, ""ndays_act"": 21.0, ""nchapters"": 9.0}"
HarvardX,2,aligned,0,6334,NICE,bounded+edit,NICE_bounded+edit,1,OK,0.0,0.003575563430786133,0.23076923076923078,1.0,"{""nevents"": 108.0, ""ndays_act"": 21.0, ""nchapters"": 9.0}"
HarvardX,2,aligned,0,6334,MCCE,native,MCCE_native,0,out_of_bounds:nevents,0.0,0.04178452491760254,0.34794995664560885,2.0,"{""nevents"": 83.0, ""ndays_act"": 25.0, ""nchapters"": 9.0}"
HarvardX,2,aligned,0,6334,MCCE,bounded,MCCE_bounded,1,OK,0.0,0.04178452491760254,0.45528304223956395,2.0,"{""nevents"": 128.0, ""ndays_act"": 31.0, ""nchapters"": 9.0}"
HarvardX,2,aligned,0,6334,MCCE,bounded+edit,MCCE_bounded+edit,1,OK,0.0,0.04178452491760254,0.45528304223956395,2.0,"{""nevents"": 128.0, ""ndays_act"": 31.0, ""nchapters"": 9.0}"
HarvardX,2,aligned,0,6338,NICE,native,NICE_native,1,OK,0.0,0.004763364791870117,0.3018207282913165,2.0,"{""nevents"": 52.0, ""ndays_act"": 19.0, ""nchapters"": 8.0}"
HarvardX,2,aligned,0,6338,NICE,bounded,NICE_bounded,1,OK,0.0,0.004763364791870117,0.3018207282913165,2.0,"{""nevents"": 52.0, ""ndays_act"": 19.0, ""nchapters"": 8.0}"
HarvardX,2,aligned,0,6338,NICE,bounded+edit,NICE_bounded+edit,1,OK,0.0,0.004763364791870117,0.3018207282913165,2.0,"{""nevents"": 52.0, ""ndays_act"": 19.0, ""nchapters"": 8.0}"
HarvardX,2,aligned,0,6338,MCCE,native,MCCE_native,1,OK,0.0,0.04162001609802246,0.7023809523809523,3.0,"{""nevents"": 83.0, ""ndays_act"": 25.0, ""nchapters"": 9.0}"
HarvardX,2,aligned,0,6338,MCCE,bounded,MCCE_bounded,1,OK,0.0,0.04162001609802246,0.7023809523809523,3.0,"{""nevents"": 83.0, ""ndays_act"": 25.0, ""nchapters"": 9.0}"
HarvardX,2,aligned,0,6338,MCCE,bounded+edit,MCCE_bounded+edit,1,OK,0.0,0.04162001609802246,0.7023809523809523,3.0,"{""nevents"": 83.0, ""ndays_act"": 25.0, ""nchapters"": 9.0}"
HarvardX,2,aligned,0,6354,NICE,native,NICE_native,1,OK,0.0,0.004587411880493164,0.2460365647979491,2.0,"{""nevents"": 24.0, ""ndays_act"": 13.0, ""nchapters"": 11.0}"
HarvardX,2,aligned,0,6354,NICE,bounded,NICE_bounded,1,OK,0.0,0.004587411880493164,0.2460365647979491,2.0,"{""nevents"": 24.0, ""ndays_act"": 13.0, ""nchapters"": 11.0}"
HarvardX,2,aligned,0,6354,NICE,bounded+edit,NICE_bounded+edit,1,OK,0.0,0.004587411880493164,0.2460365647979491,2.0,"{""nevents"": 24.0, ""ndays_act"": 13.0, ""nchapters"": 11.0}"
HarvardX,2,aligned,0,6354,MCCE,native,MCCE_native,1,OK,0.0,0.04272270202636719,0.5977647349839214,2.0,"{""nevents"": 137.0, ""ndays_act"": 25.0, ""nchapters"": 11.0}"
HarvardX,2,aligned,0,6354,MCCE,bounded,MCCE_bounded,1,OK,0.0,0.04272270202636719,0.5977647349839214,2.0,"{""nevents"": 137.0, ""ndays_act"": 25.0, ""nchapters"": 11.0}"
HarvardX,2,aligned,0,6354,MCCE,bounded+edit,MCCE_bounded+edit,1,OK,0.0,0.04272270202636719,0.5977647349839214,2.0,"{""nevents"": 137.0, ""ndays_act"": 25.0, ""nchapters"": 11.0}"
HarvardX,2,aligned,0,6368,NICE,native,NICE_native,1,OK,0.0,0.004788875579833984,0.07780602706946833,2.0,"{""nevents"": 112.0, ""ndays_act"": 21.0, ""nchapters"": 9.0}"
HarvardX,2,aligned,0,6368,NICE,bounded,NICE_bounded,1,OK,0.0,0.004788875579833984,0.07780602706946833,2.0,"{""nevents"": 112.0, ""ndays_act"": 21.0, ""nchapters"": 9.0}"
HarvardX,2,aligned,0,6368,NICE,bounded+edit,NICE_bounded+edit,1,OK,0.0,0.004788875579833984,0.07780602706946833,2.0,"{""nevents"": 112.0, ""ndays_act"": 21.0, ""nchapters"": 9.0}"
HarvardX,2,aligned,0,6368,MCCE,native,MCCE_native,0,out_of_bounds:nevents,0.0,0.04277682304382324,0.20137590667763405,2.0,"{""nevents"": 83.0, ""ndays_act"": 25.0, ""nchapters"": 9.0}"
HarvardX,2,aligned,0,6368,MCCE,bounded,MCCE_bounded,1,OK,0.0,0.04277682304382324,0.3360876392731623,2.0,"{""nevents"": 128.0, ""ndays_act"": 31.0, ""nchapters"": 9.0}"
HarvardX,2,aligned,0,6368,MCCE,bounded+edit,MCCE_bounded+edit,1,OK,0.0,0.04277682304382324,0.3360876392731623,2.0,"{""nevents"": 128.0, ""ndays_act"": 31.0, ""nchapters"": 9.0}"
HarvardX,2,aligned,0,6378,NICE,native,NICE_native,0,out_of_bounds:nevents,0.0,0.005294084548950195,0.09840487615095318,2.0,"{""nevents"": 10.0, ""ndays_act"": 10.0, ""nchapters"": 10.0}"
HarvardX,2,aligned,0,6378,NICE,bounded,NICE_bounded,0,classifier_target_not_met,0.0,0.005294084548950195,0.07272727272727272,1.0,"{""nevents"": 28.0, ""ndays_act"": 10.0, ""nchapters"": 10.0}"
HarvardX,2,aligned,0,6378,NICE,bounded+edit,NICE_bounded+edit,0,classifier_target_not_met,0.0,0.005294084548950195,0.07272727272727272,1.0,"{""nevents"": 28.0, ""ndays_act"": 10.0, ""nchapters"": 10.0}"
HarvardX,2,aligned,0,6378,MCCE,native,MCCE_native,1,OK,0.0,0.04204297065734863,0.2566982233173388,2.0,"{""nevents"": 55.0, ""ndays_act"": 18.0, ""nchapters"": 10.0}"
HarvardX,2,aligned,0,6378,MCCE,bounded,MCCE_bounded,1,OK,0.0,0.04204297065734863,0.2566982233173388,2.0,"{""nevents"": 55.0, ""ndays_act"": 18.0, ""nchapters"": 10.0}"
HarvardX,2,aligned,0,6378,MCCE,bounded+edit,MCCE_bounded+edit,1,OK,0.0,0.04204297065734863,0.2566982233173388,2.0,"{""nevents"": 55.0, ""ndays_act"": 18.0, ""nchapters"": 10.0}"
HarvardX,2,aligned,0,6390,NICE,native,NICE_native,1,OK,0.0,0.004702568054199219,0.3828059996851739,2.0,"{""nevents"": 52.0, ""ndays_act"": 19.0, ""nchapters"": 8.0}"
HarvardX,2,aligned,0,6390,NICE,bounded,NICE_bounded,1,OK,0.0,0.004702568054199219,0.3828059996851739,2.0,"{""nevents"": 52.0, ""ndays_act"": 19.0, ""nchapters"": 8.0}"
HarvardX,2,aligned,0,6390,NICE,bounded+edit,NICE_bounded+edit,1,OK,0.0,0.004702568054199219,0.3828059996851739,2.0,"{""nevents"": 52.0, ""ndays_act"": 19.0, ""nchapters"": 8.0}"
HarvardX,2,aligned,0,6390,MCCE,native,MCCE_native,1,OK,0.0,0.04175090789794922,0.7736906609098473,3.0,"{""nevents"": 83.0, ""ndays_act"": 25.0, ""nchapters"": 9.0}"
HarvardX,2,aligned,0,6390,MCCE,bounded,MCCE_bounded,1,OK,0.0,0.04175090789794922,0.7736906609098473,3.0,"{""nevents"": 83.0, ""ndays_act"": 25.0, ""nchapters"": 9.0}"
HarvardX,2,aligned,0,6390,MCCE,bounded+edit,MCCE_bounded+edit,1,OK,0.0,0.04175090789794922,0.7736906609098473,3.0,"{""nevents"": 83.0, ""ndays_act"": 25.0, ""nchapters"": 9.0}"
HarvardX,2,aligned,0,6391,NICE,native,NICE_native,0,out_of_bounds:nevents,0.0,0.004675626754760742,0.30776123518059,2.0,"{""nevents"": 10.0, ""ndays_act"": 10.0, ""nchapters"": 10.0}"
HarvardX,2,aligned,0,6391,NICE,bounded,NICE_bounded,0,classifier_target_not_met,0.0,0.004675626754760742,0.019230769230769232,1.0,"{""nevents"": 171.0, ""ndays_act"": 10.0, ""nchapters"": 10.0}"
HarvardX,2,aligned,0,6391,NICE,bounded+edit,NICE_bounded+edit,0,classifier_target_not_met,0.0,0.004675626754760742,0.019230769230769232,1.0,"{""nevents"": 171.0, ""ndays_act"": 10.0, ""nchapters"": 10.0}"
HarvardX,2,aligned,0,6391,MCCE,native,MCCE_native,0,out_of_bounds:nevents,0.0,0.04184746742248535,0.3809622277364213,2.0,"{""nevents"": 55.0, ""ndays_act"": 18.0, ""nchapters"": 10.0}"
HarvardX,2,aligned,0,6391,MCCE,bounded,MCCE_bounded,1,OK,0.0,0.04184746742248535,0.53584229390681,2.0,"{""nevents"": 191.0, ""ndays_act"": 35.0, ""nchapters"": 10.0}"
HarvardX,2,aligned,0,6391,MCCE,bounded+edit,MCCE_bounded+edit,1,OK,0.0,0.04184746742248535,0.53584229390681,2.0,"{""nevents"": 191.0, ""ndays_act"": 35.0, ""nchapters"": 10.0}"
HarvardX,2,aligned,0,6421,NICE,native,NICE_native,1,OK,0.0,0.00489354133605957,0.12709977737300143,2.0,"{""nevents"": 9.0, ""ndays_act"": 7.0, ""nchapters"": 12.0}"
HarvardX,2,aligned,0,6421,NICE,bounded,NICE_bounded,1,OK,0.0,0.00489354133605957,0.12709977737300143,2.0,"{""nevents"": 9.0, ""ndays_act"": 7.0, ""nchapters"": 12.0}"
HarvardX,2,aligned,0,6421,NICE,bounded+edit,NICE_bounded+edit,1,OK,0.0,0.00489354133605957,0.12709977737300143,2.0,"{""nevents"": 9.0, ""ndays_act"": 7.0, ""nchapters"": 12.0}"
HarvardX,2,aligned,0,6421,MCCE,native,MCCE_native,1,OK,0.0,0.025861024856567383,0.21462142166453035,2.0,"{""nevents"": 25.0, ""ndays_act"": 11.0, ""nchapters"": 12.0}"
HarvardX,2,aligned,0,6421,MCCE,bounded,MCCE_bounded,1,OK,0.0,0.025861024856567383,0.21462142166453035,2.0,"{""nevents"": 25.0, ""ndays_act"": 11.0, ""nchapters"": 12.0}"
HarvardX,2,aligned,0,6421,MCCE,bounded+edit,MCCE_bounded+edit,1,OK,0.0,0.025861024856567383,0.21462142166453035,2.0,"{""nevents"": 25.0, ""ndays_act"": 11.0, ""nchapters"": 12.0}"
HarvardX,2,aligned,0,6428,NICE,native,NICE_native,1,OK,0.0,0.003549337387084961,0.3103448275862069,1.0,"{""nevents"": 50.0, ""ndays_act"": 21.0, ""nchapters"": 9.0}"
HarvardX,2,aligned,0,6428,NICE,bounded,NICE_bounded,1,OK,0.0,0.003549337387084961,0.3103448275862069,1.0,"{""nevents"": 50.0, ""ndays_act"": 21.0, ""nchapters"": 9.0}"
HarvardX,2,aligned,0,6428,NICE,bounded+edit,NICE_bounded+edit,1,OK,0.0,0.003549337387084961,0.3103448275862069,1.0,"{""nevents"": 50.0, ""ndays_act"": 21.0, ""nchapters"": 9.0}"
HarvardX,2,aligned,0,6428,MCCE,native,MCCE_native,1,OK,0.0,0.04062390327453613,0.4279112284800162,2.0,"{""nevents"": 83.0, ""ndays_act"": 25.0, ""nchapters"": 9.0}"
HarvardX,2,aligned,0,6428,MCCE,bounded,MCCE_bounded,1,OK,0.0,0.04062390327453613,0.4279112284800162,2.0,"{""nevents"": 83.0, ""ndays_act"": 25.0, ""nchapters"": 9.0}"
HarvardX,2,aligned,0,6428,MCCE,bounded+edit,MCCE_bounded+edit,1,OK,0.0,0.04062390327453613,0.4279112284800162,2.0,"{""nevents"": 83.0, ""ndays_act"": 25.0, ""nchapters"": 9.0}"
HarvardX,2,aligned,0,6490,NICE,native,NICE_native,1,OK,0.0,0.005825996398925781,0.5415577078288942,3.0,"{""nevents"": 66.0, ""ndays_act"": 21.0, ""nchapters"": 7.0}"
HarvardX,2,aligned,0,6490,NICE,bounded,NICE_bounded,1,OK,0.0,0.005825996398925781,0.5415577078288942,3.0,"{""nevents"": 66.0, ""ndays_act"": 21.0, ""nchapters"": 7.0}"
HarvardX,2,aligned,0,6490,NICE,bounded+edit,NICE_bounded+edit,1,OK,0.0,0.005825996398925781,0.5415577078288942,3.0,"{""nevents"": 66.0, ""ndays_act"": 21.0, ""nchapters"": 7.0}"
HarvardX,2,aligned,0,6490,MCCE,native,MCCE_native,1,OK,0.0,0.041648149490356445,0.9669733656174334,3.0,"{""nevents"": 83.0, ""ndays_act"": 25.0, ""nchapters"": 9.0}"
HarvardX,2,aligned,0,6490,MCCE,bounded,MCCE_bounded,1,OK,0.0,0.041648149490356445,0.9669733656174334,3.0,"{""nevents"": 83.0, ""ndays_act"": 25.0, ""nchapters"": 9.0}"
HarvardX,2,aligned,0,6490,MCCE,bounded+edit,MCCE_bounded+edit,1,OK,0.0,0.041648149490356445,0.9669733656174334,3.0,"{""nevents"": 83.0, ""ndays_act"": 25.0, ""nchapters"": 9.0}"
HarvardX,2,aligned,0,6499,NICE,native,NICE_native,1,OK,0.0,0.0034894943237304688,0.1111111111111111,1.0,"{""nevents"": 56.0, ""ndays_act"": 21.0, ""nchapters"": 9.0}"
HarvardX,2,aligned,0,6499,NICE,bounded,NICE_bounded,1,OK,0.0,0.0034894943237304688,0.1111111111111111,1.0,"{""nevents"": 56.0, ""ndays_act"": 21.0, ""nchapters"": 9.0}"
HarvardX,2,aligned,0,6499,NICE,bounded+edit,NICE_bounded+edit,1,OK,0.0,0.0034894943237304688,0.1111111111111111,1.0,"{""nevents"": 56.0, ""ndays_act"": 21.0, ""nchapters"": 9.0}"
HarvardX,2,aligned,0,6499,MCCE,native,MCCE_native,1,OK,0.0,0.04193711280822754,0.24011887072808322,2.0,"{""nevents"": 83.0, ""ndays_act"": 25.0, ""nchapters"": 9.0}"
HarvardX,2,aligned,0,6499,MCCE,bounded,MCCE_bounded,1,OK,0.0,0.04193711280822754,0.24011887072808322,2.0,"{""nevents"": 83.0, ""ndays_act"": 25.0, ""nchapters"": 9.0}"
HarvardX,2,aligned,0,6499,MCCE,bounded+edit,MCCE_bounded+edit,1,OK,0.0,0.04193711280822754,0.24011887072808322,2.0,"{""nevents"": 83.0, ""ndays_act"": 25.0, ""nchapters"": 9.0}"
HarvardX,2,aligned,0,6531,NICE,native,NICE_native,0,out_of_bounds:nevents,0.0,0.00457453727722168,0.17573808827828122,2.0,"{""nevents"": 9.0, ""ndays_act"": 7.0, ""nchapters"": 12.0}"
HarvardX,2,aligned,0,6531,NICE,bounded,NICE_bounded,0,classifier_target_not_met,0.0,0.00457453727722168,0.01818181818181818,1.0,"{""nevents"": 107.0, ""ndays_act"": 7.0, ""nchapters"": 12.0}"
HarvardX,2,aligned,0,6531,NICE,bounded+edit,NICE_bounded+edit,0,classifier_target_not_met,0.0,0.00457453727722168,0.01818181818181818,1.0,"{""nevents"": 107.0, ""ndays_act"": 7.0, ""nchapters"": 12.0}"
HarvardX,2,aligned,0,6531,MCCE,native,MCCE_native,0,out_of_bounds:nevents,0.0,0.026065826416015625,0.22274188833674363,2.0,"{""nevents"": 25.0, ""ndays_act"": 11.0, ""nchapters"": 12.0}"
HarvardX,2,aligned,0,6531,MCCE,bounded,MCCE_bounded,1,OK,0.0,0.026065826416015625,0.23957907044723764,2.0,"{""nevents"": 109.0, ""ndays_act"": 19.0, ""nchapters"": 12.0}"
HarvardX,2,aligned,0,6531,MCCE,bounded+edit,MCCE_bounded+edit,1,OK,0.0,0.026065826416015625,0.23957907044723764,2.0,"{""nevents"": 109.0, ""ndays_act"": 19.0, ""nchapters"": 12.0}"
HarvardX,2,aligned,0,6532,NICE,native,NICE_native,0,out_of_bounds:nevents,0.0,0.003652334213256836,0.08116883116883117,1.0,"{""nevents"": 63.0, ""ndays_act"": 13.0, ""nchapters"": 12.0}"
HarvardX,2,aligned,0,6532,NICE,bounded,NICE_bounded,0,classifier_target_not_met,0.0,0.003652334213256836,0.0,0.0,"{""nevents"": 113.0, ""ndays_act"": 13.0, ""nchapters"": 12.0}"
HarvardX,2,aligned,0,6532,NICE,bounded+edit,NICE_bounded+edit,0,classifier_target_not_met,0.0,0.003652334213256836,0.0,0.0,"{""nevents"": 113.0, ""ndays_act"": 13.0, ""nchapters"": 12.0}"
HarvardX,2,aligned,0,6532,MCCE,native,MCCE_native,0,out_of_bounds:nevents,0.0,0.028453588485717773,0.10551948051948051,1.0,"{""nevents"": 48.0, ""ndays_act"": 13.0, ""nchapters"": 12.0}"
HarvardX,2,aligned,0,6532,MCCE,bounded,MCCE_bounded,1,OK,0.0,0.028453588485717773,0.13474025974025974,2.0,"{""nevents"": 119.0, ""ndays_act"": 19.0, ""nchapters"": 12.0}"
HarvardX,2,aligned,0,6532,MCCE,bounded+edit,MCCE_bounded+edit,1,OK,0.0,0.028453588485717773,0.13474025974025974,2.0,"{""nevents"": 119.0, ""ndays_act"": 19.0, ""nchapters"": 12.0}"
HarvardX,2,aligned,0,6558,NICE,native,NICE_native,0,out_of_bounds:nevents,0.0,0.003481626510620117,0.09180327868852459,1.0,"{""nevents"": 63.0, ""ndays_act"": 13.0, ""nchapters"": 12.0}"
HarvardX,2,aligned,0,6558,NICE,bounded,NICE_bounded,0,classifier_target_not_met,0.0,0.003481626510620117,0.0,0.0,"{""nevents"": 119.0, ""ndays_act"": 13.0, ""nchapters"": 12.0}"
HarvardX,2,aligned,0,6558,NICE,bounded+edit,NICE_bounded+edit,0,classifier_target_not_met,0.0,0.003481626510620117,0.0,0.0,"{""nevents"": 119.0, ""ndays_act"": 13.0, ""nchapters"": 12.0}"
HarvardX,2,aligned,0,6558,MCCE,native,MCCE_native,0,out_of_bounds:nevents,0.0,0.026515722274780273,0.11639344262295082,1.0,"{""nevents"": 48.0, ""ndays_act"": 13.0, ""nchapters"": 12.0}"
HarvardX,2,aligned,0,6558,MCCE,bounded,MCCE_bounded,1,OK,0.0,0.026515722274780273,0.125,1.0,"{""nevents"": 119.0, ""ndays_act"": 19.0, ""nchapters"": 12.0}"
HarvardX,2,aligned,0,6558,MCCE,bounded+edit,MCCE_bounded+edit,1,OK,0.0,0.026515722274780273,0.125,1.0,"{""nevents"": 119.0, ""ndays_act"": 19.0, ""nchapters"": 12.0}"
HarvardX,2,aligned,0,6575,NICE,native,NICE_native,1,OK,0.0,0.004937887191772461,0.35305272029216217,2.0,"{""nevents"": 52.0, ""ndays_act"": 19.0, ""nchapters"": 8.0}"
HarvardX,2,aligned,0,6575,NICE,bounded,NICE_bounded,1,OK,0.0,0.004937887191772461,0.35305272029216217,2.0,"{""nevents"": 52.0, ""ndays_act"": 19.0, ""nchapters"": 8.0}"
HarvardX,2,aligned,0,6575,NICE,bounded+edit,NICE_bounded+edit,1,OK,0.0,0.004937887191772461,0.35305272029216217,2.0,"{""nevents"": 52.0, ""ndays_act"": 19.0, ""nchapters"": 8.0}"
HarvardX,2,aligned,0,6575,MCCE,native,MCCE_native,1,OK,0.0,0.041589975357055664,0.7475653151044106,3.0,"{""nevents"": 83.0, ""ndays_act"": 25.0, ""nchapters"": 9.0}"
HarvardX,2,aligned,0,6575,MCCE,bounded,MCCE_bounded,1,OK,0.0,0.041589975357055664,0.7475653151044106,3.0,"{""nevents"": 83.0, ""ndays_act"": 25.0, ""nchapters"": 9.0}"
HarvardX,2,aligned,0,6575,MCCE,bounded+edit,MCCE_bounded+edit,1,OK,0.0,0.041589975357055664,0.7475653151044106,3.0,"{""nevents"": 83.0, ""ndays_act"": 25.0, ""nchapters"": 9.0}"
HarvardX,2,aligned,0,6590,NICE,native,NICE_native,0,out_of_bounds:nevents,0.0,0.004603862762451172,0.14746568827286316,2.0,"{""nevents"": 10.0, ""ndays_act"": 10.0, ""nchapters"": 10.0}"
HarvardX,2,aligned,0,6590,NICE,bounded,NICE_bounded,0,classifier_target_not_met,0.0,0.004603862762451172,0.07272727272727272,1.0,"{""nevents"": 60.0, ""ndays_act"": 10.0, ""nchapters"": 10.0}"
HarvardX,2,aligned,0,6590,NICE,bounded+edit,NICE_bounded+edit,0,classifier_target_not_met,0.0,0.004603862762451172,0.07272727272727272,1.0,"{""nevents"": 60.0, ""ndays_act"": 10.0, ""nchapters"": 10.0}"
HarvardX,2,aligned,0,6590,MCCE,native,MCCE_native,0,out_of_bounds:nevents,0.0,0.041916608810424805,0.22565565973637722,2.0,"{""nevents"": 55.0, ""ndays_act"": 18.0, ""nchapters"": 10.0}"
HarvardX,2,aligned,0,6590,MCCE,bounded,MCCE_bounded,1,OK,0.0,0.041916608810424805,0.7230873760021741,2.0,"{""nevents"": 191.0, ""ndays_act"": 35.0, ""nchapters"": 10.0}"
HarvardX,2,aligned,0,6590,MCCE,bounded+edit,MCCE_bounded+edit,1,OK,0.0,0.041916608810424805,0.7230873760021741,2.0,"{""nevents"": 191.0, ""ndays_act"": 35.0, ""nchapters"": 10.0}"
HarvardX,2,aligned,0,6593,NICE,native,NICE_native,1,OK,0.0,0.004827022552490234,0.110989010989011,2.0,"{""nevents"": 9.0, ""ndays_act"": 7.0, ""nchapters"": 12.0}"
HarvardX,2,aligned,0,6593,NICE,bounded,NICE_bounded,1,OK,0.0,0.004827022552490234,0.110989010989011,2.0,"{""nevents"": 9.0, ""ndays_act"": 7.0, ""nchapters"": 12.0}"
HarvardX,2,aligned,0,6593,NICE,bounded+edit,NICE_bounded+edit,1,OK,0.0,0.004827022552490234,0.110989010989011,2.0,"{""nevents"": 9.0, ""ndays_act"": 7.0, ""nchapters"": 12.0}"
HarvardX,2,aligned,0,6593,MCCE,native,MCCE_native,1,OK,0.0,0.02623438835144043,0.19963369963369962,2.0,"{""nevents"": 25.0, ""ndays_act"": 11.0, ""nchapters"": 12.0}"
HarvardX,2,aligned,0,6593,MCCE,bounded,MCCE_bounded,1,OK,0.0,0.02623438835144043,0.19963369963369962,2.0,"{""nevents"": 25.0, ""ndays_act"": 11.0, ""nchapters"": 12.0}"
HarvardX,2,aligned,0,6593,MCCE,bounded+edit,MCCE_bounded+edit,1,OK,0.0,0.02623438835144043,0.19963369963369962,2.0,"{""nevents"": 25.0, ""ndays_act"": 11.0, ""nchapters"": 12.0}"
HarvardX,2,aligned,0,6595,NICE,native,NICE_native,0,out_of_bounds:nevents,0.0,0.003485441207885742,0.049523809523809526,1.0,"{""nevents"": 178.0, ""ndays_act"": 27.0, ""nchapters"": 12.0}"
HarvardX,2,aligned,0,6595,NICE,bounded,NICE_bounded,0,classifier_target_not_met,0.0,0.003485441207885742,0.0,0.0,"{""nevents"": 204.0, ""ndays_act"": 27.0, ""nchapters"": 12.0}"
HarvardX,2,aligned,0,6595,NICE,bounded+edit,NICE_bounded+edit,0,classifier_target_not_met,0.0,0.003485441207885742,0.0,0.0,"{""nevents"": 204.0, ""ndays_act"": 27.0, ""nchapters"": 12.0}"
HarvardX,2,aligned,0,6595,MCCE,native,MCCE_native,0,out_of_bounds:nevents,0.0,0.026426076889038086,0.0838095238095238,1.0,"{""nevents"": 160.0, ""ndays_act"": 27.0, ""nchapters"": 12.0}"
HarvardX,2,aligned,0,6595,MCCE,bounded,MCCE_bounded,1,OK,0.0,0.026426076889038086,0.1750140056022409,2.0,"{""nevents"": 265.0, ""ndays_act"": 29.0, ""nchapters"": 12.0}"
HarvardX,2,aligned,0,6595,MCCE,bounded+edit,MCCE_bounded+edit,1,OK,0.0,0.026426076889038086,0.1750140056022409,2.0,"{""nevents"": 265.0, ""ndays_act"": 29.0, ""nchapters"": 12.0}"
HarvardX,2,aligned,0,6639,NICE,native,NICE_native,0,out_of_bounds:nevents,0.0,0.004839897155761719,0.1161470885485501,2.0,"{""nevents"": 9.0, ""ndays_act"": 7.0, ""nchapters"": 12.0}"
HarvardX,2,aligned,0,6639,NICE,bounded,NICE_bounded,0,classifier_target_not_met,0.0,0.004839897155761719,0.05263157894736842,1.0,"{""nevents"": 52.0, ""ndays_act"": 7.0, ""nchapters"": 12.0}"
HarvardX,2,aligned,0,6639,NICE,bounded+edit,NICE_bounded+edit,0,classifier_target_not_met,0.0,0.004839897155761719,0.05263157894736842,1.0,"{""nevents"": 52.0, ""ndays_act"": 7.0, ""nchapters"": 12.0}"
HarvardX,2,aligned,0,6639,MCCE,native,MCCE_native,0,out_of_bounds:nevents,0.0,0.02596735954284668,0.16268884915390397,2.0,"{""nevents"": 25.0, ""ndays_act"": 11.0, ""nchapters"": 12.0}"
HarvardX,2,aligned,0,6639,MCCE,bounded,MCCE_bounded,1,OK,0.0,0.02596735954284668,0.18873254036124282,2.0,"{""nevents"": 61.0, ""ndays_act"": 14.0, ""nchapters"": 12.0}"
HarvardX,2,aligned,0,6639,MCCE,bounded+edit,MCCE_bounded+edit,1,OK,0.0,0.02596735954284668,0.18873254036124282,2.0,"{""nevents"": 61.0, ""ndays_act"": 14.0, ""nchapters"": 12.0}"
HarvardX,2,aligned,0,6658,NICE,native,NICE_native,0,out_of_bounds:nevents;out_of_bounds:ndays_act,0.0,0.004927158355712891,0.382109479305741,2.0,"{""nevents"": 66.0, ""ndays_act"": 21.0, ""nchapters"": 7.0}"
HarvardX,2,aligned,0,6658,NICE,bounded,NICE_bounded,0,classifier_target_not_met,0.0,0.004927158355712891,0.0,0.0,"{""nevents"": 194.0, ""ndays_act"": 26.0, ""nchapters"": 7.0}"
HarvardX,2,aligned,0,6658,NICE,bounded+edit,NICE_bounded+edit,0,classifier_target_not_met,0.0,0.004927158355712891,0.0,0.0,"{""nevents"": 194.0, ""ndays_act"": 26.0, ""nchapters"": 7.0}"
HarvardX,2,aligned,0,6658,MCCE,native,MCCE_native,0,out_of_bounds:nevents;out_of_bounds:ndays_act,0.0,0.0407102108001709,0.6360480640854473,3.0,"{""nevents"": 83.0, ""ndays_act"": 25.0, ""nchapters"": 9.0}"
HarvardX,2,aligned,0,6658,MCCE,bounded,MCCE_bounded,1,OK,0.0,0.0407102108001709,1.3255006675567422,3.0,"{""nevents"": 307.0, ""ndays_act"": 44.0, ""nchapters"": 10.0}"
HarvardX,2,aligned,0,6658,MCCE,bounded+edit,MCCE_bounded+edit,1,OK,0.0,0.0407102108001709,1.3255006675567422,3.0,"{""nevents"": 307.0, ""ndays_act"": 44.0, ""nchapters"": 10.0}"
HarvardX,2,aligned,0,6676,NICE,native,NICE_native,0,out_of_bounds:nevents,0.0,0.004671573638916016,0.34175084175084175,2.0,"{""nevents"": 624.0, ""ndays_act"": 40.0, ""nchapters"": 12.0}"
HarvardX,2,aligned,0,6676,NICE,bounded,NICE_bounded,0,classifier_target_not_met,0.0,0.004671573638916016,0.045454545454545456,1.0,"{""nevents"": 648.0, ""ndays_act"": 40.0, ""nchapters"": 12.0}"
HarvardX,2,aligned,0,6676,NICE,bounded+edit,NICE_bounded+edit,0,classifier_target_not_met,0.0,0.004671573638916016,0.045454545454545456,1.0,"{""nevents"": 648.0, ""ndays_act"": 40.0, ""nchapters"": 12.0}"
HarvardX,2,aligned,0,6676,MCCE,native,MCCE_native,0,out_of_bounds:nevents,0.0,0.026230812072753906,2.7901234567901234,1.0,"{""nevents"": 422.0, ""ndays_act"": 39.0, ""nchapters"": 12.0}"
HarvardX,2,aligned,0,6676,MCCE,bounded,MCCE_bounded,1,OK,0.0,0.026230812072753906,0.4910213243546577,2.0,"{""nevents"": 662.0, ""ndays_act"": 46.0, ""nchapters"": 12.0}"
HarvardX,2,aligned,0,6676,MCCE,bounded+edit,MCCE_bounded+edit,1,OK,0.0,0.026230812072753906,0.4910213243546577,2.0,"{""nevents"": 662.0, ""ndays_act"": 46.0, ""nchapters"": 12.0}"
HarvardX,2,aligned,0,6678,NICE,native,NICE_native,1,OK,0.0,0.004574298858642578,0.3189250822773329,2.0,"{""nevents"": 66.0, ""ndays_act"": 21.0, ""nchapters"": 7.0}"
HarvardX,2,aligned,0,6678,NICE,bounded,NICE_bounded,1,OK,0.0,0.004574298858642578,0.3189250822773329,2.0,"{""nevents"": 66.0, ""ndays_act"": 21.0, ""nchapters"": 7.0}"
HarvardX,2,aligned,0,6678,NICE,bounded+edit,NICE_bounded+edit,1,OK,0.0,0.004574298858642578,0.3189250822773329,2.0,"{""nevents"": 66.0, ""ndays_act"": 21.0, ""nchapters"": 7.0}"
HarvardX,2,aligned,0,6678,MCCE,native,MCCE_native,1,OK,0.0,0.04068350791931152,0.8142113037394076,3.0,"{""nevents"": 83.0, ""ndays_act"": 25.0, ""nchapters"": 9.0}"
HarvardX,2,aligned,0,6678,MCCE,bounded,MCCE_bounded,1,OK,0.0,0.04068350791931152,0.8142113037394076,3.0,"{""nevents"": 83.0, ""ndays_act"": 25.0, ""nchapters"": 9.0}"
HarvardX,2,aligned,0,6678,MCCE,bounded+edit,MCCE_bounded+edit,1,OK,0.0,0.04068350791931152,0.8142113037394076,3.0,"{""nevents"": 83.0, ""ndays_act"": 25.0, ""nchapters"": 9.0}"
HarvardX,2,aligned,0,6681,NICE,native,NICE_native,1,OK,0.0,0.003430604934692383,0.3220338983050847,1.0,"{""nevents"": 29.0, ""ndays_act"": 21.0, ""nchapters"": 9.0}"
HarvardX,2,aligned,0,6681,NICE,bounded,NICE_bounded,1,OK,0.0,0.003430604934692383,0.3220338983050847,1.0,"{""nevents"": 29.0, ""ndays_act"": 21.0, ""nchapters"": 9.0}"
HarvardX,2,aligned,0,6681,NICE,bounded+edit,NICE_bounded+edit,1,OK,0.0,0.003430604934692383,0.3220338983050847,1.0,"{""nevents"": 29.0, ""ndays_act"": 21.0, ""nchapters"": 9.0}"
HarvardX,2,aligned,0,6681,MCCE,native,MCCE_native,1,OK,0.0,0.03998517990112305,0.4669733656174334,2.0,"{""nevents"": 83.0, ""ndays_act"": 25.0, ""nchapters"": 9.0}"
HarvardX,2,aligned,0,6681,MCCE,bounded,MCCE_bounded,1,OK,0.0,0.03998517990112305,0.4669733656174334,2.0,"{""nevents"": 83.0, ""ndays_act"": 25.0, ""nchapters"": 9.0}"
HarvardX,2,aligned,0,6681,MCCE,bounded+edit,MCCE_bounded+edit,1,OK,0.0,0.03998517990112305,0.4669733656174334,2.0,"{""nevents"": 83.0, ""ndays_act"": 25.0, ""nchapters"": 9.0}"
HarvardX,2,aligned,0,6700,NICE,native,NICE_native,0,out_of_bounds:nevents,0.0,0.004803895950317383,0.4377290620333921,2.0,"{""nevents"": 66.0, ""ndays_act"": 21.0, ""nchapters"": 7.0}"
HarvardX,2,aligned,0,6700,NICE,bounded,NICE_bounded,0,classifier_target_not_met,0.0,0.004803895950317383,0.24528301886792453,1.0,"{""nevents"": 173.0, ""ndays_act"": 21.0, ""nchapters"": 7.0}"
HarvardX,2,aligned,0,6700,NICE,bounded+edit,NICE_bounded+edit,0,classifier_target_not_met,0.0,0.004803895950317383,0.24528301886792453,1.0,"{""nevents"": 173.0, ""ndays_act"": 21.0, ""nchapters"": 7.0}"
HarvardX,2,aligned,0,6700,MCCE,native,MCCE_native,1,OK,0.0,0.0416409969329834,1.5622641509433963,2.0,"{""nevents"": 173.0, ""ndays_act"": 59.0, ""nchapters"": 10.0}"
HarvardX,2,aligned,0,6700,MCCE,bounded,MCCE_bounded,1,OK,0.0,0.0416409969329834,1.5622641509433963,2.0,"{""nevents"": 173.0, ""ndays_act"": 59.0, ""nchapters"": 10.0}"
HarvardX,2,aligned,0,6700,MCCE,bounded+edit,MCCE_bounded+edit,1,OK,0.0,0.0416409969329834,1.5622641509433963,2.0,"{""nevents"": 173.0, ""ndays_act"": 59.0, ""nchapters"": 10.0}"
HarvardX,2,aligned,0,6717,NICE,native,NICE_native,1,OK,0.0,0.005667209625244141,0.5867768595041322,3.0,"{""nevents"": 66.0, ""ndays_act"": 21.0, ""nchapters"": 7.0}"
HarvardX,2,aligned,0,6717,NICE,bounded,NICE_bounded,1,OK,0.0,0.005667209625244141,0.5867768595041322,3.0,"{""nevents"": 66.0, ""ndays_act"": 21.0, ""nchapters"": 7.0}"
HarvardX,2,aligned,0,6717,NICE,bounded+edit,NICE_bounded+edit,1,OK,0.0,0.005667209625244141,0.5867768595041322,3.0,"{""nevents"": 66.0, ""ndays_act"": 21.0, ""nchapters"": 7.0}"
HarvardX,2,aligned,0,6717,MCCE,native,MCCE_native,1,OK,0.0,0.04126334190368652,1.0101928374655649,3.0,"{""nevents"": 83.0, ""ndays_act"": 25.0, ""nchapters"": 9.0}"
HarvardX,2,aligned,0,6717,MCCE,bounded,MCCE_bounded,1,OK,0.0,0.04126334190368652,1.0101928374655649,3.0,"{""nevents"": 83.0, ""ndays_act"": 25.0, ""nchapters"": 9.0}"
HarvardX,2,aligned,0,6717,MCCE,bounded+edit,MCCE_bounded+edit,1,OK,0.0,0.04126334190368652,1.0101928374655649,3.0,"{""nevents"": 83.0, ""ndays_act"": 25.0, ""nchapters"": 9.0}"
HarvardX,2,aligned,0,6731,NICE,native,NICE_native,1,OK,0.0,0.003468036651611328,0.0847457627118644,1.0,"{""nevents"": 9.0, ""ndays_act"": 7.0, ""nchapters"": 12.0}"
HarvardX,2,aligned,0,6731,NICE,bounded,NICE_bounded,1,OK,0.0,0.003468036651611328,0.0847457627118644,1.0,"{""nevents"": 9.0, ""ndays_act"": 7.0, ""nchapters"": 12.0}"
HarvardX,2,aligned,0,6731,NICE,bounded+edit,NICE_bounded+edit,1,OK,0.0,0.003468036651611328,0.0847457627118644,1.0,"{""nevents"": 9.0, ""ndays_act"": 7.0, ""nchapters"": 12.0}"
HarvardX,2,aligned,0,6731,MCCE,native,MCCE_native,1,OK,0.0,0.025857210159301758,0.17476459510357817,2.0,"{""nevents"": 25.0, ""ndays_act"": 11.0, ""nchapters"": 12.0}"
HarvardX,2,aligned,0,6731,MCCE,bounded,MCCE_bounded,1,OK,0.0,0.025857210159301758,0.17476459510357817,2.0,"{""nevents"": 25.0, ""ndays_act"": 11.0, ""nchapters"": 12.0}"
HarvardX,2,aligned,0,6731,MCCE,bounded+edit,MCCE_bounded+edit,1,OK,0.0,0.025857210159301758,0.17476459510357817,2.0,"{""nevents"": 25.0, ""ndays_act"": 11.0, ""nchapters"": 12.0}"
HarvardX,2,aligned,0,6775,NICE,native,NICE_native,1,OK,0.0,0.004991054534912109,0.3071030640668524,2.0,"{""nevents"": 52.0, ""ndays_act"": 19.0, ""nchapters"": 8.0}"
HarvardX,2,aligned,0,6775,NICE,bounded,NICE_bounded,1,OK,0.0,0.004991054534912109,0.3071030640668524,2.0,"{""nevents"": 52.0, ""ndays_act"": 19.0, ""nchapters"": 8.0}"
HarvardX,2,aligned,0,6775,NICE,bounded+edit,NICE_bounded+edit,1,OK,0.0,0.004991054534912109,0.3071030640668524,2.0,"{""nevents"": 52.0, ""ndays_act"": 19.0, ""nchapters"": 8.0}"
HarvardX,2,aligned,0,6775,MCCE,native,MCCE_native,1,OK,0.0,0.04031801223754883,0.7074214086748906,3.0,"{""nevents"": 83.0, ""ndays_act"": 25.0, ""nchapters"": 9.0}"
HarvardX,2,aligned,0,6775,MCCE,bounded,MCCE_bounded,1,OK,0.0,0.04031801223754883,0.7074214086748906,3.0,"{""nevents"": 83.0, ""ndays_act"": 25.0, ""nchapters"": 9.0}"
HarvardX,2,aligned,0,6775,MCCE,bounded+edit,MCCE_bounded+edit,1,OK,0.0,0.04031801223754883,0.7074214086748906,3.0,"{""nevents"": 83.0, ""ndays_act"": 25.0, ""nchapters"": 9.0}"
HarvardX,2,aligned,0,6811,NICE,native,NICE_native,1,OK,0.0,0.004884958267211914,0.4117513611615245,2.0,"{""nevents"": 112.0, ""ndays_act"": 21.0, ""nchapters"": 9.0}"
HarvardX,2,aligned,0,6811,NICE,bounded,NICE_bounded,1,OK,0.0,0.004884958267211914,0.4117513611615245,2.0,"{""nevents"": 112.0, ""ndays_act"": 21.0, ""nchapters"": 9.0}"
HarvardX,2,aligned,0,6811,NICE,bounded+edit,NICE_bounded+edit,1,OK,0.0,0.004884958267211914,0.4117513611615245,2.0,"{""nevents"": 112.0, ""ndays_act"": 21.0, ""nchapters"": 9.0}"
HarvardX,2,aligned,0,6811,MCCE,native,MCCE_native,1,OK,0.0,0.04468894004821777,0.44026013309134904,2.0,"{""nevents"": 83.0, ""ndays_act"": 25.0, ""nchapters"": 9.0}"
HarvardX,2,aligned,0,6811,MCCE,bounded,MCCE_bounded,1,OK,0.0,0.04468894004821777,0.44026013309134904,2.0,"{""nevents"": 83.0, ""ndays_act"": 25.0, ""nchapters"": 9.0}"
HarvardX,2,aligned,0,6811,MCCE,bounded+edit,MCCE_bounded+edit,1,OK,0.0,0.04468894004821777,0.44026013309134904,2.0,"{""nevents"": 83.0, ""ndays_act"": 25.0, ""nchapters"": 9.0}"
HarvardX,2,aligned,0,6816,NICE,native,NICE_native,1,OK,0.0,0.003414630889892578,0.3220338983050847,1.0,"{""nevents"": 50.0, ""ndays_act"": 21.0, ""nchapters"": 9.0}"
HarvardX,2,aligned,0,6816,NICE,bounded,NICE_bounded,1,OK,0.0,0.003414630889892578,0.3220338983050847,1.0,"{""nevents"": 50.0, ""ndays_act"": 21.0, ""nchapters"": 9.0}"
HarvardX,2,aligned,0,6816,NICE,bounded+edit,NICE_bounded+edit,1,OK,0.0,0.003414630889892578,0.3220338983050847,1.0,"{""nevents"": 50.0, ""ndays_act"": 21.0, ""nchapters"": 9.0}"
HarvardX,2,aligned,0,6816,MCCE,native,MCCE_native,1,OK,0.0,0.03993964195251465,0.4384313921270063,2.0,"{""nevents"": 83.0, ""ndays_act"": 25.0, ""nchapters"": 9.0}"
HarvardX,2,aligned,0,6816,MCCE,bounded,MCCE_bounded,1,OK,0.0,0.03993964195251465,0.4384313921270063,2.0,"{""nevents"": 83.0, ""ndays_act"": 25.0, ""nchapters"": 9.0}"
HarvardX,2,aligned,0,6816,MCCE,bounded+edit,MCCE_bounded+edit,1,OK,0.0,0.03993964195251465,0.4384313921270063,2.0,"{""nevents"": 83.0, ""ndays_act"": 25.0, ""nchapters"": 9.0}"
HarvardX,2,aligned,0,6817,NICE,native,NICE_native,0,out_of_bounds:nevents,0.0,0.004623889923095703,0.3099724129835065,2.0,"{""nevents"": 66.0, ""ndays_act"": 21.0, ""nchapters"": 7.0}"
HarvardX,2,aligned,0,6817,NICE,bounded,NICE_bounded,0,classifier_target_not_met,0.0,0.004623889923095703,0.25925925925925924,1.0,"{""nevents"": 98.0, ""ndays_act"": 21.0, ""nchapters"": 7.0}"
HarvardX,2,aligned,0,6817,NICE,bounded+edit,NICE_bounded+edit,0,classifier_target_not_met,0.0,0.004623889923095703,0.25925925925925924,1.0,"{""nevents"": 98.0, ""ndays_act"": 21.0, ""nchapters"": 7.0}"
HarvardX,2,aligned,0,6817,MCCE,native,MCCE_native,0,out_of_bounds:nevents,0.0,0.04100537300109863,1.1410459587955626,2.0,"{""nevents"": 9.0, ""ndays_act"": 7.0, ""nchapters"": 12.0}"
HarvardX,2,aligned,0,6817,MCCE,bounded,MCCE_bounded,1,OK,0.0,0.04100537300109863,0.8919880260609262,3.0,"{""nevents"": 128.0, ""ndays_act"": 31.0, ""nchapters"": 9.0}"
HarvardX,2,aligned,0,6817,MCCE,bounded+edit,MCCE_bounded+edit,1,OK,0.0,0.04100537300109863,0.8919880260609262,3.0,"{""nevents"": 128.0, ""ndays_act"": 31.0, ""nchapters"": 9.0}"
HarvardX,2,aligned,0,6849,NICE,native,NICE_native,1,OK,0.0,0.0057103633880615234,0.6014639411725021,3.0,"{""nevents"": 66.0, ""ndays_act"": 21.0, ""nchapters"": 7.0}"
HarvardX,2,aligned,0,6849,NICE,bounded,NICE_bounded,1,OK,0.0,0.0057103633880615234,0.6014639411725021,3.0,"{""nevents"": 66.0, ""ndays_act"": 21.0, ""nchapters"": 7.0}"
HarvardX,2,aligned,0,6849,NICE,bounded+edit,NICE_bounded+edit,1,OK,0.0,0.0057103633880615234,0.6014639411725021,3.0,"{""nevents"": 66.0, ""ndays_act"": 21.0, ""nchapters"": 7.0}"
HarvardX,2,aligned,0,6849,MCCE,native,MCCE_native,1,OK,0.0,0.04114031791687012,1.0236906609098473,3.0,"{""nevents"": 83.0, ""ndays_act"": 25.0, ""nchapters"": 9.0}"
HarvardX,2,aligned,0,6849,MCCE,bounded,MCCE_bounded,1,OK,0.0,0.04114031791687012,1.0236906609098473,3.0,"{""nevents"": 83.0, ""ndays_act"": 25.0, ""nchapters"": 9.0}"
HarvardX,2,aligned,0,6849,MCCE,bounded+edit,MCCE_bounded+edit,1,OK,0.0,0.04114031791687012,1.0236906609098473,3.0,"{""nevents"": 83.0, ""ndays_act"": 25.0, ""nchapters"": 9.0}"
HarvardX,2,aligned,0,6868,NICE,native,NICE_native,1,OK,0.0,0.004511833190917969,0.12709977737300143,2.0,"{""nevents"": 9.0, ""ndays_act"": 7.0, ""nchapters"": 12.0}"
HarvardX,2,aligned,0,6868,NICE,bounded,NICE_bounded,1,OK,0.0,0.004511833190917969,0.12709977737300143,2.0,"{""nevents"": 9.0, ""ndays_act"": 7.0, ""nchapters"": 12.0}"
HarvardX,2,aligned,0,6868,NICE,bounded+edit,NICE_bounded+edit,1,OK,0.0,0.004511833190917969,0.12709977737300143,2.0,"{""nevents"": 9.0, ""ndays_act"": 7.0, ""nchapters"": 12.0}"
HarvardX,2,aligned,0,6868,MCCE,native,MCCE_native,1,OK,0.0,0.027222871780395508,0.21462142166453035,2.0,"{""nevents"": 25.0, ""ndays_act"": 11.0, ""nchapters"": 12.0}"
HarvardX,2,aligned,0,6868,MCCE,bounded,MCCE_bounded,1,OK,0.0,0.027222871780395508,0.21462142166453035,2.0,"{""nevents"": 25.0, ""ndays_act"": 11.0, ""nchapters"": 12.0}"
HarvardX,2,aligned,0,6868,MCCE,bounded+edit,MCCE_bounded+edit,1,OK,0.0,0.027222871780395508,0.21462142166453035,2.0,"{""nevents"": 25.0, ""ndays_act"": 11.0, ""nchapters"": 12.0}"
HarvardX,2,aligned,0,6870,NICE,native,NICE_native,1,OK,0.0,0.006087779998779297,0.531547619047619,3.0,"{""nevents"": 66.0, ""ndays_act"": 21.0, ""nchapters"": 7.0}"
HarvardX,2,aligned,0,6870,NICE,bounded,NICE_bounded,1,OK,0.0,0.006087779998779297,0.531547619047619,3.0,"{""nevents"": 66.0, ""ndays_act"": 21.0, ""nchapters"": 7.0}"
HarvardX,2,aligned,0,6870,NICE,bounded+edit,NICE_bounded+edit,1,OK,0.0,0.006087779998779297,0.531547619047619,3.0,"{""nevents"": 66.0, ""ndays_act"": 21.0, ""nchapters"": 7.0}"
HarvardX,2,aligned,0,6870,MCCE,native,MCCE_native,1,OK,0.0,0.04267597198486328,1.0357142857142858,2.0,"{""nevents"": 9.0, ""ndays_act"": 7.0, ""nchapters"": 12.0}"
HarvardX,2,aligned,0,6870,MCCE,bounded,MCCE_bounded,1,OK,0.0,0.04267597198486328,1.0357142857142858,2.0,"{""nevents"": 9.0, ""ndays_act"": 7.0, ""nchapters"": 12.0}"
HarvardX,2,aligned,0,6870,MCCE,bounded+edit,MCCE_bounded+edit,1,OK,0.0,0.04267597198486328,1.0357142857142858,2.0,"{""nevents"": 9.0, ""ndays_act"": 7.0, ""nchapters"": 12.0}"
HarvardX,2,aligned,0,6893,NICE,native,NICE_native,1,OK,0.0,0.004847049713134766,0.12709977737300143,2.0,"{""nevents"": 9.0, ""ndays_act"": 7.0, ""nchapters"": 12.0}"
HarvardX,2,aligned,0,6893,NICE,bounded,NICE_bounded,1,OK,0.0,0.004847049713134766,0.12709977737300143,2.0,"{""nevents"": 9.0, ""ndays_act"": 7.0, ""nchapters"": 12.0}"
HarvardX,2,aligned,0,6893,NICE,bounded+edit,NICE_bounded+edit,1,OK,0.0,0.004847049713134766,0.12709977737300143,2.0,"{""nevents"": 9.0, ""ndays_act"": 7.0, ""nchapters"": 12.0}"
HarvardX,2,aligned,0,6893,MCCE,native,MCCE_native,1,OK,0.0,0.02840399742126465,0.21462142166453035,2.0,"{""nevents"": 25.0, ""ndays_act"": 11.0, ""nchapters"": 12.0}"
HarvardX,2,aligned,0,6893,MCCE,bounded,MCCE_bounded,1,OK,0.0,0.02840399742126465,0.21462142166453035,2.0,"{""nevents"": 25.0, ""ndays_act"": 11.0, ""nchapters"": 12.0}"
HarvardX,2,aligned,0,6893,MCCE,bounded+edit,MCCE_bounded+edit,1,OK,0.0,0.02840399742126465,0.21462142166453035,2.0,"{""nevents"": 25.0, ""ndays_act"": 11.0, ""nchapters"": 12.0}"
HarvardX,2,aligned,0,6969,NICE,native,NICE_native,0,out_of_bounds:nevents,0.0,0.00532221794128418,0.12301587301587301,2.0,"{""nevents"": 138.0, ""ndays_act"": 27.0, ""nchapters"": 9.0}"
HarvardX,2,aligned,0,6969,NICE,bounded,NICE_bounded,0,classifier_target_not_met,0.0,0.00532221794128418,0.02857142857142857,1.0,"{""nevents"": 189.0, ""ndays_act"": 27.0, ""nchapters"": 9.0}"
HarvardX,2,aligned,0,6969,NICE,bounded+edit,NICE_bounded+edit,0,classifier_target_not_met,0.0,0.00532221794128418,0.02857142857142857,1.0,"{""nevents"": 189.0, ""ndays_act"": 27.0, ""nchapters"": 9.0}"
HarvardX,2,aligned,0,6969,MCCE,native,MCCE_native,0,out_of_bounds:nevents;out_of_bounds:ndays_act,0.0,0.04131269454956055,0.22486772486772488,2.0,"{""nevents"": 83.0, ""ndays_act"": 25.0, ""nchapters"": 9.0}"
HarvardX,2,aligned,0,6969,MCCE,bounded,MCCE_bounded,1,OK,0.0,0.04131269454956055,0.5941798941798941,3.0,"{""nevents"": 191.0, ""ndays_act"": 35.0, ""nchapters"": 10.0}"
HarvardX,2,aligned,0,6969,MCCE,bounded+edit,MCCE_bounded+edit,1,OK,0.0,0.04131269454956055,0.5941798941798941,3.0,"{""nevents"": 191.0, ""ndays_act"": 35.0, ""nchapters"": 10.0}"
HarvardX,2,aligned,0,6974,NICE,native,NICE_native,0,out_of_bounds:nevents,0.0,0.0035393238067626953,0.21818181818181817,1.0,"{""nevents"": 59.0, ""ndays_act"": 16.0, ""nchapters"": 12.0}"
HarvardX,2,aligned,0,6974,NICE,bounded,NICE_bounded,0,classifier_target_not_met,0.0,0.0035393238067626953,0.0,0.0,"{""nevents"": 179.0, ""ndays_act"": 16.0, ""nchapters"": 12.0}"
HarvardX,2,aligned,0,6974,NICE,bounded+edit,NICE_bounded+edit,0,classifier_target_not_met,0.0,0.0035393238067626953,0.0,0.0,"{""nevents"": 179.0, ""ndays_act"": 16.0, ""nchapters"": 12.0}"
HarvardX,2,aligned,0,6974,MCCE,native,MCCE_native,0,out_of_bounds:nevents,0.0,0.02816915512084961,0.24,1.0,"{""nevents"": 47.0, ""ndays_act"": 16.0, ""nchapters"": 12.0}"
HarvardX,2,aligned,0,6974,MCCE,bounded,MCCE_bounded,1,OK,0.0,0.02816915512084961,0.21454545454545457,2.0,"{""nevents"": 187.0, ""ndays_act"": 25.0, ""nchapters"": 12.0}"
HarvardX,2,aligned,0,6974,MCCE,bounded+edit,MCCE_bounded+edit,1,OK,0.0,0.02816915512084961,0.21454545454545457,2.0,"{""nevents"": 187.0, ""ndays_act"": 25.0, ""nchapters"": 12.0}"
HarvardX,2,aligned,0,6982,NICE,native,NICE_native,0,out_of_bounds:nevents,0.0,0.004812717437744141,0.19444444444444442,2.0,"{""nevents"": 53.0, ""ndays_act"": 13.0, ""nchapters"": 11.0}"
HarvardX,2,aligned,0,6982,NICE,bounded,NICE_bounded,0,classifier_target_not_met,0.0,0.004812717437744141,0.1111111111111111,1.0,"{""nevents"": 105.0, ""ndays_act"": 13.0, ""nchapters"": 11.0}"
HarvardX,2,aligned,0,6982,NICE,bounded+edit,NICE_bounded+edit,0,classifier_target_not_met,0.0,0.004812717437744141,0.1111111111111111,1.0,"{""nevents"": 105.0, ""ndays_act"": 13.0, ""nchapters"": 11.0}"
HarvardX,2,aligned,0,6982,MCCE,native,MCCE_native,1,OK,0.0,0.041521310806274414,0.3846153846153846,2.0,"{""nevents"": 137.0, ""ndays_act"": 25.0, ""nchapters"": 11.0}"
HarvardX,2,aligned,0,6982,MCCE,bounded,MCCE_bounded,1,OK,0.0,0.041521310806274414,0.3846153846153846,2.0,"{""nevents"": 137.0, ""ndays_act"": 25.0, ""nchapters"": 11.0}"
HarvardX,2,aligned,0,6982,MCCE,bounded+edit,MCCE_bounded+edit,1,OK,0.0,0.041521310806274414,0.3846153846153846,2.0,"{""nevents"": 137.0, ""ndays_act"": 25.0, ""nchapters"": 11.0}"
HarvardX,2,aligned,0,7005,NICE,native,NICE_native,1,OK,0.0,0.003576040267944336,0.32592592592592595,1.0,"{""nevents"": 547.0, ""ndays_act"": 25.0, ""nchapters"": 12.0}"
HarvardX,2,aligned,0,7005,NICE,bounded,NICE_bounded,1,OK,0.0,0.003576040267944336,0.32592592592592595,1.0,"{""nevents"": 547.0, ""ndays_act"": 25.0, ""nchapters"": 12.0}"
HarvardX,2,aligned,0,7005,NICE,bounded+edit,NICE_bounded+edit,1,OK,0.0,0.003576040267944336,0.32592592592592595,1.0,"{""nevents"": 547.0, ""ndays_act"": 25.0, ""nchapters"": 12.0}"
HarvardX,2,aligned,0,7005,MCCE,native,MCCE_native,0,out_of_bounds:nevents,0.0,0.02574944496154785,0.8407407407407408,1.0,"{""nevents"": 232.0, ""ndays_act"": 25.0, ""nchapters"": 12.0}"
HarvardX,2,aligned,0,7005,MCCE,bounded,MCCE_bounded,1,OK,0.0,0.02574944496154785,0.40925925925925927,2.0,"{""nevents"": 472.0, ""ndays_act"": 38.0, ""nchapters"": 12.0}"
HarvardX,2,aligned,0,7005,MCCE,bounded+edit,MCCE_bounded+edit,1,OK,0.0,0.02574944496154785,0.40925925925925927,2.0,"{""nevents"": 472.0, ""ndays_act"": 38.0, ""nchapters"": 12.0}"
HarvardX,2,aligned,0,7007,NICE,native,NICE_native,1,OK,0.0,0.0051386356353759766,0.46982395355370354,2.0,"{""nevents"": 112.0, ""ndays_act"": 21.0, ""nchapters"": 9.0}"
HarvardX,2,aligned,0,7007,NICE,bounded,NICE_bounded,1,OK,0.0,0.0051386356353759766,0.46982395355370354,2.0,"{""nevents"": 112.0, ""ndays_act"": 21.0, ""nchapters"": 9.0}"
HarvardX,2,aligned,0,7007,NICE,bounded+edit,NICE_bounded+edit,1,OK,0.0,0.0051386356353759766,0.46982395355370354,2.0,"{""nevents"": 112.0, ""ndays_act"": 21.0, ""nchapters"": 9.0}"
HarvardX,2,aligned,0,7007,MCCE,native,MCCE_native,1,OK,0.0,0.041272878646850586,0.49756531510441054,2.0,"{""nevents"": 83.0, ""ndays_act"": 25.0, ""nchapters"": 9.0}"
HarvardX,2,aligned,0,7007,MCCE,bounded,MCCE_bounded,1,OK,0.0,0.041272878646850586,0.49756531510441054,2.0,"{""nevents"": 83.0, ""ndays_act"": 25.0, ""nchapters"": 9.0}"
HarvardX,2,aligned,0,7007,MCCE,bounded+edit,MCCE_bounded+edit,1,OK,0.0,0.041272878646850586,0.49756531510441054,2.0,"{""nevents"": 83.0, ""ndays_act"": 25.0, ""nchapters"": 9.0}"
HarvardX,2,aligned,0,7015,NICE,native,NICE_native,1,OK,0.0,0.005900144577026367,0.6014639411725021,3.0,"{""nevents"": 66.0, ""ndays_act"": 21.0, ""nchapters"": 7.0}"
HarvardX,2,aligned,0,7015,NICE,bounded,NICE_bounded,1,OK,0.0,0.005900144577026367,0.6014639411725021,3.0,"{""nevents"": 66.0, ""ndays_act"": 21.0, ""nchapters"": 7.0}"
HarvardX,2,aligned,0,7015,NICE,bounded+edit,NICE_bounded+edit,1,OK,0.0,0.005900144577026367,0.6014639411725021,3.0,"{""nevents"": 66.0, ""ndays_act"": 21.0, ""nchapters"": 7.0}"
HarvardX,2,aligned,0,7015,MCCE,native,MCCE_native,1,OK,0.0,0.04348468780517578,1.0236906609098473,3.0,"{""nevents"": 83.0, ""ndays_act"": 25.0, ""nchapters"": 9.0}"
HarvardX,2,aligned,0,7015,MCCE,bounded,MCCE_bounded,1,OK,0.0,0.04348468780517578,1.0236906609098473,3.0,"{""nevents"": 83.0, ""ndays_act"": 25.0, ""nchapters"": 9.0}"
HarvardX,2,aligned,0,7015,MCCE,bounded+edit,MCCE_bounded+edit,1,OK,0.0,0.04348468780517578,1.0236906609098473,3.0,"{""nevents"": 83.0, ""ndays_act"": 25.0, ""nchapters"": 9.0}"
HarvardX,2,aligned,0,7051,NICE,native,NICE_native,1,OK,0.0,0.003809213638305664,0.2,1.0,"{""nevents"": 22.0, ""ndays_act"": 13.0, ""nchapters"": 11.0}"
HarvardX,2,aligned,0,7051,NICE,bounded,NICE_bounded,1,OK,0.0,0.003809213638305664,0.2,1.0,"{""nevents"": 22.0, ""ndays_act"": 13.0, ""nchapters"": 11.0}"
HarvardX,2,aligned,0,7051,NICE,bounded+edit,NICE_bounded+edit,1,OK,0.0,0.003809213638305664,0.2,1.0,"{""nevents"": 22.0, ""ndays_act"": 13.0, ""nchapters"": 11.0}"
HarvardX,2,aligned,0,7051,MCCE,native,MCCE_native,1,OK,0.0,0.04253411293029785,0.5626591230551627,2.0,"{""nevents"": 137.0, ""ndays_act"": 25.0, ""nchapters"": 11.0}"
HarvardX,2,aligned,0,7051,MCCE,bounded,MCCE_bounded,1,OK,0.0,0.04253411293029785,0.5626591230551627,2.0,"{""nevents"": 137.0, ""ndays_act"": 25.0, ""nchapters"": 11.0}"
HarvardX,2,aligned,0,7051,MCCE,bounded+edit,MCCE_bounded+edit,1,OK,0.0,0.04253411293029785,0.5626591230551627,2.0,"{""nevents"": 137.0, ""ndays_act"": 25.0, ""nchapters"": 11.0}"
HarvardX,2,aligned,0,7064,NICE,native,NICE_native,1,OK,0.0,0.0057718753814697266,0.5361143580751997,3.0,"{""nevents"": 66.0, ""ndays_act"": 21.0, ""nchapters"": 7.0}"
HarvardX,2,aligned,0,7064,NICE,bounded,NICE_bounded,1,OK,0.0,0.0057718753814697266,0.5361143580751997,3.0,"{""nevents"": 66.0, ""ndays_act"": 21.0, ""nchapters"": 7.0}"
HarvardX,2,aligned,0,7064,NICE,bounded+edit,NICE_bounded+edit,1,OK,0.0,0.0057718753814697266,0.5361143580751997,3.0,"{""nevents"": 66.0, ""ndays_act"": 21.0, ""nchapters"": 7.0}"
HarvardX,2,aligned,0,7064,MCCE,native,MCCE_native,1,OK,0.0,0.04411029815673828,0.9616695889343464,3.0,"{""nevents"": 83.0, ""ndays_act"": 25.0, ""nchapters"": 9.0}"
HarvardX,2,aligned,0,7064,MCCE,bounded,MCCE_bounded,1,OK,0.0,0.04411029815673828,0.9616695889343464,3.0,"{""nevents"": 83.0, ""ndays_act"": 25.0, ""nchapters"": 9.0}"
HarvardX,2,aligned,0,7064,MCCE,bounded+edit,MCCE_bounded+edit,1,OK,0.0,0.04411029815673828,0.9616695889343464,3.0,"{""nevents"": 83.0, ""ndays_act"": 25.0, ""nchapters"": 9.0}"
HarvardX,2,aligned,0,7081,NICE,native,NICE_native,1,OK,0.0,0.0037834644317626953,0.14285714285714285,1.0,"{""nevents"": 48.0, ""ndays_act"": 13.0, ""nchapters"": 11.0}"
HarvardX,2,aligned,0,7081,NICE,bounded,NICE_bounded,1,OK,0.0,0.0037834644317626953,0.14285714285714285,1.0,"{""nevents"": 48.0, ""ndays_act"": 13.0, ""nchapters"": 11.0}"
HarvardX,2,aligned,0,7081,NICE,bounded+edit,NICE_bounded+edit,1,OK,0.0,0.0037834644317626953,0.14285714285714285,1.0,"{""nevents"": 48.0, ""ndays_act"": 13.0, ""nchapters"": 11.0}"
HarvardX,2,aligned,0,7081,MCCE,native,MCCE_native,1,OK,0.0,0.041081905364990234,0.48783301867002304,2.0,"{""nevents"": 137.0, ""ndays_act"": 25.0, ""nchapters"": 11.0}"
HarvardX,2,aligned,0,7081,MCCE,bounded,MCCE_bounded,1,OK,0.0,0.041081905364990234,0.48783301867002304,2.0,"{""nevents"": 137.0, ""ndays_act"": 25.0, ""nchapters"": 11.0}"
HarvardX,2,aligned,0,7081,MCCE,bounded+edit,MCCE_bounded+edit,1,OK,0.0,0.041081905364990234,0.48783301867002304,2.0,"{""nevents"": 137.0, ""ndays_act"": 25.0, ""nchapters"": 11.0}"
HarvardX,2,aligned,0,7108,NICE,native,NICE_native,1,OK,0.0,0.00517725944519043,0.2315934065934066,2.0,"{""nevents"": 24.0, ""ndays_act"": 13.0, ""nchapters"": 11.0}"
HarvardX,2,aligned,0,7108,NICE,bounded,NICE_bounded,1,OK,0.0,0.00517725944519043,0.2315934065934066,2.0,"{""nevents"": 24.0, ""ndays_act"": 13.0, ""nchapters"": 11.0}"
HarvardX,2,aligned,0,7108,NICE,bounded+edit,NICE_bounded+edit,1,OK,0.0,0.00517725944519043,0.2315934065934066,2.0,"{""nevents"": 24.0, ""ndays_act"": 13.0, ""nchapters"": 11.0}"
HarvardX,2,aligned,0,7108,MCCE,native,MCCE_native,1,OK,0.0,0.04121994972229004,0.5868131868131868,2.0,"{""nevents"": 137.0, ""ndays_act"": 25.0, ""nchapters"": 11.0}"
HarvardX,2,aligned,0,7108,MCCE,bounded,MCCE_bounded,1,OK,0.0,0.04121994972229004,0.5868131868131868,2.0,"{""nevents"": 137.0, ""ndays_act"": 25.0, ""nchapters"": 11.0}"
HarvardX,2,aligned,0,7108,MCCE,bounded+edit,MCCE_bounded+edit,1,OK,0.0,0.04121994972229004,0.5868131868131868,2.0,"{""nevents"": 137.0, ""ndays_act"": 25.0, ""nchapters"": 11.0}"
HarvardX,2,aligned,0,7139,NICE,native,NICE_native,0,out_of_bounds:nevents,0.0,0.004750251770019531,0.3684706597750076,2.0,"{""nevents"": 52.0, ""ndays_act"": 19.0, ""nchapters"": 8.0}"
HarvardX,2,aligned,0,7139,NICE,bounded,NICE_bounded,0,classifier_target_not_met,0.0,0.004750251770019531,0.23636363636363636,1.0,"{""nevents"": 131.0, ""ndays_act"": 19.0, ""nchapters"": 8.0}"
HarvardX,2,aligned,0,7139,NICE,bounded+edit,NICE_bounded+edit,0,classifier_target_not_met,0.0,0.004750251770019531,0.23636363636363636,1.0,"{""nevents"": 131.0, ""ndays_act"": 19.0, ""nchapters"": 8.0}"
HarvardX,2,aligned,0,7139,MCCE,native,MCCE_native,1,OK,0.0,0.04134798049926758,1.2727272727272727,2.0,"{""nevents"": 131.0, ""ndays_act"": 21.0, ""nchapters"": 12.0}"
HarvardX,2,aligned,0,7139,MCCE,bounded,MCCE_bounded,1,OK,0.0,0.04134798049926758,1.2727272727272727,2.0,"{""nevents"": 131.0, ""ndays_act"": 21.0, ""nchapters"": 12.0}"
HarvardX,2,aligned,0,7139,MCCE,bounded+edit,MCCE_bounded+edit,1,OK,0.0,0.04134798049926758,1.2727272727272727,2.0,"{""nevents"": 131.0, ""ndays_act"": 21.0, ""nchapters"": 12.0}"
HarvardX,2,aligned,0,7170,NICE,native,NICE_native,0,out_of_bounds:nevents,0.0,0.003605365753173828,0.22735674676524953,1.0,"{""nevents"": 65.0, ""ndays_act"": 17.0, ""nchapters"": 12.0}"
HarvardX,2,aligned,0,7170,NICE,bounded,NICE_bounded,0,classifier_target_not_met,0.0,0.003605365753173828,0.0,0.0,"{""nevents"": 188.0, ""ndays_act"": 17.0, ""nchapters"": 12.0}"
HarvardX,2,aligned,0,7170,NICE,bounded+edit,NICE_bounded+edit,0,classifier_target_not_met,0.0,0.003605365753173828,0.0,0.0,"{""nevents"": 188.0, ""ndays_act"": 17.0, ""nchapters"": 12.0}"
HarvardX,2,aligned,0,7170,MCCE,native,MCCE_native,0,out_of_bounds:nevents,0.0,0.026998519897460938,0.24399260628465805,1.0,"{""nevents"": 56.0, ""ndays_act"": 17.0, ""nchapters"": 12.0}"
HarvardX,2,aligned,0,7170,MCCE,bounded,MCCE_bounded,1,OK,0.0,0.026998519897460938,0.29545454545454547,1.0,"{""nevents"": 188.0, ""ndays_act"": 30.0, ""nchapters"": 12.0}"
HarvardX,2,aligned,0,7170,MCCE,bounded+edit,MCCE_bounded+edit,1,OK,0.0,0.026998519897460938,0.29545454545454547,1.0,"{""nevents"": 188.0, ""ndays_act"": 30.0, ""nchapters"": 12.0}"
HarvardX,2,aligned,0,7196,NICE,native,NICE_native,0,out_of_bounds:nevents,0.0,0.0051500797271728516,0.2622057795385691,2.0,"{""nevents"": 10.0, ""ndays_act"": 10.0, ""nchapters"": 10.0}"
HarvardX,2,aligned,0,7196,NICE,bounded,NICE_bounded,0,classifier_target_not_met,0.0,0.0051500797271728516,0.08928571428571429,1.0,"{""nevents"": 116.0, ""ndays_act"": 10.0, ""nchapters"": 10.0}"
HarvardX,2,aligned,0,7196,NICE,bounded+edit,NICE_bounded+edit,0,classifier_target_not_met,0.0,0.0051500797271728516,0.08928571428571429,1.0,"{""nevents"": 116.0, ""ndays_act"": 10.0, ""nchapters"": 10.0}"
HarvardX,2,aligned,0,7196,MCCE,native,MCCE_native,0,out_of_bounds:nevents,0.0,0.04067349433898926,0.33165346073176416,2.0,"{""nevents"": 55.0, ""ndays_act"": 18.0, ""nchapters"": 10.0}"
HarvardX,2,aligned,0,7196,MCCE,bounded,MCCE_bounded,1,OK,0.0,0.04067349433898926,0.658063388487532,2.0,"{""nevents"": 191.0, ""ndays_act"": 35.0, ""nchapters"": 10.0}"
HarvardX,2,aligned,0,7196,MCCE,bounded+edit,MCCE_bounded+edit,1,OK,0.0,0.04067349433898926,0.658063388487532,2.0,"{""nevents"": 191.0, ""ndays_act"": 35.0, ""nchapters"": 10.0}"
HarvardX,2,aligned,0,7216,NICE,native,NICE_native,1,OK,0.0,0.00628209114074707,0.4347972745058355,2.0,"{""nevents"": 66.0, ""ndays_act"": 21.0, ""nchapters"": 7.0}"
HarvardX,2,aligned,0,7216,NICE,bounded,NICE_bounded,1,OK,0.0,0.00628209114074707,0.4347972745058355,2.0,"{""nevents"": 66.0, ""ndays_act"": 21.0, ""nchapters"": 7.0}"
HarvardX,2,aligned,0,7216,NICE,bounded+edit,NICE_bounded+edit,1,OK,0.0,0.00628209114074707,0.4347972745058355,2.0,"{""nevents"": 66.0, ""ndays_act"": 21.0, ""nchapters"": 7.0}"
HarvardX,2,aligned,0,7216,MCCE,native,MCCE_native,1,OK,0.0,0.04055500030517578,0.9236906609098473,3.0,"{""nevents"": 83.0, ""ndays_act"": 25.0, ""nchapters"": 9.0}"
HarvardX,2,aligned,0,7216,MCCE,bounded,MCCE_bounded,1,OK,0.0,0.04055500030517578,0.9236906609098473,3.0,"{""nevents"": 83.0, ""ndays_act"": 25.0, ""nchapters"": 9.0}"
HarvardX,2,aligned,0,7216,MCCE,bounded+edit,MCCE_bounded+edit,1,OK,0.0,0.04055500030517578,0.9236906609098473,3.0,"{""nevents"": 83.0, ""ndays_act"": 25.0, ""nchapters"": 9.0}"
HarvardX,2,aligned,0,7250,NICE,native,NICE_native,0,out_of_bounds:nevents,0.0,0.004669666290283203,0.11093367932531564,2.0,"{""nevents"": 9.0, ""ndays_act"": 7.0, ""nchapters"": 12.0}"
HarvardX,2,aligned,0,7250,NICE,bounded,NICE_bounded,0,classifier_target_not_met,0.0,0.004669666290283203,0.06896551724137931,1.0,"{""nevents"": 38.0, ""ndays_act"": 7.0, ""nchapters"": 12.0}"
HarvardX,2,aligned,0,7250,NICE,bounded+edit,NICE_bounded+edit,0,classifier_target_not_met,0.0,0.004669666290283203,0.06896551724137931,1.0,"{""nevents"": 38.0, ""ndays_act"": 7.0, ""nchapters"": 12.0}"
HarvardX,2,aligned,0,7250,MCCE,native,MCCE_native,1,OK,0.0,0.027415752410888672,0.20689655172413793,1.0,"{""nevents"": 38.0, ""ndays_act"": 15.0, ""nchapters"": 12.0}"
HarvardX,2,aligned,0,7250,MCCE,bounded,MCCE_bounded,1,OK,0.0,0.027415752410888672,0.20689655172413793,1.0,"{""nevents"": 38.0, ""ndays_act"": 15.0, ""nchapters"": 12.0}"
HarvardX,2,aligned,0,7250,MCCE,bounded+edit,MCCE_bounded+edit,1,OK,0.0,0.027415752410888672,0.20689655172413793,1.0,"{""nevents"": 38.0, ""ndays_act"": 15.0, ""nchapters"": 12.0}"
HarvardX,2,aligned,0,7272,NICE,native,NICE_native,1,OK,0.0,0.005958080291748047,0.6014639411725021,3.0,"{""nevents"": 66.0, ""ndays_act"": 21.0, ""nchapters"": 7.0}"
HarvardX,2,aligned,0,7272,NICE,bounded,NICE_bounded,1,OK,0.0,0.005958080291748047,0.6014639411725021,3.0,"{""nevents"": 66.0, ""ndays_act"": 21.0, ""nchapters"": 7.0}"
HarvardX,2,aligned,0,7272,NICE,bounded+edit,NICE_bounded+edit,1,OK,0.0,0.005958080291748047,0.6014639411725021,3.0,"{""nevents"": 66.0, ""ndays_act"": 21.0, ""nchapters"": 7.0}"
HarvardX,2,aligned,0,7272,MCCE,native,MCCE_native,1,OK,0.0,0.04253268241882324,1.0236906609098473,3.0,"{""nevents"": 83.0, ""ndays_act"": 25.0, ""nchapters"": 9.0}"
HarvardX,2,aligned,0,7272,MCCE,bounded,MCCE_bounded,1,OK,0.0,0.04253268241882324,1.0236906609098473,3.0,"{""nevents"": 83.0, ""ndays_act"": 25.0, ""nchapters"": 9.0}"
HarvardX,2,aligned,0,7272,MCCE,bounded+edit,MCCE_bounded+edit,1,OK,0.0,0.04253268241882324,1.0236906609098473,3.0,"{""nevents"": 83.0, ""ndays_act"": 25.0, ""nchapters"": 9.0}"
HarvardX,2,aligned,0,7308,NICE,native,NICE_native,1,OK,0.0,0.005855083465576172,0.6014639411725021,3.0,"{""nevents"": 66.0, ""ndays_act"": 21.0, ""nchapters"": 7.0}"
HarvardX,2,aligned,0,7308,NICE,bounded,NICE_bounded,1,OK,0.0,0.005855083465576172,0.6014639411725021,3.0,"{""nevents"": 66.0, ""ndays_act"": 21.0, ""nchapters"": 7.0}"
HarvardX,2,aligned,0,7308,NICE,bounded+edit,NICE_bounded+edit,1,OK,0.0,0.005855083465576172,0.6014639411725021,3.0,"{""nevents"": 66.0, ""ndays_act"": 21.0, ""nchapters"": 7.0}"
HarvardX,2,aligned,0,7308,MCCE,native,MCCE_native,1,OK,0.0,0.046976566314697266,1.0236906609098473,3.0,"{""nevents"": 83.0, ""ndays_act"": 25.0, ""nchapters"": 9.0}"
HarvardX,2,aligned,0,7308,MCCE,bounded,MCCE_bounded,1,OK,0.0,0.046976566314697266,1.0236906609098473,3.0,"{""nevents"": 83.0, ""ndays_act"": 25.0, ""nchapters"": 9.0}"
HarvardX,2,aligned,0,7308,MCCE,bounded+edit,MCCE_bounded+edit,1,OK,0.0,0.046976566314697266,1.0236906609098473,3.0,"{""nevents"": 83.0, ""ndays_act"": 25.0, ""nchapters"": 9.0}"
HarvardX,2,aligned,0,7367,NICE,native,NICE_native,1,OK,0.0,0.005112886428833008,0.10689655172413794,2.0,"{""nevents"": 9.0, ""ndays_act"": 7.0, ""nchapters"": 12.0}"
HarvardX,2,aligned,0,7367,NICE,bounded,NICE_bounded,1,OK,0.0,0.005112886428833008,0.10689655172413794,2.0,"{""nevents"": 9.0, ""ndays_act"": 7.0, ""nchapters"": 12.0}"
HarvardX,2,aligned,0,7367,NICE,bounded+edit,NICE_bounded+edit,1,OK,0.0,0.005112886428833008,0.10689655172413794,2.0,"{""nevents"": 9.0, ""ndays_act"": 7.0, ""nchapters"": 12.0}"
HarvardX,2,aligned,0,7367,MCCE,native,MCCE_native,1,OK,0.0,0.026135921478271484,0.19563218390804596,2.0,"{""nevents"": 25.0, ""ndays_act"": 11.0, ""nchapters"": 12.0}"
HarvardX,2,aligned,0,7367,MCCE,bounded,MCCE_bounded,1,OK,0.0,0.026135921478271484,0.19563218390804596,2.0,"{""nevents"": 25.0, ""ndays_act"": 11.0, ""nchapters"": 12.0}"
HarvardX,2,aligned,0,7367,MCCE,bounded+edit,MCCE_bounded+edit,1,OK,0.0,0.026135921478271484,0.19563218390804596,2.0,"{""nevents"": 25.0, ""ndays_act"": 11.0, ""nchapters"": 12.0}"
HarvardX,2,aligned,0,7396,NICE,native,NICE_native,0,out_of_bounds:nevents,0.0,0.004946470260620117,0.3137100994243851,2.0,"{""nevents"": 34.0, ""ndays_act"": 14.0, ""nchapters"": 10.0}"
HarvardX,2,aligned,0,7396,NICE,bounded,NICE_bounded,0,classifier_target_not_met,0.0,0.004946470260620117,0.04081632653061224,1.0,"{""nevents"": 183.0, ""ndays_act"": 14.0, ""nchapters"": 10.0}"
HarvardX,2,aligned,0,7396,NICE,bounded+edit,NICE_bounded+edit,0,classifier_target_not_met,0.0,0.004946470260620117,0.04081632653061224,1.0,"{""nevents"": 183.0, ""ndays_act"": 14.0, ""nchapters"": 10.0}"
HarvardX,2,aligned,0,7396,MCCE,native,MCCE_native,0,out_of_bounds:nevents,0.0,0.07958364486694336,0.35688121402407114,2.0,"{""nevents"": 55.0, ""ndays_act"": 18.0, ""nchapters"": 10.0}"
HarvardX,2,aligned,0,7396,MCCE,bounded,MCCE_bounded,1,OK,0.0,0.07958364486694336,0.4840397697540555,2.0,"{""nevents"": 191.0, ""ndays_act"": 35.0, ""nchapters"": 10.0}"
HarvardX,2,aligned,0,7396,MCCE,bounded+edit,MCCE_bounded+edit,1,OK,0.0,0.07958364486694336,0.4840397697540555,2.0,"{""nevents"": 191.0, ""ndays_act"": 35.0, ""nchapters"": 10.0}"
HarvardX,2,aligned,0,7434,NICE,native,NICE_native,0,out_of_bounds:nevents,0.0,0.003591775894165039,0.20784313725490197,1.0,"{""nevents"": 113.0, ""ndays_act"": 22.0, ""nchapters"": 10.0}"
HarvardX,2,aligned,0,7434,NICE,bounded,NICE_bounded,0,classifier_target_not_met,0.0,0.003591775894165039,0.0,0.0,"{""nevents"": 219.0, ""ndays_act"": 22.0, ""nchapters"": 10.0}"
HarvardX,2,aligned,0,7434,NICE,bounded+edit,NICE_bounded+edit,0,classifier_target_not_met,0.0,0.003591775894165039,0.0,0.0,"{""nevents"": 219.0, ""ndays_act"": 22.0, ""nchapters"": 10.0}"
HarvardX,2,aligned,0,7434,MCCE,native,MCCE_native,0,out_of_bounds:nevents;out_of_bounds:ndays_act,0.0,0.0430750846862793,0.424132730015083,2.0,"{""nevents"": 55.0, ""ndays_act"": 18.0, ""nchapters"": 10.0}"
HarvardX,2,aligned,0,7434,MCCE,bounded,MCCE_bounded,1,OK,0.0,0.0430750846862793,0.7366515837104073,2.0,"{""nevents"": 307.0, ""ndays_act"": 44.0, ""nchapters"": 10.0}"
HarvardX,2,aligned,0,7434,MCCE,bounded+edit,MCCE_bounded+edit,1,OK,0.0,0.0430750846862793,0.7366515837104073,2.0,"{""nevents"": 307.0, ""ndays_act"": 44.0, ""nchapters"": 10.0}"
HarvardX,2,aligned,0,7464,NICE,native,NICE_native,0,out_of_bounds:nevents,0.0,0.006271839141845703,0.49281925744594035,3.0,"{""nevents"": 66.0, ""ndays_act"": 21.0, ""nchapters"": 7.0}"
HarvardX,2,aligned,0,7464,NICE,bounded,NICE_bounded,0,classifier_target_not_met,0.0,0.006271839141845703,0.4649122807017544,2.0,"{""nevents"": 84.0, ""ndays_act"": 21.0, ""nchapters"": 7.0}"
HarvardX,2,aligned,0,7464,NICE,bounded+edit,NICE_bounded+edit,0,classifier_target_not_met,0.0,0.006271839141845703,0.4649122807017544,2.0,"{""nevents"": 84.0, ""ndays_act"": 21.0, ""nchapters"": 7.0}"
HarvardX,2,aligned,0,7464,MCCE,native,MCCE_native,0,out_of_bounds:nevents,0.0,0.0441746711730957,0.8699714402284782,3.0,"{""nevents"": 83.0, ""ndays_act"": 25.0, ""nchapters"": 9.0}"
HarvardX,2,aligned,0,7464,MCCE,bounded,MCCE_bounded,1,OK,0.0,0.0441746711730957,1.0419012647898818,3.0,"{""nevents"": 128.0, ""ndays_act"": 31.0, ""nchapters"": 9.0}"
HarvardX,2,aligned,0,7464,MCCE,bounded+edit,MCCE_bounded+edit,1,OK,0.0,0.0441746711730957,1.0419012647898818,3.0,"{""nevents"": 128.0, ""ndays_act"": 31.0, ""nchapters"": 9.0}"
HarvardX,2,aligned,0,7491,NICE,native,NICE_native,0,out_of_bounds:nevents,0.0,0.003618478775024414,0.09713024282560706,1.0,"{""nevents"": 232.0, ""ndays_act"": 25.0, ""nchapters"": 12.0}"
HarvardX,2,aligned,0,7491,NICE,bounded,NICE_bounded,0,classifier_target_not_met,0.0,0.003618478775024414,0.0,0.0,"{""nevents"": 276.0, ""ndays_act"": 25.0, ""nchapters"": 12.0}"
HarvardX,2,aligned,0,7491,NICE,bounded+edit,NICE_bounded+edit,0,classifier_target_not_met,0.0,0.003618478775024414,0.0,0.0,"{""nevents"": 276.0, ""ndays_act"": 25.0, ""nchapters"": 12.0}"
HarvardX,2,aligned,0,7491,MCCE,native,MCCE_native,0,out_of_bounds:nevents,0.0,0.027213096618652344,0.09713024282560706,1.0,"{""nevents"": 232.0, ""ndays_act"": 25.0, ""nchapters"": 12.0}"
HarvardX,2,aligned,0,7491,MCCE,bounded,MCCE_bounded,1,OK,0.0,0.027213096618652344,0.21394407652685798,2.0,"{""nevents"": 310.0, ""ndays_act"": 30.0, ""nchapters"": 12.0}"
HarvardX,2,aligned,0,7491,MCCE,bounded+edit,MCCE_bounded+edit,1,OK,0.0,0.027213096618652344,0.21394407652685798,2.0,"{""nevents"": 310.0, ""ndays_act"": 30.0, ""nchapters"": 12.0}"
HarvardX,2,aligned,0,7532,NICE,native,NICE_native,0,out_of_bounds:nevents,0.0,0.004696846008300781,0.12406015037593984,2.0,"{""nevents"": 9.0, ""ndays_act"": 7.0, ""nchapters"": 12.0}"
HarvardX,2,aligned,0,7532,NICE,bounded,NICE_bounded,0,classifier_target_not_met,0.0,0.004696846008300781,0.05263157894736842,1.0,"{""nevents"": 57.0, ""ndays_act"": 7.0, ""nchapters"": 12.0}"
HarvardX,2,aligned,0,7532,NICE,bounded+edit,NICE_bounded+edit,0,classifier_target_not_met,0.0,0.004696846008300781,0.05263157894736842,1.0,"{""nevents"": 57.0, ""ndays_act"": 7.0, ""nchapters"": 12.0}"
HarvardX,2,aligned,0,7532,MCCE,native,MCCE_native,1,OK,0.0,0.03275895118713379,0.3157894736842105,1.0,"{""nevents"": 57.0, ""ndays_act"": 22.0, ""nchapters"": 12.0}"
HarvardX,2,aligned,0,7532,MCCE,bounded,MCCE_bounded,1,OK,0.0,0.03275895118713379,0.3157894736842105,1.0,"{""nevents"": 57.0, ""ndays_act"": 22.0, ""nchapters"": 12.0}"
HarvardX,2,aligned,0,7532,MCCE,bounded+edit,MCCE_bounded+edit,1,OK,0.0,0.03275895118713379,0.3157894736842105,1.0,"{""nevents"": 57.0, ""ndays_act"": 22.0, ""nchapters"": 12.0}"
HarvardX,2,aligned,0,7538,NICE,native,NICE_native,1,OK,0.0,0.011497735977172852,0.4117513611615245,2.0,"{""nevents"": 112.0, ""ndays_act"": 21.0, ""nchapters"": 9.0}"
HarvardX,2,aligned,0,7538,NICE,bounded,NICE_bounded,1,OK,0.0,0.011497735977172852,0.4117513611615245,2.0,"{""nevents"": 112.0, ""ndays_act"": 21.0, ""nchapters"": 9.0}"
HarvardX,2,aligned,0,7538,NICE,bounded+edit,NICE_bounded+edit,1,OK,0.0,0.011497735977172852,0.4117513611615245,2.0,"{""nevents"": 112.0, ""ndays_act"": 21.0, ""nchapters"": 9.0}"
HarvardX,2,aligned,0,7538,MCCE,native,MCCE_native,1,OK,0.0,0.051126956939697266,0.44026013309134904,2.0,"{""nevents"": 83.0, ""ndays_act"": 25.0, ""nchapters"": 9.0}"
HarvardX,2,aligned,0,7538,MCCE,bounded,MCCE_bounded,1,OK,0.0,0.051126956939697266,0.44026013309134904,2.0,"{""nevents"": 83.0, ""ndays_act"": 25.0, ""nchapters"": 9.0}"
HarvardX,2,aligned,0,7538,MCCE,bounded+edit,MCCE_bounded+edit,1,OK,0.0,0.051126956939697266,0.44026013309134904,2.0,"{""nevents"": 83.0, ""ndays_act"": 25.0, ""nchapters"": 9.0}"
HarvardX,2,aligned,0,7562,NICE,native,NICE_native,1,OK,0.0,0.004766702651977539,0.4163208852005532,2.0,"{""nevents"": 66.0, ""ndays_act"": 21.0, ""nchapters"": 7.0}"
HarvardX,2,aligned,0,7562,NICE,bounded,NICE_bounded,1,OK,0.0,0.004766702651977539,0.4163208852005532,2.0,"{""nevents"": 66.0, ""ndays_act"": 21.0, ""nchapters"": 7.0}"
HarvardX,2,aligned,0,7562,NICE,bounded+edit,NICE_bounded+edit,1,OK,0.0,0.004766702651977539,0.4163208852005532,2.0,"{""nevents"": 66.0, ""ndays_act"": 21.0, ""nchapters"": 7.0}"
HarvardX,2,aligned,0,7562,MCCE,native,MCCE_native,1,OK,0.0,0.047389984130859375,0.9065006915629322,3.0,"{""nevents"": 83.0, ""ndays_act"": 25.0, ""nchapters"": 9.0}"
HarvardX,2,aligned,0,7562,MCCE,bounded,MCCE_bounded,1,OK,0.0,0.047389984130859375,0.9065006915629322,3.0,"{""nevents"": 83.0, ""ndays_act"": 25.0, ""nchapters"": 9.0}"
HarvardX,2,aligned,0,7562,MCCE,bounded+edit,MCCE_bounded+edit,1,OK,0.0,0.047389984130859375,0.9065006915629322,3.0,"{""nevents"": 83.0, ""ndays_act"": 25.0, ""nchapters"": 9.0}"
HarvardX,2,aligned,0,7568,NICE,native,NICE_native,1,OK,0.0,0.00896310806274414,0.6014639411725021,3.0,"{""nevents"": 66.0, ""ndays_act"": 21.0, ""nchapters"": 7.0}"
HarvardX,2,aligned,0,7568,NICE,bounded,NICE_bounded,1,OK,0.0,0.00896310806274414,0.6014639411725021,3.0,"{""nevents"": 66.0, ""ndays_act"": 21.0, ""nchapters"": 7.0}"
HarvardX,2,aligned,0,7568,NICE,bounded+edit,NICE_bounded+edit,1,OK,0.0,0.00896310806274414,0.6014639411725021,3.0,"{""nevents"": 66.0, ""ndays_act"": 21.0, ""nchapters"": 7.0}"
HarvardX,2,aligned,0,7568,MCCE,native,MCCE_native,1,OK,0.0,0.048770904541015625,1.0236906609098473,3.0,"{""nevents"": 83.0, ""ndays_act"": 25.0, ""nchapters"": 9.0}"
HarvardX,2,aligned,0,7568,MCCE,bounded,MCCE_bounded,1,OK,0.0,0.048770904541015625,1.0236906609098473,3.0,"{""nevents"": 83.0, ""ndays_act"": 25.0, ""nchapters"": 9.0}"
HarvardX,2,aligned,0,7568,MCCE,bounded+edit,MCCE_bounded+edit,1,OK,0.0,0.048770904541015625,1.0236906609098473,3.0,"{""nevents"": 83.0, ""ndays_act"": 25.0, ""nchapters"": 9.0}"
HarvardX,2,aligned,0,7579,NICE,native,NICE_native,0,out_of_bounds:nevents,0.0,0.023115158081054688,0.29187426397318594,2.0,"{""nevents"": 9.0, ""ndays_act"": 7.0, ""nchapters"": 12.0}"
HarvardX,2,aligned,0,7579,NICE,bounded,NICE_bounded,0,classifier_target_not_met,0.0,0.023115158081054688,0.05263157894736842,1.0,"{""nevents"": 148.0, ""ndays_act"": 7.0, ""nchapters"": 12.0}"
HarvardX,2,aligned,0,7579,NICE,bounded+edit,NICE_bounded+edit,0,classifier_target_not_met,0.0,0.023115158081054688,0.05263157894736842,1.0,"{""nevents"": 148.0, ""ndays_act"": 7.0, ""nchapters"": 12.0}"
HarvardX,2,aligned,0,7579,MCCE,native,MCCE_native,0,out_of_bounds:nevents,0.0,0.048038482666015625,0.33451097623577014,2.0,"{""nevents"": 25.0, ""ndays_act"": 11.0, ""nchapters"": 12.0}"
HarvardX,2,aligned,0,7579,MCCE,bounded,MCCE_bounded,1,OK,0.0,0.048038482666015625,0.32439532566355644,2.0,"{""nevents"": 153.0, ""ndays_act"": 22.0, ""nchapters"": 12.0}"
HarvardX,2,aligned,0,7579,MCCE,bounded+edit,MCCE_bounded+edit,1,OK,0.0,0.048038482666015625,0.32439532566355644,2.0,"{""nevents"": 153.0, ""ndays_act"": 22.0, ""nchapters"": 12.0}"
HarvardX,2,aligned,0,7634,NICE,native,NICE_native,1,OK,0.0,0.00625157356262207,0.5389346270704695,3.0,"{""nevents"": 66.0, ""ndays_act"": 21.0, ""nchapters"": 7.0}"
HarvardX,2,aligned,0,7634,NICE,bounded,NICE_bounded,1,OK,0.0,0.00625157356262207,0.5389346270704695,3.0,"{""nevents"": 66.0, ""ndays_act"": 21.0, ""nchapters"": 7.0}"
HarvardX,2,aligned,0,7634,NICE,bounded+edit,NICE_bounded+edit,1,OK,0.0,0.00625157356262207,0.5389346270704695,3.0,"{""nevents"": 66.0, ""ndays_act"": 21.0, ""nchapters"": 7.0}"
HarvardX,2,aligned,0,7634,MCCE,native,MCCE_native,1,OK,0.0,0.04892849922180176,0.9661864157600706,3.0,"{""nevents"": 83.0, ""ndays_act"": 25.0, ""nchapters"": 9.0}"
HarvardX,2,aligned,0,7634,MCCE,bounded,MCCE_bounded,1,OK,0.0,0.04892849922180176,0.9661864157600706,3.0,"{""nevents"": 83.0, ""ndays_act"": 25.0, ""nchapters"": 9.0}"
HarvardX,2,aligned,0,7634,MCCE,bounded+edit,MCCE_bounded+edit,1,OK,0.0,0.04892849922180176,0.9661864157600706,3.0,"{""nevents"": 83.0, ""ndays_act"": 25.0, ""nchapters"": 9.0}"
HarvardX,2,aligned,0,7635,NICE,native,NICE_native,0,out_of_bounds:nevents,0.0,0.0035202503204345703,0.05063291139240506,1.0,"{""nevents"": 65.0, ""ndays_act"": 17.0, ""nchapters"": 12.0}"
HarvardX,2,aligned,0,7635,NICE,bounded,NICE_bounded,0,classifier_target_not_met,0.0,0.0035202503204345703,0.0,0.0,"{""nevents"": 97.0, ""ndays_act"": 17.0, ""nchapters"": 12.0}"
HarvardX,2,aligned,0,7635,NICE,bounded+edit,NICE_bounded+edit,0,classifier_target_not_met,0.0,0.0035202503204345703,0.0,0.0,"{""nevents"": 97.0, ""ndays_act"": 17.0, ""nchapters"": 12.0}"
HarvardX,2,aligned,0,7635,MCCE,native,MCCE_native,0,out_of_bounds:nevents,0.0,0.03722190856933594,0.06487341772151899,1.0,"{""nevents"": 56.0, ""ndays_act"": 17.0, ""nchapters"": 12.0}"
HarvardX,2,aligned,0,7635,MCCE,bounded,MCCE_bounded,1,OK,0.0,0.03722190856933594,0.06444188722669736,2.0,"{""nevents"": 109.0, ""ndays_act"": 19.0, ""nchapters"": 12.0}"
HarvardX,2,aligned,0,7635,MCCE,bounded+edit,MCCE_bounded+edit,1,OK,0.0,0.03722190856933594,0.06444188722669736,2.0,"{""nevents"": 109.0, ""ndays_act"": 19.0, ""nchapters"": 12.0}"
HarvardX,2,aligned,0,7653,NICE,native,NICE_native,0,out_of_bounds:nevents,0.0,0.0037965774536132812,0.05726872246696035,1.0,"{""nevents"": 9.0, ""ndays_act"": 7.0, ""nchapters"": 12.0}"
HarvardX,2,aligned,0,7653,NICE,bounded,NICE_bounded,0,classifier_target_not_met,0.0,0.0037965774536132812,0.0,0.0,"{""nevents"": 48.0, ""ndays_act"": 7.0, ""nchapters"": 12.0}"
HarvardX,2,aligned,0,7653,NICE,bounded+edit,NICE_bounded+edit,0,classifier_target_not_met,0.0,0.0037965774536132812,0.0,0.0,"{""nevents"": 48.0, ""ndays_act"": 7.0, ""nchapters"": 12.0}"
HarvardX,2,aligned,0,7653,MCCE,native,MCCE_native,1,OK,0.0,0.02655649185180664,0.1111111111111111,1.0,"{""nevents"": 48.0, ""ndays_act"": 13.0, ""nchapters"": 12.0}"
HarvardX,2,aligned,0,7653,MCCE,bounded,MCCE_bounded,1,OK,0.0,0.02655649185180664,0.1111111111111111,1.0,"{""nevents"": 48.0, ""ndays_act"": 13.0, ""nchapters"": 12.0}"
HarvardX,2,aligned,0,7653,MCCE,bounded+edit,MCCE_bounded+edit,1,OK,0.0,0.02655649185180664,0.1111111111111111,1.0,"{""nevents"": 48.0, ""ndays_act"": 13.0, ""nchapters"": 12.0}"
HarvardX,2,aligned,0,7683,NICE,native,NICE_native,1,OK,0.0,0.0046770572662353516,0.12709977737300143,2.0,"{""nevents"": 9.0, ""ndays_act"": 7.0, ""nchapters"": 12.0}"
HarvardX,2,aligned,0,7683,NICE,bounded,NICE_bounded,1,OK,0.0,0.0046770572662353516,0.12709977737300143,2.0,"{""nevents"": 9.0, ""ndays_act"": 7.0, ""nchapters"": 12.0}"
HarvardX,2,aligned,0,7683,NICE,bounded+edit,NICE_bounded+edit,1,OK,0.0,0.0046770572662353516,0.12709977737300143,2.0,"{""nevents"": 9.0, ""ndays_act"": 7.0, ""nchapters"": 12.0}"
HarvardX,2,aligned,0,7683,MCCE,native,MCCE_native,1,OK,0.0,0.02819514274597168,0.21462142166453035,2.0,"{""nevents"": 25.0, ""ndays_act"": 11.0, ""nchapters"": 12.0}"
HarvardX,2,aligned,0,7683,MCCE,bounded,MCCE_bounded,1,OK,0.0,0.02819514274597168,0.21462142166453035,2.0,"{""nevents"": 25.0, ""ndays_act"": 11.0, ""nchapters"": 12.0}"
HarvardX,2,aligned,0,7683,MCCE,bounded+edit,MCCE_bounded+edit,1,OK,0.0,0.02819514274597168,0.21462142166453035,2.0,"{""nevents"": 25.0, ""ndays_act"": 11.0, ""nchapters"": 12.0}"
HarvardX,2,aligned,0,7692,NICE,native,NICE_native,0,out_of_bounds:nevents,0.0,0.004763364791870117,0.18524458700882118,2.0,"{""nevents"": 9.0, ""ndays_act"": 7.0, ""nchapters"": 12.0}"
HarvardX,2,aligned,0,7692,NICE,bounded,NICE_bounded,0,classifier_target_not_met,0.0,0.004763364791870117,0.06896551724137931,1.0,"{""nevents"": 84.0, ""ndays_act"": 7.0, ""nchapters"": 12.0}"
HarvardX,2,aligned,0,7692,NICE,bounded+edit,NICE_bounded+edit,0,classifier_target_not_met,0.0,0.004763364791870117,0.06896551724137931,1.0,"{""nevents"": 84.0, ""ndays_act"": 7.0, ""nchapters"": 12.0}"
HarvardX,2,aligned,0,7692,MCCE,native,MCCE_native,0,out_of_bounds:nevents,0.0,0.02765035629272461,0.22940390269981287,2.0,"{""nevents"": 25.0, ""ndays_act"": 11.0, ""nchapters"": 12.0}"
HarvardX,2,aligned,0,7692,MCCE,bounded,MCCE_bounded,1,OK,0.0,0.02765035629272461,0.31462175888799787,2.0,"{""nevents"": 109.0, ""ndays_act"": 19.0, ""nchapters"": 12.0}"
HarvardX,2,aligned,0,7692,MCCE,bounded+edit,MCCE_bounded+edit,1,OK,0.0,0.02765035629272461,0.31462175888799787,2.0,"{""nevents"": 109.0, ""ndays_act"": 19.0, ""nchapters"": 12.0}"
HarvardX,2,aligned,0,7734,NICE,native,NICE_native,0,out_of_bounds:nevents,0.0,0.004803895950317383,0.37600832682799895,2.0,"{""nevents"": 52.0, ""ndays_act"": 19.0, ""nchapters"": 8.0}"
HarvardX,2,aligned,0,7734,NICE,bounded,NICE_bounded,0,classifier_target_not_met,0.0,0.004803895950317383,0.14285714285714285,1.0,"{""nevents"": 180.0, ""ndays_act"": 19.0, ""nchapters"": 8.0}"
HarvardX,2,aligned,0,7734,NICE,bounded+edit,NICE_bounded+edit,0,classifier_target_not_met,0.0,0.004803895950317383,0.14285714285714285,1.0,"{""nevents"": 180.0, ""ndays_act"": 19.0, ""nchapters"": 8.0}"
HarvardX,2,aligned,0,7734,MCCE,native,MCCE_native,0,out_of_bounds:nevents,0.0,0.07375001907348633,0.691991004051894,3.0,"{""nevents"": 83.0, ""ndays_act"": 25.0, ""nchapters"": 9.0}"
HarvardX,2,aligned,0,7734,MCCE,bounded,MCCE_bounded,1,OK,0.0,0.07375001907348633,0.9894241849745362,3.0,"{""nevents"": 191.0, ""ndays_act"": 35.0, ""nchapters"": 10.0}"
HarvardX,2,aligned,0,7734,MCCE,bounded+edit,MCCE_bounded+edit,1,OK,0.0,0.07375001907348633,0.9894241849745362,3.0,"{""nevents"": 191.0, ""ndays_act"": 35.0, ""nchapters"": 10.0}"
HarvardX,2,aligned,0,7748,NICE,native,NICE_native,0,out_of_bounds:nevents,0.0,0.007253170013427734,0.06774450039756162,2.0,"{""nevents"": 9.0, ""ndays_act"": 7.0, ""nchapters"": 12.0}"
HarvardX,2,aligned,0,7748,NICE,bounded,NICE_bounded,0,classifier_target_not_met,0.0,0.007253170013427734,0.01818181818181818,1.0,"{""nevents"": 43.0, ""ndays_act"": 7.0, ""nchapters"": 12.0}"
HarvardX,2,aligned,0,7748,NICE,bounded+edit,NICE_bounded+edit,0,classifier_target_not_met,0.0,0.007253170013427734,0.01818181818181818,1.0,"{""nevents"": 43.0, ""ndays_act"": 7.0, ""nchapters"": 12.0}"
HarvardX,2,aligned,0,7748,MCCE,native,MCCE_native,0,out_of_bounds:nevents,0.0,0.028145551681518555,0.1171481579644845,2.0,"{""nevents"": 25.0, ""ndays_act"": 11.0, ""nchapters"": 12.0}"
HarvardX,2,aligned,0,7748,MCCE,bounded,MCCE_bounded,1,OK,0.0,0.028145551681518555,0.13456135701033659,2.0,"{""nevents"": 48.0, ""ndays_act"": 13.0, ""nchapters"": 12.0}"
HarvardX,2,aligned,0,7748,MCCE,bounded+edit,MCCE_bounded+edit,1,OK,0.0,0.028145551681518555,0.13456135701033659,2.0,"{""nevents"": 48.0, ""ndays_act"": 13.0, ""nchapters"": 12.0}"
HarvardX,2,aligned,0,7772,NICE,native,NICE_native,1,OK,0.0,0.006447553634643555,0.05952813067150635,2.0,"{""nevents"": 9.0, ""ndays_act"": 7.0, ""nchapters"": 12.0}"
HarvardX,2,aligned,0,7772,NICE,bounded,NICE_bounded,1,OK,0.0,0.006447553634643555,0.05952813067150635,2.0,"{""nevents"": 9.0, ""ndays_act"": 7.0, ""nchapters"": 12.0}"
HarvardX,2,aligned,0,7772,NICE,bounded+edit,NICE_bounded+edit,1,OK,0.0,0.006447553634643555,0.05952813067150635,2.0,"{""nevents"": 9.0, ""ndays_act"": 7.0, ""nchapters"": 12.0}"
HarvardX,2,aligned,0,7772,MCCE,native,MCCE_native,1,OK,0.0,0.02713751792907715,0.15177253478523894,2.0,"{""nevents"": 25.0, ""ndays_act"": 11.0, ""nchapters"": 12.0}"
HarvardX,2,aligned,0,7772,MCCE,bounded,MCCE_bounded,1,OK,0.0,0.02713751792907715,0.15177253478523894,2.0,"{""nevents"": 25.0, ""ndays_act"": 11.0, ""nchapters"": 12.0}"
HarvardX,2,aligned,0,7772,MCCE,bounded+edit,MCCE_bounded+edit,1,OK,0.0,0.02713751792907715,0.15177253478523894,2.0,"{""nevents"": 25.0, ""ndays_act"": 11.0, ""nchapters"": 12.0}"
HarvardX,2,aligned,0,7790,NICE,native,NICE_native,0,out_of_bounds:nevents,0.0,0.0035963058471679688,0.1708253358925144,1.0,"{""nevents"": 119.0, ""ndays_act"": 20.0, ""nchapters"": 12.0}"
HarvardX,2,aligned,0,7790,NICE,bounded,NICE_bounded,0,classifier_target_not_met,0.0,0.0035963058471679688,0.0,0.0,"{""nevents"": 208.0, ""ndays_act"": 20.0, ""nchapters"": 12.0}"
HarvardX,2,aligned,0,7790,NICE,bounded+edit,NICE_bounded+edit,0,classifier_target_not_met,0.0,0.0035963058471679688,0.0,0.0,"{""nevents"": 208.0, ""ndays_act"": 20.0, ""nchapters"": 12.0}"
HarvardX,2,aligned,0,7790,MCCE,native,MCCE_native,0,out_of_bounds:nevents,0.0,0.02622818946838379,0.2591170825335892,1.0,"{""nevents"": 73.0, ""ndays_act"": 20.0, ""nchapters"": 12.0}"
HarvardX,2,aligned,0,7790,MCCE,bounded,MCCE_bounded,1,OK,0.0,0.02622818946838379,0.16801647862927765,2.0,"{""nevents"": 232.0, ""ndays_act"": 25.0, ""nchapters"": 12.0}"
HarvardX,2,aligned,0,7790,MCCE,bounded+edit,MCCE_bounded+edit,1,OK,0.0,0.02622818946838379,0.16801647862927765,2.0,"{""nevents"": 232.0, ""ndays_act"": 25.0, ""nchapters"": 12.0}"
HarvardX,2,aligned,0,7791,NICE,native,NICE_native,0,out_of_bounds:nevents,0.0,0.005305767059326172,0.3269678621332091,2.0,"{""nevents"": 9.0, ""ndays_act"": 7.0, ""nchapters"": 12.0}"
HarvardX,2,aligned,0,7791,NICE,bounded,NICE_bounded,0,classifier_target_not_met,0.0,0.005305767059326172,0.05263157894736842,1.0,"{""nevents"": 164.0, ""ndays_act"": 7.0, ""nchapters"": 12.0}"
HarvardX,2,aligned,0,7791,NICE,bounded+edit,NICE_bounded+edit,0,classifier_target_not_met,0.0,0.005305767059326172,0.05263157894736842,1.0,"{""nevents"": 164.0, ""ndays_act"": 7.0, ""nchapters"": 12.0}"
HarvardX,2,aligned,0,7791,MCCE,native,MCCE_native,0,out_of_bounds:nevents,0.0,0.02745199203491211,0.36882471665890393,2.0,"{""nevents"": 25.0, ""ndays_act"": 11.0, ""nchapters"": 12.0}"
HarvardX,2,aligned,0,7791,MCCE,bounded,MCCE_bounded,1,OK,0.0,0.02745199203491211,0.4091290172333488,2.0,"{""nevents"": 187.0, ""ndays_act"": 25.0, ""nchapters"": 12.0}"
HarvardX,2,aligned,0,7791,MCCE,bounded+edit,MCCE_bounded+edit,1,OK,0.0,0.02745199203491211,0.4091290172333488,2.0,"{""nevents"": 187.0, ""ndays_act"": 25.0, ""nchapters"": 12.0}"
HarvardX,2,aligned,0,7843,NICE,native,NICE_native,0,out_of_bounds:nevents,0.0,0.005979299545288086,0.5756820181871517,3.0,"{""nevents"": 66.0, ""ndays_act"": 21.0, ""nchapters"": 7.0}"
HarvardX,2,aligned,0,7843,NICE,bounded,NICE_bounded,0,classifier_target_not_met,0.0,0.005979299545288086,0.21428571428571427,2.0,"{""nevents"": 242.0, ""ndays_act"": 21.0, ""nchapters"": 7.0}"
HarvardX,2,aligned,0,7843,NICE,bounded+edit,NICE_bounded+edit,0,classifier_target_not_met,0.0,0.005979299545288086,0.21428571428571427,2.0,"{""nevents"": 242.0, ""ndays_act"": 21.0, ""nchapters"": 7.0}"
HarvardX,2,aligned,0,7843,MCCE,native,MCCE_native,0,out_of_bounds:nevents,0.0,0.042798519134521484,1.404517453798768,2.0,"{""nevents"": 45.0, ""ndays_act"": 19.0, ""nchapters"": 12.0}"
HarvardX,2,aligned,0,7843,MCCE,bounded,MCCE_bounded,1,OK,0.0,0.042798519134521484,1.3953749877774517,3.0,"{""nevents"": 307.0, ""ndays_act"": 44.0, ""nchapters"": 10.0}"
HarvardX,2,aligned,0,7843,MCCE,bounded+edit,MCCE_bounded+edit,1,OK,0.0,0.042798519134521484,1.3953749877774517,3.0,"{""nevents"": 307.0, ""ndays_act"": 44.0, ""nchapters"": 10.0}"
HarvardX,2,aligned,0,7885,NICE,native,NICE_native,1,OK,0.0,0.004759311676025391,0.49789741168004675,2.0,"{""nevents"": 112.0, ""ndays_act"": 21.0, ""nchapters"": 9.0}"
HarvardX,2,aligned,0,7885,NICE,bounded,NICE_bounded,1,OK,0.0,0.004759311676025391,0.49789741168004675,2.0,"{""nevents"": 112.0, ""ndays_act"": 21.0, ""nchapters"": 9.0}"
HarvardX,2,aligned,0,7885,NICE,bounded+edit,NICE_bounded+edit,1,OK,0.0,0.004759311676025391,0.49789741168004675,2.0,"{""nevents"": 112.0, ""ndays_act"": 21.0, ""nchapters"": 9.0}"
HarvardX,2,aligned,0,7885,MCCE,native,MCCE_native,1,OK,0.0,0.041910648345947266,0.5236906609098473,2.0,"{""nevents"": 83.0, ""ndays_act"": 25.0, ""nchapters"": 9.0}"
HarvardX,2,aligned,0,7885,MCCE,bounded,MCCE_bounded,1,OK,0.0,0.041910648345947266,0.5236906609098473,2.0,"{""nevents"": 83.0, ""ndays_act"": 25.0, ""nchapters"": 9.0}"
HarvardX,2,aligned,0,7885,MCCE,bounded+edit,MCCE_bounded+edit,1,OK,0.0,0.041910648345947266,0.5236906609098473,2.0,"{""nevents"": 83.0, ""ndays_act"": 25.0, ""nchapters"": 9.0}"
HarvardX,2,aligned,0,7889,NICE,native,NICE_native,1,OK,0.0,0.0046710968017578125,0.17765184735433673,2.0,"{""nevents"": 10.0, ""ndays_act"": 10.0, ""nchapters"": 10.0}"
HarvardX,2,aligned,0,7889,NICE,bounded,NICE_bounded,1,OK,0.0,0.0046710968017578125,0.17765184735433673,2.0,"{""nevents"": 10.0, ""ndays_act"": 10.0, ""nchapters"": 10.0}"
HarvardX,2,aligned,0,7889,NICE,bounded+edit,NICE_bounded+edit,1,OK,0.0,0.0046710968017578125,0.17765184735433673,2.0,"{""nevents"": 10.0, ""ndays_act"": 10.0, ""nchapters"": 10.0}"
HarvardX,2,aligned,0,7889,MCCE,native,MCCE_native,1,OK,0.0,0.0435483455657959,0.3705277833996717,2.0,"{""nevents"": 55.0, ""ndays_act"": 18.0, ""nchapters"": 10.0}"
HarvardX,2,aligned,0,7889,MCCE,bounded,MCCE_bounded,1,OK,0.0,0.0435483455657959,0.3705277833996717,2.0,"{""nevents"": 55.0, ""ndays_act"": 18.0, ""nchapters"": 10.0}"
HarvardX,2,aligned,0,7889,MCCE,bounded+edit,MCCE_bounded+edit,1,OK,0.0,0.0435483455657959,0.3705277833996717,2.0,"{""nevents"": 55.0, ""ndays_act"": 18.0, ""nchapters"": 10.0}"
HarvardX,2,aligned,0,7894,NICE,native,NICE_native,1,OK,0.0,0.005116939544677734,0.39863556961427693,2.0,"{""nevents"": 66.0, ""ndays_act"": 21.0, ""nchapters"": 7.0}"
HarvardX,2,aligned,0,7894,NICE,bounded,NICE_bounded,1,OK,0.0,0.005116939544677734,0.39863556961427693,2.0,"{""nevents"": 66.0, ""ndays_act"": 21.0, ""nchapters"": 7.0}"
HarvardX,2,aligned,0,7894,NICE,bounded+edit,NICE_bounded+edit,1,OK,0.0,0.005116939544677734,0.39863556961427693,2.0,"{""nevents"": 66.0, ""ndays_act"": 21.0, ""nchapters"": 7.0}"
HarvardX,2,aligned,0,7894,MCCE,native,MCCE_native,1,OK,0.0,0.042578697204589844,0.8901090600066097,3.0,"{""nevents"": 83.0, ""ndays_act"": 25.0, ""nchapters"": 9.0}"
HarvardX,2,aligned,0,7894,MCCE,bounded,MCCE_bounded,1,OK,0.0,0.042578697204589844,0.8901090600066097,3.0,"{""nevents"": 83.0, ""ndays_act"": 25.0, ""nchapters"": 9.0}"
HarvardX,2,aligned,0,7894,MCCE,bounded+edit,MCCE_bounded+edit,1,OK,0.0,0.042578697204589844,0.8901090600066097,3.0,"{""nevents"": 83.0, ""ndays_act"": 25.0, ""nchapters"": 9.0}"
HarvardX,2,aligned,0,7904,NICE,native,NICE_native,1,OK,0.0,0.006016969680786133,0.5817174515235457,3.0,"{""nevents"": 66.0, ""ndays_act"": 21.0, ""nchapters"": 7.0}"
HarvardX,2,aligned,0,7904,NICE,bounded,NICE_bounded,1,OK,0.0,0.006016969680786133,0.5817174515235457,3.0,"{""nevents"": 66.0, ""ndays_act"": 21.0, ""nchapters"": 7.0}"
HarvardX,2,aligned,0,7904,NICE,bounded+edit,NICE_bounded+edit,1,OK,0.0,0.006016969680786133,0.5817174515235457,3.0,"{""nevents"": 66.0, ""ndays_act"": 21.0, ""nchapters"": 7.0}"
HarvardX,2,aligned,0,7904,MCCE,native,MCCE_native,1,OK,0.0,0.05559730529785156,1.0052631578947369,3.0,"{""nevents"": 83.0, ""ndays_act"": 25.0, ""nchapters"": 9.0}"
HarvardX,2,aligned,0,7904,MCCE,bounded,MCCE_bounded,1,OK,0.0,0.05559730529785156,1.0052631578947369,3.0,"{""nevents"": 83.0, ""ndays_act"": 25.0, ""nchapters"": 9.0}"
HarvardX,2,aligned,0,7904,MCCE,bounded+edit,MCCE_bounded+edit,1,OK,0.0,0.05559730529785156,1.0052631578947369,3.0,"{""nevents"": 83.0, ""ndays_act"": 25.0, ""nchapters"": 9.0}"
HarvardX,2,aligned,0,7935,NICE,native,NICE_native,0,out_of_bounds:nevents,0.0,0.0036792755126953125,1.0963855421686748,1.0,"{""nevents"": 33.0, ""ndays_act"": 11.0, ""nchapters"": 12.0}"
HarvardX,2,aligned,0,7935,NICE,bounded,NICE_bounded,0,classifier_target_not_met,0.0,0.0036792755126953125,0.0,0.0,"{""nevents"": 397.0, ""ndays_act"": 11.0, ""nchapters"": 12.0}"
HarvardX,2,aligned,0,7935,NICE,bounded+edit,NICE_bounded+edit,0,classifier_target_not_met,0.0,0.0036792755126953125,0.0,0.0,"{""nevents"": 397.0, ""ndays_act"": 11.0, ""nchapters"": 12.0}"
HarvardX,2,aligned,0,7935,MCCE,native,MCCE_native,0,out_of_bounds:nevents,0.0,0.027666091918945312,1.1204819277108433,1.0,"{""nevents"": 25.0, ""ndays_act"": 11.0, ""nchapters"": 12.0}"
HarvardX,2,aligned,0,7935,MCCE,bounded,MCCE_bounded,1,OK,0.0,0.027666091918945312,0.5380722891566265,2.0,"{""nevents"": 403.0, ""ndays_act"": 37.0, ""nchapters"": 12.0}"
HarvardX,2,aligned,0,7935,MCCE,bounded+edit,MCCE_bounded+edit,1,OK,0.0,0.027666091918945312,0.5380722891566265,2.0,"{""nevents"": 403.0, ""ndays_act"": 37.0, ""nchapters"": 12.0}"
HarvardX,2,aligned,0,7938,NICE,native,NICE_native,0,out_of_bounds:nevents,0.0,0.005688905715942383,1.3030303030303032,2.0,"{""nevents"": 625.0, ""ndays_act"": 23.0, ""nchapters"": 12.0}"
HarvardX,2,aligned,0,7938,NICE,bounded,NICE_bounded,0,classifier_target_not_met,0.0,0.005688905715942383,0.13636363636363635,1.0,"{""nevents"": 681.0, ""ndays_act"": 23.0, ""nchapters"": 12.0}"
HarvardX,2,aligned,0,7938,NICE,bounded+edit,NICE_bounded+edit,0,classifier_target_not_met,0.0,0.005688905715942383,0.13636363636363635,1.0,"{""nevents"": 681.0, ""ndays_act"": 23.0, ""nchapters"": 12.0}"
HarvardX,2,aligned,0,7938,MCCE,native,MCCE_native,0,out_of_bounds:nevents,0.0,0.03482174873352051,13.020833333333334,1.0,"{""nevents"": 56.0, ""ndays_act"": 17.0, ""nchapters"": 12.0}"
HarvardX,2,aligned,0,7938,MCCE,bounded,MCCE_bounded,1,OK,0.0,0.03482174873352051,1.2196969696969697,2.0,"{""nevents"": 697.0, ""ndays_act"": 56.0, ""nchapters"": 12.0}"
HarvardX,2,aligned,0,7938,MCCE,bounded+edit,MCCE_bounded+edit,1,OK,0.0,0.03482174873352051,1.2196969696969697,2.0,"{""nevents"": 697.0, ""ndays_act"": 56.0, ""nchapters"": 12.0}"
HarvardX,2,aligned,0,8002,NICE,native,NICE_native,0,out_of_bounds:nevents,0.0,0.0077512264251708984,0.26376068376068373,2.0,"{""nevents"": 52.0, ""ndays_act"": 19.0, ""nchapters"": 8.0}"
HarvardX,2,aligned,0,8002,NICE,bounded,NICE_bounded,0,classifier_target_not_met,0.0,0.0077512264251708984,0.2222222222222222,1.0,"{""nevents"": 79.0, ""ndays_act"": 19.0, ""nchapters"": 8.0}"
HarvardX,2,aligned,0,8002,NICE,bounded+edit,NICE_bounded+edit,0,classifier_target_not_met,0.0,0.0077512264251708984,0.2222222222222222,1.0,"{""nevents"": 79.0, ""ndays_act"": 19.0, ""nchapters"": 8.0}"
HarvardX,2,aligned,0,8002,MCCE,native,MCCE_native,0,out_of_bounds:nevents,0.0,0.06658220291137695,1.1076923076923078,2.0,"{""nevents"": 9.0, ""ndays_act"": 7.0, ""nchapters"": 12.0}"
HarvardX,2,aligned,0,8002,MCCE,bounded,MCCE_bounded,1,OK,0.0,0.06658220291137695,1.2407407407407407,2.0,"{""nevents"": 79.0, ""ndays_act"": 20.0, ""nchapters"": 12.0}"
HarvardX,2,aligned,0,8002,MCCE,bounded+edit,MCCE_bounded+edit,1,OK,0.0,0.06658220291137695,1.2407407407407407,2.0,"{""nevents"": 79.0, ""ndays_act"": 20.0, ""nchapters"": 12.0}"
HarvardX,2,aligned,0,8029,NICE,native,NICE_native,0,out_of_bounds:nevents,0.0,0.005518913269042969,0.11365801381281257,2.0,"{""nevents"": 22.0, ""ndays_act"": 10.0, ""nchapters"": 12.0}"
HarvardX,2,aligned,0,8029,NICE,bounded,NICE_bounded,0,classifier_target_not_met,0.0,0.005518913269042969,0.019230769230769232,1.0,"{""nevents"": 83.0, ""ndays_act"": 10.0, ""nchapters"": 12.0}"
HarvardX,2,aligned,0,8029,NICE,bounded+edit,NICE_bounded+edit,0,classifier_target_not_met,0.0,0.005518913269042969,0.019230769230769232,1.0,"{""nevents"": 83.0, ""ndays_act"": 10.0, ""nchapters"": 12.0}"
HarvardX,2,aligned,0,8029,MCCE,native,MCCE_native,0,out_of_bounds:nevents,0.0,0.027187347412109375,0.1282448201952846,2.0,"{""nevents"": 25.0, ""ndays_act"": 11.0, ""nchapters"": 12.0}"
HarvardX,2,aligned,0,8029,MCCE,bounded,MCCE_bounded,1,OK,0.0,0.027187347412109375,0.23255537032626816,2.0,"{""nevents"": 109.0, ""ndays_act"": 19.0, ""nchapters"": 12.0}"
HarvardX,2,aligned,0,8029,MCCE,bounded+edit,MCCE_bounded+edit,1,OK,0.0,0.027187347412109375,0.23255537032626816,2.0,"{""nevents"": 109.0, ""ndays_act"": 19.0, ""nchapters"": 12.0}"
HarvardX,2,aligned,0,8062,NICE,native,NICE_native,0,out_of_bounds:nevents,0.0,0.004840373992919922,0.11145510835913312,2.0,"{""nevents"": 9.0, ""ndays_act"": 7.0, ""nchapters"": 12.0}"
HarvardX,2,aligned,0,8062,NICE,bounded,NICE_bounded,0,classifier_target_not_met,0.0,0.004840373992919922,0.05263157894736842,1.0,"{""nevents"": 49.0, ""ndays_act"": 7.0, ""nchapters"": 12.0}"
HarvardX,2,aligned,0,8062,NICE,bounded+edit,NICE_bounded+edit,0,classifier_target_not_met,0.0,0.004840373992919922,0.05263157894736842,1.0,"{""nevents"": 49.0, ""ndays_act"": 7.0, ""nchapters"": 12.0}"
HarvardX,2,aligned,0,8062,MCCE,native,MCCE_native,0,out_of_bounds:nevents,0.0,0.0269010066986084,0.15810113519091845,2.0,"{""nevents"": 25.0, ""ndays_act"": 11.0, ""nchapters"": 12.0}"
HarvardX,2,aligned,0,8062,MCCE,bounded,MCCE_bounded,1,OK,0.0,0.0269010066986084,0.19308565531475747,2.0,"{""nevents"": 61.0, ""ndays_act"": 14.0, ""nchapters"": 12.0}"
HarvardX,2,aligned,0,8062,MCCE,bounded+edit,MCCE_bounded+edit,1,OK,0.0,0.0269010066986084,0.19308565531475747,2.0,"{""nevents"": 61.0, ""ndays_act"": 14.0, ""nchapters"": 12.0}"
HarvardX,2,aligned,0,8087,NICE,native,NICE_native,0,out_of_bounds:nevents,0.0,0.003596782684326172,0.15084745762711865,1.0,"{""nevents"": 50.0, ""ndays_act"": 12.0, ""nchapters"": 12.0}"
HarvardX,2,aligned,0,8087,NICE,bounded,NICE_bounded,0,classifier_target_not_met,0.0,0.003596782684326172,0.0,0.0,"{""nevents"": 139.0, ""ndays_act"": 12.0, ""nchapters"": 12.0}"
HarvardX,2,aligned,0,8087,NICE,bounded+edit,NICE_bounded+edit,0,classifier_target_not_met,0.0,0.003596782684326172,0.0,0.0,"{""nevents"": 139.0, ""ndays_act"": 12.0, ""nchapters"": 12.0}"
HarvardX,2,aligned,0,8087,MCCE,native,MCCE_native,0,out_of_bounds:nevents,0.0,0.029880046844482422,0.1847457627118644,1.0,"{""nevents"": 30.0, ""ndays_act"": 12.0, ""nchapters"": 12.0}"
HarvardX,2,aligned,0,8087,MCCE,bounded,MCCE_bounded,1,OK,0.0,0.029880046844482422,0.19214804565894156,2.0,"{""nevents"": 144.0, ""ndays_act"": 21.0, ""nchapters"": 12.0}"
HarvardX,2,aligned,0,8087,MCCE,bounded+edit,MCCE_bounded+edit,1,OK,0.0,0.029880046844482422,0.19214804565894156,2.0,"{""nevents"": 144.0, ""ndays_act"": 21.0, ""nchapters"": 12.0}"
HarvardX,2,aligned,0,8126,NICE,native,NICE_native,0,out_of_bounds:nevents,0.0,0.004974842071533203,0.03945841392649903,2.0,"{""nevents"": 9.0, ""ndays_act"": 7.0, ""nchapters"": 12.0}"
HarvardX,2,aligned,0,8126,NICE,bounded,NICE_bounded,0,classifier_target_not_met,0.0,0.004974842071533203,0.01818181818181818,1.0,"{""nevents"": 24.0, ""ndays_act"": 7.0, ""nchapters"": 12.0}"
HarvardX,2,aligned,0,8126,NICE,bounded+edit,NICE_bounded+edit,0,classifier_target_not_met,0.0,0.004974842071533203,0.01818181818181818,1.0,"{""nevents"": 24.0, ""ndays_act"": 7.0, ""nchapters"": 12.0}"
HarvardX,2,aligned,0,8126,MCCE,native,MCCE_native,1,OK,0.0,0.03478407859802246,0.09232753062540297,2.0,"{""nevents"": 25.0, ""ndays_act"": 11.0, ""nchapters"": 12.0}"
HarvardX,2,aligned,0,8126,MCCE,bounded,MCCE_bounded,1,OK,0.0,0.03478407859802246,0.09232753062540297,2.0,"{""nevents"": 25.0, ""ndays_act"": 11.0, ""nchapters"": 12.0}"
HarvardX,2,aligned,0,8126,MCCE,bounded+edit,MCCE_bounded+edit,1,OK,0.0,0.03478407859802246,0.09232753062540297,2.0,"{""nevents"": 25.0, ""ndays_act"": 11.0, ""nchapters"": 12.0}"
HarvardX,2,aligned,0,8141,NICE,native,NICE_native,1,OK,0.0,0.006356716156005859,0.5892857142857143,3.0,"{""nevents"": 66.0, ""ndays_act"": 21.0, ""nchapters"": 7.0}"
HarvardX,2,aligned,0,8141,NICE,bounded,NICE_bounded,1,OK,0.0,0.006356716156005859,0.5892857142857143,3.0,"{""nevents"": 66.0, ""ndays_act"": 21.0, ""nchapters"": 7.0}"
HarvardX,2,aligned,0,8141,NICE,bounded+edit,NICE_bounded+edit,1,OK,0.0,0.006356716156005859,0.5892857142857143,3.0,"{""nevents"": 66.0, ""ndays_act"": 21.0, ""nchapters"": 7.0}"
HarvardX,2,aligned,0,8141,MCCE,native,MCCE_native,1,OK,0.0,0.04714679718017578,1.0126373626373626,3.0,"{""nevents"": 83.0, ""ndays_act"": 25.0, ""nchapters"": 9.0}"
HarvardX,2,aligned,0,8141,MCCE,bounded,MCCE_bounded,1,OK,0.0,0.04714679718017578,1.0126373626373626,3.0,"{""nevents"": 83.0, ""ndays_act"": 25.0, ""nchapters"": 9.0}"
HarvardX,2,aligned,0,8141,MCCE,bounded+edit,MCCE_bounded+edit,1,OK,0.0,0.04714679718017578,1.0126373626373626,3.0,"{""nevents"": 83.0, ""ndays_act"": 25.0, ""nchapters"": 9.0}"
HarvardX,2,aligned,0,8165,NICE,native,NICE_native,1,OK,0.0,0.004787921905517578,0.49789741168004675,2.0,"{""nevents"": 112.0, ""ndays_act"": 21.0, ""nchapters"": 9.0}"
HarvardX,2,aligned,0,8165,NICE,bounded,NICE_bounded,1,OK,0.0,0.004787921905517578,0.49789741168004675,2.0,"{""nevents"": 112.0, ""ndays_act"": 21.0, ""nchapters"": 9.0}"
HarvardX,2,aligned,0,8165,NICE,bounded+edit,NICE_bounded+edit,1,OK,0.0,0.004787921905517578,0.49789741168004675,2.0,"{""nevents"": 112.0, ""ndays_act"": 21.0, ""nchapters"": 9.0}"
HarvardX,2,aligned,0,8165,MCCE,native,MCCE_native,1,OK,0.0,0.07175588607788086,0.5236906609098473,2.0,"{""nevents"": 83.0, ""ndays_act"": 25.0, ""nchapters"": 9.0}"
HarvardX,2,aligned,0,8165,MCCE,bounded,MCCE_bounded,1,OK,0.0,0.07175588607788086,0.5236906609098473,2.0,"{""nevents"": 83.0, ""ndays_act"": 25.0, ""nchapters"": 9.0}"
HarvardX,2,aligned,0,8165,MCCE,bounded+edit,MCCE_bounded+edit,1,OK,0.0,0.07175588607788086,0.5236906609098473,2.0,"{""nevents"": 83.0, ""ndays_act"": 25.0, ""nchapters"": 9.0}"
HarvardX,2,aligned,0,8184,NICE,native,NICE_native,1,OK,0.0,0.008120536804199219,0.4590968353680218,2.0,"{""nevents"": 112.0, ""ndays_act"": 21.0, ""nchapters"": 9.0}"
HarvardX,2,aligned,0,8184,NICE,bounded,NICE_bounded,1,OK,0.0,0.008120536804199219,0.4590968353680218,2.0,"{""nevents"": 112.0, ""ndays_act"": 21.0, ""nchapters"": 9.0}"
HarvardX,2,aligned,0,8184,NICE,bounded+edit,NICE_bounded+edit,1,OK,0.0,0.008120536804199219,0.4590968353680218,2.0,"{""nevents"": 112.0, ""ndays_act"": 21.0, ""nchapters"": 9.0}"
HarvardX,2,aligned,0,8184,MCCE,native,MCCE_native,1,OK,0.0,0.0519251823425293,0.4863340049780728,2.0,"{""nevents"": 83.0, ""ndays_act"": 25.0, ""nchapters"": 9.0}"
HarvardX,2,aligned,0,8184,MCCE,bounded,MCCE_bounded,1,OK,0.0,0.0519251823425293,0.4863340049780728,2.0,"{""nevents"": 83.0, ""ndays_act"": 25.0, ""nchapters"": 9.0}"
HarvardX,2,aligned,0,8184,MCCE,bounded+edit,MCCE_bounded+edit,1,OK,0.0,0.0519251823425293,0.4863340049780728,2.0,"{""nevents"": 83.0, ""ndays_act"": 25.0, ""nchapters"": 9.0}"
HarvardX,2,aligned,0,8212,NICE,native,NICE_native,1,OK,0.0,0.009109735488891602,0.470999415546464,2.0,"{""nevents"": 112.0, ""ndays_act"": 21.0, ""nchapters"": 9.0}"
HarvardX,2,aligned,0,8212,NICE,bounded,NICE_bounded,1,OK,0.0,0.009109735488891602,0.470999415546464,2.0,"{""nevents"": 112.0, ""ndays_act"": 21.0, ""nchapters"": 9.0}"
HarvardX,2,aligned,0,8212,NICE,bounded+edit,NICE_bounded+edit,1,OK,0.0,0.009109735488891602,0.470999415546464,2.0,"{""nevents"": 112.0, ""ndays_act"": 21.0, ""nchapters"": 9.0}"
HarvardX,2,aligned,0,8212,MCCE,native,MCCE_native,1,OK,0.0,0.047150373458862305,0.4987960257159556,2.0,"{""nevents"": 83.0, ""ndays_act"": 25.0, ""nchapters"": 9.0}"
HarvardX,2,aligned,0,8212,MCCE,bounded,MCCE_bounded,1,OK,0.0,0.047150373458862305,0.4987960257159556,2.0,"{""nevents"": 83.0, ""ndays_act"": 25.0, ""nchapters"": 9.0}"
HarvardX,2,aligned,0,8212,MCCE,bounded+edit,MCCE_bounded+edit,1,OK,0.0,0.047150373458862305,0.4987960257159556,2.0,"{""nevents"": 83.0, ""ndays_act"": 25.0, ""nchapters"": 9.0}"
HarvardX,2,aligned,0,8250,NICE,native,NICE_native,1,OK,0.0,0.004820346832275391,0.16236263736263737,2.0,"{""nevents"": 10.0, ""ndays_act"": 10.0, ""nchapters"": 10.0}"
HarvardX,2,aligned,0,8250,NICE,bounded,NICE_bounded,1,OK,0.0,0.004820346832275391,0.16236263736263737,2.0,"{""nevents"": 10.0, ""ndays_act"": 10.0, ""nchapters"": 10.0}"
HarvardX,2,aligned,0,8250,NICE,bounded+edit,NICE_bounded+edit,1,OK,0.0,0.004820346832275391,0.16236263736263737,2.0,"{""nevents"": 10.0, ""ndays_act"": 10.0, ""nchapters"": 10.0}"
HarvardX,2,aligned,0,8250,MCCE,native,MCCE_native,1,OK,0.0,0.05023956298828125,0.3575091575091575,2.0,"{""nevents"": 55.0, ""ndays_act"": 18.0, ""nchapters"": 10.0}"
HarvardX,2,aligned,0,8250,MCCE,bounded,MCCE_bounded,1,OK,0.0,0.05023956298828125,0.3575091575091575,2.0,"{""nevents"": 55.0, ""ndays_act"": 18.0, ""nchapters"": 10.0}"
HarvardX,2,aligned,0,8250,MCCE,bounded+edit,MCCE_bounded+edit,1,OK,0.0,0.05023956298828125,0.3575091575091575,2.0,"{""nevents"": 55.0, ""ndays_act"": 18.0, ""nchapters"": 10.0}"
HarvardX,2,aligned,0,8253,NICE,native,NICE_native,0,out_of_bounds:nevents,0.0,0.0036437511444091797,0.037463976945244955,1.0,"{""nevents"": 9.0, ""ndays_act"": 8.0, ""nchapters"": 12.0}"
HarvardX,2,aligned,0,8253,NICE,bounded,NICE_bounded,0,classifier_target_not_met,0.0,0.0036437511444091797,0.0,0.0,"{""nevents"": 35.0, ""ndays_act"": 8.0, ""nchapters"": 12.0}"
HarvardX,2,aligned,0,8253,NICE,bounded+edit,NICE_bounded+edit,0,classifier_target_not_met,0.0,0.0036437511444091797,0.0,0.0,"{""nevents"": 35.0, ""ndays_act"": 8.0, ""nchapters"": 12.0}"
HarvardX,2,aligned,0,8253,MCCE,native,MCCE_native,0,out_of_bounds:nevents,0.0,0.029924392700195312,0.07101299548692296,2.0,"{""nevents"": 25.0, ""ndays_act"": 11.0, ""nchapters"": 12.0}"
HarvardX,2,aligned,0,8253,MCCE,bounded,MCCE_bounded,1,OK,0.0,0.029924392700195312,0.11307161111413191,2.0,"{""nevents"": 48.0, ""ndays_act"": 13.0, ""nchapters"": 12.0}"
HarvardX,2,aligned,0,8253,MCCE,bounded+edit,MCCE_bounded+edit,1,OK,0.0,0.029924392700195312,0.11307161111413191,2.0,"{""nevents"": 48.0, ""ndays_act"": 13.0, ""nchapters"": 12.0}"
HarvardX,2,aligned,0,8258,NICE,native,NICE_native,0,out_of_bounds:nevents,0.0,0.005112886428833008,0.10859902809055351,2.0,"{""nevents"": 22.0, ""ndays_act"": 10.0, ""nchapters"": 12.0}"
HarvardX,2,aligned,0,8258,NICE,bounded,NICE_bounded,0,classifier_target_not_met,0.0,0.005112886428833008,0.019230769230769232,1.0,"{""nevents"": 80.0, ""ndays_act"": 10.0, ""nchapters"": 12.0}"
HarvardX,2,aligned,0,8258,NICE,bounded+edit,NICE_bounded+edit,0,classifier_target_not_met,0.0,0.005112886428833008,0.019230769230769232,1.0,"{""nevents"": 80.0, ""ndays_act"": 10.0, ""nchapters"": 12.0}"
HarvardX,2,aligned,0,8258,MCCE,native,MCCE_native,0,out_of_bounds:nevents,0.0,0.026761293411254883,0.12320730117340287,2.0,"{""nevents"": 25.0, ""ndays_act"": 11.0, ""nchapters"": 12.0}"
HarvardX,2,aligned,0,8258,MCCE,bounded,MCCE_bounded,1,OK,0.0,0.026761293411254883,0.23699182173758446,2.0,"{""nevents"": 109.0, ""ndays_act"": 19.0, ""nchapters"": 12.0}"
HarvardX,2,aligned,0,8258,MCCE,bounded+edit,MCCE_bounded+edit,1,OK,0.0,0.026761293411254883,0.23699182173758446,2.0,"{""nevents"": 109.0, ""ndays_act"": 19.0, ""nchapters"": 12.0}"
HarvardX,2,aligned,0,8325,NICE,native,NICE_native,0,out_of_bounds:nevents,0.0,0.0060651302337646484,0.13737734165923282,2.0,"{""nevents"": 9.0, ""ndays_act"": 7.0, ""nchapters"": 12.0}"
HarvardX,2,aligned,0,8325,NICE,bounded,NICE_bounded,0,classifier_target_not_met,0.0,0.0060651302337646484,0.0847457627118644,1.0,"{""nevents"": 45.0, ""ndays_act"": 7.0, ""nchapters"": 12.0}"
HarvardX,2,aligned,0,8325,NICE,bounded+edit,NICE_bounded+edit,0,classifier_target_not_met,0.0,0.0060651302337646484,0.0847457627118644,1.0,"{""nevents"": 45.0, ""ndays_act"": 7.0, ""nchapters"": 12.0}"
HarvardX,2,aligned,0,8325,MCCE,native,MCCE_native,1,OK,0.0,0.02637004852294922,0.3050847457627119,1.0,"{""nevents"": 45.0, ""ndays_act"": 20.0, ""nchapters"": 12.0}"
HarvardX,2,aligned,0,8325,MCCE,bounded,MCCE_bounded,1,OK,0.0,0.02637004852294922,0.3050847457627119,1.0,"{""nevents"": 45.0, ""ndays_act"": 20.0, ""nchapters"": 12.0}"
HarvardX,2,aligned,0,8325,MCCE,bounded+edit,MCCE_bounded+edit,1,OK,0.0,0.02637004852294922,0.3050847457627119,1.0,"{""nevents"": 45.0, ""ndays_act"": 20.0, ""nchapters"": 12.0}"
HarvardX,2,aligned,0,8355,NICE,native,NICE_native,0,out_of_bounds:nevents,0.0,0.004734992980957031,0.05992923485183547,2.0,"{""nevents"": 237.0, ""ndays_act"": 24.0, ""nchapters"": 12.0}"
HarvardX,2,aligned,0,8355,NICE,bounded,NICE_bounded,0,classifier_target_not_met,0.0,0.004734992980957031,0.02631578947368421,1.0,"{""nevents"": 253.0, ""ndays_act"": 24.0, ""nchapters"": 12.0}"
HarvardX,2,aligned,0,8355,NICE,bounded+edit,NICE_bounded+edit,0,classifier_target_not_met,0.0,0.004734992980957031,0.02631578947368421,1.0,"{""nevents"": 253.0, ""ndays_act"": 24.0, ""nchapters"": 12.0}"
HarvardX,2,aligned,0,8355,MCCE,native,MCCE_native,0,out_of_bounds:nevents,0.0,0.029999256134033203,0.23109243697478993,1.0,"{""nevents"": 143.0, ""ndays_act"": 23.0, ""nchapters"": 12.0}"
HarvardX,2,aligned,0,8355,MCCE,bounded,MCCE_bounded,1,OK,0.0,0.029999256134033203,0.1831048208757187,2.0,"{""nevents"": 265.0, ""ndays_act"": 29.0, ""nchapters"": 12.0}"
HarvardX,2,aligned,0,8355,MCCE,bounded+edit,MCCE_bounded+edit,1,OK,0.0,0.029999256134033203,0.1831048208757187,2.0,"{""nevents"": 265.0, ""ndays_act"": 29.0, ""nchapters"": 12.0}"
HarvardX,2,aligned,0,8387,NICE,native,NICE_native,0,out_of_bounds:nevents,0.0,0.003543376922607422,0.02463768115942029,1.0,"{""nevents"": 22.0, ""ndays_act"": 10.0, ""nchapters"": 12.0}"
HarvardX,2,aligned,0,8387,NICE,bounded,NICE_bounded,0,classifier_target_not_met,0.0,0.003543376922607422,0.0,0.0,"{""nevents"": 39.0, ""ndays_act"": 10.0, ""nchapters"": 12.0}"
HarvardX,2,aligned,0,8387,NICE,bounded+edit,NICE_bounded+edit,0,classifier_target_not_met,0.0,0.003543376922607422,0.0,0.0,"{""nevents"": 39.0, ""ndays_act"": 10.0, ""nchapters"": 12.0}"
HarvardX,2,aligned,0,8387,MCCE,native,MCCE_native,0,out_of_bounds:nevents,0.0,0.02899003028869629,0.03989769820971867,2.0,"{""nevents"": 25.0, ""ndays_act"": 11.0, ""nchapters"": 12.0}"
HarvardX,2,aligned,0,8387,MCCE,bounded,MCCE_bounded,1,OK,0.0,0.02899003028869629,0.07186700767263426,2.0,"{""nevents"": 48.0, ""ndays_act"": 13.0, ""nchapters"": 12.0}"
HarvardX,2,aligned,0,8387,MCCE,bounded+edit,MCCE_bounded+edit,1,OK,0.0,0.02899003028869629,0.07186700767263426,2.0,"{""nevents"": 48.0, ""ndays_act"": 13.0, ""nchapters"": 12.0}"
HarvardX,2,aligned,0,8397,NICE,native,NICE_native,1,OK,0.0,0.0053098201751708984,0.4347972745058355,2.0,"{""nevents"": 66.0, ""ndays_act"": 21.0, ""nchapters"": 7.0}"
HarvardX,2,aligned,0,8397,NICE,bounded,NICE_bounded,1,OK,0.0,0.0053098201751708984,0.4347972745058355,2.0,"{""nevents"": 66.0, ""ndays_act"": 21.0, ""nchapters"": 7.0}"
HarvardX,2,aligned,0,8397,NICE,bounded+edit,NICE_bounded+edit,1,OK,0.0,0.0053098201751708984,0.4347972745058355,2.0,"{""nevents"": 66.0, ""ndays_act"": 21.0, ""nchapters"": 7.0}"
HarvardX,2,aligned,0,8397,MCCE,native,MCCE_native,1,OK,0.0,0.05720210075378418,0.9236906609098473,3.0,"{""nevents"": 83.0, ""ndays_act"": 25.0, ""nchapters"": 9.0}"
HarvardX,2,aligned,0,8397,MCCE,bounded,MCCE_bounded,1,OK,0.0,0.05720210075378418,0.9236906609098473,3.0,"{""nevents"": 83.0, ""ndays_act"": 25.0, ""nchapters"": 9.0}"
HarvardX,2,aligned,0,8397,MCCE,bounded+edit,MCCE_bounded+edit,1,OK,0.0,0.05720210075378418,0.9236906609098473,3.0,"{""nevents"": 83.0, ""ndays_act"": 25.0, ""nchapters"": 9.0}"
HarvardX,2,aligned,0,8422,NICE,native,NICE_native,0,out_of_bounds:nevents,0.0,0.0037026405334472656,0.07355516637478109,1.0,"{""nevents"": 116.0, ""ndays_act"": 19.0, ""nchapters"": 12.0}"
HarvardX,2,aligned,0,8422,NICE,bounded,NICE_bounded,0,classifier_target_not_met,0.0,0.0037026405334472656,0.0,0.0,"{""nevents"": 158.0, ""ndays_act"": 19.0, ""nchapters"": 12.0}"
HarvardX,2,aligned,0,8422,NICE,bounded+edit,NICE_bounded+edit,0,classifier_target_not_met,0.0,0.0037026405334472656,0.0,0.0,"{""nevents"": 158.0, ""ndays_act"": 19.0, ""nchapters"": 12.0}"
HarvardX,2,aligned,0,8422,MCCE,native,MCCE_native,0,out_of_bounds:nevents,0.0,0.028901100158691406,0.06830122591943957,1.0,"{""nevents"": 119.0, ""ndays_act"": 19.0, ""nchapters"": 12.0}"
HarvardX,2,aligned,0,8422,MCCE,bounded,MCCE_bounded,1,OK,0.0,0.028901100158691406,0.15161371028271203,2.0,"{""nevents"": 163.0, ""ndays_act"": 25.0, ""nchapters"": 12.0}"
HarvardX,2,aligned,0,8422,MCCE,bounded+edit,MCCE_bounded+edit,1,OK,0.0,0.028901100158691406,0.15161371028271203,2.0,"{""nevents"": 163.0, ""ndays_act"": 25.0, ""nchapters"": 12.0}"
HarvardX,2,aligned,0,8428,NICE,native,NICE_native,1,OK,0.0,0.005830049514770508,0.509580868598008,3.0,"{""nevents"": 66.0, ""ndays_act"": 21.0, ""nchapters"": 7.0}"
HarvardX,2,aligned,0,8428,NICE,bounded,NICE_bounded,1,OK,0.0,0.005830049514770508,0.509580868598008,3.0,"{""nevents"": 66.0, ""ndays_act"": 21.0, ""nchapters"": 7.0}"
HarvardX,2,aligned,0,8428,NICE,bounded+edit,NICE_bounded+edit,1,OK,0.0,0.005830049514770508,0.509580868598008,3.0,"{""nevents"": 66.0, ""ndays_act"": 21.0, ""nchapters"": 7.0}"
HarvardX,2,aligned,0,8428,MCCE,native,MCCE_native,1,OK,0.0,0.04131174087524414,0.9375853177612619,3.0,"{""nevents"": 83.0, ""ndays_act"": 25.0, ""nchapters"": 9.0}"
HarvardX,2,aligned,0,8428,MCCE,bounded,MCCE_bounded,1,OK,0.0,0.04131174087524414,0.9375853177612619,3.0,"{""nevents"": 83.0, ""ndays_act"": 25.0, ""nchapters"": 9.0}"
HarvardX,2,aligned,0,8428,MCCE,bounded+edit,MCCE_bounded+edit,1,OK,0.0,0.04131174087524414,0.9375853177612619,3.0,"{""nevents"": 83.0, ""ndays_act"": 25.0, ""nchapters"": 9.0}"
HarvardX,2,aligned,0,8454,NICE,native,NICE_native,1,OK,0.0,0.004868745803833008,0.3187704381948986,2.0,"{""nevents"": 66.0, ""ndays_act"": 21.0, ""nchapters"": 7.0}"
HarvardX,2,aligned,0,8454,NICE,bounded,NICE_bounded,1,OK,0.0,0.004868745803833008,0.3187704381948986,2.0,"{""nevents"": 66.0, ""ndays_act"": 21.0, ""nchapters"": 7.0}"
HarvardX,2,aligned,0,8454,NICE,bounded+edit,NICE_bounded+edit,1,OK,0.0,0.004868745803833008,0.3187704381948986,2.0,"{""nevents"": 66.0, ""ndays_act"": 21.0, ""nchapters"": 7.0}"
HarvardX,2,aligned,0,8454,MCCE,native,MCCE_native,1,OK,0.0,0.042729854583740234,1.1272727272727272,2.0,"{""nevents"": 34.0, ""ndays_act"": 13.0, ""nchapters"": 12.0}"
HarvardX,2,aligned,0,8454,MCCE,bounded,MCCE_bounded,1,OK,0.0,0.042729854583740234,1.1272727272727272,2.0,"{""nevents"": 34.0, ""ndays_act"": 13.0, ""nchapters"": 12.0}"
HarvardX,2,aligned,0,8454,MCCE,bounded+edit,MCCE_bounded+edit,1,OK,0.0,0.042729854583740234,1.1272727272727272,2.0,"{""nevents"": 34.0, ""ndays_act"": 13.0, ""nchapters"": 12.0}"
HarvardX,2,aligned,0,8564,NICE,native,NICE_native,0,out_of_bounds:nevents,0.0,0.003986835479736328,0.16974789915966387,1.0,"{""nevents"": 33.0, ""ndays_act"": 11.0, ""nchapters"": 12.0}"
HarvardX,2,aligned,0,8564,NICE,bounded,NICE_bounded,0,classifier_target_not_met,0.0,0.003986835479736328,0.0,0.0,"{""nevents"": 134.0, ""ndays_act"": 11.0, ""nchapters"": 12.0}"
HarvardX,2,aligned,0,8564,NICE,bounded+edit,NICE_bounded+edit,0,classifier_target_not_met,0.0,0.003986835479736328,0.0,0.0,"{""nevents"": 134.0, ""ndays_act"": 11.0, ""nchapters"": 12.0}"
HarvardX,2,aligned,0,8564,MCCE,native,MCCE_native,0,out_of_bounds:nevents,0.0,0.02678966522216797,0.18319327731092436,1.0,"{""nevents"": 25.0, ""ndays_act"": 11.0, ""nchapters"": 12.0}"
HarvardX,2,aligned,0,8564,MCCE,bounded,MCCE_bounded,1,OK,0.0,0.02678966522216797,0.21680672268907564,2.0,"{""nevents"": 144.0, ""ndays_act"": 21.0, ""nchapters"": 12.0}"
HarvardX,2,aligned,0,8564,MCCE,bounded+edit,MCCE_bounded+edit,1,OK,0.0,0.02678966522216797,0.21680672268907564,2.0,"{""nevents"": 144.0, ""ndays_act"": 21.0, ""nchapters"": 12.0}"
HarvardX,2,aligned,0,8584,NICE,native,NICE_native,1,OK,0.0,0.0036346912384033203,0.25,1.0,"{""nevents"": 57.0, ""ndays_act"": 19.0, ""nchapters"": 8.0}"
HarvardX,2,aligned,0,8584,NICE,bounded,NICE_bounded,1,OK,0.0,0.0036346912384033203,0.25,1.0,"{""nevents"": 57.0, ""ndays_act"": 19.0, ""nchapters"": 8.0}"
HarvardX,2,aligned,0,8584,NICE,bounded+edit,NICE_bounded+edit,1,OK,0.0,0.0036346912384033203,0.25,1.0,"{""nevents"": 57.0, ""ndays_act"": 19.0, ""nchapters"": 8.0}"
HarvardX,2,aligned,0,8584,MCCE,native,MCCE_native,1,OK,0.0,0.10198211669921875,0.6458333333333334,3.0,"{""nevents"": 83.0, ""ndays_act"": 25.0, ""nchapters"": 9.0}"
HarvardX,2,aligned,0,8584,MCCE,bounded,MCCE_bounded,1,OK,0.0,0.10198211669921875,0.6458333333333334,3.0,"{""nevents"": 83.0, ""ndays_act"": 25.0, ""nchapters"": 9.0}"
HarvardX,2,aligned,0,8584,MCCE,bounded+edit,MCCE_bounded+edit,1,OK,0.0,0.10198211669921875,0.6458333333333334,3.0,"{""nevents"": 83.0, ""ndays_act"": 25.0, ""nchapters"": 9.0}"
HarvardX,2,aligned,0,8602,NICE,native,NICE_native,1,OK,0.0,0.004822492599487305,0.0703524797933904,2.0,"{""nevents"": 9.0, ""ndays_act"": 7.0, ""nchapters"": 12.0}"
HarvardX,2,aligned,0,8602,NICE,bounded,NICE_bounded,1,OK,0.0,0.004822492599487305,0.0703524797933904,2.0,"{""nevents"": 9.0, ""ndays_act"": 7.0, ""nchapters"": 12.0}"
HarvardX,2,aligned,0,8602,NICE,bounded+edit,NICE_bounded+edit,1,OK,0.0,0.004822492599487305,0.0703524797933904,2.0,"{""nevents"": 9.0, ""ndays_act"": 7.0, ""nchapters"": 12.0}"
HarvardX,2,aligned,0,8602,MCCE,native,MCCE_native,1,OK,0.0,0.03097987174987793,0.16150939786694724,2.0,"{""nevents"": 25.0, ""ndays_act"": 11.0, ""nchapters"": 12.0}"
HarvardX,2,aligned,0,8602,MCCE,bounded,MCCE_bounded,1,OK,0.0,0.03097987174987793,0.16150939786694724,2.0,"{""nevents"": 25.0, ""ndays_act"": 11.0, ""nchapters"": 12.0}"
HarvardX,2,aligned,0,8602,MCCE,bounded+edit,MCCE_bounded+edit,1,OK,0.0,0.03097987174987793,0.16150939786694724,2.0,"{""nevents"": 25.0, ""ndays_act"": 11.0, ""nchapters"": 12.0}"
HarvardX,2,aligned,0,8620,NICE,native,NICE_native,1,OK,0.0,0.005008697509765625,0.36102635228848823,2.0,"{""nevents"": 52.0, ""ndays_act"": 19.0, ""nchapters"": 8.0}"
HarvardX,2,aligned,0,8620,NICE,bounded,NICE_bounded,1,OK,0.0,0.005008697509765625,0.36102635228848823,2.0,"{""nevents"": 52.0, ""ndays_act"": 19.0, ""nchapters"": 8.0}"
HarvardX,2,aligned,0,8620,NICE,bounded+edit,NICE_bounded+edit,1,OK,0.0,0.005008697509765625,0.36102635228848823,2.0,"{""nevents"": 52.0, ""ndays_act"": 19.0, ""nchapters"": 8.0}"
HarvardX,2,aligned,0,8620,MCCE,native,MCCE_native,1,OK,0.0,0.047780513763427734,0.7540221914008322,3.0,"{""nevents"": 83.0, ""ndays_act"": 25.0, ""nchapters"": 9.0}"
HarvardX,2,aligned,0,8620,MCCE,bounded,MCCE_bounded,1,OK,0.0,0.047780513763427734,0.7540221914008322,3.0,"{""nevents"": 83.0, ""ndays_act"": 25.0, ""nchapters"": 9.0}"
HarvardX,2,aligned,0,8620,MCCE,bounded+edit,MCCE_bounded+edit,1,OK,0.0,0.047780513763427734,0.7540221914008322,3.0,"{""nevents"": 83.0, ""ndays_act"": 25.0, ""nchapters"": 9.0}"
HarvardX,2,aligned,0,8640,NICE,native,NICE_native,1,OK,0.0,0.004814863204956055,0.0649772579597141,2.0,"{""nevents"": 9.0, ""ndays_act"": 7.0, ""nchapters"": 12.0}"
HarvardX,2,aligned,0,8640,NICE,bounded,NICE_bounded,1,OK,0.0,0.004814863204956055,0.0649772579597141,2.0,"{""nevents"": 9.0, ""ndays_act"": 7.0, ""nchapters"": 12.0}"
HarvardX,2,aligned,0,8640,NICE,bounded+edit,NICE_bounded+edit,1,OK,0.0,0.004814863204956055,0.0649772579597141,2.0,"{""nevents"": 9.0, ""ndays_act"": 7.0, ""nchapters"": 12.0}"
HarvardX,2,aligned,0,8640,MCCE,native,MCCE_native,1,OK,0.0,0.026798486709594727,0.15710057035593097,2.0,"{""nevents"": 25.0, ""ndays_act"": 11.0, ""nchapters"": 12.0}"
HarvardX,2,aligned,0,8640,MCCE,bounded,MCCE_bounded,1,OK,0.0,0.026798486709594727,0.15710057035593097,2.0,"{""nevents"": 25.0, ""ndays_act"": 11.0, ""nchapters"": 12.0}"
HarvardX,2,aligned,0,8640,MCCE,bounded+edit,MCCE_bounded+edit,1,OK,0.0,0.026798486709594727,0.15710057035593097,2.0,"{""nevents"": 25.0, ""ndays_act"": 11.0, ""nchapters"": 12.0}"
HarvardX,2,aligned,0,8665,NICE,native,NICE_native,1,OK,0.0,0.00597691535949707,0.45131644311972174,3.0,"{""nevents"": 66.0, ""ndays_act"": 21.0, ""nchapters"": 7.0}"
HarvardX,2,aligned,0,8665,NICE,bounded,NICE_bounded,1,OK,0.0,0.00597691535949707,0.45131644311972174,3.0,"{""nevents"": 66.0, ""ndays_act"": 21.0, ""nchapters"": 7.0}"
HarvardX,2,aligned,0,8665,NICE,bounded+edit,NICE_bounded+edit,1,OK,0.0,0.00597691535949707,0.45131644311972174,3.0,"{""nevents"": 66.0, ""ndays_act"": 21.0, ""nchapters"": 7.0}"
HarvardX,2,aligned,0,8665,MCCE,native,MCCE_native,1,OK,0.0,0.04016733169555664,0.8827123695976156,3.0,"{""nevents"": 83.0, ""ndays_act"": 25.0, ""nchapters"": 9.0}"
HarvardX,2,aligned,0,8665,MCCE,bounded,MCCE_bounded,1,OK,0.0,0.04016733169555664,0.8827123695976156,3.0,"{""nevents"": 83.0, ""ndays_act"": 25.0, ""nchapters"": 9.0}"
HarvardX,2,aligned,0,8665,MCCE,bounded+edit,MCCE_bounded+edit,1,OK,0.0,0.04016733169555664,0.8827123695976156,3.0,"{""nevents"": 83.0, ""ndays_act"": 25.0, ""nchapters"": 9.0}"
HarvardX,2,aligned,0,8671,NICE,native,NICE_native,1,OK,0.0,0.004710197448730469,0.4347972745058355,2.0,"{""nevents"": 66.0, ""ndays_act"": 21.0, ""nchapters"": 7.0}"
HarvardX,2,aligned,0,8671,NICE,bounded,NICE_bounded,1,OK,0.0,0.004710197448730469,0.4347972745058355,2.0,"{""nevents"": 66.0, ""ndays_act"": 21.0, ""nchapters"": 7.0}"
HarvardX,2,aligned,0,8671,NICE,bounded+edit,NICE_bounded+edit,1,OK,0.0,0.004710197448730469,0.4347972745058355,2.0,"{""nevents"": 66.0, ""ndays_act"": 21.0, ""nchapters"": 7.0}"
HarvardX,2,aligned,0,8671,MCCE,native,MCCE_native,1,OK,0.0,0.044722795486450195,0.9236906609098473,3.0,"{""nevents"": 83.0, ""ndays_act"": 25.0, ""nchapters"": 9.0}"
HarvardX,2,aligned,0,8671,MCCE,bounded,MCCE_bounded,1,OK,0.0,0.044722795486450195,0.9236906609098473,3.0,"{""nevents"": 83.0, ""ndays_act"": 25.0, ""nchapters"": 9.0}"
HarvardX,2,aligned,0,8671,MCCE,bounded+edit,MCCE_bounded+edit,1,OK,0.0,0.044722795486450195,0.9236906609098473,3.0,"{""nevents"": 83.0, ""ndays_act"": 25.0, ""nchapters"": 9.0}"
HarvardX,2,aligned,0,8827,NICE,native,NICE_native,0,out_of_bounds:nevents,0.0,0.005110502243041992,0.22370151216305062,2.0,"{""nevents"": 52.0, ""ndays_act"": 19.0, ""nchapters"": 8.0}"
HarvardX,2,aligned,0,8827,NICE,bounded,NICE_bounded,0,classifier_target_not_met,0.0,0.005110502243041992,0.2222222222222222,1.0,"{""nevents"": 53.0, ""ndays_act"": 19.0, ""nchapters"": 8.0}"
HarvardX,2,aligned,0,8827,NICE,bounded+edit,NICE_bounded+edit,0,classifier_target_not_met,0.0,0.005110502243041992,0.2222222222222222,1.0,"{""nevents"": 53.0, ""ndays_act"": 19.0, ""nchapters"": 8.0}"
HarvardX,2,aligned,0,8827,MCCE,native,MCCE_native,0,out_of_bounds:nevents,0.0,0.04375505447387695,1.0650887573964498,2.0,"{""nevents"": 9.0, ""ndays_act"": 7.0, ""nchapters"": 12.0}"
HarvardX,2,aligned,0,8827,MCCE,bounded,MCCE_bounded,1,OK,0.0,0.04375505447387695,0.6277120315581854,3.0,"{""nevents"": 83.0, ""ndays_act"": 25.0, ""nchapters"": 9.0}"
HarvardX,2,aligned,0,8827,MCCE,bounded+edit,MCCE_bounded+edit,1,OK,0.0,0.04375505447387695,0.6277120315581854,3.0,"{""nevents"": 83.0, ""ndays_act"": 25.0, ""nchapters"": 9.0}"
HarvardX,2,aligned,0,8861,NICE,native,NICE_native,0,out_of_bounds:nevents,0.0,0.003673553466796875,0.025677603423680456,1.0,"{""nevents"": 10.0, ""ndays_act"": 10.0, ""nchapters"": 10.0}"
HarvardX,2,aligned,0,8861,NICE,bounded,NICE_bounded,0,classifier_target_not_met,0.0,0.003673553466796875,0.0,0.0,"{""nevents"": 28.0, ""ndays_act"": 10.0, ""nchapters"": 10.0}"
HarvardX,2,aligned,0,8861,NICE,bounded+edit,NICE_bounded+edit,0,classifier_target_not_met,0.0,0.003673553466796875,0.0,0.0,"{""nevents"": 28.0, ""ndays_act"": 10.0, ""nchapters"": 10.0}"
HarvardX,2,aligned,0,8861,MCCE,native,MCCE_native,1,OK,0.0,0.041654109954833984,0.1953791502335599,2.0,"{""nevents"": 55.0, ""ndays_act"": 18.0, ""nchapters"": 10.0}"
HarvardX,2,aligned,0,8861,MCCE,bounded,MCCE_bounded,1,OK,0.0,0.041654109954833984,0.1953791502335599,2.0,"{""nevents"": 55.0, ""ndays_act"": 18.0, ""nchapters"": 10.0}"
HarvardX,2,aligned,0,8861,MCCE,bounded+edit,MCCE_bounded+edit,1,OK,0.0,0.041654109954833984,0.1953791502335599,2.0,"{""nevents"": 55.0, ""ndays_act"": 18.0, ""nchapters"": 10.0}"
HarvardX,2,aligned,0,8870,NICE,native,NICE_native,0,out_of_bounds:nevents,0.0,0.003590106964111328,0.49230769230769234,1.0,"{""nevents"": 50.0, ""ndays_act"": 12.0, ""nchapters"": 12.0}"
HarvardX,2,aligned,0,8870,NICE,bounded,NICE_bounded,0,classifier_target_not_met,0.0,0.003590106964111328,0.0,0.0,"{""nevents"": 274.0, ""ndays_act"": 12.0, ""nchapters"": 12.0}"
HarvardX,2,aligned,0,8870,NICE,bounded+edit,NICE_bounded+edit,0,classifier_target_not_met,0.0,0.003590106964111328,0.0,0.0,"{""nevents"": 274.0, ""ndays_act"": 12.0, ""nchapters"": 12.0}"
HarvardX,2,aligned,0,8870,MCCE,native,MCCE_native,0,out_of_bounds:nevents,0.0,0.026805877685546875,0.5362637362637362,1.0,"{""nevents"": 30.0, ""ndays_act"": 12.0, ""nchapters"": 12.0}"
HarvardX,2,aligned,0,8870,MCCE,bounded,MCCE_bounded,1,OK,0.0,0.026805877685546875,0.44646781789638934,2.0,"{""nevents"": 310.0, ""ndays_act"": 30.0, ""nchapters"": 12.0}"
HarvardX,2,aligned,0,8870,MCCE,bounded+edit,MCCE_bounded+edit,1,OK,0.0,0.026805877685546875,0.44646781789638934,2.0,"{""nevents"": 310.0, ""ndays_act"": 30.0, ""nchapters"": 12.0}"
HarvardX,2,aligned,0,8884,NICE,native,NICE_native,1,OK,0.0,0.0047495365142822266,0.14249929768704936,2.0,"{""nevents"": 10.0, ""ndays_act"": 10.0, ""nchapters"": 10.0}"
HarvardX,2,aligned,0,8884,NICE,bounded,NICE_bounded,1,OK,0.0,0.0047495365142822266,0.14249929768704936,2.0,"{""nevents"": 10.0, ""ndays_act"": 10.0, ""nchapters"": 10.0}"
HarvardX,2,aligned,0,8884,NICE,bounded+edit,NICE_bounded+edit,1,OK,0.0,0.0047495365142822266,0.14249929768704936,2.0,"{""nevents"": 10.0, ""ndays_act"": 10.0, ""nchapters"": 10.0}"
HarvardX,2,aligned,0,8884,MCCE,native,MCCE_native,1,OK,0.0,0.042328834533691406,0.3402472141586291,2.0,"{""nevents"": 55.0, ""ndays_act"": 18.0, ""nchapters"": 10.0}"
HarvardX,2,aligned,0,8884,MCCE,bounded,MCCE_bounded,1,OK,0.0,0.042328834533691406,0.3402472141586291,2.0,"{""nevents"": 55.0, ""ndays_act"": 18.0, ""nchapters"": 10.0}"
HarvardX,2,aligned,0,8884,MCCE,bounded+edit,MCCE_bounded+edit,1,OK,0.0,0.042328834533691406,0.3402472141586291,2.0,"{""nevents"": 55.0, ""ndays_act"": 18.0, ""nchapters"": 10.0}"
HarvardX,2,aligned,0,8895,NICE,native,NICE_native,0,out_of_bounds:nevents,0.0,0.004729270935058594,0.13193376700177412,2.0,"{""nevents"": 237.0, ""ndays_act"": 24.0, ""nchapters"": 12.0}"
HarvardX,2,aligned,0,8895,NICE,bounded,NICE_bounded,0,classifier_target_not_met,0.0,0.004729270935058594,0.02631578947368421,1.0,"{""nevents"": 284.0, ""ndays_act"": 24.0, ""nchapters"": 12.0}"
HarvardX,2,aligned,0,8895,NICE,bounded+edit,NICE_bounded+edit,0,classifier_target_not_met,0.0,0.004729270935058594,0.02631578947368421,1.0,"{""nevents"": 284.0, ""ndays_act"": 24.0, ""nchapters"": 12.0}"
HarvardX,2,aligned,0,8895,MCCE,native,MCCE_native,0,out_of_bounds:nevents,0.0,0.03608536720275879,0.31685393258426964,1.0,"{""nevents"": 143.0, ""ndays_act"": 23.0, ""nchapters"": 12.0}"
HarvardX,2,aligned,0,8895,MCCE,bounded,MCCE_bounded,1,OK,0.0,0.03608536720275879,0.2426374926079243,2.0,"{""nevents"": 310.0, ""ndays_act"": 30.0, ""nchapters"": 12.0}"
HarvardX,2,aligned,0,8895,MCCE,bounded+edit,MCCE_bounded+edit,1,OK,0.0,0.03608536720275879,0.2426374926079243,2.0,"{""nevents"": 310.0, ""ndays_act"": 30.0, ""nchapters"": 12.0}"
HarvardX,2,aligned,0,8905,NICE,native,NICE_native,1,OK,0.0,0.0057828426361083984,0.4347972745058355,2.0,"{""nevents"": 66.0, ""ndays_act"": 21.0, ""nchapters"": 7.0}"
HarvardX,2,aligned,0,8905,NICE,bounded,NICE_bounded,1,OK,0.0,0.0057828426361083984,0.4347972745058355,2.0,"{""nevents"": 66.0, ""ndays_act"": 21.0, ""nchapters"": 7.0}"
HarvardX,2,aligned,0,8905,NICE,bounded+edit,NICE_bounded+edit,1,OK,0.0,0.0057828426361083984,0.4347972745058355,2.0,"{""nevents"": 66.0, ""ndays_act"": 21.0, ""nchapters"": 7.0}"
HarvardX,2,aligned,0,8905,MCCE,native,MCCE_native,1,OK,0.0,0.04298520088195801,0.9236906609098473,3.0,"{""nevents"": 83.0, ""ndays_act"": 25.0, ""nchapters"": 9.0}"
HarvardX,2,aligned,0,8905,MCCE,bounded,MCCE_bounded,1,OK,0.0,0.04298520088195801,0.9236906609098473,3.0,"{""nevents"": 83.0, ""ndays_act"": 25.0, ""nchapters"": 9.0}"
HarvardX,2,aligned,0,8905,MCCE,bounded+edit,MCCE_bounded+edit,1,OK,0.0,0.04298520088195801,0.9236906609098473,3.0,"{""nevents"": 83.0, ""ndays_act"": 25.0, ""nchapters"": 9.0}"
HarvardX,2,aligned,0,8915,NICE,native,NICE_native,0,out_of_bounds:nevents,0.0,0.0046923160552978516,0.08753127803219866,2.0,"{""nevents"": 9.0, ""ndays_act"": 7.0, ""nchapters"": 12.0}"
HarvardX,2,aligned,0,8915,NICE,bounded,NICE_bounded,0,classifier_target_not_met,0.0,0.0046923160552978516,0.0847457627118644,1.0,"{""nevents"": 11.0, ""ndays_act"": 7.0, ""nchapters"": 12.0}"
HarvardX,2,aligned,0,8915,NICE,bounded+edit,NICE_bounded+edit,0,classifier_target_not_met,0.0,0.0046923160552978516,0.0847457627118644,1.0,"{""nevents"": 11.0, ""ndays_act"": 7.0, ""nchapters"": 12.0}"
HarvardX,2,aligned,0,8915,MCCE,native,MCCE_native,1,OK,0.0,0.028771638870239258,0.17204098012369579,2.0,"{""nevents"": 25.0, ""ndays_act"": 11.0, ""nchapters"": 12.0}"
HarvardX,2,aligned,0,8915,MCCE,bounded,MCCE_bounded,1,OK,0.0,0.028771638870239258,0.17204098012369579,2.0,"{""nevents"": 25.0, ""ndays_act"": 11.0, ""nchapters"": 12.0}"
HarvardX,2,aligned,0,8915,MCCE,bounded+edit,MCCE_bounded+edit,1,OK,0.0,0.028771638870239258,0.17204098012369579,2.0,"{""nevents"": 25.0, ""ndays_act"": 11.0, ""nchapters"": 12.0}"
HarvardX,2,aligned,0,8919,NICE,native,NICE_native,0,out_of_bounds:nevents,0.0,0.004238128662109375,0.2704761904761905,1.0,"{""nevents"": 62.0, ""ndays_act"": 14.0, ""nchapters"": 12.0}"
HarvardX,2,aligned,0,8919,NICE,bounded,NICE_bounded,0,classifier_target_not_met,0.0,0.004238128662109375,0.0,0.0,"{""nevents"": 204.0, ""ndays_act"": 14.0, ""nchapters"": 12.0}"
HarvardX,2,aligned,0,8919,NICE,bounded+edit,NICE_bounded+edit,0,classifier_target_not_met,0.0,0.004238128662109375,0.0,0.0,"{""nevents"": 204.0, ""ndays_act"": 14.0, ""nchapters"": 12.0}"
HarvardX,2,aligned,0,8919,MCCE,native,MCCE_native,0,out_of_bounds:nevents,0.0,0.026120424270629883,0.2723809523809524,1.0,"{""nevents"": 61.0, ""ndays_act"": 14.0, ""nchapters"": 12.0}"
HarvardX,2,aligned,0,8919,MCCE,bounded,MCCE_bounded,1,OK,0.0,0.026120424270629883,0.2873758865248227,2.0,"{""nevents"": 232.0, ""ndays_act"": 25.0, ""nchapters"": 12.0}"
HarvardX,2,aligned,0,8919,MCCE,bounded+edit,MCCE_bounded+edit,1,OK,0.0,0.026120424270629883,0.2873758865248227,2.0,"{""nevents"": 232.0, ""ndays_act"": 25.0, ""nchapters"": 12.0}"
HarvardX,2,aligned,0,8964,NICE,native,NICE_native,0,out_of_bounds:nevents,0.0,0.003709554672241211,0.1794871794871795,1.0,"{""nevents"": 39.0, ""ndays_act"": 18.0, ""nchapters"": 10.0}"
HarvardX,2,aligned,0,8964,NICE,bounded,NICE_bounded,0,classifier_target_not_met,0.0,0.003709554672241211,0.0,0.0,"{""nevents"": 144.0, ""ndays_act"": 18.0, ""nchapters"": 10.0}"
HarvardX,2,aligned,0,8964,NICE,bounded+edit,NICE_bounded+edit,0,classifier_target_not_met,0.0,0.003709554672241211,0.0,0.0,"{""nevents"": 144.0, ""ndays_act"": 18.0, ""nchapters"": 10.0}"
HarvardX,2,aligned,0,8964,MCCE,native,MCCE_native,0,out_of_bounds:nevents,0.0,0.04293227195739746,0.15213675213675212,1.0,"{""nevents"": 55.0, ""ndays_act"": 18.0, ""nchapters"": 10.0}"
HarvardX,2,aligned,0,8964,MCCE,bounded,MCCE_bounded,1,OK,0.0,0.04293227195739746,0.47569071755118264,2.0,"{""nevents"": 191.0, ""ndays_act"": 35.0, ""nchapters"": 10.0}"
HarvardX,2,aligned,0,8964,MCCE,bounded+edit,MCCE_bounded+edit,1,OK,0.0,0.04293227195739746,0.47569071755118264,2.0,"{""nevents"": 191.0, ""ndays_act"": 35.0, ""nchapters"": 10.0}"
HarvardX,2,aligned,0,9008,NICE,native,NICE_native,0,out_of_bounds:nevents,0.0,0.004839897155761719,0.16546001789636378,2.0,"{""nevents"": 9.0, ""ndays_act"": 7.0, ""nchapters"": 12.0}"
HarvardX,2,aligned,0,9008,NICE,bounded,NICE_bounded,0,classifier_target_not_met,0.0,0.004839897155761719,0.05263157894736842,1.0,"{""nevents"": 82.0, ""ndays_act"": 7.0, ""nchapters"": 12.0}"
HarvardX,2,aligned,0,9008,NICE,bounded+edit,NICE_bounded+edit,0,classifier_target_not_met,0.0,0.004839897155761719,0.05263157894736842,1.0,"{""nevents"": 82.0, ""ndays_act"": 7.0, ""nchapters"": 12.0}"
HarvardX,2,aligned,0,9008,MCCE,native,MCCE_native,0,out_of_bounds:nevents,0.0,0.028379201889038086,0.2109059356273218,2.0,"{""nevents"": 25.0, ""ndays_act"": 11.0, ""nchapters"": 12.0}"
HarvardX,2,aligned,0,9008,MCCE,bounded,MCCE_bounded,1,OK,0.0,0.028379201889038086,0.3048889611974294,2.0,"{""nevents"": 109.0, ""ndays_act"": 19.0, ""nchapters"": 12.0}"
HarvardX,2,aligned,0,9008,MCCE,bounded+edit,MCCE_bounded+edit,1,OK,0.0,0.028379201889038086,0.3048889611974294,2.0,"{""nevents"": 109.0, ""ndays_act"": 19.0, ""nchapters"": 12.0}"
HarvardX,2,aligned,0,9020,NICE,native,NICE_native,0,out_of_bounds:nevents,0.0,0.004883766174316406,0.24296536796536794,2.0,"{""nevents"": 66.0, ""ndays_act"": 21.0, ""nchapters"": 7.0}"
HarvardX,2,aligned,0,9020,NICE,bounded,NICE_bounded,0,classifier_target_not_met,0.0,0.004883766174316406,0.16666666666666666,1.0,"{""nevents"": 113.0, ""ndays_act"": 21.0, ""nchapters"": 7.0}"
HarvardX,2,aligned,0,9020,NICE,bounded+edit,NICE_bounded+edit,0,classifier_target_not_met,0.0,0.004883766174316406,0.16666666666666666,1.0,"{""nevents"": 113.0, ""ndays_act"": 21.0, ""nchapters"": 7.0}"
HarvardX,2,aligned,0,9020,MCCE,native,MCCE_native,0,out_of_bounds:nevents,0.0,0.042051076889038086,1.1282467532467533,2.0,"{""nevents"": 34.0, ""ndays_act"": 13.0, ""nchapters"": 12.0}"
HarvardX,2,aligned,0,9020,MCCE,bounded,MCCE_bounded,1,OK,0.0,0.042051076889038086,0.7993506493506494,3.0,"{""nevents"": 128.0, ""ndays_act"": 31.0, ""nchapters"": 9.0}"
HarvardX,2,aligned,0,9020,MCCE,bounded+edit,MCCE_bounded+edit,1,OK,0.0,0.042051076889038086,0.7993506493506494,3.0,"{""nevents"": 128.0, ""ndays_act"": 31.0, ""nchapters"": 9.0}"
HarvardX,2,aligned,0,9024,NICE,native,NICE_native,0,out_of_bounds:nevents,0.0,0.0036575794219970703,0.1696113074204947,1.0,"{""nevents"": 67.0, ""ndays_act"": 15.0, ""nchapters"": 12.0}"
HarvardX,2,aligned,0,9024,NICE,bounded,NICE_bounded,0,classifier_target_not_met,0.0,0.0036575794219970703,0.0,0.0,"{""nevents"": 163.0, ""ndays_act"": 15.0, ""nchapters"": 12.0}"
HarvardX,2,aligned,0,9024,NICE,bounded+edit,NICE_bounded+edit,0,classifier_target_not_met,0.0,0.0036575794219970703,0.0,0.0,"{""nevents"": 163.0, ""ndays_act"": 15.0, ""nchapters"": 12.0}"
HarvardX,2,aligned,0,9024,MCCE,native,MCCE_native,0,out_of_bounds:nevents,0.0,0.027498245239257812,0.17491166077738515,1.0,"{""nevents"": 64.0, ""ndays_act"": 15.0, ""nchapters"": 12.0}"
HarvardX,2,aligned,0,9024,MCCE,bounded,MCCE_bounded,1,OK,0.0,0.027498245239257812,0.21739130434782608,1.0,"{""nevents"": 163.0, ""ndays_act"": 25.0, ""nchapters"": 12.0}"
HarvardX,2,aligned,0,9024,MCCE,bounded+edit,MCCE_bounded+edit,1,OK,0.0,0.027498245239257812,0.21739130434782608,1.0,"{""nevents"": 163.0, ""ndays_act"": 25.0, ""nchapters"": 12.0}"
HarvardX,2,aligned,0,9123,NICE,native,NICE_native,1,OK,0.0,0.004718780517578125,0.326769807782466,2.0,"{""nevents"": 66.0, ""ndays_act"": 21.0, ""nchapters"": 7.0}"
HarvardX,2,aligned,0,9123,NICE,bounded,NICE_bounded,1,OK,0.0,0.004718780517578125,0.326769807782466,2.0,"{""nevents"": 66.0, ""ndays_act"": 21.0, ""nchapters"": 7.0}"
HarvardX,2,aligned,0,9123,NICE,bounded+edit,NICE_bounded+edit,1,OK,0.0,0.004718780517578125,0.326769807782466,2.0,"{""nevents"": 66.0, ""ndays_act"": 21.0, ""nchapters"": 7.0}"
HarvardX,2,aligned,0,9123,MCCE,native,MCCE_native,0,out_of_bounds:nevents,0.0,0.04119610786437988,1.0126582278481013,2.0,"{""nevents"": 9.0, ""ndays_act"": 7.0, ""nchapters"": 12.0}"
HarvardX,2,aligned,0,9123,MCCE,bounded,MCCE_bounded,1,OK,0.0,0.04119610786437988,0.8247538677918425,3.0,"{""nevents"": 83.0, ""ndays_act"": 25.0, ""nchapters"": 9.0}"
HarvardX,2,aligned,0,9123,MCCE,bounded+edit,MCCE_bounded+edit,1,OK,0.0,0.04119610786437988,0.8247538677918425,3.0,"{""nevents"": 83.0, ""ndays_act"": 25.0, ""nchapters"": 9.0}"
HarvardX,2,aligned,0,9124,NICE,native,NICE_native,1,OK,0.0,0.004921913146972656,0.3538011695906432,2.0,"{""nevents"": 66.0, ""ndays_act"": 21.0, ""nchapters"": 7.0}"
HarvardX,2,aligned,0,9124,NICE,bounded,NICE_bounded,1,OK,0.0,0.004921913146972656,0.3538011695906432,2.0,"{""nevents"": 66.0, ""ndays_act"": 21.0, ""nchapters"": 7.0}"
HarvardX,2,aligned,0,9124,NICE,bounded+edit,NICE_bounded+edit,1,OK,0.0,0.004921913146972656,0.3538011695906432,2.0,"{""nevents"": 66.0, ""ndays_act"": 21.0, ""nchapters"": 7.0}"
HarvardX,2,aligned,0,9124,MCCE,native,MCCE_native,1,OK,0.0,0.04168343544006348,0.8481931324036587,3.0,"{""nevents"": 83.0, ""ndays_act"": 25.0, ""nchapters"": 9.0}"
HarvardX,2,aligned,0,9124,MCCE,bounded,MCCE_bounded,1,OK,0.0,0.04168343544006348,0.8481931324036587,3.0,"{""nevents"": 83.0, ""ndays_act"": 25.0, ""nchapters"": 9.0}"
HarvardX,2,aligned,0,9124,MCCE,bounded+edit,MCCE_bounded+edit,1,OK,0.0,0.04168343544006348,0.8481931324036587,3.0,"{""nevents"": 83.0, ""ndays_act"": 25.0, ""nchapters"": 9.0}"
HarvardX,2,aligned,0,9136,NICE,native,NICE_native,0,out_of_bounds:nevents;out_of_bounds:ndays_act,0.0,0.006038665771484375,0.6393325834270716,3.0,"{""nevents"": 66.0, ""ndays_act"": 21.0, ""nchapters"": 7.0}"
HarvardX,2,aligned,0,9136,NICE,bounded,NICE_bounded,0,classifier_target_not_met,0.0,0.006038665771484375,0.16666666666666666,1.0,"{""nevents"": 94.0, ""ndays_act"": 33.0, ""nchapters"": 7.0}"
HarvardX,2,aligned,0,9136,NICE,bounded+edit,NICE_bounded+edit,0,classifier_target_not_met,0.0,0.006038665771484375,0.16666666666666666,1.0,"{""nevents"": 94.0, ""ndays_act"": 33.0, ""nchapters"": 7.0}"
HarvardX,2,aligned,0,9136,MCCE,native,MCCE_native,1,OK,0.0,0.04083681106567383,1.3244094488188978,2.0,"{""nevents"": 300.0, ""ndays_act"": 33.0, ""nchapters"": 12.0}"
HarvardX,2,aligned,0,9136,MCCE,bounded,MCCE_bounded,1,OK,0.0,0.04083681106567383,1.3244094488188978,2.0,"{""nevents"": 300.0, ""ndays_act"": 33.0, ""nchapters"": 12.0}"
HarvardX,2,aligned,0,9136,MCCE,bounded+edit,MCCE_bounded+edit,1,OK,0.0,0.04083681106567383,1.3244094488188978,2.0,"{""nevents"": 300.0, ""ndays_act"": 33.0, ""nchapters"": 12.0}"
HarvardX,2,aligned,0,9196,NICE,native,NICE_native,1,OK,0.0,0.005953788757324219,0.5778859527121001,3.0,"{""nevents"": 66.0, ""ndays_act"": 21.0, ""nchapters"": 7.0}"
HarvardX,2,aligned,0,9196,NICE,bounded,NICE_bounded,1,OK,0.0,0.005953788757324219,0.5778859527121001,3.0,"{""nevents"": 66.0, ""ndays_act"": 21.0, ""nchapters"": 7.0}"
HarvardX,2,aligned,0,9196,NICE,bounded+edit,NICE_bounded+edit,1,OK,0.0,0.005953788757324219,0.5778859527121001,3.0,"{""nevents"": 66.0, ""ndays_act"": 21.0, ""nchapters"": 7.0}"
HarvardX,2,aligned,0,9196,MCCE,native,MCCE_native,1,OK,0.0,0.04168438911437988,1.001529902642559,3.0,"{""nevents"": 83.0, ""ndays_act"": 25.0, ""nchapters"": 9.0}"
HarvardX,2,aligned,0,9196,MCCE,bounded,MCCE_bounded,1,OK,0.0,0.04168438911437988,1.001529902642559,3.0,"{""nevents"": 83.0, ""ndays_act"": 25.0, ""nchapters"": 9.0}"
HarvardX,2,aligned,0,9196,MCCE,bounded+edit,MCCE_bounded+edit,1,OK,0.0,0.04168438911437988,1.001529902642559,3.0,"{""nevents"": 83.0, ""ndays_act"": 25.0, ""nchapters"": 9.0}"
HarvardX,2,aligned,0,9228,NICE,native,NICE_native,0,out_of_bounds:nevents,0.0,0.0034699440002441406,0.08597285067873303,1.0,"{""nevents"": 9.0, ""ndays_act"": 7.0, ""nchapters"": 12.0}"
HarvardX,2,aligned,0,9228,NICE,bounded,NICE_bounded,0,classifier_target_not_met,0.0,0.0034699440002441406,0.0,0.0,"{""nevents"": 66.0, ""ndays_act"": 7.0, ""nchapters"": 12.0}"
HarvardX,2,aligned,0,9228,NICE,bounded+edit,NICE_bounded+edit,0,classifier_target_not_met,0.0,0.0034699440002441406,0.0,0.0,"{""nevents"": 66.0, ""ndays_act"": 7.0, ""nchapters"": 12.0}"
HarvardX,2,aligned,0,9228,MCCE,native,MCCE_native,0,out_of_bounds:nevents,0.0,0.026458263397216797,0.13591419473772415,2.0,"{""nevents"": 25.0, ""ndays_act"": 11.0, ""nchapters"": 12.0}"
HarvardX,2,aligned,0,9228,MCCE,bounded,MCCE_bounded,1,OK,0.0,0.026458263397216797,0.2512988101223395,2.0,"{""nevents"": 73.0, ""ndays_act"": 20.0, ""nchapters"": 12.0}"
HarvardX,2,aligned,0,9228,MCCE,bounded+edit,MCCE_bounded+edit,1,OK,0.0,0.026458263397216797,0.2512988101223395,2.0,"{""nevents"": 73.0, ""ndays_act"": 20.0, ""nchapters"": 12.0}"
HarvardX,2,aligned,0,9288,NICE,native,NICE_native,1,OK,0.0,0.004568815231323242,0.3699192956713133,2.0,"{""nevents"": 66.0, ""ndays_act"": 21.0, ""nchapters"": 7.0}"
HarvardX,2,aligned,0,9288,NICE,bounded,NICE_bounded,1,OK,0.0,0.004568815231323242,0.3699192956713133,2.0,"{""nevents"": 66.0, ""ndays_act"": 21.0, ""nchapters"": 7.0}"
HarvardX,2,aligned,0,9288,NICE,bounded+edit,NICE_bounded+edit,1,OK,0.0,0.004568815231323242,0.3699192956713133,2.0,"{""nevents"": 66.0, ""ndays_act"": 21.0, ""nchapters"": 7.0}"
HarvardX,2,aligned,0,9288,MCCE,native,MCCE_native,1,OK,0.0,0.04027867317199707,0.8629982880899976,3.0,"{""nevents"": 83.0, ""ndays_act"": 25.0, ""nchapters"": 9.0}"
HarvardX,2,aligned,0,9288,MCCE,bounded,MCCE_bounded,1,OK,0.0,0.04027867317199707,0.8629982880899976,3.0,"{""nevents"": 83.0, ""ndays_act"": 25.0, ""nchapters"": 9.0}"
HarvardX,2,aligned,0,9288,MCCE,bounded+edit,MCCE_bounded+edit,1,OK,0.0,0.04027867317199707,0.8629982880899976,3.0,"{""nevents"": 83.0, ""ndays_act"": 25.0, ""nchapters"": 9.0}"
HarvardX,2,aligned,0,9317,NICE,native,NICE_native,1,OK,0.0,0.0048792362213134766,0.37916505230530806,2.0,"{""nevents"": 66.0, ""ndays_act"": 21.0, ""nchapters"": 7.0}"
HarvardX,2,aligned,0,9317,NICE,bounded,NICE_bounded,1,OK,0.0,0.0048792362213134766,0.37916505230530806,2.0,"{""nevents"": 66.0, ""ndays_act"": 21.0, ""nchapters"": 7.0}"
HarvardX,2,aligned,0,9317,NICE,bounded+edit,NICE_bounded+edit,1,OK,0.0,0.0048792362213134766,0.37916505230530806,2.0,"{""nevents"": 66.0, ""ndays_act"": 21.0, ""nchapters"": 7.0}"
HarvardX,2,aligned,0,9317,MCCE,native,MCCE_native,1,OK,0.0,0.04027080535888672,0.8720069740410694,3.0,"{""nevents"": 83.0, ""ndays_act"": 25.0, ""nchapters"": 9.0}"
HarvardX,2,aligned,0,9317,MCCE,bounded,MCCE_bounded,1,OK,0.0,0.04027080535888672,0.8720069740410694,3.0,"{""nevents"": 83.0, ""ndays_act"": 25.0, ""nchapters"": 9.0}"
HarvardX,2,aligned,0,9317,MCCE,bounded+edit,MCCE_bounded+edit,1,OK,0.0,0.04027080535888672,0.8720069740410694,3.0,"{""nevents"": 83.0, ""ndays_act"": 25.0, ""nchapters"": 9.0}"
HarvardX,2,aligned,0,9362,NICE,native,NICE_native,0,out_of_bounds:nevents,0.0,0.0034127235412597656,0.3858695652173913,1.0,"{""nevents"": 474.0, ""ndays_act"": 44.0, ""nchapters"": 9.0}"
HarvardX,2,aligned,0,9362,NICE,bounded,NICE_bounded,0,classifier_target_not_met,0.0,0.0034127235412597656,0.0,0.0,"{""nevents"": 545.0, ""ndays_act"": 44.0, ""nchapters"": 9.0}"
HarvardX,2,aligned,0,9362,NICE,bounded+edit,NICE_bounded+edit,0,classifier_target_not_met,0.0,0.0034127235412597656,0.0,0.0,"{""nevents"": 545.0, ""ndays_act"": 44.0, ""nchapters"": 9.0}"
HarvardX,2,aligned,0,9362,MCCE,native,MCCE_native,0,out_of_bounds:nevents;out_of_bounds:ndays_act,0.0,0.03977632522583008,3.031010230179028,2.0,"{""nevents"": 128.0, ""ndays_act"": 31.0, ""nchapters"": 9.0}"
HarvardX,2,aligned,0,9362,MCCE,bounded,MCCE_bounded,1,OK,0.0,0.03977632522583008,1.4965899403239555,3.0,"{""nevents"": 557.0, ""ndays_act"": 57.0, ""nchapters"": 11.0}"
HarvardX,2,aligned,0,9362,MCCE,bounded+edit,MCCE_bounded+edit,1,OK,0.0,0.03977632522583008,1.4965899403239555,3.0,"{""nevents"": 557.0, ""ndays_act"": 57.0, ""nchapters"": 11.0}"
HarvardX,2,aligned,0,9366,NICE,native,NICE_native,1,OK,0.0,0.004716396331787109,0.3828059996851739,2.0,"{""nevents"": 52.0, ""ndays_act"": 19.0, ""nchapters"": 8.0}"
HarvardX,2,aligned,0,9366,NICE,bounded,NICE_bounded,1,OK,0.0,0.004716396331787109,0.3828059996851739,2.0,"{""nevents"": 52.0, ""ndays_act"": 19.0, ""nchapters"": 8.0}"
HarvardX,2,aligned,0,9366,NICE,bounded+edit,NICE_bounded+edit,1,OK,0.0,0.004716396331787109,0.3828059996851739,2.0,"{""nevents"": 52.0, ""ndays_act"": 19.0, ""nchapters"": 8.0}"
HarvardX,2,aligned,0,9366,MCCE,native,MCCE_native,1,OK,0.0,0.04214882850646973,0.7736906609098473,3.0,"{""nevents"": 83.0, ""ndays_act"": 25.0, ""nchapters"": 9.0}"
HarvardX,2,aligned,0,9366,MCCE,bounded,MCCE_bounded,1,OK,0.0,0.04214882850646973,0.7736906609098473,3.0,"{""nevents"": 83.0, ""ndays_act"": 25.0, ""nchapters"": 9.0}"
HarvardX,2,aligned,0,9366,MCCE,bounded+edit,MCCE_bounded+edit,1,OK,0.0,0.04214882850646973,0.7736906609098473,3.0,"{""nevents"": 83.0, ""ndays_act"": 25.0, ""nchapters"": 9.0}"
HarvardX,2,aligned,0,9457,NICE,native,NICE_native,0,out_of_bounds:nevents,0.0,0.0047070980072021484,1.3733333333333333,2.0,"{""nevents"": 77.0, ""ndays_act"": 47.0, ""nchapters"": 8.0}"
HarvardX,2,aligned,0,9457,NICE,bounded,NICE_bounded,0,classifier_target_not_met,0.0,0.0047070980072021484,0.2,1.0,"{""nevents"": 429.0, ""ndays_act"": 47.0, ""nchapters"": 8.0}"
HarvardX,2,aligned,0,9457,NICE,bounded+edit,NICE_bounded+edit,0,classifier_target_not_met,0.0,0.0047070980072021484,0.2,1.0,"{""nevents"": 429.0, ""ndays_act"": 47.0, ""nchapters"": 8.0}"
HarvardX,2,aligned,0,9457,MCCE,native,MCCE_native,1,OK,0.0,0.04208707809448242,1.01,2.0,"{""nevents"": 432.0, ""ndays_act"": 47.0, ""nchapters"": 12.0}"
HarvardX,2,aligned,0,9457,MCCE,bounded,MCCE_bounded,1,OK,0.0,0.04208707809448242,1.01,2.0,"{""nevents"": 432.0, ""ndays_act"": 47.0, ""nchapters"": 12.0}"
HarvardX,2,aligned,0,9457,MCCE,bounded+edit,MCCE_bounded+edit,1,OK,0.0,0.04208707809448242,1.01,2.0,"{""nevents"": 432.0, ""ndays_act"": 47.0, ""nchapters"": 12.0}"
HarvardX,2,aligned,0,9502,NICE,native,NICE_native,0,out_of_bounds:nevents,0.0,0.005765676498413086,0.44826933989029694,3.0,"{""nevents"": 66.0, ""ndays_act"": 21.0, ""nchapters"": 7.0}"
HarvardX,2,aligned,0,9502,NICE,bounded,NICE_bounded,0,classifier_target_not_met,0.0,0.005765676498413086,0.38235294117647056,2.0,"{""nevents"": 107.0, ""ndays_act"": 21.0, ""nchapters"": 7.0}"
HarvardX,2,aligned,0,9502,NICE,bounded+edit,NICE_bounded+edit,0,classifier_target_not_met,0.0,0.005765676498413086,0.38235294117647056,2.0,"{""nevents"": 107.0, ""ndays_act"": 21.0, ""nchapters"": 7.0}"
HarvardX,2,aligned,0,9502,MCCE,native,MCCE_native,0,out_of_bounds:nevents,0.0,0.04052925109863281,0.832702856062039,3.0,"{""nevents"": 83.0, ""ndays_act"": 25.0, ""nchapters"": 9.0}"
HarvardX,2,aligned,0,9502,MCCE,bounded,MCCE_bounded,1,OK,0.0,0.04052925109863281,0.9455267637601664,3.0,"{""nevents"": 128.0, ""ndays_act"": 31.0, ""nchapters"": 9.0}"
HarvardX,2,aligned,0,9502,MCCE,bounded+edit,MCCE_bounded+edit,1,OK,0.0,0.04052925109863281,0.9455267637601664,3.0,"{""nevents"": 128.0, ""ndays_act"": 31.0, ""nchapters"": 9.0}"
HarvardX,2,aligned,0,9529,NICE,native,NICE_native,1,OK,0.0,0.00469970703125,0.3017613495410568,2.0,"{""nevents"": 52.0, ""ndays_act"": 19.0, ""nchapters"": 8.0}"
HarvardX,2,aligned,0,9529,NICE,bounded,NICE_bounded,1,OK,0.0,0.00469970703125,0.3017613495410568,2.0,"{""nevents"": 52.0, ""ndays_act"": 19.0, ""nchapters"": 8.0}"
HarvardX,2,aligned,0,9529,NICE,bounded+edit,NICE_bounded+edit,1,OK,0.0,0.00469970703125,0.3017613495410568,2.0,"{""nevents"": 52.0, ""ndays_act"": 19.0, ""nchapters"": 8.0}"
HarvardX,2,aligned,0,9529,MCCE,native,MCCE_native,1,OK,0.0,0.04039359092712402,1.1724137931034484,2.0,"{""nevents"": 34.0, ""ndays_act"": 13.0, ""nchapters"": 12.0}"
HarvardX,2,aligned,0,9529,MCCE,bounded,MCCE_bounded,1,OK,0.0,0.04039359092712402,1.1724137931034484,2.0,"{""nevents"": 34.0, ""ndays_act"": 13.0, ""nchapters"": 12.0}"
HarvardX,2,aligned,0,9529,MCCE,bounded+edit,MCCE_bounded+edit,1,OK,0.0,0.04039359092712402,1.1724137931034484,2.0,"{""nevents"": 34.0, ""ndays_act"": 13.0, ""nchapters"": 12.0}"
HarvardX,2,aligned,0,9549,NICE,native,NICE_native,0,out_of_bounds:nevents;out_of_bounds:ndays_act,0.0,0.005178689956665039,0.783946251768034,2.0,"{""nevents"": 66.0, ""ndays_act"": 21.0, ""nchapters"": 7.0}"
HarvardX,2,aligned,0,9549,NICE,bounded,NICE_bounded,0,classifier_target_not_met,0.0,0.005178689956665039,0.0,0.0,"{""nevents"": 325.0, ""ndays_act"": 26.0, ""nchapters"": 7.0}"
HarvardX,2,aligned,0,9549,NICE,bounded+edit,NICE_bounded+edit,0,classifier_target_not_met,0.0,0.005178689956665039,0.0,0.0,"{""nevents"": 325.0, ""ndays_act"": 26.0, ""nchapters"": 7.0}"
HarvardX,2,aligned,0,9549,MCCE,native,MCCE_native,0,out_of_bounds:nevents;out_of_bounds:ndays_act,0.0,0.04005718231201172,1.0275813295615275,3.0,"{""nevents"": 83.0, ""ndays_act"": 25.0, ""nchapters"": 9.0}"
HarvardX,2,aligned,0,9549,MCCE,bounded,MCCE_bounded,1,OK,0.0,0.04005718231201172,1.4621640735502122,3.0,"{""nevents"": 454.0, ""ndays_act"": 45.0, ""nchapters"": 10.0}"
HarvardX,2,aligned,0,9549,MCCE,bounded+edit,MCCE_bounded+edit,1,OK,0.0,0.04005718231201172,1.4621640735502122,3.0,"{""nevents"": 454.0, ""ndays_act"": 45.0, ""nchapters"": 10.0}"
HarvardX,2,aligned,0,9568,NICE,native,NICE_native,0,out_of_bounds:nevents,0.0,0.003489255905151367,0.14401294498381878,1.0,"{""nevents"": 22.0, ""ndays_act"": 10.0, ""nchapters"": 12.0}"
HarvardX,2,aligned,0,9568,NICE,bounded,NICE_bounded,0,classifier_target_not_met,0.0,0.003489255905151367,0.0,0.0,"{""nevents"": 111.0, ""ndays_act"": 10.0, ""nchapters"": 12.0}"
HarvardX,2,aligned,0,9568,NICE,bounded+edit,NICE_bounded+edit,0,classifier_target_not_met,0.0,0.003489255905151367,0.0,0.0,"{""nevents"": 111.0, ""ndays_act"": 10.0, ""nchapters"": 12.0}"
HarvardX,2,aligned,0,9568,MCCE,native,MCCE_native,0,out_of_bounds:nevents,0.0,0.02641582489013672,0.15876641918903484,2.0,"{""nevents"": 25.0, ""ndays_act"": 11.0, ""nchapters"": 12.0}"
HarvardX,2,aligned,0,9568,MCCE,bounded,MCCE_bounded,1,OK,0.0,0.02641582489013672,0.17808871121264042,2.0,"{""nevents"": 112.0, ""ndays_act"": 19.0, ""nchapters"": 12.0}"
HarvardX,2,aligned,0,9568,MCCE,bounded+edit,MCCE_bounded+edit,1,OK,0.0,0.02641582489013672,0.17808871121264042,2.0,"{""nevents"": 112.0, ""ndays_act"": 19.0, ""nchapters"": 12.0}"
HarvardX,2,aligned,0,9570,NICE,native,NICE_native,0,out_of_bounds:nevents,0.0,0.0048062801361083984,0.24376797698945352,2.0,"{""nevents"": 9.0, ""ndays_act"": 7.0, ""nchapters"": 12.0}"
HarvardX,2,aligned,0,9570,NICE,bounded,NICE_bounded,0,classifier_target_not_met,0.0,0.0048062801361083984,0.03571428571428571,1.0,"{""nevents"": 133.0, ""ndays_act"": 7.0, ""nchapters"": 12.0}"
HarvardX,2,aligned,0,9570,NICE,bounded+edit,NICE_bounded+edit,0,classifier_target_not_met,0.0,0.0048062801361083984,0.03571428571428571,1.0,"{""nevents"": 133.0, ""ndays_act"": 7.0, ""nchapters"": 12.0}"
HarvardX,2,aligned,0,9570,MCCE,native,MCCE_native,0,out_of_bounds:nevents,0.0,0.02733635902404785,0.2883509108341323,2.0,"{""nevents"": 25.0, ""ndays_act"": 11.0, ""nchapters"": 12.0}"
HarvardX,2,aligned,0,9570,MCCE,bounded,MCCE_bounded,1,OK,0.0,0.02733635902404785,0.3041706615532119,2.0,"{""nevents"": 144.0, ""ndays_act"": 21.0, ""nchapters"": 12.0}"
HarvardX,2,aligned,0,9570,MCCE,bounded+edit,MCCE_bounded+edit,1,OK,0.0,0.02733635902404785,0.3041706615532119,2.0,"{""nevents"": 144.0, ""ndays_act"": 21.0, ""nchapters"": 12.0}"
HarvardX,2,aligned,0,9576,NICE,native,NICE_native,0,out_of_bounds:nevents,0.0,0.0067250728607177734,0.4795825357761371,3.0,"{""nevents"": 66.0, ""ndays_act"": 21.0, ""nchapters"": 7.0}"
HarvardX,2,aligned,0,9576,NICE,bounded,NICE_bounded,0,classifier_target_not_met,0.0,0.0067250728607177734,0.4119496855345912,2.0,"{""nevents"": 108.0, ""ndays_act"": 21.0, ""nchapters"": 7.0}"
HarvardX,2,aligned,0,9576,NICE,bounded+edit,NICE_bounded+edit,0,classifier_target_not_met,0.0,0.0067250728607177734,0.4119496855345912,2.0,"{""nevents"": 108.0, ""ndays_act"": 21.0, ""nchapters"": 7.0}"
HarvardX,2,aligned,0,9576,MCCE,native,MCCE_native,0,out_of_bounds:nevents,0.0,0.04176020622253418,0.8610123659344332,3.0,"{""nevents"": 83.0, ""ndays_act"": 25.0, ""nchapters"": 9.0}"
HarvardX,2,aligned,0,9576,MCCE,bounded,MCCE_bounded,1,OK,0.0,0.04176020622253418,0.9661683833135843,3.0,"{""nevents"": 128.0, ""ndays_act"": 31.0, ""nchapters"": 9.0}"
HarvardX,2,aligned,0,9576,MCCE,bounded+edit,MCCE_bounded+edit,1,OK,0.0,0.04176020622253418,0.9661683833135843,3.0,"{""nevents"": 128.0, ""ndays_act"": 31.0, ""nchapters"": 9.0}"
HarvardX,2,aligned,0,9591,NICE,native,NICE_native,0,out_of_bounds:nevents,0.0,0.004715919494628906,0.2574107683000605,2.0,"{""nevents"": 128.0, ""ndays_act"": 21.0, ""nchapters"": 9.0}"
HarvardX,2,aligned,0,9591,NICE,bounded,NICE_bounded,0,classifier_target_not_met,0.0,0.004715919494628906,0.16666666666666666,1.0,"{""nevents"": 178.0, ""ndays_act"": 21.0, ""nchapters"": 9.0}"
HarvardX,2,aligned,0,9591,NICE,bounded+edit,NICE_bounded+edit,0,classifier_target_not_met,0.0,0.004715919494628906,0.16666666666666666,1.0,"{""nevents"": 178.0, ""ndays_act"": 21.0, ""nchapters"": 9.0}"
HarvardX,2,aligned,0,9591,MCCE,native,MCCE_native,0,out_of_bounds:nevents,0.0,0.04221630096435547,0.4224137931034483,2.0,"{""nevents"": 83.0, ""ndays_act"": 25.0, ""nchapters"": 9.0}"
HarvardX,2,aligned,0,9591,MCCE,bounded,MCCE_bounded,1,OK,0.0,0.04221630096435547,0.815260133091349,3.0,"{""nevents"": 191.0, ""ndays_act"": 35.0, ""nchapters"": 10.0}"
HarvardX,2,aligned,0,9591,MCCE,bounded+edit,MCCE_bounded+edit,1,OK,0.0,0.04221630096435547,0.815260133091349,3.0,"{""nevents"": 191.0, ""ndays_act"": 35.0, ""nchapters"": 10.0}"
HarvardX,2,aligned,0,9592,NICE,native,NICE_native,0,out_of_bounds:nevents,0.0,0.0035948753356933594,0.3162705667276051,1.0,"{""nevents"": 9.0, ""ndays_act"": 8.0, ""nchapters"": 12.0}"
HarvardX,2,aligned,0,9592,NICE,bounded,NICE_bounded,0,classifier_target_not_met,0.0,0.0035948753356933594,0.0,0.0,"{""nevents"": 182.0, ""ndays_act"": 8.0, ""nchapters"": 12.0}"
HarvardX,2,aligned,0,9592,NICE,bounded+edit,NICE_bounded+edit,0,classifier_target_not_met,0.0,0.0035948753356933594,0.0,0.0,"{""nevents"": 182.0, ""ndays_act"": 8.0, ""nchapters"": 12.0}"
HarvardX,2,aligned,0,9592,MCCE,native,MCCE_native,0,out_of_bounds:nevents,0.0,0.027291059494018555,0.3436238832741195,2.0,"{""nevents"": 25.0, ""ndays_act"": 11.0, ""nchapters"": 12.0}"
HarvardX,2,aligned,0,9592,MCCE,bounded,MCCE_bounded,1,OK,0.0,0.027291059494018555,0.3298954848056293,2.0,"{""nevents"": 187.0, ""ndays_act"": 25.0, ""nchapters"": 12.0}"
HarvardX,2,aligned,0,9592,MCCE,bounded+edit,MCCE_bounded+edit,1,OK,0.0,0.027291059494018555,0.3298954848056293,2.0,"{""nevents"": 187.0, ""ndays_act"": 25.0, ""nchapters"": 12.0}"
HarvardX,2,aligned,0,9595,NICE,native,NICE_native,1,OK,0.0,0.006104707717895508,0.5460431654676259,3.0,"{""nevents"": 66.0, ""ndays_act"": 21.0, ""nchapters"": 7.0}"
HarvardX,2,aligned,0,9595,NICE,bounded,NICE_bounded,1,OK,0.0,0.006104707717895508,0.5460431654676259,3.0,"{""nevents"": 66.0, ""ndays_act"": 21.0, ""nchapters"": 7.0}"
HarvardX,2,aligned,0,9595,NICE,bounded+edit,NICE_bounded+edit,1,OK,0.0,0.006104707717895508,0.5460431654676259,3.0,"{""nevents"": 66.0, ""ndays_act"": 21.0, ""nchapters"": 7.0}"
HarvardX,2,aligned,0,9595,MCCE,native,MCCE_native,1,OK,0.0,0.04167747497558594,1.2,2.0,"{""nevents"": 34.0, ""ndays_act"": 13.0, ""nchapters"": 12.0}"
HarvardX,2,aligned,0,9595,MCCE,bounded,MCCE_bounded,1,OK,0.0,0.04167747497558594,1.2,2.0,"{""nevents"": 34.0, ""ndays_act"": 13.0, ""nchapters"": 12.0}"
HarvardX,2,aligned,0,9595,MCCE,bounded+edit,MCCE_bounded+edit,1,OK,0.0,0.04167747497558594,1.2,2.0,"{""nevents"": 34.0, ""ndays_act"": 13.0, ""nchapters"": 12.0}"
HarvardX,2,aligned,0,9624,NICE,native,NICE_native,0,out_of_bounds:nevents,0.0,0.0047647953033447266,0.18956043956043955,2.0,"{""nevents"": 9.0, ""ndays_act"": 7.0, ""nchapters"": 12.0}"
HarvardX,2,aligned,0,9624,NICE,bounded,NICE_bounded,0,classifier_target_not_met,0.0,0.0047647953033447266,0.03571428571428571,1.0,"{""nevents"": 105.0, ""ndays_act"": 7.0, ""nchapters"": 12.0}"
HarvardX,2,aligned,0,9624,NICE,bounded+edit,NICE_bounded+edit,0,classifier_target_not_met,0.0,0.0047647953033447266,0.03571428571428571,1.0,"{""nevents"": 105.0, ""ndays_act"": 7.0, ""nchapters"": 12.0}"
HarvardX,2,aligned,0,9624,MCCE,native,MCCE_native,1,OK,0.0,0.02762746810913086,0.44642857142857145,1.0,"{""nevents"": 105.0, ""ndays_act"": 30.0, ""nchapters"": 12.0}"
HarvardX,2,aligned,0,9624,MCCE,bounded,MCCE_bounded,1,OK,0.0,0.02762746810913086,0.44642857142857145,1.0,"{""nevents"": 105.0, ""ndays_act"": 30.0, ""nchapters"": 12.0}"
HarvardX,2,aligned,0,9624,MCCE,bounded+edit,MCCE_bounded+edit,1,OK,0.0,0.02762746810913086,0.44642857142857145,1.0,"{""nevents"": 105.0, ""ndays_act"": 30.0, ""nchapters"": 12.0}"
HarvardX,2,aligned,0,9635,NICE,native,NICE_native,0,out_of_bounds:nevents,0.0,0.005012989044189453,0.2316298057048367,2.0,"{""nevents"": 10.0, ""ndays_act"": 10.0, ""nchapters"": 10.0}"
HarvardX,2,aligned,0,9635,NICE,bounded,NICE_bounded,0,classifier_target_not_met,0.0,0.005012989044189453,0.13559322033898305,1.0,"{""nevents"": 73.0, ""ndays_act"": 10.0, ""nchapters"": 10.0}"
HarvardX,2,aligned,0,9635,NICE,bounded+edit,NICE_bounded+edit,0,classifier_target_not_met,0.0,0.005012989044189453,0.13559322033898305,1.0,"{""nevents"": 73.0, ""ndays_act"": 10.0, ""nchapters"": 10.0}"
HarvardX,2,aligned,0,9635,MCCE,native,MCCE_native,0,out_of_bounds:nevents,0.0,0.04120826721191406,0.29862546506821,2.0,"{""nevents"": 55.0, ""ndays_act"": 18.0, ""nchapters"": 10.0}"
HarvardX,2,aligned,0,9635,MCCE,bounded,MCCE_bounded,1,OK,0.0,0.04120826721191406,0.7392000826787928,2.0,"{""nevents"": 191.0, ""ndays_act"": 35.0, ""nchapters"": 10.0}"
HarvardX,2,aligned,0,9635,MCCE,bounded+edit,MCCE_bounded+edit,1,OK,0.0,0.04120826721191406,0.7392000826787928,2.0,"{""nevents"": 191.0, ""ndays_act"": 35.0, ""nchapters"": 10.0}"
HarvardX,2,aligned,0,9655,NICE,native,NICE_native,0,out_of_bounds:nevents,0.0,0.003710031509399414,0.2905811623246493,1.0,"{""nevents"": 85.0, ""ndays_act"": 18.0, ""nchapters"": 11.0}"
HarvardX,2,aligned,0,9655,NICE,bounded,NICE_bounded,0,classifier_target_not_met,0.0,0.003710031509399414,0.0,0.0,"{""nevents"": 230.0, ""ndays_act"": 18.0, ""nchapters"": 11.0}"
HarvardX,2,aligned,0,9655,NICE,bounded+edit,NICE_bounded+edit,0,classifier_target_not_met,0.0,0.003710031509399414,0.0,0.0,"{""nevents"": 230.0, ""ndays_act"": 18.0, ""nchapters"": 11.0}"
HarvardX,2,aligned,0,9655,MCCE,native,MCCE_native,0,out_of_bounds:nevents,0.0,0.0411224365234375,0.3491634431654006,2.0,"{""nevents"": 137.0, ""ndays_act"": 25.0, ""nchapters"": 11.0}"
HarvardX,2,aligned,0,9655,MCCE,bounded,MCCE_bounded,1,OK,0.0,0.0411224365234375,1.2487766230134687,2.0,"{""nevents"": 505.0, ""ndays_act"": 48.0, ""nchapters"": 11.0}"
HarvardX,2,aligned,0,9655,MCCE,bounded+edit,MCCE_bounded+edit,1,OK,0.0,0.0411224365234375,1.2487766230134687,2.0,"{""nevents"": 505.0, ""ndays_act"": 48.0, ""nchapters"": 11.0}"
HarvardX,2,aligned,0,9668,NICE,native,NICE_native,1,OK,0.0,0.003602743148803711,0.23076923076923078,1.0,"{""nevents"": 118.0, ""ndays_act"": 21.0, ""nchapters"": 9.0}"
HarvardX,2,aligned,0,9668,NICE,bounded,NICE_bounded,1,OK,0.0,0.003602743148803711,0.23076923076923078,1.0,"{""nevents"": 118.0, ""ndays_act"": 21.0, ""nchapters"": 9.0}"
HarvardX,2,aligned,0,9668,NICE,bounded+edit,NICE_bounded+edit,1,OK,0.0,0.003602743148803711,0.23076923076923078,1.0,"{""nevents"": 118.0, ""ndays_act"": 21.0, ""nchapters"": 9.0}"
HarvardX,2,aligned,0,9668,MCCE,native,MCCE_native,0,out_of_bounds:nevents,0.0,0.039960622787475586,0.3649754500818331,2.0,"{""nevents"": 83.0, ""ndays_act"": 25.0, ""nchapters"": 9.0}"
HarvardX,2,aligned,0,9668,MCCE,bounded,MCCE_bounded,1,OK,0.0,0.039960622787475586,0.43944353518821605,2.0,"{""nevents"": 128.0, ""ndays_act"": 31.0, ""nchapters"": 9.0}"
HarvardX,2,aligned,0,9668,MCCE,bounded+edit,MCCE_bounded+edit,1,OK,0.0,0.039960622787475586,0.43944353518821605,2.0,"{""nevents"": 128.0, ""ndays_act"": 31.0, ""nchapters"": 9.0}"
HarvardX,2,aligned,0,9706,NICE,native,NICE_native,1,OK,0.0,0.004916191101074219,0.18907809747504403,2.0,"{""nevents"": 370.0, ""ndays_act"": 26.0, ""nchapters"": 12.0}"
HarvardX,2,aligned,0,9706,NICE,bounded,NICE_bounded,1,OK,0.0,0.004916191101074219,0.18907809747504403,2.0,"{""nevents"": 370.0, ""ndays_act"": 26.0, ""nchapters"": 12.0}"
HarvardX,2,aligned,0,9706,NICE,bounded+edit,NICE_bounded+edit,1,OK,0.0,0.004916191101074219,0.18907809747504403,2.0,"{""nevents"": 370.0, ""ndays_act"": 26.0, ""nchapters"": 12.0}"
HarvardX,2,aligned,0,9706,MCCE,native,MCCE_native,0,out_of_bounds:nevents,0.0,0.02585005760192871,0.46564885496183206,1.0,"{""nevents"": 153.0, ""ndays_act"": 22.0, ""nchapters"": 12.0}"
HarvardX,2,aligned,0,9706,MCCE,bounded,MCCE_bounded,1,OK,0.0,0.02585005760192871,0.2536699941280094,2.0,"{""nevents"": 345.0, ""ndays_act"": 31.0, ""nchapters"": 12.0}"
HarvardX,2,aligned,0,9706,MCCE,bounded+edit,MCCE_bounded+edit,1,OK,0.0,0.02585005760192871,0.2536699941280094,2.0,"{""nevents"": 345.0, ""ndays_act"": 31.0, ""nchapters"": 12.0}"
HarvardX,2,aligned,0,9774,NICE,native,NICE_native,0,out_of_bounds:nevents,0.0,0.0037169456481933594,0.2693069306930693,1.0,"{""nevents"": 88.0, ""ndays_act"": 18.0, ""nchapters"": 12.0}"
HarvardX,2,aligned,0,9774,NICE,bounded,NICE_bounded,0,classifier_target_not_met,0.0,0.0037169456481933594,0.0,0.0,"{""nevents"": 224.0, ""ndays_act"": 18.0, ""nchapters"": 12.0}"
HarvardX,2,aligned,0,9774,NICE,bounded+edit,NICE_bounded+edit,0,classifier_target_not_met,0.0,0.0037169456481933594,0.0,0.0,"{""nevents"": 224.0, ""ndays_act"": 18.0, ""nchapters"": 12.0}"
HarvardX,2,aligned,0,9774,MCCE,native,MCCE_native,0,out_of_bounds:nevents,0.0,0.026972532272338867,0.2311766060326963,2.0,"{""nevents"": 119.0, ""ndays_act"": 19.0, ""nchapters"": 12.0}"
HarvardX,2,aligned,0,9774,MCCE,bounded,MCCE_bounded,1,OK,0.0,0.026972532272338867,0.17863228183283447,2.0,"{""nevents"": 232.0, ""ndays_act"": 25.0, ""nchapters"": 12.0}"
HarvardX,2,aligned,0,9774,MCCE,bounded+edit,MCCE_bounded+edit,1,OK,0.0,0.026972532272338867,0.17863228183283447,2.0,"{""nevents"": 232.0, ""ndays_act"": 25.0, ""nchapters"": 12.0}"
HarvardX,2,aligned,0,9788,NICE,native,NICE_native,1,OK,0.0,0.0046236515045166016,0.3632019704433498,2.0,"{""nevents"": 66.0, ""ndays_act"": 21.0, ""nchapters"": 7.0}"
HarvardX,2,aligned,0,9788,NICE,bounded,NICE_bounded,1,OK,0.0,0.0046236515045166016,0.3632019704433498,2.0,"{""nevents"": 66.0, ""ndays_act"": 21.0, ""nchapters"": 7.0}"
HarvardX,2,aligned,0,9788,NICE,bounded+edit,NICE_bounded+edit,1,OK,0.0,0.0046236515045166016,0.3632019704433498,2.0,"{""nevents"": 66.0, ""ndays_act"": 21.0, ""nchapters"": 7.0}"
HarvardX,2,aligned,0,9788,MCCE,native,MCCE_native,1,OK,0.0,0.04182720184326172,0.8564532019704434,3.0,"{""nevents"": 83.0, ""ndays_act"": 25.0, ""nchapters"": 9.0}"
HarvardX,2,aligned,0,9788,MCCE,bounded,MCCE_bounded,1,OK,0.0,0.04182720184326172,0.8564532019704434,3.0,"{""nevents"": 83.0, ""ndays_act"": 25.0, ""nchapters"": 9.0}"
HarvardX,2,aligned,0,9788,MCCE,bounded+edit,MCCE_bounded+edit,1,OK,0.0,0.04182720184326172,0.8564532019704434,3.0,"{""nevents"": 83.0, ""ndays_act"": 25.0, ""nchapters"": 9.0}"
HarvardX,2,aligned,0,9793,NICE,native,NICE_native,0,out_of_bounds:nevents,0.0,0.005090475082397461,0.1563861499656042,2.0,"{""nevents"": 34.0, ""ndays_act"": 14.0, ""nchapters"": 10.0}"
HarvardX,2,aligned,0,9793,NICE,bounded,NICE_bounded,0,classifier_target_not_met,0.0,0.005090475082397461,0.04081632653061224,1.0,"{""nevents"": 106.0, ""ndays_act"": 14.0, ""nchapters"": 10.0}"
HarvardX,2,aligned,0,9793,NICE,bounded+edit,NICE_bounded+edit,0,classifier_target_not_met,0.0,0.005090475082397461,0.04081632653061224,1.0,"{""nevents"": 106.0, ""ndays_act"": 14.0, ""nchapters"": 10.0}"
HarvardX,2,aligned,0,9793,MCCE,native,MCCE_native,0,out_of_bounds:nevents,0.0,0.04931902885437012,0.20431093785828938,2.0,"{""nevents"": 55.0, ""ndays_act"": 18.0, ""nchapters"": 10.0}"
HarvardX,2,aligned,0,9793,MCCE,bounded,MCCE_bounded,1,OK,0.0,0.04931902885437012,0.6058243522127953,2.0,"{""nevents"": 191.0, ""ndays_act"": 35.0, ""nchapters"": 10.0}"
HarvardX,2,aligned,0,9793,MCCE,bounded+edit,MCCE_bounded+edit,1,OK,0.0,0.04931902885437012,0.6058243522127953,2.0,"{""nevents"": 191.0, ""ndays_act"": 35.0, ""nchapters"": 10.0}"
HarvardX,2,aligned,0,9822,NICE,native,NICE_native,0,out_of_bounds:nevents,0.0,0.006279945373535156,0.49477036770316263,3.0,"{""nevents"": 66.0, ""ndays_act"": 21.0, ""nchapters"": 7.0}"
HarvardX,2,aligned,0,9822,NICE,bounded,NICE_bounded,0,classifier_target_not_met,0.0,0.006279945373535156,0.4887005649717514,2.0,"{""nevents"": 70.0, ""ndays_act"": 21.0, ""nchapters"": 7.0}"
HarvardX,2,aligned,0,9822,NICE,bounded+edit,NICE_bounded+edit,0,classifier_target_not_met,0.0,0.006279945373535156,0.4887005649717514,2.0,"{""nevents"": 70.0, ""ndays_act"": 21.0, ""nchapters"": 7.0}"
HarvardX,2,aligned,0,9822,MCCE,native,MCCE_native,1,OK,0.0,0.04094839096069336,0.9095573673516628,3.0,"{""nevents"": 83.0, ""ndays_act"": 25.0, ""nchapters"": 9.0}"
HarvardX,2,aligned,0,9822,MCCE,bounded,MCCE_bounded,1,OK,0.0,0.04094839096069336,0.9095573673516628,3.0,"{""nevents"": 83.0, ""ndays_act"": 25.0, ""nchapters"": 9.0}"
HarvardX,2,aligned,0,9822,MCCE,bounded+edit,MCCE_bounded+edit,1,OK,0.0,0.04094839096069336,0.9095573673516628,3.0,"{""nevents"": 83.0, ""ndays_act"": 25.0, ""nchapters"": 9.0}"
HarvardX,2,aligned,0,9830,NICE,native,NICE_native,1,OK,0.0,0.0035092830657958984,0.14285714285714285,1.0,"{""nevents"": 55.0, ""ndays_act"": 13.0, ""nchapters"": 11.0}"
HarvardX,2,aligned,0,9830,NICE,bounded,NICE_bounded,1,OK,0.0,0.0035092830657958984,0.14285714285714285,1.0,"{""nevents"": 55.0, ""ndays_act"": 13.0, ""nchapters"": 11.0}"
HarvardX,2,aligned,0,9830,NICE,bounded+edit,NICE_bounded+edit,1,OK,0.0,0.0035092830657958984,0.14285714285714285,1.0,"{""nevents"": 55.0, ""ndays_act"": 13.0, ""nchapters"": 11.0}"
HarvardX,2,aligned,0,9830,MCCE,native,MCCE_native,1,OK,0.0,0.041379690170288086,0.4788045782111064,2.0,"{""nevents"": 137.0, ""ndays_act"": 25.0, ""nchapters"": 11.0}"
HarvardX,2,aligned,0,9830,MCCE,bounded,MCCE_bounded,1,OK,0.0,0.041379690170288086,0.4788045782111064,2.0,"{""nevents"": 137.0, ""ndays_act"": 25.0, ""nchapters"": 11.0}"
HarvardX,2,aligned,0,9830,MCCE,bounded+edit,MCCE_bounded+edit,1,OK,0.0,0.041379690170288086,0.4788045782111064,2.0,"{""nevents"": 137.0, ""ndays_act"": 25.0, ""nchapters"": 11.0}"
HarvardX,2,aligned,0,9840,NICE,native,NICE_native,0,out_of_bounds:nevents,0.0,0.003702878952026367,0.2020033388981636,1.0,"{""nevents"": 9.0, ""ndays_act"": 7.0, ""nchapters"": 12.0}"
HarvardX,2,aligned,0,9840,NICE,bounded,NICE_bounded,0,classifier_target_not_met,0.0,0.003702878952026367,0.0,0.0,"{""nevents"": 130.0, ""ndays_act"": 7.0, ""nchapters"": 12.0}"
HarvardX,2,aligned,0,9840,NICE,bounded+edit,NICE_bounded+edit,0,classifier_target_not_met,0.0,0.003702878952026367,0.0,0.0,"{""nevents"": 130.0, ""ndays_act"": 7.0, ""nchapters"": 12.0}"
HarvardX,2,aligned,0,9840,MCCE,native,MCCE_native,0,out_of_bounds:nevents,0.0,0.027917146682739258,0.2493662276633896,2.0,"{""nevents"": 25.0, ""ndays_act"": 11.0, ""nchapters"": 12.0}"
HarvardX,2,aligned,0,9840,MCCE,bounded,MCCE_bounded,1,OK,0.0,0.027917146682739258,0.28263154640450133,2.0,"{""nevents"": 144.0, ""ndays_act"": 21.0, ""nchapters"": 12.0}"
HarvardX,2,aligned,0,9840,MCCE,bounded+edit,MCCE_bounded+edit,1,OK,0.0,0.027917146682739258,0.28263154640450133,2.0,"{""nevents"": 144.0, ""ndays_act"": 21.0, ""nchapters"": 12.0}"
HarvardX,2,aligned,0,9854,NICE,native,NICE_native,0,out_of_bounds:nevents,0.0,0.004850625991821289,0.3796273291925466,2.0,"{""nevents"": 518.0, ""ndays_act"": 42.0, ""nchapters"": 11.0}"
HarvardX,2,aligned,0,9854,NICE,bounded,NICE_bounded,0,classifier_target_not_met,0.0,0.004850625991821289,0.17391304347826086,1.0,"{""nevents"": 554.0, ""ndays_act"": 42.0, ""nchapters"": 11.0}"
HarvardX,2,aligned,0,9854,NICE,bounded+edit,NICE_bounded+edit,0,classifier_target_not_met,0.0,0.004850625991821289,0.17391304347826086,1.0,"{""nevents"": 554.0, ""ndays_act"": 42.0, ""nchapters"": 11.0}"
HarvardX,2,aligned,0,9854,MCCE,native,MCCE_native,0,out_of_bounds:nevents,0.0,0.043283939361572266,0.7147826086956521,2.0,"{""nevents"": 505.0, ""ndays_act"": 48.0, ""nchapters"": 11.0}"
HarvardX,2,aligned,0,9854,MCCE,bounded,MCCE_bounded,1,OK,0.0,0.043283939361572266,0.8432298136645963,2.0,"{""nevents"": 557.0, ""ndays_act"": 57.0, ""nchapters"": 11.0}"
HarvardX,2,aligned,0,9854,MCCE,bounded+edit,MCCE_bounded+edit,1,OK,0.0,0.043283939361572266,0.8432298136645963,2.0,"{""nevents"": 557.0, ""ndays_act"": 57.0, ""nchapters"": 11.0}"
HarvardX,2,aligned,0,9855,NICE,native,NICE_native,0,out_of_bounds:nevents,0.0,0.0048410892486572266,0.4666666666666667,2.0,"{""nevents"": 66.0, ""ndays_act"": 21.0, ""nchapters"": 7.0}"
HarvardX,2,aligned,0,9855,NICE,bounded,NICE_bounded,0,classifier_target_not_met,0.0,0.0048410892486572266,0.16666666666666666,1.0,"{""nevents"": 219.0, ""ndays_act"": 21.0, ""nchapters"": 7.0}"
HarvardX,2,aligned,0,9855,NICE,bounded+edit,NICE_bounded+edit,0,classifier_target_not_met,0.0,0.0048410892486572266,0.16666666666666666,1.0,"{""nevents"": 219.0, ""ndays_act"": 21.0, ""nchapters"": 7.0}"
HarvardX,2,aligned,0,9855,MCCE,native,MCCE_native,0,out_of_bounds:nevents,0.0,0.04130125045776367,1.3627450980392157,2.0,"{""nevents"": 34.0, ""ndays_act"": 13.0, ""nchapters"": 12.0}"
HarvardX,2,aligned,0,9855,MCCE,bounded,MCCE_bounded,1,OK,0.0,0.04130125045776367,1.4183823529411765,3.0,"{""nevents"": 307.0, ""ndays_act"": 44.0, ""nchapters"": 10.0}"
HarvardX,2,aligned,0,9855,MCCE,bounded+edit,MCCE_bounded+edit,1,OK,0.0,0.04130125045776367,1.4183823529411765,3.0,"{""nevents"": 307.0, ""ndays_act"": 44.0, ""nchapters"": 10.0}"
HarvardX,2,aligned,0,9937,NICE,native,NICE_native,0,out_of_bounds:nevents,0.0,0.005049228668212891,2.3284313725490198,2.0,"{""nevents"": 415.0, ""ndays_act"": 34.0, ""nchapters"": 10.0}"
HarvardX,2,aligned,0,9937,NICE,bounded,NICE_bounded,0,classifier_target_not_met,0.0,0.005049228668212891,0.25,1.0,"{""nevents"": 627.0, ""ndays_act"": 34.0, ""nchapters"": 10.0}"
HarvardX,2,aligned,0,9937,NICE,bounded+edit,NICE_bounded+edit,0,classifier_target_not_met,0.0,0.005049228668212891,0.25,1.0,"{""nevents"": 627.0, ""ndays_act"": 34.0, ""nchapters"": 10.0}"
HarvardX,2,aligned,0,9937,MCCE,native,MCCE_native,0,out_of_bounds:nevents,0.0,0.04092073440551758,4.552287581699346,2.0,"{""nevents"": 191.0, ""ndays_act"": 35.0, ""nchapters"": 10.0}"
HarvardX,2,aligned,0,9937,MCCE,bounded,MCCE_bounded,1,OK,0.0,0.04092073440551758,1.7941176470588236,3.0,"{""nevents"": 657.0, ""ndays_act"": 43.0, ""nchapters"": 12.0}"
HarvardX,2,aligned,0,9937,MCCE,bounded+edit,MCCE_bounded+edit,1,OK,0.0,0.04092073440551758,1.7941176470588236,3.0,"{""nevents"": 657.0, ""ndays_act"": 43.0, ""nchapters"": 12.0}"
HarvardX,2,aligned,0,10009,NICE,native,NICE_native,0,out_of_bounds:nevents;out_of_bounds:ndays_act,0.0,0.005009174346923828,0.802057125943466,2.0,"{""nevents"": 66.0, ""ndays_act"": 21.0, ""nchapters"": 7.0}"
HarvardX,2,aligned,0,10009,NICE,bounded,NICE_bounded,0,classifier_target_not_met,0.0,0.005009174346923828,0.0,0.0,"{""nevents"": 263.0, ""ndays_act"": 32.0, ""nchapters"": 7.0}"
HarvardX,2,aligned,0,10009,NICE,bounded+edit,NICE_bounded+edit,0,classifier_target_not_met,0.0,0.005009174346923828,0.0,0.0,"{""nevents"": 263.0, ""ndays_act"": 32.0, ""nchapters"": 7.0}"
HarvardX,2,aligned,0,10009,MCCE,native,MCCE_native,1,OK,0.0,0.04347825050354004,1.0042918454935623,2.0,"{""nevents"": 265.0, ""ndays_act"": 32.0, ""nchapters"": 12.0}"
HarvardX,2,aligned,0,10009,MCCE,bounded,MCCE_bounded,1,OK,0.0,0.04347825050354004,1.0042918454935623,2.0,"{""nevents"": 265.0, ""ndays_act"": 32.0, ""nchapters"": 12.0}"
HarvardX,2,aligned,0,10009,MCCE,bounded+edit,MCCE_bounded+edit,1,OK,0.0,0.04347825050354004,1.0042918454935623,2.0,"{""nevents"": 265.0, ""ndays_act"": 32.0, ""nchapters"": 12.0}"
HarvardX,2,aligned,0,10038,NICE,native,NICE_native,0,out_of_bounds:nevents,0.0,0.0052263736724853516,0.22652178733784234,2.0,"{""nevents"": 9.0, ""ndays_act"": 7.0, ""nchapters"": 12.0}"
HarvardX,2,aligned,0,10038,NICE,bounded,NICE_bounded,0,classifier_target_not_met,0.0,0.0052263736724853516,0.06896551724137931,1.0,"{""nevents"": 107.0, ""ndays_act"": 7.0, ""nchapters"": 12.0}"
HarvardX,2,aligned,0,10038,NICE,bounded+edit,NICE_bounded+edit,0,classifier_target_not_met,0.0,0.0052263736724853516,0.06896551724137931,1.0,"{""nevents"": 107.0, ""ndays_act"": 7.0, ""nchapters"": 12.0}"
HarvardX,2,aligned,0,10038,MCCE,native,MCCE_native,0,out_of_bounds:nevents,0.0,0.02651381492614746,0.2697638319104113,2.0,"{""nevents"": 25.0, ""ndays_act"": 11.0, ""nchapters"": 12.0}"
HarvardX,2,aligned,0,10038,MCCE,bounded,MCCE_bounded,1,OK,0.0,0.02651381492614746,0.27907750304911855,2.0,"{""nevents"": 109.0, ""ndays_act"": 19.0, ""nchapters"": 12.0}"
HarvardX,2,aligned,0,10038,MCCE,bounded+edit,MCCE_bounded+edit,1,OK,0.0,0.02651381492614746,0.27907750304911855,2.0,"{""nevents"": 109.0, ""ndays_act"": 19.0, ""nchapters"": 12.0}"
HarvardX,2,aligned,0,10050,NICE,native,NICE_native,0,out_of_bounds:nevents,0.0,0.0035893917083740234,0.09359605911330049,1.0,"{""nevents"": 63.0, ""ndays_act"": 13.0, ""nchapters"": 12.0}"
HarvardX,2,aligned,0,10050,NICE,bounded,NICE_bounded,0,classifier_target_not_met,0.0,0.0035893917083740234,0.0,0.0,"{""nevents"": 120.0, ""ndays_act"": 13.0, ""nchapters"": 12.0}"
HarvardX,2,aligned,0,10050,NICE,bounded+edit,NICE_bounded+edit,0,classifier_target_not_met,0.0,0.0035893917083740234,0.0,0.0,"{""nevents"": 120.0, ""ndays_act"": 13.0, ""nchapters"": 12.0}"
HarvardX,2,aligned,0,10050,MCCE,native,MCCE_native,0,out_of_bounds:nevents,0.0,0.026646852493286133,0.11822660098522167,1.0,"{""nevents"": 48.0, ""ndays_act"": 13.0, ""nchapters"": 12.0}"
HarvardX,2,aligned,0,10050,MCCE,bounded,MCCE_bounded,1,OK,0.0,0.026646852493286133,0.20607553366174056,2.0,"{""nevents"": 144.0, ""ndays_act"": 21.0, ""nchapters"": 12.0}"
HarvardX,2,aligned,0,10050,MCCE,bounded+edit,MCCE_bounded+edit,1,OK,0.0,0.026646852493286133,0.20607553366174056,2.0,"{""nevents"": 144.0, ""ndays_act"": 21.0, ""nchapters"": 12.0}"
HarvardX,2,aligned,0,10056,NICE,native,NICE_native,1,OK,0.0,0.00467991828918457,0.3975609756097561,2.0,"{""nevents"": 547.0, ""ndays_act"": 24.0, ""nchapters"": 12.0}"
HarvardX,2,aligned,0,10056,NICE,bounded,NICE_bounded,1,OK,0.0,0.00467991828918457,0.3975609756097561,2.0,"{""nevents"": 547.0, ""ndays_act"": 24.0, ""nchapters"": 12.0}"
HarvardX,2,aligned,0,10056,NICE,bounded+edit,NICE_bounded+edit,1,OK,0.0,0.00467991828918457,0.3975609756097561,2.0,"{""nevents"": 547.0, ""ndays_act"": 24.0, ""nchapters"": 12.0}"
HarvardX,2,aligned,0,10056,MCCE,native,MCCE_native,0,out_of_bounds:nevents,0.0,0.0266568660736084,1.523076923076923,1.0,"{""nevents"": 73.0, ""ndays_act"": 20.0, ""nchapters"": 12.0}"
HarvardX,2,aligned,0,10056,MCCE,bounded,MCCE_bounded,1,OK,0.0,0.0266568660736084,0.450562851782364,2.0,"{""nevents"": 472.0, ""ndays_act"": 38.0, ""nchapters"": 12.0}"
HarvardX,2,aligned,0,10056,MCCE,bounded+edit,MCCE_bounded+edit,1,OK,0.0,0.0266568660736084,0.450562851782364,2.0,"{""nevents"": 472.0, ""ndays_act"": 38.0, ""nchapters"": 12.0}"
HarvardX,2,aligned,0,10062,NICE,native,NICE_native,0,out_of_bounds:nevents,0.0,0.004790782928466797,0.3844161958568738,2.0,"{""nevents"": 128.0, ""ndays_act"": 21.0, ""nchapters"": 9.0}"
HarvardX,2,aligned,0,10062,NICE,bounded,NICE_bounded,0,classifier_target_not_met,0.0,0.004790782928466797,0.1111111111111111,1.0,"{""nevents"": 257.0, ""ndays_act"": 21.0, ""nchapters"": 9.0}"
HarvardX,2,aligned,0,10062,NICE,bounded+edit,NICE_bounded+edit,0,classifier_target_not_met,0.0,0.004790782928466797,0.1111111111111111,1.0,"{""nevents"": 257.0, ""ndays_act"": 21.0, ""nchapters"": 9.0}"
HarvardX,2,aligned,0,10062,MCCE,native,MCCE_native,0,out_of_bounds:nevents,0.0,0.04090094566345215,0.5686440677966103,2.0,"{""nevents"": 83.0, ""ndays_act"": 25.0, ""nchapters"": 9.0}"
HarvardX,2,aligned,0,10062,MCCE,bounded,MCCE_bounded,1,OK,0.0,0.04090094566345215,1.061487758945386,3.0,"{""nevents"": 307.0, ""ndays_act"": 44.0, ""nchapters"": 10.0}"
HarvardX,2,aligned,0,10062,MCCE,bounded+edit,MCCE_bounded+edit,1,OK,0.0,0.04090094566345215,1.061487758945386,3.0,"{""nevents"": 307.0, ""ndays_act"": 44.0, ""nchapters"": 10.0}"
HarvardX,2,aligned,0,10108,NICE,native,NICE_native,0,out_of_bounds:nevents,0.0,0.005009174346923828,0.17946026986506747,2.0,"{""nevents"": 9.0, ""ndays_act"": 7.0, ""nchapters"": 12.0}"
HarvardX,2,aligned,0,10108,NICE,bounded,NICE_bounded,0,classifier_target_not_met,0.0,0.005009174346923828,0.1,1.0,"{""nevents"": 62.0, ""ndays_act"": 7.0, ""nchapters"": 12.0}"
HarvardX,2,aligned,0,10108,NICE,bounded+edit,NICE_bounded+edit,0,classifier_target_not_met,0.0,0.005009174346923828,0.1,1.0,"{""nevents"": 62.0, ""ndays_act"": 7.0, ""nchapters"": 12.0}"
HarvardX,2,aligned,0,10108,MCCE,native,MCCE_native,0,out_of_bounds:nevents,0.0,0.02690720558166504,0.22213893053473263,2.0,"{""nevents"": 25.0, ""ndays_act"": 11.0, ""nchapters"": 12.0}"
HarvardX,2,aligned,0,10108,MCCE,bounded,MCCE_bounded,1,OK,0.0,0.02690720558166504,0.23633183408295852,2.0,"{""nevents"": 64.0, ""ndays_act"": 15.0, ""nchapters"": 12.0}"
HarvardX,2,aligned,0,10108,MCCE,bounded+edit,MCCE_bounded+edit,1,OK,0.0,0.02690720558166504,0.23633183408295852,2.0,"{""nevents"": 64.0, ""ndays_act"": 15.0, ""nchapters"": 12.0}"
HarvardX,2,aligned,0,10123,NICE,native,NICE_native,0,out_of_bounds:nevents,0.0,0.005887269973754883,0.5018939393939393,3.0,"{""nevents"": 66.0, ""ndays_act"": 21.0, ""nchapters"": 7.0}"
HarvardX,2,aligned,0,10123,NICE,bounded,NICE_bounded,0,classifier_target_not_met,0.0,0.005887269973754883,0.43939393939393934,2.0,"{""nevents"": 105.0, ""ndays_act"": 21.0, ""nchapters"": 7.0}"
HarvardX,2,aligned,0,10123,NICE,bounded+edit,NICE_bounded+edit,0,classifier_target_not_met,0.0,0.005887269973754883,0.43939393939393934,2.0,"{""nevents"": 105.0, ""ndays_act"": 21.0, ""nchapters"": 7.0}"
HarvardX,2,aligned,0,10123,MCCE,native,MCCE_native,0,out_of_bounds:nevents,0.0,0.040514230728149414,0.8807109557109557,3.0,"{""nevents"": 83.0, ""ndays_act"": 25.0, ""nchapters"": 9.0}"
HarvardX,2,aligned,0,10123,MCCE,bounded,MCCE_bounded,1,OK,0.0,0.040514230728149414,0.9914044289044288,3.0,"{""nevents"": 128.0, ""ndays_act"": 31.0, ""nchapters"": 9.0}"
HarvardX,2,aligned,0,10123,MCCE,bounded+edit,MCCE_bounded+edit,1,OK,0.0,0.040514230728149414,0.9914044289044288,3.0,"{""nevents"": 128.0, ""ndays_act"": 31.0, ""nchapters"": 9.0}"
HarvardX,2,aligned,0,10149,NICE,native,NICE_native,0,out_of_bounds:nevents,0.0,0.0046863555908203125,0.31769147788565266,2.0,"{""nevents"": 52.0, ""ndays_act"": 19.0, ""nchapters"": 8.0}"
HarvardX,2,aligned,0,10149,NICE,bounded,NICE_bounded,0,classifier_target_not_met,0.0,0.0046863555908203125,0.2222222222222222,1.0,"{""nevents"": 111.0, ""ndays_act"": 19.0, ""nchapters"": 8.0}"
HarvardX,2,aligned,0,10149,NICE,bounded+edit,NICE_bounded+edit,0,classifier_target_not_met,0.0,0.0046863555908203125,0.2222222222222222,1.0,"{""nevents"": 111.0, ""ndays_act"": 19.0, ""nchapters"": 8.0}"
HarvardX,2,aligned,0,10149,MCCE,native,MCCE_native,0,out_of_bounds:nevents,0.0,0.04147005081176758,1.1650485436893203,2.0,"{""nevents"": 9.0, ""ndays_act"": 7.0, ""nchapters"": 12.0}"
HarvardX,2,aligned,0,10149,MCCE,bounded,MCCE_bounded,1,OK,0.0,0.04147005081176758,0.7219525350593312,3.0,"{""nevents"": 128.0, ""ndays_act"": 31.0, ""nchapters"": 9.0}"
HarvardX,2,aligned,0,10149,MCCE,bounded+edit,MCCE_bounded+edit,1,OK,0.0,0.04147005081176758,0.7219525350593312,3.0,"{""nevents"": 128.0, ""ndays_act"": 31.0, ""nchapters"": 9.0}"
HarvardX,2,aligned,0,10287,NICE,native,NICE_native,0,out_of_bounds:nevents,0.0,0.005013465881347656,0.17836459274214972,2.0,"{""nevents"": 9.0, ""ndays_act"": 7.0, ""nchapters"": 12.0}"
HarvardX,2,aligned,0,10287,NICE,bounded,NICE_bounded,0,classifier_target_not_met,0.0,0.005013465881347656,0.06896551724137931,1.0,"{""nevents"": 80.0, ""ndays_act"": 7.0, ""nchapters"": 12.0}"
HarvardX,2,aligned,0,10287,NICE,bounded+edit,NICE_bounded+edit,0,classifier_target_not_met,0.0,0.005013465881347656,0.06896551724137931,1.0,"{""nevents"": 80.0, ""ndays_act"": 7.0, ""nchapters"": 12.0}"
HarvardX,2,aligned,0,10287,MCCE,native,MCCE_native,0,out_of_bounds:nevents,0.0,0.026540517807006836,0.22267679719462302,2.0,"{""nevents"": 25.0, ""ndays_act"": 11.0, ""nchapters"": 12.0}"
HarvardX,2,aligned,0,10287,MCCE,bounded,MCCE_bounded,1,OK,0.0,0.026540517807006836,0.3205461983954094,2.0,"{""nevents"": 109.0, ""ndays_act"": 19.0, ""nchapters"": 12.0}"
HarvardX,2,aligned,0,10287,MCCE,bounded+edit,MCCE_bounded+edit,1,OK,0.0,0.026540517807006836,0.3205461983954094,2.0,"{""nevents"": 109.0, ""ndays_act"": 19.0, ""nchapters"": 12.0}"
HarvardX,2,aligned,0,10300,NICE,native,NICE_native,0,out_of_bounds:nevents,0.0,0.005061626434326172,0.16666666666666669,2.0,"{""nevents"": 9.0, ""ndays_act"": 7.0, ""nchapters"": 12.0}"
HarvardX,2,aligned,0,10300,NICE,bounded,NICE_bounded,0,classifier_target_not_met,0.0,0.005061626434326172,0.1,1.0,"{""nevents"": 54.0, ""ndays_act"": 7.0, ""nchapters"": 12.0}"
HarvardX,2,aligned,0,10300,NICE,bounded+edit,NICE_bounded+edit,0,classifier_target_not_met,0.0,0.005061626434326172,0.1,1.0,"{""nevents"": 54.0, ""ndays_act"": 7.0, ""nchapters"": 12.0}"
HarvardX,2,aligned,0,10300,MCCE,native,MCCE_native,0,out_of_bounds:nevents,0.0,0.02676248550415039,0.2096296296296296,2.0,"{""nevents"": 25.0, ""ndays_act"": 11.0, ""nchapters"": 12.0}"
HarvardX,2,aligned,0,10300,MCCE,bounded,MCCE_bounded,1,OK,0.0,0.02676248550415039,0.22703703703703704,2.0,"{""nevents"": 61.0, ""ndays_act"": 14.0, ""nchapters"": 12.0}"
HarvardX,2,aligned,0,10300,MCCE,bounded+edit,MCCE_bounded+edit,1,OK,0.0,0.02676248550415039,0.22703703703703704,2.0,"{""nevents"": 61.0, ""ndays_act"": 14.0, ""nchapters"": 12.0}"
HarvardX,2,aligned,0,10388,NICE,native,NICE_native,1,OK,0.0,0.005002498626708984,0.3807471264367816,2.0,"{""nevents"": 66.0, ""ndays_act"": 21.0, ""nchapters"": 7.0}"
HarvardX,2,aligned,0,10388,NICE,bounded,NICE_bounded,1,OK,0.0,0.005002498626708984,0.3807471264367816,2.0,"{""nevents"": 66.0, ""ndays_act"": 21.0, ""nchapters"": 7.0}"
HarvardX,2,aligned,0,10388,NICE,bounded+edit,NICE_bounded+edit,1,OK,0.0,0.005002498626708984,0.3807471264367816,2.0,"{""nevents"": 66.0, ""ndays_act"": 21.0, ""nchapters"": 7.0}"
HarvardX,2,aligned,0,10388,MCCE,native,MCCE_native,1,OK,0.0,0.040016889572143555,0.8718390804597702,3.0,"{""nevents"": 83.0, ""ndays_act"": 25.0, ""nchapters"": 9.0}"
HarvardX,2,aligned,0,10388,MCCE,bounded,MCCE_bounded,1,OK,0.0,0.040016889572143555,0.8718390804597702,3.0,"{""nevents"": 83.0, ""ndays_act"": 25.0, ""nchapters"": 9.0}"
HarvardX,2,aligned,0,10388,MCCE,bounded+edit,MCCE_bounded+edit,1,OK,0.0,0.040016889572143555,0.8718390804597702,3.0,"{""nevents"": 83.0, ""ndays_act"": 25.0, ""nchapters"": 9.0}"
HarvardX,2,aligned,0,10391,NICE,native,NICE_native,0,out_of_bounds:nevents,0.0,0.0047435760498046875,0.29966898378020523,2.0,"{""nevents"": 128.0, ""ndays_act"": 21.0, ""nchapters"": 9.0}"
HarvardX,2,aligned,0,10391,NICE,bounded,NICE_bounded,0,classifier_target_not_met,0.0,0.0047435760498046875,0.24528301886792453,1.0,"{""nevents"": 159.0, ""ndays_act"": 21.0, ""nchapters"": 9.0}"
HarvardX,2,aligned,0,10391,NICE,bounded+edit,NICE_bounded+edit,0,classifier_target_not_met,0.0,0.0047435760498046875,0.24528301886792453,1.0,"{""nevents"": 159.0, ""ndays_act"": 21.0, ""nchapters"": 9.0}"
HarvardX,2,aligned,0,10391,MCCE,native,MCCE_native,0,out_of_bounds:nevents,0.0,0.04079079627990723,0.4540880503144654,2.0,"{""nevents"": 83.0, ""ndays_act"": 25.0, ""nchapters"": 9.0}"
HarvardX,2,aligned,0,10391,MCCE,bounded,MCCE_bounded,1,OK,0.0,0.04079079627990723,1.4528301886792452,2.0,"{""nevents"": 159.0, ""ndays_act"": 32.0, ""nchapters"": 12.0}"
HarvardX,2,aligned,0,10391,MCCE,bounded+edit,MCCE_bounded+edit,1,OK,0.0,0.04079079627990723,1.4528301886792452,2.0,"{""nevents"": 159.0, ""ndays_act"": 32.0, ""nchapters"": 12.0}"
HarvardX,2,aligned,0,10400,NICE,native,NICE_native,0,out_of_bounds:nevents,0.0,0.004871368408203125,0.41997479521109005,2.0,"{""nevents"": 66.0, ""ndays_act"": 21.0, ""nchapters"": 7.0}"
HarvardX,2,aligned,0,10400,NICE,bounded,NICE_bounded,0,classifier_target_not_met,0.0,0.004871368408203125,0.16666666666666666,1.0,"{""nevents"": 200.0, ""ndays_act"": 21.0, ""nchapters"": 7.0}"
HarvardX,2,aligned,0,10400,NICE,bounded+edit,NICE_bounded+edit,0,classifier_target_not_met,0.0,0.004871368408203125,0.16666666666666666,1.0,"{""nevents"": 200.0, ""ndays_act"": 21.0, ""nchapters"": 7.0}"
HarvardX,2,aligned,0,10400,MCCE,native,MCCE_native,0,out_of_bounds:nevents,0.0,0.04112529754638672,1.3137996219281662,2.0,"{""nevents"": 34.0, ""ndays_act"": 13.0, ""nchapters"": 12.0}"
HarvardX,2,aligned,0,10400,MCCE,bounded,MCCE_bounded,1,OK,0.0,0.04112529754638672,1.4481017643352239,3.0,"{""nevents"": 307.0, ""ndays_act"": 44.0, ""nchapters"": 10.0}"
HarvardX,2,aligned,0,10400,MCCE,bounded+edit,MCCE_bounded+edit,1,OK,0.0,0.04112529754638672,1.4481017643352239,3.0,"{""nevents"": 307.0, ""ndays_act"": 44.0, ""nchapters"": 10.0}"
HarvardX,2,aligned,0,10406,NICE,native,NICE_native,1,OK,0.0,0.003576993942260742,0.288135593220339,1.0,"{""nevents"": 63.0, ""ndays_act"": 19.0, ""nchapters"": 8.0}"
HarvardX,2,aligned,0,10406,NICE,bounded,NICE_bounded,1,OK,0.0,0.003576993942260742,0.288135593220339,1.0,"{""nevents"": 63.0, ""ndays_act"": 19.0, ""nchapters"": 8.0}"
HarvardX,2,aligned,0,10406,NICE,bounded+edit,NICE_bounded+edit,1,OK,0.0,0.003576993942260742,0.288135593220339,1.0,"{""nevents"": 63.0, ""ndays_act"": 19.0, ""nchapters"": 8.0}"
HarvardX,2,aligned,0,10406,MCCE,native,MCCE_native,1,OK,0.0,0.04064750671386719,0.6698605385046064,3.0,"{""nevents"": 83.0, ""ndays_act"": 25.0, ""nchapters"": 9.0}"
HarvardX,2,aligned,0,10406,MCCE,bounded,MCCE_bounded,1,OK,0.0,0.04064750671386719,0.6698605385046064,3.0,"{""nevents"": 83.0, ""ndays_act"": 25.0, ""nchapters"": 9.0}"
HarvardX,2,aligned,0,10406,MCCE,bounded+edit,MCCE_bounded+edit,1,OK,0.0,0.04064750671386719,0.6698605385046064,3.0,"{""nevents"": 83.0, ""ndays_act"": 25.0, ""nchapters"": 9.0}"
HarvardX,2,aligned,0,10426,NICE,native,NICE_native,0,out_of_bounds:nevents,0.0,0.004749298095703125,0.3160456843287774,2.0,"{""nevents"": 34.0, ""ndays_act"": 14.0, ""nchapters"": 10.0}"
HarvardX,2,aligned,0,10426,NICE,bounded,NICE_bounded,0,classifier_target_not_met,0.0,0.004749298095703125,0.04081632653061224,1.0,"{""nevents"": 184.0, ""ndays_act"": 14.0, ""nchapters"": 10.0}"
HarvardX,2,aligned,0,10426,NICE,bounded+edit,NICE_bounded+edit,0,classifier_target_not_met,0.0,0.004749298095703125,0.04081632653061224,1.0,"{""nevents"": 184.0, ""ndays_act"": 14.0, ""nchapters"": 10.0}"
HarvardX,2,aligned,0,10426,MCCE,native,MCCE_native,0,out_of_bounds:nevents,0.0,0.04315757751464844,0.35914622729825874,2.0,"{""nevents"": 55.0, ""ndays_act"": 18.0, ""nchapters"": 10.0}"
HarvardX,2,aligned,0,10426,MCCE,bounded,MCCE_bounded,1,OK,0.0,0.04315757751464844,0.48223179179928854,2.0,"{""nevents"": 191.0, ""ndays_act"": 35.0, ""nchapters"": 10.0}"
HarvardX,2,aligned,0,10426,MCCE,bounded+edit,MCCE_bounded+edit,1,OK,0.0,0.04315757751464844,0.48223179179928854,2.0,"{""nevents"": 191.0, ""ndays_act"": 35.0, ""nchapters"": 10.0}"
HarvardX,2,aligned,0,10453,NICE,native,NICE_native,0,out_of_bounds:nevents;out_of_bounds:ndays_act,0.0,0.004706382751464844,0.5760000000000001,2.0,"{""nevents"": 66.0, ""ndays_act"": 21.0, ""nchapters"": 7.0}"
HarvardX,2,aligned,0,10453,NICE,bounded,NICE_bounded,0,classifier_target_not_met,0.0,0.004706382751464844,0.0,0.0,"{""nevents"": 229.0, ""ndays_act"": 29.0, ""nchapters"": 7.0}"
HarvardX,2,aligned,0,10453,NICE,bounded+edit,NICE_bounded+edit,0,classifier_target_not_met,0.0,0.004706382751464844,0.0,0.0,"{""nevents"": 229.0, ""ndays_act"": 29.0, ""nchapters"": 7.0}"
HarvardX,2,aligned,0,10453,MCCE,native,MCCE_native,1,OK,0.0,0.04262566566467285,1.086,2.0,"{""nevents"": 272.0, ""ndays_act"": 29.0, ""nchapters"": 12.0}"
HarvardX,2,aligned,0,10453,MCCE,bounded,MCCE_bounded,1,OK,0.0,0.04262566566467285,1.086,2.0,"{""nevents"": 272.0, ""ndays_act"": 29.0, ""nchapters"": 12.0}"
HarvardX,2,aligned,0,10453,MCCE,bounded+edit,MCCE_bounded+edit,1,OK,0.0,0.04262566566467285,1.086,2.0,"{""nevents"": 272.0, ""ndays_act"": 29.0, ""nchapters"": 12.0}"
HarvardX,2,aligned,0,10479,NICE,native,NICE_native,0,out_of_bounds:nevents,0.0,0.004721164703369141,0.30698697964423255,2.0,"{""nevents"": 9.0, ""ndays_act"": 7.0, ""nchapters"": 12.0}"
HarvardX,2,aligned,0,10479,NICE,bounded,NICE_bounded,0,classifier_target_not_met,0.0,0.004721164703369141,0.05263157894736842,1.0,"{""nevents"": 155.0, ""ndays_act"": 7.0, ""nchapters"": 12.0}"
HarvardX,2,aligned,0,10479,NICE,bounded+edit,NICE_bounded+edit,0,classifier_target_not_met,0.0,0.004721164703369141,0.05263157894736842,1.0,"{""nevents"": 155.0, ""ndays_act"": 7.0, ""nchapters"": 12.0}"
HarvardX,2,aligned,0,10479,MCCE,native,MCCE_native,0,out_of_bounds:nevents,0.0,0.0273590087890625,0.3492878537807934,2.0,"{""nevents"": 25.0, ""ndays_act"": 11.0, ""nchapters"": 12.0}"
HarvardX,2,aligned,0,10479,MCCE,bounded,MCCE_bounded,1,OK,0.0,0.0273590087890625,0.3823583348615441,2.0,"{""nevents"": 163.0, ""ndays_act"": 25.0, ""nchapters"": 12.0}"
HarvardX,2,aligned,0,10479,MCCE,bounded+edit,MCCE_bounded+edit,1,OK,0.0,0.0273590087890625,0.3823583348615441,2.0,"{""nevents"": 163.0, ""ndays_act"": 25.0, ""nchapters"": 12.0}"
HarvardX,2,aligned,0,10480,NICE,native,NICE_native,0,out_of_bounds:nevents,0.0,0.004731178283691406,0.1450269475747183,2.0,"{""nevents"": 22.0, ""ndays_act"": 10.0, ""nchapters"": 12.0}"
HarvardX,2,aligned,0,10480,NICE,bounded,NICE_bounded,0,classifier_target_not_met,0.0,0.004731178283691406,0.019230769230769232,1.0,"{""nevents"": 101.0, ""ndays_act"": 10.0, ""nchapters"": 12.0}"
HarvardX,2,aligned,0,10480,NICE,bounded+edit,NICE_bounded+edit,0,classifier_target_not_met,0.0,0.004731178283691406,0.019230769230769232,1.0,"{""nevents"": 101.0, ""ndays_act"": 10.0, ""nchapters"": 12.0}"
HarvardX,2,aligned,0,10480,MCCE,native,MCCE_native,0,out_of_bounds:nevents,0.0,0.027192115783691406,0.15948064674179324,2.0,"{""nevents"": 25.0, ""ndays_act"": 11.0, ""nchapters"": 12.0}"
HarvardX,2,aligned,0,10480,MCCE,bounded,MCCE_bounded,1,OK,0.0,0.027192115783691406,0.20504654581087703,2.0,"{""nevents"": 109.0, ""ndays_act"": 19.0, ""nchapters"": 12.0}"
HarvardX,2,aligned,0,10480,MCCE,bounded+edit,MCCE_bounded+edit,1,OK,0.0,0.027192115783691406,0.20504654581087703,2.0,"{""nevents"": 109.0, ""ndays_act"": 19.0, ""nchapters"": 12.0}"
HarvardX,2,aligned,0,10522,NICE,native,NICE_native,0,out_of_bounds:nevents,0.0,0.004803657531738281,0.46503854019191443,2.0,"{""nevents"": 22.0, ""ndays_act"": 10.0, ""nchapters"": 12.0}"
HarvardX,2,aligned,0,10522,NICE,bounded,NICE_bounded,0,classifier_target_not_met,0.0,0.004803657531738281,0.019230769230769232,1.0,"{""nevents"": 240.0, ""ndays_act"": 10.0, ""nchapters"": 12.0}"
HarvardX,2,aligned,0,10522,NICE,bounded+edit,NICE_bounded+edit,0,classifier_target_not_met,0.0,0.004803657531738281,0.019230769230769232,1.0,"{""nevents"": 240.0, ""ndays_act"": 10.0, ""nchapters"": 12.0}"
HarvardX,2,aligned,0,10522,MCCE,native,MCCE_native,0,out_of_bounds:nevents,0.0,0.026932954788208008,0.4781343400975303,2.0,"{""nevents"": 25.0, ""ndays_act"": 11.0, ""nchapters"": 12.0}"
HarvardX,2,aligned,0,10522,MCCE,bounded,MCCE_bounded,1,OK,0.0,0.026932954788208008,0.43574012899166276,2.0,"{""nevents"": 265.0, ""ndays_act"": 29.0, ""nchapters"": 12.0}"
HarvardX,2,aligned,0,10522,MCCE,bounded+edit,MCCE_bounded+edit,1,OK,0.0,0.026932954788208008,0.43574012899166276,2.0,"{""nevents"": 265.0, ""ndays_act"": 29.0, ""nchapters"": 12.0}"
HarvardX,2,aligned,0,10527,NICE,native,NICE_native,0,out_of_bounds:nevents,0.0,0.006370067596435547,0.9360567702339854,3.0,"{""nevents"": 66.0, ""ndays_act"": 21.0, ""nchapters"": 7.0}"
HarvardX,2,aligned,0,10527,NICE,bounded,NICE_bounded,0,classifier_target_not_met,0.0,0.006370067596435547,0.25757575757575757,2.0,"{""nevents"": 334.0, ""ndays_act"": 21.0, ""nchapters"": 7.0}"
HarvardX,2,aligned,0,10527,NICE,bounded+edit,NICE_bounded+edit,0,classifier_target_not_met,0.0,0.006370067596435547,0.25757575757575757,2.0,"{""nevents"": 334.0, ""ndays_act"": 21.0, ""nchapters"": 7.0}"
HarvardX,2,aligned,0,10527,MCCE,native,MCCE_native,0,out_of_bounds:nevents,0.0,0.04210233688354492,1.660759493670886,2.0,"{""nevents"": 73.0, ""ndays_act"": 17.0, ""nchapters"": 12.0}"
HarvardX,2,aligned,0,10527,MCCE,bounded,MCCE_bounded,1,OK,0.0,0.04210233688354492,1.6068277713847334,3.0,"{""nevents"": 454.0, ""ndays_act"": 45.0, ""nchapters"": 10.0}"
HarvardX,2,aligned,0,10527,MCCE,bounded+edit,MCCE_bounded+edit,1,OK,0.0,0.04210233688354492,1.6068277713847334,3.0,"{""nevents"": 454.0, ""ndays_act"": 45.0, ""nchapters"": 10.0}"
HarvardX,2,aligned,0,10550,NICE,native,NICE_native,0,out_of_bounds:nevents,0.0,0.004729270935058594,0.21018489916596794,2.0,"{""nevents"": 128.0, ""ndays_act"": 21.0, ""nchapters"": 9.0}"
HarvardX,2,aligned,0,10550,NICE,bounded,NICE_bounded,0,classifier_target_not_met,0.0,0.004729270935058594,0.06976744186046512,1.0,"{""nevents"": 202.0, ""ndays_act"": 21.0, ""nchapters"": 9.0}"
HarvardX,2,aligned,0,10550,NICE,bounded+edit,NICE_bounded+edit,0,classifier_target_not_met,0.0,0.004729270935058594,0.06976744186046512,1.0,"{""nevents"": 202.0, ""ndays_act"": 21.0, ""nchapters"": 9.0}"
HarvardX,2,aligned,0,10550,MCCE,native,MCCE_native,0,out_of_bounds:nevents,0.0,0.04183506965637207,0.3885971492873218,2.0,"{""nevents"": 83.0, ""ndays_act"": 25.0, ""nchapters"": 9.0}"
HarvardX,2,aligned,0,10550,MCCE,bounded,MCCE_bounded,1,OK,0.0,0.04183506965637207,1.5813953488372094,2.0,"{""nevents"": 202.0, ""ndays_act"": 43.0, ""nchapters"": 12.0}"
HarvardX,2,aligned,0,10550,MCCE,bounded+edit,MCCE_bounded+edit,1,OK,0.0,0.04183506965637207,1.5813953488372094,2.0,"{""nevents"": 202.0, ""ndays_act"": 43.0, ""nchapters"": 12.0}"
HarvardX,2,aligned,0,10571,NICE,native,NICE_native,0,out_of_bounds:nevents,0.0,0.00483393669128418,0.3681988742964353,2.0,"{""nevents"": 10.0, ""ndays_act"": 10.0, ""nchapters"": 10.0}"
HarvardX,2,aligned,0,10571,NICE,bounded,NICE_bounded,0,classifier_target_not_met,0.0,0.00483393669128418,0.019230769230769232,1.0,"{""nevents"": 196.0, ""ndays_act"": 10.0, ""nchapters"": 10.0}"
HarvardX,2,aligned,0,10571,NICE,bounded+edit,NICE_bounded+edit,0,classifier_target_not_met,0.0,0.00483393669128418,0.019230769230769232,1.0,"{""nevents"": 196.0, ""ndays_act"": 10.0, ""nchapters"": 10.0}"
HarvardX,2,aligned,0,10571,MCCE,native,MCCE_native,0,out_of_bounds:nevents,0.0,0.040715932846069336,0.4376172607879925,2.0,"{""nevents"": 55.0, ""ndays_act"": 18.0, ""nchapters"": 10.0}"
HarvardX,2,aligned,0,10571,MCCE,bounded,MCCE_bounded,1,OK,0.0,0.040715932846069336,0.8813320825515948,2.0,"{""nevents"": 307.0, ""ndays_act"": 44.0, ""nchapters"": 10.0}"
HarvardX,2,aligned,0,10571,MCCE,bounded+edit,MCCE_bounded+edit,1,OK,0.0,0.040715932846069336,0.8813320825515948,2.0,"{""nevents"": 307.0, ""ndays_act"": 44.0, ""nchapters"": 10.0}"
HarvardX,2,aligned,0,10588,NICE,native,NICE_native,0,out_of_bounds:nevents,0.0,0.003529787063598633,0.4634146341463415,1.0,"{""nevents"": 9.0, ""ndays_act"": 8.0, ""nchapters"": 12.0}"
HarvardX,2,aligned,0,10588,NICE,bounded,NICE_bounded,0,classifier_target_not_met,0.0,0.003529787063598633,0.0,0.0,"{""nevents"": 237.0, ""ndays_act"": 8.0, ""nchapters"": 12.0}"
HarvardX,2,aligned,0,10588,NICE,bounded+edit,NICE_bounded+edit,0,classifier_target_not_met,0.0,0.003529787063598633,0.0,0.0,"{""nevents"": 237.0, ""ndays_act"": 8.0, ""nchapters"": 12.0}"
HarvardX,2,aligned,0,10588,MCCE,native,MCCE_native,0,out_of_bounds:nevents,0.0,0.0261690616607666,0.4874980825279951,2.0,"{""nevents"": 25.0, ""ndays_act"": 11.0, ""nchapters"": 12.0}"
HarvardX,2,aligned,0,10588,MCCE,bounded,MCCE_bounded,1,OK,0.0,0.0261690616607666,0.4531369842000307,2.0,"{""nevents"": 265.0, ""ndays_act"": 29.0, ""nchapters"": 12.0}"
HarvardX,2,aligned,0,10588,MCCE,bounded+edit,MCCE_bounded+edit,1,OK,0.0,0.0261690616607666,0.4531369842000307,2.0,"{""nevents"": 265.0, ""ndays_act"": 29.0, ""nchapters"": 12.0}"
HarvardX,2,aligned,0,10610,NICE,native,NICE_native,1,OK,0.0,0.00583958625793457,0.5165598025084083,3.0,"{""nevents"": 66.0, ""ndays_act"": 21.0, ""nchapters"": 7.0}"
HarvardX,2,aligned,0,10610,NICE,bounded,NICE_bounded,1,OK,0.0,0.00583958625793457,0.5165598025084083,3.0,"{""nevents"": 66.0, ""ndays_act"": 21.0, ""nchapters"": 7.0}"
HarvardX,2,aligned,0,10610,NICE,bounded+edit,NICE_bounded+edit,1,OK,0.0,0.00583958625793457,0.5165598025084083,3.0,"{""nevents"": 66.0, ""ndays_act"": 21.0, ""nchapters"": 7.0}"
HarvardX,2,aligned,0,10610,MCCE,native,MCCE_native,1,OK,0.0,0.04104113578796387,0.942616432228242,3.0,"{""nevents"": 83.0, ""ndays_act"": 25.0, ""nchapters"": 9.0}"
HarvardX,2,aligned,0,10610,MCCE,bounded,MCCE_bounded,1,OK,0.0,0.04104113578796387,0.942616432228242,3.0,"{""nevents"": 83.0, ""ndays_act"": 25.0, ""nchapters"": 9.0}"
HarvardX,2,aligned,0,10610,MCCE,bounded+edit,MCCE_bounded+edit,1,OK,0.0,0.04104113578796387,0.942616432228242,3.0,"{""nevents"": 83.0, ""ndays_act"": 25.0, ""nchapters"": 9.0}"
HarvardX,2,aligned,0,10635,NICE,native,NICE_native,0,out_of_bounds:nevents,0.0,0.0047817230224609375,0.19985474295819122,2.0,"{""nevents"": 10.0, ""ndays_act"": 10.0, ""nchapters"": 10.0}"
HarvardX,2,aligned,0,10635,NICE,bounded,NICE_bounded,0,classifier_target_not_met,0.0,0.0047817230224609375,0.019230769230769232,1.0,"{""nevents"": 120.0, ""ndays_act"": 10.0, ""nchapters"": 10.0}"
HarvardX,2,aligned,0,10635,NICE,bounded+edit,NICE_bounded+edit,0,classifier_target_not_met,0.0,0.0047817230224609375,0.019230769230769232,1.0,"{""nevents"": 120.0, ""ndays_act"": 10.0, ""nchapters"": 10.0}"
HarvardX,2,aligned,0,10635,MCCE,native,MCCE_native,0,out_of_bounds:nevents,0.0,0.041959285736083984,0.2798092711885815,2.0,"{""nevents"": 55.0, ""ndays_act"": 18.0, ""nchapters"": 10.0}"
HarvardX,2,aligned,0,10635,MCCE,bounded,MCCE_bounded,1,OK,0.0,0.041959285736083984,0.6165845648604269,2.0,"{""nevents"": 191.0, ""ndays_act"": 35.0, ""nchapters"": 10.0}"
HarvardX,2,aligned,0,10635,MCCE,bounded+edit,MCCE_bounded+edit,1,OK,0.0,0.041959285736083984,0.6165845648604269,2.0,"{""nevents"": 191.0, ""ndays_act"": 35.0, ""nchapters"": 10.0}"
HarvardX,2,aligned,0,10663,NICE,native,NICE_native,0,out_of_bounds:nevents,0.0,0.004767417907714844,0.2625,2.0,"{""nevents"": 66.0, ""ndays_act"": 21.0, ""nchapters"": 7.0}"
HarvardX,2,aligned,0,10663,NICE,bounded,NICE_bounded,0,classifier_target_not_met,0.0,0.004767417907714844,0.2,1.0,"{""nevents"": 105.0, ""ndays_act"": 21.0, ""nchapters"": 7.0}"
HarvardX,2,aligned,0,10663,NICE,bounded+edit,NICE_bounded+edit,0,classifier_target_not_met,0.0,0.004767417907714844,0.2,1.0,"{""nevents"": 105.0, ""ndays_act"": 21.0, ""nchapters"": 7.0}"
HarvardX,2,aligned,0,10663,MCCE,native,MCCE_native,0,out_of_bounds:nevents,0.0,0.04169774055480957,1.1282051282051282,2.0,"{""nevents"": 25.0, ""ndays_act"": 11.0, ""nchapters"": 12.0}"
HarvardX,2,aligned,0,10663,MCCE,bounded,MCCE_bounded,1,OK,0.0,0.04169774055480957,0.8368589743589744,3.0,"{""nevents"": 128.0, ""ndays_act"": 31.0, ""nchapters"": 9.0}"
HarvardX,2,aligned,0,10663,MCCE,bounded+edit,MCCE_bounded+edit,1,OK,0.0,0.04169774055480957,0.8368589743589744,3.0,"{""nevents"": 128.0, ""ndays_act"": 31.0, ""nchapters"": 9.0}"
HarvardX,2,aligned,0,10684,NICE,native,NICE_native,0,out_of_bounds:nevents,0.0,0.0035288333892822266,0.6780104712041884,1.0,"{""nevents"": 88.0, ""ndays_act"": 18.0, ""nchapters"": 12.0}"
HarvardX,2,aligned,0,10684,NICE,bounded,NICE_bounded,0,classifier_target_not_met,0.0,0.0035288333892822266,0.0,0.0,"{""nevents"": 347.0, ""ndays_act"": 18.0, ""nchapters"": 12.0}"
HarvardX,2,aligned,0,10684,NICE,bounded+edit,NICE_bounded+edit,0,classifier_target_not_met,0.0,0.0035288333892822266,0.0,0.0,"{""nevents"": 347.0, ""ndays_act"": 18.0, ""nchapters"": 12.0}"
HarvardX,2,aligned,0,10684,MCCE,native,MCCE_native,0,out_of_bounds:nevents,0.0,0.02620220184326172,0.6201144526969439,2.0,"{""nevents"": 119.0, ""ndays_act"": 19.0, ""nchapters"": 12.0}"
HarvardX,2,aligned,0,10684,MCCE,bounded,MCCE_bounded,1,OK,0.0,0.02620220184326172,0.3232679897723122,2.0,"{""nevents"": 355.0, ""ndays_act"": 31.0, ""nchapters"": 12.0}"
HarvardX,2,aligned,0,10684,MCCE,bounded+edit,MCCE_bounded+edit,1,OK,0.0,0.02620220184326172,0.3232679897723122,2.0,"{""nevents"": 355.0, ""ndays_act"": 31.0, ""nchapters"": 12.0}"
HarvardX,2,aligned,0,10724,NICE,native,NICE_native,0,out_of_bounds:nevents,0.0,0.004998922348022461,0.2106647537063606,2.0,"{""nevents"": 124.0, ""ndays_act"": 21.0, ""nchapters"": 10.0}"
HarvardX,2,aligned,0,10724,NICE,bounded,NICE_bounded,0,classifier_target_not_met,0.0,0.004998922348022461,0.024390243902439025,1.0,"{""nevents"": 219.0, ""ndays_act"": 21.0, ""nchapters"": 10.0}"
HarvardX,2,aligned,0,10724,NICE,bounded+edit,NICE_bounded+edit,0,classifier_target_not_met,0.0,0.004998922348022461,0.024390243902439025,1.0,"{""nevents"": 219.0, ""ndays_act"": 21.0, ""nchapters"": 10.0}"
HarvardX,2,aligned,0,10724,MCCE,native,MCCE_native,0,out_of_bounds:nevents;out_of_bounds:ndays_act,0.0,0.04138922691345215,0.37034911525585845,2.0,"{""nevents"": 55.0, ""ndays_act"": 18.0, ""nchapters"": 10.0}"
HarvardX,2,aligned,0,10724,MCCE,bounded,MCCE_bounded,1,OK,0.0,0.04138922691345215,0.7579148732663796,2.0,"{""nevents"": 307.0, ""ndays_act"": 44.0, ""nchapters"": 10.0}"
HarvardX,2,aligned,0,10724,MCCE,bounded+edit,MCCE_bounded+edit,1,OK,0.0,0.04138922691345215,0.7579148732663796,2.0,"{""nevents"": 307.0, ""ndays_act"": 44.0, ""nchapters"": 10.0}"
HarvardX,2,aligned,0,10734,NICE,native,NICE_native,1,OK,0.0,0.005944728851318359,0.548780487804878,3.0,"{""nevents"": 66.0, ""ndays_act"": 21.0, ""nchapters"": 7.0}"
HarvardX,2,aligned,0,10734,NICE,bounded,NICE_bounded,1,OK,0.0,0.005944728851318359,0.548780487804878,3.0,"{""nevents"": 66.0, ""ndays_act"": 21.0, ""nchapters"": 7.0}"
HarvardX,2,aligned,0,10734,NICE,bounded+edit,NICE_bounded+edit,1,OK,0.0,0.005944728851318359,0.548780487804878,3.0,"{""nevents"": 66.0, ""ndays_act"": 21.0, ""nchapters"": 7.0}"
HarvardX,2,aligned,0,10734,MCCE,native,MCCE_native,1,OK,0.0,0.04493880271911621,0.973170731707317,3.0,"{""nevents"": 83.0, ""ndays_act"": 25.0, ""nchapters"": 9.0}"
HarvardX,2,aligned,0,10734,MCCE,bounded,MCCE_bounded,1,OK,0.0,0.04493880271911621,0.973170731707317,3.0,"{""nevents"": 83.0, ""ndays_act"": 25.0, ""nchapters"": 9.0}"
HarvardX,2,aligned,0,10734,MCCE,bounded+edit,MCCE_bounded+edit,1,OK,0.0,0.04493880271911621,0.973170731707317,3.0,"{""nevents"": 83.0, ""ndays_act"": 25.0, ""nchapters"": 9.0}"
HarvardX,2,aligned,0,10742,NICE,native,NICE_native,0,out_of_bounds:nevents,0.0,0.004862308502197266,0.12520819045752915,2.0,"{""nevents"": 9.0, ""ndays_act"": 7.0, ""nchapters"": 12.0}"
HarvardX,2,aligned,0,10742,NICE,bounded,NICE_bounded,0,classifier_target_not_met,0.0,0.004862308502197266,0.0847457627118644,1.0,"{""nevents"": 37.0, ""ndays_act"": 7.0, ""nchapters"": 12.0}"
HarvardX,2,aligned,0,10742,NICE,bounded+edit,NICE_bounded+edit,0,classifier_target_not_met,0.0,0.004862308502197266,0.0847457627118644,1.0,"{""nevents"": 37.0, ""ndays_act"": 7.0, ""nchapters"": 12.0}"
HarvardX,2,aligned,0,10742,MCCE,native,MCCE_native,1,OK,0.0,0.02615070343017578,0.23728813559322035,1.0,"{""nevents"": 37.0, ""ndays_act"": 16.0, ""nchapters"": 12.0}"
HarvardX,2,aligned,0,10742,MCCE,bounded,MCCE_bounded,1,OK,0.0,0.02615070343017578,0.23728813559322035,1.0,"{""nevents"": 37.0, ""ndays_act"": 16.0, ""nchapters"": 12.0}"
HarvardX,2,aligned,0,10742,MCCE,bounded+edit,MCCE_bounded+edit,1,OK,0.0,0.02615070343017578,0.23728813559322035,1.0,"{""nevents"": 37.0, ""ndays_act"": 16.0, ""nchapters"": 12.0}"
HarvardX,2,aligned,0,10750,NICE,native,NICE_native,0,out_of_bounds:nevents,0.0,0.0034308433532714844,0.06666666666666667,1.0,"{""nevents"": 9.0, ""ndays_act"": 7.0, ""nchapters"": 12.0}"
HarvardX,2,aligned,0,10750,NICE,bounded,NICE_bounded,0,classifier_target_not_met,0.0,0.0034308433532714844,0.0,0.0,"{""nevents"": 54.0, ""ndays_act"": 7.0, ""nchapters"": 12.0}"
HarvardX,2,aligned,0,10750,NICE,bounded+edit,NICE_bounded+edit,0,classifier_target_not_met,0.0,0.0034308433532714844,0.0,0.0,"{""nevents"": 54.0, ""ndays_act"": 7.0, ""nchapters"": 12.0}"
HarvardX,2,aligned,0,10750,MCCE,native,MCCE_native,0,out_of_bounds:nevents,0.0,0.026503562927246094,0.11703703703703702,2.0,"{""nevents"": 25.0, ""ndays_act"": 11.0, ""nchapters"": 12.0}"
HarvardX,2,aligned,0,10750,MCCE,bounded,MCCE_bounded,1,OK,0.0,0.026503562927246094,0.13999999999999999,2.0,"{""nevents"": 61.0, ""ndays_act"": 14.0, ""nchapters"": 12.0}"
HarvardX,2,aligned,0,10750,MCCE,bounded+edit,MCCE_bounded+edit,1,OK,0.0,0.026503562927246094,0.13999999999999999,2.0,"{""nevents"": 61.0, ""ndays_act"": 14.0, ""nchapters"": 12.0}"
HarvardX,2,aligned,0,10751,NICE,native,NICE_native,0,out_of_bounds:nevents,0.0,0.003639698028564453,0.30671506352087113,1.0,"{""nevents"": 9.0, ""ndays_act"": 7.0, ""nchapters"": 12.0}"
HarvardX,2,aligned,0,10751,NICE,bounded,NICE_bounded,0,classifier_target_not_met,0.0,0.003639698028564453,0.0,0.0,"{""nevents"": 178.0, ""ndays_act"": 7.0, ""nchapters"": 12.0}"
HarvardX,2,aligned,0,10751,NICE,bounded+edit,NICE_bounded+edit,0,classifier_target_not_met,0.0,0.003639698028564453,0.0,0.0,"{""nevents"": 178.0, ""ndays_act"": 7.0, ""nchapters"": 12.0}"
HarvardX,2,aligned,0,10751,MCCE,native,MCCE_native,0,out_of_bounds:nevents,0.0,0.026644229888916016,0.3517510250722592,2.0,"{""nevents"": 25.0, ""ndays_act"": 11.0, ""nchapters"": 12.0}"
HarvardX,2,aligned,0,10751,MCCE,bounded,MCCE_bounded,1,OK,0.0,0.026644229888916016,0.3496672716273442,2.0,"{""nevents"": 187.0, ""ndays_act"": 25.0, ""nchapters"": 12.0}"
HarvardX,2,aligned,0,10751,MCCE,bounded+edit,MCCE_bounded+edit,1,OK,0.0,0.026644229888916016,0.3496672716273442,2.0,"{""nevents"": 187.0, ""ndays_act"": 25.0, ""nchapters"": 12.0}"
HarvardX,2,aligned,0,10763,NICE,native,NICE_native,1,OK,0.0,0.003733396530151367,0.25,1.0,"{""nevents"": 63.0, ""ndays_act"": 19.0, ""nchapters"": 8.0}"
HarvardX,2,aligned,0,10763,NICE,bounded,NICE_bounded,1,OK,0.0,0.003733396530151367,0.25,1.0,"{""nevents"": 63.0, ""ndays_act"": 19.0, ""nchapters"": 8.0}"
HarvardX,2,aligned,0,10763,NICE,bounded+edit,NICE_bounded+edit,1,OK,0.0,0.003733396530151367,0.25,1.0,"{""nevents"": 63.0, ""ndays_act"": 19.0, ""nchapters"": 8.0}"
HarvardX,2,aligned,0,10763,MCCE,native,MCCE_native,1,OK,0.0,0.041090965270996094,0.6371728871728872,3.0,"{""nevents"": 83.0, ""ndays_act"": 25.0, ""nchapters"": 9.0}"
HarvardX,2,aligned,0,10763,MCCE,bounded,MCCE_bounded,1,OK,0.0,0.041090965270996094,0.6371728871728872,3.0,"{""nevents"": 83.0, ""ndays_act"": 25.0, ""nchapters"": 9.0}"
HarvardX,2,aligned,0,10763,MCCE,bounded+edit,MCCE_bounded+edit,1,OK,0.0,0.041090965270996094,0.6371728871728872,3.0,"{""nevents"": 83.0, ""ndays_act"": 25.0, ""nchapters"": 9.0}"
HarvardX,2,aligned,0,10771,NICE,native,NICE_native,1,OK,0.0,0.005750417709350586,0.5568990042674253,3.0,"{""nevents"": 66.0, ""ndays_act"": 21.0, ""nchapters"": 7.0}"
HarvardX,2,aligned,0,10771,NICE,bounded,NICE_bounded,1,OK,0.0,0.005750417709350586,0.5568990042674253,3.0,"{""nevents"": 66.0, ""ndays_act"": 21.0, ""nchapters"": 7.0}"
HarvardX,2,aligned,0,10771,NICE,bounded+edit,NICE_bounded+edit,1,OK,0.0,0.005750417709350586,0.5568990042674253,3.0,"{""nevents"": 66.0, ""ndays_act"": 21.0, ""nchapters"": 7.0}"
HarvardX,2,aligned,0,10771,MCCE,native,MCCE_native,1,OK,0.0,0.041272878646850586,0.981081081081081,3.0,"{""nevents"": 83.0, ""ndays_act"": 25.0, ""nchapters"": 9.0}"
HarvardX,2,aligned,0,10771,MCCE,bounded,MCCE_bounded,1,OK,0.0,0.041272878646850586,0.981081081081081,3.0,"{""nevents"": 83.0, ""ndays_act"": 25.0, ""nchapters"": 9.0}"
HarvardX,2,aligned,0,10771,MCCE,bounded+edit,MCCE_bounded+edit,1,OK,0.0,0.041272878646850586,0.981081081081081,3.0,"{""nevents"": 83.0, ""ndays_act"": 25.0, ""nchapters"": 9.0}"
HarvardX,2,aligned,0,10805,NICE,native,NICE_native,0,out_of_bounds:nevents,0.0,0.004976987838745117,0.193677537742931,2.0,"{""nevents"": 9.0, ""ndays_act"": 7.0, ""nchapters"": 12.0}"
HarvardX,2,aligned,0,10805,NICE,bounded,NICE_bounded,0,classifier_target_not_met,0.0,0.004976987838745117,0.05263157894736842,1.0,"{""nevents"": 98.0, ""ndays_act"": 7.0, ""nchapters"": 12.0}"
HarvardX,2,aligned,0,10805,NICE,bounded+edit,NICE_bounded+edit,0,classifier_target_not_met,0.0,0.004976987838745117,0.05263157894736842,1.0,"{""nevents"": 98.0, ""ndays_act"": 7.0, ""nchapters"": 12.0}"
HarvardX,2,aligned,0,10805,MCCE,native,MCCE_native,0,out_of_bounds:nevents,0.0,0.0262911319732666,0.23849639947729862,2.0,"{""nevents"": 25.0, ""ndays_act"": 11.0, ""nchapters"": 12.0}"
HarvardX,2,aligned,0,10805,MCCE,bounded,MCCE_bounded,1,OK,0.0,0.0262911319732666,0.2805905413295521,2.0,"{""nevents"": 109.0, ""ndays_act"": 19.0, ""nchapters"": 12.0}"
HarvardX,2,aligned,0,10805,MCCE,bounded+edit,MCCE_bounded+edit,1,OK,0.0,0.0262911319732666,0.2805905413295521,2.0,"{""nevents"": 109.0, ""ndays_act"": 19.0, ""nchapters"": 12.0}"
HarvardX,2,aligned,0,10813,NICE,native,NICE_native,0,out_of_bounds:nevents,0.0,0.0035898685455322266,0.22283609576427257,1.0,"{""nevents"": 65.0, ""ndays_act"": 17.0, ""nchapters"": 12.0}"
HarvardX,2,aligned,0,10813,NICE,bounded,NICE_bounded,0,classifier_target_not_met,0.0,0.0035898685455322266,0.0,0.0,"{""nevents"": 186.0, ""ndays_act"": 17.0, ""nchapters"": 12.0}"
HarvardX,2,aligned,0,10813,NICE,bounded+edit,NICE_bounded+edit,0,classifier_target_not_met,0.0,0.0035898685455322266,0.0,0.0,"{""nevents"": 186.0, ""ndays_act"": 17.0, ""nchapters"": 12.0}"
HarvardX,2,aligned,0,10813,MCCE,native,MCCE_native,0,out_of_bounds:nevents,0.0,0.026769638061523438,0.23941068139963168,1.0,"{""nevents"": 56.0, ""ndays_act"": 17.0, ""nchapters"": 12.0}"
HarvardX,2,aligned,0,10813,MCCE,bounded,MCCE_bounded,1,OK,0.0,0.026769638061523438,0.18365980244433283,2.0,"{""nevents"": 187.0, ""ndays_act"": 25.0, ""nchapters"": 12.0}"
HarvardX,2,aligned,0,10813,MCCE,bounded+edit,MCCE_bounded+edit,1,OK,0.0,0.026769638061523438,0.18365980244433283,2.0,"{""nevents"": 187.0, ""ndays_act"": 25.0, ""nchapters"": 12.0}"
HarvardX,2,aligned,0,10833,NICE,native,NICE_native,0,out_of_bounds:nevents,0.0,0.0038542747497558594,0.21875,1.0,"{""nevents"": 66.0, ""ndays_act"": 22.0, ""nchapters"": 7.0}"
HarvardX,2,aligned,0,10833,NICE,bounded,NICE_bounded,0,classifier_target_not_met,0.0,0.0038542747497558594,0.0,0.0,"{""nevents"": 185.0, ""ndays_act"": 22.0, ""nchapters"": 7.0}"
HarvardX,2,aligned,0,10833,NICE,bounded+edit,NICE_bounded+edit,0,classifier_target_not_met,0.0,0.0038542747497558594,0.0,0.0,"{""nevents"": 185.0, ""ndays_act"": 22.0, ""nchapters"": 7.0}"
HarvardX,2,aligned,0,10833,MCCE,native,MCCE_native,0,out_of_bounds:nevents,0.0,0.04326605796813965,1.0606617647058822,2.0,"{""nevents"": 152.0, ""ndays_act"": 22.0, ""nchapters"": 12.0}"
HarvardX,2,aligned,0,10833,MCCE,bounded,MCCE_bounded,1,OK,0.0,0.04326605796813965,0.9443627450980392,3.0,"{""nevents"": 191.0, ""ndays_act"": 35.0, ""nchapters"": 10.0}"
HarvardX,2,aligned,0,10833,MCCE,bounded+edit,MCCE_bounded+edit,1,OK,0.0,0.04326605796813965,0.9443627450980392,3.0,"{""nevents"": 191.0, ""ndays_act"": 35.0, ""nchapters"": 10.0}"
HarvardX,2,aligned,0,10896,NICE,native,NICE_native,0,out_of_bounds:nevents,0.0,0.0036127567291259766,0.34328358208955223,1.0,"{""nevents"": 9.0, ""ndays_act"": 7.0, ""nchapters"": 12.0}"
HarvardX,2,aligned,0,10896,NICE,bounded,NICE_bounded,0,classifier_target_not_met,0.0,0.0036127567291259766,0.0,0.0,"{""nevents"": 193.0, ""ndays_act"": 7.0, ""nchapters"": 12.0}"
HarvardX,2,aligned,0,10896,NICE,bounded+edit,NICE_bounded+edit,0,classifier_target_not_met,0.0,0.0036127567291259766,0.0,0.0,"{""nevents"": 193.0, ""ndays_act"": 7.0, ""nchapters"": 12.0}"
HarvardX,2,aligned,0,10896,MCCE,native,MCCE_native,0,out_of_bounds:nevents,0.0,0.028029441833496094,0.3875069098949696,2.0,"{""nevents"": 25.0, ""ndays_act"": 11.0, ""nchapters"": 12.0}"
HarvardX,2,aligned,0,10896,MCCE,bounded,MCCE_bounded,1,OK,0.0,0.028029441833496094,0.4060945273631841,2.0,"{""nevents"": 232.0, ""ndays_act"": 25.0, ""nchapters"": 12.0}"
HarvardX,2,aligned,0,10896,MCCE,bounded+edit,MCCE_bounded+edit,1,OK,0.0,0.028029441833496094,0.4060945273631841,2.0,"{""nevents"": 232.0, ""ndays_act"": 25.0, ""nchapters"": 12.0}"
HarvardX,2,aligned,0,10910,NICE,native,NICE_native,1,OK,0.0,0.003638029098510742,0.2,1.0,"{""nevents"": 52.0, ""ndays_act"": 13.0, ""nchapters"": 11.0}"
HarvardX,2,aligned,0,10910,NICE,bounded,NICE_bounded,1,OK,0.0,0.003638029098510742,0.2,1.0,"{""nevents"": 52.0, ""ndays_act"": 13.0, ""nchapters"": 11.0}"
HarvardX,2,aligned,0,10910,NICE,bounded+edit,NICE_bounded+edit,1,OK,0.0,0.003638029098510742,0.2,1.0,"{""nevents"": 52.0, ""ndays_act"": 13.0, ""nchapters"": 11.0}"
HarvardX,2,aligned,0,10910,MCCE,native,MCCE_native,1,OK,0.0,0.04135012626647949,0.5255539143279173,2.0,"{""nevents"": 137.0, ""ndays_act"": 25.0, ""nchapters"": 11.0}"
HarvardX,2,aligned,0,10910,MCCE,bounded,MCCE_bounded,1,OK,0.0,0.04135012626647949,0.5255539143279173,2.0,"{""nevents"": 137.0, ""ndays_act"": 25.0, ""nchapters"": 11.0}"
HarvardX,2,aligned,0,10910,MCCE,bounded+edit,MCCE_bounded+edit,1,OK,0.0,0.04135012626647949,0.5255539143279173,2.0,"{""nevents"": 137.0, ""ndays_act"": 25.0, ""nchapters"": 11.0}"
HarvardX,2,aligned,0,10918,NICE,native,NICE_native,0,out_of_bounds:nevents,0.0,0.004899740219116211,0.18398240393323845,2.0,"{""nevents"": 9.0, ""ndays_act"": 7.0, ""nchapters"": 12.0}"
HarvardX,2,aligned,0,10918,NICE,bounded,NICE_bounded,0,classifier_target_not_met,0.0,0.004899740219116211,0.0847457627118644,1.0,"{""nevents"": 74.0, ""ndays_act"": 7.0, ""nchapters"": 12.0}"
HarvardX,2,aligned,0,10918,NICE,bounded+edit,NICE_bounded+edit,0,classifier_target_not_met,0.0,0.004899740219116211,0.0847457627118644,1.0,"{""nevents"": 74.0, ""ndays_act"": 7.0, ""nchapters"": 12.0}"
HarvardX,2,aligned,0,10918,MCCE,native,MCCE_native,1,OK,0.0,0.02653360366821289,0.3728813559322034,1.0,"{""nevents"": 74.0, ""ndays_act"": 24.0, ""nchapters"": 12.0}"
HarvardX,2,aligned,0,10918,MCCE,bounded,MCCE_bounded,1,OK,0.0,0.02653360366821289,0.3728813559322034,1.0,"{""nevents"": 74.0, ""ndays_act"": 24.0, ""nchapters"": 12.0}"
HarvardX,2,aligned,0,10918,MCCE,bounded+edit,MCCE_bounded+edit,1,OK,0.0,0.02653360366821289,0.3728813559322034,1.0,"{""nevents"": 74.0, ""ndays_act"": 24.0, ""nchapters"": 12.0}"
HarvardX,2,aligned,0,10921,NICE,native,NICE_native,0,out_of_bounds:nevents,0.0,0.004911661148071289,0.2988721804511278,2.0,"{""nevents"": 9.0, ""ndays_act"": 7.0, ""nchapters"": 12.0}"
HarvardX,2,aligned,0,10921,NICE,bounded,NICE_bounded,0,classifier_target_not_met,0.0,0.004911661148071289,0.03571428571428571,1.0,"{""nevents"": 159.0, ""ndays_act"": 7.0, ""nchapters"": 12.0}"
HarvardX,2,aligned,0,10921,NICE,bounded+edit,NICE_bounded+edit,0,classifier_target_not_met,0.0,0.004911661148071289,0.03571428571428571,1.0,"{""nevents"": 159.0, ""ndays_act"": 7.0, ""nchapters"": 12.0}"
HarvardX,2,aligned,0,10921,MCCE,native,MCCE_native,0,out_of_bounds:nevents,0.0,0.026207923889160156,0.3422305764411028,2.0,"{""nevents"": 25.0, ""ndays_act"": 11.0, ""nchapters"": 12.0}"
HarvardX,2,aligned,0,10921,MCCE,bounded,MCCE_bounded,1,OK,0.0,0.026207923889160156,0.3641604010025063,2.0,"{""nevents"": 163.0, ""ndays_act"": 25.0, ""nchapters"": 12.0}"
HarvardX,2,aligned,0,10921,MCCE,bounded+edit,MCCE_bounded+edit,1,OK,0.0,0.026207923889160156,0.3641604010025063,2.0,"{""nevents"": 163.0, ""ndays_act"": 25.0, ""nchapters"": 12.0}"
HarvardX,2,aligned,0,10942,NICE,native,NICE_native,1,OK,0.0,0.004770755767822266,0.12709977737300143,2.0,"{""nevents"": 9.0, ""ndays_act"": 7.0, ""nchapters"": 12.0}"
HarvardX,2,aligned,0,10942,NICE,bounded,NICE_bounded,1,OK,0.0,0.004770755767822266,0.12709977737300143,2.0,"{""nevents"": 9.0, ""ndays_act"": 7.0, ""nchapters"": 12.0}"
HarvardX,2,aligned,0,10942,NICE,bounded+edit,NICE_bounded+edit,1,OK,0.0,0.004770755767822266,0.12709977737300143,2.0,"{""nevents"": 9.0, ""ndays_act"": 7.0, ""nchapters"": 12.0}"
HarvardX,2,aligned,0,10942,MCCE,native,MCCE_native,1,OK,0.0,0.026665449142456055,0.21462142166453035,2.0,"{""nevents"": 25.0, ""ndays_act"": 11.0, ""nchapters"": 12.0}"
HarvardX,2,aligned,0,10942,MCCE,bounded,MCCE_bounded,1,OK,0.0,0.026665449142456055,0.21462142166453035,2.0,"{""nevents"": 25.0, ""ndays_act"": 11.0, ""nchapters"": 12.0}"
HarvardX,2,aligned,0,10942,MCCE,bounded+edit,MCCE_bounded+edit,1,OK,0.0,0.026665449142456055,0.21462142166453035,2.0,"{""nevents"": 25.0, ""ndays_act"": 11.0, ""nchapters"": 12.0}"
HarvardX,2,aligned,0,10956,NICE,native,NICE_native,1,OK,0.0,0.004590272903442383,0.48696844993141286,2.0,"{""nevents"": 112.0, ""ndays_act"": 21.0, ""nchapters"": 9.0}"
HarvardX,2,aligned,0,10956,NICE,bounded,NICE_bounded,1,OK,0.0,0.004590272903442383,0.48696844993141286,2.0,"{""nevents"": 112.0, ""ndays_act"": 21.0, ""nchapters"": 9.0}"
HarvardX,2,aligned,0,10956,NICE,bounded+edit,NICE_bounded+edit,1,OK,0.0,0.004590272903442383,0.48696844993141286,2.0,"{""nevents"": 112.0, ""ndays_act"": 21.0, ""nchapters"": 9.0}"
HarvardX,2,aligned,0,10956,MCCE,native,MCCE_native,1,OK,0.0,0.04178118705749512,0.5138545953360768,2.0,"{""nevents"": 83.0, ""ndays_act"": 25.0, ""nchapters"": 9.0}"
HarvardX,2,aligned,0,10956,MCCE,bounded,MCCE_bounded,1,OK,0.0,0.04178118705749512,0.5138545953360768,2.0,"{""nevents"": 83.0, ""ndays_act"": 25.0, ""nchapters"": 9.0}"
HarvardX,2,aligned,0,10956,MCCE,bounded+edit,MCCE_bounded+edit,1,OK,0.0,0.04178118705749512,0.5138545953360768,2.0,"{""nevents"": 83.0, ""ndays_act"": 25.0, ""nchapters"": 9.0}"
