dataset,seed,regime,stage,query,method,variant,condition,accepted,reasons,policy_score,seconds,effort,sparsity,vector
OULAD,2,aligned,1,850,CARE,native,CARE_native,0,below_policy_threshold;out_of_bounds:Test_3,38.522999999999996,17.178858041763306,16.42610821890247,4,"{""Test_1"": 0.0, ""Test_2"": 11.337, ""Test_3"": 14.936, ""Test_4"": 12.25, ""Test_5"": 0.0, ""Test_6"": 0.0, ""Test_7"": 0.0, ""Test_8"": 0.0, ""Test_9"": 0.0, ""Test_10"": 0.0, ""Test_11"": 0.0, ""sum_click"": 950.0, ""mod_AAA"": 0.0, ""mod_BBB"": 1.0, ""mod_EEE"": 0.0, ""mod_FFF"": 0.0}"
OULAD,2,aligned,1,850,CARE,bounded,CARE_bounded,0,below_policy_threshold,26.000000000000004,17.178858041763306,1.4444444444444444,4,"{""Test_1"": 0.0, ""Test_2"": 8.4, ""Test_3"": 0.0, ""Test_4"": 16.8, ""Test_5"": 0.0, ""Test_6"": 0.7, ""Test_7"": 0.0, ""Test_8"": 0.1, ""Test_9"": 0.0, ""Test_10"": 0.0, ""Test_11"": 0.0, ""sum_click"": 553.0, ""mod_AAA"": 0.0, ""mod_BBB"": 1.0, ""mod_EEE"": 0.0, ""mod_FFF"": 0.0}"
OULAD,2,aligned,1,850,CARE,bounded+edit,CARE_bounded+edit,1,OK,40.0,17.178858041763306,2.2222222222222223,5,"{""Test_1"": 0.0, ""Test_2"": 8.4, ""Test_3"": 0.0, ""Test_4"": 16.8, ""Test_5"": 0.0, ""Test_6"": 0.7, ""Test_7"": 0.0, ""Test_8"": 0.1, ""Test_9"": 0.0, ""Test_10"": 14.0, ""Test_11"": 0.0, ""sum_click"": 553.0, ""mod_AAA"": 0.0, ""mod_BBB"": 1.0, ""mod_EEE"": 0.0, ""mod_FFF"": 0.0}"
OULAD,2,aligned,1,1051,CARE,native,CARE_native,0,below_policy_threshold;out_of_bounds:Test_3,37.07,13.857067584991455,13.354055555555554,3,"{""Test_1"": 0.0, ""Test_2"": 7.611, ""Test_3"": 11.959, ""Test_4"": 17.5, ""Test_5"": 0.0, ""Test_6"": 0.0, ""Test_7"": 0.0, ""Test_8"": 0.0, ""Test_9"": 0.0, ""Test_10"": 0.0, ""Test_11"": 0.0, ""sum_click"": 77.0, ""mod_AAA"": 0.0, ""mod_BBB"": 1.0, ""mod_EEE"": 0.0, ""mod_FFF"": 0.0}"
OULAD,2,aligned,1,1051,CARE,bounded,CARE_bounded,1,OK,47.620000000000005,13.857067584991455,2.8664121663563007,5,"{""Test_1"": 0.0, ""Test_2"": 13.32, ""Test_3"": 0.0, ""Test_4"": 0.0, ""Test_5"": 0.0, ""Test_6"": 11.3, ""Test_7"": 0.0, ""Test_8"": 9.7, ""Test_9"": 0.0, ""Test_10"": 13.3, ""Test_11"": 0.0, ""sum_click"": 670.0, ""mod_AAA"": 0.0, ""mod_BBB"": 1.0, ""mod_EEE"": 0.0, ""mod_FFF"": 0.0}"
OULAD,2,aligned,1,1051,CARE,bounded+edit,CARE_bounded+edit,1,OK,47.620000000000005,13.857067584991455,2.8664121663563007,5,"{""Test_1"": 0.0, ""Test_2"": 13.32, ""Test_3"": 0.0, ""Test_4"": 0.0, ""Test_5"": 0.0, ""Test_6"": 11.3, ""Test_7"": 0.0, ""Test_8"": 9.7, ""Test_9"": 0.0, ""Test_10"": 13.3, ""Test_11"": 0.0, ""sum_click"": 670.0, ""mod_AAA"": 0.0, ""mod_BBB"": 1.0, ""mod_EEE"": 0.0, ""mod_FFF"": 0.0}"
OULAD,2,aligned,1,2085,CARE,native,CARE_native,0,below_policy_threshold;out_of_bounds:Test_3,33.648,14.0190749168396,16.998803380684947,4,"{""Test_1"": 2.75, ""Test_2"": 0.0, ""Test_3"": 15.585, ""Test_4"": 14.753, ""Test_5"": 0.56, ""Test_6"": 0.0, ""Test_7"": 0.0, ""Test_8"": 0.0, ""Test_9"": 0.0, ""Test_10"": 0.0, ""Test_11"": 0.0, ""sum_click"": 813.0, ""mod_AAA"": 0.0, ""mod_BBB"": 1.0, ""mod_EEE"": 0.0, ""mod_FFF"": 0.0}"
OULAD,2,aligned,1,2085,CARE,bounded,CARE_bounded,0,below_policy_threshold,19.823,14.0190749168396,1.050085728444004,2,"{""Test_1"": 2.75, ""Test_2"": 0.0, ""Test_3"": 0.0, ""Test_4"": 17.073, ""Test_5"": 0.0, ""Test_6"": 0.0, ""Test_7"": 0.0, ""Test_8"": 0.0, ""Test_9"": 0.0, ""Test_10"": 0.0, ""Test_11"": 0.0, ""sum_click"": 949.0, ""mod_AAA"": 0.0, ""mod_BBB"": 1.0, ""mod_EEE"": 0.0, ""mod_FFF"": 0.0}"
OULAD,2,aligned,1,2085,CARE,bounded+edit,CARE_bounded+edit,0,below_policy_threshold,19.823,14.0190749168396,1.050085728444004,2,"{""Test_1"": 2.75, ""Test_2"": 0.0, ""Test_3"": 0.0, ""Test_4"": 17.073, ""Test_5"": 0.0, ""Test_6"": 0.0, ""Test_7"": 0.0, ""Test_8"": 0.0, ""Test_9"": 0.0, ""Test_10"": 0.0, ""Test_11"": 0.0, ""sum_click"": 949.0, ""mod_AAA"": 0.0, ""mod_BBB"": 1.0, ""mod_EEE"": 0.0, ""mod_FFF"": 0.0}"
OULAD,2,aligned,1,2514,CARE,native,CARE_native,0,out_of_bounds:Test_3,41.318,14.236495018005371,17.2052018666023,4,"{""Test_1"": 0.0, ""Test_2"": 10.4, ""Test_3"": 15.75, ""Test_4"": 15.168, ""Test_5"": 0.0, ""Test_6"": 0.0, ""Test_7"": 0.0, ""Test_8"": 0.0, ""Test_9"": 0.0, ""Test_10"": 0.0, ""Test_11"": 0.0, ""sum_click"": 96.0, ""mod_AAA"": 0.0, ""mod_BBB"": 1.0, ""mod_EEE"": 0.0, ""mod_FFF"": 0.0}"
OULAD,2,aligned,1,2514,CARE,bounded,CARE_bounded,1,OK,42.272000000000006,14.236495018005371,2.359668195349586,5,"{""Test_1"": 0.0, ""Test_2"": 10.809, ""Test_3"": 0.0, ""Test_4"": 11.663, ""Test_5"": 0.0, ""Test_6"": 11.0, ""Test_7"": 0.0, ""Test_8"": 0.0, ""Test_9"": 0.0, ""Test_10"": 8.8, ""Test_11"": 0.0, ""sum_click"": 31.0, ""mod_AAA"": 0.0, ""mod_BBB"": 1.0, ""mod_EEE"": 0.0, ""mod_FFF"": 0.0}"
OULAD,2,aligned,1,2514,CARE,bounded+edit,CARE_bounded+edit,1,OK,42.272000000000006,14.236495018005371,2.359668195349586,5,"{""Test_1"": 0.0, ""Test_2"": 10.809, ""Test_3"": 0.0, ""Test_4"": 11.663, ""Test_5"": 0.0, ""Test_6"": 11.0, ""Test_7"": 0.0, ""Test_8"": 0.0, ""Test_9"": 0.0, ""Test_10"": 8.8, ""Test_11"": 0.0, ""sum_click"": 31.0, ""mod_AAA"": 0.0, ""mod_BBB"": 1.0, ""mod_EEE"": 0.0, ""mod_FFF"": 0.0}"
OULAD,2,aligned,1,2583,CARE,native,CARE_native,0,below_policy_threshold;out_of_bounds:Test_3,31.386,13.610741138458252,12.60972222222222,3,"{""Test_1"": 1.9, ""Test_2"": 1.069, ""Test_3"": 11.617, ""Test_4"": 16.8, ""Test_5"": 0.0, ""Test_6"": 0.0, ""Test_7"": 0.0, ""Test_8"": 0.0, ""Test_9"": 0.0, ""Test_10"": 0.0, ""Test_11"": 0.0, ""sum_click"": 33.0, ""mod_AAA"": 0.0, ""mod_BBB"": 1.0, ""mod_EEE"": 0.0, ""mod_FFF"": 0.0}"
OULAD,2,aligned,1,2583,CARE,bounded,CARE_bounded,0,below_policy_threshold,19.054,13.610741138458252,1.142813118358373,2,"{""Test_1"": 1.9, ""Test_2"": 0.0, ""Test_3"": 0.0, ""Test_4"": 17.154, ""Test_5"": 0.0, ""Test_6"": 0.0, ""Test_7"": 0.0, ""Test_8"": 0.0, ""Test_9"": 0.0, ""Test_10"": 0.0, ""Test_11"": 0.0, ""sum_click"": 551.0, ""mod_AAA"": 0.0, ""mod_BBB"": 1.0, ""mod_EEE"": 0.0, ""mod_FFF"": 0.0}"
OULAD,2,aligned,1,2583,CARE,bounded+edit,CARE_bounded+edit,0,below_policy_threshold,19.054,13.610741138458252,1.142813118358373,2,"{""Test_1"": 1.9, ""Test_2"": 0.0, ""Test_3"": 0.0, ""Test_4"": 17.154, ""Test_5"": 0.0, ""Test_6"": 0.0, ""Test_7"": 0.0, ""Test_8"": 0.0, ""Test_9"": 0.0, ""Test_10"": 0.0, ""Test_11"": 0.0, ""sum_click"": 551.0, ""mod_AAA"": 0.0, ""mod_BBB"": 1.0, ""mod_EEE"": 0.0, ""mod_FFF"": 0.0}"
OULAD,2,aligned,1,4470,CARE,native,CARE_native,0,below_policy_threshold;out_of_bounds:Test_3,33.989999999999995,13.98796010017395,14.812222222222221,2,"{""Test_1"": 2.65, ""Test_2"": 0.0, ""Test_3"": 13.84, ""Test_4"": 17.5, ""Test_5"": 0.0, ""Test_6"": 0.0, ""Test_7"": 0.0, ""Test_8"": 0.0, ""Test_9"": 0.0, ""Test_10"": 0.0, ""Test_11"": 0.0, ""sum_click"": 685.0, ""mod_AAA"": 0.0, ""mod_BBB"": 1.0, ""mod_EEE"": 0.0, ""mod_FFF"": 0.0}"
OULAD,2,aligned,1,4470,CARE,bounded,CARE_bounded,0,below_policy_threshold;out_of_bounds:Test_3,38.349999999999994,13.98796010017395,22.477777777777778,2,"{""Test_1"": 2.65, ""Test_2"": 0.0, ""Test_3"": 21.7, ""Test_4"": 14.0, ""Test_5"": 0.0, ""Test_6"": 0.0, ""Test_7"": 0.0, ""Test_8"": 0.0, ""Test_9"": 0.0, ""Test_10"": 0.0, ""Test_11"": 0.0, ""sum_click"": 685.0, ""mod_AAA"": 0.0, ""mod_BBB"": 1.0, ""mod_EEE"": 0.0, ""mod_FFF"": 0.0}"
OULAD,2,aligned,1,4470,CARE,bounded+edit,CARE_bounded+edit,0,out_of_bounds:Test_3,40.35,13.98796010017395,22.58888888888889,3,"{""Test_1"": 2.65, ""Test_2"": 2.0, ""Test_3"": 21.7, ""Test_4"": 14.0, ""Test_5"": 0.0, ""Test_6"": 0.0, ""Test_7"": 0.0, ""Test_8"": 0.0, ""Test_9"": 0.0, ""Test_10"": 0.0, ""Test_11"": 0.0, ""sum_click"": 685.0, ""mod_AAA"": 0.0, ""mod_BBB"": 1.0, ""mod_EEE"": 0.0, ""mod_FFF"": 0.0}"
OULAD,2,aligned,1,4988,CARE,native,CARE_native,0,below_policy_threshold,34.697,14.000091552734375,1.4978794939377966,4,"{""Test_1"": 0.0, ""Test_2"": 10.0, ""Test_3"": 10.414, ""Test_4"": 14.283, ""Test_5"": 0.0, ""Test_6"": 0.0, ""Test_7"": 0.0, ""Test_8"": 0.0, ""Test_9"": 0.0, ""Test_10"": 0.0, ""Test_11"": 0.0, ""sum_click"": 844.0, ""mod_AAA"": 0.0, ""mod_BBB"": 1.0, ""mod_EEE"": 0.0, ""mod_FFF"": 0.0}"
OULAD,2,aligned,1,4988,CARE,bounded,CARE_bounded,0,below_policy_threshold,31.481,14.000091552734375,1.3728268581971534,4,"{""Test_1"": 0.0, ""Test_2"": 7.419, ""Test_3"": 10.062, ""Test_4"": 14.0, ""Test_5"": 0.0, ""Test_6"": 0.0, ""Test_7"": 0.0, ""Test_8"": 0.0, ""Test_9"": 0.0, ""Test_10"": 0.0, ""Test_11"": 0.0, ""sum_click"": 904.0, ""mod_AAA"": 0.0, ""mod_BBB"": 1.0, ""mod_EEE"": 0.0, ""mod_FFF"": 0.0}"
OULAD,2,aligned,1,4988,CARE,bounded+edit,CARE_bounded+edit,0,below_policy_threshold,31.481,14.000091552734375,1.3728268581971534,4,"{""Test_1"": 0.0, ""Test_2"": 7.419, ""Test_3"": 10.062, ""Test_4"": 14.0, ""Test_5"": 0.0, ""Test_6"": 0.0, ""Test_7"": 0.0, ""Test_8"": 0.0, ""Test_9"": 0.0, ""Test_10"": 0.0, ""Test_11"": 0.0, ""sum_click"": 904.0, ""mod_AAA"": 0.0, ""mod_BBB"": 1.0, ""mod_EEE"": 0.0, ""mod_FFF"": 0.0}"
OULAD,2,aligned,1,5347,CARE,native,CARE_native,0,below_policy_threshold,35.134,13.99661636352539,1.1005142857142856,3,"{""Test_1"": 0.0, ""Test_2"": 4.512, ""Test_3"": 14.0, ""Test_4"": 16.622, ""Test_5"": 0.0, ""Test_6"": 0.0, ""Test_7"": 0.0, ""Test_8"": 0.0, ""Test_9"": 0.0, ""Test_10"": 0.0, ""Test_11"": 0.0, ""sum_click"": 158.0, ""mod_AAA"": 0.0, ""mod_BBB"": 1.0, ""mod_EEE"": 0.0, ""mod_FFF"": 0.0}"
OULAD,2,aligned,1,5347,CARE,bounded,CARE_bounded,0,below_policy_threshold,34.637,13.99661636352539,1.1182,3,"{""Test_1"": 0.0, ""Test_2"": 6.0, ""Test_3"": 11.837, ""Test_4"": 16.8, ""Test_5"": 0.0, ""Test_6"": 0.0, ""Test_7"": 0.0, ""Test_8"": 0.0, ""Test_9"": 0.0, ""Test_10"": 0.0, ""Test_11"": 0.0, ""sum_click"": 158.0, ""mod_AAA"": 0.0, ""mod_BBB"": 1.0, ""mod_EEE"": 0.0, ""mod_FFF"": 0.0}"
OULAD,2,aligned,1,5347,CARE,bounded+edit,CARE_bounded+edit,0,below_policy_threshold,34.637,13.99661636352539,1.1182,3,"{""Test_1"": 0.0, ""Test_2"": 6.0, ""Test_3"": 11.837, ""Test_4"": 16.8, ""Test_5"": 0.0, ""Test_6"": 0.0, ""Test_7"": 0.0, ""Test_8"": 0.0, ""Test_9"": 0.0, ""Test_10"": 0.0, ""Test_11"": 0.0, ""sum_click"": 158.0, ""mod_AAA"": 0.0, ""mod_BBB"": 1.0, ""mod_EEE"": 0.0, ""mod_FFF"": 0.0}"
OULAD,2,aligned,1,6079,CARE,native,CARE_native,0,below_policy_threshold,36.05200000000001,13.627501249313354,1.2399285714285715,3,"{""Test_1"": 0.0, ""Test_2"": 9.794, ""Test_3"": 9.458, ""Test_4"": 16.8, ""Test_5"": 0.0, ""Test_6"": 0.0, ""Test_7"": 0.0, ""Test_8"": 0.0, ""Test_9"": 0.0, ""Test_10"": 0.0, ""Test_11"": 0.0, ""sum_click"": 25.0, ""mod_AAA"": 0.0, ""mod_BBB"": 1.0, ""mod_EEE"": 0.0, ""mod_FFF"": 0.0}"
OULAD,2,aligned,1,6079,CARE,bounded,CARE_bounded,0,below_policy_threshold,38.28,13.627501249313354,1.7388732188527587,4,"{""Test_1"": 0.0, ""Test_2"": 12.0, ""Test_3"": 15.48, ""Test_4"": 10.8, ""Test_5"": 0.0, ""Test_6"": 0.0, ""Test_7"": 0.0, ""Test_8"": 0.0, ""Test_9"": 0.0, ""Test_10"": 0.0, ""Test_11"": 0.0, ""sum_click"": 1087.0, ""mod_AAA"": 0.0, ""mod_BBB"": 1.0, ""mod_EEE"": 0.0, ""mod_FFF"": 0.0}"
OULAD,2,aligned,1,6079,CARE,bounded+edit,CARE_bounded+edit,0,below_policy_threshold,38.28,13.627501249313354,1.7388732188527587,4,"{""Test_1"": 0.0, ""Test_2"": 12.0, ""Test_3"": 15.48, ""Test_4"": 10.8, ""Test_5"": 0.0, ""Test_6"": 0.0, ""Test_7"": 0.0, ""Test_8"": 0.0, ""Test_9"": 0.0, ""Test_10"": 0.0, ""Test_11"": 0.0, ""sum_click"": 1087.0, ""mod_AAA"": 0.0, ""mod_BBB"": 1.0, ""mod_EEE"": 0.0, ""mod_FFF"": 0.0}"
OULAD,2,aligned,1,6271,CARE,native,CARE_native,0,below_policy_threshold;immutable_changed:Test_1,37.69199999999999,13.957425355911255,1.0421307598065346,3,"{""Test_1"": 14.08, ""Test_2"": 0.0, ""Test_3"": 17.08, ""Test_4"": 6.532, ""Test_5"": 0.0, ""Test_6"": 0.0, ""Test_7"": 0.0, ""Test_8"": 0.0, ""Test_9"": 0.0, ""Test_10"": 0.0, ""Test_11"": 0.0, ""sum_click"": 872.0, ""mod_AAA"": 0.0, ""mod_BBB"": 0.0, ""mod_EEE"": 1.0, ""mod_FFF"": 0.0}"
OULAD,2,aligned,1,6271,CARE,bounded,CARE_bounded,0,below_policy_threshold,29.625,13.957425355911255,1.3429857160078136,4,"{""Test_1"": 0.0, ""Test_2"": 7.927, ""Test_3"": 5.738, ""Test_4"": 15.96, ""Test_5"": 0.0, ""Test_6"": 0.0, ""Test_7"": 0.0, ""Test_8"": 0.0, ""Test_9"": 0.0, ""Test_10"": 0.0, ""Test_11"": 0.0, ""sum_click"": 1247.0, ""mod_AAA"": 0.0, ""mod_BBB"": 0.0, ""mod_EEE"": 1.0, ""mod_FFF"": 0.0}"
OULAD,2,aligned,1,6271,CARE,bounded+edit,CARE_bounded+edit,0,below_policy_threshold,29.625,13.957425355911255,1.3429857160078136,4,"{""Test_1"": 0.0, ""Test_2"": 7.927, ""Test_3"": 5.738, ""Test_4"": 15.96, ""Test_5"": 0.0, ""Test_6"": 0.0, ""Test_7"": 0.0, ""Test_8"": 0.0, ""Test_9"": 0.0, ""Test_10"": 0.0, ""Test_11"": 0.0, ""sum_click"": 1247.0, ""mod_AAA"": 0.0, ""mod_BBB"": 0.0, ""mod_EEE"": 1.0, ""mod_FFF"": 0.0}"
OULAD,2,aligned,1,6668,CARE,native,CARE_native,0,below_policy_threshold;immutable_changed:Test_1,36.0,14.234124660491943,1.0375619363532704,3,"{""Test_1"": 11.36, ""Test_2"": 0.0, ""Test_3"": 12.88, ""Test_4"": 11.76, ""Test_5"": 0.0, ""Test_6"": 0.0, ""Test_7"": 0.0, ""Test_8"": 0.0, ""Test_9"": 0.0, ""Test_10"": 0.0, ""Test_11"": 0.0, ""sum_click"": 704.0, ""mod_AAA"": 0.0, ""mod_BBB"": 0.0, ""mod_EEE"": 1.0, ""mod_FFF"": 0.0}"
OULAD,2,aligned,1,6668,CARE,bounded,CARE_bounded,0,below_policy_threshold,39.856,14.234124660491943,1.6652999649533289,4,"{""Test_1"": 0.0, ""Test_2"": 19.6, ""Test_3"": 5.999, ""Test_4"": 14.257, ""Test_5"": 0.0, ""Test_6"": 0.0, ""Test_7"": 0.0, ""Test_8"": 0.0, ""Test_9"": 0.0, ""Test_10"": 0.0, ""Test_11"": 0.0, ""sum_click"": 1070.0, ""mod_AAA"": 0.0, ""mod_BBB"": 0.0, ""mod_EEE"": 1.0, ""mod_FFF"": 0.0}"
OULAD,2,aligned,1,6668,CARE,bounded+edit,CARE_bounded+edit,0,below_policy_threshold,39.856,14.234124660491943,1.6652999649533289,4,"{""Test_1"": 0.0, ""Test_2"": 19.6, ""Test_3"": 5.999, ""Test_4"": 14.257, ""Test_5"": 0.0, ""Test_6"": 0.0, ""Test_7"": 0.0, ""Test_8"": 0.0, ""Test_9"": 0.0, ""Test_10"": 0.0, ""Test_11"": 0.0, ""sum_click"": 1070.0, ""mod_AAA"": 0.0, ""mod_BBB"": 0.0, ""mod_EEE"": 1.0, ""mod_FFF"": 0.0}"
OULAD,2,aligned,1,7168,CARE,native,CARE_native,0,below_policy_threshold;immutable_changed:Test_1,36.562,13.241578817367554,1.2107838113267286,3,"{""Test_1"": 8.873, ""Test_2"": 0.0, ""Test_3"": 13.409, ""Test_4"": 14.28, ""Test_5"": 0.0, ""Test_6"": 0.0, ""Test_7"": 0.0, ""Test_8"": 0.0, ""Test_9"": 0.0, ""Test_10"": 0.0, ""Test_11"": 0.0, ""sum_click"": 1412.0, ""mod_AAA"": 0.0, ""mod_BBB"": 0.0, ""mod_EEE"": 1.0, ""mod_FFF"": 0.0}"
OULAD,2,aligned,1,7168,CARE,bounded,CARE_bounded,0,below_policy_threshold,29.537,13.241578817367554,0.871292208092028,2,"{""Test_1"": 8.48, ""Test_2"": 0.0, ""Test_3"": 21.057, ""Test_4"": 0.0, ""Test_5"": 0.0, ""Test_6"": 0.0, ""Test_7"": 0.0, ""Test_8"": 0.0, ""Test_9"": 0.0, ""Test_10"": 0.0, ""Test_11"": 0.0, ""sum_click"": 1023.0, ""mod_AAA"": 0.0, ""mod_BBB"": 0.0, ""mod_EEE"": 1.0, ""mod_FFF"": 0.0}"
OULAD,2,aligned,1,7168,CARE,bounded+edit,CARE_bounded+edit,1,OK,41.98144444444445,13.241578817367554,1.3157366525364727,3,"{""Test_1"": 8.48, ""Test_2"": 12.444444, ""Test_3"": 21.057, ""Test_4"": 0.0, ""Test_5"": 0.0, ""Test_6"": 0.0, ""Test_7"": 0.0, ""Test_8"": 0.0, ""Test_9"": 0.0, ""Test_10"": 0.0, ""Test_11"": 0.0, ""sum_click"": 1023.0, ""mod_AAA"": 0.0, ""mod_BBB"": 0.0, ""mod_EEE"": 1.0, ""mod_FFF"": 0.0}"
OULAD,2,aligned,1,7529,CARE,native,CARE_native,0,immutable_changed:Test_1,40.555,13.517250537872314,1.243920433911648,3,"{""Test_1"": 10.875, ""Test_2"": 0.0, ""Test_3"": 15.96, ""Test_4"": 13.72, ""Test_5"": 0.0, ""Test_6"": 0.0, ""Test_7"": 0.0, ""Test_8"": 0.0, ""Test_9"": 0.0, ""Test_10"": 0.0, ""Test_11"": 0.0, ""sum_click"": 878.0, ""mod_AAA"": 0.0, ""mod_BBB"": 0.0, ""mod_EEE"": 1.0, ""mod_FFF"": 0.0}"
OULAD,2,aligned,1,7529,CARE,bounded,CARE_bounded,0,below_policy_threshold,32.84,13.517250537872314,0.9526414254419362,2,"{""Test_1"": 7.36, ""Test_2"": 0.0, ""Test_3"": 25.48, ""Test_4"": 0.0, ""Test_5"": 0.0, ""Test_6"": 0.0, ""Test_7"": 0.0, ""Test_8"": 0.0, ""Test_9"": 0.0, ""Test_10"": 0.0, ""Test_11"": 0.0, ""sum_click"": 275.0, ""mod_AAA"": 0.0, ""mod_BBB"": 0.0, ""mod_EEE"": 1.0, ""mod_FFF"": 0.0}"
OULAD,2,aligned,1,7529,CARE,bounded+edit,CARE_bounded+edit,1,OK,42.17333333333333,13.517250537872314,1.2859747587752697,3,"{""Test_1"": 7.36, ""Test_2"": 9.333333, ""Test_3"": 25.48, ""Test_4"": 0.0, ""Test_5"": 0.0, ""Test_6"": 0.0, ""Test_7"": 0.0, ""Test_8"": 0.0, ""Test_9"": 0.0, ""Test_10"": 0.0, ""Test_11"": 0.0, ""sum_click"": 275.0, ""mod_AAA"": 0.0, ""mod_BBB"": 0.0, ""mod_EEE"": 1.0, ""mod_FFF"": 0.0}"
OULAD,2,aligned,1,7685,CARE,native,CARE_native,0,below_policy_threshold,36.45,13.226025819778442,1.1478914289220317,3,"{""Test_1"": 9.44, ""Test_2"": 0.0, ""Test_3"": 12.45, ""Test_4"": 14.56, ""Test_5"": 0.0, ""Test_6"": 0.0, ""Test_7"": 0.0, ""Test_8"": 0.0, ""Test_9"": 0.0, ""Test_10"": 0.0, ""Test_11"": 0.0, ""sum_click"": 1366.0, ""mod_AAA"": 0.0, ""mod_BBB"": 0.0, ""mod_EEE"": 1.0, ""mod_FFF"": 0.0}"
OULAD,2,aligned,1,7685,CARE,bounded,CARE_bounded,1,OK,43.6,13.226025819778442,1.228726122465675,3,"{""Test_1"": 9.44, ""Test_2"": 0.0, ""Test_3"": 12.88, ""Test_4"": 21.28, ""Test_5"": 0.0, ""Test_6"": 0.0, ""Test_7"": 0.0, ""Test_8"": 0.0, ""Test_9"": 0.0, ""Test_10"": 0.0, ""Test_11"": 0.0, ""sum_click"": 726.0, ""mod_AAA"": 0.0, ""mod_BBB"": 0.0, ""mod_EEE"": 1.0, ""mod_FFF"": 0.0}"
OULAD,2,aligned,1,7685,CARE,bounded+edit,CARE_bounded+edit,1,OK,43.6,13.226025819778442,1.228726122465675,3,"{""Test_1"": 9.44, ""Test_2"": 0.0, ""Test_3"": 12.88, ""Test_4"": 21.28, ""Test_5"": 0.0, ""Test_6"": 0.0, ""Test_7"": 0.0, ""Test_8"": 0.0, ""Test_9"": 0.0, ""Test_10"": 0.0, ""Test_11"": 0.0, ""sum_click"": 726.0, ""mod_AAA"": 0.0, ""mod_BBB"": 0.0, ""mod_EEE"": 1.0, ""mod_FFF"": 0.0}"
OULAD,2,aligned,1,7696,CARE,native,CARE_native,0,below_policy_threshold,35.745,13.291274785995483,0.9280357142857143,2,"{""Test_1"": 9.76, ""Test_2"": 0.0, ""Test_3"": 14.225, ""Test_4"": 11.76, ""Test_5"": 0.0, ""Test_6"": 0.0, ""Test_7"": 0.0, ""Test_8"": 0.0, ""Test_9"": 0.0, ""Test_10"": 0.0, ""Test_11"": 0.0, ""sum_click"": 1757.0, ""mod_AAA"": 0.0, ""mod_BBB"": 0.0, ""mod_EEE"": 1.0, ""mod_FFF"": 0.0}"
OULAD,2,aligned,1,7696,CARE,bounded,CARE_bounded,0,below_policy_threshold,33.559999999999995,13.291274785995483,0.85,2,"{""Test_1"": 9.76, ""Test_2"": 0.0, ""Test_3"": 12.04, ""Test_4"": 11.76, ""Test_5"": 0.0, ""Test_6"": 0.0, ""Test_7"": 0.0, ""Test_8"": 0.0, ""Test_9"": 0.0, ""Test_10"": 0.0, ""Test_11"": 0.0, ""sum_click"": 1757.0, ""mod_AAA"": 0.0, ""mod_BBB"": 0.0, ""mod_EEE"": 1.0, ""mod_FFF"": 0.0}"
OULAD,2,aligned,1,7696,CARE,bounded+edit,CARE_bounded+edit,1,OK,42.89333333333333,13.291274785995483,1.1833333333333333,3,"{""Test_1"": 9.76, ""Test_2"": 9.333333, ""Test_3"": 12.04, ""Test_4"": 11.76, ""Test_5"": 0.0, ""Test_6"": 0.0, ""Test_7"": 0.0, ""Test_8"": 0.0, ""Test_9"": 0.0, ""Test_10"": 0.0, ""Test_11"": 0.0, ""sum_click"": 1757.0, ""mod_AAA"": 0.0, ""mod_BBB"": 0.0, ""mod_EEE"": 1.0, ""mod_FFF"": 0.0}"
OULAD,2,aligned,1,8287,CARE,native,CARE_native,0,immutable_changed:Test_1;immutable_changed:Test_5,46.291,13.598887920379639,1.3345708002482104,3,"{""Test_1"": 13.96, ""Test_2"": 18.48, ""Test_3"": 12.691, ""Test_4"": 0.0, ""Test_5"": 1.16, ""Test_6"": 0.0, ""Test_7"": 0.0, ""Test_8"": 0.0, ""Test_9"": 0.0, ""Test_10"": 0.0, ""Test_11"": 0.0, ""sum_click"": 973.0, ""mod_AAA"": 0.0, ""mod_BBB"": 0.0, ""mod_EEE"": 1.0, ""mod_FFF"": 0.0}"
OULAD,2,aligned,1,8287,CARE,bounded,CARE_bounded,1,OK,45.08,13.598887920379639,1.8094874918125095,4,"{""Test_1"": 0.0, ""Test_2"": 17.08, ""Test_3"": 13.72, ""Test_4"": 14.28, ""Test_5"": 0.0, ""Test_6"": 0.0, ""Test_7"": 0.0, ""Test_8"": 0.0, ""Test_9"": 0.0, ""Test_10"": 0.0, ""Test_11"": 0.0, ""sum_click"": 878.0, ""mod_AAA"": 0.0, ""mod_BBB"": 0.0, ""mod_EEE"": 1.0, ""mod_FFF"": 0.0}"
OULAD,2,aligned,1,8287,CARE,bounded+edit,CARE_bounded+edit,1,OK,45.08,13.598887920379639,1.8094874918125095,4,"{""Test_1"": 0.0, ""Test_2"": 17.08, ""Test_3"": 13.72, ""Test_4"": 14.28, ""Test_5"": 0.0, ""Test_6"": 0.0, ""Test_7"": 0.0, ""Test_8"": 0.0, ""Test_9"": 0.0, ""Test_10"": 0.0, ""Test_11"": 0.0, ""sum_click"": 878.0, ""mod_AAA"": 0.0, ""mod_BBB"": 0.0, ""mod_EEE"": 1.0, ""mod_FFF"": 0.0}"
OULAD,2,aligned,1,8553,CARE,native,CARE_native,1,OK,44.793,13.917544603347778,1.913273349944248,4,"{""Test_1"": 0.0, ""Test_2"": 0.0, ""Test_3"": 18.001, ""Test_4"": 11.042, ""Test_5"": 15.75, ""Test_6"": 0.0, ""Test_7"": 0.0, ""Test_8"": 0.0, ""Test_9"": 0.0, ""Test_10"": 0.0, ""Test_11"": 0.0, ""sum_click"": 941.0, ""mod_AAA"": 0.0, ""mod_BBB"": 0.0, ""mod_EEE"": 0.0, ""mod_FFF"": 1.0}"
OULAD,2,aligned,1,8553,CARE,bounded,CARE_bounded,0,below_policy_threshold,34.658,13.917544603347778,1.6433303106975208,3,"{""Test_1"": 0.0, ""Test_2"": 0.0, ""Test_3"": 19.5, ""Test_4"": 15.158, ""Test_5"": 0.0, ""Test_6"": 0.0, ""Test_7"": 0.0, ""Test_8"": 0.0, ""Test_9"": 0.0, ""Test_10"": 0.0, ""Test_11"": 0.0, ""sum_click"": 1925.0, ""mod_AAA"": 0.0, ""mod_BBB"": 0.0, ""mod_EEE"": 0.0, ""mod_FFF"": 1.0}"
OULAD,2,aligned,1,8553,CARE,bounded+edit,CARE_bounded+edit,1,OK,40.21355555555556,13.917544603347778,2.0877747551419654,4,"{""Test_1"": 0.0, ""Test_2"": 5.555556, ""Test_3"": 19.5, ""Test_4"": 15.158, ""Test_5"": 0.0, ""Test_6"": 0.0, ""Test_7"": 0.0, ""Test_8"": 0.0, ""Test_9"": 0.0, ""Test_10"": 0.0, ""Test_11"": 0.0, ""sum_click"": 1925.0, ""mod_AAA"": 0.0, ""mod_BBB"": 0.0, ""mod_EEE"": 0.0, ""mod_FFF"": 1.0}"
OULAD,2,aligned,1,9459,CARE,native,CARE_native,0,immutable_changed:Test_1,40.54,13.607216596603394,1.4216000000000002,4,"{""Test_1"": 8.25, ""Test_2"": 3.25, ""Test_3"": 14.5, ""Test_4"": 14.25, ""Test_5"": 0.29, ""Test_6"": 0.0, ""Test_7"": 0.0, ""Test_8"": 0.0, ""Test_9"": 0.0, ""Test_10"": 0.0, ""Test_11"": 0.0, ""sum_click"": 2891.0, ""mod_AAA"": 0.0, ""mod_BBB"": 0.0, ""mod_EEE"": 0.0, ""mod_FFF"": 1.0}"
OULAD,2,aligned,1,9459,CARE,bounded,CARE_bounded,1,OK,54.239000000000004,13.607216596603394,2.437217120935166,5,"{""Test_1"": 4.0, ""Test_2"": 7.25, ""Test_3"": 9.989, ""Test_4"": 16.25, ""Test_5"": 16.75, ""Test_6"": 0.0, ""Test_7"": 0.0, ""Test_8"": 0.0, ""Test_9"": 0.0, ""Test_10"": 0.0, ""Test_11"": 0.0, ""sum_click"": 3501.0, ""mod_AAA"": 0.0, ""mod_BBB"": 0.0, ""mod_EEE"": 0.0, ""mod_FFF"": 1.0}"
OULAD,2,aligned,1,9459,CARE,bounded+edit,CARE_bounded+edit,1,OK,54.239000000000004,13.607216596603394,2.437217120935166,5,"{""Test_1"": 4.0, ""Test_2"": 7.25, ""Test_3"": 9.989, ""Test_4"": 16.25, ""Test_5"": 16.75, ""Test_6"": 0.0, ""Test_7"": 0.0, ""Test_8"": 0.0, ""Test_9"": 0.0, ""Test_10"": 0.0, ""Test_11"": 0.0, ""sum_click"": 3501.0, ""mod_AAA"": 0.0, ""mod_BBB"": 0.0, ""mod_EEE"": 0.0, ""mod_FFF"": 1.0}"
OULAD,2,aligned,1,9582,CARE,native,CARE_native,1,OK,41.5,13.6648268699646,1.8566085714681864,4,"{""Test_1"": 0.0, ""Test_2"": 0.0, ""Test_3"": 14.75, ""Test_4"": 13.75, ""Test_5"": 13.0, ""Test_6"": 0.0, ""Test_7"": 0.0, ""Test_8"": 0.0, ""Test_9"": 0.0, ""Test_10"": 0.0, ""Test_11"": 0.0, ""sum_click"": 1528.0, ""mod_AAA"": 0.0, ""mod_BBB"": 0.0, ""mod_EEE"": 0.0, ""mod_FFF"": 1.0}"
OULAD,2,aligned,1,9582,CARE,bounded,CARE_bounded,0,below_policy_threshold,37.0,13.6648268699646,1.6400044368648004,4,"{""Test_1"": 0.0, ""Test_2"": 0.0, ""Test_3"": 10.0, ""Test_4"": 11.5, ""Test_5"": 15.5, ""Test_6"": 0.0, ""Test_7"": 0.0, ""Test_8"": 0.0, ""Test_9"": 0.0, ""Test_10"": 0.0, ""Test_11"": 0.0, ""sum_click"": 1264.0, ""mod_AAA"": 0.0, ""mod_BBB"": 0.0, ""mod_EEE"": 0.0, ""mod_FFF"": 1.0}"
OULAD,2,aligned,1,9582,CARE,bounded+edit,CARE_bounded+edit,1,OK,41.166666666666664,13.6648268699646,1.9733377701981338,5,"{""Test_1"": 0.0, ""Test_2"": 4.166667, ""Test_3"": 10.0, ""Test_4"": 11.5, ""Test_5"": 15.5, ""Test_6"": 0.0, ""Test_7"": 0.0, ""Test_8"": 0.0, ""Test_9"": 0.0, ""Test_10"": 0.0, ""Test_11"": 0.0, ""sum_click"": 1264.0, ""mod_AAA"": 0.0, ""mod_BBB"": 0.0, ""mod_EEE"": 0.0, ""mod_FFF"": 1.0}"
OULAD,2,aligned,1,9650,CARE,native,CARE_native,0,immutable_changed:Test_1,43.095,13.663411617279053,1.6770803429236512,5,"{""Test_1"": 8.5, ""Test_2"": 4.0, ""Test_3"": 14.975, ""Test_4"": 14.25, ""Test_5"": 1.37, ""Test_6"": 0.0, ""Test_7"": 0.0, ""Test_8"": 0.0, ""Test_9"": 0.0, ""Test_10"": 0.0, ""Test_11"": 0.0, ""sum_click"": 1216.0, ""mod_AAA"": 0.0, ""mod_BBB"": 0.0, ""mod_EEE"": 0.0, ""mod_FFF"": 1.0}"
OULAD,2,aligned,1,9650,CARE,bounded,CARE_bounded,1,OK,48.0,13.663411617279053,1.85,3,"{""Test_1"": 1.75, ""Test_2"": 0.0, ""Test_3"": 14.75, ""Test_4"": 15.75, ""Test_5"": 15.75, ""Test_6"": 0.0, ""Test_7"": 0.0, ""Test_8"": 0.0, ""Test_9"": 0.0, ""Test_10"": 0.0, ""Test_11"": 0.0, ""sum_click"": 277.0, ""mod_AAA"": 0.0, ""mod_BBB"": 0.0, ""mod_EEE"": 0.0, ""mod_FFF"": 1.0}"
OULAD,2,aligned,1,9650,CARE,bounded+edit,CARE_bounded+edit,1,OK,48.0,13.663411617279053,1.85,3,"{""Test_1"": 1.75, ""Test_2"": 0.0, ""Test_3"": 14.75, ""Test_4"": 15.75, ""Test_5"": 15.75, ""Test_6"": 0.0, ""Test_7"": 0.0, ""Test_8"": 0.0, ""Test_9"": 0.0, ""Test_10"": 0.0, ""Test_11"": 0.0, ""sum_click"": 277.0, ""mod_AAA"": 0.0, ""mod_BBB"": 0.0, ""mod_EEE"": 0.0, ""mod_FFF"": 1.0}"
OULAD,2,aligned,1,9680,CARE,native,CARE_native,1,OK,42.356,14.798864603042603,1.8582595020690222,4,"{""Test_1"": 0.0, ""Test_2"": 0.0, ""Test_3"": 12.5, ""Test_4"": 14.356, ""Test_5"": 15.5, ""Test_6"": 0.0, ""Test_7"": 0.0, ""Test_8"": 0.0, ""Test_9"": 0.0, ""Test_10"": 0.0, ""Test_11"": 0.0, ""sum_click"": 1201.0, ""mod_AAA"": 0.0, ""mod_BBB"": 0.0, ""mod_EEE"": 0.0, ""mod_FFF"": 1.0}"
OULAD,2,aligned,1,9680,CARE,bounded,CARE_bounded,1,OK,40.441,14.798864603042603,1.7790646889638504,4,"{""Test_1"": 0.0, ""Test_2"": 0.0, ""Test_3"": 13.0, ""Test_4"": 11.691, ""Test_5"": 15.75, ""Test_6"": 0.0, ""Test_7"": 0.0, ""Test_8"": 0.0, ""Test_9"": 0.0, ""Test_10"": 0.0, ""Test_11"": 0.0, ""sum_click"": 1182.0, ""mod_AAA"": 0.0, ""mod_BBB"": 0.0, ""mod_EEE"": 0.0, ""mod_FFF"": 1.0}"
OULAD,2,aligned,1,9680,CARE,bounded+edit,CARE_bounded+edit,1,OK,40.441,14.798864603042603,1.7790646889638504,4,"{""Test_1"": 0.0, ""Test_2"": 0.0, ""Test_3"": 13.0, ""Test_4"": 11.691, ""Test_5"": 15.75, ""Test_6"": 0.0, ""Test_7"": 0.0, ""Test_8"": 0.0, ""Test_9"": 0.0, ""Test_10"": 0.0, ""Test_11"": 0.0, ""sum_click"": 1182.0, ""mod_AAA"": 0.0, ""mod_BBB"": 0.0, ""mod_EEE"": 0.0, ""mod_FFF"": 1.0}"
OULAD,2,aligned,1,9686,CARE,native,CARE_native,1,OK,42.665,13.78211760520935,1.9410939070500746,5,"{""Test_1"": 4.25, ""Test_2"": 6.415, ""Test_3"": 10.0, ""Test_4"": 10.25, ""Test_5"": 11.75, ""Test_6"": 0.0, ""Test_7"": 0.0, ""Test_8"": 0.0, ""Test_9"": 0.0, ""Test_10"": 0.0, ""Test_11"": 0.0, ""sum_click"": 1215.0, ""mod_AAA"": 0.0, ""mod_BBB"": 0.0, ""mod_EEE"": 0.0, ""mod_FFF"": 1.0}"
OULAD,2,aligned,1,9686,CARE,bounded,CARE_bounded,1,OK,47.796,13.78211760520935,2.2170803275989566,5,"{""Test_1"": 4.25, ""Test_2"": 7.5, ""Test_3"": 13.296, ""Test_4"": 11.25, ""Test_5"": 11.5, ""Test_6"": 0.0, ""Test_7"": 0.0, ""Test_8"": 0.0, ""Test_9"": 0.0, ""Test_10"": 0.0, ""Test_11"": 0.0, ""sum_click"": 1411.0, ""mod_AAA"": 0.0, ""mod_BBB"": 0.0, ""mod_EEE"": 0.0, ""mod_FFF"": 1.0}"
OULAD,2,aligned,1,9686,CARE,bounded+edit,CARE_bounded+edit,1,OK,47.796,13.78211760520935,2.2170803275989566,5,"{""Test_1"": 4.25, ""Test_2"": 7.5, ""Test_3"": 13.296, ""Test_4"": 11.25, ""Test_5"": 11.5, ""Test_6"": 0.0, ""Test_7"": 0.0, ""Test_8"": 0.0, ""Test_9"": 0.0, ""Test_10"": 0.0, ""Test_11"": 0.0, ""sum_click"": 1411.0, ""mod_AAA"": 0.0, ""mod_BBB"": 0.0, ""mod_EEE"": 0.0, ""mod_FFF"": 1.0}"
OULAD,2,aligned,1,11287,CARE,native,CARE_native,1,OK,43.391,13.532837390899658,1.6927861205709376,4,"{""Test_1"": 7.25, ""Test_2"": 5.0, ""Test_3"": 15.391, ""Test_4"": 15.75, ""Test_5"": 0.0, ""Test_6"": 0.0, ""Test_7"": 0.0, ""Test_8"": 0.0, ""Test_9"": 0.0, ""Test_10"": 0.0, ""Test_11"": 0.0, ""sum_click"": 1441.0, ""mod_AAA"": 0.0, ""mod_BBB"": 0.0, ""mod_EEE"": 0.0, ""mod_FFF"": 1.0}"
OULAD,2,aligned,1,11287,CARE,bounded,CARE_bounded,1,OK,43.17,13.532837390899658,1.5068000000000001,4,"{""Test_1"": 7.25, ""Test_2"": 1.75, ""Test_3"": 10.0, ""Test_4"": 12.33, ""Test_5"": 11.84, ""Test_6"": 0.0, ""Test_7"": 0.0, ""Test_8"": 0.0, ""Test_9"": 0.0, ""Test_10"": 0.0, ""Test_11"": 0.0, ""sum_click"": 1150.0, ""mod_AAA"": 0.0, ""mod_BBB"": 0.0, ""mod_EEE"": 0.0, ""mod_FFF"": 1.0}"
OULAD,2,aligned,1,11287,CARE,bounded+edit,CARE_bounded+edit,1,OK,43.17,13.532837390899658,1.5068000000000001,4,"{""Test_1"": 7.25, ""Test_2"": 1.75, ""Test_3"": 10.0, ""Test_4"": 12.33, ""Test_5"": 11.84, ""Test_6"": 0.0, ""Test_7"": 0.0, ""Test_8"": 0.0, ""Test_9"": 0.0, ""Test_10"": 0.0, ""Test_11"": 0.0, ""sum_click"": 1150.0, ""mod_AAA"": 0.0, ""mod_BBB"": 0.0, ""mod_EEE"": 0.0, ""mod_FFF"": 1.0}"
OULAD,2,aligned,1,11353,CARE,native,CARE_native,0,immutable_changed:Test_1,44.986000000000004,14.00339674949646,1.7706882362592289,4,"{""Test_1"": 8.163, ""Test_2"": 4.573, ""Test_3"": 16.5, ""Test_4"": 15.75, ""Test_5"": 0.0, ""Test_6"": 0.0, ""Test_7"": 0.0, ""Test_8"": 0.0, ""Test_9"": 0.0, ""Test_10"": 0.0, ""Test_11"": 0.0, ""sum_click"": 1172.0, ""mod_AAA"": 0.0, ""mod_BBB"": 0.0, ""mod_EEE"": 0.0, ""mod_FFF"": 1.0}"
OULAD,2,aligned,1,11353,CARE,bounded,CARE_bounded,1,OK,46.5,14.00339674949646,2.0503171998906207,5,"{""Test_1"": 6.0, ""Test_2"": 7.75, ""Test_3"": 10.0, ""Test_4"": 12.0, ""Test_5"": 10.75, ""Test_6"": 0.0, ""Test_7"": 0.0, ""Test_8"": 0.0, ""Test_9"": 0.0, ""Test_10"": 0.0, ""Test_11"": 0.0, ""sum_click"": 1210.0, ""mod_AAA"": 0.0, ""mod_BBB"": 0.0, ""mod_EEE"": 0.0, ""mod_FFF"": 1.0}"
OULAD,2,aligned,1,11353,CARE,bounded+edit,CARE_bounded+edit,1,OK,46.5,14.00339674949646,2.0503171998906207,5,"{""Test_1"": 6.0, ""Test_2"": 7.75, ""Test_3"": 10.0, ""Test_4"": 12.0, ""Test_5"": 10.75, ""Test_6"": 0.0, ""Test_7"": 0.0, ""Test_8"": 0.0, ""Test_9"": 0.0, ""Test_10"": 0.0, ""Test_11"": 0.0, ""sum_click"": 1210.0, ""mod_AAA"": 0.0, ""mod_BBB"": 0.0, ""mod_EEE"": 0.0, ""mod_FFF"": 1.0}"
OULAD,2,aligned,1,13575,CARE,native,CARE_native,0,below_policy_threshold,39.088,13.69344711303711,1.5735199999999998,3,"{""Test_1"": 7.0, ""Test_2"": 7.25, ""Test_3"": 10.588, ""Test_4"": 14.25, ""Test_5"": 0.0, ""Test_6"": 0.0, ""Test_7"": 0.0, ""Test_8"": 0.0, ""Test_9"": 0.0, ""Test_10"": 0.0, ""Test_11"": 0.0, ""sum_click"": 5080.0, ""mod_AAA"": 0.0, ""mod_BBB"": 0.0, ""mod_EEE"": 0.0, ""mod_FFF"": 1.0}"
OULAD,2,aligned,1,13575,CARE,bounded,CARE_bounded,1,OK,42.835,13.69344711303711,1.7634,3,"{""Test_1"": 7.0, ""Test_2"": 8.25, ""Test_3"": 14.585, ""Test_4"": 13.0, ""Test_5"": 0.0, ""Test_6"": 0.0, ""Test_7"": 0.0, ""Test_8"": 0.0, ""Test_9"": 0.0, ""Test_10"": 0.0, ""Test_11"": 0.0, ""sum_click"": 5080.0, ""mod_AAA"": 0.0, ""mod_BBB"": 0.0, ""mod_EEE"": 0.0, ""mod_FFF"": 1.0}"
OULAD,2,aligned,1,13575,CARE,bounded+edit,CARE_bounded+edit,1,OK,42.835,13.69344711303711,1.7634,3,"{""Test_1"": 7.0, ""Test_2"": 8.25, ""Test_3"": 14.585, ""Test_4"": 13.0, ""Test_5"": 0.0, ""Test_6"": 0.0, ""Test_7"": 0.0, ""Test_8"": 0.0, ""Test_9"": 0.0, ""Test_10"": 0.0, ""Test_11"": 0.0, ""sum_click"": 5080.0, ""mod_AAA"": 0.0, ""mod_BBB"": 0.0, ""mod_EEE"": 0.0, ""mod_FFF"": 1.0}"
OULAD,2,aligned,2,621,CARE,native,CARE_native,0,below_policy_threshold,26.473999999999997,13.754377126693726,1.02708148154985,2,"{""Test_1"": 5.1, ""Test_2"": 4.0, ""Test_3"": 0.0, ""Test_4"": 17.374, ""Test_5"": 0.0, ""Test_6"": 0.0, ""Test_7"": 0.0, ""Test_8"": 0.0, ""Test_9"": 0.0, ""Test_10"": 0.0, ""Test_11"": 0.0, ""sum_click"": 958.0, ""mod_AAA"": 1.0, ""mod_BBB"": 0.0, ""mod_EEE"": 0.0, ""mod_FFF"": 0.0}"
OULAD,2,aligned,2,621,CARE,bounded,CARE_bounded,0,below_policy_threshold,36.247,13.754377126693726,1.509639886105625,3,"{""Test_1"": 5.1, ""Test_2"": 4.0, ""Test_3"": 14.6, ""Test_4"": 12.547, ""Test_5"": 0.0, ""Test_6"": 0.0, ""Test_7"": 0.0, ""Test_8"": 0.0, ""Test_9"": 0.0, ""Test_10"": 0.0, ""Test_11"": 0.0, ""sum_click"": 925.0, ""mod_AAA"": 1.0, ""mod_BBB"": 0.0, ""mod_EEE"": 0.0, ""mod_FFF"": 0.0}"
OULAD,2,aligned,2,621,CARE,bounded+edit,CARE_bounded+edit,1,OK,42.913666666666664,13.754377126693726,1.7318621083278474,4,"{""Test_1"": 5.1, ""Test_2"": 4.0, ""Test_3"": 14.6, ""Test_4"": 12.547, ""Test_5"": 6.666667, ""Test_6"": 0.0, ""Test_7"": 0.0, ""Test_8"": 0.0, ""Test_9"": 0.0, ""Test_10"": 0.0, ""Test_11"": 0.0, ""sum_click"": 925.0, ""mod_AAA"": 1.0, ""mod_BBB"": 0.0, ""mod_EEE"": 0.0, ""mod_FFF"": 0.0}"
OULAD,2,aligned,2,635,CARE,native,CARE_native,0,below_policy_threshold;out_of_bounds:Test_3;immutable_changed:Test_1,34.75,13.32421350479126,17.901042437700468,3,"{""Test_1"": 4.3, ""Test_2"": 0.0, ""Test_3"": 16.8, ""Test_4"": 13.65, ""Test_5"": 0.0, ""Test_6"": 0.0, ""Test_7"": 0.0, ""Test_8"": 0.0, ""Test_9"": 0.0, ""Test_10"": 0.0, ""Test_11"": 0.0, ""sum_click"": 986.0, ""mod_AAA"": 0.0, ""mod_BBB"": 1.0, ""mod_EEE"": 0.0, ""mod_FFF"": 0.0}"
OULAD,2,aligned,2,635,CARE,bounded,CARE_bounded,0,below_policy_threshold,15.75,13.32421350479126,1.1980940044411548,2,"{""Test_1"": 0.0, ""Test_2"": 0.0, ""Test_3"": 0.0, ""Test_4"": 15.75, ""Test_5"": 0.0, ""Test_6"": 0.0, ""Test_7"": 0.0, ""Test_8"": 0.0, ""Test_9"": 0.0, ""Test_10"": 0.0, ""Test_11"": 0.0, ""sum_click"": 933.0, ""mod_AAA"": 0.0, ""mod_BBB"": 1.0, ""mod_EEE"": 0.0, ""mod_FFF"": 0.0}"
OULAD,2,aligned,2,635,CARE,bounded+edit,CARE_bounded+edit,0,below_policy_threshold,15.75,13.32421350479126,1.1980940044411548,2,"{""Test_1"": 0.0, ""Test_2"": 0.0, ""Test_3"": 0.0, ""Test_4"": 15.75, ""Test_5"": 0.0, ""Test_6"": 0.0, ""Test_7"": 0.0, ""Test_8"": 0.0, ""Test_9"": 0.0, ""Test_10"": 0.0, ""Test_11"": 0.0, ""sum_click"": 933.0, ""mod_AAA"": 0.0, ""mod_BBB"": 1.0, ""mod_EEE"": 0.0, ""mod_FFF"": 0.0}"
OULAD,2,aligned,2,1404,CARE,native,CARE_native,0,below_policy_threshold;out_of_bounds:Test_3;immutable_changed:Test_2,35.846000000000004,13.519008874893188,14.675388888888888,2,"{""Test_1"": 0.0, ""Test_2"": 6.0, ""Test_3"": 13.783, ""Test_4"": 16.063, ""Test_5"": 0.0, ""Test_6"": 0.0, ""Test_7"": 0.0, ""Test_8"": 0.0, ""Test_9"": 0.0, ""Test_10"": 0.0, ""Test_11"": 0.0, ""sum_click"": 42.0, ""mod_AAA"": 0.0, ""mod_BBB"": 1.0, ""mod_EEE"": 0.0, ""mod_FFF"": 0.0}"
OULAD,2,aligned,2,1404,CARE,bounded,CARE_bounded,0,below_policy_threshold,17.15,13.519008874893188,1.126674836601307,2,"{""Test_1"": 0.0, ""Test_2"": 0.0, ""Test_3"": 0.0, ""Test_4"": 17.15, ""Test_5"": 0.0, ""Test_6"": 0.0, ""Test_7"": 0.0, ""Test_8"": 0.0, ""Test_9"": 0.0, ""Test_10"": 0.0, ""Test_11"": 0.0, ""sum_click"": 515.0, ""mod_AAA"": 0.0, ""mod_BBB"": 1.0, ""mod_EEE"": 0.0, ""mod_FFF"": 0.0}"
OULAD,2,aligned,2,1404,CARE,bounded+edit,CARE_bounded+edit,0,below_policy_threshold,17.15,13.519008874893188,1.126674836601307,2,"{""Test_1"": 0.0, ""Test_2"": 0.0, ""Test_3"": 0.0, ""Test_4"": 17.15, ""Test_5"": 0.0, ""Test_6"": 0.0, ""Test_7"": 0.0, ""Test_8"": 0.0, ""Test_9"": 0.0, ""Test_10"": 0.0, ""Test_11"": 0.0, ""sum_click"": 515.0, ""mod_AAA"": 0.0, ""mod_BBB"": 1.0, ""mod_EEE"": 0.0, ""mod_FFF"": 0.0}"
OULAD,2,aligned,2,1408,CARE,native,CARE_native,0,below_policy_threshold;out_of_bounds:Test_3;immutable_changed:Test_2,38.498000000000005,13.658027172088623,17.735763285024156,3,"{""Test_1"": 0.0, ""Test_2"": 7.326, ""Test_3"": 16.8, ""Test_4"": 14.372, ""Test_5"": 0.0, ""Test_6"": 0.0, ""Test_7"": 0.0, ""Test_8"": 0.0, ""Test_9"": 0.0, ""Test_10"": 0.0, ""Test_11"": 0.0, ""sum_click"": 381.0, ""mod_AAA"": 0.0, ""mod_BBB"": 1.0, ""mod_EEE"": 0.0, ""mod_FFF"": 0.0}"
OULAD,2,aligned,2,1408,CARE,bounded,CARE_bounded,0,below_policy_threshold,35.762,13.658027172088623,2.6478888888888887,3,"{""Test_1"": 0.0, ""Test_2"": 0.0, ""Test_3"": 0.0, ""Test_4"": 17.262, ""Test_5"": 0.0, ""Test_6"": 17.8, ""Test_7"": 0.7, ""Test_8"": 0.0, ""Test_9"": 0.0, ""Test_10"": 0.0, ""Test_11"": 0.0, ""sum_click"": 2.0, ""mod_AAA"": 0.0, ""mod_BBB"": 1.0, ""mod_EEE"": 0.0, ""mod_FFF"": 0.0}"
OULAD,2,aligned,2,1408,CARE,bounded+edit,CARE_bounded+edit,1,OK,41.762,13.658027172088623,2.981222222222222,4,"{""Test_1"": 0.0, ""Test_2"": 0.0, ""Test_3"": 0.0, ""Test_4"": 17.262, ""Test_5"": 0.0, ""Test_6"": 17.8, ""Test_7"": 0.7, ""Test_8"": 6.0, ""Test_9"": 0.0, ""Test_10"": 0.0, ""Test_11"": 0.0, ""sum_click"": 2.0, ""mod_AAA"": 0.0, ""mod_BBB"": 1.0, ""mod_EEE"": 0.0, ""mod_FFF"": 0.0}"
OULAD,2,aligned,2,2171,CARE,native,CARE_native,0,out_of_bounds:Test_3;immutable_changed:Test_2,40.388,13.421380758285522,20.165399934544265,3,"{""Test_1"": 0.0, ""Test_2"": 6.596, ""Test_3"": 19.25, ""Test_4"": 14.542, ""Test_5"": 0.0, ""Test_6"": 0.0, ""Test_7"": 0.0, ""Test_8"": 0.0, ""Test_9"": 0.0, ""Test_10"": 0.0, ""Test_11"": 0.0, ""sum_click"": 338.0, ""mod_AAA"": 0.0, ""mod_BBB"": 1.0, ""mod_EEE"": 0.0, ""mod_FFF"": 0.0}"
OULAD,2,aligned,2,2171,CARE,bounded,CARE_bounded,0,below_policy_threshold,30.6,13.421380758285522,1.8354933726067748,4,"{""Test_1"": 0.0, ""Test_2"": 0.0, ""Test_3"": 0.0, ""Test_4"": 14.0, ""Test_5"": 0.0, ""Test_6"": 0.0, ""Test_7"": 0.0, ""Test_8"": 8.1, ""Test_9"": 0.0, ""Test_10"": 8.5, ""Test_11"": 0.0, ""sum_click"": 414.0, ""mod_AAA"": 0.0, ""mod_BBB"": 1.0, ""mod_EEE"": 0.0, ""mod_FFF"": 0.0}"
OULAD,2,aligned,2,2171,CARE,bounded+edit,CARE_bounded+edit,1,OK,40.6,13.421380758285522,2.39104892816233,5,"{""Test_1"": 0.0, ""Test_2"": 0.0, ""Test_3"": 0.0, ""Test_4"": 14.0, ""Test_5"": 0.0, ""Test_6"": 10.0, ""Test_7"": 0.0, ""Test_8"": 8.1, ""Test_9"": 0.0, ""Test_10"": 8.5, ""Test_11"": 0.0, ""sum_click"": 414.0, ""mod_AAA"": 0.0, ""mod_BBB"": 1.0, ""mod_EEE"": 0.0, ""mod_FFF"": 0.0}"
OULAD,2,aligned,2,2558,CARE,native,CARE_native,0,out_of_bounds:Test_3;immutable_changed:Test_2,40.073,13.615677833557129,11.429055555555555,2,"{""Test_1"": 2.45, ""Test_2"": 10.4, ""Test_3"": 10.5, ""Test_4"": 16.723, ""Test_5"": 0.0, ""Test_6"": 0.0, ""Test_7"": 0.0, ""Test_8"": 0.0, ""Test_9"": 0.0, ""Test_10"": 0.0, ""Test_11"": 0.0, ""sum_click"": 414.0, ""mod_AAA"": 0.0, ""mod_BBB"": 1.0, ""mod_EEE"": 0.0, ""mod_FFF"": 0.0}"
OULAD,2,aligned,2,2558,CARE,bounded,CARE_bounded,0,out_of_bounds:Test_3,41.241,13.615677833557129,16.63635879235283,3,"{""Test_1"": 2.45, ""Test_2"": 9.9, ""Test_3"": 15.75, ""Test_4"": 13.141, ""Test_5"": 0.0, ""Test_6"": 0.0, ""Test_7"": 0.0, ""Test_8"": 0.0, ""Test_9"": 0.0, ""Test_10"": 0.0, ""Test_11"": 0.0, ""sum_click"": 781.0, ""mod_AAA"": 0.0, ""mod_BBB"": 1.0, ""mod_EEE"": 0.0, ""mod_FFF"": 0.0}"
OULAD,2,aligned,2,2558,CARE,bounded+edit,CARE_bounded+edit,0,out_of_bounds:Test_3,41.241,13.615677833557129,16.63635879235283,3,"{""Test_1"": 2.45, ""Test_2"": 9.9, ""Test_3"": 15.75, ""Test_4"": 13.141, ""Test_5"": 0.0, ""Test_6"": 0.0, ""Test_7"": 0.0, ""Test_8"": 0.0, ""Test_9"": 0.0, ""Test_10"": 0.0, ""Test_11"": 0.0, ""sum_click"": 781.0, ""mod_AAA"": 0.0, ""mod_BBB"": 1.0, ""mod_EEE"": 0.0, ""mod_FFF"": 0.0}"
OULAD,2,aligned,2,3002,CARE,native,CARE_native,0,below_policy_threshold;out_of_bounds:Test_3;immutable_changed:Test_1,33.346999999999994,13.821481943130493,13.096547429398983,3,"{""Test_1"": 5.5, ""Test_2"": 0.0, ""Test_3"": 12.097, ""Test_4"": 15.75, ""Test_5"": 0.0, ""Test_6"": 0.0, ""Test_7"": 0.0, ""Test_8"": 0.0, ""Test_9"": 0.0, ""Test_10"": 0.0, ""Test_11"": 0.0, ""sum_click"": 344.0, ""mod_AAA"": 0.0, ""mod_BBB"": 1.0, ""mod_EEE"": 0.0, ""mod_FFF"": 0.0}"
OULAD,2,aligned,2,3002,CARE,bounded,CARE_bounded,0,below_policy_threshold,16.319,13.821481943130493,1.1408616541958323,2,"{""Test_1"": 0.0, ""Test_2"": 0.0, ""Test_3"": 0.0, ""Test_4"": 16.319, ""Test_5"": 0.0, ""Test_6"": 0.0, ""Test_7"": 0.0, ""Test_8"": 0.0, ""Test_9"": 0.0, ""Test_10"": 0.0, ""Test_11"": 0.0, ""sum_click"": 647.0, ""mod_AAA"": 0.0, ""mod_BBB"": 1.0, ""mod_EEE"": 0.0, ""mod_FFF"": 0.0}"
OULAD,2,aligned,2,3002,CARE,bounded+edit,CARE_bounded+edit,0,below_policy_threshold,16.319,13.821481943130493,1.1408616541958323,2,"{""Test_1"": 0.0, ""Test_2"": 0.0, ""Test_3"": 0.0, ""Test_4"": 16.319, ""Test_5"": 0.0, ""Test_6"": 0.0, ""Test_7"": 0.0, ""Test_8"": 0.0, ""Test_9"": 0.0, ""Test_10"": 0.0, ""Test_11"": 0.0, ""sum_click"": 647.0, ""mod_AAA"": 0.0, ""mod_BBB"": 1.0, ""mod_EEE"": 0.0, ""mod_FFF"": 0.0}"
OULAD,2,aligned,2,3096,CARE,native,CARE_native,0,below_policy_threshold;out_of_bounds:Test_3,39.865,13.169225931167603,14.64,2,"{""Test_1"": 2.25, ""Test_2"": 8.1, ""Test_3"": 13.765, ""Test_4"": 15.75, ""Test_5"": 0.0, ""Test_6"": 0.0, ""Test_7"": 0.0, ""Test_8"": 0.0, ""Test_9"": 0.0, ""Test_10"": 0.0, ""Test_11"": 0.0, ""sum_click"": 347.0, ""mod_AAA"": 0.0, ""mod_BBB"": 1.0, ""mod_EEE"": 0.0, ""mod_FFF"": 0.0}"
OULAD,2,aligned,2,3096,CARE,bounded,CARE_bounded,1,OK,42.626999999999995,13.169225931167603,1.7931666666666666,2,"{""Test_1"": 2.25, ""Test_2"": 8.1, ""Test_3"": 0.0, ""Test_4"": 14.877, ""Test_5"": 0.0, ""Test_6"": 17.4, ""Test_7"": 0.0, ""Test_8"": 0.0, ""Test_9"": 0.0, ""Test_10"": 0.0, ""Test_11"": 0.0, ""sum_click"": 347.0, ""mod_AAA"": 0.0, ""mod_BBB"": 1.0, ""mod_EEE"": 0.0, ""mod_FFF"": 0.0}"
OULAD,2,aligned,2,3096,CARE,bounded+edit,CARE_bounded+edit,1,OK,42.626999999999995,13.169225931167603,1.7931666666666666,2,"{""Test_1"": 2.25, ""Test_2"": 8.1, ""Test_3"": 0.0, ""Test_4"": 14.877, ""Test_5"": 0.0, ""Test_6"": 17.4, ""Test_7"": 0.0, ""Test_8"": 0.0, ""Test_9"": 0.0, ""Test_10"": 0.0, ""Test_11"": 0.0, ""sum_click"": 347.0, ""mod_AAA"": 0.0, ""mod_BBB"": 1.0, ""mod_EEE"": 0.0, ""mod_FFF"": 0.0}"
OULAD,2,aligned,2,3259,CARE,native,CARE_native,0,below_policy_threshold;out_of_bounds:Test_3;immutable_changed:Test_1,35.25,13.142169713973999,16.857249175315793,3,"{""Test_1"": 5.5, ""Test_2"": 0.0, ""Test_3"": 15.75, ""Test_4"": 14.0, ""Test_5"": 0.0, ""Test_6"": 0.0, ""Test_7"": 0.0, ""Test_8"": 0.0, ""Test_9"": 0.0, ""Test_10"": 0.0, ""Test_11"": 0.0, ""sum_click"": 910.0, ""mod_AAA"": 0.0, ""mod_BBB"": 1.0, ""mod_EEE"": 0.0, ""mod_FFF"": 0.0}"
OULAD,2,aligned,2,3259,CARE,bounded,CARE_bounded,0,below_policy_threshold,25.849999999999998,13.142169713973999,1.6482762088663607,3,"{""Test_1"": 0.0, ""Test_2"": 0.0, ""Test_3"": 0.0, ""Test_4"": 15.75, ""Test_5"": 0.0, ""Test_6"": 0.0, ""Test_7"": 0.0, ""Test_8"": 10.1, ""Test_9"": 0.0, ""Test_10"": 0.0, ""Test_11"": 0.0, ""sum_click"": 586.0, ""mod_AAA"": 0.0, ""mod_BBB"": 1.0, ""mod_EEE"": 0.0, ""mod_FFF"": 0.0}"
OULAD,2,aligned,2,3259,CARE,bounded+edit,CARE_bounded+edit,1,OK,41.849999999999994,13.142169713973999,2.5371650977552496,4,"{""Test_1"": 0.0, ""Test_2"": 0.0, ""Test_3"": 0.0, ""Test_4"": 15.75, ""Test_5"": 0.0, ""Test_6"": 16.0, ""Test_7"": 0.0, ""Test_8"": 10.1, ""Test_9"": 0.0, ""Test_10"": 0.0, ""Test_11"": 0.0, ""sum_click"": 586.0, ""mod_AAA"": 0.0, ""mod_BBB"": 1.0, ""mod_EEE"": 0.0, ""mod_FFF"": 0.0}"
OULAD,2,aligned,2,3469,CARE,native,CARE_native,0,below_policy_threshold;out_of_bounds:Test_3,30.908,13.25654411315918,13.50801810282404,3,"{""Test_1"": 3.0, ""Test_2"": 0.0, ""Test_3"": 12.158, ""Test_4"": 15.75, ""Test_5"": 0.0, ""Test_6"": 0.0, ""Test_7"": 0.0, ""Test_8"": 0.0, ""Test_9"": 0.0, ""Test_10"": 0.0, ""Test_11"": 0.0, ""sum_click"": 1312.0, ""mod_AAA"": 0.0, ""mod_BBB"": 1.0, ""mod_EEE"": 0.0, ""mod_FFF"": 0.0}"
OULAD,2,aligned,2,3469,CARE,bounded,CARE_bounded,0,below_policy_threshold,31.05,13.25654411315918,2.028230348378792,5,"{""Test_1"": 3.0, ""Test_2"": 0.0, ""Test_3"": 0.0, ""Test_4"": 11.55, ""Test_5"": 0.0, ""Test_6"": 0.0, ""Test_7"": 0.0, ""Test_8"": 4.1, ""Test_9"": 0.0, ""Test_10"": 12.3, ""Test_11"": 0.1, ""sum_click"": 1037.0, ""mod_AAA"": 0.0, ""mod_BBB"": 1.0, ""mod_EEE"": 0.0, ""mod_FFF"": 0.0}"
OULAD,2,aligned,2,3469,CARE,bounded+edit,CARE_bounded+edit,1,OK,41.050000000000004,13.25654411315918,2.583785903934347,6,"{""Test_1"": 3.0, ""Test_2"": 0.0, ""Test_3"": 0.0, ""Test_4"": 11.55, ""Test_5"": 0.0, ""Test_6"": 10.0, ""Test_7"": 0.0, ""Test_8"": 4.1, ""Test_9"": 0.0, ""Test_10"": 12.3, ""Test_11"": 0.1, ""sum_click"": 1037.0, ""mod_AAA"": 0.0, ""mod_BBB"": 1.0, ""mod_EEE"": 0.0, ""mod_FFF"": 0.0}"
OULAD,2,aligned,2,3598,CARE,native,CARE_native,0,below_policy_threshold;out_of_bounds:Test_3;immutable_changed:Test_1;immutable_changed:Test_2,38.684,13.471799850463867,14.3971916971917,3,"{""Test_1"": 4.484, ""Test_2"": 6.9, ""Test_3"": 13.3, ""Test_4"": 14.0, ""Test_5"": 0.0, ""Test_6"": 0.0, ""Test_7"": 0.0, ""Test_8"": 0.0, ""Test_9"": 0.0, ""Test_10"": 0.0, ""Test_11"": 0.0, ""sum_click"": 904.0, ""mod_AAA"": 0.0, ""mod_BBB"": 1.0, ""mod_EEE"": 0.0, ""mod_FFF"": 0.0}"
OULAD,2,aligned,2,3598,CARE,bounded,CARE_bounded,1,OK,46.8,13.471799850463867,3.8527472527472524,8,"{""Test_1"": 3.6, ""Test_2"": 0.0, ""Test_3"": 0.0, ""Test_4"": 16.8, ""Test_5"": 0.0, ""Test_6"": 9.7, ""Test_7"": 0.4, ""Test_8"": 8.3, ""Test_9"": 0.4, ""Test_10"": 7.2, ""Test_11"": 0.4, ""sum_click"": 904.0, ""mod_AAA"": 0.0, ""mod_BBB"": 1.0, ""mod_EEE"": 0.0, ""mod_FFF"": 0.0}"
OULAD,2,aligned,2,3598,CARE,bounded+edit,CARE_bounded+edit,1,OK,46.8,13.471799850463867,3.8527472527472524,8,"{""Test_1"": 3.6, ""Test_2"": 0.0, ""Test_3"": 0.0, ""Test_4"": 16.8, ""Test_5"": 0.0, ""Test_6"": 9.7, ""Test_7"": 0.4, ""Test_8"": 8.3, ""Test_9"": 0.4, ""Test_10"": 7.2, ""Test_11"": 0.4, ""sum_click"": 904.0, ""mod_AAA"": 0.0, ""mod_BBB"": 1.0, ""mod_EEE"": 0.0, ""mod_FFF"": 0.0}"
OULAD,2,aligned,2,4182,CARE,native,CARE_native,0,below_policy_threshold;out_of_bounds:Test_4;immutable_changed:Test_1;immutable_changed:Test_2,37.144,13.591193675994873,1.3222222222222222,1,"{""Test_1"": 4.506, ""Test_2"": 8.838, ""Test_3"": 0.0, ""Test_4"": 23.8, ""Test_5"": 0.0, ""Test_6"": 0.0, ""Test_7"": 0.0, ""Test_8"": 0.0, ""Test_9"": 0.0, ""Test_10"": 0.0, ""Test_11"": 0.0, ""sum_click"": 1437.0, ""mod_AAA"": 0.0, ""mod_BBB"": 1.0, ""mod_EEE"": 0.0, ""mod_FFF"": 0.0}"
OULAD,2,aligned,2,4182,CARE,bounded,CARE_bounded,1,OK,42.123999999999995,13.591193675994873,1.893,3,"{""Test_1"": 4.15, ""Test_2"": 9.0, ""Test_3"": 0.0, ""Test_4"": 17.374, ""Test_5"": 0.0, ""Test_6"": 0.0, ""Test_7"": 0.0, ""Test_8"": 0.0, ""Test_9"": 0.0, ""Test_10"": 11.3, ""Test_11"": 0.3, ""sum_click"": 1437.0, ""mod_AAA"": 0.0, ""mod_BBB"": 1.0, ""mod_EEE"": 0.0, ""mod_FFF"": 0.0}"
OULAD,2,aligned,2,4182,CARE,bounded+edit,CARE_bounded+edit,1,OK,42.123999999999995,13.591193675994873,1.893,3,"{""Test_1"": 4.15, ""Test_2"": 9.0, ""Test_3"": 0.0, ""Test_4"": 17.374, ""Test_5"": 0.0, ""Test_6"": 0.0, ""Test_7"": 0.0, ""Test_8"": 0.0, ""Test_9"": 0.0, ""Test_10"": 11.3, ""Test_11"": 0.3, ""sum_click"": 1437.0, ""mod_AAA"": 0.0, ""mod_BBB"": 1.0, ""mod_EEE"": 0.0, ""mod_FFF"": 0.0}"
OULAD,2,aligned,2,4419,CARE,native,CARE_native,0,below_policy_threshold;immutable_changed:Test_1,30.5,13.565051078796387,1.1767282880801078,2,"{""Test_1"": 5.8, ""Test_2"": 7.2, ""Test_3"": 0.0, ""Test_4"": 17.5, ""Test_5"": 0.0, ""Test_6"": 0.0, ""Test_7"": 0.0, ""Test_8"": 0.0, ""Test_9"": 0.0, ""Test_10"": 0.0, ""Test_11"": 0.0, ""sum_click"": 926.0, ""mod_AAA"": 0.0, ""mod_BBB"": 1.0, ""mod_EEE"": 0.0, ""mod_FFF"": 0.0}"
OULAD,2,aligned,2,4419,CARE,bounded,CARE_bounded,0,below_policy_threshold,26.497,13.565051078796387,1.905388888888889,2,"{""Test_1"": 2.0, ""Test_2"": 7.2, ""Test_3"": 0.0, ""Test_4"": 16.297, ""Test_5"": 0.0, ""Test_6"": 0.0, ""Test_7"": 0.0, ""Test_8"": 0.0, ""Test_9"": 0.0, ""Test_10"": 0.0, ""Test_11"": 1.0, ""sum_click"": 454.0, ""mod_AAA"": 0.0, ""mod_BBB"": 1.0, ""mod_EEE"": 0.0, ""mod_FFF"": 0.0}"
OULAD,2,aligned,2,4419,CARE,bounded+edit,CARE_bounded+edit,1,OK,40.497,13.565051078796387,2.6831666666666667,3,"{""Test_1"": 2.0, ""Test_2"": 7.2, ""Test_3"": 0.0, ""Test_4"": 16.297, ""Test_5"": 0.0, ""Test_6"": 14.0, ""Test_7"": 0.0, ""Test_8"": 0.0, ""Test_9"": 0.0, ""Test_10"": 0.0, ""Test_11"": 1.0, ""sum_click"": 454.0, ""mod_AAA"": 0.0, ""mod_BBB"": 1.0, ""mod_EEE"": 0.0, ""mod_FFF"": 0.0}"
OULAD,2,aligned,2,4557,CARE,native,CARE_native,0,below_policy_threshold;out_of_bounds:Test_3,28.669,13.89038634300232,9.321798982188295,3,"{""Test_1"": 4.0, ""Test_2"": 0.0, ""Test_3"": 7.869, ""Test_4"": 16.8, ""Test_5"": 0.0, ""Test_6"": 0.0, ""Test_7"": 0.0, ""Test_8"": 0.0, ""Test_9"": 0.0, ""Test_10"": 0.0, ""Test_11"": 0.0, ""sum_click"": 1503.0, ""mod_AAA"": 0.0, ""mod_BBB"": 1.0, ""mod_EEE"": 0.0, ""mod_FFF"": 0.0}"
OULAD,2,aligned,2,4557,CARE,bounded,CARE_bounded,0,below_policy_threshold,24.371,13.89038634300232,2.481178117048346,5,"{""Test_1"": 4.0, ""Test_2"": 0.0, ""Test_3"": 0.271, ""Test_4"": 17.5, ""Test_5"": 0.0, ""Test_6"": 0.0, ""Test_7"": 0.0, ""Test_8"": 0.0, ""Test_9"": 0.0, ""Test_10"": 1.7, ""Test_11"": 0.9, ""sum_click"": 780.0, ""mod_AAA"": 0.0, ""mod_BBB"": 1.0, ""mod_EEE"": 0.0, ""mod_FFF"": 0.0}"
OULAD,2,aligned,2,4557,CARE,bounded+edit,CARE_bounded+edit,1,OK,40.371,13.89038634300232,3.370067005937235,6,"{""Test_1"": 4.0, ""Test_2"": 0.0, ""Test_3"": 0.271, ""Test_4"": 17.5, ""Test_5"": 0.0, ""Test_6"": 16.0, ""Test_7"": 0.0, ""Test_8"": 0.0, ""Test_9"": 0.0, ""Test_10"": 1.7, ""Test_11"": 0.9, ""sum_click"": 780.0, ""mod_AAA"": 0.0, ""mod_BBB"": 1.0, ""mod_EEE"": 0.0, ""mod_FFF"": 0.0}"
OULAD,2,aligned,2,4683,CARE,native,CARE_native,0,below_policy_threshold;immutable_changed:Test_2;immutable_changed:Test_5,33.181000000000004,13.195211410522461,1.0315181996086107,3,"{""Test_1"": 4.3, ""Test_2"": 0.048, ""Test_3"": 14.223, ""Test_4"": 12.25, ""Test_5"": 2.36, ""Test_6"": 0.0, ""Test_7"": 0.0, ""Test_8"": 0.0, ""Test_9"": 0.0, ""Test_10"": 0.0, ""Test_11"": 0.0, ""sum_click"": 910.0, ""mod_AAA"": 0.0, ""mod_BBB"": 1.0, ""mod_EEE"": 0.0, ""mod_FFF"": 0.0}"
OULAD,2,aligned,2,4683,CARE,bounded,CARE_bounded,0,below_policy_threshold,35.519999999999996,13.195211410522461,0.892,2,"{""Test_1"": 4.3, ""Test_2"": 0.0, ""Test_3"": 14.073, ""Test_4"": 17.147, ""Test_5"": 0.0, ""Test_6"": 0.0, ""Test_7"": 0.0, ""Test_8"": 0.0, ""Test_9"": 0.0, ""Test_10"": 0.0, ""Test_11"": 0.0, ""sum_click"": 207.0, ""mod_AAA"": 0.0, ""mod_BBB"": 1.0, ""mod_EEE"": 0.0, ""mod_FFF"": 0.0}"
OULAD,2,aligned,2,4683,CARE,bounded+edit,CARE_bounded+edit,0,below_policy_threshold,35.519999999999996,13.195211410522461,0.892,2,"{""Test_1"": 4.3, ""Test_2"": 0.0, ""Test_3"": 14.073, ""Test_4"": 17.147, ""Test_5"": 0.0, ""Test_6"": 0.0, ""Test_7"": 0.0, ""Test_8"": 0.0, ""Test_9"": 0.0, ""Test_10"": 0.0, ""Test_11"": 0.0, ""sum_click"": 207.0, ""mod_AAA"": 0.0, ""mod_BBB"": 1.0, ""mod_EEE"": 0.0, ""mod_FFF"": 0.0}"
OULAD,2,aligned,2,4722,CARE,native,CARE_native,0,below_policy_threshold;immutable_changed:Test_2,37.242000000000004,13.232915163040161,1.125445370849281,3,"{""Test_1"": 0.0, ""Test_2"": 8.8, ""Test_3"": 13.3, ""Test_4"": 15.142, ""Test_5"": 0.0, ""Test_6"": 0.0, ""Test_7"": 0.0, ""Test_8"": 0.0, ""Test_9"": 0.0, ""Test_10"": 0.0, ""Test_11"": 0.0, ""sum_click"": 864.0, ""mod_AAA"": 0.0, ""mod_BBB"": 1.0, ""mod_EEE"": 0.0, ""mod_FFF"": 0.0}"
OULAD,2,aligned,2,4722,CARE,bounded,CARE_bounded,0,below_policy_threshold,16.614,13.232915163040161,0.8255184441915797,2,"{""Test_1"": 0.0, ""Test_2"": 0.0, ""Test_3"": 0.0, ""Test_4"": 16.614, ""Test_5"": 0.0, ""Test_6"": 0.0, ""Test_7"": 0.0, ""Test_8"": 0.0, ""Test_9"": 0.0, ""Test_10"": 0.0, ""Test_11"": 0.0, ""sum_click"": 969.0, ""mod_AAA"": 0.0, ""mod_BBB"": 1.0, ""mod_EEE"": 0.0, ""mod_FFF"": 0.0}"
OULAD,2,aligned,2,4722,CARE,bounded+edit,CARE_bounded+edit,1,OK,43.83622222222222,13.232915163040161,1.6032962219693574,3,"{""Test_1"": 0.0, ""Test_2"": 0.0, ""Test_3"": 27.222222, ""Test_4"": 16.614, ""Test_5"": 0.0, ""Test_6"": 0.0, ""Test_7"": 0.0, ""Test_8"": 0.0, ""Test_9"": 0.0, ""Test_10"": 0.0, ""Test_11"": 0.0, ""sum_click"": 969.0, ""mod_AAA"": 0.0, ""mod_BBB"": 1.0, ""mod_EEE"": 0.0, ""mod_FFF"": 0.0}"
OULAD,2,aligned,2,6536,CARE,native,CARE_native,0,immutable_changed:Test_1,43.638000000000005,14.365330696105957,1.09,2,"{""Test_1"": 13.118, ""Test_2"": 0.0, ""Test_3"": 17.92, ""Test_4"": 12.6, ""Test_5"": 0.0, ""Test_6"": 0.0, ""Test_7"": 0.0, ""Test_8"": 0.0, ""Test_9"": 0.0, ""Test_10"": 0.0, ""Test_11"": 0.0, ""sum_click"": 368.0, ""mod_AAA"": 0.0, ""mod_BBB"": 0.0, ""mod_EEE"": 1.0, ""mod_FFF"": 0.0}"
OULAD,2,aligned,2,6536,CARE,bounded,CARE_bounded,0,below_policy_threshold,28.72,14.365330696105957,0.9145489150169666,2,"{""Test_1"": 8.0, ""Test_2"": 0.0, ""Test_3"": 20.72, ""Test_4"": 0.0, ""Test_5"": 0.0, ""Test_6"": 0.0, ""Test_7"": 0.0, ""Test_8"": 0.0, ""Test_9"": 0.0, ""Test_10"": 0.0, ""Test_11"": 0.0, ""sum_click"": 1065.0, ""mod_AAA"": 0.0, ""mod_BBB"": 0.0, ""mod_EEE"": 1.0, ""mod_FFF"": 0.0}"
OULAD,2,aligned,2,6536,CARE,bounded+edit,CARE_bounded+edit,1,OK,41.16444444444444,14.365330696105957,1.358993359461411,3,"{""Test_1"": 8.0, ""Test_2"": 0.0, ""Test_3"": 20.72, ""Test_4"": 12.444444, ""Test_5"": 0.0, ""Test_6"": 0.0, ""Test_7"": 0.0, ""Test_8"": 0.0, ""Test_9"": 0.0, ""Test_10"": 0.0, ""Test_11"": 0.0, ""sum_click"": 1065.0, ""mod_AAA"": 0.0, ""mod_BBB"": 0.0, ""mod_EEE"": 1.0, ""mod_FFF"": 0.0}"
OULAD,2,aligned,2,6784,CARE,native,CARE_native,0,below_policy_threshold;immutable_changed:Test_1,38.91,14.165032625198364,1.2812888865032837,3,"{""Test_1"": 9.6, ""Test_2"": 0.0, ""Test_3"": 16.52, ""Test_4"": 12.79, ""Test_5"": 0.0, ""Test_6"": 0.0, ""Test_7"": 0.0, ""Test_8"": 0.0, ""Test_9"": 0.0, ""Test_10"": 0.0, ""Test_11"": 0.0, ""sum_click"": 1025.0, ""mod_AAA"": 0.0, ""mod_BBB"": 0.0, ""mod_EEE"": 1.0, ""mod_FFF"": 0.0}"
OULAD,2,aligned,2,6784,CARE,bounded,CARE_bounded,0,below_policy_threshold,16.52,14.165032625198364,0.7832012436469603,2,"{""Test_1"": 0.0, ""Test_2"": 0.0, ""Test_3"": 0.0, ""Test_4"": 16.52, ""Test_5"": 0.0, ""Test_6"": 0.0, ""Test_7"": 0.0, ""Test_8"": 0.0, ""Test_9"": 0.0, ""Test_10"": 0.0, ""Test_11"": 0.0, ""sum_click"": 845.0, ""mod_AAA"": 0.0, ""mod_BBB"": 0.0, ""mod_EEE"": 1.0, ""mod_FFF"": 0.0}"
OULAD,2,aligned,2,6784,CARE,bounded+edit,CARE_bounded+edit,1,OK,41.40888888888889,14.165032625198364,1.6720901325358493,3,"{""Test_1"": 0.0, ""Test_2"": 0.0, ""Test_3"": 24.888889, ""Test_4"": 16.52, ""Test_5"": 0.0, ""Test_6"": 0.0, ""Test_7"": 0.0, ""Test_8"": 0.0, ""Test_9"": 0.0, ""Test_10"": 0.0, ""Test_11"": 0.0, ""sum_click"": 845.0, ""mod_AAA"": 0.0, ""mod_BBB"": 0.0, ""mod_EEE"": 1.0, ""mod_FFF"": 0.0}"
OULAD,2,aligned,2,7579,CARE,native,CARE_native,0,immutable_changed:Test_1;immutable_changed:Test_2,49.938,14.381377458572388,0.5823571428571428,2,"{""Test_1"": 11.792, ""Test_2"": 21.84, ""Test_3"": 0.066, ""Test_4"": 16.24, ""Test_5"": 0.0, ""Test_6"": 0.0, ""Test_7"": 0.0, ""Test_8"": 0.0, ""Test_9"": 0.0, ""Test_10"": 0.0, ""Test_11"": 0.0, ""sum_click"": 1739.0, ""mod_AAA"": 0.0, ""mod_BBB"": 0.0, ""mod_EEE"": 1.0, ""mod_FFF"": 0.0}"
OULAD,2,aligned,2,7579,CARE,bounded,CARE_bounded,0,below_policy_threshold,39.64,14.381377458572388,0.7699999999999999,1,"{""Test_1"": 6.88, ""Test_2"": 11.2, ""Test_3"": 21.56, ""Test_4"": 0.0, ""Test_5"": 0.0, ""Test_6"": 0.0, ""Test_7"": 0.0, ""Test_8"": 0.0, ""Test_9"": 0.0, ""Test_10"": 0.0, ""Test_11"": 0.0, ""sum_click"": 1739.0, ""mod_AAA"": 0.0, ""mod_BBB"": 0.0, ""mod_EEE"": 1.0, ""mod_FFF"": 0.0}"
OULAD,2,aligned,2,7579,CARE,bounded+edit,CARE_bounded+edit,1,OK,42.751111111111115,14.381377458572388,0.8811111111111111,2,"{""Test_1"": 6.88, ""Test_2"": 11.2, ""Test_3"": 21.56, ""Test_4"": 3.111111, ""Test_5"": 0.0, ""Test_6"": 0.0, ""Test_7"": 0.0, ""Test_8"": 0.0, ""Test_9"": 0.0, ""Test_10"": 0.0, ""Test_11"": 0.0, ""sum_click"": 1739.0, ""mod_AAA"": 0.0, ""mod_BBB"": 0.0, ""mod_EEE"": 1.0, ""mod_FFF"": 0.0}"
OULAD,2,aligned,2,8286,CARE,native,CARE_native,0,below_policy_threshold;immutable_changed:Test_1,35.992000000000004,13.628010272979736,0.948026507591372,3,"{""Test_1"": 14.56, ""Test_2"": 0.0, ""Test_3"": 12.88, ""Test_4"": 8.552, ""Test_5"": 0.0, ""Test_6"": 0.0, ""Test_7"": 0.0, ""Test_8"": 0.0, ""Test_9"": 0.0, ""Test_10"": 0.0, ""Test_11"": 0.0, ""sum_click"": 959.0, ""mod_AAA"": 0.0, ""mod_BBB"": 0.0, ""mod_EEE"": 1.0, ""mod_FFF"": 0.0}"
OULAD,2,aligned,2,8286,CARE,bounded,CARE_bounded,0,below_policy_threshold,19.880000000000003,13.628010272979736,0.8923576757204812,2,"{""Test_1"": 0.0, ""Test_2"": 0.0, ""Test_3"": 19.88, ""Test_4"": 0.0, ""Test_5"": 0.0, ""Test_6"": 0.0, ""Test_7"": 0.0, ""Test_8"": 0.0, ""Test_9"": 0.0, ""Test_10"": 0.0, ""Test_11"": 0.0, ""sum_click"": 958.0, ""mod_AAA"": 0.0, ""mod_BBB"": 0.0, ""mod_EEE"": 1.0, ""mod_FFF"": 0.0}"
OULAD,2,aligned,2,8286,CARE,bounded+edit,CARE_bounded+edit,1,OK,41.65777777777778,13.628010272979736,1.6701354534982589,3,"{""Test_1"": 0.0, ""Test_2"": 0.0, ""Test_3"": 19.88, ""Test_4"": 21.777778, ""Test_5"": 0.0, ""Test_6"": 0.0, ""Test_7"": 0.0, ""Test_8"": 0.0, ""Test_9"": 0.0, ""Test_10"": 0.0, ""Test_11"": 0.0, ""sum_click"": 958.0, ""mod_AAA"": 0.0, ""mod_BBB"": 0.0, ""mod_EEE"": 1.0, ""mod_FFF"": 0.0}"
OULAD,2,aligned,2,8373,CARE,native,CARE_native,1,OK,45.25,13.814165115356445,1.1800000000000002,2,"{""Test_1"": 9.0, ""Test_2"": 6.75, ""Test_3"": 14.0, ""Test_4"": 15.5, ""Test_5"": 0.0, ""Test_6"": 0.0, ""Test_7"": 0.0, ""Test_8"": 0.0, ""Test_9"": 0.0, ""Test_10"": 0.0, ""Test_11"": 0.0, ""sum_click"": 1538.0, ""mod_AAA"": 0.0, ""mod_BBB"": 0.0, ""mod_EEE"": 0.0, ""mod_FFF"": 1.0}"
OULAD,2,aligned,2,8373,CARE,bounded,CARE_bounded,1,OK,43.528999999999996,13.814165115356445,1.11116,2,"{""Test_1"": 9.0, ""Test_2"": 6.75, ""Test_3"": 12.029, ""Test_4"": 15.75, ""Test_5"": 0.0, ""Test_6"": 0.0, ""Test_7"": 0.0, ""Test_8"": 0.0, ""Test_9"": 0.0, ""Test_10"": 0.0, ""Test_11"": 0.0, ""sum_click"": 1538.0, ""mod_AAA"": 0.0, ""mod_BBB"": 0.0, ""mod_EEE"": 0.0, ""mod_FFF"": 1.0}"
OULAD,2,aligned,2,8373,CARE,bounded+edit,CARE_bounded+edit,1,OK,43.528999999999996,13.814165115356445,1.11116,2,"{""Test_1"": 9.0, ""Test_2"": 6.75, ""Test_3"": 12.029, ""Test_4"": 15.75, ""Test_5"": 0.0, ""Test_6"": 0.0, ""Test_7"": 0.0, ""Test_8"": 0.0, ""Test_9"": 0.0, ""Test_10"": 0.0, ""Test_11"": 0.0, ""sum_click"": 1538.0, ""mod_AAA"": 0.0, ""mod_BBB"": 0.0, ""mod_EEE"": 0.0, ""mod_FFF"": 1.0}"
OULAD,2,aligned,2,8413,CARE,native,CARE_native,0,immutable_changed:Test_2,40.843999999999994,14.15122365951538,1.2334399999999999,3,"{""Test_1"": 9.5, ""Test_2"": 0.508, ""Test_3"": 14.75, ""Test_4"": 13.676, ""Test_5"": 2.41, ""Test_6"": 0.0, ""Test_7"": 0.0, ""Test_8"": 0.0, ""Test_9"": 0.0, ""Test_10"": 0.0, ""Test_11"": 0.0, ""sum_click"": 2675.0, ""mod_AAA"": 0.0, ""mod_BBB"": 0.0, ""mod_EEE"": 0.0, ""mod_FFF"": 1.0}"
OULAD,2,aligned,2,8413,CARE,bounded,CARE_bounded,0,below_policy_threshold,38.75,14.15122365951538,1.17,2,"{""Test_1"": 9.5, ""Test_2"": 0.0, ""Test_3"": 12.75, ""Test_4"": 16.5, ""Test_5"": 0.0, ""Test_6"": 0.0, ""Test_7"": 0.0, ""Test_8"": 0.0, ""Test_9"": 0.0, ""Test_10"": 0.0, ""Test_11"": 0.0, ""sum_click"": 2675.0, ""mod_AAA"": 0.0, ""mod_BBB"": 0.0, ""mod_EEE"": 0.0, ""mod_FFF"": 1.0}"
OULAD,2,aligned,2,8413,CARE,bounded+edit,CARE_bounded+edit,1,OK,41.52777777777778,14.15122365951538,1.281111111111111,3,"{""Test_1"": 9.5, ""Test_2"": 0.0, ""Test_3"": 12.75, ""Test_4"": 16.5, ""Test_5"": 2.777778, ""Test_6"": 0.0, ""Test_7"": 0.0, ""Test_8"": 0.0, ""Test_9"": 0.0, ""Test_10"": 0.0, ""Test_11"": 0.0, ""sum_click"": 2675.0, ""mod_AAA"": 0.0, ""mod_BBB"": 0.0, ""mod_EEE"": 0.0, ""mod_FFF"": 1.0}"
OULAD,2,aligned,2,8887,CARE,native,CARE_native,1,OK,40.75,13.208798885345459,1.13,2,"{""Test_1"": 8.0, ""Test_2"": 4.5, ""Test_3"": 12.5, ""Test_4"": 15.75, ""Test_5"": 0.0, ""Test_6"": 0.0, ""Test_7"": 0.0, ""Test_8"": 0.0, ""Test_9"": 0.0, ""Test_10"": 0.0, ""Test_11"": 0.0, ""sum_click"": 1794.0, ""mod_AAA"": 0.0, ""mod_BBB"": 0.0, ""mod_EEE"": 0.0, ""mod_FFF"": 1.0}"
OULAD,2,aligned,2,8887,CARE,bounded,CARE_bounded,1,OK,42.0,13.208798885345459,1.1800000000000002,2,"{""Test_1"": 8.0, ""Test_2"": 4.5, ""Test_3"": 13.25, ""Test_4"": 16.25, ""Test_5"": 0.0, ""Test_6"": 0.0, ""Test_7"": 0.0, ""Test_8"": 0.0, ""Test_9"": 0.0, ""Test_10"": 0.0, ""Test_11"": 0.0, ""sum_click"": 1794.0, ""mod_AAA"": 0.0, ""mod_BBB"": 0.0, ""mod_EEE"": 0.0, ""mod_FFF"": 1.0}"
OULAD,2,aligned,2,8887,CARE,bounded+edit,CARE_bounded+edit,1,OK,42.0,13.208798885345459,1.1800000000000002,2,"{""Test_1"": 8.0, ""Test_2"": 4.5, ""Test_3"": 13.25, ""Test_4"": 16.25, ""Test_5"": 0.0, ""Test_6"": 0.0, ""Test_7"": 0.0, ""Test_8"": 0.0, ""Test_9"": 0.0, ""Test_10"": 0.0, ""Test_11"": 0.0, ""sum_click"": 1794.0, ""mod_AAA"": 0.0, ""mod_BBB"": 0.0, ""mod_EEE"": 0.0, ""mod_FFF"": 1.0}"
OULAD,2,aligned,2,9611,CARE,native,CARE_native,1,OK,40.443,13.811319589614868,1.2744776351721336,3,"{""Test_1"": 7.25, ""Test_2"": 4.25, ""Test_3"": 12.5, ""Test_4"": 16.443, ""Test_5"": 0.0, ""Test_6"": 0.0, ""Test_7"": 0.0, ""Test_8"": 0.0, ""Test_9"": 0.0, ""Test_10"": 0.0, ""Test_11"": 0.0, ""sum_click"": 2322.0, ""mod_AAA"": 0.0, ""mod_BBB"": 0.0, ""mod_EEE"": 0.0, ""mod_FFF"": 1.0}"
OULAD,2,aligned,2,9611,CARE,bounded,CARE_bounded,1,OK,42.75,13.811319589614868,1.419572359705368,3,"{""Test_1"": 7.25, ""Test_2"": 4.25, ""Test_3"": 15.25, ""Test_4"": 16.0, ""Test_5"": 0.0, ""Test_6"": 0.0, ""Test_7"": 0.0, ""Test_8"": 0.0, ""Test_9"": 0.0, ""Test_10"": 0.0, ""Test_11"": 0.0, ""sum_click"": 2621.0, ""mod_AAA"": 0.0, ""mod_BBB"": 0.0, ""mod_EEE"": 0.0, ""mod_FFF"": 1.0}"
OULAD,2,aligned,2,9611,CARE,bounded+edit,CARE_bounded+edit,1,OK,42.75,13.811319589614868,1.419572359705368,3,"{""Test_1"": 7.25, ""Test_2"": 4.25, ""Test_3"": 15.25, ""Test_4"": 16.0, ""Test_5"": 0.0, ""Test_6"": 0.0, ""Test_7"": 0.0, ""Test_8"": 0.0, ""Test_9"": 0.0, ""Test_10"": 0.0, ""Test_11"": 0.0, ""sum_click"": 2621.0, ""mod_AAA"": 0.0, ""mod_BBB"": 0.0, ""mod_EEE"": 0.0, ""mod_FFF"": 1.0}"
OULAD,2,aligned,2,10218,CARE,native,CARE_native,1,OK,40.25,14.45523190498352,1.7454950623523147,4,"{""Test_1"": 0.0, ""Test_2"": 0.0, ""Test_3"": 13.75, ""Test_4"": 13.0, ""Test_5"": 13.5, ""Test_6"": 0.0, ""Test_7"": 0.0, ""Test_8"": 0.0, ""Test_9"": 0.0, ""Test_10"": 0.0, ""Test_11"": 0.0, ""sum_click"": 993.0, ""mod_AAA"": 0.0, ""mod_BBB"": 0.0, ""mod_EEE"": 0.0, ""mod_FFF"": 1.0}"
OULAD,2,aligned,2,10218,CARE,bounded,CARE_bounded,0,below_policy_threshold,39.868,14.45523190498352,1.703307272752107,4,"{""Test_1"": 0.0, ""Test_2"": 0.0, ""Test_3"": 13.118, ""Test_4"": 11.0, ""Test_5"": 15.75, ""Test_6"": 0.0, ""Test_7"": 0.0, ""Test_8"": 0.0, ""Test_9"": 0.0, ""Test_10"": 0.0, ""Test_11"": 0.0, ""sum_click"": 796.0, ""mod_AAA"": 0.0, ""mod_BBB"": 0.0, ""mod_EEE"": 0.0, ""mod_FFF"": 1.0}"
OULAD,2,aligned,2,10218,CARE,bounded+edit,CARE_bounded+edit,0,below_policy_threshold,39.868,14.45523190498352,1.703307272752107,4,"{""Test_1"": 0.0, ""Test_2"": 0.0, ""Test_3"": 13.118, ""Test_4"": 11.0, ""Test_5"": 15.75, ""Test_6"": 0.0, ""Test_7"": 0.0, ""Test_8"": 0.0, ""Test_9"": 0.0, ""Test_10"": 0.0, ""Test_11"": 0.0, ""sum_click"": 796.0, ""mod_AAA"": 0.0, ""mod_BBB"": 0.0, ""mod_EEE"": 0.0, ""mod_FFF"": 1.0}"
OULAD,2,aligned,2,10827,CARE,native,CARE_native,1,OK,45.85,13.719885110855103,1.645690267745859,4,"{""Test_1"": 6.75, ""Test_2"": 0.0, ""Test_3"": 12.75, ""Test_4"": 12.0, ""Test_5"": 14.35, ""Test_6"": 0.0, ""Test_7"": 0.0, ""Test_8"": 0.0, ""Test_9"": 0.0, ""Test_10"": 0.0, ""Test_11"": 0.0, ""sum_click"": 1207.0, ""mod_AAA"": 0.0, ""mod_BBB"": 0.0, ""mod_EEE"": 0.0, ""mod_FFF"": 1.0}"
OULAD,2,aligned,2,10827,CARE,bounded,CARE_bounded,1,OK,41.55,13.719885110855103,1.5188902136861233,3,"{""Test_1"": 6.75, ""Test_2"": 0.0, ""Test_3"": 0.0, ""Test_4"": 17.0, ""Test_5"": 17.8, ""Test_6"": 0.0, ""Test_7"": 0.0, ""Test_8"": 0.0, ""Test_9"": 0.0, ""Test_10"": 0.0, ""Test_11"": 0.0, ""sum_click"": 1508.0, ""mod_AAA"": 0.0, ""mod_BBB"": 0.0, ""mod_EEE"": 0.0, ""mod_FFF"": 1.0}"
OULAD,2,aligned,2,10827,CARE,bounded+edit,CARE_bounded+edit,1,OK,41.55,13.719885110855103,1.5188902136861233,3,"{""Test_1"": 6.75, ""Test_2"": 0.0, ""Test_3"": 0.0, ""Test_4"": 17.0, ""Test_5"": 17.8, ""Test_6"": 0.0, ""Test_7"": 0.0, ""Test_8"": 0.0, ""Test_9"": 0.0, ""Test_10"": 0.0, ""Test_11"": 0.0, ""sum_click"": 1508.0, ""mod_AAA"": 0.0, ""mod_BBB"": 0.0, ""mod_EEE"": 0.0, ""mod_FFF"": 1.0}"
OULAD,2,aligned,2,10993,CARE,native,CARE_native,0,below_policy_threshold,39.75,14.11593747138977,1.7901015604627863,4,"{""Test_1"": 0.0, ""Test_2"": 0.0, ""Test_3"": 16.5, ""Test_4"": 11.75, ""Test_5"": 11.5, ""Test_6"": 0.0, ""Test_7"": 0.0, ""Test_8"": 0.0, ""Test_9"": 0.0, ""Test_10"": 0.0, ""Test_11"": 0.0, ""sum_click"": 1494.0, ""mod_AAA"": 0.0, ""mod_BBB"": 0.0, ""mod_EEE"": 0.0, ""mod_FFF"": 1.0}"
OULAD,2,aligned,2,10993,CARE,bounded,CARE_bounded,0,below_policy_threshold,37.57,14.11593747138977,1.599282439647009,4,"{""Test_1"": 0.0, ""Test_2"": 0.0, ""Test_3"": 11.913, ""Test_4"": 8.187, ""Test_5"": 17.47, ""Test_6"": 0.0, ""Test_7"": 0.0, ""Test_8"": 0.0, ""Test_9"": 0.0, ""Test_10"": 0.0, ""Test_11"": 0.0, ""sum_click"": 739.0, ""mod_AAA"": 0.0, ""mod_BBB"": 0.0, ""mod_EEE"": 0.0, ""mod_FFF"": 1.0}"
OULAD,2,aligned,2,10993,CARE,bounded+edit,CARE_bounded+edit,0,below_policy_threshold,37.57,14.11593747138977,1.599282439647009,4,"{""Test_1"": 0.0, ""Test_2"": 0.0, ""Test_3"": 11.913, ""Test_4"": 8.187, ""Test_5"": 17.47, ""Test_6"": 0.0, ""Test_7"": 0.0, ""Test_8"": 0.0, ""Test_9"": 0.0, ""Test_10"": 0.0, ""Test_11"": 0.0, ""sum_click"": 739.0, ""mod_AAA"": 0.0, ""mod_BBB"": 0.0, ""mod_EEE"": 0.0, ""mod_FFF"": 1.0}"
OULAD,2,aligned,2,11545,CARE,native,CARE_native,0,immutable_changed:Test_1;immutable_changed:Test_2,45.010999999999996,13.62419080734253,1.6597482990444683,4,"{""Test_1"": 5.25, ""Test_2"": 3.25, ""Test_3"": 12.75, ""Test_4"": 11.011, ""Test_5"": 12.75, ""Test_6"": 0.0, ""Test_7"": 0.0, ""Test_8"": 0.0, ""Test_9"": 0.0, ""Test_10"": 0.0, ""Test_11"": 0.0, ""sum_click"": 1465.0, ""mod_AAA"": 0.0, ""mod_BBB"": 0.0, ""mod_EEE"": 0.0, ""mod_FFF"": 1.0}"
OULAD,2,aligned,2,11545,CARE,bounded,CARE_bounded,1,OK,40.482,13.62419080734253,1.6101547419791398,4,"{""Test_1"": 4.5, ""Test_2"": 0.0, ""Test_3"": 11.042, ""Test_4"": 13.0, ""Test_5"": 11.94, ""Test_6"": 0.0, ""Test_7"": 0.0, ""Test_8"": 0.0, ""Test_9"": 0.0, ""Test_10"": 0.0, ""Test_11"": 0.0, ""sum_click"": 1257.0, ""mod_AAA"": 0.0, ""mod_BBB"": 0.0, ""mod_EEE"": 0.0, ""mod_FFF"": 1.0}"
OULAD,2,aligned,2,11545,CARE,bounded+edit,CARE_bounded+edit,1,OK,40.482,13.62419080734253,1.6101547419791398,4,"{""Test_1"": 4.5, ""Test_2"": 0.0, ""Test_3"": 11.042, ""Test_4"": 13.0, ""Test_5"": 11.94, ""Test_6"": 0.0, ""Test_7"": 0.0, ""Test_8"": 0.0, ""Test_9"": 0.0, ""Test_10"": 0.0, ""Test_11"": 0.0, ""sum_click"": 1257.0, ""mod_AAA"": 0.0, ""mod_BBB"": 0.0, ""mod_EEE"": 0.0, ""mod_FFF"": 1.0}"
OULAD,2,aligned,2,12047,CARE,native,CARE_native,0,immutable_changed:Test_2,44.5,14.309836626052856,1.3652942158185333,3,"{""Test_1"": 10.0, ""Test_2"": 3.25, ""Test_3"": 14.25, ""Test_4"": 17.0, ""Test_5"": 0.0, ""Test_6"": 0.0, ""Test_7"": 0.0, ""Test_8"": 0.0, ""Test_9"": 0.0, ""Test_10"": 0.0, ""Test_11"": 0.0, ""sum_click"": 961.0, ""mod_AAA"": 0.0, ""mod_BBB"": 0.0, ""mod_EEE"": 0.0, ""mod_FFF"": 1.0}"
OULAD,2,aligned,2,12047,CARE,bounded,CARE_bounded,1,OK,42.75,14.309836626052856,1.5037332239266792,4,"{""Test_1"": 10.0, ""Test_2"": 0.0, ""Test_3"": 16.5, ""Test_4"": 13.75, ""Test_5"": 2.5, ""Test_6"": 0.0, ""Test_7"": 0.0, ""Test_8"": 0.0, ""Test_9"": 0.0, ""Test_10"": 0.0, ""Test_11"": 0.0, ""sum_click"": 1525.0, ""mod_AAA"": 0.0, ""mod_BBB"": 0.0, ""mod_EEE"": 0.0, ""mod_FFF"": 1.0}"
OULAD,2,aligned,2,12047,CARE,bounded+edit,CARE_bounded+edit,1,OK,42.75,14.309836626052856,1.5037332239266792,4,"{""Test_1"": 10.0, ""Test_2"": 0.0, ""Test_3"": 16.5, ""Test_4"": 13.75, ""Test_5"": 2.5, ""Test_6"": 0.0, ""Test_7"": 0.0, ""Test_8"": 0.0, ""Test_9"": 0.0, ""Test_10"": 0.0, ""Test_11"": 0.0, ""sum_click"": 1525.0, ""mod_AAA"": 0.0, ""mod_BBB"": 0.0, ""mod_EEE"": 0.0, ""mod_FFF"": 1.0}"
OULAD,2,aligned,2,12654,CARE,native,CARE_native,0,immutable_changed:Test_2,44.461,13.803639650344849,1.2783830084040908,3,"{""Test_1"": 9.25, ""Test_2"": 7.75, ""Test_3"": 11.5, ""Test_4"": 15.961, ""Test_5"": 0.0, ""Test_6"": 0.0, ""Test_7"": 0.0, ""Test_8"": 0.0, ""Test_9"": 0.0, ""Test_10"": 0.0, ""Test_11"": 0.0, ""sum_click"": 1653.0, ""mod_AAA"": 0.0, ""mod_BBB"": 0.0, ""mod_EEE"": 0.0, ""mod_FFF"": 1.0}"
OULAD,2,aligned,2,12654,CARE,bounded,CARE_bounded,0,below_policy_threshold,35.25,13.803639650344849,1.1567315175097277,3,"{""Test_1"": 9.25, ""Test_2"": 0.0, ""Test_3"": 19.5, ""Test_4"": 0.0, ""Test_5"": 6.5, ""Test_6"": 0.0, ""Test_7"": 0.0, ""Test_8"": 0.0, ""Test_9"": 0.0, ""Test_10"": 0.0, ""Test_11"": 0.0, ""sum_click"": 1216.0, ""mod_AAA"": 0.0, ""mod_BBB"": 0.0, ""mod_EEE"": 0.0, ""mod_FFF"": 1.0}"
OULAD,2,aligned,2,12654,CARE,bounded+edit,CARE_bounded+edit,1,OK,40.80555555555556,13.803639650344849,1.3789537397319498,4,"{""Test_1"": 9.25, ""Test_2"": 0.0, ""Test_3"": 19.5, ""Test_4"": 5.555556, ""Test_5"": 6.5, ""Test_6"": 0.0, ""Test_7"": 0.0, ""Test_8"": 0.0, ""Test_9"": 0.0, ""Test_10"": 0.0, ""Test_11"": 0.0, ""sum_click"": 1216.0, ""mod_AAA"": 0.0, ""mod_BBB"": 0.0, ""mod_EEE"": 0.0, ""mod_FFF"": 1.0}"
OULAD,2,aligned,2,12822,CARE,native,CARE_native,0,immutable_changed:Test_2,45.995,14.19603180885315,1.3495796287412964,4,"{""Test_1"": 7.25, ""Test_2"": 8.0, ""Test_3"": 18.749, ""Test_4"": 11.646, ""Test_5"": 0.35, ""Test_6"": 0.0, ""Test_7"": 0.0, ""Test_8"": 0.0, ""Test_9"": 0.0, ""Test_10"": 0.0, ""Test_11"": 0.0, ""sum_click"": 1267.0, ""mod_AAA"": 0.0, ""mod_BBB"": 0.0, ""mod_EEE"": 0.0, ""mod_FFF"": 1.0}"
OULAD,2,aligned,2,12822,CARE,bounded,CARE_bounded,0,below_policy_threshold,37.308,14.19603180885315,1.3488465361301294,3,"{""Test_1"": 7.25, ""Test_2"": 0.0, ""Test_3"": 12.808, ""Test_4"": 0.0, ""Test_5"": 17.25, ""Test_6"": 0.0, ""Test_7"": 0.0, ""Test_8"": 0.0, ""Test_9"": 0.0, ""Test_10"": 0.0, ""Test_11"": 0.0, ""sum_click"": 1451.0, ""mod_AAA"": 0.0, ""mod_BBB"": 0.0, ""mod_EEE"": 0.0, ""mod_FFF"": 1.0}"
OULAD,2,aligned,2,12822,CARE,bounded+edit,CARE_bounded+edit,0,classifier_target_not_met,40.08577777777778,14.19603180885315,1.4599576472412406,4,"{""Test_1"": 7.25, ""Test_2"": 0.0, ""Test_3"": 12.808, ""Test_4"": 2.777778, ""Test_5"": 17.25, ""Test_6"": 0.0, ""Test_7"": 0.0, ""Test_8"": 0.0, ""Test_9"": 0.0, ""Test_10"": 0.0, ""Test_11"": 0.0, ""sum_click"": 1451.0, ""mod_AAA"": 0.0, ""mod_BBB"": 0.0, ""mod_EEE"": 0.0, ""mod_FFF"": 1.0}"
OULAD,2,aligned,2,13640,CARE,native,CARE_native,1,OK,41.635999999999996,13.732854843139648,1.8580236830091714,4,"{""Test_1"": 0.0, ""Test_2"": 0.0, ""Test_3"": 13.75, ""Test_4"": 16.386, ""Test_5"": 11.5, ""Test_6"": 0.0, ""Test_7"": 0.0, ""Test_8"": 0.0, ""Test_9"": 0.0, ""Test_10"": 0.0, ""Test_11"": 0.0, ""sum_click"": 1415.0, ""mod_AAA"": 0.0, ""mod_BBB"": 0.0, ""mod_EEE"": 0.0, ""mod_FFF"": 1.0}"
OULAD,2,aligned,2,13640,CARE,bounded,CARE_bounded,1,OK,40.25,13.732854843139648,1.7438108060085016,4,"{""Test_1"": 0.0, ""Test_2"": 0.0, ""Test_3"": 10.25, ""Test_4"": 10.5, ""Test_5"": 19.5, ""Test_6"": 0.0, ""Test_7"": 0.0, ""Test_8"": 0.0, ""Test_9"": 0.0, ""Test_10"": 0.0, ""Test_11"": 0.0, ""sum_click"": 985.0, ""mod_AAA"": 0.0, ""mod_BBB"": 0.0, ""mod_EEE"": 0.0, ""mod_FFF"": 1.0}"
OULAD,2,aligned,2,13640,CARE,bounded+edit,CARE_bounded+edit,1,OK,40.25,13.732854843139648,1.7438108060085016,4,"{""Test_1"": 0.0, ""Test_2"": 0.0, ""Test_3"": 10.25, ""Test_4"": 10.5, ""Test_5"": 19.5, ""Test_6"": 0.0, ""Test_7"": 0.0, ""Test_8"": 0.0, ""Test_9"": 0.0, ""Test_10"": 0.0, ""Test_11"": 0.0, ""sum_click"": 985.0, ""mod_AAA"": 0.0, ""mod_BBB"": 0.0, ""mod_EEE"": 0.0, ""mod_FFF"": 1.0}"
OULAD,2,aligned,2,13666,CARE,native,CARE_native,0,below_policy_threshold;immutable_changed:Test_1;immutable_changed:Test_2,39.025,13.941134929656982,1.02,2,"{""Test_1"": 8.525, ""Test_2"": 5.0, ""Test_3"": 9.25, ""Test_4"": 16.25, ""Test_5"": 0.0, ""Test_6"": 0.0, ""Test_7"": 0.0, ""Test_8"": 0.0, ""Test_9"": 0.0, ""Test_10"": 0.0, ""Test_11"": 0.0, ""sum_click"": 3822.0, ""mod_AAA"": 0.0, ""mod_BBB"": 0.0, ""mod_EEE"": 0.0, ""mod_FFF"": 1.0}"
OULAD,2,aligned,2,13666,CARE,bounded,CARE_bounded,0,below_policy_threshold,34.562,13.941134929656982,1.23248,2,"{""Test_1"": 1.25, ""Test_2"": 2.5, ""Test_3"": 15.265, ""Test_4"": 15.547, ""Test_5"": 0.0, ""Test_6"": 0.0, ""Test_7"": 0.0, ""Test_8"": 0.0, ""Test_9"": 0.0, ""Test_10"": 0.0, ""Test_11"": 0.0, ""sum_click"": 3822.0, ""mod_AAA"": 0.0, ""mod_BBB"": 0.0, ""mod_EEE"": 0.0, ""mod_FFF"": 1.0}"
OULAD,2,aligned,2,13666,CARE,bounded+edit,CARE_bounded+edit,1,OK,40.117555555555555,13.941134929656982,1.4547022222222221,3,"{""Test_1"": 1.25, ""Test_2"": 2.5, ""Test_3"": 15.265, ""Test_4"": 15.547, ""Test_5"": 5.555556, ""Test_6"": 0.0, ""Test_7"": 0.0, ""Test_8"": 0.0, ""Test_9"": 0.0, ""Test_10"": 0.0, ""Test_11"": 0.0, ""sum_click"": 3822.0, ""mod_AAA"": 0.0, ""mod_BBB"": 0.0, ""mod_EEE"": 0.0, ""mod_FFF"": 1.0}"
OULAD,2,aligned,3,660,CARE,native,CARE_native,0,immutable_changed:Test_3,40.938,13.744230031967163,0.8674087301587301,2,"{""Test_1"": 0.0, ""Test_2"": 8.28, ""Test_3"": 17.5, ""Test_4"": 15.158, ""Test_5"": 0.0, ""Test_6"": 0.0, ""Test_7"": 0.0, ""Test_8"": 0.0, ""Test_9"": 0.0, ""Test_10"": 0.0, ""Test_11"": 0.0, ""sum_click"": 142.0, ""mod_AAA"": 0.0, ""mod_BBB"": 1.0, ""mod_EEE"": 0.0, ""mod_FFF"": 0.0}"
OULAD,2,aligned,3,660,CARE,bounded,CARE_bounded,0,below_policy_threshold,33.22,13.744230031967163,1.626875,3,"{""Test_1"": 0.0, ""Test_2"": 8.28, ""Test_3"": 1.0, ""Test_4"": 12.24, ""Test_5"": 0.0, ""Test_6"": 11.7, ""Test_7"": 0.0, ""Test_8"": 0.0, ""Test_9"": 0.0, ""Test_10"": 0.0, ""Test_11"": 0.0, ""sum_click"": 872.0, ""mod_AAA"": 0.0, ""mod_BBB"": 1.0, ""mod_EEE"": 0.0, ""mod_FFF"": 0.0}"
OULAD,2,aligned,3,660,CARE,bounded+edit,CARE_bounded+edit,1,OK,41.22,13.744230031967163,2.0713194444444447,4,"{""Test_1"": 0.0, ""Test_2"": 8.28, ""Test_3"": 1.0, ""Test_4"": 12.24, ""Test_5"": 0.0, ""Test_6"": 11.7, ""Test_7"": 0.0, ""Test_8"": 8.0, ""Test_9"": 0.0, ""Test_10"": 0.0, ""Test_11"": 0.0, ""sum_click"": 872.0, ""mod_AAA"": 0.0, ""mod_BBB"": 1.0, ""mod_EEE"": 0.0, ""mod_FFF"": 0.0}"
OULAD,2,aligned,3,1077,CARE,native,CARE_native,0,below_policy_threshold;immutable_changed:Test_1;immutable_changed:Test_2,31.8,14.119291543960571,1.3424571566497707,2,"{""Test_1"": 5.4, ""Test_2"": 9.6, ""Test_3"": 0.0, ""Test_4"": 16.8, ""Test_5"": 0.0, ""Test_6"": 0.0, ""Test_7"": 0.0, ""Test_8"": 0.0, ""Test_9"": 0.0, ""Test_10"": 0.0, ""Test_11"": 0.0, ""sum_click"": 1130.0, ""mod_AAA"": 0.0, ""mod_BBB"": 1.0, ""mod_EEE"": 0.0, ""mod_FFF"": 0.0}"
OULAD,2,aligned,3,1077,CARE,bounded,CARE_bounded,0,below_policy_threshold,17.15,14.119291543960571,1.1464779950116661,2,"{""Test_1"": 0.0, ""Test_2"": 0.0, ""Test_3"": 0.0, ""Test_4"": 17.15, ""Test_5"": 0.0, ""Test_6"": 0.0, ""Test_7"": 0.0, ""Test_8"": 0.0, ""Test_9"": 0.0, ""Test_10"": 0.0, ""Test_11"": 0.0, ""sum_click"": 535.0, ""mod_AAA"": 0.0, ""mod_BBB"": 1.0, ""mod_EEE"": 0.0, ""mod_FFF"": 0.0}"
OULAD,2,aligned,3,1077,CARE,bounded+edit,CARE_bounded+edit,0,below_policy_threshold,17.15,14.119291543960571,1.1464779950116661,2,"{""Test_1"": 0.0, ""Test_2"": 0.0, ""Test_3"": 0.0, ""Test_4"": 17.15, ""Test_5"": 0.0, ""Test_6"": 0.0, ""Test_7"": 0.0, ""Test_8"": 0.0, ""Test_9"": 0.0, ""Test_10"": 0.0, ""Test_11"": 0.0, ""sum_click"": 535.0, ""mod_AAA"": 0.0, ""mod_BBB"": 1.0, ""mod_EEE"": 0.0, ""mod_FFF"": 0.0}"
OULAD,2,aligned,3,1365,CARE,native,CARE_native,0,below_policy_threshold;immutable_changed:Test_2;immutable_changed:Test_3,33.653,14.266634702682495,1.0446323919864833,3,"{""Test_1"": 0.0, ""Test_2"": 8.868, ""Test_3"": 11.873, ""Test_4"": 12.112, ""Test_5"": 0.0, ""Test_6"": 0.0, ""Test_7"": 0.0, ""Test_8"": 0.0, ""Test_9"": 0.0, ""Test_10"": 0.8, ""Test_11"": 0.0, ""sum_click"": 904.0, ""mod_AAA"": 0.0, ""mod_BBB"": 1.0, ""mod_EEE"": 0.0, ""mod_FFF"": 0.0}"
OULAD,2,aligned,3,1365,CARE,bounded,CARE_bounded,0,below_policy_threshold,17.61,14.266634702682495,1.7433333333333334,2,"{""Test_1"": 0.0, ""Test_2"": 0.0, ""Test_3"": 0.0, ""Test_4"": 16.8, ""Test_5"": 0.81, ""Test_6"": 0.0, ""Test_7"": 0.0, ""Test_8"": 0.0, ""Test_9"": 0.0, ""Test_10"": 0.0, ""Test_11"": 0.0, ""sum_click"": 0.0, ""mod_AAA"": 0.0, ""mod_BBB"": 1.0, ""mod_EEE"": 0.0, ""mod_FFF"": 0.0}"
OULAD,2,aligned,3,1365,CARE,bounded+edit,CARE_bounded+edit,0,below_policy_threshold,17.61,14.266634702682495,1.7433333333333334,2,"{""Test_1"": 0.0, ""Test_2"": 0.0, ""Test_3"": 0.0, ""Test_4"": 16.8, ""Test_5"": 0.81, ""Test_6"": 0.0, ""Test_7"": 0.0, ""Test_8"": 0.0, ""Test_9"": 0.0, ""Test_10"": 0.0, ""Test_11"": 0.0, ""sum_click"": 0.0, ""mod_AAA"": 0.0, ""mod_BBB"": 1.0, ""mod_EEE"": 0.0, ""mod_FFF"": 0.0}"
OULAD,2,aligned,3,1408,CARE,native,CARE_native,0,immutable_changed:Test_2;immutable_changed:Test_3,41.067,14.242274284362793,0.9138888888888889,1,"{""Test_1"": 0.0, ""Test_2"": 12.4, ""Test_3"": 12.217, ""Test_4"": 16.45, ""Test_5"": 0.0, ""Test_6"": 0.0, ""Test_7"": 0.0, ""Test_8"": 0.0, ""Test_9"": 0.0, ""Test_10"": 0.0, ""Test_11"": 0.0, ""sum_click"": 2.0, ""mod_AAA"": 0.0, ""mod_BBB"": 1.0, ""mod_EEE"": 0.0, ""mod_FFF"": 0.0}"
OULAD,2,aligned,3,1408,CARE,bounded,CARE_bounded,0,below_policy_threshold,33.05,14.242274284362793,2.1194444444444445,4,"{""Test_1"": 0.0, ""Test_2"": 0.0, ""Test_3"": 0.0, ""Test_4"": 17.15, ""Test_5"": 0.0, ""Test_6"": 0.0, ""Test_7"": 0.0, ""Test_8"": 3.9, ""Test_9"": 0.3, ""Test_10"": 11.7, ""Test_11"": 0.0, ""sum_click"": 2.0, ""mod_AAA"": 0.0, ""mod_BBB"": 1.0, ""mod_EEE"": 0.0, ""mod_FFF"": 0.0}"
OULAD,2,aligned,3,1408,CARE,bounded+edit,CARE_bounded+edit,1,OK,41.05,14.242274284362793,2.563888888888889,5,"{""Test_1"": 0.0, ""Test_2"": 0.0, ""Test_3"": 0.0, ""Test_4"": 17.15, ""Test_5"": 0.0, ""Test_6"": 8.0, ""Test_7"": 0.0, ""Test_8"": 3.9, ""Test_9"": 0.3, ""Test_10"": 11.7, ""Test_11"": 0.0, ""sum_click"": 2.0, ""mod_AAA"": 0.0, ""mod_BBB"": 1.0, ""mod_EEE"": 0.0, ""mod_FFF"": 0.0}"
OULAD,2,aligned,3,1430,CARE,native,CARE_native,0,immutable_changed:Test_3,41.371,13.109080076217651,0.9957167090754877,2,"{""Test_1"": 2.7, ""Test_2"": 10.08, ""Test_3"": 14.591, ""Test_4"": 14.0, ""Test_5"": 0.0, ""Test_6"": 0.0, ""Test_7"": 0.0, ""Test_8"": 0.0, ""Test_9"": 0.0, ""Test_10"": 0.0, ""Test_11"": 0.0, ""sum_click"": 713.0, ""mod_AAA"": 0.0, ""mod_BBB"": 1.0, ""mod_EEE"": 0.0, ""mod_FFF"": 0.0}"
OULAD,2,aligned,3,1430,CARE,bounded,CARE_bounded,1,OK,42.620000000000005,13.109080076217651,1.9081594571670906,4,"{""Test_1"": 2.7, ""Test_2"": 10.08, ""Test_3"": 0.0, ""Test_4"": 10.44, ""Test_5"": 0.0, ""Test_6"": 9.7, ""Test_7"": 0.0, ""Test_8"": 0.0, ""Test_9"": 0.0, ""Test_10"": 9.7, ""Test_11"": 0.0, ""sum_click"": 798.0, ""mod_AAA"": 0.0, ""mod_BBB"": 1.0, ""mod_EEE"": 0.0, ""mod_FFF"": 0.0}"
OULAD,2,aligned,3,1430,CARE,bounded+edit,CARE_bounded+edit,1,OK,42.620000000000005,13.109080076217651,1.9081594571670906,4,"{""Test_1"": 2.7, ""Test_2"": 10.08, ""Test_3"": 0.0, ""Test_4"": 10.44, ""Test_5"": 0.0, ""Test_6"": 9.7, ""Test_7"": 0.0, ""Test_8"": 0.0, ""Test_9"": 0.0, ""Test_10"": 9.7, ""Test_11"": 0.0, ""sum_click"": 798.0, ""mod_AAA"": 0.0, ""mod_BBB"": 1.0, ""mod_EEE"": 0.0, ""mod_FFF"": 0.0}"
OULAD,2,aligned,3,1488,CARE,native,CARE_native,0,below_policy_threshold;immutable_changed:Test_2;immutable_changed:Test_3,37.741,13.069630861282349,0.9722222222222222,1,"{""Test_1"": 0.0, ""Test_2"": 8.022, ""Test_3"": 12.219, ""Test_4"": 17.5, ""Test_5"": 0.0, ""Test_6"": 0.0, ""Test_7"": 0.0, ""Test_8"": 0.0, ""Test_9"": 0.0, ""Test_10"": 0.0, ""Test_11"": 0.0, ""sum_click"": 360.0, ""mod_AAA"": 0.0, ""mod_BBB"": 1.0, ""mod_EEE"": 0.0, ""mod_FFF"": 0.0}"
OULAD,2,aligned,3,1488,CARE,bounded,CARE_bounded,0,below_policy_threshold,16.612,13.069630861282349,1.0373768156166157,2,"{""Test_1"": 0.0, ""Test_2"": 0.0, ""Test_3"": 0.0, ""Test_4"": 16.612, ""Test_5"": 0.0, ""Test_6"": 0.0, ""Test_7"": 0.0, ""Test_8"": 0.0, ""Test_9"": 0.0, ""Test_10"": 0.0, ""Test_11"": 0.0, ""sum_click"": 635.0, ""mod_AAA"": 0.0, ""mod_BBB"": 1.0, ""mod_EEE"": 0.0, ""mod_FFF"": 0.0}"
OULAD,2,aligned,3,1488,CARE,bounded+edit,CARE_bounded+edit,0,below_policy_threshold,16.612,13.069630861282349,1.0373768156166157,2,"{""Test_1"": 0.0, ""Test_2"": 0.0, ""Test_3"": 0.0, ""Test_4"": 16.612, ""Test_5"": 0.0, ""Test_6"": 0.0, ""Test_7"": 0.0, ""Test_8"": 0.0, ""Test_9"": 0.0, ""Test_10"": 0.0, ""Test_11"": 0.0, ""sum_click"": 635.0, ""mod_AAA"": 0.0, ""mod_BBB"": 1.0, ""mod_EEE"": 0.0, ""mod_FFF"": 0.0}"
OULAD,2,aligned,3,2363,CARE,native,CARE_native,0,below_policy_threshold;immutable_changed:Test_1;immutable_changed:Test_3,31.137999999999998,13.606603145599365,1.2117730835324196,2,"{""Test_1"": 5.2, ""Test_2"": 0.0, ""Test_3"": 8.75, ""Test_4"": 17.188, ""Test_5"": 0.0, ""Test_6"": 0.0, ""Test_7"": 0.0, ""Test_8"": 0.0, ""Test_9"": 0.0, ""Test_10"": 0.0, ""Test_11"": 0.0, ""sum_click"": 792.0, ""mod_AAA"": 0.0, ""mod_BBB"": 1.0, ""mod_EEE"": 0.0, ""mod_FFF"": 0.0}"
OULAD,2,aligned,3,2363,CARE,bounded,CARE_bounded,0,below_policy_threshold,16.974,13.606603145599365,1.5096666666666665,2,"{""Test_1"": 0.0, ""Test_2"": 0.0, ""Test_3"": 0.0, ""Test_4"": 16.374, ""Test_5"": 0.0, ""Test_6"": 0.0, ""Test_7"": 0.0, ""Test_8"": 0.0, ""Test_9"": 0.0, ""Test_10"": 0.0, ""Test_11"": 0.6, ""sum_click"": 111.0, ""mod_AAA"": 0.0, ""mod_BBB"": 1.0, ""mod_EEE"": 0.0, ""mod_FFF"": 0.0}"
OULAD,2,aligned,3,2363,CARE,bounded+edit,CARE_bounded+edit,0,below_policy_threshold,16.974,13.606603145599365,1.5096666666666665,2,"{""Test_1"": 0.0, ""Test_2"": 0.0, ""Test_3"": 0.0, ""Test_4"": 16.374, ""Test_5"": 0.0, ""Test_6"": 0.0, ""Test_7"": 0.0, ""Test_8"": 0.0, ""Test_9"": 0.0, ""Test_10"": 0.0, ""Test_11"": 0.6, ""sum_click"": 111.0, ""mod_AAA"": 0.0, ""mod_BBB"": 1.0, ""mod_EEE"": 0.0, ""mod_FFF"": 0.0}"
OULAD,2,aligned,3,2844,CARE,native,CARE_native,0,below_policy_threshold;immutable_changed:Test_3,35.727999999999994,13.57137155532837,1.5596639009614117,2,"{""Test_1"": 3.7, ""Test_2"": 0.0, ""Test_3"": 14.7, ""Test_4"": 17.328, ""Test_5"": 0.0, ""Test_6"": 0.0, ""Test_7"": 0.0, ""Test_8"": 0.0, ""Test_9"": 0.0, ""Test_10"": 0.0, ""Test_11"": 0.0, ""sum_click"": 1742.0, ""mod_AAA"": 0.0, ""mod_BBB"": 1.0, ""mod_EEE"": 0.0, ""mod_FFF"": 0.0}"
OULAD,2,aligned,3,2844,CARE,bounded,CARE_bounded,0,below_policy_threshold;immutable_changed:Test_3,32.617999999999995,13.57137155532837,1.2985754422933402,2,"{""Test_1"": 3.7, ""Test_2"": 0.0, ""Test_3"": 11.418, ""Test_4"": 17.5, ""Test_5"": 0.0, ""Test_6"": 0.0, ""Test_7"": 0.0, ""Test_8"": 0.0, ""Test_9"": 0.0, ""Test_10"": 0.0, ""Test_11"": 0.0, ""sum_click"": 1057.0, ""mod_AAA"": 0.0, ""mod_BBB"": 1.0, ""mod_EEE"": 0.0, ""mod_FFF"": 0.0}"
OULAD,2,aligned,3,2844,CARE,bounded+edit,CARE_bounded+edit,0,below_policy_threshold;immutable_changed:Test_3,32.617999999999995,13.57137155532837,1.2985754422933402,2,"{""Test_1"": 3.7, ""Test_2"": 0.0, ""Test_3"": 11.418, ""Test_4"": 17.5, ""Test_5"": 0.0, ""Test_6"": 0.0, ""Test_7"": 0.0, ""Test_8"": 0.0, ""Test_9"": 0.0, ""Test_10"": 0.0, ""Test_11"": 0.0, ""sum_click"": 1057.0, ""mod_AAA"": 0.0, ""mod_BBB"": 1.0, ""mod_EEE"": 0.0, ""mod_FFF"": 0.0}"
OULAD,2,aligned,3,3320,CARE,native,CARE_native,0,immutable_changed:Test_3,40.235,14.283954620361328,1.0848019469620678,2,"{""Test_1"": 2.9, ""Test_2"": 8.1, ""Test_3"": 15.235, ""Test_4"": 14.0, ""Test_5"": 0.0, ""Test_6"": 0.0, ""Test_7"": 0.0, ""Test_8"": 0.0, ""Test_9"": 0.0, ""Test_10"": 0.0, ""Test_11"": 0.0, ""sum_click"": 927.0, ""mod_AAA"": 0.0, ""mod_BBB"": 1.0, ""mod_EEE"": 0.0, ""mod_FFF"": 0.0}"
OULAD,2,aligned,3,3320,CARE,bounded,CARE_bounded,0,below_policy_threshold;immutable_changed:Test_3,32.535,14.283954620361328,1.287383350117489,2,"{""Test_1"": 2.9, ""Test_2"": 8.1, ""Test_3"": 3.705, ""Test_4"": 17.83, ""Test_5"": 0.0, ""Test_6"": 0.0, ""Test_7"": 0.0, ""Test_8"": 0.0, ""Test_9"": 0.0, ""Test_10"": 0.0, ""Test_11"": 0.0, ""sum_click"": 900.0, ""mod_AAA"": 0.0, ""mod_BBB"": 1.0, ""mod_EEE"": 0.0, ""mod_FFF"": 0.0}"
OULAD,2,aligned,3,3320,CARE,bounded+edit,CARE_bounded+edit,0,below_policy_threshold;immutable_changed:Test_3,32.535,14.283954620361328,1.287383350117489,2,"{""Test_1"": 2.9, ""Test_2"": 8.1, ""Test_3"": 3.705, ""Test_4"": 17.83, ""Test_5"": 0.0, ""Test_6"": 0.0, ""Test_7"": 0.0, ""Test_8"": 0.0, ""Test_9"": 0.0, ""Test_10"": 0.0, ""Test_11"": 0.0, ""sum_click"": 900.0, ""mod_AAA"": 0.0, ""mod_BBB"": 1.0, ""mod_EEE"": 0.0, ""mod_FFF"": 0.0}"
OULAD,2,aligned,3,3588,CARE,native,CARE_native,0,out_of_bounds:Test_4;immutable_changed:Test_3,48.072,13.686870813369751,1.1472415902140674,2,"{""Test_1"": 2.0, ""Test_2"": 10.26, ""Test_3"": 17.5, ""Test_4"": 18.312, ""Test_5"": 0.0, ""Test_6"": 0.0, ""Test_7"": 0.0, ""Test_8"": 0.0, ""Test_9"": 0.0, ""Test_10"": 0.0, ""Test_11"": 0.0, ""sum_click"": 391.0, ""mod_AAA"": 0.0, ""mod_BBB"": 1.0, ""mod_EEE"": 0.0, ""mod_FFF"": 0.0}"
OULAD,2,aligned,3,3588,CARE,bounded,CARE_bounded,0,below_policy_threshold,39.3,13.686870813369751,1.8335983690112132,4,"{""Test_1"": 2.0, ""Test_2"": 10.26, ""Test_3"": 0.0, ""Test_4"": 8.64, ""Test_5"": 0.0, ""Test_6"": 10.3, ""Test_7"": 0.0, ""Test_8"": 0.0, ""Test_9"": 0.0, ""Test_10"": 8.1, ""Test_11"": 0.0, ""sum_click"": 940.0, ""mod_AAA"": 0.0, ""mod_BBB"": 1.0, ""mod_EEE"": 0.0, ""mod_FFF"": 0.0}"
OULAD,2,aligned,3,3588,CARE,bounded+edit,CARE_bounded+edit,1,OK,40.077777777777776,13.686870813369751,2.611376146788991,5,"{""Test_1"": 2.0, ""Test_2"": 10.26, ""Test_3"": 0.0, ""Test_4"": 8.64, ""Test_5"": 0.777778, ""Test_6"": 10.3, ""Test_7"": 0.0, ""Test_8"": 0.0, ""Test_9"": 0.0, ""Test_10"": 8.1, ""Test_11"": 0.0, ""sum_click"": 940.0, ""mod_AAA"": 0.0, ""mod_BBB"": 1.0, ""mod_EEE"": 0.0, ""mod_FFF"": 0.0}"
OULAD,2,aligned,3,3602,CARE,native,CARE_native,0,below_policy_threshold;immutable_changed:Test_1;immutable_changed:Test_2,34.283,14.06114912033081,0.9663333333333333,1,"{""Test_1"": 5.289, ""Test_2"": 11.6, ""Test_3"": 0.0, ""Test_4"": 17.394, ""Test_5"": 0.0, ""Test_6"": 0.0, ""Test_7"": 0.0, ""Test_8"": 0.0, ""Test_9"": 0.0, ""Test_10"": 0.0, ""Test_11"": 0.0, ""sum_click"": 9.0, ""mod_AAA"": 0.0, ""mod_BBB"": 1.0, ""mod_EEE"": 0.0, ""mod_FFF"": 0.0}"
OULAD,2,aligned,3,3602,CARE,bounded,CARE_bounded,0,below_policy_threshold,30.950000000000003,14.06114912033081,1.7448712515639506,4,"{""Test_1"": 0.0, ""Test_2"": 0.0, ""Test_3"": 0.0, ""Test_4"": 11.55, ""Test_5"": 0.0, ""Test_6"": 0.0, ""Test_7"": 0.0, ""Test_8"": 9.9, ""Test_9"": 0.0, ""Test_10"": 9.5, ""Test_11"": 0.0, ""sum_click"": 79.0, ""mod_AAA"": 0.0, ""mod_BBB"": 1.0, ""mod_EEE"": 0.0, ""mod_FFF"": 0.0}"
OULAD,2,aligned,3,3602,CARE,bounded+edit,CARE_bounded+edit,1,OK,40.95,14.06114912033081,2.300426807119506,5,"{""Test_1"": 0.0, ""Test_2"": 0.0, ""Test_3"": 0.0, ""Test_4"": 11.55, ""Test_5"": 0.0, ""Test_6"": 10.0, ""Test_7"": 0.0, ""Test_8"": 9.9, ""Test_9"": 0.0, ""Test_10"": 9.5, ""Test_11"": 0.0, ""sum_click"": 79.0, ""mod_AAA"": 0.0, ""mod_BBB"": 1.0, ""mod_EEE"": 0.0, ""mod_FFF"": 0.0}"
OULAD,2,aligned,3,3775,CARE,native,CARE_native,0,below_policy_threshold;immutable_changed:Test_3,29.914,13.84725284576416,1.2015902140672783,2,"{""Test_1"": 3.15, ""Test_2"": 0.0, ""Test_3"": 9.964, ""Test_4"": 16.8, ""Test_5"": 0.0, ""Test_6"": 0.0, ""Test_7"": 0.0, ""Test_8"": 0.0, ""Test_9"": 0.0, ""Test_10"": 0.0, ""Test_11"": 0.0, ""sum_click"": 768.0, ""mod_AAA"": 0.0, ""mod_BBB"": 1.0, ""mod_EEE"": 0.0, ""mod_FFF"": 0.0}"
OULAD,2,aligned,3,3775,CARE,bounded,CARE_bounded,0,below_policy_threshold,20.281,13.84725284576416,1.7876855249745158,2,"{""Test_1"": 3.15, ""Test_2"": 0.0, ""Test_3"": 0.0, ""Test_4"": 17.131, ""Test_5"": 0.0, ""Test_6"": 0.0, ""Test_7"": 0.0, ""Test_8"": 0.0, ""Test_9"": 0.0, ""Test_10"": 0.0, ""Test_11"": 0.0, ""sum_click"": 2315.0, ""mod_AAA"": 0.0, ""mod_BBB"": 1.0, ""mod_EEE"": 0.0, ""mod_FFF"": 0.0}"
OULAD,2,aligned,3,3775,CARE,bounded+edit,CARE_bounded+edit,0,below_policy_threshold,20.281,13.84725284576416,1.7876855249745158,2,"{""Test_1"": 3.15, ""Test_2"": 0.0, ""Test_3"": 0.0, ""Test_4"": 17.131, ""Test_5"": 0.0, ""Test_6"": 0.0, ""Test_7"": 0.0, ""Test_8"": 0.0, ""Test_9"": 0.0, ""Test_10"": 0.0, ""Test_11"": 0.0, ""sum_click"": 2315.0, ""mod_AAA"": 0.0, ""mod_BBB"": 1.0, ""mod_EEE"": 0.0, ""mod_FFF"": 0.0}"
OULAD,2,aligned,3,4007,CARE,native,CARE_native,0,immutable_changed:Test_2;immutable_changed:Test_3,41.378,14.695334672927856,0.9237777777777778,1,"{""Test_1"": 0.0, ""Test_2"": 9.0, ""Test_3"": 15.75, ""Test_4"": 16.628, ""Test_5"": 0.0, ""Test_6"": 0.0, ""Test_7"": 0.0, ""Test_8"": 0.0, ""Test_9"": 0.0, ""Test_10"": 0.0, ""Test_11"": 0.0, ""sum_click"": 0.0, ""mod_AAA"": 0.0, ""mod_BBB"": 1.0, ""mod_EEE"": 0.0, ""mod_FFF"": 0.0}"
OULAD,2,aligned,3,4007,CARE,bounded,CARE_bounded,0,below_policy_threshold,37.8,14.695334672927856,2.1,3,"{""Test_1"": 0.0, ""Test_2"": 0.0, ""Test_3"": 0.0, ""Test_4"": 16.8, ""Test_5"": 0.0, ""Test_6"": 0.0, ""Test_7"": 0.0, ""Test_8"": 9.7, ""Test_9"": 0.0, ""Test_10"": 11.3, ""Test_11"": 0.0, ""sum_click"": 0.0, ""mod_AAA"": 0.0, ""mod_BBB"": 1.0, ""mod_EEE"": 0.0, ""mod_FFF"": 0.0}"
OULAD,2,aligned,3,4007,CARE,bounded+edit,CARE_bounded+edit,1,OK,41.8,14.695334672927856,2.322222222222222,4,"{""Test_1"": 0.0, ""Test_2"": 0.0, ""Test_3"": 0.0, ""Test_4"": 16.8, ""Test_5"": 0.0, ""Test_6"": 4.0, ""Test_7"": 0.0, ""Test_8"": 9.7, ""Test_9"": 0.0, ""Test_10"": 11.3, ""Test_11"": 0.0, ""sum_click"": 0.0, ""mod_AAA"": 0.0, ""mod_BBB"": 1.0, ""mod_EEE"": 0.0, ""mod_FFF"": 0.0}"
OULAD,2,aligned,3,4378,CARE,native,CARE_native,0,below_policy_threshold;immutable_changed:Test_1;immutable_changed:Test_2;immutable_changed:Test_3,32.184000000000005,14.957254648208618,1.1290798611111112,2,"{""Test_1"": 5.8, ""Test_2"": 8.739, ""Test_3"": 0.47, ""Test_4"": 17.175, ""Test_5"": 0.0, ""Test_6"": 0.0, ""Test_7"": 0.0, ""Test_8"": 0.0, ""Test_9"": 0.0, ""Test_10"": 0.0, ""Test_11"": 0.0, ""sum_click"": 861.0, ""mod_AAA"": 0.0, ""mod_BBB"": 1.0, ""mod_EEE"": 0.0, ""mod_FFF"": 0.0}"
OULAD,2,aligned,3,4378,CARE,bounded,CARE_bounded,0,immutable_changed:Test_3,40.582,14.957254648208618,0.8751111111111112,1,"{""Test_1"": 2.55, ""Test_2"": 8.28, ""Test_3"": 14.0, ""Test_4"": 15.752, ""Test_5"": 0.0, ""Test_6"": 0.0, ""Test_7"": 0.0, ""Test_8"": 0.0, ""Test_9"": 0.0, ""Test_10"": 0.0, ""Test_11"": 0.0, ""sum_click"": 458.0, ""mod_AAA"": 0.0, ""mod_BBB"": 1.0, ""mod_EEE"": 0.0, ""mod_FFF"": 0.0}"
OULAD,2,aligned,3,4378,CARE,bounded+edit,CARE_bounded+edit,0,immutable_changed:Test_3,40.582,14.957254648208618,0.8751111111111112,1,"{""Test_1"": 2.55, ""Test_2"": 8.28, ""Test_3"": 14.0, ""Test_4"": 15.752, ""Test_5"": 0.0, ""Test_6"": 0.0, ""Test_7"": 0.0, ""Test_8"": 0.0, ""Test_9"": 0.0, ""Test_10"": 0.0, ""Test_11"": 0.0, ""sum_click"": 458.0, ""mod_AAA"": 0.0, ""mod_BBB"": 1.0, ""mod_EEE"": 0.0, ""mod_FFF"": 0.0}"
OULAD,2,aligned,3,4547,CARE,native,CARE_native,0,below_policy_threshold;immutable_changed:Test_2;immutable_changed:Test_3,33.843,13.868571758270264,1.0463533486367846,2,"{""Test_1"": 0.0, ""Test_2"": 7.476, ""Test_3"": 12.367, ""Test_4"": 14.0, ""Test_5"": 0.0, ""Test_6"": 0.0, ""Test_7"": 0.0, ""Test_8"": 0.0, ""Test_9"": 0.0, ""Test_10"": 0.0, ""Test_11"": 0.0, ""sum_click"": 744.0, ""mod_AAA"": 0.0, ""mod_BBB"": 1.0, ""mod_EEE"": 0.0, ""mod_FFF"": 0.0}"
OULAD,2,aligned,3,4547,CARE,bounded,CARE_bounded,0,below_policy_threshold,33.165,13.868571758270264,1.889980971366437,4,"{""Test_1"": 0.0, ""Test_2"": 0.0, ""Test_3"": 0.0, ""Test_4"": 14.765, ""Test_5"": 0.0, ""Test_6"": 0.0, ""Test_7"": 0.0, ""Test_8"": 10.3, ""Test_9"": 0.0, ""Test_10"": 8.1, ""Test_11"": 0.0, ""sum_click"": 134.0, ""mod_AAA"": 0.0, ""mod_BBB"": 1.0, ""mod_EEE"": 0.0, ""mod_FFF"": 0.0}"
OULAD,2,aligned,3,4547,CARE,bounded+edit,CARE_bounded+edit,1,OK,41.165,13.868571758270264,2.334425415810882,5,"{""Test_1"": 0.0, ""Test_2"": 0.0, ""Test_3"": 0.0, ""Test_4"": 14.765, ""Test_5"": 0.0, ""Test_6"": 8.0, ""Test_7"": 0.0, ""Test_8"": 10.3, ""Test_9"": 0.0, ""Test_10"": 8.1, ""Test_11"": 0.0, ""sum_click"": 134.0, ""mod_AAA"": 0.0, ""mod_BBB"": 1.0, ""mod_EEE"": 0.0, ""mod_FFF"": 0.0}"
OULAD,2,aligned,3,5057,CARE,native,CARE_native,0,below_policy_threshold;immutable_changed:Test_2;immutable_changed:Test_3,34.821,16.00768232345581,0.6929984779299848,2,"{""Test_1"": 0.0, ""Test_2"": 7.521, ""Test_3"": 13.3, ""Test_4"": 14.0, ""Test_5"": 0.0, ""Test_6"": 0.0, ""Test_7"": 0.0, ""Test_8"": 0.0, ""Test_9"": 0.0, ""Test_10"": 0.0, ""Test_11"": 0.0, ""sum_click"": 904.0, ""mod_AAA"": 0.0, ""mod_BBB"": 1.0, ""mod_EEE"": 0.0, ""mod_FFF"": 0.0}"
OULAD,2,aligned,3,5057,CARE,bounded,CARE_bounded,0,below_policy_threshold,17.5,16.00768232345581,0.7039573820395738,2,"{""Test_1"": 0.0, ""Test_2"": 0.0, ""Test_3"": 0.0, ""Test_4"": 17.5, ""Test_5"": 0.0, ""Test_6"": 0.0, ""Test_7"": 0.0, ""Test_8"": 0.0, ""Test_9"": 0.0, ""Test_10"": 0.0, ""Test_11"": 0.0, ""sum_click"": 670.0, ""mod_AAA"": 0.0, ""mod_BBB"": 1.0, ""mod_EEE"": 0.0, ""mod_FFF"": 0.0}"
OULAD,2,aligned,3,5057,CARE,bounded+edit,CARE_bounded+edit,0,below_policy_threshold,17.5,16.00768232345581,0.7039573820395738,2,"{""Test_1"": 0.0, ""Test_2"": 0.0, ""Test_3"": 0.0, ""Test_4"": 17.5, ""Test_5"": 0.0, ""Test_6"": 0.0, ""Test_7"": 0.0, ""Test_8"": 0.0, ""Test_9"": 0.0, ""Test_10"": 0.0, ""Test_11"": 0.0, ""sum_click"": 670.0, ""mod_AAA"": 0.0, ""mod_BBB"": 1.0, ""mod_EEE"": 0.0, ""mod_FFF"": 0.0}"
OULAD,2,aligned,3,5747,CARE,native,CARE_native,0,below_policy_threshold;immutable_changed:Test_2;immutable_changed:Test_3,32.24,14.807917356491089,0.6889740825212523,2,"{""Test_1"": 0.0, ""Test_2"": 6.0, ""Test_3"": 14.0, ""Test_4"": 12.24, ""Test_5"": 0.0, ""Test_6"": 0.0, ""Test_7"": 0.0, ""Test_8"": 0.0, ""Test_9"": 0.0, ""Test_10"": 0.0, ""Test_11"": 0.0, ""sum_click"": 941.0, ""mod_AAA"": 0.0, ""mod_BBB"": 1.0, ""mod_EEE"": 0.0, ""mod_FFF"": 0.0}"
OULAD,2,aligned,3,5747,CARE,bounded,CARE_bounded,0,below_policy_threshold,16.128,14.807917356491089,0.7888116110304789,2,"{""Test_1"": 0.0, ""Test_2"": 0.0, ""Test_3"": 0.0, ""Test_4"": 16.128, ""Test_5"": 0.0, ""Test_6"": 0.0, ""Test_7"": 0.0, ""Test_8"": 0.0, ""Test_9"": 0.0, ""Test_10"": 0.0, ""Test_11"": 0.0, ""sum_click"": 910.0, ""mod_AAA"": 0.0, ""mod_BBB"": 1.0, ""mod_EEE"": 0.0, ""mod_FFF"": 0.0}"
OULAD,2,aligned,3,5747,CARE,bounded+edit,CARE_bounded+edit,0,below_policy_threshold,16.128,14.807917356491089,0.7888116110304789,2,"{""Test_1"": 0.0, ""Test_2"": 0.0, ""Test_3"": 0.0, ""Test_4"": 16.128, ""Test_5"": 0.0, ""Test_6"": 0.0, ""Test_7"": 0.0, ""Test_8"": 0.0, ""Test_9"": 0.0, ""Test_10"": 0.0, ""Test_11"": 0.0, ""sum_click"": 910.0, ""mod_AAA"": 0.0, ""mod_BBB"": 1.0, ""mod_EEE"": 0.0, ""mod_FFF"": 0.0}"
OULAD,2,aligned,3,6027,CARE,native,CARE_native,1,OK,41.977999999999994,14.680277824401855,0.5508,1,"{""Test_1"": 7.5, ""Test_2"": 15.2, ""Test_3"": 0.0, ""Test_4"": 19.278, ""Test_5"": 0.0, ""Test_6"": 0.0, ""Test_7"": 0.0, ""Test_8"": 0.0, ""Test_9"": 0.0, ""Test_10"": 0.0, ""Test_11"": 0.0, ""sum_click"": 195.0, ""mod_AAA"": 0.0, ""mod_BBB"": 1.0, ""mod_EEE"": 0.0, ""mod_FFF"": 0.0}"
OULAD,2,aligned,3,6027,CARE,bounded,CARE_bounded,1,OK,47.169,14.680277824401855,0.6991142857142858,1,"{""Test_1"": 7.5, ""Test_2"": 15.2, ""Test_3"": 0.0, ""Test_4"": 24.469, ""Test_5"": 0.0, ""Test_6"": 0.0, ""Test_7"": 0.0, ""Test_8"": 0.0, ""Test_9"": 0.0, ""Test_10"": 0.0, ""Test_11"": 0.0, ""sum_click"": 195.0, ""mod_AAA"": 0.0, ""mod_BBB"": 1.0, ""mod_EEE"": 0.0, ""mod_FFF"": 0.0}"
OULAD,2,aligned,3,6027,CARE,bounded+edit,CARE_bounded+edit,1,OK,47.169,14.680277824401855,0.6991142857142858,1,"{""Test_1"": 7.5, ""Test_2"": 15.2, ""Test_3"": 0.0, ""Test_4"": 24.469, ""Test_5"": 0.0, ""Test_6"": 0.0, ""Test_7"": 0.0, ""Test_8"": 0.0, ""Test_9"": 0.0, ""Test_10"": 0.0, ""Test_11"": 0.0, ""sum_click"": 195.0, ""mod_AAA"": 0.0, ""mod_BBB"": 1.0, ""mod_EEE"": 0.0, ""mod_FFF"": 0.0}"
OULAD,2,aligned,3,6123,CARE,native,CARE_native,0,immutable_changed:Test_3,40.558,13.883483171463013,0.29581470946769606,1,"{""Test_1"": 5.7, ""Test_2"": 12.0, ""Test_3"": 22.858, ""Test_4"": 0.0, ""Test_5"": 0.0, ""Test_6"": 0.0, ""Test_7"": 0.0, ""Test_8"": 0.0, ""Test_9"": 0.0, ""Test_10"": 0.0, ""Test_11"": 0.0, ""sum_click"": 1029.0, ""mod_AAA"": 0.0, ""mod_BBB"": 1.0, ""mod_EEE"": 0.0, ""mod_FFF"": 0.0}"
OULAD,2,aligned,3,6123,CARE,bounded,CARE_bounded,1,OK,41.5,13.883483171463013,0.7307923608289314,2,"{""Test_1"": 5.7, ""Test_2"": 12.0, ""Test_3"": 0.0, ""Test_4"": 23.8, ""Test_5"": 0.0, ""Test_6"": 0.0, ""Test_7"": 0.0, ""Test_8"": 0.0, ""Test_9"": 0.0, ""Test_10"": 0.0, ""Test_11"": 0.0, ""sum_click"": 426.0, ""mod_AAA"": 0.0, ""mod_BBB"": 1.0, ""mod_EEE"": 0.0, ""mod_FFF"": 0.0}"
OULAD,2,aligned,3,6123,CARE,bounded+edit,CARE_bounded+edit,1,OK,41.5,13.883483171463013,0.7307923608289314,2,"{""Test_1"": 5.7, ""Test_2"": 12.0, ""Test_3"": 0.0, ""Test_4"": 23.8, ""Test_5"": 0.0, ""Test_6"": 0.0, ""Test_7"": 0.0, ""Test_8"": 0.0, ""Test_9"": 0.0, ""Test_10"": 0.0, ""Test_11"": 0.0, ""sum_click"": 426.0, ""mod_AAA"": 0.0, ""mod_BBB"": 1.0, ""mod_EEE"": 0.0, ""mod_FFF"": 0.0}"
OULAD,2,aligned,3,6590,CARE,native,CARE_native,0,below_policy_threshold;immutable_changed:Test_3,37.0,13.305411100387573,0.6489145922091946,2,"{""Test_1"": 9.28, ""Test_2"": 0.0, ""Test_3"": 14.0, ""Test_4"": 13.72, ""Test_5"": 0.0, ""Test_6"": 0.0, ""Test_7"": 0.0, ""Test_8"": 0.0, ""Test_9"": 0.0, ""Test_10"": 0.0, ""Test_11"": 0.0, ""sum_click"": 778.0, ""mod_AAA"": 0.0, ""mod_BBB"": 0.0, ""mod_EEE"": 1.0, ""mod_FFF"": 0.0}"
OULAD,2,aligned,3,6590,CARE,bounded,CARE_bounded,0,below_policy_threshold;immutable_changed:Test_3,34.665,13.305411100387573,0.7262206541184835,2,"{""Test_1"": 9.28, ""Test_2"": 0.0, ""Test_3"": 13.72, ""Test_4"": 11.665, ""Test_5"": 0.0, ""Test_6"": 0.0, ""Test_7"": 0.0, ""Test_8"": 0.0, ""Test_9"": 0.0, ""Test_10"": 0.0, ""Test_11"": 0.0, ""sum_click"": 1420.0, ""mod_AAA"": 0.0, ""mod_BBB"": 0.0, ""mod_EEE"": 1.0, ""mod_FFF"": 0.0}"
OULAD,2,aligned,3,6590,CARE,bounded+edit,CARE_bounded+edit,0,below_policy_threshold;immutable_changed:Test_3,34.665,13.305411100387573,0.7262206541184835,2,"{""Test_1"": 9.28, ""Test_2"": 0.0, ""Test_3"": 13.72, ""Test_4"": 11.665, ""Test_5"": 0.0, ""Test_6"": 0.0, ""Test_7"": 0.0, ""Test_8"": 0.0, ""Test_9"": 0.0, ""Test_10"": 0.0, ""Test_11"": 0.0, ""sum_click"": 1420.0, ""mod_AAA"": 0.0, ""mod_BBB"": 0.0, ""mod_EEE"": 1.0, ""mod_FFF"": 0.0}"
OULAD,2,aligned,3,7529,CARE,native,CARE_native,0,below_policy_threshold;immutable_changed:Test_1;immutable_changed:Test_3,39.925000000000004,12.78567624092102,0.52,1,"{""Test_1"": 13.28, ""Test_2"": 0.0, ""Test_3"": 12.085, ""Test_4"": 14.56, ""Test_5"": 0.0, ""Test_6"": 0.0, ""Test_7"": 0.0, ""Test_8"": 0.0, ""Test_9"": 0.0, ""Test_10"": 0.0, ""Test_11"": 0.0, ""sum_click"": 93.0, ""mod_AAA"": 0.0, ""mod_BBB"": 0.0, ""mod_EEE"": 1.0, ""mod_FFF"": 0.0}"
OULAD,2,aligned,3,7529,CARE,bounded,CARE_bounded,0,below_policy_threshold,28.695,12.78567624092102,0.9648624968830591,2,"{""Test_1"": 7.36, ""Test_2"": 0.0, ""Test_3"": 0.0, ""Test_4"": 21.335, ""Test_5"": 0.0, ""Test_6"": 0.0, ""Test_7"": 0.0, ""Test_8"": 0.0, ""Test_9"": 0.0, ""Test_10"": 0.0, ""Test_11"": 0.0, ""sum_click"": 959.0, ""mod_AAA"": 0.0, ""mod_BBB"": 0.0, ""mod_EEE"": 1.0, ""mod_FFF"": 0.0}"
OULAD,2,aligned,3,7529,CARE,bounded+edit,CARE_bounded+edit,0,below_policy_threshold,28.695,12.78567624092102,0.9648624968830591,2,"{""Test_1"": 7.36, ""Test_2"": 0.0, ""Test_3"": 0.0, ""Test_4"": 21.335, ""Test_5"": 0.0, ""Test_6"": 0.0, ""Test_7"": 0.0, ""Test_8"": 0.0, ""Test_9"": 0.0, ""Test_10"": 0.0, ""Test_11"": 0.0, ""sum_click"": 959.0, ""mod_AAA"": 0.0, ""mod_BBB"": 0.0, ""mod_EEE"": 1.0, ""mod_FFF"": 0.0}"
OULAD,2,aligned,3,7745,CARE,native,CARE_native,0,below_policy_threshold;immutable_changed:Test_1;immutable_changed:Test_3,39.056,12.870810508728027,0.6650561205186706,2,"{""Test_1"": 11.336, ""Test_2"": 0.0, ""Test_3"": 12.88, ""Test_4"": 14.84, ""Test_5"": 0.0, ""Test_6"": 0.0, ""Test_7"": 0.0, ""Test_8"": 0.0, ""Test_9"": 0.0, ""Test_10"": 0.0, ""Test_11"": 0.0, ""sum_click"": 589.0, ""mod_AAA"": 0.0, ""mod_BBB"": 0.0, ""mod_EEE"": 1.0, ""mod_FFF"": 0.0}"
OULAD,2,aligned,3,7745,CARE,bounded,CARE_bounded,0,below_policy_threshold,21.56,12.870810508728027,0.9699472616167754,2,"{""Test_1"": 0.0, ""Test_2"": 0.0, ""Test_3"": 0.0, ""Test_4"": 21.56, ""Test_5"": 0.0, ""Test_6"": 0.0, ""Test_7"": 0.0, ""Test_8"": 0.0, ""Test_9"": 0.0, ""Test_10"": 0.0, ""Test_11"": 0.0, ""sum_click"": 872.0, ""mod_AAA"": 0.0, ""mod_BBB"": 0.0, ""mod_EEE"": 1.0, ""mod_FFF"": 0.0}"
OULAD,2,aligned,3,7745,CARE,bounded+edit,CARE_bounded+edit,0,below_policy_threshold,21.56,12.870810508728027,0.9699472616167754,2,"{""Test_1"": 0.0, ""Test_2"": 0.0, ""Test_3"": 0.0, ""Test_4"": 21.56, ""Test_5"": 0.0, ""Test_6"": 0.0, ""Test_7"": 0.0, ""Test_8"": 0.0, ""Test_9"": 0.0, ""Test_10"": 0.0, ""Test_11"": 0.0, ""sum_click"": 872.0, ""mod_AAA"": 0.0, ""mod_BBB"": 0.0, ""mod_EEE"": 1.0, ""mod_FFF"": 0.0}"
OULAD,2,aligned,3,8424,CARE,native,CARE_native,0,immutable_changed:Test_1;immutable_changed:Test_2;immutable_changed:Test_3,44.638,13.570375442504883,0.8177791500145404,2,"{""Test_1"": 8.25, ""Test_2"": 5.0, ""Test_3"": 16.5, ""Test_4"": 14.888, ""Test_5"": 0.0, ""Test_6"": 0.0, ""Test_7"": 0.0, ""Test_8"": 0.0, ""Test_9"": 0.0, ""Test_10"": 0.0, ""Test_11"": 0.0, ""sum_click"": 1706.0, ""mod_AAA"": 0.0, ""mod_BBB"": 0.0, ""mod_EEE"": 0.0, ""mod_FFF"": 1.0}"
OULAD,2,aligned,3,8424,CARE,bounded,CARE_bounded,0,below_policy_threshold,16.75,13.570375442504883,0.9596985307354633,2,"{""Test_1"": 0.0, ""Test_2"": 0.0, ""Test_3"": 0.0, ""Test_4"": 16.75, ""Test_5"": 0.0, ""Test_6"": 0.0, ""Test_7"": 0.0, ""Test_8"": 0.0, ""Test_9"": 0.0, ""Test_10"": 0.0, ""Test_11"": 0.0, ""sum_click"": 2193.0, ""mod_AAA"": 0.0, ""mod_BBB"": 0.0, ""mod_EEE"": 0.0, ""mod_FFF"": 1.0}"
OULAD,2,aligned,3,8424,CARE,bounded+edit,CARE_bounded+edit,1,OK,41.75,13.570375442504883,1.959698530735463,3,"{""Test_1"": 0.0, ""Test_2"": 0.0, ""Test_3"": 0.0, ""Test_4"": 16.75, ""Test_5"": 25.0, ""Test_6"": 0.0, ""Test_7"": 0.0, ""Test_8"": 0.0, ""Test_9"": 0.0, ""Test_10"": 0.0, ""Test_11"": 0.0, ""sum_click"": 2193.0, ""mod_AAA"": 0.0, ""mod_BBB"": 0.0, ""mod_EEE"": 0.0, ""mod_FFF"": 1.0}"
OULAD,2,aligned,3,8609,CARE,native,CARE_native,0,immutable_changed:Test_2;immutable_changed:Test_3,42.629,14.840213537216187,0.989848210883322,3,"{""Test_1"": 6.25, ""Test_2"": 5.75, ""Test_3"": 9.75, ""Test_4"": 11.629, ""Test_5"": 9.25, ""Test_6"": 0.0, ""Test_7"": 0.0, ""Test_8"": 0.0, ""Test_9"": 0.0, ""Test_10"": 0.0, ""Test_11"": 0.0, ""sum_click"": 1191.0, ""mod_AAA"": 0.0, ""mod_BBB"": 0.0, ""mod_EEE"": 0.0, ""mod_FFF"": 1.0}"
OULAD,2,aligned,3,8609,CARE,bounded,CARE_bounded,0,below_policy_threshold,33.99,14.840213537216187,1.2851063212606677,3,"{""Test_1"": 6.25, ""Test_2"": 0.0, ""Test_3"": 0.0, ""Test_4"": 13.0, ""Test_5"": 14.74, ""Test_6"": 0.0, ""Test_7"": 0.0, ""Test_8"": 0.0, ""Test_9"": 0.0, ""Test_10"": 0.0, ""Test_11"": 0.0, ""sum_click"": 1342.0, ""mod_AAA"": 0.0, ""mod_BBB"": 0.0, ""mod_EEE"": 0.0, ""mod_FFF"": 1.0}"
OULAD,2,aligned,3,8609,CARE,bounded+edit,CARE_bounded+edit,0,below_policy_threshold,33.99,14.840213537216187,1.2851063212606677,3,"{""Test_1"": 6.25, ""Test_2"": 0.0, ""Test_3"": 0.0, ""Test_4"": 13.0, ""Test_5"": 14.74, ""Test_6"": 0.0, ""Test_7"": 0.0, ""Test_8"": 0.0, ""Test_9"": 0.0, ""Test_10"": 0.0, ""Test_11"": 0.0, ""sum_click"": 1342.0, ""mod_AAA"": 0.0, ""mod_BBB"": 0.0, ""mod_EEE"": 0.0, ""mod_FFF"": 1.0}"
OULAD,2,aligned,3,8819,CARE,native,CARE_native,0,immutable_changed:Test_3,47.75,13.870384693145752,0.68,1,"{""Test_1"": 6.75, ""Test_2"": 7.5, ""Test_3"": 16.5, ""Test_4"": 17.0, ""Test_5"": 0.0, ""Test_6"": 0.0, ""Test_7"": 0.0, ""Test_8"": 0.0, ""Test_9"": 0.0, ""Test_10"": 0.0, ""Test_11"": 0.0, ""sum_click"": 1499.0, ""mod_AAA"": 0.0, ""mod_BBB"": 0.0, ""mod_EEE"": 0.0, ""mod_FFF"": 1.0}"
OULAD,2,aligned,3,8819,CARE,bounded,CARE_bounded,1,OK,51.0,13.870384693145752,1.29,2,"{""Test_1"": 6.75, ""Test_2"": 7.5, ""Test_3"": 4.5, ""Test_4"": 16.5, ""Test_5"": 15.75, ""Test_6"": 0.0, ""Test_7"": 0.0, ""Test_8"": 0.0, ""Test_9"": 0.0, ""Test_10"": 0.0, ""Test_11"": 0.0, ""sum_click"": 1499.0, ""mod_AAA"": 0.0, ""mod_BBB"": 0.0, ""mod_EEE"": 0.0, ""mod_FFF"": 1.0}"
OULAD,2,aligned,3,8819,CARE,bounded+edit,CARE_bounded+edit,1,OK,51.0,13.870384693145752,1.29,2,"{""Test_1"": 6.75, ""Test_2"": 7.5, ""Test_3"": 4.5, ""Test_4"": 16.5, ""Test_5"": 15.75, ""Test_6"": 0.0, ""Test_7"": 0.0, ""Test_8"": 0.0, ""Test_9"": 0.0, ""Test_10"": 0.0, ""Test_11"": 0.0, ""sum_click"": 1499.0, ""mod_AAA"": 0.0, ""mod_BBB"": 0.0, ""mod_EEE"": 0.0, ""mod_FFF"": 1.0}"
OULAD,2,aligned,3,8959,CARE,native,CARE_native,0,immutable_changed:Test_2,40.44,13.397603273391724,0.546596762606423,1,"{""Test_1"": 11.0, ""Test_2"": 9.94, ""Test_3"": 19.5, ""Test_4"": 0.0, ""Test_5"": 0.0, ""Test_6"": 0.0, ""Test_7"": 0.0, ""Test_8"": 0.0, ""Test_9"": 0.0, ""Test_10"": 0.0, ""Test_11"": 0.0, ""sum_click"": 4356.0, ""mod_AAA"": 0.0, ""mod_BBB"": 0.0, ""mod_EEE"": 0.0, ""mod_FFF"": 1.0}"
OULAD,2,aligned,3,8959,CARE,bounded,CARE_bounded,0,below_policy_threshold,32.47,13.397603273391724,0.567924619782034,2,"{""Test_1"": 11.0, ""Test_2"": 0.0, ""Test_3"": 19.5, ""Test_4"": 0.0, ""Test_5"": 1.97, ""Test_6"": 0.0, ""Test_7"": 0.0, ""Test_8"": 0.0, ""Test_9"": 0.0, ""Test_10"": 0.0, ""Test_11"": 0.0, ""sum_click"": 3980.0, ""mod_AAA"": 0.0, ""mod_BBB"": 0.0, ""mod_EEE"": 0.0, ""mod_FFF"": 1.0}"
OULAD,2,aligned,3,8959,CARE,bounded+edit,CARE_bounded+edit,1,OK,40.80333333333333,13.397603273391724,0.9012579531153673,3,"{""Test_1"": 11.0, ""Test_2"": 0.0, ""Test_3"": 19.5, ""Test_4"": 8.333333, ""Test_5"": 1.97, ""Test_6"": 0.0, ""Test_7"": 0.0, ""Test_8"": 0.0, ""Test_9"": 0.0, ""Test_10"": 0.0, ""Test_11"": 0.0, ""sum_click"": 3980.0, ""mod_AAA"": 0.0, ""mod_BBB"": 0.0, ""mod_EEE"": 0.0, ""mod_FFF"": 1.0}"
OULAD,2,aligned,3,9041,CARE,native,CARE_native,0,immutable_changed:Test_3,45.208,13.707966804504395,0.0,0,"{""Test_1"": 11.5, ""Test_2"": 11.25, ""Test_3"": 22.458, ""Test_4"": 0.0, ""Test_5"": 0.0, ""Test_6"": 0.0, ""Test_7"": 0.0, ""Test_8"": 0.0, ""Test_9"": 0.0, ""Test_10"": 0.0, ""Test_11"": 0.0, ""sum_click"": 2338.0, ""mod_AAA"": 0.0, ""mod_BBB"": 0.0, ""mod_EEE"": 0.0, ""mod_FFF"": 1.0}"
OULAD,2,aligned,3,9041,CARE,bounded,CARE_bounded,1,OK,59.001000000000005,13.707966804504395,1.45004,2,"{""Test_1"": 11.5, ""Test_2"": 11.25, ""Test_3"": 0.0, ""Test_4"": 16.481, ""Test_5"": 19.77, ""Test_6"": 0.0, ""Test_7"": 0.0, ""Test_8"": 0.0, ""Test_9"": 0.0, ""Test_10"": 0.0, ""Test_11"": 0.0, ""sum_click"": 2338.0, ""mod_AAA"": 0.0, ""mod_BBB"": 0.0, ""mod_EEE"": 0.0, ""mod_FFF"": 1.0}"
OULAD,2,aligned,3,9041,CARE,bounded+edit,CARE_bounded+edit,1,OK,59.001000000000005,13.707966804504395,1.45004,2,"{""Test_1"": 11.5, ""Test_2"": 11.25, ""Test_3"": 0.0, ""Test_4"": 16.481, ""Test_5"": 19.77, ""Test_6"": 0.0, ""Test_7"": 0.0, ""Test_8"": 0.0, ""Test_9"": 0.0, ""Test_10"": 0.0, ""Test_11"": 0.0, ""sum_click"": 2338.0, ""mod_AAA"": 0.0, ""mod_BBB"": 0.0, ""mod_EEE"": 0.0, ""mod_FFF"": 1.0}"
OULAD,2,aligned,3,9302,CARE,native,CARE_native,0,immutable_changed:Test_2;immutable_changed:Test_3,45.283,13.566614389419556,0.0,0,"{""Test_1"": 12.25, ""Test_2"": 9.25, ""Test_3"": 23.783, ""Test_4"": 0.0, ""Test_5"": 0.0, ""Test_6"": 0.0, ""Test_7"": 0.0, ""Test_8"": 0.0, ""Test_9"": 0.0, ""Test_10"": 0.0, ""Test_11"": 0.0, ""sum_click"": 2466.0, ""mod_AAA"": 0.0, ""mod_BBB"": 0.0, ""mod_EEE"": 0.0, ""mod_FFF"": 1.0}"
OULAD,2,aligned,3,9302,CARE,bounded,CARE_bounded,1,OK,60.5,13.566614389419556,1.12,2,"{""Test_1"": 12.25, ""Test_2"": 6.25, ""Test_3"": 14.0, ""Test_4"": 12.5, ""Test_5"": 15.5, ""Test_6"": 0.0, ""Test_7"": 0.0, ""Test_8"": 0.0, ""Test_9"": 0.0, ""Test_10"": 0.0, ""Test_11"": 0.0, ""sum_click"": 2466.0, ""mod_AAA"": 0.0, ""mod_BBB"": 0.0, ""mod_EEE"": 0.0, ""mod_FFF"": 1.0}"
OULAD,2,aligned,3,9302,CARE,bounded+edit,CARE_bounded+edit,1,OK,60.5,13.566614389419556,1.12,2,"{""Test_1"": 12.25, ""Test_2"": 6.25, ""Test_3"": 14.0, ""Test_4"": 12.5, ""Test_5"": 15.5, ""Test_6"": 0.0, ""Test_7"": 0.0, ""Test_8"": 0.0, ""Test_9"": 0.0, ""Test_10"": 0.0, ""Test_11"": 0.0, ""sum_click"": 2466.0, ""mod_AAA"": 0.0, ""mod_BBB"": 0.0, ""mod_EEE"": 0.0, ""mod_FFF"": 1.0}"
OULAD,2,aligned,3,9680,CARE,native,CARE_native,0,below_policy_threshold;immutable_changed:Test_3,36.875,13.991710424423218,1.1047314696202015,3,"{""Test_1"": 0.0, ""Test_2"": 0.0, ""Test_3"": 13.405, ""Test_4"": 13.25, ""Test_5"": 10.22, ""Test_6"": 0.0, ""Test_7"": 0.0, ""Test_8"": 0.0, ""Test_9"": 0.0, ""Test_10"": 0.0, ""Test_11"": 0.0, ""sum_click"": 1215.0, ""mod_AAA"": 0.0, ""mod_BBB"": 0.0, ""mod_EEE"": 0.0, ""mod_FFF"": 1.0}"
OULAD,2,aligned,3,9680,CARE,bounded,CARE_bounded,0,below_policy_threshold;immutable_changed:Test_3,36.25,13.991710424423218,1.0907418434098575,3,"{""Test_1"": 0.0, ""Test_2"": 0.0, ""Test_3"": 13.0, ""Test_4"": 11.75, ""Test_5"": 11.5, ""Test_6"": 0.0, ""Test_7"": 0.0, ""Test_8"": 0.0, ""Test_9"": 0.0, ""Test_10"": 0.0, ""Test_11"": 0.0, ""sum_click"": 1177.0, ""mod_AAA"": 0.0, ""mod_BBB"": 0.0, ""mod_EEE"": 0.0, ""mod_FFF"": 1.0}"
OULAD,2,aligned,3,9680,CARE,bounded+edit,CARE_bounded+edit,0,below_policy_threshold;immutable_changed:Test_3,36.25,13.991710424423218,1.0907418434098575,3,"{""Test_1"": 0.0, ""Test_2"": 0.0, ""Test_3"": 13.0, ""Test_4"": 11.75, ""Test_5"": 11.5, ""Test_6"": 0.0, ""Test_7"": 0.0, ""Test_8"": 0.0, ""Test_9"": 0.0, ""Test_10"": 0.0, ""Test_11"": 0.0, ""sum_click"": 1177.0, ""mod_AAA"": 0.0, ""mod_BBB"": 0.0, ""mod_EEE"": 0.0, ""mod_FFF"": 1.0}"
OULAD,2,aligned,3,9866,CARE,native,CARE_native,0,immutable_changed:Test_2,42.943,13.65695309638977,0.67,1,"{""Test_1"": 8.0, ""Test_2"": 5.693, ""Test_3"": 12.5, ""Test_4"": 16.75, ""Test_5"": 0.0, ""Test_6"": 0.0, ""Test_7"": 0.0, ""Test_8"": 0.0, ""Test_9"": 0.0, ""Test_10"": 0.0, ""Test_11"": 0.0, ""sum_click"": 1793.0, ""mod_AAA"": 0.0, ""mod_BBB"": 0.0, ""mod_EEE"": 0.0, ""mod_FFF"": 1.0}"
OULAD,2,aligned,3,9866,CARE,bounded,CARE_bounded,1,OK,42.5,13.65695309638977,0.7972687320275623,2,"{""Test_1"": 8.0, ""Test_2"": 5.5, ""Test_3"": 12.5, ""Test_4"": 16.5, ""Test_5"": 0.0, ""Test_6"": 0.0, ""Test_7"": 0.0, ""Test_8"": 0.0, ""Test_9"": 0.0, ""Test_10"": 0.0, ""Test_11"": 0.0, ""sum_click"": 2552.0, ""mod_AAA"": 0.0, ""mod_BBB"": 0.0, ""mod_EEE"": 0.0, ""mod_FFF"": 1.0}"
OULAD,2,aligned,3,9866,CARE,bounded+edit,CARE_bounded+edit,1,OK,42.5,13.65695309638977,0.7972687320275623,2,"{""Test_1"": 8.0, ""Test_2"": 5.5, ""Test_3"": 12.5, ""Test_4"": 16.5, ""Test_5"": 0.0, ""Test_6"": 0.0, ""Test_7"": 0.0, ""Test_8"": 0.0, ""Test_9"": 0.0, ""Test_10"": 0.0, ""Test_11"": 0.0, ""sum_click"": 2552.0, ""mod_AAA"": 0.0, ""mod_BBB"": 0.0, ""mod_EEE"": 0.0, ""mod_FFF"": 1.0}"
OULAD,2,aligned,3,9925,CARE,native,CARE_native,0,immutable_changed:Test_1;immutable_changed:Test_3,45.077,14.058452844619751,0.63,1,"{""Test_1"": 7.827, ""Test_2"": 8.0, ""Test_3"": 13.5, ""Test_4"": 15.75, ""Test_5"": 0.0, ""Test_6"": 0.0, ""Test_7"": 0.0, ""Test_8"": 0.0, ""Test_9"": 0.0, ""Test_10"": 0.0, ""Test_11"": 0.0, ""sum_click"": 2238.0, ""mod_AAA"": 0.0, ""mod_BBB"": 0.0, ""mod_EEE"": 0.0, ""mod_FFF"": 1.0}"
OULAD,2,aligned,3,9925,CARE,bounded,CARE_bounded,1,OK,49.09,14.058452844619751,0.9573369942764982,3,"{""Test_1"": 6.25, ""Test_2"": 8.0, ""Test_3"": 11.0, ""Test_4"": 15.5, ""Test_5"": 8.34, ""Test_6"": 0.0, ""Test_7"": 0.0, ""Test_8"": 0.0, ""Test_9"": 0.0, ""Test_10"": 0.0, ""Test_11"": 0.0, ""sum_click"": 2257.0, ""mod_AAA"": 0.0, ""mod_BBB"": 0.0, ""mod_EEE"": 0.0, ""mod_FFF"": 1.0}"
OULAD,2,aligned,3,9925,CARE,bounded+edit,CARE_bounded+edit,1,OK,49.09,14.058452844619751,0.9573369942764982,3,"{""Test_1"": 6.25, ""Test_2"": 8.0, ""Test_3"": 11.0, ""Test_4"": 15.5, ""Test_5"": 8.34, ""Test_6"": 0.0, ""Test_7"": 0.0, ""Test_8"": 0.0, ""Test_9"": 0.0, ""Test_10"": 0.0, ""Test_11"": 0.0, ""sum_click"": 2257.0, ""mod_AAA"": 0.0, ""mod_BBB"": 0.0, ""mod_EEE"": 0.0, ""mod_FFF"": 1.0}"
OULAD,2,aligned,3,10735,CARE,native,CARE_native,1,OK,40.452,13.662560939788818,0.8053912355909449,3,"{""Test_1"": 8.75, ""Test_2"": 0.0, ""Test_3"": 13.5, ""Test_4"": 11.952, ""Test_5"": 6.25, ""Test_6"": 0.0, ""Test_7"": 0.0, ""Test_8"": 0.0, ""Test_9"": 0.0, ""Test_10"": 0.0, ""Test_11"": 0.0, ""sum_click"": 1343.0, ""mod_AAA"": 0.0, ""mod_BBB"": 0.0, ""mod_EEE"": 0.0, ""mod_FFF"": 1.0}"
OULAD,2,aligned,3,10735,CARE,bounded,CARE_bounded,1,OK,40.92,13.662560939788818,0.8045133774670926,3,"{""Test_1"": 8.75, ""Test_2"": 0.0, ""Test_3"": 13.5, ""Test_4"": 13.25, ""Test_5"": 5.42, ""Test_6"": 0.0, ""Test_7"": 0.0, ""Test_8"": 0.0, ""Test_9"": 0.0, ""Test_10"": 0.0, ""Test_11"": 0.0, ""sum_click"": 1216.0, ""mod_AAA"": 0.0, ""mod_BBB"": 0.0, ""mod_EEE"": 0.0, ""mod_FFF"": 1.0}"
OULAD,2,aligned,3,10735,CARE,bounded+edit,CARE_bounded+edit,1,OK,40.92,13.662560939788818,0.8045133774670926,3,"{""Test_1"": 8.75, ""Test_2"": 0.0, ""Test_3"": 13.5, ""Test_4"": 13.25, ""Test_5"": 5.42, ""Test_6"": 0.0, ""Test_7"": 0.0, ""Test_8"": 0.0, ""Test_9"": 0.0, ""Test_10"": 0.0, ""Test_11"": 0.0, ""sum_click"": 1216.0, ""mod_AAA"": 0.0, ""mod_BBB"": 0.0, ""mod_EEE"": 0.0, ""mod_FFF"": 1.0}"
OULAD,2,aligned,3,11211,CARE,native,CARE_native,0,immutable_changed:Test_2;immutable_changed:Test_3;immutable_changed:sum_click,44.424,14.412979364395142,0.21696000000000001,1,"{""Test_1"": 9.75, ""Test_2"": 11.0, ""Test_3"": 18.25, ""Test_4"": 5.424, ""Test_5"": 0.0, ""Test_6"": 0.0, ""Test_7"": 0.0, ""Test_8"": 0.0, ""Test_9"": 0.0, ""Test_10"": 0.0, ""Test_11"": 0.0, ""sum_click"": 5293.0, ""mod_AAA"": 0.0, ""mod_BBB"": 0.0, ""mod_EEE"": 0.0, ""mod_FFF"": 1.0}"
OULAD,2,aligned,3,11211,CARE,bounded,CARE_bounded,1,OK,54.5,14.412979364395142,1.21,2,"{""Test_1"": 9.75, ""Test_2"": 5.75, ""Test_3"": 8.75, ""Test_4"": 14.0, ""Test_5"": 16.25, ""Test_6"": 0.0, ""Test_7"": 0.0, ""Test_8"": 0.0, ""Test_9"": 0.0, ""Test_10"": 0.0, ""Test_11"": 0.0, ""sum_click"": 7343.0, ""mod_AAA"": 0.0, ""mod_BBB"": 0.0, ""mod_EEE"": 0.0, ""mod_FFF"": 1.0}"
OULAD,2,aligned,3,11211,CARE,bounded+edit,CARE_bounded+edit,1,OK,54.5,14.412979364395142,1.21,2,"{""Test_1"": 9.75, ""Test_2"": 5.75, ""Test_3"": 8.75, ""Test_4"": 14.0, ""Test_5"": 16.25, ""Test_6"": 0.0, ""Test_7"": 0.0, ""Test_8"": 0.0, ""Test_9"": 0.0, ""Test_10"": 0.0, ""Test_11"": 0.0, ""sum_click"": 7343.0, ""mod_AAA"": 0.0, ""mod_BBB"": 0.0, ""mod_EEE"": 0.0, ""mod_FFF"": 1.0}"
OULAD,2,aligned,3,11432,CARE,native,CARE_native,0,immutable_changed:Test_3,43.177,14.133946180343628,0.25623864614207864,1,"{""Test_1"": 12.0, ""Test_2"": 8.5, ""Test_3"": 22.677, ""Test_4"": 0.0, ""Test_5"": 0.0, ""Test_6"": 0.0, ""Test_7"": 0.0, ""Test_8"": 0.0, ""Test_9"": 0.0, ""Test_10"": 0.0, ""Test_11"": 0.0, ""sum_click"": 1877.0, ""mod_AAA"": 0.0, ""mod_BBB"": 0.0, ""mod_EEE"": 0.0, ""mod_FFF"": 1.0}"
OULAD,2,aligned,3,11432,CARE,bounded,CARE_bounded,1,OK,45.0,14.133946180343628,1.1658959474410282,3,"{""Test_1"": 12.0, ""Test_2"": 8.5, ""Test_3"": 0.0, ""Test_4"": 18.5, ""Test_5"": 6.0, ""Test_6"": 0.0, ""Test_7"": 0.0, ""Test_8"": 0.0, ""Test_9"": 0.0, ""Test_10"": 0.0, ""Test_11"": 0.0, ""sum_click"": 1362.0, ""mod_AAA"": 0.0, ""mod_BBB"": 0.0, ""mod_EEE"": 0.0, ""mod_FFF"": 1.0}"
OULAD,2,aligned,3,11432,CARE,bounded+edit,CARE_bounded+edit,1,OK,45.0,14.133946180343628,1.1658959474410282,3,"{""Test_1"": 12.0, ""Test_2"": 8.5, ""Test_3"": 0.0, ""Test_4"": 18.5, ""Test_5"": 6.0, ""Test_6"": 0.0, ""Test_7"": 0.0, ""Test_8"": 0.0, ""Test_9"": 0.0, ""Test_10"": 0.0, ""Test_11"": 0.0, ""sum_click"": 1362.0, ""mod_AAA"": 0.0, ""mod_BBB"": 0.0, ""mod_EEE"": 0.0, ""mod_FFF"": 1.0}"
OULAD,2,aligned,3,11598,CARE,native,CARE_native,0,immutable_changed:Test_3,43.67,13.540509939193726,1.2968000000000002,2,"{""Test_1"": 0.0, ""Test_2"": 0.0, ""Test_3"": 11.25, ""Test_4"": 15.75, ""Test_5"": 16.67, ""Test_6"": 0.0, ""Test_7"": 0.0, ""Test_8"": 0.0, ""Test_9"": 0.0, ""Test_10"": 0.0, ""Test_11"": 0.0, ""sum_click"": 980.0, ""mod_AAA"": 0.0, ""mod_BBB"": 0.0, ""mod_EEE"": 0.0, ""mod_FFF"": 1.0}"
OULAD,2,aligned,3,11598,CARE,bounded,CARE_bounded,0,below_policy_threshold,24.877000000000002,13.540509939193726,1.0715506809832396,3,"{""Test_1"": 0.0, ""Test_2"": 0.0, ""Test_3"": 0.0, ""Test_4"": 15.817, ""Test_5"": 9.06, ""Test_6"": 0.0, ""Test_7"": 0.0, ""Test_8"": 0.0, ""Test_9"": 0.0, ""Test_10"": 0.0, ""Test_11"": 0.0, ""sum_click"": 1465.0, ""mod_AAA"": 0.0, ""mod_BBB"": 0.0, ""mod_EEE"": 0.0, ""mod_FFF"": 1.0}"
OULAD,2,aligned,3,11598,CARE,bounded+edit,CARE_bounded+edit,0,below_policy_threshold,24.877000000000002,13.540509939193726,1.0715506809832396,3,"{""Test_1"": 0.0, ""Test_2"": 0.0, ""Test_3"": 0.0, ""Test_4"": 15.817, ""Test_5"": 9.06, ""Test_6"": 0.0, ""Test_7"": 0.0, ""Test_8"": 0.0, ""Test_9"": 0.0, ""Test_10"": 0.0, ""Test_11"": 0.0, ""sum_click"": 1465.0, ""mod_AAA"": 0.0, ""mod_BBB"": 0.0, ""mod_EEE"": 0.0, ""mod_FFF"": 1.0}"
OULAD,2,aligned,3,11639,CARE,native,CARE_native,0,immutable_changed:Test_3,48.229,13.357309579849243,0.7668,1,"{""Test_1"": 10.0, ""Test_2"": 7.0, ""Test_3"": 12.059, ""Test_4"": 19.17, ""Test_5"": 0.0, ""Test_6"": 0.0, ""Test_7"": 0.0, ""Test_8"": 0.0, ""Test_9"": 0.0, ""Test_10"": 0.0, ""Test_11"": 0.0, ""sum_click"": 3415.0, ""mod_AAA"": 0.0, ""mod_BBB"": 0.0, ""mod_EEE"": 0.0, ""mod_FFF"": 1.0}"
OULAD,2,aligned,3,11639,CARE,bounded,CARE_bounded,1,OK,44.25,13.357309579849243,0.68,1,"{""Test_1"": 10.0, ""Test_2"": 7.0, ""Test_3"": 10.25, ""Test_4"": 17.0, ""Test_5"": 0.0, ""Test_6"": 0.0, ""Test_7"": 0.0, ""Test_8"": 0.0, ""Test_9"": 0.0, ""Test_10"": 0.0, ""Test_11"": 0.0, ""sum_click"": 3415.0, ""mod_AAA"": 0.0, ""mod_BBB"": 0.0, ""mod_EEE"": 0.0, ""mod_FFF"": 1.0}"
OULAD,2,aligned,3,11639,CARE,bounded+edit,CARE_bounded+edit,1,OK,44.25,13.357309579849243,0.68,1,"{""Test_1"": 10.0, ""Test_2"": 7.0, ""Test_3"": 10.25, ""Test_4"": 17.0, ""Test_5"": 0.0, ""Test_6"": 0.0, ""Test_7"": 0.0, ""Test_8"": 0.0, ""Test_9"": 0.0, ""Test_10"": 0.0, ""Test_11"": 0.0, ""sum_click"": 3415.0, ""mod_AAA"": 0.0, ""mod_BBB"": 0.0, ""mod_EEE"": 0.0, ""mod_FFF"": 1.0}"
OULAD,2,aligned,3,11679,CARE,native,CARE_native,0,immutable_changed:Test_3,43.429,14.140641212463379,1.2771599999999999,2,"{""Test_1"": 0.0, ""Test_2"": 0.0, ""Test_3"": 11.5, ""Test_4"": 13.679, ""Test_5"": 18.25, ""Test_6"": 0.0, ""Test_7"": 0.0, ""Test_8"": 0.0, ""Test_9"": 0.0, ""Test_10"": 0.0, ""Test_11"": 0.0, ""sum_click"": 612.0, ""mod_AAA"": 0.0, ""mod_BBB"": 0.0, ""mod_EEE"": 0.0, ""mod_FFF"": 1.0}"
OULAD,2,aligned,3,11679,CARE,bounded,CARE_bounded,0,below_policy_threshold,26.283,14.140641212463379,1.1413308787982654,3,"{""Test_1"": 0.0, ""Test_2"": 0.0, ""Test_3"": 0.0, ""Test_4"": 16.283, ""Test_5"": 10.0, ""Test_6"": 0.0, ""Test_7"": 0.0, ""Test_8"": 0.0, ""Test_9"": 0.0, ""Test_10"": 0.0, ""Test_11"": 0.0, ""sum_click"": 1216.0, ""mod_AAA"": 0.0, ""mod_BBB"": 0.0, ""mod_EEE"": 0.0, ""mod_FFF"": 1.0}"
OULAD,2,aligned,3,11679,CARE,bounded+edit,CARE_bounded+edit,0,below_policy_threshold,26.283,14.140641212463379,1.1413308787982654,3,"{""Test_1"": 0.0, ""Test_2"": 0.0, ""Test_3"": 0.0, ""Test_4"": 16.283, ""Test_5"": 10.0, ""Test_6"": 0.0, ""Test_7"": 0.0, ""Test_8"": 0.0, ""Test_9"": 0.0, ""Test_10"": 0.0, ""Test_11"": 0.0, ""sum_click"": 1216.0, ""mod_AAA"": 0.0, ""mod_BBB"": 0.0, ""mod_EEE"": 0.0, ""mod_FFF"": 1.0}"
OULAD,2,aligned,3,11807,CARE,native,CARE_native,0,immutable_changed:Test_2;immutable_changed:Test_3,40.0,13.79951786994934,0.5460323999823434,1,"{""Test_1"": 11.25, ""Test_2"": 10.25, ""Test_3"": 18.5, ""Test_4"": 0.0, ""Test_5"": 0.0, ""Test_6"": 0.0, ""Test_7"": 0.0, ""Test_8"": 0.0, ""Test_9"": 0.0, ""Test_10"": 0.0, ""Test_11"": 0.0, ""sum_click"": 4237.0, ""mod_AAA"": 0.0, ""mod_BBB"": 0.0, ""mod_EEE"": 0.0, ""mod_FFF"": 1.0}"
OULAD,2,aligned,3,11807,CARE,bounded,CARE_bounded,1,OK,41.57,13.79951786994934,1.3283040242484883,3,"{""Test_1"": 11.25, ""Test_2"": 0.0, ""Test_3"": 0.0, ""Test_4"": 14.07, ""Test_5"": 16.25, ""Test_6"": 0.0, ""Test_7"": 0.0, ""Test_8"": 0.0, ""Test_9"": 0.0, ""Test_10"": 0.0, ""Test_11"": 0.0, ""sum_click"": 1311.0, ""mod_AAA"": 0.0, ""mod_BBB"": 0.0, ""mod_EEE"": 0.0, ""mod_FFF"": 1.0}"
OULAD,2,aligned,3,11807,CARE,bounded+edit,CARE_bounded+edit,1,OK,41.57,13.79951786994934,1.3283040242484883,3,"{""Test_1"": 11.25, ""Test_2"": 0.0, ""Test_3"": 0.0, ""Test_4"": 14.07, ""Test_5"": 16.25, ""Test_6"": 0.0, ""Test_7"": 0.0, ""Test_8"": 0.0, ""Test_9"": 0.0, ""Test_10"": 0.0, ""Test_11"": 0.0, ""sum_click"": 1311.0, ""mod_AAA"": 0.0, ""mod_BBB"": 0.0, ""mod_EEE"": 0.0, ""mod_FFF"": 1.0}"
OULAD,2,aligned,3,12483,CARE,native,CARE_native,0,immutable_changed:Test_3,45.455,13.88692331314087,0.49645161543529154,2,"{""Test_1"": 9.25, ""Test_2"": 10.5, ""Test_3"": 16.875, ""Test_4"": 8.83, ""Test_5"": 0.0, ""Test_6"": 0.0, ""Test_7"": 0.0, ""Test_8"": 0.0, ""Test_9"": 0.0, ""Test_10"": 0.0, ""Test_11"": 0.0, ""sum_click"": 1210.0, ""mod_AAA"": 0.0, ""mod_BBB"": 0.0, ""mod_EEE"": 0.0, ""mod_FFF"": 1.0}"
OULAD,2,aligned,3,12483,CARE,bounded,CARE_bounded,1,OK,49.0,13.88692331314087,1.321381354863126,3,"{""Test_1"": 9.25, ""Test_2"": 10.5, ""Test_3"": 0.0, ""Test_4"": 13.0, ""Test_5"": 16.25, ""Test_6"": 0.0, ""Test_7"": 0.0, ""Test_8"": 0.0, ""Test_9"": 0.0, ""Test_10"": 0.0, ""Test_11"": 0.0, ""sum_click"": 1268.0, ""mod_AAA"": 0.0, ""mod_BBB"": 0.0, ""mod_EEE"": 0.0, ""mod_FFF"": 1.0}"
OULAD,2,aligned,3,12483,CARE,bounded+edit,CARE_bounded+edit,1,OK,49.0,13.88692331314087,1.321381354863126,3,"{""Test_1"": 9.25, ""Test_2"": 10.5, ""Test_3"": 0.0, ""Test_4"": 13.0, ""Test_5"": 16.25, ""Test_6"": 0.0, ""Test_7"": 0.0, ""Test_8"": 0.0, ""Test_9"": 0.0, ""Test_10"": 0.0, ""Test_11"": 0.0, ""sum_click"": 1268.0, ""mod_AAA"": 0.0, ""mod_BBB"": 0.0, ""mod_EEE"": 0.0, ""mod_FFF"": 1.0}"
OULAD,2,aligned,3,12592,CARE,native,CARE_native,0,immutable_changed:Test_2;immutable_changed:Test_3,41.586,13.904981851577759,1.0363426592363498,2,"{""Test_1"": 7.25, ""Test_2"": 8.515, ""Test_3"": 11.571, ""Test_4"": 14.25, ""Test_5"": 0.0, ""Test_6"": 0.0, ""Test_7"": 0.0, ""Test_8"": 0.0, ""Test_9"": 0.0, ""Test_10"": 0.0, ""Test_11"": 0.0, ""sum_click"": 3578.0, ""mod_AAA"": 0.0, ""mod_BBB"": 0.0, ""mod_EEE"": 0.0, ""mod_FFF"": 1.0}"
OULAD,2,aligned,3,12592,CARE,bounded,CARE_bounded,1,OK,48.07,13.904981851577759,2.119303997833616,3,"{""Test_1"": 7.25, ""Test_2"": 8.5, ""Test_3"": 0.0, ""Test_4"": 15.5, ""Test_5"": 16.82, ""Test_6"": 0.0, ""Test_7"": 0.0, ""Test_8"": 0.0, ""Test_9"": 0.0, ""Test_10"": 0.0, ""Test_11"": 0.0, ""sum_click"": 6105.0, ""mod_AAA"": 0.0, ""mod_BBB"": 0.0, ""mod_EEE"": 0.0, ""mod_FFF"": 1.0}"
OULAD,2,aligned,3,12592,CARE,bounded+edit,CARE_bounded+edit,1,OK,48.07,13.904981851577759,2.119303997833616,3,"{""Test_1"": 7.25, ""Test_2"": 8.5, ""Test_3"": 0.0, ""Test_4"": 15.5, ""Test_5"": 16.82, ""Test_6"": 0.0, ""Test_7"": 0.0, ""Test_8"": 0.0, ""Test_9"": 0.0, ""Test_10"": 0.0, ""Test_11"": 0.0, ""sum_click"": 6105.0, ""mod_AAA"": 0.0, ""mod_BBB"": 0.0, ""mod_EEE"": 0.0, ""mod_FFF"": 1.0}"
OULAD,2,aligned,3,12860,CARE,native,CARE_native,1,OK,40.519999999999996,14.195967197418213,0.6266679153166748,2,"{""Test_1"": 9.75, ""Test_2"": 7.5, ""Test_3"": 10.0, ""Test_4"": 0.0, ""Test_5"": 13.27, ""Test_6"": 0.0, ""Test_7"": 0.0, ""Test_8"": 0.0, ""Test_9"": 0.0, ""Test_10"": 0.0, ""Test_11"": 0.0, ""sum_click"": 1211.0, ""mod_AAA"": 0.0, ""mod_BBB"": 0.0, ""mod_EEE"": 0.0, ""mod_FFF"": 1.0}"
OULAD,2,aligned,3,12860,CARE,bounded,CARE_bounded,1,OK,47.67,14.195967197418213,0.8984652611956859,3,"{""Test_1"": 9.75, ""Test_2"": 7.5, ""Test_3"": 10.0, ""Test_4"": 11.75, ""Test_5"": 8.67, ""Test_6"": 0.0, ""Test_7"": 0.0, ""Test_8"": 0.0, ""Test_9"": 0.0, ""Test_10"": 0.0, ""Test_11"": 0.0, ""sum_click"": 1115.0, ""mod_AAA"": 0.0, ""mod_BBB"": 0.0, ""mod_EEE"": 0.0, ""mod_FFF"": 1.0}"
OULAD,2,aligned,3,12860,CARE,bounded+edit,CARE_bounded+edit,1,OK,47.67,14.195967197418213,0.8984652611956859,3,"{""Test_1"": 9.75, ""Test_2"": 7.5, ""Test_3"": 10.0, ""Test_4"": 11.75, ""Test_5"": 8.67, ""Test_6"": 0.0, ""Test_7"": 0.0, ""Test_8"": 0.0, ""Test_9"": 0.0, ""Test_10"": 0.0, ""Test_11"": 0.0, ""sum_click"": 1115.0, ""mod_AAA"": 0.0, ""mod_BBB"": 0.0, ""mod_EEE"": 0.0, ""mod_FFF"": 1.0}"
OULAD,2,aligned,3,13439,CARE,native,CARE_native,0,immutable_changed:Test_2;immutable_changed:Test_3,42.79,13.78412413597107,0.8606952899711632,2,"{""Test_1"": 7.5, ""Test_2"": 5.0, ""Test_3"": 14.54, ""Test_4"": 15.75, ""Test_5"": 0.0, ""Test_6"": 0.0, ""Test_7"": 0.0, ""Test_8"": 0.0, ""Test_9"": 0.0, ""Test_10"": 0.0, ""Test_11"": 0.0, ""sum_click"": 1800.0, ""mod_AAA"": 0.0, ""mod_BBB"": 0.0, ""mod_EEE"": 0.0, ""mod_FFF"": 1.0}"
OULAD,2,aligned,3,13439,CARE,bounded,CARE_bounded,0,below_policy_threshold,38.75,13.78412413597107,1.4050506387306188,3,"{""Test_1"": 7.5, ""Test_2"": 0.0, ""Test_3"": 0.0, ""Test_4"": 15.75, ""Test_5"": 15.5, ""Test_6"": 0.0, ""Test_7"": 0.0, ""Test_8"": 0.0, ""Test_9"": 0.0, ""Test_10"": 0.0, ""Test_11"": 0.0, ""sum_click"": 1257.0, ""mod_AAA"": 0.0, ""mod_BBB"": 0.0, ""mod_EEE"": 0.0, ""mod_FFF"": 1.0}"
OULAD,2,aligned,3,13439,CARE,bounded+edit,CARE_bounded+edit,0,below_policy_threshold,38.75,13.78412413597107,1.4050506387306188,3,"{""Test_1"": 7.5, ""Test_2"": 0.0, ""Test_3"": 0.0, ""Test_4"": 15.75, ""Test_5"": 15.5, ""Test_6"": 0.0, ""Test_7"": 0.0, ""Test_8"": 0.0, ""Test_9"": 0.0, ""Test_10"": 0.0, ""Test_11"": 0.0, ""sum_click"": 1257.0, ""mod_AAA"": 0.0, ""mod_BBB"": 0.0, ""mod_EEE"": 0.0, ""mod_FFF"": 1.0}"
