dataset,seed,regime,stage,query,method,variant,condition,accepted,reasons,policy_score,seconds,effort,sparsity,vector
HarvardX,0,aligned,0,19,NICE,native,NICE_native,1,OK,0.0,0.005005836486816406,0.4024777263217283,2.0,"{""nevents"": 66.0, ""ndays_act"": 21.0, ""nchapters"": 7.0}"
HarvardX,0,aligned,0,19,NICE,bounded,NICE_bounded,1,OK,0.0,0.005005836486816406,0.4024777263217283,2.0,"{""nevents"": 66.0, ""ndays_act"": 21.0, ""nchapters"": 7.0}"
HarvardX,0,aligned,0,19,NICE,bounded+edit,NICE_bounded+edit,1,OK,0.0,0.005005836486816406,0.4024777263217283,2.0,"{""nevents"": 66.0, ""ndays_act"": 21.0, ""nchapters"": 7.0}"
HarvardX,0,aligned,0,19,MCCE,native,MCCE_native,1,OK,0.0,0.08862900733947754,0.9741319730129999,3.0,"{""nevents"": 92.0, ""ndays_act"": 29.0, ""nchapters"": 9.0}"
HarvardX,0,aligned,0,19,MCCE,bounded,MCCE_bounded,1,OK,0.0,0.08862900733947754,0.9741319730129999,3.0,"{""nevents"": 92.0, ""ndays_act"": 29.0, ""nchapters"": 9.0}"
HarvardX,0,aligned,0,19,MCCE,bounded+edit,MCCE_bounded+edit,1,OK,0.0,0.08862900733947754,0.9741319730129999,3.0,"{""nevents"": 92.0, ""ndays_act"": 29.0, ""nchapters"": 9.0}"
HarvardX,0,aligned,0,36,NICE,native,NICE_native,0,out_of_bounds:nevents,0.0,0.0046007633209228516,0.29788893764321583,2.0,"{""nevents"": 121.0, ""ndays_act"": 19.0, ""nchapters"": 12.0}"
HarvardX,0,aligned,0,36,NICE,bounded,NICE_bounded,0,classifier_target_not_met,0.0,0.0046007633209228516,0.023255813953488372,1.0,"{""nevents"": 252.0, ""ndays_act"": 19.0, ""nchapters"": 12.0}"
HarvardX,0,aligned,0,36,NICE,bounded+edit,NICE_bounded+edit,0,classifier_target_not_met,0.0,0.0046007633209228516,0.023255813953488372,1.0,"{""nevents"": 252.0, ""ndays_act"": 19.0, ""nchapters"": 12.0}"
HarvardX,0,aligned,0,36,MCCE,native,MCCE_native,0,out_of_bounds:nevents,0.0,0.05904674530029297,0.3167568621715177,2.0,"{""nevents"": 112.0, ""ndays_act"": 19.0, ""nchapters"": 12.0}"
HarvardX,0,aligned,0,36,MCCE,bounded,MCCE_bounded,1,OK,0.0,0.05904674530029297,0.3143191458241919,2.0,"{""nevents"": 291.0, ""ndays_act"": 28.0, ""nchapters"": 12.0}"
HarvardX,0,aligned,0,36,MCCE,bounded+edit,MCCE_bounded+edit,1,OK,0.0,0.05904674530029297,0.3143191458241919,2.0,"{""nevents"": 291.0, ""ndays_act"": 28.0, ""nchapters"": 12.0}"
HarvardX,0,aligned,0,40,NICE,native,NICE_native,0,out_of_bounds:nevents,0.0,0.0047588348388671875,0.04645139960326207,2.0,"{""nevents"": 12.0, ""ndays_act"": 10.0, ""nchapters"": 12.0}"
HarvardX,0,aligned,0,40,NICE,bounded,NICE_bounded,0,classifier_target_not_met,0.0,0.0047588348388671875,0.019230769230769232,1.0,"{""nevents"": 31.0, ""ndays_act"": 10.0, ""nchapters"": 12.0}"
HarvardX,0,aligned,0,40,NICE,bounded+edit,NICE_bounded+edit,0,classifier_target_not_met,0.0,0.0047588348388671875,0.019230769230769232,1.0,"{""nevents"": 31.0, ""ndays_act"": 10.0, ""nchapters"": 12.0}"
HarvardX,0,aligned,0,40,MCCE,native,MCCE_native,0,out_of_bounds:nevents,0.0,0.027557849884033203,0.04705752700022041,2.0,"{""nevents"": 25.0, ""ndays_act"": 11.0, ""nchapters"": 12.0}"
HarvardX,0,aligned,0,40,MCCE,bounded,MCCE_bounded,1,OK,0.0,0.027557849884033203,0.07201895525677761,2.0,"{""nevents"": 41.0, ""ndays_act"": 12.0, ""nchapters"": 12.0}"
HarvardX,0,aligned,0,40,MCCE,bounded+edit,MCCE_bounded+edit,1,OK,0.0,0.027557849884033203,0.07201895525677761,2.0,"{""nevents"": 41.0, ""ndays_act"": 12.0, ""nchapters"": 12.0}"
HarvardX,0,aligned,0,56,NICE,native,NICE_native,0,out_of_bounds:nevents,0.0,0.0037140846252441406,0.05417276720351391,1.0,"{""nevents"": 9.0, ""ndays_act"": 7.0, ""nchapters"": 12.0}"
HarvardX,0,aligned,0,56,NICE,bounded,NICE_bounded,0,classifier_target_not_met,0.0,0.0037140846252441406,0.0,0.0,"{""nevents"": 46.0, ""ndays_act"": 7.0, ""nchapters"": 12.0}"
HarvardX,0,aligned,0,56,NICE,bounded+edit,NICE_bounded+edit,0,classifier_target_not_met,0.0,0.0037140846252441406,0.0,0.0,"{""nevents"": 46.0, ""ndays_act"": 7.0, ""nchapters"": 12.0}"
HarvardX,0,aligned,0,56,MCCE,native,MCCE_native,0,out_of_bounds:nevents,0.0,0.026240110397338867,0.05417276720351391,1.0,"{""nevents"": 9.0, ""ndays_act"": 7.0, ""nchapters"": 12.0}"
HarvardX,0,aligned,0,56,MCCE,bounded,MCCE_bounded,1,OK,0.0,0.026240110397338867,0.2222222222222222,1.0,"{""nevents"": 46.0, ""ndays_act"": 19.0, ""nchapters"": 12.0}"
HarvardX,0,aligned,0,56,MCCE,bounded+edit,MCCE_bounded+edit,1,OK,0.0,0.026240110397338867,0.2222222222222222,1.0,"{""nevents"": 46.0, ""ndays_act"": 19.0, ""nchapters"": 12.0}"
HarvardX,0,aligned,0,92,NICE,native,NICE_native,1,OK,0.0,0.004509687423706055,0.5418042939719241,2.0,"{""nevents"": 103.0, ""ndays_act"": 30.0, ""nchapters"": 6.0}"
HarvardX,0,aligned,0,92,NICE,bounded,NICE_bounded,1,OK,0.0,0.004509687423706055,0.5418042939719241,2.0,"{""nevents"": 103.0, ""ndays_act"": 30.0, ""nchapters"": 6.0}"
HarvardX,0,aligned,0,92,NICE,bounded+edit,NICE_bounded+edit,1,OK,0.0,0.004509687423706055,0.5418042939719241,2.0,"{""nevents"": 103.0, ""ndays_act"": 30.0, ""nchapters"": 6.0}"
HarvardX,0,aligned,0,92,MCCE,native,MCCE_native,1,OK,0.0,0.03803730010986328,1.0080511973575557,3.0,"{""nevents"": 92.0, ""ndays_act"": 29.0, ""nchapters"": 9.0}"
HarvardX,0,aligned,0,92,MCCE,bounded,MCCE_bounded,1,OK,0.0,0.03803730010986328,1.0080511973575557,3.0,"{""nevents"": 92.0, ""ndays_act"": 29.0, ""nchapters"": 9.0}"
HarvardX,0,aligned,0,92,MCCE,bounded+edit,MCCE_bounded+edit,1,OK,0.0,0.03803730010986328,1.0080511973575557,3.0,"{""nevents"": 92.0, ""ndays_act"": 29.0, ""nchapters"": 9.0}"
HarvardX,0,aligned,0,118,NICE,native,NICE_native,1,OK,0.0,0.004656791687011719,0.3828059996851739,2.0,"{""nevents"": 52.0, ""ndays_act"": 19.0, ""nchapters"": 8.0}"
HarvardX,0,aligned,0,118,NICE,bounded,NICE_bounded,1,OK,0.0,0.004656791687011719,0.3828059996851739,2.0,"{""nevents"": 52.0, ""ndays_act"": 19.0, ""nchapters"": 8.0}"
HarvardX,0,aligned,0,118,NICE,bounded+edit,NICE_bounded+edit,1,OK,0.0,0.004656791687011719,0.3828059996851739,2.0,"{""nevents"": 52.0, ""ndays_act"": 19.0, ""nchapters"": 8.0}"
HarvardX,0,aligned,0,118,MCCE,native,MCCE_native,1,OK,0.0,0.038553714752197266,0.8516101104139963,3.0,"{""nevents"": 92.0, ""ndays_act"": 29.0, ""nchapters"": 9.0}"
HarvardX,0,aligned,0,118,MCCE,bounded,MCCE_bounded,1,OK,0.0,0.038553714752197266,0.8516101104139963,3.0,"{""nevents"": 92.0, ""ndays_act"": 29.0, ""nchapters"": 9.0}"
HarvardX,0,aligned,0,118,MCCE,bounded+edit,MCCE_bounded+edit,1,OK,0.0,0.038553714752197266,0.8516101104139963,3.0,"{""nevents"": 92.0, ""ndays_act"": 29.0, ""nchapters"": 9.0}"
HarvardX,0,aligned,0,125,NICE,native,NICE_native,1,OK,0.0,0.004544734954833984,0.4347972745058355,2.0,"{""nevents"": 66.0, ""ndays_act"": 21.0, ""nchapters"": 7.0}"
HarvardX,0,aligned,0,125,NICE,bounded,NICE_bounded,1,OK,0.0,0.004544734954833984,0.4347972745058355,2.0,"{""nevents"": 66.0, ""ndays_act"": 21.0, ""nchapters"": 7.0}"
HarvardX,0,aligned,0,125,NICE,bounded+edit,NICE_bounded+edit,1,OK,0.0,0.004544734954833984,0.4347972745058355,2.0,"{""nevents"": 66.0, ""ndays_act"": 21.0, ""nchapters"": 7.0}"
HarvardX,0,aligned,0,125,MCCE,native,MCCE_native,1,OK,0.0,0.03876352310180664,1.0016101104139963,3.0,"{""nevents"": 92.0, ""ndays_act"": 29.0, ""nchapters"": 9.0}"
HarvardX,0,aligned,0,125,MCCE,bounded,MCCE_bounded,1,OK,0.0,0.03876352310180664,1.0016101104139963,3.0,"{""nevents"": 92.0, ""ndays_act"": 29.0, ""nchapters"": 9.0}"
HarvardX,0,aligned,0,125,MCCE,bounded+edit,MCCE_bounded+edit,1,OK,0.0,0.03876352310180664,1.0016101104139963,3.0,"{""nevents"": 92.0, ""ndays_act"": 29.0, ""nchapters"": 9.0}"
HarvardX,0,aligned,0,127,NICE,native,NICE_native,1,OK,0.0,0.004469633102416992,0.5984812302989779,2.0,"{""nevents"": 103.0, ""ndays_act"": 30.0, ""nchapters"": 6.0}"
HarvardX,0,aligned,0,127,NICE,bounded,NICE_bounded,1,OK,0.0,0.004469633102416992,0.5984812302989779,2.0,"{""nevents"": 103.0, ""ndays_act"": 30.0, ""nchapters"": 6.0}"
HarvardX,0,aligned,0,127,NICE,bounded+edit,NICE_bounded+edit,1,OK,0.0,0.004469633102416992,0.5984812302989779,2.0,"{""nevents"": 103.0, ""ndays_act"": 30.0, ""nchapters"": 6.0}"
HarvardX,0,aligned,0,127,MCCE,native,MCCE_native,1,OK,0.0,0.03806948661804199,1.066004393924921,3.0,"{""nevents"": 92.0, ""ndays_act"": 29.0, ""nchapters"": 9.0}"
HarvardX,0,aligned,0,127,MCCE,bounded,MCCE_bounded,1,OK,0.0,0.03806948661804199,1.066004393924921,3.0,"{""nevents"": 92.0, ""ndays_act"": 29.0, ""nchapters"": 9.0}"
HarvardX,0,aligned,0,127,MCCE,bounded+edit,MCCE_bounded+edit,1,OK,0.0,0.03806948661804199,1.066004393924921,3.0,"{""nevents"": 92.0, ""ndays_act"": 29.0, ""nchapters"": 9.0}"
HarvardX,0,aligned,0,172,NICE,native,NICE_native,1,OK,0.0,0.004511117935180664,0.4347972745058355,2.0,"{""nevents"": 66.0, ""ndays_act"": 21.0, ""nchapters"": 7.0}"
HarvardX,0,aligned,0,172,NICE,bounded,NICE_bounded,1,OK,0.0,0.004511117935180664,0.4347972745058355,2.0,"{""nevents"": 66.0, ""ndays_act"": 21.0, ""nchapters"": 7.0}"
HarvardX,0,aligned,0,172,NICE,bounded+edit,NICE_bounded+edit,1,OK,0.0,0.004511117935180664,0.4347972745058355,2.0,"{""nevents"": 66.0, ""ndays_act"": 21.0, ""nchapters"": 7.0}"
HarvardX,0,aligned,0,172,MCCE,native,MCCE_native,1,OK,0.0,0.038842201232910156,1.0016101104139963,3.0,"{""nevents"": 92.0, ""ndays_act"": 29.0, ""nchapters"": 9.0}"
HarvardX,0,aligned,0,172,MCCE,bounded,MCCE_bounded,1,OK,0.0,0.038842201232910156,1.0016101104139963,3.0,"{""nevents"": 92.0, ""ndays_act"": 29.0, ""nchapters"": 9.0}"
HarvardX,0,aligned,0,172,MCCE,bounded+edit,MCCE_bounded+edit,1,OK,0.0,0.038842201232910156,1.0016101104139963,3.0,"{""nevents"": 92.0, ""ndays_act"": 29.0, ""nchapters"": 9.0}"
HarvardX,0,aligned,0,200,NICE,native,NICE_native,1,OK,0.0,0.004993915557861328,0.6330927162742584,2.0,"{""nevents"": 103.0, ""ndays_act"": 30.0, ""nchapters"": 6.0}"
HarvardX,0,aligned,0,200,NICE,bounded,NICE_bounded,1,OK,0.0,0.004993915557861328,0.6330927162742584,2.0,"{""nevents"": 103.0, ""ndays_act"": 30.0, ""nchapters"": 6.0}"
HarvardX,0,aligned,0,200,NICE,bounded+edit,NICE_bounded+edit,1,OK,0.0,0.004993915557861328,0.6330927162742584,2.0,"{""nevents"": 103.0, ""ndays_act"": 30.0, ""nchapters"": 6.0}"
HarvardX,0,aligned,0,200,MCCE,native,MCCE_native,1,OK,0.0,0.038208961486816406,1.1016101104139961,3.0,"{""nevents"": 92.0, ""ndays_act"": 29.0, ""nchapters"": 9.0}"
HarvardX,0,aligned,0,200,MCCE,bounded,MCCE_bounded,1,OK,0.0,0.038208961486816406,1.1016101104139961,3.0,"{""nevents"": 92.0, ""ndays_act"": 29.0, ""nchapters"": 9.0}"
HarvardX,0,aligned,0,200,MCCE,bounded+edit,MCCE_bounded+edit,1,OK,0.0,0.038208961486816406,1.1016101104139961,3.0,"{""nevents"": 92.0, ""ndays_act"": 29.0, ""nchapters"": 9.0}"
HarvardX,0,aligned,0,216,NICE,native,NICE_native,1,OK,0.0,0.0044558048248291016,0.3828059996851739,2.0,"{""nevents"": 52.0, ""ndays_act"": 19.0, ""nchapters"": 8.0}"
HarvardX,0,aligned,0,216,NICE,bounded,NICE_bounded,1,OK,0.0,0.0044558048248291016,0.3828059996851739,2.0,"{""nevents"": 52.0, ""ndays_act"": 19.0, ""nchapters"": 8.0}"
HarvardX,0,aligned,0,216,NICE,bounded+edit,NICE_bounded+edit,1,OK,0.0,0.0044558048248291016,0.3828059996851739,2.0,"{""nevents"": 52.0, ""ndays_act"": 19.0, ""nchapters"": 8.0}"
HarvardX,0,aligned,0,216,MCCE,native,MCCE_native,1,OK,0.0,0.03916192054748535,0.8516101104139963,3.0,"{""nevents"": 92.0, ""ndays_act"": 29.0, ""nchapters"": 9.0}"
HarvardX,0,aligned,0,216,MCCE,bounded,MCCE_bounded,1,OK,0.0,0.03916192054748535,0.8516101104139963,3.0,"{""nevents"": 92.0, ""ndays_act"": 29.0, ""nchapters"": 9.0}"
HarvardX,0,aligned,0,216,MCCE,bounded+edit,MCCE_bounded+edit,1,OK,0.0,0.03916192054748535,0.8516101104139963,3.0,"{""nevents"": 92.0, ""ndays_act"": 29.0, ""nchapters"": 9.0}"
HarvardX,0,aligned,0,226,NICE,native,NICE_native,0,out_of_bounds:nevents,0.0,0.004827260971069336,0.595054945054945,2.0,"{""nevents"": 12.0, ""ndays_act"": 10.0, ""nchapters"": 12.0}"
HarvardX,0,aligned,0,226,NICE,bounded,NICE_bounded,0,classifier_target_not_met,0.0,0.004827260971069336,0.019230769230769232,1.0,"{""nevents"": 274.0, ""ndays_act"": 10.0, ""nchapters"": 12.0}"
HarvardX,0,aligned,0,226,NICE,bounded+edit,NICE_bounded+edit,0,classifier_target_not_met,0.0,0.004827260971069336,0.019230769230769232,1.0,"{""nevents"": 274.0, ""ndays_act"": 10.0, ""nchapters"": 12.0}"
HarvardX,0,aligned,0,226,MCCE,native,MCCE_native,0,out_of_bounds:nevents,0.0,0.02485799789428711,0.5857142857142857,2.0,"{""nevents"": 25.0, ""ndays_act"": 11.0, ""nchapters"": 12.0}"
HarvardX,0,aligned,0,226,MCCE,bounded,MCCE_bounded,1,OK,0.0,0.02485799789428711,0.4027472527472527,2.0,"{""nevents"": 291.0, ""ndays_act"": 28.0, ""nchapters"": 12.0}"
HarvardX,0,aligned,0,226,MCCE,bounded+edit,MCCE_bounded+edit,1,OK,0.0,0.02485799789428711,0.4027472527472527,2.0,"{""nevents"": 291.0, ""ndays_act"": 28.0, ""nchapters"": 12.0}"
HarvardX,0,aligned,0,235,NICE,native,NICE_native,1,OK,0.0,0.004902839660644531,0.4347972745058355,2.0,"{""nevents"": 66.0, ""ndays_act"": 21.0, ""nchapters"": 7.0}"
HarvardX,0,aligned,0,235,NICE,bounded,NICE_bounded,1,OK,0.0,0.004902839660644531,0.4347972745058355,2.0,"{""nevents"": 66.0, ""ndays_act"": 21.0, ""nchapters"": 7.0}"
HarvardX,0,aligned,0,235,NICE,bounded+edit,NICE_bounded+edit,1,OK,0.0,0.004902839660644531,0.4347972745058355,2.0,"{""nevents"": 66.0, ""ndays_act"": 21.0, ""nchapters"": 7.0}"
HarvardX,0,aligned,0,235,MCCE,native,MCCE_native,1,OK,0.0,0.038928985595703125,1.0016101104139963,3.0,"{""nevents"": 92.0, ""ndays_act"": 29.0, ""nchapters"": 9.0}"
HarvardX,0,aligned,0,235,MCCE,bounded,MCCE_bounded,1,OK,0.0,0.038928985595703125,1.0016101104139963,3.0,"{""nevents"": 92.0, ""ndays_act"": 29.0, ""nchapters"": 9.0}"
HarvardX,0,aligned,0,235,MCCE,bounded+edit,MCCE_bounded+edit,1,OK,0.0,0.038928985595703125,1.0016101104139963,3.0,"{""nevents"": 92.0, ""ndays_act"": 29.0, ""nchapters"": 9.0}"
HarvardX,0,aligned,0,265,NICE,native,NICE_native,0,out_of_bounds:nevents,0.0,0.00477290153503418,0.16895787139689578,2.0,"{""nevents"": 66.0, ""ndays_act"": 21.0, ""nchapters"": 7.0}"
HarvardX,0,aligned,0,265,NICE,bounded,NICE_bounded,0,classifier_target_not_met,0.0,0.00477290153503418,0.09090909090909091,1.0,"{""nevents"": 114.0, ""ndays_act"": 21.0, ""nchapters"": 7.0}"
HarvardX,0,aligned,0,265,NICE,bounded+edit,NICE_bounded+edit,0,classifier_target_not_met,0.0,0.00477290153503418,0.09090909090909091,1.0,"{""nevents"": 114.0, ""ndays_act"": 21.0, ""nchapters"": 7.0}"
HarvardX,0,aligned,0,265,MCCE,native,MCCE_native,1,OK,0.0,0.03840351104736328,1.25,2.0,"{""nevents"": 114.0, ""ndays_act"": 28.0, ""nchapters"": 12.0}"
HarvardX,0,aligned,0,265,MCCE,bounded,MCCE_bounded,1,OK,0.0,0.03840351104736328,1.25,2.0,"{""nevents"": 114.0, ""ndays_act"": 28.0, ""nchapters"": 12.0}"
HarvardX,0,aligned,0,265,MCCE,bounded+edit,MCCE_bounded+edit,1,OK,0.0,0.03840351104736328,1.25,2.0,"{""nevents"": 114.0, ""ndays_act"": 28.0, ""nchapters"": 12.0}"
HarvardX,0,aligned,0,272,NICE,native,NICE_native,0,out_of_bounds:nevents,0.0,0.00464320182800293,0.0616600790513834,2.0,"{""nevents"": 9.0, ""ndays_act"": 7.0, ""nchapters"": 12.0}"
HarvardX,0,aligned,0,272,NICE,bounded,NICE_bounded,0,classifier_target_not_met,0.0,0.00464320182800293,0.01818181818181818,1.0,"{""nevents"": 39.0, ""ndays_act"": 7.0, ""nchapters"": 12.0}"
HarvardX,0,aligned,0,272,NICE,bounded+edit,NICE_bounded+edit,0,classifier_target_not_met,0.0,0.00464320182800293,0.01818181818181818,1.0,"{""nevents"": 39.0, ""ndays_act"": 7.0, ""nchapters"": 12.0}"
HarvardX,0,aligned,0,272,MCCE,native,MCCE_native,0,out_of_bounds:nevents,0.0,0.02525043487548828,0.0616600790513834,2.0,"{""nevents"": 9.0, ""ndays_act"": 7.0, ""nchapters"": 12.0}"
HarvardX,0,aligned,0,272,MCCE,bounded,MCCE_bounded,1,OK,0.0,0.02525043487548828,0.11198945981554677,2.0,"{""nevents"": 41.0, ""ndays_act"": 12.0, ""nchapters"": 12.0}"
HarvardX,0,aligned,0,272,MCCE,bounded+edit,MCCE_bounded+edit,1,OK,0.0,0.02525043487548828,0.11198945981554677,2.0,"{""nevents"": 41.0, ""ndays_act"": 12.0, ""nchapters"": 12.0}"
HarvardX,0,aligned,0,289,NICE,native,NICE_native,0,out_of_bounds:nevents,0.0,0.003368854522705078,0.17455138662316477,1.0,"{""nevents"": 9.0, ""ndays_act"": 7.0, ""nchapters"": 12.0}"
HarvardX,0,aligned,0,289,NICE,bounded,NICE_bounded,0,classifier_target_not_met,0.0,0.003368854522705078,0.0,0.0,"{""nevents"": 116.0, ""ndays_act"": 7.0, ""nchapters"": 12.0}"
HarvardX,0,aligned,0,289,NICE,bounded+edit,NICE_bounded+edit,0,classifier_target_not_met,0.0,0.003368854522705078,0.0,0.0,"{""nevents"": 116.0, ""ndays_act"": 7.0, ""nchapters"": 12.0}"
HarvardX,0,aligned,0,289,MCCE,native,MCCE_native,0,out_of_bounds:nevents,0.0,0.04898405075073242,0.17455138662316477,1.0,"{""nevents"": 9.0, ""ndays_act"": 7.0, ""nchapters"": 12.0}"
HarvardX,0,aligned,0,289,MCCE,bounded,MCCE_bounded,1,OK,0.0,0.04898405075073242,0.25925925925925924,1.0,"{""nevents"": 116.0, ""ndays_act"": 21.0, ""nchapters"": 12.0}"
HarvardX,0,aligned,0,289,MCCE,bounded+edit,MCCE_bounded+edit,1,OK,0.0,0.04898405075073242,0.25925925925925924,1.0,"{""nevents"": 116.0, ""ndays_act"": 21.0, ""nchapters"": 12.0}"
HarvardX,0,aligned,0,291,NICE,native,NICE_native,0,out_of_bounds:nevents,0.0,0.003309011459350586,0.0015290519877675841,1.0,"{""nevents"": 74.0, ""ndays_act"": 15.0, ""nchapters"": 12.0}"
HarvardX,0,aligned,0,291,NICE,bounded,NICE_bounded,0,classifier_target_not_met,0.0,0.003309011459350586,0.0,0.0,"{""nevents"": 75.0, ""ndays_act"": 15.0, ""nchapters"": 12.0}"
HarvardX,0,aligned,0,291,NICE,bounded+edit,NICE_bounded+edit,0,classifier_target_not_met,0.0,0.003309011459350586,0.0,0.0,"{""nevents"": 75.0, ""ndays_act"": 15.0, ""nchapters"": 12.0}"
HarvardX,0,aligned,0,291,MCCE,native,MCCE_native,1,OK,0.0,0.025368690490722656,0.0061162079510703364,1.0,"{""nevents"": 79.0, ""ndays_act"": 15.0, ""nchapters"": 12.0}"
HarvardX,0,aligned,0,291,MCCE,bounded,MCCE_bounded,1,OK,0.0,0.025368690490722656,0.0061162079510703364,1.0,"{""nevents"": 79.0, ""ndays_act"": 15.0, ""nchapters"": 12.0}"
HarvardX,0,aligned,0,291,MCCE,bounded+edit,MCCE_bounded+edit,1,OK,0.0,0.025368690490722656,0.0061162079510703364,1.0,"{""nevents"": 79.0, ""ndays_act"": 15.0, ""nchapters"": 12.0}"
HarvardX,0,aligned,0,294,NICE,native,NICE_native,0,out_of_bounds:nevents,0.0,0.0048596858978271484,0.05821817112613937,2.0,"{""nevents"": 9.0, ""ndays_act"": 7.0, ""nchapters"": 12.0}"
HarvardX,0,aligned,0,294,NICE,bounded,NICE_bounded,0,classifier_target_not_met,0.0,0.0048596858978271484,0.05263157894736842,1.0,"{""nevents"": 13.0, ""ndays_act"": 7.0, ""nchapters"": 12.0}"
HarvardX,0,aligned,0,294,NICE,bounded+edit,NICE_bounded+edit,0,classifier_target_not_met,0.0,0.0048596858978271484,0.05263157894736842,1.0,"{""nevents"": 13.0, ""ndays_act"": 7.0, ""nchapters"": 12.0}"
HarvardX,0,aligned,0,294,MCCE,native,MCCE_native,0,out_of_bounds:nevents,0.0,0.024853229522705078,0.05821817112613937,2.0,"{""nevents"": 9.0, ""ndays_act"": 7.0, ""nchapters"": 12.0}"
HarvardX,0,aligned,0,294,MCCE,bounded,MCCE_bounded,1,OK,0.0,0.024853229522705078,0.1395667940801725,2.0,"{""nevents"": 25.0, ""ndays_act"": 11.0, ""nchapters"": 12.0}"
HarvardX,0,aligned,0,294,MCCE,bounded+edit,MCCE_bounded+edit,1,OK,0.0,0.024853229522705078,0.1395667940801725,2.0,"{""nevents"": 25.0, ""ndays_act"": 11.0, ""nchapters"": 12.0}"
HarvardX,0,aligned,0,299,NICE,native,NICE_native,1,OK,0.0,0.0033898353576660156,0.24528301886792453,1.0,"{""nevents"": 65.0, ""ndays_act"": 21.0, ""nchapters"": 7.0}"
HarvardX,0,aligned,0,299,NICE,bounded,NICE_bounded,1,OK,0.0,0.0033898353576660156,0.24528301886792453,1.0,"{""nevents"": 65.0, ""ndays_act"": 21.0, ""nchapters"": 7.0}"
HarvardX,0,aligned,0,299,NICE,bounded+edit,NICE_bounded+edit,1,OK,0.0,0.0033898353576660156,0.24528301886792453,1.0,"{""nevents"": 65.0, ""ndays_act"": 21.0, ""nchapters"": 7.0}"
HarvardX,0,aligned,0,299,MCCE,native,MCCE_native,0,out_of_bounds:nevents,0.0,0.038777828216552734,1.0843373493975903,2.0,"{""nevents"": 9.0, ""ndays_act"": 8.0, ""nchapters"": 12.0}"
HarvardX,0,aligned,0,299,MCCE,bounded,MCCE_bounded,1,OK,0.0,0.038777828216552734,0.8368890656967494,3.0,"{""nevents"": 92.0, ""ndays_act"": 29.0, ""nchapters"": 9.0}"
HarvardX,0,aligned,0,299,MCCE,bounded+edit,MCCE_bounded+edit,1,OK,0.0,0.038777828216552734,0.8368890656967494,3.0,"{""nevents"": 92.0, ""ndays_act"": 29.0, ""nchapters"": 9.0}"
HarvardX,0,aligned,0,316,NICE,native,NICE_native,0,out_of_bounds:nevents,0.0,0.005186557769775391,0.10835005402068221,2.0,"{""nevents"": 9.0, ""ndays_act"": 7.0, ""nchapters"": 12.0}"
HarvardX,0,aligned,0,316,NICE,bounded,NICE_bounded,0,classifier_target_not_met,0.0,0.005186557769775391,0.05263157894736842,1.0,"{""nevents"": 47.0, ""ndays_act"": 7.0, ""nchapters"": 12.0}"
HarvardX,0,aligned,0,316,NICE,bounded+edit,NICE_bounded+edit,0,classifier_target_not_met,0.0,0.005186557769775391,0.05263157894736842,1.0,"{""nevents"": 47.0, ""ndays_act"": 7.0, ""nchapters"": 12.0}"
HarvardX,0,aligned,0,316,MCCE,native,MCCE_native,1,OK,0.0,0.026656150817871094,0.38596491228070173,1.0,"{""nevents"": 47.0, ""ndays_act"": 26.0, ""nchapters"": 12.0}"
HarvardX,0,aligned,0,316,MCCE,bounded,MCCE_bounded,1,OK,0.0,0.026656150817871094,0.38596491228070173,1.0,"{""nevents"": 47.0, ""ndays_act"": 26.0, ""nchapters"": 12.0}"
HarvardX,0,aligned,0,316,MCCE,bounded+edit,MCCE_bounded+edit,1,OK,0.0,0.026656150817871094,0.38596491228070173,1.0,"{""nevents"": 47.0, ""ndays_act"": 26.0, ""nchapters"": 12.0}"
HarvardX,0,aligned,0,366,NICE,native,NICE_native,1,OK,0.0,0.0047643184661865234,0.40338213137241674,2.0,"{""nevents"": 67.0, ""ndays_act"": 19.0, ""nchapters"": 9.0}"
HarvardX,0,aligned,0,366,NICE,bounded,NICE_bounded,1,OK,0.0,0.0047643184661865234,0.40338213137241674,2.0,"{""nevents"": 67.0, ""ndays_act"": 19.0, ""nchapters"": 9.0}"
HarvardX,0,aligned,0,366,NICE,bounded+edit,NICE_bounded+edit,1,OK,0.0,0.0047643184661865234,0.40338213137241674,2.0,"{""nevents"": 67.0, ""ndays_act"": 19.0, ""nchapters"": 9.0}"
HarvardX,0,aligned,0,366,MCCE,native,MCCE_native,1,OK,0.0,0.03997659683227539,0.6016101104139963,2.0,"{""nevents"": 92.0, ""ndays_act"": 29.0, ""nchapters"": 9.0}"
HarvardX,0,aligned,0,366,MCCE,bounded,MCCE_bounded,1,OK,0.0,0.03997659683227539,0.6016101104139963,2.0,"{""nevents"": 92.0, ""ndays_act"": 29.0, ""nchapters"": 9.0}"
HarvardX,0,aligned,0,366,MCCE,bounded+edit,MCCE_bounded+edit,1,OK,0.0,0.03997659683227539,0.6016101104139963,2.0,"{""nevents"": 92.0, ""ndays_act"": 29.0, ""nchapters"": 9.0}"
HarvardX,0,aligned,0,417,NICE,native,NICE_native,1,OK,0.0,0.004927635192871094,0.41121928604543345,2.0,"{""nevents"": 66.0, ""ndays_act"": 21.0, ""nchapters"": 7.0}"
HarvardX,0,aligned,0,417,NICE,bounded,NICE_bounded,1,OK,0.0,0.004927635192871094,0.41121928604543345,2.0,"{""nevents"": 66.0, ""ndays_act"": 21.0, ""nchapters"": 7.0}"
HarvardX,0,aligned,0,417,NICE,bounded+edit,NICE_bounded+edit,1,OK,0.0,0.004927635192871094,0.41121928604543345,2.0,"{""nevents"": 66.0, ""ndays_act"": 21.0, ""nchapters"": 7.0}"
HarvardX,0,aligned,0,417,MCCE,native,MCCE_native,1,OK,0.0,0.039301395416259766,0.9807139545665277,3.0,"{""nevents"": 92.0, ""ndays_act"": 29.0, ""nchapters"": 9.0}"
HarvardX,0,aligned,0,417,MCCE,bounded,MCCE_bounded,1,OK,0.0,0.039301395416259766,0.9807139545665277,3.0,"{""nevents"": 92.0, ""ndays_act"": 29.0, ""nchapters"": 9.0}"
HarvardX,0,aligned,0,417,MCCE,bounded+edit,MCCE_bounded+edit,1,OK,0.0,0.039301395416259766,0.9807139545665277,3.0,"{""nevents"": 92.0, ""ndays_act"": 29.0, ""nchapters"": 9.0}"
HarvardX,0,aligned,0,428,NICE,native,NICE_native,1,OK,0.0,0.004667997360229492,0.6330927162742584,2.0,"{""nevents"": 103.0, ""ndays_act"": 30.0, ""nchapters"": 6.0}"
HarvardX,0,aligned,0,428,NICE,bounded,NICE_bounded,1,OK,0.0,0.004667997360229492,0.6330927162742584,2.0,"{""nevents"": 103.0, ""ndays_act"": 30.0, ""nchapters"": 6.0}"
HarvardX,0,aligned,0,428,NICE,bounded+edit,NICE_bounded+edit,1,OK,0.0,0.004667997360229492,0.6330927162742584,2.0,"{""nevents"": 103.0, ""ndays_act"": 30.0, ""nchapters"": 6.0}"
HarvardX,0,aligned,0,428,MCCE,native,MCCE_native,1,OK,0.0,0.03885340690612793,1.1016101104139961,3.0,"{""nevents"": 92.0, ""ndays_act"": 29.0, ""nchapters"": 9.0}"
HarvardX,0,aligned,0,428,MCCE,bounded,MCCE_bounded,1,OK,0.0,0.03885340690612793,1.1016101104139961,3.0,"{""nevents"": 92.0, ""ndays_act"": 29.0, ""nchapters"": 9.0}"
HarvardX,0,aligned,0,428,MCCE,bounded+edit,MCCE_bounded+edit,1,OK,0.0,0.03885340690612793,1.1016101104139961,3.0,"{""nevents"": 92.0, ""ndays_act"": 29.0, ""nchapters"": 9.0}"
HarvardX,0,aligned,0,440,NICE,native,NICE_native,0,out_of_bounds:nevents,0.0,0.004606723785400391,0.2872919863982426,2.0,"{""nevents"": 52.0, ""ndays_act"": 19.0, ""nchapters"": 8.0}"
HarvardX,0,aligned,0,440,NICE,bounded,NICE_bounded,0,classifier_target_not_met,0.0,0.004606723785400391,0.20754716981132076,1.0,"{""nevents"": 102.0, ""ndays_act"": 19.0, ""nchapters"": 8.0}"
HarvardX,0,aligned,0,440,NICE,bounded+edit,NICE_bounded+edit,0,classifier_target_not_met,0.0,0.004606723785400391,0.20754716981132076,1.0,"{""nevents"": 102.0, ""ndays_act"": 19.0, ""nchapters"": 8.0}"
HarvardX,0,aligned,0,440,MCCE,native,MCCE_native,0,out_of_bounds:nevents,0.0,0.03892254829406738,1.1483253588516746,2.0,"{""nevents"": 9.0, ""ndays_act"": 8.0, ""nchapters"": 12.0}"
HarvardX,0,aligned,0,440,MCCE,bounded,MCCE_bounded,1,OK,0.0,0.03892254829406738,1.038412927688002,3.0,"{""nevents"": 132.0, ""ndays_act"": 34.0, ""nchapters"": 10.0}"
HarvardX,0,aligned,0,440,MCCE,bounded+edit,MCCE_bounded+edit,1,OK,0.0,0.03892254829406738,1.038412927688002,3.0,"{""nevents"": 132.0, ""ndays_act"": 34.0, ""nchapters"": 10.0}"
HarvardX,0,aligned,0,446,NICE,native,NICE_native,0,out_of_bounds:nevents,0.0,0.004608154296875,0.1349206349206349,2.0,"{""nevents"": 99.0, ""ndays_act"": 20.0, ""nchapters"": 10.0}"
HarvardX,0,aligned,0,446,NICE,bounded,NICE_bounded,0,classifier_target_not_met,0.0,0.004608154296875,0.023809523809523808,1.0,"{""nevents"": 162.0, ""ndays_act"": 20.0, ""nchapters"": 10.0}"
HarvardX,0,aligned,0,446,NICE,bounded+edit,NICE_bounded+edit,0,classifier_target_not_met,0.0,0.004608154296875,0.023809523809523808,1.0,"{""nevents"": 162.0, ""ndays_act"": 20.0, ""nchapters"": 10.0}"
HarvardX,0,aligned,0,446,MCCE,native,MCCE_native,0,out_of_bounds:nevents,0.0,0.03850984573364258,0.1746031746031746,1.0,"{""nevents"": 63.0, ""ndays_act"": 19.0, ""nchapters"": 10.0}"
HarvardX,0,aligned,0,446,MCCE,bounded,MCCE_bounded,1,OK,0.0,0.03850984573364258,0.7636684303350969,2.0,"{""nevents"": 217.0, ""ndays_act"": 47.0, ""nchapters"": 10.0}"
HarvardX,0,aligned,0,446,MCCE,bounded+edit,MCCE_bounded+edit,1,OK,0.0,0.03850984573364258,0.7636684303350969,2.0,"{""nevents"": 217.0, ""ndays_act"": 47.0, ""nchapters"": 10.0}"
HarvardX,0,aligned,0,468,NICE,native,NICE_native,1,OK,0.0,0.004511594772338867,0.6330927162742584,2.0,"{""nevents"": 103.0, ""ndays_act"": 30.0, ""nchapters"": 6.0}"
HarvardX,0,aligned,0,468,NICE,bounded,NICE_bounded,1,OK,0.0,0.004511594772338867,0.6330927162742584,2.0,"{""nevents"": 103.0, ""ndays_act"": 30.0, ""nchapters"": 6.0}"
HarvardX,0,aligned,0,468,NICE,bounded+edit,NICE_bounded+edit,1,OK,0.0,0.004511594772338867,0.6330927162742584,2.0,"{""nevents"": 103.0, ""ndays_act"": 30.0, ""nchapters"": 6.0}"
HarvardX,0,aligned,0,468,MCCE,native,MCCE_native,1,OK,0.0,0.0390775203704834,1.1016101104139961,3.0,"{""nevents"": 92.0, ""ndays_act"": 29.0, ""nchapters"": 9.0}"
HarvardX,0,aligned,0,468,MCCE,bounded,MCCE_bounded,1,OK,0.0,0.0390775203704834,1.1016101104139961,3.0,"{""nevents"": 92.0, ""ndays_act"": 29.0, ""nchapters"": 9.0}"
HarvardX,0,aligned,0,468,MCCE,bounded+edit,MCCE_bounded+edit,1,OK,0.0,0.0390775203704834,1.1016101104139961,3.0,"{""nevents"": 92.0, ""ndays_act"": 29.0, ""nchapters"": 9.0}"
HarvardX,0,aligned,0,486,NICE,native,NICE_native,1,OK,0.0,0.004451751708984375,0.12709977737300143,2.0,"{""nevents"": 9.0, ""ndays_act"": 7.0, ""nchapters"": 12.0}"
HarvardX,0,aligned,0,486,NICE,bounded,NICE_bounded,1,OK,0.0,0.004451751708984375,0.12709977737300143,2.0,"{""nevents"": 9.0, ""ndays_act"": 7.0, ""nchapters"": 12.0}"
HarvardX,0,aligned,0,486,NICE,bounded+edit,NICE_bounded+edit,1,OK,0.0,0.004451751708984375,0.12709977737300143,2.0,"{""nevents"": 9.0, ""ndays_act"": 7.0, ""nchapters"": 12.0}"
HarvardX,0,aligned,0,486,MCCE,native,MCCE_native,1,OK,0.0,0.02525043487548828,0.12709977737300143,2.0,"{""nevents"": 9.0, ""ndays_act"": 7.0, ""nchapters"": 12.0}"
HarvardX,0,aligned,0,486,MCCE,bounded,MCCE_bounded,1,OK,0.0,0.02525043487548828,0.12709977737300143,2.0,"{""nevents"": 9.0, ""ndays_act"": 7.0, ""nchapters"": 12.0}"
HarvardX,0,aligned,0,486,MCCE,bounded+edit,MCCE_bounded+edit,1,OK,0.0,0.02525043487548828,0.12709977737300143,2.0,"{""nevents"": 9.0, ""ndays_act"": 7.0, ""nchapters"": 12.0}"
HarvardX,0,aligned,0,583,NICE,native,NICE_native,0,out_of_bounds:nevents,0.0,0.003505706787109375,0.10199556541019955,1.0,"{""nevents"": 232.0, ""ndays_act"": 25.0, ""nchapters"": 12.0}"
HarvardX,0,aligned,0,583,NICE,bounded,NICE_bounded,0,classifier_target_not_met,0.0,0.003505706787109375,0.0,0.0,"{""nevents"": 278.0, ""ndays_act"": 25.0, ""nchapters"": 12.0}"
HarvardX,0,aligned,0,583,NICE,bounded+edit,NICE_bounded+edit,0,classifier_target_not_met,0.0,0.003505706787109375,0.0,0.0,"{""nevents"": 278.0, ""ndays_act"": 25.0, ""nchapters"": 12.0}"
HarvardX,0,aligned,0,583,MCCE,native,MCCE_native,0,out_of_bounds:nevents,0.0,0.030071496963500977,0.17738359201773837,1.0,"{""nevents"": 198.0, ""ndays_act"": 25.0, ""nchapters"": 12.0}"
HarvardX,0,aligned,0,583,MCCE,bounded,MCCE_bounded,1,OK,0.0,0.030071496963500977,0.5277777777777778,1.0,"{""nevents"": 278.0, ""ndays_act"": 44.0, ""nchapters"": 12.0}"
HarvardX,0,aligned,0,583,MCCE,bounded+edit,MCCE_bounded+edit,1,OK,0.0,0.030071496963500977,0.5277777777777778,1.0,"{""nevents"": 278.0, ""ndays_act"": 44.0, ""nchapters"": 12.0}"
HarvardX,0,aligned,0,613,NICE,native,NICE_native,0,out_of_bounds:nevents,0.0,0.004647254943847656,0.13303169843649604,2.0,"{""nevents"": 9.0, ""ndays_act"": 8.0, ""nchapters"": 10.0}"
HarvardX,0,aligned,0,613,NICE,bounded,NICE_bounded,0,classifier_target_not_met,0.0,0.004647254943847656,0.05357142857142857,1.0,"{""nevents"": 62.0, ""ndays_act"": 8.0, ""nchapters"": 10.0}"
HarvardX,0,aligned,0,613,NICE,bounded+edit,NICE_bounded+edit,0,classifier_target_not_met,0.0,0.004647254943847656,0.05357142857142857,1.0,"{""nevents"": 62.0, ""ndays_act"": 8.0, ""nchapters"": 10.0}"
HarvardX,0,aligned,0,613,MCCE,native,MCCE_native,1,OK,0.0,0.09575915336608887,0.2514992503748126,2.0,"{""nevents"": 63.0, ""ndays_act"": 19.0, ""nchapters"": 10.0}"
HarvardX,0,aligned,0,613,MCCE,bounded,MCCE_bounded,1,OK,0.0,0.09575915336608887,0.2514992503748126,2.0,"{""nevents"": 63.0, ""ndays_act"": 19.0, ""nchapters"": 10.0}"
HarvardX,0,aligned,0,613,MCCE,bounded+edit,MCCE_bounded+edit,1,OK,0.0,0.09575915336608887,0.2514992503748126,2.0,"{""nevents"": 63.0, ""ndays_act"": 19.0, ""nchapters"": 10.0}"
HarvardX,0,aligned,0,632,NICE,native,NICE_native,1,OK,0.0,0.004529476165771484,0.6138888888888889,2.0,"{""nevents"": 103.0, ""ndays_act"": 30.0, ""nchapters"": 6.0}"
HarvardX,0,aligned,0,632,NICE,bounded,NICE_bounded,1,OK,0.0,0.004529476165771484,0.6138888888888889,2.0,"{""nevents"": 103.0, ""ndays_act"": 30.0, ""nchapters"": 6.0}"
HarvardX,0,aligned,0,632,NICE,bounded+edit,NICE_bounded+edit,1,OK,0.0,0.004529476165771484,0.6138888888888889,2.0,"{""nevents"": 103.0, ""ndays_act"": 30.0, ""nchapters"": 6.0}"
HarvardX,0,aligned,0,632,MCCE,native,MCCE_native,1,OK,0.0,0.04152393341064453,1.1166666666666667,2.0,"{""nevents"": 9.0, ""ndays_act"": 8.0, ""nchapters"": 12.0}"
HarvardX,0,aligned,0,632,MCCE,bounded,MCCE_bounded,1,OK,0.0,0.04152393341064453,1.1166666666666667,2.0,"{""nevents"": 9.0, ""ndays_act"": 8.0, ""nchapters"": 12.0}"
HarvardX,0,aligned,0,632,MCCE,bounded+edit,MCCE_bounded+edit,1,OK,0.0,0.04152393341064453,1.1166666666666667,2.0,"{""nevents"": 9.0, ""ndays_act"": 8.0, ""nchapters"": 12.0}"
HarvardX,0,aligned,0,648,NICE,native,NICE_native,0,out_of_bounds:nevents,0.0,0.004477024078369141,0.14668765836018793,2.0,"{""nevents"": 9.0, ""ndays_act"": 8.0, ""nchapters"": 10.0}"
HarvardX,0,aligned,0,648,NICE,bounded,NICE_bounded,0,classifier_target_not_met,0.0,0.004477024078369141,0.1016949152542373,1.0,"{""nevents"": 40.0, ""ndays_act"": 8.0, ""nchapters"": 10.0}"
HarvardX,0,aligned,0,648,NICE,bounded+edit,NICE_bounded+edit,0,classifier_target_not_met,0.0,0.004477024078369141,0.1016949152542373,1.0,"{""nevents"": 40.0, ""ndays_act"": 8.0, ""nchapters"": 10.0}"
HarvardX,0,aligned,0,648,MCCE,native,MCCE_native,1,OK,0.0,0.03927969932556152,0.3215173058473346,2.0,"{""nevents"": 63.0, ""ndays_act"": 19.0, ""nchapters"": 10.0}"
HarvardX,0,aligned,0,648,MCCE,bounded,MCCE_bounded,1,OK,0.0,0.03927969932556152,0.3215173058473346,2.0,"{""nevents"": 63.0, ""ndays_act"": 19.0, ""nchapters"": 10.0}"
HarvardX,0,aligned,0,648,MCCE,bounded+edit,MCCE_bounded+edit,1,OK,0.0,0.03927969932556152,0.3215173058473346,2.0,"{""nevents"": 63.0, ""ndays_act"": 19.0, ""nchapters"": 10.0}"
HarvardX,0,aligned,0,660,NICE,native,NICE_native,1,OK,0.0,0.0033435821533203125,0.012345679012345678,1.0,"{""nevents"": 9.0, ""ndays_act"": 7.0, ""nchapters"": 12.0}"
HarvardX,0,aligned,0,660,NICE,bounded,NICE_bounded,1,OK,0.0,0.0033435821533203125,0.012345679012345678,1.0,"{""nevents"": 9.0, ""ndays_act"": 7.0, ""nchapters"": 12.0}"
HarvardX,0,aligned,0,660,NICE,bounded+edit,NICE_bounded+edit,1,OK,0.0,0.0033435821533203125,0.012345679012345678,1.0,"{""nevents"": 9.0, ""ndays_act"": 7.0, ""nchapters"": 12.0}"
HarvardX,0,aligned,0,660,MCCE,native,MCCE_native,1,OK,0.0,0.02510380744934082,0.012345679012345678,1.0,"{""nevents"": 9.0, ""ndays_act"": 7.0, ""nchapters"": 12.0}"
HarvardX,0,aligned,0,660,MCCE,bounded,MCCE_bounded,1,OK,0.0,0.02510380744934082,0.012345679012345678,1.0,"{""nevents"": 9.0, ""ndays_act"": 7.0, ""nchapters"": 12.0}"
HarvardX,0,aligned,0,660,MCCE,bounded+edit,MCCE_bounded+edit,1,OK,0.0,0.02510380744934082,0.012345679012345678,1.0,"{""nevents"": 9.0, ""ndays_act"": 7.0, ""nchapters"": 12.0}"
HarvardX,0,aligned,0,725,NICE,native,NICE_native,1,OK,0.0,0.004532575607299805,0.0731148948347403,2.0,"{""nevents"": 9.0, ""ndays_act"": 7.0, ""nchapters"": 12.0}"
HarvardX,0,aligned,0,725,NICE,bounded,NICE_bounded,1,OK,0.0,0.004532575607299805,0.0731148948347403,2.0,"{""nevents"": 9.0, ""ndays_act"": 7.0, ""nchapters"": 12.0}"
HarvardX,0,aligned,0,725,NICE,bounded+edit,NICE_bounded+edit,1,OK,0.0,0.004532575607299805,0.0731148948347403,2.0,"{""nevents"": 9.0, ""ndays_act"": 7.0, ""nchapters"": 12.0}"
HarvardX,0,aligned,0,725,MCCE,native,MCCE_native,1,OK,0.0,0.025000333786010742,0.0731148948347403,2.0,"{""nevents"": 9.0, ""ndays_act"": 7.0, ""nchapters"": 12.0}"
HarvardX,0,aligned,0,725,MCCE,bounded,MCCE_bounded,1,OK,0.0,0.025000333786010742,0.0731148948347403,2.0,"{""nevents"": 9.0, ""ndays_act"": 7.0, ""nchapters"": 12.0}"
HarvardX,0,aligned,0,725,MCCE,bounded+edit,MCCE_bounded+edit,1,OK,0.0,0.025000333786010742,0.0731148948347403,2.0,"{""nevents"": 9.0, ""ndays_act"": 7.0, ""nchapters"": 12.0}"
HarvardX,0,aligned,0,737,NICE,native,NICE_native,1,OK,0.0,0.004538536071777344,0.385593220338983,2.0,"{""nevents"": 66.0, ""ndays_act"": 21.0, ""nchapters"": 7.0}"
HarvardX,0,aligned,0,737,NICE,bounded,NICE_bounded,1,OK,0.0,0.004538536071777344,0.385593220338983,2.0,"{""nevents"": 66.0, ""ndays_act"": 21.0, ""nchapters"": 7.0}"
HarvardX,0,aligned,0,737,NICE,bounded+edit,NICE_bounded+edit,1,OK,0.0,0.004538536071777344,0.385593220338983,2.0,"{""nevents"": 66.0, ""ndays_act"": 21.0, ""nchapters"": 7.0}"
HarvardX,0,aligned,0,737,MCCE,native,MCCE_native,1,OK,0.0,0.03914356231689453,0.957909604519774,3.0,"{""nevents"": 92.0, ""ndays_act"": 29.0, ""nchapters"": 9.0}"
HarvardX,0,aligned,0,737,MCCE,bounded,MCCE_bounded,1,OK,0.0,0.03914356231689453,0.957909604519774,3.0,"{""nevents"": 92.0, ""ndays_act"": 29.0, ""nchapters"": 9.0}"
HarvardX,0,aligned,0,737,MCCE,bounded+edit,MCCE_bounded+edit,1,OK,0.0,0.03914356231689453,0.957909604519774,3.0,"{""nevents"": 92.0, ""ndays_act"": 29.0, ""nchapters"": 9.0}"
HarvardX,0,aligned,0,764,NICE,native,NICE_native,1,OK,0.0,0.004553079605102539,0.12709977737300143,2.0,"{""nevents"": 9.0, ""ndays_act"": 7.0, ""nchapters"": 12.0}"
HarvardX,0,aligned,0,764,NICE,bounded,NICE_bounded,1,OK,0.0,0.004553079605102539,0.12709977737300143,2.0,"{""nevents"": 9.0, ""ndays_act"": 7.0, ""nchapters"": 12.0}"
HarvardX,0,aligned,0,764,NICE,bounded+edit,NICE_bounded+edit,1,OK,0.0,0.004553079605102539,0.12709977737300143,2.0,"{""nevents"": 9.0, ""ndays_act"": 7.0, ""nchapters"": 12.0}"
HarvardX,0,aligned,0,764,MCCE,native,MCCE_native,1,OK,0.0,0.025113821029663086,0.12709977737300143,2.0,"{""nevents"": 9.0, ""ndays_act"": 7.0, ""nchapters"": 12.0}"
HarvardX,0,aligned,0,764,MCCE,bounded,MCCE_bounded,1,OK,0.0,0.025113821029663086,0.12709977737300143,2.0,"{""nevents"": 9.0, ""ndays_act"": 7.0, ""nchapters"": 12.0}"
HarvardX,0,aligned,0,764,MCCE,bounded+edit,MCCE_bounded+edit,1,OK,0.0,0.025113821029663086,0.12709977737300143,2.0,"{""nevents"": 9.0, ""ndays_act"": 7.0, ""nchapters"": 12.0}"
HarvardX,0,aligned,0,790,NICE,native,NICE_native,1,OK,0.0,0.004517316818237305,0.4226190476190476,2.0,"{""nevents"": 66.0, ""ndays_act"": 21.0, ""nchapters"": 7.0}"
HarvardX,0,aligned,0,790,NICE,bounded,NICE_bounded,1,OK,0.0,0.004517316818237305,0.4226190476190476,2.0,"{""nevents"": 66.0, ""ndays_act"": 21.0, ""nchapters"": 7.0}"
HarvardX,0,aligned,0,790,NICE,bounded+edit,NICE_bounded+edit,1,OK,0.0,0.004517316818237305,0.4226190476190476,2.0,"{""nevents"": 66.0, ""ndays_act"": 21.0, ""nchapters"": 7.0}"
HarvardX,0,aligned,0,790,MCCE,native,MCCE_native,1,OK,0.0,0.03891301155090332,0.9916666666666667,3.0,"{""nevents"": 92.0, ""ndays_act"": 29.0, ""nchapters"": 9.0}"
HarvardX,0,aligned,0,790,MCCE,bounded,MCCE_bounded,1,OK,0.0,0.03891301155090332,0.9916666666666667,3.0,"{""nevents"": 92.0, ""ndays_act"": 29.0, ""nchapters"": 9.0}"
HarvardX,0,aligned,0,790,MCCE,bounded+edit,MCCE_bounded+edit,1,OK,0.0,0.03891301155090332,0.9916666666666667,3.0,"{""nevents"": 92.0, ""ndays_act"": 29.0, ""nchapters"": 9.0}"
HarvardX,0,aligned,0,794,NICE,native,NICE_native,1,OK,0.0,0.00500178337097168,0.32133058984910834,2.0,"{""nevents"": 52.0, ""ndays_act"": 19.0, ""nchapters"": 8.0}"
HarvardX,0,aligned,0,794,NICE,bounded,NICE_bounded,1,OK,0.0,0.00500178337097168,0.32133058984910834,2.0,"{""nevents"": 52.0, ""ndays_act"": 19.0, ""nchapters"": 8.0}"
HarvardX,0,aligned,0,794,NICE,bounded+edit,NICE_bounded+edit,1,OK,0.0,0.00500178337097168,0.32133058984910834,2.0,"{""nevents"": 52.0, ""ndays_act"": 19.0, ""nchapters"": 8.0}"
HarvardX,0,aligned,0,794,MCCE,native,MCCE_native,1,OK,0.0,0.03908252716064453,0.804771702919851,3.0,"{""nevents"": 92.0, ""ndays_act"": 29.0, ""nchapters"": 9.0}"
HarvardX,0,aligned,0,794,MCCE,bounded,MCCE_bounded,1,OK,0.0,0.03908252716064453,0.804771702919851,3.0,"{""nevents"": 92.0, ""ndays_act"": 29.0, ""nchapters"": 9.0}"
HarvardX,0,aligned,0,794,MCCE,bounded+edit,MCCE_bounded+edit,1,OK,0.0,0.03908252716064453,0.804771702919851,3.0,"{""nevents"": 92.0, ""ndays_act"": 29.0, ""nchapters"": 9.0}"
HarvardX,0,aligned,0,800,NICE,native,NICE_native,1,OK,0.0,0.004518747329711914,0.14349321999595224,2.0,"{""nevents"": 9.0, ""ndays_act"": 8.0, ""nchapters"": 10.0}"
HarvardX,0,aligned,0,800,NICE,bounded,NICE_bounded,1,OK,0.0,0.004518747329711914,0.14349321999595224,2.0,"{""nevents"": 9.0, ""ndays_act"": 8.0, ""nchapters"": 10.0}"
HarvardX,0,aligned,0,800,NICE,bounded+edit,NICE_bounded+edit,1,OK,0.0,0.004518747329711914,0.14349321999595224,2.0,"{""nevents"": 9.0, ""ndays_act"": 8.0, ""nchapters"": 10.0}"
HarvardX,0,aligned,0,800,MCCE,native,MCCE_native,1,OK,0.0,0.03860592842102051,0.39789516292248533,2.0,"{""nevents"": 63.0, ""ndays_act"": 19.0, ""nchapters"": 10.0}"
HarvardX,0,aligned,0,800,MCCE,bounded,MCCE_bounded,1,OK,0.0,0.03860592842102051,0.39789516292248533,2.0,"{""nevents"": 63.0, ""ndays_act"": 19.0, ""nchapters"": 10.0}"
HarvardX,0,aligned,0,800,MCCE,bounded+edit,MCCE_bounded+edit,1,OK,0.0,0.03860592842102051,0.39789516292248533,2.0,"{""nevents"": 63.0, ""ndays_act"": 19.0, ""nchapters"": 10.0}"
HarvardX,0,aligned,0,814,NICE,native,NICE_native,1,OK,0.0,0.0048749446868896484,0.3831024930747922,2.0,"{""nevents"": 67.0, ""ndays_act"": 19.0, ""nchapters"": 9.0}"
HarvardX,0,aligned,0,814,NICE,bounded,NICE_bounded,1,OK,0.0,0.0048749446868896484,0.3831024930747922,2.0,"{""nevents"": 67.0, ""ndays_act"": 19.0, ""nchapters"": 9.0}"
HarvardX,0,aligned,0,814,NICE,bounded+edit,NICE_bounded+edit,1,OK,0.0,0.0048749446868896484,0.3831024930747922,2.0,"{""nevents"": 67.0, ""ndays_act"": 19.0, ""nchapters"": 9.0}"
HarvardX,0,aligned,0,814,MCCE,native,MCCE_native,1,OK,0.0,0.03899502754211426,0.5843951985226223,2.0,"{""nevents"": 92.0, ""ndays_act"": 29.0, ""nchapters"": 9.0}"
HarvardX,0,aligned,0,814,MCCE,bounded,MCCE_bounded,1,OK,0.0,0.03899502754211426,0.5843951985226223,2.0,"{""nevents"": 92.0, ""ndays_act"": 29.0, ""nchapters"": 9.0}"
HarvardX,0,aligned,0,814,MCCE,bounded+edit,MCCE_bounded+edit,1,OK,0.0,0.03899502754211426,0.5843951985226223,2.0,"{""nevents"": 92.0, ""ndays_act"": 29.0, ""nchapters"": 9.0}"
HarvardX,0,aligned,0,851,NICE,native,NICE_native,1,OK,0.0,0.004476308822631836,0.384367173954922,2.0,"{""nevents"": 66.0, ""ndays_act"": 21.0, ""nchapters"": 7.0}"
HarvardX,0,aligned,0,851,NICE,bounded,NICE_bounded,1,OK,0.0,0.004476308822631836,0.384367173954922,2.0,"{""nevents"": 66.0, ""ndays_act"": 21.0, ""nchapters"": 7.0}"
HarvardX,0,aligned,0,851,NICE,bounded+edit,NICE_bounded+edit,1,OK,0.0,0.004476308822631836,0.384367173954922,2.0,"{""nevents"": 66.0, ""ndays_act"": 21.0, ""nchapters"": 7.0}"
HarvardX,0,aligned,0,851,MCCE,native,MCCE_native,1,OK,0.0,0.038884639739990234,0.9586110575996918,3.0,"{""nevents"": 92.0, ""ndays_act"": 29.0, ""nchapters"": 9.0}"
HarvardX,0,aligned,0,851,MCCE,bounded,MCCE_bounded,1,OK,0.0,0.038884639739990234,0.9586110575996918,3.0,"{""nevents"": 92.0, ""ndays_act"": 29.0, ""nchapters"": 9.0}"
HarvardX,0,aligned,0,851,MCCE,bounded+edit,MCCE_bounded+edit,1,OK,0.0,0.038884639739990234,0.9586110575996918,3.0,"{""nevents"": 92.0, ""ndays_act"": 29.0, ""nchapters"": 9.0}"
HarvardX,0,aligned,0,885,NICE,native,NICE_native,1,OK,0.0,0.0045070648193359375,0.14349321999595224,2.0,"{""nevents"": 9.0, ""ndays_act"": 8.0, ""nchapters"": 10.0}"
HarvardX,0,aligned,0,885,NICE,bounded,NICE_bounded,1,OK,0.0,0.0045070648193359375,0.14349321999595224,2.0,"{""nevents"": 9.0, ""ndays_act"": 8.0, ""nchapters"": 10.0}"
HarvardX,0,aligned,0,885,NICE,bounded+edit,NICE_bounded+edit,1,OK,0.0,0.0045070648193359375,0.14349321999595224,2.0,"{""nevents"": 9.0, ""ndays_act"": 8.0, ""nchapters"": 10.0}"
HarvardX,0,aligned,0,885,MCCE,native,MCCE_native,1,OK,0.0,0.038765668869018555,0.39789516292248533,2.0,"{""nevents"": 63.0, ""ndays_act"": 19.0, ""nchapters"": 10.0}"
HarvardX,0,aligned,0,885,MCCE,bounded,MCCE_bounded,1,OK,0.0,0.038765668869018555,0.39789516292248533,2.0,"{""nevents"": 63.0, ""ndays_act"": 19.0, ""nchapters"": 10.0}"
HarvardX,0,aligned,0,885,MCCE,bounded+edit,MCCE_bounded+edit,1,OK,0.0,0.038765668869018555,0.39789516292248533,2.0,"{""nevents"": 63.0, ""ndays_act"": 19.0, ""nchapters"": 10.0}"
HarvardX,0,aligned,0,908,NICE,native,NICE_native,0,out_of_bounds:nevents,0.0,0.004586219787597656,0.18631772586859185,2.0,"{""nevents"": 67.0, ""ndays_act"": 19.0, ""nchapters"": 9.0}"
HarvardX,0,aligned,0,908,NICE,bounded,NICE_bounded,0,classifier_target_not_met,0.0,0.004586219787597656,0.10638297872340426,1.0,"{""nevents"": 116.0, ""ndays_act"": 19.0, ""nchapters"": 9.0}"
HarvardX,0,aligned,0,908,NICE,bounded+edit,NICE_bounded+edit,0,classifier_target_not_met,0.0,0.004586219787597656,0.10638297872340426,1.0,"{""nevents"": 116.0, ""ndays_act"": 19.0, ""nchapters"": 9.0}"
HarvardX,0,aligned,0,908,MCCE,native,MCCE_native,0,out_of_bounds:nevents,0.0,0.03835272789001465,0.3583006490576516,2.0,"{""nevents"": 92.0, ""ndays_act"": 29.0, ""nchapters"": 9.0}"
HarvardX,0,aligned,0,908,MCCE,bounded,MCCE_bounded,1,OK,0.0,0.03835272789001465,1.148936170212766,2.0,"{""nevents"": 116.0, ""ndays_act"": 21.0, ""nchapters"": 12.0}"
HarvardX,0,aligned,0,908,MCCE,bounded+edit,MCCE_bounded+edit,1,OK,0.0,0.03835272789001465,1.148936170212766,2.0,"{""nevents"": 116.0, ""ndays_act"": 21.0, ""nchapters"": 12.0}"
HarvardX,0,aligned,0,981,NICE,native,NICE_native,1,OK,0.0,0.0044858455657958984,0.6330927162742584,2.0,"{""nevents"": 103.0, ""ndays_act"": 30.0, ""nchapters"": 6.0}"
HarvardX,0,aligned,0,981,NICE,bounded,NICE_bounded,1,OK,0.0,0.0044858455657958984,0.6330927162742584,2.0,"{""nevents"": 103.0, ""ndays_act"": 30.0, ""nchapters"": 6.0}"
HarvardX,0,aligned,0,981,NICE,bounded+edit,NICE_bounded+edit,1,OK,0.0,0.0044858455657958984,0.6330927162742584,2.0,"{""nevents"": 103.0, ""ndays_act"": 30.0, ""nchapters"": 6.0}"
HarvardX,0,aligned,0,981,MCCE,native,MCCE_native,1,OK,0.0,0.046118736267089844,1.1016101104139961,3.0,"{""nevents"": 92.0, ""ndays_act"": 29.0, ""nchapters"": 9.0}"
HarvardX,0,aligned,0,981,MCCE,bounded,MCCE_bounded,1,OK,0.0,0.046118736267089844,1.1016101104139961,3.0,"{""nevents"": 92.0, ""ndays_act"": 29.0, ""nchapters"": 9.0}"
HarvardX,0,aligned,0,981,MCCE,bounded+edit,MCCE_bounded+edit,1,OK,0.0,0.046118736267089844,1.1016101104139961,3.0,"{""nevents"": 92.0, ""ndays_act"": 29.0, ""nchapters"": 9.0}"
HarvardX,0,aligned,0,1015,NICE,native,NICE_native,1,OK,0.0,0.004652738571166992,0.4848310291858679,2.0,"{""nevents"": 103.0, ""ndays_act"": 30.0, ""nchapters"": 6.0}"
HarvardX,0,aligned,0,1015,NICE,bounded,NICE_bounded,1,OK,0.0,0.004652738571166992,0.4848310291858679,2.0,"{""nevents"": 103.0, ""ndays_act"": 30.0, ""nchapters"": 6.0}"
HarvardX,0,aligned,0,1015,NICE,bounded+edit,NICE_bounded+edit,1,OK,0.0,0.004652738571166992,0.4848310291858679,2.0,"{""nevents"": 103.0, ""ndays_act"": 30.0, ""nchapters"": 6.0}"
HarvardX,0,aligned,0,1015,MCCE,native,MCCE_native,1,OK,0.0,0.04073166847229004,0.9500768049155146,3.0,"{""nevents"": 92.0, ""ndays_act"": 29.0, ""nchapters"": 9.0}"
HarvardX,0,aligned,0,1015,MCCE,bounded,MCCE_bounded,1,OK,0.0,0.04073166847229004,0.9500768049155146,3.0,"{""nevents"": 92.0, ""ndays_act"": 29.0, ""nchapters"": 9.0}"
HarvardX,0,aligned,0,1015,MCCE,bounded+edit,MCCE_bounded+edit,1,OK,0.0,0.04073166847229004,0.9500768049155146,3.0,"{""nevents"": 92.0, ""ndays_act"": 29.0, ""nchapters"": 9.0}"
HarvardX,0,aligned,0,1051,NICE,native,NICE_native,0,out_of_bounds:nevents,0.0,0.0035080909729003906,0.35020242914979755,1.0,"{""nevents"": 62.0, ""ndays_act"": 14.0, ""nchapters"": 12.0}"
HarvardX,0,aligned,0,1051,NICE,bounded,NICE_bounded,0,classifier_target_not_met,0.0,0.0035080909729003906,0.0,0.0,"{""nevents"": 235.0, ""ndays_act"": 14.0, ""nchapters"": 12.0}"
HarvardX,0,aligned,0,1051,NICE,bounded+edit,NICE_bounded+edit,0,classifier_target_not_met,0.0,0.0035080909729003906,0.0,0.0,"{""nevents"": 235.0, ""ndays_act"": 14.0, ""nchapters"": 12.0}"
HarvardX,0,aligned,0,1051,MCCE,native,MCCE_native,0,out_of_bounds:nevents,0.0,0.0422663688659668,0.402834008097166,1.0,"{""nevents"": 36.0, ""ndays_act"": 14.0, ""nchapters"": 12.0}"
HarvardX,0,aligned,0,1051,MCCE,bounded,MCCE_bounded,1,OK,0.0,0.0422663688659668,0.4112326643121716,2.0,"{""nevents"": 291.0, ""ndays_act"": 28.0, ""nchapters"": 12.0}"
HarvardX,0,aligned,0,1051,MCCE,bounded+edit,MCCE_bounded+edit,1,OK,0.0,0.0422663688659668,0.4112326643121716,2.0,"{""nevents"": 291.0, ""ndays_act"": 28.0, ""nchapters"": 12.0}"
HarvardX,0,aligned,0,1077,NICE,native,NICE_native,1,OK,0.0,0.008128643035888672,0.27729885057471265,2.0,"{""nevents"": 52.0, ""ndays_act"": 19.0, ""nchapters"": 8.0}"
HarvardX,0,aligned,0,1077,NICE,bounded,NICE_bounded,1,OK,0.0,0.008128643035888672,0.27729885057471265,2.0,"{""nevents"": 52.0, ""ndays_act"": 19.0, ""nchapters"": 8.0}"
HarvardX,0,aligned,0,1077,NICE,bounded+edit,NICE_bounded+edit,1,OK,0.0,0.008128643035888672,0.27729885057471265,2.0,"{""nevents"": 52.0, ""ndays_act"": 19.0, ""nchapters"": 8.0}"
HarvardX,0,aligned,0,1077,MCCE,native,MCCE_native,1,OK,0.0,0.04146218299865723,0.7633415435139572,3.0,"{""nevents"": 92.0, ""ndays_act"": 29.0, ""nchapters"": 9.0}"
HarvardX,0,aligned,0,1077,MCCE,bounded,MCCE_bounded,1,OK,0.0,0.04146218299865723,0.7633415435139572,3.0,"{""nevents"": 92.0, ""ndays_act"": 29.0, ""nchapters"": 9.0}"
HarvardX,0,aligned,0,1077,MCCE,bounded+edit,MCCE_bounded+edit,1,OK,0.0,0.04146218299865723,0.7633415435139572,3.0,"{""nevents"": 92.0, ""ndays_act"": 29.0, ""nchapters"": 9.0}"
HarvardX,0,aligned,0,1079,NICE,native,NICE_native,1,OK,0.0,0.004870414733886719,0.29243281471004245,2.0,"{""nevents"": 52.0, ""ndays_act"": 19.0, ""nchapters"": 8.0}"
HarvardX,0,aligned,0,1079,NICE,bounded,NICE_bounded,1,OK,0.0,0.004870414733886719,0.29243281471004245,2.0,"{""nevents"": 52.0, ""ndays_act"": 19.0, ""nchapters"": 8.0}"
HarvardX,0,aligned,0,1079,NICE,bounded+edit,NICE_bounded+edit,1,OK,0.0,0.004870414733886719,0.29243281471004245,2.0,"{""nevents"": 52.0, ""ndays_act"": 19.0, ""nchapters"": 8.0}"
HarvardX,0,aligned,0,1079,MCCE,native,MCCE_native,1,OK,0.0,0.04503273963928223,0.7775813295615276,3.0,"{""nevents"": 92.0, ""ndays_act"": 29.0, ""nchapters"": 9.0}"
HarvardX,0,aligned,0,1079,MCCE,bounded,MCCE_bounded,1,OK,0.0,0.04503273963928223,0.7775813295615276,3.0,"{""nevents"": 92.0, ""ndays_act"": 29.0, ""nchapters"": 9.0}"
HarvardX,0,aligned,0,1079,MCCE,bounded+edit,MCCE_bounded+edit,1,OK,0.0,0.04503273963928223,0.7775813295615276,3.0,"{""nevents"": 92.0, ""ndays_act"": 29.0, ""nchapters"": 9.0}"
HarvardX,0,aligned,0,1113,NICE,native,NICE_native,0,out_of_bounds:nevents,0.0,0.0035712718963623047,0.07108239095315025,1.0,"{""nevents"": 66.0, ""ndays_act"": 22.0, ""nchapters"": 7.0}"
HarvardX,0,aligned,0,1113,NICE,bounded,NICE_bounded,0,classifier_target_not_met,0.0,0.0035712718963623047,0.0,0.0,"{""nevents"": 110.0, ""ndays_act"": 22.0, ""nchapters"": 7.0}"
HarvardX,0,aligned,0,1113,NICE,bounded+edit,NICE_bounded+edit,0,classifier_target_not_met,0.0,0.0035712718963623047,0.0,0.0,"{""nevents"": 110.0, ""ndays_act"": 22.0, ""nchapters"": 7.0}"
HarvardX,0,aligned,0,1113,MCCE,native,MCCE_native,0,out_of_bounds:nevents,0.0,0.04235649108886719,0.6085663394225591,3.0,"{""nevents"": 92.0, ""ndays_act"": 29.0, ""nchapters"": 9.0}"
HarvardX,0,aligned,0,1113,MCCE,bounded,MCCE_bounded,1,OK,0.0,0.04235649108886719,0.9432335031688828,3.0,"{""nevents"": 132.0, ""ndays_act"": 34.0, ""nchapters"": 10.0}"
HarvardX,0,aligned,0,1113,MCCE,bounded+edit,MCCE_bounded+edit,1,OK,0.0,0.04235649108886719,0.9432335031688828,3.0,"{""nevents"": 132.0, ""ndays_act"": 34.0, ""nchapters"": 10.0}"
HarvardX,0,aligned,0,1133,NICE,native,NICE_native,1,OK,0.0,0.0046575069427490234,0.6330927162742584,2.0,"{""nevents"": 103.0, ""ndays_act"": 30.0, ""nchapters"": 6.0}"
HarvardX,0,aligned,0,1133,NICE,bounded,NICE_bounded,1,OK,0.0,0.0046575069427490234,0.6330927162742584,2.0,"{""nevents"": 103.0, ""ndays_act"": 30.0, ""nchapters"": 6.0}"
HarvardX,0,aligned,0,1133,NICE,bounded+edit,NICE_bounded+edit,1,OK,0.0,0.0046575069427490234,0.6330927162742584,2.0,"{""nevents"": 103.0, ""ndays_act"": 30.0, ""nchapters"": 6.0}"
HarvardX,0,aligned,0,1133,MCCE,native,MCCE_native,1,OK,0.0,0.04083085060119629,1.1016101104139961,3.0,"{""nevents"": 92.0, ""ndays_act"": 29.0, ""nchapters"": 9.0}"
HarvardX,0,aligned,0,1133,MCCE,bounded,MCCE_bounded,1,OK,0.0,0.04083085060119629,1.1016101104139961,3.0,"{""nevents"": 92.0, ""ndays_act"": 29.0, ""nchapters"": 9.0}"
HarvardX,0,aligned,0,1133,MCCE,bounded+edit,MCCE_bounded+edit,1,OK,0.0,0.04083085060119629,1.1016101104139961,3.0,"{""nevents"": 92.0, ""ndays_act"": 29.0, ""nchapters"": 9.0}"
HarvardX,0,aligned,0,1169,NICE,native,NICE_native,0,out_of_bounds:nevents,0.0,0.01119089126586914,0.06103494029190623,2.0,"{""nevents"": 9.0, ""ndays_act"": 7.0, ""nchapters"": 12.0}"
HarvardX,0,aligned,0,1169,NICE,bounded,NICE_bounded,0,classifier_target_not_met,0.0,0.01119089126586914,0.05263157894736842,1.0,"{""nevents"": 15.0, ""ndays_act"": 7.0, ""nchapters"": 12.0}"
HarvardX,0,aligned,0,1169,NICE,bounded+edit,NICE_bounded+edit,0,classifier_target_not_met,0.0,0.01119089126586914,0.05263157894736842,1.0,"{""nevents"": 15.0, ""ndays_act"": 7.0, ""nchapters"": 12.0}"
HarvardX,0,aligned,0,1169,MCCE,native,MCCE_native,0,out_of_bounds:nevents,0.0,0.03561973571777344,0.06103494029190623,2.0,"{""nevents"": 9.0, ""ndays_act"": 7.0, ""nchapters"": 12.0}"
HarvardX,0,aligned,0,1169,MCCE,bounded,MCCE_bounded,1,OK,0.0,0.03561973571777344,0.136812619784756,2.0,"{""nevents"": 25.0, ""ndays_act"": 11.0, ""nchapters"": 12.0}"
HarvardX,0,aligned,0,1169,MCCE,bounded+edit,MCCE_bounded+edit,1,OK,0.0,0.03561973571777344,0.136812619784756,2.0,"{""nevents"": 25.0, ""ndays_act"": 11.0, ""nchapters"": 12.0}"
HarvardX,0,aligned,0,1237,NICE,native,NICE_native,1,OK,0.0,0.004843950271606445,0.4347972745058355,2.0,"{""nevents"": 66.0, ""ndays_act"": 21.0, ""nchapters"": 7.0}"
HarvardX,0,aligned,0,1237,NICE,bounded,NICE_bounded,1,OK,0.0,0.004843950271606445,0.4347972745058355,2.0,"{""nevents"": 66.0, ""ndays_act"": 21.0, ""nchapters"": 7.0}"
HarvardX,0,aligned,0,1237,NICE,bounded+edit,NICE_bounded+edit,1,OK,0.0,0.004843950271606445,0.4347972745058355,2.0,"{""nevents"": 66.0, ""ndays_act"": 21.0, ""nchapters"": 7.0}"
HarvardX,0,aligned,0,1237,MCCE,native,MCCE_native,1,OK,0.0,0.04038834571838379,1.0016101104139963,3.0,"{""nevents"": 92.0, ""ndays_act"": 29.0, ""nchapters"": 9.0}"
HarvardX,0,aligned,0,1237,MCCE,bounded,MCCE_bounded,1,OK,0.0,0.04038834571838379,1.0016101104139963,3.0,"{""nevents"": 92.0, ""ndays_act"": 29.0, ""nchapters"": 9.0}"
HarvardX,0,aligned,0,1237,MCCE,bounded+edit,MCCE_bounded+edit,1,OK,0.0,0.04038834571838379,1.0016101104139963,3.0,"{""nevents"": 92.0, ""ndays_act"": 29.0, ""nchapters"": 9.0}"
HarvardX,0,aligned,0,1261,NICE,native,NICE_native,0,out_of_bounds:nevents;out_of_bounds:ndays_act,0.0,0.00451207160949707,0.4875512842128927,2.0,"{""nevents"": 66.0, ""ndays_act"": 21.0, ""nchapters"": 7.0}"
HarvardX,0,aligned,0,1261,NICE,bounded,NICE_bounded,0,classifier_target_not_met,0.0,0.00451207160949707,0.0,0.0,"{""nevents"": 70.0, ""ndays_act"": 34.0, ""nchapters"": 7.0}"
HarvardX,0,aligned,0,1261,NICE,bounded+edit,NICE_bounded+edit,0,classifier_target_not_met,0.0,0.00451207160949707,0.0,0.0,"{""nevents"": 70.0, ""ndays_act"": 34.0, ""nchapters"": 7.0}"
HarvardX,0,aligned,0,1261,MCCE,native,MCCE_native,1,OK,0.0,0.04056739807128906,0.694081942336874,2.0,"{""nevents"": 132.0, ""ndays_act"": 34.0, ""nchapters"": 10.0}"
HarvardX,0,aligned,0,1261,MCCE,bounded,MCCE_bounded,1,OK,0.0,0.04056739807128906,0.694081942336874,2.0,"{""nevents"": 132.0, ""ndays_act"": 34.0, ""nchapters"": 10.0}"
HarvardX,0,aligned,0,1261,MCCE,bounded+edit,MCCE_bounded+edit,1,OK,0.0,0.04056739807128906,0.694081942336874,2.0,"{""nevents"": 132.0, ""ndays_act"": 34.0, ""nchapters"": 10.0}"
HarvardX,0,aligned,0,1279,NICE,native,NICE_native,1,OK,0.0,0.004831552505493164,0.12765567765567765,2.0,"{""nevents"": 9.0, ""ndays_act"": 8.0, ""nchapters"": 10.0}"
HarvardX,0,aligned,0,1279,NICE,bounded,NICE_bounded,1,OK,0.0,0.004831552505493164,0.12765567765567765,2.0,"{""nevents"": 9.0, ""ndays_act"": 8.0, ""nchapters"": 10.0}"
HarvardX,0,aligned,0,1279,NICE,bounded+edit,NICE_bounded+edit,1,OK,0.0,0.004831552505493164,0.12765567765567765,2.0,"{""nevents"": 9.0, ""ndays_act"": 8.0, ""nchapters"": 10.0}"
HarvardX,0,aligned,0,1279,MCCE,native,MCCE_native,1,OK,0.0,0.04061126708984375,0.38516483516483513,2.0,"{""nevents"": 63.0, ""ndays_act"": 19.0, ""nchapters"": 10.0}"
HarvardX,0,aligned,0,1279,MCCE,bounded,MCCE_bounded,1,OK,0.0,0.04061126708984375,0.38516483516483513,2.0,"{""nevents"": 63.0, ""ndays_act"": 19.0, ""nchapters"": 10.0}"
HarvardX,0,aligned,0,1279,MCCE,bounded+edit,MCCE_bounded+edit,1,OK,0.0,0.04061126708984375,0.38516483516483513,2.0,"{""nevents"": 63.0, ""ndays_act"": 19.0, ""nchapters"": 10.0}"
HarvardX,0,aligned,0,1286,NICE,native,NICE_native,1,OK,0.0,0.0048427581787109375,0.6330927162742584,2.0,"{""nevents"": 103.0, ""ndays_act"": 30.0, ""nchapters"": 6.0}"
HarvardX,0,aligned,0,1286,NICE,bounded,NICE_bounded,1,OK,0.0,0.0048427581787109375,0.6330927162742584,2.0,"{""nevents"": 103.0, ""ndays_act"": 30.0, ""nchapters"": 6.0}"
HarvardX,0,aligned,0,1286,NICE,bounded+edit,NICE_bounded+edit,1,OK,0.0,0.0048427581787109375,0.6330927162742584,2.0,"{""nevents"": 103.0, ""ndays_act"": 30.0, ""nchapters"": 6.0}"
HarvardX,0,aligned,0,1286,MCCE,native,MCCE_native,1,OK,0.0,0.04134178161621094,1.1016101104139961,3.0,"{""nevents"": 92.0, ""ndays_act"": 29.0, ""nchapters"": 9.0}"
HarvardX,0,aligned,0,1286,MCCE,bounded,MCCE_bounded,1,OK,0.0,0.04134178161621094,1.1016101104139961,3.0,"{""nevents"": 92.0, ""ndays_act"": 29.0, ""nchapters"": 9.0}"
HarvardX,0,aligned,0,1286,MCCE,bounded+edit,MCCE_bounded+edit,1,OK,0.0,0.04134178161621094,1.1016101104139961,3.0,"{""nevents"": 92.0, ""ndays_act"": 29.0, ""nchapters"": 9.0}"
HarvardX,0,aligned,0,1364,NICE,native,NICE_native,1,OK,0.0,0.004523277282714844,0.4347972745058355,2.0,"{""nevents"": 66.0, ""ndays_act"": 21.0, ""nchapters"": 7.0}"
HarvardX,0,aligned,0,1364,NICE,bounded,NICE_bounded,1,OK,0.0,0.004523277282714844,0.4347972745058355,2.0,"{""nevents"": 66.0, ""ndays_act"": 21.0, ""nchapters"": 7.0}"
HarvardX,0,aligned,0,1364,NICE,bounded+edit,NICE_bounded+edit,1,OK,0.0,0.004523277282714844,0.4347972745058355,2.0,"{""nevents"": 66.0, ""ndays_act"": 21.0, ""nchapters"": 7.0}"
HarvardX,0,aligned,0,1364,MCCE,native,MCCE_native,1,OK,0.0,0.04040980339050293,1.0016101104139963,3.0,"{""nevents"": 92.0, ""ndays_act"": 29.0, ""nchapters"": 9.0}"
HarvardX,0,aligned,0,1364,MCCE,bounded,MCCE_bounded,1,OK,0.0,0.04040980339050293,1.0016101104139963,3.0,"{""nevents"": 92.0, ""ndays_act"": 29.0, ""nchapters"": 9.0}"
HarvardX,0,aligned,0,1364,MCCE,bounded+edit,MCCE_bounded+edit,1,OK,0.0,0.04040980339050293,1.0016101104139963,3.0,"{""nevents"": 92.0, ""ndays_act"": 29.0, ""nchapters"": 9.0}"
HarvardX,0,aligned,0,1395,NICE,native,NICE_native,0,out_of_bounds:nevents,0.0,0.0035839080810546875,0.09568480300187618,1.0,"{""nevents"": 145.0, ""ndays_act"": 21.0, ""nchapters"": 12.0}"
HarvardX,0,aligned,0,1395,NICE,bounded,NICE_bounded,0,classifier_target_not_met,0.0,0.0035839080810546875,0.0,0.0,"{""nevents"": 196.0, ""ndays_act"": 21.0, ""nchapters"": 12.0}"
HarvardX,0,aligned,0,1395,NICE,bounded+edit,NICE_bounded+edit,0,classifier_target_not_met,0.0,0.0035839080810546875,0.0,0.0,"{""nevents"": 196.0, ""ndays_act"": 21.0, ""nchapters"": 12.0}"
HarvardX,0,aligned,0,1395,MCCE,native,MCCE_native,0,out_of_bounds:nevents,0.0,0.026750564575195312,0.09568480300187618,1.0,"{""nevents"": 145.0, ""ndays_act"": 21.0, ""nchapters"": 12.0}"
HarvardX,0,aligned,0,1395,MCCE,bounded,MCCE_bounded,1,OK,0.0,0.026750564575195312,0.13128517823639774,2.0,"{""nevents"": 226.0, ""ndays_act"": 24.0, ""nchapters"": 12.0}"
HarvardX,0,aligned,0,1395,MCCE,bounded+edit,MCCE_bounded+edit,1,OK,0.0,0.026750564575195312,0.13128517823639774,2.0,"{""nevents"": 226.0, ""ndays_act"": 24.0, ""nchapters"": 12.0}"
HarvardX,0,aligned,0,1430,NICE,native,NICE_native,1,OK,0.0,0.005231142044067383,0.6330927162742584,2.0,"{""nevents"": 103.0, ""ndays_act"": 30.0, ""nchapters"": 6.0}"
HarvardX,0,aligned,0,1430,NICE,bounded,NICE_bounded,1,OK,0.0,0.005231142044067383,0.6330927162742584,2.0,"{""nevents"": 103.0, ""ndays_act"": 30.0, ""nchapters"": 6.0}"
HarvardX,0,aligned,0,1430,NICE,bounded+edit,NICE_bounded+edit,1,OK,0.0,0.005231142044067383,0.6330927162742584,2.0,"{""nevents"": 103.0, ""ndays_act"": 30.0, ""nchapters"": 6.0}"
HarvardX,0,aligned,0,1430,MCCE,native,MCCE_native,1,OK,0.0,0.04062962532043457,1.1016101104139961,3.0,"{""nevents"": 92.0, ""ndays_act"": 29.0, ""nchapters"": 9.0}"
HarvardX,0,aligned,0,1430,MCCE,bounded,MCCE_bounded,1,OK,0.0,0.04062962532043457,1.1016101104139961,3.0,"{""nevents"": 92.0, ""ndays_act"": 29.0, ""nchapters"": 9.0}"
HarvardX,0,aligned,0,1430,MCCE,bounded+edit,MCCE_bounded+edit,1,OK,0.0,0.04062962532043457,1.1016101104139961,3.0,"{""nevents"": 92.0, ""ndays_act"": 29.0, ""nchapters"": 9.0}"
HarvardX,0,aligned,0,1471,NICE,native,NICE_native,1,OK,0.0,0.00453639030456543,0.4347972745058355,2.0,"{""nevents"": 66.0, ""ndays_act"": 21.0, ""nchapters"": 7.0}"
HarvardX,0,aligned,0,1471,NICE,bounded,NICE_bounded,1,OK,0.0,0.00453639030456543,0.4347972745058355,2.0,"{""nevents"": 66.0, ""ndays_act"": 21.0, ""nchapters"": 7.0}"
HarvardX,0,aligned,0,1471,NICE,bounded+edit,NICE_bounded+edit,1,OK,0.0,0.00453639030456543,0.4347972745058355,2.0,"{""nevents"": 66.0, ""ndays_act"": 21.0, ""nchapters"": 7.0}"
HarvardX,0,aligned,0,1471,MCCE,native,MCCE_native,1,OK,0.0,0.055417537689208984,1.0016101104139963,3.0,"{""nevents"": 92.0, ""ndays_act"": 29.0, ""nchapters"": 9.0}"
HarvardX,0,aligned,0,1471,MCCE,bounded,MCCE_bounded,1,OK,0.0,0.055417537689208984,1.0016101104139963,3.0,"{""nevents"": 92.0, ""ndays_act"": 29.0, ""nchapters"": 9.0}"
HarvardX,0,aligned,0,1471,MCCE,bounded+edit,MCCE_bounded+edit,1,OK,0.0,0.055417537689208984,1.0016101104139963,3.0,"{""nevents"": 92.0, ""ndays_act"": 29.0, ""nchapters"": 9.0}"
HarvardX,0,aligned,0,1481,NICE,native,NICE_native,1,OK,0.0,0.005106449127197266,0.5367213804713805,2.0,"{""nevents"": 103.0, ""ndays_act"": 30.0, ""nchapters"": 6.0}"
HarvardX,0,aligned,0,1481,NICE,bounded,NICE_bounded,1,OK,0.0,0.005106449127197266,0.5367213804713805,2.0,"{""nevents"": 103.0, ""ndays_act"": 30.0, ""nchapters"": 6.0}"
HarvardX,0,aligned,0,1481,NICE,bounded+edit,NICE_bounded+edit,1,OK,0.0,0.005106449127197266,0.5367213804713805,2.0,"{""nevents"": 103.0, ""ndays_act"": 30.0, ""nchapters"": 6.0}"
HarvardX,0,aligned,0,1481,MCCE,native,MCCE_native,1,OK,0.0,0.04111075401306152,1.074074074074074,2.0,"{""nevents"": 25.0, ""ndays_act"": 11.0, ""nchapters"": 12.0}"
HarvardX,0,aligned,0,1481,MCCE,bounded,MCCE_bounded,1,OK,0.0,0.04111075401306152,1.074074074074074,2.0,"{""nevents"": 25.0, ""ndays_act"": 11.0, ""nchapters"": 12.0}"
HarvardX,0,aligned,0,1481,MCCE,bounded+edit,MCCE_bounded+edit,1,OK,0.0,0.04111075401306152,1.074074074074074,2.0,"{""nevents"": 25.0, ""ndays_act"": 11.0, ""nchapters"": 12.0}"
HarvardX,0,aligned,0,1503,NICE,native,NICE_native,0,out_of_bounds:nevents,0.0,0.005772113800048828,0.1208808371076058,2.0,"{""nevents"": 9.0, ""ndays_act"": 7.0, ""nchapters"": 12.0}"
HarvardX,0,aligned,0,1503,NICE,bounded,NICE_bounded,0,classifier_target_not_met,0.0,0.005772113800048828,0.05263157894736842,1.0,"{""nevents"": 55.0, ""ndays_act"": 7.0, ""nchapters"": 12.0}"
HarvardX,0,aligned,0,1503,NICE,bounded+edit,NICE_bounded+edit,0,classifier_target_not_met,0.0,0.005772113800048828,0.05263157894736842,1.0,"{""nevents"": 55.0, ""ndays_act"": 7.0, ""nchapters"": 12.0}"
HarvardX,0,aligned,0,1503,MCCE,native,MCCE_native,0,out_of_bounds:nevents,0.0,0.02737593650817871,0.1208808371076058,2.0,"{""nevents"": 9.0, ""ndays_act"": 7.0, ""nchapters"": 12.0}"
HarvardX,0,aligned,0,1503,MCCE,bounded,MCCE_bounded,1,OK,0.0,0.02737593650817871,0.2107866104430215,2.0,"{""nevents"": 67.0, ""ndays_act"": 15.0, ""nchapters"": 12.0}"
HarvardX,0,aligned,0,1503,MCCE,bounded+edit,MCCE_bounded+edit,1,OK,0.0,0.02737593650817871,0.2107866104430215,2.0,"{""nevents"": 67.0, ""ndays_act"": 15.0, ""nchapters"": 12.0}"
HarvardX,0,aligned,0,1536,NICE,native,NICE_native,1,OK,0.0,0.00506138801574707,0.4347972745058355,2.0,"{""nevents"": 66.0, ""ndays_act"": 21.0, ""nchapters"": 7.0}"
HarvardX,0,aligned,0,1536,NICE,bounded,NICE_bounded,1,OK,0.0,0.00506138801574707,0.4347972745058355,2.0,"{""nevents"": 66.0, ""ndays_act"": 21.0, ""nchapters"": 7.0}"
HarvardX,0,aligned,0,1536,NICE,bounded+edit,NICE_bounded+edit,1,OK,0.0,0.00506138801574707,0.4347972745058355,2.0,"{""nevents"": 66.0, ""ndays_act"": 21.0, ""nchapters"": 7.0}"
HarvardX,0,aligned,0,1536,MCCE,native,MCCE_native,1,OK,0.0,0.04109597206115723,1.0016101104139963,3.0,"{""nevents"": 92.0, ""ndays_act"": 29.0, ""nchapters"": 9.0}"
HarvardX,0,aligned,0,1536,MCCE,bounded,MCCE_bounded,1,OK,0.0,0.04109597206115723,1.0016101104139963,3.0,"{""nevents"": 92.0, ""ndays_act"": 29.0, ""nchapters"": 9.0}"
HarvardX,0,aligned,0,1536,MCCE,bounded+edit,MCCE_bounded+edit,1,OK,0.0,0.04109597206115723,1.0016101104139963,3.0,"{""nevents"": 92.0, ""ndays_act"": 29.0, ""nchapters"": 9.0}"
HarvardX,0,aligned,0,1544,NICE,native,NICE_native,1,OK,0.0,0.00497746467590332,0.5304302065517694,2.0,"{""nevents"": 103.0, ""ndays_act"": 30.0, ""nchapters"": 6.0}"
HarvardX,0,aligned,0,1544,NICE,bounded,NICE_bounded,1,OK,0.0,0.00497746467590332,0.5304302065517694,2.0,"{""nevents"": 103.0, ""ndays_act"": 30.0, ""nchapters"": 6.0}"
HarvardX,0,aligned,0,1544,NICE,bounded+edit,NICE_bounded+edit,1,OK,0.0,0.00497746467590332,0.5304302065517694,2.0,"{""nevents"": 103.0, ""ndays_act"": 30.0, ""nchapters"": 6.0}"
HarvardX,0,aligned,0,1544,MCCE,native,MCCE_native,1,OK,0.0,0.04537248611450195,0.9963294303381134,3.0,"{""nevents"": 92.0, ""ndays_act"": 29.0, ""nchapters"": 9.0}"
HarvardX,0,aligned,0,1544,MCCE,bounded,MCCE_bounded,1,OK,0.0,0.04537248611450195,0.9963294303381134,3.0,"{""nevents"": 92.0, ""ndays_act"": 29.0, ""nchapters"": 9.0}"
HarvardX,0,aligned,0,1544,MCCE,bounded+edit,MCCE_bounded+edit,1,OK,0.0,0.04537248611450195,0.9963294303381134,3.0,"{""nevents"": 92.0, ""ndays_act"": 29.0, ""nchapters"": 9.0}"
HarvardX,0,aligned,0,1546,NICE,native,NICE_native,1,OK,0.0,0.003973722457885742,0.1864406779661017,1.0,"{""nevents"": 14.0, ""ndays_act"": 13.0, ""nchapters"": 11.0}"
HarvardX,0,aligned,0,1546,NICE,bounded,NICE_bounded,1,OK,0.0,0.003973722457885742,0.1864406779661017,1.0,"{""nevents"": 14.0, ""ndays_act"": 13.0, ""nchapters"": 11.0}"
HarvardX,0,aligned,0,1546,NICE,bounded+edit,NICE_bounded+edit,1,OK,0.0,0.003973722457885742,0.1864406779661017,1.0,"{""nevents"": 14.0, ""ndays_act"": 13.0, ""nchapters"": 11.0}"
HarvardX,0,aligned,0,1546,MCCE,native,MCCE_native,1,OK,0.0,0.0475616455078125,0.469550788194856,2.0,"{""nevents"": 71.0, ""ndays_act"": 25.0, ""nchapters"": 11.0}"
HarvardX,0,aligned,0,1546,MCCE,bounded,MCCE_bounded,1,OK,0.0,0.0475616455078125,0.469550788194856,2.0,"{""nevents"": 71.0, ""ndays_act"": 25.0, ""nchapters"": 11.0}"
HarvardX,0,aligned,0,1546,MCCE,bounded+edit,MCCE_bounded+edit,1,OK,0.0,0.0475616455078125,0.469550788194856,2.0,"{""nevents"": 71.0, ""ndays_act"": 25.0, ""nchapters"": 11.0}"
HarvardX,0,aligned,0,1562,NICE,native,NICE_native,0,out_of_bounds:nevents,0.0,0.0034770965576171875,0.2698412698412698,1.0,"{""nevents"": 9.0, ""ndays_act"": 8.0, ""nchapters"": 12.0}"
HarvardX,0,aligned,0,1562,NICE,bounded,NICE_bounded,0,classifier_target_not_met,0.0,0.0034770965576171875,0.0,0.0,"{""nevents"": 162.0, ""ndays_act"": 8.0, ""nchapters"": 12.0}"
HarvardX,0,aligned,0,1562,NICE,bounded+edit,NICE_bounded+edit,0,classifier_target_not_met,0.0,0.0034770965576171875,0.0,0.0,"{""nevents"": 162.0, ""ndays_act"": 8.0, ""nchapters"": 12.0}"
HarvardX,0,aligned,0,1562,MCCE,native,MCCE_native,0,out_of_bounds:nevents;out_of_bounds:ndays_act,0.0,0.029810667037963867,0.2887091943695717,2.0,"{""nevents"": 9.0, ""ndays_act"": 7.0, ""nchapters"": 12.0}"
HarvardX,0,aligned,0,1562,MCCE,bounded,MCCE_bounded,1,OK,0.0,0.029810667037963867,0.3036504608831653,2.0,"{""nevents"": 163.0, ""ndays_act"": 24.0, ""nchapters"": 12.0}"
HarvardX,0,aligned,0,1562,MCCE,bounded+edit,MCCE_bounded+edit,1,OK,0.0,0.029810667037963867,0.3036504608831653,2.0,"{""nevents"": 163.0, ""ndays_act"": 24.0, ""nchapters"": 12.0}"
HarvardX,0,aligned,0,1631,NICE,native,NICE_native,1,OK,0.0,0.005084514617919922,0.6222604309949564,2.0,"{""nevents"": 103.0, ""ndays_act"": 30.0, ""nchapters"": 6.0}"
HarvardX,0,aligned,0,1631,NICE,bounded,NICE_bounded,1,OK,0.0,0.005084514617919922,0.6222604309949564,2.0,"{""nevents"": 103.0, ""ndays_act"": 30.0, ""nchapters"": 6.0}"
HarvardX,0,aligned,0,1631,NICE,bounded+edit,NICE_bounded+edit,1,OK,0.0,0.005084514617919922,0.6222604309949564,2.0,"{""nevents"": 103.0, ""ndays_act"": 30.0, ""nchapters"": 6.0}"
HarvardX,0,aligned,0,1631,MCCE,native,MCCE_native,1,OK,0.0,0.03937530517578125,1.0904630903255388,3.0,"{""nevents"": 92.0, ""ndays_act"": 29.0, ""nchapters"": 9.0}"
HarvardX,0,aligned,0,1631,MCCE,bounded,MCCE_bounded,1,OK,0.0,0.03937530517578125,1.0904630903255388,3.0,"{""nevents"": 92.0, ""ndays_act"": 29.0, ""nchapters"": 9.0}"
HarvardX,0,aligned,0,1631,MCCE,bounded+edit,MCCE_bounded+edit,1,OK,0.0,0.03937530517578125,1.0904630903255388,3.0,"{""nevents"": 92.0, ""ndays_act"": 29.0, ""nchapters"": 9.0}"
HarvardX,0,aligned,0,1638,NICE,native,NICE_native,1,OK,0.0,0.0038573741912841797,0.05128205128205128,1.0,"{""nevents"": 235.0, ""ndays_act"": 24.0, ""nchapters"": 12.0}"
HarvardX,0,aligned,0,1638,NICE,bounded,NICE_bounded,1,OK,0.0,0.0038573741912841797,0.05128205128205128,1.0,"{""nevents"": 235.0, ""ndays_act"": 24.0, ""nchapters"": 12.0}"
HarvardX,0,aligned,0,1638,NICE,bounded+edit,NICE_bounded+edit,1,OK,0.0,0.0038573741912841797,0.05128205128205128,1.0,"{""nevents"": 235.0, ""ndays_act"": 24.0, ""nchapters"": 12.0}"
HarvardX,0,aligned,0,1638,MCCE,native,MCCE_native,0,out_of_bounds:nevents,0.0,0.02685070037841797,0.21052631578947367,1.0,"{""nevents"": 131.0, ""ndays_act"": 22.0, ""nchapters"": 12.0}"
HarvardX,0,aligned,0,1638,MCCE,bounded,MCCE_bounded,1,OK,0.0,0.02685070037841797,0.26720647773279355,2.0,"{""nevents"": 291.0, ""ndays_act"": 28.0, ""nchapters"": 12.0}"
HarvardX,0,aligned,0,1638,MCCE,bounded+edit,MCCE_bounded+edit,1,OK,0.0,0.02685070037841797,0.26720647773279355,2.0,"{""nevents"": 291.0, ""ndays_act"": 28.0, ""nchapters"": 12.0}"
HarvardX,0,aligned,0,1639,NICE,native,NICE_native,1,OK,0.0,0.008050918579101562,0.3973477058364655,2.0,"{""nevents"": 66.0, ""ndays_act"": 21.0, ""nchapters"": 7.0}"
HarvardX,0,aligned,0,1639,NICE,bounded,NICE_bounded,1,OK,0.0,0.008050918579101562,0.3973477058364655,2.0,"{""nevents"": 66.0, ""ndays_act"": 21.0, ""nchapters"": 7.0}"
HarvardX,0,aligned,0,1639,NICE,bounded+edit,NICE_bounded+edit,1,OK,0.0,0.008050918579101562,0.3973477058364655,2.0,"{""nevents"": 66.0, ""ndays_act"": 21.0, ""nchapters"": 7.0}"
HarvardX,0,aligned,0,1639,MCCE,native,MCCE_native,1,OK,0.0,0.04129338264465332,0.9692031298016689,3.0,"{""nevents"": 92.0, ""ndays_act"": 29.0, ""nchapters"": 9.0}"
HarvardX,0,aligned,0,1639,MCCE,bounded,MCCE_bounded,1,OK,0.0,0.04129338264465332,0.9692031298016689,3.0,"{""nevents"": 92.0, ""ndays_act"": 29.0, ""nchapters"": 9.0}"
HarvardX,0,aligned,0,1639,MCCE,bounded+edit,MCCE_bounded+edit,1,OK,0.0,0.04129338264465332,0.9692031298016689,3.0,"{""nevents"": 92.0, ""ndays_act"": 29.0, ""nchapters"": 9.0}"
HarvardX,0,aligned,0,1732,NICE,native,NICE_native,0,out_of_bounds:nevents,0.0,0.006082773208618164,0.32096069868995636,1.0,"{""nevents"": 124.0, ""ndays_act"": 21.0, ""nchapters"": 10.0}"
HarvardX,0,aligned,0,1732,NICE,bounded,NICE_bounded,0,classifier_target_not_met,0.0,0.006082773208618164,0.0,0.0,"{""nevents"": 271.0, ""ndays_act"": 21.0, ""nchapters"": 10.0}"
HarvardX,0,aligned,0,1732,NICE,bounded+edit,NICE_bounded+edit,0,classifier_target_not_met,0.0,0.006082773208618164,0.0,0.0,"{""nevents"": 271.0, ""ndays_act"": 21.0, ""nchapters"": 10.0}"
HarvardX,0,aligned,0,1732,MCCE,native,MCCE_native,0,out_of_bounds:nevents,0.0,0.055918216705322266,0.4320960698689956,2.0,"{""nevents"": 96.0, ""ndays_act"": 23.0, ""nchapters"": 10.0}"
HarvardX,0,aligned,0,1732,MCCE,bounded,MCCE_bounded,1,OK,0.0,0.055918216705322266,1.0551310043668123,2.0,"{""nevents"": 468.0, ""ndays_act"": 46.0, ""nchapters"": 10.0}"
HarvardX,0,aligned,0,1732,MCCE,bounded+edit,MCCE_bounded+edit,1,OK,0.0,0.055918216705322266,1.0551310043668123,2.0,"{""nevents"": 468.0, ""ndays_act"": 46.0, ""nchapters"": 10.0}"
HarvardX,0,aligned,0,1758,NICE,native,NICE_native,1,OK,0.0,0.004790306091308594,0.32962627699469804,2.0,"{""nevents"": 66.0, ""ndays_act"": 21.0, ""nchapters"": 7.0}"
HarvardX,0,aligned,0,1758,NICE,bounded,NICE_bounded,1,OK,0.0,0.004790306091308594,0.32962627699469804,2.0,"{""nevents"": 66.0, ""ndays_act"": 21.0, ""nchapters"": 7.0}"
HarvardX,0,aligned,0,1758,NICE,bounded+edit,NICE_bounded+edit,1,OK,0.0,0.004790306091308594,0.32962627699469804,2.0,"{""nevents"": 66.0, ""ndays_act"": 21.0, ""nchapters"": 7.0}"
HarvardX,0,aligned,0,1758,MCCE,native,MCCE_native,1,OK,0.0,0.043836355209350586,0.91206517522307,3.0,"{""nevents"": 92.0, ""ndays_act"": 29.0, ""nchapters"": 9.0}"
HarvardX,0,aligned,0,1758,MCCE,bounded,MCCE_bounded,1,OK,0.0,0.043836355209350586,0.91206517522307,3.0,"{""nevents"": 92.0, ""ndays_act"": 29.0, ""nchapters"": 9.0}"
HarvardX,0,aligned,0,1758,MCCE,bounded+edit,MCCE_bounded+edit,1,OK,0.0,0.043836355209350586,0.91206517522307,3.0,"{""nevents"": 92.0, ""ndays_act"": 29.0, ""nchapters"": 9.0}"
HarvardX,0,aligned,0,1772,NICE,native,NICE_native,1,OK,0.0,0.004910945892333984,0.12709977737300143,2.0,"{""nevents"": 9.0, ""ndays_act"": 7.0, ""nchapters"": 12.0}"
HarvardX,0,aligned,0,1772,NICE,bounded,NICE_bounded,1,OK,0.0,0.004910945892333984,0.12709977737300143,2.0,"{""nevents"": 9.0, ""ndays_act"": 7.0, ""nchapters"": 12.0}"
HarvardX,0,aligned,0,1772,NICE,bounded+edit,NICE_bounded+edit,1,OK,0.0,0.004910945892333984,0.12709977737300143,2.0,"{""nevents"": 9.0, ""ndays_act"": 7.0, ""nchapters"": 12.0}"
HarvardX,0,aligned,0,1772,MCCE,native,MCCE_native,1,OK,0.0,0.026095867156982422,0.12709977737300143,2.0,"{""nevents"": 9.0, ""ndays_act"": 7.0, ""nchapters"": 12.0}"
HarvardX,0,aligned,0,1772,MCCE,bounded,MCCE_bounded,1,OK,0.0,0.026095867156982422,0.12709977737300143,2.0,"{""nevents"": 9.0, ""ndays_act"": 7.0, ""nchapters"": 12.0}"
HarvardX,0,aligned,0,1772,MCCE,bounded+edit,MCCE_bounded+edit,1,OK,0.0,0.026095867156982422,0.12709977737300143,2.0,"{""nevents"": 9.0, ""ndays_act"": 7.0, ""nchapters"": 12.0}"
HarvardX,0,aligned,0,1787,NICE,native,NICE_native,1,OK,0.0,0.004693746566772461,0.0825211176088369,2.0,"{""nevents"": 9.0, ""ndays_act"": 8.0, ""nchapters"": 10.0}"
HarvardX,0,aligned,0,1787,NICE,bounded,NICE_bounded,1,OK,0.0,0.004693746566772461,0.0825211176088369,2.0,"{""nevents"": 9.0, ""ndays_act"": 8.0, ""nchapters"": 10.0}"
HarvardX,0,aligned,0,1787,NICE,bounded+edit,NICE_bounded+edit,1,OK,0.0,0.004693746566772461,0.0825211176088369,2.0,"{""nevents"": 9.0, ""ndays_act"": 8.0, ""nchapters"": 10.0}"
HarvardX,0,aligned,0,1787,MCCE,native,MCCE_native,1,OK,0.0,0.042612552642822266,0.34957764782326184,2.0,"{""nevents"": 63.0, ""ndays_act"": 19.0, ""nchapters"": 10.0}"
HarvardX,0,aligned,0,1787,MCCE,bounded,MCCE_bounded,1,OK,0.0,0.042612552642822266,0.34957764782326184,2.0,"{""nevents"": 63.0, ""ndays_act"": 19.0, ""nchapters"": 10.0}"
HarvardX,0,aligned,0,1787,MCCE,bounded+edit,MCCE_bounded+edit,1,OK,0.0,0.042612552642822266,0.34957764782326184,2.0,"{""nevents"": 63.0, ""ndays_act"": 19.0, ""nchapters"": 10.0}"
HarvardX,0,aligned,0,1822,NICE,native,NICE_native,0,out_of_bounds:nevents,0.0,0.006445884704589844,8.538461538461538,1.0,"{""nevents"": 605.0, ""ndays_act"": 42.0, ""nchapters"": 11.0}"
HarvardX,0,aligned,0,1822,NICE,bounded,NICE_bounded,0,classifier_target_not_met,0.0,0.006445884704589844,0.0,0.0,"{""nevents"": 716.0, ""ndays_act"": 42.0, ""nchapters"": 11.0}"
HarvardX,0,aligned,0,1822,NICE,bounded+edit,NICE_bounded+edit,0,classifier_target_not_met,0.0,0.006445884704589844,0.0,0.0,"{""nevents"": 716.0, ""ndays_act"": 42.0, ""nchapters"": 11.0}"
HarvardX,0,aligned,0,1822,MCCE,native,MCCE_native,0,out_of_bounds:nevents,0.0,0.06421613693237305,23.157894736842106,2.0,"{""nevents"": 417.0, ""ndays_act"": 45.0, ""nchapters"": 11.0}"
HarvardX,0,aligned,0,1822,MCCE,bounded,MCCE_bounded,0,no_candidate,,0.06421613693237305,,,
HarvardX,0,aligned,0,1822,MCCE,bounded+edit,MCCE_bounded+edit,0,no_candidate,,0.06421613693237305,,,
HarvardX,0,aligned,0,1863,NICE,native,NICE_native,0,out_of_bounds:nevents,0.0,0.004775047302246094,0.2517756109305405,2.0,"{""nevents"": 52.0, ""ndays_act"": 19.0, ""nchapters"": 8.0}"
HarvardX,0,aligned,0,1863,NICE,bounded,NICE_bounded,0,classifier_target_not_met,0.0,0.004775047302246094,0.19230769230769232,1.0,"{""nevents"": 90.0, ""ndays_act"": 19.0, ""nchapters"": 8.0}"
HarvardX,0,aligned,0,1863,NICE,bounded+edit,NICE_bounded+edit,0,classifier_target_not_met,0.0,0.004775047302246094,0.19230769230769232,1.0,"{""nevents"": 90.0, ""ndays_act"": 19.0, ""nchapters"": 8.0}"
HarvardX,0,aligned,0,1863,MCCE,native,MCCE_native,1,OK,0.0,0.04481005668640137,0.6377452750692187,3.0,"{""nevents"": 92.0, ""ndays_act"": 29.0, ""nchapters"": 9.0}"
HarvardX,0,aligned,0,1863,MCCE,bounded,MCCE_bounded,1,OK,0.0,0.04481005668640137,0.6377452750692187,3.0,"{""nevents"": 92.0, ""ndays_act"": 29.0, ""nchapters"": 9.0}"
HarvardX,0,aligned,0,1863,MCCE,bounded+edit,MCCE_bounded+edit,1,OK,0.0,0.04481005668640137,0.6377452750692187,3.0,"{""nevents"": 92.0, ""ndays_act"": 29.0, ""nchapters"": 9.0}"
HarvardX,0,aligned,0,1872,NICE,native,NICE_native,1,OK,0.0,0.0046880245208740234,0.39953051643192483,2.0,"{""nevents"": 66.0, ""ndays_act"": 21.0, ""nchapters"": 7.0}"
HarvardX,0,aligned,0,1872,NICE,bounded,NICE_bounded,1,OK,0.0,0.0046880245208740234,0.39953051643192483,2.0,"{""nevents"": 66.0, ""ndays_act"": 21.0, ""nchapters"": 7.0}"
HarvardX,0,aligned,0,1872,NICE,bounded+edit,NICE_bounded+edit,1,OK,0.0,0.0046880245208740234,0.39953051643192483,2.0,"{""nevents"": 66.0, ""ndays_act"": 21.0, ""nchapters"": 7.0}"
HarvardX,0,aligned,0,1872,MCCE,native,MCCE_native,1,OK,0.0,0.040279388427734375,0.9694835680751174,3.0,"{""nevents"": 92.0, ""ndays_act"": 29.0, ""nchapters"": 9.0}"
HarvardX,0,aligned,0,1872,MCCE,bounded,MCCE_bounded,1,OK,0.0,0.040279388427734375,0.9694835680751174,3.0,"{""nevents"": 92.0, ""ndays_act"": 29.0, ""nchapters"": 9.0}"
HarvardX,0,aligned,0,1872,MCCE,bounded+edit,MCCE_bounded+edit,1,OK,0.0,0.040279388427734375,0.9694835680751174,3.0,"{""nevents"": 92.0, ""ndays_act"": 29.0, ""nchapters"": 9.0}"
HarvardX,0,aligned,0,1890,NICE,native,NICE_native,1,OK,0.0,0.004637479782104492,0.5887665410991982,2.0,"{""nevents"": 103.0, ""ndays_act"": 30.0, ""nchapters"": 6.0}"
HarvardX,0,aligned,0,1890,NICE,bounded,NICE_bounded,1,OK,0.0,0.004637479782104492,0.5887665410991982,2.0,"{""nevents"": 103.0, ""ndays_act"": 30.0, ""nchapters"": 6.0}"
HarvardX,0,aligned,0,1890,NICE,bounded+edit,NICE_bounded+edit,1,OK,0.0,0.004637479782104492,0.5887665410991982,2.0,"{""nevents"": 103.0, ""ndays_act"": 30.0, ""nchapters"": 6.0}"
HarvardX,0,aligned,0,1890,MCCE,native,MCCE_native,1,OK,0.0,0.03911328315734863,1.0561189993238675,3.0,"{""nevents"": 92.0, ""ndays_act"": 29.0, ""nchapters"": 9.0}"
HarvardX,0,aligned,0,1890,MCCE,bounded,MCCE_bounded,1,OK,0.0,0.03911328315734863,1.0561189993238675,3.0,"{""nevents"": 92.0, ""ndays_act"": 29.0, ""nchapters"": 9.0}"
HarvardX,0,aligned,0,1890,MCCE,bounded+edit,MCCE_bounded+edit,1,OK,0.0,0.03911328315734863,1.0561189993238675,3.0,"{""nevents"": 92.0, ""ndays_act"": 29.0, ""nchapters"": 9.0}"
HarvardX,0,aligned,0,1902,NICE,native,NICE_native,1,OK,0.0,0.0035419464111328125,0.1724137931034483,1.0,"{""nevents"": 19.0, ""ndays_act"": 13.0, ""nchapters"": 11.0}"
HarvardX,0,aligned,0,1902,NICE,bounded,NICE_bounded,1,OK,0.0,0.0035419464111328125,0.1724137931034483,1.0,"{""nevents"": 19.0, ""ndays_act"": 13.0, ""nchapters"": 11.0}"
HarvardX,0,aligned,0,1902,NICE,bounded+edit,NICE_bounded+edit,1,OK,0.0,0.0035419464111328125,0.1724137931034483,1.0,"{""nevents"": 19.0, ""ndays_act"": 13.0, ""nchapters"": 11.0}"
HarvardX,0,aligned,0,1902,MCCE,native,MCCE_native,1,OK,0.0,0.06209540367126465,0.4525497814473045,2.0,"{""nevents"": 71.0, ""ndays_act"": 25.0, ""nchapters"": 11.0}"
HarvardX,0,aligned,0,1902,MCCE,bounded,MCCE_bounded,1,OK,0.0,0.06209540367126465,0.4525497814473045,2.0,"{""nevents"": 71.0, ""ndays_act"": 25.0, ""nchapters"": 11.0}"
HarvardX,0,aligned,0,1902,MCCE,bounded+edit,MCCE_bounded+edit,1,OK,0.0,0.06209540367126465,0.4525497814473045,2.0,"{""nevents"": 71.0, ""ndays_act"": 25.0, ""nchapters"": 11.0}"
HarvardX,0,aligned,0,1927,NICE,native,NICE_native,0,out_of_bounds:nevents,0.0,0.0036487579345703125,0.08571428571428572,1.0,"{""nevents"": 121.0, ""ndays_act"": 19.0, ""nchapters"": 12.0}"
HarvardX,0,aligned,0,1927,NICE,bounded,NICE_bounded,0,classifier_target_not_met,0.0,0.0036487579345703125,0.0,0.0,"{""nevents"": 169.0, ""ndays_act"": 19.0, ""nchapters"": 12.0}"
HarvardX,0,aligned,0,1927,NICE,bounded+edit,NICE_bounded+edit,0,classifier_target_not_met,0.0,0.0036487579345703125,0.0,0.0,"{""nevents"": 169.0, ""ndays_act"": 19.0, ""nchapters"": 12.0}"
HarvardX,0,aligned,0,1927,MCCE,native,MCCE_native,0,out_of_bounds:nevents,0.0,0.03226947784423828,0.10178571428571428,1.0,"{""nevents"": 112.0, ""ndays_act"": 19.0, ""nchapters"": 12.0}"
HarvardX,0,aligned,0,1927,MCCE,bounded,MCCE_bounded,1,OK,0.0,0.03226947784423828,0.11904761904761904,1.0,"{""nevents"": 169.0, ""ndays_act"": 24.0, ""nchapters"": 12.0}"
HarvardX,0,aligned,0,1927,MCCE,bounded+edit,MCCE_bounded+edit,1,OK,0.0,0.03226947784423828,0.11904761904761904,1.0,"{""nevents"": 169.0, ""ndays_act"": 24.0, ""nchapters"": 12.0}"
HarvardX,0,aligned,0,1970,NICE,native,NICE_native,0,out_of_bounds:nevents,0.0,0.005245208740234375,0.30845469255663427,2.0,"{""nevents"": 344.0, ""ndays_act"": 31.0, ""nchapters"": 12.0}"
HarvardX,0,aligned,0,1970,NICE,bounded,NICE_bounded,0,classifier_target_not_met,0.0,0.005245208740234375,0.0625,1.0,"{""nevents"": 420.0, ""ndays_act"": 31.0, ""nchapters"": 12.0}"
HarvardX,0,aligned,0,1970,NICE,bounded+edit,NICE_bounded+edit,0,classifier_target_not_met,0.0,0.005245208740234375,0.0625,1.0,"{""nevents"": 420.0, ""ndays_act"": 31.0, ""nchapters"": 12.0}"
HarvardX,0,aligned,0,1970,MCCE,native,MCCE_native,0,out_of_bounds:nevents,0.0,0.029314756393432617,0.6957928802588996,1.0,"{""nevents"": 205.0, ""ndays_act"": 29.0, ""nchapters"": 12.0}"
HarvardX,0,aligned,0,1970,MCCE,bounded,MCCE_bounded,1,OK,0.0,0.029314756393432617,0.19619741100323623,2.0,"{""nevents"": 442.0, ""ndays_act"": 33.0, ""nchapters"": 12.0}"
HarvardX,0,aligned,0,1970,MCCE,bounded+edit,MCCE_bounded+edit,1,OK,0.0,0.029314756393432617,0.19619741100323623,2.0,"{""nevents"": 442.0, ""ndays_act"": 33.0, ""nchapters"": 12.0}"
HarvardX,0,aligned,0,2018,NICE,native,NICE_native,1,OK,0.0,0.004914522171020508,0.6330927162742584,2.0,"{""nevents"": 103.0, ""ndays_act"": 30.0, ""nchapters"": 6.0}"
HarvardX,0,aligned,0,2018,NICE,bounded,NICE_bounded,1,OK,0.0,0.004914522171020508,0.6330927162742584,2.0,"{""nevents"": 103.0, ""ndays_act"": 30.0, ""nchapters"": 6.0}"
HarvardX,0,aligned,0,2018,NICE,bounded+edit,NICE_bounded+edit,1,OK,0.0,0.004914522171020508,0.6330927162742584,2.0,"{""nevents"": 103.0, ""ndays_act"": 30.0, ""nchapters"": 6.0}"
HarvardX,0,aligned,0,2018,MCCE,native,MCCE_native,1,OK,0.0,0.041092634201049805,1.1016101104139961,3.0,"{""nevents"": 92.0, ""ndays_act"": 29.0, ""nchapters"": 9.0}"
HarvardX,0,aligned,0,2018,MCCE,bounded,MCCE_bounded,1,OK,0.0,0.041092634201049805,1.1016101104139961,3.0,"{""nevents"": 92.0, ""ndays_act"": 29.0, ""nchapters"": 9.0}"
HarvardX,0,aligned,0,2018,MCCE,bounded+edit,MCCE_bounded+edit,1,OK,0.0,0.041092634201049805,1.1016101104139961,3.0,"{""nevents"": 92.0, ""ndays_act"": 29.0, ""nchapters"": 9.0}"
HarvardX,0,aligned,0,2088,NICE,native,NICE_native,0,out_of_bounds:nevents,0.0,0.0041429996490478516,0.3286573146292585,1.0,"{""nevents"": 66.0, ""ndays_act"": 24.0, ""nchapters"": 7.0}"
HarvardX,0,aligned,0,2088,NICE,bounded,NICE_bounded,0,classifier_target_not_met,0.0,0.0041429996490478516,0.0,0.0,"{""nevents"": 230.0, ""ndays_act"": 24.0, ""nchapters"": 7.0}"
HarvardX,0,aligned,0,2088,NICE,bounded+edit,NICE_bounded+edit,0,classifier_target_not_met,0.0,0.0041429996490478516,0.0,0.0,"{""nevents"": 230.0, ""ndays_act"": 24.0, ""nchapters"": 7.0}"
HarvardX,0,aligned,0,2088,MCCE,native,MCCE_native,0,out_of_bounds:nevents,0.0,0.04174685478210449,0.81168824134756,3.0,"{""nevents"": 92.0, ""ndays_act"": 29.0, ""nchapters"": 9.0}"
HarvardX,0,aligned,0,2088,MCCE,bounded,MCCE_bounded,1,OK,0.0,0.04174685478210449,1.671548502410226,3.0,"{""nevents"": 468.0, ""ndays_act"": 46.0, ""nchapters"": 10.0}"
HarvardX,0,aligned,0,2088,MCCE,bounded+edit,MCCE_bounded+edit,1,OK,0.0,0.04174685478210449,1.671548502410226,3.0,"{""nevents"": 468.0, ""ndays_act"": 46.0, ""nchapters"": 10.0}"
HarvardX,0,aligned,0,2093,NICE,native,NICE_native,0,out_of_bounds:nevents,0.0,0.005618095397949219,0.07246160727598032,2.0,"{""nevents"": 9.0, ""ndays_act"": 7.0, ""nchapters"": 12.0}"
HarvardX,0,aligned,0,2093,NICE,bounded,NICE_bounded,0,classifier_target_not_met,0.0,0.005618095397949219,0.05263157894736842,1.0,"{""nevents"": 23.0, ""ndays_act"": 7.0, ""nchapters"": 12.0}"
HarvardX,0,aligned,0,2093,NICE,bounded+edit,NICE_bounded+edit,0,classifier_target_not_met,0.0,0.005618095397949219,0.05263157894736842,1.0,"{""nevents"": 23.0, ""ndays_act"": 7.0, ""nchapters"": 12.0}"
HarvardX,0,aligned,0,2093,MCCE,native,MCCE_native,1,OK,0.0,0.028497695922851562,0.19298245614035087,1.0,"{""nevents"": 23.0, ""ndays_act"": 15.0, ""nchapters"": 12.0}"
HarvardX,0,aligned,0,2093,MCCE,bounded,MCCE_bounded,1,OK,0.0,0.028497695922851562,0.19298245614035087,1.0,"{""nevents"": 23.0, ""ndays_act"": 15.0, ""nchapters"": 12.0}"
HarvardX,0,aligned,0,2093,MCCE,bounded+edit,MCCE_bounded+edit,1,OK,0.0,0.028497695922851562,0.19298245614035087,1.0,"{""nevents"": 23.0, ""ndays_act"": 15.0, ""nchapters"": 12.0}"
HarvardX,0,aligned,0,2170,NICE,native,NICE_native,1,OK,0.0,0.005238533020019531,0.2460365647979491,2.0,"{""nevents"": 24.0, ""ndays_act"": 13.0, ""nchapters"": 11.0}"
HarvardX,0,aligned,0,2170,NICE,bounded,NICE_bounded,1,OK,0.0,0.005238533020019531,0.2460365647979491,2.0,"{""nevents"": 24.0, ""ndays_act"": 13.0, ""nchapters"": 11.0}"
HarvardX,0,aligned,0,2170,NICE,bounded+edit,NICE_bounded+edit,1,OK,0.0,0.005238533020019531,0.2460365647979491,2.0,"{""nevents"": 24.0, ""ndays_act"": 13.0, ""nchapters"": 11.0}"
HarvardX,0,aligned,0,2170,MCCE,native,MCCE_native,1,OK,0.0,0.04547381401062012,0.5072297555600531,2.0,"{""nevents"": 71.0, ""ndays_act"": 25.0, ""nchapters"": 11.0}"
HarvardX,0,aligned,0,2170,MCCE,bounded,MCCE_bounded,1,OK,0.0,0.04547381401062012,0.5072297555600531,2.0,"{""nevents"": 71.0, ""ndays_act"": 25.0, ""nchapters"": 11.0}"
HarvardX,0,aligned,0,2170,MCCE,bounded+edit,MCCE_bounded+edit,1,OK,0.0,0.04547381401062012,0.5072297555600531,2.0,"{""nevents"": 71.0, ""ndays_act"": 25.0, ""nchapters"": 11.0}"
HarvardX,0,aligned,0,2177,NICE,native,NICE_native,1,OK,0.0,0.006119728088378906,0.12629527739569005,2.0,"{""nevents"": 9.0, ""ndays_act"": 8.0, ""nchapters"": 10.0}"
HarvardX,0,aligned,0,2177,NICE,bounded,NICE_bounded,1,OK,0.0,0.006119728088378906,0.12629527739569005,2.0,"{""nevents"": 9.0, ""ndays_act"": 8.0, ""nchapters"": 10.0}"
HarvardX,0,aligned,0,2177,NICE,bounded+edit,NICE_bounded+edit,1,OK,0.0,0.006119728088378906,0.12629527739569005,2.0,"{""nevents"": 9.0, ""ndays_act"": 8.0, ""nchapters"": 10.0}"
HarvardX,0,aligned,0,2177,MCCE,native,MCCE_native,1,OK,0.0,0.06527519226074219,0.3839064649243466,2.0,"{""nevents"": 63.0, ""ndays_act"": 19.0, ""nchapters"": 10.0}"
HarvardX,0,aligned,0,2177,MCCE,bounded,MCCE_bounded,1,OK,0.0,0.06527519226074219,0.3839064649243466,2.0,"{""nevents"": 63.0, ""ndays_act"": 19.0, ""nchapters"": 10.0}"
HarvardX,0,aligned,0,2177,MCCE,bounded+edit,MCCE_bounded+edit,1,OK,0.0,0.06527519226074219,0.3839064649243466,2.0,"{""nevents"": 63.0, ""ndays_act"": 19.0, ""nchapters"": 10.0}"
HarvardX,0,aligned,0,2213,NICE,native,NICE_native,1,OK,0.0,0.007895469665527344,0.12493112947658402,2.0,"{""nevents"": 9.0, ""ndays_act"": 8.0, ""nchapters"": 10.0}"
HarvardX,0,aligned,0,2213,NICE,bounded,NICE_bounded,1,OK,0.0,0.007895469665527344,0.12493112947658402,2.0,"{""nevents"": 9.0, ""ndays_act"": 8.0, ""nchapters"": 10.0}"
HarvardX,0,aligned,0,2213,NICE,bounded+edit,NICE_bounded+edit,1,OK,0.0,0.007895469665527344,0.12493112947658402,2.0,"{""nevents"": 9.0, ""ndays_act"": 8.0, ""nchapters"": 10.0}"
HarvardX,0,aligned,0,2213,MCCE,native,MCCE_native,1,OK,0.0,0.05612921714782715,0.38264462809917354,2.0,"{""nevents"": 63.0, ""ndays_act"": 19.0, ""nchapters"": 10.0}"
HarvardX,0,aligned,0,2213,MCCE,bounded,MCCE_bounded,1,OK,0.0,0.05612921714782715,0.38264462809917354,2.0,"{""nevents"": 63.0, ""ndays_act"": 19.0, ""nchapters"": 10.0}"
HarvardX,0,aligned,0,2213,MCCE,bounded+edit,MCCE_bounded+edit,1,OK,0.0,0.05612921714782715,0.38264462809917354,2.0,"{""nevents"": 63.0, ""ndays_act"": 19.0, ""nchapters"": 10.0}"
HarvardX,0,aligned,0,2220,NICE,native,NICE_native,1,OK,0.0,0.004764080047607422,0.40338213137241674,2.0,"{""nevents"": 67.0, ""ndays_act"": 19.0, ""nchapters"": 9.0}"
HarvardX,0,aligned,0,2220,NICE,bounded,NICE_bounded,1,OK,0.0,0.004764080047607422,0.40338213137241674,2.0,"{""nevents"": 67.0, ""ndays_act"": 19.0, ""nchapters"": 9.0}"
HarvardX,0,aligned,0,2220,NICE,bounded+edit,NICE_bounded+edit,1,OK,0.0,0.004764080047607422,0.40338213137241674,2.0,"{""nevents"": 67.0, ""ndays_act"": 19.0, ""nchapters"": 9.0}"
HarvardX,0,aligned,0,2220,MCCE,native,MCCE_native,1,OK,0.0,0.040831804275512695,0.6016101104139963,2.0,"{""nevents"": 92.0, ""ndays_act"": 29.0, ""nchapters"": 9.0}"
HarvardX,0,aligned,0,2220,MCCE,bounded,MCCE_bounded,1,OK,0.0,0.040831804275512695,0.6016101104139963,2.0,"{""nevents"": 92.0, ""ndays_act"": 29.0, ""nchapters"": 9.0}"
HarvardX,0,aligned,0,2220,MCCE,bounded+edit,MCCE_bounded+edit,1,OK,0.0,0.040831804275512695,0.6016101104139963,2.0,"{""nevents"": 92.0, ""ndays_act"": 29.0, ""nchapters"": 9.0}"
HarvardX,0,aligned,0,2223,NICE,native,NICE_native,0,out_of_bounds:nevents,0.0,0.003882169723510742,0.1784452296819788,1.0,"{""nevents"": 62.0, ""ndays_act"": 14.0, ""nchapters"": 12.0}"
HarvardX,0,aligned,0,2223,NICE,bounded,NICE_bounded,0,classifier_target_not_met,0.0,0.003882169723510742,0.0,0.0,"{""nevents"": 163.0, ""ndays_act"": 14.0, ""nchapters"": 12.0}"
HarvardX,0,aligned,0,2223,NICE,bounded+edit,NICE_bounded+edit,0,classifier_target_not_met,0.0,0.003882169723510742,0.0,0.0,"{""nevents"": 163.0, ""ndays_act"": 14.0, ""nchapters"": 12.0}"
HarvardX,0,aligned,0,2223,MCCE,native,MCCE_native,0,out_of_bounds:nevents,0.0,0.027446985244750977,0.22438162544169613,1.0,"{""nevents"": 36.0, ""ndays_act"": 14.0, ""nchapters"": 12.0}"
HarvardX,0,aligned,0,2223,MCCE,bounded,MCCE_bounded,1,OK,0.0,0.027446985244750977,0.2127659574468085,1.0,"{""nevents"": 163.0, ""ndays_act"": 24.0, ""nchapters"": 12.0}"
HarvardX,0,aligned,0,2223,MCCE,bounded+edit,MCCE_bounded+edit,1,OK,0.0,0.027446985244750977,0.2127659574468085,1.0,"{""nevents"": 163.0, ""ndays_act"": 24.0, ""nchapters"": 12.0}"
HarvardX,0,aligned,0,2257,NICE,native,NICE_native,1,OK,0.0,0.004678249359130859,0.12709977737300143,2.0,"{""nevents"": 9.0, ""ndays_act"": 7.0, ""nchapters"": 12.0}"
HarvardX,0,aligned,0,2257,NICE,bounded,NICE_bounded,1,OK,0.0,0.004678249359130859,0.12709977737300143,2.0,"{""nevents"": 9.0, ""ndays_act"": 7.0, ""nchapters"": 12.0}"
HarvardX,0,aligned,0,2257,NICE,bounded+edit,NICE_bounded+edit,1,OK,0.0,0.004678249359130859,0.12709977737300143,2.0,"{""nevents"": 9.0, ""ndays_act"": 7.0, ""nchapters"": 12.0}"
HarvardX,0,aligned,0,2257,MCCE,native,MCCE_native,1,OK,0.0,0.02851128578186035,0.12709977737300143,2.0,"{""nevents"": 9.0, ""ndays_act"": 7.0, ""nchapters"": 12.0}"
HarvardX,0,aligned,0,2257,MCCE,bounded,MCCE_bounded,1,OK,0.0,0.02851128578186035,0.12709977737300143,2.0,"{""nevents"": 9.0, ""ndays_act"": 7.0, ""nchapters"": 12.0}"
HarvardX,0,aligned,0,2257,MCCE,bounded+edit,MCCE_bounded+edit,1,OK,0.0,0.02851128578186035,0.12709977737300143,2.0,"{""nevents"": 9.0, ""ndays_act"": 7.0, ""nchapters"": 12.0}"
HarvardX,0,aligned,0,2297,NICE,native,NICE_native,1,OK,0.0,0.0045642852783203125,0.6330927162742584,2.0,"{""nevents"": 103.0, ""ndays_act"": 30.0, ""nchapters"": 6.0}"
HarvardX,0,aligned,0,2297,NICE,bounded,NICE_bounded,1,OK,0.0,0.0045642852783203125,0.6330927162742584,2.0,"{""nevents"": 103.0, ""ndays_act"": 30.0, ""nchapters"": 6.0}"
HarvardX,0,aligned,0,2297,NICE,bounded+edit,NICE_bounded+edit,1,OK,0.0,0.0045642852783203125,0.6330927162742584,2.0,"{""nevents"": 103.0, ""ndays_act"": 30.0, ""nchapters"": 6.0}"
HarvardX,0,aligned,0,2297,MCCE,native,MCCE_native,1,OK,0.0,0.039110422134399414,1.1016101104139961,3.0,"{""nevents"": 92.0, ""ndays_act"": 29.0, ""nchapters"": 9.0}"
HarvardX,0,aligned,0,2297,MCCE,bounded,MCCE_bounded,1,OK,0.0,0.039110422134399414,1.1016101104139961,3.0,"{""nevents"": 92.0, ""ndays_act"": 29.0, ""nchapters"": 9.0}"
HarvardX,0,aligned,0,2297,MCCE,bounded+edit,MCCE_bounded+edit,1,OK,0.0,0.039110422134399414,1.1016101104139961,3.0,"{""nevents"": 92.0, ""ndays_act"": 29.0, ""nchapters"": 9.0}"
HarvardX,0,aligned,0,2347,NICE,native,NICE_native,0,out_of_bounds:nevents,0.0,0.0046193599700927734,0.5235109717868338,2.0,"{""nevents"": 9.0, ""ndays_act"": 7.0, ""nchapters"": 12.0}"
HarvardX,0,aligned,0,2347,NICE,bounded,NICE_bounded,0,classifier_target_not_met,0.0,0.0046193599700927734,0.06896551724137931,1.0,"{""nevents"": 234.0, ""ndays_act"": 7.0, ""nchapters"": 12.0}"
HarvardX,0,aligned,0,2347,NICE,bounded+edit,NICE_bounded+edit,0,classifier_target_not_met,0.0,0.0046193599700927734,0.06896551724137931,1.0,"{""nevents"": 234.0, ""ndays_act"": 7.0, ""nchapters"": 12.0}"
HarvardX,0,aligned,0,2347,MCCE,native,MCCE_native,0,out_of_bounds:nevents,0.0,0.026133060455322266,0.5235109717868338,2.0,"{""nevents"": 9.0, ""ndays_act"": 7.0, ""nchapters"": 12.0}"
HarvardX,0,aligned,0,2347,MCCE,bounded,MCCE_bounded,1,OK,0.0,0.026133060455322266,0.5461859979101358,2.0,"{""nevents"": 291.0, ""ndays_act"": 28.0, ""nchapters"": 12.0}"
HarvardX,0,aligned,0,2347,MCCE,bounded+edit,MCCE_bounded+edit,1,OK,0.0,0.026133060455322266,0.5461859979101358,2.0,"{""nevents"": 291.0, ""ndays_act"": 28.0, ""nchapters"": 12.0}"
HarvardX,0,aligned,0,2363,NICE,native,NICE_native,0,out_of_bounds:nevents,0.0,0.003466367721557617,0.2146690518783542,1.0,"{""nevents"": 50.0, ""ndays_act"": 12.0, ""nchapters"": 12.0}"
HarvardX,0,aligned,0,2363,NICE,bounded,NICE_bounded,0,classifier_target_not_met,0.0,0.003466367721557617,0.0,0.0,"{""nevents"": 170.0, ""ndays_act"": 12.0, ""nchapters"": 12.0}"
HarvardX,0,aligned,0,2363,NICE,bounded+edit,NICE_bounded+edit,0,classifier_target_not_met,0.0,0.003466367721557617,0.0,0.0,"{""nevents"": 170.0, ""ndays_act"": 12.0, ""nchapters"": 12.0}"
HarvardX,0,aligned,0,2363,MCCE,native,MCCE_native,0,out_of_bounds:nevents,0.0,0.026517629623413086,0.23076923076923078,1.0,"{""nevents"": 41.0, ""ndays_act"": 12.0, ""nchapters"": 12.0}"
HarvardX,0,aligned,0,2363,MCCE,bounded,MCCE_bounded,1,OK,0.0,0.026517629623413086,0.46938775510204084,1.0,"{""nevents"": 170.0, ""ndays_act"": 35.0, ""nchapters"": 12.0}"
HarvardX,0,aligned,0,2363,MCCE,bounded+edit,MCCE_bounded+edit,1,OK,0.0,0.026517629623413086,0.46938775510204084,1.0,"{""nevents"": 170.0, ""ndays_act"": 35.0, ""nchapters"": 12.0}"
HarvardX,0,aligned,0,2388,NICE,native,NICE_native,1,OK,0.0,0.004640817642211914,0.4347972745058355,2.0,"{""nevents"": 66.0, ""ndays_act"": 21.0, ""nchapters"": 7.0}"
HarvardX,0,aligned,0,2388,NICE,bounded,NICE_bounded,1,OK,0.0,0.004640817642211914,0.4347972745058355,2.0,"{""nevents"": 66.0, ""ndays_act"": 21.0, ""nchapters"": 7.0}"
HarvardX,0,aligned,0,2388,NICE,bounded+edit,NICE_bounded+edit,1,OK,0.0,0.004640817642211914,0.4347972745058355,2.0,"{""nevents"": 66.0, ""ndays_act"": 21.0, ""nchapters"": 7.0}"
HarvardX,0,aligned,0,2388,MCCE,native,MCCE_native,1,OK,0.0,0.04095864295959473,1.0016101104139963,3.0,"{""nevents"": 92.0, ""ndays_act"": 29.0, ""nchapters"": 9.0}"
HarvardX,0,aligned,0,2388,MCCE,bounded,MCCE_bounded,1,OK,0.0,0.04095864295959473,1.0016101104139963,3.0,"{""nevents"": 92.0, ""ndays_act"": 29.0, ""nchapters"": 9.0}"
HarvardX,0,aligned,0,2388,MCCE,bounded+edit,MCCE_bounded+edit,1,OK,0.0,0.04095864295959473,1.0016101104139963,3.0,"{""nevents"": 92.0, ""ndays_act"": 29.0, ""nchapters"": 9.0}"
HarvardX,0,aligned,0,2507,NICE,native,NICE_native,0,out_of_bounds:nevents,0.0,0.0035262107849121094,0.03805496828752643,1.0,"{""nevents"": 238.0, ""ndays_act"": 24.0, ""nchapters"": 12.0}"
HarvardX,0,aligned,0,2507,NICE,bounded,NICE_bounded,0,classifier_target_not_met,0.0,0.0035262107849121094,0.0,0.0,"{""nevents"": 256.0, ""ndays_act"": 24.0, ""nchapters"": 12.0}"
HarvardX,0,aligned,0,2507,NICE,bounded+edit,NICE_bounded+edit,0,classifier_target_not_met,0.0,0.0035262107849121094,0.0,0.0,"{""nevents"": 256.0, ""ndays_act"": 24.0, ""nchapters"": 12.0}"
HarvardX,0,aligned,0,2507,MCCE,native,MCCE_native,0,out_of_bounds:nevents,0.0,0.026280641555786133,0.05708245243128964,1.0,"{""nevents"": 229.0, ""ndays_act"": 24.0, ""nchapters"": 12.0}"
HarvardX,0,aligned,0,2507,MCCE,bounded,MCCE_bounded,1,OK,0.0,0.026280641555786133,0.1821038797782984,2.0,"{""nevents"": 291.0, ""ndays_act"": 28.0, ""nchapters"": 12.0}"
HarvardX,0,aligned,0,2507,MCCE,bounded+edit,MCCE_bounded+edit,1,OK,0.0,0.026280641555786133,0.1821038797782984,2.0,"{""nevents"": 291.0, ""ndays_act"": 28.0, ""nchapters"": 12.0}"
HarvardX,0,aligned,0,2513,NICE,native,NICE_native,0,out_of_bounds:nevents,0.0,0.0033864974975585938,0.03597122302158273,1.0,"{""nevents"": 9.0, ""ndays_act"": 7.0, ""nchapters"": 12.0}"
HarvardX,0,aligned,0,2513,NICE,bounded,NICE_bounded,0,classifier_target_not_met,0.0,0.0033864974975585938,0.0,0.0,"{""nevents"": 34.0, ""ndays_act"": 7.0, ""nchapters"": 12.0}"
HarvardX,0,aligned,0,2513,NICE,bounded+edit,NICE_bounded+edit,0,classifier_target_not_met,0.0,0.0033864974975585938,0.0,0.0,"{""nevents"": 34.0, ""ndays_act"": 7.0, ""nchapters"": 12.0}"
HarvardX,0,aligned,0,2513,MCCE,native,MCCE_native,0,out_of_bounds:nevents,0.0,0.02560114860534668,0.03597122302158273,1.0,"{""nevents"": 9.0, ""ndays_act"": 7.0, ""nchapters"": 12.0}"
HarvardX,0,aligned,0,2513,MCCE,bounded,MCCE_bounded,1,OK,0.0,0.02560114860534668,0.10266453503863575,2.0,"{""nevents"": 41.0, ""ndays_act"": 12.0, ""nchapters"": 12.0}"
HarvardX,0,aligned,0,2513,MCCE,bounded+edit,MCCE_bounded+edit,1,OK,0.0,0.02560114860534668,0.10266453503863575,2.0,"{""nevents"": 41.0, ""ndays_act"": 12.0, ""nchapters"": 12.0}"
HarvardX,0,aligned,0,2553,NICE,native,NICE_native,1,OK,0.0,0.0044536590576171875,0.110989010989011,2.0,"{""nevents"": 9.0, ""ndays_act"": 7.0, ""nchapters"": 12.0}"
HarvardX,0,aligned,0,2553,NICE,bounded,NICE_bounded,1,OK,0.0,0.0044536590576171875,0.110989010989011,2.0,"{""nevents"": 9.0, ""ndays_act"": 7.0, ""nchapters"": 12.0}"
HarvardX,0,aligned,0,2553,NICE,bounded+edit,NICE_bounded+edit,1,OK,0.0,0.0044536590576171875,0.110989010989011,2.0,"{""nevents"": 9.0, ""ndays_act"": 7.0, ""nchapters"": 12.0}"
HarvardX,0,aligned,0,2553,MCCE,native,MCCE_native,1,OK,0.0,0.025318622589111328,0.110989010989011,2.0,"{""nevents"": 9.0, ""ndays_act"": 7.0, ""nchapters"": 12.0}"
HarvardX,0,aligned,0,2553,MCCE,bounded,MCCE_bounded,1,OK,0.0,0.025318622589111328,0.110989010989011,2.0,"{""nevents"": 9.0, ""ndays_act"": 7.0, ""nchapters"": 12.0}"
HarvardX,0,aligned,0,2553,MCCE,bounded+edit,MCCE_bounded+edit,1,OK,0.0,0.025318622589111328,0.110989010989011,2.0,"{""nevents"": 9.0, ""ndays_act"": 7.0, ""nchapters"": 12.0}"
HarvardX,0,aligned,0,2569,NICE,native,NICE_native,0,out_of_bounds:nevents,0.0,0.004928112030029297,0.2813005209268906,2.0,"{""nevents"": 9.0, ""ndays_act"": 7.0, ""nchapters"": 12.0}"
HarvardX,0,aligned,0,2569,NICE,bounded,NICE_bounded,0,classifier_target_not_met,0.0,0.004928112030029297,0.05263157894736842,1.0,"{""nevents"": 143.0, ""ndays_act"": 7.0, ""nchapters"": 12.0}"
HarvardX,0,aligned,0,2569,NICE,bounded+edit,NICE_bounded+edit,0,classifier_target_not_met,0.0,0.004928112030029297,0.05263157894736842,1.0,"{""nevents"": 143.0, ""ndays_act"": 7.0, ""nchapters"": 12.0}"
HarvardX,0,aligned,0,2569,MCCE,native,MCCE_native,1,OK,0.0,0.026372909545898438,0.3508771929824561,1.0,"{""nevents"": 143.0, ""ndays_act"": 24.0, ""nchapters"": 12.0}"
HarvardX,0,aligned,0,2569,MCCE,bounded,MCCE_bounded,1,OK,0.0,0.026372909545898438,0.3508771929824561,1.0,"{""nevents"": 143.0, ""ndays_act"": 24.0, ""nchapters"": 12.0}"
HarvardX,0,aligned,0,2569,MCCE,bounded+edit,MCCE_bounded+edit,1,OK,0.0,0.026372909545898438,0.3508771929824561,1.0,"{""nevents"": 143.0, ""ndays_act"": 24.0, ""nchapters"": 12.0}"
HarvardX,0,aligned,0,2577,NICE,native,NICE_native,1,OK,0.0,0.0046844482421875,0.2904181097224314,2.0,"{""nevents"": 52.0, ""ndays_act"": 19.0, ""nchapters"": 8.0}"
HarvardX,0,aligned,0,2577,NICE,bounded,NICE_bounded,1,OK,0.0,0.0046844482421875,0.2904181097224314,2.0,"{""nevents"": 52.0, ""ndays_act"": 19.0, ""nchapters"": 8.0}"
HarvardX,0,aligned,0,2577,NICE,bounded+edit,NICE_bounded+edit,1,OK,0.0,0.0046844482421875,0.2904181097224314,2.0,"{""nevents"": 52.0, ""ndays_act"": 19.0, ""nchapters"": 8.0}"
HarvardX,0,aligned,0,2577,MCCE,native,MCCE_native,1,OK,0.0,0.05554962158203125,0.7710560658535361,3.0,"{""nevents"": 92.0, ""ndays_act"": 29.0, ""nchapters"": 9.0}"
HarvardX,0,aligned,0,2577,MCCE,bounded,MCCE_bounded,1,OK,0.0,0.05554962158203125,0.7710560658535361,3.0,"{""nevents"": 92.0, ""ndays_act"": 29.0, ""nchapters"": 9.0}"
HarvardX,0,aligned,0,2577,MCCE,bounded+edit,MCCE_bounded+edit,1,OK,0.0,0.05554962158203125,0.7710560658535361,3.0,"{""nevents"": 92.0, ""ndays_act"": 29.0, ""nchapters"": 9.0}"
HarvardX,0,aligned,0,2584,NICE,native,NICE_native,0,out_of_bounds:nevents,0.0,0.0050160884857177734,0.10196408252114975,2.0,"{""nevents"": 9.0, ""ndays_act"": 7.0, ""nchapters"": 12.0}"
HarvardX,0,aligned,0,2584,NICE,bounded,NICE_bounded,0,classifier_target_not_met,0.0,0.0050160884857177734,0.06896551724137931,1.0,"{""nevents"": 32.0, ""ndays_act"": 7.0, ""nchapters"": 12.0}"
HarvardX,0,aligned,0,2584,NICE,bounded+edit,NICE_bounded+edit,0,classifier_target_not_met,0.0,0.0050160884857177734,0.06896551724137931,1.0,"{""nevents"": 32.0, ""ndays_act"": 7.0, ""nchapters"": 12.0}"
HarvardX,0,aligned,0,2584,MCCE,native,MCCE_native,0,out_of_bounds:nevents,0.0,0.031713008880615234,0.10196408252114975,2.0,"{""nevents"": 9.0, ""ndays_act"": 7.0, ""nchapters"": 12.0}"
HarvardX,0,aligned,0,2584,MCCE,bounded,MCCE_bounded,1,OK,0.0,0.031713008880615234,0.16808489585910058,2.0,"{""nevents"": 41.0, ""ndays_act"": 12.0, ""nchapters"": 12.0}"
HarvardX,0,aligned,0,2584,MCCE,bounded+edit,MCCE_bounded+edit,1,OK,0.0,0.031713008880615234,0.16808489585910058,2.0,"{""nevents"": 41.0, ""ndays_act"": 12.0, ""nchapters"": 12.0}"
HarvardX,0,aligned,0,2597,NICE,native,NICE_native,0,out_of_bounds:nevents,0.0,0.004645824432373047,0.2027913233563141,2.0,"{""nevents"": 9.0, ""ndays_act"": 7.0, ""nchapters"": 12.0}"
HarvardX,0,aligned,0,2597,NICE,bounded,NICE_bounded,0,classifier_target_not_met,0.0,0.004645824432373047,0.05263157894736842,1.0,"{""nevents"": 103.0, ""ndays_act"": 7.0, ""nchapters"": 12.0}"
HarvardX,0,aligned,0,2597,NICE,bounded+edit,NICE_bounded+edit,0,classifier_target_not_met,0.0,0.004645824432373047,0.05263157894736842,1.0,"{""nevents"": 103.0, ""ndays_act"": 7.0, ""nchapters"": 12.0}"
HarvardX,0,aligned,0,2597,MCCE,native,MCCE_native,1,OK,0.0,0.0331268310546875,0.38596491228070173,1.0,"{""nevents"": 103.0, ""ndays_act"": 26.0, ""nchapters"": 12.0}"
HarvardX,0,aligned,0,2597,MCCE,bounded,MCCE_bounded,1,OK,0.0,0.0331268310546875,0.38596491228070173,1.0,"{""nevents"": 103.0, ""ndays_act"": 26.0, ""nchapters"": 12.0}"
HarvardX,0,aligned,0,2597,MCCE,bounded+edit,MCCE_bounded+edit,1,OK,0.0,0.0331268310546875,0.38596491228070173,1.0,"{""nevents"": 103.0, ""ndays_act"": 26.0, ""nchapters"": 12.0}"
HarvardX,0,aligned,0,2605,NICE,native,NICE_native,1,OK,0.0,0.004566669464111328,0.4347972745058355,2.0,"{""nevents"": 66.0, ""ndays_act"": 21.0, ""nchapters"": 7.0}"
HarvardX,0,aligned,0,2605,NICE,bounded,NICE_bounded,1,OK,0.0,0.004566669464111328,0.4347972745058355,2.0,"{""nevents"": 66.0, ""ndays_act"": 21.0, ""nchapters"": 7.0}"
HarvardX,0,aligned,0,2605,NICE,bounded+edit,NICE_bounded+edit,1,OK,0.0,0.004566669464111328,0.4347972745058355,2.0,"{""nevents"": 66.0, ""ndays_act"": 21.0, ""nchapters"": 7.0}"
HarvardX,0,aligned,0,2605,MCCE,native,MCCE_native,1,OK,0.0,0.04398536682128906,1.0016101104139963,3.0,"{""nevents"": 92.0, ""ndays_act"": 29.0, ""nchapters"": 9.0}"
HarvardX,0,aligned,0,2605,MCCE,bounded,MCCE_bounded,1,OK,0.0,0.04398536682128906,1.0016101104139963,3.0,"{""nevents"": 92.0, ""ndays_act"": 29.0, ""nchapters"": 9.0}"
HarvardX,0,aligned,0,2605,MCCE,bounded+edit,MCCE_bounded+edit,1,OK,0.0,0.04398536682128906,1.0016101104139963,3.0,"{""nevents"": 92.0, ""ndays_act"": 29.0, ""nchapters"": 9.0}"
HarvardX,0,aligned,0,2638,NICE,native,NICE_native,1,OK,0.0,0.0036776065826416016,0.2,1.0,"{""nevents"": 14.0, ""ndays_act"": 13.0, ""nchapters"": 11.0}"
HarvardX,0,aligned,0,2638,NICE,bounded,NICE_bounded,1,OK,0.0,0.0036776065826416016,0.2,1.0,"{""nevents"": 14.0, ""ndays_act"": 13.0, ""nchapters"": 11.0}"
HarvardX,0,aligned,0,2638,NICE,bounded+edit,NICE_bounded+edit,1,OK,0.0,0.0036776065826416016,0.2,1.0,"{""nevents"": 14.0, ""ndays_act"": 13.0, ""nchapters"": 11.0}"
HarvardX,0,aligned,0,2638,MCCE,native,MCCE_native,1,OK,0.0,0.04342389106750488,0.47972027972027975,2.0,"{""nevents"": 71.0, ""ndays_act"": 25.0, ""nchapters"": 11.0}"
HarvardX,0,aligned,0,2638,MCCE,bounded,MCCE_bounded,1,OK,0.0,0.04342389106750488,0.47972027972027975,2.0,"{""nevents"": 71.0, ""ndays_act"": 25.0, ""nchapters"": 11.0}"
HarvardX,0,aligned,0,2638,MCCE,bounded+edit,MCCE_bounded+edit,1,OK,0.0,0.04342389106750488,0.47972027972027975,2.0,"{""nevents"": 71.0, ""ndays_act"": 25.0, ""nchapters"": 11.0}"
HarvardX,0,aligned,0,2712,NICE,native,NICE_native,1,OK,0.0,0.0048677921295166016,0.385593220338983,2.0,"{""nevents"": 66.0, ""ndays_act"": 21.0, ""nchapters"": 7.0}"
HarvardX,0,aligned,0,2712,NICE,bounded,NICE_bounded,1,OK,0.0,0.0048677921295166016,0.385593220338983,2.0,"{""nevents"": 66.0, ""ndays_act"": 21.0, ""nchapters"": 7.0}"
HarvardX,0,aligned,0,2712,NICE,bounded+edit,NICE_bounded+edit,1,OK,0.0,0.0048677921295166016,0.385593220338983,2.0,"{""nevents"": 66.0, ""ndays_act"": 21.0, ""nchapters"": 7.0}"
HarvardX,0,aligned,0,2712,MCCE,native,MCCE_native,1,OK,0.0,0.04404783248901367,0.957909604519774,3.0,"{""nevents"": 92.0, ""ndays_act"": 29.0, ""nchapters"": 9.0}"
HarvardX,0,aligned,0,2712,MCCE,bounded,MCCE_bounded,1,OK,0.0,0.04404783248901367,0.957909604519774,3.0,"{""nevents"": 92.0, ""ndays_act"": 29.0, ""nchapters"": 9.0}"
HarvardX,0,aligned,0,2712,MCCE,bounded+edit,MCCE_bounded+edit,1,OK,0.0,0.04404783248901367,0.957909604519774,3.0,"{""nevents"": 92.0, ""ndays_act"": 29.0, ""nchapters"": 9.0}"
HarvardX,0,aligned,0,2749,NICE,native,NICE_native,1,OK,0.0,0.005612611770629883,0.3828059996851739,2.0,"{""nevents"": 52.0, ""ndays_act"": 19.0, ""nchapters"": 8.0}"
HarvardX,0,aligned,0,2749,NICE,bounded,NICE_bounded,1,OK,0.0,0.005612611770629883,0.3828059996851739,2.0,"{""nevents"": 52.0, ""ndays_act"": 19.0, ""nchapters"": 8.0}"
HarvardX,0,aligned,0,2749,NICE,bounded+edit,NICE_bounded+edit,1,OK,0.0,0.005612611770629883,0.3828059996851739,2.0,"{""nevents"": 52.0, ""ndays_act"": 19.0, ""nchapters"": 8.0}"
HarvardX,0,aligned,0,2749,MCCE,native,MCCE_native,1,OK,0.0,0.042276620864868164,0.8516101104139963,3.0,"{""nevents"": 92.0, ""ndays_act"": 29.0, ""nchapters"": 9.0}"
HarvardX,0,aligned,0,2749,MCCE,bounded,MCCE_bounded,1,OK,0.0,0.042276620864868164,0.8516101104139963,3.0,"{""nevents"": 92.0, ""ndays_act"": 29.0, ""nchapters"": 9.0}"
HarvardX,0,aligned,0,2749,MCCE,bounded+edit,MCCE_bounded+edit,1,OK,0.0,0.042276620864868164,0.8516101104139963,3.0,"{""nevents"": 92.0, ""ndays_act"": 29.0, ""nchapters"": 9.0}"
HarvardX,0,aligned,0,2750,NICE,native,NICE_native,1,OK,0.0,0.0035576820373535156,0.14285714285714285,1.0,"{""nevents"": 27.0, ""ndays_act"": 13.0, ""nchapters"": 11.0}"
HarvardX,0,aligned,0,2750,NICE,bounded,NICE_bounded,1,OK,0.0,0.0035576820373535156,0.14285714285714285,1.0,"{""nevents"": 27.0, ""ndays_act"": 13.0, ""nchapters"": 11.0}"
HarvardX,0,aligned,0,2750,NICE,bounded+edit,NICE_bounded+edit,1,OK,0.0,0.0035576820373535156,0.14285714285714285,1.0,"{""nevents"": 27.0, ""ndays_act"": 13.0, ""nchapters"": 11.0}"
HarvardX,0,aligned,0,2750,MCCE,native,MCCE_native,1,OK,0.0,0.042647361755371094,0.41982091982091985,2.0,"{""nevents"": 71.0, ""ndays_act"": 25.0, ""nchapters"": 11.0}"
HarvardX,0,aligned,0,2750,MCCE,bounded,MCCE_bounded,1,OK,0.0,0.042647361755371094,0.41982091982091985,2.0,"{""nevents"": 71.0, ""ndays_act"": 25.0, ""nchapters"": 11.0}"
HarvardX,0,aligned,0,2750,MCCE,bounded+edit,MCCE_bounded+edit,1,OK,0.0,0.042647361755371094,0.41982091982091985,2.0,"{""nevents"": 71.0, ""ndays_act"": 25.0, ""nchapters"": 11.0}"
HarvardX,0,aligned,0,2752,NICE,native,NICE_native,0,out_of_bounds:nevents,0.0,0.00965261459350586,0.10238095238095238,2.0,"{""nevents"": 9.0, ""ndays_act"": 7.0, ""nchapters"": 12.0}"
HarvardX,0,aligned,0,2752,NICE,bounded,NICE_bounded,0,classifier_target_not_met,0.0,0.00965261459350586,0.03571428571428571,1.0,"{""nevents"": 54.0, ""ndays_act"": 7.0, ""nchapters"": 12.0}"
HarvardX,0,aligned,0,2752,NICE,bounded+edit,NICE_bounded+edit,0,classifier_target_not_met,0.0,0.00965261459350586,0.03571428571428571,1.0,"{""nevents"": 54.0, ""ndays_act"": 7.0, ""nchapters"": 12.0}"
HarvardX,0,aligned,0,2752,MCCE,native,MCCE_native,0,out_of_bounds:nevents,0.0,0.04057478904724121,0.10238095238095238,2.0,"{""nevents"": 9.0, ""ndays_act"": 7.0, ""nchapters"": 12.0}"
HarvardX,0,aligned,0,2752,MCCE,bounded,MCCE_bounded,1,OK,0.0,0.04057478904724121,0.19783068783068783,2.0,"{""nevents"": 67.0, ""ndays_act"": 15.0, ""nchapters"": 12.0}"
HarvardX,0,aligned,0,2752,MCCE,bounded+edit,MCCE_bounded+edit,1,OK,0.0,0.04057478904724121,0.19783068783068783,2.0,"{""nevents"": 67.0, ""ndays_act"": 15.0, ""nchapters"": 12.0}"
HarvardX,0,aligned,0,2783,NICE,native,NICE_native,0,out_of_bounds:nevents,0.0,0.003901243209838867,0.091324200913242,1.0,"{""nevents"": 12.0, ""ndays_act"": 10.0, ""nchapters"": 12.0}"
HarvardX,0,aligned,0,2783,NICE,bounded,NICE_bounded,0,classifier_target_not_met,0.0,0.003901243209838867,0.0,0.0,"{""nevents"": 72.0, ""ndays_act"": 10.0, ""nchapters"": 12.0}"
HarvardX,0,aligned,0,2783,NICE,bounded+edit,NICE_bounded+edit,0,classifier_target_not_met,0.0,0.003901243209838867,0.0,0.0,"{""nevents"": 72.0, ""ndays_act"": 10.0, ""nchapters"": 12.0}"
HarvardX,0,aligned,0,2783,MCCE,native,MCCE_native,1,OK,0.0,0.031970977783203125,0.17647058823529413,1.0,"{""nevents"": 72.0, ""ndays_act"": 19.0, ""nchapters"": 12.0}"
HarvardX,0,aligned,0,2783,MCCE,bounded,MCCE_bounded,1,OK,0.0,0.031970977783203125,0.17647058823529413,1.0,"{""nevents"": 72.0, ""ndays_act"": 19.0, ""nchapters"": 12.0}"
HarvardX,0,aligned,0,2783,MCCE,bounded+edit,MCCE_bounded+edit,1,OK,0.0,0.031970977783203125,0.17647058823529413,1.0,"{""nevents"": 72.0, ""ndays_act"": 19.0, ""nchapters"": 12.0}"
HarvardX,0,aligned,0,2860,NICE,native,NICE_native,1,OK,0.0,0.008077859878540039,0.6330927162742584,2.0,"{""nevents"": 103.0, ""ndays_act"": 30.0, ""nchapters"": 6.0}"
HarvardX,0,aligned,0,2860,NICE,bounded,NICE_bounded,1,OK,0.0,0.008077859878540039,0.6330927162742584,2.0,"{""nevents"": 103.0, ""ndays_act"": 30.0, ""nchapters"": 6.0}"
HarvardX,0,aligned,0,2860,NICE,bounded+edit,NICE_bounded+edit,1,OK,0.0,0.008077859878540039,0.6330927162742584,2.0,"{""nevents"": 103.0, ""ndays_act"": 30.0, ""nchapters"": 6.0}"
HarvardX,0,aligned,0,2860,MCCE,native,MCCE_native,1,OK,0.0,0.044890403747558594,1.1016101104139961,3.0,"{""nevents"": 92.0, ""ndays_act"": 29.0, ""nchapters"": 9.0}"
HarvardX,0,aligned,0,2860,MCCE,bounded,MCCE_bounded,1,OK,0.0,0.044890403747558594,1.1016101104139961,3.0,"{""nevents"": 92.0, ""ndays_act"": 29.0, ""nchapters"": 9.0}"
HarvardX,0,aligned,0,2860,MCCE,bounded+edit,MCCE_bounded+edit,1,OK,0.0,0.044890403747558594,1.1016101104139961,3.0,"{""nevents"": 92.0, ""ndays_act"": 29.0, ""nchapters"": 9.0}"
HarvardX,0,aligned,0,2864,NICE,native,NICE_native,0,out_of_bounds:nevents,0.0,0.004660844802856445,0.2360544217687075,2.0,"{""nevents"": 66.0, ""ndays_act"": 21.0, ""nchapters"": 7.0}"
HarvardX,0,aligned,0,2864,NICE,bounded,NICE_bounded,0,classifier_target_not_met,0.0,0.004660844802856445,0.1836734693877551,1.0,"{""nevents"": 99.0, ""ndays_act"": 21.0, ""nchapters"": 7.0}"
HarvardX,0,aligned,0,2864,NICE,bounded+edit,NICE_bounded+edit,0,classifier_target_not_met,0.0,0.004660844802856445,0.1836734693877551,1.0,"{""nevents"": 99.0, ""ndays_act"": 21.0, ""nchapters"": 7.0}"
HarvardX,0,aligned,0,2864,MCCE,native,MCCE_native,0,out_of_bounds:nevents,0.0,0.03889107704162598,1.0825396825396825,2.0,"{""nevents"": 47.0, ""ndays_act"": 12.0, ""nchapters"": 12.0}"
HarvardX,0,aligned,0,2864,MCCE,bounded,MCCE_bounded,1,OK,0.0,0.03889107704162598,1.101360544217687,3.0,"{""nevents"": 132.0, ""ndays_act"": 34.0, ""nchapters"": 10.0}"
HarvardX,0,aligned,0,2864,MCCE,bounded+edit,MCCE_bounded+edit,1,OK,0.0,0.03889107704162598,1.101360544217687,3.0,"{""nevents"": 132.0, ""ndays_act"": 34.0, ""nchapters"": 10.0}"
HarvardX,0,aligned,0,2866,NICE,native,NICE_native,1,OK,0.0,0.004570722579956055,0.10552486187845304,2.0,"{""nevents"": 9.0, ""ndays_act"": 7.0, ""nchapters"": 12.0}"
HarvardX,0,aligned,0,2866,NICE,bounded,NICE_bounded,1,OK,0.0,0.004570722579956055,0.10552486187845304,2.0,"{""nevents"": 9.0, ""ndays_act"": 7.0, ""nchapters"": 12.0}"
HarvardX,0,aligned,0,2866,NICE,bounded+edit,NICE_bounded+edit,1,OK,0.0,0.004570722579956055,0.10552486187845304,2.0,"{""nevents"": 9.0, ""ndays_act"": 7.0, ""nchapters"": 12.0}"
HarvardX,0,aligned,0,2866,MCCE,native,MCCE_native,1,OK,0.0,0.031697988510131836,0.10552486187845304,2.0,"{""nevents"": 9.0, ""ndays_act"": 7.0, ""nchapters"": 12.0}"
HarvardX,0,aligned,0,2866,MCCE,bounded,MCCE_bounded,1,OK,0.0,0.031697988510131836,0.10552486187845304,2.0,"{""nevents"": 9.0, ""ndays_act"": 7.0, ""nchapters"": 12.0}"
HarvardX,0,aligned,0,2866,MCCE,bounded+edit,MCCE_bounded+edit,1,OK,0.0,0.031697988510131836,0.10552486187845304,2.0,"{""nevents"": 9.0, ""ndays_act"": 7.0, ""nchapters"": 12.0}"
HarvardX,0,aligned,0,2876,NICE,native,NICE_native,1,OK,0.0,0.004793882369995117,0.3828059996851739,2.0,"{""nevents"": 52.0, ""ndays_act"": 19.0, ""nchapters"": 8.0}"
HarvardX,0,aligned,0,2876,NICE,bounded,NICE_bounded,1,OK,0.0,0.004793882369995117,0.3828059996851739,2.0,"{""nevents"": 52.0, ""ndays_act"": 19.0, ""nchapters"": 8.0}"
HarvardX,0,aligned,0,2876,NICE,bounded+edit,NICE_bounded+edit,1,OK,0.0,0.004793882369995117,0.3828059996851739,2.0,"{""nevents"": 52.0, ""ndays_act"": 19.0, ""nchapters"": 8.0}"
HarvardX,0,aligned,0,2876,MCCE,native,MCCE_native,1,OK,0.0,0.04217720031738281,0.8516101104139963,3.0,"{""nevents"": 92.0, ""ndays_act"": 29.0, ""nchapters"": 9.0}"
HarvardX,0,aligned,0,2876,MCCE,bounded,MCCE_bounded,1,OK,0.0,0.04217720031738281,0.8516101104139963,3.0,"{""nevents"": 92.0, ""ndays_act"": 29.0, ""nchapters"": 9.0}"
HarvardX,0,aligned,0,2876,MCCE,bounded+edit,MCCE_bounded+edit,1,OK,0.0,0.04217720031738281,0.8516101104139963,3.0,"{""nevents"": 92.0, ""ndays_act"": 29.0, ""nchapters"": 9.0}"
HarvardX,0,aligned,0,2899,NICE,native,NICE_native,1,OK,0.0,0.004658222198486328,0.3908541230241859,2.0,"{""nevents"": 66.0, ""ndays_act"": 21.0, ""nchapters"": 7.0}"
HarvardX,0,aligned,0,2899,NICE,bounded,NICE_bounded,1,OK,0.0,0.004658222198486328,0.3908541230241859,2.0,"{""nevents"": 66.0, ""ndays_act"": 21.0, ""nchapters"": 7.0}"
HarvardX,0,aligned,0,2899,NICE,bounded+edit,NICE_bounded+edit,1,OK,0.0,0.004658222198486328,0.3908541230241859,2.0,"{""nevents"": 66.0, ""ndays_act"": 21.0, ""nchapters"": 7.0}"
HarvardX,0,aligned,0,2899,MCCE,native,MCCE_native,1,OK,0.0,0.04094529151916504,0.9629641972957532,3.0,"{""nevents"": 92.0, ""ndays_act"": 29.0, ""nchapters"": 9.0}"
HarvardX,0,aligned,0,2899,MCCE,bounded,MCCE_bounded,1,OK,0.0,0.04094529151916504,0.9629641972957532,3.0,"{""nevents"": 92.0, ""ndays_act"": 29.0, ""nchapters"": 9.0}"
HarvardX,0,aligned,0,2899,MCCE,bounded+edit,MCCE_bounded+edit,1,OK,0.0,0.04094529151916504,0.9629641972957532,3.0,"{""nevents"": 92.0, ""ndays_act"": 29.0, ""nchapters"": 9.0}"
HarvardX,0,aligned,0,2907,NICE,native,NICE_native,1,OK,0.0,0.004555463790893555,0.37785537610941367,2.0,"{""nevents"": 66.0, ""ndays_act"": 21.0, ""nchapters"": 7.0}"
HarvardX,0,aligned,0,2907,NICE,bounded,NICE_bounded,1,OK,0.0,0.004555463790893555,0.37785537610941367,2.0,"{""nevents"": 66.0, ""ndays_act"": 21.0, ""nchapters"": 7.0}"
HarvardX,0,aligned,0,2907,NICE,bounded+edit,NICE_bounded+edit,1,OK,0.0,0.004555463790893555,0.37785537610941367,2.0,"{""nevents"": 66.0, ""ndays_act"": 21.0, ""nchapters"": 7.0}"
HarvardX,0,aligned,0,2907,MCCE,native,MCCE_native,1,OK,0.0,0.039716482162475586,0.9523546243755759,3.0,"{""nevents"": 92.0, ""ndays_act"": 29.0, ""nchapters"": 9.0}"
HarvardX,0,aligned,0,2907,MCCE,bounded,MCCE_bounded,1,OK,0.0,0.039716482162475586,0.9523546243755759,3.0,"{""nevents"": 92.0, ""ndays_act"": 29.0, ""nchapters"": 9.0}"
HarvardX,0,aligned,0,2907,MCCE,bounded+edit,MCCE_bounded+edit,1,OK,0.0,0.039716482162475586,0.9523546243755759,3.0,"{""nevents"": 92.0, ""ndays_act"": 29.0, ""nchapters"": 9.0}"
HarvardX,0,aligned,0,2922,NICE,native,NICE_native,1,OK,0.0,0.0048313140869140625,0.6150947757743874,2.0,"{""nevents"": 103.0, ""ndays_act"": 30.0, ""nchapters"": 6.0}"
HarvardX,0,aligned,0,2922,NICE,bounded,NICE_bounded,1,OK,0.0,0.0048313140869140625,0.6150947757743874,2.0,"{""nevents"": 103.0, ""ndays_act"": 30.0, ""nchapters"": 6.0}"
HarvardX,0,aligned,0,2922,NICE,bounded+edit,NICE_bounded+edit,1,OK,0.0,0.0048313140869140625,0.6150947757743874,2.0,"{""nevents"": 103.0, ""ndays_act"": 30.0, ""nchapters"": 6.0}"
HarvardX,0,aligned,0,2922,MCCE,native,MCCE_native,1,OK,0.0,0.04011058807373047,1.0831715210355988,3.0,"{""nevents"": 92.0, ""ndays_act"": 29.0, ""nchapters"": 9.0}"
HarvardX,0,aligned,0,2922,MCCE,bounded,MCCE_bounded,1,OK,0.0,0.04011058807373047,1.0831715210355988,3.0,"{""nevents"": 92.0, ""ndays_act"": 29.0, ""nchapters"": 9.0}"
HarvardX,0,aligned,0,2922,MCCE,bounded+edit,MCCE_bounded+edit,1,OK,0.0,0.04011058807373047,1.0831715210355988,3.0,"{""nevents"": 92.0, ""ndays_act"": 29.0, ""nchapters"": 9.0}"
HarvardX,0,aligned,0,2952,NICE,native,NICE_native,1,OK,0.0,0.004583597183227539,0.5924349540710816,2.0,"{""nevents"": 103.0, ""ndays_act"": 30.0, ""nchapters"": 6.0}"
HarvardX,0,aligned,0,2952,NICE,bounded,NICE_bounded,1,OK,0.0,0.004583597183227539,0.5924349540710816,2.0,"{""nevents"": 103.0, ""ndays_act"": 30.0, ""nchapters"": 6.0}"
HarvardX,0,aligned,0,2952,NICE,bounded+edit,NICE_bounded+edit,1,OK,0.0,0.004583597183227539,0.5924349540710816,2.0,"{""nevents"": 103.0, ""ndays_act"": 30.0, ""nchapters"": 6.0}"
HarvardX,0,aligned,0,2952,MCCE,native,MCCE_native,1,OK,0.0,0.040488243103027344,1.0598518732265667,3.0,"{""nevents"": 92.0, ""ndays_act"": 29.0, ""nchapters"": 9.0}"
HarvardX,0,aligned,0,2952,MCCE,bounded,MCCE_bounded,1,OK,0.0,0.040488243103027344,1.0598518732265667,3.0,"{""nevents"": 92.0, ""ndays_act"": 29.0, ""nchapters"": 9.0}"
HarvardX,0,aligned,0,2952,MCCE,bounded+edit,MCCE_bounded+edit,1,OK,0.0,0.040488243103027344,1.0598518732265667,3.0,"{""nevents"": 92.0, ""ndays_act"": 29.0, ""nchapters"": 9.0}"
HarvardX,0,aligned,0,2989,NICE,native,NICE_native,0,out_of_bounds:nevents,0.0,0.0035338401794433594,0.1054421768707483,1.0,"{""nevents"": 79.0, ""ndays_act"": 16.0, ""nchapters"": 12.0}"
HarvardX,0,aligned,0,2989,NICE,bounded,NICE_bounded,0,classifier_target_not_met,0.0,0.0035338401794433594,0.0,0.0,"{""nevents"": 141.0, ""ndays_act"": 16.0, ""nchapters"": 12.0}"
HarvardX,0,aligned,0,2989,NICE,bounded+edit,NICE_bounded+edit,0,classifier_target_not_met,0.0,0.0035338401794433594,0.0,0.0,"{""nevents"": 141.0, ""ndays_act"": 16.0, ""nchapters"": 12.0}"
HarvardX,0,aligned,0,2989,MCCE,native,MCCE_native,0,out_of_bounds:nevents,0.0,0.026433944702148438,0.1717687074829932,1.0,"{""nevents"": 40.0, ""ndays_act"": 16.0, ""nchapters"": 12.0}"
HarvardX,0,aligned,0,2989,MCCE,bounded,MCCE_bounded,1,OK,0.0,0.026433944702148438,0.11791383219954647,2.0,"{""nevents"": 145.0, ""ndays_act"": 21.0, ""nchapters"": 12.0}"
HarvardX,0,aligned,0,2989,MCCE,bounded+edit,MCCE_bounded+edit,1,OK,0.0,0.026433944702148438,0.11791383219954647,2.0,"{""nevents"": 145.0, ""ndays_act"": 21.0, ""nchapters"": 12.0}"
HarvardX,0,aligned,0,2995,NICE,native,NICE_native,1,OK,0.0,0.0049364566802978516,0.6198850574712644,2.0,"{""nevents"": 103.0, ""ndays_act"": 30.0, ""nchapters"": 6.0}"
HarvardX,0,aligned,0,2995,NICE,bounded,NICE_bounded,1,OK,0.0,0.0049364566802978516,0.6198850574712644,2.0,"{""nevents"": 103.0, ""ndays_act"": 30.0, ""nchapters"": 6.0}"
HarvardX,0,aligned,0,2995,NICE,bounded+edit,NICE_bounded+edit,1,OK,0.0,0.0049364566802978516,0.6198850574712644,2.0,"{""nevents"": 103.0, ""ndays_act"": 30.0, ""nchapters"": 6.0}"
HarvardX,0,aligned,0,2995,MCCE,native,MCCE_native,1,OK,0.0,0.04452776908874512,1.0880459770114943,3.0,"{""nevents"": 92.0, ""ndays_act"": 29.0, ""nchapters"": 9.0}"
HarvardX,0,aligned,0,2995,MCCE,bounded,MCCE_bounded,1,OK,0.0,0.04452776908874512,1.0880459770114943,3.0,"{""nevents"": 92.0, ""ndays_act"": 29.0, ""nchapters"": 9.0}"
HarvardX,0,aligned,0,2995,MCCE,bounded+edit,MCCE_bounded+edit,1,OK,0.0,0.04452776908874512,1.0880459770114943,3.0,"{""nevents"": 92.0, ""ndays_act"": 29.0, ""nchapters"": 9.0}"
HarvardX,0,aligned,0,3004,NICE,native,NICE_native,1,OK,0.0,0.004882097244262695,0.4347972745058355,2.0,"{""nevents"": 66.0, ""ndays_act"": 21.0, ""nchapters"": 7.0}"
HarvardX,0,aligned,0,3004,NICE,bounded,NICE_bounded,1,OK,0.0,0.004882097244262695,0.4347972745058355,2.0,"{""nevents"": 66.0, ""ndays_act"": 21.0, ""nchapters"": 7.0}"
HarvardX,0,aligned,0,3004,NICE,bounded+edit,NICE_bounded+edit,1,OK,0.0,0.004882097244262695,0.4347972745058355,2.0,"{""nevents"": 66.0, ""ndays_act"": 21.0, ""nchapters"": 7.0}"
HarvardX,0,aligned,0,3004,MCCE,native,MCCE_native,1,OK,0.0,0.04078245162963867,1.0016101104139963,3.0,"{""nevents"": 92.0, ""ndays_act"": 29.0, ""nchapters"": 9.0}"
HarvardX,0,aligned,0,3004,MCCE,bounded,MCCE_bounded,1,OK,0.0,0.04078245162963867,1.0016101104139963,3.0,"{""nevents"": 92.0, ""ndays_act"": 29.0, ""nchapters"": 9.0}"
HarvardX,0,aligned,0,3004,MCCE,bounded+edit,MCCE_bounded+edit,1,OK,0.0,0.04078245162963867,1.0016101104139963,3.0,"{""nevents"": 92.0, ""ndays_act"": 29.0, ""nchapters"": 9.0}"
HarvardX,0,aligned,0,3051,NICE,native,NICE_native,0,out_of_bounds:nevents,0.0,0.004691362380981445,0.1698365527488856,2.0,"{""nevents"": 9.0, ""ndays_act"": 7.0, ""nchapters"": 12.0}"
HarvardX,0,aligned,0,3051,NICE,bounded,NICE_bounded,0,classifier_target_not_met,0.0,0.004691362380981445,0.1,1.0,"{""nevents"": 56.0, ""ndays_act"": 7.0, ""nchapters"": 12.0}"
HarvardX,0,aligned,0,3051,NICE,bounded+edit,NICE_bounded+edit,0,classifier_target_not_met,0.0,0.004691362380981445,0.1,1.0,"{""nevents"": 56.0, ""ndays_act"": 7.0, ""nchapters"": 12.0}"
HarvardX,0,aligned,0,3051,MCCE,native,MCCE_native,0,out_of_bounds:nevents,0.0,0.027742624282836914,0.1698365527488856,2.0,"{""nevents"": 9.0, ""ndays_act"": 7.0, ""nchapters"": 12.0}"
HarvardX,0,aligned,0,3051,MCCE,bounded,MCCE_bounded,1,OK,0.0,0.027742624282836914,0.24967805844477464,2.0,"{""nevents"": 67.0, ""ndays_act"": 15.0, ""nchapters"": 12.0}"
HarvardX,0,aligned,0,3051,MCCE,bounded+edit,MCCE_bounded+edit,1,OK,0.0,0.027742624282836914,0.24967805844477464,2.0,"{""nevents"": 67.0, ""ndays_act"": 15.0, ""nchapters"": 12.0}"
HarvardX,0,aligned,0,3074,NICE,native,NICE_native,1,OK,0.0,0.004676342010498047,0.6330927162742584,2.0,"{""nevents"": 103.0, ""ndays_act"": 30.0, ""nchapters"": 6.0}"
HarvardX,0,aligned,0,3074,NICE,bounded,NICE_bounded,1,OK,0.0,0.004676342010498047,0.6330927162742584,2.0,"{""nevents"": 103.0, ""ndays_act"": 30.0, ""nchapters"": 6.0}"
HarvardX,0,aligned,0,3074,NICE,bounded+edit,NICE_bounded+edit,1,OK,0.0,0.004676342010498047,0.6330927162742584,2.0,"{""nevents"": 103.0, ""ndays_act"": 30.0, ""nchapters"": 6.0}"
HarvardX,0,aligned,0,3074,MCCE,native,MCCE_native,1,OK,0.0,0.03969216346740723,1.1016101104139961,3.0,"{""nevents"": 92.0, ""ndays_act"": 29.0, ""nchapters"": 9.0}"
HarvardX,0,aligned,0,3074,MCCE,bounded,MCCE_bounded,1,OK,0.0,0.03969216346740723,1.1016101104139961,3.0,"{""nevents"": 92.0, ""ndays_act"": 29.0, ""nchapters"": 9.0}"
HarvardX,0,aligned,0,3074,MCCE,bounded+edit,MCCE_bounded+edit,1,OK,0.0,0.03969216346740723,1.1016101104139961,3.0,"{""nevents"": 92.0, ""ndays_act"": 29.0, ""nchapters"": 9.0}"
HarvardX,0,aligned,0,3075,NICE,native,NICE_native,0,out_of_bounds:nevents,0.0,0.003519296646118164,0.03015075376884422,1.0,"{""nevents"": 114.0, ""ndays_act"": 30.0, ""nchapters"": 11.0}"
HarvardX,0,aligned,0,3075,NICE,bounded,NICE_bounded,0,classifier_target_not_met,0.0,0.003519296646118164,0.0,0.0,"{""nevents"": 132.0, ""ndays_act"": 30.0, ""nchapters"": 11.0}"
HarvardX,0,aligned,0,3075,NICE,bounded+edit,NICE_bounded+edit,0,classifier_target_not_met,0.0,0.003519296646118164,0.0,0.0,"{""nevents"": 132.0, ""ndays_act"": 30.0, ""nchapters"": 11.0}"
HarvardX,0,aligned,0,3075,MCCE,native,MCCE_native,0,out_of_bounds:nevents;out_of_bounds:ndays_act,0.0,0.04251241683959961,0.26346787701950614,2.0,"{""nevents"": 71.0, ""ndays_act"": 25.0, ""nchapters"": 11.0}"
HarvardX,0,aligned,0,3075,MCCE,bounded,MCCE_bounded,1,OK,0.0,0.04251241683959961,0.5499000378235263,2.0,"{""nevents"": 364.0, ""ndays_act"": 35.0, ""nchapters"": 11.0}"
HarvardX,0,aligned,0,3075,MCCE,bounded+edit,MCCE_bounded+edit,1,OK,0.0,0.04251241683959961,0.5499000378235263,2.0,"{""nevents"": 364.0, ""ndays_act"": 35.0, ""nchapters"": 11.0}"
HarvardX,0,aligned,0,3081,NICE,native,NICE_native,1,OK,0.0,0.005147695541381836,0.12709977737300143,2.0,"{""nevents"": 9.0, ""ndays_act"": 7.0, ""nchapters"": 12.0}"
HarvardX,0,aligned,0,3081,NICE,bounded,NICE_bounded,1,OK,0.0,0.005147695541381836,0.12709977737300143,2.0,"{""nevents"": 9.0, ""ndays_act"": 7.0, ""nchapters"": 12.0}"
HarvardX,0,aligned,0,3081,NICE,bounded+edit,NICE_bounded+edit,1,OK,0.0,0.005147695541381836,0.12709977737300143,2.0,"{""nevents"": 9.0, ""ndays_act"": 7.0, ""nchapters"": 12.0}"
HarvardX,0,aligned,0,3081,MCCE,native,MCCE_native,1,OK,0.0,0.026710987091064453,0.12709977737300143,2.0,"{""nevents"": 9.0, ""ndays_act"": 7.0, ""nchapters"": 12.0}"
HarvardX,0,aligned,0,3081,MCCE,bounded,MCCE_bounded,1,OK,0.0,0.026710987091064453,0.12709977737300143,2.0,"{""nevents"": 9.0, ""ndays_act"": 7.0, ""nchapters"": 12.0}"
HarvardX,0,aligned,0,3081,MCCE,bounded+edit,MCCE_bounded+edit,1,OK,0.0,0.026710987091064453,0.12709977737300143,2.0,"{""nevents"": 9.0, ""ndays_act"": 7.0, ""nchapters"": 12.0}"
HarvardX,0,aligned,0,3093,NICE,native,NICE_native,1,OK,0.0,0.004588603973388672,0.3192146701215866,2.0,"{""nevents"": 67.0, ""ndays_act"": 19.0, ""nchapters"": 9.0}"
HarvardX,0,aligned,0,3093,NICE,bounded,NICE_bounded,1,OK,0.0,0.004588603973388672,0.3192146701215866,2.0,"{""nevents"": 67.0, ""ndays_act"": 19.0, ""nchapters"": 9.0}"
HarvardX,0,aligned,0,3093,NICE,bounded+edit,NICE_bounded+edit,1,OK,0.0,0.004588603973388672,0.3192146701215866,2.0,"{""nevents"": 67.0, ""ndays_act"": 19.0, ""nchapters"": 9.0}"
HarvardX,0,aligned,0,3093,MCCE,native,MCCE_native,1,OK,0.0,0.04334259033203125,0.5277556308550927,2.0,"{""nevents"": 92.0, ""ndays_act"": 29.0, ""nchapters"": 9.0}"
HarvardX,0,aligned,0,3093,MCCE,bounded,MCCE_bounded,1,OK,0.0,0.04334259033203125,0.5277556308550927,2.0,"{""nevents"": 92.0, ""ndays_act"": 29.0, ""nchapters"": 9.0}"
HarvardX,0,aligned,0,3093,MCCE,bounded+edit,MCCE_bounded+edit,1,OK,0.0,0.04334259033203125,0.5277556308550927,2.0,"{""nevents"": 92.0, ""ndays_act"": 29.0, ""nchapters"": 9.0}"
HarvardX,0,aligned,0,3114,NICE,native,NICE_native,0,out_of_bounds:nevents,0.0,0.0046329498291015625,0.1725941882446037,2.0,"{""nevents"": 121.0, ""ndays_act"": 19.0, ""nchapters"": 12.0}"
HarvardX,0,aligned,0,3114,NICE,bounded,NICE_bounded,0,classifier_target_not_met,0.0,0.0046329498291015625,0.023255813953488372,1.0,"{""nevents"": 200.0, ""ndays_act"": 19.0, ""nchapters"": 12.0}"
HarvardX,0,aligned,0,3114,NICE,bounded+edit,NICE_bounded+edit,0,classifier_target_not_met,0.0,0.0046329498291015625,0.023255813953488372,1.0,"{""nevents"": 200.0, ""ndays_act"": 19.0, ""nchapters"": 12.0}"
HarvardX,0,aligned,0,3114,MCCE,native,MCCE_native,1,OK,0.0,0.028482675552368164,0.2558139534883721,1.0,"{""nevents"": 200.0, ""ndays_act"": 29.0, ""nchapters"": 12.0}"
HarvardX,0,aligned,0,3114,MCCE,bounded,MCCE_bounded,1,OK,0.0,0.028482675552368164,0.2558139534883721,1.0,"{""nevents"": 200.0, ""ndays_act"": 29.0, ""nchapters"": 12.0}"
HarvardX,0,aligned,0,3114,MCCE,bounded+edit,MCCE_bounded+edit,1,OK,0.0,0.028482675552368164,0.2558139534883721,1.0,"{""nevents"": 200.0, ""ndays_act"": 29.0, ""nchapters"": 12.0}"
HarvardX,0,aligned,0,3156,NICE,native,NICE_native,0,out_of_bounds:nevents,0.0,0.004551887512207031,0.09024211298606016,2.0,"{""nevents"": 9.0, ""ndays_act"": 7.0, ""nchapters"": 12.0}"
HarvardX,0,aligned,0,3156,NICE,bounded,NICE_bounded,0,classifier_target_not_met,0.0,0.004551887512207031,0.06896551724137931,1.0,"{""nevents"": 24.0, ""ndays_act"": 7.0, ""nchapters"": 12.0}"
HarvardX,0,aligned,0,3156,NICE,bounded+edit,NICE_bounded+edit,0,classifier_target_not_met,0.0,0.004551887512207031,0.06896551724137931,1.0,"{""nevents"": 24.0, ""ndays_act"": 7.0, ""nchapters"": 12.0}"
HarvardX,0,aligned,0,3156,MCCE,native,MCCE_native,0,out_of_bounds:nevents,0.0,0.026146411895751953,0.09024211298606016,2.0,"{""nevents"": 9.0, ""ndays_act"": 7.0, ""nchapters"": 12.0}"
HarvardX,0,aligned,0,3156,MCCE,bounded,MCCE_bounded,1,OK,0.0,0.026146411895751953,0.13934947419907068,2.0,"{""nevents"": 25.0, ""ndays_act"": 11.0, ""nchapters"": 12.0}"
HarvardX,0,aligned,0,3156,MCCE,bounded+edit,MCCE_bounded+edit,1,OK,0.0,0.026146411895751953,0.13934947419907068,2.0,"{""nevents"": 25.0, ""ndays_act"": 11.0, ""nchapters"": 12.0}"
HarvardX,0,aligned,0,3167,NICE,native,NICE_native,1,OK,0.0,0.00462651252746582,0.12709977737300143,2.0,"{""nevents"": 9.0, ""ndays_act"": 7.0, ""nchapters"": 12.0}"
HarvardX,0,aligned,0,3167,NICE,bounded,NICE_bounded,1,OK,0.0,0.00462651252746582,0.12709977737300143,2.0,"{""nevents"": 9.0, ""ndays_act"": 7.0, ""nchapters"": 12.0}"
HarvardX,0,aligned,0,3167,NICE,bounded+edit,NICE_bounded+edit,1,OK,0.0,0.00462651252746582,0.12709977737300143,2.0,"{""nevents"": 9.0, ""ndays_act"": 7.0, ""nchapters"": 12.0}"
HarvardX,0,aligned,0,3167,MCCE,native,MCCE_native,1,OK,0.0,0.026192188262939453,0.12709977737300143,2.0,"{""nevents"": 9.0, ""ndays_act"": 7.0, ""nchapters"": 12.0}"
HarvardX,0,aligned,0,3167,MCCE,bounded,MCCE_bounded,1,OK,0.0,0.026192188262939453,0.12709977737300143,2.0,"{""nevents"": 9.0, ""ndays_act"": 7.0, ""nchapters"": 12.0}"
HarvardX,0,aligned,0,3167,MCCE,bounded+edit,MCCE_bounded+edit,1,OK,0.0,0.026192188262939453,0.12709977737300143,2.0,"{""nevents"": 9.0, ""ndays_act"": 7.0, ""nchapters"": 12.0}"
HarvardX,0,aligned,0,3187,NICE,native,NICE_native,1,OK,0.0,0.004589557647705078,0.4347972745058355,2.0,"{""nevents"": 66.0, ""ndays_act"": 21.0, ""nchapters"": 7.0}"
HarvardX,0,aligned,0,3187,NICE,bounded,NICE_bounded,1,OK,0.0,0.004589557647705078,0.4347972745058355,2.0,"{""nevents"": 66.0, ""ndays_act"": 21.0, ""nchapters"": 7.0}"
HarvardX,0,aligned,0,3187,NICE,bounded+edit,NICE_bounded+edit,1,OK,0.0,0.004589557647705078,0.4347972745058355,2.0,"{""nevents"": 66.0, ""ndays_act"": 21.0, ""nchapters"": 7.0}"
HarvardX,0,aligned,0,3187,MCCE,native,MCCE_native,1,OK,0.0,0.041474103927612305,1.0016101104139963,3.0,"{""nevents"": 92.0, ""ndays_act"": 29.0, ""nchapters"": 9.0}"
HarvardX,0,aligned,0,3187,MCCE,bounded,MCCE_bounded,1,OK,0.0,0.041474103927612305,1.0016101104139963,3.0,"{""nevents"": 92.0, ""ndays_act"": 29.0, ""nchapters"": 9.0}"
HarvardX,0,aligned,0,3187,MCCE,bounded+edit,MCCE_bounded+edit,1,OK,0.0,0.041474103927612305,1.0016101104139963,3.0,"{""nevents"": 92.0, ""ndays_act"": 29.0, ""nchapters"": 9.0}"
HarvardX,0,aligned,0,3256,NICE,native,NICE_native,0,out_of_bounds:nevents,0.0,0.005040645599365234,0.5748303104484256,2.0,"{""nevents"": 9.0, ""ndays_act"": 7.0, ""nchapters"": 12.0}"
HarvardX,0,aligned,0,3256,NICE,bounded,NICE_bounded,0,classifier_target_not_met,0.0,0.005040645599365234,0.05263157894736842,1.0,"{""nevents"": 256.0, ""ndays_act"": 7.0, ""nchapters"": 12.0}"
HarvardX,0,aligned,0,3256,NICE,bounded+edit,NICE_bounded+edit,0,classifier_target_not_met,0.0,0.005040645599365234,0.05263157894736842,1.0,"{""nevents"": 256.0, ""ndays_act"": 7.0, ""nchapters"": 12.0}"
HarvardX,0,aligned,0,3256,MCCE,native,MCCE_native,0,out_of_bounds:nevents,0.0,0.026139259338378906,0.5748303104484256,2.0,"{""nevents"": 9.0, ""ndays_act"": 7.0, ""nchapters"": 12.0}"
HarvardX,0,aligned,0,3256,MCCE,bounded,MCCE_bounded,1,OK,0.0,0.026139259338378906,0.4950484032491376,2.0,"{""nevents"": 291.0, ""ndays_act"": 28.0, ""nchapters"": 12.0}"
HarvardX,0,aligned,0,3256,MCCE,bounded+edit,MCCE_bounded+edit,1,OK,0.0,0.026139259338378906,0.4950484032491376,2.0,"{""nevents"": 291.0, ""ndays_act"": 28.0, ""nchapters"": 12.0}"
HarvardX,0,aligned,0,3297,NICE,native,NICE_native,1,OK,0.0,0.003582477569580078,0.2631578947368421,1.0,"{""nevents"": 51.0, ""ndays_act"": 19.0, ""nchapters"": 9.0}"
HarvardX,0,aligned,0,3297,NICE,bounded,NICE_bounded,1,OK,0.0,0.003582477569580078,0.2631578947368421,1.0,"{""nevents"": 51.0, ""ndays_act"": 19.0, ""nchapters"": 9.0}"
HarvardX,0,aligned,0,3297,NICE,bounded+edit,NICE_bounded+edit,1,OK,0.0,0.003582477569580078,0.2631578947368421,1.0,"{""nevents"": 51.0, ""ndays_act"": 19.0, ""nchapters"": 9.0}"
HarvardX,0,aligned,0,3297,MCCE,native,MCCE_native,1,OK,0.0,0.041034698486328125,0.4990684676292501,2.0,"{""nevents"": 92.0, ""ndays_act"": 29.0, ""nchapters"": 9.0}"
HarvardX,0,aligned,0,3297,MCCE,bounded,MCCE_bounded,1,OK,0.0,0.041034698486328125,0.4990684676292501,2.0,"{""nevents"": 92.0, ""ndays_act"": 29.0, ""nchapters"": 9.0}"
HarvardX,0,aligned,0,3297,MCCE,bounded+edit,MCCE_bounded+edit,1,OK,0.0,0.041034698486328125,0.4990684676292501,2.0,"{""nevents"": 92.0, ""ndays_act"": 29.0, ""nchapters"": 9.0}"
HarvardX,0,aligned,0,3315,NICE,native,NICE_native,1,OK,0.0,0.004858732223510742,0.6053529686769519,2.0,"{""nevents"": 103.0, ""ndays_act"": 30.0, ""nchapters"": 6.0}"
HarvardX,0,aligned,0,3315,NICE,bounded,NICE_bounded,1,OK,0.0,0.004858732223510742,0.6053529686769519,2.0,"{""nevents"": 103.0, ""ndays_act"": 30.0, ""nchapters"": 6.0}"
HarvardX,0,aligned,0,3315,NICE,bounded+edit,NICE_bounded+edit,1,OK,0.0,0.004858732223510742,0.6053529686769519,2.0,"{""nevents"": 103.0, ""ndays_act"": 30.0, ""nchapters"": 6.0}"
HarvardX,0,aligned,0,3315,MCCE,native,MCCE_native,1,OK,0.0,0.04173469543457031,1.0732585320243104,3.0,"{""nevents"": 92.0, ""ndays_act"": 29.0, ""nchapters"": 9.0}"
HarvardX,0,aligned,0,3315,MCCE,bounded,MCCE_bounded,1,OK,0.0,0.04173469543457031,1.0732585320243104,3.0,"{""nevents"": 92.0, ""ndays_act"": 29.0, ""nchapters"": 9.0}"
HarvardX,0,aligned,0,3315,MCCE,bounded+edit,MCCE_bounded+edit,1,OK,0.0,0.04173469543457031,1.0732585320243104,3.0,"{""nevents"": 92.0, ""ndays_act"": 29.0, ""nchapters"": 9.0}"
HarvardX,0,aligned,0,3368,NICE,native,NICE_native,1,OK,0.0,0.0050885677337646484,0.2586123241145075,2.0,"{""nevents"": 67.0, ""ndays_act"": 19.0, ""nchapters"": 9.0}"
HarvardX,0,aligned,0,3368,NICE,bounded,NICE_bounded,1,OK,0.0,0.0050885677337646484,0.2586123241145075,2.0,"{""nevents"": 67.0, ""ndays_act"": 19.0, ""nchapters"": 9.0}"
HarvardX,0,aligned,0,3368,NICE,bounded+edit,NICE_bounded+edit,1,OK,0.0,0.0050885677337646484,0.2586123241145075,2.0,"{""nevents"": 67.0, ""ndays_act"": 19.0, ""nchapters"": 9.0}"
HarvardX,0,aligned,0,3368,MCCE,native,MCCE_native,1,OK,0.0,0.041394948959350586,0.48018761119197795,2.0,"{""nevents"": 92.0, ""ndays_act"": 29.0, ""nchapters"": 9.0}"
HarvardX,0,aligned,0,3368,MCCE,bounded,MCCE_bounded,1,OK,0.0,0.041394948959350586,0.48018761119197795,2.0,"{""nevents"": 92.0, ""ndays_act"": 29.0, ""nchapters"": 9.0}"
HarvardX,0,aligned,0,3368,MCCE,bounded+edit,MCCE_bounded+edit,1,OK,0.0,0.041394948959350586,0.48018761119197795,2.0,"{""nevents"": 92.0, ""ndays_act"": 29.0, ""nchapters"": 9.0}"
HarvardX,0,aligned,0,3371,NICE,native,NICE_native,0,out_of_bounds:nevents,0.0,0.004645347595214844,0.2637161985914268,2.0,"{""nevents"": 66.0, ""ndays_act"": 21.0, ""nchapters"": 7.0}"
HarvardX,0,aligned,0,3371,NICE,bounded,NICE_bounded,0,classifier_target_not_met,0.0,0.004645347595214844,0.24528301886792453,1.0,"{""nevents"": 78.0, ""ndays_act"": 21.0, ""nchapters"": 7.0}"
HarvardX,0,aligned,0,3371,NICE,bounded+edit,NICE_bounded+edit,0,classifier_target_not_met,0.0,0.004645347595214844,0.24528301886792453,1.0,"{""nevents"": 78.0, ""ndays_act"": 21.0, ""nchapters"": 7.0}"
HarvardX,0,aligned,0,3371,MCCE,native,MCCE_native,0,out_of_bounds:nevents,0.0,0.041384220123291016,1.1059907834101383,2.0,"{""nevents"": 9.0, ""ndays_act"": 8.0, ""nchapters"": 12.0}"
HarvardX,0,aligned,0,3371,MCCE,bounded,MCCE_bounded,1,OK,0.0,0.041384220123291016,0.8177317914384257,3.0,"{""nevents"": 92.0, ""ndays_act"": 29.0, ""nchapters"": 9.0}"
HarvardX,0,aligned,0,3371,MCCE,bounded+edit,MCCE_bounded+edit,1,OK,0.0,0.041384220123291016,0.8177317914384257,3.0,"{""nevents"": 92.0, ""ndays_act"": 29.0, ""nchapters"": 9.0}"
HarvardX,0,aligned,0,3377,NICE,native,NICE_native,1,OK,0.0,0.004956245422363281,0.4226190476190476,2.0,"{""nevents"": 66.0, ""ndays_act"": 21.0, ""nchapters"": 7.0}"
HarvardX,0,aligned,0,3377,NICE,bounded,NICE_bounded,1,OK,0.0,0.004956245422363281,0.4226190476190476,2.0,"{""nevents"": 66.0, ""ndays_act"": 21.0, ""nchapters"": 7.0}"
HarvardX,0,aligned,0,3377,NICE,bounded+edit,NICE_bounded+edit,1,OK,0.0,0.004956245422363281,0.4226190476190476,2.0,"{""nevents"": 66.0, ""ndays_act"": 21.0, ""nchapters"": 7.0}"
HarvardX,0,aligned,0,3377,MCCE,native,MCCE_native,1,OK,0.0,0.04290127754211426,0.9916666666666667,3.0,"{""nevents"": 92.0, ""ndays_act"": 29.0, ""nchapters"": 9.0}"
HarvardX,0,aligned,0,3377,MCCE,bounded,MCCE_bounded,1,OK,0.0,0.04290127754211426,0.9916666666666667,3.0,"{""nevents"": 92.0, ""ndays_act"": 29.0, ""nchapters"": 9.0}"
HarvardX,0,aligned,0,3377,MCCE,bounded+edit,MCCE_bounded+edit,1,OK,0.0,0.04290127754211426,0.9916666666666667,3.0,"{""nevents"": 92.0, ""ndays_act"": 29.0, ""nchapters"": 9.0}"
HarvardX,0,aligned,0,3421,NICE,native,NICE_native,1,OK,0.0,0.004914999008178711,0.12709977737300143,2.0,"{""nevents"": 9.0, ""ndays_act"": 7.0, ""nchapters"": 12.0}"
HarvardX,0,aligned,0,3421,NICE,bounded,NICE_bounded,1,OK,0.0,0.004914999008178711,0.12709977737300143,2.0,"{""nevents"": 9.0, ""ndays_act"": 7.0, ""nchapters"": 12.0}"
HarvardX,0,aligned,0,3421,NICE,bounded+edit,NICE_bounded+edit,1,OK,0.0,0.004914999008178711,0.12709977737300143,2.0,"{""nevents"": 9.0, ""ndays_act"": 7.0, ""nchapters"": 12.0}"
HarvardX,0,aligned,0,3421,MCCE,native,MCCE_native,1,OK,0.0,0.026328086853027344,0.12709977737300143,2.0,"{""nevents"": 9.0, ""ndays_act"": 7.0, ""nchapters"": 12.0}"
HarvardX,0,aligned,0,3421,MCCE,bounded,MCCE_bounded,1,OK,0.0,0.026328086853027344,0.12709977737300143,2.0,"{""nevents"": 9.0, ""ndays_act"": 7.0, ""nchapters"": 12.0}"
HarvardX,0,aligned,0,3421,MCCE,bounded+edit,MCCE_bounded+edit,1,OK,0.0,0.026328086853027344,0.12709977737300143,2.0,"{""nevents"": 9.0, ""ndays_act"": 7.0, ""nchapters"": 12.0}"
HarvardX,0,aligned,0,3424,NICE,native,NICE_native,1,OK,0.0,0.004679441452026367,0.40338213137241674,2.0,"{""nevents"": 67.0, ""ndays_act"": 19.0, ""nchapters"": 9.0}"
HarvardX,0,aligned,0,3424,NICE,bounded,NICE_bounded,1,OK,0.0,0.004679441452026367,0.40338213137241674,2.0,"{""nevents"": 67.0, ""ndays_act"": 19.0, ""nchapters"": 9.0}"
HarvardX,0,aligned,0,3424,NICE,bounded+edit,NICE_bounded+edit,1,OK,0.0,0.004679441452026367,0.40338213137241674,2.0,"{""nevents"": 67.0, ""ndays_act"": 19.0, ""nchapters"": 9.0}"
HarvardX,0,aligned,0,3424,MCCE,native,MCCE_native,1,OK,0.0,0.041350603103637695,0.6016101104139963,2.0,"{""nevents"": 92.0, ""ndays_act"": 29.0, ""nchapters"": 9.0}"
HarvardX,0,aligned,0,3424,MCCE,bounded,MCCE_bounded,1,OK,0.0,0.041350603103637695,0.6016101104139963,2.0,"{""nevents"": 92.0, ""ndays_act"": 29.0, ""nchapters"": 9.0}"
HarvardX,0,aligned,0,3424,MCCE,bounded+edit,MCCE_bounded+edit,1,OK,0.0,0.041350603103637695,0.6016101104139963,2.0,"{""nevents"": 92.0, ""ndays_act"": 29.0, ""nchapters"": 9.0}"
HarvardX,0,aligned,0,3448,NICE,native,NICE_native,0,out_of_bounds:nevents,0.0,0.0048046112060546875,0.29660595202548024,2.0,"{""nevents"": 67.0, ""ndays_act"": 19.0, ""nchapters"": 9.0}"
HarvardX,0,aligned,0,3448,NICE,bounded,NICE_bounded,0,classifier_target_not_met,0.0,0.0048046112060546875,0.17647058823529413,1.0,"{""nevents"": 138.0, ""ndays_act"": 19.0, ""nchapters"": 9.0}"
HarvardX,0,aligned,0,3448,NICE,bounded+edit,NICE_bounded+edit,0,classifier_target_not_met,0.0,0.0048046112060546875,0.17647058823529413,1.0,"{""nevents"": 138.0, ""ndays_act"": 19.0, ""nchapters"": 9.0}"
HarvardX,0,aligned,0,3448,MCCE,native,MCCE_native,0,out_of_bounds:nevents,0.0,0.04064035415649414,0.4503831989648651,2.0,"{""nevents"": 92.0, ""ndays_act"": 29.0, ""nchapters"": 9.0}"
HarvardX,0,aligned,0,3448,MCCE,bounded,MCCE_bounded,1,OK,0.0,0.04064035415649414,1.1924952722205633,3.0,"{""nevents"": 217.0, ""ndays_act"": 47.0, ""nchapters"": 10.0}"
HarvardX,0,aligned,0,3448,MCCE,bounded+edit,MCCE_bounded+edit,1,OK,0.0,0.04064035415649414,1.1924952722205633,3.0,"{""nevents"": 217.0, ""ndays_act"": 47.0, ""nchapters"": 10.0}"
HarvardX,0,aligned,0,3471,NICE,native,NICE_native,0,out_of_bounds:nevents,0.0,0.0047910213470458984,0.2837742830712303,2.0,"{""nevents"": 52.0, ""ndays_act"": 19.0, ""nchapters"": 8.0}"
HarvardX,0,aligned,0,3471,NICE,bounded,NICE_bounded,0,classifier_target_not_met,0.0,0.0047910213470458984,0.10638297872340426,1.0,"{""nevents"": 154.0, ""ndays_act"": 19.0, ""nchapters"": 8.0}"
HarvardX,0,aligned,0,3471,NICE,bounded+edit,NICE_bounded+edit,0,classifier_target_not_met,0.0,0.0047910213470458984,0.10638297872340426,1.0,"{""nevents"": 154.0, ""ndays_act"": 19.0, ""nchapters"": 8.0}"
HarvardX,0,aligned,0,3471,MCCE,native,MCCE_native,0,out_of_bounds:nevents,0.0,0.04267621040344238,1.1756521739130434,2.0,"{""nevents"": 53.0, ""ndays_act"": 14.0, ""nchapters"": 12.0}"
HarvardX,0,aligned,0,3471,MCCE,bounded,MCCE_bounded,1,OK,0.0,0.04267621040344238,1.2340425531914894,2.0,"{""nevents"": 154.0, ""ndays_act"": 25.0, ""nchapters"": 12.0}"
HarvardX,0,aligned,0,3471,MCCE,bounded+edit,MCCE_bounded+edit,1,OK,0.0,0.04267621040344238,1.2340425531914894,2.0,"{""nevents"": 154.0, ""ndays_act"": 25.0, ""nchapters"": 12.0}"
HarvardX,0,aligned,0,3549,NICE,native,NICE_native,1,OK,0.0,0.0046122074127197266,0.10689655172413794,2.0,"{""nevents"": 9.0, ""ndays_act"": 7.0, ""nchapters"": 12.0}"
HarvardX,0,aligned,0,3549,NICE,bounded,NICE_bounded,1,OK,0.0,0.0046122074127197266,0.10689655172413794,2.0,"{""nevents"": 9.0, ""ndays_act"": 7.0, ""nchapters"": 12.0}"
HarvardX,0,aligned,0,3549,NICE,bounded+edit,NICE_bounded+edit,1,OK,0.0,0.0046122074127197266,0.10689655172413794,2.0,"{""nevents"": 9.0, ""ndays_act"": 7.0, ""nchapters"": 12.0}"
HarvardX,0,aligned,0,3549,MCCE,native,MCCE_native,1,OK,0.0,0.026179075241088867,0.10689655172413794,2.0,"{""nevents"": 9.0, ""ndays_act"": 7.0, ""nchapters"": 12.0}"
HarvardX,0,aligned,0,3549,MCCE,bounded,MCCE_bounded,1,OK,0.0,0.026179075241088867,0.10689655172413794,2.0,"{""nevents"": 9.0, ""ndays_act"": 7.0, ""nchapters"": 12.0}"
HarvardX,0,aligned,0,3549,MCCE,bounded+edit,MCCE_bounded+edit,1,OK,0.0,0.026179075241088867,0.10689655172413794,2.0,"{""nevents"": 9.0, ""ndays_act"": 7.0, ""nchapters"": 12.0}"
HarvardX,0,aligned,0,3550,NICE,native,NICE_native,1,OK,0.0,0.004670381546020508,0.3828059996851739,2.0,"{""nevents"": 52.0, ""ndays_act"": 19.0, ""nchapters"": 8.0}"
HarvardX,0,aligned,0,3550,NICE,bounded,NICE_bounded,1,OK,0.0,0.004670381546020508,0.3828059996851739,2.0,"{""nevents"": 52.0, ""ndays_act"": 19.0, ""nchapters"": 8.0}"
HarvardX,0,aligned,0,3550,NICE,bounded+edit,NICE_bounded+edit,1,OK,0.0,0.004670381546020508,0.3828059996851739,2.0,"{""nevents"": 52.0, ""ndays_act"": 19.0, ""nchapters"": 8.0}"
HarvardX,0,aligned,0,3550,MCCE,native,MCCE_native,1,OK,0.0,0.04137253761291504,0.8516101104139963,3.0,"{""nevents"": 92.0, ""ndays_act"": 29.0, ""nchapters"": 9.0}"
HarvardX,0,aligned,0,3550,MCCE,bounded,MCCE_bounded,1,OK,0.0,0.04137253761291504,0.8516101104139963,3.0,"{""nevents"": 92.0, ""ndays_act"": 29.0, ""nchapters"": 9.0}"
HarvardX,0,aligned,0,3550,MCCE,bounded+edit,MCCE_bounded+edit,1,OK,0.0,0.04137253761291504,0.8516101104139963,3.0,"{""nevents"": 92.0, ""ndays_act"": 29.0, ""nchapters"": 9.0}"
HarvardX,0,aligned,0,3589,NICE,native,NICE_native,1,OK,0.0,0.003619670867919922,0.2222222222222222,1.0,"{""nevents"": 50.0, ""ndays_act"": 19.0, ""nchapters"": 8.0}"
HarvardX,0,aligned,0,3589,NICE,bounded,NICE_bounded,1,OK,0.0,0.003619670867919922,0.2222222222222222,1.0,"{""nevents"": 50.0, ""ndays_act"": 19.0, ""nchapters"": 8.0}"
HarvardX,0,aligned,0,3589,NICE,bounded+edit,NICE_bounded+edit,1,OK,0.0,0.003619670867919922,0.2222222222222222,1.0,"{""nevents"": 50.0, ""ndays_act"": 19.0, ""nchapters"": 8.0}"
HarvardX,0,aligned,0,3589,MCCE,native,MCCE_native,1,OK,0.0,0.04337716102600098,0.7192630775105002,3.0,"{""nevents"": 92.0, ""ndays_act"": 29.0, ""nchapters"": 9.0}"
HarvardX,0,aligned,0,3589,MCCE,bounded,MCCE_bounded,1,OK,0.0,0.04337716102600098,0.7192630775105002,3.0,"{""nevents"": 92.0, ""ndays_act"": 29.0, ""nchapters"": 9.0}"
HarvardX,0,aligned,0,3589,MCCE,bounded+edit,MCCE_bounded+edit,1,OK,0.0,0.04337716102600098,0.7192630775105002,3.0,"{""nevents"": 92.0, ""ndays_act"": 29.0, ""nchapters"": 9.0}"
HarvardX,0,aligned,0,3629,NICE,native,NICE_native,1,OK,0.0,0.00531005859375,0.39065934065934066,2.0,"{""nevents"": 67.0, ""ndays_act"": 19.0, ""nchapters"": 9.0}"
HarvardX,0,aligned,0,3629,NICE,bounded,NICE_bounded,1,OK,0.0,0.00531005859375,0.39065934065934066,2.0,"{""nevents"": 67.0, ""ndays_act"": 19.0, ""nchapters"": 9.0}"
HarvardX,0,aligned,0,3629,NICE,bounded+edit,NICE_bounded+edit,1,OK,0.0,0.00531005859375,0.39065934065934066,2.0,"{""nevents"": 67.0, ""ndays_act"": 19.0, ""nchapters"": 9.0}"
HarvardX,0,aligned,0,3629,MCCE,native,MCCE_native,1,OK,0.0,0.040982723236083984,0.5916666666666667,2.0,"{""nevents"": 92.0, ""ndays_act"": 29.0, ""nchapters"": 9.0}"
HarvardX,0,aligned,0,3629,MCCE,bounded,MCCE_bounded,1,OK,0.0,0.040982723236083984,0.5916666666666667,2.0,"{""nevents"": 92.0, ""ndays_act"": 29.0, ""nchapters"": 9.0}"
HarvardX,0,aligned,0,3629,MCCE,bounded+edit,MCCE_bounded+edit,1,OK,0.0,0.040982723236083984,0.5916666666666667,2.0,"{""nevents"": 92.0, ""ndays_act"": 29.0, ""nchapters"": 9.0}"
HarvardX,0,aligned,0,3642,NICE,native,NICE_native,0,out_of_bounds:nevents,0.0,0.0035626888275146484,0.3590733590733591,1.0,"{""nevents"": 25.0, ""ndays_act"": 11.0, ""nchapters"": 12.0}"
HarvardX,0,aligned,0,3642,NICE,bounded,NICE_bounded,0,classifier_target_not_met,0.0,0.0035626888275146484,0.0,0.0,"{""nevents"": 211.0, ""ndays_act"": 11.0, ""nchapters"": 12.0}"
HarvardX,0,aligned,0,3642,NICE,bounded+edit,NICE_bounded+edit,0,classifier_target_not_met,0.0,0.0035626888275146484,0.0,0.0,"{""nevents"": 211.0, ""ndays_act"": 11.0, ""nchapters"": 12.0}"
HarvardX,0,aligned,0,3642,MCCE,native,MCCE_native,0,out_of_bounds:nevents,0.0,0.026004552841186523,0.3590733590733591,1.0,"{""nevents"": 25.0, ""ndays_act"": 11.0, ""nchapters"": 12.0}"
HarvardX,0,aligned,0,3642,MCCE,bounded,MCCE_bounded,1,OK,0.0,0.026004552841186523,0.28895752895752896,2.0,"{""nevents"": 226.0, ""ndays_act"": 24.0, ""nchapters"": 12.0}"
HarvardX,0,aligned,0,3642,MCCE,bounded+edit,MCCE_bounded+edit,1,OK,0.0,0.026004552841186523,0.28895752895752896,2.0,"{""nevents"": 226.0, ""ndays_act"": 24.0, ""nchapters"": 12.0}"
HarvardX,0,aligned,0,3649,NICE,native,NICE_native,1,OK,0.0,0.004933834075927734,0.12709977737300143,2.0,"{""nevents"": 9.0, ""ndays_act"": 7.0, ""nchapters"": 12.0}"
HarvardX,0,aligned,0,3649,NICE,bounded,NICE_bounded,1,OK,0.0,0.004933834075927734,0.12709977737300143,2.0,"{""nevents"": 9.0, ""ndays_act"": 7.0, ""nchapters"": 12.0}"
HarvardX,0,aligned,0,3649,NICE,bounded+edit,NICE_bounded+edit,1,OK,0.0,0.004933834075927734,0.12709977737300143,2.0,"{""nevents"": 9.0, ""ndays_act"": 7.0, ""nchapters"": 12.0}"
HarvardX,0,aligned,0,3649,MCCE,native,MCCE_native,1,OK,0.0,0.026849746704101562,0.12709977737300143,2.0,"{""nevents"": 9.0, ""ndays_act"": 7.0, ""nchapters"": 12.0}"
HarvardX,0,aligned,0,3649,MCCE,bounded,MCCE_bounded,1,OK,0.0,0.026849746704101562,0.12709977737300143,2.0,"{""nevents"": 9.0, ""ndays_act"": 7.0, ""nchapters"": 12.0}"
HarvardX,0,aligned,0,3649,MCCE,bounded+edit,MCCE_bounded+edit,1,OK,0.0,0.026849746704101562,0.12709977737300143,2.0,"{""nevents"": 9.0, ""ndays_act"": 7.0, ""nchapters"": 12.0}"
HarvardX,0,aligned,0,3700,NICE,native,NICE_native,0,out_of_bounds:nevents,0.0,0.008041858673095703,0.09456343452112106,2.0,"{""nevents"": 9.0, ""ndays_act"": 7.0, ""nchapters"": 12.0}"
HarvardX,0,aligned,0,3700,NICE,bounded,NICE_bounded,0,classifier_target_not_met,0.0,0.008041858673095703,0.0847457627118644,1.0,"{""nevents"": 16.0, ""ndays_act"": 7.0, ""nchapters"": 12.0}"
HarvardX,0,aligned,0,3700,NICE,bounded+edit,NICE_bounded+edit,0,classifier_target_not_met,0.0,0.008041858673095703,0.0847457627118644,1.0,"{""nevents"": 16.0, ""ndays_act"": 7.0, ""nchapters"": 12.0}"
HarvardX,0,aligned,0,3700,MCCE,native,MCCE_native,0,out_of_bounds:nevents,0.0,0.05610394477844238,0.09456343452112106,2.0,"{""nevents"": 9.0, ""ndays_act"": 7.0, ""nchapters"": 12.0}"
HarvardX,0,aligned,0,3700,MCCE,bounded,MCCE_bounded,1,OK,0.0,0.05610394477844238,0.16516509377897165,2.0,"{""nevents"": 25.0, ""ndays_act"": 11.0, ""nchapters"": 12.0}"
HarvardX,0,aligned,0,3700,MCCE,bounded+edit,MCCE_bounded+edit,1,OK,0.0,0.05610394477844238,0.16516509377897165,2.0,"{""nevents"": 25.0, ""ndays_act"": 11.0, ""nchapters"": 12.0}"
HarvardX,0,aligned,0,3705,NICE,native,NICE_native,0,out_of_bounds:nevents,0.0,0.007889270782470703,0.3440190891171283,2.0,"{""nevents"": 67.0, ""ndays_act"": 19.0, ""nchapters"": 9.0}"
HarvardX,0,aligned,0,3705,NICE,bounded,NICE_bounded,0,classifier_target_not_met,0.0,0.007889270782470703,0.17647058823529413,1.0,"{""nevents"": 162.0, ""ndays_act"": 19.0, ""nchapters"": 9.0}"
HarvardX,0,aligned,0,3705,NICE,bounded+edit,NICE_bounded+edit,0,classifier_target_not_met,0.0,0.007889270782470703,0.17647058823529413,1.0,"{""nevents"": 162.0, ""ndays_act"": 19.0, ""nchapters"": 9.0}"
HarvardX,0,aligned,0,3705,MCCE,native,MCCE_native,0,out_of_bounds:nevents,0.0,0.05140328407287598,0.49600580973129993,2.0,"{""nevents"": 92.0, ""ndays_act"": 29.0, ""nchapters"": 9.0}"
HarvardX,0,aligned,0,3705,MCCE,bounded,MCCE_bounded,1,OK,0.0,0.05140328407287598,1.1558252930801949,3.0,"{""nevents"": 217.0, ""ndays_act"": 47.0, ""nchapters"": 10.0}"
HarvardX,0,aligned,0,3705,MCCE,bounded+edit,MCCE_bounded+edit,1,OK,0.0,0.05140328407287598,1.1558252930801949,3.0,"{""nevents"": 217.0, ""ndays_act"": 47.0, ""nchapters"": 10.0}"
HarvardX,0,aligned,0,3748,NICE,native,NICE_native,0,out_of_bounds:nevents,0.0,0.004655599594116211,0.2567026194144838,2.0,"{""nevents"": 9.0, ""ndays_act"": 8.0, ""nchapters"": 10.0}"
HarvardX,0,aligned,0,3748,NICE,bounded,NICE_bounded,0,classifier_target_not_met,0.0,0.004655599594116211,0.03636363636363636,1.0,"{""nevents"": 139.0, ""ndays_act"": 8.0, ""nchapters"": 10.0}"
HarvardX,0,aligned,0,3748,NICE,bounded+edit,NICE_bounded+edit,0,classifier_target_not_met,0.0,0.004655599594116211,0.03636363636363636,1.0,"{""nevents"": 139.0, ""ndays_act"": 8.0, ""nchapters"": 10.0}"
HarvardX,0,aligned,0,3748,MCCE,native,MCCE_native,0,out_of_bounds:nevents,0.0,0.040309906005859375,0.36517719568567025,2.0,"{""nevents"": 63.0, ""ndays_act"": 19.0, ""nchapters"": 10.0}"
HarvardX,0,aligned,0,3748,MCCE,bounded,MCCE_bounded,1,OK,0.0,0.040309906005859375,0.877657935285054,2.0,"{""nevents"": 217.0, ""ndays_act"": 47.0, ""nchapters"": 10.0}"
HarvardX,0,aligned,0,3748,MCCE,bounded+edit,MCCE_bounded+edit,1,OK,0.0,0.040309906005859375,0.877657935285054,2.0,"{""nevents"": 217.0, ""ndays_act"": 47.0, ""nchapters"": 10.0}"
HarvardX,0,aligned,0,3756,NICE,native,NICE_native,0,out_of_bounds:nevents,0.0,0.005106687545776367,0.14779635258358662,2.0,"{""nevents"": 9.0, ""ndays_act"": 8.0, ""nchapters"": 10.0}"
HarvardX,0,aligned,0,3756,NICE,bounded,NICE_bounded,0,classifier_target_not_met,0.0,0.005106687545776367,0.05357142857142857,1.0,"{""nevents"": 71.0, ""ndays_act"": 8.0, ""nchapters"": 10.0}"
HarvardX,0,aligned,0,3756,NICE,bounded+edit,NICE_bounded+edit,0,classifier_target_not_met,0.0,0.005106687545776367,0.05357142857142857,1.0,"{""nevents"": 71.0, ""ndays_act"": 8.0, ""nchapters"": 10.0}"
HarvardX,0,aligned,0,3756,MCCE,native,MCCE_native,0,out_of_bounds:nevents,0.0,0.040509700775146484,0.2621580547112462,2.0,"{""nevents"": 63.0, ""ndays_act"": 19.0, ""nchapters"": 10.0}"
HarvardX,0,aligned,0,3756,MCCE,bounded,MCCE_bounded,1,OK,0.0,0.040509700775146484,0.3594224924012158,2.0,"{""nevents"": 96.0, ""ndays_act"": 23.0, ""nchapters"": 10.0}"
HarvardX,0,aligned,0,3756,MCCE,bounded+edit,MCCE_bounded+edit,1,OK,0.0,0.040509700775146484,0.3594224924012158,2.0,"{""nevents"": 96.0, ""ndays_act"": 23.0, ""nchapters"": 10.0}"
HarvardX,0,aligned,0,3809,NICE,native,NICE_native,0,out_of_bounds:nevents,0.0,0.003551959991455078,0.02923076923076923,1.0,"{""nevents"": 60.0, ""ndays_act"": 15.0, ""nchapters"": 11.0}"
HarvardX,0,aligned,0,3809,NICE,bounded,NICE_bounded,0,classifier_target_not_met,0.0,0.003551959991455078,0.0,0.0,"{""nevents"": 79.0, ""ndays_act"": 15.0, ""nchapters"": 11.0}"
HarvardX,0,aligned,0,3809,NICE,bounded+edit,NICE_bounded+edit,0,classifier_target_not_met,0.0,0.003551959991455078,0.0,0.0,"{""nevents"": 79.0, ""ndays_act"": 15.0, ""nchapters"": 11.0}"
HarvardX,0,aligned,0,3809,MCCE,native,MCCE_native,0,out_of_bounds:nevents,0.0,0.03999900817871094,0.22969899665551838,2.0,"{""nevents"": 71.0, ""ndays_act"": 25.0, ""nchapters"": 11.0}"
HarvardX,0,aligned,0,3809,MCCE,bounded,MCCE_bounded,1,OK,0.0,0.03999900817871094,1.065217391304348,2.0,"{""nevents"": 79.0, ""ndays_act"": 18.0, ""nchapters"": 12.0}"
HarvardX,0,aligned,0,3809,MCCE,bounded+edit,MCCE_bounded+edit,1,OK,0.0,0.03999900817871094,1.065217391304348,2.0,"{""nevents"": 79.0, ""ndays_act"": 18.0, ""nchapters"": 12.0}"
HarvardX,0,aligned,0,3818,NICE,native,NICE_native,0,out_of_bounds:nevents,0.0,0.0034792423248291016,0.04918032786885246,1.0,"{""nevents"": 25.0, ""ndays_act"": 11.0, ""nchapters"": 12.0}"
HarvardX,0,aligned,0,3818,NICE,bounded,NICE_bounded,0,classifier_target_not_met,0.0,0.0034792423248291016,0.0,0.0,"{""nevents"": 58.0, ""ndays_act"": 11.0, ""nchapters"": 12.0}"
HarvardX,0,aligned,0,3818,NICE,bounded+edit,NICE_bounded+edit,0,classifier_target_not_met,0.0,0.0034792423248291016,0.0,0.0,"{""nevents"": 58.0, ""ndays_act"": 11.0, ""nchapters"": 12.0}"
HarvardX,0,aligned,0,3818,MCCE,native,MCCE_native,0,out_of_bounds:nevents,0.0,0.02639150619506836,0.04918032786885246,1.0,"{""nevents"": 25.0, ""ndays_act"": 11.0, ""nchapters"": 12.0}"
HarvardX,0,aligned,0,3818,MCCE,bounded,MCCE_bounded,1,OK,0.0,0.02639150619506836,0.09341281669150522,2.0,"{""nevents"": 67.0, ""ndays_act"": 15.0, ""nchapters"": 12.0}"
HarvardX,0,aligned,0,3818,MCCE,bounded+edit,MCCE_bounded+edit,1,OK,0.0,0.02639150619506836,0.09341281669150522,2.0,"{""nevents"": 67.0, ""ndays_act"": 15.0, ""nchapters"": 12.0}"
HarvardX,0,aligned,0,3835,NICE,native,NICE_native,1,OK,0.0,0.0035123825073242188,0.27586206896551724,1.0,"{""nevents"": 12.0, ""ndays_act"": 19.0, ""nchapters"": 9.0}"
HarvardX,0,aligned,0,3835,NICE,bounded,NICE_bounded,1,OK,0.0,0.0035123825073242188,0.27586206896551724,1.0,"{""nevents"": 12.0, ""ndays_act"": 19.0, ""nchapters"": 9.0}"
HarvardX,0,aligned,0,3835,NICE,bounded+edit,NICE_bounded+edit,1,OK,0.0,0.0035123825073242188,0.27586206896551724,1.0,"{""nevents"": 12.0, ""ndays_act"": 19.0, ""nchapters"": 9.0}"
HarvardX,0,aligned,0,3835,MCCE,native,MCCE_native,1,OK,0.0,0.039261817932128906,0.5598518732265666,2.0,"{""nevents"": 92.0, ""ndays_act"": 29.0, ""nchapters"": 9.0}"
HarvardX,0,aligned,0,3835,MCCE,bounded,MCCE_bounded,1,OK,0.0,0.039261817932128906,0.5598518732265666,2.0,"{""nevents"": 92.0, ""ndays_act"": 29.0, ""nchapters"": 9.0}"
HarvardX,0,aligned,0,3835,MCCE,bounded+edit,MCCE_bounded+edit,1,OK,0.0,0.039261817932128906,0.5598518732265666,2.0,"{""nevents"": 92.0, ""ndays_act"": 29.0, ""nchapters"": 9.0}"
HarvardX,0,aligned,0,3848,NICE,native,NICE_native,1,OK,0.0,0.004822731018066406,0.5449321994943691,2.0,"{""nevents"": 103.0, ""ndays_act"": 30.0, ""nchapters"": 6.0}"
HarvardX,0,aligned,0,3848,NICE,bounded,NICE_bounded,1,OK,0.0,0.004822731018066406,0.5449321994943691,2.0,"{""nevents"": 103.0, ""ndays_act"": 30.0, ""nchapters"": 6.0}"
HarvardX,0,aligned,0,3848,NICE,bounded+edit,NICE_bounded+edit,1,OK,0.0,0.004822731018066406,0.5449321994943691,2.0,"{""nevents"": 103.0, ""ndays_act"": 30.0, ""nchapters"": 6.0}"
HarvardX,0,aligned,0,3848,MCCE,native,MCCE_native,1,OK,0.0,0.040961265563964844,1.0113766950126406,3.0,"{""nevents"": 92.0, ""ndays_act"": 29.0, ""nchapters"": 9.0}"
HarvardX,0,aligned,0,3848,MCCE,bounded,MCCE_bounded,1,OK,0.0,0.040961265563964844,1.0113766950126406,3.0,"{""nevents"": 92.0, ""ndays_act"": 29.0, ""nchapters"": 9.0}"
HarvardX,0,aligned,0,3848,MCCE,bounded+edit,MCCE_bounded+edit,1,OK,0.0,0.040961265563964844,1.0113766950126406,3.0,"{""nevents"": 92.0, ""ndays_act"": 29.0, ""nchapters"": 9.0}"
HarvardX,0,aligned,0,3889,NICE,native,NICE_native,1,OK,0.0,0.004778861999511719,0.5936509461146864,2.0,"{""nevents"": 103.0, ""ndays_act"": 30.0, ""nchapters"": 6.0}"
HarvardX,0,aligned,0,3889,NICE,bounded,NICE_bounded,1,OK,0.0,0.004778861999511719,0.5936509461146864,2.0,"{""nevents"": 103.0, ""ndays_act"": 30.0, ""nchapters"": 6.0}"
HarvardX,0,aligned,0,3889,NICE,bounded+edit,NICE_bounded+edit,1,OK,0.0,0.004778861999511719,0.5936509461146864,2.0,"{""nevents"": 103.0, ""ndays_act"": 30.0, ""nchapters"": 6.0}"
HarvardX,0,aligned,0,3889,MCCE,native,MCCE_native,1,OK,0.0,0.04049539566040039,1.061089232542503,3.0,"{""nevents"": 92.0, ""ndays_act"": 29.0, ""nchapters"": 9.0}"
HarvardX,0,aligned,0,3889,MCCE,bounded,MCCE_bounded,1,OK,0.0,0.04049539566040039,1.061089232542503,3.0,"{""nevents"": 92.0, ""ndays_act"": 29.0, ""nchapters"": 9.0}"
HarvardX,0,aligned,0,3889,MCCE,bounded+edit,MCCE_bounded+edit,1,OK,0.0,0.04049539566040039,1.061089232542503,3.0,"{""nevents"": 92.0, ""ndays_act"": 29.0, ""nchapters"": 9.0}"
HarvardX,0,aligned,0,3895,NICE,native,NICE_native,1,OK,0.0,0.004876852035522461,0.14349321999595224,2.0,"{""nevents"": 9.0, ""ndays_act"": 8.0, ""nchapters"": 10.0}"
HarvardX,0,aligned,0,3895,NICE,bounded,NICE_bounded,1,OK,0.0,0.004876852035522461,0.14349321999595224,2.0,"{""nevents"": 9.0, ""ndays_act"": 8.0, ""nchapters"": 10.0}"
HarvardX,0,aligned,0,3895,NICE,bounded+edit,NICE_bounded+edit,1,OK,0.0,0.004876852035522461,0.14349321999595224,2.0,"{""nevents"": 9.0, ""ndays_act"": 8.0, ""nchapters"": 10.0}"
HarvardX,0,aligned,0,3895,MCCE,native,MCCE_native,1,OK,0.0,0.04101729393005371,0.39789516292248533,2.0,"{""nevents"": 63.0, ""ndays_act"": 19.0, ""nchapters"": 10.0}"
HarvardX,0,aligned,0,3895,MCCE,bounded,MCCE_bounded,1,OK,0.0,0.04101729393005371,0.39789516292248533,2.0,"{""nevents"": 63.0, ""ndays_act"": 19.0, ""nchapters"": 10.0}"
HarvardX,0,aligned,0,3895,MCCE,bounded+edit,MCCE_bounded+edit,1,OK,0.0,0.04101729393005371,0.39789516292248533,2.0,"{""nevents"": 63.0, ""ndays_act"": 19.0, ""nchapters"": 10.0}"
HarvardX,0,aligned,0,3928,NICE,native,NICE_native,0,out_of_bounds:nevents,0.0,0.004706382751464844,0.43405155829165065,2.0,"{""nevents"": 103.0, ""ndays_act"": 30.0, ""nchapters"": 6.0}"
HarvardX,0,aligned,0,3928,NICE,bounded,NICE_bounded,0,classifier_target_not_met,0.0,0.004706382751464844,0.32608695652173914,1.0,"{""nevents"": 164.0, ""ndays_act"": 30.0, ""nchapters"": 6.0}"
HarvardX,0,aligned,0,3928,NICE,bounded+edit,NICE_bounded+edit,0,classifier_target_not_met,0.0,0.004706382751464844,0.32608695652173914,1.0,"{""nevents"": 164.0, ""ndays_act"": 30.0, ""nchapters"": 6.0}"
HarvardX,0,aligned,0,3928,MCCE,native,MCCE_native,0,out_of_bounds:nevents,0.0,0.04000449180603027,1.2212389380530975,2.0,"{""nevents"": 39.0, ""ndays_act"": 15.0, ""nchapters"": 12.0}"
HarvardX,0,aligned,0,3928,MCCE,bounded,MCCE_bounded,1,OK,0.0,0.04000449180603027,1.4561241503142233,3.0,"{""nevents"": 217.0, ""ndays_act"": 47.0, ""nchapters"": 10.0}"
HarvardX,0,aligned,0,3928,MCCE,bounded+edit,MCCE_bounded+edit,1,OK,0.0,0.04000449180603027,1.4561241503142233,3.0,"{""nevents"": 217.0, ""ndays_act"": 47.0, ""nchapters"": 10.0}"
HarvardX,0,aligned,0,3936,NICE,native,NICE_native,0,out_of_bounds:nevents,0.0,0.0048618316650390625,0.21804511278195488,2.0,"{""nevents"": 24.0, ""ndays_act"": 13.0, ""nchapters"": 11.0}"
HarvardX,0,aligned,0,3936,NICE,bounded,NICE_bounded,0,classifier_target_not_met,0.0,0.0048618316650390625,0.15789473684210525,1.0,"{""nevents"": 64.0, ""ndays_act"": 13.0, ""nchapters"": 11.0}"
HarvardX,0,aligned,0,3936,NICE,bounded+edit,NICE_bounded+edit,0,classifier_target_not_met,0.0,0.0048618316650390625,0.15789473684210525,1.0,"{""nevents"": 64.0, ""ndays_act"": 13.0, ""nchapters"": 11.0}"
HarvardX,0,aligned,0,3936,MCCE,native,MCCE_native,1,OK,0.0,0.10784554481506348,0.3789473684210526,2.0,"{""nevents"": 71.0, ""ndays_act"": 25.0, ""nchapters"": 11.0}"
HarvardX,0,aligned,0,3936,MCCE,bounded,MCCE_bounded,1,OK,0.0,0.10784554481506348,0.3789473684210526,2.0,"{""nevents"": 71.0, ""ndays_act"": 25.0, ""nchapters"": 11.0}"
HarvardX,0,aligned,0,3936,MCCE,bounded+edit,MCCE_bounded+edit,1,OK,0.0,0.10784554481506348,0.3789473684210526,2.0,"{""nevents"": 71.0, ""ndays_act"": 25.0, ""nchapters"": 11.0}"
HarvardX,0,aligned,0,3960,NICE,native,NICE_native,0,out_of_bounds:nevents,0.0,0.00576329231262207,0.22314814814814815,2.0,"{""nevents"": 66.0, ""ndays_act"": 21.0, ""nchapters"": 7.0}"
HarvardX,0,aligned,0,3960,NICE,bounded,NICE_bounded,0,classifier_target_not_met,0.0,0.00576329231262207,0.2,1.0,"{""nevents"": 81.0, ""ndays_act"": 21.0, ""nchapters"": 7.0}"
HarvardX,0,aligned,0,3960,NICE,bounded+edit,NICE_bounded+edit,0,classifier_target_not_met,0.0,0.00576329231262207,0.2,1.0,"{""nevents"": 81.0, ""ndays_act"": 21.0, ""nchapters"": 7.0}"
HarvardX,0,aligned,0,3960,MCCE,native,MCCE_native,0,out_of_bounds:nevents,0.0,0.03993082046508789,1.0864197530864197,2.0,"{""nevents"": 25.0, ""ndays_act"": 11.0, ""nchapters"": 12.0}"
HarvardX,0,aligned,0,3960,MCCE,bounded,MCCE_bounded,1,OK,0.0,0.03993082046508789,1.34,2.0,"{""nevents"": 81.0, ""ndays_act"": 28.0, ""nchapters"": 12.0}"
HarvardX,0,aligned,0,3960,MCCE,bounded+edit,MCCE_bounded+edit,1,OK,0.0,0.03993082046508789,1.34,2.0,"{""nevents"": 81.0, ""ndays_act"": 28.0, ""nchapters"": 12.0}"
HarvardX,0,aligned,0,4037,NICE,native,NICE_native,1,OK,0.0,0.004558086395263672,0.3828059996851739,2.0,"{""nevents"": 52.0, ""ndays_act"": 19.0, ""nchapters"": 8.0}"
HarvardX,0,aligned,0,4037,NICE,bounded,NICE_bounded,1,OK,0.0,0.004558086395263672,0.3828059996851739,2.0,"{""nevents"": 52.0, ""ndays_act"": 19.0, ""nchapters"": 8.0}"
HarvardX,0,aligned,0,4037,NICE,bounded+edit,NICE_bounded+edit,1,OK,0.0,0.004558086395263672,0.3828059996851739,2.0,"{""nevents"": 52.0, ""ndays_act"": 19.0, ""nchapters"": 8.0}"
HarvardX,0,aligned,0,4037,MCCE,native,MCCE_native,1,OK,0.0,0.03931474685668945,0.8516101104139963,3.0,"{""nevents"": 92.0, ""ndays_act"": 29.0, ""nchapters"": 9.0}"
HarvardX,0,aligned,0,4037,MCCE,bounded,MCCE_bounded,1,OK,0.0,0.03931474685668945,0.8516101104139963,3.0,"{""nevents"": 92.0, ""ndays_act"": 29.0, ""nchapters"": 9.0}"
HarvardX,0,aligned,0,4037,MCCE,bounded+edit,MCCE_bounded+edit,1,OK,0.0,0.03931474685668945,0.8516101104139963,3.0,"{""nevents"": 92.0, ""ndays_act"": 29.0, ""nchapters"": 9.0}"
HarvardX,0,aligned,0,4051,NICE,native,NICE_native,0,out_of_bounds:nevents,0.0,0.004568338394165039,0.16776155717761557,2.0,"{""nevents"": 9.0, ""ndays_act"": 8.0, ""nchapters"": 10.0}"
HarvardX,0,aligned,0,4051,NICE,bounded,NICE_bounded,0,classifier_target_not_met,0.0,0.004568338394165039,0.11666666666666667,1.0,"{""nevents"": 44.0, ""ndays_act"": 8.0, ""nchapters"": 10.0}"
HarvardX,0,aligned,0,4051,NICE,bounded+edit,NICE_bounded+edit,0,classifier_target_not_met,0.0,0.004568338394165039,0.11666666666666667,1.0,"{""nevents"": 44.0, ""ndays_act"": 8.0, ""nchapters"": 10.0}"
HarvardX,0,aligned,0,4051,MCCE,native,MCCE_native,1,OK,0.0,0.039452314376831055,0.32773722627737223,2.0,"{""nevents"": 63.0, ""ndays_act"": 19.0, ""nchapters"": 10.0}"
HarvardX,0,aligned,0,4051,MCCE,bounded,MCCE_bounded,1,OK,0.0,0.039452314376831055,0.32773722627737223,2.0,"{""nevents"": 63.0, ""ndays_act"": 19.0, ""nchapters"": 10.0}"
HarvardX,0,aligned,0,4051,MCCE,bounded+edit,MCCE_bounded+edit,1,OK,0.0,0.039452314376831055,0.32773722627737223,2.0,"{""nevents"": 63.0, ""ndays_act"": 19.0, ""nchapters"": 10.0}"
HarvardX,0,aligned,0,4146,NICE,native,NICE_native,1,OK,0.0,0.004555702209472656,0.40338213137241674,2.0,"{""nevents"": 67.0, ""ndays_act"": 19.0, ""nchapters"": 9.0}"
HarvardX,0,aligned,0,4146,NICE,bounded,NICE_bounded,1,OK,0.0,0.004555702209472656,0.40338213137241674,2.0,"{""nevents"": 67.0, ""ndays_act"": 19.0, ""nchapters"": 9.0}"
HarvardX,0,aligned,0,4146,NICE,bounded+edit,NICE_bounded+edit,1,OK,0.0,0.004555702209472656,0.40338213137241674,2.0,"{""nevents"": 67.0, ""ndays_act"": 19.0, ""nchapters"": 9.0}"
HarvardX,0,aligned,0,4146,MCCE,native,MCCE_native,1,OK,0.0,0.03863120079040527,0.6016101104139963,2.0,"{""nevents"": 92.0, ""ndays_act"": 29.0, ""nchapters"": 9.0}"
HarvardX,0,aligned,0,4146,MCCE,bounded,MCCE_bounded,1,OK,0.0,0.03863120079040527,0.6016101104139963,2.0,"{""nevents"": 92.0, ""ndays_act"": 29.0, ""nchapters"": 9.0}"
HarvardX,0,aligned,0,4146,MCCE,bounded+edit,MCCE_bounded+edit,1,OK,0.0,0.03863120079040527,0.6016101104139963,2.0,"{""nevents"": 92.0, ""ndays_act"": 29.0, ""nchapters"": 9.0}"
HarvardX,0,aligned,0,4175,NICE,native,NICE_native,0,out_of_bounds:nevents,0.0,0.0035021305084228516,0.27476635514018694,1.0,"{""nevents"": 47.0, ""ndays_act"": 17.0, ""nchapters"": 10.0}"
HarvardX,0,aligned,0,4175,NICE,bounded,NICE_bounded,0,classifier_target_not_met,0.0,0.0035021305084228516,0.0,0.0,"{""nevents"": 194.0, ""ndays_act"": 17.0, ""nchapters"": 10.0}"
HarvardX,0,aligned,0,4175,NICE,bounded+edit,NICE_bounded+edit,0,classifier_target_not_met,0.0,0.0035021305084228516,0.0,0.0,"{""nevents"": 194.0, ""ndays_act"": 17.0, ""nchapters"": 10.0}"
HarvardX,0,aligned,0,4175,MCCE,native,MCCE_native,0,out_of_bounds:nevents,0.0,0.039171457290649414,0.2903143585386576,2.0,"{""nevents"": 63.0, ""ndays_act"": 19.0, ""nchapters"": 10.0}"
HarvardX,0,aligned,0,4175,MCCE,bounded,MCCE_bounded,1,OK,0.0,0.039171457290649414,0.7248088360237892,2.0,"{""nevents"": 217.0, ""ndays_act"": 47.0, ""nchapters"": 10.0}"
HarvardX,0,aligned,0,4175,MCCE,bounded+edit,MCCE_bounded+edit,1,OK,0.0,0.039171457290649414,0.7248088360237892,2.0,"{""nevents"": 217.0, ""ndays_act"": 47.0, ""nchapters"": 10.0}"
HarvardX,0,aligned,0,4247,NICE,native,NICE_native,1,OK,0.0,0.004572153091430664,0.4347972745058355,2.0,"{""nevents"": 66.0, ""ndays_act"": 21.0, ""nchapters"": 7.0}"
HarvardX,0,aligned,0,4247,NICE,bounded,NICE_bounded,1,OK,0.0,0.004572153091430664,0.4347972745058355,2.0,"{""nevents"": 66.0, ""ndays_act"": 21.0, ""nchapters"": 7.0}"
HarvardX,0,aligned,0,4247,NICE,bounded+edit,NICE_bounded+edit,1,OK,0.0,0.004572153091430664,0.4347972745058355,2.0,"{""nevents"": 66.0, ""ndays_act"": 21.0, ""nchapters"": 7.0}"
HarvardX,0,aligned,0,4247,MCCE,native,MCCE_native,1,OK,0.0,0.039060354232788086,1.0016101104139963,3.0,"{""nevents"": 92.0, ""ndays_act"": 29.0, ""nchapters"": 9.0}"
HarvardX,0,aligned,0,4247,MCCE,bounded,MCCE_bounded,1,OK,0.0,0.039060354232788086,1.0016101104139963,3.0,"{""nevents"": 92.0, ""ndays_act"": 29.0, ""nchapters"": 9.0}"
HarvardX,0,aligned,0,4247,MCCE,bounded+edit,MCCE_bounded+edit,1,OK,0.0,0.039060354232788086,1.0016101104139963,3.0,"{""nevents"": 92.0, ""ndays_act"": 29.0, ""nchapters"": 9.0}"
HarvardX,0,aligned,0,4271,NICE,native,NICE_native,1,OK,0.0,0.004636287689208984,0.3828059996851739,2.0,"{""nevents"": 52.0, ""ndays_act"": 19.0, ""nchapters"": 8.0}"
HarvardX,0,aligned,0,4271,NICE,bounded,NICE_bounded,1,OK,0.0,0.004636287689208984,0.3828059996851739,2.0,"{""nevents"": 52.0, ""ndays_act"": 19.0, ""nchapters"": 8.0}"
HarvardX,0,aligned,0,4271,NICE,bounded+edit,NICE_bounded+edit,1,OK,0.0,0.004636287689208984,0.3828059996851739,2.0,"{""nevents"": 52.0, ""ndays_act"": 19.0, ""nchapters"": 8.0}"
HarvardX,0,aligned,0,4271,MCCE,native,MCCE_native,1,OK,0.0,0.03898763656616211,0.8516101104139963,3.0,"{""nevents"": 92.0, ""ndays_act"": 29.0, ""nchapters"": 9.0}"
HarvardX,0,aligned,0,4271,MCCE,bounded,MCCE_bounded,1,OK,0.0,0.03898763656616211,0.8516101104139963,3.0,"{""nevents"": 92.0, ""ndays_act"": 29.0, ""nchapters"": 9.0}"
HarvardX,0,aligned,0,4271,MCCE,bounded+edit,MCCE_bounded+edit,1,OK,0.0,0.03898763656616211,0.8516101104139963,3.0,"{""nevents"": 92.0, ""ndays_act"": 29.0, ""nchapters"": 9.0}"
HarvardX,0,aligned,0,4290,NICE,native,NICE_native,1,OK,0.0,0.004907369613647461,0.5866959064327485,2.0,"{""nevents"": 103.0, ""ndays_act"": 30.0, ""nchapters"": 6.0}"
HarvardX,0,aligned,0,4290,NICE,bounded,NICE_bounded,1,OK,0.0,0.004907369613647461,0.5866959064327485,2.0,"{""nevents"": 103.0, ""ndays_act"": 30.0, ""nchapters"": 6.0}"
HarvardX,0,aligned,0,4290,NICE,bounded+edit,NICE_bounded+edit,1,OK,0.0,0.004907369613647461,0.5866959064327485,2.0,"{""nevents"": 103.0, ""ndays_act"": 30.0, ""nchapters"": 6.0}"
HarvardX,0,aligned,0,4290,MCCE,native,MCCE_native,1,OK,0.0,0.039073944091796875,1.0701754385964912,2.0,"{""nevents"": 9.0, ""ndays_act"": 8.0, ""nchapters"": 12.0}"
HarvardX,0,aligned,0,4290,MCCE,bounded,MCCE_bounded,1,OK,0.0,0.039073944091796875,1.0701754385964912,2.0,"{""nevents"": 9.0, ""ndays_act"": 8.0, ""nchapters"": 12.0}"
HarvardX,0,aligned,0,4290,MCCE,bounded+edit,MCCE_bounded+edit,1,OK,0.0,0.039073944091796875,1.0701754385964912,2.0,"{""nevents"": 9.0, ""ndays_act"": 8.0, ""nchapters"": 12.0}"
HarvardX,0,aligned,0,4325,NICE,native,NICE_native,1,OK,0.0,0.0048694610595703125,0.3828059996851739,2.0,"{""nevents"": 52.0, ""ndays_act"": 19.0, ""nchapters"": 8.0}"
HarvardX,0,aligned,0,4325,NICE,bounded,NICE_bounded,1,OK,0.0,0.0048694610595703125,0.3828059996851739,2.0,"{""nevents"": 52.0, ""ndays_act"": 19.0, ""nchapters"": 8.0}"
HarvardX,0,aligned,0,4325,NICE,bounded+edit,NICE_bounded+edit,1,OK,0.0,0.0048694610595703125,0.3828059996851739,2.0,"{""nevents"": 52.0, ""ndays_act"": 19.0, ""nchapters"": 8.0}"
HarvardX,0,aligned,0,4325,MCCE,native,MCCE_native,1,OK,0.0,0.040259361267089844,0.8516101104139963,3.0,"{""nevents"": 92.0, ""ndays_act"": 29.0, ""nchapters"": 9.0}"
HarvardX,0,aligned,0,4325,MCCE,bounded,MCCE_bounded,1,OK,0.0,0.040259361267089844,0.8516101104139963,3.0,"{""nevents"": 92.0, ""ndays_act"": 29.0, ""nchapters"": 9.0}"
HarvardX,0,aligned,0,4325,MCCE,bounded+edit,MCCE_bounded+edit,1,OK,0.0,0.040259361267089844,0.8516101104139963,3.0,"{""nevents"": 92.0, ""ndays_act"": 29.0, ""nchapters"": 9.0}"
HarvardX,0,aligned,0,4326,NICE,native,NICE_native,1,OK,0.0,0.003512859344482422,0.27586206896551724,1.0,"{""nevents"": 9.0, ""ndays_act"": 19.0, ""nchapters"": 9.0}"
HarvardX,0,aligned,0,4326,NICE,bounded,NICE_bounded,1,OK,0.0,0.003512859344482422,0.27586206896551724,1.0,"{""nevents"": 9.0, ""ndays_act"": 19.0, ""nchapters"": 9.0}"
HarvardX,0,aligned,0,4326,NICE,bounded+edit,NICE_bounded+edit,1,OK,0.0,0.003512859344482422,0.27586206896551724,1.0,"{""nevents"": 9.0, ""ndays_act"": 19.0, ""nchapters"": 9.0}"
HarvardX,0,aligned,0,4326,MCCE,native,MCCE_native,1,OK,0.0,0.039777278900146484,0.5635536398467433,2.0,"{""nevents"": 92.0, ""ndays_act"": 29.0, ""nchapters"": 9.0}"
HarvardX,0,aligned,0,4326,MCCE,bounded,MCCE_bounded,1,OK,0.0,0.039777278900146484,0.5635536398467433,2.0,"{""nevents"": 92.0, ""ndays_act"": 29.0, ""nchapters"": 9.0}"
HarvardX,0,aligned,0,4326,MCCE,bounded+edit,MCCE_bounded+edit,1,OK,0.0,0.039777278900146484,0.5635536398467433,2.0,"{""nevents"": 92.0, ""ndays_act"": 29.0, ""nchapters"": 9.0}"
HarvardX,0,aligned,0,4354,NICE,native,NICE_native,1,OK,0.0,0.004645109176635742,0.4347972745058355,2.0,"{""nevents"": 66.0, ""ndays_act"": 21.0, ""nchapters"": 7.0}"
HarvardX,0,aligned,0,4354,NICE,bounded,NICE_bounded,1,OK,0.0,0.004645109176635742,0.4347972745058355,2.0,"{""nevents"": 66.0, ""ndays_act"": 21.0, ""nchapters"": 7.0}"
HarvardX,0,aligned,0,4354,NICE,bounded+edit,NICE_bounded+edit,1,OK,0.0,0.004645109176635742,0.4347972745058355,2.0,"{""nevents"": 66.0, ""ndays_act"": 21.0, ""nchapters"": 7.0}"
HarvardX,0,aligned,0,4354,MCCE,native,MCCE_native,1,OK,0.0,0.04011726379394531,1.0016101104139963,3.0,"{""nevents"": 92.0, ""ndays_act"": 29.0, ""nchapters"": 9.0}"
HarvardX,0,aligned,0,4354,MCCE,bounded,MCCE_bounded,1,OK,0.0,0.04011726379394531,1.0016101104139963,3.0,"{""nevents"": 92.0, ""ndays_act"": 29.0, ""nchapters"": 9.0}"
HarvardX,0,aligned,0,4354,MCCE,bounded+edit,MCCE_bounded+edit,1,OK,0.0,0.04011726379394531,1.0016101104139963,3.0,"{""nevents"": 92.0, ""ndays_act"": 29.0, ""nchapters"": 9.0}"
HarvardX,0,aligned,0,4428,NICE,native,NICE_native,0,out_of_bounds:nevents,0.0,0.004790782928466797,0.4131590468447057,2.0,"{""nevents"": 9.0, ""ndays_act"": 7.0, ""nchapters"": 12.0}"
HarvardX,0,aligned,0,4428,NICE,bounded,NICE_bounded,0,classifier_target_not_met,0.0,0.004790782928466797,0.0847457627118644,1.0,"{""nevents"": 187.0, ""ndays_act"": 7.0, ""nchapters"": 12.0}"
HarvardX,0,aligned,0,4428,NICE,bounded+edit,NICE_bounded+edit,0,classifier_target_not_met,0.0,0.004790782928466797,0.0847457627118644,1.0,"{""nevents"": 187.0, ""ndays_act"": 7.0, ""nchapters"": 12.0}"
HarvardX,0,aligned,0,4428,MCCE,native,MCCE_native,0,out_of_bounds:nevents,0.0,0.02576160430908203,0.4131590468447057,2.0,"{""nevents"": 9.0, ""ndays_act"": 7.0, ""nchapters"": 12.0}"
HarvardX,0,aligned,0,4428,MCCE,bounded,MCCE_bounded,1,OK,0.0,0.02576160430908203,0.3935205453749453,2.0,"{""nevents"": 189.0, ""ndays_act"": 25.0, ""nchapters"": 12.0}"
HarvardX,0,aligned,0,4428,MCCE,bounded+edit,MCCE_bounded+edit,1,OK,0.0,0.02576160430908203,0.3935205453749453,2.0,"{""nevents"": 189.0, ""ndays_act"": 25.0, ""nchapters"": 12.0}"
HarvardX,0,aligned,0,4439,NICE,native,NICE_native,1,OK,0.0,0.004612922668457031,0.3215723592709172,2.0,"{""nevents"": 52.0, ""ndays_act"": 19.0, ""nchapters"": 8.0}"
HarvardX,0,aligned,0,4439,NICE,bounded,NICE_bounded,1,OK,0.0,0.004612922668457031,0.3215723592709172,2.0,"{""nevents"": 52.0, ""ndays_act"": 19.0, ""nchapters"": 8.0}"
HarvardX,0,aligned,0,4439,NICE,bounded+edit,NICE_bounded+edit,1,OK,0.0,0.004612922668457031,0.3215723592709172,2.0,"{""nevents"": 52.0, ""ndays_act"": 19.0, ""nchapters"": 8.0}"
HarvardX,0,aligned,0,4439,MCCE,native,MCCE_native,1,OK,0.0,0.03971719741821289,0.8026437791279311,3.0,"{""nevents"": 92.0, ""ndays_act"": 29.0, ""nchapters"": 9.0}"
HarvardX,0,aligned,0,4439,MCCE,bounded,MCCE_bounded,1,OK,0.0,0.03971719741821289,0.8026437791279311,3.0,"{""nevents"": 92.0, ""ndays_act"": 29.0, ""nchapters"": 9.0}"
HarvardX,0,aligned,0,4439,MCCE,bounded+edit,MCCE_bounded+edit,1,OK,0.0,0.03971719741821289,0.8026437791279311,3.0,"{""nevents"": 92.0, ""ndays_act"": 29.0, ""nchapters"": 9.0}"
HarvardX,0,aligned,0,4452,NICE,native,NICE_native,1,OK,0.0,0.0034983158111572266,0.1864406779661017,1.0,"{""nevents"": 32.0, ""ndays_act"": 13.0, ""nchapters"": 11.0}"
HarvardX,0,aligned,0,4452,NICE,bounded,NICE_bounded,1,OK,0.0,0.0034983158111572266,0.1864406779661017,1.0,"{""nevents"": 32.0, ""ndays_act"": 13.0, ""nchapters"": 11.0}"
HarvardX,0,aligned,0,4452,NICE,bounded+edit,NICE_bounded+edit,1,OK,0.0,0.0034983158111572266,0.1864406779661017,1.0,"{""nevents"": 32.0, ""ndays_act"": 13.0, ""nchapters"": 11.0}"
HarvardX,0,aligned,0,4452,MCCE,native,MCCE_native,1,OK,0.0,0.03954768180847168,0.44578459742723053,2.0,"{""nevents"": 71.0, ""ndays_act"": 25.0, ""nchapters"": 11.0}"
HarvardX,0,aligned,0,4452,MCCE,bounded,MCCE_bounded,1,OK,0.0,0.03954768180847168,0.44578459742723053,2.0,"{""nevents"": 71.0, ""ndays_act"": 25.0, ""nchapters"": 11.0}"
HarvardX,0,aligned,0,4452,MCCE,bounded+edit,MCCE_bounded+edit,1,OK,0.0,0.03954768180847168,0.44578459742723053,2.0,"{""nevents"": 71.0, ""ndays_act"": 25.0, ""nchapters"": 11.0}"
HarvardX,0,aligned,0,4513,NICE,native,NICE_native,0,out_of_bounds:nevents,0.0,0.005028486251831055,0.24603608529250956,2.0,"{""nevents"": 9.0, ""ndays_act"": 7.0, ""nchapters"": 12.0}"
HarvardX,0,aligned,0,4513,NICE,bounded,NICE_bounded,0,classifier_target_not_met,0.0,0.005028486251831055,0.0847457627118644,1.0,"{""nevents"": 109.0, ""ndays_act"": 7.0, ""nchapters"": 12.0}"
HarvardX,0,aligned,0,4513,NICE,bounded+edit,NICE_bounded+edit,0,classifier_target_not_met,0.0,0.005028486251831055,0.0847457627118644,1.0,"{""nevents"": 109.0, ""ndays_act"": 7.0, ""nchapters"": 12.0}"
HarvardX,0,aligned,0,4513,MCCE,native,MCCE_native,0,out_of_bounds:nevents,0.0,0.026798486709594727,0.24603608529250956,2.0,"{""nevents"": 9.0, ""ndays_act"": 7.0, ""nchapters"": 12.0}"
HarvardX,0,aligned,0,4513,MCCE,bounded,MCCE_bounded,1,OK,0.0,0.026798486709594727,0.29297430289775833,2.0,"{""nevents"": 112.0, ""ndays_act"": 19.0, ""nchapters"": 12.0}"
HarvardX,0,aligned,0,4513,MCCE,bounded+edit,MCCE_bounded+edit,1,OK,0.0,0.026798486709594727,0.29297430289775833,2.0,"{""nevents"": 112.0, ""ndays_act"": 19.0, ""nchapters"": 12.0}"
HarvardX,0,aligned,0,4524,NICE,native,NICE_native,0,out_of_bounds:nevents,0.0,0.0046291351318359375,0.26579322869373456,2.0,"{""nevents"": 24.0, ""ndays_act"": 13.0, ""nchapters"": 11.0}"
HarvardX,0,aligned,0,4524,NICE,bounded,NICE_bounded,0,classifier_target_not_met,0.0,0.0046291351318359375,0.07692307692307693,1.0,"{""nevents"": 136.0, ""ndays_act"": 13.0, ""nchapters"": 11.0}"
HarvardX,0,aligned,0,4524,NICE,bounded+edit,NICE_bounded+edit,0,classifier_target_not_met,0.0,0.0046291351318359375,0.07692307692307693,1.0,"{""nevents"": 136.0, ""ndays_act"": 13.0, ""nchapters"": 11.0}"
HarvardX,0,aligned,0,4524,MCCE,native,MCCE_native,0,out_of_bounds:nevents,0.0,0.04097294807434082,0.41730444934492156,2.0,"{""nevents"": 71.0, ""ndays_act"": 25.0, ""nchapters"": 11.0}"
HarvardX,0,aligned,0,4524,MCCE,bounded,MCCE_bounded,1,OK,0.0,0.04097294807434082,0.884485666104553,2.0,"{""nevents"": 364.0, ""ndays_act"": 35.0, ""nchapters"": 11.0}"
HarvardX,0,aligned,0,4524,MCCE,bounded+edit,MCCE_bounded+edit,1,OK,0.0,0.04097294807434082,0.884485666104553,2.0,"{""nevents"": 364.0, ""ndays_act"": 35.0, ""nchapters"": 11.0}"
HarvardX,0,aligned,0,4648,NICE,native,NICE_native,0,out_of_bounds:nevents,0.0,0.004575967788696289,0.2681818181818182,2.0,"{""nevents"": 9.0, ""ndays_act"": 7.0, ""nchapters"": 12.0}"
HarvardX,0,aligned,0,4648,NICE,bounded,NICE_bounded,0,classifier_target_not_met,0.0,0.004575967788696289,0.01818181818181818,1.0,"{""nevents"": 153.0, ""ndays_act"": 7.0, ""nchapters"": 12.0}"
HarvardX,0,aligned,0,4648,NICE,bounded+edit,NICE_bounded+edit,0,classifier_target_not_met,0.0,0.004575967788696289,0.01818181818181818,1.0,"{""nevents"": 153.0, ""ndays_act"": 7.0, ""nchapters"": 12.0}"
HarvardX,0,aligned,0,4648,MCCE,native,MCCE_native,0,out_of_bounds:nevents,0.0,0.02694416046142578,0.2681818181818182,2.0,"{""nevents"": 9.0, ""ndays_act"": 7.0, ""nchapters"": 12.0}"
HarvardX,0,aligned,0,4648,MCCE,bounded,MCCE_bounded,1,OK,0.0,0.02694416046142578,0.3446338383838384,2.0,"{""nevents"": 163.0, ""ndays_act"": 24.0, ""nchapters"": 12.0}"
HarvardX,0,aligned,0,4648,MCCE,bounded+edit,MCCE_bounded+edit,1,OK,0.0,0.02694416046142578,0.3446338383838384,2.0,"{""nevents"": 163.0, ""ndays_act"": 24.0, ""nchapters"": 12.0}"
HarvardX,0,aligned,0,4653,NICE,native,NICE_native,0,out_of_bounds:nevents,0.0,0.00466465950012207,0.1057951112331777,2.0,"{""nevents"": 9.0, ""ndays_act"": 7.0, ""nchapters"": 12.0}"
HarvardX,0,aligned,0,4653,NICE,bounded,NICE_bounded,0,classifier_target_not_met,0.0,0.00466465950012207,0.01818181818181818,1.0,"{""nevents"": 67.0, ""ndays_act"": 7.0, ""nchapters"": 12.0}"
HarvardX,0,aligned,0,4653,NICE,bounded+edit,NICE_bounded+edit,0,classifier_target_not_met,0.0,0.00466465950012207,0.01818181818181818,1.0,"{""nevents"": 67.0, ""ndays_act"": 7.0, ""nchapters"": 12.0}"
HarvardX,0,aligned,0,4653,MCCE,native,MCCE_native,1,OK,0.0,0.026188135147094727,0.16363636363636364,1.0,"{""nevents"": 67.0, ""ndays_act"": 15.0, ""nchapters"": 12.0}"
HarvardX,0,aligned,0,4653,MCCE,bounded,MCCE_bounded,1,OK,0.0,0.026188135147094727,0.16363636363636364,1.0,"{""nevents"": 67.0, ""ndays_act"": 15.0, ""nchapters"": 12.0}"
HarvardX,0,aligned,0,4653,MCCE,bounded+edit,MCCE_bounded+edit,1,OK,0.0,0.026188135147094727,0.16363636363636364,1.0,"{""nevents"": 67.0, ""ndays_act"": 15.0, ""nchapters"": 12.0}"
HarvardX,0,aligned,0,4661,NICE,native,NICE_native,1,OK,0.0,0.0035233497619628906,0.25,1.0,"{""nevents"": 55.0, ""ndays_act"": 19.0, ""nchapters"": 9.0}"
HarvardX,0,aligned,0,4661,NICE,bounded,NICE_bounded,1,OK,0.0,0.0035233497619628906,0.25,1.0,"{""nevents"": 55.0, ""ndays_act"": 19.0, ""nchapters"": 9.0}"
HarvardX,0,aligned,0,4661,NICE,bounded+edit,NICE_bounded+edit,1,OK,0.0,0.0035233497619628906,0.25,1.0,"{""nevents"": 55.0, ""ndays_act"": 19.0, ""nchapters"": 9.0}"
HarvardX,0,aligned,0,4661,MCCE,native,MCCE_native,1,OK,0.0,0.0397951602935791,0.483467571004663,2.0,"{""nevents"": 92.0, ""ndays_act"": 29.0, ""nchapters"": 9.0}"
HarvardX,0,aligned,0,4661,MCCE,bounded,MCCE_bounded,1,OK,0.0,0.0397951602935791,0.483467571004663,2.0,"{""nevents"": 92.0, ""ndays_act"": 29.0, ""nchapters"": 9.0}"
HarvardX,0,aligned,0,4661,MCCE,bounded+edit,MCCE_bounded+edit,1,OK,0.0,0.0397951602935791,0.483467571004663,2.0,"{""nevents"": 92.0, ""ndays_act"": 29.0, ""nchapters"": 9.0}"
HarvardX,0,aligned,0,4712,NICE,native,NICE_native,1,OK,0.0,0.0045812129974365234,0.28109668109668107,2.0,"{""nevents"": 67.0, ""ndays_act"": 19.0, ""nchapters"": 9.0}"
HarvardX,0,aligned,0,4712,NICE,bounded,NICE_bounded,1,OK,0.0,0.0045812129974365234,0.28109668109668107,2.0,"{""nevents"": 67.0, ""ndays_act"": 19.0, ""nchapters"": 9.0}"
HarvardX,0,aligned,0,4712,NICE,bounded+edit,NICE_bounded+edit,1,OK,0.0,0.0045812129974365234,0.28109668109668107,2.0,"{""nevents"": 67.0, ""ndays_act"": 19.0, ""nchapters"": 9.0}"
HarvardX,0,aligned,0,4712,MCCE,native,MCCE_native,1,OK,0.0,0.0409090518951416,0.498989898989899,2.0,"{""nevents"": 92.0, ""ndays_act"": 29.0, ""nchapters"": 9.0}"
HarvardX,0,aligned,0,4712,MCCE,bounded,MCCE_bounded,1,OK,0.0,0.0409090518951416,0.498989898989899,2.0,"{""nevents"": 92.0, ""ndays_act"": 29.0, ""nchapters"": 9.0}"
HarvardX,0,aligned,0,4712,MCCE,bounded+edit,MCCE_bounded+edit,1,OK,0.0,0.0409090518951416,0.498989898989899,2.0,"{""nevents"": 92.0, ""ndays_act"": 29.0, ""nchapters"": 9.0}"
HarvardX,0,aligned,0,4744,NICE,native,NICE_native,0,out_of_bounds:nevents,0.0,0.004719257354736328,0.07996385814321211,2.0,"{""nevents"": 238.0, ""ndays_act"": 24.0, ""nchapters"": 12.0}"
HarvardX,0,aligned,0,4744,NICE,bounded,NICE_bounded,0,classifier_target_not_met,0.0,0.004719257354736328,0.02631578947368421,1.0,"{""nevents"": 263.0, ""ndays_act"": 24.0, ""nchapters"": 12.0}"
HarvardX,0,aligned,0,4744,NICE,bounded+edit,NICE_bounded+edit,0,classifier_target_not_met,0.0,0.004719257354736328,0.02631578947368421,1.0,"{""nevents"": 263.0, ""ndays_act"": 24.0, ""nchapters"": 12.0}"
HarvardX,0,aligned,0,4744,MCCE,native,MCCE_native,0,out_of_bounds:nevents,0.0,0.030865907669067383,0.388412017167382,1.0,"{""nevents"": 82.0, ""ndays_act"": 23.0, ""nchapters"": 12.0}"
HarvardX,0,aligned,0,4744,MCCE,bounded,MCCE_bounded,1,OK,0.0,0.030865907669067383,0.3157894736842105,1.0,"{""nevents"": 263.0, ""ndays_act"": 35.0, ""nchapters"": 12.0}"
HarvardX,0,aligned,0,4744,MCCE,bounded+edit,MCCE_bounded+edit,1,OK,0.0,0.030865907669067383,0.3157894736842105,1.0,"{""nevents"": 263.0, ""ndays_act"": 35.0, ""nchapters"": 12.0}"
HarvardX,0,aligned,0,4769,NICE,native,NICE_native,1,OK,0.0,0.004742622375488281,0.6234432234432234,2.0,"{""nevents"": 103.0, ""ndays_act"": 30.0, ""nchapters"": 6.0}"
HarvardX,0,aligned,0,4769,NICE,bounded,NICE_bounded,1,OK,0.0,0.004742622375488281,0.6234432234432234,2.0,"{""nevents"": 103.0, ""ndays_act"": 30.0, ""nchapters"": 6.0}"
HarvardX,0,aligned,0,4769,NICE,bounded+edit,NICE_bounded+edit,1,OK,0.0,0.004742622375488281,0.6234432234432234,2.0,"{""nevents"": 103.0, ""ndays_act"": 30.0, ""nchapters"": 6.0}"
HarvardX,0,aligned,0,4769,MCCE,native,MCCE_native,1,OK,0.0,0.04065752029418945,1.0916666666666668,3.0,"{""nevents"": 92.0, ""ndays_act"": 29.0, ""nchapters"": 9.0}"
HarvardX,0,aligned,0,4769,MCCE,bounded,MCCE_bounded,1,OK,0.0,0.04065752029418945,1.0916666666666668,3.0,"{""nevents"": 92.0, ""ndays_act"": 29.0, ""nchapters"": 9.0}"
HarvardX,0,aligned,0,4769,MCCE,bounded+edit,MCCE_bounded+edit,1,OK,0.0,0.04065752029418945,1.0916666666666668,3.0,"{""nevents"": 92.0, ""ndays_act"": 29.0, ""nchapters"": 9.0}"
HarvardX,0,aligned,0,4787,NICE,native,NICE_native,1,OK,0.0,0.005114078521728516,0.6135033688480638,2.0,"{""nevents"": 103.0, ""ndays_act"": 30.0, ""nchapters"": 6.0}"
HarvardX,0,aligned,0,4787,NICE,bounded,NICE_bounded,1,OK,0.0,0.005114078521728516,0.6135033688480638,2.0,"{""nevents"": 103.0, ""ndays_act"": 30.0, ""nchapters"": 6.0}"
HarvardX,0,aligned,0,4787,NICE,bounded+edit,NICE_bounded+edit,1,OK,0.0,0.005114078521728516,0.6135033688480638,2.0,"{""nevents"": 103.0, ""ndays_act"": 30.0, ""nchapters"": 6.0}"
HarvardX,0,aligned,0,4787,MCCE,native,MCCE_native,1,OK,0.0,0.04004192352294922,1.08142354230294,3.0,"{""nevents"": 92.0, ""ndays_act"": 29.0, ""nchapters"": 9.0}"
HarvardX,0,aligned,0,4787,MCCE,bounded,MCCE_bounded,1,OK,0.0,0.04004192352294922,1.08142354230294,3.0,"{""nevents"": 92.0, ""ndays_act"": 29.0, ""nchapters"": 9.0}"
HarvardX,0,aligned,0,4787,MCCE,bounded+edit,MCCE_bounded+edit,1,OK,0.0,0.04004192352294922,1.08142354230294,3.0,"{""nevents"": 92.0, ""ndays_act"": 29.0, ""nchapters"": 9.0}"
HarvardX,0,aligned,0,4807,NICE,native,NICE_native,1,OK,0.0,0.0046079158782958984,0.2460365647979491,2.0,"{""nevents"": 24.0, ""ndays_act"": 13.0, ""nchapters"": 11.0}"
HarvardX,0,aligned,0,4807,NICE,bounded,NICE_bounded,1,OK,0.0,0.0046079158782958984,0.2460365647979491,2.0,"{""nevents"": 24.0, ""ndays_act"": 13.0, ""nchapters"": 11.0}"
HarvardX,0,aligned,0,4807,NICE,bounded+edit,NICE_bounded+edit,1,OK,0.0,0.0046079158782958984,0.2460365647979491,2.0,"{""nevents"": 24.0, ""ndays_act"": 13.0, ""nchapters"": 11.0}"
HarvardX,0,aligned,0,4807,MCCE,native,MCCE_native,1,OK,0.0,0.04067659378051758,0.5072297555600531,2.0,"{""nevents"": 71.0, ""ndays_act"": 25.0, ""nchapters"": 11.0}"
HarvardX,0,aligned,0,4807,MCCE,bounded,MCCE_bounded,1,OK,0.0,0.04067659378051758,0.5072297555600531,2.0,"{""nevents"": 71.0, ""ndays_act"": 25.0, ""nchapters"": 11.0}"
HarvardX,0,aligned,0,4807,MCCE,bounded+edit,MCCE_bounded+edit,1,OK,0.0,0.04067659378051758,0.5072297555600531,2.0,"{""nevents"": 71.0, ""ndays_act"": 25.0, ""nchapters"": 11.0}"
HarvardX,0,aligned,0,4816,NICE,native,NICE_native,0,out_of_bounds:nevents,0.0,0.003559112548828125,1.0864197530864197,1.0,"{""nevents"": 53.0, ""ndays_act"": 16.0, ""nchapters"": 10.0}"
HarvardX,0,aligned,0,4816,NICE,bounded,NICE_bounded,0,classifier_target_not_met,0.0,0.003559112548828125,0.0,0.0,"{""nevents"": 405.0, ""ndays_act"": 16.0, ""nchapters"": 10.0}"
HarvardX,0,aligned,0,4816,NICE,bounded+edit,NICE_bounded+edit,0,classifier_target_not_met,0.0,0.003559112548828125,0.0,0.0,"{""nevents"": 405.0, ""ndays_act"": 16.0, ""nchapters"": 10.0}"
HarvardX,0,aligned,0,4816,MCCE,native,MCCE_native,0,out_of_bounds:nevents,0.0,0.03946876525878906,1.1222222222222222,2.0,"{""nevents"": 63.0, ""ndays_act"": 19.0, ""nchapters"": 10.0}"
HarvardX,0,aligned,0,4816,MCCE,bounded,MCCE_bounded,1,OK,0.0,0.03946876525878906,0.861111111111111,2.0,"{""nevents"": 468.0, ""ndays_act"": 46.0, ""nchapters"": 10.0}"
HarvardX,0,aligned,0,4816,MCCE,bounded+edit,MCCE_bounded+edit,1,OK,0.0,0.03946876525878906,0.861111111111111,2.0,"{""nevents"": 468.0, ""ndays_act"": 46.0, ""nchapters"": 10.0}"
HarvardX,0,aligned,0,4822,NICE,native,NICE_native,1,OK,0.0,0.00482177734375,0.6330927162742584,2.0,"{""nevents"": 103.0, ""ndays_act"": 30.0, ""nchapters"": 6.0}"
HarvardX,0,aligned,0,4822,NICE,bounded,NICE_bounded,1,OK,0.0,0.00482177734375,0.6330927162742584,2.0,"{""nevents"": 103.0, ""ndays_act"": 30.0, ""nchapters"": 6.0}"
HarvardX,0,aligned,0,4822,NICE,bounded+edit,NICE_bounded+edit,1,OK,0.0,0.00482177734375,0.6330927162742584,2.0,"{""nevents"": 103.0, ""ndays_act"": 30.0, ""nchapters"": 6.0}"
HarvardX,0,aligned,0,4822,MCCE,native,MCCE_native,1,OK,0.0,0.03961825370788574,1.1016101104139961,3.0,"{""nevents"": 92.0, ""ndays_act"": 29.0, ""nchapters"": 9.0}"
HarvardX,0,aligned,0,4822,MCCE,bounded,MCCE_bounded,1,OK,0.0,0.03961825370788574,1.1016101104139961,3.0,"{""nevents"": 92.0, ""ndays_act"": 29.0, ""nchapters"": 9.0}"
HarvardX,0,aligned,0,4822,MCCE,bounded+edit,MCCE_bounded+edit,1,OK,0.0,0.03961825370788574,1.1016101104139961,3.0,"{""nevents"": 92.0, ""ndays_act"": 29.0, ""nchapters"": 9.0}"
HarvardX,0,aligned,0,4828,NICE,native,NICE_native,1,OK,0.0,0.004492044448852539,0.14349321999595224,2.0,"{""nevents"": 9.0, ""ndays_act"": 8.0, ""nchapters"": 10.0}"
HarvardX,0,aligned,0,4828,NICE,bounded,NICE_bounded,1,OK,0.0,0.004492044448852539,0.14349321999595224,2.0,"{""nevents"": 9.0, ""ndays_act"": 8.0, ""nchapters"": 10.0}"
HarvardX,0,aligned,0,4828,NICE,bounded+edit,NICE_bounded+edit,1,OK,0.0,0.004492044448852539,0.14349321999595224,2.0,"{""nevents"": 9.0, ""ndays_act"": 8.0, ""nchapters"": 10.0}"
HarvardX,0,aligned,0,4828,MCCE,native,MCCE_native,1,OK,0.0,0.040788888931274414,0.39789516292248533,2.0,"{""nevents"": 63.0, ""ndays_act"": 19.0, ""nchapters"": 10.0}"
HarvardX,0,aligned,0,4828,MCCE,bounded,MCCE_bounded,1,OK,0.0,0.040788888931274414,0.39789516292248533,2.0,"{""nevents"": 63.0, ""ndays_act"": 19.0, ""nchapters"": 10.0}"
HarvardX,0,aligned,0,4828,MCCE,bounded+edit,MCCE_bounded+edit,1,OK,0.0,0.040788888931274414,0.39789516292248533,2.0,"{""nevents"": 63.0, ""ndays_act"": 19.0, ""nchapters"": 10.0}"
HarvardX,0,aligned,0,4847,NICE,native,NICE_native,0,out_of_bounds:nevents,0.0,0.004594087600708008,0.11123595505617978,2.0,"{""nevents"": 9.0, ""ndays_act"": 7.0, ""nchapters"": 12.0}"
HarvardX,0,aligned,0,4847,NICE,bounded,NICE_bounded,0,classifier_target_not_met,0.0,0.004594087600708008,0.1,1.0,"{""nevents"": 17.0, ""ndays_act"": 7.0, ""nchapters"": 12.0}"
HarvardX,0,aligned,0,4847,NICE,bounded+edit,NICE_bounded+edit,0,classifier_target_not_met,0.0,0.004594087600708008,0.1,1.0,"{""nevents"": 17.0, ""ndays_act"": 7.0, ""nchapters"": 12.0}"
HarvardX,0,aligned,0,4847,MCCE,native,MCCE_native,0,out_of_bounds:nevents,0.0,0.026297330856323242,0.11123595505617978,2.0,"{""nevents"": 9.0, ""ndays_act"": 7.0, ""nchapters"": 12.0}"
HarvardX,0,aligned,0,4847,MCCE,bounded,MCCE_bounded,1,OK,0.0,0.026297330856323242,0.17790262172284643,2.0,"{""nevents"": 25.0, ""ndays_act"": 11.0, ""nchapters"": 12.0}"
HarvardX,0,aligned,0,4847,MCCE,bounded+edit,MCCE_bounded+edit,1,OK,0.0,0.026297330856323242,0.17790262172284643,2.0,"{""nevents"": 25.0, ""ndays_act"": 11.0, ""nchapters"": 12.0}"
HarvardX,0,aligned,0,4855,NICE,native,NICE_native,1,OK,0.0,0.004589080810546875,0.6330927162742584,2.0,"{""nevents"": 103.0, ""ndays_act"": 30.0, ""nchapters"": 6.0}"
HarvardX,0,aligned,0,4855,NICE,bounded,NICE_bounded,1,OK,0.0,0.004589080810546875,0.6330927162742584,2.0,"{""nevents"": 103.0, ""ndays_act"": 30.0, ""nchapters"": 6.0}"
HarvardX,0,aligned,0,4855,NICE,bounded+edit,NICE_bounded+edit,1,OK,0.0,0.004589080810546875,0.6330927162742584,2.0,"{""nevents"": 103.0, ""ndays_act"": 30.0, ""nchapters"": 6.0}"
HarvardX,0,aligned,0,4855,MCCE,native,MCCE_native,1,OK,0.0,0.038858652114868164,1.1016101104139961,3.0,"{""nevents"": 92.0, ""ndays_act"": 29.0, ""nchapters"": 9.0}"
HarvardX,0,aligned,0,4855,MCCE,bounded,MCCE_bounded,1,OK,0.0,0.038858652114868164,1.1016101104139961,3.0,"{""nevents"": 92.0, ""ndays_act"": 29.0, ""nchapters"": 9.0}"
HarvardX,0,aligned,0,4855,MCCE,bounded+edit,MCCE_bounded+edit,1,OK,0.0,0.038858652114868164,1.1016101104139961,3.0,"{""nevents"": 92.0, ""ndays_act"": 29.0, ""nchapters"": 9.0}"
HarvardX,0,aligned,0,4869,NICE,native,NICE_native,0,out_of_bounds:nevents,0.0,0.0034584999084472656,0.14604810996563575,1.0,"{""nevents"": 62.0, ""ndays_act"": 14.0, ""nchapters"": 12.0}"
HarvardX,0,aligned,0,4869,NICE,bounded,NICE_bounded,0,classifier_target_not_met,0.0,0.0034584999084472656,0.0,0.0,"{""nevents"": 147.0, ""ndays_act"": 14.0, ""nchapters"": 12.0}"
HarvardX,0,aligned,0,4869,NICE,bounded+edit,NICE_bounded+edit,0,classifier_target_not_met,0.0,0.0034584999084472656,0.0,0.0,"{""nevents"": 147.0, ""ndays_act"": 14.0, ""nchapters"": 12.0}"
HarvardX,0,aligned,0,4869,MCCE,native,MCCE_native,0,out_of_bounds:nevents,0.0,0.025534391403198242,0.19072164948453607,1.0,"{""nevents"": 36.0, ""ndays_act"": 14.0, ""nchapters"": 12.0}"
HarvardX,0,aligned,0,4869,MCCE,bounded,MCCE_bounded,1,OK,0.0,0.025534391403198242,0.46808510638297873,1.0,"{""nevents"": 147.0, ""ndays_act"": 36.0, ""nchapters"": 12.0}"
HarvardX,0,aligned,0,4869,MCCE,bounded+edit,MCCE_bounded+edit,1,OK,0.0,0.025534391403198242,0.46808510638297873,1.0,"{""nevents"": 147.0, ""ndays_act"": 36.0, ""nchapters"": 12.0}"
HarvardX,0,aligned,0,4959,NICE,native,NICE_native,0,out_of_bounds:nevents,0.0,0.0036020278930664062,0.5523809523809524,1.0,"{""nevents"": 77.0, ""ndays_act"": 42.0, ""nchapters"": 8.0}"
HarvardX,0,aligned,0,4959,NICE,bounded,NICE_bounded,0,classifier_target_not_met,0.0,0.0036020278930664062,0.0,0.0,"{""nevents"": 309.0, ""ndays_act"": 42.0, ""nchapters"": 8.0}"
HarvardX,0,aligned,0,4959,NICE,bounded+edit,NICE_bounded+edit,0,classifier_target_not_met,0.0,0.0036020278930664062,0.0,0.0,"{""nevents"": 309.0, ""ndays_act"": 42.0, ""nchapters"": 8.0}"
HarvardX,0,aligned,0,4959,MCCE,native,MCCE_native,1,OK,0.0,0.03879427909851074,1.05,2.0,"{""nevents"": 330.0, ""ndays_act"": 42.0, ""nchapters"": 12.0}"
HarvardX,0,aligned,0,4959,MCCE,bounded,MCCE_bounded,1,OK,0.0,0.03879427909851074,1.05,2.0,"{""nevents"": 330.0, ""ndays_act"": 42.0, ""nchapters"": 12.0}"
HarvardX,0,aligned,0,4959,MCCE,bounded+edit,MCCE_bounded+edit,1,OK,0.0,0.03879427909851074,1.05,2.0,"{""nevents"": 330.0, ""ndays_act"": 42.0, ""nchapters"": 12.0}"
HarvardX,0,aligned,0,4969,NICE,native,NICE_native,1,OK,0.0,0.004550933837890625,0.5899927658548348,2.0,"{""nevents"": 103.0, ""ndays_act"": 30.0, ""nchapters"": 6.0}"
HarvardX,0,aligned,0,4969,NICE,bounded,NICE_bounded,1,OK,0.0,0.004550933837890625,0.5899927658548348,2.0,"{""nevents"": 103.0, ""ndays_act"": 30.0, ""nchapters"": 6.0}"
HarvardX,0,aligned,0,4969,NICE,bounded+edit,NICE_bounded+edit,1,OK,0.0,0.004550933837890625,0.5899927658548348,2.0,"{""nevents"": 103.0, ""ndays_act"": 30.0, ""nchapters"": 6.0}"
HarvardX,0,aligned,0,4969,MCCE,native,MCCE_native,1,OK,0.0,0.04731583595275879,1.0573667711598747,3.0,"{""nevents"": 92.0, ""ndays_act"": 29.0, ""nchapters"": 9.0}"
HarvardX,0,aligned,0,4969,MCCE,bounded,MCCE_bounded,1,OK,0.0,0.04731583595275879,1.0573667711598747,3.0,"{""nevents"": 92.0, ""ndays_act"": 29.0, ""nchapters"": 9.0}"
HarvardX,0,aligned,0,4969,MCCE,bounded+edit,MCCE_bounded+edit,1,OK,0.0,0.04731583595275879,1.0573667711598747,3.0,"{""nevents"": 92.0, ""ndays_act"": 29.0, ""nchapters"": 9.0}"
HarvardX,0,aligned,0,4995,NICE,native,NICE_native,1,OK,0.0,0.0075685977935791016,0.3230880230880231,2.0,"{""nevents"": 52.0, ""ndays_act"": 19.0, ""nchapters"": 8.0}"
HarvardX,0,aligned,0,4995,NICE,bounded,NICE_bounded,1,OK,0.0,0.0075685977935791016,0.3230880230880231,2.0,"{""nevents"": 52.0, ""ndays_act"": 19.0, ""nchapters"": 8.0}"
HarvardX,0,aligned,0,4995,NICE,bounded+edit,NICE_bounded+edit,1,OK,0.0,0.0075685977935791016,0.3230880230880231,2.0,"{""nevents"": 52.0, ""ndays_act"": 19.0, ""nchapters"": 8.0}"
HarvardX,0,aligned,0,4995,MCCE,native,MCCE_native,1,OK,0.0,0.05603933334350586,0.7974747474747474,3.0,"{""nevents"": 92.0, ""ndays_act"": 29.0, ""nchapters"": 9.0}"
HarvardX,0,aligned,0,4995,MCCE,bounded,MCCE_bounded,1,OK,0.0,0.05603933334350586,0.7974747474747474,3.0,"{""nevents"": 92.0, ""ndays_act"": 29.0, ""nchapters"": 9.0}"
HarvardX,0,aligned,0,4995,MCCE,bounded+edit,MCCE_bounded+edit,1,OK,0.0,0.05603933334350586,0.7974747474747474,3.0,"{""nevents"": 92.0, ""ndays_act"": 29.0, ""nchapters"": 9.0}"
HarvardX,0,aligned,0,5052,NICE,native,NICE_native,0,out_of_bounds:nevents,0.0,0.00356292724609375,0.13564668769716087,1.0,"{""nevents"": 9.0, ""ndays_act"": 8.0, ""nchapters"": 12.0}"
HarvardX,0,aligned,0,5052,NICE,bounded,NICE_bounded,0,classifier_target_not_met,0.0,0.00356292724609375,0.0,0.0,"{""nevents"": 95.0, ""ndays_act"": 8.0, ""nchapters"": 12.0}"
HarvardX,0,aligned,0,5052,NICE,bounded+edit,NICE_bounded+edit,0,classifier_target_not_met,0.0,0.00356292724609375,0.0,0.0,"{""nevents"": 95.0, ""ndays_act"": 8.0, ""nchapters"": 12.0}"
HarvardX,0,aligned,0,5052,MCCE,native,MCCE_native,0,out_of_bounds:nevents;out_of_bounds:ndays_act,0.0,0.025937318801879883,0.15451461222546276,2.0,"{""nevents"": 9.0, ""ndays_act"": 7.0, ""nchapters"": 12.0}"
HarvardX,0,aligned,0,5052,MCCE,bounded,MCCE_bounded,1,OK,0.0,0.025937318801879883,0.2280519016725195,2.0,"{""nevents"": 108.0, ""ndays_act"": 19.0, ""nchapters"": 12.0}"
HarvardX,0,aligned,0,5052,MCCE,bounded+edit,MCCE_bounded+edit,1,OK,0.0,0.025937318801879883,0.2280519016725195,2.0,"{""nevents"": 108.0, ""ndays_act"": 19.0, ""nchapters"": 12.0}"
HarvardX,0,aligned,0,5055,NICE,native,NICE_native,1,OK,0.0,0.004802703857421875,0.6330927162742584,2.0,"{""nevents"": 103.0, ""ndays_act"": 30.0, ""nchapters"": 6.0}"
HarvardX,0,aligned,0,5055,NICE,bounded,NICE_bounded,1,OK,0.0,0.004802703857421875,0.6330927162742584,2.0,"{""nevents"": 103.0, ""ndays_act"": 30.0, ""nchapters"": 6.0}"
HarvardX,0,aligned,0,5055,NICE,bounded+edit,NICE_bounded+edit,1,OK,0.0,0.004802703857421875,0.6330927162742584,2.0,"{""nevents"": 103.0, ""ndays_act"": 30.0, ""nchapters"": 6.0}"
HarvardX,0,aligned,0,5055,MCCE,native,MCCE_native,1,OK,0.0,0.039223670959472656,1.1016101104139961,3.0,"{""nevents"": 92.0, ""ndays_act"": 29.0, ""nchapters"": 9.0}"
HarvardX,0,aligned,0,5055,MCCE,bounded,MCCE_bounded,1,OK,0.0,0.039223670959472656,1.1016101104139961,3.0,"{""nevents"": 92.0, ""ndays_act"": 29.0, ""nchapters"": 9.0}"
HarvardX,0,aligned,0,5055,MCCE,bounded+edit,MCCE_bounded+edit,1,OK,0.0,0.039223670959472656,1.1016101104139961,3.0,"{""nevents"": 92.0, ""ndays_act"": 29.0, ""nchapters"": 9.0}"
HarvardX,0,aligned,0,5096,NICE,native,NICE_native,1,OK,0.0,0.0044155120849609375,0.12709977737300143,2.0,"{""nevents"": 9.0, ""ndays_act"": 7.0, ""nchapters"": 12.0}"
HarvardX,0,aligned,0,5096,NICE,bounded,NICE_bounded,1,OK,0.0,0.0044155120849609375,0.12709977737300143,2.0,"{""nevents"": 9.0, ""ndays_act"": 7.0, ""nchapters"": 12.0}"
HarvardX,0,aligned,0,5096,NICE,bounded+edit,NICE_bounded+edit,1,OK,0.0,0.0044155120849609375,0.12709977737300143,2.0,"{""nevents"": 9.0, ""ndays_act"": 7.0, ""nchapters"": 12.0}"
HarvardX,0,aligned,0,5096,MCCE,native,MCCE_native,1,OK,0.0,0.02539348602294922,0.12709977737300143,2.0,"{""nevents"": 9.0, ""ndays_act"": 7.0, ""nchapters"": 12.0}"
HarvardX,0,aligned,0,5096,MCCE,bounded,MCCE_bounded,1,OK,0.0,0.02539348602294922,0.12709977737300143,2.0,"{""nevents"": 9.0, ""ndays_act"": 7.0, ""nchapters"": 12.0}"
HarvardX,0,aligned,0,5096,MCCE,bounded+edit,MCCE_bounded+edit,1,OK,0.0,0.02539348602294922,0.12709977737300143,2.0,"{""nevents"": 9.0, ""ndays_act"": 7.0, ""nchapters"": 12.0}"
HarvardX,0,aligned,0,5186,NICE,native,NICE_native,0,out_of_bounds:nevents,0.0,0.004650115966796875,0.1858740301232314,2.0,"{""nevents"": 9.0, ""ndays_act"": 7.0, ""nchapters"": 12.0}"
HarvardX,0,aligned,0,5186,NICE,bounded,NICE_bounded,0,classifier_target_not_met,0.0,0.004650115966796875,0.03571428571428571,1.0,"{""nevents"": 103.0, ""ndays_act"": 7.0, ""nchapters"": 12.0}"
HarvardX,0,aligned,0,5186,NICE,bounded+edit,NICE_bounded+edit,0,classifier_target_not_met,0.0,0.004650115966796875,0.03571428571428571,1.0,"{""nevents"": 103.0, ""ndays_act"": 7.0, ""nchapters"": 12.0}"
HarvardX,0,aligned,0,5186,MCCE,native,MCCE_native,1,OK,0.0,0.025966405868530273,0.375,1.0,"{""nevents"": 103.0, ""ndays_act"": 26.0, ""nchapters"": 12.0}"
HarvardX,0,aligned,0,5186,MCCE,bounded,MCCE_bounded,1,OK,0.0,0.025966405868530273,0.375,1.0,"{""nevents"": 103.0, ""ndays_act"": 26.0, ""nchapters"": 12.0}"
HarvardX,0,aligned,0,5186,MCCE,bounded+edit,MCCE_bounded+edit,1,OK,0.0,0.025966405868530273,0.375,1.0,"{""nevents"": 103.0, ""ndays_act"": 26.0, ""nchapters"": 12.0}"
HarvardX,0,aligned,0,5268,NICE,native,NICE_native,1,OK,0.0,0.004663944244384766,0.39991985101718486,2.0,"{""nevents"": 66.0, ""ndays_act"": 21.0, ""nchapters"": 7.0}"
HarvardX,0,aligned,0,5268,NICE,bounded,NICE_bounded,1,OK,0.0,0.004663944244384766,0.39991985101718486,2.0,"{""nevents"": 66.0, ""ndays_act"": 21.0, ""nchapters"": 7.0}"
HarvardX,0,aligned,0,5268,NICE,bounded+edit,NICE_bounded+edit,1,OK,0.0,0.004663944244384766,0.39991985101718486,2.0,"{""nevents"": 66.0, ""ndays_act"": 21.0, ""nchapters"": 7.0}"
HarvardX,0,aligned,0,5268,MCCE,native,MCCE_native,1,OK,0.0,0.042352914810180664,0.9716744065439288,3.0,"{""nevents"": 92.0, ""ndays_act"": 29.0, ""nchapters"": 9.0}"
HarvardX,0,aligned,0,5268,MCCE,bounded,MCCE_bounded,1,OK,0.0,0.042352914810180664,0.9716744065439288,3.0,"{""nevents"": 92.0, ""ndays_act"": 29.0, ""nchapters"": 9.0}"
HarvardX,0,aligned,0,5268,MCCE,bounded+edit,MCCE_bounded+edit,1,OK,0.0,0.042352914810180664,0.9716744065439288,3.0,"{""nevents"": 92.0, ""ndays_act"": 29.0, ""nchapters"": 9.0}"
HarvardX,0,aligned,0,5299,NICE,native,NICE_native,0,out_of_bounds:nevents,0.0,0.0034341812133789062,0.4662576687116564,1.0,"{""nevents"": 12.0, ""ndays_act"": 10.0, ""nchapters"": 12.0}"
HarvardX,0,aligned,0,5299,NICE,bounded,NICE_bounded,0,classifier_target_not_met,0.0,0.0034341812133789062,0.0,0.0,"{""nevents"": 240.0, ""ndays_act"": 10.0, ""nchapters"": 12.0}"
HarvardX,0,aligned,0,5299,NICE,bounded+edit,NICE_bounded+edit,0,classifier_target_not_met,0.0,0.0034341812133789062,0.0,0.0,"{""nevents"": 240.0, ""ndays_act"": 10.0, ""nchapters"": 12.0}"
HarvardX,0,aligned,0,5299,MCCE,native,MCCE_native,0,out_of_bounds:nevents,0.0,0.025061607360839844,0.4592806447732467,2.0,"{""nevents"": 25.0, ""ndays_act"": 11.0, ""nchapters"": 12.0}"
HarvardX,0,aligned,0,5299,MCCE,bounded,MCCE_bounded,1,OK,0.0,0.025061607360839844,0.45723565499819563,2.0,"{""nevents"": 291.0, ""ndays_act"": 28.0, ""nchapters"": 12.0}"
HarvardX,0,aligned,0,5299,MCCE,bounded+edit,MCCE_bounded+edit,1,OK,0.0,0.025061607360839844,0.45723565499819563,2.0,"{""nevents"": 291.0, ""ndays_act"": 28.0, ""nchapters"": 12.0}"
HarvardX,0,aligned,0,5390,NICE,native,NICE_native,0,out_of_bounds:nevents,0.0,0.004549503326416016,0.14354066985645933,2.0,"{""nevents"": 9.0, ""ndays_act"": 7.0, ""nchapters"": 12.0}"
HarvardX,0,aligned,0,5390,NICE,bounded,NICE_bounded,0,classifier_target_not_met,0.0,0.004549503326416016,0.05263157894736842,1.0,"{""nevents"": 69.0, ""ndays_act"": 7.0, ""nchapters"": 12.0}"
HarvardX,0,aligned,0,5390,NICE,bounded+edit,NICE_bounded+edit,0,classifier_target_not_met,0.0,0.004549503326416016,0.05263157894736842,1.0,"{""nevents"": 69.0, ""ndays_act"": 7.0, ""nchapters"": 12.0}"
HarvardX,0,aligned,0,5390,MCCE,native,MCCE_native,0,out_of_bounds:nevents,0.0,0.025787830352783203,0.14354066985645933,2.0,"{""nevents"": 9.0, ""ndays_act"": 7.0, ""nchapters"": 12.0}"
HarvardX,0,aligned,0,5390,MCCE,bounded,MCCE_bounded,1,OK,0.0,0.025787830352783203,0.208133971291866,2.0,"{""nevents"": 79.0, ""ndays_act"": 15.0, ""nchapters"": 12.0}"
HarvardX,0,aligned,0,5390,MCCE,bounded+edit,MCCE_bounded+edit,1,OK,0.0,0.025787830352783203,0.208133971291866,2.0,"{""nevents"": 79.0, ""ndays_act"": 15.0, ""nchapters"": 12.0}"
HarvardX,0,aligned,0,5394,NICE,native,NICE_native,0,out_of_bounds:nevents,0.0,0.0037598609924316406,0.16845878136200718,1.0,"{""nevents"": 77.0, ""ndays_act"": 37.0, ""nchapters"": 8.0}"
HarvardX,0,aligned,0,5394,NICE,bounded,NICE_bounded,0,classifier_target_not_met,0.0,0.0037598609924316406,0.0,0.0,"{""nevents"": 171.0, ""ndays_act"": 37.0, ""nchapters"": 8.0}"
HarvardX,0,aligned,0,5394,NICE,bounded+edit,NICE_bounded+edit,0,classifier_target_not_met,0.0,0.0037598609924316406,0.0,0.0,"{""nevents"": 171.0, ""ndays_act"": 37.0, ""nchapters"": 8.0}"
HarvardX,0,aligned,0,5394,MCCE,native,MCCE_native,1,OK,0.0,0.042089223861694336,1.146953405017921,2.0,"{""nevents"": 253.0, ""ndays_act"": 37.0, ""nchapters"": 12.0}"
HarvardX,0,aligned,0,5394,MCCE,bounded,MCCE_bounded,1,OK,0.0,0.042089223861694336,1.146953405017921,2.0,"{""nevents"": 253.0, ""ndays_act"": 37.0, ""nchapters"": 12.0}"
HarvardX,0,aligned,0,5394,MCCE,bounded+edit,MCCE_bounded+edit,1,OK,0.0,0.042089223861694336,1.146953405017921,2.0,"{""nevents"": 253.0, ""ndays_act"": 37.0, ""nchapters"": 12.0}"
HarvardX,0,aligned,0,5424,NICE,native,NICE_native,0,out_of_bounds:nevents,0.0,0.003510713577270508,0.18032786885245902,1.0,"{""nevents"": 9.0, ""ndays_act"": 8.0, ""nchapters"": 12.0}"
HarvardX,0,aligned,0,5424,NICE,bounded,NICE_bounded,0,classifier_target_not_met,0.0,0.003510713577270508,0.0,0.0,"{""nevents"": 119.0, ""ndays_act"": 8.0, ""nchapters"": 12.0}"
HarvardX,0,aligned,0,5424,NICE,bounded+edit,NICE_bounded+edit,0,classifier_target_not_met,0.0,0.003510713577270508,0.0,0.0,"{""nevents"": 119.0, ""ndays_act"": 8.0, ""nchapters"": 12.0}"
HarvardX,0,aligned,0,5424,MCCE,native,MCCE_native,1,OK,0.0,0.03220224380493164,0.3018867924528302,1.0,"{""nevents"": 119.0, ""ndays_act"": 24.0, ""nchapters"": 12.0}"
HarvardX,0,aligned,0,5424,MCCE,bounded,MCCE_bounded,1,OK,0.0,0.03220224380493164,0.3018867924528302,1.0,"{""nevents"": 119.0, ""ndays_act"": 24.0, ""nchapters"": 12.0}"
HarvardX,0,aligned,0,5424,MCCE,bounded+edit,MCCE_bounded+edit,1,OK,0.0,0.03220224380493164,0.3018867924528302,1.0,"{""nevents"": 119.0, ""ndays_act"": 24.0, ""nchapters"": 12.0}"
HarvardX,0,aligned,0,5427,NICE,native,NICE_native,0,out_of_bounds:nevents,0.0,0.008639335632324219,0.3046963562753036,2.0,"{""nevents"": 52.0, ""ndays_act"": 19.0, ""nchapters"": 8.0}"
HarvardX,0,aligned,0,5427,NICE,bounded,NICE_bounded,0,classifier_target_not_met,0.0,0.008639335632324219,0.2631578947368421,1.0,"{""nevents"": 79.0, ""ndays_act"": 19.0, ""nchapters"": 8.0}"
HarvardX,0,aligned,0,5427,NICE,bounded+edit,NICE_bounded+edit,0,classifier_target_not_met,0.0,0.008639335632324219,0.2631578947368421,1.0,"{""nevents"": 79.0, ""ndays_act"": 19.0, ""nchapters"": 8.0}"
HarvardX,0,aligned,0,5427,MCCE,native,MCCE_native,1,OK,0.0,0.04403281211853027,1.2456140350877192,2.0,"{""nevents"": 79.0, ""ndays_act"": 18.0, ""nchapters"": 12.0}"
HarvardX,0,aligned,0,5427,MCCE,bounded,MCCE_bounded,1,OK,0.0,0.04403281211853027,1.2456140350877192,2.0,"{""nevents"": 79.0, ""ndays_act"": 18.0, ""nchapters"": 12.0}"
HarvardX,0,aligned,0,5427,MCCE,bounded+edit,MCCE_bounded+edit,1,OK,0.0,0.04403281211853027,1.2456140350877192,2.0,"{""nevents"": 79.0, ""ndays_act"": 18.0, ""nchapters"": 12.0}"
HarvardX,0,aligned,0,5445,NICE,native,NICE_native,1,OK,0.0,0.004572868347167969,0.37327112699358084,2.0,"{""nevents"": 103.0, ""ndays_act"": 30.0, ""nchapters"": 6.0}"
HarvardX,0,aligned,0,5445,NICE,bounded,NICE_bounded,1,OK,0.0,0.004572868347167969,0.37327112699358084,2.0,"{""nevents"": 103.0, ""ndays_act"": 30.0, ""nchapters"": 6.0}"
HarvardX,0,aligned,0,5445,NICE,bounded+edit,NICE_bounded+edit,1,OK,0.0,0.004572868347167969,0.37327112699358084,2.0,"{""nevents"": 103.0, ""ndays_act"": 30.0, ""nchapters"": 6.0}"
HarvardX,0,aligned,0,5445,MCCE,native,MCCE_native,0,out_of_bounds:nevents,0.0,0.05519294738769531,1.0502283105022832,2.0,"{""nevents"": 39.0, ""ndays_act"": 15.0, ""nchapters"": 12.0}"
HarvardX,0,aligned,0,5445,MCCE,bounded,MCCE_bounded,1,OK,0.0,0.05519294738769531,0.8347892263913705,3.0,"{""nevents"": 92.0, ""ndays_act"": 29.0, ""nchapters"": 9.0}"
HarvardX,0,aligned,0,5445,MCCE,bounded+edit,MCCE_bounded+edit,1,OK,0.0,0.05519294738769531,0.8347892263913705,3.0,"{""nevents"": 92.0, ""ndays_act"": 29.0, ""nchapters"": 9.0}"
HarvardX,0,aligned,0,5476,NICE,native,NICE_native,1,OK,0.0,0.009297609329223633,0.2885418361260235,2.0,"{""nevents"": 66.0, ""ndays_act"": 21.0, ""nchapters"": 7.0}"
HarvardX,0,aligned,0,5476,NICE,bounded,NICE_bounded,1,OK,0.0,0.009297609329223633,0.2885418361260235,2.0,"{""nevents"": 66.0, ""ndays_act"": 21.0, ""nchapters"": 7.0}"
HarvardX,0,aligned,0,5476,NICE,bounded+edit,NICE_bounded+edit,1,OK,0.0,0.009297609329223633,0.2885418361260235,2.0,"{""nevents"": 66.0, ""ndays_act"": 21.0, ""nchapters"": 7.0}"
HarvardX,0,aligned,0,5476,MCCE,native,MCCE_native,1,OK,0.0,0.060761451721191406,1.2222222222222223,2.0,"{""nevents"": 46.0, ""ndays_act"": 19.0, ""nchapters"": 12.0}"
HarvardX,0,aligned,0,5476,MCCE,bounded,MCCE_bounded,1,OK,0.0,0.060761451721191406,1.2222222222222223,2.0,"{""nevents"": 46.0, ""ndays_act"": 19.0, ""nchapters"": 12.0}"
HarvardX,0,aligned,0,5476,MCCE,bounded+edit,MCCE_bounded+edit,1,OK,0.0,0.060761451721191406,1.2222222222222223,2.0,"{""nevents"": 46.0, ""ndays_act"": 19.0, ""nchapters"": 12.0}"
HarvardX,0,aligned,0,5535,NICE,native,NICE_native,0,out_of_bounds:nevents,0.0,0.00553441047668457,0.30608301886792455,2.0,"{""nevents"": 66.0, ""ndays_act"": 21.0, ""nchapters"": 7.0}"
HarvardX,0,aligned,0,5535,NICE,bounded,NICE_bounded,0,classifier_target_not_met,0.0,0.00553441047668457,0.24528301886792453,1.0,"{""nevents"": 104.0, ""ndays_act"": 21.0, ""nchapters"": 7.0}"
HarvardX,0,aligned,0,5535,NICE,bounded+edit,NICE_bounded+edit,0,classifier_target_not_met,0.0,0.00553441047668457,0.24528301886792453,1.0,"{""nevents"": 104.0, ""ndays_act"": 21.0, ""nchapters"": 7.0}"
HarvardX,0,aligned,0,5535,MCCE,native,MCCE_native,0,out_of_bounds:nevents,0.0,0.05551290512084961,1.152,2.0,"{""nevents"": 9.0, ""ndays_act"": 8.0, ""nchapters"": 12.0}"
HarvardX,0,aligned,0,5535,MCCE,bounded,MCCE_bounded,1,OK,0.0,0.05551290512084961,1.135366037735849,3.0,"{""nevents"": 132.0, ""ndays_act"": 34.0, ""nchapters"": 10.0}"
HarvardX,0,aligned,0,5535,MCCE,bounded+edit,MCCE_bounded+edit,1,OK,0.0,0.05551290512084961,1.135366037735849,3.0,"{""nevents"": 132.0, ""ndays_act"": 34.0, ""nchapters"": 10.0}"
HarvardX,0,aligned,0,5543,NICE,native,NICE_native,0,out_of_bounds:nevents,0.0,0.0069539546966552734,0.176657824933687,2.0,"{""nevents"": 9.0, ""ndays_act"": 7.0, ""nchapters"": 12.0}"
HarvardX,0,aligned,0,5543,NICE,bounded,NICE_bounded,0,classifier_target_not_met,0.0,0.0069539546966552734,0.06896551724137931,1.0,"{""nevents"": 79.0, ""ndays_act"": 7.0, ""nchapters"": 12.0}"
HarvardX,0,aligned,0,5543,NICE,bounded+edit,NICE_bounded+edit,0,classifier_target_not_met,0.0,0.0069539546966552734,0.06896551724137931,1.0,"{""nevents"": 79.0, ""ndays_act"": 7.0, ""nchapters"": 12.0}"
HarvardX,0,aligned,0,5543,MCCE,native,MCCE_native,1,OK,0.0,0.028706789016723633,0.20689655172413793,1.0,"{""nevents"": 79.0, ""ndays_act"": 15.0, ""nchapters"": 12.0}"
HarvardX,0,aligned,0,5543,MCCE,bounded,MCCE_bounded,1,OK,0.0,0.028706789016723633,0.20689655172413793,1.0,"{""nevents"": 79.0, ""ndays_act"": 15.0, ""nchapters"": 12.0}"
HarvardX,0,aligned,0,5543,MCCE,bounded+edit,MCCE_bounded+edit,1,OK,0.0,0.028706789016723633,0.20689655172413793,1.0,"{""nevents"": 79.0, ""ndays_act"": 15.0, ""nchapters"": 12.0}"
HarvardX,0,aligned,0,5553,NICE,native,NICE_native,0,out_of_bounds:nevents,0.0,0.006679534912109375,0.18470705064548162,2.0,"{""nevents"": 9.0, ""ndays_act"": 7.0, ""nchapters"": 12.0}"
HarvardX,0,aligned,0,5553,NICE,bounded,NICE_bounded,0,classifier_target_not_met,0.0,0.006679534912109375,0.05263157894736842,1.0,"{""nevents"": 93.0, ""ndays_act"": 7.0, ""nchapters"": 12.0}"
HarvardX,0,aligned,0,5553,NICE,bounded+edit,NICE_bounded+edit,0,classifier_target_not_met,0.0,0.006679534912109375,0.05263157894736842,1.0,"{""nevents"": 93.0, ""ndays_act"": 7.0, ""nchapters"": 12.0}"
HarvardX,0,aligned,0,5553,MCCE,native,MCCE_native,0,out_of_bounds:nevents,0.0,0.02991008758544922,0.18470705064548162,2.0,"{""nevents"": 9.0, ""ndays_act"": 7.0, ""nchapters"": 12.0}"
HarvardX,0,aligned,0,5553,MCCE,bounded,MCCE_bounded,1,OK,0.0,0.02991008758544922,0.28674280039721944,2.0,"{""nevents"": 108.0, ""ndays_act"": 19.0, ""nchapters"": 12.0}"
HarvardX,0,aligned,0,5553,MCCE,bounded+edit,MCCE_bounded+edit,1,OK,0.0,0.02991008758544922,0.28674280039721944,2.0,"{""nevents"": 108.0, ""ndays_act"": 19.0, ""nchapters"": 12.0}"
HarvardX,0,aligned,0,5575,NICE,native,NICE_native,1,OK,0.0,0.003574371337890625,0.19362745098039216,1.0,"{""nevents"": 400.0, ""ndays_act"": 67.0, ""nchapters"": 12.0}"
HarvardX,0,aligned,0,5575,NICE,bounded,NICE_bounded,1,OK,0.0,0.003574371337890625,0.19362745098039216,1.0,"{""nevents"": 400.0, ""ndays_act"": 67.0, ""nchapters"": 12.0}"
HarvardX,0,aligned,0,5575,NICE,bounded+edit,NICE_bounded+edit,1,OK,0.0,0.003574371337890625,0.19362745098039216,1.0,"{""nevents"": 400.0, ""ndays_act"": 67.0, ""nchapters"": 12.0}"
HarvardX,0,aligned,0,5575,MCCE,native,MCCE_native,1,OK,0.0,0.031224966049194336,0.2965686274509804,1.0,"{""nevents"": 442.0, ""ndays_act"": 67.0, ""nchapters"": 12.0}"
HarvardX,0,aligned,0,5575,MCCE,bounded,MCCE_bounded,1,OK,0.0,0.031224966049194336,0.2965686274509804,1.0,"{""nevents"": 442.0, ""ndays_act"": 67.0, ""nchapters"": 12.0}"
HarvardX,0,aligned,0,5575,MCCE,bounded+edit,MCCE_bounded+edit,1,OK,0.0,0.031224966049194336,0.2965686274509804,1.0,"{""nevents"": 442.0, ""ndays_act"": 67.0, ""nchapters"": 12.0}"
HarvardX,0,aligned,0,5624,NICE,native,NICE_native,1,OK,0.0,0.004912376403808594,0.12709977737300143,2.0,"{""nevents"": 9.0, ""ndays_act"": 7.0, ""nchapters"": 12.0}"
HarvardX,0,aligned,0,5624,NICE,bounded,NICE_bounded,1,OK,0.0,0.004912376403808594,0.12709977737300143,2.0,"{""nevents"": 9.0, ""ndays_act"": 7.0, ""nchapters"": 12.0}"
HarvardX,0,aligned,0,5624,NICE,bounded+edit,NICE_bounded+edit,1,OK,0.0,0.004912376403808594,0.12709977737300143,2.0,"{""nevents"": 9.0, ""ndays_act"": 7.0, ""nchapters"": 12.0}"
HarvardX,0,aligned,0,5624,MCCE,native,MCCE_native,1,OK,0.0,0.02764725685119629,0.12709977737300143,2.0,"{""nevents"": 9.0, ""ndays_act"": 7.0, ""nchapters"": 12.0}"
HarvardX,0,aligned,0,5624,MCCE,bounded,MCCE_bounded,1,OK,0.0,0.02764725685119629,0.12709977737300143,2.0,"{""nevents"": 9.0, ""ndays_act"": 7.0, ""nchapters"": 12.0}"
HarvardX,0,aligned,0,5624,MCCE,bounded+edit,MCCE_bounded+edit,1,OK,0.0,0.02764725685119629,0.12709977737300143,2.0,"{""nevents"": 9.0, ""ndays_act"": 7.0, ""nchapters"": 12.0}"
HarvardX,0,aligned,0,5658,NICE,native,NICE_native,1,OK,0.0,0.004361867904663086,0.20588235294117646,1.0,"{""nevents"": 407.0, ""ndays_act"": 34.0, ""nchapters"": 10.0}"
HarvardX,0,aligned,0,5658,NICE,bounded,NICE_bounded,1,OK,0.0,0.004361867904663086,0.20588235294117646,1.0,"{""nevents"": 407.0, ""ndays_act"": 34.0, ""nchapters"": 10.0}"
HarvardX,0,aligned,0,5658,NICE,bounded+edit,NICE_bounded+edit,1,OK,0.0,0.004361867904663086,0.20588235294117646,1.0,"{""nevents"": 407.0, ""ndays_act"": 34.0, ""nchapters"": 10.0}"
HarvardX,0,aligned,0,5658,MCCE,native,MCCE_native,0,out_of_bounds:nevents;out_of_bounds:ndays_act,0.0,0.054480791091918945,1.0834855681402995,2.0,"{""nevents"": 96.0, ""ndays_act"": 23.0, ""nchapters"": 10.0}"
HarvardX,0,aligned,0,5658,MCCE,bounded,MCCE_bounded,1,OK,0.0,0.054480791091918945,0.7482645232005846,2.0,"{""nevents"": 468.0, ""ndays_act"": 46.0, ""nchapters"": 10.0}"
HarvardX,0,aligned,0,5658,MCCE,bounded+edit,MCCE_bounded+edit,1,OK,0.0,0.054480791091918945,0.7482645232005846,2.0,"{""nevents"": 468.0, ""ndays_act"": 46.0, ""nchapters"": 10.0}"
HarvardX,0,aligned,0,5681,NICE,native,NICE_native,1,OK,0.0,0.005404472351074219,0.35912531539108494,2.0,"{""nevents"": 66.0, ""ndays_act"": 21.0, ""nchapters"": 7.0}"
HarvardX,0,aligned,0,5681,NICE,bounded,NICE_bounded,1,OK,0.0,0.005404472351074219,0.35912531539108494,2.0,"{""nevents"": 66.0, ""ndays_act"": 21.0, ""nchapters"": 7.0}"
HarvardX,0,aligned,0,5681,NICE,bounded+edit,NICE_bounded+edit,1,OK,0.0,0.005404472351074219,0.35912531539108494,2.0,"{""nevents"": 66.0, ""ndays_act"": 21.0, ""nchapters"": 7.0}"
HarvardX,0,aligned,0,5681,MCCE,native,MCCE_native,1,OK,0.0,0.06166672706604004,0.9343590758422797,3.0,"{""nevents"": 92.0, ""ndays_act"": 29.0, ""nchapters"": 9.0}"
HarvardX,0,aligned,0,5681,MCCE,bounded,MCCE_bounded,1,OK,0.0,0.06166672706604004,0.9343590758422797,3.0,"{""nevents"": 92.0, ""ndays_act"": 29.0, ""nchapters"": 9.0}"
HarvardX,0,aligned,0,5681,MCCE,bounded+edit,MCCE_bounded+edit,1,OK,0.0,0.06166672706604004,0.9343590758422797,3.0,"{""nevents"": 92.0, ""ndays_act"": 29.0, ""nchapters"": 9.0}"
HarvardX,0,aligned,0,5698,NICE,native,NICE_native,1,OK,0.0,0.00514674186706543,0.14349321999595224,2.0,"{""nevents"": 9.0, ""ndays_act"": 8.0, ""nchapters"": 10.0}"
HarvardX,0,aligned,0,5698,NICE,bounded,NICE_bounded,1,OK,0.0,0.00514674186706543,0.14349321999595224,2.0,"{""nevents"": 9.0, ""ndays_act"": 8.0, ""nchapters"": 10.0}"
HarvardX,0,aligned,0,5698,NICE,bounded+edit,NICE_bounded+edit,1,OK,0.0,0.00514674186706543,0.14349321999595224,2.0,"{""nevents"": 9.0, ""ndays_act"": 8.0, ""nchapters"": 10.0}"
HarvardX,0,aligned,0,5698,MCCE,native,MCCE_native,1,OK,0.0,0.04386138916015625,0.39789516292248533,2.0,"{""nevents"": 63.0, ""ndays_act"": 19.0, ""nchapters"": 10.0}"
HarvardX,0,aligned,0,5698,MCCE,bounded,MCCE_bounded,1,OK,0.0,0.04386138916015625,0.39789516292248533,2.0,"{""nevents"": 63.0, ""ndays_act"": 19.0, ""nchapters"": 10.0}"
HarvardX,0,aligned,0,5698,MCCE,bounded+edit,MCCE_bounded+edit,1,OK,0.0,0.04386138916015625,0.39789516292248533,2.0,"{""nevents"": 63.0, ""ndays_act"": 19.0, ""nchapters"": 10.0}"
HarvardX,0,aligned,0,5707,NICE,native,NICE_native,1,OK,0.0,0.004849433898925781,0.6330927162742584,2.0,"{""nevents"": 103.0, ""ndays_act"": 30.0, ""nchapters"": 6.0}"
HarvardX,0,aligned,0,5707,NICE,bounded,NICE_bounded,1,OK,0.0,0.004849433898925781,0.6330927162742584,2.0,"{""nevents"": 103.0, ""ndays_act"": 30.0, ""nchapters"": 6.0}"
HarvardX,0,aligned,0,5707,NICE,bounded+edit,NICE_bounded+edit,1,OK,0.0,0.004849433898925781,0.6330927162742584,2.0,"{""nevents"": 103.0, ""ndays_act"": 30.0, ""nchapters"": 6.0}"
HarvardX,0,aligned,0,5707,MCCE,native,MCCE_native,1,OK,0.0,0.039895057678222656,1.1016101104139961,3.0,"{""nevents"": 92.0, ""ndays_act"": 29.0, ""nchapters"": 9.0}"
HarvardX,0,aligned,0,5707,MCCE,bounded,MCCE_bounded,1,OK,0.0,0.039895057678222656,1.1016101104139961,3.0,"{""nevents"": 92.0, ""ndays_act"": 29.0, ""nchapters"": 9.0}"
HarvardX,0,aligned,0,5707,MCCE,bounded+edit,MCCE_bounded+edit,1,OK,0.0,0.039895057678222656,1.1016101104139961,3.0,"{""nevents"": 92.0, ""ndays_act"": 29.0, ""nchapters"": 9.0}"
HarvardX,0,aligned,0,5708,NICE,native,NICE_native,0,out_of_bounds:nevents,0.0,0.004679441452026367,0.2115063260921461,2.0,"{""nevents"": 9.0, ""ndays_act"": 7.0, ""nchapters"": 12.0}"
HarvardX,0,aligned,0,5708,NICE,bounded,NICE_bounded,0,classifier_target_not_met,0.0,0.004679441452026367,0.0847457627118644,1.0,"{""nevents"": 90.0, ""ndays_act"": 7.0, ""nchapters"": 12.0}"
HarvardX,0,aligned,0,5708,NICE,bounded+edit,NICE_bounded+edit,0,classifier_target_not_met,0.0,0.004679441452026367,0.0847457627118644,1.0,"{""nevents"": 90.0, ""ndays_act"": 7.0, ""nchapters"": 12.0}"
HarvardX,0,aligned,0,5708,MCCE,native,MCCE_native,0,out_of_bounds:nevents,0.0,0.02628612518310547,0.2115063260921461,2.0,"{""nevents"": 9.0, ""ndays_act"": 7.0, ""nchapters"": 12.0}"
HarvardX,0,aligned,0,5708,MCCE,bounded,MCCE_bounded,1,OK,0.0,0.02628612518310547,0.31630460730484605,2.0,"{""nevents"": 108.0, ""ndays_act"": 19.0, ""nchapters"": 12.0}"
HarvardX,0,aligned,0,5708,MCCE,bounded+edit,MCCE_bounded+edit,1,OK,0.0,0.02628612518310547,0.31630460730484605,2.0,"{""nevents"": 108.0, ""ndays_act"": 19.0, ""nchapters"": 12.0}"
HarvardX,0,aligned,0,5722,NICE,native,NICE_native,1,OK,0.0,0.0046901702880859375,0.27887775966042916,2.0,"{""nevents"": 52.0, ""ndays_act"": 19.0, ""nchapters"": 8.0}"
HarvardX,0,aligned,0,5722,NICE,bounded,NICE_bounded,1,OK,0.0,0.0046901702880859375,0.27887775966042916,2.0,"{""nevents"": 52.0, ""ndays_act"": 19.0, ""nchapters"": 8.0}"
HarvardX,0,aligned,0,5722,NICE,bounded+edit,NICE_bounded+edit,1,OK,0.0,0.0046901702880859375,0.27887775966042916,2.0,"{""nevents"": 52.0, ""ndays_act"": 19.0, ""nchapters"": 8.0}"
HarvardX,0,aligned,0,5722,MCCE,native,MCCE_native,1,OK,0.0,0.04044675827026367,1.0123456790123457,2.0,"{""nevents"": 9.0, ""ndays_act"": 8.0, ""nchapters"": 12.0}"
HarvardX,0,aligned,0,5722,MCCE,bounded,MCCE_bounded,1,OK,0.0,0.04044675827026367,1.0123456790123457,2.0,"{""nevents"": 9.0, ""ndays_act"": 8.0, ""nchapters"": 12.0}"
HarvardX,0,aligned,0,5722,MCCE,bounded+edit,MCCE_bounded+edit,1,OK,0.0,0.04044675827026367,1.0123456790123457,2.0,"{""nevents"": 9.0, ""ndays_act"": 8.0, ""nchapters"": 12.0}"
HarvardX,0,aligned,0,5733,NICE,native,NICE_native,1,OK,0.0,0.0046842098236083984,0.12709977737300143,2.0,"{""nevents"": 9.0, ""ndays_act"": 7.0, ""nchapters"": 12.0}"
HarvardX,0,aligned,0,5733,NICE,bounded,NICE_bounded,1,OK,0.0,0.0046842098236083984,0.12709977737300143,2.0,"{""nevents"": 9.0, ""ndays_act"": 7.0, ""nchapters"": 12.0}"
HarvardX,0,aligned,0,5733,NICE,bounded+edit,NICE_bounded+edit,1,OK,0.0,0.0046842098236083984,0.12709977737300143,2.0,"{""nevents"": 9.0, ""ndays_act"": 7.0, ""nchapters"": 12.0}"
HarvardX,0,aligned,0,5733,MCCE,native,MCCE_native,1,OK,0.0,0.027345657348632812,0.12709977737300143,2.0,"{""nevents"": 9.0, ""ndays_act"": 7.0, ""nchapters"": 12.0}"
HarvardX,0,aligned,0,5733,MCCE,bounded,MCCE_bounded,1,OK,0.0,0.027345657348632812,0.12709977737300143,2.0,"{""nevents"": 9.0, ""ndays_act"": 7.0, ""nchapters"": 12.0}"
HarvardX,0,aligned,0,5733,MCCE,bounded+edit,MCCE_bounded+edit,1,OK,0.0,0.027345657348632812,0.12709977737300143,2.0,"{""nevents"": 9.0, ""ndays_act"": 7.0, ""nchapters"": 12.0}"
HarvardX,0,aligned,0,5750,NICE,native,NICE_native,1,OK,0.0,0.00461268424987793,0.6186924493554328,2.0,"{""nevents"": 103.0, ""ndays_act"": 30.0, ""nchapters"": 6.0}"
HarvardX,0,aligned,0,5750,NICE,bounded,NICE_bounded,1,OK,0.0,0.00461268424987793,0.6186924493554328,2.0,"{""nevents"": 103.0, ""ndays_act"": 30.0, ""nchapters"": 6.0}"
HarvardX,0,aligned,0,5750,NICE,bounded+edit,NICE_bounded+edit,1,OK,0.0,0.00461268424987793,0.6186924493554328,2.0,"{""nevents"": 103.0, ""ndays_act"": 30.0, ""nchapters"": 6.0}"
HarvardX,0,aligned,0,5750,MCCE,native,MCCE_native,1,OK,0.0,0.03984570503234863,1.0868324125230202,3.0,"{""nevents"": 92.0, ""ndays_act"": 29.0, ""nchapters"": 9.0}"
HarvardX,0,aligned,0,5750,MCCE,bounded,MCCE_bounded,1,OK,0.0,0.03984570503234863,1.0868324125230202,3.0,"{""nevents"": 92.0, ""ndays_act"": 29.0, ""nchapters"": 9.0}"
HarvardX,0,aligned,0,5750,MCCE,bounded+edit,MCCE_bounded+edit,1,OK,0.0,0.03984570503234863,1.0868324125230202,3.0,"{""nevents"": 92.0, ""ndays_act"": 29.0, ""nchapters"": 9.0}"
HarvardX,0,aligned,0,5756,NICE,native,NICE_native,0,out_of_bounds:nevents,0.0,0.004604339599609375,0.26618819776714514,2.0,"{""nevents"": 67.0, ""ndays_act"": 19.0, ""nchapters"": 9.0}"
HarvardX,0,aligned,0,5756,NICE,bounded,NICE_bounded,0,classifier_target_not_met,0.0,0.004604339599609375,0.2631578947368421,1.0,"{""nevents"": 69.0, ""ndays_act"": 19.0, ""nchapters"": 9.0}"
HarvardX,0,aligned,0,5756,NICE,bounded+edit,NICE_bounded+edit,0,classifier_target_not_met,0.0,0.004604339599609375,0.2631578947368421,1.0,"{""nevents"": 69.0, ""ndays_act"": 19.0, ""nchapters"": 9.0}"
HarvardX,0,aligned,0,5756,MCCE,native,MCCE_native,1,OK,0.0,0.040068864822387695,0.473444976076555,2.0,"{""nevents"": 92.0, ""ndays_act"": 29.0, ""nchapters"": 9.0}"
HarvardX,0,aligned,0,5756,MCCE,bounded,MCCE_bounded,1,OK,0.0,0.040068864822387695,0.473444976076555,2.0,"{""nevents"": 92.0, ""ndays_act"": 29.0, ""nchapters"": 9.0}"
HarvardX,0,aligned,0,5756,MCCE,bounded+edit,MCCE_bounded+edit,1,OK,0.0,0.040068864822387695,0.473444976076555,2.0,"{""nevents"": 92.0, ""ndays_act"": 29.0, ""nchapters"": 9.0}"
HarvardX,0,aligned,0,5760,NICE,native,NICE_native,1,OK,0.0,0.004628658294677734,0.0861327252638755,2.0,"{""nevents"": 9.0, ""ndays_act"": 7.0, ""nchapters"": 12.0}"
HarvardX,0,aligned,0,5760,NICE,bounded,NICE_bounded,1,OK,0.0,0.004628658294677734,0.0861327252638755,2.0,"{""nevents"": 9.0, ""ndays_act"": 7.0, ""nchapters"": 12.0}"
HarvardX,0,aligned,0,5760,NICE,bounded+edit,NICE_bounded+edit,1,OK,0.0,0.004628658294677734,0.0861327252638755,2.0,"{""nevents"": 9.0, ""ndays_act"": 7.0, ""nchapters"": 12.0}"
HarvardX,0,aligned,0,5760,MCCE,native,MCCE_native,1,OK,0.0,0.025522947311401367,0.0861327252638755,2.0,"{""nevents"": 9.0, ""ndays_act"": 7.0, ""nchapters"": 12.0}"
HarvardX,0,aligned,0,5760,MCCE,bounded,MCCE_bounded,1,OK,0.0,0.025522947311401367,0.0861327252638755,2.0,"{""nevents"": 9.0, ""ndays_act"": 7.0, ""nchapters"": 12.0}"
HarvardX,0,aligned,0,5760,MCCE,bounded+edit,MCCE_bounded+edit,1,OK,0.0,0.025522947311401367,0.0861327252638755,2.0,"{""nevents"": 9.0, ""ndays_act"": 7.0, ""nchapters"": 12.0}"
HarvardX,0,aligned,0,5777,NICE,native,NICE_native,1,OK,0.0,0.00458073616027832,0.12709977737300143,2.0,"{""nevents"": 9.0, ""ndays_act"": 7.0, ""nchapters"": 12.0}"
HarvardX,0,aligned,0,5777,NICE,bounded,NICE_bounded,1,OK,0.0,0.00458073616027832,0.12709977737300143,2.0,"{""nevents"": 9.0, ""ndays_act"": 7.0, ""nchapters"": 12.0}"
HarvardX,0,aligned,0,5777,NICE,bounded+edit,NICE_bounded+edit,1,OK,0.0,0.00458073616027832,0.12709977737300143,2.0,"{""nevents"": 9.0, ""ndays_act"": 7.0, ""nchapters"": 12.0}"
HarvardX,0,aligned,0,5777,MCCE,native,MCCE_native,1,OK,0.0,0.026000261306762695,0.12709977737300143,2.0,"{""nevents"": 9.0, ""ndays_act"": 7.0, ""nchapters"": 12.0}"
HarvardX,0,aligned,0,5777,MCCE,bounded,MCCE_bounded,1,OK,0.0,0.026000261306762695,0.12709977737300143,2.0,"{""nevents"": 9.0, ""ndays_act"": 7.0, ""nchapters"": 12.0}"
HarvardX,0,aligned,0,5777,MCCE,bounded+edit,MCCE_bounded+edit,1,OK,0.0,0.026000261306762695,0.12709977737300143,2.0,"{""nevents"": 9.0, ""ndays_act"": 7.0, ""nchapters"": 12.0}"
HarvardX,0,aligned,0,5784,NICE,native,NICE_native,1,OK,0.0,0.004857778549194336,0.2460365647979491,2.0,"{""nevents"": 24.0, ""ndays_act"": 13.0, ""nchapters"": 11.0}"
HarvardX,0,aligned,0,5784,NICE,bounded,NICE_bounded,1,OK,0.0,0.004857778549194336,0.2460365647979491,2.0,"{""nevents"": 24.0, ""ndays_act"": 13.0, ""nchapters"": 11.0}"
HarvardX,0,aligned,0,5784,NICE,bounded+edit,NICE_bounded+edit,1,OK,0.0,0.004857778549194336,0.2460365647979491,2.0,"{""nevents"": 24.0, ""ndays_act"": 13.0, ""nchapters"": 11.0}"
HarvardX,0,aligned,0,5784,MCCE,native,MCCE_native,1,OK,0.0,0.040273189544677734,0.5072297555600531,2.0,"{""nevents"": 71.0, ""ndays_act"": 25.0, ""nchapters"": 11.0}"
HarvardX,0,aligned,0,5784,MCCE,bounded,MCCE_bounded,1,OK,0.0,0.040273189544677734,0.5072297555600531,2.0,"{""nevents"": 71.0, ""ndays_act"": 25.0, ""nchapters"": 11.0}"
HarvardX,0,aligned,0,5784,MCCE,bounded+edit,MCCE_bounded+edit,1,OK,0.0,0.040273189544677734,0.5072297555600531,2.0,"{""nevents"": 71.0, ""ndays_act"": 25.0, ""nchapters"": 11.0}"
HarvardX,0,aligned,0,5805,NICE,native,NICE_native,1,OK,0.0,0.005188703536987305,0.40338213137241674,2.0,"{""nevents"": 67.0, ""ndays_act"": 19.0, ""nchapters"": 9.0}"
HarvardX,0,aligned,0,5805,NICE,bounded,NICE_bounded,1,OK,0.0,0.005188703536987305,0.40338213137241674,2.0,"{""nevents"": 67.0, ""ndays_act"": 19.0, ""nchapters"": 9.0}"
HarvardX,0,aligned,0,5805,NICE,bounded+edit,NICE_bounded+edit,1,OK,0.0,0.005188703536987305,0.40338213137241674,2.0,"{""nevents"": 67.0, ""ndays_act"": 19.0, ""nchapters"": 9.0}"
HarvardX,0,aligned,0,5805,MCCE,native,MCCE_native,1,OK,0.0,0.039337873458862305,0.6016101104139963,2.0,"{""nevents"": 92.0, ""ndays_act"": 29.0, ""nchapters"": 9.0}"
HarvardX,0,aligned,0,5805,MCCE,bounded,MCCE_bounded,1,OK,0.0,0.039337873458862305,0.6016101104139963,2.0,"{""nevents"": 92.0, ""ndays_act"": 29.0, ""nchapters"": 9.0}"
HarvardX,0,aligned,0,5805,MCCE,bounded+edit,MCCE_bounded+edit,1,OK,0.0,0.039337873458862305,0.6016101104139963,2.0,"{""nevents"": 92.0, ""ndays_act"": 29.0, ""nchapters"": 9.0}"
HarvardX,0,aligned,0,5821,NICE,native,NICE_native,0,out_of_bounds:nevents,0.0,0.005086660385131836,0.28398878012479245,2.0,"{""nevents"": 66.0, ""ndays_act"": 21.0, ""nchapters"": 7.0}"
HarvardX,0,aligned,0,5821,NICE,bounded,NICE_bounded,0,classifier_target_not_met,0.0,0.005086660385131836,0.25925925925925924,1.0,"{""nevents"": 82.0, ""ndays_act"": 21.0, ""nchapters"": 7.0}"
HarvardX,0,aligned,0,5821,NICE,bounded+edit,NICE_bounded+edit,0,classifier_target_not_met,0.0,0.005086660385131836,0.25925925925925924,1.0,"{""nevents"": 82.0, ""ndays_act"": 21.0, ""nchapters"": 7.0}"
HarvardX,0,aligned,0,5821,MCCE,native,MCCE_native,1,OK,0.0,0.04125404357910156,0.8228633579483657,3.0,"{""nevents"": 92.0, ""ndays_act"": 29.0, ""nchapters"": 9.0}"
HarvardX,0,aligned,0,5821,MCCE,bounded,MCCE_bounded,1,OK,0.0,0.04125404357910156,0.8228633579483657,3.0,"{""nevents"": 92.0, ""ndays_act"": 29.0, ""nchapters"": 9.0}"
HarvardX,0,aligned,0,5821,MCCE,bounded+edit,MCCE_bounded+edit,1,OK,0.0,0.04125404357910156,0.8228633579483657,3.0,"{""nevents"": 92.0, ""ndays_act"": 29.0, ""nchapters"": 9.0}"
HarvardX,0,aligned,0,5894,NICE,native,NICE_native,0,out_of_bounds:nevents,0.0,0.004766225814819336,0.09518716577540107,2.0,"{""nevents"": 9.0, ""ndays_act"": 8.0, ""nchapters"": 10.0}"
HarvardX,0,aligned,0,5894,NICE,bounded,NICE_bounded,0,classifier_target_not_met,0.0,0.004766225814819336,0.03636363636363636,1.0,"{""nevents"": 49.0, ""ndays_act"": 8.0, ""nchapters"": 10.0}"
HarvardX,0,aligned,0,5894,NICE,bounded+edit,NICE_bounded+edit,0,classifier_target_not_met,0.0,0.004766225814819336,0.03636363636363636,1.0,"{""nevents"": 49.0, ""ndays_act"": 8.0, ""nchapters"": 10.0}"
HarvardX,0,aligned,0,5894,MCCE,native,MCCE_native,1,OK,0.0,0.04123377799987793,0.256951871657754,2.0,"{""nevents"": 63.0, ""ndays_act"": 19.0, ""nchapters"": 10.0}"
HarvardX,0,aligned,0,5894,MCCE,bounded,MCCE_bounded,1,OK,0.0,0.04123377799987793,0.256951871657754,2.0,"{""nevents"": 63.0, ""ndays_act"": 19.0, ""nchapters"": 10.0}"
HarvardX,0,aligned,0,5894,MCCE,bounded+edit,MCCE_bounded+edit,1,OK,0.0,0.04123377799987793,0.256951871657754,2.0,"{""nevents"": 63.0, ""ndays_act"": 19.0, ""nchapters"": 10.0}"
HarvardX,0,aligned,0,5906,NICE,native,NICE_native,0,out_of_bounds:nevents,0.0,0.00483250617980957,0.08070702882023637,2.0,"{""nevents"": 9.0, ""ndays_act"": 7.0, ""nchapters"": 12.0}"
HarvardX,0,aligned,0,5906,NICE,bounded,NICE_bounded,0,classifier_target_not_met,0.0,0.00483250617980957,0.03571428571428571,1.0,"{""nevents"": 40.0, ""ndays_act"": 7.0, ""nchapters"": 12.0}"
HarvardX,0,aligned,0,5906,NICE,bounded+edit,NICE_bounded+edit,0,classifier_target_not_met,0.0,0.00483250617980957,0.03571428571428571,1.0,"{""nevents"": 40.0, ""ndays_act"": 7.0, ""nchapters"": 12.0}"
HarvardX,0,aligned,0,5906,MCCE,native,MCCE_native,1,OK,0.0,0.027086257934570312,0.19642857142857142,1.0,"{""nevents"": 40.0, ""ndays_act"": 16.0, ""nchapters"": 12.0}"
HarvardX,0,aligned,0,5906,MCCE,bounded,MCCE_bounded,1,OK,0.0,0.027086257934570312,0.19642857142857142,1.0,"{""nevents"": 40.0, ""ndays_act"": 16.0, ""nchapters"": 12.0}"
HarvardX,0,aligned,0,5906,MCCE,bounded+edit,MCCE_bounded+edit,1,OK,0.0,0.027086257934570312,0.19642857142857142,1.0,"{""nevents"": 40.0, ""ndays_act"": 16.0, ""nchapters"": 12.0}"
HarvardX,0,aligned,0,5916,NICE,native,NICE_native,1,OK,0.0,0.0047342777252197266,0.23390105433901054,2.0,"{""nevents"": 52.0, ""ndays_act"": 19.0, ""nchapters"": 8.0}"
HarvardX,0,aligned,0,5916,NICE,bounded,NICE_bounded,1,OK,0.0,0.0047342777252197266,0.23390105433901054,2.0,"{""nevents"": 52.0, ""ndays_act"": 19.0, ""nchapters"": 8.0}"
HarvardX,0,aligned,0,5916,NICE,bounded+edit,NICE_bounded+edit,1,OK,0.0,0.0047342777252197266,0.23390105433901054,2.0,"{""nevents"": 52.0, ""ndays_act"": 19.0, ""nchapters"": 8.0}"
HarvardX,0,aligned,0,5916,MCCE,native,MCCE_native,1,OK,0.0,0.04244518280029297,0.7274804001081373,3.0,"{""nevents"": 92.0, ""ndays_act"": 29.0, ""nchapters"": 9.0}"
HarvardX,0,aligned,0,5916,MCCE,bounded,MCCE_bounded,1,OK,0.0,0.04244518280029297,0.7274804001081373,3.0,"{""nevents"": 92.0, ""ndays_act"": 29.0, ""nchapters"": 9.0}"
HarvardX,0,aligned,0,5916,MCCE,bounded+edit,MCCE_bounded+edit,1,OK,0.0,0.04244518280029297,0.7274804001081373,3.0,"{""nevents"": 92.0, ""ndays_act"": 29.0, ""nchapters"": 9.0}"
HarvardX,0,aligned,0,5939,NICE,native,NICE_native,1,OK,0.0,0.004987478256225586,0.4226190476190476,2.0,"{""nevents"": 66.0, ""ndays_act"": 21.0, ""nchapters"": 7.0}"
HarvardX,0,aligned,0,5939,NICE,bounded,NICE_bounded,1,OK,0.0,0.004987478256225586,0.4226190476190476,2.0,"{""nevents"": 66.0, ""ndays_act"": 21.0, ""nchapters"": 7.0}"
HarvardX,0,aligned,0,5939,NICE,bounded+edit,NICE_bounded+edit,1,OK,0.0,0.004987478256225586,0.4226190476190476,2.0,"{""nevents"": 66.0, ""ndays_act"": 21.0, ""nchapters"": 7.0}"
HarvardX,0,aligned,0,5939,MCCE,native,MCCE_native,1,OK,0.0,0.04164695739746094,0.9916666666666667,3.0,"{""nevents"": 92.0, ""ndays_act"": 29.0, ""nchapters"": 9.0}"
HarvardX,0,aligned,0,5939,MCCE,bounded,MCCE_bounded,1,OK,0.0,0.04164695739746094,0.9916666666666667,3.0,"{""nevents"": 92.0, ""ndays_act"": 29.0, ""nchapters"": 9.0}"
HarvardX,0,aligned,0,5939,MCCE,bounded+edit,MCCE_bounded+edit,1,OK,0.0,0.04164695739746094,0.9916666666666667,3.0,"{""nevents"": 92.0, ""ndays_act"": 29.0, ""nchapters"": 9.0}"
HarvardX,0,aligned,0,5953,NICE,native,NICE_native,1,OK,0.0,0.0048253536224365234,0.11234567901234568,2.0,"{""nevents"": 9.0, ""ndays_act"": 7.0, ""nchapters"": 12.0}"
HarvardX,0,aligned,0,5953,NICE,bounded,NICE_bounded,1,OK,0.0,0.0048253536224365234,0.11234567901234568,2.0,"{""nevents"": 9.0, ""ndays_act"": 7.0, ""nchapters"": 12.0}"
HarvardX,0,aligned,0,5953,NICE,bounded+edit,NICE_bounded+edit,1,OK,0.0,0.0048253536224365234,0.11234567901234568,2.0,"{""nevents"": 9.0, ""ndays_act"": 7.0, ""nchapters"": 12.0}"
HarvardX,0,aligned,0,5953,MCCE,native,MCCE_native,1,OK,0.0,0.026968955993652344,0.11234567901234568,2.0,"{""nevents"": 9.0, ""ndays_act"": 7.0, ""nchapters"": 12.0}"
HarvardX,0,aligned,0,5953,MCCE,bounded,MCCE_bounded,1,OK,0.0,0.026968955993652344,0.11234567901234568,2.0,"{""nevents"": 9.0, ""ndays_act"": 7.0, ""nchapters"": 12.0}"
HarvardX,0,aligned,0,5953,MCCE,bounded+edit,MCCE_bounded+edit,1,OK,0.0,0.026968955993652344,0.11234567901234568,2.0,"{""nevents"": 9.0, ""ndays_act"": 7.0, ""nchapters"": 12.0}"
HarvardX,0,aligned,0,5969,NICE,native,NICE_native,0,out_of_bounds:nevents,0.0,0.004754781723022461,0.19824551442198501,2.0,"{""nevents"": 9.0, ""ndays_act"": 8.0, ""nchapters"": 10.0}"
HarvardX,0,aligned,0,5969,NICE,bounded,NICE_bounded,0,classifier_target_not_met,0.0,0.004754781723022461,0.05357142857142857,1.0,"{""nevents"": 100.0, ""ndays_act"": 8.0, ""nchapters"": 10.0}"
HarvardX,0,aligned,0,5969,NICE,bounded+edit,NICE_bounded+edit,0,classifier_target_not_met,0.0,0.004754781723022461,0.05357142857142857,1.0,"{""nevents"": 100.0, ""ndays_act"": 8.0, ""nchapters"": 10.0}"
HarvardX,0,aligned,0,5969,MCCE,native,MCCE_native,0,out_of_bounds:nevents,0.0,0.042209625244140625,0.3088235294117647,2.0,"{""nevents"": 63.0, ""ndays_act"": 19.0, ""nchapters"": 10.0}"
HarvardX,0,aligned,0,5969,MCCE,bounded,MCCE_bounded,1,OK,0.0,0.042209625244140625,0.5687315466727232,2.0,"{""nevents"": 132.0, ""ndays_act"": 34.0, ""nchapters"": 10.0}"
HarvardX,0,aligned,0,5969,MCCE,bounded+edit,MCCE_bounded+edit,1,OK,0.0,0.042209625244140625,0.5687315466727232,2.0,"{""nevents"": 132.0, ""ndays_act"": 34.0, ""nchapters"": 10.0}"
HarvardX,0,aligned,0,6019,NICE,native,NICE_native,1,OK,0.0,0.005159854888916016,0.36877579092159557,2.0,"{""nevents"": 52.0, ""ndays_act"": 19.0, ""nchapters"": 8.0}"
HarvardX,0,aligned,0,6019,NICE,bounded,NICE_bounded,1,OK,0.0,0.005159854888916016,0.36877579092159557,2.0,"{""nevents"": 52.0, ""ndays_act"": 19.0, ""nchapters"": 8.0}"
HarvardX,0,aligned,0,6019,NICE,bounded+edit,NICE_bounded+edit,1,OK,0.0,0.005159854888916016,0.36877579092159557,2.0,"{""nevents"": 52.0, ""ndays_act"": 19.0, ""nchapters"": 8.0}"
HarvardX,0,aligned,0,6019,MCCE,native,MCCE_native,1,OK,0.0,0.040056705474853516,0.8404630903255388,3.0,"{""nevents"": 92.0, ""ndays_act"": 29.0, ""nchapters"": 9.0}"
HarvardX,0,aligned,0,6019,MCCE,bounded,MCCE_bounded,1,OK,0.0,0.040056705474853516,0.8404630903255388,3.0,"{""nevents"": 92.0, ""ndays_act"": 29.0, ""nchapters"": 9.0}"
HarvardX,0,aligned,0,6019,MCCE,bounded+edit,MCCE_bounded+edit,1,OK,0.0,0.040056705474853516,0.8404630903255388,3.0,"{""nevents"": 92.0, ""ndays_act"": 29.0, ""nchapters"": 9.0}"
HarvardX,0,aligned,0,6036,NICE,native,NICE_native,1,OK,0.0,0.004655122756958008,0.14349321999595224,2.0,"{""nevents"": 9.0, ""ndays_act"": 8.0, ""nchapters"": 10.0}"
HarvardX,0,aligned,0,6036,NICE,bounded,NICE_bounded,1,OK,0.0,0.004655122756958008,0.14349321999595224,2.0,"{""nevents"": 9.0, ""ndays_act"": 8.0, ""nchapters"": 10.0}"
HarvardX,0,aligned,0,6036,NICE,bounded+edit,NICE_bounded+edit,1,OK,0.0,0.004655122756958008,0.14349321999595224,2.0,"{""nevents"": 9.0, ""ndays_act"": 8.0, ""nchapters"": 10.0}"
HarvardX,0,aligned,0,6036,MCCE,native,MCCE_native,1,OK,0.0,0.039919376373291016,0.39789516292248533,2.0,"{""nevents"": 63.0, ""ndays_act"": 19.0, ""nchapters"": 10.0}"
HarvardX,0,aligned,0,6036,MCCE,bounded,MCCE_bounded,1,OK,0.0,0.039919376373291016,0.39789516292248533,2.0,"{""nevents"": 63.0, ""ndays_act"": 19.0, ""nchapters"": 10.0}"
HarvardX,0,aligned,0,6036,MCCE,bounded+edit,MCCE_bounded+edit,1,OK,0.0,0.039919376373291016,0.39789516292248533,2.0,"{""nevents"": 63.0, ""ndays_act"": 19.0, ""nchapters"": 10.0}"
HarvardX,0,aligned,0,6053,NICE,native,NICE_native,1,OK,0.0,0.00498199462890625,0.2987704303493777,2.0,"{""nevents"": 52.0, ""ndays_act"": 19.0, ""nchapters"": 8.0}"
HarvardX,0,aligned,0,6053,NICE,bounded,NICE_bounded,1,OK,0.0,0.00498199462890625,0.2987704303493777,2.0,"{""nevents"": 52.0, ""ndays_act"": 19.0, ""nchapters"": 8.0}"
HarvardX,0,aligned,0,6053,NICE,bounded+edit,NICE_bounded+edit,1,OK,0.0,0.00498199462890625,0.2987704303493777,2.0,"{""nevents"": 52.0, ""ndays_act"": 19.0, ""nchapters"": 8.0}"
HarvardX,0,aligned,0,6053,MCCE,native,MCCE_native,1,OK,0.0,0.04049515724182129,0.7811890838206628,3.0,"{""nevents"": 92.0, ""ndays_act"": 29.0, ""nchapters"": 9.0}"
HarvardX,0,aligned,0,6053,MCCE,bounded,MCCE_bounded,1,OK,0.0,0.04049515724182129,0.7811890838206628,3.0,"{""nevents"": 92.0, ""ndays_act"": 29.0, ""nchapters"": 9.0}"
HarvardX,0,aligned,0,6053,MCCE,bounded+edit,MCCE_bounded+edit,1,OK,0.0,0.04049515724182129,0.7811890838206628,3.0,"{""nevents"": 92.0, ""ndays_act"": 29.0, ""nchapters"": 9.0}"
HarvardX,0,aligned,0,6099,NICE,native,NICE_native,0,out_of_bounds:nevents,0.0,0.0036067962646484375,0.11784511784511785,1.0,"{""nevents"": 65.0, ""ndays_act"": 17.0, ""nchapters"": 12.0}"
HarvardX,0,aligned,0,6099,NICE,bounded,NICE_bounded,0,classifier_target_not_met,0.0,0.0036067962646484375,0.0,0.0,"{""nevents"": 135.0, ""ndays_act"": 17.0, ""nchapters"": 12.0}"
HarvardX,0,aligned,0,6099,NICE,bounded+edit,NICE_bounded+edit,0,classifier_target_not_met,0.0,0.0036067962646484375,0.0,0.0,"{""nevents"": 135.0, ""ndays_act"": 17.0, ""nchapters"": 12.0}"
HarvardX,0,aligned,0,6099,MCCE,native,MCCE_native,0,out_of_bounds:nevents,0.0,0.026461124420166016,0.15656565656565657,1.0,"{""nevents"": 42.0, ""ndays_act"": 17.0, ""nchapters"": 12.0}"
HarvardX,0,aligned,0,6099,MCCE,bounded,MCCE_bounded,1,OK,0.0,0.026461124420166016,0.20454545454545456,1.0,"{""nevents"": 135.0, ""ndays_act"": 26.0, ""nchapters"": 12.0}"
HarvardX,0,aligned,0,6099,MCCE,bounded+edit,MCCE_bounded+edit,1,OK,0.0,0.026461124420166016,0.20454545454545456,1.0,"{""nevents"": 135.0, ""ndays_act"": 26.0, ""nchapters"": 12.0}"
HarvardX,0,aligned,0,6144,NICE,native,NICE_native,0,out_of_bounds:nevents;out_of_bounds:ndays_act,0.0,0.004555225372314453,0.3712647998496523,2.0,"{""nevents"": 309.0, ""ndays_act"": 26.0, ""nchapters"": 12.0}"
HarvardX,0,aligned,0,6144,NICE,bounded,NICE_bounded,0,classifier_target_not_met,0.0,0.004555225372314453,0.0,0.0,"{""nevents"": 416.0, ""ndays_act"": 27.0, ""nchapters"": 12.0}"
HarvardX,0,aligned,0,6144,NICE,bounded+edit,NICE_bounded+edit,0,classifier_target_not_met,0.0,0.004555225372314453,0.0,0.0,"{""nevents"": 416.0, ""ndays_act"": 27.0, ""nchapters"": 12.0}"
HarvardX,0,aligned,0,6144,MCCE,native,MCCE_native,0,out_of_bounds:nevents,0.0,0.026233911514282227,0.6613418530351438,1.0,"{""nevents"": 209.0, ""ndays_act"": 27.0, ""nchapters"": 12.0}"
HarvardX,0,aligned,0,6144,MCCE,bounded,MCCE_bounded,1,OK,0.0,0.026233911514282227,0.2595376808870513,2.0,"{""nevents"": 442.0, ""ndays_act"": 33.0, ""nchapters"": 12.0}"
HarvardX,0,aligned,0,6144,MCCE,bounded+edit,MCCE_bounded+edit,1,OK,0.0,0.026233911514282227,0.2595376808870513,2.0,"{""nevents"": 442.0, ""ndays_act"": 33.0, ""nchapters"": 12.0}"
HarvardX,0,aligned,0,6187,NICE,native,NICE_native,0,out_of_bounds:nevents,0.0,0.0033822059631347656,0.13629160063391443,1.0,"{""nevents"": 12.0, ""ndays_act"": 10.0, ""nchapters"": 12.0}"
HarvardX,0,aligned,0,6187,NICE,bounded,NICE_bounded,0,classifier_target_not_met,0.0,0.0033822059631347656,0.0,0.0,"{""nevents"": 98.0, ""ndays_act"": 10.0, ""nchapters"": 12.0}"
HarvardX,0,aligned,0,6187,NICE,bounded+edit,NICE_bounded+edit,0,classifier_target_not_met,0.0,0.0033822059631347656,0.0,0.0,"{""nevents"": 98.0, ""ndays_act"": 10.0, ""nchapters"": 12.0}"
HarvardX,0,aligned,0,6187,MCCE,native,MCCE_native,0,out_of_bounds:nevents,0.0,0.025588512420654297,0.1352972250706939,2.0,"{""nevents"": 25.0, ""ndays_act"": 11.0, ""nchapters"": 12.0}"
HarvardX,0,aligned,0,6187,MCCE,bounded,MCCE_bounded,1,OK,0.0,0.025588512420654297,0.19231844877412138,2.0,"{""nevents"": 108.0, ""ndays_act"": 19.0, ""nchapters"": 12.0}"
HarvardX,0,aligned,0,6187,MCCE,bounded+edit,MCCE_bounded+edit,1,OK,0.0,0.025588512420654297,0.19231844877412138,2.0,"{""nevents"": 108.0, ""ndays_act"": 19.0, ""nchapters"": 12.0}"
HarvardX,0,aligned,0,6243,NICE,native,NICE_native,0,out_of_bounds:nevents,0.0,0.004516124725341797,0.3104438065798189,2.0,"{""nevents"": 66.0, ""ndays_act"": 21.0, ""nchapters"": 7.0}"
HarvardX,0,aligned,0,6243,NICE,bounded,NICE_bounded,0,classifier_target_not_met,0.0,0.004516124725341797,0.2857142857142857,1.0,"{""nevents"": 82.0, ""ndays_act"": 21.0, ""nchapters"": 7.0}"
HarvardX,0,aligned,0,6243,NICE,bounded+edit,NICE_bounded+edit,0,classifier_target_not_met,0.0,0.004516124725341797,0.2857142857142857,1.0,"{""nevents"": 82.0, ""ndays_act"": 21.0, ""nchapters"": 7.0}"
HarvardX,0,aligned,0,6243,MCCE,native,MCCE_native,1,OK,0.0,0.040040016174316406,0.8440273791123869,3.0,"{""nevents"": 92.0, ""ndays_act"": 29.0, ""nchapters"": 9.0}"
HarvardX,0,aligned,0,6243,MCCE,bounded,MCCE_bounded,1,OK,0.0,0.040040016174316406,0.8440273791123869,3.0,"{""nevents"": 92.0, ""ndays_act"": 29.0, ""nchapters"": 9.0}"
HarvardX,0,aligned,0,6243,MCCE,bounded+edit,MCCE_bounded+edit,1,OK,0.0,0.040040016174316406,0.8440273791123869,3.0,"{""nevents"": 92.0, ""ndays_act"": 29.0, ""nchapters"": 9.0}"
HarvardX,0,aligned,0,6272,NICE,native,NICE_native,1,OK,0.0,0.003486156463623047,0.14285714285714285,1.0,"{""nevents"": 45.0, ""ndays_act"": 13.0, ""nchapters"": 11.0}"
HarvardX,0,aligned,0,6272,NICE,bounded,NICE_bounded,1,OK,0.0,0.003486156463623047,0.14285714285714285,1.0,"{""nevents"": 45.0, ""ndays_act"": 13.0, ""nchapters"": 11.0}"
HarvardX,0,aligned,0,6272,NICE,bounded+edit,NICE_bounded+edit,1,OK,0.0,0.003486156463623047,0.14285714285714285,1.0,"{""nevents"": 45.0, ""ndays_act"": 13.0, ""nchapters"": 11.0}"
HarvardX,0,aligned,0,6272,MCCE,native,MCCE_native,1,OK,0.0,0.04056596755981445,0.3951545530492899,2.0,"{""nevents"": 71.0, ""ndays_act"": 25.0, ""nchapters"": 11.0}"
HarvardX,0,aligned,0,6272,MCCE,bounded,MCCE_bounded,1,OK,0.0,0.04056596755981445,0.3951545530492899,2.0,"{""nevents"": 71.0, ""ndays_act"": 25.0, ""nchapters"": 11.0}"
HarvardX,0,aligned,0,6272,MCCE,bounded+edit,MCCE_bounded+edit,1,OK,0.0,0.04056596755981445,0.3951545530492899,2.0,"{""nevents"": 71.0, ""ndays_act"": 25.0, ""nchapters"": 11.0}"
HarvardX,0,aligned,0,6278,NICE,native,NICE_native,0,out_of_bounds:nevents,0.0,0.0035407543182373047,0.21493624772313297,1.0,"{""nevents"": 62.0, ""ndays_act"": 14.0, ""nchapters"": 12.0}"
HarvardX,0,aligned,0,6278,NICE,bounded,NICE_bounded,0,classifier_target_not_met,0.0,0.0035407543182373047,0.0,0.0,"{""nevents"": 180.0, ""ndays_act"": 14.0, ""nchapters"": 12.0}"
HarvardX,0,aligned,0,6278,NICE,bounded+edit,NICE_bounded+edit,0,classifier_target_not_met,0.0,0.0035407543182373047,0.0,0.0,"{""nevents"": 180.0, ""ndays_act"": 14.0, ""nchapters"": 12.0}"
HarvardX,0,aligned,0,6278,MCCE,native,MCCE_native,0,out_of_bounds:nevents,0.0,0.027286767959594727,0.26229508196721313,1.0,"{""nevents"": 36.0, ""ndays_act"": 14.0, ""nchapters"": 12.0}"
HarvardX,0,aligned,0,6278,MCCE,bounded,MCCE_bounded,1,OK,0.0,0.027286767959594727,0.2504359958144402,2.0,"{""nevents"": 189.0, ""ndays_act"": 25.0, ""nchapters"": 12.0}"
HarvardX,0,aligned,0,6278,MCCE,bounded+edit,MCCE_bounded+edit,1,OK,0.0,0.027286767959594727,0.2504359958144402,2.0,"{""nevents"": 189.0, ""ndays_act"": 25.0, ""nchapters"": 12.0}"
HarvardX,0,aligned,0,6295,NICE,native,NICE_native,1,OK,0.0,0.004673957824707031,0.6002745952087871,2.0,"{""nevents"": 103.0, ""ndays_act"": 30.0, ""nchapters"": 6.0}"
HarvardX,0,aligned,0,6295,NICE,bounded,NICE_bounded,1,OK,0.0,0.004673957824707031,0.6002745952087871,2.0,"{""nevents"": 103.0, ""ndays_act"": 30.0, ""nchapters"": 6.0}"
HarvardX,0,aligned,0,6295,NICE,bounded+edit,NICE_bounded+edit,1,OK,0.0,0.004673957824707031,0.6002745952087871,2.0,"{""nevents"": 103.0, ""ndays_act"": 30.0, ""nchapters"": 6.0}"
HarvardX,0,aligned,0,6295,MCCE,native,MCCE_native,1,OK,0.0,0.03965330123901367,1.067962314174794,3.0,"{""nevents"": 92.0, ""ndays_act"": 29.0, ""nchapters"": 9.0}"
HarvardX,0,aligned,0,6295,MCCE,bounded,MCCE_bounded,1,OK,0.0,0.03965330123901367,1.067962314174794,3.0,"{""nevents"": 92.0, ""ndays_act"": 29.0, ""nchapters"": 9.0}"
HarvardX,0,aligned,0,6295,MCCE,bounded+edit,MCCE_bounded+edit,1,OK,0.0,0.03965330123901367,1.067962314174794,3.0,"{""nevents"": 92.0, ""ndays_act"": 29.0, ""nchapters"": 9.0}"
HarvardX,0,aligned,0,6297,NICE,native,NICE_native,1,OK,0.0,0.004601716995239258,0.14349321999595224,2.0,"{""nevents"": 9.0, ""ndays_act"": 8.0, ""nchapters"": 10.0}"
HarvardX,0,aligned,0,6297,NICE,bounded,NICE_bounded,1,OK,0.0,0.004601716995239258,0.14349321999595224,2.0,"{""nevents"": 9.0, ""ndays_act"": 8.0, ""nchapters"": 10.0}"
HarvardX,0,aligned,0,6297,NICE,bounded+edit,NICE_bounded+edit,1,OK,0.0,0.004601716995239258,0.14349321999595224,2.0,"{""nevents"": 9.0, ""ndays_act"": 8.0, ""nchapters"": 10.0}"
HarvardX,0,aligned,0,6297,MCCE,native,MCCE_native,1,OK,0.0,0.040593862533569336,0.39789516292248533,2.0,"{""nevents"": 63.0, ""ndays_act"": 19.0, ""nchapters"": 10.0}"
HarvardX,0,aligned,0,6297,MCCE,bounded,MCCE_bounded,1,OK,0.0,0.040593862533569336,0.39789516292248533,2.0,"{""nevents"": 63.0, ""ndays_act"": 19.0, ""nchapters"": 10.0}"
HarvardX,0,aligned,0,6297,MCCE,bounded+edit,MCCE_bounded+edit,1,OK,0.0,0.040593862533569336,0.39789516292248533,2.0,"{""nevents"": 63.0, ""ndays_act"": 19.0, ""nchapters"": 10.0}"
HarvardX,0,aligned,0,6311,NICE,native,NICE_native,0,out_of_bounds:nevents,0.0,0.0036058425903320312,0.19205298013245034,1.0,"{""nevents"": 9.0, ""ndays_act"": 8.0, ""nchapters"": 12.0}"
HarvardX,0,aligned,0,6311,NICE,bounded,NICE_bounded,0,classifier_target_not_met,0.0,0.0036058425903320312,0.0,0.0,"{""nevents"": 125.0, ""ndays_act"": 8.0, ""nchapters"": 12.0}"
HarvardX,0,aligned,0,6311,NICE,bounded+edit,NICE_bounded+edit,0,classifier_target_not_met,0.0,0.0036058425903320312,0.0,0.0,"{""nevents"": 125.0, ""ndays_act"": 8.0, ""nchapters"": 12.0}"
HarvardX,0,aligned,0,6311,MCCE,native,MCCE_native,1,OK,0.0,0.026559829711914062,0.24528301886792453,1.0,"{""nevents"": 125.0, ""ndays_act"": 21.0, ""nchapters"": 12.0}"
HarvardX,0,aligned,0,6311,MCCE,bounded,MCCE_bounded,1,OK,0.0,0.026559829711914062,0.24528301886792453,1.0,"{""nevents"": 125.0, ""ndays_act"": 21.0, ""nchapters"": 12.0}"
HarvardX,0,aligned,0,6311,MCCE,bounded+edit,MCCE_bounded+edit,1,OK,0.0,0.026559829711914062,0.24528301886792453,1.0,"{""nevents"": 125.0, ""ndays_act"": 21.0, ""nchapters"": 12.0}"
HarvardX,0,aligned,0,6345,NICE,native,NICE_native,1,OK,0.0,0.004622697830200195,0.39190672153635114,2.0,"{""nevents"": 67.0, ""ndays_act"": 19.0, ""nchapters"": 9.0}"
HarvardX,0,aligned,0,6345,NICE,bounded,NICE_bounded,1,OK,0.0,0.004622697830200195,0.39190672153635114,2.0,"{""nevents"": 67.0, ""ndays_act"": 19.0, ""nchapters"": 9.0}"
HarvardX,0,aligned,0,6345,NICE,bounded+edit,NICE_bounded+edit,1,OK,0.0,0.004622697830200195,0.39190672153635114,2.0,"{""nevents"": 67.0, ""ndays_act"": 19.0, ""nchapters"": 9.0}"
HarvardX,0,aligned,0,6345,MCCE,native,MCCE_native,1,OK,0.0,0.04065394401550293,0.5928669410150892,2.0,"{""nevents"": 92.0, ""ndays_act"": 29.0, ""nchapters"": 9.0}"
HarvardX,0,aligned,0,6345,MCCE,bounded,MCCE_bounded,1,OK,0.0,0.04065394401550293,0.5928669410150892,2.0,"{""nevents"": 92.0, ""ndays_act"": 29.0, ""nchapters"": 9.0}"
HarvardX,0,aligned,0,6345,MCCE,bounded+edit,MCCE_bounded+edit,1,OK,0.0,0.04065394401550293,0.5928669410150892,2.0,"{""nevents"": 92.0, ""ndays_act"": 29.0, ""nchapters"": 9.0}"
HarvardX,0,aligned,0,6364,NICE,native,NICE_native,1,OK,0.0,0.0048980712890625,0.6102510460251046,2.0,"{""nevents"": 103.0, ""ndays_act"": 30.0, ""nchapters"": 6.0}"
HarvardX,0,aligned,0,6364,NICE,bounded,NICE_bounded,1,OK,0.0,0.0048980712890625,0.6102510460251046,2.0,"{""nevents"": 103.0, ""ndays_act"": 30.0, ""nchapters"": 6.0}"
HarvardX,0,aligned,0,6364,NICE,bounded+edit,NICE_bounded+edit,1,OK,0.0,0.0048980712890625,0.6102510460251046,2.0,"{""nevents"": 103.0, ""ndays_act"": 30.0, ""nchapters"": 6.0}"
HarvardX,0,aligned,0,6364,MCCE,native,MCCE_native,1,OK,0.0,0.04034304618835449,1.0782426778242677,3.0,"{""nevents"": 92.0, ""ndays_act"": 29.0, ""nchapters"": 9.0}"
HarvardX,0,aligned,0,6364,MCCE,bounded,MCCE_bounded,1,OK,0.0,0.04034304618835449,1.0782426778242677,3.0,"{""nevents"": 92.0, ""ndays_act"": 29.0, ""nchapters"": 9.0}"
HarvardX,0,aligned,0,6364,MCCE,bounded+edit,MCCE_bounded+edit,1,OK,0.0,0.04034304618835449,1.0782426778242677,3.0,"{""nevents"": 92.0, ""ndays_act"": 29.0, ""nchapters"": 9.0}"
HarvardX,0,aligned,0,6391,NICE,native,NICE_native,0,out_of_bounds:nevents,0.0,0.003503084182739258,0.2903225806451613,1.0,"{""nevents"": 9.0, ""ndays_act"": 9.0, ""nchapters"": 10.0}"
HarvardX,0,aligned,0,6391,NICE,bounded,NICE_bounded,0,classifier_target_not_met,0.0,0.003503084182739258,0.0,0.0,"{""nevents"": 171.0, ""ndays_act"": 9.0, ""nchapters"": 10.0}"
HarvardX,0,aligned,0,6391,NICE,bounded+edit,NICE_bounded+edit,0,classifier_target_not_met,0.0,0.003503084182739258,0.0,0.0,"{""nevents"": 171.0, ""ndays_act"": 9.0, ""nchapters"": 10.0}"
HarvardX,0,aligned,0,6391,MCCE,native,MCCE_native,0,out_of_bounds:nevents,0.0,0.040032386779785156,0.38585607940446653,2.0,"{""nevents"": 63.0, ""ndays_act"": 19.0, ""nchapters"": 10.0}"
HarvardX,0,aligned,0,6391,MCCE,bounded,MCCE_bounded,1,OK,0.0,0.040032386779785156,0.8132065067548938,2.0,"{""nevents"": 217.0, ""ndays_act"": 47.0, ""nchapters"": 10.0}"
HarvardX,0,aligned,0,6391,MCCE,bounded+edit,MCCE_bounded+edit,1,OK,0.0,0.040032386779785156,0.8132065067548938,2.0,"{""nevents"": 217.0, ""ndays_act"": 47.0, ""nchapters"": 10.0}"
HarvardX,0,aligned,0,6404,NICE,native,NICE_native,1,OK,0.0,0.004518270492553711,0.12709977737300143,2.0,"{""nevents"": 9.0, ""ndays_act"": 7.0, ""nchapters"": 12.0}"
HarvardX,0,aligned,0,6404,NICE,bounded,NICE_bounded,1,OK,0.0,0.004518270492553711,0.12709977737300143,2.0,"{""nevents"": 9.0, ""ndays_act"": 7.0, ""nchapters"": 12.0}"
HarvardX,0,aligned,0,6404,NICE,bounded+edit,NICE_bounded+edit,1,OK,0.0,0.004518270492553711,0.12709977737300143,2.0,"{""nevents"": 9.0, ""ndays_act"": 7.0, ""nchapters"": 12.0}"
HarvardX,0,aligned,0,6404,MCCE,native,MCCE_native,1,OK,0.0,0.02698826789855957,0.12709977737300143,2.0,"{""nevents"": 9.0, ""ndays_act"": 7.0, ""nchapters"": 12.0}"
HarvardX,0,aligned,0,6404,MCCE,bounded,MCCE_bounded,1,OK,0.0,0.02698826789855957,0.12709977737300143,2.0,"{""nevents"": 9.0, ""ndays_act"": 7.0, ""nchapters"": 12.0}"
HarvardX,0,aligned,0,6404,MCCE,bounded+edit,MCCE_bounded+edit,1,OK,0.0,0.02698826789855957,0.12709977737300143,2.0,"{""nevents"": 9.0, ""ndays_act"": 7.0, ""nchapters"": 12.0}"
HarvardX,0,aligned,0,6438,NICE,native,NICE_native,0,out_of_bounds:nevents,0.0,0.003428220748901367,0.1022530329289428,1.0,"{""nevents"": 93.0, ""ndays_act"": 23.0, ""nchapters"": 10.0}"
HarvardX,0,aligned,0,6438,NICE,bounded,NICE_bounded,0,classifier_target_not_met,0.0,0.003428220748901367,0.0,0.0,"{""nevents"": 152.0, ""ndays_act"": 23.0, ""nchapters"": 10.0}"
HarvardX,0,aligned,0,6438,NICE,bounded+edit,NICE_bounded+edit,0,classifier_target_not_met,0.0,0.003428220748901367,0.0,0.0,"{""nevents"": 152.0, ""ndays_act"": 23.0, ""nchapters"": 10.0}"
HarvardX,0,aligned,0,6438,MCCE,native,MCCE_native,0,out_of_bounds:nevents,0.0,0.0422358512878418,0.09705372616984402,1.0,"{""nevents"": 96.0, ""ndays_act"": 23.0, ""nchapters"": 10.0}"
HarvardX,0,aligned,0,6438,MCCE,bounded,MCCE_bounded,1,OK,0.0,0.0422358512878418,0.7442305938155613,2.0,"{""nevents"": 217.0, ""ndays_act"": 47.0, ""nchapters"": 10.0}"
HarvardX,0,aligned,0,6438,MCCE,bounded+edit,MCCE_bounded+edit,1,OK,0.0,0.0422358512878418,0.7442305938155613,2.0,"{""nevents"": 217.0, ""ndays_act"": 47.0, ""nchapters"": 10.0}"
HarvardX,0,aligned,0,6464,NICE,native,NICE_native,1,OK,0.0,0.004681110382080078,0.5788316889713783,2.0,"{""nevents"": 103.0, ""ndays_act"": 30.0, ""nchapters"": 6.0}"
HarvardX,0,aligned,0,6464,NICE,bounded,NICE_bounded,1,OK,0.0,0.004681110382080078,0.5788316889713783,2.0,"{""nevents"": 103.0, ""ndays_act"": 30.0, ""nchapters"": 6.0}"
HarvardX,0,aligned,0,6464,NICE,bounded+edit,NICE_bounded+edit,1,OK,0.0,0.004681110382080078,0.5788316889713783,2.0,"{""nevents"": 103.0, ""ndays_act"": 30.0, ""nchapters"": 6.0}"
HarvardX,0,aligned,0,6464,MCCE,native,MCCE_native,1,OK,0.0,0.04098844528198242,1.0460095731171242,3.0,"{""nevents"": 92.0, ""ndays_act"": 29.0, ""nchapters"": 9.0}"
HarvardX,0,aligned,0,6464,MCCE,bounded,MCCE_bounded,1,OK,0.0,0.04098844528198242,1.0460095731171242,3.0,"{""nevents"": 92.0, ""ndays_act"": 29.0, ""nchapters"": 9.0}"
HarvardX,0,aligned,0,6464,MCCE,bounded+edit,MCCE_bounded+edit,1,OK,0.0,0.04098844528198242,1.0460095731171242,3.0,"{""nevents"": 92.0, ""ndays_act"": 29.0, ""nchapters"": 9.0}"
HarvardX,0,aligned,0,6491,NICE,native,NICE_native,0,out_of_bounds:nevents,0.0,0.003652334213256836,0.16693679092382496,1.0,"{""nevents"": 9.0, ""ndays_act"": 7.0, ""nchapters"": 12.0}"
HarvardX,0,aligned,0,6491,NICE,bounded,NICE_bounded,0,classifier_target_not_met,0.0,0.003652334213256836,0.0,0.0,"{""nevents"": 112.0, ""ndays_act"": 7.0, ""nchapters"": 12.0}"
HarvardX,0,aligned,0,6491,NICE,bounded+edit,NICE_bounded+edit,0,classifier_target_not_met,0.0,0.003652334213256836,0.0,0.0,"{""nevents"": 112.0, ""ndays_act"": 7.0, ""nchapters"": 12.0}"
HarvardX,0,aligned,0,6491,MCCE,native,MCCE_native,0,out_of_bounds:nevents,0.0,0.026551485061645508,0.16693679092382496,1.0,"{""nevents"": 9.0, ""ndays_act"": 7.0, ""nchapters"": 12.0}"
HarvardX,0,aligned,0,6491,MCCE,bounded,MCCE_bounded,1,OK,0.0,0.026551485061645508,0.2222222222222222,1.0,"{""nevents"": 112.0, ""ndays_act"": 19.0, ""nchapters"": 12.0}"
HarvardX,0,aligned,0,6491,MCCE,bounded+edit,MCCE_bounded+edit,1,OK,0.0,0.026551485061645508,0.2222222222222222,1.0,"{""nevents"": 112.0, ""ndays_act"": 19.0, ""nchapters"": 12.0}"
HarvardX,0,aligned,0,6499,NICE,native,NICE_native,1,OK,0.0,0.003618478775024414,0.06666666666666667,1.0,"{""nevents"": 56.0, ""ndays_act"": 19.0, ""nchapters"": 9.0}"
HarvardX,0,aligned,0,6499,NICE,bounded,NICE_bounded,1,OK,0.0,0.003618478775024414,0.06666666666666667,1.0,"{""nevents"": 56.0, ""ndays_act"": 19.0, ""nchapters"": 9.0}"
HarvardX,0,aligned,0,6499,NICE,bounded+edit,NICE_bounded+edit,1,OK,0.0,0.003618478775024414,0.06666666666666667,1.0,"{""nevents"": 56.0, ""ndays_act"": 19.0, ""nchapters"": 9.0}"
HarvardX,0,aligned,0,6499,MCCE,native,MCCE_native,1,OK,0.0,0.04117250442504883,0.3423807165263331,2.0,"{""nevents"": 92.0, ""ndays_act"": 29.0, ""nchapters"": 9.0}"
HarvardX,0,aligned,0,6499,MCCE,bounded,MCCE_bounded,1,OK,0.0,0.04117250442504883,0.3423807165263331,2.0,"{""nevents"": 92.0, ""ndays_act"": 29.0, ""nchapters"": 9.0}"
HarvardX,0,aligned,0,6499,MCCE,bounded+edit,MCCE_bounded+edit,1,OK,0.0,0.04117250442504883,0.3423807165263331,2.0,"{""nevents"": 92.0, ""ndays_act"": 29.0, ""nchapters"": 9.0}"
HarvardX,0,aligned,0,6543,NICE,native,NICE_native,0,out_of_bounds:nevents,0.0,0.005004405975341797,0.3099724129835065,2.0,"{""nevents"": 66.0, ""ndays_act"": 21.0, ""nchapters"": 7.0}"
HarvardX,0,aligned,0,6543,NICE,bounded,NICE_bounded,0,classifier_target_not_met,0.0,0.005004405975341797,0.25925925925925924,1.0,"{""nevents"": 98.0, ""ndays_act"": 21.0, ""nchapters"": 7.0}"
HarvardX,0,aligned,0,6543,NICE,bounded+edit,NICE_bounded+edit,0,classifier_target_not_met,0.0,0.005004405975341797,0.25925925925925924,1.0,"{""nevents"": 98.0, ""ndays_act"": 21.0, ""nchapters"": 7.0}"
HarvardX,0,aligned,0,6543,MCCE,native,MCCE_native,0,out_of_bounds:nevents,0.0,0.05135774612426758,0.8169161237307038,3.0,"{""nevents"": 92.0, ""ndays_act"": 29.0, ""nchapters"": 9.0}"
HarvardX,0,aligned,0,6543,MCCE,bounded,MCCE_bounded,1,OK,0.0,0.05135774612426758,1.1538827258320126,3.0,"{""nevents"": 132.0, ""ndays_act"": 34.0, ""nchapters"": 10.0}"
HarvardX,0,aligned,0,6543,MCCE,bounded+edit,MCCE_bounded+edit,1,OK,0.0,0.05135774612426758,1.1538827258320126,3.0,"{""nevents"": 132.0, ""ndays_act"": 34.0, ""nchapters"": 10.0}"
HarvardX,0,aligned,0,6565,NICE,native,NICE_native,1,OK,0.0,0.004748821258544922,0.6078088578088578,2.0,"{""nevents"": 103.0, ""ndays_act"": 30.0, ""nchapters"": 6.0}"
HarvardX,0,aligned,0,6565,NICE,bounded,NICE_bounded,1,OK,0.0,0.004748821258544922,0.6078088578088578,2.0,"{""nevents"": 103.0, ""ndays_act"": 30.0, ""nchapters"": 6.0}"
HarvardX,0,aligned,0,6565,NICE,bounded+edit,NICE_bounded+edit,1,OK,0.0,0.004748821258544922,0.6078088578088578,2.0,"{""nevents"": 103.0, ""ndays_act"": 30.0, ""nchapters"": 6.0}"
HarvardX,0,aligned,0,6565,MCCE,native,MCCE_native,1,OK,0.0,0.03925371170043945,1.0757575757575757,3.0,"{""nevents"": 92.0, ""ndays_act"": 29.0, ""nchapters"": 9.0}"
HarvardX,0,aligned,0,6565,MCCE,bounded,MCCE_bounded,1,OK,0.0,0.03925371170043945,1.0757575757575757,3.0,"{""nevents"": 92.0, ""ndays_act"": 29.0, ""nchapters"": 9.0}"
HarvardX,0,aligned,0,6565,MCCE,bounded+edit,MCCE_bounded+edit,1,OK,0.0,0.03925371170043945,1.0757575757575757,3.0,"{""nevents"": 92.0, ""ndays_act"": 29.0, ""nchapters"": 9.0}"
HarvardX,0,aligned,0,6619,NICE,native,NICE_native,1,OK,0.0,0.004789829254150391,0.3828059996851739,2.0,"{""nevents"": 52.0, ""ndays_act"": 19.0, ""nchapters"": 8.0}"
HarvardX,0,aligned,0,6619,NICE,bounded,NICE_bounded,1,OK,0.0,0.004789829254150391,0.3828059996851739,2.0,"{""nevents"": 52.0, ""ndays_act"": 19.0, ""nchapters"": 8.0}"
HarvardX,0,aligned,0,6619,NICE,bounded+edit,NICE_bounded+edit,1,OK,0.0,0.004789829254150391,0.3828059996851739,2.0,"{""nevents"": 52.0, ""ndays_act"": 19.0, ""nchapters"": 8.0}"
HarvardX,0,aligned,0,6619,MCCE,native,MCCE_native,1,OK,0.0,0.040041208267211914,0.8516101104139963,3.0,"{""nevents"": 92.0, ""ndays_act"": 29.0, ""nchapters"": 9.0}"
HarvardX,0,aligned,0,6619,MCCE,bounded,MCCE_bounded,1,OK,0.0,0.040041208267211914,0.8516101104139963,3.0,"{""nevents"": 92.0, ""ndays_act"": 29.0, ""nchapters"": 9.0}"
HarvardX,0,aligned,0,6619,MCCE,bounded+edit,MCCE_bounded+edit,1,OK,0.0,0.040041208267211914,0.8516101104139963,3.0,"{""nevents"": 92.0, ""ndays_act"": 29.0, ""nchapters"": 9.0}"
HarvardX,0,aligned,0,6621,NICE,native,NICE_native,1,OK,0.0,0.004855155944824219,0.10826446280991736,2.0,"{""nevents"": 9.0, ""ndays_act"": 7.0, ""nchapters"": 12.0}"
HarvardX,0,aligned,0,6621,NICE,bounded,NICE_bounded,1,OK,0.0,0.004855155944824219,0.10826446280991736,2.0,"{""nevents"": 9.0, ""ndays_act"": 7.0, ""nchapters"": 12.0}"
HarvardX,0,aligned,0,6621,NICE,bounded+edit,NICE_bounded+edit,1,OK,0.0,0.004855155944824219,0.10826446280991736,2.0,"{""nevents"": 9.0, ""ndays_act"": 7.0, ""nchapters"": 12.0}"
HarvardX,0,aligned,0,6621,MCCE,native,MCCE_native,1,OK,0.0,0.03415203094482422,0.10826446280991736,2.0,"{""nevents"": 9.0, ""ndays_act"": 7.0, ""nchapters"": 12.0}"
HarvardX,0,aligned,0,6621,MCCE,bounded,MCCE_bounded,1,OK,0.0,0.03415203094482422,0.10826446280991736,2.0,"{""nevents"": 9.0, ""ndays_act"": 7.0, ""nchapters"": 12.0}"
HarvardX,0,aligned,0,6621,MCCE,bounded+edit,MCCE_bounded+edit,1,OK,0.0,0.03415203094482422,0.10826446280991736,2.0,"{""nevents"": 9.0, ""ndays_act"": 7.0, ""nchapters"": 12.0}"
HarvardX,0,aligned,0,6630,NICE,native,NICE_native,0,out_of_bounds:nevents,0.0,0.00455474853515625,0.12159709618874773,2.0,"{""nevents"": 9.0, ""ndays_act"": 7.0, ""nchapters"": 12.0}"
HarvardX,0,aligned,0,6630,NICE,bounded,NICE_bounded,0,classifier_target_not_met,0.0,0.00455474853515625,0.06896551724137931,1.0,"{""nevents"": 45.0, ""ndays_act"": 7.0, ""nchapters"": 12.0}"
HarvardX,0,aligned,0,6630,NICE,bounded+edit,NICE_bounded+edit,0,classifier_target_not_met,0.0,0.00455474853515625,0.06896551724137931,1.0,"{""nevents"": 45.0, ""ndays_act"": 7.0, ""nchapters"": 12.0}"
HarvardX,0,aligned,0,6630,MCCE,native,MCCE_native,1,OK,0.0,0.02625870704650879,0.29310344827586204,1.0,"{""nevents"": 45.0, ""ndays_act"": 20.0, ""nchapters"": 12.0}"
HarvardX,0,aligned,0,6630,MCCE,bounded,MCCE_bounded,1,OK,0.0,0.02625870704650879,0.29310344827586204,1.0,"{""nevents"": 45.0, ""ndays_act"": 20.0, ""nchapters"": 12.0}"
HarvardX,0,aligned,0,6630,MCCE,bounded+edit,MCCE_bounded+edit,1,OK,0.0,0.02625870704650879,0.29310344827586204,1.0,"{""nevents"": 45.0, ""ndays_act"": 20.0, ""nchapters"": 12.0}"
HarvardX,0,aligned,0,6719,NICE,native,NICE_native,0,out_of_bounds:nevents,0.0,0.004565000534057617,0.2074742268041237,2.0,"{""nevents"": 309.0, ""ndays_act"": 26.0, ""nchapters"": 12.0}"
HarvardX,0,aligned,0,6719,NICE,bounded,NICE_bounded,0,classifier_target_not_met,0.0,0.004565000534057617,0.125,1.0,"{""nevents"": 341.0, ""ndays_act"": 26.0, ""nchapters"": 12.0}"
HarvardX,0,aligned,0,6719,NICE,bounded+edit,NICE_bounded+edit,0,classifier_target_not_met,0.0,0.004565000534057617,0.125,1.0,"{""nevents"": 341.0, ""ndays_act"": 26.0, ""nchapters"": 12.0}"
HarvardX,0,aligned,0,6719,MCCE,native,MCCE_native,0,out_of_bounds:nevents,0.0,0.026738643646240234,0.5051546391752577,1.0,"{""nevents"": 145.0, ""ndays_act"": 21.0, ""nchapters"": 12.0}"
HarvardX,0,aligned,0,6719,MCCE,bounded,MCCE_bounded,1,OK,0.0,0.026738643646240234,0.35,1.0,"{""nevents"": 341.0, ""ndays_act"": 35.0, ""nchapters"": 12.0}"
HarvardX,0,aligned,0,6719,MCCE,bounded+edit,MCCE_bounded+edit,1,OK,0.0,0.026738643646240234,0.35,1.0,"{""nevents"": 341.0, ""ndays_act"": 35.0, ""nchapters"": 12.0}"
HarvardX,0,aligned,0,6738,NICE,native,NICE_native,0,out_of_bounds:nevents,0.0,0.0046498775482177734,0.1723590557632239,2.0,"{""nevents"": 9.0, ""ndays_act"": 7.0, ""nchapters"": 12.0}"
HarvardX,0,aligned,0,6738,NICE,bounded,NICE_bounded,0,classifier_target_not_met,0.0,0.0046498775482177734,0.0847457627118644,1.0,"{""nevents"": 67.0, ""ndays_act"": 7.0, ""nchapters"": 12.0}"
HarvardX,0,aligned,0,6738,NICE,bounded+edit,NICE_bounded+edit,0,classifier_target_not_met,0.0,0.0046498775482177734,0.0847457627118644,1.0,"{""nevents"": 67.0, ""ndays_act"": 7.0, ""nchapters"": 12.0}"
HarvardX,0,aligned,0,6738,MCCE,native,MCCE_native,1,OK,0.0,0.026453018188476562,0.22033898305084745,1.0,"{""nevents"": 67.0, ""ndays_act"": 15.0, ""nchapters"": 12.0}"
HarvardX,0,aligned,0,6738,MCCE,bounded,MCCE_bounded,1,OK,0.0,0.026453018188476562,0.22033898305084745,1.0,"{""nevents"": 67.0, ""ndays_act"": 15.0, ""nchapters"": 12.0}"
HarvardX,0,aligned,0,6738,MCCE,bounded+edit,MCCE_bounded+edit,1,OK,0.0,0.026453018188476562,0.22033898305084745,1.0,"{""nevents"": 67.0, ""ndays_act"": 15.0, ""nchapters"": 12.0}"
HarvardX,0,aligned,0,6757,NICE,native,NICE_native,1,OK,0.0,0.005074262619018555,0.39556812824139553,2.0,"{""nevents"": 66.0, ""ndays_act"": 21.0, ""nchapters"": 7.0}"
HarvardX,0,aligned,0,6757,NICE,bounded,NICE_bounded,1,OK,0.0,0.005074262619018555,0.39556812824139553,2.0,"{""nevents"": 66.0, ""ndays_act"": 21.0, ""nchapters"": 7.0}"
HarvardX,0,aligned,0,6757,NICE,bounded+edit,NICE_bounded+edit,1,OK,0.0,0.005074262619018555,0.39556812824139553,2.0,"{""nevents"": 66.0, ""ndays_act"": 21.0, ""nchapters"": 7.0}"
HarvardX,0,aligned,0,6757,MCCE,native,MCCE_native,1,OK,0.0,0.04136943817138672,0.9656765676567657,3.0,"{""nevents"": 92.0, ""ndays_act"": 29.0, ""nchapters"": 9.0}"
HarvardX,0,aligned,0,6757,MCCE,bounded,MCCE_bounded,1,OK,0.0,0.04136943817138672,0.9656765676567657,3.0,"{""nevents"": 92.0, ""ndays_act"": 29.0, ""nchapters"": 9.0}"
HarvardX,0,aligned,0,6757,MCCE,bounded+edit,MCCE_bounded+edit,1,OK,0.0,0.04136943817138672,0.9656765676567657,3.0,"{""nevents"": 92.0, ""ndays_act"": 29.0, ""nchapters"": 9.0}"
HarvardX,0,aligned,0,6772,NICE,native,NICE_native,0,out_of_bounds:nevents,0.0,0.004851341247558594,0.18179395619037467,2.0,"{""nevents"": 9.0, ""ndays_act"": 7.0, ""nchapters"": 12.0}"
HarvardX,0,aligned,0,6772,NICE,bounded,NICE_bounded,0,classifier_target_not_met,0.0,0.004851341247558594,0.06896551724137931,1.0,"{""nevents"": 82.0, ""ndays_act"": 7.0, ""nchapters"": 12.0}"
HarvardX,0,aligned,0,6772,NICE,bounded+edit,NICE_bounded+edit,0,classifier_target_not_met,0.0,0.004851341247558594,0.06896551724137931,1.0,"{""nevents"": 82.0, ""ndays_act"": 7.0, ""nchapters"": 12.0}"
HarvardX,0,aligned,0,6772,MCCE,native,MCCE_native,1,OK,0.0,0.025204181671142578,0.3448275862068966,1.0,"{""nevents"": 82.0, ""ndays_act"": 23.0, ""nchapters"": 12.0}"
HarvardX,0,aligned,0,6772,MCCE,bounded,MCCE_bounded,1,OK,0.0,0.025204181671142578,0.3448275862068966,1.0,"{""nevents"": 82.0, ""ndays_act"": 23.0, ""nchapters"": 12.0}"
HarvardX,0,aligned,0,6772,MCCE,bounded+edit,MCCE_bounded+edit,1,OK,0.0,0.025204181671142578,0.3448275862068966,1.0,"{""nevents"": 82.0, ""ndays_act"": 23.0, ""nchapters"": 12.0}"
HarvardX,0,aligned,0,6810,NICE,native,NICE_native,0,out_of_bounds:nevents,0.0,0.003740072250366211,0.281947261663286,1.0,"{""nevents"": 97.0, ""ndays_act"": 25.0, ""nchapters"": 9.0}"
HarvardX,0,aligned,0,6810,NICE,bounded,NICE_bounded,0,classifier_target_not_met,0.0,0.003740072250366211,0.0,0.0,"{""nevents"": 236.0, ""ndays_act"": 25.0, ""nchapters"": 9.0}"
HarvardX,0,aligned,0,6810,NICE,bounded+edit,NICE_bounded+edit,0,classifier_target_not_met,0.0,0.003740072250366211,0.0,0.0,"{""nevents"": 236.0, ""ndays_act"": 25.0, ""nchapters"": 9.0}"
HarvardX,0,aligned,0,6810,MCCE,native,MCCE_native,0,out_of_bounds:nevents,0.0,0.04033231735229492,0.4032003606040117,2.0,"{""nevents"": 92.0, ""ndays_act"": 29.0, ""nchapters"": 9.0}"
HarvardX,0,aligned,0,6810,MCCE,bounded,MCCE_bounded,1,OK,0.0,0.04033231735229492,1.0081135902636917,2.0,"{""nevents"": 240.0, ""ndays_act"": 25.0, ""nchapters"": 12.0}"
HarvardX,0,aligned,0,6810,MCCE,bounded+edit,MCCE_bounded+edit,1,OK,0.0,0.04033231735229492,1.0081135902636917,2.0,"{""nevents"": 240.0, ""ndays_act"": 25.0, ""nchapters"": 12.0}"
HarvardX,0,aligned,0,6864,NICE,native,NICE_native,1,OK,0.0,0.0045588016510009766,0.6330927162742584,2.0,"{""nevents"": 103.0, ""ndays_act"": 30.0, ""nchapters"": 6.0}"
HarvardX,0,aligned,0,6864,NICE,bounded,NICE_bounded,1,OK,0.0,0.0045588016510009766,0.6330927162742584,2.0,"{""nevents"": 103.0, ""ndays_act"": 30.0, ""nchapters"": 6.0}"
HarvardX,0,aligned,0,6864,NICE,bounded+edit,NICE_bounded+edit,1,OK,0.0,0.0045588016510009766,0.6330927162742584,2.0,"{""nevents"": 103.0, ""ndays_act"": 30.0, ""nchapters"": 6.0}"
HarvardX,0,aligned,0,6864,MCCE,native,MCCE_native,1,OK,0.0,0.04082608222961426,1.1016101104139961,3.0,"{""nevents"": 92.0, ""ndays_act"": 29.0, ""nchapters"": 9.0}"
HarvardX,0,aligned,0,6864,MCCE,bounded,MCCE_bounded,1,OK,0.0,0.04082608222961426,1.1016101104139961,3.0,"{""nevents"": 92.0, ""ndays_act"": 29.0, ""nchapters"": 9.0}"
HarvardX,0,aligned,0,6864,MCCE,bounded+edit,MCCE_bounded+edit,1,OK,0.0,0.04082608222961426,1.1016101104139961,3.0,"{""nevents"": 92.0, ""ndays_act"": 29.0, ""nchapters"": 9.0}"
HarvardX,0,aligned,0,6869,NICE,native,NICE_native,1,OK,0.0,0.004674196243286133,0.3484656163667587,2.0,"{""nevents"": 66.0, ""ndays_act"": 21.0, ""nchapters"": 7.0}"
HarvardX,0,aligned,0,6869,NICE,bounded,NICE_bounded,1,OK,0.0,0.004674196243286133,0.3484656163667587,2.0,"{""nevents"": 66.0, ""ndays_act"": 21.0, ""nchapters"": 7.0}"
HarvardX,0,aligned,0,6869,NICE,bounded+edit,NICE_bounded+edit,1,OK,0.0,0.004674196243286133,0.3484656163667587,2.0,"{""nevents"": 66.0, ""ndays_act"": 21.0, ""nchapters"": 7.0}"
HarvardX,0,aligned,0,6869,MCCE,native,MCCE_native,1,OK,0.0,0.04075193405151367,0.9222379850170487,3.0,"{""nevents"": 92.0, ""ndays_act"": 29.0, ""nchapters"": 9.0}"
HarvardX,0,aligned,0,6869,MCCE,bounded,MCCE_bounded,1,OK,0.0,0.04075193405151367,0.9222379850170487,3.0,"{""nevents"": 92.0, ""ndays_act"": 29.0, ""nchapters"": 9.0}"
HarvardX,0,aligned,0,6869,MCCE,bounded+edit,MCCE_bounded+edit,1,OK,0.0,0.04075193405151367,0.9222379850170487,3.0,"{""nevents"": 92.0, ""ndays_act"": 29.0, ""nchapters"": 9.0}"
HarvardX,0,aligned,0,6880,NICE,native,NICE_native,1,OK,0.0,0.004675626754760742,0.12709977737300143,2.0,"{""nevents"": 9.0, ""ndays_act"": 7.0, ""nchapters"": 12.0}"
HarvardX,0,aligned,0,6880,NICE,bounded,NICE_bounded,1,OK,0.0,0.004675626754760742,0.12709977737300143,2.0,"{""nevents"": 9.0, ""ndays_act"": 7.0, ""nchapters"": 12.0}"
HarvardX,0,aligned,0,6880,NICE,bounded+edit,NICE_bounded+edit,1,OK,0.0,0.004675626754760742,0.12709977737300143,2.0,"{""nevents"": 9.0, ""ndays_act"": 7.0, ""nchapters"": 12.0}"
HarvardX,0,aligned,0,6880,MCCE,native,MCCE_native,1,OK,0.0,0.02628159523010254,0.12709977737300143,2.0,"{""nevents"": 9.0, ""ndays_act"": 7.0, ""nchapters"": 12.0}"
HarvardX,0,aligned,0,6880,MCCE,bounded,MCCE_bounded,1,OK,0.0,0.02628159523010254,0.12709977737300143,2.0,"{""nevents"": 9.0, ""ndays_act"": 7.0, ""nchapters"": 12.0}"
HarvardX,0,aligned,0,6880,MCCE,bounded+edit,MCCE_bounded+edit,1,OK,0.0,0.02628159523010254,0.12709977737300143,2.0,"{""nevents"": 9.0, ""ndays_act"": 7.0, ""nchapters"": 12.0}"
HarvardX,0,aligned,0,6895,NICE,native,NICE_native,1,OK,0.0,0.004807710647583008,0.6222604309949564,2.0,"{""nevents"": 103.0, ""ndays_act"": 30.0, ""nchapters"": 6.0}"
HarvardX,0,aligned,0,6895,NICE,bounded,NICE_bounded,1,OK,0.0,0.004807710647583008,0.6222604309949564,2.0,"{""nevents"": 103.0, ""ndays_act"": 30.0, ""nchapters"": 6.0}"
HarvardX,0,aligned,0,6895,NICE,bounded+edit,NICE_bounded+edit,1,OK,0.0,0.004807710647583008,0.6222604309949564,2.0,"{""nevents"": 103.0, ""ndays_act"": 30.0, ""nchapters"": 6.0}"
HarvardX,0,aligned,0,6895,MCCE,native,MCCE_native,1,OK,0.0,0.04095005989074707,1.0904630903255388,3.0,"{""nevents"": 92.0, ""ndays_act"": 29.0, ""nchapters"": 9.0}"
HarvardX,0,aligned,0,6895,MCCE,bounded,MCCE_bounded,1,OK,0.0,0.04095005989074707,1.0904630903255388,3.0,"{""nevents"": 92.0, ""ndays_act"": 29.0, ""nchapters"": 9.0}"
HarvardX,0,aligned,0,6895,MCCE,bounded+edit,MCCE_bounded+edit,1,OK,0.0,0.04095005989074707,1.0904630903255388,3.0,"{""nevents"": 92.0, ""ndays_act"": 29.0, ""nchapters"": 9.0}"
HarvardX,0,aligned,0,6924,NICE,native,NICE_native,0,out_of_bounds:nevents,0.0,0.004877328872680664,0.1327185244587009,2.0,"{""nevents"": 9.0, ""ndays_act"": 8.0, ""nchapters"": 10.0}"
HarvardX,0,aligned,0,6924,NICE,bounded,NICE_bounded,0,classifier_target_not_met,0.0,0.004877328872680664,0.08620689655172414,1.0,"{""nevents"": 41.0, ""ndays_act"": 8.0, ""nchapters"": 10.0}"
HarvardX,0,aligned,0,6924,NICE,bounded+edit,NICE_bounded+edit,0,classifier_target_not_met,0.0,0.004877328872680664,0.08620689655172414,1.0,"{""nevents"": 41.0, ""ndays_act"": 8.0, ""nchapters"": 10.0}"
HarvardX,0,aligned,0,6924,MCCE,native,MCCE_native,1,OK,0.0,0.11048173904418945,0.30783881315156375,2.0,"{""nevents"": 63.0, ""ndays_act"": 19.0, ""nchapters"": 10.0}"
HarvardX,0,aligned,0,6924,MCCE,bounded,MCCE_bounded,1,OK,0.0,0.11048173904418945,0.30783881315156375,2.0,"{""nevents"": 63.0, ""ndays_act"": 19.0, ""nchapters"": 10.0}"
HarvardX,0,aligned,0,6924,MCCE,bounded+edit,MCCE_bounded+edit,1,OK,0.0,0.11048173904418945,0.30783881315156375,2.0,"{""nevents"": 63.0, ""ndays_act"": 19.0, ""nchapters"": 10.0}"
HarvardX,0,aligned,0,6959,NICE,native,NICE_native,0,out_of_bounds:nevents,0.0,0.0047855377197265625,0.29800332778702165,2.0,"{""nevents"": 9.0, ""ndays_act"": 7.0, ""nchapters"": 12.0}"
HarvardX,0,aligned,0,6959,NICE,bounded,NICE_bounded,0,classifier_target_not_met,0.0,0.0047855377197265625,0.1,1.0,"{""nevents"": 128.0, ""ndays_act"": 7.0, ""nchapters"": 12.0}"
HarvardX,0,aligned,0,6959,NICE,bounded+edit,NICE_bounded+edit,0,classifier_target_not_met,0.0,0.0047855377197265625,0.1,1.0,"{""nevents"": 128.0, ""ndays_act"": 7.0, ""nchapters"": 12.0}"
HarvardX,0,aligned,0,6959,MCCE,native,MCCE_native,0,out_of_bounds:nevents,0.0,0.026728153228759766,0.29800332778702165,2.0,"{""nevents"": 9.0, ""ndays_act"": 7.0, ""nchapters"": 12.0}"
HarvardX,0,aligned,0,6959,MCCE,bounded,MCCE_bounded,1,OK,0.0,0.026728153228759766,0.3616195230171935,2.0,"{""nevents"": 145.0, ""ndays_act"": 21.0, ""nchapters"": 12.0}"
HarvardX,0,aligned,0,6959,MCCE,bounded+edit,MCCE_bounded+edit,1,OK,0.0,0.026728153228759766,0.3616195230171935,2.0,"{""nevents"": 145.0, ""ndays_act"": 21.0, ""nchapters"": 12.0}"
HarvardX,0,aligned,0,7007,NICE,native,NICE_native,1,OK,0.0,0.004861116409301758,0.3737709523363611,2.0,"{""nevents"": 67.0, ""ndays_act"": 19.0, ""nchapters"": 9.0}"
HarvardX,0,aligned,0,7007,NICE,bounded,NICE_bounded,1,OK,0.0,0.004861116409301758,0.3737709523363611,2.0,"{""nevents"": 67.0, ""ndays_act"": 19.0, ""nchapters"": 9.0}"
HarvardX,0,aligned,0,7007,NICE,bounded+edit,NICE_bounded+edit,1,OK,0.0,0.004861116409301758,0.3737709523363611,2.0,"{""nevents"": 67.0, ""ndays_act"": 19.0, ""nchapters"": 9.0}"
HarvardX,0,aligned,0,7007,MCCE,native,MCCE_native,1,OK,0.0,0.04200553894042969,0.5777928645004213,2.0,"{""nevents"": 92.0, ""ndays_act"": 29.0, ""nchapters"": 9.0}"
HarvardX,0,aligned,0,7007,MCCE,bounded,MCCE_bounded,1,OK,0.0,0.04200553894042969,0.5777928645004213,2.0,"{""nevents"": 92.0, ""ndays_act"": 29.0, ""nchapters"": 9.0}"
HarvardX,0,aligned,0,7007,MCCE,bounded+edit,MCCE_bounded+edit,1,OK,0.0,0.04200553894042969,0.5777928645004213,2.0,"{""nevents"": 92.0, ""ndays_act"": 29.0, ""nchapters"": 9.0}"
HarvardX,0,aligned,0,7025,NICE,native,NICE_native,1,OK,0.0,0.0049991607666015625,0.37754412141841326,2.0,"{""nevents"": 67.0, ""ndays_act"": 19.0, ""nchapters"": 9.0}"
HarvardX,0,aligned,0,7025,NICE,bounded,NICE_bounded,1,OK,0.0,0.0049991607666015625,0.37754412141841326,2.0,"{""nevents"": 67.0, ""ndays_act"": 19.0, ""nchapters"": 9.0}"
HarvardX,0,aligned,0,7025,NICE,bounded+edit,NICE_bounded+edit,1,OK,0.0,0.0049991607666015625,0.37754412141841326,2.0,"{""nevents"": 67.0, ""ndays_act"": 19.0, ""nchapters"": 9.0}"
HarvardX,0,aligned,0,7025,MCCE,native,MCCE_native,1,OK,0.0,0.042238473892211914,0.5814235423029399,2.0,"{""nevents"": 92.0, ""ndays_act"": 29.0, ""nchapters"": 9.0}"
HarvardX,0,aligned,0,7025,MCCE,bounded,MCCE_bounded,1,OK,0.0,0.042238473892211914,0.5814235423029399,2.0,"{""nevents"": 92.0, ""ndays_act"": 29.0, ""nchapters"": 9.0}"
HarvardX,0,aligned,0,7025,MCCE,bounded+edit,MCCE_bounded+edit,1,OK,0.0,0.042238473892211914,0.5814235423029399,2.0,"{""nevents"": 92.0, ""ndays_act"": 29.0, ""nchapters"": 9.0}"
HarvardX,0,aligned,0,7071,NICE,native,NICE_native,0,out_of_bounds:nevents,0.0,0.003625631332397461,0.3183673469387755,1.0,"{""nevents"": 83.0, ""ndays_act"": 24.0, ""nchapters"": 10.0}"
HarvardX,0,aligned,0,7071,NICE,bounded,NICE_bounded,0,classifier_target_not_met,0.0,0.003625631332397461,0.0,0.0,"{""nevents"": 239.0, ""ndays_act"": 24.0, ""nchapters"": 10.0}"
HarvardX,0,aligned,0,7071,NICE,bounded+edit,NICE_bounded+edit,0,classifier_target_not_met,0.0,0.003625631332397461,0.0,0.0,"{""nevents"": 239.0, ""ndays_act"": 24.0, ""nchapters"": 10.0}"
HarvardX,0,aligned,0,7071,MCCE,native,MCCE_native,0,out_of_bounds:nevents;out_of_bounds:ndays_act,0.0,0.04077792167663574,0.3188637617209046,2.0,"{""nevents"": 96.0, ""ndays_act"": 23.0, ""nchapters"": 10.0}"
HarvardX,0,aligned,0,7071,MCCE,bounded,MCCE_bounded,1,OK,0.0,0.04077792167663574,1.0619415333701048,2.0,"{""nevents"": 468.0, ""ndays_act"": 46.0, ""nchapters"": 10.0}"
HarvardX,0,aligned,0,7071,MCCE,bounded+edit,MCCE_bounded+edit,1,OK,0.0,0.04077792167663574,1.0619415333701048,2.0,"{""nevents"": 468.0, ""ndays_act"": 46.0, ""nchapters"": 10.0}"
HarvardX,0,aligned,0,7131,NICE,native,NICE_native,0,out_of_bounds:nevents,0.0,0.0036759376525878906,0.014084507042253521,1.0,"{""nevents"": 9.0, ""ndays_act"": 8.0, ""nchapters"": 12.0}"
HarvardX,0,aligned,0,7131,NICE,bounded,NICE_bounded,0,classifier_target_not_met,0.0,0.0036759376525878906,0.0,0.0,"{""nevents"": 19.0, ""ndays_act"": 8.0, ""nchapters"": 12.0}"
HarvardX,0,aligned,0,7131,NICE,bounded+edit,NICE_bounded+edit,0,classifier_target_not_met,0.0,0.0036759376525878906,0.0,0.0,"{""nevents"": 19.0, ""ndays_act"": 8.0, ""nchapters"": 12.0}"
HarvardX,0,aligned,0,7131,MCCE,native,MCCE_native,0,out_of_bounds:nevents;out_of_bounds:ndays_act,0.0,0.026118755340576172,0.032952431570555406,2.0,"{""nevents"": 9.0, ""ndays_act"": 7.0, ""nchapters"": 12.0}"
HarvardX,0,aligned,0,7131,MCCE,bounded,MCCE_bounded,1,OK,0.0,0.026118755340576172,0.06505447781025778,2.0,"{""nevents"": 25.0, ""ndays_act"": 11.0, ""nchapters"": 12.0}"
HarvardX,0,aligned,0,7131,MCCE,bounded+edit,MCCE_bounded+edit,1,OK,0.0,0.026118755340576172,0.06505447781025778,2.0,"{""nevents"": 25.0, ""ndays_act"": 11.0, ""nchapters"": 12.0}"
HarvardX,0,aligned,0,7172,NICE,native,NICE_native,0,out_of_bounds:nevents,0.0,0.00466609001159668,0.2201851570799818,2.0,"{""nevents"": 9.0, ""ndays_act"": 7.0, ""nchapters"": 12.0}"
HarvardX,0,aligned,0,7172,NICE,bounded,NICE_bounded,0,classifier_target_not_met,0.0,0.00466609001159668,0.01818181818181818,1.0,"{""nevents"": 130.0, ""ndays_act"": 7.0, ""nchapters"": 12.0}"
HarvardX,0,aligned,0,7172,NICE,bounded+edit,NICE_bounded+edit,0,classifier_target_not_met,0.0,0.00466609001159668,0.01818181818181818,1.0,"{""nevents"": 130.0, ""ndays_act"": 7.0, ""nchapters"": 12.0}"
HarvardX,0,aligned,0,7172,MCCE,native,MCCE_native,0,out_of_bounds:nevents,0.0,0.026986360549926758,0.2201851570799818,2.0,"{""nevents"": 9.0, ""ndays_act"": 7.0, ""nchapters"": 12.0}"
HarvardX,0,aligned,0,7172,MCCE,bounded,MCCE_bounded,1,OK,0.0,0.026986360549926758,0.2977690089543178,2.0,"{""nevents"": 145.0, ""ndays_act"": 21.0, ""nchapters"": 12.0}"
HarvardX,0,aligned,0,7172,MCCE,bounded+edit,MCCE_bounded+edit,1,OK,0.0,0.026986360549926758,0.2977690089543178,2.0,"{""nevents"": 145.0, ""ndays_act"": 21.0, ""nchapters"": 12.0}"
HarvardX,0,aligned,0,7194,NICE,native,NICE_native,1,OK,0.0,0.004781246185302734,0.2787964510736788,2.0,"{""nevents"": 52.0, ""ndays_act"": 19.0, ""nchapters"": 8.0}"
HarvardX,0,aligned,0,7194,NICE,bounded,NICE_bounded,1,OK,0.0,0.004781246185302734,0.2787964510736788,2.0,"{""nevents"": 52.0, ""ndays_act"": 19.0, ""nchapters"": 8.0}"
HarvardX,0,aligned,0,7194,NICE,bounded+edit,NICE_bounded+edit,1,OK,0.0,0.004781246185302734,0.2787964510736788,2.0,"{""nevents"": 52.0, ""ndays_act"": 19.0, ""nchapters"": 8.0}"
HarvardX,0,aligned,0,7194,MCCE,native,MCCE_native,1,OK,0.0,0.04034304618835449,0.7671917191719172,3.0,"{""nevents"": 92.0, ""ndays_act"": 29.0, ""nchapters"": 9.0}"
HarvardX,0,aligned,0,7194,MCCE,bounded,MCCE_bounded,1,OK,0.0,0.04034304618835449,0.7671917191719172,3.0,"{""nevents"": 92.0, ""ndays_act"": 29.0, ""nchapters"": 9.0}"
HarvardX,0,aligned,0,7194,MCCE,bounded+edit,MCCE_bounded+edit,1,OK,0.0,0.04034304618835449,0.7671917191719172,3.0,"{""nevents"": 92.0, ""ndays_act"": 29.0, ""nchapters"": 9.0}"
HarvardX,0,aligned,0,7203,NICE,native,NICE_native,0,out_of_bounds:nevents,0.0,0.0046384334564208984,0.1055508384631713,2.0,"{""nevents"": 9.0, ""ndays_act"": 7.0, ""nchapters"": 12.0}"
HarvardX,0,aligned,0,7203,NICE,bounded,NICE_bounded,0,classifier_target_not_met,0.0,0.0046384334564208984,0.03571428571428571,1.0,"{""nevents"": 56.0, ""ndays_act"": 7.0, ""nchapters"": 12.0}"
HarvardX,0,aligned,0,7203,NICE,bounded+edit,NICE_bounded+edit,0,classifier_target_not_met,0.0,0.0046384334564208984,0.03571428571428571,1.0,"{""nevents"": 56.0, ""ndays_act"": 7.0, ""nchapters"": 12.0}"
HarvardX,0,aligned,0,7203,MCCE,native,MCCE_native,0,out_of_bounds:nevents,0.0,0.026051759719848633,0.1055508384631713,2.0,"{""nevents"": 9.0, ""ndays_act"": 7.0, ""nchapters"": 12.0}"
HarvardX,0,aligned,0,7203,MCCE,bounded,MCCE_bounded,1,OK,0.0,0.026051759719848633,0.19491615368286988,2.0,"{""nevents"": 67.0, ""ndays_act"": 15.0, ""nchapters"": 12.0}"
HarvardX,0,aligned,0,7203,MCCE,bounded+edit,MCCE_bounded+edit,1,OK,0.0,0.026051759719848633,0.19491615368286988,2.0,"{""nevents"": 67.0, ""ndays_act"": 15.0, ""nchapters"": 12.0}"
HarvardX,0,aligned,0,7276,NICE,native,NICE_native,0,out_of_bounds:nevents,0.0,0.0045049190521240234,0.10026057230283761,2.0,"{""nevents"": 9.0, ""ndays_act"": 7.0, ""nchapters"": 12.0}"
HarvardX,0,aligned,0,7276,NICE,bounded,NICE_bounded,0,classifier_target_not_met,0.0,0.0045049190521240234,0.0847457627118644,1.0,"{""nevents"": 20.0, ""ndays_act"": 7.0, ""nchapters"": 12.0}"
HarvardX,0,aligned,0,7276,NICE,bounded+edit,NICE_bounded+edit,0,classifier_target_not_met,0.0,0.0045049190521240234,0.0847457627118644,1.0,"{""nevents"": 20.0, ""ndays_act"": 7.0, ""nchapters"": 12.0}"
HarvardX,0,aligned,0,7276,MCCE,native,MCCE_native,0,out_of_bounds:nevents,0.0,0.026784420013427734,0.10026057230283761,2.0,"{""nevents"": 9.0, ""ndays_act"": 7.0, ""nchapters"": 12.0}"
HarvardX,0,aligned,0,7276,MCCE,bounded,MCCE_bounded,1,OK,0.0,0.026784420013427734,0.15959455905907102,2.0,"{""nevents"": 25.0, ""ndays_act"": 11.0, ""nchapters"": 12.0}"
HarvardX,0,aligned,0,7276,MCCE,bounded+edit,MCCE_bounded+edit,1,OK,0.0,0.026784420013427734,0.15959455905907102,2.0,"{""nevents"": 25.0, ""ndays_act"": 11.0, ""nchapters"": 12.0}"
HarvardX,0,aligned,0,7283,NICE,native,NICE_native,1,OK,0.0,0.004978179931640625,0.3636237897648686,2.0,"{""nevents"": 52.0, ""ndays_act"": 19.0, ""nchapters"": 8.0}"
HarvardX,0,aligned,0,7283,NICE,bounded,NICE_bounded,1,OK,0.0,0.004978179931640625,0.3636237897648686,2.0,"{""nevents"": 52.0, ""ndays_act"": 19.0, ""nchapters"": 8.0}"
HarvardX,0,aligned,0,7283,NICE,bounded+edit,NICE_bounded+edit,1,OK,0.0,0.004978179931640625,0.3636237897648686,2.0,"{""nevents"": 52.0, ""ndays_act"": 19.0, ""nchapters"": 8.0}"
HarvardX,0,aligned,0,7283,MCCE,native,MCCE_native,1,OK,0.0,0.040117502212524414,0.8356154910096819,3.0,"{""nevents"": 92.0, ""ndays_act"": 29.0, ""nchapters"": 9.0}"
HarvardX,0,aligned,0,7283,MCCE,bounded,MCCE_bounded,1,OK,0.0,0.040117502212524414,0.8356154910096819,3.0,"{""nevents"": 92.0, ""ndays_act"": 29.0, ""nchapters"": 9.0}"
HarvardX,0,aligned,0,7283,MCCE,bounded+edit,MCCE_bounded+edit,1,OK,0.0,0.040117502212524414,0.8356154910096819,3.0,"{""nevents"": 92.0, ""ndays_act"": 29.0, ""nchapters"": 9.0}"
HarvardX,0,aligned,0,7303,NICE,native,NICE_native,1,OK,0.0,0.004621982574462891,0.6330927162742584,2.0,"{""nevents"": 103.0, ""ndays_act"": 30.0, ""nchapters"": 6.0}"
HarvardX,0,aligned,0,7303,NICE,bounded,NICE_bounded,1,OK,0.0,0.004621982574462891,0.6330927162742584,2.0,"{""nevents"": 103.0, ""ndays_act"": 30.0, ""nchapters"": 6.0}"
HarvardX,0,aligned,0,7303,NICE,bounded+edit,NICE_bounded+edit,1,OK,0.0,0.004621982574462891,0.6330927162742584,2.0,"{""nevents"": 103.0, ""ndays_act"": 30.0, ""nchapters"": 6.0}"
HarvardX,0,aligned,0,7303,MCCE,native,MCCE_native,1,OK,0.0,0.04067683219909668,1.1016101104139961,3.0,"{""nevents"": 92.0, ""ndays_act"": 29.0, ""nchapters"": 9.0}"
HarvardX,0,aligned,0,7303,MCCE,bounded,MCCE_bounded,1,OK,0.0,0.04067683219909668,1.1016101104139961,3.0,"{""nevents"": 92.0, ""ndays_act"": 29.0, ""nchapters"": 9.0}"
HarvardX,0,aligned,0,7303,MCCE,bounded+edit,MCCE_bounded+edit,1,OK,0.0,0.04067683219909668,1.1016101104139961,3.0,"{""nevents"": 92.0, ""ndays_act"": 29.0, ""nchapters"": 9.0}"
HarvardX,0,aligned,0,7338,NICE,native,NICE_native,1,OK,0.0,0.004664421081542969,0.4347972745058355,2.0,"{""nevents"": 66.0, ""ndays_act"": 21.0, ""nchapters"": 7.0}"
HarvardX,0,aligned,0,7338,NICE,bounded,NICE_bounded,1,OK,0.0,0.004664421081542969,0.4347972745058355,2.0,"{""nevents"": 66.0, ""ndays_act"": 21.0, ""nchapters"": 7.0}"
HarvardX,0,aligned,0,7338,NICE,bounded+edit,NICE_bounded+edit,1,OK,0.0,0.004664421081542969,0.4347972745058355,2.0,"{""nevents"": 66.0, ""ndays_act"": 21.0, ""nchapters"": 7.0}"
HarvardX,0,aligned,0,7338,MCCE,native,MCCE_native,1,OK,0.0,0.04120588302612305,1.0016101104139963,3.0,"{""nevents"": 92.0, ""ndays_act"": 29.0, ""nchapters"": 9.0}"
HarvardX,0,aligned,0,7338,MCCE,bounded,MCCE_bounded,1,OK,0.0,0.04120588302612305,1.0016101104139963,3.0,"{""nevents"": 92.0, ""ndays_act"": 29.0, ""nchapters"": 9.0}"
HarvardX,0,aligned,0,7338,MCCE,bounded+edit,MCCE_bounded+edit,1,OK,0.0,0.04120588302612305,1.0016101104139963,3.0,"{""nevents"": 92.0, ""ndays_act"": 29.0, ""nchapters"": 9.0}"
HarvardX,0,aligned,0,7364,NICE,native,NICE_native,0,out_of_bounds:nevents,0.0,0.004893302917480469,0.2559537505752416,2.0,"{""nevents"": 66.0, ""ndays_act"": 21.0, ""nchapters"": 7.0}"
HarvardX,0,aligned,0,7364,NICE,bounded,NICE_bounded,0,classifier_target_not_met,0.0,0.004893302917480469,0.24528301886792453,1.0,"{""nevents"": 73.0, ""ndays_act"": 21.0, ""nchapters"": 7.0}"
HarvardX,0,aligned,0,7364,NICE,bounded+edit,NICE_bounded+edit,0,classifier_target_not_met,0.0,0.004893302917480469,0.24528301886792453,1.0,"{""nevents"": 73.0, ""ndays_act"": 21.0, ""nchapters"": 7.0}"
HarvardX,0,aligned,0,7364,MCCE,native,MCCE_native,0,out_of_bounds:nevents,0.0,0.039592742919921875,1.0975609756097562,2.0,"{""nevents"": 9.0, ""ndays_act"": 8.0, ""nchapters"": 12.0}"
HarvardX,0,aligned,0,7364,MCCE,bounded,MCCE_bounded,1,OK,0.0,0.039592742919921875,0.8251898297284861,3.0,"{""nevents"": 92.0, ""ndays_act"": 29.0, ""nchapters"": 9.0}"
HarvardX,0,aligned,0,7364,MCCE,bounded+edit,MCCE_bounded+edit,1,OK,0.0,0.039592742919921875,0.8251898297284861,3.0,"{""nevents"": 92.0, ""ndays_act"": 29.0, ""nchapters"": 9.0}"
HarvardX,0,aligned,0,7365,NICE,native,NICE_native,1,OK,0.0,0.004662513732910156,0.2460365647979491,2.0,"{""nevents"": 24.0, ""ndays_act"": 13.0, ""nchapters"": 11.0}"
HarvardX,0,aligned,0,7365,NICE,bounded,NICE_bounded,1,OK,0.0,0.004662513732910156,0.2460365647979491,2.0,"{""nevents"": 24.0, ""ndays_act"": 13.0, ""nchapters"": 11.0}"
HarvardX,0,aligned,0,7365,NICE,bounded+edit,NICE_bounded+edit,1,OK,0.0,0.004662513732910156,0.2460365647979491,2.0,"{""nevents"": 24.0, ""ndays_act"": 13.0, ""nchapters"": 11.0}"
HarvardX,0,aligned,0,7365,MCCE,native,MCCE_native,1,OK,0.0,0.041298627853393555,0.5072297555600531,2.0,"{""nevents"": 71.0, ""ndays_act"": 25.0, ""nchapters"": 11.0}"
HarvardX,0,aligned,0,7365,MCCE,bounded,MCCE_bounded,1,OK,0.0,0.041298627853393555,0.5072297555600531,2.0,"{""nevents"": 71.0, ""ndays_act"": 25.0, ""nchapters"": 11.0}"
HarvardX,0,aligned,0,7365,MCCE,bounded+edit,MCCE_bounded+edit,1,OK,0.0,0.041298627853393555,0.5072297555600531,2.0,"{""nevents"": 71.0, ""ndays_act"": 25.0, ""nchapters"": 11.0}"
HarvardX,0,aligned,0,7372,NICE,native,NICE_native,1,OK,0.0,0.004686594009399414,0.12709977737300143,2.0,"{""nevents"": 9.0, ""ndays_act"": 7.0, ""nchapters"": 12.0}"
HarvardX,0,aligned,0,7372,NICE,bounded,NICE_bounded,1,OK,0.0,0.004686594009399414,0.12709977737300143,2.0,"{""nevents"": 9.0, ""ndays_act"": 7.0, ""nchapters"": 12.0}"
HarvardX,0,aligned,0,7372,NICE,bounded+edit,NICE_bounded+edit,1,OK,0.0,0.004686594009399414,0.12709977737300143,2.0,"{""nevents"": 9.0, ""ndays_act"": 7.0, ""nchapters"": 12.0}"
HarvardX,0,aligned,0,7372,MCCE,native,MCCE_native,1,OK,0.0,0.0260922908782959,0.12709977737300143,2.0,"{""nevents"": 9.0, ""ndays_act"": 7.0, ""nchapters"": 12.0}"
HarvardX,0,aligned,0,7372,MCCE,bounded,MCCE_bounded,1,OK,0.0,0.0260922908782959,0.12709977737300143,2.0,"{""nevents"": 9.0, ""ndays_act"": 7.0, ""nchapters"": 12.0}"
HarvardX,0,aligned,0,7372,MCCE,bounded+edit,MCCE_bounded+edit,1,OK,0.0,0.0260922908782959,0.12709977737300143,2.0,"{""nevents"": 9.0, ""ndays_act"": 7.0, ""nchapters"": 12.0}"
HarvardX,0,aligned,0,7392,NICE,native,NICE_native,1,OK,0.0,0.00451207160949707,0.3645531014806434,2.0,"{""nevents"": 66.0, ""ndays_act"": 21.0, ""nchapters"": 7.0}"
HarvardX,0,aligned,0,7392,NICE,bounded,NICE_bounded,1,OK,0.0,0.00451207160949707,0.3645531014806434,2.0,"{""nevents"": 66.0, ""ndays_act"": 21.0, ""nchapters"": 7.0}"
HarvardX,0,aligned,0,7392,NICE,bounded+edit,NICE_bounded+edit,1,OK,0.0,0.00451207160949707,0.3645531014806434,2.0,"{""nevents"": 66.0, ""ndays_act"": 21.0, ""nchapters"": 7.0}"
HarvardX,0,aligned,0,7392,MCCE,native,MCCE_native,1,OK,0.0,0.04187583923339844,0.939574007575385,3.0,"{""nevents"": 92.0, ""ndays_act"": 29.0, ""nchapters"": 9.0}"
HarvardX,0,aligned,0,7392,MCCE,bounded,MCCE_bounded,1,OK,0.0,0.04187583923339844,0.939574007575385,3.0,"{""nevents"": 92.0, ""ndays_act"": 29.0, ""nchapters"": 9.0}"
HarvardX,0,aligned,0,7392,MCCE,bounded+edit,MCCE_bounded+edit,1,OK,0.0,0.04187583923339844,0.939574007575385,3.0,"{""nevents"": 92.0, ""ndays_act"": 29.0, ""nchapters"": 9.0}"
HarvardX,0,aligned,0,7402,NICE,native,NICE_native,1,OK,0.0,0.004712104797363281,0.4347972745058355,2.0,"{""nevents"": 66.0, ""ndays_act"": 21.0, ""nchapters"": 7.0}"
HarvardX,0,aligned,0,7402,NICE,bounded,NICE_bounded,1,OK,0.0,0.004712104797363281,0.4347972745058355,2.0,"{""nevents"": 66.0, ""ndays_act"": 21.0, ""nchapters"": 7.0}"
HarvardX,0,aligned,0,7402,NICE,bounded+edit,NICE_bounded+edit,1,OK,0.0,0.004712104797363281,0.4347972745058355,2.0,"{""nevents"": 66.0, ""ndays_act"": 21.0, ""nchapters"": 7.0}"
HarvardX,0,aligned,0,7402,MCCE,native,MCCE_native,1,OK,0.0,0.04077935218811035,1.0016101104139963,3.0,"{""nevents"": 92.0, ""ndays_act"": 29.0, ""nchapters"": 9.0}"
HarvardX,0,aligned,0,7402,MCCE,bounded,MCCE_bounded,1,OK,0.0,0.04077935218811035,1.0016101104139963,3.0,"{""nevents"": 92.0, ""ndays_act"": 29.0, ""nchapters"": 9.0}"
HarvardX,0,aligned,0,7402,MCCE,bounded+edit,MCCE_bounded+edit,1,OK,0.0,0.04077935218811035,1.0016101104139963,3.0,"{""nevents"": 92.0, ""ndays_act"": 29.0, ""nchapters"": 9.0}"
HarvardX,0,aligned,0,7472,NICE,native,NICE_native,0,out_of_bounds:nevents,0.0,0.005242109298706055,0.048372513562386976,2.0,"{""nevents"": 9.0, ""ndays_act"": 7.0, ""nchapters"": 12.0}"
HarvardX,0,aligned,0,7472,NICE,bounded,NICE_bounded,0,classifier_target_not_met,0.0,0.005242109298706055,0.03571428571428571,1.0,"{""nevents"": 18.0, ""ndays_act"": 7.0, ""nchapters"": 12.0}"
HarvardX,0,aligned,0,7472,NICE,bounded+edit,NICE_bounded+edit,0,classifier_target_not_met,0.0,0.005242109298706055,0.03571428571428571,1.0,"{""nevents"": 18.0, ""ndays_act"": 7.0, ""nchapters"": 12.0}"
HarvardX,0,aligned,0,7472,MCCE,native,MCCE_native,0,out_of_bounds:nevents,0.0,0.026425600051879883,0.048372513562386976,2.0,"{""nevents"": 9.0, ""ndays_act"": 7.0, ""nchapters"": 12.0}"
HarvardX,0,aligned,0,7472,MCCE,bounded,MCCE_bounded,1,OK,0.0,0.026425600051879883,0.11698814546915812,2.0,"{""nevents"": 25.0, ""ndays_act"": 11.0, ""nchapters"": 12.0}"
HarvardX,0,aligned,0,7472,MCCE,bounded+edit,MCCE_bounded+edit,1,OK,0.0,0.026425600051879883,0.11698814546915812,2.0,"{""nevents"": 25.0, ""ndays_act"": 11.0, ""nchapters"": 12.0}"
HarvardX,0,aligned,0,7491,NICE,native,NICE_native,0,out_of_bounds:nevents,0.0,0.003692626953125,0.09713024282560706,1.0,"{""nevents"": 232.0, ""ndays_act"": 25.0, ""nchapters"": 12.0}"
HarvardX,0,aligned,0,7491,NICE,bounded,NICE_bounded,0,classifier_target_not_met,0.0,0.003692626953125,0.0,0.0,"{""nevents"": 276.0, ""ndays_act"": 25.0, ""nchapters"": 12.0}"
HarvardX,0,aligned,0,7491,NICE,bounded+edit,NICE_bounded+edit,0,classifier_target_not_met,0.0,0.003692626953125,0.0,0.0,"{""nevents"": 276.0, ""ndays_act"": 25.0, ""nchapters"": 12.0}"
HarvardX,0,aligned,0,7491,MCCE,native,MCCE_native,0,out_of_bounds:nevents,0.0,0.026486635208129883,0.17218543046357615,1.0,"{""nevents"": 198.0, ""ndays_act"": 25.0, ""nchapters"": 12.0}"
HarvardX,0,aligned,0,7491,MCCE,bounded,MCCE_bounded,1,OK,0.0,0.026486635208129883,0.2222222222222222,1.0,"{""nevents"": 276.0, ""ndays_act"": 33.0, ""nchapters"": 12.0}"
HarvardX,0,aligned,0,7491,MCCE,bounded+edit,MCCE_bounded+edit,1,OK,0.0,0.026486635208129883,0.2222222222222222,1.0,"{""nevents"": 276.0, ""ndays_act"": 33.0, ""nchapters"": 12.0}"
HarvardX,0,aligned,0,7494,NICE,native,NICE_native,1,OK,0.0,0.0049359798431396484,0.31421434169278994,2.0,"{""nevents"": 52.0, ""ndays_act"": 19.0, ""nchapters"": 8.0}"
HarvardX,0,aligned,0,7494,NICE,bounded,NICE_bounded,1,OK,0.0,0.0049359798431396484,0.31421434169278994,2.0,"{""nevents"": 52.0, ""ndays_act"": 19.0, ""nchapters"": 8.0}"
HarvardX,0,aligned,0,7494,NICE,bounded+edit,NICE_bounded+edit,1,OK,0.0,0.0049359798431396484,0.31421434169278994,2.0,"{""nevents"": 52.0, ""ndays_act"": 19.0, ""nchapters"": 8.0}"
HarvardX,0,aligned,0,7494,MCCE,native,MCCE_native,1,OK,0.0,0.04205656051635742,1.1379310344827587,2.0,"{""nevents"": 25.0, ""ndays_act"": 11.0, ""nchapters"": 12.0}"
HarvardX,0,aligned,0,7494,MCCE,bounded,MCCE_bounded,1,OK,0.0,0.04205656051635742,1.1379310344827587,2.0,"{""nevents"": 25.0, ""ndays_act"": 11.0, ""nchapters"": 12.0}"
HarvardX,0,aligned,0,7494,MCCE,bounded+edit,MCCE_bounded+edit,1,OK,0.0,0.04205656051635742,1.1379310344827587,2.0,"{""nevents"": 25.0, ""ndays_act"": 11.0, ""nchapters"": 12.0}"
HarvardX,0,aligned,0,7531,NICE,native,NICE_native,0,out_of_bounds:nevents,0.0,0.003628969192504883,0.1945945945945946,1.0,"{""nevents"": 66.0, ""ndays_act"": 22.0, ""nchapters"": 7.0}"
HarvardX,0,aligned,0,7531,NICE,bounded,NICE_bounded,0,classifier_target_not_met,0.0,0.003628969192504883,0.0,0.0,"{""nevents"": 174.0, ""ndays_act"": 22.0, ""nchapters"": 7.0}"
HarvardX,0,aligned,0,7531,NICE,bounded+edit,NICE_bounded+edit,0,classifier_target_not_met,0.0,0.003628969192504883,0.0,0.0,"{""nevents"": 174.0, ""ndays_act"": 22.0, ""nchapters"": 7.0}"
HarvardX,0,aligned,0,7531,MCCE,native,MCCE_native,0,out_of_bounds:nevents,0.0,0.0419926643371582,0.7272349272349272,3.0,"{""nevents"": 92.0, ""ndays_act"": 29.0, ""nchapters"": 9.0}"
HarvardX,0,aligned,0,7531,MCCE,bounded,MCCE_bounded,1,OK,0.0,0.0419926643371582,1.3185031185031186,3.0,"{""nevents"": 217.0, ""ndays_act"": 47.0, ""nchapters"": 10.0}"
HarvardX,0,aligned,0,7531,MCCE,bounded+edit,MCCE_bounded+edit,1,OK,0.0,0.0419926643371582,1.3185031185031186,3.0,"{""nevents"": 217.0, ""ndays_act"": 47.0, ""nchapters"": 10.0}"
HarvardX,0,aligned,0,7548,NICE,native,NICE_native,1,OK,0.0,0.004769802093505859,0.2138162830477448,2.0,"{""nevents"": 66.0, ""ndays_act"": 21.0, ""nchapters"": 7.0}"
HarvardX,0,aligned,0,7548,NICE,bounded,NICE_bounded,1,OK,0.0,0.004769802093505859,0.2138162830477448,2.0,"{""nevents"": 66.0, ""ndays_act"": 21.0, ""nchapters"": 7.0}"
HarvardX,0,aligned,0,7548,NICE,bounded+edit,NICE_bounded+edit,1,OK,0.0,0.004769802093505859,0.2138162830477448,2.0,"{""nevents"": 66.0, ""ndays_act"": 21.0, ""nchapters"": 7.0}"
HarvardX,0,aligned,0,7548,MCCE,native,MCCE_native,1,OK,0.0,0.0415191650390625,1.0465444287729195,2.0,"{""nevents"": 53.0, ""ndays_act"": 14.0, ""nchapters"": 12.0}"
HarvardX,0,aligned,0,7548,MCCE,bounded,MCCE_bounded,1,OK,0.0,0.0415191650390625,1.0465444287729195,2.0,"{""nevents"": 53.0, ""ndays_act"": 14.0, ""nchapters"": 12.0}"
HarvardX,0,aligned,0,7548,MCCE,bounded+edit,MCCE_bounded+edit,1,OK,0.0,0.0415191650390625,1.0465444287729195,2.0,"{""nevents"": 53.0, ""ndays_act"": 14.0, ""nchapters"": 12.0}"
HarvardX,0,aligned,0,7556,NICE,native,NICE_native,0,out_of_bounds:nevents,0.0,0.0037736892700195312,0.5789473684210527,1.0,"{""nevents"": 9.0, ""ndays_act"": 7.0, ""nchapters"": 12.0}"
HarvardX,0,aligned,0,7556,NICE,bounded,NICE_bounded,0,classifier_target_not_met,0.0,0.0037736892700195312,0.0,0.0,"{""nevents"": 273.0, ""ndays_act"": 7.0, ""nchapters"": 12.0}"
HarvardX,0,aligned,0,7556,NICE,bounded+edit,NICE_bounded+edit,0,classifier_target_not_met,0.0,0.0037736892700195312,0.0,0.0,"{""nevents"": 273.0, ""ndays_act"": 7.0, ""nchapters"": 12.0}"
HarvardX,0,aligned,0,7556,MCCE,native,MCCE_native,0,out_of_bounds:nevents,0.0,0.0257565975189209,0.5789473684210527,1.0,"{""nevents"": 9.0, ""ndays_act"": 7.0, ""nchapters"": 12.0}"
HarvardX,0,aligned,0,7556,MCCE,bounded,MCCE_bounded,1,OK,0.0,0.0257565975189209,0.4283625730994152,2.0,"{""nevents"": 291.0, ""ndays_act"": 28.0, ""nchapters"": 12.0}"
HarvardX,0,aligned,0,7556,MCCE,bounded+edit,MCCE_bounded+edit,1,OK,0.0,0.0257565975189209,0.4283625730994152,2.0,"{""nevents"": 291.0, ""ndays_act"": 28.0, ""nchapters"": 12.0}"
HarvardX,0,aligned,0,7570,NICE,native,NICE_native,1,OK,0.0,0.004696369171142578,0.5160422049956934,2.0,"{""nevents"": 103.0, ""ndays_act"": 30.0, ""nchapters"": 6.0}"
HarvardX,0,aligned,0,7570,NICE,bounded,NICE_bounded,1,OK,0.0,0.004696369171142578,0.5160422049956934,2.0,"{""nevents"": 103.0, ""ndays_act"": 30.0, ""nchapters"": 6.0}"
HarvardX,0,aligned,0,7570,NICE,bounded+edit,NICE_bounded+edit,1,OK,0.0,0.004696369171142578,0.5160422049956934,2.0,"{""nevents"": 103.0, ""ndays_act"": 30.0, ""nchapters"": 6.0}"
HarvardX,0,aligned,0,7570,MCCE,native,MCCE_native,1,OK,0.0,0.04029536247253418,1.0925925925925926,2.0,"{""nevents"": 41.0, ""ndays_act"": 12.0, ""nchapters"": 12.0}"
HarvardX,0,aligned,0,7570,MCCE,bounded,MCCE_bounded,1,OK,0.0,0.04029536247253418,1.0925925925925926,2.0,"{""nevents"": 41.0, ""ndays_act"": 12.0, ""nchapters"": 12.0}"
HarvardX,0,aligned,0,7570,MCCE,bounded+edit,MCCE_bounded+edit,1,OK,0.0,0.04029536247253418,1.0925925925925926,2.0,"{""nevents"": 41.0, ""ndays_act"": 12.0, ""nchapters"": 12.0}"
HarvardX,0,aligned,0,7617,NICE,native,NICE_native,1,OK,0.0,0.005043506622314453,0.6330927162742584,2.0,"{""nevents"": 103.0, ""ndays_act"": 30.0, ""nchapters"": 6.0}"
HarvardX,0,aligned,0,7617,NICE,bounded,NICE_bounded,1,OK,0.0,0.005043506622314453,0.6330927162742584,2.0,"{""nevents"": 103.0, ""ndays_act"": 30.0, ""nchapters"": 6.0}"
HarvardX,0,aligned,0,7617,NICE,bounded+edit,NICE_bounded+edit,1,OK,0.0,0.005043506622314453,0.6330927162742584,2.0,"{""nevents"": 103.0, ""ndays_act"": 30.0, ""nchapters"": 6.0}"
HarvardX,0,aligned,0,7617,MCCE,native,MCCE_native,1,OK,0.0,0.0745551586151123,1.1016101104139961,3.0,"{""nevents"": 92.0, ""ndays_act"": 29.0, ""nchapters"": 9.0}"
HarvardX,0,aligned,0,7617,MCCE,bounded,MCCE_bounded,1,OK,0.0,0.0745551586151123,1.1016101104139961,3.0,"{""nevents"": 92.0, ""ndays_act"": 29.0, ""nchapters"": 9.0}"
HarvardX,0,aligned,0,7617,MCCE,bounded+edit,MCCE_bounded+edit,1,OK,0.0,0.0745551586151123,1.1016101104139961,3.0,"{""nevents"": 92.0, ""ndays_act"": 29.0, ""nchapters"": 9.0}"
HarvardX,0,aligned,0,7620,NICE,native,NICE_native,0,out_of_bounds:nevents,0.0,0.0060656070709228516,0.03350083752093802,1.0,"{""nevents"": 112.0, ""ndays_act"": 21.0, ""nchapters"": 9.0}"
HarvardX,0,aligned,0,7620,NICE,bounded,NICE_bounded,0,classifier_target_not_met,0.0,0.0060656070709228516,0.0,0.0,"{""nevents"": 132.0, ""ndays_act"": 21.0, ""nchapters"": 9.0}"
HarvardX,0,aligned,0,7620,NICE,bounded+edit,NICE_bounded+edit,0,classifier_target_not_met,0.0,0.0060656070709228516,0.0,0.0,"{""nevents"": 132.0, ""ndays_act"": 21.0, ""nchapters"": 9.0}"
HarvardX,0,aligned,0,7620,MCCE,native,MCCE_native,0,out_of_bounds:nevents,0.0,0.05670309066772461,0.26700167504187605,2.0,"{""nevents"": 92.0, ""ndays_act"": 29.0, ""nchapters"": 9.0}"
HarvardX,0,aligned,0,7620,MCCE,bounded,MCCE_bounded,1,OK,0.0,0.05670309066772461,0.6583333333333333,2.0,"{""nevents"": 132.0, ""ndays_act"": 34.0, ""nchapters"": 10.0}"
HarvardX,0,aligned,0,7620,MCCE,bounded+edit,MCCE_bounded+edit,1,OK,0.0,0.05670309066772461,0.6583333333333333,2.0,"{""nevents"": 132.0, ""ndays_act"": 34.0, ""nchapters"": 10.0}"
HarvardX,0,aligned,0,7641,NICE,native,NICE_native,1,OK,0.0,0.00513148307800293,0.34153565732513097,2.0,"{""nevents"": 66.0, ""ndays_act"": 21.0, ""nchapters"": 7.0}"
HarvardX,0,aligned,0,7641,NICE,bounded,NICE_bounded,1,OK,0.0,0.00513148307800293,0.34153565732513097,2.0,"{""nevents"": 66.0, ""ndays_act"": 21.0, ""nchapters"": 7.0}"
HarvardX,0,aligned,0,7641,NICE,bounded+edit,NICE_bounded+edit,1,OK,0.0,0.00513148307800293,0.34153565732513097,2.0,"{""nevents"": 66.0, ""ndays_act"": 21.0, ""nchapters"": 7.0}"
HarvardX,0,aligned,0,7641,MCCE,native,MCCE_native,1,OK,0.0,0.046502113342285156,0.919404572036151,3.0,"{""nevents"": 92.0, ""ndays_act"": 29.0, ""nchapters"": 9.0}"
HarvardX,0,aligned,0,7641,MCCE,bounded,MCCE_bounded,1,OK,0.0,0.046502113342285156,0.919404572036151,3.0,"{""nevents"": 92.0, ""ndays_act"": 29.0, ""nchapters"": 9.0}"
HarvardX,0,aligned,0,7641,MCCE,bounded+edit,MCCE_bounded+edit,1,OK,0.0,0.046502113342285156,0.919404572036151,3.0,"{""nevents"": 92.0, ""ndays_act"": 29.0, ""nchapters"": 9.0}"
HarvardX,0,aligned,0,7679,NICE,native,NICE_native,0,out_of_bounds:nevents,0.0,0.0038437843322753906,0.696,1.0,"{""nevents"": 93.0, ""ndays_act"": 23.0, ""nchapters"": 10.0}"
HarvardX,0,aligned,0,7679,NICE,bounded,NICE_bounded,0,classifier_target_not_met,0.0,0.0038437843322753906,0.0,0.0,"{""nevents"": 354.0, ""ndays_act"": 23.0, ""nchapters"": 10.0}"
HarvardX,0,aligned,0,7679,NICE,bounded+edit,NICE_bounded+edit,0,classifier_target_not_met,0.0,0.0038437843322753906,0.0,0.0,"{""nevents"": 354.0, ""ndays_act"": 23.0, ""nchapters"": 10.0}"
HarvardX,0,aligned,0,7679,MCCE,native,MCCE_native,0,out_of_bounds:nevents,0.0,0.0522456169128418,0.688,1.0,"{""nevents"": 96.0, ""ndays_act"": 23.0, ""nchapters"": 10.0}"
HarvardX,0,aligned,0,7679,MCCE,bounded,MCCE_bounded,1,OK,0.0,0.0522456169128418,0.9092631578947368,2.0,"{""nevents"": 468.0, ""ndays_act"": 46.0, ""nchapters"": 10.0}"
HarvardX,0,aligned,0,7679,MCCE,bounded+edit,MCCE_bounded+edit,1,OK,0.0,0.0522456169128418,0.9092631578947368,2.0,"{""nevents"": 468.0, ""ndays_act"": 46.0, ""nchapters"": 10.0}"
HarvardX,0,aligned,0,7690,NICE,native,NICE_native,0,out_of_bounds:nevents,0.0,0.005449056625366211,0.1275808936825886,2.0,"{""nevents"": 9.0, ""ndays_act"": 7.0, ""nchapters"": 12.0}"
HarvardX,0,aligned,0,7690,NICE,bounded,NICE_bounded,0,classifier_target_not_met,0.0,0.005449056625366211,0.01818181818181818,1.0,"{""nevents"": 80.0, ""ndays_act"": 7.0, ""nchapters"": 12.0}"
HarvardX,0,aligned,0,7690,NICE,bounded+edit,NICE_bounded+edit,0,classifier_target_not_met,0.0,0.005449056625366211,0.01818181818181818,1.0,"{""nevents"": 80.0, ""ndays_act"": 7.0, ""nchapters"": 12.0}"
HarvardX,0,aligned,0,7690,MCCE,native,MCCE_native,0,out_of_bounds:nevents,0.0,0.030670881271362305,0.1275808936825886,2.0,"{""nevents"": 9.0, ""ndays_act"": 7.0, ""nchapters"": 12.0}"
HarvardX,0,aligned,0,7690,MCCE,bounded,MCCE_bounded,1,OK,0.0,0.030670881271362305,0.27950693374422186,2.0,"{""nevents"": 108.0, ""ndays_act"": 19.0, ""nchapters"": 12.0}"
HarvardX,0,aligned,0,7690,MCCE,bounded+edit,MCCE_bounded+edit,1,OK,0.0,0.030670881271362305,0.27950693374422186,2.0,"{""nevents"": 108.0, ""ndays_act"": 19.0, ""nchapters"": 12.0}"
HarvardX,0,aligned,0,7714,NICE,native,NICE_native,1,OK,0.0,0.003747224807739258,0.15151515151515152,1.0,"{""nevents"": 246.0, ""ndays_act"": 33.0, ""nchapters"": 11.0}"
HarvardX,0,aligned,0,7714,NICE,bounded,NICE_bounded,1,OK,0.0,0.003747224807739258,0.15151515151515152,1.0,"{""nevents"": 246.0, ""ndays_act"": 33.0, ""nchapters"": 11.0}"
HarvardX,0,aligned,0,7714,NICE,bounded+edit,NICE_bounded+edit,1,OK,0.0,0.003747224807739258,0.15151515151515152,1.0,"{""nevents"": 246.0, ""ndays_act"": 33.0, ""nchapters"": 11.0}"
HarvardX,0,aligned,0,7714,MCCE,native,MCCE_native,0,out_of_bounds:nevents;out_of_bounds:ndays_act,0.0,0.04128146171569824,0.45322793148880103,2.0,"{""nevents"": 71.0, ""ndays_act"": 25.0, ""nchapters"": 11.0}"
HarvardX,0,aligned,0,7714,MCCE,bounded,MCCE_bounded,1,OK,0.0,0.04128146171569824,0.4564276303406738,2.0,"{""nevents"": 364.0, ""ndays_act"": 35.0, ""nchapters"": 11.0}"
HarvardX,0,aligned,0,7714,MCCE,bounded+edit,MCCE_bounded+edit,1,OK,0.0,0.04128146171569824,0.4564276303406738,2.0,"{""nevents"": 364.0, ""ndays_act"": 35.0, ""nchapters"": 11.0}"
HarvardX,0,aligned,0,7762,NICE,native,NICE_native,0,out_of_bounds:nevents,0.0,0.004845619201660156,0.4121951219512195,2.0,"{""nevents"": 67.0, ""ndays_act"": 19.0, ""nchapters"": 9.0}"
HarvardX,0,aligned,0,7762,NICE,bounded,NICE_bounded,0,classifier_target_not_met,0.0,0.004845619201660156,0.06666666666666667,1.0,"{""nevents"": 237.0, ""ndays_act"": 19.0, ""nchapters"": 9.0}"
HarvardX,0,aligned,0,7762,NICE,bounded+edit,NICE_bounded+edit,0,classifier_target_not_met,0.0,0.004845619201660156,0.06666666666666667,1.0,"{""nevents"": 237.0, ""ndays_act"": 19.0, ""nchapters"": 9.0}"
HarvardX,0,aligned,0,7762,MCCE,native,MCCE_native,0,out_of_bounds:nevents,0.0,0.04136347770690918,0.5836043360433605,2.0,"{""nevents"": 92.0, ""ndays_act"": 29.0, ""nchapters"": 9.0}"
HarvardX,0,aligned,0,7762,MCCE,bounded,MCCE_bounded,1,OK,0.0,0.04136347770690918,1.4695121951219512,3.0,"{""nevents"": 468.0, ""ndays_act"": 46.0, ""nchapters"": 10.0}"
HarvardX,0,aligned,0,7762,MCCE,bounded+edit,MCCE_bounded+edit,1,OK,0.0,0.04136347770690918,1.4695121951219512,3.0,"{""nevents"": 468.0, ""ndays_act"": 46.0, ""nchapters"": 10.0}"
HarvardX,0,aligned,0,7774,NICE,native,NICE_native,1,OK,0.0,0.004807949066162109,0.447422088180382,2.0,"{""nevents"": 103.0, ""ndays_act"": 30.0, ""nchapters"": 6.0}"
HarvardX,0,aligned,0,7774,NICE,bounded,NICE_bounded,1,OK,0.0,0.004807949066162109,0.447422088180382,2.0,"{""nevents"": 103.0, ""ndays_act"": 30.0, ""nchapters"": 6.0}"
HarvardX,0,aligned,0,7774,NICE,bounded+edit,NICE_bounded+edit,1,OK,0.0,0.004807949066162109,0.447422088180382,2.0,"{""nevents"": 103.0, ""ndays_act"": 30.0, ""nchapters"": 6.0}"
HarvardX,0,aligned,0,7774,MCCE,native,MCCE_native,1,OK,0.0,0.04258990287780762,0.9757575757575757,2.0,"{""nevents"": 96.0, ""ndays_act"": 23.0, ""nchapters"": 10.0}"
HarvardX,0,aligned,0,7774,MCCE,bounded,MCCE_bounded,1,OK,0.0,0.04258990287780762,0.9757575757575757,2.0,"{""nevents"": 96.0, ""ndays_act"": 23.0, ""nchapters"": 10.0}"
HarvardX,0,aligned,0,7774,MCCE,bounded+edit,MCCE_bounded+edit,1,OK,0.0,0.04258990287780762,0.9757575757575757,2.0,"{""nevents"": 96.0, ""ndays_act"": 23.0, ""nchapters"": 10.0}"
HarvardX,0,aligned,0,7828,NICE,native,NICE_native,1,OK,0.0,0.004694223403930664,0.412568877728953,2.0,"{""nevents"": 66.0, ""ndays_act"": 21.0, ""nchapters"": 7.0}"
HarvardX,0,aligned,0,7828,NICE,bounded,NICE_bounded,1,OK,0.0,0.004694223403930664,0.412568877728953,2.0,"{""nevents"": 66.0, ""ndays_act"": 21.0, ""nchapters"": 7.0}"
HarvardX,0,aligned,0,7828,NICE,bounded+edit,NICE_bounded+edit,1,OK,0.0,0.004694223403930664,0.412568877728953,2.0,"{""nevents"": 66.0, ""ndays_act"": 21.0, ""nchapters"": 7.0}"
HarvardX,0,aligned,0,7828,MCCE,native,MCCE_native,1,OK,0.0,0.041975975036621094,0.9838273929924903,3.0,"{""nevents"": 92.0, ""ndays_act"": 29.0, ""nchapters"": 9.0}"
HarvardX,0,aligned,0,7828,MCCE,bounded,MCCE_bounded,1,OK,0.0,0.041975975036621094,0.9838273929924903,3.0,"{""nevents"": 92.0, ""ndays_act"": 29.0, ""nchapters"": 9.0}"
HarvardX,0,aligned,0,7828,MCCE,bounded+edit,MCCE_bounded+edit,1,OK,0.0,0.041975975036621094,0.9838273929924903,3.0,"{""nevents"": 92.0, ""ndays_act"": 29.0, ""nchapters"": 9.0}"
HarvardX,0,aligned,0,7850,NICE,native,NICE_native,1,OK,0.0,0.0048830509185791016,0.3725796224942691,2.0,"{""nevents"": 66.0, ""ndays_act"": 21.0, ""nchapters"": 7.0}"
HarvardX,0,aligned,0,7850,NICE,bounded,NICE_bounded,1,OK,0.0,0.0048830509185791016,0.3725796224942691,2.0,"{""nevents"": 66.0, ""ndays_act"": 21.0, ""nchapters"": 7.0}"
HarvardX,0,aligned,0,7850,NICE,bounded+edit,NICE_bounded+edit,1,OK,0.0,0.0048830509185791016,0.3725796224942691,2.0,"{""nevents"": 66.0, ""ndays_act"": 21.0, ""nchapters"": 7.0}"
HarvardX,0,aligned,0,7850,MCCE,native,MCCE_native,1,OK,0.0,0.04303598403930664,0.9472857630590645,3.0,"{""nevents"": 92.0, ""ndays_act"": 29.0, ""nchapters"": 9.0}"
HarvardX,0,aligned,0,7850,MCCE,bounded,MCCE_bounded,1,OK,0.0,0.04303598403930664,0.9472857630590645,3.0,"{""nevents"": 92.0, ""ndays_act"": 29.0, ""nchapters"": 9.0}"
HarvardX,0,aligned,0,7850,MCCE,bounded+edit,MCCE_bounded+edit,1,OK,0.0,0.04303598403930664,0.9472857630590645,3.0,"{""nevents"": 92.0, ""ndays_act"": 29.0, ""nchapters"": 9.0}"
HarvardX,0,aligned,0,7861,NICE,native,NICE_native,1,OK,0.0,0.007392168045043945,0.35442614329086086,2.0,"{""nevents"": 67.0, ""ndays_act"": 19.0, ""nchapters"": 9.0}"
HarvardX,0,aligned,0,7861,NICE,bounded,NICE_bounded,1,OK,0.0,0.007392168045043945,0.35442614329086086,2.0,"{""nevents"": 67.0, ""ndays_act"": 19.0, ""nchapters"": 9.0}"
HarvardX,0,aligned,0,7861,NICE,bounded+edit,NICE_bounded+edit,1,OK,0.0,0.007392168045043945,0.35442614329086086,2.0,"{""nevents"": 67.0, ""ndays_act"": 19.0, ""nchapters"": 9.0}"
HarvardX,0,aligned,0,7861,MCCE,native,MCCE_native,1,OK,0.0,0.0437312126159668,0.5591785996031651,2.0,"{""nevents"": 92.0, ""ndays_act"": 29.0, ""nchapters"": 9.0}"
HarvardX,0,aligned,0,7861,MCCE,bounded,MCCE_bounded,1,OK,0.0,0.0437312126159668,0.5591785996031651,2.0,"{""nevents"": 92.0, ""ndays_act"": 29.0, ""nchapters"": 9.0}"
HarvardX,0,aligned,0,7861,MCCE,bounded+edit,MCCE_bounded+edit,1,OK,0.0,0.0437312126159668,0.5591785996031651,2.0,"{""nevents"": 92.0, ""ndays_act"": 29.0, ""nchapters"": 9.0}"
HarvardX,0,aligned,0,7892,NICE,native,NICE_native,1,OK,0.0,0.0049800872802734375,0.07173560034387239,2.0,"{""nevents"": 9.0, ""ndays_act"": 7.0, ""nchapters"": 12.0}"
HarvardX,0,aligned,0,7892,NICE,bounded,NICE_bounded,1,OK,0.0,0.0049800872802734375,0.07173560034387239,2.0,"{""nevents"": 9.0, ""ndays_act"": 7.0, ""nchapters"": 12.0}"
HarvardX,0,aligned,0,7892,NICE,bounded+edit,NICE_bounded+edit,1,OK,0.0,0.0049800872802734375,0.07173560034387239,2.0,"{""nevents"": 9.0, ""ndays_act"": 7.0, ""nchapters"": 12.0}"
HarvardX,0,aligned,0,7892,MCCE,native,MCCE_native,1,OK,0.0,0.025487661361694336,0.07173560034387239,2.0,"{""nevents"": 9.0, ""ndays_act"": 7.0, ""nchapters"": 12.0}"
HarvardX,0,aligned,0,7892,MCCE,bounded,MCCE_bounded,1,OK,0.0,0.025487661361694336,0.07173560034387239,2.0,"{""nevents"": 9.0, ""ndays_act"": 7.0, ""nchapters"": 12.0}"
HarvardX,0,aligned,0,7892,MCCE,bounded+edit,MCCE_bounded+edit,1,OK,0.0,0.025487661361694336,0.07173560034387239,2.0,"{""nevents"": 9.0, ""ndays_act"": 7.0, ""nchapters"": 12.0}"
HarvardX,0,aligned,0,7940,NICE,native,NICE_native,0,out_of_bounds:nevents,0.0,0.0035953521728515625,0.49385749385749383,1.0,"{""nevents"": 121.0, ""ndays_act"": 19.0, ""nchapters"": 12.0}"
HarvardX,0,aligned,0,7940,NICE,bounded,NICE_bounded,0,classifier_target_not_met,0.0,0.0035953521728515625,0.0,0.0,"{""nevents"": 322.0, ""ndays_act"": 19.0, ""nchapters"": 12.0}"
HarvardX,0,aligned,0,7940,NICE,bounded+edit,NICE_bounded+edit,0,classifier_target_not_met,0.0,0.0035953521728515625,0.0,0.0,"{""nevents"": 322.0, ""ndays_act"": 19.0, ""nchapters"": 12.0}"
HarvardX,0,aligned,0,7940,MCCE,native,MCCE_native,0,out_of_bounds:nevents,0.0,0.025569915771484375,0.515970515970516,1.0,"{""nevents"": 112.0, ""ndays_act"": 19.0, ""nchapters"": 12.0}"
HarvardX,0,aligned,0,7940,MCCE,bounded,MCCE_bounded,1,OK,0.0,0.025569915771484375,0.2881712881712882,2.0,"{""nevents"": 323.0, ""ndays_act"": 31.0, ""nchapters"": 12.0}"
HarvardX,0,aligned,0,7940,MCCE,bounded+edit,MCCE_bounded+edit,1,OK,0.0,0.025569915771484375,0.2881712881712882,2.0,"{""nevents"": 323.0, ""ndays_act"": 31.0, ""nchapters"": 12.0}"
HarvardX,0,aligned,0,7942,NICE,native,NICE_native,1,OK,0.0,0.004853487014770508,0.5802905569007264,2.0,"{""nevents"": 103.0, ""ndays_act"": 30.0, ""nchapters"": 6.0}"
HarvardX,0,aligned,0,7942,NICE,bounded,NICE_bounded,1,OK,0.0,0.004853487014770508,0.5802905569007264,2.0,"{""nevents"": 103.0, ""ndays_act"": 30.0, ""nchapters"": 6.0}"
HarvardX,0,aligned,0,7942,NICE,bounded+edit,NICE_bounded+edit,1,OK,0.0,0.004853487014770508,0.5802905569007264,2.0,"{""nevents"": 103.0, ""ndays_act"": 30.0, ""nchapters"": 6.0}"
HarvardX,0,aligned,0,7942,MCCE,native,MCCE_native,1,OK,0.0,0.07458257675170898,1.0476271186440678,3.0,"{""nevents"": 92.0, ""ndays_act"": 29.0, ""nchapters"": 9.0}"
HarvardX,0,aligned,0,7942,MCCE,bounded,MCCE_bounded,1,OK,0.0,0.07458257675170898,1.0476271186440678,3.0,"{""nevents"": 92.0, ""ndays_act"": 29.0, ""nchapters"": 9.0}"
HarvardX,0,aligned,0,7942,MCCE,bounded+edit,MCCE_bounded+edit,1,OK,0.0,0.07458257675170898,1.0476271186440678,3.0,"{""nevents"": 92.0, ""ndays_act"": 29.0, ""nchapters"": 9.0}"
HarvardX,0,aligned,0,7952,NICE,native,NICE_native,0,out_of_bounds:nevents,0.0,0.0076274871826171875,0.19901938934700245,2.0,"{""nevents"": 52.0, ""ndays_act"": 19.0, ""nchapters"": 8.0}"
HarvardX,0,aligned,0,7952,NICE,bounded,NICE_bounded,0,classifier_target_not_met,0.0,0.0076274871826171875,0.14285714285714285,1.0,"{""nevents"": 88.0, ""ndays_act"": 19.0, ""nchapters"": 8.0}"
HarvardX,0,aligned,0,7952,NICE,bounded+edit,NICE_bounded+edit,0,classifier_target_not_met,0.0,0.0076274871826171875,0.14285714285714285,1.0,"{""nevents"": 88.0, ""ndays_act"": 19.0, ""nchapters"": 8.0}"
HarvardX,0,aligned,0,7952,MCCE,native,MCCE_native,0,out_of_bounds:nevents,0.0,0.04747629165649414,1.06396255850234,2.0,"{""nevents"": 47.0, ""ndays_act"": 12.0, ""nchapters"": 12.0}"
HarvardX,0,aligned,0,7952,MCCE,bounded,MCCE_bounded,1,OK,0.0,0.04747629165649414,0.6031790251201885,3.0,"{""nevents"": 92.0, ""ndays_act"": 29.0, ""nchapters"": 9.0}"
HarvardX,0,aligned,0,7952,MCCE,bounded+edit,MCCE_bounded+edit,1,OK,0.0,0.04747629165649414,0.6031790251201885,3.0,"{""nevents"": 92.0, ""ndays_act"": 29.0, ""nchapters"": 9.0}"
HarvardX,0,aligned,0,7976,NICE,native,NICE_native,1,OK,0.0,0.005031108856201172,0.5817876874506709,2.0,"{""nevents"": 103.0, ""ndays_act"": 30.0, ""nchapters"": 6.0}"
HarvardX,0,aligned,0,7976,NICE,bounded,NICE_bounded,1,OK,0.0,0.005031108856201172,0.5817876874506709,2.0,"{""nevents"": 103.0, ""ndays_act"": 30.0, ""nchapters"": 6.0}"
HarvardX,0,aligned,0,7976,NICE,bounded+edit,NICE_bounded+edit,1,OK,0.0,0.005031108856201172,0.5817876874506709,2.0,"{""nevents"": 103.0, ""ndays_act"": 30.0, ""nchapters"": 6.0}"
HarvardX,0,aligned,0,7976,MCCE,native,MCCE_native,1,OK,0.0,0.04781842231750488,1.048737174427782,3.0,"{""nevents"": 92.0, ""ndays_act"": 29.0, ""nchapters"": 9.0}"
HarvardX,0,aligned,0,7976,MCCE,bounded,MCCE_bounded,1,OK,0.0,0.04781842231750488,1.048737174427782,3.0,"{""nevents"": 92.0, ""ndays_act"": 29.0, ""nchapters"": 9.0}"
HarvardX,0,aligned,0,7976,MCCE,bounded+edit,MCCE_bounded+edit,1,OK,0.0,0.04781842231750488,1.048737174427782,3.0,"{""nevents"": 92.0, ""ndays_act"": 29.0, ""nchapters"": 9.0}"
HarvardX,0,aligned,0,8003,NICE,native,NICE_native,0,out_of_bounds:nevents,0.0,0.004862546920776367,0.11478868116680002,2.0,"{""nevents"": 9.0, ""ndays_act"": 7.0, ""nchapters"": 12.0}"
HarvardX,0,aligned,0,8003,NICE,bounded,NICE_bounded,0,classifier_target_not_met,0.0,0.004862546920776367,0.0847457627118644,1.0,"{""nevents"": 30.0, ""ndays_act"": 7.0, ""nchapters"": 12.0}"
HarvardX,0,aligned,0,8003,NICE,bounded+edit,NICE_bounded+edit,0,classifier_target_not_met,0.0,0.004862546920776367,0.0847457627118644,1.0,"{""nevents"": 30.0, ""ndays_act"": 7.0, ""nchapters"": 12.0}"
HarvardX,0,aligned,0,8003,MCCE,native,MCCE_native,0,out_of_bounds:nevents,0.0,0.02762293815612793,0.11478868116680002,2.0,"{""nevents"": 9.0, ""ndays_act"": 7.0, ""nchapters"": 12.0}"
HarvardX,0,aligned,0,8003,MCCE,bounded,MCCE_bounded,1,OK,0.0,0.02762293815612793,0.185228292233457,2.0,"{""nevents"": 41.0, ""ndays_act"": 12.0, ""nchapters"": 12.0}"
HarvardX,0,aligned,0,8003,MCCE,bounded+edit,MCCE_bounded+edit,1,OK,0.0,0.02762293815612793,0.185228292233457,2.0,"{""nevents"": 41.0, ""ndays_act"": 12.0, ""nchapters"": 12.0}"
HarvardX,0,aligned,0,8034,NICE,native,NICE_native,1,OK,0.0,0.004955768585205078,0.36670248620133833,2.0,"{""nevents"": 66.0, ""ndays_act"": 21.0, ""nchapters"": 7.0}"
HarvardX,0,aligned,0,8034,NICE,bounded,NICE_bounded,1,OK,0.0,0.004955768585205078,0.36670248620133833,2.0,"{""nevents"": 66.0, ""ndays_act"": 21.0, ""nchapters"": 7.0}"
HarvardX,0,aligned,0,8034,NICE,bounded+edit,NICE_bounded+edit,1,OK,0.0,0.004955768585205078,0.36670248620133833,2.0,"{""nevents"": 66.0, ""ndays_act"": 21.0, ""nchapters"": 7.0}"
HarvardX,0,aligned,0,8034,MCCE,native,MCCE_native,1,OK,0.0,0.04369068145751953,0.9397596834855664,3.0,"{""nevents"": 92.0, ""ndays_act"": 29.0, ""nchapters"": 9.0}"
HarvardX,0,aligned,0,8034,MCCE,bounded,MCCE_bounded,1,OK,0.0,0.04369068145751953,0.9397596834855664,3.0,"{""nevents"": 92.0, ""ndays_act"": 29.0, ""nchapters"": 9.0}"
HarvardX,0,aligned,0,8034,MCCE,bounded+edit,MCCE_bounded+edit,1,OK,0.0,0.04369068145751953,0.9397596834855664,3.0,"{""nevents"": 92.0, ""ndays_act"": 29.0, ""nchapters"": 9.0}"
HarvardX,0,aligned,0,8072,NICE,native,NICE_native,0,out_of_bounds:nevents,0.0,0.005049467086791992,0.07019704433497537,2.0,"{""nevents"": 9.0, ""ndays_act"": 7.0, ""nchapters"": 12.0}"
HarvardX,0,aligned,0,8072,NICE,bounded,NICE_bounded,0,classifier_target_not_met,0.0,0.005049467086791992,0.03571428571428571,1.0,"{""nevents"": 33.0, ""ndays_act"": 7.0, ""nchapters"": 12.0}"
HarvardX,0,aligned,0,8072,NICE,bounded+edit,NICE_bounded+edit,0,classifier_target_not_met,0.0,0.005049467086791992,0.03571428571428571,1.0,"{""nevents"": 33.0, ""ndays_act"": 7.0, ""nchapters"": 12.0}"
HarvardX,0,aligned,0,8072,MCCE,native,MCCE_native,1,OK,0.0,0.028476238250732422,0.21428571428571427,1.0,"{""nevents"": 33.0, ""ndays_act"": 17.0, ""nchapters"": 12.0}"
HarvardX,0,aligned,0,8072,MCCE,bounded,MCCE_bounded,1,OK,0.0,0.028476238250732422,0.21428571428571427,1.0,"{""nevents"": 33.0, ""ndays_act"": 17.0, ""nchapters"": 12.0}"
HarvardX,0,aligned,0,8072,MCCE,bounded+edit,MCCE_bounded+edit,1,OK,0.0,0.028476238250732422,0.21428571428571427,1.0,"{""nevents"": 33.0, ""ndays_act"": 17.0, ""nchapters"": 12.0}"
HarvardX,0,aligned,0,8088,NICE,native,NICE_native,1,OK,0.0,0.006061553955078125,0.41121928604543345,2.0,"{""nevents"": 66.0, ""ndays_act"": 21.0, ""nchapters"": 7.0}"
HarvardX,0,aligned,0,8088,NICE,bounded,NICE_bounded,1,OK,0.0,0.006061553955078125,0.41121928604543345,2.0,"{""nevents"": 66.0, ""ndays_act"": 21.0, ""nchapters"": 7.0}"
HarvardX,0,aligned,0,8088,NICE,bounded+edit,NICE_bounded+edit,1,OK,0.0,0.006061553955078125,0.41121928604543345,2.0,"{""nevents"": 66.0, ""ndays_act"": 21.0, ""nchapters"": 7.0}"
HarvardX,0,aligned,0,8088,MCCE,native,MCCE_native,1,OK,0.0,0.04257655143737793,0.9807139545665277,3.0,"{""nevents"": 92.0, ""ndays_act"": 29.0, ""nchapters"": 9.0}"
HarvardX,0,aligned,0,8088,MCCE,bounded,MCCE_bounded,1,OK,0.0,0.04257655143737793,0.9807139545665277,3.0,"{""nevents"": 92.0, ""ndays_act"": 29.0, ""nchapters"": 9.0}"
HarvardX,0,aligned,0,8088,MCCE,bounded+edit,MCCE_bounded+edit,1,OK,0.0,0.04257655143737793,0.9807139545665277,3.0,"{""nevents"": 92.0, ""ndays_act"": 29.0, ""nchapters"": 9.0}"
HarvardX,0,aligned,0,8109,NICE,native,NICE_native,0,out_of_bounds:nevents,0.0,0.004917621612548828,0.08613658329600905,2.0,"{""nevents"": 9.0, ""ndays_act"": 7.0, ""nchapters"": 12.0}"
HarvardX,0,aligned,0,8109,NICE,bounded,NICE_bounded,0,classifier_target_not_met,0.0,0.004917621612548828,0.0847457627118644,1.0,"{""nevents"": 10.0, ""ndays_act"": 7.0, ""nchapters"": 12.0}"
HarvardX,0,aligned,0,8109,NICE,bounded+edit,NICE_bounded+edit,0,classifier_target_not_met,0.0,0.004917621612548828,0.0847457627118644,1.0,"{""nevents"": 10.0, ""ndays_act"": 7.0, ""nchapters"": 12.0}"
HarvardX,0,aligned,0,8109,MCCE,native,MCCE_native,0,out_of_bounds:nevents,0.0,0.02760934829711914,0.08613658329600905,2.0,"{""nevents"": 9.0, ""ndays_act"": 7.0, ""nchapters"": 12.0}"
HarvardX,0,aligned,0,8109,MCCE,bounded,MCCE_bounded,1,OK,0.0,0.02760934829711914,0.17340468164352563,2.0,"{""nevents"": 25.0, ""ndays_act"": 11.0, ""nchapters"": 12.0}"
HarvardX,0,aligned,0,8109,MCCE,bounded+edit,MCCE_bounded+edit,1,OK,0.0,0.02760934829711914,0.17340468164352563,2.0,"{""nevents"": 25.0, ""ndays_act"": 11.0, ""nchapters"": 12.0}"
HarvardX,0,aligned,0,8129,NICE,native,NICE_native,1,OK,0.0,0.005548954010009766,0.09173175843017718,2.0,"{""nevents"": 9.0, ""ndays_act"": 8.0, ""nchapters"": 10.0}"
HarvardX,0,aligned,0,8129,NICE,bounded,NICE_bounded,1,OK,0.0,0.005548954010009766,0.09173175843017718,2.0,"{""nevents"": 9.0, ""ndays_act"": 8.0, ""nchapters"": 10.0}"
HarvardX,0,aligned,0,8129,NICE,bounded+edit,NICE_bounded+edit,1,OK,0.0,0.005548954010009766,0.09173175843017718,2.0,"{""nevents"": 9.0, ""ndays_act"": 8.0, ""nchapters"": 10.0}"
HarvardX,0,aligned,0,8129,MCCE,native,MCCE_native,1,OK,0.0,0.07505512237548828,0.3559725662030863,2.0,"{""nevents"": 63.0, ""ndays_act"": 19.0, ""nchapters"": 10.0}"
HarvardX,0,aligned,0,8129,MCCE,bounded,MCCE_bounded,1,OK,0.0,0.07505512237548828,0.3559725662030863,2.0,"{""nevents"": 63.0, ""ndays_act"": 19.0, ""nchapters"": 10.0}"
HarvardX,0,aligned,0,8129,MCCE,bounded+edit,MCCE_bounded+edit,1,OK,0.0,0.07505512237548828,0.3559725662030863,2.0,"{""nevents"": 63.0, ""ndays_act"": 19.0, ""nchapters"": 10.0}"
HarvardX,0,aligned,0,8177,NICE,native,NICE_native,0,out_of_bounds:nevents,0.0,0.00844430923461914,0.2776924389827615,2.0,"{""nevents"": 66.0, ""ndays_act"": 21.0, ""nchapters"": 7.0}"
HarvardX,0,aligned,0,8177,NICE,bounded,NICE_bounded,0,classifier_target_not_met,0.0,0.00844430923461914,0.25925925925925924,1.0,"{""nevents"": 78.0, ""ndays_act"": 21.0, ""nchapters"": 7.0}"
HarvardX,0,aligned,0,8177,NICE,bounded+edit,NICE_bounded+edit,0,classifier_target_not_met,0.0,0.00844430923461914,0.25925925925925924,1.0,"{""nevents"": 78.0, ""ndays_act"": 21.0, ""nchapters"": 7.0}"
HarvardX,0,aligned,0,8177,MCCE,native,MCCE_native,1,OK,0.0,0.05511021614074707,0.8289127837514934,3.0,"{""nevents"": 92.0, ""ndays_act"": 29.0, ""nchapters"": 9.0}"
HarvardX,0,aligned,0,8177,MCCE,bounded,MCCE_bounded,1,OK,0.0,0.05511021614074707,0.8289127837514934,3.0,"{""nevents"": 92.0, ""ndays_act"": 29.0, ""nchapters"": 9.0}"
HarvardX,0,aligned,0,8177,MCCE,bounded+edit,MCCE_bounded+edit,1,OK,0.0,0.05511021614074707,0.8289127837514934,3.0,"{""nevents"": 92.0, ""ndays_act"": 29.0, ""nchapters"": 9.0}"
HarvardX,0,aligned,0,8184,NICE,native,NICE_native,1,OK,0.0,0.004649639129638672,0.3622614673462131,2.0,"{""nevents"": 67.0, ""ndays_act"": 19.0, ""nchapters"": 9.0}"
HarvardX,0,aligned,0,8184,NICE,bounded,NICE_bounded,1,OK,0.0,0.004649639129638672,0.3622614673462131,2.0,"{""nevents"": 67.0, ""ndays_act"": 19.0, ""nchapters"": 9.0}"
HarvardX,0,aligned,0,8184,NICE,bounded+edit,NICE_bounded+edit,1,OK,0.0,0.004649639129638672,0.3622614673462131,2.0,"{""nevents"": 67.0, ""ndays_act"": 19.0, ""nchapters"": 9.0}"
HarvardX,0,aligned,0,8184,MCCE,native,MCCE_native,1,OK,0.0,0.04649758338928223,0.5667180277349769,2.0,"{""nevents"": 92.0, ""ndays_act"": 29.0, ""nchapters"": 9.0}"
HarvardX,0,aligned,0,8184,MCCE,bounded,MCCE_bounded,1,OK,0.0,0.04649758338928223,0.5667180277349769,2.0,"{""nevents"": 92.0, ""ndays_act"": 29.0, ""nchapters"": 9.0}"
HarvardX,0,aligned,0,8184,MCCE,bounded+edit,MCCE_bounded+edit,1,OK,0.0,0.04649758338928223,0.5667180277349769,2.0,"{""nevents"": 92.0, ""ndays_act"": 29.0, ""nchapters"": 9.0}"
HarvardX,0,aligned,0,8219,NICE,native,NICE_native,0,out_of_bounds:nevents,0.0,0.004904270172119141,0.2288838612368024,2.0,"{""nevents"": 24.0, ""ndays_act"": 13.0, ""nchapters"": 11.0}"
HarvardX,0,aligned,0,8219,NICE,bounded,NICE_bounded,0,classifier_target_not_met,0.0,0.004904270172119141,0.07692307692307693,1.0,"{""nevents"": 117.0, ""ndays_act"": 13.0, ""nchapters"": 11.0}"
HarvardX,0,aligned,0,8219,NICE,bounded+edit,NICE_bounded+edit,0,classifier_target_not_met,0.0,0.004904270172119141,0.07692307692307693,1.0,"{""nevents"": 117.0, ""ndays_act"": 13.0, ""nchapters"": 11.0}"
HarvardX,0,aligned,0,8219,MCCE,native,MCCE_native,0,out_of_bounds:nevents,0.0,0.041599273681640625,0.3828557063851182,2.0,"{""nevents"": 71.0, ""ndays_act"": 25.0, ""nchapters"": 11.0}"
HarvardX,0,aligned,0,8219,MCCE,bounded,MCCE_bounded,1,OK,0.0,0.041599273681640625,0.9035947712418301,2.0,"{""nevents"": 364.0, ""ndays_act"": 35.0, ""nchapters"": 11.0}"
HarvardX,0,aligned,0,8219,MCCE,bounded+edit,MCCE_bounded+edit,1,OK,0.0,0.041599273681640625,0.9035947712418301,2.0,"{""nevents"": 364.0, ""ndays_act"": 35.0, ""nchapters"": 11.0}"
HarvardX,0,aligned,0,8232,NICE,native,NICE_native,1,OK,0.0,0.004724025726318359,0.6114670380687094,2.0,"{""nevents"": 103.0, ""ndays_act"": 30.0, ""nchapters"": 6.0}"
HarvardX,0,aligned,0,8232,NICE,bounded,NICE_bounded,1,OK,0.0,0.004724025726318359,0.6114670380687094,2.0,"{""nevents"": 103.0, ""ndays_act"": 30.0, ""nchapters"": 6.0}"
HarvardX,0,aligned,0,8232,NICE,bounded+edit,NICE_bounded+edit,1,OK,0.0,0.004724025726318359,0.6114670380687094,2.0,"{""nevents"": 103.0, ""ndays_act"": 30.0, ""nchapters"": 6.0}"
HarvardX,0,aligned,0,8232,MCCE,native,MCCE_native,1,OK,0.0,0.07700777053833008,1.0794800371402042,3.0,"{""nevents"": 92.0, ""ndays_act"": 29.0, ""nchapters"": 9.0}"
HarvardX,0,aligned,0,8232,MCCE,bounded,MCCE_bounded,1,OK,0.0,0.07700777053833008,1.0794800371402042,3.0,"{""nevents"": 92.0, ""ndays_act"": 29.0, ""nchapters"": 9.0}"
HarvardX,0,aligned,0,8232,MCCE,bounded+edit,MCCE_bounded+edit,1,OK,0.0,0.07700777053833008,1.0794800371402042,3.0,"{""nevents"": 92.0, ""ndays_act"": 29.0, ""nchapters"": 9.0}"
HarvardX,0,aligned,0,8322,NICE,native,NICE_native,0,out_of_bounds:nevents,0.0,0.0037794113159179688,0.04499274310595065,1.0,"{""nevents"": 9.0, ""ndays_act"": 7.0, ""nchapters"": 12.0}"
HarvardX,0,aligned,0,8322,NICE,bounded,NICE_bounded,0,classifier_target_not_met,0.0,0.0037794113159179688,0.0,0.0,"{""nevents"": 40.0, ""ndays_act"": 7.0, ""nchapters"": 12.0}"
HarvardX,0,aligned,0,8322,NICE,bounded+edit,NICE_bounded+edit,0,classifier_target_not_met,0.0,0.0037794113159179688,0.0,0.0,"{""nevents"": 40.0, ""ndays_act"": 7.0, ""nchapters"": 12.0}"
HarvardX,0,aligned,0,8322,MCCE,native,MCCE_native,0,out_of_bounds:nevents,0.0,0.029053926467895508,0.04499274310595065,1.0,"{""nevents"": 9.0, ""ndays_act"": 7.0, ""nchapters"": 12.0}"
HarvardX,0,aligned,0,8322,MCCE,bounded,MCCE_bounded,1,OK,0.0,0.029053926467895508,0.16666666666666666,1.0,"{""nevents"": 40.0, ""ndays_act"": 16.0, ""nchapters"": 12.0}"
HarvardX,0,aligned,0,8322,MCCE,bounded+edit,MCCE_bounded+edit,1,OK,0.0,0.029053926467895508,0.16666666666666666,1.0,"{""nevents"": 40.0, ""ndays_act"": 16.0, ""nchapters"": 12.0}"
HarvardX,0,aligned,0,8336,NICE,native,NICE_native,0,out_of_bounds:nevents,0.0,0.0037724971771240234,0.16279069767441862,1.0,"{""nevents"": 79.0, ""ndays_act"": 16.0, ""nchapters"": 12.0}"
HarvardX,0,aligned,0,8336,NICE,bounded,NICE_bounded,0,classifier_target_not_met,0.0,0.0037724971771240234,0.0,0.0,"{""nevents"": 170.0, ""ndays_act"": 16.0, ""nchapters"": 12.0}"
HarvardX,0,aligned,0,8336,NICE,bounded+edit,NICE_bounded+edit,0,classifier_target_not_met,0.0,0.0037724971771240234,0.0,0.0,"{""nevents"": 170.0, ""ndays_act"": 16.0, ""nchapters"": 12.0}"
HarvardX,0,aligned,0,8336,MCCE,native,MCCE_native,0,out_of_bounds:nevents,0.0,0.027653932571411133,0.23255813953488372,1.0,"{""nevents"": 40.0, ""ndays_act"": 16.0, ""nchapters"": 12.0}"
HarvardX,0,aligned,0,8336,MCCE,bounded,MCCE_bounded,1,OK,0.0,0.027653932571411133,0.4222222222222222,1.0,"{""nevents"": 170.0, ""ndays_act"": 35.0, ""nchapters"": 12.0}"
HarvardX,0,aligned,0,8336,MCCE,bounded+edit,MCCE_bounded+edit,1,OK,0.0,0.027653932571411133,0.4222222222222222,1.0,"{""nevents"": 170.0, ""ndays_act"": 35.0, ""nchapters"": 12.0}"
HarvardX,0,aligned,0,8338,NICE,native,NICE_native,0,out_of_bounds:nevents,0.0,0.004834413528442383,0.3715652768284347,2.0,"{""nevents"": 9.0, ""ndays_act"": 7.0, ""nchapters"": 12.0}"
HarvardX,0,aligned,0,8338,NICE,bounded,NICE_bounded,0,classifier_target_not_met,0.0,0.004834413528442383,0.01818181818181818,1.0,"{""nevents"": 197.0, ""ndays_act"": 7.0, ""nchapters"": 12.0}"
HarvardX,0,aligned,0,8338,NICE,bounded+edit,NICE_bounded+edit,0,classifier_target_not_met,0.0,0.004834413528442383,0.01818181818181818,1.0,"{""nevents"": 197.0, ""ndays_act"": 7.0, ""nchapters"": 12.0}"
HarvardX,0,aligned,0,8338,MCCE,native,MCCE_native,0,out_of_bounds:nevents,0.0,0.026329994201660156,0.3715652768284347,2.0,"{""nevents"": 9.0, ""ndays_act"": 7.0, ""nchapters"": 12.0}"
HarvardX,0,aligned,0,8338,MCCE,bounded,MCCE_bounded,1,OK,0.0,0.026329994201660156,0.381784005468216,2.0,"{""nevents"": 226.0, ""ndays_act"": 24.0, ""nchapters"": 12.0}"
HarvardX,0,aligned,0,8338,MCCE,bounded+edit,MCCE_bounded+edit,1,OK,0.0,0.026329994201660156,0.381784005468216,2.0,"{""nevents"": 226.0, ""ndays_act"": 24.0, ""nchapters"": 12.0}"
HarvardX,0,aligned,0,8385,NICE,native,NICE_native,0,out_of_bounds:nevents,0.0,0.004732370376586914,0.19062114356232002,2.0,"{""nevents"": 24.0, ""ndays_act"": 13.0, ""nchapters"": 11.0}"
HarvardX,0,aligned,0,8385,NICE,bounded,NICE_bounded,0,classifier_target_not_met,0.0,0.004732370376586914,0.12727272727272726,1.0,"{""nevents"": 66.0, ""ndays_act"": 13.0, ""nchapters"": 11.0}"
HarvardX,0,aligned,0,8385,NICE,bounded+edit,NICE_bounded+edit,0,classifier_target_not_met,0.0,0.004732370376586914,0.12727272727272726,1.0,"{""nevents"": 66.0, ""ndays_act"": 13.0, ""nchapters"": 11.0}"
HarvardX,0,aligned,0,8385,MCCE,native,MCCE_native,1,OK,0.0,0.04258441925048828,0.35299602358425886,2.0,"{""nevents"": 71.0, ""ndays_act"": 25.0, ""nchapters"": 11.0}"
HarvardX,0,aligned,0,8385,MCCE,bounded,MCCE_bounded,1,OK,0.0,0.04258441925048828,0.35299602358425886,2.0,"{""nevents"": 71.0, ""ndays_act"": 25.0, ""nchapters"": 11.0}"
HarvardX,0,aligned,0,8385,MCCE,bounded+edit,MCCE_bounded+edit,1,OK,0.0,0.04258441925048828,0.35299602358425886,2.0,"{""nevents"": 71.0, ""ndays_act"": 25.0, ""nchapters"": 11.0}"
HarvardX,0,aligned,0,8386,NICE,native,NICE_native,1,OK,0.0,0.005081892013549805,0.44319437176580034,2.0,"{""nevents"": 103.0, ""ndays_act"": 30.0, ""nchapters"": 6.0}"
HarvardX,0,aligned,0,8386,NICE,bounded,NICE_bounded,1,OK,0.0,0.005081892013549805,0.44319437176580034,2.0,"{""nevents"": 103.0, ""ndays_act"": 30.0, ""nchapters"": 6.0}"
HarvardX,0,aligned,0,8386,NICE,bounded+edit,NICE_bounded+edit,1,OK,0.0,0.005081892013549805,0.44319437176580034,2.0,"{""nevents"": 103.0, ""ndays_act"": 30.0, ""nchapters"": 6.0}"
HarvardX,0,aligned,0,8386,MCCE,native,MCCE_native,1,OK,0.0,0.045279502868652344,0.9074074074074074,2.0,"{""nevents"": 92.0, ""ndays_act"": 29.0, ""nchapters"": 9.0}"
HarvardX,0,aligned,0,8386,MCCE,bounded,MCCE_bounded,1,OK,0.0,0.045279502868652344,0.9074074074074074,2.0,"{""nevents"": 92.0, ""ndays_act"": 29.0, ""nchapters"": 9.0}"
HarvardX,0,aligned,0,8386,MCCE,bounded+edit,MCCE_bounded+edit,1,OK,0.0,0.045279502868652344,0.9074074074074074,2.0,"{""nevents"": 92.0, ""ndays_act"": 29.0, ""nchapters"": 9.0}"
HarvardX,0,aligned,0,8422,NICE,native,NICE_native,0,out_of_bounds:nevents,0.0,0.0036416053771972656,0.0647985989492119,1.0,"{""nevents"": 121.0, ""ndays_act"": 19.0, ""nchapters"": 12.0}"
HarvardX,0,aligned,0,8422,NICE,bounded,NICE_bounded,0,classifier_target_not_met,0.0,0.0036416053771972656,0.0,0.0,"{""nevents"": 158.0, ""ndays_act"": 19.0, ""nchapters"": 12.0}"
HarvardX,0,aligned,0,8422,NICE,bounded+edit,NICE_bounded+edit,0,classifier_target_not_met,0.0,0.0036416053771972656,0.0,0.0,"{""nevents"": 158.0, ""ndays_act"": 19.0, ""nchapters"": 12.0}"
HarvardX,0,aligned,0,8422,MCCE,native,MCCE_native,0,out_of_bounds:nevents,0.0,0.026331424713134766,0.08056042031523643,1.0,"{""nevents"": 112.0, ""ndays_act"": 19.0, ""nchapters"": 12.0}"
HarvardX,0,aligned,0,8422,MCCE,bounded,MCCE_bounded,1,OK,0.0,0.026331424713134766,0.12780418647318822,2.0,"{""nevents"": 163.0, ""ndays_act"": 24.0, ""nchapters"": 12.0}"
HarvardX,0,aligned,0,8422,MCCE,bounded+edit,MCCE_bounded+edit,1,OK,0.0,0.026331424713134766,0.12780418647318822,2.0,"{""nevents"": 163.0, ""ndays_act"": 24.0, ""nchapters"": 12.0}"
HarvardX,0,aligned,0,8442,NICE,native,NICE_native,0,out_of_bounds:nevents,0.0,0.0035750865936279297,0.4782608695652174,1.0,"{""nevents"": 219.0, ""ndays_act"": 31.0, ""nchapters"": 11.0}"
HarvardX,0,aligned,0,8442,NICE,bounded,NICE_bounded,0,classifier_target_not_met,0.0,0.0035750865936279297,0.0,0.0,"{""nevents"": 384.0, ""ndays_act"": 31.0, ""nchapters"": 11.0}"
HarvardX,0,aligned,0,8442,NICE,bounded+edit,NICE_bounded+edit,0,classifier_target_not_met,0.0,0.0035750865936279297,0.0,0.0,"{""nevents"": 384.0, ""ndays_act"": 31.0, ""nchapters"": 11.0}"
HarvardX,0,aligned,0,8442,MCCE,native,MCCE_native,0,out_of_bounds:nevents,0.0,0.04047226905822754,0.19130434782608696,2.0,"{""nevents"": 364.0, ""ndays_act"": 35.0, ""nchapters"": 11.0}"
HarvardX,0,aligned,0,8442,MCCE,bounded,MCCE_bounded,1,OK,0.0,0.04047226905822754,0.5623188405797102,2.0,"{""nevents"": 417.0, ""ndays_act"": 45.0, ""nchapters"": 11.0}"
HarvardX,0,aligned,0,8442,MCCE,bounded+edit,MCCE_bounded+edit,1,OK,0.0,0.04047226905822754,0.5623188405797102,2.0,"{""nevents"": 417.0, ""ndays_act"": 45.0, ""nchapters"": 11.0}"
HarvardX,0,aligned,0,8455,NICE,native,NICE_native,0,out_of_bounds:nevents,0.0,0.003704547882080078,0.07302533532041729,1.0,"{""nevents"": 9.0, ""ndays_act"": 7.0, ""nchapters"": 12.0}"
HarvardX,0,aligned,0,8455,NICE,bounded,NICE_bounded,0,classifier_target_not_met,0.0,0.003704547882080078,0.0,0.0,"{""nevents"": 58.0, ""ndays_act"": 7.0, ""nchapters"": 12.0}"
HarvardX,0,aligned,0,8455,NICE,bounded+edit,NICE_bounded+edit,0,classifier_target_not_met,0.0,0.003704547882080078,0.0,0.0,"{""nevents"": 58.0, ""ndays_act"": 7.0, ""nchapters"": 12.0}"
HarvardX,0,aligned,0,8455,MCCE,native,MCCE_native,0,out_of_bounds:nevents,0.0,0.031588077545166016,0.07302533532041729,1.0,"{""nevents"": 9.0, ""ndays_act"": 7.0, ""nchapters"": 12.0}"
HarvardX,0,aligned,0,8455,MCCE,bounded,MCCE_bounded,1,OK,0.0,0.031588077545166016,0.16156096483965335,2.0,"{""nevents"": 67.0, ""ndays_act"": 15.0, ""nchapters"": 12.0}"
HarvardX,0,aligned,0,8455,MCCE,bounded+edit,MCCE_bounded+edit,1,OK,0.0,0.031588077545166016,0.16156096483965335,2.0,"{""nevents"": 67.0, ""ndays_act"": 15.0, ""nchapters"": 12.0}"
HarvardX,0,aligned,0,8472,NICE,native,NICE_native,0,out_of_bounds:nevents,0.0,0.004898548126220703,0.20690519281637199,2.0,"{""nevents"": 24.0, ""ndays_act"": 13.0, ""nchapters"": 11.0}"
HarvardX,0,aligned,0,8472,NICE,bounded,NICE_bounded,0,classifier_target_not_met,0.0,0.004898548126220703,0.12727272727272726,1.0,"{""nevents"": 76.0, ""ndays_act"": 13.0, ""nchapters"": 11.0}"
HarvardX,0,aligned,0,8472,NICE,bounded+edit,NICE_bounded+edit,0,classifier_target_not_met,0.0,0.004898548126220703,0.12727272727272726,1.0,"{""nevents"": 76.0, ""ndays_act"": 13.0, ""nchapters"": 11.0}"
HarvardX,0,aligned,0,8472,MCCE,native,MCCE_native,0,out_of_bounds:nevents,0.0,0.04671835899353027,0.3531115132952805,2.0,"{""nevents"": 71.0, ""ndays_act"": 25.0, ""nchapters"": 11.0}"
HarvardX,0,aligned,0,8472,MCCE,bounded,MCCE_bounded,1,OK,0.0,0.04671835899353027,1.2545454545454544,2.0,"{""nevents"": 76.0, ""ndays_act"": 20.0, ""nchapters"": 12.0}"
HarvardX,0,aligned,0,8472,MCCE,bounded+edit,MCCE_bounded+edit,1,OK,0.0,0.04671835899353027,1.2545454545454544,2.0,"{""nevents"": 76.0, ""ndays_act"": 20.0, ""nchapters"": 12.0}"
HarvardX,0,aligned,0,8507,NICE,native,NICE_native,1,OK,0.0,0.004765510559082031,0.3636237897648686,2.0,"{""nevents"": 52.0, ""ndays_act"": 19.0, ""nchapters"": 8.0}"
HarvardX,0,aligned,0,8507,NICE,bounded,NICE_bounded,1,OK,0.0,0.004765510559082031,0.3636237897648686,2.0,"{""nevents"": 52.0, ""ndays_act"": 19.0, ""nchapters"": 8.0}"
HarvardX,0,aligned,0,8507,NICE,bounded+edit,NICE_bounded+edit,1,OK,0.0,0.004765510559082031,0.3636237897648686,2.0,"{""nevents"": 52.0, ""ndays_act"": 19.0, ""nchapters"": 8.0}"
HarvardX,0,aligned,0,8507,MCCE,native,MCCE_native,1,OK,0.0,0.03908419609069824,0.8356154910096819,3.0,"{""nevents"": 92.0, ""ndays_act"": 29.0, ""nchapters"": 9.0}"
HarvardX,0,aligned,0,8507,MCCE,bounded,MCCE_bounded,1,OK,0.0,0.03908419609069824,0.8356154910096819,3.0,"{""nevents"": 92.0, ""ndays_act"": 29.0, ""nchapters"": 9.0}"
HarvardX,0,aligned,0,8507,MCCE,bounded+edit,MCCE_bounded+edit,1,OK,0.0,0.03908419609069824,0.8356154910096819,3.0,"{""nevents"": 92.0, ""ndays_act"": 29.0, ""nchapters"": 9.0}"
HarvardX,0,aligned,0,8508,NICE,native,NICE_native,1,OK,0.0,0.004793882369995117,0.2460365647979491,2.0,"{""nevents"": 24.0, ""ndays_act"": 13.0, ""nchapters"": 11.0}"
HarvardX,0,aligned,0,8508,NICE,bounded,NICE_bounded,1,OK,0.0,0.004793882369995117,0.2460365647979491,2.0,"{""nevents"": 24.0, ""ndays_act"": 13.0, ""nchapters"": 11.0}"
HarvardX,0,aligned,0,8508,NICE,bounded+edit,NICE_bounded+edit,1,OK,0.0,0.004793882369995117,0.2460365647979491,2.0,"{""nevents"": 24.0, ""ndays_act"": 13.0, ""nchapters"": 11.0}"
HarvardX,0,aligned,0,8508,MCCE,native,MCCE_native,1,OK,0.0,0.04107856750488281,0.5072297555600531,2.0,"{""nevents"": 71.0, ""ndays_act"": 25.0, ""nchapters"": 11.0}"
HarvardX,0,aligned,0,8508,MCCE,bounded,MCCE_bounded,1,OK,0.0,0.04107856750488281,0.5072297555600531,2.0,"{""nevents"": 71.0, ""ndays_act"": 25.0, ""nchapters"": 11.0}"
HarvardX,0,aligned,0,8508,MCCE,bounded+edit,MCCE_bounded+edit,1,OK,0.0,0.04107856750488281,0.5072297555600531,2.0,"{""nevents"": 71.0, ""ndays_act"": 25.0, ""nchapters"": 11.0}"
HarvardX,0,aligned,0,8516,NICE,native,NICE_native,0,out_of_bounds:nevents,0.0,0.009271621704101562,0.19293478260869565,2.0,"{""nevents"": 53.0, ""ndays_act"": 16.0, ""nchapters"": 10.0}"
HarvardX,0,aligned,0,8516,NICE,bounded,NICE_bounded,0,classifier_target_not_met,0.0,0.009271621704101562,0.0625,1.0,"{""nevents"": 131.0, ""ndays_act"": 16.0, ""nchapters"": 10.0}"
HarvardX,0,aligned,0,8516,NICE,bounded+edit,NICE_bounded+edit,0,classifier_target_not_met,0.0,0.009271621704101562,0.0625,1.0,"{""nevents"": 131.0, ""ndays_act"": 16.0, ""nchapters"": 10.0}"
HarvardX,0,aligned,0,8516,MCCE,native,MCCE_native,0,out_of_bounds:nevents,0.0,0.051689863204956055,0.23871237458193978,2.0,"{""nevents"": 63.0, ""ndays_act"": 19.0, ""nchapters"": 10.0}"
HarvardX,0,aligned,0,8516,MCCE,bounded,MCCE_bounded,1,OK,0.0,0.051689863204956055,0.4391722408026756,2.0,"{""nevents"": 132.0, ""ndays_act"": 34.0, ""nchapters"": 10.0}"
HarvardX,0,aligned,0,8516,MCCE,bounded+edit,MCCE_bounded+edit,1,OK,0.0,0.051689863204956055,0.4391722408026756,2.0,"{""nevents"": 132.0, ""ndays_act"": 34.0, ""nchapters"": 10.0}"
HarvardX,0,aligned,0,8528,NICE,native,NICE_native,1,OK,0.0,0.0035827159881591797,0.23076923076923078,1.0,"{""nevents"": 63.0, ""ndays_act"": 21.0, ""nchapters"": 7.0}"
HarvardX,0,aligned,0,8528,NICE,bounded,NICE_bounded,1,OK,0.0,0.0035827159881591797,0.23076923076923078,1.0,"{""nevents"": 63.0, ""ndays_act"": 21.0, ""nchapters"": 7.0}"
HarvardX,0,aligned,0,8528,NICE,bounded+edit,NICE_bounded+edit,1,OK,0.0,0.0035827159881591797,0.23076923076923078,1.0,"{""nevents"": 63.0, ""ndays_act"": 21.0, ""nchapters"": 7.0}"
HarvardX,0,aligned,0,8528,MCCE,native,MCCE_native,1,OK,0.0,0.03977394104003906,0.7923076923076923,2.0,"{""nevents"": 63.0, ""ndays_act"": 19.0, ""nchapters"": 10.0}"
HarvardX,0,aligned,0,8528,MCCE,bounded,MCCE_bounded,1,OK,0.0,0.03977394104003906,0.7923076923076923,2.0,"{""nevents"": 63.0, ""ndays_act"": 19.0, ""nchapters"": 10.0}"
HarvardX,0,aligned,0,8528,MCCE,bounded+edit,MCCE_bounded+edit,1,OK,0.0,0.03977394104003906,0.7923076923076923,2.0,"{""nevents"": 63.0, ""ndays_act"": 19.0, ""nchapters"": 10.0}"
HarvardX,0,aligned,0,8610,NICE,native,NICE_native,1,OK,0.0,0.004777669906616211,0.5660131362082114,2.0,"{""nevents"": 103.0, ""ndays_act"": 30.0, ""nchapters"": 6.0}"
HarvardX,0,aligned,0,8610,NICE,bounded,NICE_bounded,1,OK,0.0,0.004777669906616211,0.5660131362082114,2.0,"{""nevents"": 103.0, ""ndays_act"": 30.0, ""nchapters"": 6.0}"
HarvardX,0,aligned,0,8610,NICE,bounded+edit,NICE_bounded+edit,1,OK,0.0,0.004777669906616211,0.5660131362082114,2.0,"{""nevents"": 103.0, ""ndays_act"": 30.0, ""nchapters"": 6.0}"
HarvardX,0,aligned,0,8610,MCCE,native,MCCE_native,1,OK,0.0,0.04178595542907715,1.0330988167572754,3.0,"{""nevents"": 92.0, ""ndays_act"": 29.0, ""nchapters"": 9.0}"
HarvardX,0,aligned,0,8610,MCCE,bounded,MCCE_bounded,1,OK,0.0,0.04178595542907715,1.0330988167572754,3.0,"{""nevents"": 92.0, ""ndays_act"": 29.0, ""nchapters"": 9.0}"
HarvardX,0,aligned,0,8610,MCCE,bounded+edit,MCCE_bounded+edit,1,OK,0.0,0.04178595542907715,1.0330988167572754,3.0,"{""nevents"": 92.0, ""ndays_act"": 29.0, ""nchapters"": 9.0}"
HarvardX,0,aligned,0,8614,NICE,native,NICE_native,1,OK,0.0,0.004895448684692383,0.40338213137241674,2.0,"{""nevents"": 67.0, ""ndays_act"": 19.0, ""nchapters"": 9.0}"
HarvardX,0,aligned,0,8614,NICE,bounded,NICE_bounded,1,OK,0.0,0.004895448684692383,0.40338213137241674,2.0,"{""nevents"": 67.0, ""ndays_act"": 19.0, ""nchapters"": 9.0}"
HarvardX,0,aligned,0,8614,NICE,bounded+edit,NICE_bounded+edit,1,OK,0.0,0.004895448684692383,0.40338213137241674,2.0,"{""nevents"": 67.0, ""ndays_act"": 19.0, ""nchapters"": 9.0}"
HarvardX,0,aligned,0,8614,MCCE,native,MCCE_native,1,OK,0.0,0.04521489143371582,0.6016101104139963,2.0,"{""nevents"": 92.0, ""ndays_act"": 29.0, ""nchapters"": 9.0}"
HarvardX,0,aligned,0,8614,MCCE,bounded,MCCE_bounded,1,OK,0.0,0.04521489143371582,0.6016101104139963,2.0,"{""nevents"": 92.0, ""ndays_act"": 29.0, ""nchapters"": 9.0}"
HarvardX,0,aligned,0,8614,MCCE,bounded+edit,MCCE_bounded+edit,1,OK,0.0,0.04521489143371582,0.6016101104139963,2.0,"{""nevents"": 92.0, ""ndays_act"": 29.0, ""nchapters"": 9.0}"
HarvardX,0,aligned,0,8647,NICE,native,NICE_native,0,out_of_bounds:nevents,0.0,0.003582477569580078,0.25,1.0,"{""nevents"": 79.0, ""ndays_act"": 16.0, ""nchapters"": 12.0}"
HarvardX,0,aligned,0,8647,NICE,bounded,NICE_bounded,0,classifier_target_not_met,0.0,0.003582477569580078,0.0,0.0,"{""nevents"": 209.0, ""ndays_act"": 16.0, ""nchapters"": 12.0}"
HarvardX,0,aligned,0,8647,NICE,bounded+edit,NICE_bounded+edit,0,classifier_target_not_met,0.0,0.003582477569580078,0.0,0.0,"{""nevents"": 209.0, ""ndays_act"": 16.0, ""nchapters"": 12.0}"
HarvardX,0,aligned,0,8647,MCCE,native,MCCE_native,0,out_of_bounds:nevents,0.0,0.02601170539855957,0.325,1.0,"{""nevents"": 40.0, ""ndays_act"": 16.0, ""nchapters"": 12.0}"
HarvardX,0,aligned,0,8647,MCCE,bounded,MCCE_bounded,1,OK,0.0,0.02601170539855957,0.24444444444444444,1.0,"{""nevents"": 209.0, ""ndays_act"": 27.0, ""nchapters"": 12.0}"
HarvardX,0,aligned,0,8647,MCCE,bounded+edit,MCCE_bounded+edit,1,OK,0.0,0.02601170539855957,0.24444444444444444,1.0,"{""nevents"": 209.0, ""ndays_act"": 27.0, ""nchapters"": 12.0}"
HarvardX,0,aligned,0,8686,NICE,native,NICE_native,1,OK,0.0,0.004723310470581055,0.6330927162742584,2.0,"{""nevents"": 103.0, ""ndays_act"": 30.0, ""nchapters"": 6.0}"
HarvardX,0,aligned,0,8686,NICE,bounded,NICE_bounded,1,OK,0.0,0.004723310470581055,0.6330927162742584,2.0,"{""nevents"": 103.0, ""ndays_act"": 30.0, ""nchapters"": 6.0}"
HarvardX,0,aligned,0,8686,NICE,bounded+edit,NICE_bounded+edit,1,OK,0.0,0.004723310470581055,0.6330927162742584,2.0,"{""nevents"": 103.0, ""ndays_act"": 30.0, ""nchapters"": 6.0}"
HarvardX,0,aligned,0,8686,MCCE,native,MCCE_native,1,OK,0.0,0.04007887840270996,1.1016101104139961,3.0,"{""nevents"": 92.0, ""ndays_act"": 29.0, ""nchapters"": 9.0}"
HarvardX,0,aligned,0,8686,MCCE,bounded,MCCE_bounded,1,OK,0.0,0.04007887840270996,1.1016101104139961,3.0,"{""nevents"": 92.0, ""ndays_act"": 29.0, ""nchapters"": 9.0}"
HarvardX,0,aligned,0,8686,MCCE,bounded+edit,MCCE_bounded+edit,1,OK,0.0,0.04007887840270996,1.1016101104139961,3.0,"{""nevents"": 92.0, ""ndays_act"": 29.0, ""nchapters"": 9.0}"
HarvardX,0,aligned,0,8694,NICE,native,NICE_native,1,OK,0.0,0.005700111389160156,0.12709977737300143,2.0,"{""nevents"": 9.0, ""ndays_act"": 7.0, ""nchapters"": 12.0}"
HarvardX,0,aligned,0,8694,NICE,bounded,NICE_bounded,1,OK,0.0,0.005700111389160156,0.12709977737300143,2.0,"{""nevents"": 9.0, ""ndays_act"": 7.0, ""nchapters"": 12.0}"
HarvardX,0,aligned,0,8694,NICE,bounded+edit,NICE_bounded+edit,1,OK,0.0,0.005700111389160156,0.12709977737300143,2.0,"{""nevents"": 9.0, ""ndays_act"": 7.0, ""nchapters"": 12.0}"
HarvardX,0,aligned,0,8694,MCCE,native,MCCE_native,1,OK,0.0,0.026919126510620117,0.12709977737300143,2.0,"{""nevents"": 9.0, ""ndays_act"": 7.0, ""nchapters"": 12.0}"
HarvardX,0,aligned,0,8694,MCCE,bounded,MCCE_bounded,1,OK,0.0,0.026919126510620117,0.12709977737300143,2.0,"{""nevents"": 9.0, ""ndays_act"": 7.0, ""nchapters"": 12.0}"
HarvardX,0,aligned,0,8694,MCCE,bounded+edit,MCCE_bounded+edit,1,OK,0.0,0.026919126510620117,0.12709977737300143,2.0,"{""nevents"": 9.0, ""ndays_act"": 7.0, ""nchapters"": 12.0}"
HarvardX,0,aligned,0,8705,NICE,native,NICE_native,1,OK,0.0,0.004788637161254883,0.3934624697336562,2.0,"{""nevents"": 66.0, ""ndays_act"": 21.0, ""nchapters"": 7.0}"
HarvardX,0,aligned,0,8705,NICE,bounded,NICE_bounded,1,OK,0.0,0.004788637161254883,0.3934624697336562,2.0,"{""nevents"": 66.0, ""ndays_act"": 21.0, ""nchapters"": 7.0}"
HarvardX,0,aligned,0,8705,NICE,bounded+edit,NICE_bounded+edit,1,OK,0.0,0.004788637161254883,0.3934624697336562,2.0,"{""nevents"": 66.0, ""ndays_act"": 21.0, ""nchapters"": 7.0}"
HarvardX,0,aligned,0,8705,MCCE,native,MCCE_native,1,OK,0.0,0.04217052459716797,0.9654702558989697,3.0,"{""nevents"": 92.0, ""ndays_act"": 29.0, ""nchapters"": 9.0}"
HarvardX,0,aligned,0,8705,MCCE,bounded,MCCE_bounded,1,OK,0.0,0.04217052459716797,0.9654702558989697,3.0,"{""nevents"": 92.0, ""ndays_act"": 29.0, ""nchapters"": 9.0}"
HarvardX,0,aligned,0,8705,MCCE,bounded+edit,MCCE_bounded+edit,1,OK,0.0,0.04217052459716797,0.9654702558989697,3.0,"{""nevents"": 92.0, ""ndays_act"": 29.0, ""nchapters"": 9.0}"
HarvardX,0,aligned,0,8726,NICE,native,NICE_native,1,OK,0.0,0.004826545715332031,0.10308187780624839,2.0,"{""nevents"": 9.0, ""ndays_act"": 8.0, ""nchapters"": 10.0}"
HarvardX,0,aligned,0,8726,NICE,bounded,NICE_bounded,1,OK,0.0,0.004826545715332031,0.10308187780624839,2.0,"{""nevents"": 9.0, ""ndays_act"": 8.0, ""nchapters"": 10.0}"
HarvardX,0,aligned,0,8726,NICE,bounded+edit,NICE_bounded+edit,1,OK,0.0,0.004826545715332031,0.10308187780624839,2.0,"{""nevents"": 9.0, ""ndays_act"": 8.0, ""nchapters"": 10.0}"
HarvardX,0,aligned,0,8726,MCCE,native,MCCE_native,1,OK,0.0,0.04275250434875488,0.3644185335809492,2.0,"{""nevents"": 63.0, ""ndays_act"": 19.0, ""nchapters"": 10.0}"
HarvardX,0,aligned,0,8726,MCCE,bounded,MCCE_bounded,1,OK,0.0,0.04275250434875488,0.3644185335809492,2.0,"{""nevents"": 63.0, ""ndays_act"": 19.0, ""nchapters"": 10.0}"
HarvardX,0,aligned,0,8726,MCCE,bounded+edit,MCCE_bounded+edit,1,OK,0.0,0.04275250434875488,0.3644185335809492,2.0,"{""nevents"": 63.0, ""ndays_act"": 19.0, ""nchapters"": 10.0}"
HarvardX,0,aligned,0,8741,NICE,native,NICE_native,0,out_of_bounds:nevents,0.0,0.004777193069458008,0.45039192147447216,2.0,"{""nevents"": 103.0, ""ndays_act"": 30.0, ""nchapters"": 6.0}"
HarvardX,0,aligned,0,8741,NICE,bounded,NICE_bounded,0,classifier_target_not_met,0.0,0.004777193069458008,0.3673469387755102,1.0,"{""nevents"": 151.0, ""ndays_act"": 30.0, ""nchapters"": 6.0}"
HarvardX,0,aligned,0,8741,NICE,bounded+edit,NICE_bounded+edit,0,classifier_target_not_met,0.0,0.004777193069458008,0.3673469387755102,1.0,"{""nevents"": 151.0, ""ndays_act"": 30.0, ""nchapters"": 6.0}"
HarvardX,0,aligned,0,8741,MCCE,native,MCCE_native,0,out_of_bounds:nevents,0.0,0.04020547866821289,1.179930795847751,2.0,"{""nevents"": 47.0, ""ndays_act"": 12.0, ""nchapters"": 12.0}"
HarvardX,0,aligned,0,8741,MCCE,bounded,MCCE_bounded,1,OK,0.0,0.04020547866821289,1.4951392321634536,3.0,"{""nevents"": 217.0, ""ndays_act"": 47.0, ""nchapters"": 10.0}"
HarvardX,0,aligned,0,8741,MCCE,bounded+edit,MCCE_bounded+edit,1,OK,0.0,0.04020547866821289,1.4951392321634536,3.0,"{""nevents"": 217.0, ""ndays_act"": 47.0, ""nchapters"": 10.0}"
HarvardX,0,aligned,0,8773,NICE,native,NICE_native,0,out_of_bounds:nevents,0.0,0.0046350955963134766,0.16297050407219899,2.0,"{""nevents"": 9.0, ""ndays_act"": 8.0, ""nchapters"": 10.0}"
HarvardX,0,aligned,0,8773,NICE,bounded,NICE_bounded,0,classifier_target_not_met,0.0,0.0046350955963134766,0.05357142857142857,1.0,"{""nevents"": 80.0, ""ndays_act"": 8.0, ""nchapters"": 10.0}"
HarvardX,0,aligned,0,8773,NICE,bounded+edit,NICE_bounded+edit,0,classifier_target_not_met,0.0,0.0046350955963134766,0.05357142857142857,1.0,"{""nevents"": 80.0, ""ndays_act"": 8.0, ""nchapters"": 10.0}"
HarvardX,0,aligned,0,8773,MCCE,native,MCCE_native,0,out_of_bounds:nevents,0.0,0.03978466987609863,0.27619414483821264,2.0,"{""nevents"": 63.0, ""ndays_act"": 19.0, ""nchapters"": 10.0}"
HarvardX,0,aligned,0,8773,MCCE,bounded,MCCE_bounded,1,OK,0.0,0.03978466987609863,0.3460818842174775,2.0,"{""nevents"": 96.0, ""ndays_act"": 23.0, ""nchapters"": 10.0}"
HarvardX,0,aligned,0,8773,MCCE,bounded+edit,MCCE_bounded+edit,1,OK,0.0,0.03978466987609863,0.3460818842174775,2.0,"{""nevents"": 96.0, ""ndays_act"": 23.0, ""nchapters"": 10.0}"
HarvardX,0,aligned,0,8793,NICE,native,NICE_native,0,out_of_bounds:nevents,0.0,0.0036661624908447266,0.15098039215686274,1.0,"{""nevents"": 142.0, ""ndays_act"": 24.0, ""nchapters"": 11.0}"
HarvardX,0,aligned,0,8793,NICE,bounded,NICE_bounded,0,classifier_target_not_met,0.0,0.0036661624908447266,0.0,0.0,"{""nevents"": 219.0, ""ndays_act"": 24.0, ""nchapters"": 11.0}"
HarvardX,0,aligned,0,8793,NICE,bounded+edit,NICE_bounded+edit,0,classifier_target_not_met,0.0,0.0036661624908447266,0.0,0.0,"{""nevents"": 219.0, ""ndays_act"": 24.0, ""nchapters"": 11.0}"
HarvardX,0,aligned,0,8793,MCCE,native,MCCE_native,0,out_of_bounds:nevents,0.0,0.039457082748413086,0.3172231054583996,2.0,"{""nevents"": 71.0, ""ndays_act"": 25.0, ""nchapters"": 11.0}"
HarvardX,0,aligned,0,8793,MCCE,bounded,MCCE_bounded,1,OK,0.0,0.039457082748413086,0.5816110227874933,2.0,"{""nevents"": 364.0, ""ndays_act"": 35.0, ""nchapters"": 11.0}"
HarvardX,0,aligned,0,8793,MCCE,bounded+edit,MCCE_bounded+edit,1,OK,0.0,0.039457082748413086,0.5816110227874933,2.0,"{""nevents"": 364.0, ""ndays_act"": 35.0, ""nchapters"": 11.0}"
HarvardX,0,aligned,0,8813,NICE,native,NICE_native,1,OK,0.0,0.00536656379699707,0.1013869625520111,2.0,"{""nevents"": 9.0, ""ndays_act"": 7.0, ""nchapters"": 12.0}"
HarvardX,0,aligned,0,8813,NICE,bounded,NICE_bounded,1,OK,0.0,0.00536656379699707,0.1013869625520111,2.0,"{""nevents"": 9.0, ""ndays_act"": 7.0, ""nchapters"": 12.0}"
HarvardX,0,aligned,0,8813,NICE,bounded+edit,NICE_bounded+edit,1,OK,0.0,0.00536656379699707,0.1013869625520111,2.0,"{""nevents"": 9.0, ""ndays_act"": 7.0, ""nchapters"": 12.0}"
HarvardX,0,aligned,0,8813,MCCE,native,MCCE_native,1,OK,0.0,0.026073217391967773,0.1013869625520111,2.0,"{""nevents"": 9.0, ""ndays_act"": 7.0, ""nchapters"": 12.0}"
HarvardX,0,aligned,0,8813,MCCE,bounded,MCCE_bounded,1,OK,0.0,0.026073217391967773,0.1013869625520111,2.0,"{""nevents"": 9.0, ""ndays_act"": 7.0, ""nchapters"": 12.0}"
HarvardX,0,aligned,0,8813,MCCE,bounded+edit,MCCE_bounded+edit,1,OK,0.0,0.026073217391967773,0.1013869625520111,2.0,"{""nevents"": 9.0, ""ndays_act"": 7.0, ""nchapters"": 12.0}"
HarvardX,0,aligned,0,8902,NICE,native,NICE_native,0,out_of_bounds:nevents,0.0,0.004562854766845703,0.1337126600284495,2.0,"{""nevents"": 9.0, ""ndays_act"": 7.0, ""nchapters"": 12.0}"
HarvardX,0,aligned,0,8902,NICE,bounded,NICE_bounded,0,classifier_target_not_met,0.0,0.004562854766845703,0.05263157894736842,1.0,"{""nevents"": 63.0, ""ndays_act"": 7.0, ""nchapters"": 12.0}"
HarvardX,0,aligned,0,8902,NICE,bounded+edit,NICE_bounded+edit,0,classifier_target_not_met,0.0,0.004562854766845703,0.05263157894736842,1.0,"{""nevents"": 63.0, ""ndays_act"": 7.0, ""nchapters"": 12.0}"
HarvardX,0,aligned,0,8902,MCCE,native,MCCE_native,0,out_of_bounds:nevents,0.0,0.026581525802612305,0.1337126600284495,2.0,"{""nevents"": 9.0, ""ndays_act"": 7.0, ""nchapters"": 12.0}"
HarvardX,0,aligned,0,8902,MCCE,bounded,MCCE_bounded,1,OK,0.0,0.026581525802612305,0.19898846214635688,2.0,"{""nevents"": 67.0, ""ndays_act"": 15.0, ""nchapters"": 12.0}"
HarvardX,0,aligned,0,8902,MCCE,bounded+edit,MCCE_bounded+edit,1,OK,0.0,0.026581525802612305,0.19898846214635688,2.0,"{""nevents"": 67.0, ""ndays_act"": 15.0, ""nchapters"": 12.0}"
HarvardX,0,aligned,0,8922,NICE,native,NICE_native,0,out_of_bounds:nevents,0.0,0.0035181045532226562,0.012139605462822459,1.0,"{""nevents"": 62.0, ""ndays_act"": 19.0, ""nchapters"": 10.0}"
HarvardX,0,aligned,0,8922,NICE,bounded,NICE_bounded,0,classifier_target_not_met,0.0,0.0035181045532226562,0.0,0.0,"{""nevents"": 70.0, ""ndays_act"": 19.0, ""nchapters"": 10.0}"
HarvardX,0,aligned,0,8922,NICE,bounded+edit,NICE_bounded+edit,0,classifier_target_not_met,0.0,0.0035181045532226562,0.0,0.0,"{""nevents"": 70.0, ""ndays_act"": 19.0, ""nchapters"": 10.0}"
HarvardX,0,aligned,0,8922,MCCE,native,MCCE_native,0,out_of_bounds:nevents,0.0,0.03998994827270508,0.010622154779969651,1.0,"{""nevents"": 63.0, ""ndays_act"": 19.0, ""nchapters"": 10.0}"
HarvardX,0,aligned,0,8922,MCCE,bounded,MCCE_bounded,1,OK,0.0,0.03998994827270508,0.13469181299226823,2.0,"{""nevents"": 96.0, ""ndays_act"": 23.0, ""nchapters"": 10.0}"
HarvardX,0,aligned,0,8922,MCCE,bounded+edit,MCCE_bounded+edit,1,OK,0.0,0.03998994827270508,0.13469181299226823,2.0,"{""nevents"": 96.0, ""ndays_act"": 23.0, ""nchapters"": 10.0}"
HarvardX,0,aligned,0,8940,NICE,native,NICE_native,0,out_of_bounds:nevents,0.0,0.0036096572875976562,0.2817796610169492,1.0,"{""nevents"": 124.0, ""ndays_act"": 21.0, ""nchapters"": 10.0}"
HarvardX,0,aligned,0,8940,NICE,bounded,NICE_bounded,0,classifier_target_not_met,0.0,0.0036096572875976562,0.0,0.0,"{""nevents"": 257.0, ""ndays_act"": 21.0, ""nchapters"": 10.0}"
HarvardX,0,aligned,0,8940,NICE,bounded+edit,NICE_bounded+edit,0,classifier_target_not_met,0.0,0.0036096572875976562,0.0,0.0,"{""nevents"": 257.0, ""ndays_act"": 21.0, ""nchapters"": 10.0}"
HarvardX,0,aligned,0,8940,MCCE,native,MCCE_native,0,out_of_bounds:nevents,0.0,0.03926563262939453,0.3911016949152542,2.0,"{""nevents"": 96.0, ""ndays_act"": 23.0, ""nchapters"": 10.0}"
HarvardX,0,aligned,0,8940,MCCE,bounded,MCCE_bounded,1,OK,0.0,0.03926563262939453,1.0720338983050848,2.0,"{""nevents"": 468.0, ""ndays_act"": 46.0, ""nchapters"": 10.0}"
HarvardX,0,aligned,0,8940,MCCE,bounded+edit,MCCE_bounded+edit,1,OK,0.0,0.03926563262939453,1.0720338983050848,2.0,"{""nevents"": 468.0, ""ndays_act"": 46.0, ""nchapters"": 10.0}"
HarvardX,0,aligned,0,8955,NICE,native,NICE_native,0,out_of_bounds:nevents,0.0,0.0034461021423339844,0.02304147465437788,1.0,"{""nevents"": 63.0, ""ndays_act"": 13.0, ""nchapters"": 12.0}"
HarvardX,0,aligned,0,8955,NICE,bounded,NICE_bounded,0,classifier_target_not_met,0.0,0.0034461021423339844,0.0,0.0,"{""nevents"": 78.0, ""ndays_act"": 13.0, ""nchapters"": 12.0}"
HarvardX,0,aligned,0,8955,NICE,bounded+edit,NICE_bounded+edit,0,classifier_target_not_met,0.0,0.0034461021423339844,0.0,0.0,"{""nevents"": 78.0, ""ndays_act"": 13.0, ""nchapters"": 12.0}"
HarvardX,0,aligned,0,8955,MCCE,native,MCCE_native,0,out_of_bounds:nevents,0.0,0.025716304779052734,0.039938556067588324,1.0,"{""nevents"": 52.0, ""ndays_act"": 13.0, ""nchapters"": 12.0}"
HarvardX,0,aligned,0,8955,MCCE,bounded,MCCE_bounded,1,OK,0.0,0.025716304779052734,0.043202764976958526,2.0,"{""nevents"": 79.0, ""ndays_act"": 15.0, ""nchapters"": 12.0}"
HarvardX,0,aligned,0,8955,MCCE,bounded+edit,MCCE_bounded+edit,1,OK,0.0,0.025716304779052734,0.043202764976958526,2.0,"{""nevents"": 79.0, ""ndays_act"": 15.0, ""nchapters"": 12.0}"
HarvardX,0,aligned,0,9000,NICE,native,NICE_native,1,OK,0.0,0.004655122756958008,0.14349321999595224,2.0,"{""nevents"": 9.0, ""ndays_act"": 8.0, ""nchapters"": 10.0}"
HarvardX,0,aligned,0,9000,NICE,bounded,NICE_bounded,1,OK,0.0,0.004655122756958008,0.14349321999595224,2.0,"{""nevents"": 9.0, ""ndays_act"": 8.0, ""nchapters"": 10.0}"
HarvardX,0,aligned,0,9000,NICE,bounded+edit,NICE_bounded+edit,1,OK,0.0,0.004655122756958008,0.14349321999595224,2.0,"{""nevents"": 9.0, ""ndays_act"": 8.0, ""nchapters"": 10.0}"
HarvardX,0,aligned,0,9000,MCCE,native,MCCE_native,1,OK,0.0,0.04058527946472168,0.39789516292248533,2.0,"{""nevents"": 63.0, ""ndays_act"": 19.0, ""nchapters"": 10.0}"
HarvardX,0,aligned,0,9000,MCCE,bounded,MCCE_bounded,1,OK,0.0,0.04058527946472168,0.39789516292248533,2.0,"{""nevents"": 63.0, ""ndays_act"": 19.0, ""nchapters"": 10.0}"
HarvardX,0,aligned,0,9000,MCCE,bounded+edit,MCCE_bounded+edit,1,OK,0.0,0.04058527946472168,0.39789516292248533,2.0,"{""nevents"": 63.0, ""ndays_act"": 19.0, ""nchapters"": 10.0}"
HarvardX,0,aligned,0,9006,NICE,native,NICE_native,0,out_of_bounds:nevents,0.0,0.0036852359771728516,0.2872531418312388,1.0,"{""nevents"": 12.0, ""ndays_act"": 10.0, ""nchapters"": 12.0}"
HarvardX,0,aligned,0,9006,NICE,bounded,NICE_bounded,0,classifier_target_not_met,0.0,0.0036852359771728516,0.0,0.0,"{""nevents"": 172.0, ""ndays_act"": 10.0, ""nchapters"": 12.0}"
HarvardX,0,aligned,0,9006,NICE,bounded+edit,NICE_bounded+edit,0,classifier_target_not_met,0.0,0.0036852359771728516,0.0,0.0,"{""nevents"": 172.0, ""ndays_act"": 10.0, ""nchapters"": 12.0}"
HarvardX,0,aligned,0,9006,MCCE,native,MCCE_native,1,OK,0.0,0.02577376365661621,0.5490196078431373,1.0,"{""nevents"": 172.0, ""ndays_act"": 38.0, ""nchapters"": 12.0}"
HarvardX,0,aligned,0,9006,MCCE,bounded,MCCE_bounded,1,OK,0.0,0.02577376365661621,0.5490196078431373,1.0,"{""nevents"": 172.0, ""ndays_act"": 38.0, ""nchapters"": 12.0}"
HarvardX,0,aligned,0,9006,MCCE,bounded+edit,MCCE_bounded+edit,1,OK,0.0,0.02577376365661621,0.5490196078431373,1.0,"{""nevents"": 172.0, ""ndays_act"": 38.0, ""nchapters"": 12.0}"
HarvardX,0,aligned,0,9060,NICE,native,NICE_native,0,out_of_bounds:nevents,0.0,0.0035619735717773438,0.19899665551839466,1.0,"{""nevents"": 12.0, ""ndays_act"": 10.0, ""nchapters"": 12.0}"
HarvardX,0,aligned,0,9060,NICE,bounded,NICE_bounded,0,classifier_target_not_met,0.0,0.0035619735717773438,0.0,0.0,"{""nevents"": 131.0, ""ndays_act"": 10.0, ""nchapters"": 12.0}"
HarvardX,0,aligned,0,9060,NICE,bounded+edit,NICE_bounded+edit,0,classifier_target_not_met,0.0,0.0035619735717773438,0.0,0.0,"{""nevents"": 131.0, ""ndays_act"": 10.0, ""nchapters"": 12.0}"
HarvardX,0,aligned,0,9060,MCCE,native,MCCE_native,1,OK,0.0,0.026205778121948242,0.23529411764705882,1.0,"{""nevents"": 131.0, ""ndays_act"": 22.0, ""nchapters"": 12.0}"
HarvardX,0,aligned,0,9060,MCCE,bounded,MCCE_bounded,1,OK,0.0,0.026205778121948242,0.23529411764705882,1.0,"{""nevents"": 131.0, ""ndays_act"": 22.0, ""nchapters"": 12.0}"
HarvardX,0,aligned,0,9060,MCCE,bounded+edit,MCCE_bounded+edit,1,OK,0.0,0.026205778121948242,0.23529411764705882,1.0,"{""nevents"": 131.0, ""ndays_act"": 22.0, ""nchapters"": 12.0}"
HarvardX,0,aligned,0,9099,NICE,native,NICE_native,0,out_of_bounds:nevents,0.0,0.0035905838012695312,0.2,1.0,"{""nevents"": 9.0, ""ndays_act"": 8.0, ""nchapters"": 12.0}"
HarvardX,0,aligned,0,9099,NICE,bounded,NICE_bounded,0,classifier_target_not_met,0.0,0.0035905838012695312,0.0,0.0,"{""nevents"": 129.0, ""ndays_act"": 8.0, ""nchapters"": 12.0}"
HarvardX,0,aligned,0,9099,NICE,bounded+edit,NICE_bounded+edit,0,classifier_target_not_met,0.0,0.0035905838012695312,0.0,0.0,"{""nevents"": 129.0, ""ndays_act"": 8.0, ""nchapters"": 12.0}"
HarvardX,0,aligned,0,9099,MCCE,native,MCCE_native,0,out_of_bounds:nevents;out_of_bounds:ndays_act,0.0,0.02588629722595215,0.2188679245283019,2.0,"{""nevents"": 9.0, ""ndays_act"": 7.0, ""nchapters"": 12.0}"
HarvardX,0,aligned,0,9099,MCCE,bounded,MCCE_bounded,1,OK,0.0,0.02588629722595215,0.2719496855345912,2.0,"{""nevents"": 145.0, ""ndays_act"": 21.0, ""nchapters"": 12.0}"
HarvardX,0,aligned,0,9099,MCCE,bounded+edit,MCCE_bounded+edit,1,OK,0.0,0.02588629722595215,0.2719496855345912,2.0,"{""nevents"": 145.0, ""ndays_act"": 21.0, ""nchapters"": 12.0}"
HarvardX,0,aligned,0,9140,NICE,native,NICE_native,0,out_of_bounds:nevents,0.0,0.0037076473236083984,0.32113821138211385,1.0,"{""nevents"": 79.0, ""ndays_act"": 16.0, ""nchapters"": 12.0}"
HarvardX,0,aligned,0,9140,NICE,bounded,NICE_bounded,0,classifier_target_not_met,0.0,0.0037076473236083984,0.0,0.0,"{""nevents"": 237.0, ""ndays_act"": 16.0, ""nchapters"": 12.0}"
HarvardX,0,aligned,0,9140,NICE,bounded+edit,NICE_bounded+edit,0,classifier_target_not_met,0.0,0.0037076473236083984,0.0,0.0,"{""nevents"": 237.0, ""ndays_act"": 16.0, ""nchapters"": 12.0}"
HarvardX,0,aligned,0,9140,MCCE,native,MCCE_native,0,out_of_bounds:nevents,0.0,0.026726484298706055,0.40040650406504064,1.0,"{""nevents"": 40.0, ""ndays_act"": 16.0, ""nchapters"": 12.0}"
HarvardX,0,aligned,0,9140,MCCE,bounded,MCCE_bounded,1,OK,0.0,0.026726484298706055,0.37642276422764226,2.0,"{""nevents"": 291.0, ""ndays_act"": 28.0, ""nchapters"": 12.0}"
HarvardX,0,aligned,0,9140,MCCE,bounded+edit,MCCE_bounded+edit,1,OK,0.0,0.026726484298706055,0.37642276422764226,2.0,"{""nevents"": 291.0, ""ndays_act"": 28.0, ""nchapters"": 12.0}"
HarvardX,0,aligned,0,9172,NICE,native,NICE_native,1,OK,0.0,0.004941463470458984,0.49854968369291974,2.0,"{""nevents"": 103.0, ""ndays_act"": 30.0, ""nchapters"": 6.0}"
HarvardX,0,aligned,0,9172,NICE,bounded,NICE_bounded,1,OK,0.0,0.004941463470458984,0.49854968369291974,2.0,"{""nevents"": 103.0, ""ndays_act"": 30.0, ""nchapters"": 6.0}"
HarvardX,0,aligned,0,9172,NICE,bounded+edit,NICE_bounded+edit,1,OK,0.0,0.004941463470458984,0.49854968369291974,2.0,"{""nevents"": 103.0, ""ndays_act"": 30.0, ""nchapters"": 6.0}"
HarvardX,0,aligned,0,9172,MCCE,native,MCCE_native,0,out_of_bounds:nevents,0.0,0.04037213325500488,1.054172767203514,2.0,"{""nevents"": 9.0, ""ndays_act"": 8.0, ""nchapters"": 12.0}"
HarvardX,0,aligned,0,9172,MCCE,bounded,MCCE_bounded,1,OK,0.0,0.04037213325500488,1.2075471698113207,2.0,"{""nevents"": 46.0, ""ndays_act"": 19.0, ""nchapters"": 12.0}"
HarvardX,0,aligned,0,9172,MCCE,bounded+edit,MCCE_bounded+edit,1,OK,0.0,0.04037213325500488,1.2075471698113207,2.0,"{""nevents"": 46.0, ""ndays_act"": 19.0, ""nchapters"": 12.0}"
HarvardX,0,aligned,0,9236,NICE,native,NICE_native,0,out_of_bounds:nevents,0.0,0.003572225570678711,0.14408233276157806,1.0,"{""nevents"": 62.0, ""ndays_act"": 14.0, ""nchapters"": 12.0}"
HarvardX,0,aligned,0,9236,NICE,bounded,NICE_bounded,0,classifier_target_not_met,0.0,0.003572225570678711,0.0,0.0,"{""nevents"": 146.0, ""ndays_act"": 14.0, ""nchapters"": 12.0}"
HarvardX,0,aligned,0,9236,NICE,bounded+edit,NICE_bounded+edit,0,classifier_target_not_met,0.0,0.003572225570678711,0.0,0.0,"{""nevents"": 146.0, ""ndays_act"": 14.0, ""nchapters"": 12.0}"
HarvardX,0,aligned,0,9236,MCCE,native,MCCE_native,0,out_of_bounds:nevents,0.0,0.026795625686645508,0.18867924528301888,1.0,"{""nevents"": 36.0, ""ndays_act"": 14.0, ""nchapters"": 12.0}"
HarvardX,0,aligned,0,9236,MCCE,bounded,MCCE_bounded,1,OK,0.0,0.026795625686645508,0.24192547717236598,2.0,"{""nevents"": 163.0, ""ndays_act"": 24.0, ""nchapters"": 12.0}"
HarvardX,0,aligned,0,9236,MCCE,bounded+edit,MCCE_bounded+edit,1,OK,0.0,0.026795625686645508,0.24192547717236598,2.0,"{""nevents"": 163.0, ""ndays_act"": 24.0, ""nchapters"": 12.0}"
HarvardX,0,aligned,0,9310,NICE,native,NICE_native,0,out_of_bounds:nevents,0.0,0.0037500858306884766,0.11627906976744186,1.0,"{""nevents"": 9.0, ""ndays_act"": 8.0, ""nchapters"": 12.0}"
HarvardX,0,aligned,0,9310,NICE,bounded,NICE_bounded,0,classifier_target_not_met,0.0,0.0037500858306884766,0.0,0.0,"{""nevents"": 84.0, ""ndays_act"": 8.0, ""nchapters"": 12.0}"
HarvardX,0,aligned,0,9310,NICE,bounded+edit,NICE_bounded+edit,0,classifier_target_not_met,0.0,0.0037500858306884766,0.0,0.0,"{""nevents"": 84.0, ""ndays_act"": 8.0, ""nchapters"": 12.0}"
HarvardX,0,aligned,0,9310,MCCE,native,MCCE_native,0,out_of_bounds:nevents;out_of_bounds:ndays_act,0.0,0.028376340866088867,0.13514699429574376,2.0,"{""nevents"": 9.0, ""ndays_act"": 7.0, ""nchapters"": 12.0}"
HarvardX,0,aligned,0,9310,MCCE,bounded,MCCE_bounded,1,OK,0.0,0.028376340866088867,0.24475647213690216,2.0,"{""nevents"": 108.0, ""ndays_act"": 19.0, ""nchapters"": 12.0}"
HarvardX,0,aligned,0,9310,MCCE,bounded+edit,MCCE_bounded+edit,1,OK,0.0,0.028376340866088867,0.24475647213690216,2.0,"{""nevents"": 108.0, ""ndays_act"": 19.0, ""nchapters"": 12.0}"
HarvardX,0,aligned,0,9328,NICE,native,NICE_native,0,out_of_bounds:nevents,0.0,0.00464320182800293,0.10344827586206896,2.0,"{""nevents"": 9.0, ""ndays_act"": 7.0, ""nchapters"": 12.0}"
HarvardX,0,aligned,0,9328,NICE,bounded,NICE_bounded,0,classifier_target_not_met,0.0,0.00464320182800293,0.06896551724137931,1.0,"{""nevents"": 33.0, ""ndays_act"": 7.0, ""nchapters"": 12.0}"
HarvardX,0,aligned,0,9328,NICE,bounded+edit,NICE_bounded+edit,0,classifier_target_not_met,0.0,0.00464320182800293,0.06896551724137931,1.0,"{""nevents"": 33.0, ""ndays_act"": 7.0, ""nchapters"": 12.0}"
HarvardX,0,aligned,0,9328,MCCE,native,MCCE_native,1,OK,0.0,0.02563619613647461,0.2413793103448276,1.0,"{""nevents"": 33.0, ""ndays_act"": 17.0, ""nchapters"": 12.0}"
HarvardX,0,aligned,0,9328,MCCE,bounded,MCCE_bounded,1,OK,0.0,0.02563619613647461,0.2413793103448276,1.0,"{""nevents"": 33.0, ""ndays_act"": 17.0, ""nchapters"": 12.0}"
HarvardX,0,aligned,0,9328,MCCE,bounded+edit,MCCE_bounded+edit,1,OK,0.0,0.02563619613647461,0.2413793103448276,1.0,"{""nevents"": 33.0, ""ndays_act"": 17.0, ""nchapters"": 12.0}"
HarvardX,0,aligned,0,9355,NICE,native,NICE_native,1,OK,0.0,0.004622936248779297,0.35832147937411096,2.0,"{""nevents"": 67.0, ""ndays_act"": 19.0, ""nchapters"": 9.0}"
HarvardX,0,aligned,0,9355,NICE,bounded,NICE_bounded,1,OK,0.0,0.004622936248779297,0.35832147937411096,2.0,"{""nevents"": 67.0, ""ndays_act"": 19.0, ""nchapters"": 9.0}"
HarvardX,0,aligned,0,9355,NICE,bounded+edit,NICE_bounded+edit,1,OK,0.0,0.004622936248779297,0.35832147937411096,2.0,"{""nevents"": 67.0, ""ndays_act"": 19.0, ""nchapters"": 9.0}"
HarvardX,0,aligned,0,9355,MCCE,native,MCCE_native,1,OK,0.0,0.040116310119628906,0.5605500237079184,2.0,"{""nevents"": 92.0, ""ndays_act"": 29.0, ""nchapters"": 9.0}"
HarvardX,0,aligned,0,9355,MCCE,bounded,MCCE_bounded,1,OK,0.0,0.040116310119628906,0.5605500237079184,2.0,"{""nevents"": 92.0, ""ndays_act"": 29.0, ""nchapters"": 9.0}"
HarvardX,0,aligned,0,9355,MCCE,bounded+edit,MCCE_bounded+edit,1,OK,0.0,0.040116310119628906,0.5605500237079184,2.0,"{""nevents"": 92.0, ""ndays_act"": 29.0, ""nchapters"": 9.0}"
HarvardX,0,aligned,0,9387,NICE,native,NICE_native,1,OK,0.0,0.0036613941192626953,0.05128205128205128,1.0,"{""nevents"": 233.0, ""ndays_act"": 24.0, ""nchapters"": 12.0}"
HarvardX,0,aligned,0,9387,NICE,bounded,NICE_bounded,1,OK,0.0,0.0036613941192626953,0.05128205128205128,1.0,"{""nevents"": 233.0, ""ndays_act"": 24.0, ""nchapters"": 12.0}"
HarvardX,0,aligned,0,9387,NICE,bounded+edit,NICE_bounded+edit,1,OK,0.0,0.0036613941192626953,0.05128205128205128,1.0,"{""nevents"": 233.0, ""ndays_act"": 24.0, ""nchapters"": 12.0}"
HarvardX,0,aligned,0,9387,MCCE,native,MCCE_native,0,out_of_bounds:nevents,0.0,0.026363849639892578,0.2056451612903226,1.0,"{""nevents"": 131.0, ""ndays_act"": 22.0, ""nchapters"": 12.0}"
HarvardX,0,aligned,0,9387,MCCE,bounded,MCCE_bounded,1,OK,0.0,0.026363849639892578,0.7948717948717948,1.0,"{""nevents"": 233.0, ""ndays_act"": 53.0, ""nchapters"": 12.0}"
HarvardX,0,aligned,0,9387,MCCE,bounded+edit,MCCE_bounded+edit,1,OK,0.0,0.026363849639892578,0.7948717948717948,1.0,"{""nevents"": 233.0, ""ndays_act"": 53.0, ""nchapters"": 12.0}"
HarvardX,0,aligned,0,9421,NICE,native,NICE_native,0,out_of_bounds:nevents,0.0,0.003558635711669922,0.3723196881091618,1.0,"{""nevents"": 25.0, ""ndays_act"": 11.0, ""nchapters"": 12.0}"
HarvardX,0,aligned,0,9421,NICE,bounded,NICE_bounded,0,classifier_target_not_met,0.0,0.003558635711669922,0.0,0.0,"{""nevents"": 216.0, ""ndays_act"": 11.0, ""nchapters"": 12.0}"
HarvardX,0,aligned,0,9421,NICE,bounded+edit,NICE_bounded+edit,0,classifier_target_not_met,0.0,0.003558635711669922,0.0,0.0,"{""nevents"": 216.0, ""ndays_act"": 11.0, ""nchapters"": 12.0}"
HarvardX,0,aligned,0,9421,MCCE,native,MCCE_native,0,out_of_bounds:nevents,0.0,0.02629399299621582,0.3723196881091618,1.0,"{""nevents"": 25.0, ""ndays_act"": 11.0, ""nchapters"": 12.0}"
HarvardX,0,aligned,0,9421,MCCE,bounded,MCCE_bounded,1,OK,0.0,0.02629399299621582,0.38,1.0,"{""nevents"": 216.0, ""ndays_act"": 30.0, ""nchapters"": 12.0}"
HarvardX,0,aligned,0,9421,MCCE,bounded+edit,MCCE_bounded+edit,1,OK,0.0,0.02629399299621582,0.38,1.0,"{""nevents"": 216.0, ""ndays_act"": 30.0, ""nchapters"": 12.0}"
HarvardX,0,aligned,0,9435,NICE,native,NICE_native,1,OK,0.0,0.004015207290649414,0.11764705882352941,1.0,"{""nevents"": 294.0, ""ndays_act"": 31.0, ""nchapters"": 10.0}"
HarvardX,0,aligned,0,9435,NICE,bounded,NICE_bounded,1,OK,0.0,0.004015207290649414,0.11764705882352941,1.0,"{""nevents"": 294.0, ""ndays_act"": 31.0, ""nchapters"": 10.0}"
HarvardX,0,aligned,0,9435,NICE,bounded+edit,NICE_bounded+edit,1,OK,0.0,0.004015207290649414,0.11764705882352941,1.0,"{""nevents"": 294.0, ""ndays_act"": 31.0, ""nchapters"": 10.0}"
HarvardX,0,aligned,0,9435,MCCE,native,MCCE_native,0,out_of_bounds:nevents;out_of_bounds:ndays_act,0.0,0.03988146781921387,0.5728194726166329,2.0,"{""nevents"": 96.0, ""ndays_act"": 23.0, ""nchapters"": 10.0}"
HarvardX,0,aligned,0,9435,MCCE,bounded,MCCE_bounded,1,OK,0.0,0.03988146781921387,0.9588235294117647,2.0,"{""nevents"": 468.0, ""ndays_act"": 46.0, ""nchapters"": 10.0}"
HarvardX,0,aligned,0,9435,MCCE,bounded+edit,MCCE_bounded+edit,1,OK,0.0,0.03988146781921387,0.9588235294117647,2.0,"{""nevents"": 468.0, ""ndays_act"": 46.0, ""nchapters"": 10.0}"
HarvardX,0,aligned,0,9484,NICE,native,NICE_native,0,out_of_bounds:nevents,0.0,0.0046539306640625,0.2646451293067834,2.0,"{""nevents"": 24.0, ""ndays_act"": 13.0, ""nchapters"": 11.0}"
HarvardX,0,aligned,0,9484,NICE,bounded,NICE_bounded,0,classifier_target_not_met,0.0,0.0046539306640625,0.15789473684210525,1.0,"{""nevents"": 92.0, ""ndays_act"": 13.0, ""nchapters"": 11.0}"
HarvardX,0,aligned,0,9484,NICE,bounded+edit,NICE_bounded+edit,0,classifier_target_not_met,0.0,0.0046539306640625,0.15789473684210525,1.0,"{""nevents"": 92.0, ""ndays_act"": 13.0, ""nchapters"": 11.0}"
HarvardX,0,aligned,0,9484,MCCE,native,MCCE_native,0,out_of_bounds:nevents,0.0,0.03929305076599121,0.4013880855986119,2.0,"{""nevents"": 71.0, ""ndays_act"": 25.0, ""nchapters"": 11.0}"
HarvardX,0,aligned,0,9484,MCCE,bounded,MCCE_bounded,1,OK,0.0,0.03929305076599121,0.9708612189815198,2.0,"{""nevents"": 364.0, ""ndays_act"": 35.0, ""nchapters"": 11.0}"
HarvardX,0,aligned,0,9484,MCCE,bounded+edit,MCCE_bounded+edit,1,OK,0.0,0.03929305076599121,0.9708612189815198,2.0,"{""nevents"": 364.0, ""ndays_act"": 35.0, ""nchapters"": 11.0}"
HarvardX,0,aligned,0,9508,NICE,native,NICE_native,0,out_of_bounds:nevents,0.0,0.0038764476776123047,0.5781990521327014,1.0,"{""nevents"": 63.0, ""ndays_act"": 13.0, ""nchapters"": 12.0}"
HarvardX,0,aligned,0,9508,NICE,bounded,NICE_bounded,0,classifier_target_not_met,0.0,0.0038764476776123047,0.0,0.0,"{""nevents"": 307.0, ""ndays_act"": 13.0, ""nchapters"": 12.0}"
HarvardX,0,aligned,0,9508,NICE,bounded+edit,NICE_bounded+edit,0,classifier_target_not_met,0.0,0.0038764476776123047,0.0,0.0,"{""nevents"": 307.0, ""ndays_act"": 13.0, ""nchapters"": 12.0}"
HarvardX,0,aligned,0,9508,MCCE,native,MCCE_native,0,out_of_bounds:nevents,0.0,0.026314496994018555,0.6042654028436019,1.0,"{""nevents"": 52.0, ""ndays_act"": 13.0, ""nchapters"": 12.0}"
HarvardX,0,aligned,0,9508,MCCE,bounded,MCCE_bounded,1,OK,0.0,0.026314496994018555,0.6458333333333334,1.0,"{""nevents"": 307.0, ""ndays_act"": 44.0, ""nchapters"": 12.0}"
HarvardX,0,aligned,0,9508,MCCE,bounded+edit,MCCE_bounded+edit,1,OK,0.0,0.026314496994018555,0.6458333333333334,1.0,"{""nevents"": 307.0, ""ndays_act"": 44.0, ""nchapters"": 12.0}"
HarvardX,0,aligned,0,9581,NICE,native,NICE_native,0,out_of_bounds:nevents,0.0,0.003631114959716797,0.1542649727767695,1.0,"{""nevents"": 93.0, ""ndays_act"": 24.0, ""nchapters"": 9.0}"
HarvardX,0,aligned,0,9581,NICE,bounded,NICE_bounded,0,classifier_target_not_met,0.0,0.003631114959716797,0.0,0.0,"{""nevents"": 178.0, ""ndays_act"": 24.0, ""nchapters"": 9.0}"
HarvardX,0,aligned,0,9581,NICE,bounded+edit,NICE_bounded+edit,0,classifier_target_not_met,0.0,0.003631114959716797,0.0,0.0,"{""nevents"": 178.0, ""ndays_act"": 24.0, ""nchapters"": 9.0}"
HarvardX,0,aligned,0,9581,MCCE,native,MCCE_native,0,out_of_bounds:nevents,0.0,0.040170907974243164,0.2912149899445725,2.0,"{""nevents"": 92.0, ""ndays_act"": 29.0, ""nchapters"": 9.0}"
HarvardX,0,aligned,0,9581,MCCE,bounded,MCCE_bounded,1,OK,0.0,0.040170907974243164,1.0257353542290022,3.0,"{""nevents"": 217.0, ""ndays_act"": 47.0, ""nchapters"": 10.0}"
HarvardX,0,aligned,0,9581,MCCE,bounded+edit,MCCE_bounded+edit,1,OK,0.0,0.040170907974243164,1.0257353542290022,3.0,"{""nevents"": 217.0, ""ndays_act"": 47.0, ""nchapters"": 10.0}"
HarvardX,0,aligned,0,9621,NICE,native,NICE_native,0,out_of_bounds:nevents,0.0,0.0048770904541015625,0.6929765130984643,2.0,"{""nevents"": 103.0, ""ndays_act"": 30.0, ""nchapters"": 6.0}"
HarvardX,0,aligned,0,9621,NICE,bounded,NICE_bounded,0,classifier_target_not_met,0.0,0.0048770904541015625,0.24390243902439024,1.0,"{""nevents"": 297.0, ""ndays_act"": 30.0, ""nchapters"": 6.0}"
HarvardX,0,aligned,0,9621,NICE,bounded+edit,NICE_bounded+edit,0,classifier_target_not_met,0.0,0.0048770904541015625,0.24390243902439024,1.0,"{""nevents"": 297.0, ""ndays_act"": 30.0, ""nchapters"": 6.0}"
HarvardX,0,aligned,0,9621,MCCE,native,MCCE_native,0,out_of_bounds:nevents,0.0,0.04079771041870117,1.412037037037037,2.0,"{""nevents"": 119.0, ""ndays_act"": 20.0, ""nchapters"": 12.0}"
HarvardX,0,aligned,0,9621,MCCE,bounded,MCCE_bounded,1,OK,0.0,0.04079771041870117,1.6966463414634148,3.0,"{""nevents"": 468.0, ""ndays_act"": 46.0, ""nchapters"": 10.0}"
HarvardX,0,aligned,0,9621,MCCE,bounded+edit,MCCE_bounded+edit,1,OK,0.0,0.04079771041870117,1.6966463414634148,3.0,"{""nevents"": 468.0, ""ndays_act"": 46.0, ""nchapters"": 10.0}"
HarvardX,0,aligned,0,9658,NICE,native,NICE_native,0,out_of_bounds:nevents,0.0,0.004984378814697266,0.49025974025974023,2.0,"{""nevents"": 9.0, ""ndays_act"": 7.0, ""nchapters"": 12.0}"
HarvardX,0,aligned,0,9658,NICE,bounded,NICE_bounded,0,classifier_target_not_met,0.0,0.004984378814697266,0.03571428571428571,1.0,"{""nevents"": 234.0, ""ndays_act"": 7.0, ""nchapters"": 12.0}"
HarvardX,0,aligned,0,9658,NICE,bounded+edit,NICE_bounded+edit,0,classifier_target_not_met,0.0,0.004984378814697266,0.03571428571428571,1.0,"{""nevents"": 234.0, ""ndays_act"": 7.0, ""nchapters"": 12.0}"
HarvardX,0,aligned,0,9658,MCCE,native,MCCE_native,0,out_of_bounds:nevents,0.0,0.026062965393066406,0.49025974025974023,2.0,"{""nevents"": 9.0, ""ndays_act"": 7.0, ""nchapters"": 12.0}"
HarvardX,0,aligned,0,9658,MCCE,bounded,MCCE_bounded,1,OK,0.0,0.026062965393066406,0.5258658008658008,2.0,"{""nevents"": 291.0, ""ndays_act"": 28.0, ""nchapters"": 12.0}"
HarvardX,0,aligned,0,9658,MCCE,bounded+edit,MCCE_bounded+edit,1,OK,0.0,0.026062965393066406,0.5258658008658008,2.0,"{""nevents"": 291.0, ""ndays_act"": 28.0, ""nchapters"": 12.0}"
HarvardX,0,aligned,0,9664,NICE,native,NICE_native,0,out_of_bounds:nevents,0.0,0.004709005355834961,0.21412429378531073,2.0,"{""nevents"": 52.0, ""ndays_act"": 19.0, ""nchapters"": 8.0}"
HarvardX,0,aligned,0,9664,NICE,bounded,NICE_bounded,0,classifier_target_not_met,0.0,0.004709005355834961,0.06666666666666667,1.0,"{""nevents"": 139.0, ""ndays_act"": 19.0, ""nchapters"": 8.0}"
HarvardX,0,aligned,0,9664,NICE,bounded+edit,NICE_bounded+edit,0,classifier_target_not_met,0.0,0.004709005355834961,0.06666666666666667,1.0,"{""nevents"": 139.0, ""ndays_act"": 19.0, ""nchapters"": 8.0}"
HarvardX,0,aligned,0,9664,MCCE,native,MCCE_native,0,out_of_bounds:nevents,0.0,0.04063296318054199,0.6185499058380414,3.0,"{""nevents"": 92.0, ""ndays_act"": 29.0, ""nchapters"": 9.0}"
HarvardX,0,aligned,0,9664,MCCE,bounded,MCCE_bounded,1,OK,0.0,0.04063296318054199,1.3210922787193975,3.0,"{""nevents"": 217.0, ""ndays_act"": 47.0, ""nchapters"": 10.0}"
HarvardX,0,aligned,0,9664,MCCE,bounded+edit,MCCE_bounded+edit,1,OK,0.0,0.04063296318054199,1.3210922787193975,3.0,"{""nevents"": 217.0, ""ndays_act"": 47.0, ""nchapters"": 10.0}"
HarvardX,0,aligned,0,9675,NICE,native,NICE_native,0,out_of_bounds:nevents,0.0,0.004789590835571289,0.4313295304958315,2.0,"{""nevents"": 66.0, ""ndays_act"": 21.0, ""nchapters"": 7.0}"
HarvardX,0,aligned,0,9675,NICE,bounded,NICE_bounded,0,classifier_target_not_met,0.0,0.004789590835571289,0.24528301886792453,1.0,"{""nevents"": 170.0, ""ndays_act"": 21.0, ""nchapters"": 7.0}"
HarvardX,0,aligned,0,9675,NICE,bounded+edit,NICE_bounded+edit,0,classifier_target_not_met,0.0,0.004789590835571289,0.24528301886792453,1.0,"{""nevents"": 170.0, ""ndays_act"": 21.0, ""nchapters"": 7.0}"
HarvardX,0,aligned,0,9675,MCCE,native,MCCE_native,0,out_of_bounds:nevents,0.0,0.040024757385253906,1.2880143112701252,2.0,"{""nevents"": 9.0, ""ndays_act"": 8.0, ""nchapters"": 12.0}"
HarvardX,0,aligned,0,9675,MCCE,bounded,MCCE_bounded,1,OK,0.0,0.040024757385253906,1.4199277685894622,3.0,"{""nevents"": 217.0, ""ndays_act"": 47.0, ""nchapters"": 10.0}"
HarvardX,0,aligned,0,9675,MCCE,bounded+edit,MCCE_bounded+edit,1,OK,0.0,0.040024757385253906,1.4199277685894622,3.0,"{""nevents"": 217.0, ""ndays_act"": 47.0, ""nchapters"": 10.0}"
HarvardX,0,aligned,0,9691,NICE,native,NICE_native,1,OK,0.0,0.004834651947021484,0.5788316889713783,2.0,"{""nevents"": 103.0, ""ndays_act"": 30.0, ""nchapters"": 6.0}"
HarvardX,0,aligned,0,9691,NICE,bounded,NICE_bounded,1,OK,0.0,0.004834651947021484,0.5788316889713783,2.0,"{""nevents"": 103.0, ""ndays_act"": 30.0, ""nchapters"": 6.0}"
HarvardX,0,aligned,0,9691,NICE,bounded+edit,NICE_bounded+edit,1,OK,0.0,0.004834651947021484,0.5788316889713783,2.0,"{""nevents"": 103.0, ""ndays_act"": 30.0, ""nchapters"": 6.0}"
HarvardX,0,aligned,0,9691,MCCE,native,MCCE_native,1,OK,0.0,0.03911399841308594,1.0460095731171242,3.0,"{""nevents"": 92.0, ""ndays_act"": 29.0, ""nchapters"": 9.0}"
HarvardX,0,aligned,0,9691,MCCE,bounded,MCCE_bounded,1,OK,0.0,0.03911399841308594,1.0460095731171242,3.0,"{""nevents"": 92.0, ""ndays_act"": 29.0, ""nchapters"": 9.0}"
HarvardX,0,aligned,0,9691,MCCE,bounded+edit,MCCE_bounded+edit,1,OK,0.0,0.03911399841308594,1.0460095731171242,3.0,"{""nevents"": 92.0, ""ndays_act"": 29.0, ""nchapters"": 9.0}"
HarvardX,0,aligned,0,9724,NICE,native,NICE_native,0,out_of_bounds:nevents,0.0,0.00503230094909668,0.16601255886970173,2.0,"{""nevents"": 9.0, ""ndays_act"": 7.0, ""nchapters"": 12.0}"
HarvardX,0,aligned,0,9724,NICE,bounded,NICE_bounded,0,classifier_target_not_met,0.0,0.00503230094909668,0.03571428571428571,1.0,"{""nevents"": 92.0, ""ndays_act"": 7.0, ""nchapters"": 12.0}"
HarvardX,0,aligned,0,9724,NICE,bounded+edit,NICE_bounded+edit,0,classifier_target_not_met,0.0,0.00503230094909668,0.03571428571428571,1.0,"{""nevents"": 92.0, ""ndays_act"": 7.0, ""nchapters"": 12.0}"
HarvardX,0,aligned,0,9724,MCCE,native,MCCE_native,0,out_of_bounds:nevents,0.0,0.025668859481811523,0.16601255886970173,2.0,"{""nevents"": 9.0, ""ndays_act"": 7.0, ""nchapters"": 12.0}"
HarvardX,0,aligned,0,9724,MCCE,bounded,MCCE_bounded,1,OK,0.0,0.025668859481811523,0.2751177394034537,2.0,"{""nevents"": 108.0, ""ndays_act"": 19.0, ""nchapters"": 12.0}"
HarvardX,0,aligned,0,9724,MCCE,bounded+edit,MCCE_bounded+edit,1,OK,0.0,0.025668859481811523,0.2751177394034537,2.0,"{""nevents"": 108.0, ""ndays_act"": 19.0, ""nchapters"": 12.0}"
HarvardX,0,aligned,0,9782,NICE,native,NICE_native,1,OK,0.0,0.004553794860839844,0.33286863795338373,2.0,"{""nevents"": 67.0, ""ndays_act"": 19.0, ""nchapters"": 9.0}"
HarvardX,0,aligned,0,9782,NICE,bounded,NICE_bounded,1,OK,0.0,0.004553794860839844,0.33286863795338373,2.0,"{""nevents"": 67.0, ""ndays_act"": 19.0, ""nchapters"": 9.0}"
HarvardX,0,aligned,0,9782,NICE,bounded+edit,NICE_bounded+edit,1,OK,0.0,0.004553794860839844,0.33286863795338373,2.0,"{""nevents"": 67.0, ""ndays_act"": 19.0, ""nchapters"": 9.0}"
HarvardX,0,aligned,0,9782,MCCE,native,MCCE_native,1,OK,0.0,0.04012918472290039,0.5384351994521486,2.0,"{""nevents"": 92.0, ""ndays_act"": 29.0, ""nchapters"": 9.0}"
HarvardX,0,aligned,0,9782,MCCE,bounded,MCCE_bounded,1,OK,0.0,0.04012918472290039,0.5384351994521486,2.0,"{""nevents"": 92.0, ""ndays_act"": 29.0, ""nchapters"": 9.0}"
HarvardX,0,aligned,0,9782,MCCE,bounded+edit,MCCE_bounded+edit,1,OK,0.0,0.04012918472290039,0.5384351994521486,2.0,"{""nevents"": 92.0, ""ndays_act"": 29.0, ""nchapters"": 9.0}"
HarvardX,0,aligned,0,9812,NICE,native,NICE_native,1,OK,0.0,0.005021810531616211,0.32732282108681215,2.0,"{""nevents"": 67.0, ""ndays_act"": 19.0, ""nchapters"": 9.0}"
HarvardX,0,aligned,0,9812,NICE,bounded,NICE_bounded,1,OK,0.0,0.005021810531616211,0.32732282108681215,2.0,"{""nevents"": 67.0, ""ndays_act"": 19.0, ""nchapters"": 9.0}"
HarvardX,0,aligned,0,9812,NICE,bounded+edit,NICE_bounded+edit,1,OK,0.0,0.005021810531616211,0.32732282108681215,2.0,"{""nevents"": 67.0, ""ndays_act"": 19.0, ""nchapters"": 9.0}"
HarvardX,0,aligned,0,9812,MCCE,native,MCCE_native,1,OK,0.0,0.04009270668029785,0.5330988167572753,2.0,"{""nevents"": 92.0, ""ndays_act"": 29.0, ""nchapters"": 9.0}"
HarvardX,0,aligned,0,9812,MCCE,bounded,MCCE_bounded,1,OK,0.0,0.04009270668029785,0.5330988167572753,2.0,"{""nevents"": 92.0, ""ndays_act"": 29.0, ""nchapters"": 9.0}"
HarvardX,0,aligned,0,9812,MCCE,bounded+edit,MCCE_bounded+edit,1,OK,0.0,0.04009270668029785,0.5330988167572753,2.0,"{""nevents"": 92.0, ""ndays_act"": 29.0, ""nchapters"": 9.0}"
HarvardX,0,aligned,0,9884,NICE,native,NICE_native,0,out_of_bounds:nevents,0.0,0.004571676254272461,0.278744580814557,2.0,"{""nevents"": 67.0, ""ndays_act"": 19.0, ""nchapters"": 9.0}"
HarvardX,0,aligned,0,9884,NICE,bounded,NICE_bounded,0,classifier_target_not_met,0.0,0.004571676254272461,0.20754716981132076,1.0,"{""nevents"": 111.0, ""ndays_act"": 19.0, ""nchapters"": 9.0}"
HarvardX,0,aligned,0,9884,NICE,bounded+edit,NICE_bounded+edit,0,classifier_target_not_met,0.0,0.004571676254272461,0.20754716981132076,1.0,"{""nevents"": 111.0, ""ndays_act"": 19.0, ""nchapters"": 9.0}"
HarvardX,0,aligned,0,9884,MCCE,native,MCCE_native,0,out_of_bounds:nevents,0.0,0.03973507881164551,0.42697075166391896,2.0,"{""nevents"": 92.0, ""ndays_act"": 29.0, ""nchapters"": 9.0}"
HarvardX,0,aligned,0,9884,MCCE,bounded,MCCE_bounded,1,OK,0.0,0.03973507881164551,0.8578799535934543,3.0,"{""nevents"": 132.0, ""ndays_act"": 34.0, ""nchapters"": 10.0}"
HarvardX,0,aligned,0,9884,MCCE,bounded+edit,MCCE_bounded+edit,1,OK,0.0,0.03973507881164551,0.8578799535934543,3.0,"{""nevents"": 132.0, ""ndays_act"": 34.0, ""nchapters"": 10.0}"
HarvardX,0,aligned,0,9892,NICE,native,NICE_native,0,out_of_bounds:nevents,0.0,0.00479888916015625,0.1650887573964497,2.0,"{""nevents"": 9.0, ""ndays_act"": 7.0, ""nchapters"": 12.0}"
HarvardX,0,aligned,0,9892,NICE,bounded,NICE_bounded,0,classifier_target_not_met,0.0,0.00479888916015625,0.1,1.0,"{""nevents"": 53.0, ""ndays_act"": 7.0, ""nchapters"": 12.0}"
HarvardX,0,aligned,0,9892,NICE,bounded+edit,NICE_bounded+edit,0,classifier_target_not_met,0.0,0.00479888916015625,0.1,1.0,"{""nevents"": 53.0, ""ndays_act"": 7.0, ""nchapters"": 12.0}"
HarvardX,0,aligned,0,9892,MCCE,native,MCCE_native,0,out_of_bounds:nevents,0.0,0.026120901107788086,0.1650887573964497,2.0,"{""nevents"": 9.0, ""ndays_act"": 7.0, ""nchapters"": 12.0}"
HarvardX,0,aligned,0,9892,MCCE,bounded,MCCE_bounded,1,OK,0.0,0.026120901107788086,0.25404339250493096,2.0,"{""nevents"": 67.0, ""ndays_act"": 15.0, ""nchapters"": 12.0}"
HarvardX,0,aligned,0,9892,MCCE,bounded+edit,MCCE_bounded+edit,1,OK,0.0,0.026120901107788086,0.25404339250493096,2.0,"{""nevents"": 67.0, ""ndays_act"": 15.0, ""nchapters"": 12.0}"
HarvardX,0,aligned,0,9893,NICE,native,NICE_native,0,out_of_bounds:nevents,0.0,0.003530740737915039,0.5824175824175825,1.0,"{""nevents"": 9.0, ""ndays_act"": 7.0, ""nchapters"": 12.0}"
HarvardX,0,aligned,0,9893,NICE,bounded,NICE_bounded,0,classifier_target_not_met,0.0,0.003530740737915039,0.0,0.0,"{""nevents"": 274.0, ""ndays_act"": 7.0, ""nchapters"": 12.0}"
HarvardX,0,aligned,0,9893,NICE,bounded+edit,NICE_bounded+edit,0,classifier_target_not_met,0.0,0.003530740737915039,0.0,0.0,"{""nevents"": 274.0, ""ndays_act"": 7.0, ""nchapters"": 12.0}"
HarvardX,0,aligned,0,9893,MCCE,native,MCCE_native,0,out_of_bounds:nevents,0.0,0.026828765869140625,0.5824175824175825,1.0,"{""nevents"": 9.0, ""ndays_act"": 7.0, ""nchapters"": 12.0}"
HarvardX,0,aligned,0,9893,MCCE,bounded,MCCE_bounded,1,OK,0.0,0.026828765869140625,0.42625152625152624,2.0,"{""nevents"": 291.0, ""ndays_act"": 28.0, ""nchapters"": 12.0}"
HarvardX,0,aligned,0,9893,MCCE,bounded+edit,MCCE_bounded+edit,1,OK,0.0,0.026828765869140625,0.42625152625152624,2.0,"{""nevents"": 291.0, ""ndays_act"": 28.0, ""nchapters"": 12.0}"
HarvardX,0,aligned,0,9900,NICE,native,NICE_native,0,out_of_bounds:nevents,0.0,0.00351715087890625,0.8944444444444445,1.0,"{""nevents"": 47.0, ""ndays_act"": 17.0, ""nchapters"": 10.0}"
HarvardX,0,aligned,0,9900,NICE,bounded,NICE_bounded,0,classifier_target_not_met,0.0,0.00351715087890625,0.0,0.0,"{""nevents"": 369.0, ""ndays_act"": 17.0, ""nchapters"": 10.0}"
HarvardX,0,aligned,0,9900,NICE,bounded+edit,NICE_bounded+edit,0,classifier_target_not_met,0.0,0.00351715087890625,0.0,0.0,"{""nevents"": 369.0, ""ndays_act"": 17.0, ""nchapters"": 10.0}"
HarvardX,0,aligned,0,9900,MCCE,native,MCCE_native,0,out_of_bounds:nevents,0.0,0.03962540626525879,0.8954545454545454,2.0,"{""nevents"": 63.0, ""ndays_act"": 19.0, ""nchapters"": 10.0}"
HarvardX,0,aligned,0,9900,MCCE,bounded,MCCE_bounded,1,OK,0.0,0.03962540626525879,0.9340909090909091,2.0,"{""nevents"": 468.0, ""ndays_act"": 46.0, ""nchapters"": 10.0}"
HarvardX,0,aligned,0,9900,MCCE,bounded+edit,MCCE_bounded+edit,1,OK,0.0,0.03962540626525879,0.9340909090909091,2.0,"{""nevents"": 468.0, ""ndays_act"": 46.0, ""nchapters"": 10.0}"
HarvardX,0,aligned,0,9935,NICE,native,NICE_native,0,out_of_bounds:nevents,0.0,0.004861593246459961,0.27065058479532167,2.0,"{""nevents"": 24.0, ""ndays_act"": 13.0, ""nchapters"": 11.0}"
HarvardX,0,aligned,0,9935,NICE,bounded,NICE_bounded,0,classifier_target_not_met,0.0,0.004861593246459961,0.1111111111111111,1.0,"{""nevents"": 121.0, ""ndays_act"": 13.0, ""nchapters"": 11.0}"
HarvardX,0,aligned,0,9935,NICE,bounded+edit,NICE_bounded+edit,0,classifier_target_not_met,0.0,0.004861593246459961,0.1111111111111111,1.0,"{""nevents"": 121.0, ""ndays_act"": 13.0, ""nchapters"": 11.0}"
HarvardX,0,aligned,0,9935,MCCE,native,MCCE_native,0,out_of_bounds:nevents,0.0,0.03929591178894043,0.4155701754385965,2.0,"{""nevents"": 71.0, ""ndays_act"": 25.0, ""nchapters"": 11.0}"
HarvardX,0,aligned,0,9935,MCCE,bounded,MCCE_bounded,1,OK,0.0,0.03929591178894043,0.9181895711500974,2.0,"{""nevents"": 364.0, ""ndays_act"": 35.0, ""nchapters"": 11.0}"
HarvardX,0,aligned,0,9935,MCCE,bounded+edit,MCCE_bounded+edit,1,OK,0.0,0.03929591178894043,0.9181895711500974,2.0,"{""nevents"": 364.0, ""ndays_act"": 35.0, ""nchapters"": 11.0}"
HarvardX,0,aligned,0,9955,NICE,native,NICE_native,0,out_of_bounds:nevents,0.0,0.003979206085205078,0.23076923076923078,1.0,"{""nevents"": 9.0, ""ndays_act"": 10.0, ""nchapters"": 10.0}"
HarvardX,0,aligned,0,9955,NICE,bounded,NICE_bounded,0,classifier_target_not_met,0.0,0.003979206085205078,0.0,0.0,"{""nevents"": 144.0, ""ndays_act"": 10.0, ""nchapters"": 10.0}"
HarvardX,0,aligned,0,9955,NICE,bounded+edit,NICE_bounded+edit,0,classifier_target_not_met,0.0,0.003979206085205078,0.0,0.0,"{""nevents"": 144.0, ""ndays_act"": 10.0, ""nchapters"": 10.0}"
HarvardX,0,aligned,0,9955,MCCE,native,MCCE_native,0,out_of_bounds:nevents,0.0,0.04024219512939453,0.31493212669683257,2.0,"{""nevents"": 63.0, ""ndays_act"": 19.0, ""nchapters"": 10.0}"
HarvardX,0,aligned,0,9955,MCCE,bounded,MCCE_bounded,1,OK,0.0,0.04024219512939453,0.8502765208647561,2.0,"{""nevents"": 217.0, ""ndays_act"": 47.0, ""nchapters"": 10.0}"
HarvardX,0,aligned,0,9955,MCCE,bounded+edit,MCCE_bounded+edit,1,OK,0.0,0.04024219512939453,0.8502765208647561,2.0,"{""nevents"": 217.0, ""ndays_act"": 47.0, ""nchapters"": 10.0}"
HarvardX,0,aligned,0,9983,NICE,native,NICE_native,0,out_of_bounds:nevents,0.0,0.005107402801513672,0.3393591936751583,2.0,"{""nevents"": 67.0, ""ndays_act"": 19.0, ""nchapters"": 9.0}"
HarvardX,0,aligned,0,9983,NICE,bounded,NICE_bounded,0,classifier_target_not_met,0.0,0.005107402801513672,0.023255813953488372,1.0,"{""nevents"": 226.0, ""ndays_act"": 19.0, ""nchapters"": 9.0}"
HarvardX,0,aligned,0,9983,NICE,bounded+edit,NICE_bounded+edit,0,classifier_target_not_met,0.0,0.005107402801513672,0.023255813953488372,1.0,"{""nevents"": 226.0, ""ndays_act"": 19.0, ""nchapters"": 9.0}"
HarvardX,0,aligned,0,9983,MCCE,native,MCCE_native,0,out_of_bounds:nevents,0.0,0.04016995429992676,0.5222155439456286,2.0,"{""nevents"": 92.0, ""ndays_act"": 29.0, ""nchapters"": 9.0}"
HarvardX,0,aligned,0,9983,MCCE,bounded,MCCE_bounded,1,OK,0.0,0.04016995429992676,1.4656094441105305,3.0,"{""nevents"": 468.0, ""ndays_act"": 46.0, ""nchapters"": 10.0}"
HarvardX,0,aligned,0,9983,MCCE,bounded+edit,MCCE_bounded+edit,1,OK,0.0,0.04016995429992676,1.4656094441105305,3.0,"{""nevents"": 468.0, ""ndays_act"": 46.0, ""nchapters"": 10.0}"
HarvardX,0,aligned,0,9995,NICE,native,NICE_native,0,out_of_bounds:nevents,0.0,0.0034787654876708984,0.1102803738317757,1.0,"{""nevents"": 135.0, ""ndays_act"": 22.0, ""nchapters"": 12.0}"
HarvardX,0,aligned,0,9995,NICE,bounded,NICE_bounded,0,classifier_target_not_met,0.0,0.0034787654876708984,0.0,0.0,"{""nevents"": 194.0, ""ndays_act"": 22.0, ""nchapters"": 12.0}"
HarvardX,0,aligned,0,9995,NICE,bounded+edit,NICE_bounded+edit,0,classifier_target_not_met,0.0,0.0034787654876708984,0.0,0.0,"{""nevents"": 194.0, ""ndays_act"": 22.0, ""nchapters"": 12.0}"
HarvardX,0,aligned,0,9995,MCCE,native,MCCE_native,0,out_of_bounds:nevents,0.0,0.025983095169067383,0.11775700934579439,1.0,"{""nevents"": 131.0, ""ndays_act"": 22.0, ""nchapters"": 12.0}"
HarvardX,0,aligned,0,9995,MCCE,bounded,MCCE_bounded,1,OK,0.0,0.025983095169067383,0.11109513539420082,2.0,"{""nevents"": 226.0, ""ndays_act"": 24.0, ""nchapters"": 12.0}"
HarvardX,0,aligned,0,9995,MCCE,bounded+edit,MCCE_bounded+edit,1,OK,0.0,0.025983095169067383,0.11109513539420082,2.0,"{""nevents"": 226.0, ""ndays_act"": 24.0, ""nchapters"": 12.0}"
HarvardX,0,aligned,0,10008,NICE,native,NICE_native,0,out_of_bounds:nevents,0.0,0.005067348480224609,0.26108156028368795,2.0,"{""nevents"": 53.0, ""ndays_act"": 16.0, ""nchapters"": 10.0}"
HarvardX,0,aligned,0,10008,NICE,bounded,NICE_bounded,0,classifier_target_not_met,0.0,0.005067348480224609,0.0625,1.0,"{""nevents"": 165.0, ""ndays_act"": 16.0, ""nchapters"": 10.0}"
HarvardX,0,aligned,0,10008,NICE,bounded+edit,NICE_bounded+edit,0,classifier_target_not_met,0.0,0.005067348480224609,0.0625,1.0,"{""nevents"": 165.0, ""ndays_act"": 16.0, ""nchapters"": 10.0}"
HarvardX,0,aligned,0,10008,MCCE,native,MCCE_native,0,out_of_bounds:nevents,0.0,0.03956723213195801,0.3058510638297872,2.0,"{""nevents"": 63.0, ""ndays_act"": 19.0, ""nchapters"": 10.0}"
HarvardX,0,aligned,0,10008,MCCE,bounded,MCCE_bounded,1,OK,0.0,0.03956723213195801,0.8005319148936171,2.0,"{""nevents"": 217.0, ""ndays_act"": 47.0, ""nchapters"": 10.0}"
HarvardX,0,aligned,0,10008,MCCE,bounded+edit,MCCE_bounded+edit,1,OK,0.0,0.03956723213195801,0.8005319148936171,2.0,"{""nevents"": 217.0, ""ndays_act"": 47.0, ""nchapters"": 10.0}"
HarvardX,0,aligned,0,10070,NICE,native,NICE_native,1,OK,0.0,0.0035233497619628906,0.20754716981132076,1.0,"{""nevents"": 78.0, ""ndays_act"": 19.0, ""nchapters"": 9.0}"
HarvardX,0,aligned,0,10070,NICE,bounded,NICE_bounded,1,OK,0.0,0.0035233497619628906,0.20754716981132076,1.0,"{""nevents"": 78.0, ""ndays_act"": 19.0, ""nchapters"": 9.0}"
HarvardX,0,aligned,0,10070,NICE,bounded+edit,NICE_bounded+edit,1,OK,0.0,0.0035233497619628906,0.20754716981132076,1.0,"{""nevents"": 78.0, ""ndays_act"": 19.0, ""nchapters"": 9.0}"
HarvardX,0,aligned,0,10070,MCCE,native,MCCE_native,1,OK,0.0,0.03978896141052246,0.41773179143842565,2.0,"{""nevents"": 92.0, ""ndays_act"": 29.0, ""nchapters"": 9.0}"
HarvardX,0,aligned,0,10070,MCCE,bounded,MCCE_bounded,1,OK,0.0,0.03978896141052246,0.41773179143842565,2.0,"{""nevents"": 92.0, ""ndays_act"": 29.0, ""nchapters"": 9.0}"
HarvardX,0,aligned,0,10070,MCCE,bounded+edit,MCCE_bounded+edit,1,OK,0.0,0.03978896141052246,0.41773179143842565,2.0,"{""nevents"": 92.0, ""ndays_act"": 29.0, ""nchapters"": 9.0}"
HarvardX,0,aligned,0,10151,NICE,native,NICE_native,0,out_of_bounds:nevents,0.0,0.0034906864166259766,0.6148648648648649,1.0,"{""nevents"": 12.0, ""ndays_act"": 10.0, ""nchapters"": 12.0}"
HarvardX,0,aligned,0,10151,NICE,bounded,NICE_bounded,0,classifier_target_not_met,0.0,0.0034906864166259766,0.0,0.0,"{""nevents"": 285.0, ""ndays_act"": 10.0, ""nchapters"": 12.0}"
HarvardX,0,aligned,0,10151,NICE,bounded+edit,NICE_bounded+edit,0,classifier_target_not_met,0.0,0.0034906864166259766,0.0,0.0,"{""nevents"": 285.0, ""ndays_act"": 10.0, ""nchapters"": 12.0}"
HarvardX,0,aligned,0,10151,MCCE,native,MCCE_native,0,out_of_bounds:nevents,0.0,0.025928497314453125,0.6051934287228405,2.0,"{""nevents"": 25.0, ""ndays_act"": 11.0, ""nchapters"": 12.0}"
HarvardX,0,aligned,0,10151,MCCE,bounded,MCCE_bounded,1,OK,0.0,0.025928497314453125,0.3664546899841018,2.0,"{""nevents"": 291.0, ""ndays_act"": 28.0, ""nchapters"": 12.0}"
HarvardX,0,aligned,0,10151,MCCE,bounded+edit,MCCE_bounded+edit,1,OK,0.0,0.025928497314453125,0.3664546899841018,2.0,"{""nevents"": 291.0, ""ndays_act"": 28.0, ""nchapters"": 12.0}"
HarvardX,0,aligned,0,10174,NICE,native,NICE_native,0,out_of_bounds:nevents,0.0,0.004808187484741211,0.25738419919394906,2.0,"{""nevents"": 9.0, ""ndays_act"": 7.0, ""nchapters"": 12.0}"
HarvardX,0,aligned,0,10174,NICE,bounded,NICE_bounded,0,classifier_target_not_met,0.0,0.004808187484741211,0.0847457627118644,1.0,"{""nevents"": 115.0, ""ndays_act"": 7.0, ""nchapters"": 12.0}"
HarvardX,0,aligned,0,10174,NICE,bounded+edit,NICE_bounded+edit,0,classifier_target_not_met,0.0,0.004808187484741211,0.0847457627118644,1.0,"{""nevents"": 115.0, ""ndays_act"": 7.0, ""nchapters"": 12.0}"
HarvardX,0,aligned,0,10174,MCCE,native,MCCE_native,0,out_of_bounds:nevents,0.0,0.02554917335510254,0.25738419919394906,2.0,"{""nevents"": 9.0, ""ndays_act"": 7.0, ""nchapters"": 12.0}"
HarvardX,0,aligned,0,10174,MCCE,bounded,MCCE_bounded,1,OK,0.0,0.02554917335510254,0.3236625628001987,2.0,"{""nevents"": 116.0, ""ndays_act"": 21.0, ""nchapters"": 12.0}"
HarvardX,0,aligned,0,10174,MCCE,bounded+edit,MCCE_bounded+edit,1,OK,0.0,0.02554917335510254,0.3236625628001987,2.0,"{""nevents"": 116.0, ""ndays_act"": 21.0, ""nchapters"": 12.0}"
HarvardX,0,aligned,0,10212,NICE,native,NICE_native,0,out_of_bounds:nevents,0.0,0.0046138763427734375,0.14512867876488356,2.0,"{""nevents"": 9.0, ""ndays_act"": 7.0, ""nchapters"": 12.0}"
HarvardX,0,aligned,0,10212,NICE,bounded,NICE_bounded,0,classifier_target_not_met,0.0,0.0046138763427734375,0.0847457627118644,1.0,"{""nevents"": 50.0, ""ndays_act"": 7.0, ""nchapters"": 12.0}"
HarvardX,0,aligned,0,10212,NICE,bounded+edit,NICE_bounded+edit,0,classifier_target_not_met,0.0,0.0046138763427734375,0.0847457627118644,1.0,"{""nevents"": 50.0, ""ndays_act"": 7.0, ""nchapters"": 12.0}"
HarvardX,0,aligned,0,10212,MCCE,native,MCCE_native,0,out_of_bounds:nevents,0.0,0.02544713020324707,0.14512867876488356,2.0,"{""nevents"": 9.0, ""ndays_act"": 7.0, ""nchapters"": 12.0}"
HarvardX,0,aligned,0,10212,MCCE,bounded,MCCE_bounded,1,OK,0.0,0.02544713020324707,0.18938618606624896,2.0,"{""nevents"": 52.0, ""ndays_act"": 13.0, ""nchapters"": 12.0}"
HarvardX,0,aligned,0,10212,MCCE,bounded+edit,MCCE_bounded+edit,1,OK,0.0,0.02544713020324707,0.18938618606624896,2.0,"{""nevents"": 52.0, ""ndays_act"": 13.0, ""nchapters"": 12.0}"
HarvardX,0,aligned,0,10214,NICE,native,NICE_native,0,out_of_bounds:nevents,0.0,0.004645347595214844,0.4515065913370998,2.0,"{""nevents"": 309.0, ""ndays_act"": 26.0, ""nchapters"": 12.0}"
HarvardX,0,aligned,0,10214,NICE,bounded,NICE_bounded,0,classifier_target_not_met,0.0,0.004645347595214844,0.027777777777777776,1.0,"{""nevents"": 434.0, ""ndays_act"": 26.0, ""nchapters"": 12.0}"
HarvardX,0,aligned,0,10214,NICE,bounded+edit,NICE_bounded+edit,0,classifier_target_not_met,0.0,0.004645347595214844,0.027777777777777776,1.0,"{""nevents"": 434.0, ""ndays_act"": 26.0, ""nchapters"": 12.0}"
HarvardX,0,aligned,0,10214,MCCE,native,MCCE_native,0,out_of_bounds:nevents,0.0,0.025360584259033203,0.8,1.0,"{""nevents"": 198.0, ""ndays_act"": 25.0, ""nchapters"": 12.0}"
HarvardX,0,aligned,0,10214,MCCE,bounded,MCCE_bounded,1,OK,0.0,0.025360584259033203,0.2493408662900188,2.0,"{""nevents"": 442.0, ""ndays_act"": 33.0, ""nchapters"": 12.0}"
HarvardX,0,aligned,0,10214,MCCE,bounded+edit,MCCE_bounded+edit,1,OK,0.0,0.025360584259033203,0.2493408662900188,2.0,"{""nevents"": 442.0, ""ndays_act"": 33.0, ""nchapters"": 12.0}"
HarvardX,0,aligned,0,10241,NICE,native,NICE_native,0,out_of_bounds:nevents,0.0,0.0051727294921875,0.20467996827140156,2.0,"{""nevents"": 9.0, ""ndays_act"": 8.0, ""nchapters"": 10.0}"
HarvardX,0,aligned,0,10241,NICE,bounded,NICE_bounded,0,classifier_target_not_met,0.0,0.0051727294921875,0.018518518518518517,1.0,"{""nevents"": 122.0, ""ndays_act"": 8.0, ""nchapters"": 10.0}"
HarvardX,0,aligned,0,10241,NICE,bounded+edit,NICE_bounded+edit,0,classifier_target_not_met,0.0,0.0051727294921875,0.018518518518518517,1.0,"{""nevents"": 122.0, ""ndays_act"": 8.0, ""nchapters"": 10.0}"
HarvardX,0,aligned,0,10241,MCCE,native,MCCE_native,0,out_of_bounds:nevents,0.0,0.04085493087768555,0.319421563243639,2.0,"{""nevents"": 63.0, ""ndays_act"": 19.0, ""nchapters"": 10.0}"
HarvardX,0,aligned,0,10241,MCCE,bounded,MCCE_bounded,1,OK,0.0,0.04085493087768555,0.5164744645799012,2.0,"{""nevents"": 132.0, ""ndays_act"": 34.0, ""nchapters"": 10.0}"
HarvardX,0,aligned,0,10241,MCCE,bounded+edit,MCCE_bounded+edit,1,OK,0.0,0.04085493087768555,0.5164744645799012,2.0,"{""nevents"": 132.0, ""ndays_act"": 34.0, ""nchapters"": 10.0}"
HarvardX,0,aligned,0,10289,NICE,native,NICE_native,0,out_of_bounds:nevents,0.0,0.004950046539306641,0.3847604259094942,2.0,"{""nevents"": 66.0, ""ndays_act"": 21.0, ""nchapters"": 7.0}"
HarvardX,0,aligned,0,10289,NICE,bounded,NICE_bounded,0,classifier_target_not_met,0.0,0.004950046539306641,0.1836734693877551,1.0,"{""nevents"": 177.0, ""ndays_act"": 21.0, ""nchapters"": 7.0}"
HarvardX,0,aligned,0,10289,NICE,bounded+edit,NICE_bounded+edit,0,classifier_target_not_met,0.0,0.004950046539306641,0.1836734693877551,1.0,"{""nevents"": 177.0, ""ndays_act"": 21.0, ""nchapters"": 7.0}"
HarvardX,0,aligned,0,10289,MCCE,native,MCCE_native,0,out_of_bounds:nevents,0.0,0.040659189224243164,1.2355072463768115,2.0,"{""nevents"": 47.0, ""ndays_act"": 12.0, ""nchapters"": 12.0}"
HarvardX,0,aligned,0,10289,MCCE,bounded,MCCE_bounded,1,OK,0.0,0.040659189224243164,1.3867494824016564,3.0,"{""nevents"": 217.0, ""ndays_act"": 47.0, ""nchapters"": 10.0}"
HarvardX,0,aligned,0,10289,MCCE,bounded+edit,MCCE_bounded+edit,1,OK,0.0,0.040659189224243164,1.3867494824016564,3.0,"{""nevents"": 217.0, ""ndays_act"": 47.0, ""nchapters"": 10.0}"
HarvardX,0,aligned,0,10296,NICE,native,NICE_native,0,out_of_bounds:nevents,0.0,0.004785060882568359,0.18038837156484216,2.0,"{""nevents"": 9.0, ""ndays_act"": 7.0, ""nchapters"": 12.0}"
HarvardX,0,aligned,0,10296,NICE,bounded,NICE_bounded,0,classifier_target_not_met,0.0,0.004785060882568359,0.03571428571428571,1.0,"{""nevents"": 100.0, ""ndays_act"": 7.0, ""nchapters"": 12.0}"
HarvardX,0,aligned,0,10296,NICE,bounded+edit,NICE_bounded+edit,0,classifier_target_not_met,0.0,0.004785060882568359,0.03571428571428571,1.0,"{""nevents"": 100.0, ""ndays_act"": 7.0, ""nchapters"": 12.0}"
HarvardX,0,aligned,0,10296,MCCE,native,MCCE_native,0,out_of_bounds:nevents,0.0,0.026340246200561523,0.18038837156484216,2.0,"{""nevents"": 9.0, ""ndays_act"": 7.0, ""nchapters"": 12.0}"
HarvardX,0,aligned,0,10296,MCCE,bounded,MCCE_bounded,1,OK,0.0,0.026340246200561523,0.2627186009538951,2.0,"{""nevents"": 108.0, ""ndays_act"": 19.0, ""nchapters"": 12.0}"
HarvardX,0,aligned,0,10296,MCCE,bounded+edit,MCCE_bounded+edit,1,OK,0.0,0.026340246200561523,0.2627186009538951,2.0,"{""nevents"": 108.0, ""ndays_act"": 19.0, ""nchapters"": 12.0}"
HarvardX,0,aligned,0,10304,NICE,native,NICE_native,0,out_of_bounds:nevents,0.0,0.005450248718261719,0.7415100945267825,2.0,"{""nevents"": 103.0, ""ndays_act"": 30.0, ""nchapters"": 6.0}"
HarvardX,0,aligned,0,10304,NICE,bounded,NICE_bounded,0,classifier_target_not_met,0.0,0.005450248718261719,0.24390243902439024,1.0,"{""nevents"": 311.0, ""ndays_act"": 30.0, ""nchapters"": 6.0}"
HarvardX,0,aligned,0,10304,NICE,bounded+edit,NICE_bounded+edit,0,classifier_target_not_met,0.0,0.005450248718261719,0.24390243902439024,1.0,"{""nevents"": 311.0, ""ndays_act"": 30.0, ""nchapters"": 6.0}"
HarvardX,0,aligned,0,10304,MCCE,native,MCCE_native,0,out_of_bounds:nevents,0.0,0.040656328201293945,1.4593301435406698,2.0,"{""nevents"": 119.0, ""ndays_act"": 20.0, ""nchapters"": 12.0}"
HarvardX,0,aligned,0,10304,MCCE,bounded,MCCE_bounded,1,OK,0.0,0.040656328201293945,1.4390243902439024,2.0,"{""nevents"": 311.0, ""ndays_act"": 38.0, ""nchapters"": 12.0}"
HarvardX,0,aligned,0,10304,MCCE,bounded+edit,MCCE_bounded+edit,1,OK,0.0,0.040656328201293945,1.4390243902439024,2.0,"{""nevents"": 311.0, ""ndays_act"": 38.0, ""nchapters"": 12.0}"
HarvardX,0,aligned,0,10332,NICE,native,NICE_native,0,out_of_bounds:nevents,0.0,0.0037109851837158203,1.2033898305084745,1.0,"{""nevents"": 79.0, ""ndays_act"": 16.0, ""nchapters"": 12.0}"
HarvardX,0,aligned,0,10332,NICE,bounded,NICE_bounded,0,classifier_target_not_met,0.0,0.0037109851837158203,0.0,0.0,"{""nevents"": 434.0, ""ndays_act"": 16.0, ""nchapters"": 12.0}"
HarvardX,0,aligned,0,10332,NICE,bounded+edit,NICE_bounded+edit,0,classifier_target_not_met,0.0,0.0037109851837158203,0.0,0.0,"{""nevents"": 434.0, ""ndays_act"": 16.0, ""nchapters"": 12.0}"
HarvardX,0,aligned,0,10332,MCCE,native,MCCE_native,0,out_of_bounds:nevents,0.0,0.025928974151611328,1.335593220338983,1.0,"{""nevents"": 40.0, ""ndays_act"": 16.0, ""nchapters"": 12.0}"
HarvardX,0,aligned,0,10332,MCCE,bounded,MCCE_bounded,1,OK,0.0,0.025928974151611328,0.4048964218455744,2.0,"{""nevents"": 442.0, ""ndays_act"": 33.0, ""nchapters"": 12.0}"
HarvardX,0,aligned,0,10332,MCCE,bounded+edit,MCCE_bounded+edit,1,OK,0.0,0.025928974151611328,0.4048964218455744,2.0,"{""nevents"": 442.0, ""ndays_act"": 33.0, ""nchapters"": 12.0}"
HarvardX,0,aligned,0,10349,NICE,native,NICE_native,0,out_of_bounds:nevents,0.0,0.005110502243041992,0.5715811965811965,2.0,"{""nevents"": 52.0, ""ndays_act"": 19.0, ""nchapters"": 8.0}"
HarvardX,0,aligned,0,10349,NICE,bounded,NICE_bounded,0,classifier_target_not_met,0.0,0.005110502243041992,0.125,1.0,"{""nevents"": 261.0, ""ndays_act"": 19.0, ""nchapters"": 8.0}"
HarvardX,0,aligned,0,10349,NICE,bounded+edit,NICE_bounded+edit,0,classifier_target_not_met,0.0,0.005110502243041992,0.125,1.0,"{""nevents"": 261.0, ""ndays_act"": 19.0, ""nchapters"": 8.0}"
HarvardX,0,aligned,0,10349,MCCE,native,MCCE_native,0,out_of_bounds:nevents,0.0,0.04050040245056152,1.4465811965811965,2.0,"{""nevents"": 52.0, ""ndays_act"": 13.0, ""nchapters"": 12.0}"
HarvardX,0,aligned,0,10349,MCCE,bounded,MCCE_bounded,1,OK,0.0,0.04050040245056152,1.6298076923076923,3.0,"{""nevents"": 468.0, ""ndays_act"": 46.0, ""nchapters"": 10.0}"
HarvardX,0,aligned,0,10349,MCCE,bounded+edit,MCCE_bounded+edit,1,OK,0.0,0.04050040245056152,1.6298076923076923,3.0,"{""nevents"": 468.0, ""ndays_act"": 46.0, ""nchapters"": 10.0}"
HarvardX,0,aligned,0,10374,NICE,native,NICE_native,1,OK,0.0,0.004694223403930664,0.27118176298504165,2.0,"{""nevents"": 66.0, ""ndays_act"": 21.0, ""nchapters"": 7.0}"
HarvardX,0,aligned,0,10374,NICE,bounded,NICE_bounded,1,OK,0.0,0.004694223403930664,0.27118176298504165,2.0,"{""nevents"": 66.0, ""ndays_act"": 21.0, ""nchapters"": 7.0}"
HarvardX,0,aligned,0,10374,NICE,bounded+edit,NICE_bounded+edit,1,OK,0.0,0.004694223403930664,0.27118176298504165,2.0,"{""nevents"": 66.0, ""ndays_act"": 21.0, ""nchapters"": 7.0}"
HarvardX,0,aligned,0,10374,MCCE,native,MCCE_native,1,OK,0.0,0.040582895278930664,0.8580780482419826,3.0,"{""nevents"": 92.0, ""ndays_act"": 29.0, ""nchapters"": 9.0}"
HarvardX,0,aligned,0,10374,MCCE,bounded,MCCE_bounded,1,OK,0.0,0.040582895278930664,0.8580780482419826,3.0,"{""nevents"": 92.0, ""ndays_act"": 29.0, ""nchapters"": 9.0}"
HarvardX,0,aligned,0,10374,MCCE,bounded+edit,MCCE_bounded+edit,1,OK,0.0,0.040582895278930664,0.8580780482419826,3.0,"{""nevents"": 92.0, ""ndays_act"": 29.0, ""nchapters"": 9.0}"
HarvardX,0,aligned,0,10400,NICE,native,NICE_native,0,out_of_bounds:nevents,0.0,0.004734039306640625,0.41997479521109005,2.0,"{""nevents"": 66.0, ""ndays_act"": 21.0, ""nchapters"": 7.0}"
HarvardX,0,aligned,0,10400,NICE,bounded,NICE_bounded,0,classifier_target_not_met,0.0,0.004734039306640625,0.16666666666666666,1.0,"{""nevents"": 200.0, ""ndays_act"": 21.0, ""nchapters"": 7.0}"
HarvardX,0,aligned,0,10400,NICE,bounded+edit,NICE_bounded+edit,0,classifier_target_not_met,0.0,0.004734039306640625,0.16666666666666666,1.0,"{""nevents"": 200.0, ""ndays_act"": 21.0, ""nchapters"": 7.0}"
HarvardX,0,aligned,0,10400,MCCE,native,MCCE_native,0,out_of_bounds:nevents,0.0,0.04110074043273926,1.279773156899811,2.0,"{""nevents"": 52.0, ""ndays_act"": 13.0, ""nchapters"": 12.0}"
HarvardX,0,aligned,0,10400,MCCE,bounded,MCCE_bounded,1,OK,0.0,0.04110074043273926,1.3333333333333333,2.0,"{""nevents"": 200.0, ""ndays_act"": 29.0, ""nchapters"": 12.0}"
HarvardX,0,aligned,0,10400,MCCE,bounded+edit,MCCE_bounded+edit,1,OK,0.0,0.04110074043273926,1.3333333333333333,2.0,"{""nevents"": 200.0, ""ndays_act"": 29.0, ""nchapters"": 12.0}"
HarvardX,0,aligned,0,10402,NICE,native,NICE_native,0,out_of_bounds:nevents,0.0,0.004713773727416992,0.29475308641975306,2.0,"{""nevents"": 52.0, ""ndays_act"": 19.0, ""nchapters"": 8.0}"
HarvardX,0,aligned,0,10402,NICE,bounded,NICE_bounded,0,classifier_target_not_met,0.0,0.004713773727416992,0.25,1.0,"{""nevents"": 81.0, ""ndays_act"": 19.0, ""nchapters"": 8.0}"
HarvardX,0,aligned,0,10402,NICE,bounded+edit,NICE_bounded+edit,0,classifier_target_not_met,0.0,0.004713773727416992,0.25,1.0,"{""nevents"": 81.0, ""ndays_act"": 19.0, ""nchapters"": 8.0}"
HarvardX,0,aligned,0,10402,MCCE,native,MCCE_native,1,OK,0.0,0.039359331130981445,1.4107142857142856,2.0,"{""nevents"": 81.0, ""ndays_act"": 28.0, ""nchapters"": 12.0}"
HarvardX,0,aligned,0,10402,MCCE,bounded,MCCE_bounded,1,OK,0.0,0.039359331130981445,1.4107142857142856,2.0,"{""nevents"": 81.0, ""ndays_act"": 28.0, ""nchapters"": 12.0}"
HarvardX,0,aligned,0,10402,MCCE,bounded+edit,MCCE_bounded+edit,1,OK,0.0,0.039359331130981445,1.4107142857142856,2.0,"{""nevents"": 81.0, ""ndays_act"": 28.0, ""nchapters"": 12.0}"
HarvardX,0,aligned,0,10409,NICE,native,NICE_native,0,out_of_bounds:nevents,0.0,0.004858732223510742,0.38494505494505493,2.0,"{""nevents"": 12.0, ""ndays_act"": 10.0, ""nchapters"": 12.0}"
HarvardX,0,aligned,0,10409,NICE,bounded,NICE_bounded,0,classifier_target_not_met,0.0,0.004858732223510742,0.019230769230769232,1.0,"{""nevents"": 204.0, ""ndays_act"": 10.0, ""nchapters"": 12.0}"
HarvardX,0,aligned,0,10409,NICE,bounded+edit,NICE_bounded+edit,0,classifier_target_not_met,0.0,0.004858732223510742,0.019230769230769232,1.0,"{""nevents"": 204.0, ""ndays_act"": 10.0, ""nchapters"": 12.0}"
HarvardX,0,aligned,0,10409,MCCE,native,MCCE_native,0,out_of_bounds:nevents,0.0,0.025514841079711914,0.37941391941391944,2.0,"{""nevents"": 25.0, ""ndays_act"": 11.0, ""nchapters"": 12.0}"
HarvardX,0,aligned,0,10409,MCCE,bounded,MCCE_bounded,1,OK,0.0,0.025514841079711914,0.3303663003663003,2.0,"{""nevents"": 226.0, ""ndays_act"": 24.0, ""nchapters"": 12.0}"
HarvardX,0,aligned,0,10409,MCCE,bounded+edit,MCCE_bounded+edit,1,OK,0.0,0.025514841079711914,0.3303663003663003,2.0,"{""nevents"": 226.0, ""ndays_act"": 24.0, ""nchapters"": 12.0}"
HarvardX,0,aligned,0,10424,NICE,native,NICE_native,0,out_of_bounds:nevents,0.0,0.004641056060791016,0.3396727581810455,2.0,"{""nevents"": 12.0, ""ndays_act"": 10.0, ""nchapters"": 12.0}"
HarvardX,0,aligned,0,10424,NICE,bounded,NICE_bounded,0,classifier_target_not_met,0.0,0.004641056060791016,0.019230769230769232,1.0,"{""nevents"": 186.0, ""ndays_act"": 10.0, ""nchapters"": 12.0}"
HarvardX,0,aligned,0,10424,NICE,bounded+edit,NICE_bounded+edit,0,classifier_target_not_met,0.0,0.004641056060791016,0.019230769230769232,1.0,"{""nevents"": 186.0, ""ndays_act"": 10.0, ""nchapters"": 12.0}"
HarvardX,0,aligned,0,10424,MCCE,native,MCCE_native,1,OK,0.0,0.02474522590637207,0.4423076923076923,1.0,"{""nevents"": 186.0, ""ndays_act"": 32.0, ""nchapters"": 12.0}"
HarvardX,0,aligned,0,10424,MCCE,bounded,MCCE_bounded,1,OK,0.0,0.02474522590637207,0.4423076923076923,1.0,"{""nevents"": 186.0, ""ndays_act"": 32.0, ""nchapters"": 12.0}"
HarvardX,0,aligned,0,10424,MCCE,bounded+edit,MCCE_bounded+edit,1,OK,0.0,0.02474522590637207,0.4423076923076923,1.0,"{""nevents"": 186.0, ""ndays_act"": 32.0, ""nchapters"": 12.0}"
HarvardX,0,aligned,0,10445,NICE,native,NICE_native,1,OK,0.0,0.0034923553466796875,0.44642857142857145,1.0,"{""nevents"": 108.0, ""ndays_act"": 30.0, ""nchapters"": 6.0}"
HarvardX,0,aligned,0,10445,NICE,bounded,NICE_bounded,1,OK,0.0,0.0034923553466796875,0.44642857142857145,1.0,"{""nevents"": 108.0, ""ndays_act"": 30.0, ""nchapters"": 6.0}"
HarvardX,0,aligned,0,10445,NICE,bounded+edit,NICE_bounded+edit,1,OK,0.0,0.0034923553466796875,0.44642857142857145,1.0,"{""nevents"": 108.0, ""ndays_act"": 30.0, ""nchapters"": 6.0}"
HarvardX,0,aligned,0,10445,MCCE,native,MCCE_native,0,out_of_bounds:nevents,0.0,0.0382840633392334,0.9543363239015412,3.0,"{""nevents"": 92.0, ""ndays_act"": 29.0, ""nchapters"": 9.0}"
HarvardX,0,aligned,0,10445,MCCE,bounded,MCCE_bounded,1,OK,0.0,0.0382840633392334,1.2231711525189786,3.0,"{""nevents"": 132.0, ""ndays_act"": 34.0, ""nchapters"": 10.0}"
HarvardX,0,aligned,0,10445,MCCE,bounded+edit,MCCE_bounded+edit,1,OK,0.0,0.0382840633392334,1.2231711525189786,3.0,"{""nevents"": 132.0, ""ndays_act"": 34.0, ""nchapters"": 10.0}"
HarvardX,0,aligned,0,10536,NICE,native,NICE_native,0,out_of_bounds:nevents,0.0,0.005101919174194336,0.25463491784553205,2.0,"{""nevents"": 9.0, ""ndays_act"": 7.0, ""nchapters"": 12.0}"
HarvardX,0,aligned,0,10536,NICE,bounded,NICE_bounded,0,classifier_target_not_met,0.0,0.005101919174194336,0.05263157894736842,1.0,"{""nevents"": 130.0, ""ndays_act"": 7.0, ""nchapters"": 12.0}"
HarvardX,0,aligned,0,10536,NICE,bounded+edit,NICE_bounded+edit,0,classifier_target_not_met,0.0,0.005101919174194336,0.05263157894736842,1.0,"{""nevents"": 130.0, ""ndays_act"": 7.0, ""nchapters"": 12.0}"
HarvardX,0,aligned,0,10536,MCCE,native,MCCE_native,0,out_of_bounds:nevents,0.0,0.02521681785583496,0.25463491784553205,2.0,"{""nevents"": 9.0, ""ndays_act"": 7.0, ""nchapters"": 12.0}"
HarvardX,0,aligned,0,10536,MCCE,bounded,MCCE_bounded,1,OK,0.0,0.02521681785583496,0.3232873502621328,2.0,"{""nevents"": 145.0, ""ndays_act"": 21.0, ""nchapters"": 12.0}"
HarvardX,0,aligned,0,10536,MCCE,bounded+edit,MCCE_bounded+edit,1,OK,0.0,0.02521681785583496,0.3232873502621328,2.0,"{""nevents"": 145.0, ""ndays_act"": 21.0, ""nchapters"": 12.0}"
HarvardX,0,aligned,0,10541,NICE,native,NICE_native,0,out_of_bounds:nevents,0.0,0.003707408905029297,0.28516377649325625,1.0,"{""nevents"": 62.0, ""ndays_act"": 14.0, ""nchapters"": 12.0}"
HarvardX,0,aligned,0,10541,NICE,bounded,NICE_bounded,0,classifier_target_not_met,0.0,0.003707408905029297,0.0,0.0,"{""nevents"": 210.0, ""ndays_act"": 14.0, ""nchapters"": 12.0}"
HarvardX,0,aligned,0,10541,NICE,bounded+edit,NICE_bounded+edit,0,classifier_target_not_met,0.0,0.003707408905029297,0.0,0.0,"{""nevents"": 210.0, ""ndays_act"": 14.0, ""nchapters"": 12.0}"
HarvardX,0,aligned,0,10541,MCCE,native,MCCE_native,0,out_of_bounds:nevents,0.0,0.025688886642456055,0.3352601156069364,1.0,"{""nevents"": 36.0, ""ndays_act"": 14.0, ""nchapters"": 12.0}"
HarvardX,0,aligned,0,10541,MCCE,bounded,MCCE_bounded,1,OK,0.0,0.025688886642456055,0.24359447382445784,2.0,"{""nevents"": 226.0, ""ndays_act"": 24.0, ""nchapters"": 12.0}"
HarvardX,0,aligned,0,10541,MCCE,bounded+edit,MCCE_bounded+edit,1,OK,0.0,0.025688886642456055,0.24359447382445784,2.0,"{""nevents"": 226.0, ""ndays_act"": 24.0, ""nchapters"": 12.0}"
HarvardX,0,aligned,0,10599,NICE,native,NICE_native,0,out_of_bounds:nevents,0.0,0.003412485122680664,0.3031496062992126,1.0,"{""nevents"": 67.0, ""ndays_act"": 19.0, ""nchapters"": 9.0}"
HarvardX,0,aligned,0,10599,NICE,bounded,NICE_bounded,0,classifier_target_not_met,0.0,0.003412485122680664,0.0,0.0,"{""nevents"": 221.0, ""ndays_act"": 19.0, ""nchapters"": 9.0}"
HarvardX,0,aligned,0,10599,NICE,bounded+edit,NICE_bounded+edit,0,classifier_target_not_met,0.0,0.003412485122680664,0.0,0.0,"{""nevents"": 221.0, ""ndays_act"": 19.0, ""nchapters"": 9.0}"
HarvardX,0,aligned,0,10599,MCCE,native,MCCE_native,0,out_of_bounds:nevents,0.0,0.03946375846862793,0.4920322459692538,2.0,"{""nevents"": 92.0, ""ndays_act"": 29.0, ""nchapters"": 9.0}"
HarvardX,0,aligned,0,10599,MCCE,bounded,MCCE_bounded,1,OK,0.0,0.03946375846862793,1.462410948631421,3.0,"{""nevents"": 468.0, ""ndays_act"": 46.0, ""nchapters"": 10.0}"
HarvardX,0,aligned,0,10599,MCCE,bounded+edit,MCCE_bounded+edit,1,OK,0.0,0.03946375846862793,1.462410948631421,3.0,"{""nevents"": 468.0, ""ndays_act"": 46.0, ""nchapters"": 10.0}"
HarvardX,0,aligned,0,10645,NICE,native,NICE_native,0,out_of_bounds:nevents,0.0,0.0034720897674560547,0.2948207171314741,1.0,"{""nevents"": 79.0, ""ndays_act"": 15.0, ""nchapters"": 12.0}"
HarvardX,0,aligned,0,10645,NICE,bounded,NICE_bounded,0,classifier_target_not_met,0.0,0.0034720897674560547,0.0,0.0,"{""nevents"": 227.0, ""ndays_act"": 15.0, ""nchapters"": 12.0}"
HarvardX,0,aligned,0,10645,NICE,bounded+edit,NICE_bounded+edit,0,classifier_target_not_met,0.0,0.0034720897674560547,0.0,0.0,"{""nevents"": 227.0, ""ndays_act"": 15.0, ""nchapters"": 12.0}"
HarvardX,0,aligned,0,10645,MCCE,native,MCCE_native,0,out_of_bounds:nevents,0.0,0.02578449249267578,0.2948207171314741,1.0,"{""nevents"": 79.0, ""ndays_act"": 15.0, ""nchapters"": 12.0}"
HarvardX,0,aligned,0,10645,MCCE,bounded,MCCE_bounded,1,OK,0.0,0.02578449249267578,0.1996362376580634,2.0,"{""nevents"": 229.0, ""ndays_act"": 24.0, ""nchapters"": 12.0}"
HarvardX,0,aligned,0,10645,MCCE,bounded+edit,MCCE_bounded+edit,1,OK,0.0,0.02578449249267578,0.1996362376580634,2.0,"{""nevents"": 229.0, ""ndays_act"": 24.0, ""nchapters"": 12.0}"
HarvardX,0,aligned,0,10648,NICE,native,NICE_native,1,OK,0.0,0.004605770111083984,0.5582708645677161,2.0,"{""nevents"": 103.0, ""ndays_act"": 30.0, ""nchapters"": 6.0}"
HarvardX,0,aligned,0,10648,NICE,bounded,NICE_bounded,1,OK,0.0,0.004605770111083984,0.5582708645677161,2.0,"{""nevents"": 103.0, ""ndays_act"": 30.0, ""nchapters"": 6.0}"
HarvardX,0,aligned,0,10648,NICE,bounded+edit,NICE_bounded+edit,1,OK,0.0,0.004605770111083984,0.5582708645677161,2.0,"{""nevents"": 103.0, ""ndays_act"": 30.0, ""nchapters"": 6.0}"
HarvardX,0,aligned,0,10648,MCCE,native,MCCE_native,1,OK,0.0,0.10565018653869629,1.206896551724138,2.0,"{""nevents"": 39.0, ""ndays_act"": 15.0, ""nchapters"": 12.0}"
HarvardX,0,aligned,0,10648,MCCE,bounded,MCCE_bounded,1,OK,0.0,0.10565018653869629,1.206896551724138,2.0,"{""nevents"": 39.0, ""ndays_act"": 15.0, ""nchapters"": 12.0}"
HarvardX,0,aligned,0,10648,MCCE,bounded+edit,MCCE_bounded+edit,1,OK,0.0,0.10565018653869629,1.206896551724138,2.0,"{""nevents"": 39.0, ""ndays_act"": 15.0, ""nchapters"": 12.0}"
HarvardX,0,aligned,0,10650,NICE,native,NICE_native,0,out_of_bounds:nevents,0.0,0.004339694976806641,0.2596899224806202,1.0,"{""nevents"": 79.0, ""ndays_act"": 16.0, ""nchapters"": 12.0}"
HarvardX,0,aligned,0,10650,NICE,bounded,NICE_bounded,0,classifier_target_not_met,0.0,0.004339694976806641,0.0,0.0,"{""nevents"": 213.0, ""ndays_act"": 16.0, ""nchapters"": 12.0}"
HarvardX,0,aligned,0,10650,NICE,bounded+edit,NICE_bounded+edit,0,classifier_target_not_met,0.0,0.004339694976806641,0.0,0.0,"{""nevents"": 213.0, ""ndays_act"": 16.0, ""nchapters"": 12.0}"
HarvardX,0,aligned,0,10650,MCCE,native,MCCE_native,0,out_of_bounds:nevents,0.0,0.026059389114379883,0.33527131782945735,1.0,"{""nevents"": 40.0, ""ndays_act"": 16.0, ""nchapters"": 12.0}"
HarvardX,0,aligned,0,10650,MCCE,bounded,MCCE_bounded,1,OK,0.0,0.026059389114379883,0.20297157622739018,2.0,"{""nevents"": 226.0, ""ndays_act"": 24.0, ""nchapters"": 12.0}"
HarvardX,0,aligned,0,10650,MCCE,bounded+edit,MCCE_bounded+edit,1,OK,0.0,0.026059389114379883,0.20297157622739018,2.0,"{""nevents"": 226.0, ""ndays_act"": 24.0, ""nchapters"": 12.0}"
HarvardX,0,aligned,0,10738,NICE,native,NICE_native,0,out_of_bounds:nevents,0.0,0.004652976989746094,0.37431693989071035,2.0,"{""nevents"": 66.0, ""ndays_act"": 21.0, ""nchapters"": 7.0}"
HarvardX,0,aligned,0,10738,NICE,bounded,NICE_bounded,0,classifier_target_not_met,0.0,0.004652976989746094,0.16666666666666666,1.0,"{""nevents"": 180.0, ""ndays_act"": 21.0, ""nchapters"": 7.0}"
HarvardX,0,aligned,0,10738,NICE,bounded+edit,NICE_bounded+edit,0,classifier_target_not_met,0.0,0.004652976989746094,0.16666666666666666,1.0,"{""nevents"": 180.0, ""ndays_act"": 21.0, ""nchapters"": 7.0}"
HarvardX,0,aligned,0,10738,MCCE,native,MCCE_native,0,out_of_bounds:nevents,0.0,0.04036092758178711,1.2331511839708562,2.0,"{""nevents"": 52.0, ""ndays_act"": 13.0, ""nchapters"": 12.0}"
HarvardX,0,aligned,0,10738,MCCE,bounded,MCCE_bounded,1,OK,0.0,0.04036092758178711,1.9166666666666665,2.0,"{""nevents"": 180.0, ""ndays_act"": 57.0, ""nchapters"": 12.0}"
HarvardX,0,aligned,0,10738,MCCE,bounded+edit,MCCE_bounded+edit,1,OK,0.0,0.04036092758178711,1.9166666666666665,2.0,"{""nevents"": 180.0, ""ndays_act"": 57.0, ""nchapters"": 12.0}"
HarvardX,0,aligned,0,10807,NICE,native,NICE_native,0,out_of_bounds:nevents,0.0,0.0048520565032958984,0.3430551079600387,2.0,"{""nevents"": 66.0, ""ndays_act"": 21.0, ""nchapters"": 7.0}"
HarvardX,0,aligned,0,10807,NICE,bounded,NICE_bounded,0,classifier_target_not_met,0.0,0.0048520565032958984,0.3103448275862069,1.0,"{""nevents"": 87.0, ""ndays_act"": 21.0, ""nchapters"": 7.0}"
HarvardX,0,aligned,0,10807,NICE,bounded+edit,NICE_bounded+edit,0,classifier_target_not_met,0.0,0.0048520565032958984,0.3103448275862069,1.0,"{""nevents"": 87.0, ""ndays_act"": 21.0, ""nchapters"": 7.0}"
HarvardX,0,aligned,0,10807,MCCE,native,MCCE_native,1,OK,0.0,0.04028797149658203,0.8560640240627351,3.0,"{""nevents"": 92.0, ""ndays_act"": 29.0, ""nchapters"": 9.0}"
HarvardX,0,aligned,0,10807,MCCE,bounded,MCCE_bounded,1,OK,0.0,0.04028797149658203,0.8560640240627351,3.0,"{""nevents"": 92.0, ""ndays_act"": 29.0, ""nchapters"": 9.0}"
HarvardX,0,aligned,0,10807,MCCE,bounded+edit,MCCE_bounded+edit,1,OK,0.0,0.04028797149658203,0.8560640240627351,3.0,"{""nevents"": 92.0, ""ndays_act"": 29.0, ""nchapters"": 9.0}"
HarvardX,0,aligned,0,10846,NICE,native,NICE_native,1,OK,0.0,0.004702568054199219,0.535353794128196,2.0,"{""nevents"": 103.0, ""ndays_act"": 30.0, ""nchapters"": 6.0}"
HarvardX,0,aligned,0,10846,NICE,bounded,NICE_bounded,1,OK,0.0,0.004702568054199219,0.535353794128196,2.0,"{""nevents"": 103.0, ""ndays_act"": 30.0, ""nchapters"": 6.0}"
HarvardX,0,aligned,0,10846,NICE,bounded+edit,NICE_bounded+edit,1,OK,0.0,0.004702568054199219,0.535353794128196,2.0,"{""nevents"": 103.0, ""ndays_act"": 30.0, ""nchapters"": 6.0}"
HarvardX,0,aligned,0,10846,MCCE,native,MCCE_native,1,OK,0.0,0.039681434631347656,1.0017676897064098,3.0,"{""nevents"": 92.0, ""ndays_act"": 29.0, ""nchapters"": 9.0}"
HarvardX,0,aligned,0,10846,MCCE,bounded,MCCE_bounded,1,OK,0.0,0.039681434631347656,1.0017676897064098,3.0,"{""nevents"": 92.0, ""ndays_act"": 29.0, ""nchapters"": 9.0}"
HarvardX,0,aligned,0,10846,MCCE,bounded+edit,MCCE_bounded+edit,1,OK,0.0,0.039681434631347656,1.0017676897064098,3.0,"{""nevents"": 92.0, ""ndays_act"": 29.0, ""nchapters"": 9.0}"
HarvardX,0,aligned,0,10862,NICE,native,NICE_native,0,out_of_bounds:nevents,0.0,0.0044939517974853516,0.12817505863566048,2.0,"{""nevents"": 9.0, ""ndays_act"": 8.0, ""nchapters"": 10.0}"
HarvardX,0,aligned,0,10862,NICE,bounded,NICE_bounded,0,classifier_target_not_met,0.0,0.0044939517974853516,0.08620689655172414,1.0,"{""nevents"": 38.0, ""ndays_act"": 8.0, ""nchapters"": 10.0}"
HarvardX,0,aligned,0,10862,NICE,bounded+edit,NICE_bounded+edit,0,classifier_target_not_met,0.0,0.0044939517974853516,0.08620689655172414,1.0,"{""nevents"": 38.0, ""ndays_act"": 8.0, ""nchapters"": 10.0}"
HarvardX,0,aligned,0,10862,MCCE,native,MCCE_native,1,OK,0.0,0.039154052734375,0.31204151903787614,2.0,"{""nevents"": 63.0, ""ndays_act"": 19.0, ""nchapters"": 10.0}"
HarvardX,0,aligned,0,10862,MCCE,bounded,MCCE_bounded,1,OK,0.0,0.039154052734375,0.31204151903787614,2.0,"{""nevents"": 63.0, ""ndays_act"": 19.0, ""nchapters"": 10.0}"
HarvardX,0,aligned,0,10862,MCCE,bounded+edit,MCCE_bounded+edit,1,OK,0.0,0.039154052734375,0.31204151903787614,2.0,"{""nevents"": 63.0, ""ndays_act"": 19.0, ""nchapters"": 10.0}"
HarvardX,0,aligned,0,10900,NICE,native,NICE_native,0,out_of_bounds:nevents,0.0,0.0046002864837646484,0.2667968403301677,2.0,"{""nevents"": 9.0, ""ndays_act"": 7.0, ""nchapters"": 12.0}"
HarvardX,0,aligned,0,10900,NICE,bounded,NICE_bounded,0,classifier_target_not_met,0.0,0.0046002864837646484,0.05263157894736842,1.0,"{""nevents"": 136.0, ""ndays_act"": 7.0, ""nchapters"": 12.0}"
HarvardX,0,aligned,0,10900,NICE,bounded+edit,NICE_bounded+edit,0,classifier_target_not_met,0.0,0.0046002864837646484,0.05263157894736842,1.0,"{""nevents"": 136.0, ""ndays_act"": 7.0, ""nchapters"": 12.0}"
HarvardX,0,aligned,0,10900,MCCE,native,MCCE_native,1,OK,0.0,0.02586817741394043,0.38596491228070173,1.0,"{""nevents"": 136.0, ""ndays_act"": 26.0, ""nchapters"": 12.0}"
HarvardX,0,aligned,0,10900,MCCE,bounded,MCCE_bounded,1,OK,0.0,0.02586817741394043,0.38596491228070173,1.0,"{""nevents"": 136.0, ""ndays_act"": 26.0, ""nchapters"": 12.0}"
HarvardX,0,aligned,0,10900,MCCE,bounded+edit,MCCE_bounded+edit,1,OK,0.0,0.02586817741394043,0.38596491228070173,1.0,"{""nevents"": 136.0, ""ndays_act"": 26.0, ""nchapters"": 12.0}"
HarvardX,0,aligned,0,10928,NICE,native,NICE_native,1,OK,0.0,0.004693031311035156,0.0649772579597141,2.0,"{""nevents"": 9.0, ""ndays_act"": 7.0, ""nchapters"": 12.0}"
HarvardX,0,aligned,0,10928,NICE,bounded,NICE_bounded,1,OK,0.0,0.004693031311035156,0.0649772579597141,2.0,"{""nevents"": 9.0, ""ndays_act"": 7.0, ""nchapters"": 12.0}"
HarvardX,0,aligned,0,10928,NICE,bounded+edit,NICE_bounded+edit,1,OK,0.0,0.004693031311035156,0.0649772579597141,2.0,"{""nevents"": 9.0, ""ndays_act"": 7.0, ""nchapters"": 12.0}"
HarvardX,0,aligned,0,10928,MCCE,native,MCCE_native,1,OK,0.0,0.025961875915527344,0.0649772579597141,2.0,"{""nevents"": 9.0, ""ndays_act"": 7.0, ""nchapters"": 12.0}"
HarvardX,0,aligned,0,10928,MCCE,bounded,MCCE_bounded,1,OK,0.0,0.025961875915527344,0.0649772579597141,2.0,"{""nevents"": 9.0, ""ndays_act"": 7.0, ""nchapters"": 12.0}"
HarvardX,0,aligned,0,10928,MCCE,bounded+edit,MCCE_bounded+edit,1,OK,0.0,0.025961875915527344,0.0649772579597141,2.0,"{""nevents"": 9.0, ""ndays_act"": 7.0, ""nchapters"": 12.0}"
HarvardX,0,aligned,0,10970,NICE,native,NICE_native,1,OK,0.0,0.0047299861907958984,0.4238683127572016,2.0,"{""nevents"": 66.0, ""ndays_act"": 21.0, ""nchapters"": 7.0}"
HarvardX,0,aligned,0,10970,NICE,bounded,NICE_bounded,1,OK,0.0,0.0047299861907958984,0.4238683127572016,2.0,"{""nevents"": 66.0, ""ndays_act"": 21.0, ""nchapters"": 7.0}"
HarvardX,0,aligned,0,10970,NICE,bounded+edit,NICE_bounded+edit,1,OK,0.0,0.0047299861907958984,0.4238683127572016,2.0,"{""nevents"": 66.0, ""ndays_act"": 21.0, ""nchapters"": 7.0}"
HarvardX,0,aligned,0,10970,MCCE,native,MCCE_native,1,OK,0.0,0.03887367248535156,0.9928669410150892,3.0,"{""nevents"": 92.0, ""ndays_act"": 29.0, ""nchapters"": 9.0}"
HarvardX,0,aligned,0,10970,MCCE,bounded,MCCE_bounded,1,OK,0.0,0.03887367248535156,0.9928669410150892,3.0,"{""nevents"": 92.0, ""ndays_act"": 29.0, ""nchapters"": 9.0}"
HarvardX,0,aligned,0,10970,MCCE,bounded+edit,MCCE_bounded+edit,1,OK,0.0,0.03887367248535156,0.9928669410150892,3.0,"{""nevents"": 92.0, ""ndays_act"": 29.0, ""nchapters"": 9.0}"
HarvardX,0,aligned,0,11021,NICE,native,NICE_native,1,OK,0.0,0.004656553268432617,0.2329218106995885,2.0,"{""nevents"": 24.0, ""ndays_act"": 13.0, ""nchapters"": 11.0}"
HarvardX,0,aligned,0,11021,NICE,bounded,NICE_bounded,1,OK,0.0,0.004656553268432617,0.2329218106995885,2.0,"{""nevents"": 24.0, ""ndays_act"": 13.0, ""nchapters"": 11.0}"
HarvardX,0,aligned,0,11021,NICE,bounded+edit,NICE_bounded+edit,1,OK,0.0,0.004656553268432617,0.2329218106995885,2.0,"{""nevents"": 24.0, ""ndays_act"": 13.0, ""nchapters"": 11.0}"
HarvardX,0,aligned,0,11021,MCCE,native,MCCE_native,1,OK,0.0,0.039548635482788086,0.4973936899862826,2.0,"{""nevents"": 71.0, ""ndays_act"": 25.0, ""nchapters"": 11.0}"
HarvardX,0,aligned,0,11021,MCCE,bounded,MCCE_bounded,1,OK,0.0,0.039548635482788086,0.4973936899862826,2.0,"{""nevents"": 71.0, ""ndays_act"": 25.0, ""nchapters"": 11.0}"
HarvardX,0,aligned,0,11021,MCCE,bounded+edit,MCCE_bounded+edit,1,OK,0.0,0.039548635482788086,0.4973936899862826,2.0,"{""nevents"": 71.0, ""ndays_act"": 25.0, ""nchapters"": 11.0}"
