dataset,seed,regime,stage,query,method,variant,condition,accepted,reasons,policy_score,seconds,effort,sparsity
AUC,3,aligned,1,10,NICE,native,NICE_native,0,below_policy_threshold;immutable_changed:Test_1,11.025,0.0055117607116699,1.75,2.0
AUC,3,aligned,1,10,NICE,bounded,NICE_bounded,0,below_policy_threshold;classifier_target_not_met,10.75,0.0055117607116699,1.75,2.0
AUC,3,aligned,1,10,NICE,bounded+edit,NICE_bounded+edit,1,OK,15.194444444444445,0.0055117607116699,2.638888888888889,3.0
AUC,3,aligned,1,10,MCCE,native,MCCE_native,0,below_policy_threshold,15.0,0.0474326610565185,2.8435259818213,4.0
AUC,3,aligned,1,10,MCCE,bounded,MCCE_bounded,0,below_policy_threshold,15.0,0.0474326610565185,2.8435259818213,4.0
AUC,3,aligned,1,10,MCCE,bounded+edit,MCCE_bounded+edit,0,below_policy_threshold,15.0,0.0474326610565185,2.8435259818213,4.0
AUC,3,aligned,1,14,NICE,native,NICE_native,1,OK,15.125,0.0054244995117187,2.65,3.0
AUC,3,aligned,1,14,NICE,bounded,NICE_bounded,1,OK,15.125,0.0054244995117187,2.65,3.0
AUC,3,aligned,1,14,NICE,bounded+edit,NICE_bounded+edit,1,OK,15.125,0.0054244995117187,2.65,3.0
AUC,3,aligned,1,14,MCCE,native,MCCE_native,0,below_policy_threshold,14.975,0.0237536430358886,2.685474691513473,4.0
AUC,3,aligned,1,14,MCCE,bounded,MCCE_bounded,0,below_policy_threshold,14.975,0.0237536430358886,2.685474691513473,4.0
AUC,3,aligned,1,14,MCCE,bounded+edit,MCCE_bounded+edit,0,below_policy_threshold,14.975,0.0237536430358886,2.685474691513473,4.0
AUC,3,aligned,1,31,NICE,native,NICE_native,0,immutable_changed:Test_1,15.05,0.0067179203033447,2.56,3.0
AUC,3,aligned,1,31,NICE,bounded,NICE_bounded,0,below_policy_threshold;classifier_target_not_met,14.925,0.0067179203033447,2.56,3.0
AUC,3,aligned,1,31,NICE,bounded+edit,NICE_bounded+edit,0,below_policy_threshold;classifier_target_not_met,14.925,0.0067179203033447,2.56,3.0
AUC,3,aligned,1,31,MCCE,native,MCCE_native,1,OK,15.175,0.0238473415374755,2.616512536633018,4.0
AUC,3,aligned,1,31,MCCE,bounded,MCCE_bounded,1,OK,15.175,0.0238473415374755,2.616512536633018,4.0
AUC,3,aligned,1,31,MCCE,bounded+edit,MCCE_bounded+edit,1,OK,15.175,0.0238473415374755,2.616512536633018,4.0
AUC,3,aligned,1,37,NICE,native,NICE_native,0,below_policy_threshold;immutable_changed:Test_1,11.025,0.0054950714111328,1.75,2.0
AUC,3,aligned,1,37,NICE,bounded,NICE_bounded,0,below_policy_threshold;classifier_target_not_met,10.25,0.0054950714111328,1.75,2.0
AUC,3,aligned,1,37,NICE,bounded+edit,NICE_bounded+edit,1,OK,15.25,0.0054950714111328,2.75,3.0
AUC,3,aligned,1,37,MCCE,native,MCCE_native,0,below_policy_threshold,14.75,0.0236904621124267,2.730144259667401,4.0
AUC,3,aligned,1,37,MCCE,bounded,MCCE_bounded,0,below_policy_threshold,14.75,0.0236904621124267,2.730144259667401,4.0
AUC,3,aligned,1,37,MCCE,bounded+edit,MCCE_bounded+edit,0,below_policy_threshold,14.75,0.0236904621124267,2.730144259667401,4.0
AUC,3,aligned,1,45,NICE,native,NICE_native,0,immutable_changed:Test_1,15.05,0.0069301128387451,2.56,3.0
AUC,3,aligned,1,45,NICE,bounded,NICE_bounded,0,below_policy_threshold;classifier_target_not_met,14.925,0.0069301128387451,2.56,3.0
AUC,3,aligned,1,45,NICE,bounded+edit,NICE_bounded+edit,0,below_policy_threshold;classifier_target_not_met,14.925,0.0069301128387451,2.56,3.0
AUC,3,aligned,1,45,MCCE,native,MCCE_native,1,OK,15.375,0.0243382453918457,2.65,3.0
AUC,3,aligned,1,45,MCCE,bounded,MCCE_bounded,1,OK,15.375,0.0243382453918457,2.65,3.0
AUC,3,aligned,1,45,MCCE,bounded+edit,MCCE_bounded+edit,1,OK,15.375,0.0243382453918457,2.65,3.0
AUC,3,aligned,1,53,NICE,native,NICE_native,0,below_policy_threshold;immutable_changed:Test_1,11.025,0.0057370662689208,1.75,2.0
AUC,3,aligned,1,53,NICE,bounded,NICE_bounded,0,below_policy_threshold;classifier_target_not_met,10.5,0.0057370662689208,1.75,2.0
AUC,3,aligned,1,53,NICE,bounded+edit,NICE_bounded+edit,1,OK,15.5,0.0057370662689208,2.75,3.0
AUC,3,aligned,1,53,MCCE,native,MCCE_native,0,below_policy_threshold,15.0,0.0237946510314941,2.6816288877174483,4.0
AUC,3,aligned,1,53,MCCE,bounded,MCCE_bounded,0,below_policy_threshold,15.0,0.0237946510314941,2.6816288877174483,4.0
AUC,3,aligned,1,53,MCCE,bounded+edit,MCCE_bounded+edit,0,below_policy_threshold,15.0,0.0237946510314941,2.6816288877174483,4.0
AUC,3,aligned,1,58,NICE,native,NICE_native,0,below_policy_threshold;immutable_changed:Test_1,11.025,0.0055198669433593,1.75,2.0
AUC,3,aligned,1,58,NICE,bounded,NICE_bounded,0,below_policy_threshold;classifier_target_not_met,10.9,0.0055198669433593,1.75,2.0
AUC,3,aligned,1,58,NICE,bounded+edit,NICE_bounded+edit,1,OK,15.344444444444443,0.0055198669433593,2.638888888888889,3.0
AUC,3,aligned,1,58,MCCE,native,MCCE_native,0,below_policy_threshold,14.95,0.0249800682067871,2.7249567491450413,4.0
AUC,3,aligned,1,58,MCCE,bounded,MCCE_bounded,0,below_policy_threshold,14.95,0.0249800682067871,2.7249567491450413,4.0
AUC,3,aligned,1,58,MCCE,bounded+edit,MCCE_bounded+edit,0,below_policy_threshold,14.95,0.0249800682067871,2.7249567491450413,4.0
AUC,3,aligned,1,67,NICE,native,NICE_native,0,out_of_bounds:sum_click;immutable_changed:Test_1,15.05,0.0082712173461914,2.5918833978592573,4.0
AUC,3,aligned,1,67,NICE,bounded,NICE_bounded,0,below_policy_threshold;classifier_target_not_met,14.925,0.0082712173461914,2.56,3.0
AUC,3,aligned,1,67,NICE,bounded+edit,NICE_bounded+edit,0,below_policy_threshold;classifier_target_not_met,14.925,0.0082712173461914,2.56,3.0
AUC,3,aligned,1,67,MCCE,native,MCCE_native,0,below_policy_threshold,14.975,0.0255672931671142,2.574554771122751,4.0
AUC,3,aligned,1,67,MCCE,bounded,MCCE_bounded,0,below_policy_threshold,14.975,0.0255672931671142,2.574554771122751,4.0
AUC,3,aligned,1,67,MCCE,bounded+edit,MCCE_bounded+edit,0,below_policy_threshold,14.975,0.0255672931671142,2.574554771122751,4.0
AUC,3,aligned,1,73,NICE,native,NICE_native,1,OK,15.05,0.005594253540039,2.56,3.0
AUC,3,aligned,1,73,NICE,bounded,NICE_bounded,1,OK,15.05,0.005594253540039,2.56,3.0
AUC,3,aligned,1,73,NICE,bounded+edit,NICE_bounded+edit,1,OK,15.05,0.005594253540039,2.56,3.0
AUC,3,aligned,1,73,MCCE,native,MCCE_native,1,OK,15.35,0.0243670940399169,2.62,3.0
AUC,3,aligned,1,73,MCCE,bounded,MCCE_bounded,1,OK,15.35,0.0243670940399169,2.62,3.0
AUC,3,aligned,1,73,MCCE,bounded+edit,MCCE_bounded+edit,1,OK,15.35,0.0243670940399169,2.62,3.0
AUC,3,aligned,1,80,NICE,native,NICE_native,0,below_policy_threshold,14.95,0.005446434020996,2.65,3.0
AUC,3,aligned,1,80,NICE,bounded,NICE_bounded,0,below_policy_threshold,14.95,0.005446434020996,2.65,3.0
AUC,3,aligned,1,80,NICE,bounded+edit,NICE_bounded+edit,0,below_policy_threshold,14.95,0.005446434020996,2.65,3.0
AUC,3,aligned,1,80,MCCE,native,MCCE_native,0,below_policy_threshold;out_of_bounds:sum_click,14.95,0.0226988792419433,2.6814536059312517,4.0
AUC,3,aligned,1,80,MCCE,bounded,MCCE_bounded,0,below_policy_threshold,14.95,0.0226988792419433,2.7084138395866098,4.0
AUC,3,aligned,1,80,MCCE,bounded+edit,MCCE_bounded+edit,0,below_policy_threshold,14.95,0.0226988792419433,2.7084138395866098,4.0
AUC,3,aligned,1,95,NICE,native,NICE_native,0,immutable_changed:Test_1,15.05,0.0068912506103515,2.56,3.0
AUC,3,aligned,1,95,NICE,bounded,NICE_bounded,0,below_policy_threshold;classifier_target_not_met,14.9,0.0068912506103515,2.56,3.0
AUC,3,aligned,1,95,NICE,bounded+edit,NICE_bounded+edit,0,below_policy_threshold;classifier_target_not_met,14.9,0.0068912506103515,2.56,3.0
AUC,3,aligned,1,95,MCCE,native,MCCE_native,1,OK,15.15,0.0234665870666503,2.629041574103459,4.0
AUC,3,aligned,1,95,MCCE,bounded,MCCE_bounded,1,OK,15.15,0.0234665870666503,2.629041574103459,4.0
AUC,3,aligned,1,95,MCCE,bounded+edit,MCCE_bounded+edit,1,OK,15.15,0.0234665870666503,2.629041574103459,4.0
AUC,3,aligned,1,97,NICE,native,NICE_native,0,below_policy_threshold,11.0,0.0041115283966064,1.75,2.0
AUC,3,aligned,1,97,NICE,bounded,NICE_bounded,0,below_policy_threshold,11.0,0.0041115283966064,1.75,2.0
AUC,3,aligned,1,97,NICE,bounded+edit,NICE_bounded+edit,1,OK,15.444444444444445,0.0041115283966064,2.638888888888889,3.0
AUC,3,aligned,1,97,MCCE,native,MCCE_native,0,below_policy_threshold,14.75,0.0248217582702636,2.5248395777271786,4.0
AUC,3,aligned,1,97,MCCE,bounded,MCCE_bounded,0,below_policy_threshold,14.75,0.0248217582702636,2.5248395777271786,4.0
AUC,3,aligned,1,97,MCCE,bounded+edit,MCCE_bounded+edit,0,below_policy_threshold,14.75,0.0248217582702636,2.5248395777271786,4.0
AUC,3,aligned,1,101,NICE,native,NICE_native,0,immutable_changed:Test_1,15.15,0.0068345069885253,2.58,3.0
AUC,3,aligned,1,101,NICE,bounded,NICE_bounded,0,below_policy_threshold;classifier_target_not_met,14.65,0.0068345069885253,2.58,3.0
AUC,3,aligned,1,101,NICE,bounded+edit,NICE_bounded+edit,0,below_policy_threshold;classifier_target_not_met,14.65,0.0068345069885253,2.58,3.0
AUC,3,aligned,1,101,MCCE,native,MCCE_native,0,below_policy_threshold,14.75,0.0231256484985351,2.7072386058981235,4.0
AUC,3,aligned,1,101,MCCE,bounded,MCCE_bounded,0,below_policy_threshold,14.75,0.0231256484985351,2.7072386058981235,4.0
AUC,3,aligned,1,101,MCCE,bounded+edit,MCCE_bounded+edit,0,below_policy_threshold,14.75,0.0231256484985351,2.7072386058981235,4.0
AUC,3,aligned,1,103,NICE,native,NICE_native,1,OK,15.05,0.0056743621826171,2.61,3.0
AUC,3,aligned,1,103,NICE,bounded,NICE_bounded,1,OK,15.05,0.0056743621826171,2.61,3.0
AUC,3,aligned,1,103,NICE,bounded+edit,NICE_bounded+edit,1,OK,15.05,0.0056743621826171,2.61,3.0
AUC,3,aligned,1,103,MCCE,native,MCCE_native,0,out_of_bounds:sum_click,15.15,0.0249063968658447,2.75760527435134,4.0
AUC,3,aligned,1,103,MCCE,bounded,MCCE_bounded,1,OK,15.2,0.0249063968658447,2.725070182900893,4.0
AUC,3,aligned,1,103,MCCE,bounded+edit,MCCE_bounded+edit,1,OK,15.2,0.0249063968658447,2.725070182900893,4.0
AUC,3,aligned,1,105,NICE,native,NICE_native,1,OK,15.05,0.0053298473358154,2.56,3.0
AUC,3,aligned,1,105,NICE,bounded,NICE_bounded,1,OK,15.05,0.0053298473358154,2.56,3.0
AUC,3,aligned,1,105,NICE,bounded+edit,NICE_bounded+edit,1,OK,15.05,0.0053298473358154,2.56,3.0
AUC,3,aligned,1,105,MCCE,native,MCCE_native,1,OK,15.4,0.0256121158599853,2.63,3.0
AUC,3,aligned,1,105,MCCE,bounded,MCCE_bounded,1,OK,15.4,0.0256121158599853,2.63,3.0
AUC,3,aligned,1,105,MCCE,bounded+edit,MCCE_bounded+edit,1,OK,15.4,0.0256121158599853,2.63,3.0
AUC,3,aligned,1,106,NICE,native,NICE_native,0,out_of_bounds:sum_click;immutable_changed:Test_1,15.05,0.0082399845123291,2.6515442062153696,4.0
AUC,3,aligned,1,106,NICE,bounded,NICE_bounded,0,below_policy_threshold;classifier_target_not_met,14.925,0.0082399845123291,2.56,3.0
AUC,3,aligned,1,106,NICE,bounded+edit,NICE_bounded+edit,0,below_policy_threshold;classifier_target_not_met,14.925,0.0082399845123291,2.56,3.0
AUC,3,aligned,1,106,MCCE,native,MCCE_native,0,below_policy_threshold;out_of_bounds:sum_click,14.975,0.0237703323364257,2.6229992772825823,4.0
AUC,3,aligned,1,106,MCCE,bounded,MCCE_bounded,1,OK,15.375,0.0237703323364257,2.7126355095157795,4.0
AUC,3,aligned,1,106,MCCE,bounded+edit,MCCE_bounded+edit,1,OK,15.375,0.0237703323364257,2.7126355095157795,4.0
AUC,3,aligned,1,107,NICE,native,NICE_native,0,immutable_changed:Test_1,15.05,0.0069918632507324,2.56,3.0
AUC,3,aligned,1,107,NICE,bounded,NICE_bounded,0,below_policy_threshold;classifier_target_not_met,14.925,0.0069918632507324,2.56,3.0
AUC,3,aligned,1,107,NICE,bounded+edit,NICE_bounded+edit,0,below_policy_threshold;classifier_target_not_met,14.925,0.0069918632507324,2.56,3.0
AUC,3,aligned,1,107,MCCE,native,MCCE_native,0,below_policy_threshold,14.975,0.0243346691131591,2.617919843171422,4.0
AUC,3,aligned,1,107,MCCE,bounded,MCCE_bounded,0,below_policy_threshold,14.975,0.0243346691131591,2.617919843171422,4.0
AUC,3,aligned,1,107,MCCE,bounded+edit,MCCE_bounded+edit,0,below_policy_threshold,14.975,0.0243346691131591,2.617919843171422,4.0
AUC,3,aligned,1,112,NICE,native,NICE_native,1,OK,15.15,0.0056982040405273,2.63,3.0
AUC,3,aligned,1,112,NICE,bounded,NICE_bounded,1,OK,15.15,0.0056982040405273,2.63,3.0
AUC,3,aligned,1,112,NICE,bounded+edit,NICE_bounded+edit,1,OK,15.15,0.0056982040405273,2.63,3.0
AUC,3,aligned,1,112,MCCE,native,MCCE_native,1,OK,15.15,0.0277056694030761,2.688445353594389,4.0
AUC,3,aligned,1,112,MCCE,bounded,MCCE_bounded,1,OK,15.15,0.0277056694030761,2.688445353594389,4.0
AUC,3,aligned,1,112,MCCE,bounded+edit,MCCE_bounded+edit,1,OK,15.15,0.0277056694030761,2.688445353594389,4.0
AUC,3,aligned,1,123,NICE,native,NICE_native,0,below_policy_threshold,14.875,0.0054073333740234,2.65,3.0
AUC,3,aligned,1,123,NICE,bounded,NICE_bounded,0,below_policy_threshold,14.875,0.0054073333740234,2.65,3.0
AUC,3,aligned,1,123,NICE,bounded+edit,NICE_bounded+edit,0,below_policy_threshold,14.875,0.0054073333740234,2.65,3.0
AUC,3,aligned,1,123,MCCE,native,MCCE_native,1,OK,15.325,0.0232679843902587,2.758231540565178,4.0
AUC,3,aligned,1,123,MCCE,bounded,MCCE_bounded,1,OK,15.325,0.0232679843902587,2.758231540565178,4.0
AUC,3,aligned,1,123,MCCE,bounded+edit,MCCE_bounded+edit,1,OK,15.325,0.0232679843902587,2.758231540565178,4.0
AUC,3,aligned,1,124,NICE,native,NICE_native,1,OK,15.025,0.0056607723236083,2.63,3.0
AUC,3,aligned,1,124,NICE,bounded,NICE_bounded,1,OK,15.025,0.0056607723236083,2.63,3.0
AUC,3,aligned,1,124,NICE,bounded+edit,NICE_bounded+edit,1,OK,15.025,0.0056607723236083,2.63,3.0
AUC,3,aligned,1,124,MCCE,native,MCCE_native,0,below_policy_threshold;out_of_bounds:sum_click,14.875,0.0304088592529296,2.735200386286818,4.0
AUC,3,aligned,1,124,MCCE,bounded,MCCE_bounded,0,below_policy_threshold,14.975,0.0304088592529296,2.9000579430226945,4.0
AUC,3,aligned,1,124,MCCE,bounded+edit,MCCE_bounded+edit,0,below_policy_threshold,14.975,0.0304088592529296,2.9000579430226945,4.0
AUC,3,aligned,1,127,NICE,native,NICE_native,0,below_policy_threshold,10.975,0.0041902065277099,1.75,2.0
AUC,3,aligned,1,127,NICE,bounded,NICE_bounded,0,below_policy_threshold,10.975,0.0041902065277099,1.75,2.0
AUC,3,aligned,1,127,NICE,bounded+edit,NICE_bounded+edit,1,OK,15.419444444444444,0.0041902065277099,2.638888888888889,3.0
AUC,3,aligned,1,127,MCCE,native,MCCE_native,0,out_of_bounds:sum_click,15.025,0.025259256362915,2.631556350626118,4.0
AUC,3,aligned,1,127,MCCE,bounded,MCCE_bounded,1,OK,15.075,0.025259256362915,2.6177042337507457,4.0
AUC,3,aligned,1,127,MCCE,bounded+edit,MCCE_bounded+edit,1,OK,15.075,0.025259256362915,2.6177042337507457,4.0
AUC,3,aligned,1,132,NICE,native,NICE_native,1,OK,15.15,0.0057582855224609,2.63,3.0
AUC,3,aligned,1,132,NICE,bounded,NICE_bounded,1,OK,15.15,0.0057582855224609,2.63,3.0
AUC,3,aligned,1,132,NICE,bounded+edit,NICE_bounded+edit,1,OK,15.15,0.0057582855224609,2.63,3.0
AUC,3,aligned,1,132,MCCE,native,MCCE_native,0,out_of_bounds:sum_click,15.15,0.0254654884338378,2.6822534291312867,4.0
AUC,3,aligned,1,132,MCCE,bounded,MCCE_bounded,1,OK,15.4,0.0254654884338378,3.1633442194644026,4.0
AUC,3,aligned,1,132,MCCE,bounded+edit,MCCE_bounded+edit,1,OK,15.4,0.0254654884338378,3.1633442194644026,4.0
AUC,3,aligned,1,144,NICE,native,NICE_native,0,below_policy_threshold,11.0,0.004302978515625,1.75,2.0
AUC,3,aligned,1,144,NICE,bounded,NICE_bounded,0,below_policy_threshold,11.0,0.004302978515625,1.75,2.0
AUC,3,aligned,1,144,NICE,bounded+edit,NICE_bounded+edit,1,OK,15.444444444444445,0.004302978515625,2.638888888888889,3.0
AUC,3,aligned,1,144,MCCE,native,MCCE_native,0,below_policy_threshold;out_of_bounds:sum_click,14.75,0.0262148380279541,2.504263483265828,4.0
AUC,3,aligned,1,144,MCCE,bounded,MCCE_bounded,0,below_policy_threshold,15.0,0.0262148380279541,2.618215732253251,4.0
AUC,3,aligned,1,144,MCCE,bounded+edit,MCCE_bounded+edit,0,below_policy_threshold,15.0,0.0262148380279541,2.618215732253251,4.0
AUC,3,aligned,1,145,NICE,native,NICE_native,0,below_policy_threshold;immutable_changed:Test_1,11.025,0.0059683322906494,1.75,2.0
AUC,3,aligned,1,145,NICE,bounded,NICE_bounded,0,below_policy_threshold;classifier_target_not_met,10.0,0.0059683322906494,1.75,2.0
AUC,3,aligned,1,145,NICE,bounded+edit,NICE_bounded+edit,0,below_policy_threshold;classifier_target_not_met,10.0,0.0059683322906494,1.75,2.0
AUC,3,aligned,1,145,MCCE,native,MCCE_native,0,no_candidate,,0.0162792205810546,,
AUC,3,aligned,1,145,MCCE,bounded,MCCE_bounded,0,no_candidate,,0.0162792205810546,,
AUC,3,aligned,1,145,MCCE,bounded+edit,MCCE_bounded+edit,0,no_candidate,,0.0162792205810546,,
AUC,3,aligned,1,159,NICE,native,NICE_native,0,immutable_changed:Test_1,15.05,0.0069601535797119,2.56,3.0
AUC,3,aligned,1,159,NICE,bounded,NICE_bounded,0,below_policy_threshold;classifier_target_not_met,14.175,0.0069601535797119,2.56,3.0
AUC,3,aligned,1,159,NICE,bounded+edit,NICE_bounded+edit,0,below_policy_threshold;classifier_target_not_met,14.175,0.0069601535797119,2.56,3.0
AUC,3,aligned,1,159,MCCE,native,MCCE_native,0,no_candidate,,0.0162851810455322,,
AUC,3,aligned,1,159,MCCE,bounded,MCCE_bounded,0,no_candidate,,0.0162851810455322,,
AUC,3,aligned,1,159,MCCE,bounded+edit,MCCE_bounded+edit,0,no_candidate,,0.0162851810455322,,
AUC,3,aligned,1,169,NICE,native,NICE_native,1,OK,15.075,0.005932331085205,2.62,3.0
AUC,3,aligned,1,169,NICE,bounded,NICE_bounded,1,OK,15.075,0.005932331085205,2.62,3.0
AUC,3,aligned,1,169,NICE,bounded+edit,NICE_bounded+edit,1,OK,15.075,0.005932331085205,2.62,3.0
AUC,3,aligned,1,169,MCCE,native,MCCE_native,0,below_policy_threshold,14.725,0.0240824222564697,2.758768267223382,4.0
AUC,3,aligned,1,169,MCCE,bounded,MCCE_bounded,0,below_policy_threshold,14.725,0.0240824222564697,2.758768267223382,4.0
AUC,3,aligned,1,169,MCCE,bounded+edit,MCCE_bounded+edit,0,below_policy_threshold,14.725,0.0240824222564697,2.758768267223382,4.0
AUC,3,aligned,1,170,NICE,native,NICE_native,1,OK,15.05,0.005648136138916,2.56,3.0
AUC,3,aligned,1,170,NICE,bounded,NICE_bounded,1,OK,15.05,0.005648136138916,2.56,3.0
AUC,3,aligned,1,170,NICE,bounded+edit,NICE_bounded+edit,1,OK,15.05,0.005648136138916,2.56,3.0
AUC,3,aligned,1,170,MCCE,native,MCCE_native,0,below_policy_threshold,14.95,0.0274896621704101,2.5672405339144646,4.0
AUC,3,aligned,1,170,MCCE,bounded,MCCE_bounded,0,below_policy_threshold,14.95,0.0274896621704101,2.5672405339144646,4.0
AUC,3,aligned,1,170,MCCE,bounded+edit,MCCE_bounded+edit,0,below_policy_threshold,14.95,0.0274896621704101,2.5672405339144646,4.0
AUC,3,aligned,1,177,NICE,native,NICE_native,0,below_policy_threshold,11.0,0.0040986537933349,1.75,2.0
AUC,3,aligned,1,177,NICE,bounded,NICE_bounded,0,below_policy_threshold,11.0,0.0040986537933349,1.75,2.0
AUC,3,aligned,1,177,NICE,bounded+edit,NICE_bounded+edit,1,OK,15.444444444444445,0.0040986537933349,2.638888888888889,3.0
AUC,3,aligned,1,177,MCCE,native,MCCE_native,0,below_policy_threshold,14.75,0.0259919166564941,2.626136152847338,4.0
AUC,3,aligned,1,177,MCCE,bounded,MCCE_bounded,0,below_policy_threshold,14.75,0.0259919166564941,2.626136152847338,4.0
AUC,3,aligned,1,177,MCCE,bounded+edit,MCCE_bounded+edit,0,below_policy_threshold,14.75,0.0259919166564941,2.626136152847338,4.0
AUC,3,aligned,1,185,NICE,native,NICE_native,0,below_policy_threshold,14.875,0.0054993629455566,2.65,3.0
AUC,3,aligned,1,185,NICE,bounded,NICE_bounded,0,below_policy_threshold,14.875,0.0054993629455566,2.65,3.0
AUC,3,aligned,1,185,NICE,bounded+edit,NICE_bounded+edit,0,below_policy_threshold,14.875,0.0054993629455566,2.65,3.0
AUC,3,aligned,1,185,MCCE,native,MCCE_native,1,OK,15.325,0.0287153720855712,2.74,3.0
AUC,3,aligned,1,185,MCCE,bounded,MCCE_bounded,1,OK,15.325,0.0287153720855712,2.74,3.0
AUC,3,aligned,1,185,MCCE,bounded+edit,MCCE_bounded+edit,1,OK,15.325,0.0287153720855712,2.74,3.0
AUC,3,aligned,1,188,NICE,native,NICE_native,1,OK,15.3,0.005692720413208,2.61,3.0
AUC,3,aligned,1,188,NICE,bounded,NICE_bounded,1,OK,15.3,0.005692720413208,2.61,3.0
AUC,3,aligned,1,188,NICE,bounded+edit,NICE_bounded+edit,1,OK,15.3,0.005692720413208,2.61,3.0
AUC,3,aligned,1,188,MCCE,native,MCCE_native,0,out_of_bounds:sum_click,15.25,0.0230095386505126,3.7764705882353153,4.0
AUC,3,aligned,1,188,MCCE,bounded,MCCE_bounded,0,no_candidate,,0.0230095386505126,,
AUC,3,aligned,1,188,MCCE,bounded+edit,MCCE_bounded+edit,0,no_candidate,,0.0230095386505126,,
AUC,3,aligned,1,204,NICE,native,NICE_native,0,below_policy_threshold,11.3,0.0048003196716308,1.88,2.0
AUC,3,aligned,1,204,NICE,bounded,NICE_bounded,0,below_policy_threshold,11.3,0.0048003196716308,1.88,2.0
AUC,3,aligned,1,204,NICE,bounded+edit,NICE_bounded+edit,1,OK,15.18888888888889,0.0048003196716308,2.657777777777778,3.0
AUC,3,aligned,1,204,MCCE,native,MCCE_native,0,below_policy_threshold;out_of_bounds:sum_click,14.8,0.0213675498962402,3.1339070227497534,4.0
AUC,3,aligned,1,204,MCCE,bounded,MCCE_bounded,0,no_candidate,,0.0213675498962402,,
AUC,3,aligned,1,204,MCCE,bounded+edit,MCCE_bounded+edit,0,no_candidate,,0.0213675498962402,,
AUC,3,aligned,1,206,NICE,native,NICE_native,0,below_policy_threshold,14.775,0.0056405067443847,2.65,3.0
AUC,3,aligned,1,206,NICE,bounded,NICE_bounded,0,below_policy_threshold,14.775,0.0056405067443847,2.65,3.0
AUC,3,aligned,1,206,NICE,bounded+edit,NICE_bounded+edit,0,below_policy_threshold,14.775,0.0056405067443847,2.65,3.0
AUC,3,aligned,1,206,MCCE,native,MCCE_native,0,below_policy_threshold,14.225,0.0250909328460693,2.58712218108381,4.0
AUC,3,aligned,1,206,MCCE,bounded,MCCE_bounded,0,below_policy_threshold,14.225,0.0250909328460693,2.58712218108381,4.0
AUC,3,aligned,1,206,MCCE,bounded+edit,MCCE_bounded+edit,0,below_policy_threshold,14.225,0.0250909328460693,2.58712218108381,4.0
AUC,3,aligned,1,209,NICE,native,NICE_native,0,below_policy_threshold,14.675,0.0091738700866699,2.65,3.0
AUC,3,aligned,1,209,NICE,bounded,NICE_bounded,0,below_policy_threshold,14.675,0.0091738700866699,2.65,3.0
AUC,3,aligned,1,209,NICE,bounded+edit,NICE_bounded+edit,0,below_policy_threshold,14.675,0.0091738700866699,2.65,3.0
AUC,3,aligned,1,209,MCCE,native,MCCE_native,0,no_candidate,,0.0167987346649169,,
AUC,3,aligned,1,209,MCCE,bounded,MCCE_bounded,0,no_candidate,,0.0167987346649169,,
AUC,3,aligned,1,209,MCCE,bounded+edit,MCCE_bounded+edit,0,no_candidate,,0.0167987346649169,,
AUC,3,aligned,1,210,NICE,native,NICE_native,1,OK,15.05,0.0058038234710693,2.56,3.0
AUC,3,aligned,1,210,NICE,bounded,NICE_bounded,1,OK,15.05,0.0058038234710693,2.56,3.0
AUC,3,aligned,1,210,NICE,bounded+edit,NICE_bounded+edit,1,OK,15.05,0.0058038234710693,2.56,3.0
AUC,3,aligned,1,210,MCCE,native,MCCE_native,0,below_policy_threshold;out_of_bounds:sum_click,14.95,0.0264191627502441,2.617644775153672,4.0
AUC,3,aligned,1,210,MCCE,bounded,MCCE_bounded,1,OK,15.1,0.0264191627502441,2.602351989647364,4.0
AUC,3,aligned,1,210,MCCE,bounded+edit,MCCE_bounded+edit,1,OK,15.1,0.0264191627502441,2.602351989647364,4.0
AUC,3,aligned,1,211,NICE,native,NICE_native,0,below_policy_threshold,11.2,0.0045342445373535,1.92,2.0
AUC,3,aligned,1,211,NICE,bounded,NICE_bounded,0,below_policy_threshold,11.2,0.0045342445373535,1.92,2.0
AUC,3,aligned,1,211,NICE,bounded+edit,NICE_bounded+edit,1,OK,15.088888888888889,0.0045342445373535,2.6977777777777776,3.0
AUC,3,aligned,1,211,MCCE,native,MCCE_native,0,out_of_bounds:sum_click,15.3,0.0264608860015869,3.1753620613060867,4.0
AUC,3,aligned,1,211,MCCE,bounded,MCCE_bounded,1,OK,15.5,0.0264608860015869,3.03766326077299,4.0
AUC,3,aligned,1,211,MCCE,bounded+edit,MCCE_bounded+edit,1,OK,15.5,0.0264608860015869,3.03766326077299,4.0
AUC,3,aligned,1,230,NICE,native,NICE_native,0,immutable_changed:Test_1,15.05,0.0067968368530273,2.56,3.0
AUC,3,aligned,1,230,NICE,bounded,NICE_bounded,0,below_policy_threshold;classifier_target_not_met,14.8,0.0067968368530273,2.56,3.0
AUC,3,aligned,1,230,NICE,bounded+edit,NICE_bounded+edit,0,below_policy_threshold;classifier_target_not_met,14.8,0.0067968368530273,2.56,3.0
AUC,3,aligned,1,230,MCCE,native,MCCE_native,1,OK,15.3,0.0241227149963378,2.66,3.0
AUC,3,aligned,1,230,MCCE,bounded,MCCE_bounded,1,OK,15.3,0.0241227149963378,2.66,3.0
AUC,3,aligned,1,230,MCCE,bounded+edit,MCCE_bounded+edit,1,OK,15.3,0.0241227149963378,2.66,3.0
AUC,3,aligned,1,232,NICE,native,NICE_native,0,immutable_changed:Test_1,15.15,0.0067040920257568,2.58,3.0
AUC,3,aligned,1,232,NICE,bounded,NICE_bounded,0,below_policy_threshold;classifier_target_not_met,14.275,0.0067040920257568,2.58,3.0
AUC,3,aligned,1,232,NICE,bounded+edit,NICE_bounded+edit,0,below_policy_threshold;classifier_target_not_met,14.275,0.0067040920257568,2.58,3.0
AUC,3,aligned,1,232,MCCE,native,MCCE_native,0,no_candidate,,0.016791820526123,,
AUC,3,aligned,1,232,MCCE,bounded,MCCE_bounded,0,no_candidate,,0.016791820526123,,
AUC,3,aligned,1,232,MCCE,bounded+edit,MCCE_bounded+edit,0,no_candidate,,0.016791820526123,,
AUC,3,aligned,1,233,NICE,native,NICE_native,0,below_policy_threshold;immutable_changed:Test_1,11.025,0.0054168701171875,1.75,2.0
AUC,3,aligned,1,233,NICE,bounded,NICE_bounded,0,below_policy_threshold;classifier_target_not_met,10.375,0.0054168701171875,1.75,2.0
AUC,3,aligned,1,233,NICE,bounded+edit,NICE_bounded+edit,1,OK,15.375,0.0054168701171875,2.75,3.0
AUC,3,aligned,1,233,MCCE,native,MCCE_native,1,OK,15.525,0.0232245922088623,2.852712583316502,4.0
AUC,3,aligned,1,233,MCCE,bounded,MCCE_bounded,1,OK,15.525,0.0232245922088623,2.852712583316502,4.0
AUC,3,aligned,1,233,MCCE,bounded+edit,MCCE_bounded+edit,1,OK,15.525,0.0232245922088623,2.852712583316502,4.0
AUC,3,aligned,1,235,NICE,native,NICE_native,1,OK,15.05,0.0054633617401123,2.56,3.0
AUC,3,aligned,1,235,NICE,bounded,NICE_bounded,1,OK,15.05,0.0054633617401123,2.56,3.0
AUC,3,aligned,1,235,NICE,bounded+edit,NICE_bounded+edit,1,OK,15.05,0.0054633617401123,2.56,3.0
AUC,3,aligned,1,235,MCCE,native,MCCE_native,1,OK,15.375,0.0253458023071289,2.625,3.0
AUC,3,aligned,1,235,MCCE,bounded,MCCE_bounded,1,OK,15.375,0.0253458023071289,2.625,3.0
AUC,3,aligned,1,235,MCCE,bounded+edit,MCCE_bounded+edit,1,OK,15.375,0.0253458023071289,2.625,3.0
AUC,3,aligned,1,237,NICE,native,NICE_native,1,OK,15.1,0.0053386688232421,2.57,3.0
AUC,3,aligned,1,237,NICE,bounded,NICE_bounded,1,OK,15.1,0.0053386688232421,2.57,3.0
AUC,3,aligned,1,237,NICE,bounded+edit,NICE_bounded+edit,1,OK,15.1,0.0053386688232421,2.57,3.0
AUC,3,aligned,1,237,MCCE,native,MCCE_native,1,OK,15.25,0.0251595973968505,2.7257861635220126,4.0
AUC,3,aligned,1,237,MCCE,bounded,MCCE_bounded,1,OK,15.25,0.0251595973968505,2.7257861635220126,4.0
AUC,3,aligned,1,237,MCCE,bounded+edit,MCCE_bounded+edit,1,OK,15.25,0.0251595973968505,2.7257861635220126,4.0
AUC,3,aligned,1,266,NICE,native,NICE_native,0,below_policy_threshold,15.0,0.0055289268493652,2.56,3.0
AUC,3,aligned,1,266,NICE,bounded,NICE_bounded,0,below_policy_threshold,15.0,0.0055289268493652,2.56,3.0
AUC,3,aligned,1,266,NICE,bounded+edit,NICE_bounded+edit,0,below_policy_threshold,15.0,0.0055289268493652,2.56,3.0
AUC,3,aligned,1,266,MCCE,native,MCCE_native,0,below_policy_threshold;out_of_bounds:sum_click,14.95,0.0250434875488281,2.55541858574912,4.0
AUC,3,aligned,1,266,MCCE,bounded,MCCE_bounded,0,below_policy_threshold,15.000000000000002,0.0250434875488281,2.66295312923327,4.0
AUC,3,aligned,1,266,MCCE,bounded+edit,MCCE_bounded+edit,0,below_policy_threshold,15.000000000000002,0.0250434875488281,2.66295312923327,4.0
AUC,3,aligned,1,283,NICE,native,NICE_native,0,below_policy_threshold,14.75,0.0054657459259033,2.65,3.0
AUC,3,aligned,1,283,NICE,bounded,NICE_bounded,0,below_policy_threshold,14.75,0.0054657459259033,2.65,3.0
AUC,3,aligned,1,283,NICE,bounded+edit,NICE_bounded+edit,0,below_policy_threshold,14.75,0.0054657459259033,2.65,3.0
AUC,3,aligned,1,283,MCCE,native,MCCE_native,0,below_policy_threshold,14.2,0.0235297679901123,2.618150439596223,4.0
AUC,3,aligned,1,283,MCCE,bounded,MCCE_bounded,0,below_policy_threshold,14.2,0.0235297679901123,2.618150439596223,4.0
AUC,3,aligned,1,283,MCCE,bounded+edit,MCCE_bounded+edit,0,below_policy_threshold,14.2,0.0235297679901123,2.618150439596223,4.0
AUC,3,aligned,1,284,NICE,native,NICE_native,0,below_policy_threshold;immutable_changed:Test_1,11.025,0.0054118633270263,1.75,2.0
AUC,3,aligned,1,284,NICE,bounded,NICE_bounded,0,below_policy_threshold;classifier_target_not_met,10.25,0.0054118633270263,1.75,2.0
AUC,3,aligned,1,284,NICE,bounded+edit,NICE_bounded+edit,1,OK,15.25,0.0054118633270263,2.75,3.0
AUC,3,aligned,1,284,MCCE,native,MCCE_native,0,below_policy_threshold,14.75,0.0261962413787841,2.7074830630260727,4.0
AUC,3,aligned,1,284,MCCE,bounded,MCCE_bounded,0,below_policy_threshold,14.75,0.0261962413787841,2.7074830630260727,4.0
AUC,3,aligned,1,284,MCCE,bounded+edit,MCCE_bounded+edit,0,below_policy_threshold,14.75,0.0261962413787841,2.7074830630260727,4.0
AUC,3,aligned,1,323,NICE,native,NICE_native,1,OK,15.125,0.0060012340545654,2.65,3.0
AUC,3,aligned,1,323,NICE,bounded,NICE_bounded,1,OK,15.125,0.0060012340545654,2.65,3.0
AUC,3,aligned,1,323,NICE,bounded+edit,NICE_bounded+edit,1,OK,15.125,0.0060012340545654,2.65,3.0
AUC,3,aligned,1,323,MCCE,native,MCCE_native,0,below_policy_threshold;out_of_bounds:sum_click,14.975,0.0239186286926269,2.633373453694417,4.0
AUC,3,aligned,1,323,MCCE,bounded,MCCE_bounded,0,below_policy_threshold,14.875,0.0239186286926269,2.813975259110665,4.0
AUC,3,aligned,1,323,MCCE,bounded+edit,MCCE_bounded+edit,0,below_policy_threshold,14.875,0.0239186286926269,2.813975259110665,4.0
AUC,3,aligned,1,324,NICE,native,NICE_native,1,OK,15.125,0.0053677558898925,2.65,3.0
AUC,3,aligned,1,324,NICE,bounded,NICE_bounded,1,OK,15.125,0.0053677558898925,2.65,3.0
AUC,3,aligned,1,324,NICE,bounded+edit,NICE_bounded+edit,1,OK,15.125,0.0053677558898925,2.65,3.0
AUC,3,aligned,1,324,MCCE,native,MCCE_native,0,below_policy_threshold,14.975,0.0234339237213134,2.666260601387818,4.0
AUC,3,aligned,1,324,MCCE,bounded,MCCE_bounded,0,below_policy_threshold,14.975,0.0234339237213134,2.666260601387818,4.0
AUC,3,aligned,1,324,MCCE,bounded+edit,MCCE_bounded+edit,0,below_policy_threshold,14.975,0.0234339237213134,2.666260601387818,4.0
AUC,3,aligned,1,327,NICE,native,NICE_native,0,below_policy_threshold,11.525,0.0042579174041748,1.88,2.0
AUC,3,aligned,1,327,NICE,bounded,NICE_bounded,0,below_policy_threshold,11.525,0.0042579174041748,1.88,2.0
AUC,3,aligned,1,327,NICE,bounded+edit,NICE_bounded+edit,1,OK,15.41388888888889,0.0042579174041748,2.657777777777778,3.0
AUC,3,aligned,1,327,MCCE,native,MCCE_native,0,below_policy_threshold;out_of_bounds:sum_click,14.975,0.0250861644744873,3.0749396267837543,4.0
AUC,3,aligned,1,327,MCCE,bounded,MCCE_bounded,1,OK,15.225,0.0250861644744873,3.0151701427003297,4.0
AUC,3,aligned,1,327,MCCE,bounded+edit,MCCE_bounded+edit,1,OK,15.225,0.0250861644744873,3.0151701427003297,4.0
AUC,3,aligned,1,333,NICE,native,NICE_native,0,below_policy_threshold,14.625,0.0055098533630371,2.65,3.0
AUC,3,aligned,1,333,NICE,bounded,NICE_bounded,0,below_policy_threshold,14.625,0.0055098533630371,2.65,3.0
AUC,3,aligned,1,333,NICE,bounded+edit,NICE_bounded+edit,0,below_policy_threshold,14.625,0.0055098533630371,2.65,3.0
AUC,3,aligned,1,333,MCCE,native,MCCE_native,0,no_candidate,,0.0169692039489746,,
AUC,3,aligned,1,333,MCCE,bounded,MCCE_bounded,0,no_candidate,,0.0169692039489746,,
AUC,3,aligned,1,333,MCCE,bounded+edit,MCCE_bounded+edit,0,no_candidate,,0.0169692039489746,,
AUC,3,aligned,1,336,NICE,native,NICE_native,0,below_policy_threshold;immutable_changed:Test_1,11.025,0.0054185390472412,1.75,2.0
AUC,3,aligned,1,336,NICE,bounded,NICE_bounded,0,below_policy_threshold;classifier_target_not_met,10.25,0.0054185390472412,1.75,2.0
AUC,3,aligned,1,336,NICE,bounded+edit,NICE_bounded+edit,1,OK,15.25,0.0054185390472412,2.75,3.0
AUC,3,aligned,1,336,MCCE,native,MCCE_native,0,below_policy_threshold,14.75,0.0228872299194335,2.801543152836814,4.0
AUC,3,aligned,1,336,MCCE,bounded,MCCE_bounded,0,below_policy_threshold,14.75,0.0228872299194335,2.801543152836814,4.0
AUC,3,aligned,1,336,MCCE,bounded+edit,MCCE_bounded+edit,0,below_policy_threshold,14.75,0.0228872299194335,2.801543152836814,4.0
AUC,3,aligned,1,345,NICE,native,NICE_native,0,below_policy_threshold;immutable_changed:Test_1,11.025,0.005568504333496,1.75,2.0
AUC,3,aligned,1,345,NICE,bounded,NICE_bounded,0,below_policy_threshold;classifier_target_not_met,10.55,0.005568504333496,1.75,2.0
AUC,3,aligned,1,345,NICE,bounded+edit,NICE_bounded+edit,1,OK,15.55,0.005568504333496,2.75,3.0
AUC,3,aligned,1,345,MCCE,native,MCCE_native,0,below_policy_threshold;out_of_bounds:sum_click,14.8,0.0239398479461669,2.653527050277194,4.0
AUC,3,aligned,1,345,MCCE,bounded,MCCE_bounded,0,below_policy_threshold,14.45,0.0239398479461669,2.9505696807493784,4.0
AUC,3,aligned,1,345,MCCE,bounded+edit,MCCE_bounded+edit,0,below_policy_threshold,14.45,0.0239398479461669,2.9505696807493784,4.0
AUC,3,aligned,1,346,NICE,native,NICE_native,0,below_policy_threshold,15.0,0.0053334236145019,2.65,3.0
AUC,3,aligned,1,346,NICE,bounded,NICE_bounded,0,below_policy_threshold,15.0,0.0053334236145019,2.65,3.0
AUC,3,aligned,1,346,NICE,bounded+edit,NICE_bounded+edit,0,below_policy_threshold,15.0,0.0053334236145019,2.65,3.0
AUC,3,aligned,1,346,MCCE,native,MCCE_native,1,OK,15.35,0.0246627330780029,2.72,3.0
AUC,3,aligned,1,346,MCCE,bounded,MCCE_bounded,1,OK,15.35,0.0246627330780029,2.72,3.0
AUC,3,aligned,1,346,MCCE,bounded+edit,MCCE_bounded+edit,1,OK,15.35,0.0246627330780029,2.72,3.0
AUC,3,aligned,1,347,NICE,native,NICE_native,1,OK,15.1,0.0061311721801757,2.61,3.0
AUC,3,aligned,1,347,NICE,bounded,NICE_bounded,1,OK,15.1,0.0061311721801757,2.61,3.0
AUC,3,aligned,1,347,NICE,bounded+edit,NICE_bounded+edit,1,OK,15.1,0.0061311721801757,2.61,3.0
AUC,3,aligned,1,347,MCCE,native,MCCE_native,0,below_policy_threshold;out_of_bounds:sum_click,14.9,0.0238442420959472,2.810867121637896,4.0
AUC,3,aligned,1,347,MCCE,bounded,MCCE_bounded,1,OK,15.3,0.0238442420959472,2.786491368928141,4.0
AUC,3,aligned,1,347,MCCE,bounded+edit,MCCE_bounded+edit,1,OK,15.3,0.0238442420959472,2.786491368928141,4.0
AUC,3,aligned,1,352,NICE,native,NICE_native,0,below_policy_threshold,11.15,0.0040674209594726,1.88,2.0
AUC,3,aligned,1,352,NICE,bounded,NICE_bounded,0,below_policy_threshold,11.15,0.0040674209594726,1.88,2.0
AUC,3,aligned,1,352,NICE,bounded+edit,NICE_bounded+edit,1,OK,15.03888888888889,0.0040674209594726,2.657777777777778,3.0
AUC,3,aligned,1,352,MCCE,native,MCCE_native,0,below_policy_threshold;out_of_bounds:sum_click,14.75,0.0202627182006835,19.39389312977111,4.0
AUC,3,aligned,1,352,MCCE,bounded,MCCE_bounded,0,no_candidate,,0.0202627182006835,,
AUC,3,aligned,1,352,MCCE,bounded+edit,MCCE_bounded+edit,0,no_candidate,,0.0202627182006835,,
AUC,3,aligned,1,370,NICE,native,NICE_native,1,OK,15.05,0.0053861141204833,2.56,3.0
AUC,3,aligned,1,370,NICE,bounded,NICE_bounded,1,OK,15.05,0.0053861141204833,2.56,3.0
AUC,3,aligned,1,370,NICE,bounded+edit,NICE_bounded+edit,1,OK,15.05,0.0053861141204833,2.56,3.0
AUC,3,aligned,1,370,MCCE,native,MCCE_native,1,OK,15.1,0.0259151458740234,2.5700000000000003,3.0
AUC,3,aligned,1,370,MCCE,bounded,MCCE_bounded,1,OK,15.1,0.0259151458740234,2.5700000000000003,3.0
AUC,3,aligned,1,370,MCCE,bounded+edit,MCCE_bounded+edit,1,OK,15.1,0.0259151458740234,2.5700000000000003,3.0
AUC,3,aligned,1,376,NICE,native,NICE_native,1,OK,15.3,0.0053563117980957,2.61,3.0
AUC,3,aligned,1,376,NICE,bounded,NICE_bounded,1,OK,15.3,0.0053563117980957,2.61,3.0
AUC,3,aligned,1,376,NICE,bounded+edit,NICE_bounded+edit,1,OK,15.3,0.0053563117980957,2.61,3.0
AUC,3,aligned,1,376,MCCE,native,MCCE_native,1,OK,15.05,0.0412905216217041,2.56,3.0
AUC,3,aligned,1,376,MCCE,bounded,MCCE_bounded,1,OK,15.05,0.0412905216217041,2.56,3.0
AUC,3,aligned,1,376,MCCE,bounded+edit,MCCE_bounded+edit,1,OK,15.05,0.0412905216217041,2.56,3.0
AUC,3,aligned,1,378,NICE,native,NICE_native,0,immutable_changed:Test_1,15.05,0.0088081359863281,2.56,3.0
AUC,3,aligned,1,378,NICE,bounded,NICE_bounded,0,below_policy_threshold;classifier_target_not_met,14.6,0.0088081359863281,2.56,3.0
AUC,3,aligned,1,378,NICE,bounded+edit,NICE_bounded+edit,0,below_policy_threshold;classifier_target_not_met,14.6,0.0088081359863281,2.56,3.0
AUC,3,aligned,1,378,MCCE,native,MCCE_native,0,below_policy_threshold,14.45,0.0228908061981201,2.8669065849923427,4.0
AUC,3,aligned,1,378,MCCE,bounded,MCCE_bounded,0,below_policy_threshold,14.45,0.0228908061981201,2.8669065849923427,4.0
AUC,3,aligned,1,378,MCCE,bounded+edit,MCCE_bounded+edit,0,below_policy_threshold,14.45,0.0228908061981201,2.8669065849923427,4.0
AUC,3,aligned,1,389,NICE,native,NICE_native,0,out_of_bounds:sum_click,15.05,0.0065922737121582,2.684038700074423,4.0
AUC,3,aligned,1,389,NICE,bounded,NICE_bounded,0,classifier_target_not_met,15.05,0.0065922737121582,2.56,3.0
AUC,3,aligned,1,389,NICE,bounded+edit,NICE_bounded+edit,0,classifier_target_not_met,15.05,0.0065922737121582,2.56,3.0
AUC,3,aligned,1,389,MCCE,native,MCCE_native,1,OK,15.1,0.025529146194458,2.5700000000000003,3.0
AUC,3,aligned,1,389,MCCE,bounded,MCCE_bounded,1,OK,15.1,0.025529146194458,2.5700000000000003,3.0
AUC,3,aligned,1,389,MCCE,bounded+edit,MCCE_bounded+edit,1,OK,15.1,0.025529146194458,2.5700000000000003,3.0
AUC,3,aligned,1,390,NICE,native,NICE_native,0,immutable_changed:Test_1,15.05,0.006824254989624,2.56,3.0
AUC,3,aligned,1,390,NICE,bounded,NICE_bounded,0,below_policy_threshold;classifier_target_not_met,14.8,0.006824254989624,2.56,3.0
AUC,3,aligned,1,390,NICE,bounded+edit,NICE_bounded+edit,0,below_policy_threshold;classifier_target_not_met,14.8,0.006824254989624,2.56,3.0
AUC,3,aligned,1,390,MCCE,native,MCCE_native,0,below_policy_threshold,15.0,0.0240294933319091,2.63076246978686,4.0
AUC,3,aligned,1,390,MCCE,bounded,MCCE_bounded,0,below_policy_threshold,15.0,0.0240294933319091,2.63076246978686,4.0
AUC,3,aligned,1,390,MCCE,bounded+edit,MCCE_bounded+edit,0,below_policy_threshold,15.0,0.0240294933319091,2.63076246978686,4.0
AUC,3,aligned,1,395,NICE,native,NICE_native,1,OK,15.15,0.0054571628570556,2.61,3.0
AUC,3,aligned,1,395,NICE,bounded,NICE_bounded,1,OK,15.15,0.0054571628570556,2.61,3.0
AUC,3,aligned,1,395,NICE,bounded+edit,NICE_bounded+edit,1,OK,15.15,0.0054571628570556,2.61,3.0
AUC,3,aligned,1,395,MCCE,native,MCCE_native,1,OK,15.1,0.0235102176666259,2.652840158520476,4.0
AUC,3,aligned,1,395,MCCE,bounded,MCCE_bounded,1,OK,15.1,0.0235102176666259,2.652840158520476,4.0
AUC,3,aligned,1,395,MCCE,bounded+edit,MCCE_bounded+edit,1,OK,15.1,0.0235102176666259,2.652840158520476,4.0
AUC,3,aligned,1,400,NICE,native,NICE_native,0,immutable_changed:Test_1,15.05,0.0069551467895507,2.56,3.0
AUC,3,aligned,1,400,NICE,bounded,NICE_bounded,0,below_policy_threshold;classifier_target_not_met,14.975,0.0069551467895507,2.56,3.0
AUC,3,aligned,1,400,NICE,bounded+edit,NICE_bounded+edit,0,below_policy_threshold;classifier_target_not_met,14.975,0.0069551467895507,2.56,3.0
AUC,3,aligned,1,400,MCCE,native,MCCE_native,0,out_of_bounds:sum_click,15.075,0.0243678092956542,2.641796512911057,4.0
AUC,3,aligned,1,400,MCCE,bounded,MCCE_bounded,1,OK,15.075,0.0243678092956542,2.778631648642684,4.0
AUC,3,aligned,1,400,MCCE,bounded+edit,MCCE_bounded+edit,1,OK,15.075,0.0243678092956542,2.778631648642684,4.0
AUC,3,aligned,1,401,NICE,native,NICE_native,0,below_policy_threshold;immutable_changed:Test_1,11.025,0.0055503845214843,1.75,2.0
AUC,3,aligned,1,401,NICE,bounded,NICE_bounded,0,below_policy_threshold;classifier_target_not_met,10.0,0.0055503845214843,1.75,2.0
AUC,3,aligned,1,401,NICE,bounded+edit,NICE_bounded+edit,0,below_policy_threshold;classifier_target_not_met,10.0,0.0055503845214843,1.75,2.0
AUC,3,aligned,1,401,MCCE,native,MCCE_native,0,no_candidate,,0.0169825553894042,,
AUC,3,aligned,1,401,MCCE,bounded,MCCE_bounded,0,no_candidate,,0.0169825553894042,,
AUC,3,aligned,1,401,MCCE,bounded+edit,MCCE_bounded+edit,0,no_candidate,,0.0169825553894042,,
AUC,3,aligned,1,406,NICE,native,NICE_native,0,below_policy_threshold,11.25,0.0041923522949218,1.8,2.0
AUC,3,aligned,1,406,NICE,bounded,NICE_bounded,0,below_policy_threshold,11.25,0.0041923522949218,1.8,2.0
AUC,3,aligned,1,406,NICE,bounded+edit,NICE_bounded+edit,1,OK,15.13888888888889,0.0041923522949218,2.577777777777778,3.0
AUC,3,aligned,1,406,MCCE,native,MCCE_native,1,OK,15.05,0.020892858505249,2.56,3.0
AUC,3,aligned,1,406,MCCE,bounded,MCCE_bounded,1,OK,15.05,0.020892858505249,2.56,3.0
AUC,3,aligned,1,406,MCCE,bounded+edit,MCCE_bounded+edit,1,OK,15.05,0.020892858505249,2.56,3.0
AUC,3,aligned,1,409,NICE,native,NICE_native,1,OK,15.05,0.0053775310516357,2.56,3.0
AUC,3,aligned,1,409,NICE,bounded,NICE_bounded,1,OK,15.05,0.0053775310516357,2.56,3.0
AUC,3,aligned,1,409,NICE,bounded+edit,NICE_bounded+edit,1,OK,15.05,0.0053775310516357,2.56,3.0
AUC,3,aligned,1,409,MCCE,native,MCCE_native,0,below_policy_threshold,14.95,0.0251338481903076,2.569146021568056,4.0
AUC,3,aligned,1,409,MCCE,bounded,MCCE_bounded,0,below_policy_threshold,14.95,0.0251338481903076,2.569146021568056,4.0
AUC,3,aligned,1,409,MCCE,bounded+edit,MCCE_bounded+edit,0,below_policy_threshold,14.95,0.0251338481903076,2.569146021568056,4.0
AUC,3,aligned,1,417,NICE,native,NICE_native,0,below_policy_threshold;immutable_changed:Test_1,11.025,0.0054588317871093,1.75,2.0
AUC,3,aligned,1,417,NICE,bounded,NICE_bounded,0,below_policy_threshold;classifier_target_not_met,8.75,0.0054588317871093,1.75,2.0
AUC,3,aligned,1,417,NICE,bounded+edit,NICE_bounded+edit,0,below_policy_threshold;classifier_target_not_met,8.75,0.0054588317871093,1.75,2.0
AUC,3,aligned,1,417,MCCE,native,MCCE_native,0,no_candidate,,0.0157926082611084,,
AUC,3,aligned,1,417,MCCE,bounded,MCCE_bounded,0,no_candidate,,0.0157926082611084,,
AUC,3,aligned,1,417,MCCE,bounded+edit,MCCE_bounded+edit,0,no_candidate,,0.0157926082611084,,
AUC,3,aligned,1,429,NICE,native,NICE_native,1,OK,15.15,0.005389928817749,2.58,3.0
AUC,3,aligned,1,429,NICE,bounded,NICE_bounded,1,OK,15.15,0.005389928817749,2.58,3.0
AUC,3,aligned,1,429,NICE,bounded+edit,NICE_bounded+edit,1,OK,15.15,0.005389928817749,2.58,3.0
AUC,3,aligned,1,429,MCCE,native,MCCE_native,1,OK,15.85,0.025792121887207,2.72,3.0
AUC,3,aligned,1,429,MCCE,bounded,MCCE_bounded,1,OK,15.85,0.025792121887207,2.72,3.0
AUC,3,aligned,1,429,MCCE,bounded+edit,MCCE_bounded+edit,1,OK,15.85,0.025792121887207,2.72,3.0
AUC,3,aligned,1,450,NICE,native,NICE_native,0,below_policy_threshold,15.0,0.0070064067840576,2.56,3.0
AUC,3,aligned,1,450,NICE,bounded,NICE_bounded,0,below_policy_threshold,15.0,0.0070064067840576,2.56,3.0
AUC,3,aligned,1,450,NICE,bounded+edit,NICE_bounded+edit,0,below_policy_threshold,15.0,0.0070064067840576,2.56,3.0
AUC,3,aligned,1,450,MCCE,native,MCCE_native,1,OK,15.05,0.0248188972473144,2.623138492195284,4.0
AUC,3,aligned,1,450,MCCE,bounded,MCCE_bounded,1,OK,15.05,0.0248188972473144,2.623138492195284,4.0
AUC,3,aligned,1,450,MCCE,bounded+edit,MCCE_bounded+edit,1,OK,15.05,0.0248188972473144,2.623138492195284,4.0
AUC,3,aligned,1,451,NICE,native,NICE_native,1,OK,15.55,0.006005048751831,2.665,3.0
AUC,3,aligned,1,451,NICE,bounded,NICE_bounded,1,OK,15.55,0.006005048751831,2.665,3.0
AUC,3,aligned,1,451,NICE,bounded+edit,NICE_bounded+edit,1,OK,15.55,0.006005048751831,2.665,3.0
AUC,3,aligned,1,451,MCCE,native,MCCE_native,1,OK,15.025,0.0231332778930664,2.56,3.0
AUC,3,aligned,1,451,MCCE,bounded,MCCE_bounded,1,OK,15.025,0.0231332778930664,2.56,3.0
AUC,3,aligned,1,451,MCCE,bounded+edit,MCCE_bounded+edit,1,OK,15.025,0.0231332778930664,2.56,3.0
AUC,3,aligned,1,454,NICE,native,NICE_native,0,immutable_changed:Test_1,15.05,0.0078184604644775,2.56,3.0
AUC,3,aligned,1,454,NICE,bounded,NICE_bounded,0,below_policy_threshold;classifier_target_not_met,14.95,0.0078184604644775,2.56,3.0
AUC,3,aligned,1,454,NICE,bounded+edit,NICE_bounded+edit,0,below_policy_threshold;classifier_target_not_met,14.95,0.0078184604644775,2.56,3.0
AUC,3,aligned,1,454,MCCE,native,MCCE_native,1,OK,16.55,0.0263338088989257,2.88,3.0
AUC,3,aligned,1,454,MCCE,bounded,MCCE_bounded,1,OK,16.55,0.0263338088989257,2.88,3.0
AUC,3,aligned,1,454,MCCE,bounded+edit,MCCE_bounded+edit,1,OK,16.55,0.0263338088989257,2.88,3.0
AUC,3,aligned,1,463,NICE,native,NICE_native,0,below_policy_threshold,14.7,0.005547285079956,2.65,3.0
AUC,3,aligned,1,463,NICE,bounded,NICE_bounded,0,below_policy_threshold,14.7,0.005547285079956,2.65,3.0
AUC,3,aligned,1,463,NICE,bounded+edit,NICE_bounded+edit,0,below_policy_threshold,14.7,0.005547285079956,2.65,3.0
AUC,3,aligned,1,463,MCCE,native,MCCE_native,0,no_candidate,,0.0211794376373291,,
AUC,3,aligned,1,463,MCCE,bounded,MCCE_bounded,0,no_candidate,,0.0211794376373291,,
AUC,3,aligned,1,463,MCCE,bounded+edit,MCCE_bounded+edit,0,no_candidate,,0.0211794376373291,,
AUC,3,aligned,1,466,NICE,native,NICE_native,1,OK,15.05,0.0076644420623779,2.56,3.0
AUC,3,aligned,1,466,NICE,bounded,NICE_bounded,1,OK,15.05,0.0076644420623779,2.56,3.0
AUC,3,aligned,1,466,NICE,bounded+edit,NICE_bounded+edit,1,OK,15.05,0.0076644420623779,2.56,3.0
AUC,3,aligned,1,466,MCCE,native,MCCE_native,1,OK,16.0,0.0362460613250732,2.75,3.0
AUC,3,aligned,1,466,MCCE,bounded,MCCE_bounded,1,OK,16.0,0.0362460613250732,2.75,3.0
AUC,3,aligned,1,466,MCCE,bounded+edit,MCCE_bounded+edit,1,OK,16.0,0.0362460613250732,2.75,3.0
AUC,3,aligned,1,468,NICE,native,NICE_native,1,OK,15.15,0.0054800510406494,2.58,3.0
AUC,3,aligned,1,468,NICE,bounded,NICE_bounded,1,OK,15.15,0.0054800510406494,2.58,3.0
AUC,3,aligned,1,468,NICE,bounded+edit,NICE_bounded+edit,1,OK,15.15,0.0054800510406494,2.58,3.0
AUC,3,aligned,1,468,MCCE,native,MCCE_native,0,below_policy_threshold;out_of_bounds:sum_click,14.95,0.0263562202453613,2.768697897454814,4.0
AUC,3,aligned,1,468,MCCE,bounded,MCCE_bounded,1,OK,15.25,0.0263562202453613,2.6221320545924014,4.0
AUC,3,aligned,1,468,MCCE,bounded+edit,MCCE_bounded+edit,1,OK,15.25,0.0263562202453613,2.6221320545924014,4.0
AUC,3,aligned,1,470,NICE,native,NICE_native,1,OK,15.05,0.0054137706756591,2.56,3.0
AUC,3,aligned,1,470,NICE,bounded,NICE_bounded,1,OK,15.05,0.0054137706756591,2.56,3.0
AUC,3,aligned,1,470,NICE,bounded+edit,NICE_bounded+edit,1,OK,15.05,0.0054137706756591,2.56,3.0
AUC,3,aligned,1,470,MCCE,native,MCCE_native,1,OK,15.9,0.02555513381958,2.7300000000000004,3.0
AUC,3,aligned,1,470,MCCE,bounded,MCCE_bounded,1,OK,15.9,0.02555513381958,2.7300000000000004,3.0
AUC,3,aligned,1,470,MCCE,bounded+edit,MCCE_bounded+edit,1,OK,15.9,0.02555513381958,2.7300000000000004,3.0
AUC,3,aligned,1,475,NICE,native,NICE_native,1,OK,15.05,0.0054554939270019,2.57,3.0
AUC,3,aligned,1,475,NICE,bounded,NICE_bounded,1,OK,15.05,0.0054554939270019,2.57,3.0
AUC,3,aligned,1,475,NICE,bounded+edit,NICE_bounded+edit,1,OK,15.05,0.0054554939270019,2.57,3.0
AUC,3,aligned,1,475,MCCE,native,MCCE_native,1,OK,16.15,0.0260629653930664,2.79,3.0
AUC,3,aligned,1,475,MCCE,bounded,MCCE_bounded,1,OK,16.15,0.0260629653930664,2.79,3.0
AUC,3,aligned,1,475,MCCE,bounded+edit,MCCE_bounded+edit,1,OK,16.15,0.0260629653930664,2.79,3.0
AUC,3,aligned,1,523,NICE,native,NICE_native,0,below_policy_threshold;immutable_changed:Test_1,11.025,0.0054340362548828,1.75,2.0
AUC,3,aligned,1,523,NICE,bounded,NICE_bounded,0,below_policy_threshold;classifier_target_not_met,10.5,0.0054340362548828,1.75,2.0
AUC,3,aligned,1,523,NICE,bounded+edit,NICE_bounded+edit,1,OK,15.5,0.0054340362548828,2.75,3.0
AUC,3,aligned,1,523,MCCE,native,MCCE_native,0,below_policy_threshold,15.0,0.0228667259216308,2.671310602024507,4.0
AUC,3,aligned,1,523,MCCE,bounded,MCCE_bounded,0,below_policy_threshold,15.0,0.0228667259216308,2.671310602024507,4.0
AUC,3,aligned,1,523,MCCE,bounded+edit,MCCE_bounded+edit,0,below_policy_threshold,15.0,0.0228667259216308,2.671310602024507,4.0
AUC,3,aligned,1,524,NICE,native,NICE_native,0,below_policy_threshold;immutable_changed:Test_1,11.025,0.0054450035095214,1.75,2.0
AUC,3,aligned,1,524,NICE,bounded,NICE_bounded,0,below_policy_threshold;classifier_target_not_met,8.75,0.0054450035095214,1.75,2.0
AUC,3,aligned,1,524,NICE,bounded+edit,NICE_bounded+edit,0,below_policy_threshold;classifier_target_not_met,8.75,0.0054450035095214,1.75,2.0
AUC,3,aligned,1,524,MCCE,native,MCCE_native,0,no_candidate,,0.0157291889190673,,
AUC,3,aligned,1,524,MCCE,bounded,MCCE_bounded,0,no_candidate,,0.0157291889190673,,
AUC,3,aligned,1,524,MCCE,bounded+edit,MCCE_bounded+edit,0,no_candidate,,0.0157291889190673,,
AUC,3,aligned,1,529,NICE,native,NICE_native,0,below_policy_threshold,15.0,0.0056574344635009,2.65,3.0
AUC,3,aligned,1,529,NICE,bounded,NICE_bounded,0,below_policy_threshold,15.0,0.0056574344635009,2.65,3.0
AUC,3,aligned,1,529,NICE,bounded+edit,NICE_bounded+edit,0,below_policy_threshold,15.0,0.0056574344635009,2.65,3.0
AUC,3,aligned,1,529,MCCE,native,MCCE_native,0,below_policy_threshold,14.75,0.0240716934204101,2.667514931186705,4.0
AUC,3,aligned,1,529,MCCE,bounded,MCCE_bounded,0,below_policy_threshold,14.75,0.0240716934204101,2.667514931186705,4.0
AUC,3,aligned,1,529,MCCE,bounded+edit,MCCE_bounded+edit,0,below_policy_threshold,14.75,0.0240716934204101,2.667514931186705,4.0
AUC,3,aligned,1,536,NICE,native,NICE_native,1,OK,15.1,0.0055859088897705,2.62,3.0
AUC,3,aligned,1,536,NICE,bounded,NICE_bounded,1,OK,15.1,0.0055859088897705,2.62,3.0
AUC,3,aligned,1,536,NICE,bounded+edit,NICE_bounded+edit,1,OK,15.1,0.0055859088897705,2.62,3.0
AUC,3,aligned,1,536,MCCE,native,MCCE_native,0,below_policy_threshold;out_of_bounds:sum_click,15.0,0.02470064163208,2.6376382027758174,4.0
AUC,3,aligned,1,536,MCCE,bounded,MCCE_bounded,1,OK,15.05,0.02470064163208,2.624114326040932,4.0
AUC,3,aligned,1,536,MCCE,bounded+edit,MCCE_bounded+edit,1,OK,15.05,0.02470064163208,2.624114326040932,4.0
AUC,3,aligned,1,546,NICE,native,NICE_native,1,OK,15.05,0.0054864883422851,2.65,3.0
AUC,3,aligned,1,546,NICE,bounded,NICE_bounded,1,OK,15.05,0.0054864883422851,2.65,3.0
AUC,3,aligned,1,546,NICE,bounded+edit,NICE_bounded+edit,1,OK,15.05,0.0054864883422851,2.65,3.0
AUC,3,aligned,1,546,MCCE,native,MCCE_native,0,below_policy_threshold,14.45,0.0229284763336181,2.738822761681023,4.0
AUC,3,aligned,1,546,MCCE,bounded,MCCE_bounded,0,below_policy_threshold,14.45,0.0229284763336181,2.738822761681023,4.0
AUC,3,aligned,1,546,MCCE,bounded+edit,MCCE_bounded+edit,0,below_policy_threshold,14.45,0.0229284763336181,2.738822761681023,4.0
AUC,3,aligned,1,547,NICE,native,NICE_native,0,immutable_changed:Test_1,15.05,0.0066285133361816,2.56,3.0
AUC,3,aligned,1,547,NICE,bounded,NICE_bounded,0,below_policy_threshold;classifier_target_not_met,14.8,0.0066285133361816,2.56,3.0
AUC,3,aligned,1,547,NICE,bounded+edit,NICE_bounded+edit,0,below_policy_threshold;classifier_target_not_met,14.8,0.0066285133361816,2.56,3.0
AUC,3,aligned,1,547,MCCE,native,MCCE_native,1,OK,15.35,0.0235621929168701,2.67,3.0
AUC,3,aligned,1,547,MCCE,bounded,MCCE_bounded,1,OK,15.35,0.0235621929168701,2.67,3.0
AUC,3,aligned,1,547,MCCE,bounded+edit,MCCE_bounded+edit,1,OK,15.35,0.0235621929168701,2.67,3.0
AUC,3,aligned,1,554,NICE,native,NICE_native,0,below_policy_threshold;immutable_changed:Test_1,11.025,0.0056748390197753,1.75,2.0
AUC,3,aligned,1,554,NICE,bounded,NICE_bounded,0,below_policy_threshold;classifier_target_not_met,10.25,0.0056748390197753,1.75,2.0
AUC,3,aligned,1,554,NICE,bounded+edit,NICE_bounded+edit,1,OK,15.25,0.0056748390197753,2.75,3.0
AUC,3,aligned,1,554,MCCE,native,MCCE_native,0,below_policy_threshold,14.75,0.0226886272430419,2.792029527191179,4.0
AUC,3,aligned,1,554,MCCE,bounded,MCCE_bounded,0,below_policy_threshold,14.75,0.0226886272430419,2.792029527191179,4.0
AUC,3,aligned,1,554,MCCE,bounded+edit,MCCE_bounded+edit,0,below_policy_threshold,14.75,0.0226886272430419,2.792029527191179,4.0
AUC,3,aligned,1,582,NICE,native,NICE_native,0,below_policy_threshold,11.0,0.0040736198425292,1.75,2.0
AUC,3,aligned,1,582,NICE,bounded,NICE_bounded,0,below_policy_threshold,11.0,0.0040736198425292,1.75,2.0
AUC,3,aligned,1,582,NICE,bounded+edit,NICE_bounded+edit,1,OK,15.444444444444445,0.0040736198425292,2.638888888888889,3.0
AUC,3,aligned,1,582,MCCE,native,MCCE_native,0,below_policy_threshold,14.75,0.0254158973693847,2.59246773261414,4.0
AUC,3,aligned,1,582,MCCE,bounded,MCCE_bounded,0,below_policy_threshold,14.75,0.0254158973693847,2.59246773261414,4.0
AUC,3,aligned,1,582,MCCE,bounded+edit,MCCE_bounded+edit,0,below_policy_threshold,14.75,0.0254158973693847,2.59246773261414,4.0
AUC,3,aligned,1,587,NICE,native,NICE_native,0,below_policy_threshold;immutable_changed:Test_1,11.025,0.0055620670318603,1.75,2.0
AUC,3,aligned,1,587,NICE,bounded,NICE_bounded,0,below_policy_threshold;classifier_target_not_met,10.375,0.0055620670318603,1.75,2.0
AUC,3,aligned,1,587,NICE,bounded+edit,NICE_bounded+edit,1,OK,15.375,0.0055620670318603,2.75,3.0
AUC,3,aligned,1,587,MCCE,native,MCCE_native,1,OK,15.525,0.0225405693054199,2.9123001323001327,4.0
AUC,3,aligned,1,587,MCCE,bounded,MCCE_bounded,1,OK,15.525,0.0225405693054199,2.9123001323001327,4.0
AUC,3,aligned,1,587,MCCE,bounded+edit,MCCE_bounded+edit,1,OK,15.525,0.0225405693054199,2.9123001323001327,4.0
AUC,3,aligned,1,593,NICE,native,NICE_native,1,OK,15.05,0.0057060718536376,2.56,3.0
AUC,3,aligned,1,593,NICE,bounded,NICE_bounded,1,OK,15.05,0.0057060718536376,2.56,3.0
AUC,3,aligned,1,593,NICE,bounded+edit,NICE_bounded+edit,1,OK,15.05,0.0057060718536376,2.56,3.0
AUC,3,aligned,1,593,MCCE,native,MCCE_native,1,OK,15.1,0.0247020721435546,2.5700000000000003,3.0
AUC,3,aligned,1,593,MCCE,bounded,MCCE_bounded,1,OK,15.1,0.0247020721435546,2.5700000000000003,3.0
AUC,3,aligned,1,593,MCCE,bounded+edit,MCCE_bounded+edit,1,OK,15.1,0.0247020721435546,2.5700000000000003,3.0
AUC,3,aligned,1,598,NICE,native,NICE_native,1,OK,15.05,0.0079600811004638,2.56,3.0
AUC,3,aligned,1,598,NICE,bounded,NICE_bounded,1,OK,15.05,0.0079600811004638,2.56,3.0
AUC,3,aligned,1,598,NICE,bounded+edit,NICE_bounded+edit,1,OK,15.05,0.0079600811004638,2.56,3.0
AUC,3,aligned,1,598,MCCE,native,MCCE_native,1,OK,15.9,0.0264952182769775,2.7300000000000004,3.0
AUC,3,aligned,1,598,MCCE,bounded,MCCE_bounded,1,OK,15.9,0.0264952182769775,2.7300000000000004,3.0
AUC,3,aligned,1,598,MCCE,bounded+edit,MCCE_bounded+edit,1,OK,15.9,0.0264952182769775,2.7300000000000004,3.0
AUC,3,aligned,1,629,NICE,native,NICE_native,0,below_policy_threshold,14.8,0.0060863494873046,2.61,3.0
AUC,3,aligned,1,629,NICE,bounded,NICE_bounded,0,below_policy_threshold,14.8,0.0060863494873046,2.61,3.0
AUC,3,aligned,1,629,NICE,bounded+edit,NICE_bounded+edit,0,below_policy_threshold,14.8,0.0060863494873046,2.61,3.0
AUC,3,aligned,1,629,MCCE,native,MCCE_native,0,below_policy_threshold,14.75,0.0243945121765136,2.6642312324367725,4.0
AUC,3,aligned,1,629,MCCE,bounded,MCCE_bounded,0,below_policy_threshold,14.75,0.0243945121765136,2.6642312324367725,4.0
AUC,3,aligned,1,629,MCCE,bounded+edit,MCCE_bounded+edit,0,below_policy_threshold,14.75,0.0243945121765136,2.6642312324367725,4.0
AUC,3,aligned,1,630,NICE,native,NICE_native,0,below_policy_threshold,14.5,0.005782127380371,2.65,3.0
AUC,3,aligned,1,630,NICE,bounded,NICE_bounded,0,below_policy_threshold,14.5,0.005782127380371,2.65,3.0
AUC,3,aligned,1,630,NICE,bounded+edit,NICE_bounded+edit,0,below_policy_threshold,14.5,0.005782127380371,2.65,3.0
AUC,3,aligned,1,630,MCCE,native,MCCE_native,0,no_candidate,,0.0210897922515869,,
AUC,3,aligned,1,630,MCCE,bounded,MCCE_bounded,0,no_candidate,,0.0210897922515869,,
AUC,3,aligned,1,630,MCCE,bounded+edit,MCCE_bounded+edit,0,no_candidate,,0.0210897922515869,,
AUC,3,aligned,1,642,NICE,native,NICE_native,0,below_policy_threshold;immutable_changed:Test_1,11.025,0.0055763721466064,1.75,2.0
AUC,3,aligned,1,642,NICE,bounded,NICE_bounded,0,below_policy_threshold;classifier_target_not_met,8.75,0.0055763721466064,1.75,2.0
AUC,3,aligned,1,642,NICE,bounded+edit,NICE_bounded+edit,0,below_policy_threshold;classifier_target_not_met,8.75,0.0055763721466064,1.75,2.0
AUC,3,aligned,1,642,MCCE,native,MCCE_native,0,no_candidate,,0.0160212516784667,,
AUC,3,aligned,1,642,MCCE,bounded,MCCE_bounded,0,no_candidate,,0.0160212516784667,,
AUC,3,aligned,1,642,MCCE,bounded+edit,MCCE_bounded+edit,0,no_candidate,,0.0160212516784667,,
AUC,3,aligned,1,653,NICE,native,NICE_native,0,below_policy_threshold,14.95,0.0060963630676269,2.5500000000000003,3.0
AUC,3,aligned,1,653,NICE,bounded,NICE_bounded,0,below_policy_threshold,14.95,0.0060963630676269,2.5500000000000003,3.0
AUC,3,aligned,1,653,NICE,bounded+edit,NICE_bounded+edit,0,below_policy_threshold,14.95,0.0060963630676269,2.5500000000000003,3.0
AUC,3,aligned,1,653,MCCE,native,MCCE_native,0,below_policy_threshold,14.95,0.0272350311279296,2.60188585112752,4.0
AUC,3,aligned,1,653,MCCE,bounded,MCCE_bounded,0,below_policy_threshold,14.95,0.0272350311279296,2.60188585112752,4.0
AUC,3,aligned,1,653,MCCE,bounded+edit,MCCE_bounded+edit,0,below_policy_threshold,14.95,0.0272350311279296,2.60188585112752,4.0
AUC,3,aligned,1,655,NICE,native,NICE_native,1,OK,15.125,0.0053341388702392,2.65,3.0
AUC,3,aligned,1,655,NICE,bounded,NICE_bounded,1,OK,15.125,0.0053341388702392,2.65,3.0
AUC,3,aligned,1,655,NICE,bounded+edit,NICE_bounded+edit,1,OK,15.125,0.0053341388702392,2.65,3.0
AUC,3,aligned,1,655,MCCE,native,MCCE_native,0,below_policy_threshold,14.975,0.023259162902832,2.68074411541382,4.0
AUC,3,aligned,1,655,MCCE,bounded,MCCE_bounded,0,below_policy_threshold,14.975,0.023259162902832,2.68074411541382,4.0
AUC,3,aligned,1,655,MCCE,bounded+edit,MCCE_bounded+edit,0,below_policy_threshold,14.975,0.023259162902832,2.68074411541382,4.0
AUC,3,aligned,1,662,NICE,native,NICE_native,0,out_of_bounds:sum_click;immutable_changed:Test_1,15.05,0.0120925903320312,2.7126329178326123,4.0
AUC,3,aligned,1,662,NICE,bounded,NICE_bounded,0,below_policy_threshold;classifier_target_not_met,14.925,0.0120925903320312,2.56,3.0
AUC,3,aligned,1,662,NICE,bounded+edit,NICE_bounded+edit,0,below_policy_threshold;classifier_target_not_met,14.925,0.0120925903320312,2.56,3.0
AUC,3,aligned,1,662,MCCE,native,MCCE_native,0,below_policy_threshold;out_of_bounds:sum_click,14.975,0.0253355503082275,2.6819308064105822,4.0
AUC,3,aligned,1,662,MCCE,bounded,MCCE_bounded,1,OK,15.375,0.0253355503082275,2.6601755278555075,4.0
AUC,3,aligned,1,662,MCCE,bounded+edit,MCCE_bounded+edit,1,OK,15.375,0.0253355503082275,2.6601755278555075,4.0
AUC,3,aligned,1,663,NICE,native,NICE_native,0,below_policy_threshold;immutable_changed:Test_1,11.025,0.005521535873413,1.75,2.0
AUC,3,aligned,1,663,NICE,bounded,NICE_bounded,0,below_policy_threshold;classifier_target_not_met,10.7,0.005521535873413,1.75,2.0
AUC,3,aligned,1,663,NICE,bounded+edit,NICE_bounded+edit,1,OK,15.144444444444446,0.005521535873413,2.638888888888889,3.0
AUC,3,aligned,1,663,MCCE,native,MCCE_native,0,below_policy_threshold,14.7,0.0240755081176757,2.9265307987570828,4.0
AUC,3,aligned,1,663,MCCE,bounded,MCCE_bounded,0,below_policy_threshold,14.7,0.0240755081176757,2.9265307987570828,4.0
AUC,3,aligned,1,663,MCCE,bounded+edit,MCCE_bounded+edit,0,below_policy_threshold,14.7,0.0240755081176757,2.9265307987570828,4.0
AUC,3,aligned,2,14,NICE,native,NICE_native,0,immutable_changed:Test_2,15.125,0.0055911540985107,1.73,2.0
AUC,3,aligned,2,14,NICE,bounded,NICE_bounded,0,below_policy_threshold;classifier_target_not_met,13.225,0.0055911540985107,1.73,2.0
AUC,3,aligned,2,14,NICE,bounded+edit,NICE_bounded+edit,0,below_policy_threshold;classifier_target_not_met,13.225,0.0055911540985107,1.73,2.0
AUC,3,aligned,2,14,MCCE,native,MCCE_native,0,no_candidate,,0.0350008010864257,,
AUC,3,aligned,2,14,MCCE,bounded,MCCE_bounded,0,no_candidate,,0.0350008010864257,,
AUC,3,aligned,2,14,MCCE,bounded+edit,MCCE_bounded+edit,0,no_candidate,,0.0350008010864257,,
AUC,3,aligned,2,31,NICE,native,NICE_native,0,immutable_changed:Test_1;immutable_changed:Test_2,15.05,0.0071916580200195,1.66,2.0
AUC,3,aligned,2,31,NICE,bounded,NICE_bounded,0,below_policy_threshold;classifier_target_not_met,14.675,0.0071916580200195,1.66,2.0
AUC,3,aligned,2,31,NICE,bounded+edit,NICE_bounded+edit,0,below_policy_threshold;classifier_target_not_met,14.675,0.0071916580200195,1.66,2.0
AUC,3,aligned,2,31,MCCE,native,MCCE_native,0,out_of_bounds:sum_click,15.225,0.0215809345245361,1.7765125366330186,3.0
AUC,3,aligned,2,31,MCCE,bounded,MCCE_bounded,1,OK,15.775,0.0215809345245361,1.906050146532074,3.0
AUC,3,aligned,2,31,MCCE,bounded+edit,MCCE_bounded+edit,1,OK,15.775,0.0215809345245361,1.906050146532074,3.0
AUC,3,aligned,2,37,NICE,native,NICE_native,0,below_policy_threshold;immutable_changed:Test_1,10.975,0.0085999965667724,0.85,1.0
AUC,3,aligned,2,37,NICE,bounded,NICE_bounded,0,below_policy_threshold;classifier_target_not_met,10.2,0.0085999965667724,0.85,1.0
AUC,3,aligned,2,37,NICE,bounded+edit,NICE_bounded+edit,1,OK,15.2,0.0085999965667724,1.85,2.0
AUC,3,aligned,2,37,MCCE,native,MCCE_native,1,OK,15.4,0.0255012512207031,1.9701442596674013,3.0
AUC,3,aligned,2,37,MCCE,bounded,MCCE_bounded,1,OK,15.4,0.0255012512207031,1.9701442596674013,3.0
AUC,3,aligned,2,37,MCCE,bounded+edit,MCCE_bounded+edit,1,OK,15.4,0.0255012512207031,1.9701442596674013,3.0
AUC,3,aligned,2,45,NICE,native,NICE_native,0,immutable_changed:Test_1;immutable_changed:Test_2,15.05,0.006875991821289,1.66,2.0
AUC,3,aligned,2,45,NICE,bounded,NICE_bounded,0,below_policy_threshold;classifier_target_not_met,14.575,0.006875991821289,1.66,2.0
AUC,3,aligned,2,45,NICE,bounded+edit,NICE_bounded+edit,0,below_policy_threshold;classifier_target_not_met,14.575,0.006875991821289,1.66,2.0
AUC,3,aligned,2,45,MCCE,native,MCCE_native,1,OK,15.225,0.0228023529052734,1.8568208686712928,3.0
AUC,3,aligned,2,45,MCCE,bounded,MCCE_bounded,1,OK,15.225,0.0228023529052734,1.8568208686712928,3.0
AUC,3,aligned,2,45,MCCE,bounded+edit,MCCE_bounded+edit,1,OK,15.225,0.0228023529052734,1.8568208686712928,3.0
AUC,3,aligned,2,46,NICE,native,NICE_native,0,below_policy_threshold;immutable_changed:Test_2,11.075,0.004587173461914,0.85,1.0
AUC,3,aligned,2,46,NICE,bounded,NICE_bounded,0,below_policy_threshold;classifier_target_not_met,6.575,0.004587173461914,0.85,1.0
AUC,3,aligned,2,46,NICE,bounded+edit,NICE_bounded+edit,0,below_policy_threshold;classifier_target_not_met,6.575,0.004587173461914,0.85,1.0
AUC,3,aligned,2,46,MCCE,native,MCCE_native,0,no_candidate,,0.0151598453521728,,
AUC,3,aligned,2,46,MCCE,bounded,MCCE_bounded,0,no_candidate,,0.0151598453521728,,
AUC,3,aligned,2,46,MCCE,bounded+edit,MCCE_bounded+edit,0,no_candidate,,0.0151598453521728,,
AUC,3,aligned,2,53,NICE,native,NICE_native,0,below_policy_threshold;immutable_changed:Test_1;immutable_changed:Test_2,11.025,0.0071074962615966,0.85,1.0
AUC,3,aligned,2,53,NICE,bounded,NICE_bounded,0,below_policy_threshold;classifier_target_not_met,9.25,0.0071074962615966,0.85,1.0
AUC,3,aligned,2,53,NICE,bounded+edit,NICE_bounded+edit,0,below_policy_threshold;classifier_target_not_met,9.25,0.0071074962615966,0.85,1.0
AUC,3,aligned,2,53,MCCE,native,MCCE_native,0,no_candidate,,0.0167174339294433,,
AUC,3,aligned,2,53,MCCE,bounded,MCCE_bounded,0,no_candidate,,0.0167174339294433,,
AUC,3,aligned,2,53,MCCE,bounded+edit,MCCE_bounded+edit,0,no_candidate,,0.0167174339294433,,
AUC,3,aligned,2,58,NICE,native,NICE_native,0,below_policy_threshold;immutable_changed:Test_1;immutable_changed:Test_2,11.025,0.0061249732971191,0.85,1.0
AUC,3,aligned,2,58,NICE,bounded,NICE_bounded,0,below_policy_threshold;classifier_target_not_met,10.7,0.0061249732971191,0.85,1.0
AUC,3,aligned,2,58,NICE,bounded+edit,NICE_bounded+edit,1,OK,15.144444444444444,0.0061249732971191,1.738888888888889,2.0
AUC,3,aligned,2,58,MCCE,native,MCCE_native,1,OK,15.15,0.0226378440856933,1.7721866827600083,3.0
AUC,3,aligned,2,58,MCCE,bounded,MCCE_bounded,1,OK,15.15,0.0226378440856933,1.7721866827600083,3.0
AUC,3,aligned,2,58,MCCE,bounded+edit,MCCE_bounded+edit,1,OK,15.15,0.0226378440856933,1.7721866827600083,3.0
AUC,3,aligned,2,61,NICE,native,NICE_native,0,below_policy_threshold;immutable_changed:Test_2,11.225,0.0043761730194091,0.85,1.0
AUC,3,aligned,2,61,NICE,bounded,NICE_bounded,0,below_policy_threshold;classifier_target_not_met,6.725,0.0043761730194091,0.85,1.0
AUC,3,aligned,2,61,NICE,bounded+edit,NICE_bounded+edit,0,below_policy_threshold;classifier_target_not_met,6.725,0.0043761730194091,0.85,1.0
AUC,3,aligned,2,61,MCCE,native,MCCE_native,0,no_candidate,,0.0152957439422607,,
AUC,3,aligned,2,61,MCCE,bounded,MCCE_bounded,0,no_candidate,,0.0152957439422607,,
AUC,3,aligned,2,61,MCCE,bounded+edit,MCCE_bounded+edit,0,no_candidate,,0.0152957439422607,,
AUC,3,aligned,2,67,NICE,native,NICE_native,0,immutable_changed:Test_1;immutable_changed:Test_2,15.05,0.0068476200103759,1.65,2.0
AUC,3,aligned,2,67,NICE,bounded,NICE_bounded,0,below_policy_threshold;classifier_target_not_met,14.625,0.0068476200103759,1.65,2.0
AUC,3,aligned,2,67,NICE,bounded+edit,NICE_bounded+edit,0,below_policy_threshold;classifier_target_not_met,14.625,0.0068476200103759,1.65,2.0
AUC,3,aligned,2,67,MCCE,native,MCCE_native,0,out_of_bounds:sum_click,15.225,0.0213048458099365,1.7745547711227512,3.0
AUC,3,aligned,2,67,MCCE,bounded,MCCE_bounded,1,OK,15.225,0.0213048458099365,1.9795194716465496,3.0
AUC,3,aligned,2,67,MCCE,bounded+edit,MCCE_bounded+edit,1,OK,15.225,0.0213048458099365,1.9795194716465496,3.0
AUC,3,aligned,2,73,NICE,native,NICE_native,0,immutable_changed:Test_2,15.05,0.0057463645935058,1.66,2.0
AUC,3,aligned,2,73,NICE,bounded,NICE_bounded,0,below_policy_threshold;classifier_target_not_met,14.55,0.0057463645935058,1.66,2.0
AUC,3,aligned,2,73,NICE,bounded+edit,NICE_bounded+edit,0,below_policy_threshold;classifier_target_not_met,14.55,0.0057463645935058,1.66,2.0
AUC,3,aligned,2,73,MCCE,native,MCCE_native,1,OK,15.1,0.0214548110961914,1.834672594987874,3.0
AUC,3,aligned,2,73,MCCE,bounded,MCCE_bounded,1,OK,15.1,0.0214548110961914,1.834672594987874,3.0
AUC,3,aligned,2,73,MCCE,bounded+edit,MCCE_bounded+edit,1,OK,15.1,0.0214548110961914,1.834672594987874,3.0
AUC,3,aligned,2,80,NICE,native,NICE_native,0,below_policy_threshold;immutable_changed:Test_2,14.95,0.0081465244293212,1.73,2.0
AUC,3,aligned,2,80,NICE,bounded,NICE_bounded,0,below_policy_threshold;classifier_target_not_met,14.1,0.0081465244293212,1.73,2.0
AUC,3,aligned,2,80,NICE,bounded+edit,NICE_bounded+edit,0,below_policy_threshold;classifier_target_not_met,14.1,0.0081465244293212,1.73,2.0
AUC,3,aligned,2,80,MCCE,native,MCCE_native,0,below_policy_threshold,14.45,0.0253121852874755,1.8584138395866097,3.0
AUC,3,aligned,2,80,MCCE,bounded,MCCE_bounded,0,below_policy_threshold,14.45,0.0253121852874755,1.8584138395866097,3.0
AUC,3,aligned,2,80,MCCE,bounded+edit,MCCE_bounded+edit,0,below_policy_threshold,14.45,0.0253121852874755,1.8584138395866097,3.0
AUC,3,aligned,2,81,NICE,native,NICE_native,0,below_policy_threshold;immutable_changed:Test_2,11.025,0.0041062831878662,0.85,1.0
AUC,3,aligned,2,81,NICE,bounded,NICE_bounded,0,below_policy_threshold;classifier_target_not_met,10.025,0.0041062831878662,0.85,1.0
AUC,3,aligned,2,81,NICE,bounded+edit,NICE_bounded+edit,1,OK,15.025,0.0041062831878662,1.85,2.0
AUC,3,aligned,2,81,MCCE,native,MCCE_native,0,below_policy_threshold,14.775,0.0201678276062011,1.909669164686529,3.0
AUC,3,aligned,2,81,MCCE,bounded,MCCE_bounded,0,below_policy_threshold,14.775,0.0201678276062011,1.909669164686529,3.0
AUC,3,aligned,2,81,MCCE,bounded+edit,MCCE_bounded+edit,0,below_policy_threshold,14.775,0.0201678276062011,1.909669164686529,3.0
AUC,3,aligned,2,95,NICE,native,NICE_native,0,immutable_changed:Test_1;immutable_changed:Test_2,15.05,0.0068888664245605,1.66,2.0
AUC,3,aligned,2,95,NICE,bounded,NICE_bounded,0,below_policy_threshold;classifier_target_not_met,10.4,0.0068888664245605,1.66,2.0
AUC,3,aligned,2,95,NICE,bounded+edit,NICE_bounded+edit,0,below_policy_threshold;classifier_target_not_met,10.4,0.0068888664245605,1.66,2.0
AUC,3,aligned,2,95,MCCE,native,MCCE_native,0,no_candidate,,0.0135755538940429,,
AUC,3,aligned,2,95,MCCE,bounded,MCCE_bounded,0,no_candidate,,0.0135755538940429,,
AUC,3,aligned,2,95,MCCE,bounded+edit,MCCE_bounded+edit,0,no_candidate,,0.0135755538940429,,
AUC,3,aligned,2,101,NICE,native,NICE_native,0,below_policy_threshold;immutable_changed:Test_1,14.45,0.0054841041564941,1.7400000000000002,2.0
AUC,3,aligned,2,101,NICE,bounded,NICE_bounded,0,below_policy_threshold;classifier_target_not_met,13.95,0.0054841041564941,1.7400000000000002,2.0
AUC,3,aligned,2,101,NICE,bounded+edit,NICE_bounded+edit,0,below_policy_threshold;classifier_target_not_met,13.95,0.0054841041564941,1.7400000000000002,2.0
AUC,3,aligned,2,101,MCCE,native,MCCE_native,0,no_candidate,,0.0139260292053222,,
AUC,3,aligned,2,101,MCCE,bounded,MCCE_bounded,0,no_candidate,,0.0139260292053222,,
AUC,3,aligned,2,101,MCCE,bounded+edit,MCCE_bounded+edit,0,no_candidate,,0.0139260292053222,,
AUC,3,aligned,2,103,NICE,native,NICE_native,0,immutable_changed:Test_2,15.05,0.0054864883422851,1.81,2.0
AUC,3,aligned,2,103,NICE,bounded,NICE_bounded,0,below_policy_threshold;classifier_target_not_met,13.55,0.0054864883422851,1.81,2.0
AUC,3,aligned,2,103,NICE,bounded+edit,NICE_bounded+edit,0,below_policy_threshold;classifier_target_not_met,13.55,0.0054864883422851,1.81,2.0
AUC,3,aligned,2,103,MCCE,native,MCCE_native,0,no_candidate,,0.0141084194183349,,
AUC,3,aligned,2,103,MCCE,bounded,MCCE_bounded,0,no_candidate,,0.0141084194183349,,
AUC,3,aligned,2,103,MCCE,bounded+edit,MCCE_bounded+edit,0,no_candidate,,0.0141084194183349,,
AUC,3,aligned,2,106,NICE,native,NICE_native,0,immutable_changed:Test_1;immutable_changed:Test_2,15.05,0.0066046714782714,1.65,2.0
AUC,3,aligned,2,106,NICE,bounded,NICE_bounded,0,below_policy_threshold;classifier_target_not_met,14.625,0.0066046714782714,1.65,2.0
AUC,3,aligned,2,106,NICE,bounded+edit,NICE_bounded+edit,0,below_policy_threshold;classifier_target_not_met,14.625,0.0066046714782714,1.65,2.0
AUC,3,aligned,2,106,MCCE,native,MCCE_native,0,out_of_bounds:sum_click,15.225,0.0201454162597656,1.8326355095157796,3.0
AUC,3,aligned,2,106,MCCE,bounded,MCCE_bounded,1,OK,15.225,0.0201454162597656,1.933815947964346,3.0
AUC,3,aligned,2,106,MCCE,bounded+edit,MCCE_bounded+edit,1,OK,15.225,0.0201454162597656,1.933815947964346,3.0
AUC,3,aligned,2,107,NICE,native,NICE_native,0,immutable_changed:Test_1;immutable_changed:Test_2,15.05,0.0067882537841796,1.65,2.0
AUC,3,aligned,2,107,NICE,bounded,NICE_bounded,0,below_policy_threshold;classifier_target_not_met,14.725,0.0067882537841796,1.65,2.0
AUC,3,aligned,2,107,NICE,bounded+edit,NICE_bounded+edit,0,below_policy_threshold;classifier_target_not_met,14.725,0.0067882537841796,1.65,2.0
AUC,3,aligned,2,107,MCCE,native,MCCE_native,0,out_of_bounds:sum_click,15.025,0.0202846527099609,1.7579198431714222,3.0
AUC,3,aligned,2,107,MCCE,bounded,MCCE_bounded,1,OK,15.225,0.0202846527099609,1.7543563493792202,3.0
AUC,3,aligned,2,107,MCCE,bounded+edit,MCCE_bounded+edit,1,OK,15.225,0.0202846527099609,1.7543563493792202,3.0
AUC,3,aligned,2,112,NICE,native,NICE_native,0,immutable_changed:Test_2,15.15,0.0055723190307617,1.7800000000000002,2.0
AUC,3,aligned,2,112,NICE,bounded,NICE_bounded,0,below_policy_threshold;classifier_target_not_met,14.9,0.0055723190307617,1.7800000000000002,2.0
AUC,3,aligned,2,112,NICE,bounded+edit,NICE_bounded+edit,0,below_policy_threshold;classifier_target_not_met,14.9,0.0055723190307617,1.7800000000000002,2.0
AUC,3,aligned,2,112,MCCE,native,MCCE_native,0,no_candidate,,0.0156960487365722,,
AUC,3,aligned,2,112,MCCE,bounded,MCCE_bounded,0,no_candidate,,0.0156960487365722,,
AUC,3,aligned,2,112,MCCE,bounded+edit,MCCE_bounded+edit,0,no_candidate,,0.0156960487365722,,
AUC,3,aligned,2,123,NICE,native,NICE_native,0,below_policy_threshold;immutable_changed:Test_2,14.875,0.0054118633270263,1.73,2.0
AUC,3,aligned,2,123,NICE,bounded,NICE_bounded,0,below_policy_threshold;classifier_target_not_met,14.125,0.0054118633270263,1.73,2.0
AUC,3,aligned,2,123,NICE,bounded+edit,NICE_bounded+edit,0,below_policy_threshold;classifier_target_not_met,14.125,0.0054118633270263,1.73,2.0
AUC,3,aligned,2,123,MCCE,native,MCCE_native,0,below_policy_threshold,14.475,0.0195183753967285,1.8182315405651777,3.0
AUC,3,aligned,2,123,MCCE,bounded,MCCE_bounded,0,below_policy_threshold,14.475,0.0195183753967285,1.8182315405651777,3.0
AUC,3,aligned,2,123,MCCE,bounded+edit,MCCE_bounded+edit,0,below_policy_threshold,14.475,0.0195183753967285,1.8182315405651777,3.0
AUC,3,aligned,2,124,NICE,native,NICE_native,0,immutable_changed:Test_2,15.025,0.0055499076843261,1.7800000000000002,2.0
AUC,3,aligned,2,124,NICE,bounded,NICE_bounded,0,below_policy_threshold;classifier_target_not_met,14.275,0.0055499076843261,1.7800000000000002,2.0
AUC,3,aligned,2,124,NICE,bounded+edit,NICE_bounded+edit,0,below_policy_threshold;classifier_target_not_met,14.275,0.0055499076843261,1.7800000000000002,2.0
AUC,3,aligned,2,124,MCCE,native,MCCE_native,0,no_candidate,,0.0183234214782714,,
AUC,3,aligned,2,124,MCCE,bounded,MCCE_bounded,0,no_candidate,,0.0183234214782714,,
AUC,3,aligned,2,124,MCCE,bounded+edit,MCCE_bounded+edit,0,no_candidate,,0.0183234214782714,,
AUC,3,aligned,2,132,NICE,native,NICE_native,1,OK,15.15,0.0045804977416992,1.7800000000000002,2.0
AUC,3,aligned,2,132,NICE,bounded,NICE_bounded,1,OK,15.15,0.0045804977416992,1.7800000000000002,2.0
AUC,3,aligned,2,132,NICE,bounded+edit,NICE_bounded+edit,1,OK,15.15,0.0045804977416992,1.7800000000000002,2.0
AUC,3,aligned,2,132,MCCE,native,MCCE_native,0,out_of_bounds:sum_click,15.15,0.0234520435333251,1.832253429131287,3.0
AUC,3,aligned,2,132,MCCE,bounded,MCCE_bounded,1,OK,15.95,0.0234520435333251,2.397217504898759,3.0
AUC,3,aligned,2,132,MCCE,bounded+edit,MCCE_bounded+edit,1,OK,15.95,0.0234520435333251,2.397217504898759,3.0
AUC,3,aligned,2,144,NICE,native,NICE_native,0,below_policy_threshold;immutable_changed:Test_2,11.0,0.0041134357452392,0.85,1.0
AUC,3,aligned,2,144,NICE,bounded,NICE_bounded,0,below_policy_threshold;classifier_target_not_met,10.2,0.0041134357452392,0.85,1.0
AUC,3,aligned,2,144,NICE,bounded+edit,NICE_bounded+edit,1,OK,15.2,0.0041134357452392,1.85,2.0
AUC,3,aligned,2,144,MCCE,native,MCCE_native,0,below_policy_threshold;out_of_bounds:sum_click,14.65,0.024925947189331,1.744263483265828,3.0
AUC,3,aligned,2,144,MCCE,bounded,MCCE_bounded,0,below_policy_threshold,14.65,0.024925947189331,1.9915455126838628,3.0
AUC,3,aligned,2,144,MCCE,bounded+edit,MCCE_bounded+edit,0,below_policy_threshold,14.65,0.024925947189331,1.9915455126838628,3.0
AUC,3,aligned,2,145,NICE,native,NICE_native,0,below_policy_threshold;immutable_changed:Test_1;immutable_changed:Test_2,11.025,0.0057342052459716,0.85,1.0
AUC,3,aligned,2,145,NICE,bounded,NICE_bounded,0,below_policy_threshold;classifier_target_not_met,8.0,0.0057342052459716,0.85,1.0
AUC,3,aligned,2,145,NICE,bounded+edit,NICE_bounded+edit,0,below_policy_threshold;classifier_target_not_met,8.0,0.0057342052459716,0.85,1.0
AUC,3,aligned,2,145,MCCE,native,MCCE_native,0,no_candidate,,0.0164589881896972,,
AUC,3,aligned,2,145,MCCE,bounded,MCCE_bounded,0,no_candidate,,0.0164589881896972,,
AUC,3,aligned,2,145,MCCE,bounded+edit,MCCE_bounded+edit,0,no_candidate,,0.0164589881896972,,
AUC,3,aligned,2,159,NICE,native,NICE_native,0,immutable_changed:Test_1;immutable_changed:Test_2,15.05,0.0072391033172607,1.65,2.0
AUC,3,aligned,2,159,NICE,bounded,NICE_bounded,0,below_policy_threshold;classifier_target_not_met,13.625,0.0072391033172607,1.65,2.0
AUC,3,aligned,2,159,NICE,bounded+edit,NICE_bounded+edit,0,below_policy_threshold;classifier_target_not_met,13.625,0.0072391033172607,1.65,2.0
AUC,3,aligned,2,159,MCCE,native,MCCE_native,0,below_policy_threshold;out_of_bounds:sum_click,14.375,0.0250313282012939,1.813242109909512,3.0
AUC,3,aligned,2,159,MCCE,bounded,MCCE_bounded,0,below_policy_threshold,14.375,0.0250313282012939,1.875038622820569,3.0
AUC,3,aligned,2,159,MCCE,bounded+edit,MCCE_bounded+edit,0,below_policy_threshold,14.375,0.0250313282012939,1.875038622820569,3.0
AUC,3,aligned,2,169,NICE,native,NICE_native,0,immutable_changed:Test_1,15.4,0.0054934024810791,1.65,2.0
AUC,3,aligned,2,169,NICE,bounded,NICE_bounded,0,classifier_target_not_met,15.125,0.0054934024810791,1.65,2.0
AUC,3,aligned,2,169,NICE,bounded+edit,NICE_bounded+edit,0,classifier_target_not_met,15.125,0.0054934024810791,1.65,2.0
AUC,3,aligned,2,169,MCCE,native,MCCE_native,1,OK,15.275,0.0298316478729248,1.8145395499884016,3.0
AUC,3,aligned,2,169,MCCE,bounded,MCCE_bounded,1,OK,15.275,0.0298316478729248,1.8145395499884016,3.0
AUC,3,aligned,2,169,MCCE,bounded+edit,MCCE_bounded+edit,1,OK,15.275,0.0298316478729248,1.8145395499884016,3.0
AUC,3,aligned,2,170,NICE,native,NICE_native,0,immutable_changed:Test_2,15.05,0.0093576908111572,1.66,2.0
AUC,3,aligned,2,170,NICE,bounded,NICE_bounded,0,below_policy_threshold;classifier_target_not_met,14.9,0.0093576908111572,1.66,2.0
AUC,3,aligned,2,170,NICE,bounded+edit,NICE_bounded+edit,0,below_policy_threshold;classifier_target_not_met,14.9,0.0093576908111572,1.66,2.0
AUC,3,aligned,2,170,MCCE,native,MCCE_native,1,OK,15.249999999999998,0.0279128551483154,1.740896213565786,3.0
AUC,3,aligned,2,170,MCCE,bounded,MCCE_bounded,1,OK,15.249999999999998,0.0279128551483154,1.740896213565786,3.0
AUC,3,aligned,2,170,MCCE,bounded+edit,MCCE_bounded+edit,1,OK,15.249999999999998,0.0279128551483154,1.740896213565786,3.0
AUC,3,aligned,2,177,NICE,native,NICE_native,0,below_policy_threshold;immutable_changed:Test_2,11.0,0.0109748840332031,0.85,1.0
AUC,3,aligned,2,177,NICE,bounded,NICE_bounded,0,below_policy_threshold;classifier_target_not_met,10.75,0.0109748840332031,0.85,1.0
AUC,3,aligned,2,177,NICE,bounded+edit,NICE_bounded+edit,1,OK,15.194444444444445,0.0109748840332031,1.738888888888889,2.0
AUC,3,aligned,2,177,MCCE,native,MCCE_native,1,OK,15.25,0.0411374568939209,1.8575867186050825,3.0
AUC,3,aligned,2,177,MCCE,bounded,MCCE_bounded,1,OK,15.25,0.0411374568939209,1.8575867186050825,3.0
AUC,3,aligned,2,177,MCCE,bounded+edit,MCCE_bounded+edit,1,OK,15.25,0.0411374568939209,1.8575867186050825,3.0
AUC,3,aligned,2,185,NICE,native,NICE_native,0,below_policy_threshold;immutable_changed:Test_2,14.875,0.0056593418121337,1.73,2.0
AUC,3,aligned,2,185,NICE,bounded,NICE_bounded,0,below_policy_threshold;classifier_target_not_met,14.525,0.0056593418121337,1.73,2.0
AUC,3,aligned,2,185,NICE,bounded+edit,NICE_bounded+edit,0,below_policy_threshold;classifier_target_not_met,14.525,0.0056593418121337,1.73,2.0
AUC,3,aligned,2,185,MCCE,native,MCCE_native,0,below_policy_threshold,14.875,0.0241975784301757,1.7999999999999998,2.0
AUC,3,aligned,2,185,MCCE,bounded,MCCE_bounded,0,below_policy_threshold,14.875,0.0241975784301757,1.7999999999999998,2.0
AUC,3,aligned,2,185,MCCE,bounded+edit,MCCE_bounded+edit,0,below_policy_threshold,14.875,0.0241975784301757,1.7999999999999998,2.0
AUC,3,aligned,2,188,NICE,native,NICE_native,1,OK,15.2,0.0048599243164062,1.7199999999999998,2.0
AUC,3,aligned,2,188,NICE,bounded,NICE_bounded,1,OK,15.2,0.0048599243164062,1.7199999999999998,2.0
AUC,3,aligned,2,188,NICE,bounded+edit,NICE_bounded+edit,1,OK,15.2,0.0048599243164062,1.7199999999999998,2.0
AUC,3,aligned,2,188,MCCE,native,MCCE_native,0,out_of_bounds:sum_click,15.35,0.0270447731018066,9.200980392156996,3.0
AUC,3,aligned,2,188,MCCE,bounded,MCCE_bounded,0,no_candidate,,0.0270447731018066,,
AUC,3,aligned,2,188,MCCE,bounded+edit,MCCE_bounded+edit,0,no_candidate,,0.0270447731018066,,
AUC,3,aligned,2,204,NICE,native,NICE_native,1,OK,15.05,0.0065655708312988,1.88,2.0
AUC,3,aligned,2,204,NICE,bounded,NICE_bounded,1,OK,15.05,0.0065655708312988,1.88,2.0
AUC,3,aligned,2,204,NICE,bounded+edit,NICE_bounded+edit,1,OK,15.05,0.0065655708312988,1.88,2.0
AUC,3,aligned,2,204,MCCE,native,MCCE_native,0,no_candidate,,0.0253236293792724,,
AUC,3,aligned,2,204,MCCE,bounded,MCCE_bounded,0,no_candidate,,0.0253236293792724,,
AUC,3,aligned,2,204,MCCE,bounded+edit,MCCE_bounded+edit,0,no_candidate,,0.0253236293792724,,
AUC,3,aligned,2,206,NICE,native,NICE_native,0,below_policy_threshold;immutable_changed:Test_1,14.875,0.0091850757598876,1.73,2.0
AUC,3,aligned,2,206,NICE,bounded,NICE_bounded,0,below_policy_threshold;classifier_target_not_met,14.525,0.0091850757598876,1.73,2.0
AUC,3,aligned,2,206,NICE,bounded+edit,NICE_bounded+edit,0,below_policy_threshold;classifier_target_not_met,14.525,0.0091850757598876,1.73,2.0
AUC,3,aligned,2,206,MCCE,native,MCCE_native,0,below_policy_threshold,14.675,0.0286052227020263,1.78019522046449,3.0
AUC,3,aligned,2,206,MCCE,bounded,MCCE_bounded,0,below_policy_threshold,14.675,0.0286052227020263,1.78019522046449,3.0
AUC,3,aligned,2,206,MCCE,bounded+edit,MCCE_bounded+edit,0,below_policy_threshold,14.675,0.0286052227020263,1.78019522046449,3.0
AUC,3,aligned,2,209,NICE,native,NICE_native,0,below_policy_threshold;immutable_changed:Test_2,14.675,0.0073645114898681,1.73,2.0
AUC,3,aligned,2,209,NICE,bounded,NICE_bounded,0,below_policy_threshold;classifier_target_not_met,13.075,0.0073645114898681,1.73,2.0
AUC,3,aligned,2,209,NICE,bounded+edit,NICE_bounded+edit,0,below_policy_threshold;classifier_target_not_met,13.075,0.0073645114898681,1.73,2.0
AUC,3,aligned,2,209,MCCE,native,MCCE_native,0,no_candidate,,0.0150833129882812,,
AUC,3,aligned,2,209,MCCE,bounded,MCCE_bounded,0,no_candidate,,0.0150833129882812,,
AUC,3,aligned,2,209,MCCE,bounded+edit,MCCE_bounded+edit,0,no_candidate,,0.0150833129882812,,
AUC,3,aligned,2,211,NICE,native,NICE_native,1,OK,15.1,0.0062513351440429,1.92,2.0
AUC,3,aligned,2,211,NICE,bounded,NICE_bounded,1,OK,15.1,0.0062513351440429,1.92,2.0
AUC,3,aligned,2,211,NICE,bounded+edit,NICE_bounded+edit,1,OK,15.1,0.0062513351440429,1.92,2.0
AUC,3,aligned,2,211,MCCE,native,MCCE_native,0,below_policy_threshold;out_of_bounds:sum_click,14.5,0.0326025485992431,2.031008440693025,3.0
AUC,3,aligned,2,211,MCCE,bounded,MCCE_bounded,0,below_policy_threshold,14.5,0.0326025485992431,2.0576632607729897,3.0
AUC,3,aligned,2,211,MCCE,bounded+edit,MCCE_bounded+edit,0,below_policy_threshold,14.5,0.0326025485992431,2.0576632607729897,3.0
AUC,3,aligned,2,230,NICE,native,NICE_native,0,immutable_changed:Test_1;immutable_changed:Test_2,15.05,0.0070440769195556,1.66,2.0
AUC,3,aligned,2,230,NICE,bounded,NICE_bounded,0,below_policy_threshold;classifier_target_not_met,14.3,0.0070440769195556,1.66,2.0
AUC,3,aligned,2,230,NICE,bounded+edit,NICE_bounded+edit,0,below_policy_threshold;classifier_target_not_met,14.3,0.0070440769195556,1.66,2.0
AUC,3,aligned,2,230,MCCE,native,MCCE_native,0,no_candidate,,0.0146749019622802,,
AUC,3,aligned,2,230,MCCE,bounded,MCCE_bounded,0,no_candidate,,0.0146749019622802,,
AUC,3,aligned,2,230,MCCE,bounded+edit,MCCE_bounded+edit,0,no_candidate,,0.0146749019622802,,
AUC,3,aligned,2,232,NICE,native,NICE_native,0,immutable_changed:Test_1;immutable_changed:Test_2,15.15,0.0070984363555908,1.7400000000000002,2.0
AUC,3,aligned,2,232,NICE,bounded,NICE_bounded,0,below_policy_threshold;classifier_target_not_met,13.075,0.0070984363555908,1.7400000000000002,2.0
AUC,3,aligned,2,232,NICE,bounded+edit,NICE_bounded+edit,0,below_policy_threshold;classifier_target_not_met,13.075,0.0070984363555908,1.7400000000000002,2.0
AUC,3,aligned,2,232,MCCE,native,MCCE_native,0,no_candidate,,0.0157134532928466,,
AUC,3,aligned,2,232,MCCE,bounded,MCCE_bounded,0,no_candidate,,0.0157134532928466,,
AUC,3,aligned,2,232,MCCE,bounded+edit,MCCE_bounded+edit,0,no_candidate,,0.0157134532928466,,
AUC,3,aligned,2,233,NICE,native,NICE_native,0,below_policy_threshold;immutable_changed:Test_1;immutable_changed:Test_2,11.025,0.005843162536621,0.85,1.0
AUC,3,aligned,2,233,NICE,bounded,NICE_bounded,0,below_policy_threshold;classifier_target_not_met,9.125,0.005843162536621,0.85,1.0
AUC,3,aligned,2,233,NICE,bounded+edit,NICE_bounded+edit,0,below_policy_threshold;classifier_target_not_met,9.125,0.005843162536621,0.85,1.0
AUC,3,aligned,2,233,MCCE,native,MCCE_native,0,no_candidate,,0.0147972106933593,,
AUC,3,aligned,2,233,MCCE,bounded,MCCE_bounded,0,no_candidate,,0.0147972106933593,,
AUC,3,aligned,2,233,MCCE,bounded+edit,MCCE_bounded+edit,0,no_candidate,,0.0147972106933593,,
AUC,3,aligned,2,235,NICE,native,NICE_native,0,immutable_changed:Test_2,15.05,0.0057373046875,1.66,2.0
AUC,3,aligned,2,235,NICE,bounded,NICE_bounded,0,below_policy_threshold;classifier_target_not_met,10.55,0.0057373046875,1.66,2.0
AUC,3,aligned,2,235,NICE,bounded+edit,NICE_bounded+edit,0,below_policy_threshold;classifier_target_not_met,10.55,0.0057373046875,1.66,2.0
AUC,3,aligned,2,235,MCCE,native,MCCE_native,0,no_candidate,,0.0152690410614013,,
AUC,3,aligned,2,235,MCCE,bounded,MCCE_bounded,0,no_candidate,,0.0152690410614013,,
AUC,3,aligned,2,235,MCCE,bounded+edit,MCCE_bounded+edit,0,no_candidate,,0.0152690410614013,,
AUC,3,aligned,2,237,NICE,native,NICE_native,0,immutable_changed:Test_2,15.1,0.0058422088623046,1.67,2.0
AUC,3,aligned,2,237,NICE,bounded,NICE_bounded,0,below_policy_threshold;classifier_target_not_met,14.65,0.0058422088623046,1.67,2.0
AUC,3,aligned,2,237,NICE,bounded+edit,NICE_bounded+edit,0,below_policy_threshold;classifier_target_not_met,14.65,0.0058422088623046,1.67,2.0
AUC,3,aligned,2,237,MCCE,native,MCCE_native,0,below_policy_threshold;out_of_bounds:sum_click,14.95,0.0219156742095947,1.8557861635220123,3.0
AUC,3,aligned,2,237,MCCE,bounded,MCCE_bounded,1,OK,15.7,0.0219156742095947,2.159524807826694,3.0
AUC,3,aligned,2,237,MCCE,bounded+edit,MCCE_bounded+edit,1,OK,15.7,0.0219156742095947,2.159524807826694,3.0
AUC,3,aligned,2,264,NICE,native,NICE_native,0,below_policy_threshold,14.825,0.0043232440948486,1.7400000000000002,2.0
AUC,3,aligned,2,264,NICE,bounded,NICE_bounded,0,below_policy_threshold,14.825,0.0043232440948486,1.7400000000000002,2.0
AUC,3,aligned,2,264,NICE,bounded+edit,NICE_bounded+edit,0,below_policy_threshold,14.825,0.0043232440948486,1.7400000000000002,2.0
AUC,3,aligned,2,264,MCCE,native,MCCE_native,1,OK,15.125,0.0220465660095214,1.8148643626904493,3.0
AUC,3,aligned,2,264,MCCE,bounded,MCCE_bounded,1,OK,15.125,0.0220465660095214,1.8148643626904493,3.0
AUC,3,aligned,2,264,MCCE,bounded+edit,MCCE_bounded+edit,1,OK,15.125,0.0220465660095214,1.8148643626904493,3.0
AUC,3,aligned,2,283,NICE,native,NICE_native,0,below_policy_threshold;immutable_changed:Test_2,14.75,0.0054705142974853,1.73,2.0
AUC,3,aligned,2,283,NICE,bounded,NICE_bounded,0,below_policy_threshold;classifier_target_not_met,13.65,0.0054705142974853,1.73,2.0
AUC,3,aligned,2,283,NICE,bounded+edit,NICE_bounded+edit,0,below_policy_threshold;classifier_target_not_met,13.65,0.0054705142974853,1.73,2.0
AUC,3,aligned,2,283,MCCE,native,MCCE_native,0,no_candidate,,0.0139696598052978,,
AUC,3,aligned,2,283,MCCE,bounded,MCCE_bounded,0,no_candidate,,0.0139696598052978,,
AUC,3,aligned,2,283,MCCE,bounded+edit,MCCE_bounded+edit,0,no_candidate,,0.0139696598052978,,
AUC,3,aligned,2,284,NICE,native,NICE_native,0,below_policy_threshold;immutable_changed:Test_1;immutable_changed:Test_2,11.025,0.0053811073303222,0.85,1.0
AUC,3,aligned,2,284,NICE,bounded,NICE_bounded,0,below_policy_threshold;classifier_target_not_met,8.75,0.0053811073303222,0.85,1.0
AUC,3,aligned,2,284,NICE,bounded+edit,NICE_bounded+edit,0,below_policy_threshold;classifier_target_not_met,8.75,0.0053811073303222,0.85,1.0
AUC,3,aligned,2,284,MCCE,native,MCCE_native,0,no_candidate,,0.014845848083496,,
AUC,3,aligned,2,284,MCCE,bounded,MCCE_bounded,0,no_candidate,,0.014845848083496,,
AUC,3,aligned,2,284,MCCE,bounded+edit,MCCE_bounded+edit,0,no_candidate,,0.014845848083496,,
AUC,3,aligned,2,291,NICE,native,NICE_native,0,immutable_changed:Test_2,15.175,0.0056514739990234,1.66,2.0
AUC,3,aligned,2,291,NICE,bounded,NICE_bounded,0,below_policy_threshold;classifier_target_not_met,14.575,0.0056514739990234,1.66,2.0
AUC,3,aligned,2,291,NICE,bounded+edit,NICE_bounded+edit,0,below_policy_threshold;classifier_target_not_met,14.575,0.0056514739990234,1.66,2.0
AUC,3,aligned,2,291,MCCE,native,MCCE_native,1,OK,15.275,0.0208961963653564,1.8057290174735037,3.0
AUC,3,aligned,2,291,MCCE,bounded,MCCE_bounded,1,OK,15.275,0.0208961963653564,1.8057290174735037,3.0
AUC,3,aligned,2,291,MCCE,bounded+edit,MCCE_bounded+edit,1,OK,15.275,0.0208961963653564,1.8057290174735037,3.0
AUC,3,aligned,2,306,NICE,native,NICE_native,0,below_policy_threshold;immutable_changed:Test_2,11.05,0.0040736198425292,0.85,1.0
AUC,3,aligned,2,306,NICE,bounded,NICE_bounded,0,below_policy_threshold;classifier_target_not_met,10.55,0.0040736198425292,0.85,1.0
AUC,3,aligned,2,306,NICE,bounded+edit,NICE_bounded+edit,1,OK,15.55,0.0040736198425292,1.85,2.0
AUC,3,aligned,2,306,MCCE,native,MCCE_native,1,OK,15.3,0.020989179611206,1.8,2.0
AUC,3,aligned,2,306,MCCE,bounded,MCCE_bounded,1,OK,15.3,0.020989179611206,1.8,2.0
AUC,3,aligned,2,306,MCCE,bounded+edit,MCCE_bounded+edit,1,OK,15.3,0.020989179611206,1.8,2.0
AUC,3,aligned,2,323,NICE,native,NICE_native,0,immutable_changed:Test_2,15.125,0.0054554939270019,1.73,2.0
AUC,3,aligned,2,323,NICE,bounded,NICE_bounded,0,below_policy_threshold;classifier_target_not_met,13.775,0.0054554939270019,1.73,2.0
AUC,3,aligned,2,323,NICE,bounded+edit,NICE_bounded+edit,0,below_policy_threshold;classifier_target_not_met,13.775,0.0054554939270019,1.73,2.0
AUC,3,aligned,2,323,MCCE,native,MCCE_native,0,no_candidate,,0.0179145336151123,,
AUC,3,aligned,2,323,MCCE,bounded,MCCE_bounded,0,no_candidate,,0.0179145336151123,,
AUC,3,aligned,2,323,MCCE,bounded+edit,MCCE_bounded+edit,0,no_candidate,,0.0179145336151123,,
AUC,3,aligned,2,324,NICE,native,NICE_native,0,immutable_changed:Test_2,15.125,0.0056121349334716,1.73,2.0
AUC,3,aligned,2,324,NICE,bounded,NICE_bounded,0,below_policy_threshold;classifier_target_not_met,14.025,0.0056121349334716,1.73,2.0
AUC,3,aligned,2,324,NICE,bounded+edit,NICE_bounded+edit,0,below_policy_threshold;classifier_target_not_met,14.025,0.0056121349334716,1.73,2.0
AUC,3,aligned,2,324,MCCE,native,MCCE_native,0,no_candidate,,0.0145099163055419,,
AUC,3,aligned,2,324,MCCE,bounded,MCCE_bounded,0,no_candidate,,0.0145099163055419,,
AUC,3,aligned,2,324,MCCE,bounded+edit,MCCE_bounded+edit,0,no_candidate,,0.0145099163055419,,
AUC,3,aligned,2,327,NICE,native,NICE_native,0,below_policy_threshold;immutable_changed:Test_2,11.275,0.0042195320129394,0.93,1.0
AUC,3,aligned,2,327,NICE,bounded,NICE_bounded,0,below_policy_threshold;classifier_target_not_met,11.025,0.0042195320129394,0.93,1.0
AUC,3,aligned,2,327,NICE,bounded+edit,NICE_bounded+edit,1,OK,15.469444444444443,0.0042195320129394,1.818888888888889,2.0
AUC,3,aligned,2,327,MCCE,native,MCCE_native,1,OK,15.775,0.0212359428405761,1.96781558726674,3.0
AUC,3,aligned,2,327,MCCE,bounded,MCCE_bounded,1,OK,15.775,0.0212359428405761,1.96781558726674,3.0
AUC,3,aligned,2,327,MCCE,bounded+edit,MCCE_bounded+edit,1,OK,15.775,0.0212359428405761,1.96781558726674,3.0
AUC,3,aligned,2,333,NICE,native,NICE_native,0,below_policy_threshold;immutable_changed:Test_1,14.875,0.0056788921356201,1.73,2.0
AUC,3,aligned,2,333,NICE,bounded,NICE_bounded,0,below_policy_threshold;classifier_target_not_met,14.375,0.0056788921356201,1.73,2.0
AUC,3,aligned,2,333,NICE,bounded+edit,NICE_bounded+edit,0,below_policy_threshold;classifier_target_not_met,14.375,0.0056788921356201,1.73,2.0
AUC,3,aligned,2,333,MCCE,native,MCCE_native,0,below_policy_threshold;out_of_bounds:sum_click,14.525,0.0201416015625,1.7844439012466389,3.0
AUC,3,aligned,2,333,MCCE,bounded,MCCE_bounded,0,below_policy_threshold,14.525,0.0201416015625,1.9359960889758003,3.0
AUC,3,aligned,2,333,MCCE,bounded+edit,MCCE_bounded+edit,0,below_policy_threshold,14.525,0.0201416015625,1.9359960889758003,3.0
AUC,3,aligned,2,336,NICE,native,NICE_native,0,below_policy_threshold;immutable_changed:Test_1;immutable_changed:Test_2,11.025,0.0055139064788818,0.85,1.0
AUC,3,aligned,2,336,NICE,bounded,NICE_bounded,0,below_policy_threshold;classifier_target_not_met,5.75,0.0055139064788818,0.85,1.0
AUC,3,aligned,2,336,NICE,bounded+edit,NICE_bounded+edit,0,below_policy_threshold;classifier_target_not_met,5.75,0.0055139064788818,0.85,1.0
AUC,3,aligned,2,336,MCCE,native,MCCE_native,0,no_candidate,,0.0141558647155761,,
AUC,3,aligned,2,336,MCCE,bounded,MCCE_bounded,0,no_candidate,,0.0141558647155761,,
AUC,3,aligned,2,336,MCCE,bounded+edit,MCCE_bounded+edit,0,no_candidate,,0.0141558647155761,,
AUC,3,aligned,2,338,NICE,native,NICE_native,0,below_policy_threshold;immutable_changed:Test_2,11.125,0.0042543411254882,0.85,1.0
AUC,3,aligned,2,338,NICE,bounded,NICE_bounded,0,below_policy_threshold;classifier_target_not_met,10.375,0.0042543411254882,0.85,1.0
AUC,3,aligned,2,338,NICE,bounded+edit,NICE_bounded+edit,1,OK,15.375,0.0042543411254882,1.85,2.0
AUC,3,aligned,2,338,MCCE,native,MCCE_native,0,out_of_bounds:sum_click,15.125,0.0215024948120117,1.825580899594969,3.0
AUC,3,aligned,2,338,MCCE,bounded,MCCE_bounded,1,OK,15.125,0.0215024948120117,1.8426348326582815,3.0
AUC,3,aligned,2,338,MCCE,bounded+edit,MCCE_bounded+edit,1,OK,15.125,0.0215024948120117,1.8426348326582815,3.0
AUC,3,aligned,2,340,NICE,native,NICE_native,0,immutable_changed:Test_2,15.175,0.0054826736450195,1.66,2.0
AUC,3,aligned,2,340,NICE,bounded,NICE_bounded,0,below_policy_threshold;classifier_target_not_met,14.925,0.0054826736450195,1.66,2.0
AUC,3,aligned,2,340,NICE,bounded+edit,NICE_bounded+edit,0,below_policy_threshold;classifier_target_not_met,14.925,0.0054826736450195,1.66,2.0
AUC,3,aligned,2,340,MCCE,native,MCCE_native,0,out_of_bounds:sum_click,15.375,0.0209388732910156,1.8406424953345772,3.0
AUC,3,aligned,2,340,MCCE,bounded,MCCE_bounded,1,OK,15.375,0.0209388732910156,1.8992935217275395,3.0
AUC,3,aligned,2,340,MCCE,bounded+edit,MCCE_bounded+edit,1,OK,15.375,0.0209388732910156,1.8992935217275395,3.0
AUC,3,aligned,2,345,NICE,native,NICE_native,0,below_policy_threshold;immutable_changed:Test_1;immutable_changed:Test_2,11.025,0.0056033134460449,0.85,1.0
AUC,3,aligned,2,345,NICE,bounded,NICE_bounded,0,below_policy_threshold;classifier_target_not_met,9.25,0.0056033134460449,0.85,1.0
AUC,3,aligned,2,345,NICE,bounded+edit,NICE_bounded+edit,0,below_policy_threshold;classifier_target_not_met,9.25,0.0056033134460449,0.85,1.0
AUC,3,aligned,2,345,MCCE,native,MCCE_native,0,no_candidate,,0.0146710872650146,,
AUC,3,aligned,2,345,MCCE,bounded,MCCE_bounded,0,no_candidate,,0.0146710872650146,,
AUC,3,aligned,2,345,MCCE,bounded+edit,MCCE_bounded+edit,0,no_candidate,,0.0146710872650146,,
AUC,3,aligned,2,346,NICE,native,NICE_native,0,below_policy_threshold;immutable_changed:Test_2,15.0,0.0055377483367919,1.73,2.0
AUC,3,aligned,2,346,NICE,bounded,NICE_bounded,0,below_policy_threshold;classifier_target_not_met,13.3,0.0055377483367919,1.73,2.0
AUC,3,aligned,2,346,NICE,bounded+edit,NICE_bounded+edit,0,below_policy_threshold;classifier_target_not_met,13.3,0.0055377483367919,1.73,2.0
AUC,3,aligned,2,346,MCCE,native,MCCE_native,0,no_candidate,,0.0150494575500488,,
AUC,3,aligned,2,346,MCCE,bounded,MCCE_bounded,0,no_candidate,,0.0150494575500488,,
AUC,3,aligned,2,346,MCCE,bounded+edit,MCCE_bounded+edit,0,no_candidate,,0.0150494575500488,,
AUC,3,aligned,2,347,NICE,native,NICE_native,0,immutable_changed:Test_1,15.05,0.0054731369018554,1.67,2.0
AUC,3,aligned,2,347,NICE,bounded,NICE_bounded,0,below_policy_threshold;classifier_target_not_met,14.8,0.0054731369018554,1.67,2.0
AUC,3,aligned,2,347,NICE,bounded+edit,NICE_bounded+edit,0,below_policy_threshold;classifier_target_not_met,14.8,0.0054731369018554,1.67,2.0
AUC,3,aligned,2,347,MCCE,native,MCCE_native,0,out_of_bounds:sum_click,15.15,0.0206131935119628,1.9808671216378968,3.0
AUC,3,aligned,2,347,MCCE,bounded,MCCE_bounded,1,OK,15.5,0.0206131935119628,1.8180289040545965,3.0
AUC,3,aligned,2,347,MCCE,bounded+edit,MCCE_bounded+edit,1,OK,15.5,0.0206131935119628,1.8180289040545965,3.0
AUC,3,aligned,2,352,NICE,native,NICE_native,0,below_policy_threshold,14.65,0.0040709972381591,1.88,2.0
AUC,3,aligned,2,352,NICE,bounded,NICE_bounded,0,below_policy_threshold,14.65,0.0040709972381591,1.88,2.0
AUC,3,aligned,2,352,NICE,bounded+edit,NICE_bounded+edit,0,below_policy_threshold,14.65,0.0040709972381591,1.88,2.0
AUC,3,aligned,2,352,MCCE,native,MCCE_native,0,no_candidate,,0.0160412788391113,,
AUC,3,aligned,2,352,MCCE,bounded,MCCE_bounded,0,no_candidate,,0.0160412788391113,,
AUC,3,aligned,2,352,MCCE,bounded+edit,MCCE_bounded+edit,0,no_candidate,,0.0160412788391113,,
AUC,3,aligned,2,361,NICE,native,NICE_native,0,immutable_changed:Test_2,15.175,0.0053563117980957,1.67,2.0
AUC,3,aligned,2,361,NICE,bounded,NICE_bounded,0,below_policy_threshold;classifier_target_not_met,14.975,0.0053563117980957,1.67,2.0
AUC,3,aligned,2,361,NICE,bounded+edit,NICE_bounded+edit,0,below_policy_threshold;classifier_target_not_met,14.975,0.0053563117980957,1.67,2.0
AUC,3,aligned,2,361,MCCE,native,MCCE_native,1,OK,15.425,0.02315354347229,1.826319279962103,3.0
AUC,3,aligned,2,361,MCCE,bounded,MCCE_bounded,1,OK,15.425,0.02315354347229,1.826319279962103,3.0
AUC,3,aligned,2,361,MCCE,bounded+edit,MCCE_bounded+edit,1,OK,15.425,0.02315354347229,1.826319279962103,3.0
AUC,3,aligned,2,370,NICE,native,NICE_native,0,immutable_changed:Test_2,15.05,0.005483865737915,1.65,2.0
AUC,3,aligned,2,370,NICE,bounded,NICE_bounded,0,below_policy_threshold;classifier_target_not_met,14.85,0.005483865737915,1.65,2.0
AUC,3,aligned,2,370,NICE,bounded+edit,NICE_bounded+edit,0,below_policy_threshold;classifier_target_not_met,14.85,0.005483865737915,1.65,2.0
AUC,3,aligned,2,370,MCCE,native,MCCE_native,1,OK,15.6,0.0249919891357421,1.8,2.0
AUC,3,aligned,2,370,MCCE,bounded,MCCE_bounded,1,OK,15.6,0.0249919891357421,1.8,2.0
AUC,3,aligned,2,370,MCCE,bounded+edit,MCCE_bounded+edit,1,OK,15.6,0.0249919891357421,1.8,2.0
AUC,3,aligned,2,376,NICE,native,NICE_native,0,below_policy_threshold,14.85,0.0040647983551025,1.7199999999999998,2.0
AUC,3,aligned,2,376,NICE,bounded,NICE_bounded,0,below_policy_threshold,14.85,0.0040647983551025,1.7199999999999998,2.0
AUC,3,aligned,2,376,NICE,bounded+edit,NICE_bounded+edit,0,below_policy_threshold,14.85,0.0040647983551025,1.7199999999999998,2.0
AUC,3,aligned,2,376,MCCE,native,MCCE_native,1,OK,15.4,0.0378298759460449,1.83,2.0
AUC,3,aligned,2,376,MCCE,bounded,MCCE_bounded,1,OK,15.4,0.0378298759460449,1.83,2.0
AUC,3,aligned,2,376,MCCE,bounded+edit,MCCE_bounded+edit,1,OK,15.4,0.0378298759460449,1.83,2.0
AUC,3,aligned,2,378,NICE,native,NICE_native,0,immutable_changed:Test_1;immutable_changed:Test_2,15.05,0.0066478252410888,1.65,2.0
AUC,3,aligned,2,378,NICE,bounded,NICE_bounded,0,below_policy_threshold;classifier_target_not_met,10.05,0.0066478252410888,1.65,2.0
AUC,3,aligned,2,378,NICE,bounded+edit,NICE_bounded+edit,0,below_policy_threshold;classifier_target_not_met,10.05,0.0066478252410888,1.65,2.0
AUC,3,aligned,2,378,MCCE,native,MCCE_native,0,no_candidate,,0.0174803733825683,,
AUC,3,aligned,2,378,MCCE,bounded,MCCE_bounded,0,no_candidate,,0.0174803733825683,,
AUC,3,aligned,2,378,MCCE,bounded+edit,MCCE_bounded+edit,0,no_candidate,,0.0174803733825683,,
AUC,3,aligned,2,390,NICE,native,NICE_native,0,immutable_changed:Test_1;immutable_changed:Test_2,15.05,0.0068027973175048,1.65,2.0
AUC,3,aligned,2,390,NICE,bounded,NICE_bounded,0,below_policy_threshold;classifier_target_not_met,13.25,0.0068027973175048,1.65,2.0
AUC,3,aligned,2,390,NICE,bounded+edit,NICE_bounded+edit,0,below_policy_threshold;classifier_target_not_met,13.25,0.0068027973175048,1.65,2.0
AUC,3,aligned,2,390,MCCE,native,MCCE_native,0,no_candidate,,0.0163211822509765,,
AUC,3,aligned,2,390,MCCE,bounded,MCCE_bounded,0,no_candidate,,0.0163211822509765,,
AUC,3,aligned,2,390,MCCE,bounded+edit,MCCE_bounded+edit,0,no_candidate,,0.0163211822509765,,
AUC,3,aligned,2,395,NICE,native,NICE_native,0,below_policy_threshold,14.95,0.0040175914764404,1.67,2.0
AUC,3,aligned,2,395,NICE,bounded,NICE_bounded,0,below_policy_threshold,14.95,0.0040175914764404,1.67,2.0
AUC,3,aligned,2,395,NICE,bounded+edit,NICE_bounded+edit,0,below_policy_threshold,14.95,0.0040175914764404,1.67,2.0
AUC,3,aligned,2,395,MCCE,native,MCCE_native,1,OK,15.55,0.0423038005828857,1.842840158520476,3.0
AUC,3,aligned,2,395,MCCE,bounded,MCCE_bounded,1,OK,15.55,0.0423038005828857,1.842840158520476,3.0
AUC,3,aligned,2,395,MCCE,bounded+edit,MCCE_bounded+edit,1,OK,15.55,0.0423038005828857,1.842840158520476,3.0
AUC,3,aligned,2,400,NICE,native,NICE_native,0,immutable_changed:Test_1;immutable_changed:Test_2,15.05,0.0109424591064453,1.65,2.0
AUC,3,aligned,2,400,NICE,bounded,NICE_bounded,0,below_policy_threshold;classifier_target_not_met,14.775,0.0109424591064453,1.65,2.0
AUC,3,aligned,2,400,NICE,bounded+edit,NICE_bounded+edit,0,below_policy_threshold;classifier_target_not_met,14.775,0.0109424591064453,1.65,2.0
AUC,3,aligned,2,400,MCCE,native,MCCE_native,0,out_of_bounds:sum_click,15.075,0.0338404178619384,1.771796512911057,3.0
AUC,3,aligned,2,400,MCCE,bounded,MCCE_bounded,1,OK,15.075,0.0338404178619384,1.908631648642684,3.0
AUC,3,aligned,2,400,MCCE,bounded+edit,MCCE_bounded+edit,1,OK,15.075,0.0338404178619384,1.908631648642684,3.0
AUC,3,aligned,2,401,NICE,native,NICE_native,0,below_policy_threshold;immutable_changed:Test_1;immutable_changed:Test_2,11.025,0.007181167602539,0.85,1.0
AUC,3,aligned,2,401,NICE,bounded,NICE_bounded,0,below_policy_threshold;classifier_target_not_met,6.75,0.007181167602539,0.85,1.0
AUC,3,aligned,2,401,NICE,bounded+edit,NICE_bounded+edit,0,below_policy_threshold;classifier_target_not_met,6.75,0.007181167602539,0.85,1.0
AUC,3,aligned,2,401,MCCE,native,MCCE_native,0,no_candidate,,0.0152628421783447,,
AUC,3,aligned,2,401,MCCE,bounded,MCCE_bounded,0,no_candidate,,0.0152628421783447,,
AUC,3,aligned,2,401,MCCE,bounded+edit,MCCE_bounded+edit,0,no_candidate,,0.0152628421783447,,
AUC,3,aligned,2,406,NICE,native,NICE_native,0,below_policy_threshold,14.65,0.0042555332183837,1.7800000000000002,2.0
AUC,3,aligned,2,406,NICE,bounded,NICE_bounded,0,below_policy_threshold,14.65,0.0042555332183837,1.7800000000000002,2.0
AUC,3,aligned,2,406,NICE,bounded+edit,NICE_bounded+edit,0,below_policy_threshold,14.65,0.0042555332183837,1.7800000000000002,2.0
AUC,3,aligned,2,406,MCCE,native,MCCE_native,0,below_policy_threshold,14.75,0.0196120738983154,1.8,2.0
AUC,3,aligned,2,406,MCCE,bounded,MCCE_bounded,0,below_policy_threshold,14.75,0.0196120738983154,1.8,2.0
AUC,3,aligned,2,406,MCCE,bounded+edit,MCCE_bounded+edit,0,below_policy_threshold,14.75,0.0196120738983154,1.8,2.0
AUC,3,aligned,2,409,NICE,native,NICE_native,0,immutable_changed:Test_2,15.05,0.0071265697479248,1.66,2.0
AUC,3,aligned,2,409,NICE,bounded,NICE_bounded,0,below_policy_threshold;classifier_target_not_met,14.55,0.0071265697479248,1.66,2.0
AUC,3,aligned,2,409,NICE,bounded+edit,NICE_bounded+edit,0,below_policy_threshold;classifier_target_not_met,14.55,0.0071265697479248,1.66,2.0
AUC,3,aligned,2,409,MCCE,native,MCCE_native,0,out_of_bounds:sum_click,15.1,0.0207424163818359,1.7816584086272225,3.0
AUC,3,aligned,2,409,MCCE,bounded,MCCE_bounded,1,OK,15.1,0.0207424163818359,1.8982424948994463,3.0
AUC,3,aligned,2,409,MCCE,bounded+edit,MCCE_bounded+edit,1,OK,15.1,0.0207424163818359,1.8982424948994463,3.0
AUC,3,aligned,2,411,NICE,native,NICE_native,0,below_policy_threshold,11.35,0.0044012069702148,1.8,2.0
AUC,3,aligned,2,411,NICE,bounded,NICE_bounded,0,below_policy_threshold,11.35,0.0044012069702148,1.8,2.0
AUC,3,aligned,2,411,NICE,bounded+edit,NICE_bounded+edit,0,below_policy_threshold,11.35,0.0044012069702148,1.8,2.0
AUC,3,aligned,2,411,MCCE,native,MCCE_native,0,no_candidate,,0.0135257244110107,,
AUC,3,aligned,2,411,MCCE,bounded,MCCE_bounded,0,no_candidate,,0.0135257244110107,,
AUC,3,aligned,2,411,MCCE,bounded+edit,MCCE_bounded+edit,0,no_candidate,,0.0135257244110107,,
AUC,3,aligned,2,417,NICE,native,NICE_native,0,below_policy_threshold;immutable_changed:Test_1;immutable_changed:Test_2,11.025,0.0060875415802001,0.85,1.0
AUC,3,aligned,2,417,NICE,bounded,NICE_bounded,0,below_policy_threshold;classifier_target_not_met,4.25,0.0060875415802001,0.85,1.0
AUC,3,aligned,2,417,NICE,bounded+edit,NICE_bounded+edit,0,below_policy_threshold;classifier_target_not_met,4.25,0.0060875415802001,0.85,1.0
AUC,3,aligned,2,417,MCCE,native,MCCE_native,0,no_candidate,,0.0133914947509765,,
AUC,3,aligned,2,417,MCCE,bounded,MCCE_bounded,0,no_candidate,,0.0133914947509765,,
AUC,3,aligned,2,417,MCCE,bounded+edit,MCCE_bounded+edit,0,no_candidate,,0.0133914947509765,,
AUC,3,aligned,2,429,NICE,native,NICE_native,0,below_policy_threshold,14.35,0.0039498805999755,1.7400000000000002,2.0
AUC,3,aligned,2,429,NICE,bounded,NICE_bounded,0,below_policy_threshold,14.35,0.0039498805999755,1.7400000000000002,2.0
AUC,3,aligned,2,429,NICE,bounded+edit,NICE_bounded+edit,0,below_policy_threshold,14.35,0.0039498805999755,1.7400000000000002,2.0
AUC,3,aligned,2,429,MCCE,native,MCCE_native,0,below_policy_threshold,14.8,0.022721529006958,1.837015082427219,3.0
AUC,3,aligned,2,429,MCCE,bounded,MCCE_bounded,0,below_policy_threshold,14.8,0.022721529006958,1.837015082427219,3.0
AUC,3,aligned,2,429,MCCE,bounded+edit,MCCE_bounded+edit,0,below_policy_threshold,14.8,0.022721529006958,1.837015082427219,3.0
AUC,3,aligned,2,450,NICE,native,NICE_native,0,below_policy_threshold;immutable_changed:Test_2,15.0,0.0055539608001708,1.66,2.0
AUC,3,aligned,2,450,NICE,bounded,NICE_bounded,0,below_policy_threshold;classifier_target_not_met,14.5,0.0055539608001708,1.66,2.0
AUC,3,aligned,2,450,NICE,bounded+edit,NICE_bounded+edit,0,below_policy_threshold;classifier_target_not_met,14.5,0.0055539608001708,1.66,2.0
AUC,3,aligned,2,450,MCCE,native,MCCE_native,1,OK,15.2,0.0227856636047363,1.866423115244105,3.0
AUC,3,aligned,2,450,MCCE,bounded,MCCE_bounded,1,OK,15.2,0.0227856636047363,1.866423115244105,3.0
AUC,3,aligned,2,450,MCCE,bounded+edit,MCCE_bounded+edit,1,OK,15.2,0.0227856636047363,1.866423115244105,3.0
AUC,3,aligned,2,451,NICE,native,NICE_native,0,immutable_changed:Test_2,15.55,0.00559663772583,1.7000000000000002,2.0
AUC,3,aligned,2,451,NICE,bounded,NICE_bounded,0,below_policy_threshold;classifier_target_not_met,14.725,0.00559663772583,1.7000000000000002,2.0
AUC,3,aligned,2,451,NICE,bounded+edit,NICE_bounded+edit,0,below_policy_threshold;classifier_target_not_met,14.725,0.00559663772583,1.7000000000000002,2.0
AUC,3,aligned,2,451,MCCE,native,MCCE_native,1,OK,15.375,0.0189580917358398,1.83,2.0
AUC,3,aligned,2,451,MCCE,bounded,MCCE_bounded,1,OK,15.375,0.0189580917358398,1.83,2.0
AUC,3,aligned,2,451,MCCE,bounded+edit,MCCE_bounded+edit,1,OK,15.375,0.0189580917358398,1.83,2.0
AUC,3,aligned,2,463,NICE,native,NICE_native,1,OK,15.05,0.0040838718414306,1.73,2.0
AUC,3,aligned,2,463,NICE,bounded,NICE_bounded,1,OK,15.05,0.0040838718414306,1.73,2.0
AUC,3,aligned,2,463,NICE,bounded+edit,NICE_bounded+edit,1,OK,15.05,0.0040838718414306,1.73,2.0
AUC,3,aligned,2,463,MCCE,native,MCCE_native,0,below_policy_threshold,15.0,0.0265529155731201,1.816488876976682,3.0
AUC,3,aligned,2,463,MCCE,bounded,MCCE_bounded,0,below_policy_threshold,15.0,0.0265529155731201,1.816488876976682,3.0
AUC,3,aligned,2,463,MCCE,bounded+edit,MCCE_bounded+edit,0,below_policy_threshold,15.0,0.0265529155731201,1.816488876976682,3.0
AUC,3,aligned,2,475,NICE,native,NICE_native,0,immutable_changed:Test_2,15.05,0.0060131549835205,1.67,2.0
AUC,3,aligned,2,475,NICE,bounded,NICE_bounded,0,below_policy_threshold;classifier_target_not_met,14.95,0.0060131549835205,1.67,2.0
AUC,3,aligned,2,475,NICE,bounded+edit,NICE_bounded+edit,0,below_policy_threshold;classifier_target_not_met,14.95,0.0060131549835205,1.67,2.0
AUC,3,aligned,2,475,MCCE,native,MCCE_native,1,OK,15.25,0.0211446285247802,1.7873888091822094,3.0
AUC,3,aligned,2,475,MCCE,bounded,MCCE_bounded,1,OK,15.25,0.0211446285247802,1.7873888091822094,3.0
AUC,3,aligned,2,475,MCCE,bounded+edit,MCCE_bounded+edit,1,OK,15.25,0.0211446285247802,1.7873888091822094,3.0
AUC,3,aligned,2,486,NICE,native,NICE_native,0,below_policy_threshold;immutable_changed:Test_2,11.05,0.0056848526000976,0.85,1.0
AUC,3,aligned,2,486,NICE,bounded,NICE_bounded,0,below_policy_threshold;classifier_target_not_met,6.55,0.0056848526000976,0.85,1.0
AUC,3,aligned,2,486,NICE,bounded+edit,NICE_bounded+edit,0,below_policy_threshold;classifier_target_not_met,6.55,0.0056848526000976,0.85,1.0
AUC,3,aligned,2,486,MCCE,native,MCCE_native,0,no_candidate,,0.0144312381744384,,
AUC,3,aligned,2,486,MCCE,bounded,MCCE_bounded,0,no_candidate,,0.0144312381744384,,
AUC,3,aligned,2,486,MCCE,bounded+edit,MCCE_bounded+edit,0,no_candidate,,0.0144312381744384,,
AUC,3,aligned,2,523,NICE,native,NICE_native,0,below_policy_threshold;immutable_changed:Test_1;immutable_changed:Test_2,11.025,0.0055062770843505,0.85,1.0
AUC,3,aligned,2,523,NICE,bounded,NICE_bounded,0,below_policy_threshold;classifier_target_not_met,9.0,0.0055062770843505,0.85,1.0
AUC,3,aligned,2,523,NICE,bounded+edit,NICE_bounded+edit,0,below_policy_threshold;classifier_target_not_met,9.0,0.0055062770843505,0.85,1.0
AUC,3,aligned,2,523,MCCE,native,MCCE_native,0,no_candidate,,0.0134162902832031,,
AUC,3,aligned,2,523,MCCE,bounded,MCCE_bounded,0,no_candidate,,0.0134162902832031,,
AUC,3,aligned,2,523,MCCE,bounded+edit,MCCE_bounded+edit,0,no_candidate,,0.0134162902832031,,
AUC,3,aligned,2,524,NICE,native,NICE_native,0,below_policy_threshold;immutable_changed:Test_1;immutable_changed:Test_2,11.025,0.0056474208831787,0.85,1.0
AUC,3,aligned,2,524,NICE,bounded,NICE_bounded,0,below_policy_threshold;classifier_target_not_met,4.25,0.0056474208831787,0.85,1.0
AUC,3,aligned,2,524,NICE,bounded+edit,NICE_bounded+edit,0,below_policy_threshold;classifier_target_not_met,4.25,0.0056474208831787,0.85,1.0
AUC,3,aligned,2,524,MCCE,native,MCCE_native,0,no_candidate,,0.0135383605957031,,
AUC,3,aligned,2,524,MCCE,bounded,MCCE_bounded,0,no_candidate,,0.0135383605957031,,
AUC,3,aligned,2,524,MCCE,bounded+edit,MCCE_bounded+edit,0,no_candidate,,0.0135383605957031,,
AUC,3,aligned,2,529,NICE,native,NICE_native,0,below_policy_threshold;immutable_changed:Test_2,15.0,0.0056583881378173,1.73,2.0
AUC,3,aligned,2,529,NICE,bounded,NICE_bounded,0,below_policy_threshold;classifier_target_not_met,13.9,0.0056583881378173,1.73,2.0
AUC,3,aligned,2,529,NICE,bounded+edit,NICE_bounded+edit,0,below_policy_threshold;classifier_target_not_met,13.9,0.0056583881378173,1.73,2.0
AUC,3,aligned,2,529,MCCE,native,MCCE_native,0,no_candidate,,0.0152959823608398,,
AUC,3,aligned,2,529,MCCE,bounded,MCCE_bounded,0,no_candidate,,0.0152959823608398,,
AUC,3,aligned,2,529,MCCE,bounded+edit,MCCE_bounded+edit,0,no_candidate,,0.0152959823608398,,
AUC,3,aligned,2,536,NICE,native,NICE_native,0,immutable_changed:Test_2,15.1,0.0059812068939208,1.75,2.0
AUC,3,aligned,2,536,NICE,bounded,NICE_bounded,0,below_policy_threshold;classifier_target_not_met,14.6,0.0059812068939208,1.75,2.0
AUC,3,aligned,2,536,NICE,bounded+edit,NICE_bounded+edit,0,below_policy_threshold;classifier_target_not_met,14.6,0.0059812068939208,1.75,2.0
AUC,3,aligned,2,536,MCCE,native,MCCE_native,0,no_candidate,,0.0135462284088134,,
AUC,3,aligned,2,536,MCCE,bounded,MCCE_bounded,0,no_candidate,,0.0135462284088134,,
AUC,3,aligned,2,536,MCCE,bounded+edit,MCCE_bounded+edit,0,no_candidate,,0.0135462284088134,,
AUC,3,aligned,2,537,NICE,native,NICE_native,0,immutable_changed:Test_2,15.125,0.005397081375122,1.67,2.0
AUC,3,aligned,2,537,NICE,bounded,NICE_bounded,0,below_policy_threshold;classifier_target_not_met,14.125,0.005397081375122,1.67,2.0
AUC,3,aligned,2,537,NICE,bounded+edit,NICE_bounded+edit,0,below_policy_threshold;classifier_target_not_met,14.125,0.005397081375122,1.67,2.0
AUC,3,aligned,2,537,MCCE,native,MCCE_native,0,below_policy_threshold;out_of_bounds:sum_click,14.925,0.0188980102539062,1.9387695445275324,3.0
AUC,3,aligned,2,537,MCCE,bounded,MCCE_bounded,0,no_candidate,,0.0188980102539062,,
AUC,3,aligned,2,537,MCCE,bounded+edit,MCCE_bounded+edit,0,no_candidate,,0.0188980102539062,,
AUC,3,aligned,2,546,NICE,native,NICE_native,0,below_policy_threshold,14.75,0.0057692527770996,1.73,2.0
AUC,3,aligned,2,546,NICE,bounded,NICE_bounded,0,below_policy_threshold,14.75,0.0057692527770996,1.73,2.0
AUC,3,aligned,2,546,NICE,bounded+edit,NICE_bounded+edit,0,below_policy_threshold,14.75,0.0057692527770996,1.73,2.0
AUC,3,aligned,2,546,MCCE,native,MCCE_native,0,below_policy_threshold,14.8,0.0212647914886474,1.7608822761681022,3.0
AUC,3,aligned,2,546,MCCE,bounded,MCCE_bounded,0,below_policy_threshold,14.8,0.0212647914886474,1.7608822761681022,3.0
AUC,3,aligned,2,546,MCCE,bounded+edit,MCCE_bounded+edit,0,below_policy_threshold,14.8,0.0212647914886474,1.7608822761681022,3.0
AUC,3,aligned,2,547,NICE,native,NICE_native,0,immutable_changed:Test_1;immutable_changed:Test_2,15.05,0.0070629119873046,1.66,2.0
AUC,3,aligned,2,547,NICE,bounded,NICE_bounded,0,below_policy_threshold;classifier_target_not_met,14.3,0.0070629119873046,1.66,2.0
AUC,3,aligned,2,547,NICE,bounded+edit,NICE_bounded+edit,0,below_policy_threshold;classifier_target_not_met,14.3,0.0070629119873046,1.66,2.0
AUC,3,aligned,2,547,MCCE,native,MCCE_native,0,no_candidate,,0.0216038227081298,,
AUC,3,aligned,2,547,MCCE,bounded,MCCE_bounded,0,no_candidate,,0.0216038227081298,,
AUC,3,aligned,2,547,MCCE,bounded+edit,MCCE_bounded+edit,0,no_candidate,,0.0216038227081298,,
AUC,3,aligned,2,554,NICE,native,NICE_native,0,below_policy_threshold;immutable_changed:Test_1;immutable_changed:Test_2,11.025,0.0060288906097412,0.85,1.0
AUC,3,aligned,2,554,NICE,bounded,NICE_bounded,0,below_policy_threshold;classifier_target_not_met,8.75,0.0060288906097412,0.85,1.0
AUC,3,aligned,2,554,NICE,bounded+edit,NICE_bounded+edit,0,below_policy_threshold;classifier_target_not_met,8.75,0.0060288906097412,0.85,1.0
AUC,3,aligned,2,554,MCCE,native,MCCE_native,0,no_candidate,,0.0273048877716064,,
AUC,3,aligned,2,554,MCCE,bounded,MCCE_bounded,0,no_candidate,,0.0273048877716064,,
AUC,3,aligned,2,554,MCCE,bounded+edit,MCCE_bounded+edit,0,no_candidate,,0.0273048877716064,,
AUC,3,aligned,2,582,NICE,native,NICE_native,0,below_policy_threshold;immutable_changed:Test_2,11.0,0.0043678283691406,0.85,1.0
AUC,3,aligned,2,582,NICE,bounded,NICE_bounded,0,below_policy_threshold;classifier_target_not_met,6.5,0.0043678283691406,0.85,1.0
AUC,3,aligned,2,582,NICE,bounded+edit,NICE_bounded+edit,0,below_policy_threshold;classifier_target_not_met,6.5,0.0043678283691406,0.85,1.0
AUC,3,aligned,2,582,MCCE,native,MCCE_native,0,no_candidate,,0.0849127769470214,,
AUC,3,aligned,2,582,MCCE,bounded,MCCE_bounded,0,no_candidate,,0.0849127769470214,,
AUC,3,aligned,2,582,MCCE,bounded+edit,MCCE_bounded+edit,0,no_candidate,,0.0849127769470214,,
AUC,3,aligned,2,587,NICE,native,NICE_native,0,below_policy_threshold;immutable_changed:Test_1;immutable_changed:Test_2,11.025,0.0095608234405517,0.85,1.0
AUC,3,aligned,2,587,NICE,bounded,NICE_bounded,0,below_policy_threshold;classifier_target_not_met,5.875,0.0095608234405517,0.85,1.0
AUC,3,aligned,2,587,NICE,bounded+edit,NICE_bounded+edit,0,below_policy_threshold;classifier_target_not_met,5.875,0.0095608234405517,0.85,1.0
AUC,3,aligned,2,587,MCCE,native,MCCE_native,0,no_candidate,,0.0143258571624755,,
AUC,3,aligned,2,587,MCCE,bounded,MCCE_bounded,0,no_candidate,,0.0143258571624755,,
AUC,3,aligned,2,587,MCCE,bounded+edit,MCCE_bounded+edit,0,no_candidate,,0.0143258571624755,,
AUC,3,aligned,2,590,NICE,native,NICE_native,0,immutable_changed:Test_2,15.075,0.0056252479553222,1.66,2.0
AUC,3,aligned,2,590,NICE,bounded,NICE_bounded,0,below_policy_threshold;classifier_target_not_met,14.775,0.0056252479553222,1.66,2.0
AUC,3,aligned,2,590,NICE,bounded+edit,NICE_bounded+edit,0,below_policy_threshold;classifier_target_not_met,14.775,0.0056252479553222,1.66,2.0
AUC,3,aligned,2,590,MCCE,native,MCCE_native,0,out_of_bounds:sum_click,15.225,0.0209033489227294,1.8011018843819866,3.0
AUC,3,aligned,2,590,MCCE,bounded,MCCE_bounded,1,OK,15.175,0.0209033489227294,1.89330565314596,3.0
AUC,3,aligned,2,590,MCCE,bounded+edit,MCCE_bounded+edit,1,OK,15.175,0.0209033489227294,1.89330565314596,3.0
AUC,3,aligned,2,598,NICE,native,NICE_native,0,immutable_changed:Test_2,15.05,0.0057840347290039,1.65,2.0
AUC,3,aligned,2,598,NICE,bounded,NICE_bounded,0,below_policy_threshold;classifier_target_not_met,10.5,0.0057840347290039,1.65,2.0
AUC,3,aligned,2,598,NICE,bounded+edit,NICE_bounded+edit,0,below_policy_threshold;classifier_target_not_met,10.5,0.0057840347290039,1.65,2.0
AUC,3,aligned,2,598,MCCE,native,MCCE_native,0,no_candidate,,0.0156245231628417,,
AUC,3,aligned,2,598,MCCE,bounded,MCCE_bounded,0,no_candidate,,0.0156245231628417,,
AUC,3,aligned,2,598,MCCE,bounded+edit,MCCE_bounded+edit,0,no_candidate,,0.0156245231628417,,
AUC,3,aligned,2,629,NICE,native,NICE_native,0,below_policy_threshold;immutable_changed:Test_2,14.8,0.0057599544525146,1.81,2.0
AUC,3,aligned,2,629,NICE,bounded,NICE_bounded,0,below_policy_threshold;classifier_target_not_met,14.3,0.0057599544525146,1.81,2.0
AUC,3,aligned,2,629,NICE,bounded+edit,NICE_bounded+edit,0,below_policy_threshold;classifier_target_not_met,14.3,0.0057599544525146,1.81,2.0
AUC,3,aligned,2,629,MCCE,native,MCCE_native,0,no_candidate,,0.015547752380371,,
AUC,3,aligned,2,629,MCCE,bounded,MCCE_bounded,0,no_candidate,,0.015547752380371,,
AUC,3,aligned,2,629,MCCE,bounded+edit,MCCE_bounded+edit,0,no_candidate,,0.015547752380371,,
AUC,3,aligned,2,630,NICE,native,NICE_native,0,below_policy_threshold;immutable_changed:Test_2,14.5,0.0056734085083007,1.73,2.0
AUC,3,aligned,2,630,NICE,bounded,NICE_bounded,0,below_policy_threshold;classifier_target_not_met,9.9,0.0056734085083007,1.73,2.0
AUC,3,aligned,2,630,NICE,bounded+edit,NICE_bounded+edit,0,below_policy_threshold;classifier_target_not_met,9.9,0.0056734085083007,1.73,2.0
AUC,3,aligned,2,630,MCCE,native,MCCE_native,0,no_candidate,,0.013547658920288,,
AUC,3,aligned,2,630,MCCE,bounded,MCCE_bounded,0,no_candidate,,0.013547658920288,,
AUC,3,aligned,2,630,MCCE,bounded+edit,MCCE_bounded+edit,0,no_candidate,,0.013547658920288,,
AUC,3,aligned,2,635,NICE,native,NICE_native,1,OK,15.225,0.0041513442993164,1.69,2.0
AUC,3,aligned,2,635,NICE,bounded,NICE_bounded,1,OK,15.225,0.0041513442993164,1.69,2.0
AUC,3,aligned,2,635,NICE,bounded+edit,NICE_bounded+edit,1,OK,15.225,0.0041513442993164,1.69,2.0
AUC,3,aligned,2,635,MCCE,native,MCCE_native,0,out_of_bounds:sum_click,15.175,0.0210163593292236,1.8231540060032327,3.0
AUC,3,aligned,2,635,MCCE,bounded,MCCE_bounded,1,OK,15.475,0.0210163593292236,1.841593165550681,3.0
AUC,3,aligned,2,635,MCCE,bounded+edit,MCCE_bounded+edit,1,OK,15.475,0.0210163593292236,1.841593165550681,3.0
AUC,3,aligned,2,642,NICE,native,NICE_native,0,below_policy_threshold;immutable_changed:Test_1;immutable_changed:Test_2,11.025,0.0053682327270507,0.85,1.0
AUC,3,aligned,2,642,NICE,bounded,NICE_bounded,0,below_policy_threshold;classifier_target_not_met,6.75,0.0053682327270507,0.85,1.0
AUC,3,aligned,2,642,NICE,bounded+edit,NICE_bounded+edit,0,below_policy_threshold;classifier_target_not_met,6.75,0.0053682327270507,0.85,1.0
AUC,3,aligned,2,642,MCCE,native,MCCE_native,0,no_candidate,,0.0144798755645751,,
AUC,3,aligned,2,642,MCCE,bounded,MCCE_bounded,0,no_candidate,,0.0144798755645751,,
AUC,3,aligned,2,642,MCCE,bounded+edit,MCCE_bounded+edit,0,no_candidate,,0.0144798755645751,,
AUC,3,aligned,2,653,NICE,native,NICE_native,0,below_policy_threshold;immutable_changed:Test_2,14.95,0.0062992572784423,1.65,2.0
AUC,3,aligned,2,653,NICE,bounded,NICE_bounded,0,below_policy_threshold;classifier_target_not_met,14.45,0.0062992572784423,1.65,2.0
AUC,3,aligned,2,653,NICE,bounded+edit,NICE_bounded+edit,0,below_policy_threshold;classifier_target_not_met,14.45,0.0062992572784423,1.65,2.0
AUC,3,aligned,2,653,MCCE,native,MCCE_native,0,out_of_bounds:sum_click,15.55,0.0207135677337646,1.9458331670325288,3.0
AUC,3,aligned,2,653,MCCE,bounded,MCCE_bounded,1,OK,15.55,0.0207135677337646,2.125438036320096,3.0
AUC,3,aligned,2,653,MCCE,bounded+edit,MCCE_bounded+edit,1,OK,15.55,0.0207135677337646,2.125438036320096,3.0
AUC,3,aligned,2,655,NICE,native,NICE_native,1,OK,15.025,0.0040409564971923,1.73,2.0
AUC,3,aligned,2,655,NICE,bounded,NICE_bounded,1,OK,15.025,0.0040409564971923,1.73,2.0
AUC,3,aligned,2,655,NICE,bounded+edit,NICE_bounded+edit,1,OK,15.025,0.0040409564971923,1.73,2.0
AUC,3,aligned,2,655,MCCE,native,MCCE_native,1,OK,15.725,0.0224740505218505,1.9155580865603643,3.0
AUC,3,aligned,2,655,MCCE,bounded,MCCE_bounded,1,OK,15.725,0.0224740505218505,1.9155580865603643,3.0
AUC,3,aligned,2,655,MCCE,bounded+edit,MCCE_bounded+edit,1,OK,15.725,0.0224740505218505,1.9155580865603643,3.0
AUC,3,aligned,2,662,NICE,native,NICE_native,0,out_of_bounds:sum_click;immutable_changed:Test_1;immutable_changed:Test_2,15.05,0.0082418918609619,1.8026329178326128,3.0
AUC,3,aligned,2,662,NICE,bounded,NICE_bounded,0,below_policy_threshold;classifier_target_not_met,14.625,0.0082418918609619,1.65,2.0
AUC,3,aligned,2,662,NICE,bounded+edit,NICE_bounded+edit,0,below_policy_threshold;classifier_target_not_met,14.625,0.0082418918609619,1.65,2.0
AUC,3,aligned,2,662,MCCE,native,MCCE_native,1,OK,15.225,0.0208485126495361,1.8870185703383364,3.0
AUC,3,aligned,2,662,MCCE,bounded,MCCE_bounded,1,OK,15.225,0.0208485126495361,1.8870185703383364,3.0
AUC,3,aligned,2,662,MCCE,bounded+edit,MCCE_bounded+edit,1,OK,15.225,0.0208485126495361,1.8870185703383364,3.0
AUC,3,aligned,2,663,NICE,native,NICE_native,0,below_policy_threshold;immutable_changed:Test_1;immutable_changed:Test_2,11.025,0.0055580139160156,0.85,1.0
AUC,3,aligned,2,663,NICE,bounded,NICE_bounded,0,below_policy_threshold;classifier_target_not_met,6.2,0.0055580139160156,0.85,1.0
AUC,3,aligned,2,663,NICE,bounded+edit,NICE_bounded+edit,0,below_policy_threshold;classifier_target_not_met,6.2,0.0055580139160156,0.85,1.0
AUC,3,aligned,2,663,MCCE,native,MCCE_native,0,no_candidate,,0.0141651630401611,,
AUC,3,aligned,2,663,MCCE,bounded,MCCE_bounded,0,no_candidate,,0.0141651630401611,,
AUC,3,aligned,2,663,MCCE,bounded+edit,MCCE_bounded+edit,0,no_candidate,,0.0141651630401611,,
AUC,3,aligned,3,14,NICE,native,NICE_native,0,immutable_changed:Test_2;immutable_changed:Test_3,15.125,0.0055627822875976,0.85,1.0
AUC,3,aligned,3,14,NICE,bounded,NICE_bounded,0,below_policy_threshold;classifier_target_not_met,11.625,0.0055627822875976,0.85,1.0
AUC,3,aligned,3,14,NICE,bounded+edit,NICE_bounded+edit,0,below_policy_threshold;classifier_target_not_met,11.625,0.0055627822875976,0.85,1.0
AUC,3,aligned,3,14,MCCE,native,MCCE_native,0,no_candidate,,0.0272524356842041,,
AUC,3,aligned,3,14,MCCE,bounded,MCCE_bounded,0,no_candidate,,0.0272524356842041,,
AUC,3,aligned,3,14,MCCE,bounded+edit,MCCE_bounded+edit,0,no_candidate,,0.0272524356842041,,
AUC,3,aligned,3,31,NICE,native,NICE_native,0,below_policy_threshold;immutable_changed:Test_1;immutable_changed:Test_2,15.0,0.0055289268493652,0.8,1.0
AUC,3,aligned,3,31,NICE,bounded,NICE_bounded,0,below_policy_threshold;classifier_target_not_met,14.625,0.0055289268493652,0.8,1.0
AUC,3,aligned,3,31,NICE,bounded+edit,NICE_bounded+edit,0,below_policy_threshold;classifier_target_not_met,14.625,0.0055289268493652,0.8,1.0
AUC,3,aligned,3,31,MCCE,native,MCCE_native,0,no_candidate,,0.0122373104095458,,
AUC,3,aligned,3,31,MCCE,bounded,MCCE_bounded,0,no_candidate,,0.0122373104095458,,
AUC,3,aligned,3,31,MCCE,bounded+edit,MCCE_bounded+edit,0,no_candidate,,0.0122373104095458,,
AUC,3,aligned,3,37,NICE,native,NICE_native,0,immutable_changed:Test_1;immutable_changed:Test_2;immutable_changed:Test_3,15.05,0.0072884559631347,0.7,1.0
AUC,3,aligned,3,37,NICE,bounded,NICE_bounded,0,below_policy_threshold;classifier_target_not_met,13.75,0.0072884559631347,0.7,1.0
AUC,3,aligned,3,37,NICE,bounded+edit,NICE_bounded+edit,0,below_policy_threshold;classifier_target_not_met,13.75,0.0072884559631347,0.7,1.0
AUC,3,aligned,3,37,MCCE,native,MCCE_native,0,no_candidate,,0.0147922039031982,,
AUC,3,aligned,3,37,MCCE,bounded,MCCE_bounded,0,no_candidate,,0.0147922039031982,,
AUC,3,aligned,3,37,MCCE,bounded+edit,MCCE_bounded+edit,0,no_candidate,,0.0147922039031982,,
AUC,3,aligned,3,45,NICE,native,NICE_native,0,immutable_changed:Test_1;immutable_changed:Test_2;immutable_changed:Test_3,15.05,0.0066494941711425,0.8,1.0
AUC,3,aligned,3,45,NICE,bounded,NICE_bounded,0,below_policy_threshold;classifier_target_not_met,14.125,0.0066494941711425,0.8,1.0
AUC,3,aligned,3,45,NICE,bounded+edit,NICE_bounded+edit,0,below_policy_threshold;classifier_target_not_met,14.125,0.0066494941711425,0.8,1.0
AUC,3,aligned,3,45,MCCE,native,MCCE_native,0,no_candidate,,0.0149934291839599,,
AUC,3,aligned,3,45,MCCE,bounded,MCCE_bounded,0,no_candidate,,0.0149934291839599,,
AUC,3,aligned,3,45,MCCE,bounded+edit,MCCE_bounded+edit,0,no_candidate,,0.0149934291839599,,
AUC,3,aligned,3,46,NICE,native,NICE_native,0,below_policy_threshold;immutable_changed:Test_2,11.075,0.0047483444213867,0.85,1.0
AUC,3,aligned,3,46,NICE,bounded,NICE_bounded,0,below_policy_threshold;classifier_target_not_met,6.575,0.0047483444213867,0.85,1.0
AUC,3,aligned,3,46,NICE,bounded+edit,NICE_bounded+edit,0,below_policy_threshold;classifier_target_not_met,6.575,0.0047483444213867,0.85,1.0
AUC,3,aligned,3,46,MCCE,native,MCCE_native,0,no_candidate,,0.0124690532684326,,
AUC,3,aligned,3,46,MCCE,bounded,MCCE_bounded,0,no_candidate,,0.0124690532684326,,
AUC,3,aligned,3,46,MCCE,bounded+edit,MCCE_bounded+edit,0,no_candidate,,0.0124690532684326,,
AUC,3,aligned,3,53,NICE,native,NICE_native,0,below_policy_threshold;immutable_changed:Test_1;immutable_changed:Test_2,14.025,0.005340576171875,0.85,1.0
AUC,3,aligned,3,53,NICE,bounded,NICE_bounded,0,below_policy_threshold;classifier_target_not_met,12.25,0.005340576171875,0.85,1.0
AUC,3,aligned,3,53,NICE,bounded+edit,NICE_bounded+edit,0,below_policy_threshold;classifier_target_not_met,12.25,0.005340576171875,0.85,1.0
AUC,3,aligned,3,53,MCCE,native,MCCE_native,0,no_candidate,,0.0120651721954345,,
AUC,3,aligned,3,53,MCCE,bounded,MCCE_bounded,0,no_candidate,,0.0120651721954345,,
AUC,3,aligned,3,53,MCCE,bounded+edit,MCCE_bounded+edit,0,no_candidate,,0.0120651721954345,,
AUC,3,aligned,3,58,NICE,native,NICE_native,0,below_policy_threshold;immutable_changed:Test_2,14.9,0.0042376518249511,0.85,1.0
AUC,3,aligned,3,58,NICE,bounded,NICE_bounded,0,below_policy_threshold;classifier_target_not_met,14.7,0.0042376518249511,0.85,1.0
AUC,3,aligned,3,58,NICE,bounded+edit,NICE_bounded+edit,0,below_policy_threshold;classifier_target_not_met,14.7,0.0042376518249511,0.85,1.0
AUC,3,aligned,3,58,MCCE,native,MCCE_native,0,no_candidate,,0.0119767189025878,,
AUC,3,aligned,3,58,MCCE,bounded,MCCE_bounded,0,no_candidate,,0.0119767189025878,,
AUC,3,aligned,3,58,MCCE,bounded+edit,MCCE_bounded+edit,0,no_candidate,,0.0119767189025878,,
AUC,3,aligned,3,61,NICE,native,NICE_native,0,below_policy_threshold;immutable_changed:Test_2,11.225,0.0040106773376464,0.85,1.0
AUC,3,aligned,3,61,NICE,bounded,NICE_bounded,0,below_policy_threshold;classifier_target_not_met,6.725,0.0040106773376464,0.85,1.0
AUC,3,aligned,3,61,NICE,bounded+edit,NICE_bounded+edit,0,below_policy_threshold;classifier_target_not_met,6.725,0.0040106773376464,0.85,1.0
AUC,3,aligned,3,61,MCCE,native,MCCE_native,0,no_candidate,,0.0115866661071777,,
AUC,3,aligned,3,61,MCCE,bounded,MCCE_bounded,0,no_candidate,,0.0115866661071777,,
AUC,3,aligned,3,61,MCCE,bounded+edit,MCCE_bounded+edit,0,no_candidate,,0.0115866661071777,,
AUC,3,aligned,3,67,NICE,native,NICE_native,0,immutable_changed:Test_1;immutable_changed:Test_2;immutable_changed:Test_3,15.05,0.0065479278564453,0.7,1.0
AUC,3,aligned,3,67,NICE,bounded,NICE_bounded,0,below_policy_threshold;classifier_target_not_met,14.275,0.0065479278564453,0.7,1.0
AUC,3,aligned,3,67,NICE,bounded+edit,NICE_bounded+edit,0,below_policy_threshold;classifier_target_not_met,14.275,0.0065479278564453,0.7,1.0
AUC,3,aligned,3,67,MCCE,native,MCCE_native,0,out_of_bounds:sum_click,15.025,0.0184040069580078,0.854554771122751,2.0
AUC,3,aligned,3,67,MCCE,bounded,MCCE_bounded,1,OK,15.025,0.0184040069580078,1.0595194716465497,2.0
AUC,3,aligned,3,67,MCCE,bounded+edit,MCCE_bounded+edit,1,OK,15.025,0.0184040069580078,1.0595194716465497,2.0
AUC,3,aligned,3,73,NICE,native,NICE_native,0,out_of_bounds:sum_click;immutable_changed:Test_2;immutable_changed:Test_3,15.05,0.0070171356201171,0.9209646995419024,2.0
AUC,3,aligned,3,73,NICE,bounded,NICE_bounded,0,below_policy_threshold;classifier_target_not_met,14.35,0.0070171356201171,0.7,1.0
AUC,3,aligned,3,73,NICE,bounded+edit,NICE_bounded+edit,0,below_policy_threshold;classifier_target_not_met,14.35,0.0070171356201171,0.7,1.0
AUC,3,aligned,3,73,MCCE,native,MCCE_native,1,OK,15.2,0.0181276798248291,0.9346725949878738,2.0
AUC,3,aligned,3,73,MCCE,bounded,MCCE_bounded,1,OK,15.2,0.0181276798248291,0.9346725949878738,2.0
AUC,3,aligned,3,73,MCCE,bounded+edit,MCCE_bounded+edit,1,OK,15.2,0.0181276798248291,0.9346725949878738,2.0
AUC,3,aligned,3,80,NICE,native,NICE_native,0,below_policy_threshold;immutable_changed:Test_2;immutable_changed:Test_3,14.95,0.0053582191467285,0.85,1.0
AUC,3,aligned,3,80,NICE,bounded,NICE_bounded,0,below_policy_threshold;classifier_target_not_met,13.45,0.0053582191467285,0.85,1.0
AUC,3,aligned,3,80,NICE,bounded+edit,NICE_bounded+edit,0,below_policy_threshold;classifier_target_not_met,13.45,0.0053582191467285,0.85,1.0
AUC,3,aligned,3,80,MCCE,native,MCCE_native,0,no_candidate,,0.0303950309753417,,
AUC,3,aligned,3,80,MCCE,bounded,MCCE_bounded,0,no_candidate,,0.0303950309753417,,
AUC,3,aligned,3,80,MCCE,bounded+edit,MCCE_bounded+edit,0,no_candidate,,0.0303950309753417,,
AUC,3,aligned,3,81,NICE,native,NICE_native,0,below_policy_threshold,14.625,0.0059540271759033,0.8699999999999999,1.0
AUC,3,aligned,3,81,NICE,bounded,NICE_bounded,0,below_policy_threshold,14.625,0.0059540271759033,0.8699999999999999,1.0
AUC,3,aligned,3,81,NICE,bounded+edit,NICE_bounded+edit,0,below_policy_threshold,14.625,0.0059540271759033,0.8699999999999999,1.0
AUC,3,aligned,3,81,MCCE,native,MCCE_native,0,below_policy_threshold,14.775,0.0231842994689941,1.009669164686529,2.0
AUC,3,aligned,3,81,MCCE,bounded,MCCE_bounded,0,below_policy_threshold,14.775,0.0231842994689941,1.009669164686529,2.0
AUC,3,aligned,3,81,MCCE,bounded+edit,MCCE_bounded+edit,0,below_policy_threshold,14.775,0.0231842994689941,1.009669164686529,2.0
AUC,3,aligned,3,95,NICE,native,NICE_native,0,immutable_changed:Test_1;immutable_changed:Test_2;immutable_changed:Test_3,15.05,0.0066335201263427,0.8,1.0
AUC,3,aligned,3,95,NICE,bounded,NICE_bounded,0,below_policy_threshold;classifier_target_not_met,6.1,0.0066335201263427,0.8,1.0
AUC,3,aligned,3,95,NICE,bounded+edit,NICE_bounded+edit,0,below_policy_threshold;classifier_target_not_met,6.1,0.0066335201263427,0.8,1.0
AUC,3,aligned,3,95,MCCE,native,MCCE_native,0,no_candidate,,0.0154657363891601,,
AUC,3,aligned,3,95,MCCE,bounded,MCCE_bounded,0,no_candidate,,0.0154657363891601,,
AUC,3,aligned,3,95,MCCE,bounded+edit,MCCE_bounded+edit,0,no_candidate,,0.0154657363891601,,
AUC,3,aligned,3,101,NICE,native,NICE_native,0,below_policy_threshold;immutable_changed:Test_1;immutable_changed:Test_3,14.45,0.0054354667663574,0.9,1.0
AUC,3,aligned,3,101,NICE,bounded,NICE_bounded,0,below_policy_threshold;classifier_target_not_met,12.25,0.0054354667663574,0.9,1.0
AUC,3,aligned,3,101,NICE,bounded+edit,NICE_bounded+edit,0,below_policy_threshold;classifier_target_not_met,12.25,0.0054354667663574,0.9,1.0
AUC,3,aligned,3,101,MCCE,native,MCCE_native,0,no_candidate,,0.0116400718688964,,
AUC,3,aligned,3,101,MCCE,bounded,MCCE_bounded,0,no_candidate,,0.0116400718688964,,
AUC,3,aligned,3,101,MCCE,bounded+edit,MCCE_bounded+edit,0,no_candidate,,0.0116400718688964,,
AUC,3,aligned,3,103,NICE,native,NICE_native,0,immutable_changed:Test_2;immutable_changed:Test_3,15.05,0.0054185390472412,0.9,1.0
AUC,3,aligned,3,103,NICE,bounded,NICE_bounded,0,below_policy_threshold;classifier_target_not_met,11.5,0.0054185390472412,0.9,1.0
AUC,3,aligned,3,103,NICE,bounded+edit,NICE_bounded+edit,0,below_policy_threshold;classifier_target_not_met,11.5,0.0054185390472412,0.9,1.0
AUC,3,aligned,3,103,MCCE,native,MCCE_native,0,no_candidate,,0.0168595314025878,,
AUC,3,aligned,3,103,MCCE,bounded,MCCE_bounded,0,no_candidate,,0.0168595314025878,,
AUC,3,aligned,3,103,MCCE,bounded+edit,MCCE_bounded+edit,0,no_candidate,,0.0168595314025878,,
AUC,3,aligned,3,105,NICE,native,NICE_native,0,immutable_changed:Test_3,15.5,0.0084853172302246,0.7,1.0
AUC,3,aligned,3,105,NICE,bounded,NICE_bounded,0,below_policy_threshold;classifier_target_not_met,10.75,0.0084853172302246,0.7,1.0
AUC,3,aligned,3,105,NICE,bounded+edit,NICE_bounded+edit,0,below_policy_threshold;classifier_target_not_met,10.75,0.0084853172302246,0.7,1.0
AUC,3,aligned,3,105,MCCE,native,MCCE_native,0,no_candidate,,0.0117461681365966,,
AUC,3,aligned,3,105,MCCE,bounded,MCCE_bounded,0,no_candidate,,0.0117461681365966,,
AUC,3,aligned,3,105,MCCE,bounded+edit,MCCE_bounded+edit,0,no_candidate,,0.0117461681365966,,
AUC,3,aligned,3,106,NICE,native,NICE_native,0,immutable_changed:Test_1;immutable_changed:Test_2;immutable_changed:Test_3,15.05,0.0069961547851562,0.7,1.0
AUC,3,aligned,3,106,NICE,bounded,NICE_bounded,0,below_policy_threshold;classifier_target_not_met,13.975,0.0069961547851562,0.7,1.0
AUC,3,aligned,3,106,NICE,bounded+edit,NICE_bounded+edit,0,below_policy_threshold;classifier_target_not_met,13.975,0.0069961547851562,0.7,1.0
AUC,3,aligned,3,106,MCCE,native,MCCE_native,0,no_candidate,,0.0122847557067871,,
AUC,3,aligned,3,106,MCCE,bounded,MCCE_bounded,0,no_candidate,,0.0122847557067871,,
AUC,3,aligned,3,106,MCCE,bounded+edit,MCCE_bounded+edit,0,no_candidate,,0.0122847557067871,,
AUC,3,aligned,3,107,NICE,native,NICE_native,0,immutable_changed:Test_1;immutable_changed:Test_2;immutable_changed:Test_3,15.05,0.0067121982574462,0.7,1.0
AUC,3,aligned,3,107,NICE,bounded,NICE_bounded,0,below_policy_threshold;classifier_target_not_met,14.325,0.0067121982574462,0.7,1.0
AUC,3,aligned,3,107,NICE,bounded+edit,NICE_bounded+edit,0,below_policy_threshold;classifier_target_not_met,14.325,0.0067121982574462,0.7,1.0
AUC,3,aligned,3,107,MCCE,native,MCCE_native,0,out_of_bounds:sum_click,15.175,0.0179073810577392,0.9179198431714224,2.0
AUC,3,aligned,3,107,MCCE,bounded,MCCE_bounded,1,OK,15.175,0.0179073810577392,1.0791047702025702,2.0
AUC,3,aligned,3,107,MCCE,bounded+edit,MCCE_bounded+edit,1,OK,15.175,0.0179073810577392,1.0791047702025702,2.0
AUC,3,aligned,3,112,NICE,native,NICE_native,0,immutable_changed:Test_2;immutable_changed:Test_3,15.15,0.0054767131805419,0.9,1.0
AUC,3,aligned,3,112,NICE,bounded,NICE_bounded,0,below_policy_threshold;classifier_target_not_met,10.5,0.0054767131805419,0.9,1.0
AUC,3,aligned,3,112,NICE,bounded+edit,NICE_bounded+edit,0,below_policy_threshold;classifier_target_not_met,10.5,0.0054767131805419,0.9,1.0
AUC,3,aligned,3,112,MCCE,native,MCCE_native,0,no_candidate,,0.0124790668487548,,
AUC,3,aligned,3,112,MCCE,bounded,MCCE_bounded,0,no_candidate,,0.0124790668487548,,
AUC,3,aligned,3,112,MCCE,bounded+edit,MCCE_bounded+edit,0,no_candidate,,0.0124790668487548,,
AUC,3,aligned,3,123,NICE,native,NICE_native,0,below_policy_threshold;immutable_changed:Test_2;immutable_changed:Test_3,14.875,0.0055046081542968,0.85,1.0
AUC,3,aligned,3,123,NICE,bounded,NICE_bounded,0,below_policy_threshold;classifier_target_not_met,13.225,0.0055046081542968,0.85,1.0
AUC,3,aligned,3,123,NICE,bounded+edit,NICE_bounded+edit,0,below_policy_threshold;classifier_target_not_met,13.225,0.0055046081542968,0.85,1.0
AUC,3,aligned,3,123,MCCE,native,MCCE_native,0,no_candidate,,0.0119524002075195,,
AUC,3,aligned,3,123,MCCE,bounded,MCCE_bounded,0,no_candidate,,0.0119524002075195,,
AUC,3,aligned,3,123,MCCE,bounded+edit,MCCE_bounded+edit,0,no_candidate,,0.0119524002075195,,
AUC,3,aligned,3,124,NICE,native,NICE_native,0,below_policy_threshold;immutable_changed:Test_3,14.975,0.0040962696075439,0.97,1.0
AUC,3,aligned,3,124,NICE,bounded,NICE_bounded,0,below_policy_threshold;classifier_target_not_met,14.725,0.0040962696075439,0.97,1.0
AUC,3,aligned,3,124,NICE,bounded+edit,NICE_bounded+edit,0,below_policy_threshold;classifier_target_not_met,14.725,0.0040962696075439,0.97,1.0
AUC,3,aligned,3,124,MCCE,native,MCCE_native,0,no_candidate,,0.0116047859191894,,
AUC,3,aligned,3,124,MCCE,bounded,MCCE_bounded,0,no_candidate,,0.0116047859191894,,
AUC,3,aligned,3,124,MCCE,bounded+edit,MCCE_bounded+edit,0,no_candidate,,0.0116047859191894,,
AUC,3,aligned,3,132,NICE,native,NICE_native,0,immutable_changed:Test_3,15.15,0.0040979385375976,0.9,1.0
AUC,3,aligned,3,132,NICE,bounded,NICE_bounded,0,below_policy_threshold;classifier_target_not_met,14.75,0.0040979385375976,0.9,1.0
AUC,3,aligned,3,132,NICE,bounded+edit,NICE_bounded+edit,0,below_policy_threshold;classifier_target_not_met,14.75,0.0040979385375976,0.9,1.0
AUC,3,aligned,3,132,MCCE,native,MCCE_native,0,no_candidate,,0.0116097927093505,,
AUC,3,aligned,3,132,MCCE,bounded,MCCE_bounded,0,no_candidate,,0.0116097927093505,,
AUC,3,aligned,3,132,MCCE,bounded+edit,MCCE_bounded+edit,0,no_candidate,,0.0116097927093505,,
AUC,3,aligned,3,144,NICE,native,NICE_native,0,immutable_changed:Test_2;immutable_changed:Test_3,15.05,0.0052318572998046,0.7,1.0
AUC,3,aligned,3,144,NICE,bounded,NICE_bounded,0,below_policy_threshold;classifier_target_not_met,14.0,0.0052318572998046,0.7,1.0
AUC,3,aligned,3,144,NICE,bounded+edit,NICE_bounded+edit,0,below_policy_threshold;classifier_target_not_met,14.0,0.0052318572998046,0.7,1.0
AUC,3,aligned,3,144,MCCE,native,MCCE_native,0,below_policy_threshold;out_of_bounds:sum_click,14.75,0.0176470279693603,0.8542634832658281,2.0
AUC,3,aligned,3,144,MCCE,bounded,MCCE_bounded,0,below_policy_threshold,14.75,0.0176470279693603,1.1015455126838627,2.0
AUC,3,aligned,3,144,MCCE,bounded+edit,MCCE_bounded+edit,0,below_policy_threshold,14.75,0.0176470279693603,1.1015455126838627,2.0
AUC,3,aligned,3,145,NICE,native,NICE_native,0,below_policy_threshold;immutable_changed:Test_1;immutable_changed:Test_2,12.775,0.0053305625915527,0.85,1.0
AUC,3,aligned,3,145,NICE,bounded,NICE_bounded,0,below_policy_threshold;classifier_target_not_met,9.75,0.0053305625915527,0.85,1.0
AUC,3,aligned,3,145,NICE,bounded+edit,NICE_bounded+edit,0,below_policy_threshold;classifier_target_not_met,9.75,0.0053305625915527,0.85,1.0
AUC,3,aligned,3,145,MCCE,native,MCCE_native,0,no_candidate,,0.011439561843872,,
AUC,3,aligned,3,145,MCCE,bounded,MCCE_bounded,0,no_candidate,,0.011439561843872,,
AUC,3,aligned,3,145,MCCE,bounded+edit,MCCE_bounded+edit,0,no_candidate,,0.011439561843872,,
AUC,3,aligned,3,159,NICE,native,NICE_native,0,immutable_changed:Test_1;immutable_changed:Test_2;immutable_changed:Test_3,15.05,0.0065753459930419,0.7,1.0
AUC,3,aligned,3,159,NICE,bounded,NICE_bounded,0,below_policy_threshold;classifier_target_not_met,12.775,0.0065753459930419,0.7,1.0
AUC,3,aligned,3,159,NICE,bounded+edit,NICE_bounded+edit,0,below_policy_threshold;classifier_target_not_met,12.775,0.0065753459930419,0.7,1.0
AUC,3,aligned,3,159,MCCE,native,MCCE_native,0,no_candidate,,0.0114367008209228,,
AUC,3,aligned,3,159,MCCE,bounded,MCCE_bounded,0,no_candidate,,0.0114367008209228,,
AUC,3,aligned,3,159,MCCE,bounded+edit,MCCE_bounded+edit,0,no_candidate,,0.0114367008209228,,
AUC,3,aligned,3,169,NICE,native,NICE_native,0,immutable_changed:Test_1,15.55,0.0039913654327392,0.7,1.0
AUC,3,aligned,3,169,NICE,bounded,NICE_bounded,0,classifier_target_not_met,15.275,0.0039913654327392,0.7,1.0
AUC,3,aligned,3,169,NICE,bounded+edit,NICE_bounded+edit,0,classifier_target_not_met,15.275,0.0039913654327392,0.7,1.0
AUC,3,aligned,3,169,MCCE,native,MCCE_native,1,OK,16.025,0.0174353122711181,0.9752609603340292,2.0
AUC,3,aligned,3,169,MCCE,bounded,MCCE_bounded,1,OK,16.025,0.0174353122711181,0.9752609603340292,2.0
AUC,3,aligned,3,169,MCCE,bounded+edit,MCCE_bounded+edit,1,OK,16.025,0.0174353122711181,0.9752609603340292,2.0
AUC,3,aligned,3,170,NICE,native,NICE_native,0,immutable_changed:Test_2;immutable_changed:Test_3,15.05,0.0053210258483886,0.8,1.0
AUC,3,aligned,3,170,NICE,bounded,NICE_bounded,0,below_policy_threshold;classifier_target_not_met,14.45,0.0053210258483886,0.8,1.0
AUC,3,aligned,3,170,NICE,bounded+edit,NICE_bounded+edit,0,below_policy_threshold;classifier_target_not_met,14.45,0.0053210258483886,0.8,1.0
AUC,3,aligned,3,170,MCCE,native,MCCE_native,0,no_candidate,,0.0118982791900634,,
AUC,3,aligned,3,170,MCCE,bounded,MCCE_bounded,0,no_candidate,,0.0118982791900634,,
AUC,3,aligned,3,170,MCCE,bounded+edit,MCCE_bounded+edit,0,no_candidate,,0.0118982791900634,,
AUC,3,aligned,3,177,NICE,native,NICE_native,0,below_policy_threshold;immutable_changed:Test_2,11.0,0.0041851997375488,0.85,1.0
AUC,3,aligned,3,177,NICE,bounded,NICE_bounded,0,below_policy_threshold;classifier_target_not_met,10.75,0.0041851997375488,0.85,1.0
AUC,3,aligned,3,177,NICE,bounded+edit,NICE_bounded+edit,0,below_policy_threshold;classifier_target_not_met,10.75,0.0041851997375488,0.85,1.0
AUC,3,aligned,3,177,MCCE,native,MCCE_native,0,no_candidate,,0.0116546154022216,,
AUC,3,aligned,3,177,MCCE,bounded,MCCE_bounded,0,no_candidate,,0.0116546154022216,,
AUC,3,aligned,3,177,MCCE,bounded+edit,MCCE_bounded+edit,0,no_candidate,,0.0116546154022216,,
AUC,3,aligned,3,185,NICE,native,NICE_native,0,below_policy_threshold;immutable_changed:Test_1;immutable_changed:Test_2,14.925,0.0054938793182373,0.85,1.0
AUC,3,aligned,3,185,NICE,bounded,NICE_bounded,0,below_policy_threshold;classifier_target_not_met,14.325,0.0054938793182373,0.85,1.0
AUC,3,aligned,3,185,NICE,bounded+edit,NICE_bounded+edit,0,below_policy_threshold;classifier_target_not_met,14.325,0.0054938793182373,0.85,1.0
AUC,3,aligned,3,185,MCCE,native,MCCE_native,0,no_candidate,,0.0116376876831054,,
AUC,3,aligned,3,185,MCCE,bounded,MCCE_bounded,0,no_candidate,,0.0116376876831054,,
AUC,3,aligned,3,185,MCCE,bounded+edit,MCCE_bounded+edit,0,no_candidate,,0.0116376876831054,,
AUC,3,aligned,3,188,NICE,native,NICE_native,1,OK,15.3,0.0027260780334472,0.8699999999999999,1.0
AUC,3,aligned,3,188,NICE,bounded,NICE_bounded,1,OK,15.3,0.0027260780334472,0.8699999999999999,1.0
AUC,3,aligned,3,188,NICE,bounded+edit,NICE_bounded+edit,1,OK,15.3,0.0027260780334472,0.8699999999999999,1.0
AUC,3,aligned,3,188,MCCE,native,MCCE_native,0,out_of_bounds:sum_click,15.3,0.0154471397399902,31.458235294118197,2.0
AUC,3,aligned,3,188,MCCE,bounded,MCCE_bounded,0,no_candidate,,0.0154471397399902,,
AUC,3,aligned,3,188,MCCE,bounded+edit,MCCE_bounded+edit,0,no_candidate,,0.0154471397399902,,
AUC,3,aligned,3,204,NICE,native,NICE_native,0,immutable_changed:Test_3,15.05,0.0041346549987792,0.93,1.0
AUC,3,aligned,3,204,NICE,bounded,NICE_bounded,0,below_policy_threshold;classifier_target_not_met,14.05,0.0041346549987792,0.93,1.0
AUC,3,aligned,3,204,NICE,bounded+edit,NICE_bounded+edit,0,below_policy_threshold;classifier_target_not_met,14.05,0.0041346549987792,0.93,1.0
AUC,3,aligned,3,204,MCCE,native,MCCE_native,0,no_candidate,,0.0124030113220214,,
AUC,3,aligned,3,204,MCCE,bounded,MCCE_bounded,0,no_candidate,,0.0124030113220214,,
AUC,3,aligned,3,204,MCCE,bounded+edit,MCCE_bounded+edit,0,no_candidate,,0.0124030113220214,,
AUC,3,aligned,3,206,NICE,native,NICE_native,0,below_policy_threshold;immutable_changed:Test_1;immutable_changed:Test_3,14.875,0.0055630207061767,0.85,1.0
AUC,3,aligned,3,206,NICE,bounded,NICE_bounded,0,below_policy_threshold;classifier_target_not_met,13.725,0.0055630207061767,0.85,1.0
AUC,3,aligned,3,206,NICE,bounded+edit,NICE_bounded+edit,0,below_policy_threshold;classifier_target_not_met,13.725,0.0055630207061767,0.85,1.0
AUC,3,aligned,3,206,MCCE,native,MCCE_native,0,no_candidate,,0.0117027759552001,,
AUC,3,aligned,3,206,MCCE,bounded,MCCE_bounded,0,no_candidate,,0.0117027759552001,,
AUC,3,aligned,3,206,MCCE,bounded+edit,MCCE_bounded+edit,0,no_candidate,,0.0117027759552001,,
AUC,3,aligned,3,209,NICE,native,NICE_native,0,below_policy_threshold;immutable_changed:Test_2;immutable_changed:Test_3,14.675,0.0052158832550048,0.85,1.0
AUC,3,aligned,3,209,NICE,bounded,NICE_bounded,0,below_policy_threshold;classifier_target_not_met,12.575,0.0052158832550048,0.85,1.0
AUC,3,aligned,3,209,NICE,bounded+edit,NICE_bounded+edit,0,below_policy_threshold;classifier_target_not_met,12.575,0.0052158832550048,0.85,1.0
AUC,3,aligned,3,209,MCCE,native,MCCE_native,0,no_candidate,,0.0118865966796875,,
AUC,3,aligned,3,209,MCCE,bounded,MCCE_bounded,0,no_candidate,,0.0118865966796875,,
AUC,3,aligned,3,209,MCCE,bounded+edit,MCCE_bounded+edit,0,no_candidate,,0.0118865966796875,,
AUC,3,aligned,3,211,NICE,native,NICE_native,0,immutable_changed:Test_3,15.1,0.0040159225463867,0.97,1.0
AUC,3,aligned,3,211,NICE,bounded,NICE_bounded,0,below_policy_threshold;classifier_target_not_met,14.25,0.0040159225463867,0.97,1.0
AUC,3,aligned,3,211,NICE,bounded+edit,NICE_bounded+edit,0,below_policy_threshold;classifier_target_not_met,14.25,0.0040159225463867,0.97,1.0
AUC,3,aligned,3,211,MCCE,native,MCCE_native,0,no_candidate,,0.0118763446807861,,
AUC,3,aligned,3,211,MCCE,bounded,MCCE_bounded,0,no_candidate,,0.0118763446807861,,
AUC,3,aligned,3,211,MCCE,bounded+edit,MCCE_bounded+edit,0,no_candidate,,0.0118763446807861,,
AUC,3,aligned,3,214,NICE,native,NICE_native,0,immutable_changed:Test_2,15.05,0.0040016174316406,0.8,1.0
AUC,3,aligned,3,214,NICE,bounded,NICE_bounded,0,below_policy_threshold;classifier_target_not_met,14.95,0.0040016174316406,0.8,1.0
AUC,3,aligned,3,214,NICE,bounded+edit,NICE_bounded+edit,0,below_policy_threshold;classifier_target_not_met,14.95,0.0040016174316406,0.8,1.0
AUC,3,aligned,3,214,MCCE,native,MCCE_native,0,out_of_bounds:sum_click,15.3,0.0182821750640869,0.9535571471202624,2.0
AUC,3,aligned,3,214,MCCE,bounded,MCCE_bounded,1,OK,15.3,0.0182821750640869,1.6339510593852582,2.0
AUC,3,aligned,3,214,MCCE,bounded+edit,MCCE_bounded+edit,1,OK,15.3,0.0182821750640869,1.6339510593852582,2.0
AUC,3,aligned,3,230,NICE,native,NICE_native,0,immutable_changed:Test_1;immutable_changed:Test_2;immutable_changed:Test_3,15.05,0.0067031383514404,0.8,1.0
AUC,3,aligned,3,230,NICE,bounded,NICE_bounded,0,below_policy_threshold;classifier_target_not_met,14.0,0.0067031383514404,0.8,1.0
AUC,3,aligned,3,230,NICE,bounded+edit,NICE_bounded+edit,0,below_policy_threshold;classifier_target_not_met,14.0,0.0067031383514404,0.8,1.0
AUC,3,aligned,3,230,MCCE,native,MCCE_native,0,no_candidate,,0.013218879699707,,
AUC,3,aligned,3,230,MCCE,bounded,MCCE_bounded,0,no_candidate,,0.013218879699707,,
AUC,3,aligned,3,230,MCCE,bounded+edit,MCCE_bounded+edit,0,no_candidate,,0.013218879699707,,
AUC,3,aligned,3,232,NICE,native,NICE_native,0,immutable_changed:Test_1;immutable_changed:Test_2;immutable_changed:Test_3,15.15,0.0064997673034667,0.9,1.0
AUC,3,aligned,3,232,NICE,bounded,NICE_bounded,0,below_policy_threshold;classifier_target_not_met,11.375,0.0064997673034667,0.9,1.0
AUC,3,aligned,3,232,NICE,bounded+edit,NICE_bounded+edit,0,below_policy_threshold;classifier_target_not_met,11.375,0.0064997673034667,0.9,1.0
AUC,3,aligned,3,232,MCCE,native,MCCE_native,0,no_candidate,,0.0133337974548339,,
AUC,3,aligned,3,232,MCCE,bounded,MCCE_bounded,0,no_candidate,,0.0133337974548339,,
AUC,3,aligned,3,232,MCCE,bounded+edit,MCCE_bounded+edit,0,no_candidate,,0.0133337974548339,,
AUC,3,aligned,3,233,NICE,native,NICE_native,0,below_policy_threshold;immutable_changed:Test_1;immutable_changed:Test_2,14.025,0.0074808597564697,0.85,1.0
AUC,3,aligned,3,233,NICE,bounded,NICE_bounded,0,below_policy_threshold;classifier_target_not_met,12.125,0.0074808597564697,0.85,1.0
AUC,3,aligned,3,233,NICE,bounded+edit,NICE_bounded+edit,0,below_policy_threshold;classifier_target_not_met,12.125,0.0074808597564697,0.85,1.0
AUC,3,aligned,3,233,MCCE,native,MCCE_native,0,no_candidate,,0.0115916728973388,,
AUC,3,aligned,3,233,MCCE,bounded,MCCE_bounded,0,no_candidate,,0.0115916728973388,,
AUC,3,aligned,3,233,MCCE,bounded+edit,MCCE_bounded+edit,0,no_candidate,,0.0115916728973388,,
AUC,3,aligned,3,235,NICE,native,NICE_native,0,immutable_changed:Test_2;immutable_changed:Test_3,15.05,0.0052669048309326,0.8,1.0
AUC,3,aligned,3,235,NICE,bounded,NICE_bounded,0,below_policy_threshold;classifier_target_not_met,6.25,0.0052669048309326,0.8,1.0
AUC,3,aligned,3,235,NICE,bounded+edit,NICE_bounded+edit,0,below_policy_threshold;classifier_target_not_met,6.25,0.0052669048309326,0.8,1.0
AUC,3,aligned,3,235,MCCE,native,MCCE_native,0,no_candidate,,0.0114984512329101,,
AUC,3,aligned,3,235,MCCE,bounded,MCCE_bounded,0,no_candidate,,0.0114984512329101,,
AUC,3,aligned,3,235,MCCE,bounded+edit,MCCE_bounded+edit,0,no_candidate,,0.0114984512329101,,
AUC,3,aligned,3,237,NICE,native,NICE_native,0,immutable_changed:Test_2,15.15,0.0038807392120361,0.8,1.0
AUC,3,aligned,3,237,NICE,bounded,NICE_bounded,0,below_policy_threshold;classifier_target_not_met,14.7,0.0038807392120361,0.8,1.0
AUC,3,aligned,3,237,NICE,bounded+edit,NICE_bounded+edit,0,below_policy_threshold;classifier_target_not_met,14.7,0.0038807392120361,0.8,1.0
AUC,3,aligned,3,237,MCCE,native,MCCE_native,0,out_of_bounds:sum_click,15.05,0.0152442455291748,0.9957861635220124,2.0
AUC,3,aligned,3,237,MCCE,bounded,MCCE_bounded,0,no_candidate,,0.0152442455291748,,
AUC,3,aligned,3,237,MCCE,bounded+edit,MCCE_bounded+edit,0,no_candidate,,0.0152442455291748,,
AUC,3,aligned,3,264,NICE,native,NICE_native,0,below_policy_threshold;immutable_changed:Test_3,14.825,0.0040793418884277,0.9,1.0
AUC,3,aligned,3,264,NICE,bounded,NICE_bounded,0,below_policy_threshold;classifier_target_not_met,10.625,0.0040793418884277,0.9,1.0
AUC,3,aligned,3,264,NICE,bounded+edit,NICE_bounded+edit,0,below_policy_threshold;classifier_target_not_met,10.625,0.0040793418884277,0.9,1.0
AUC,3,aligned,3,264,MCCE,native,MCCE_native,0,no_candidate,,0.0117161273956298,,
AUC,3,aligned,3,264,MCCE,bounded,MCCE_bounded,0,no_candidate,,0.0117161273956298,,
AUC,3,aligned,3,264,MCCE,bounded+edit,MCCE_bounded+edit,0,no_candidate,,0.0117161273956298,,
AUC,3,aligned,3,283,NICE,native,NICE_native,0,below_policy_threshold;immutable_changed:Test_2;immutable_changed:Test_3,14.75,0.0054333209991455,0.85,1.0
AUC,3,aligned,3,283,NICE,bounded,NICE_bounded,0,below_policy_threshold;classifier_target_not_met,12.75,0.0054333209991455,0.85,1.0
AUC,3,aligned,3,283,NICE,bounded+edit,NICE_bounded+edit,0,below_policy_threshold;classifier_target_not_met,12.75,0.0054333209991455,0.85,1.0
AUC,3,aligned,3,283,MCCE,native,MCCE_native,0,no_candidate,,0.0116407871246337,,
AUC,3,aligned,3,283,MCCE,bounded,MCCE_bounded,0,no_candidate,,0.0116407871246337,,
AUC,3,aligned,3,283,MCCE,bounded+edit,MCCE_bounded+edit,0,no_candidate,,0.0116407871246337,,
AUC,3,aligned,3,284,NICE,native,NICE_native,0,below_policy_threshold;immutable_changed:Test_1;immutable_changed:Test_2,13.525,0.0053355693817138,0.85,1.0
AUC,3,aligned,3,284,NICE,bounded,NICE_bounded,0,below_policy_threshold;classifier_target_not_met,11.25,0.0053355693817138,0.85,1.0
AUC,3,aligned,3,284,NICE,bounded+edit,NICE_bounded+edit,0,below_policy_threshold;classifier_target_not_met,11.25,0.0053355693817138,0.85,1.0
AUC,3,aligned,3,284,MCCE,native,MCCE_native,0,no_candidate,,0.0119202136993408,,
AUC,3,aligned,3,284,MCCE,bounded,MCCE_bounded,0,no_candidate,,0.0119202136993408,,
AUC,3,aligned,3,284,MCCE,bounded+edit,MCCE_bounded+edit,0,no_candidate,,0.0119202136993408,,
AUC,3,aligned,3,291,NICE,native,NICE_native,1,OK,15.175,0.0027906894683837,0.9,1.0
AUC,3,aligned,3,291,NICE,bounded,NICE_bounded,1,OK,15.175,0.0027906894683837,0.9,1.0
AUC,3,aligned,3,291,NICE,bounded+edit,NICE_bounded+edit,1,OK,15.175,0.0027906894683837,0.9,1.0
AUC,3,aligned,3,291,MCCE,native,MCCE_native,1,OK,15.175,0.0209662914276123,0.9114580349470066,2.0
AUC,3,aligned,3,291,MCCE,bounded,MCCE_bounded,1,OK,15.175,0.0209662914276123,0.9114580349470066,2.0
AUC,3,aligned,3,291,MCCE,bounded+edit,MCCE_bounded+edit,1,OK,15.175,0.0209662914276123,0.9114580349470066,2.0
AUC,3,aligned,3,323,NICE,native,NICE_native,0,immutable_changed:Test_2;immutable_changed:Test_3,15.125,0.005354881286621,0.85,1.0
AUC,3,aligned,3,323,NICE,bounded,NICE_bounded,0,below_policy_threshold;classifier_target_not_met,11.875,0.005354881286621,0.85,1.0
AUC,3,aligned,3,323,NICE,bounded+edit,NICE_bounded+edit,0,below_policy_threshold;classifier_target_not_met,11.875,0.005354881286621,0.85,1.0
AUC,3,aligned,3,323,MCCE,native,MCCE_native,0,no_candidate,,0.012225866317749,,
AUC,3,aligned,3,323,MCCE,bounded,MCCE_bounded,0,no_candidate,,0.012225866317749,,
AUC,3,aligned,3,323,MCCE,bounded+edit,MCCE_bounded+edit,0,no_candidate,,0.012225866317749,,
AUC,3,aligned,3,324,NICE,native,NICE_native,0,below_policy_threshold;immutable_changed:Test_2,14.725,0.0040662288665771,0.85,1.0
AUC,3,aligned,3,324,NICE,bounded,NICE_bounded,0,below_policy_threshold;classifier_target_not_met,13.625,0.0040662288665771,0.85,1.0
AUC,3,aligned,3,324,NICE,bounded+edit,NICE_bounded+edit,0,below_policy_threshold;classifier_target_not_met,13.625,0.0040662288665771,0.85,1.0
AUC,3,aligned,3,324,MCCE,native,MCCE_native,0,no_candidate,,0.0126650333404541,,
AUC,3,aligned,3,324,MCCE,bounded,MCCE_bounded,0,no_candidate,,0.0126650333404541,,
AUC,3,aligned,3,324,MCCE,bounded+edit,MCCE_bounded+edit,0,no_candidate,,0.0126650333404541,,
AUC,3,aligned,3,327,NICE,native,NICE_native,0,immutable_changed:Test_2,15.025,0.0046968460083007,0.8,1.0
AUC,3,aligned,3,327,NICE,bounded,NICE_bounded,0,below_policy_threshold;classifier_target_not_met,14.775,0.0046968460083007,0.8,1.0
AUC,3,aligned,3,327,NICE,bounded+edit,NICE_bounded+edit,0,below_policy_threshold;classifier_target_not_met,14.775,0.0046968460083007,0.8,1.0
AUC,3,aligned,3,327,MCCE,native,MCCE_native,0,out_of_bounds:sum_click,15.275,0.0149638652801513,1.6683863885839745,2.0
AUC,3,aligned,3,327,MCCE,bounded,MCCE_bounded,0,no_candidate,,0.0149638652801513,,
AUC,3,aligned,3,327,MCCE,bounded+edit,MCCE_bounded+edit,0,no_candidate,,0.0149638652801513,,
AUC,3,aligned,3,333,NICE,native,NICE_native,0,immutable_changed:Test_1;immutable_changed:Test_2,15.025,0.0055539608001708,0.85,1.0
AUC,3,aligned,3,333,NICE,bounded,NICE_bounded,0,below_policy_threshold;classifier_target_not_met,14.275,0.0055539608001708,0.85,1.0
AUC,3,aligned,3,333,NICE,bounded+edit,NICE_bounded+edit,0,below_policy_threshold;classifier_target_not_met,14.275,0.0055539608001708,0.85,1.0
AUC,3,aligned,3,333,MCCE,native,MCCE_native,0,no_candidate,,0.0116875171661376,,
AUC,3,aligned,3,333,MCCE,bounded,MCCE_bounded,0,no_candidate,,0.0116875171661376,,
AUC,3,aligned,3,333,MCCE,bounded+edit,MCCE_bounded+edit,0,no_candidate,,0.0116875171661376,,
AUC,3,aligned,3,336,NICE,native,NICE_native,0,below_policy_threshold;immutable_changed:Test_1;immutable_changed:Test_2,11.025,0.0052552223205566,0.85,1.0
AUC,3,aligned,3,336,NICE,bounded,NICE_bounded,0,below_policy_threshold;classifier_target_not_met,5.75,0.0052552223205566,0.85,1.0
AUC,3,aligned,3,336,NICE,bounded+edit,NICE_bounded+edit,0,below_policy_threshold;classifier_target_not_met,5.75,0.0052552223205566,0.85,1.0
AUC,3,aligned,3,336,MCCE,native,MCCE_native,0,no_candidate,,0.0119590759277343,,
AUC,3,aligned,3,336,MCCE,bounded,MCCE_bounded,0,no_candidate,,0.0119590759277343,,
AUC,3,aligned,3,336,MCCE,bounded+edit,MCCE_bounded+edit,0,no_candidate,,0.0119590759277343,,
AUC,3,aligned,3,338,NICE,native,NICE_native,0,immutable_changed:Test_2;immutable_changed:Test_3,15.175,0.0053284168243408,0.7,1.0
AUC,3,aligned,3,338,NICE,bounded,NICE_bounded,0,below_policy_threshold;classifier_target_not_met,14.125,0.0053284168243408,0.7,1.0
AUC,3,aligned,3,338,NICE,bounded+edit,NICE_bounded+edit,0,below_policy_threshold;classifier_target_not_met,14.125,0.0053284168243408,0.7,1.0
AUC,3,aligned,3,338,MCCE,native,MCCE_native,0,out_of_bounds:sum_click,15.125,0.0182516574859619,0.9383713493924536,2.0
AUC,3,aligned,3,338,MCCE,bounded,MCCE_bounded,1,OK,15.125,0.0182516574859619,0.942634832658282,2.0
AUC,3,aligned,3,338,MCCE,bounded+edit,MCCE_bounded+edit,1,OK,15.125,0.0182516574859619,0.942634832658282,2.0
AUC,3,aligned,3,345,NICE,native,NICE_native,0,below_policy_threshold;immutable_changed:Test_1;immutable_changed:Test_2,11.025,0.005566120147705,0.85,1.0
AUC,3,aligned,3,345,NICE,bounded,NICE_bounded,0,below_policy_threshold;classifier_target_not_met,9.25,0.005566120147705,0.85,1.0
AUC,3,aligned,3,345,NICE,bounded+edit,NICE_bounded+edit,0,below_policy_threshold;classifier_target_not_met,9.25,0.005566120147705,0.85,1.0
AUC,3,aligned,3,345,MCCE,native,MCCE_native,0,no_candidate,,0.0122826099395751,,
AUC,3,aligned,3,345,MCCE,bounded,MCCE_bounded,0,no_candidate,,0.0122826099395751,,
AUC,3,aligned,3,345,MCCE,bounded+edit,MCCE_bounded+edit,0,no_candidate,,0.0122826099395751,,
AUC,3,aligned,3,346,NICE,native,NICE_native,0,below_policy_threshold;immutable_changed:Test_2,14.95,0.0039701461791992,0.85,1.0
AUC,3,aligned,3,346,NICE,bounded,NICE_bounded,0,below_policy_threshold;classifier_target_not_met,13.25,0.0039701461791992,0.85,1.0
AUC,3,aligned,3,346,NICE,bounded+edit,NICE_bounded+edit,0,below_policy_threshold;classifier_target_not_met,13.25,0.0039701461791992,0.85,1.0
AUC,3,aligned,3,346,MCCE,native,MCCE_native,0,no_candidate,,0.011970043182373,,
AUC,3,aligned,3,346,MCCE,bounded,MCCE_bounded,0,no_candidate,,0.011970043182373,,
AUC,3,aligned,3,346,MCCE,bounded+edit,MCCE_bounded+edit,0,no_candidate,,0.011970043182373,,
AUC,3,aligned,3,347,NICE,native,NICE_native,0,below_policy_threshold;immutable_changed:Test_1,14.85,0.0041377544403076,0.8099999999999999,1.0
AUC,3,aligned,3,347,NICE,bounded,NICE_bounded,0,below_policy_threshold;classifier_target_not_met,14.6,0.0041377544403076,0.8099999999999999,1.0
AUC,3,aligned,3,347,NICE,bounded+edit,NICE_bounded+edit,0,below_policy_threshold;classifier_target_not_met,14.6,0.0041377544403076,0.8099999999999999,1.0
AUC,3,aligned,3,347,MCCE,native,MCCE_native,0,below_policy_threshold,14.9,0.0180499553680419,1.5524568446407063,2.0
AUC,3,aligned,3,347,MCCE,bounded,MCCE_bounded,0,below_policy_threshold,14.9,0.0180499553680419,1.5524568446407063,2.0
AUC,3,aligned,3,347,MCCE,bounded+edit,MCCE_bounded+edit,0,below_policy_threshold,14.9,0.0180499553680419,1.5524568446407063,2.0
AUC,3,aligned,3,352,NICE,native,NICE_native,0,below_policy_threshold;immutable_changed:Test_3,14.65,0.0040066242218017,0.93,1.0
AUC,3,aligned,3,352,NICE,bounded,NICE_bounded,0,below_policy_threshold;classifier_target_not_met,13.9,0.0040066242218017,0.93,1.0
AUC,3,aligned,3,352,NICE,bounded+edit,NICE_bounded+edit,0,below_policy_threshold;classifier_target_not_met,13.9,0.0040066242218017,0.93,1.0
AUC,3,aligned,3,352,MCCE,native,MCCE_native,0,no_candidate,,0.0118377208709716,,
AUC,3,aligned,3,352,MCCE,bounded,MCCE_bounded,0,no_candidate,,0.0118377208709716,,
AUC,3,aligned,3,352,MCCE,bounded+edit,MCCE_bounded+edit,0,no_candidate,,0.0118377208709716,,
AUC,3,aligned,3,376,NICE,native,NICE_native,0,below_policy_threshold,14.9,0.0026147365570068,0.8699999999999999,1.0
AUC,3,aligned,3,376,NICE,bounded,NICE_bounded,0,below_policy_threshold,14.9,0.0026147365570068,0.8699999999999999,1.0
AUC,3,aligned,3,376,NICE,bounded+edit,NICE_bounded+edit,0,below_policy_threshold,14.9,0.0026147365570068,0.8699999999999999,1.0
AUC,3,aligned,3,376,MCCE,native,MCCE_native,0,no_candidate,,0.0212213993072509,,
AUC,3,aligned,3,376,MCCE,bounded,MCCE_bounded,0,no_candidate,,0.0212213993072509,,
AUC,3,aligned,3,376,MCCE,bounded+edit,MCCE_bounded+edit,0,no_candidate,,0.0212213993072509,,
AUC,3,aligned,3,378,NICE,native,NICE_native,0,immutable_changed:Test_1;immutable_changed:Test_2;immutable_changed:Test_3,15.05,0.0072925090789794,0.7,1.0
AUC,3,aligned,3,378,NICE,bounded,NICE_bounded,0,below_policy_threshold;classifier_target_not_met,5.3,0.0072925090789794,0.7,1.0
AUC,3,aligned,3,378,NICE,bounded+edit,NICE_bounded+edit,0,below_policy_threshold;classifier_target_not_met,5.3,0.0072925090789794,0.7,1.0
AUC,3,aligned,3,378,MCCE,native,MCCE_native,0,no_candidate,,0.0116660594940185,,
AUC,3,aligned,3,378,MCCE,bounded,MCCE_bounded,0,no_candidate,,0.0116660594940185,,
AUC,3,aligned,3,378,MCCE,bounded+edit,MCCE_bounded+edit,0,no_candidate,,0.0116660594940185,,
AUC,3,aligned,3,390,NICE,native,NICE_native,0,immutable_changed:Test_1;immutable_changed:Test_2;immutable_changed:Test_3,15.05,0.0067598819732666,0.7,1.0
AUC,3,aligned,3,390,NICE,bounded,NICE_bounded,0,below_policy_threshold;classifier_target_not_met,8.5,0.0067598819732666,0.7,1.0
AUC,3,aligned,3,390,NICE,bounded+edit,NICE_bounded+edit,0,below_policy_threshold;classifier_target_not_met,8.5,0.0067598819732666,0.7,1.0
AUC,3,aligned,3,390,MCCE,native,MCCE_native,0,no_candidate,,0.0117220878601074,,
AUC,3,aligned,3,390,MCCE,bounded,MCCE_bounded,0,no_candidate,,0.0117220878601074,,
AUC,3,aligned,3,390,MCCE,bounded+edit,MCCE_bounded+edit,0,no_candidate,,0.0117220878601074,,
AUC,3,aligned,3,400,NICE,native,NICE_native,0,immutable_changed:Test_1;immutable_changed:Test_2;immutable_changed:Test_3,15.05,0.0071196556091308,0.7,1.0
AUC,3,aligned,3,400,NICE,bounded,NICE_bounded,0,below_policy_threshold;classifier_target_not_met,14.425,0.0071196556091308,0.7,1.0
AUC,3,aligned,3,400,NICE,bounded+edit,NICE_bounded+edit,0,below_policy_threshold;classifier_target_not_met,14.425,0.0071196556091308,0.7,1.0
AUC,3,aligned,3,400,MCCE,native,MCCE_native,0,out_of_bounds:sum_click,15.175,0.0188910961151123,0.8897263297285367,2.0
AUC,3,aligned,3,400,MCCE,bounded,MCCE_bounded,1,OK,15.175,0.0188910961151123,1.075115868461708,2.0
AUC,3,aligned,3,400,MCCE,bounded+edit,MCCE_bounded+edit,1,OK,15.175,0.0188910961151123,1.075115868461708,2.0
AUC,3,aligned,3,401,NICE,native,NICE_native,0,below_policy_threshold;immutable_changed:Test_1;immutable_changed:Test_2,12.775,0.0056061744689941,0.85,1.0
AUC,3,aligned,3,401,NICE,bounded,NICE_bounded,0,below_policy_threshold;classifier_target_not_met,8.5,0.0056061744689941,0.85,1.0
AUC,3,aligned,3,401,NICE,bounded+edit,NICE_bounded+edit,0,below_policy_threshold;classifier_target_not_met,8.5,0.0056061744689941,0.85,1.0
AUC,3,aligned,3,401,MCCE,native,MCCE_native,0,no_candidate,,0.0119502544403076,,
AUC,3,aligned,3,401,MCCE,bounded,MCCE_bounded,0,no_candidate,,0.0119502544403076,,
AUC,3,aligned,3,401,MCCE,bounded+edit,MCCE_bounded+edit,0,no_candidate,,0.0119502544403076,,
AUC,3,aligned,3,406,NICE,native,NICE_native,0,below_policy_threshold,14.7,0.0026943683624267,0.9,1.0
AUC,3,aligned,3,406,NICE,bounded,NICE_bounded,0,below_policy_threshold,14.7,0.0026943683624267,0.9,1.0
AUC,3,aligned,3,406,NICE,bounded+edit,NICE_bounded+edit,0,below_policy_threshold,14.7,0.0026943683624267,0.9,1.0
AUC,3,aligned,3,406,MCCE,native,MCCE_native,0,below_policy_threshold,14.7,0.0164909362792968,0.9,1.0
AUC,3,aligned,3,406,MCCE,bounded,MCCE_bounded,0,below_policy_threshold,14.7,0.0164909362792968,0.9,1.0
AUC,3,aligned,3,406,MCCE,bounded+edit,MCCE_bounded+edit,0,below_policy_threshold,14.7,0.0164909362792968,0.9,1.0
AUC,3,aligned,3,409,NICE,native,NICE_native,0,immutable_changed:Test_2;immutable_changed:Test_3,15.05,0.0054483413696289,0.8,1.0
AUC,3,aligned,3,409,NICE,bounded,NICE_bounded,0,below_policy_threshold;classifier_target_not_met,10.25,0.0054483413696289,0.8,1.0
AUC,3,aligned,3,409,NICE,bounded+edit,NICE_bounded+edit,0,below_policy_threshold;classifier_target_not_met,10.25,0.0054483413696289,0.8,1.0
AUC,3,aligned,3,409,MCCE,native,MCCE_native,0,no_candidate,,0.0115046501159667,,
AUC,3,aligned,3,409,MCCE,bounded,MCCE_bounded,0,no_candidate,,0.0115046501159667,,
AUC,3,aligned,3,409,MCCE,bounded+edit,MCCE_bounded+edit,0,no_candidate,,0.0115046501159667,,
AUC,3,aligned,3,411,NICE,native,NICE_native,0,below_policy_threshold;immutable_changed:Test_3,11.35,0.0039584636688232,0.9,1.0
AUC,3,aligned,3,411,NICE,bounded,NICE_bounded,0,below_policy_threshold;classifier_target_not_met,10.85,0.0039584636688232,0.9,1.0
AUC,3,aligned,3,411,NICE,bounded+edit,NICE_bounded+edit,0,below_policy_threshold;classifier_target_not_met,10.85,0.0039584636688232,0.9,1.0
AUC,3,aligned,3,411,MCCE,native,MCCE_native,0,no_candidate,,0.0120875835418701,,
AUC,3,aligned,3,411,MCCE,bounded,MCCE_bounded,0,no_candidate,,0.0120875835418701,,
AUC,3,aligned,3,411,MCCE,bounded+edit,MCCE_bounded+edit,0,no_candidate,,0.0120875835418701,,
AUC,3,aligned,3,417,NICE,native,NICE_native,0,below_policy_threshold;immutable_changed:Test_1;immutable_changed:Test_2,11.025,0.0053737163543701,0.85,1.0
AUC,3,aligned,3,417,NICE,bounded,NICE_bounded,0,below_policy_threshold;classifier_target_not_met,4.25,0.0053737163543701,0.85,1.0
AUC,3,aligned,3,417,NICE,bounded+edit,NICE_bounded+edit,0,below_policy_threshold;classifier_target_not_met,4.25,0.0053737163543701,0.85,1.0
AUC,3,aligned,3,417,MCCE,native,MCCE_native,0,no_candidate,,0.0115795135498046,,
AUC,3,aligned,3,417,MCCE,bounded,MCCE_bounded,0,no_candidate,,0.0115795135498046,,
AUC,3,aligned,3,417,MCCE,bounded+edit,MCCE_bounded+edit,0,no_candidate,,0.0115795135498046,,
AUC,3,aligned,3,429,NICE,native,NICE_native,0,below_policy_threshold;immutable_changed:Test_3,14.35,0.0039782524108886,0.9,1.0
AUC,3,aligned,3,429,NICE,bounded,NICE_bounded,0,below_policy_threshold;classifier_target_not_met,14.05,0.0039782524108886,0.9,1.0
AUC,3,aligned,3,429,NICE,bounded+edit,NICE_bounded+edit,0,below_policy_threshold;classifier_target_not_met,14.05,0.0039782524108886,0.9,1.0
AUC,3,aligned,3,429,MCCE,native,MCCE_native,0,no_candidate,,0.0120356082916259,,
AUC,3,aligned,3,429,MCCE,bounded,MCCE_bounded,0,no_candidate,,0.0120356082916259,,
AUC,3,aligned,3,429,MCCE,bounded+edit,MCCE_bounded+edit,0,no_candidate,,0.0120356082916259,,
AUC,3,aligned,3,442,NICE,native,NICE_native,0,immutable_changed:Test_3,15.125,0.0040855407714843,0.7,1.0
AUC,3,aligned,3,442,NICE,bounded,NICE_bounded,0,below_policy_threshold;classifier_target_not_met,14.975,0.0040855407714843,0.7,1.0
AUC,3,aligned,3,442,NICE,bounded+edit,NICE_bounded+edit,0,below_policy_threshold;classifier_target_not_met,14.975,0.0040855407714843,0.7,1.0
AUC,3,aligned,3,442,MCCE,native,MCCE_native,0,out_of_bounds:sum_click,15.725,0.0179989337921142,0.8715007525263384,2.0
AUC,3,aligned,3,442,MCCE,bounded,MCCE_bounded,1,OK,15.725,0.0179989337921142,0.9102021070737476,2.0
AUC,3,aligned,3,442,MCCE,bounded+edit,MCCE_bounded+edit,1,OK,15.725,0.0179989337921142,0.9102021070737476,2.0
AUC,3,aligned,3,450,NICE,native,NICE_native,0,below_policy_threshold;immutable_changed:Test_2;immutable_changed:Test_3,15.0,0.0056276321411132,0.8,1.0
AUC,3,aligned,3,450,NICE,bounded,NICE_bounded,0,below_policy_threshold;classifier_target_not_met,13.7,0.0056276321411132,0.8,1.0
AUC,3,aligned,3,450,NICE,bounded+edit,NICE_bounded+edit,0,below_policy_threshold;classifier_target_not_met,13.7,0.0056276321411132,0.8,1.0
AUC,3,aligned,3,450,MCCE,native,MCCE_native,0,no_candidate,,0.0141980648040771,,
AUC,3,aligned,3,450,MCCE,bounded,MCCE_bounded,0,no_candidate,,0.0141980648040771,,
AUC,3,aligned,3,450,MCCE,bounded+edit,MCCE_bounded+edit,0,no_candidate,,0.0141980648040771,,
AUC,3,aligned,3,451,NICE,native,NICE_native,0,immutable_changed:Test_2,15.55,0.004246711730957,0.8,1.0
AUC,3,aligned,3,451,NICE,bounded,NICE_bounded,0,below_policy_threshold;classifier_target_not_met,14.725,0.004246711730957,0.8,1.0
AUC,3,aligned,3,451,NICE,bounded+edit,NICE_bounded+edit,0,below_policy_threshold;classifier_target_not_met,14.725,0.004246711730957,0.8,1.0
AUC,3,aligned,3,451,MCCE,native,MCCE_native,1,OK,15.225,0.0168876647949218,0.9,1.0
AUC,3,aligned,3,451,MCCE,bounded,MCCE_bounded,1,OK,15.225,0.0168876647949218,0.9,1.0
AUC,3,aligned,3,451,MCCE,bounded+edit,MCCE_bounded+edit,1,OK,15.225,0.0168876647949218,0.9,1.0
AUC,3,aligned,3,463,NICE,native,NICE_native,1,OK,15.25,0.0027837753295898,0.85,1.0
AUC,3,aligned,3,463,NICE,bounded,NICE_bounded,1,OK,15.25,0.0027837753295898,0.85,1.0
AUC,3,aligned,3,463,NICE,bounded+edit,NICE_bounded+edit,1,OK,15.25,0.0027837753295898,0.85,1.0
AUC,3,aligned,3,463,MCCE,native,MCCE_native,1,OK,15.2,0.0179328918457031,0.936488876976682,2.0
AUC,3,aligned,3,463,MCCE,bounded,MCCE_bounded,1,OK,15.2,0.0179328918457031,0.936488876976682,2.0
AUC,3,aligned,3,463,MCCE,bounded+edit,MCCE_bounded+edit,1,OK,15.2,0.0179328918457031,0.936488876976682,2.0
AUC,3,aligned,3,475,NICE,native,NICE_native,0,immutable_changed:Test_2;immutable_changed:Test_3,15.05,0.0054359436035156,0.8099999999999999,1.0
AUC,3,aligned,3,475,NICE,bounded,NICE_bounded,0,below_policy_threshold;classifier_target_not_met,10.65,0.0054359436035156,0.8099999999999999,1.0
AUC,3,aligned,3,475,NICE,bounded+edit,NICE_bounded+edit,0,below_policy_threshold;classifier_target_not_met,10.65,0.0054359436035156,0.8099999999999999,1.0
AUC,3,aligned,3,475,MCCE,native,MCCE_native,0,no_candidate,,0.0126502513885498,,
AUC,3,aligned,3,475,MCCE,bounded,MCCE_bounded,0,no_candidate,,0.0126502513885498,,
AUC,3,aligned,3,475,MCCE,bounded+edit,MCCE_bounded+edit,0,no_candidate,,0.0126502513885498,,
AUC,3,aligned,3,486,NICE,native,NICE_native,0,below_policy_threshold;immutable_changed:Test_2,11.05,0.0051512718200683,0.85,1.0
AUC,3,aligned,3,486,NICE,bounded,NICE_bounded,0,below_policy_threshold;classifier_target_not_met,6.55,0.0051512718200683,0.85,1.0
AUC,3,aligned,3,486,NICE,bounded+edit,NICE_bounded+edit,0,below_policy_threshold;classifier_target_not_met,6.55,0.0051512718200683,0.85,1.0
AUC,3,aligned,3,486,MCCE,native,MCCE_native,0,no_candidate,,0.0121364593505859,,
AUC,3,aligned,3,486,MCCE,bounded,MCCE_bounded,0,no_candidate,,0.0121364593505859,,
AUC,3,aligned,3,486,MCCE,bounded+edit,MCCE_bounded+edit,0,no_candidate,,0.0121364593505859,,
AUC,3,aligned,3,523,NICE,native,NICE_native,0,below_policy_threshold;immutable_changed:Test_1;immutable_changed:Test_2,13.525,0.0058045387268066,0.85,1.0
AUC,3,aligned,3,523,NICE,bounded,NICE_bounded,0,below_policy_threshold;classifier_target_not_met,11.5,0.0058045387268066,0.85,1.0
AUC,3,aligned,3,523,NICE,bounded+edit,NICE_bounded+edit,0,below_policy_threshold;classifier_target_not_met,11.5,0.0058045387268066,0.85,1.0
AUC,3,aligned,3,523,MCCE,native,MCCE_native,0,no_candidate,,0.012775182723999,,
AUC,3,aligned,3,523,MCCE,bounded,MCCE_bounded,0,no_candidate,,0.012775182723999,,
AUC,3,aligned,3,523,MCCE,bounded+edit,MCCE_bounded+edit,0,no_candidate,,0.012775182723999,,
AUC,3,aligned,3,524,NICE,native,NICE_native,0,below_policy_threshold;immutable_changed:Test_1;immutable_changed:Test_2,11.025,0.0052812099456787,0.85,1.0
AUC,3,aligned,3,524,NICE,bounded,NICE_bounded,0,below_policy_threshold;classifier_target_not_met,4.25,0.0052812099456787,0.85,1.0
AUC,3,aligned,3,524,NICE,bounded+edit,NICE_bounded+edit,0,below_policy_threshold;classifier_target_not_met,4.25,0.0052812099456787,0.85,1.0
AUC,3,aligned,3,524,MCCE,native,MCCE_native,0,no_candidate,,0.0118374824523925,,
AUC,3,aligned,3,524,MCCE,bounded,MCCE_bounded,0,no_candidate,,0.0118374824523925,,
AUC,3,aligned,3,524,MCCE,bounded+edit,MCCE_bounded+edit,0,no_candidate,,0.0118374824523925,,
AUC,3,aligned,3,529,NICE,native,NICE_native,0,below_policy_threshold;immutable_changed:Test_2;immutable_changed:Test_3,15.0,0.0053932666778564,0.85,1.0
AUC,3,aligned,3,529,NICE,bounded,NICE_bounded,0,below_policy_threshold;classifier_target_not_met,12.85,0.0053932666778564,0.85,1.0
AUC,3,aligned,3,529,NICE,bounded+edit,NICE_bounded+edit,0,below_policy_threshold;classifier_target_not_met,12.85,0.0053932666778564,0.85,1.0
AUC,3,aligned,3,529,MCCE,native,MCCE_native,0,no_candidate,,0.012014627456665,,
AUC,3,aligned,3,529,MCCE,bounded,MCCE_bounded,0,no_candidate,,0.012014627456665,,
AUC,3,aligned,3,529,MCCE,bounded+edit,MCCE_bounded+edit,0,no_candidate,,0.012014627456665,,
AUC,3,aligned,3,536,NICE,native,NICE_native,0,immutable_changed:Test_2;immutable_changed:Test_3,15.1,0.0052099227905273,0.85,1.0
AUC,3,aligned,3,536,NICE,bounded,NICE_bounded,0,below_policy_threshold;classifier_target_not_met,14.0,0.0052099227905273,0.85,1.0
AUC,3,aligned,3,536,NICE,bounded+edit,NICE_bounded+edit,0,below_policy_threshold;classifier_target_not_met,14.0,0.0052099227905273,0.85,1.0
AUC,3,aligned,3,536,MCCE,native,MCCE_native,0,no_candidate,,0.0120503902435302,,
AUC,3,aligned,3,536,MCCE,bounded,MCCE_bounded,0,no_candidate,,0.0120503902435302,,
AUC,3,aligned,3,536,MCCE,bounded+edit,MCCE_bounded+edit,0,no_candidate,,0.0120503902435302,,
AUC,3,aligned,3,537,NICE,native,NICE_native,0,immutable_changed:Test_2;immutable_changed:Test_3,15.125,0.0054123401641845,0.8099999999999999,1.0
AUC,3,aligned,3,537,NICE,bounded,NICE_bounded,0,below_policy_threshold;classifier_target_not_met,13.275000000000002,0.0054123401641845,0.8099999999999999,1.0
AUC,3,aligned,3,537,NICE,bounded+edit,NICE_bounded+edit,0,below_policy_threshold;classifier_target_not_met,13.275000000000002,0.0054123401641845,0.8099999999999999,1.0
AUC,3,aligned,3,537,MCCE,native,MCCE_native,0,no_candidate,,0.0125308036804199,,
AUC,3,aligned,3,537,MCCE,bounded,MCCE_bounded,0,no_candidate,,0.0125308036804199,,
AUC,3,aligned,3,537,MCCE,bounded+edit,MCCE_bounded+edit,0,no_candidate,,0.0125308036804199,,
AUC,3,aligned,3,546,NICE,native,NICE_native,0,below_policy_threshold,14.9,0.0026640892028808,0.85,1.0
AUC,3,aligned,3,546,NICE,bounded,NICE_bounded,0,below_policy_threshold,14.9,0.0026640892028808,0.85,1.0
AUC,3,aligned,3,546,NICE,bounded+edit,NICE_bounded+edit,0,below_policy_threshold,14.9,0.0026640892028808,0.85,1.0
AUC,3,aligned,3,546,MCCE,native,MCCE_native,0,below_policy_threshold,14.9,0.017679214477539,0.8708822761681023,2.0
AUC,3,aligned,3,546,MCCE,bounded,MCCE_bounded,0,below_policy_threshold,14.9,0.017679214477539,0.8708822761681023,2.0
AUC,3,aligned,3,546,MCCE,bounded+edit,MCCE_bounded+edit,0,below_policy_threshold,14.9,0.017679214477539,0.8708822761681023,2.0
AUC,3,aligned,3,547,NICE,native,NICE_native,0,immutable_changed:Test_1;immutable_changed:Test_2;immutable_changed:Test_3,15.05,0.0065376758575439,0.8,1.0
AUC,3,aligned,3,547,NICE,bounded,NICE_bounded,0,below_policy_threshold;classifier_target_not_met,13.5,0.0065376758575439,0.8,1.0
AUC,3,aligned,3,547,NICE,bounded+edit,NICE_bounded+edit,0,below_policy_threshold;classifier_target_not_met,13.5,0.0065376758575439,0.8,1.0
AUC,3,aligned,3,547,MCCE,native,MCCE_native,0,no_candidate,,0.0119290351867675,,
AUC,3,aligned,3,547,MCCE,bounded,MCCE_bounded,0,no_candidate,,0.0119290351867675,,
AUC,3,aligned,3,547,MCCE,bounded+edit,MCCE_bounded+edit,0,no_candidate,,0.0119290351867675,,
AUC,3,aligned,3,554,NICE,native,NICE_native,0,below_policy_threshold;immutable_changed:Test_1;immutable_changed:Test_2,11.025,0.0054447650909423,0.85,1.0
AUC,3,aligned,3,554,NICE,bounded,NICE_bounded,0,below_policy_threshold;classifier_target_not_met,8.75,0.0054447650909423,0.85,1.0
AUC,3,aligned,3,554,NICE,bounded+edit,NICE_bounded+edit,0,below_policy_threshold;classifier_target_not_met,8.75,0.0054447650909423,0.85,1.0
AUC,3,aligned,3,554,MCCE,native,MCCE_native,0,no_candidate,,0.0126190185546875,,
AUC,3,aligned,3,554,MCCE,bounded,MCCE_bounded,0,no_candidate,,0.0126190185546875,,
AUC,3,aligned,3,554,MCCE,bounded+edit,MCCE_bounded+edit,0,no_candidate,,0.0126190185546875,,
AUC,3,aligned,3,557,NICE,native,NICE_native,0,immutable_changed:Test_2,15.3,0.004246711730957,0.8,1.0
AUC,3,aligned,3,557,NICE,bounded,NICE_bounded,0,below_policy_threshold;classifier_target_not_met,14.75,0.004246711730957,0.8,1.0
AUC,3,aligned,3,557,NICE,bounded+edit,NICE_bounded+edit,0,below_policy_threshold;classifier_target_not_met,14.75,0.004246711730957,0.8,1.0
AUC,3,aligned,3,557,MCCE,native,MCCE_native,0,out_of_bounds:sum_click,15.25,0.0185396671295166,0.9506899464939454,2.0
AUC,3,aligned,3,557,MCCE,bounded,MCCE_bounded,1,OK,15.65,0.0185396671295166,0.9912644325542102,2.0
AUC,3,aligned,3,557,MCCE,bounded+edit,MCCE_bounded+edit,1,OK,15.65,0.0185396671295166,0.9912644325542102,2.0
AUC,3,aligned,3,582,NICE,native,NICE_native,0,below_policy_threshold;immutable_changed:Test_2,11.0,0.0042090415954589,0.85,1.0
AUC,3,aligned,3,582,NICE,bounded,NICE_bounded,0,below_policy_threshold;classifier_target_not_met,6.5,0.0042090415954589,0.85,1.0
AUC,3,aligned,3,582,NICE,bounded+edit,NICE_bounded+edit,0,below_policy_threshold;classifier_target_not_met,6.5,0.0042090415954589,0.85,1.0
AUC,3,aligned,3,582,MCCE,native,MCCE_native,0,no_candidate,,0.0123836994171142,,
AUC,3,aligned,3,582,MCCE,bounded,MCCE_bounded,0,no_candidate,,0.0123836994171142,,
AUC,3,aligned,3,582,MCCE,bounded+edit,MCCE_bounded+edit,0,no_candidate,,0.0123836994171142,,
AUC,3,aligned,3,587,NICE,native,NICE_native,0,below_policy_threshold;immutable_changed:Test_1;immutable_changed:Test_2,11.025,0.0053613185882568,0.85,1.0
AUC,3,aligned,3,587,NICE,bounded,NICE_bounded,0,below_policy_threshold;classifier_target_not_met,5.875,0.0053613185882568,0.85,1.0
AUC,3,aligned,3,587,NICE,bounded+edit,NICE_bounded+edit,0,below_policy_threshold;classifier_target_not_met,5.875,0.0053613185882568,0.85,1.0
AUC,3,aligned,3,587,MCCE,native,MCCE_native,0,no_candidate,,0.0117299556732177,,
AUC,3,aligned,3,587,MCCE,bounded,MCCE_bounded,0,no_candidate,,0.0117299556732177,,
AUC,3,aligned,3,587,MCCE,bounded+edit,MCCE_bounded+edit,0,no_candidate,,0.0117299556732177,,
AUC,3,aligned,3,590,NICE,native,NICE_native,0,immutable_changed:Test_2;immutable_changed:Test_3,15.075,0.005317211151123,0.8,1.0
AUC,3,aligned,3,590,NICE,bounded,NICE_bounded,0,below_policy_threshold;classifier_target_not_met,10.475,0.005317211151123,0.8,1.0
AUC,3,aligned,3,590,NICE,bounded+edit,NICE_bounded+edit,0,below_policy_threshold;classifier_target_not_met,10.475,0.005317211151123,0.8,1.0
AUC,3,aligned,3,590,MCCE,native,MCCE_native,0,no_candidate,,0.0117576122283935,,
AUC,3,aligned,3,590,MCCE,bounded,MCCE_bounded,0,no_candidate,,0.0117576122283935,,
AUC,3,aligned,3,590,MCCE,bounded+edit,MCCE_bounded+edit,0,no_candidate,,0.0117576122283935,,
AUC,3,aligned,3,598,NICE,native,NICE_native,0,immutable_changed:Test_2;immutable_changed:Test_3,15.05,0.0052223205566406,0.7,1.0
AUC,3,aligned,3,598,NICE,bounded,NICE_bounded,0,below_policy_threshold;classifier_target_not_met,5.75,0.0052223205566406,0.7,1.0
AUC,3,aligned,3,598,NICE,bounded+edit,NICE_bounded+edit,0,below_policy_threshold;classifier_target_not_met,5.75,0.0052223205566406,0.7,1.0
AUC,3,aligned,3,598,MCCE,native,MCCE_native,0,no_candidate,,0.012319803237915,,
AUC,3,aligned,3,598,MCCE,bounded,MCCE_bounded,0,no_candidate,,0.012319803237915,,
AUC,3,aligned,3,598,MCCE,bounded+edit,MCCE_bounded+edit,0,no_candidate,,0.012319803237915,,
AUC,3,aligned,3,629,NICE,native,NICE_native,0,below_policy_threshold;immutable_changed:Test_2;immutable_changed:Test_3,14.8,0.0053443908691406,0.9,1.0
AUC,3,aligned,3,629,NICE,bounded,NICE_bounded,0,below_policy_threshold;classifier_target_not_met,9.75,0.0053443908691406,0.9,1.0
AUC,3,aligned,3,629,NICE,bounded+edit,NICE_bounded+edit,0,below_policy_threshold;classifier_target_not_met,9.75,0.0053443908691406,0.9,1.0
AUC,3,aligned,3,629,MCCE,native,MCCE_native,0,no_candidate,,0.0112535953521728,,
AUC,3,aligned,3,629,MCCE,bounded,MCCE_bounded,0,no_candidate,,0.0112535953521728,,
AUC,3,aligned,3,629,MCCE,bounded+edit,MCCE_bounded+edit,0,no_candidate,,0.0112535953521728,,
AUC,3,aligned,3,630,NICE,native,NICE_native,0,below_policy_threshold;immutable_changed:Test_2;immutable_changed:Test_3,14.5,0.0052690505981445,0.85,1.0
AUC,3,aligned,3,630,NICE,bounded,NICE_bounded,0,below_policy_threshold;classifier_target_not_met,7.1,0.0052690505981445,0.85,1.0
AUC,3,aligned,3,630,NICE,bounded+edit,NICE_bounded+edit,0,below_policy_threshold;classifier_target_not_met,7.1,0.0052690505981445,0.85,1.0
AUC,3,aligned,3,630,MCCE,native,MCCE_native,0,no_candidate,,0.0114343166351318,,
AUC,3,aligned,3,630,MCCE,bounded,MCCE_bounded,0,no_candidate,,0.0114343166351318,,
AUC,3,aligned,3,630,MCCE,bounded+edit,MCCE_bounded+edit,0,no_candidate,,0.0114343166351318,,
AUC,3,aligned,3,635,NICE,native,NICE_native,0,immutable_changed:Test_2;immutable_changed:Test_3,15.175,0.0053088665008544,0.7,1.0
AUC,3,aligned,3,635,NICE,bounded,NICE_bounded,0,below_policy_threshold;classifier_target_not_met,14.675,0.0053088665008544,0.7,1.0
AUC,3,aligned,3,635,NICE,bounded+edit,NICE_bounded+edit,0,below_policy_threshold;classifier_target_not_met,14.675,0.0053088665008544,0.7,1.0
AUC,3,aligned,3,635,MCCE,native,MCCE_native,0,out_of_bounds:sum_click,15.425,0.0222060680389404,0.9377395520664972,2.0
AUC,3,aligned,3,635,MCCE,bounded,MCCE_bounded,1,OK,15.425,0.0222060680389404,1.0393327176171785,2.0
AUC,3,aligned,3,635,MCCE,bounded+edit,MCCE_bounded+edit,1,OK,15.425,0.0222060680389404,1.0393327176171785,2.0
AUC,3,aligned,3,642,NICE,native,NICE_native,0,below_policy_threshold;immutable_changed:Test_1;immutable_changed:Test_2,13.525,0.0059998035430908,0.85,1.0
AUC,3,aligned,3,642,NICE,bounded,NICE_bounded,0,below_policy_threshold;classifier_target_not_met,9.25,0.0059998035430908,0.85,1.0
AUC,3,aligned,3,642,NICE,bounded+edit,NICE_bounded+edit,0,below_policy_threshold;classifier_target_not_met,9.25,0.0059998035430908,0.85,1.0
AUC,3,aligned,3,642,MCCE,native,MCCE_native,0,no_candidate,,0.0117468833923339,,
AUC,3,aligned,3,642,MCCE,bounded,MCCE_bounded,0,no_candidate,,0.0117468833923339,,
AUC,3,aligned,3,642,MCCE,bounded+edit,MCCE_bounded+edit,0,no_candidate,,0.0117468833923339,,
AUC,3,aligned,3,653,NICE,native,NICE_native,0,immutable_changed:Test_3,15.05,0.0039024353027343,0.8699999999999999,1.0
AUC,3,aligned,3,653,NICE,bounded,NICE_bounded,0,below_policy_threshold;classifier_target_not_met,14.65,0.0039024353027343,0.8699999999999999,1.0
AUC,3,aligned,3,653,NICE,bounded+edit,NICE_bounded+edit,0,below_policy_threshold;classifier_target_not_met,14.65,0.0039024353027343,0.8699999999999999,1.0
AUC,3,aligned,3,653,MCCE,native,MCCE_native,0,no_candidate,,0.0116958618164062,,
AUC,3,aligned,3,653,MCCE,bounded,MCCE_bounded,0,no_candidate,,0.0116958618164062,,
AUC,3,aligned,3,653,MCCE,bounded+edit,MCCE_bounded+edit,0,no_candidate,,0.0116958618164062,,
AUC,3,aligned,3,655,NICE,native,NICE_native,0,immutable_changed:Test_3,15.025,0.0040743350982666,0.85,1.0
AUC,3,aligned,3,655,NICE,bounded,NICE_bounded,0,below_policy_threshold;classifier_target_not_met,14.625,0.0040743350982666,0.85,1.0
AUC,3,aligned,3,655,NICE,bounded+edit,NICE_bounded+edit,0,below_policy_threshold;classifier_target_not_met,14.625,0.0040743350982666,0.85,1.0
AUC,3,aligned,3,655,MCCE,native,MCCE_native,0,no_candidate,,0.0125164985656738,,
AUC,3,aligned,3,655,MCCE,bounded,MCCE_bounded,0,no_candidate,,0.0125164985656738,,
AUC,3,aligned,3,655,MCCE,bounded+edit,MCCE_bounded+edit,0,no_candidate,,0.0125164985656738,,
AUC,3,aligned,3,662,NICE,native,NICE_native,0,out_of_bounds:sum_click;immutable_changed:Test_1;immutable_changed:Test_2;immutable_changed:Test_3,15.05,0.0077855587005615,0.8526329178326125,2.0
AUC,3,aligned,3,662,NICE,bounded,NICE_bounded,0,below_policy_threshold;classifier_target_not_met,14.275,0.0077855587005615,0.7,1.0
AUC,3,aligned,3,662,NICE,bounded+edit,NICE_bounded+edit,0,below_policy_threshold;classifier_target_not_met,14.275,0.0077855587005615,0.7,1.0
AUC,3,aligned,3,662,MCCE,native,MCCE_native,1,OK,15.025,0.0177304744720459,0.9670185703383364,2.0
AUC,3,aligned,3,662,MCCE,bounded,MCCE_bounded,1,OK,15.025,0.0177304744720459,0.9670185703383364,2.0
AUC,3,aligned,3,662,MCCE,bounded+edit,MCCE_bounded+edit,1,OK,15.025,0.0177304744720459,0.9670185703383364,2.0
AUC,3,aligned,3,663,NICE,native,NICE_native,0,below_policy_threshold;immutable_changed:Test_1;immutable_changed:Test_2,11.025,0.005195140838623,0.85,1.0
AUC,3,aligned,3,663,NICE,bounded,NICE_bounded,0,below_policy_threshold;classifier_target_not_met,6.2,0.005195140838623,0.85,1.0
AUC,3,aligned,3,663,NICE,bounded+edit,NICE_bounded+edit,0,below_policy_threshold;classifier_target_not_met,6.2,0.005195140838623,0.85,1.0
AUC,3,aligned,3,663,MCCE,native,MCCE_native,0,no_candidate,,0.0125820636749267,,
AUC,3,aligned,3,663,MCCE,bounded,MCCE_bounded,0,no_candidate,,0.0125820636749267,,
AUC,3,aligned,3,663,MCCE,bounded+edit,MCCE_bounded+edit,0,no_candidate,,0.0125820636749267,,
