dataset,seed,regime,stage,query,method,variant,condition,accepted,reasons,policy_score,seconds,effort,sparsity
AUC,0,aligned,1,1,NICE,native,NICE_native,0,below_policy_threshold,15.0,0.005817174911499,2.56,3.0
AUC,0,aligned,1,1,NICE,bounded,NICE_bounded,0,below_policy_threshold,15.0,0.005817174911499,2.56,3.0
AUC,0,aligned,1,1,NICE,bounded+edit,NICE_bounded+edit,0,below_policy_threshold,15.0,0.005817174911499,2.56,3.0
AUC,0,aligned,1,1,MCCE,native,MCCE_native,1,OK,15.05,0.0552763938903808,2.6457069694945448,4.0
AUC,0,aligned,1,1,MCCE,bounded,MCCE_bounded,1,OK,15.05,0.0552763938903808,2.6457069694945448,4.0
AUC,0,aligned,1,1,MCCE,bounded+edit,MCCE_bounded+edit,1,OK,15.05,0.0552763938903808,2.6457069694945448,4.0
AUC,0,aligned,1,10,NICE,native,NICE_native,0,below_policy_threshold;immutable_changed:Test_1,11.025,0.0055165290832519,1.75,2.0
AUC,0,aligned,1,10,NICE,bounded,NICE_bounded,0,below_policy_threshold;classifier_target_not_met,10.75,0.0055165290832519,1.75,2.0
AUC,0,aligned,1,10,NICE,bounded+edit,NICE_bounded+edit,1,OK,15.194444444444445,0.0055165290832519,2.638888888888889,3.0
AUC,0,aligned,1,10,MCCE,native,MCCE_native,0,below_policy_threshold,15.0,0.0246033668518066,2.812656491167896,4.0
AUC,0,aligned,1,10,MCCE,bounded,MCCE_bounded,0,below_policy_threshold,15.0,0.0246033668518066,2.812656491167896,4.0
AUC,0,aligned,1,10,MCCE,bounded+edit,MCCE_bounded+edit,0,below_policy_threshold,15.0,0.0246033668518066,2.812656491167896,4.0
AUC,0,aligned,1,14,NICE,native,NICE_native,0,below_policy_threshold,10.725,0.0042462348937988,1.77,2.0
AUC,0,aligned,1,14,NICE,bounded,NICE_bounded,0,below_policy_threshold,10.725,0.0042462348937988,1.77,2.0
AUC,0,aligned,1,14,NICE,bounded+edit,NICE_bounded+edit,1,OK,15.169444444444444,0.0042462348937988,2.658888888888889,3.0
AUC,0,aligned,1,14,MCCE,native,MCCE_native,0,below_policy_threshold,14.725,0.0271878242492675,2.630438176781667,4.0
AUC,0,aligned,1,14,MCCE,bounded,MCCE_bounded,0,below_policy_threshold,14.725,0.0271878242492675,2.630438176781667,4.0
AUC,0,aligned,1,14,MCCE,bounded+edit,MCCE_bounded+edit,0,below_policy_threshold,14.725,0.0271878242492675,2.630438176781667,4.0
AUC,0,aligned,1,17,NICE,native,NICE_native,0,below_policy_threshold,14.9,0.0058581829071044,2.58,3.0
AUC,0,aligned,1,17,NICE,bounded,NICE_bounded,0,below_policy_threshold,14.9,0.0058581829071044,2.58,3.0
AUC,0,aligned,1,17,NICE,bounded+edit,NICE_bounded+edit,0,below_policy_threshold,14.9,0.0058581829071044,2.58,3.0
AUC,0,aligned,1,17,MCCE,native,MCCE_native,1,OK,15.4,0.0247561931610107,2.68,3.0
AUC,0,aligned,1,17,MCCE,bounded,MCCE_bounded,1,OK,15.4,0.0247561931610107,2.68,3.0
AUC,0,aligned,1,17,MCCE,bounded+edit,MCCE_bounded+edit,1,OK,15.4,0.0247561931610107,2.68,3.0
AUC,0,aligned,1,18,NICE,native,NICE_native,0,below_policy_threshold,14.925,0.0063042640686035,2.56,3.0
AUC,0,aligned,1,18,NICE,bounded,NICE_bounded,0,below_policy_threshold,14.925,0.0063042640686035,2.56,3.0
AUC,0,aligned,1,18,NICE,bounded+edit,NICE_bounded+edit,0,below_policy_threshold,14.925,0.0063042640686035,2.56,3.0
AUC,0,aligned,1,18,MCCE,native,MCCE_native,0,below_policy_threshold;out_of_bounds:sum_click,14.725,0.0406415462493896,2.62679323642836,4.0
AUC,0,aligned,1,18,MCCE,bounded,MCCE_bounded,0,below_policy_threshold,14.975,0.0406415462493896,2.6471284485315927,4.0
AUC,0,aligned,1,18,MCCE,bounded+edit,MCCE_bounded+edit,0,below_policy_threshold,14.975,0.0406415462493896,2.6471284485315927,4.0
AUC,0,aligned,1,21,NICE,native,NICE_native,1,OK,15.3,0.0129902362823486,2.61,3.0
AUC,0,aligned,1,21,NICE,bounded,NICE_bounded,1,OK,15.3,0.0129902362823486,2.61,3.0
AUC,0,aligned,1,21,NICE,bounded+edit,NICE_bounded+edit,1,OK,15.3,0.0129902362823486,2.61,3.0
AUC,0,aligned,1,21,MCCE,native,MCCE_native,0,below_policy_threshold,14.85,0.0463173389434814,2.52,3.0
AUC,0,aligned,1,21,MCCE,bounded,MCCE_bounded,0,below_policy_threshold,14.85,0.0463173389434814,2.52,3.0
AUC,0,aligned,1,21,MCCE,bounded+edit,MCCE_bounded+edit,0,below_policy_threshold,14.85,0.0463173389434814,2.52,3.0
AUC,0,aligned,1,31,NICE,native,NICE_native,0,below_policy_threshold,14.925,0.0059461593627929,2.56,3.0
AUC,0,aligned,1,31,NICE,bounded,NICE_bounded,0,below_policy_threshold,14.925,0.0059461593627929,2.56,3.0
AUC,0,aligned,1,31,NICE,bounded+edit,NICE_bounded+edit,0,below_policy_threshold,14.925,0.0059461593627929,2.56,3.0
AUC,0,aligned,1,31,MCCE,native,MCCE_native,0,below_policy_threshold;out_of_bounds:sum_click,14.725,0.0289506912231445,2.7349137088896125,4.0
AUC,0,aligned,1,31,MCCE,bounded,MCCE_bounded,0,below_policy_threshold,14.875,0.0289506912231445,2.738863562357538,4.0
AUC,0,aligned,1,31,MCCE,bounded+edit,MCCE_bounded+edit,0,below_policy_threshold,14.875,0.0289506912231445,2.738863562357538,4.0
AUC,0,aligned,1,37,NICE,native,NICE_native,0,below_policy_threshold;immutable_changed:Test_1,11.025,0.006072998046875,1.75,2.0
AUC,0,aligned,1,37,NICE,bounded,NICE_bounded,0,below_policy_threshold;classifier_target_not_met,10.25,0.006072998046875,1.75,2.0
AUC,0,aligned,1,37,NICE,bounded+edit,NICE_bounded+edit,1,OK,15.25,0.006072998046875,2.75,3.0
AUC,0,aligned,1,37,MCCE,native,MCCE_native,0,below_policy_threshold,14.6,0.0410242080688476,2.9205409737527552,4.0
AUC,0,aligned,1,37,MCCE,bounded,MCCE_bounded,0,below_policy_threshold,14.6,0.0410242080688476,2.9205409737527552,4.0
AUC,0,aligned,1,37,MCCE,bounded+edit,MCCE_bounded+edit,0,below_policy_threshold,14.6,0.0410242080688476,2.9205409737527552,4.0
AUC,0,aligned,1,40,NICE,native,NICE_native,0,out_of_bounds:sum_click;immutable_changed:Test_1,15.05,0.0138666629791259,2.62586685485768,4.0
AUC,0,aligned,1,40,NICE,bounded,NICE_bounded,0,below_policy_threshold;classifier_target_not_met,14.75,0.0138666629791259,2.56,3.0
AUC,0,aligned,1,40,NICE,bounded+edit,NICE_bounded+edit,0,below_policy_threshold;classifier_target_not_met,14.75,0.0138666629791259,2.56,3.0
AUC,0,aligned,1,40,MCCE,native,MCCE_native,0,below_policy_threshold;out_of_bounds:sum_click,14.95,0.0475218296051025,2.647047753469772,4.0
AUC,0,aligned,1,40,MCCE,bounded,MCCE_bounded,0,below_policy_threshold,14.6,0.0475218296051025,2.8734486003293345,4.0
AUC,0,aligned,1,40,MCCE,bounded+edit,MCCE_bounded+edit,0,below_policy_threshold,14.6,0.0475218296051025,2.8734486003293345,4.0
AUC,0,aligned,1,45,NICE,native,NICE_native,0,immutable_changed:Test_1,15.05,0.0074563026428222,2.56,3.0
AUC,0,aligned,1,45,NICE,bounded,NICE_bounded,0,below_policy_threshold;classifier_target_not_met,14.925,0.0074563026428222,2.56,3.0
AUC,0,aligned,1,45,NICE,bounded+edit,NICE_bounded+edit,0,below_policy_threshold;classifier_target_not_met,14.925,0.0074563026428222,2.56,3.0
AUC,0,aligned,1,45,MCCE,native,MCCE_native,0,below_policy_threshold,14.725,0.0298736095428466,2.561120534566949,4.0
AUC,0,aligned,1,45,MCCE,bounded,MCCE_bounded,0,below_policy_threshold,14.725,0.0298736095428466,2.561120534566949,4.0
AUC,0,aligned,1,45,MCCE,bounded+edit,MCCE_bounded+edit,0,below_policy_threshold,14.725,0.0298736095428466,2.561120534566949,4.0
AUC,0,aligned,1,49,NICE,native,NICE_native,0,below_policy_threshold;immutable_changed:Test_1,11.025,0.0055737495422363,1.75,2.0
AUC,0,aligned,1,49,NICE,bounded,NICE_bounded,0,below_policy_threshold;classifier_target_not_met,10.7,0.0055737495422363,1.75,2.0
AUC,0,aligned,1,49,NICE,bounded+edit,NICE_bounded+edit,1,OK,15.144444444444446,0.0055737495422363,2.638888888888889,3.0
AUC,0,aligned,1,49,MCCE,native,MCCE_native,0,below_policy_threshold,14.95,0.0236451625823974,2.667071892684972,4.0
AUC,0,aligned,1,49,MCCE,bounded,MCCE_bounded,0,below_policy_threshold,14.95,0.0236451625823974,2.667071892684972,4.0
AUC,0,aligned,1,49,MCCE,bounded+edit,MCCE_bounded+edit,0,below_policy_threshold,14.95,0.0236451625823974,2.667071892684972,4.0
AUC,0,aligned,1,50,NICE,native,NICE_native,0,below_policy_threshold,15.0,0.0055632591247558,2.56,3.0
AUC,0,aligned,1,50,NICE,bounded,NICE_bounded,0,below_policy_threshold,15.0,0.0055632591247558,2.56,3.0
AUC,0,aligned,1,50,NICE,bounded+edit,NICE_bounded+edit,0,below_policy_threshold,15.0,0.0055632591247558,2.56,3.0
AUC,0,aligned,1,50,MCCE,native,MCCE_native,0,out_of_bounds:sum_click,15.05,0.0236532688140869,2.6333078343445004,4.0
AUC,0,aligned,1,50,MCCE,bounded,MCCE_bounded,1,OK,15.150000000000002,0.0236532688140869,2.6322052228963337,4.0
AUC,0,aligned,1,50,MCCE,bounded+edit,MCCE_bounded+edit,1,OK,15.150000000000002,0.0236532688140869,2.6322052228963337,4.0
AUC,0,aligned,1,52,NICE,native,NICE_native,0,immutable_changed:Test_1,15.05,0.0068392753601074,2.56,3.0
AUC,0,aligned,1,52,NICE,bounded,NICE_bounded,0,below_policy_threshold;classifier_target_not_met,14.3,0.0068392753601074,2.56,3.0
AUC,0,aligned,1,52,NICE,bounded+edit,NICE_bounded+edit,0,below_policy_threshold;classifier_target_not_met,14.3,0.0068392753601074,2.56,3.0
AUC,0,aligned,1,52,MCCE,native,MCCE_native,0,below_policy_threshold,14.6,0.0236546993255615,2.859599215857112,4.0
AUC,0,aligned,1,52,MCCE,bounded,MCCE_bounded,0,below_policy_threshold,14.6,0.0236546993255615,2.859599215857112,4.0
AUC,0,aligned,1,52,MCCE,bounded+edit,MCCE_bounded+edit,0,below_policy_threshold,14.6,0.0236546993255615,2.859599215857112,4.0
AUC,0,aligned,1,64,NICE,native,NICE_native,1,OK,15.05,0.0055620670318603,2.61,3.0
AUC,0,aligned,1,64,NICE,bounded,NICE_bounded,1,OK,15.05,0.0055620670318603,2.61,3.0
AUC,0,aligned,1,64,NICE,bounded+edit,NICE_bounded+edit,1,OK,15.05,0.0055620670318603,2.61,3.0
AUC,0,aligned,1,64,MCCE,native,MCCE_native,0,below_policy_threshold,14.85,0.0228099822998046,2.648400627205018,4.0
AUC,0,aligned,1,64,MCCE,bounded,MCCE_bounded,0,below_policy_threshold,14.85,0.0228099822998046,2.648400627205018,4.0
AUC,0,aligned,1,64,MCCE,bounded+edit,MCCE_bounded+edit,0,below_policy_threshold,14.85,0.0228099822998046,2.648400627205018,4.0
AUC,0,aligned,1,75,NICE,native,NICE_native,0,below_policy_threshold;immutable_changed:Test_1,11.025,0.0054590702056884,1.75,2.0
AUC,0,aligned,1,75,NICE,bounded,NICE_bounded,0,below_policy_threshold;classifier_target_not_met,10.7,0.0054590702056884,1.75,2.0
AUC,0,aligned,1,75,NICE,bounded+edit,NICE_bounded+edit,1,OK,15.144444444444446,0.0054590702056884,2.638888888888889,3.0
AUC,0,aligned,1,75,MCCE,native,MCCE_native,1,OK,15.05,0.0245993137359619,2.7194292027250966,4.0
AUC,0,aligned,1,75,MCCE,bounded,MCCE_bounded,1,OK,15.05,0.0245993137359619,2.7194292027250966,4.0
AUC,0,aligned,1,75,MCCE,bounded+edit,MCCE_bounded+edit,1,OK,15.05,0.0245993137359619,2.7194292027250966,4.0
AUC,0,aligned,1,77,NICE,native,NICE_native,0,below_policy_threshold;immutable_changed:Test_1,11.025,0.0053319931030273,1.75,2.0
AUC,0,aligned,1,77,NICE,bounded,NICE_bounded,0,below_policy_threshold;classifier_target_not_met,10.875,0.0053319931030273,1.75,2.0
AUC,0,aligned,1,77,NICE,bounded+edit,NICE_bounded+edit,1,OK,15.319444444444445,0.0053319931030273,2.638888888888889,3.0
AUC,0,aligned,1,77,MCCE,native,MCCE_native,0,below_policy_threshold,14.725,0.0236401557922363,2.73137180300148,4.0
AUC,0,aligned,1,77,MCCE,bounded,MCCE_bounded,0,below_policy_threshold,14.725,0.0236401557922363,2.73137180300148,4.0
AUC,0,aligned,1,77,MCCE,bounded+edit,MCCE_bounded+edit,0,below_policy_threshold,14.725,0.0236401557922363,2.73137180300148,4.0
AUC,0,aligned,1,79,NICE,native,NICE_native,0,below_policy_threshold,14.975,0.0084431171417236,2.65,3.0
AUC,0,aligned,1,79,NICE,bounded,NICE_bounded,0,below_policy_threshold,14.975,0.0084431171417236,2.65,3.0
AUC,0,aligned,1,79,NICE,bounded+edit,NICE_bounded+edit,0,below_policy_threshold,14.975,0.0084431171417236,2.65,3.0
AUC,0,aligned,1,79,MCCE,native,MCCE_native,1,OK,15.075,0.0267536640167236,2.856436728035423,4.0
AUC,0,aligned,1,79,MCCE,bounded,MCCE_bounded,1,OK,15.075,0.0267536640167236,2.856436728035423,4.0
AUC,0,aligned,1,79,MCCE,bounded+edit,MCCE_bounded+edit,1,OK,15.075,0.0267536640167236,2.856436728035423,4.0
AUC,0,aligned,1,85,NICE,native,NICE_native,0,below_policy_threshold,11.175,0.0045208930969238,1.78,2.0
AUC,0,aligned,1,85,NICE,bounded,NICE_bounded,0,below_policy_threshold,11.175,0.0045208930969238,1.78,2.0
AUC,0,aligned,1,85,NICE,bounded+edit,NICE_bounded+edit,1,OK,15.06388888888889,0.0045208930969238,2.557777777777778,3.0
AUC,0,aligned,1,85,MCCE,native,MCCE_native,0,below_policy_threshold,14.975,0.0220870971679687,2.54,3.0
AUC,0,aligned,1,85,MCCE,bounded,MCCE_bounded,0,below_policy_threshold,14.975,0.0220870971679687,2.54,3.0
AUC,0,aligned,1,85,MCCE,bounded+edit,MCCE_bounded+edit,0,below_policy_threshold,14.975,0.0220870971679687,2.54,3.0
AUC,0,aligned,1,101,NICE,native,NICE_native,0,immutable_changed:Test_1,15.15,0.0079009532928466,2.58,3.0
AUC,0,aligned,1,101,NICE,bounded,NICE_bounded,0,below_policy_threshold;classifier_target_not_met,14.65,0.0079009532928466,2.58,3.0
AUC,0,aligned,1,101,NICE,bounded+edit,NICE_bounded+edit,0,below_policy_threshold;classifier_target_not_met,14.65,0.0079009532928466,2.58,3.0
AUC,0,aligned,1,101,MCCE,native,MCCE_native,0,below_policy_threshold;out_of_bounds:sum_click,15.0,0.0242884159088134,2.73425890463424,4.0
AUC,0,aligned,1,101,MCCE,bounded,MCCE_bounded,1,OK,15.1,0.0242884159088134,2.846177709689774,4.0
AUC,0,aligned,1,101,MCCE,bounded+edit,MCCE_bounded+edit,1,OK,15.1,0.0242884159088134,2.846177709689774,4.0
AUC,0,aligned,1,103,NICE,native,NICE_native,1,OK,15.05,0.0100424289703369,2.61,3.0
AUC,0,aligned,1,103,NICE,bounded,NICE_bounded,1,OK,15.05,0.0100424289703369,2.61,3.0
AUC,0,aligned,1,103,NICE,bounded+edit,NICE_bounded+edit,1,OK,15.05,0.0100424289703369,2.61,3.0
AUC,0,aligned,1,103,MCCE,native,MCCE_native,0,below_policy_threshold,14.85,0.0236930847167968,2.5700000000000003,3.0
AUC,0,aligned,1,103,MCCE,bounded,MCCE_bounded,0,below_policy_threshold,14.85,0.0236930847167968,2.5700000000000003,3.0
AUC,0,aligned,1,103,MCCE,bounded+edit,MCCE_bounded+edit,0,below_policy_threshold,14.85,0.0236930847167968,2.5700000000000003,3.0
AUC,0,aligned,1,122,NICE,native,NICE_native,0,below_policy_threshold,14.7,0.0056760311126708,2.65,3.0
AUC,0,aligned,1,122,NICE,bounded,NICE_bounded,0,below_policy_threshold,14.7,0.0056760311126708,2.65,3.0
AUC,0,aligned,1,122,NICE,bounded+edit,NICE_bounded+edit,0,below_policy_threshold,14.7,0.0056760311126708,2.65,3.0
AUC,0,aligned,1,122,MCCE,native,MCCE_native,0,below_policy_threshold,14.8,0.0238521099090576,2.9001606329417404,4.0
AUC,0,aligned,1,122,MCCE,bounded,MCCE_bounded,0,below_policy_threshold,14.8,0.0238521099090576,2.9001606329417404,4.0
AUC,0,aligned,1,122,MCCE,bounded+edit,MCCE_bounded+edit,0,below_policy_threshold,14.8,0.0238521099090576,2.9001606329417404,4.0
AUC,0,aligned,1,127,NICE,native,NICE_native,0,below_policy_threshold,10.975,0.0040476322174072,1.75,2.0
AUC,0,aligned,1,127,NICE,bounded,NICE_bounded,0,below_policy_threshold,10.975,0.0040476322174072,1.75,2.0
AUC,0,aligned,1,127,NICE,bounded+edit,NICE_bounded+edit,1,OK,15.419444444444444,0.0040476322174072,2.638888888888889,3.0
AUC,0,aligned,1,127,MCCE,native,MCCE_native,1,OK,15.025,0.0252261161804199,2.603728880938183,4.0
AUC,0,aligned,1,127,MCCE,bounded,MCCE_bounded,1,OK,15.025,0.0252261161804199,2.603728880938183,4.0
AUC,0,aligned,1,127,MCCE,bounded+edit,MCCE_bounded+edit,1,OK,15.025,0.0252261161804199,2.603728880938183,4.0
AUC,0,aligned,1,144,NICE,native,NICE_native,0,below_policy_threshold,11.0,0.0041513442993164,1.75,2.0
AUC,0,aligned,1,144,NICE,bounded,NICE_bounded,0,below_policy_threshold,11.0,0.0041513442993164,1.75,2.0
AUC,0,aligned,1,144,NICE,bounded+edit,NICE_bounded+edit,1,OK,15.444444444444445,0.0041513442993164,2.638888888888889,3.0
AUC,0,aligned,1,144,MCCE,native,MCCE_native,1,OK,15.05,0.0270638465881347,2.589844382860797,4.0
AUC,0,aligned,1,144,MCCE,bounded,MCCE_bounded,1,OK,15.05,0.0270638465881347,2.589844382860797,4.0
AUC,0,aligned,1,144,MCCE,bounded+edit,MCCE_bounded+edit,1,OK,15.05,0.0270638465881347,2.589844382860797,4.0
AUC,0,aligned,1,157,NICE,native,NICE_native,1,OK,15.1,0.0060031414031982,2.57,3.0
AUC,0,aligned,1,157,NICE,bounded,NICE_bounded,1,OK,15.1,0.0060031414031982,2.57,3.0
AUC,0,aligned,1,157,NICE,bounded+edit,NICE_bounded+edit,1,OK,15.1,0.0060031414031982,2.57,3.0
AUC,0,aligned,1,157,MCCE,native,MCCE_native,0,below_policy_threshold;out_of_bounds:sum_click,14.9,0.027022361755371,2.763665080051926,4.0
AUC,0,aligned,1,157,MCCE,bounded,MCCE_bounded,1,OK,15.05,0.027022361755371,3.0186758978797057,4.0
AUC,0,aligned,1,157,MCCE,bounded+edit,MCCE_bounded+edit,1,OK,15.05,0.027022361755371,3.0186758978797057,4.0
AUC,0,aligned,1,162,NICE,native,NICE_native,1,OK,15.15,0.0055072307586669,2.58,3.0
AUC,0,aligned,1,162,NICE,bounded,NICE_bounded,1,OK,15.15,0.0055072307586669,2.58,3.0
AUC,0,aligned,1,162,NICE,bounded+edit,NICE_bounded+edit,1,OK,15.15,0.0055072307586669,2.58,3.0
AUC,0,aligned,1,162,MCCE,native,MCCE_native,0,below_policy_threshold;out_of_bounds:sum_click,14.9,0.031818151473999,2.5442298114549984,4.0
AUC,0,aligned,1,162,MCCE,bounded,MCCE_bounded,1,OK,15.25,0.031818151473999,2.656919245819993,4.0
AUC,0,aligned,1,162,MCCE,bounded+edit,MCCE_bounded+edit,1,OK,15.25,0.031818151473999,2.656919245819993,4.0
AUC,0,aligned,1,170,NICE,native,NICE_native,1,OK,15.05,0.0059118270874023,2.56,3.0
AUC,0,aligned,1,170,NICE,bounded,NICE_bounded,1,OK,15.05,0.0059118270874023,2.56,3.0
AUC,0,aligned,1,170,NICE,bounded+edit,NICE_bounded+edit,1,OK,15.05,0.0059118270874023,2.56,3.0
AUC,0,aligned,1,170,MCCE,native,MCCE_native,0,below_policy_threshold,15.0,0.0265407562255859,2.560896213565786,4.0
AUC,0,aligned,1,170,MCCE,bounded,MCCE_bounded,0,below_policy_threshold,15.0,0.0265407562255859,2.560896213565786,4.0
AUC,0,aligned,1,170,MCCE,bounded+edit,MCCE_bounded+edit,0,below_policy_threshold,15.0,0.0265407562255859,2.560896213565786,4.0
AUC,0,aligned,1,181,NICE,native,NICE_native,1,OK,15.575,0.0058579444885253,2.665,3.0
AUC,0,aligned,1,181,NICE,bounded,NICE_bounded,1,OK,15.575,0.0058579444885253,2.665,3.0
AUC,0,aligned,1,181,NICE,bounded+edit,NICE_bounded+edit,1,OK,15.575,0.0058579444885253,2.665,3.0
AUC,0,aligned,1,181,MCCE,native,MCCE_native,0,below_policy_threshold,15.0,0.0210206508636474,2.55,3.0
AUC,0,aligned,1,181,MCCE,bounded,MCCE_bounded,0,below_policy_threshold,15.0,0.0210206508636474,2.55,3.0
AUC,0,aligned,1,181,MCCE,bounded+edit,MCCE_bounded+edit,0,below_policy_threshold,15.0,0.0210206508636474,2.55,3.0
AUC,0,aligned,1,187,NICE,native,NICE_native,0,below_policy_threshold;immutable_changed:Test_1,11.025,0.0053839683532714,1.75,2.0
AUC,0,aligned,1,187,NICE,bounded,NICE_bounded,0,below_policy_threshold;classifier_target_not_met,10.25,0.0053839683532714,1.75,2.0
AUC,0,aligned,1,187,NICE,bounded+edit,NICE_bounded+edit,1,OK,15.25,0.0053839683532714,2.75,3.0
AUC,0,aligned,1,187,MCCE,native,MCCE_native,0,below_policy_threshold,14.6,0.0229625701904296,2.962684993409904,4.0
AUC,0,aligned,1,187,MCCE,bounded,MCCE_bounded,0,below_policy_threshold,14.6,0.0229625701904296,2.962684993409904,4.0
AUC,0,aligned,1,187,MCCE,bounded+edit,MCCE_bounded+edit,0,below_policy_threshold,14.6,0.0229625701904296,2.962684993409904,4.0
AUC,0,aligned,1,193,NICE,native,NICE_native,1,OK,15.05,0.0054082870483398,2.56,3.0
AUC,0,aligned,1,193,NICE,bounded,NICE_bounded,1,OK,15.05,0.0054082870483398,2.56,3.0
AUC,0,aligned,1,193,NICE,bounded+edit,NICE_bounded+edit,1,OK,15.05,0.0054082870483398,2.56,3.0
AUC,0,aligned,1,193,MCCE,native,MCCE_native,0,below_policy_threshold,14.9,0.0260927677154541,2.6584011005808623,4.0
AUC,0,aligned,1,193,MCCE,bounded,MCCE_bounded,0,below_policy_threshold,14.9,0.0260927677154541,2.6584011005808623,4.0
AUC,0,aligned,1,193,MCCE,bounded+edit,MCCE_bounded+edit,0,below_policy_threshold,14.9,0.0260927677154541,2.6584011005808623,4.0
AUC,0,aligned,1,200,NICE,native,NICE_native,0,below_policy_threshold,14.85,0.0055749416351318,2.63,3.0
AUC,0,aligned,1,200,NICE,bounded,NICE_bounded,0,below_policy_threshold,14.85,0.0055749416351318,2.63,3.0
AUC,0,aligned,1,200,NICE,bounded+edit,NICE_bounded+edit,0,below_policy_threshold,14.85,0.0055749416351318,2.63,3.0
AUC,0,aligned,1,200,MCCE,native,MCCE_native,0,below_policy_threshold;out_of_bounds:sum_click,14.95,0.0242061614990234,3.342368214004721,4.0
AUC,0,aligned,1,200,MCCE,bounded,MCCE_bounded,0,below_policy_threshold,14.85,0.0242061614990234,3.5269315499606613,4.0
AUC,0,aligned,1,200,MCCE,bounded+edit,MCCE_bounded+edit,0,below_policy_threshold,14.85,0.0242061614990234,3.5269315499606613,4.0
AUC,0,aligned,1,222,NICE,native,NICE_native,0,out_of_bounds:sum_click;immutable_changed:Test_1,15.05,0.0116147994995117,2.662164923376307,4.0
AUC,0,aligned,1,222,NICE,bounded,NICE_bounded,0,below_policy_threshold;classifier_target_not_met,14.925,0.0116147994995117,2.56,3.0
AUC,0,aligned,1,222,NICE,bounded+edit,NICE_bounded+edit,0,below_policy_threshold;classifier_target_not_met,14.925,0.0116147994995117,2.56,3.0
AUC,0,aligned,1,222,MCCE,native,MCCE_native,0,below_policy_threshold,14.725,0.0245718955993652,2.612434930673802,4.0
AUC,0,aligned,1,222,MCCE,bounded,MCCE_bounded,0,below_policy_threshold,14.725,0.0245718955993652,2.612434930673802,4.0
AUC,0,aligned,1,222,MCCE,bounded+edit,MCCE_bounded+edit,0,below_policy_threshold,14.725,0.0245718955993652,2.612434930673802,4.0
AUC,0,aligned,1,230,NICE,native,NICE_native,0,immutable_changed:Test_1,15.05,0.0068602561950683,2.56,3.0
AUC,0,aligned,1,230,NICE,bounded,NICE_bounded,0,below_policy_threshold;classifier_target_not_met,14.8,0.0068602561950683,2.56,3.0
AUC,0,aligned,1,230,NICE,bounded+edit,NICE_bounded+edit,0,below_policy_threshold;classifier_target_not_met,14.8,0.0068602561950683,2.56,3.0
AUC,0,aligned,1,230,MCCE,native,MCCE_native,0,below_policy_threshold;out_of_bounds:sum_click,14.9,0.0244746208190917,2.628617441507141,4.0
AUC,0,aligned,1,230,MCCE,bounded,MCCE_bounded,0,below_policy_threshold,14.9,0.0244746208190917,2.731929504709815,4.0
AUC,0,aligned,1,230,MCCE,bounded+edit,MCCE_bounded+edit,0,below_policy_threshold,14.9,0.0244746208190917,2.731929504709815,4.0
AUC,0,aligned,1,236,NICE,native,NICE_native,0,immutable_changed:Test_1,15.05,0.0069878101348876,2.56,3.0
AUC,0,aligned,1,236,NICE,bounded,NICE_bounded,0,below_policy_threshold;classifier_target_not_met,14.8,0.0069878101348876,2.56,3.0
AUC,0,aligned,1,236,NICE,bounded+edit,NICE_bounded+edit,0,below_policy_threshold;classifier_target_not_met,14.8,0.0069878101348876,2.56,3.0
AUC,0,aligned,1,236,MCCE,native,MCCE_native,0,below_policy_threshold,14.9,0.0241775512695312,2.6591817881887168,4.0
AUC,0,aligned,1,236,MCCE,bounded,MCCE_bounded,0,below_policy_threshold,14.9,0.0241775512695312,2.6591817881887168,4.0
AUC,0,aligned,1,236,MCCE,bounded+edit,MCCE_bounded+edit,0,below_policy_threshold,14.9,0.0241775512695312,2.6591817881887168,4.0
AUC,0,aligned,1,243,NICE,native,NICE_native,0,immutable_changed:Test_1,15.05,0.0066878795623779,2.56,3.0
AUC,0,aligned,1,243,NICE,bounded,NICE_bounded,0,below_policy_threshold;classifier_target_not_met,14.8,0.0066878795623779,2.56,3.0
AUC,0,aligned,1,243,NICE,bounded+edit,NICE_bounded+edit,0,below_policy_threshold;classifier_target_not_met,14.8,0.0066878795623779,2.56,3.0
AUC,0,aligned,1,243,MCCE,native,MCCE_native,0,below_policy_threshold,14.9,0.0313878059387207,2.62957312035252,4.0
AUC,0,aligned,1,243,MCCE,bounded,MCCE_bounded,0,below_policy_threshold,14.9,0.0313878059387207,2.62957312035252,4.0
AUC,0,aligned,1,243,MCCE,bounded+edit,MCCE_bounded+edit,0,below_policy_threshold,14.9,0.0313878059387207,2.62957312035252,4.0
AUC,0,aligned,1,245,NICE,native,NICE_native,0,below_policy_threshold,11.225,0.0041637420654296,1.8,2.0
AUC,0,aligned,1,245,NICE,bounded,NICE_bounded,0,below_policy_threshold,11.225,0.0041637420654296,1.8,2.0
AUC,0,aligned,1,245,NICE,bounded+edit,NICE_bounded+edit,1,OK,15.113888888888887,0.0041637420654296,2.577777777777778,3.0
AUC,0,aligned,1,245,MCCE,native,MCCE_native,0,below_policy_threshold,14.975,0.020099401473999,2.55,3.0
AUC,0,aligned,1,245,MCCE,bounded,MCCE_bounded,0,below_policy_threshold,14.975,0.020099401473999,2.55,3.0
AUC,0,aligned,1,245,MCCE,bounded+edit,MCCE_bounded+edit,0,below_policy_threshold,14.975,0.020099401473999,2.55,3.0
AUC,0,aligned,1,247,NICE,native,NICE_native,0,immutable_changed:Test_1,15.05,0.0068335533142089,2.56,3.0
AUC,0,aligned,1,247,NICE,bounded,NICE_bounded,0,below_policy_threshold;classifier_target_not_met,14.85,0.0068335533142089,2.56,3.0
AUC,0,aligned,1,247,NICE,bounded+edit,NICE_bounded+edit,0,below_policy_threshold;classifier_target_not_met,14.85,0.0068335533142089,2.56,3.0
AUC,0,aligned,1,247,MCCE,native,MCCE_native,0,below_policy_threshold;out_of_bounds:sum_click,14.85,0.0227797031402587,2.6450805226374965,4.0
AUC,0,aligned,1,247,MCCE,bounded,MCCE_bounded,1,OK,15.05,0.0227797031402587,2.7458523245214224,4.0
AUC,0,aligned,1,247,MCCE,bounded+edit,MCCE_bounded+edit,1,OK,15.05,0.0227797031402587,2.7458523245214224,4.0
AUC,0,aligned,1,250,NICE,native,NICE_native,0,below_policy_threshold;immutable_changed:Test_1,11.025,0.0054860115051269,1.75,2.0
AUC,0,aligned,1,250,NICE,bounded,NICE_bounded,0,below_policy_threshold;classifier_target_not_met,10.125,0.0054860115051269,1.75,2.0
AUC,0,aligned,1,250,NICE,bounded+edit,NICE_bounded+edit,1,OK,15.125,0.0054860115051269,2.75,3.0
AUC,0,aligned,1,250,MCCE,native,MCCE_native,0,below_policy_threshold,14.725,0.0227816104888916,3.063120393120393,4.0
AUC,0,aligned,1,250,MCCE,bounded,MCCE_bounded,0,below_policy_threshold,14.725,0.0227816104888916,3.063120393120393,4.0
AUC,0,aligned,1,250,MCCE,bounded+edit,MCCE_bounded+edit,0,below_policy_threshold,14.725,0.0227816104888916,3.063120393120393,4.0
AUC,0,aligned,1,251,NICE,native,NICE_native,0,below_policy_threshold,11.35,0.0041968822479248,1.92,2.0
AUC,0,aligned,1,251,NICE,bounded,NICE_bounded,0,below_policy_threshold,11.35,0.0041968822479248,1.92,2.0
AUC,0,aligned,1,251,NICE,bounded+edit,NICE_bounded+edit,1,OK,15.238888888888887,0.0041968822479248,2.6977777777777776,3.0
AUC,0,aligned,1,251,MCCE,native,MCCE_native,1,OK,15.1,0.023221731185913,2.739234097793163,4.0
AUC,0,aligned,1,251,MCCE,bounded,MCCE_bounded,1,OK,15.1,0.023221731185913,2.739234097793163,4.0
AUC,0,aligned,1,251,MCCE,bounded+edit,MCCE_bounded+edit,1,OK,15.1,0.023221731185913,2.739234097793163,4.0
AUC,0,aligned,1,261,NICE,native,NICE_native,1,OK,15.1,0.0053410530090332,2.58,3.0
AUC,0,aligned,1,261,NICE,bounded,NICE_bounded,1,OK,15.1,0.0053410530090332,2.58,3.0
AUC,0,aligned,1,261,NICE,bounded+edit,NICE_bounded+edit,1,OK,15.1,0.0053410530090332,2.58,3.0
AUC,0,aligned,1,261,MCCE,native,MCCE_native,1,OK,15.1,0.0235176086425781,2.667241003271538,4.0
AUC,0,aligned,1,261,MCCE,bounded,MCCE_bounded,1,OK,15.1,0.0235176086425781,2.667241003271538,4.0
AUC,0,aligned,1,261,MCCE,bounded+edit,MCCE_bounded+edit,1,OK,15.1,0.0235176086425781,2.667241003271538,4.0
AUC,0,aligned,1,266,NICE,native,NICE_native,0,below_policy_threshold,15.0,0.0053505897521972,2.56,3.0
AUC,0,aligned,1,266,NICE,bounded,NICE_bounded,0,below_policy_threshold,15.0,0.0053505897521972,2.56,3.0
AUC,0,aligned,1,266,NICE,bounded+edit,NICE_bounded+edit,0,below_policy_threshold,15.0,0.0053505897521972,2.56,3.0
AUC,0,aligned,1,266,MCCE,native,MCCE_native,1,OK,15.150000000000002,0.023592472076416,2.6062557572473586,4.0
AUC,0,aligned,1,266,MCCE,bounded,MCCE_bounded,1,OK,15.150000000000002,0.023592472076416,2.6062557572473586,4.0
AUC,0,aligned,1,266,MCCE,bounded+edit,MCCE_bounded+edit,1,OK,15.150000000000002,0.023592472076416,2.6062557572473586,4.0
AUC,0,aligned,1,272,NICE,native,NICE_native,0,below_policy_threshold;immutable_changed:Test_1,11.025,0.0053491592407226,1.75,2.0
AUC,0,aligned,1,272,NICE,bounded,NICE_bounded,0,below_policy_threshold;classifier_target_not_met,10.9,0.0053491592407226,1.75,2.0
AUC,0,aligned,1,272,NICE,bounded+edit,NICE_bounded+edit,1,OK,15.344444444444443,0.0053491592407226,2.638888888888889,3.0
AUC,0,aligned,1,272,MCCE,native,MCCE_native,0,out_of_bounds:sum_click,15.05,0.0233068466186523,2.635189980895776,4.0
AUC,0,aligned,1,272,MCCE,bounded,MCCE_bounded,0,below_policy_threshold,15.0,0.0233068466186523,2.68887072808321,4.0
AUC,0,aligned,1,272,MCCE,bounded+edit,MCCE_bounded+edit,0,below_policy_threshold,15.0,0.0233068466186523,2.68887072808321,4.0
AUC,0,aligned,1,283,NICE,native,NICE_native,0,below_policy_threshold,14.75,0.0055394172668457,2.65,3.0
AUC,0,aligned,1,283,NICE,bounded,NICE_bounded,0,below_policy_threshold,14.75,0.0055394172668457,2.65,3.0
AUC,0,aligned,1,283,NICE,bounded+edit,NICE_bounded+edit,0,below_policy_threshold,14.75,0.0055394172668457,2.65,3.0
AUC,0,aligned,1,283,MCCE,native,MCCE_native,0,below_policy_threshold;out_of_bounds:sum_click,14.65,0.0240790843963623,2.67558775643113,4.0
AUC,0,aligned,1,283,MCCE,bounded,MCCE_bounded,1,OK,15.1,0.0240790843963623,3.1954151742103547,4.0
AUC,0,aligned,1,283,MCCE,bounded+edit,MCCE_bounded+edit,1,OK,15.1,0.0240790843963623,3.1954151742103547,4.0
AUC,0,aligned,1,285,NICE,native,NICE_native,0,below_policy_threshold,14.5,0.0056045055389404,2.65,3.0
AUC,0,aligned,1,285,NICE,bounded,NICE_bounded,0,below_policy_threshold,14.5,0.0056045055389404,2.65,3.0
AUC,0,aligned,1,285,NICE,bounded+edit,NICE_bounded+edit,0,below_policy_threshold,14.5,0.0056045055389404,2.65,3.0
AUC,0,aligned,1,285,MCCE,native,MCCE_native,0,no_candidate,,0.0159628391265869,,
AUC,0,aligned,1,285,MCCE,bounded,MCCE_bounded,0,no_candidate,,0.0159628391265869,,
AUC,0,aligned,1,285,MCCE,bounded+edit,MCCE_bounded+edit,0,no_candidate,,0.0159628391265869,,
AUC,0,aligned,1,293,NICE,native,NICE_native,1,OK,15.05,0.0054006576538085,2.56,3.0
AUC,0,aligned,1,293,NICE,bounded,NICE_bounded,1,OK,15.05,0.0054006576538085,2.56,3.0
AUC,0,aligned,1,293,NICE,bounded+edit,NICE_bounded+edit,1,OK,15.05,0.0054006576538085,2.56,3.0
AUC,0,aligned,1,293,MCCE,native,MCCE_native,1,OK,15.475,0.0245192050933837,2.645,3.0
AUC,0,aligned,1,293,MCCE,bounded,MCCE_bounded,1,OK,15.475,0.0245192050933837,2.645,3.0
AUC,0,aligned,1,293,MCCE,bounded+edit,MCCE_bounded+edit,1,OK,15.475,0.0245192050933837,2.645,3.0
AUC,0,aligned,1,299,NICE,native,NICE_native,0,out_of_bounds:sum_click;immutable_changed:Test_1,15.05,0.0083563327789306,2.5872047154840168,4.0
AUC,0,aligned,1,299,NICE,bounded,NICE_bounded,0,below_policy_threshold;classifier_target_not_met,14.9,0.0083563327789306,2.56,3.0
AUC,0,aligned,1,299,NICE,bounded+edit,NICE_bounded+edit,0,below_policy_threshold;classifier_target_not_met,14.9,0.0083563327789306,2.56,3.0
AUC,0,aligned,1,299,MCCE,native,MCCE_native,0,below_policy_threshold;out_of_bounds:sum_click,14.85,0.0226821899414062,2.590807073226026,4.0
AUC,0,aligned,1,299,MCCE,bounded,MCCE_bounded,0,below_policy_threshold,14.900000000000002,0.0226821899414062,2.7277624121514394,4.0
AUC,0,aligned,1,299,MCCE,bounded+edit,MCCE_bounded+edit,0,below_policy_threshold,14.900000000000002,0.0226821899414062,2.7277624121514394,4.0
AUC,0,aligned,1,303,NICE,native,NICE_native,0,out_of_bounds:sum_click;immutable_changed:Test_1,15.05,0.0078740119934082,2.6208756731444622,4.0
AUC,0,aligned,1,303,NICE,bounded,NICE_bounded,0,below_policy_threshold;classifier_target_not_met,14.925,0.0078740119934082,2.56,3.0
AUC,0,aligned,1,303,NICE,bounded+edit,NICE_bounded+edit,0,below_policy_threshold;classifier_target_not_met,14.925,0.0078740119934082,2.56,3.0
AUC,0,aligned,1,303,MCCE,native,MCCE_native,0,below_policy_threshold,14.725,0.0226194858551025,2.6464340903769608,4.0
AUC,0,aligned,1,303,MCCE,bounded,MCCE_bounded,0,below_policy_threshold,14.725,0.0226194858551025,2.6464340903769608,4.0
AUC,0,aligned,1,303,MCCE,bounded+edit,MCCE_bounded+edit,0,below_policy_threshold,14.725,0.0226194858551025,2.6464340903769608,4.0
AUC,0,aligned,1,310,NICE,native,NICE_native,1,OK,15.05,0.0054748058319091,2.56,3.0
AUC,0,aligned,1,310,NICE,bounded,NICE_bounded,1,OK,15.05,0.0054748058319091,2.56,3.0
AUC,0,aligned,1,310,NICE,bounded+edit,NICE_bounded+edit,1,OK,15.05,0.0054748058319091,2.56,3.0
AUC,0,aligned,1,310,MCCE,native,MCCE_native,0,below_policy_threshold,14.9,0.0247063636779785,2.557294438758104,4.0
AUC,0,aligned,1,310,MCCE,bounded,MCCE_bounded,0,below_policy_threshold,14.9,0.0247063636779785,2.557294438758104,4.0
AUC,0,aligned,1,310,MCCE,bounded+edit,MCCE_bounded+edit,0,below_policy_threshold,14.9,0.0247063636779785,2.557294438758104,4.0
AUC,0,aligned,1,317,NICE,native,NICE_native,1,OK,15.125,0.0053081512451171,2.57,3.0
AUC,0,aligned,1,317,NICE,bounded,NICE_bounded,1,OK,15.125,0.0053081512451171,2.57,3.0
AUC,0,aligned,1,317,NICE,bounded+edit,NICE_bounded+edit,1,OK,15.125,0.0053081512451171,2.57,3.0
AUC,0,aligned,1,317,MCCE,native,MCCE_native,0,below_policy_threshold,14.975,0.0237355232238769,2.707926112510496,4.0
AUC,0,aligned,1,317,MCCE,bounded,MCCE_bounded,0,below_policy_threshold,14.975,0.0237355232238769,2.707926112510496,4.0
AUC,0,aligned,1,317,MCCE,bounded+edit,MCCE_bounded+edit,0,below_policy_threshold,14.975,0.0237355232238769,2.707926112510496,4.0
AUC,0,aligned,1,327,NICE,native,NICE_native,0,below_policy_threshold,11.525,0.0041310787200927,1.88,2.0
AUC,0,aligned,1,327,NICE,bounded,NICE_bounded,0,below_policy_threshold,11.525,0.0041310787200927,1.88,2.0
AUC,0,aligned,1,327,NICE,bounded+edit,NICE_bounded+edit,1,OK,15.41388888888889,0.0041310787200927,2.657777777777778,3.0
AUC,0,aligned,1,327,MCCE,native,MCCE_native,0,below_policy_threshold,14.675,0.0229856967926025,2.5978155872667403,4.0
AUC,0,aligned,1,327,MCCE,bounded,MCCE_bounded,0,below_policy_threshold,14.675,0.0229856967926025,2.5978155872667403,4.0
AUC,0,aligned,1,327,MCCE,bounded+edit,MCCE_bounded+edit,0,below_policy_threshold,14.675,0.0229856967926025,2.5978155872667403,4.0
AUC,0,aligned,1,339,NICE,native,NICE_native,0,below_policy_threshold;immutable_changed:Test_1,11.025,0.0054161548614501,1.75,2.0
AUC,0,aligned,1,339,NICE,bounded,NICE_bounded,0,below_policy_threshold;classifier_target_not_met,10.875,0.0054161548614501,1.75,2.0
AUC,0,aligned,1,339,NICE,bounded+edit,NICE_bounded+edit,1,OK,15.319444444444445,0.0054161548614501,2.638888888888889,3.0
AUC,0,aligned,1,339,MCCE,native,MCCE_native,1,OK,15.125,0.0228054523468017,2.7060135258636446,4.0
AUC,0,aligned,1,339,MCCE,bounded,MCCE_bounded,1,OK,15.125,0.0228054523468017,2.7060135258636446,4.0
AUC,0,aligned,1,339,MCCE,bounded+edit,MCCE_bounded+edit,1,OK,15.125,0.0228054523468017,2.7060135258636446,4.0
AUC,0,aligned,1,344,NICE,native,NICE_native,0,below_policy_threshold,11.35,0.0039639472961425,1.83,2.0
AUC,0,aligned,1,344,NICE,bounded,NICE_bounded,0,below_policy_threshold,11.35,0.0039639472961425,1.83,2.0
AUC,0,aligned,1,344,NICE,bounded+edit,NICE_bounded+edit,1,OK,15.238888888888887,0.0039639472961425,2.607777777777778,3.0
AUC,0,aligned,1,344,MCCE,native,MCCE_native,0,out_of_bounds:sum_click,15.45,0.0237030982971191,2.7469932104752672,4.0
AUC,0,aligned,1,344,MCCE,bounded,MCCE_bounded,1,OK,16.15,0.0237030982971191,3.2555674102812806,4.0
AUC,0,aligned,1,344,MCCE,bounded+edit,MCCE_bounded+edit,1,OK,16.15,0.0237030982971191,3.2555674102812806,4.0
AUC,0,aligned,1,360,NICE,native,NICE_native,1,OK,15.025,0.0052309036254882,2.56,3.0
AUC,0,aligned,1,360,NICE,bounded,NICE_bounded,1,OK,15.025,0.0052309036254882,2.56,3.0
AUC,0,aligned,1,360,NICE,bounded+edit,NICE_bounded+edit,1,OK,15.025,0.0052309036254882,2.56,3.0
AUC,0,aligned,1,360,MCCE,native,MCCE_native,1,OK,15.025,0.0230023860931396,2.56493705257961,4.0
AUC,0,aligned,1,360,MCCE,bounded,MCCE_bounded,1,OK,15.025,0.0230023860931396,2.56493705257961,4.0
AUC,0,aligned,1,360,MCCE,bounded+edit,MCCE_bounded+edit,1,OK,15.025,0.0230023860931396,2.56493705257961,4.0
AUC,0,aligned,1,362,NICE,native,NICE_native,0,below_policy_threshold,11.4,0.0041050910949707,1.83,2.0
AUC,0,aligned,1,362,NICE,bounded,NICE_bounded,0,below_policy_threshold,11.4,0.0041050910949707,1.83,2.0
AUC,0,aligned,1,362,NICE,bounded+edit,NICE_bounded+edit,1,OK,15.28888888888889,0.0041050910949707,2.607777777777778,3.0
AUC,0,aligned,1,362,MCCE,native,MCCE_native,0,below_policy_threshold,15.0,0.0243949890136718,2.7182439537329133,4.0
AUC,0,aligned,1,362,MCCE,bounded,MCCE_bounded,0,below_policy_threshold,15.0,0.0243949890136718,2.7182439537329133,4.0
AUC,0,aligned,1,362,MCCE,bounded+edit,MCCE_bounded+edit,0,below_policy_threshold,15.0,0.0243949890136718,2.7182439537329133,4.0
AUC,0,aligned,1,389,NICE,native,NICE_native,1,OK,15.05,0.0053822994232177,2.56,3.0
AUC,0,aligned,1,389,NICE,bounded,NICE_bounded,1,OK,15.05,0.0053822994232177,2.56,3.0
AUC,0,aligned,1,389,NICE,bounded+edit,NICE_bounded+edit,1,OK,15.05,0.0053822994232177,2.56,3.0
AUC,0,aligned,1,389,MCCE,native,MCCE_native,1,OK,15.5,0.0252280235290527,2.65,3.0
AUC,0,aligned,1,389,MCCE,bounded,MCCE_bounded,1,OK,15.5,0.0252280235290527,2.65,3.0
AUC,0,aligned,1,389,MCCE,bounded+edit,MCCE_bounded+edit,1,OK,15.5,0.0252280235290527,2.65,3.0
AUC,0,aligned,1,391,NICE,native,NICE_native,1,OK,15.075,0.0057616233825683,2.56,3.0
AUC,0,aligned,1,391,NICE,bounded,NICE_bounded,1,OK,15.075,0.0057616233825683,2.56,3.0
AUC,0,aligned,1,391,NICE,bounded+edit,NICE_bounded+edit,1,OK,15.075,0.0057616233825683,2.56,3.0
AUC,0,aligned,1,391,MCCE,native,MCCE_native,1,OK,15.675,0.0235285758972167,2.68,3.0
AUC,0,aligned,1,391,MCCE,bounded,MCCE_bounded,1,OK,15.675,0.0235285758972167,2.68,3.0
AUC,0,aligned,1,391,MCCE,bounded+edit,MCCE_bounded+edit,1,OK,15.675,0.0235285758972167,2.68,3.0
AUC,0,aligned,1,400,NICE,native,NICE_native,0,immutable_changed:Test_1,15.05,0.0066938400268554,2.56,3.0
AUC,0,aligned,1,400,NICE,bounded,NICE_bounded,0,below_policy_threshold;classifier_target_not_met,14.975,0.0066938400268554,2.56,3.0
AUC,0,aligned,1,400,NICE,bounded+edit,NICE_bounded+edit,0,below_policy_threshold;classifier_target_not_met,14.975,0.0066938400268554,2.56,3.0
AUC,0,aligned,1,400,MCCE,native,MCCE_native,0,below_policy_threshold;out_of_bounds:sum_click,14.975,0.0224139690399169,2.65710880600309,4.0
AUC,0,aligned,1,400,MCCE,bounded,MCCE_bounded,1,OK,15.025,0.0224139690399169,2.6803509159126024,4.0
AUC,0,aligned,1,400,MCCE,bounded+edit,MCCE_bounded+edit,1,OK,15.025,0.0224139690399169,2.6803509159126024,4.0
AUC,0,aligned,1,401,NICE,native,NICE_native,0,below_policy_threshold;immutable_changed:Test_1,11.025,0.0053904056549072,1.75,2.0
AUC,0,aligned,1,401,NICE,bounded,NICE_bounded,0,below_policy_threshold;classifier_target_not_met,10.0,0.0053904056549072,1.75,2.0
AUC,0,aligned,1,401,NICE,bounded+edit,NICE_bounded+edit,0,below_policy_threshold;classifier_target_not_met,10.0,0.0053904056549072,1.75,2.0
AUC,0,aligned,1,401,MCCE,native,MCCE_native,0,no_candidate,,0.0157365798950195,,
AUC,0,aligned,1,401,MCCE,bounded,MCCE_bounded,0,no_candidate,,0.0157365798950195,,
AUC,0,aligned,1,401,MCCE,bounded+edit,MCCE_bounded+edit,0,no_candidate,,0.0157365798950195,,
AUC,0,aligned,1,414,NICE,native,NICE_native,0,below_policy_threshold;immutable_changed:Test_1,11.025,0.0054352283477783,1.75,2.0
AUC,0,aligned,1,414,NICE,bounded,NICE_bounded,0,below_policy_threshold;classifier_target_not_met,10.75,0.0054352283477783,1.75,2.0
AUC,0,aligned,1,414,NICE,bounded+edit,NICE_bounded+edit,1,OK,15.194444444444445,0.0054352283477783,2.638888888888889,3.0
AUC,0,aligned,1,414,MCCE,native,MCCE_native,0,below_policy_threshold,15.0,0.0233838558197021,2.641744938426216,4.0
AUC,0,aligned,1,414,MCCE,bounded,MCCE_bounded,0,below_policy_threshold,15.0,0.0233838558197021,2.641744938426216,4.0
AUC,0,aligned,1,414,MCCE,bounded+edit,MCCE_bounded+edit,0,below_policy_threshold,15.0,0.0233838558197021,2.641744938426216,4.0
AUC,0,aligned,1,420,NICE,native,NICE_native,0,below_policy_threshold,11.475,0.0040907859802246,1.88,2.0
AUC,0,aligned,1,420,NICE,bounded,NICE_bounded,0,below_policy_threshold,11.475,0.0040907859802246,1.88,2.0
AUC,0,aligned,1,420,NICE,bounded+edit,NICE_bounded+edit,1,OK,15.363888888888887,0.0040907859802246,2.657777777777778,3.0
AUC,0,aligned,1,420,MCCE,native,MCCE_native,0,below_policy_threshold;out_of_bounds:sum_click,14.825,0.0197467803955078,2.6853637901861256,4.0
AUC,0,aligned,1,420,MCCE,bounded,MCCE_bounded,0,no_candidate,,0.0197467803955078,,
AUC,0,aligned,1,420,MCCE,bounded+edit,MCCE_bounded+edit,0,no_candidate,,0.0197467803955078,,
AUC,0,aligned,1,422,NICE,native,NICE_native,0,below_policy_threshold,15.0,0.0053238868713378,2.56,3.0
AUC,0,aligned,1,422,NICE,bounded,NICE_bounded,0,below_policy_threshold,15.0,0.0053238868713378,2.56,3.0
AUC,0,aligned,1,422,NICE,bounded+edit,NICE_bounded+edit,0,below_policy_threshold,15.0,0.0053238868713378,2.56,3.0
AUC,0,aligned,1,422,MCCE,native,MCCE_native,1,OK,15.150000000000002,0.025120735168457,2.5900000000000003,3.0
AUC,0,aligned,1,422,MCCE,bounded,MCCE_bounded,1,OK,15.150000000000002,0.025120735168457,2.5900000000000003,3.0
AUC,0,aligned,1,422,MCCE,bounded+edit,MCCE_bounded+edit,1,OK,15.150000000000002,0.025120735168457,2.5900000000000003,3.0
AUC,0,aligned,1,451,NICE,native,NICE_native,1,OK,15.55,0.0053937435150146,2.665,3.0
AUC,0,aligned,1,451,NICE,bounded,NICE_bounded,1,OK,15.55,0.0053937435150146,2.665,3.0
AUC,0,aligned,1,451,NICE,bounded+edit,NICE_bounded+edit,1,OK,15.55,0.0053937435150146,2.665,3.0
AUC,0,aligned,1,451,MCCE,native,MCCE_native,0,below_policy_threshold,14.975,0.0269076824188232,2.55,3.0
AUC,0,aligned,1,451,MCCE,bounded,MCCE_bounded,0,below_policy_threshold,14.975,0.0269076824188232,2.55,3.0
AUC,0,aligned,1,451,MCCE,bounded+edit,MCCE_bounded+edit,0,below_policy_threshold,14.975,0.0269076824188232,2.55,3.0
AUC,0,aligned,1,460,NICE,native,NICE_native,0,immutable_changed:Test_1,15.05,0.0066182613372802,2.56,3.0
AUC,0,aligned,1,460,NICE,bounded,NICE_bounded,0,below_policy_threshold;classifier_target_not_met,14.775,0.0066182613372802,2.56,3.0
AUC,0,aligned,1,460,NICE,bounded+edit,NICE_bounded+edit,0,below_policy_threshold;classifier_target_not_met,14.775,0.0066182613372802,2.56,3.0
AUC,0,aligned,1,460,MCCE,native,MCCE_native,0,below_policy_threshold,14.625,0.022810935974121,2.7117648783348,4.0
AUC,0,aligned,1,460,MCCE,bounded,MCCE_bounded,0,below_policy_threshold,14.625,0.022810935974121,2.7117648783348,4.0
AUC,0,aligned,1,460,MCCE,bounded+edit,MCCE_bounded+edit,0,below_policy_threshold,14.625,0.022810935974121,2.7117648783348,4.0
AUC,0,aligned,1,463,NICE,native,NICE_native,0,below_policy_threshold,14.7,0.0055360794067382,2.65,3.0
AUC,0,aligned,1,463,NICE,bounded,NICE_bounded,0,below_policy_threshold,14.7,0.0055360794067382,2.65,3.0
AUC,0,aligned,1,463,NICE,bounded+edit,NICE_bounded+edit,0,below_policy_threshold,14.7,0.0055360794067382,2.65,3.0
AUC,0,aligned,1,463,MCCE,native,MCCE_native,0,below_policy_threshold,14.8,0.0222892761230468,2.809372822299652,4.0
AUC,0,aligned,1,463,MCCE,bounded,MCCE_bounded,0,below_policy_threshold,14.8,0.0222892761230468,2.809372822299652,4.0
AUC,0,aligned,1,463,MCCE,bounded+edit,MCCE_bounded+edit,0,below_policy_threshold,14.8,0.0222892761230468,2.809372822299652,4.0
AUC,0,aligned,1,468,NICE,native,NICE_native,1,OK,15.15,0.0054974555969238,2.58,3.0
AUC,0,aligned,1,468,NICE,bounded,NICE_bounded,1,OK,15.15,0.0054974555969238,2.58,3.0
AUC,0,aligned,1,468,NICE,bounded+edit,NICE_bounded+edit,1,OK,15.15,0.0054974555969238,2.58,3.0
AUC,0,aligned,1,468,MCCE,native,MCCE_native,0,below_policy_threshold;out_of_bounds:sum_click,14.9,0.0242178440093994,2.5816414607156037,4.0
AUC,0,aligned,1,468,MCCE,bounded,MCCE_bounded,1,OK,15.25,0.0242178440093994,2.6221320545924014,4.0
AUC,0,aligned,1,468,MCCE,bounded+edit,MCCE_bounded+edit,1,OK,15.25,0.0242178440093994,2.6221320545924014,4.0
AUC,0,aligned,1,475,NICE,native,NICE_native,1,OK,15.05,0.0052919387817382,2.57,3.0
AUC,0,aligned,1,475,NICE,bounded,NICE_bounded,1,OK,15.05,0.0052919387817382,2.57,3.0
AUC,0,aligned,1,475,NICE,bounded+edit,NICE_bounded+edit,1,OK,15.05,0.0052919387817382,2.57,3.0
AUC,0,aligned,1,475,MCCE,native,MCCE_native,0,out_of_bounds:sum_click,15.1,0.023226261138916,2.780860832137733,4.0
AUC,0,aligned,1,475,MCCE,bounded,MCCE_bounded,1,OK,15.525,0.023226261138916,2.751083213773314,4.0
AUC,0,aligned,1,475,MCCE,bounded+edit,MCCE_bounded+edit,1,OK,15.525,0.023226261138916,2.751083213773314,4.0
AUC,0,aligned,1,482,NICE,native,NICE_native,0,below_policy_threshold;immutable_changed:Test_1,11.025,0.0055241584777832,1.75,2.0
AUC,0,aligned,1,482,NICE,bounded,NICE_bounded,0,below_policy_threshold;classifier_target_not_met,10.25,0.0055241584777832,1.75,2.0
AUC,0,aligned,1,482,NICE,bounded+edit,NICE_bounded+edit,1,OK,15.25,0.0055241584777832,2.75,3.0
AUC,0,aligned,1,482,MCCE,native,MCCE_native,0,below_policy_threshold,14.6,0.0218899250030517,3.0129751347591727,4.0
AUC,0,aligned,1,482,MCCE,bounded,MCCE_bounded,0,below_policy_threshold,14.6,0.0218899250030517,3.0129751347591727,4.0
AUC,0,aligned,1,482,MCCE,bounded+edit,MCCE_bounded+edit,0,below_policy_threshold,14.6,0.0218899250030517,3.0129751347591727,4.0
AUC,0,aligned,1,489,NICE,native,NICE_native,1,OK,15.15,0.0054113864898681,2.63,3.0
AUC,0,aligned,1,489,NICE,bounded,NICE_bounded,1,OK,15.15,0.0054113864898681,2.63,3.0
AUC,0,aligned,1,489,NICE,bounded+edit,NICE_bounded+edit,1,OK,15.15,0.0054113864898681,2.63,3.0
AUC,0,aligned,1,489,MCCE,native,MCCE_native,0,below_policy_threshold;out_of_bounds:sum_click,14.75,0.0237989425659179,3.183631194151097,4.0
AUC,0,aligned,1,489,MCCE,bounded,MCCE_bounded,0,below_policy_threshold,14.9,0.0237989425659179,2.90493907392364,4.0
AUC,0,aligned,1,489,MCCE,bounded+edit,MCCE_bounded+edit,0,below_policy_threshold,14.9,0.0237989425659179,2.90493907392364,4.0
AUC,0,aligned,1,500,NICE,native,NICE_native,0,immutable_changed:Test_1,15.05,0.0067152976989746,2.56,3.0
AUC,0,aligned,1,500,NICE,bounded,NICE_bounded,0,below_policy_threshold;classifier_target_not_met,14.8,0.0067152976989746,2.56,3.0
AUC,0,aligned,1,500,NICE,bounded+edit,NICE_bounded+edit,0,below_policy_threshold;classifier_target_not_met,14.8,0.0067152976989746,2.56,3.0
AUC,0,aligned,1,500,MCCE,native,MCCE_native,0,below_policy_threshold,14.9,0.0238540172576904,2.67705596894209,4.0
AUC,0,aligned,1,500,MCCE,bounded,MCCE_bounded,0,below_policy_threshold,14.9,0.0238540172576904,2.67705596894209,4.0
AUC,0,aligned,1,500,MCCE,bounded+edit,MCCE_bounded+edit,0,below_policy_threshold,14.9,0.0238540172576904,2.67705596894209,4.0
AUC,0,aligned,1,514,NICE,native,NICE_native,1,OK,15.275,0.0055480003356933,2.63,3.0
AUC,0,aligned,1,514,NICE,bounded,NICE_bounded,1,OK,15.275,0.0055480003356933,2.63,3.0
AUC,0,aligned,1,514,NICE,bounded+edit,NICE_bounded+edit,1,OK,15.275,0.0055480003356933,2.63,3.0
AUC,0,aligned,1,514,MCCE,native,MCCE_native,0,below_policy_threshold;out_of_bounds:sum_click,14.725,0.0227298736572265,2.65010053222945,4.0
AUC,0,aligned,1,514,MCCE,bounded,MCCE_bounded,0,below_policy_threshold,14.925,0.0227298736572265,2.607309284447073,4.0
AUC,0,aligned,1,514,MCCE,bounded+edit,MCCE_bounded+edit,0,below_policy_threshold,14.925,0.0227298736572265,2.607309284447073,4.0
AUC,0,aligned,1,523,NICE,native,NICE_native,0,below_policy_threshold;immutable_changed:Test_1,11.025,0.0054743289947509,1.75,2.0
AUC,0,aligned,1,523,NICE,bounded,NICE_bounded,0,below_policy_threshold;classifier_target_not_met,10.5,0.0054743289947509,1.75,2.0
AUC,0,aligned,1,523,NICE,bounded+edit,NICE_bounded+edit,1,OK,15.5,0.0054743289947509,2.75,3.0
AUC,0,aligned,1,523,MCCE,native,MCCE_native,0,below_policy_threshold,14.9,0.0234975814819335,2.9745213993962,4.0
AUC,0,aligned,1,523,MCCE,bounded,MCCE_bounded,0,below_policy_threshold,14.9,0.0234975814819335,2.9745213993962,4.0
AUC,0,aligned,1,523,MCCE,bounded+edit,MCCE_bounded+edit,0,below_policy_threshold,14.9,0.0234975814819335,2.9745213993962,4.0
AUC,0,aligned,1,527,NICE,native,NICE_native,1,OK,15.125,0.0053629875183105,2.57,3.0
AUC,0,aligned,1,527,NICE,bounded,NICE_bounded,1,OK,15.125,0.0053629875183105,2.57,3.0
AUC,0,aligned,1,527,NICE,bounded+edit,NICE_bounded+edit,1,OK,15.125,0.0053629875183105,2.57,3.0
AUC,0,aligned,1,527,MCCE,native,MCCE_native,0,out_of_bounds:sum_click,15.075,0.0234200954437255,2.5845248313917843,4.0
AUC,0,aligned,1,527,MCCE,bounded,MCCE_bounded,0,below_policy_threshold,14.975,0.0234200954437255,2.932397302268547,4.0
AUC,0,aligned,1,527,MCCE,bounded+edit,MCCE_bounded+edit,0,below_policy_threshold,14.975,0.0234200954437255,2.932397302268547,4.0
AUC,0,aligned,1,530,NICE,native,NICE_native,0,below_policy_threshold,11.55,0.0040981769561767,1.88,2.0
AUC,0,aligned,1,530,NICE,bounded,NICE_bounded,0,below_policy_threshold,11.55,0.0040981769561767,1.88,2.0
AUC,0,aligned,1,530,NICE,bounded+edit,NICE_bounded+edit,1,OK,15.43888888888889,0.0040981769561767,2.657777777777778,3.0
AUC,0,aligned,1,530,MCCE,native,MCCE_native,1,OK,15.35,0.0238275527954101,2.9063115845539285,4.0
AUC,0,aligned,1,530,MCCE,bounded,MCCE_bounded,1,OK,15.35,0.0238275527954101,2.9063115845539285,4.0
AUC,0,aligned,1,530,MCCE,bounded+edit,MCCE_bounded+edit,1,OK,15.35,0.0238275527954101,2.9063115845539285,4.0
AUC,0,aligned,1,531,NICE,native,NICE_native,0,immutable_changed:Test_1,15.05,0.0066254138946533,2.56,3.0
AUC,0,aligned,1,531,NICE,bounded,NICE_bounded,0,below_policy_threshold;classifier_target_not_met,14.85,0.0066254138946533,2.56,3.0
AUC,0,aligned,1,531,NICE,bounded+edit,NICE_bounded+edit,0,below_policy_threshold;classifier_target_not_met,14.85,0.0066254138946533,2.56,3.0
AUC,0,aligned,1,531,MCCE,native,MCCE_native,0,below_policy_threshold,14.85,0.0229482650756835,2.6469342879059066,4.0
AUC,0,aligned,1,531,MCCE,bounded,MCCE_bounded,0,below_policy_threshold,14.85,0.0229482650756835,2.6469342879059066,4.0
AUC,0,aligned,1,531,MCCE,bounded+edit,MCCE_bounded+edit,0,below_policy_threshold,14.85,0.0229482650756835,2.6469342879059066,4.0
AUC,0,aligned,1,534,NICE,native,NICE_native,0,immutable_changed:Test_1,15.05,0.0068569183349609,2.56,3.0
AUC,0,aligned,1,534,NICE,bounded,NICE_bounded,0,below_policy_threshold;classifier_target_not_met,14.975,0.0068569183349609,2.56,3.0
AUC,0,aligned,1,534,NICE,bounded+edit,NICE_bounded+edit,0,below_policy_threshold;classifier_target_not_met,14.975,0.0068569183349609,2.56,3.0
AUC,0,aligned,1,534,MCCE,native,MCCE_native,1,OK,15.025,0.0235373973846435,2.5700000000000003,3.0
AUC,0,aligned,1,534,MCCE,bounded,MCCE_bounded,1,OK,15.025,0.0235373973846435,2.5700000000000003,3.0
AUC,0,aligned,1,534,MCCE,bounded+edit,MCCE_bounded+edit,1,OK,15.025,0.0235373973846435,2.5700000000000003,3.0
AUC,0,aligned,1,542,NICE,native,NICE_native,1,OK,15.15,0.0054593086242675,2.63,3.0
AUC,0,aligned,1,542,NICE,bounded,NICE_bounded,1,OK,15.15,0.0054593086242675,2.63,3.0
AUC,0,aligned,1,542,NICE,bounded+edit,NICE_bounded+edit,1,OK,15.15,0.0054593086242675,2.63,3.0
AUC,0,aligned,1,542,MCCE,native,MCCE_native,0,below_policy_threshold;out_of_bounds:sum_click,14.75,0.0237541198730468,2.739237137788291,4.0
AUC,0,aligned,1,542,MCCE,bounded,MCCE_bounded,0,below_policy_threshold,14.9,0.0237541198730468,3.088574807806032,4.0
AUC,0,aligned,1,542,MCCE,bounded+edit,MCCE_bounded+edit,0,below_policy_threshold,14.9,0.0237541198730468,3.088574807806032,4.0
AUC,0,aligned,1,546,NICE,native,NICE_native,1,OK,15.05,0.0055389404296875,2.65,3.0
AUC,0,aligned,1,546,NICE,bounded,NICE_bounded,1,OK,15.05,0.0055389404296875,2.65,3.0
AUC,0,aligned,1,546,NICE,bounded+edit,NICE_bounded+edit,1,OK,15.05,0.0055389404296875,2.65,3.0
AUC,0,aligned,1,546,MCCE,native,MCCE_native,0,below_policy_threshold,14.95,0.0228023529052734,2.6665439832941797,4.0
AUC,0,aligned,1,546,MCCE,bounded,MCCE_bounded,0,below_policy_threshold,14.95,0.0228023529052734,2.6665439832941797,4.0
AUC,0,aligned,1,546,MCCE,bounded+edit,MCCE_bounded+edit,0,below_policy_threshold,14.95,0.0228023529052734,2.6665439832941797,4.0
AUC,0,aligned,1,548,NICE,native,NICE_native,1,OK,15.1,0.0053744316101074,2.61,3.0
AUC,0,aligned,1,548,NICE,bounded,NICE_bounded,1,OK,15.1,0.0053744316101074,2.61,3.0
AUC,0,aligned,1,548,NICE,bounded+edit,NICE_bounded+edit,1,OK,15.1,0.0053744316101074,2.61,3.0
AUC,0,aligned,1,548,MCCE,native,MCCE_native,0,below_policy_threshold,14.95,0.0207154750823974,2.58,3.0
AUC,0,aligned,1,548,MCCE,bounded,MCCE_bounded,0,below_policy_threshold,14.95,0.0207154750823974,2.58,3.0
AUC,0,aligned,1,548,MCCE,bounded+edit,MCCE_bounded+edit,0,below_policy_threshold,14.95,0.0207154750823974,2.58,3.0
AUC,0,aligned,1,561,NICE,native,NICE_native,0,below_policy_threshold,11.525,0.0041074752807617,1.88,2.0
AUC,0,aligned,1,561,NICE,bounded,NICE_bounded,0,below_policy_threshold,11.525,0.0041074752807617,1.88,2.0
AUC,0,aligned,1,561,NICE,bounded+edit,NICE_bounded+edit,1,OK,15.41388888888889,0.0041074752807617,2.657777777777778,3.0
AUC,0,aligned,1,561,MCCE,native,MCCE_native,0,below_policy_threshold,14.675,0.022968053817749,2.8856574004507896,4.0
AUC,0,aligned,1,561,MCCE,bounded,MCCE_bounded,0,below_policy_threshold,14.675,0.022968053817749,2.8856574004507896,4.0
AUC,0,aligned,1,561,MCCE,bounded+edit,MCCE_bounded+edit,0,below_policy_threshold,14.675,0.022968053817749,2.8856574004507896,4.0
AUC,0,aligned,1,569,NICE,native,NICE_native,1,OK,15.05,0.0054435729980468,2.56,3.0
AUC,0,aligned,1,569,NICE,bounded,NICE_bounded,1,OK,15.05,0.0054435729980468,2.56,3.0
AUC,0,aligned,1,569,NICE,bounded+edit,NICE_bounded+edit,1,OK,15.05,0.0054435729980468,2.56,3.0
AUC,0,aligned,1,569,MCCE,native,MCCE_native,0,below_policy_threshold,15.0,0.0253279209136962,2.616820868671293,4.0
AUC,0,aligned,1,569,MCCE,bounded,MCCE_bounded,0,below_policy_threshold,15.0,0.0253279209136962,2.616820868671293,4.0
AUC,0,aligned,1,569,MCCE,bounded+edit,MCCE_bounded+edit,0,below_policy_threshold,15.0,0.0253279209136962,2.616820868671293,4.0
AUC,0,aligned,1,573,NICE,native,NICE_native,0,below_policy_threshold,14.625,0.005408763885498,2.65,3.0
AUC,0,aligned,1,573,NICE,bounded,NICE_bounded,0,below_policy_threshold,14.625,0.005408763885498,2.65,3.0
AUC,0,aligned,1,573,NICE,bounded+edit,NICE_bounded+edit,0,below_policy_threshold,14.625,0.005408763885498,2.65,3.0
AUC,0,aligned,1,573,MCCE,native,MCCE_native,0,below_policy_threshold;out_of_bounds:sum_click,14.725,0.0203444957733154,2.7364231152441048,4.0
AUC,0,aligned,1,573,MCCE,bounded,MCCE_bounded,0,no_candidate,,0.0203444957733154,,
AUC,0,aligned,1,573,MCCE,bounded+edit,MCCE_bounded+edit,0,no_candidate,,0.0203444957733154,,
AUC,0,aligned,1,580,NICE,native,NICE_native,0,below_policy_threshold,15.0,0.0054647922515869,2.65,3.0
AUC,0,aligned,1,580,NICE,bounded,NICE_bounded,0,below_policy_threshold,15.0,0.0054647922515869,2.65,3.0
AUC,0,aligned,1,580,NICE,bounded+edit,NICE_bounded+edit,0,below_policy_threshold,15.0,0.0054647922515869,2.65,3.0
AUC,0,aligned,1,580,MCCE,native,MCCE_native,0,below_policy_threshold;out_of_bounds:sum_click,14.9,0.0233016014099121,2.71846947803008,4.0
AUC,0,aligned,1,580,MCCE,bounded,MCCE_bounded,0,below_policy_threshold,15.0,0.0233016014099121,2.7679593040401063,4.0
AUC,0,aligned,1,580,MCCE,bounded+edit,MCCE_bounded+edit,0,below_policy_threshold,15.0,0.0233016014099121,2.7679593040401063,4.0
AUC,0,aligned,1,582,NICE,native,NICE_native,0,below_policy_threshold,11.0,0.0040895938873291,1.75,2.0
AUC,0,aligned,1,582,NICE,bounded,NICE_bounded,0,below_policy_threshold,11.0,0.0040895938873291,1.75,2.0
AUC,0,aligned,1,582,NICE,bounded+edit,NICE_bounded+edit,1,OK,15.444444444444445,0.0040895938873291,2.638888888888889,3.0
AUC,0,aligned,1,582,MCCE,native,MCCE_native,1,OK,15.05,0.0242340564727783,2.683290310152186,4.0
AUC,0,aligned,1,582,MCCE,bounded,MCCE_bounded,1,OK,15.05,0.0242340564727783,2.683290310152186,4.0
AUC,0,aligned,1,582,MCCE,bounded+edit,MCCE_bounded+edit,1,OK,15.05,0.0242340564727783,2.683290310152186,4.0
AUC,0,aligned,1,595,NICE,native,NICE_native,0,out_of_bounds:sum_click;immutable_changed:Test_1,15.05,0.0079932212829589,2.606178711613945,4.0
AUC,0,aligned,1,595,NICE,bounded,NICE_bounded,0,below_policy_threshold;classifier_target_not_met,14.925,0.0079932212829589,2.56,3.0
AUC,0,aligned,1,595,NICE,bounded+edit,NICE_bounded+edit,0,below_policy_threshold;classifier_target_not_met,14.925,0.0079932212829589,2.56,3.0
AUC,0,aligned,1,595,MCCE,native,MCCE_native,0,below_policy_threshold,14.725,0.0231657028198242,2.658536134841838,4.0
AUC,0,aligned,1,595,MCCE,bounded,MCCE_bounded,0,below_policy_threshold,14.725,0.0231657028198242,2.658536134841838,4.0
AUC,0,aligned,1,595,MCCE,bounded+edit,MCCE_bounded+edit,0,below_policy_threshold,14.725,0.0231657028198242,2.658536134841838,4.0
AUC,0,aligned,1,597,NICE,native,NICE_native,0,below_policy_threshold;immutable_changed:Test_1,11.025,0.0053761005401611,1.75,2.0
AUC,0,aligned,1,597,NICE,bounded,NICE_bounded,0,below_policy_threshold;classifier_target_not_met,10.625,0.0053761005401611,1.75,2.0
AUC,0,aligned,1,597,NICE,bounded+edit,NICE_bounded+edit,1,OK,15.069444444444445,0.0053761005401611,2.638888888888889,3.0
AUC,0,aligned,1,597,MCCE,native,MCCE_native,0,below_policy_threshold,14.725,0.0234863758087158,2.8203858686331675,4.0
AUC,0,aligned,1,597,MCCE,bounded,MCCE_bounded,0,below_policy_threshold,14.725,0.0234863758087158,2.8203858686331675,4.0
AUC,0,aligned,1,597,MCCE,bounded+edit,MCCE_bounded+edit,0,below_policy_threshold,14.725,0.0234863758087158,2.8203858686331675,4.0
AUC,0,aligned,1,598,NICE,native,NICE_native,1,OK,15.05,0.00551438331604,2.56,3.0
AUC,0,aligned,1,598,NICE,bounded,NICE_bounded,1,OK,15.05,0.00551438331604,2.56,3.0
AUC,0,aligned,1,598,NICE,bounded+edit,NICE_bounded+edit,1,OK,15.05,0.00551438331604,2.56,3.0
AUC,0,aligned,1,598,MCCE,native,MCCE_native,1,OK,15.2,0.0238394737243652,2.59,3.0
AUC,0,aligned,1,598,MCCE,bounded,MCCE_bounded,1,OK,15.2,0.0238394737243652,2.59,3.0
AUC,0,aligned,1,598,MCCE,bounded+edit,MCCE_bounded+edit,1,OK,15.2,0.0238394737243652,2.59,3.0
AUC,0,aligned,1,603,NICE,native,NICE_native,1,OK,15.025,0.0053839683532714,2.58,3.0
AUC,0,aligned,1,603,NICE,bounded,NICE_bounded,1,OK,15.025,0.0053839683532714,2.58,3.0
AUC,0,aligned,1,603,NICE,bounded+edit,NICE_bounded+edit,1,OK,15.025,0.0053839683532714,2.58,3.0
AUC,0,aligned,1,603,MCCE,native,MCCE_native,0,below_policy_threshold,14.875,0.0225942134857177,2.588595137012736,4.0
AUC,0,aligned,1,603,MCCE,bounded,MCCE_bounded,0,below_policy_threshold,14.875,0.0225942134857177,2.588595137012736,4.0
AUC,0,aligned,1,603,MCCE,bounded+edit,MCCE_bounded+edit,0,below_policy_threshold,14.875,0.0225942134857177,2.588595137012736,4.0
AUC,0,aligned,1,625,NICE,native,NICE_native,0,below_policy_threshold;immutable_changed:Test_1,11.025,0.005540132522583,1.75,2.0
AUC,0,aligned,1,625,NICE,bounded,NICE_bounded,0,below_policy_threshold;classifier_target_not_met,10.5,0.005540132522583,1.75,2.0
AUC,0,aligned,1,625,NICE,bounded+edit,NICE_bounded+edit,1,OK,15.5,0.005540132522583,2.75,3.0
AUC,0,aligned,1,625,MCCE,native,MCCE_native,0,below_policy_threshold,14.9,0.0228404998779296,2.887493462080065,4.0
AUC,0,aligned,1,625,MCCE,bounded,MCCE_bounded,0,below_policy_threshold,14.9,0.0228404998779296,2.887493462080065,4.0
AUC,0,aligned,1,625,MCCE,bounded+edit,MCCE_bounded+edit,0,below_policy_threshold,14.9,0.0228404998779296,2.887493462080065,4.0
AUC,0,aligned,1,638,NICE,native,NICE_native,0,below_policy_threshold,13.25,0.0053327083587646,2.65,3.0
AUC,0,aligned,1,638,NICE,bounded,NICE_bounded,0,below_policy_threshold,13.25,0.0053327083587646,2.65,3.0
AUC,0,aligned,1,638,NICE,bounded+edit,NICE_bounded+edit,0,below_policy_threshold,13.25,0.0053327083587646,2.65,3.0
AUC,0,aligned,1,638,MCCE,native,MCCE_native,0,no_candidate,,0.015742540359497,,
AUC,0,aligned,1,638,MCCE,bounded,MCCE_bounded,0,no_candidate,,0.015742540359497,,
AUC,0,aligned,1,638,MCCE,bounded+edit,MCCE_bounded+edit,0,no_candidate,,0.015742540359497,,
AUC,0,aligned,1,646,NICE,native,NICE_native,1,OK,15.05,0.0052535533905029,2.56,3.0
AUC,0,aligned,1,646,NICE,bounded,NICE_bounded,1,OK,15.05,0.0052535533905029,2.56,3.0
AUC,0,aligned,1,646,NICE,bounded+edit,NICE_bounded+edit,1,OK,15.05,0.0052535533905029,2.56,3.0
AUC,0,aligned,1,646,MCCE,native,MCCE_native,1,OK,15.5,0.0237879753112792,2.65,3.0
AUC,0,aligned,1,646,MCCE,bounded,MCCE_bounded,1,OK,15.5,0.0237879753112792,2.65,3.0
AUC,0,aligned,1,646,MCCE,bounded+edit,MCCE_bounded+edit,1,OK,15.5,0.0237879753112792,2.65,3.0
AUC,0,aligned,1,647,NICE,native,NICE_native,0,below_policy_threshold,14.95,0.0055387020111083,2.65,3.0
AUC,0,aligned,1,647,NICE,bounded,NICE_bounded,0,below_policy_threshold,14.95,0.0055387020111083,2.65,3.0
AUC,0,aligned,1,647,NICE,bounded+edit,NICE_bounded+edit,0,below_policy_threshold,14.95,0.0055387020111083,2.65,3.0
AUC,0,aligned,1,647,MCCE,native,MCCE_native,0,below_policy_threshold,14.85,0.0224738121032714,2.7538006809037454,4.0
AUC,0,aligned,1,647,MCCE,bounded,MCCE_bounded,0,below_policy_threshold,14.85,0.0224738121032714,2.7538006809037454,4.0
AUC,0,aligned,1,647,MCCE,bounded+edit,MCCE_bounded+edit,0,below_policy_threshold,14.85,0.0224738121032714,2.7538006809037454,4.0
AUC,0,aligned,1,649,NICE,native,NICE_native,0,below_policy_threshold,14.95,0.0053925514221191,2.56,3.0
AUC,0,aligned,1,649,NICE,bounded,NICE_bounded,0,below_policy_threshold,14.95,0.0053925514221191,2.56,3.0
AUC,0,aligned,1,649,NICE,bounded+edit,NICE_bounded+edit,0,below_policy_threshold,14.95,0.0053925514221191,2.56,3.0
AUC,0,aligned,1,649,MCCE,native,MCCE_native,1,OK,15.15,0.0230886936187744,2.6,3.0
AUC,0,aligned,1,649,MCCE,bounded,MCCE_bounded,1,OK,15.15,0.0230886936187744,2.6,3.0
AUC,0,aligned,1,649,MCCE,bounded+edit,MCCE_bounded+edit,1,OK,15.15,0.0230886936187744,2.6,3.0
AUC,0,aligned,1,652,NICE,native,NICE_native,1,OK,15.125,0.00543212890625,2.57,3.0
AUC,0,aligned,1,652,NICE,bounded,NICE_bounded,1,OK,15.125,0.00543212890625,2.57,3.0
AUC,0,aligned,1,652,NICE,bounded+edit,NICE_bounded+edit,1,OK,15.125,0.00543212890625,2.57,3.0
AUC,0,aligned,1,652,MCCE,native,MCCE_native,0,below_policy_threshold,14.975,0.0238103866577148,2.6542390860873115,4.0
AUC,0,aligned,1,652,MCCE,bounded,MCCE_bounded,0,below_policy_threshold,14.975,0.0238103866577148,2.6542390860873115,4.0
AUC,0,aligned,1,652,MCCE,bounded+edit,MCCE_bounded+edit,0,below_policy_threshold,14.975,0.0238103866577148,2.6542390860873115,4.0
AUC,0,aligned,2,14,NICE,native,NICE_native,0,below_policy_threshold;immutable_changed:Test_2,10.725,0.0041670799255371,0.85,1.0
AUC,0,aligned,2,14,NICE,bounded,NICE_bounded,0,below_policy_threshold;classifier_target_not_met,8.825,0.0041670799255371,0.85,1.0
AUC,0,aligned,2,14,NICE,bounded+edit,NICE_bounded+edit,0,below_policy_threshold;classifier_target_not_met,8.825,0.0041670799255371,0.85,1.0
AUC,0,aligned,2,14,MCCE,native,MCCE_native,0,no_candidate,,0.0335245132446289,,
AUC,0,aligned,2,14,MCCE,bounded,MCCE_bounded,0,no_candidate,,0.0335245132446289,,
AUC,0,aligned,2,14,MCCE,bounded+edit,MCCE_bounded+edit,0,no_candidate,,0.0335245132446289,,
AUC,0,aligned,2,17,NICE,native,NICE_native,0,below_policy_threshold;immutable_changed:Test_2,14.9,0.0054752826690673,1.7400000000000002,2.0
AUC,0,aligned,2,17,NICE,bounded,NICE_bounded,0,below_policy_threshold;classifier_target_not_met,14.45,0.0054752826690673,1.7400000000000002,2.0
AUC,0,aligned,2,17,NICE,bounded+edit,NICE_bounded+edit,0,below_policy_threshold;classifier_target_not_met,14.45,0.0054752826690673,1.7400000000000002,2.0
AUC,0,aligned,2,17,MCCE,native,MCCE_native,0,below_policy_threshold,14.8,0.0200724601745605,1.887165906699404,3.0
AUC,0,aligned,2,17,MCCE,bounded,MCCE_bounded,0,below_policy_threshold,14.8,0.0200724601745605,1.887165906699404,3.0
AUC,0,aligned,2,17,MCCE,bounded+edit,MCCE_bounded+edit,0,below_policy_threshold,14.8,0.0200724601745605,1.887165906699404,3.0
AUC,0,aligned,2,18,NICE,native,NICE_native,0,below_policy_threshold;immutable_changed:Test_2,14.925,0.0054664611816406,1.66,2.0
AUC,0,aligned,2,18,NICE,bounded,NICE_bounded,0,below_policy_threshold;classifier_target_not_met,14.425,0.0054664611816406,1.66,2.0
AUC,0,aligned,2,18,NICE,bounded+edit,NICE_bounded+edit,0,below_policy_threshold;classifier_target_not_met,14.425,0.0054664611816406,1.66,2.0
AUC,0,aligned,2,18,MCCE,native,MCCE_native,0,below_policy_threshold;out_of_bounds:sum_click,14.875,0.0195190906524658,1.7559329575793534,3.0
AUC,0,aligned,2,18,MCCE,bounded,MCCE_bounded,0,below_policy_threshold,14.875,0.0195190906524658,1.922055769801246,3.0
AUC,0,aligned,2,18,MCCE,bounded+edit,MCCE_bounded+edit,0,below_policy_threshold,14.875,0.0195190906524658,1.922055769801246,3.0
AUC,0,aligned,2,21,NICE,native,NICE_native,0,immutable_changed:Test_2,15.3,0.0052649974822998,1.7199999999999998,2.0
AUC,0,aligned,2,21,NICE,bounded,NICE_bounded,0,below_policy_threshold;classifier_target_not_met,10.85,0.0052649974822998,1.7199999999999998,2.0
AUC,0,aligned,2,21,NICE,bounded+edit,NICE_bounded+edit,0,below_policy_threshold;classifier_target_not_met,10.85,0.0052649974822998,1.7199999999999998,2.0
AUC,0,aligned,2,21,MCCE,native,MCCE_native,0,no_candidate,,0.087841510772705,,
AUC,0,aligned,2,21,MCCE,bounded,MCCE_bounded,0,no_candidate,,0.087841510772705,,
AUC,0,aligned,2,21,MCCE,bounded+edit,MCCE_bounded+edit,0,no_candidate,,0.087841510772705,,
AUC,0,aligned,2,31,NICE,native,NICE_native,0,below_policy_threshold;immutable_changed:Test_2,14.925,0.0055229663848876,1.66,2.0
AUC,0,aligned,2,31,NICE,bounded,NICE_bounded,0,below_policy_threshold;classifier_target_not_met,14.675,0.0055229663848876,1.66,2.0
AUC,0,aligned,2,31,NICE,bounded+edit,NICE_bounded+edit,0,below_policy_threshold;classifier_target_not_met,14.675,0.0055229663848876,1.66,2.0
AUC,0,aligned,2,31,MCCE,native,MCCE_native,0,out_of_bounds:sum_click,15.075,0.0208039283752441,1.863738196027353,3.0
AUC,0,aligned,2,31,MCCE,bounded,MCCE_bounded,0,below_policy_threshold,14.975,0.0208039283752441,2.195415174210355,3.0
AUC,0,aligned,2,31,MCCE,bounded+edit,MCCE_bounded+edit,0,below_policy_threshold,14.975,0.0208039283752441,2.195415174210355,3.0
AUC,0,aligned,2,37,NICE,native,NICE_native,0,below_policy_threshold;immutable_changed:Test_1;immutable_changed:Test_2,11.025,0.0052688121795654,0.85,1.0
AUC,0,aligned,2,37,NICE,bounded,NICE_bounded,0,below_policy_threshold;classifier_target_not_met,10.2,0.0052688121795654,0.85,1.0
AUC,0,aligned,2,37,NICE,bounded+edit,NICE_bounded+edit,1,OK,15.2,0.0052688121795654,1.85,2.0
AUC,0,aligned,2,37,MCCE,native,MCCE_native,1,OK,15.3,0.0198712348937988,2.1304688439190542,3.0
AUC,0,aligned,2,37,MCCE,bounded,MCCE_bounded,1,OK,15.3,0.0198712348937988,2.1304688439190542,3.0
AUC,0,aligned,2,37,MCCE,bounded+edit,MCCE_bounded+edit,1,OK,15.3,0.0198712348937988,2.1304688439190542,3.0
AUC,0,aligned,2,40,NICE,native,NICE_native,0,immutable_changed:Test_1;immutable_changed:Test_2,15.05,0.0066590309143066,1.65,2.0
AUC,0,aligned,2,40,NICE,bounded,NICE_bounded,0,below_policy_threshold;classifier_target_not_met,13.95,0.0066590309143066,1.65,2.0
AUC,0,aligned,2,40,NICE,bounded+edit,NICE_bounded+edit,0,below_policy_threshold;classifier_target_not_met,13.95,0.0066590309143066,1.65,2.0
AUC,0,aligned,2,40,MCCE,native,MCCE_native,0,below_policy_threshold,14.95,0.0192861557006835,2.052305339920019,3.0
AUC,0,aligned,2,40,MCCE,bounded,MCCE_bounded,0,below_policy_threshold,14.95,0.0192861557006835,2.052305339920019,3.0
AUC,0,aligned,2,40,MCCE,bounded+edit,MCCE_bounded+edit,0,below_policy_threshold,14.95,0.0192861557006835,2.052305339920019,3.0
AUC,0,aligned,2,45,NICE,native,NICE_native,0,immutable_changed:Test_1;immutable_changed:Test_2,15.05,0.0066468715667724,1.66,2.0
AUC,0,aligned,2,45,NICE,bounded,NICE_bounded,0,below_policy_threshold;classifier_target_not_met,14.575,0.0066468715667724,1.66,2.0
AUC,0,aligned,2,45,NICE,bounded+edit,NICE_bounded+edit,0,below_policy_threshold;classifier_target_not_met,14.575,0.0066468715667724,1.66,2.0
AUC,0,aligned,2,45,MCCE,native,MCCE_native,0,below_policy_threshold,14.975,0.0195627212524414,1.7965407350295557,3.0
AUC,0,aligned,2,45,MCCE,bounded,MCCE_bounded,0,below_policy_threshold,14.975,0.0195627212524414,1.7965407350295557,3.0
AUC,0,aligned,2,45,MCCE,bounded+edit,MCCE_bounded+edit,0,below_policy_threshold,14.975,0.0195627212524414,1.7965407350295557,3.0
AUC,0,aligned,2,49,NICE,native,NICE_native,0,below_policy_threshold;immutable_changed:Test_1;immutable_changed:Test_2,11.025,0.005415916442871,0.85,1.0
AUC,0,aligned,2,49,NICE,bounded,NICE_bounded,0,below_policy_threshold;classifier_target_not_met,10.5,0.005415916442871,0.85,1.0
AUC,0,aligned,2,49,NICE,bounded+edit,NICE_bounded+edit,1,OK,15.5,0.005415916442871,1.85,2.0
AUC,0,aligned,2,49,MCCE,native,MCCE_native,0,below_policy_threshold,14.85,0.0209491252899169,1.7577279396352965,3.0
AUC,0,aligned,2,49,MCCE,bounded,MCCE_bounded,0,below_policy_threshold,14.85,0.0209491252899169,1.7577279396352965,3.0
AUC,0,aligned,2,49,MCCE,bounded+edit,MCCE_bounded+edit,0,below_policy_threshold,14.85,0.0209491252899169,1.7577279396352965,3.0
AUC,0,aligned,2,50,NICE,native,NICE_native,0,below_policy_threshold;immutable_changed:Test_2,15.0,0.0052902698516845,1.66,2.0
AUC,0,aligned,2,50,NICE,bounded,NICE_bounded,0,below_policy_threshold;classifier_target_not_met,14.7,0.0052902698516845,1.66,2.0
AUC,0,aligned,2,50,NICE,bounded+edit,NICE_bounded+edit,0,below_policy_threshold;classifier_target_not_met,14.7,0.0052902698516845,1.66,2.0
AUC,0,aligned,2,50,MCCE,native,MCCE_native,1,OK,15.05,0.024566650390625,1.7722052228963334,3.0
AUC,0,aligned,2,50,MCCE,bounded,MCCE_bounded,1,OK,15.05,0.024566650390625,1.7722052228963334,3.0
AUC,0,aligned,2,50,MCCE,bounded+edit,MCCE_bounded+edit,1,OK,15.05,0.024566650390625,1.7722052228963334,3.0
AUC,0,aligned,2,52,NICE,native,NICE_native,0,immutable_changed:Test_1;immutable_changed:Test_2,15.05,0.0072898864746093,1.65,2.0
AUC,0,aligned,2,52,NICE,bounded,NICE_bounded,0,below_policy_threshold;classifier_target_not_met,14.25,0.0072898864746093,1.65,2.0
AUC,0,aligned,2,52,NICE,bounded+edit,NICE_bounded+edit,0,below_policy_threshold;classifier_target_not_met,14.25,0.0072898864746093,1.65,2.0
AUC,0,aligned,2,52,MCCE,native,MCCE_native,1,OK,15.35,0.0197627544403076,2.066035722064909,3.0
AUC,0,aligned,2,52,MCCE,bounded,MCCE_bounded,1,OK,15.35,0.0197627544403076,2.066035722064909,3.0
AUC,0,aligned,2,52,MCCE,bounded+edit,MCCE_bounded+edit,1,OK,15.35,0.0197627544403076,2.066035722064909,3.0
AUC,0,aligned,2,55,NICE,native,NICE_native,0,below_policy_threshold;immutable_changed:Test_2,11.125,0.0040795803070068,0.85,1.0
AUC,0,aligned,2,55,NICE,bounded,NICE_bounded,0,below_policy_threshold;classifier_target_not_met,6.625,0.0040795803070068,0.85,1.0
AUC,0,aligned,2,55,NICE,bounded+edit,NICE_bounded+edit,0,below_policy_threshold;classifier_target_not_met,6.625,0.0040795803070068,0.85,1.0
AUC,0,aligned,2,55,MCCE,native,MCCE_native,0,no_candidate,,0.0138740539550781,,
AUC,0,aligned,2,55,MCCE,bounded,MCCE_bounded,0,no_candidate,,0.0138740539550781,,
AUC,0,aligned,2,55,MCCE,bounded+edit,MCCE_bounded+edit,0,no_candidate,,0.0138740539550781,,
AUC,0,aligned,2,62,NICE,native,NICE_native,0,below_policy_threshold,14.9,0.0038695335388183,1.7199999999999998,2.0
AUC,0,aligned,2,62,NICE,bounded,NICE_bounded,0,below_policy_threshold,14.9,0.0038695335388183,1.7199999999999998,2.0
AUC,0,aligned,2,62,NICE,bounded+edit,NICE_bounded+edit,0,below_policy_threshold,14.9,0.0038695335388183,1.7199999999999998,2.0
AUC,0,aligned,2,62,MCCE,native,MCCE_native,1,OK,15.15,0.0199527740478515,2.0551323828920576,3.0
AUC,0,aligned,2,62,MCCE,bounded,MCCE_bounded,1,OK,15.15,0.0199527740478515,2.0551323828920576,3.0
AUC,0,aligned,2,62,MCCE,bounded+edit,MCCE_bounded+edit,1,OK,15.15,0.0199527740478515,2.0551323828920576,3.0
AUC,0,aligned,2,64,NICE,native,NICE_native,0,immutable_changed:Test_2,15.05,0.0054144859313964,1.81,2.0
AUC,0,aligned,2,64,NICE,bounded,NICE_bounded,0,below_policy_threshold;classifier_target_not_met,14.05,0.0054144859313964,1.81,2.0
AUC,0,aligned,2,64,NICE,bounded+edit,NICE_bounded+edit,0,below_policy_threshold;classifier_target_not_met,14.05,0.0054144859313964,1.81,2.0
AUC,0,aligned,2,64,MCCE,native,MCCE_native,0,no_candidate,,0.0135383605957031,,
AUC,0,aligned,2,64,MCCE,bounded,MCCE_bounded,0,no_candidate,,0.0135383605957031,,
AUC,0,aligned,2,64,MCCE,bounded+edit,MCCE_bounded+edit,0,no_candidate,,0.0135383605957031,,
AUC,0,aligned,2,75,NICE,native,NICE_native,0,below_policy_threshold;immutable_changed:Test_1;immutable_changed:Test_2,11.025,0.0052502155303955,0.85,1.0
AUC,0,aligned,2,75,NICE,bounded,NICE_bounded,0,below_policy_threshold;classifier_target_not_met,6.2,0.0052502155303955,0.85,1.0
AUC,0,aligned,2,75,NICE,bounded+edit,NICE_bounded+edit,0,below_policy_threshold;classifier_target_not_met,6.2,0.0052502155303955,0.85,1.0
AUC,0,aligned,2,75,MCCE,native,MCCE_native,0,no_candidate,,0.0129144191741943,,
AUC,0,aligned,2,75,MCCE,bounded,MCCE_bounded,0,no_candidate,,0.0129144191741943,,
AUC,0,aligned,2,75,MCCE,bounded+edit,MCCE_bounded+edit,0,no_candidate,,0.0129144191741943,,
AUC,0,aligned,2,77,NICE,native,NICE_native,0,below_policy_threshold;immutable_changed:Test_1;immutable_changed:Test_2,11.025,0.0052690505981445,0.85,1.0
AUC,0,aligned,2,77,NICE,bounded,NICE_bounded,0,below_policy_threshold;classifier_target_not_met,6.375,0.0052690505981445,0.85,1.0
AUC,0,aligned,2,77,NICE,bounded+edit,NICE_bounded+edit,0,below_policy_threshold;classifier_target_not_met,6.375,0.0052690505981445,0.85,1.0
AUC,0,aligned,2,77,MCCE,native,MCCE_native,0,no_candidate,,0.0133101940155029,,
AUC,0,aligned,2,77,MCCE,bounded,MCCE_bounded,0,no_candidate,,0.0133101940155029,,
AUC,0,aligned,2,77,MCCE,bounded+edit,MCCE_bounded+edit,0,no_candidate,,0.0133101940155029,,
AUC,0,aligned,2,79,NICE,native,NICE_native,0,below_policy_threshold;immutable_changed:Test_2,14.975,0.0054447650909423,1.73,2.0
AUC,0,aligned,2,79,NICE,bounded,NICE_bounded,0,below_policy_threshold;classifier_target_not_met,13.275,0.0054447650909423,1.73,2.0
AUC,0,aligned,2,79,NICE,bounded+edit,NICE_bounded+edit,0,below_policy_threshold;classifier_target_not_met,13.275,0.0054447650909423,1.73,2.0
AUC,0,aligned,2,79,MCCE,native,MCCE_native,0,no_candidate,,0.0137007236480712,,
AUC,0,aligned,2,79,MCCE,bounded,MCCE_bounded,0,no_candidate,,0.0137007236480712,,
AUC,0,aligned,2,79,MCCE,bounded+edit,MCCE_bounded+edit,0,no_candidate,,0.0137007236480712,,
AUC,0,aligned,2,101,NICE,native,NICE_native,0,immutable_changed:Test_1;immutable_changed:Test_2,15.15,0.0066783428192138,1.7400000000000002,2.0
AUC,0,aligned,2,101,NICE,bounded,NICE_bounded,0,below_policy_threshold;classifier_target_not_met,13.95,0.0066783428192138,1.7400000000000002,2.0
AUC,0,aligned,2,101,NICE,bounded+edit,NICE_bounded+edit,0,below_policy_threshold;classifier_target_not_met,13.95,0.0066783428192138,1.7400000000000002,2.0
AUC,0,aligned,2,101,MCCE,native,MCCE_native,0,no_candidate,,0.013648509979248,,
AUC,0,aligned,2,101,MCCE,bounded,MCCE_bounded,0,no_candidate,,0.013648509979248,,
AUC,0,aligned,2,101,MCCE,bounded+edit,MCCE_bounded+edit,0,no_candidate,,0.013648509979248,,
AUC,0,aligned,2,103,NICE,native,NICE_native,0,immutable_changed:Test_2,15.05,0.0053412914276123,1.81,2.0
AUC,0,aligned,2,103,NICE,bounded,NICE_bounded,0,below_policy_threshold;classifier_target_not_met,13.55,0.0053412914276123,1.81,2.0
AUC,0,aligned,2,103,NICE,bounded+edit,NICE_bounded+edit,0,below_policy_threshold;classifier_target_not_met,13.55,0.0053412914276123,1.81,2.0
AUC,0,aligned,2,103,MCCE,native,MCCE_native,0,no_candidate,,0.0136396884918212,,
AUC,0,aligned,2,103,MCCE,bounded,MCCE_bounded,0,no_candidate,,0.0136396884918212,,
AUC,0,aligned,2,103,MCCE,bounded+edit,MCCE_bounded+edit,0,no_candidate,,0.0136396884918212,,
AUC,0,aligned,2,122,NICE,native,NICE_native,0,below_policy_threshold;immutable_changed:Test_2,14.7,0.005441665649414,1.73,2.0
AUC,0,aligned,2,122,NICE,bounded,NICE_bounded,0,below_policy_threshold;classifier_target_not_met,10.1,0.005441665649414,1.73,2.0
AUC,0,aligned,2,122,NICE,bounded+edit,NICE_bounded+edit,0,below_policy_threshold;classifier_target_not_met,10.1,0.005441665649414,1.73,2.0
AUC,0,aligned,2,122,MCCE,native,MCCE_native,0,no_candidate,,0.0128262042999267,,
AUC,0,aligned,2,122,MCCE,bounded,MCCE_bounded,0,no_candidate,,0.0128262042999267,,
AUC,0,aligned,2,122,MCCE,bounded+edit,MCCE_bounded+edit,0,no_candidate,,0.0128262042999267,,
AUC,0,aligned,2,144,NICE,native,NICE_native,0,below_policy_threshold;immutable_changed:Test_2,11.0,0.0041146278381347,0.85,1.0
AUC,0,aligned,2,144,NICE,bounded,NICE_bounded,0,below_policy_threshold;classifier_target_not_met,10.2,0.0041146278381347,0.85,1.0
AUC,0,aligned,2,144,NICE,bounded+edit,NICE_bounded+edit,1,OK,15.2,0.0041146278381347,1.85,2.0
AUC,0,aligned,2,144,MCCE,native,MCCE_native,0,below_policy_threshold,15.0,0.0230171680450439,2.018910680025581,3.0
AUC,0,aligned,2,144,MCCE,bounded,MCCE_bounded,0,below_policy_threshold,15.0,0.0230171680450439,2.018910680025581,3.0
AUC,0,aligned,2,144,MCCE,bounded+edit,MCCE_bounded+edit,0,below_policy_threshold,15.0,0.0230171680450439,2.018910680025581,3.0
AUC,0,aligned,2,157,NICE,native,NICE_native,0,immutable_changed:Test_2,15.1,0.0052440166473388,1.67,2.0
AUC,0,aligned,2,157,NICE,bounded,NICE_bounded,0,below_policy_threshold;classifier_target_not_met,10.6,0.0052440166473388,1.67,2.0
AUC,0,aligned,2,157,NICE,bounded+edit,NICE_bounded+edit,0,below_policy_threshold;classifier_target_not_met,10.6,0.0052440166473388,1.67,2.0
AUC,0,aligned,2,157,MCCE,native,MCCE_native,0,no_candidate,,0.0157933235168457,,
AUC,0,aligned,2,157,MCCE,bounded,MCCE_bounded,0,no_candidate,,0.0157933235168457,,
AUC,0,aligned,2,157,MCCE,bounded+edit,MCCE_bounded+edit,0,no_candidate,,0.0157933235168457,,
AUC,0,aligned,2,165,NICE,native,NICE_native,0,immutable_changed:Test_2,15.1,0.0052478313446044,1.66,2.0
AUC,0,aligned,2,165,NICE,bounded,NICE_bounded,0,below_policy_threshold;classifier_target_not_met,14.85,0.0052478313446044,1.66,2.0
AUC,0,aligned,2,165,NICE,bounded+edit,NICE_bounded+edit,0,below_policy_threshold;classifier_target_not_met,14.85,0.0052478313446044,1.66,2.0
AUC,0,aligned,2,165,MCCE,native,MCCE_native,1,OK,15.3,0.0195977687835693,1.75,2.0
AUC,0,aligned,2,165,MCCE,bounded,MCCE_bounded,1,OK,15.3,0.0195977687835693,1.75,2.0
AUC,0,aligned,2,165,MCCE,bounded+edit,MCCE_bounded+edit,1,OK,15.3,0.0195977687835693,1.75,2.0
AUC,0,aligned,2,170,NICE,native,NICE_native,0,immutable_changed:Test_2,15.05,0.0053520202636718,1.66,2.0
AUC,0,aligned,2,170,NICE,bounded,NICE_bounded,0,below_policy_threshold;classifier_target_not_met,14.9,0.0053520202636718,1.66,2.0
AUC,0,aligned,2,170,NICE,bounded+edit,NICE_bounded+edit,0,below_policy_threshold;classifier_target_not_met,14.9,0.0053520202636718,1.66,2.0
AUC,0,aligned,2,170,MCCE,native,MCCE_native,0,out_of_bounds:sum_click,15.7,0.0198442935943603,1.994339417052574,3.0
AUC,0,aligned,2,170,MCCE,bounded,MCCE_bounded,1,OK,15.7,0.0198442935943603,2.00523563061836,3.0
AUC,0,aligned,2,170,MCCE,bounded+edit,MCCE_bounded+edit,1,OK,15.7,0.0198442935943603,2.00523563061836,3.0
AUC,0,aligned,2,187,NICE,native,NICE_native,0,below_policy_threshold;immutable_changed:Test_1;immutable_changed:Test_2,11.025,0.0051991939544677,0.85,1.0
AUC,0,aligned,2,187,NICE,bounded,NICE_bounded,0,below_policy_threshold;classifier_target_not_met,5.75,0.0051991939544677,0.85,1.0
AUC,0,aligned,2,187,NICE,bounded+edit,NICE_bounded+edit,0,below_policy_threshold;classifier_target_not_met,5.75,0.0051991939544677,0.85,1.0
AUC,0,aligned,2,187,MCCE,native,MCCE_native,0,no_candidate,,0.0128417015075683,,
AUC,0,aligned,2,187,MCCE,bounded,MCCE_bounded,0,no_candidate,,0.0128417015075683,,
AUC,0,aligned,2,187,MCCE,bounded+edit,MCCE_bounded+edit,0,no_candidate,,0.0128417015075683,,
AUC,0,aligned,2,200,NICE,native,NICE_native,0,below_policy_threshold;immutable_changed:Test_2,14.85,0.0053691864013671,1.7800000000000002,2.0
AUC,0,aligned,2,200,NICE,bounded,NICE_bounded,0,below_policy_threshold;classifier_target_not_met,14.1,0.0053691864013671,1.7800000000000002,2.0
AUC,0,aligned,2,200,NICE,bounded+edit,NICE_bounded+edit,0,below_policy_threshold;classifier_target_not_met,14.1,0.0053691864013671,1.7800000000000002,2.0
AUC,0,aligned,2,200,MCCE,native,MCCE_native,0,no_candidate,,0.0141088962554931,,
AUC,0,aligned,2,200,MCCE,bounded,MCCE_bounded,0,no_candidate,,0.0141088962554931,,
AUC,0,aligned,2,200,MCCE,bounded+edit,MCCE_bounded+edit,0,no_candidate,,0.0141088962554931,,
AUC,0,aligned,2,222,NICE,native,NICE_native,0,out_of_bounds:sum_click;immutable_changed:Test_1;immutable_changed:Test_2,15.05,0.0079636573791503,1.7521649233763077,3.0
AUC,0,aligned,2,222,NICE,bounded,NICE_bounded,0,below_policy_threshold;classifier_target_not_met,10.375,0.0079636573791503,1.65,2.0
AUC,0,aligned,2,222,NICE,bounded+edit,NICE_bounded+edit,0,below_policy_threshold;classifier_target_not_met,10.375,0.0079636573791503,1.65,2.0
AUC,0,aligned,2,222,MCCE,native,MCCE_native,0,no_candidate,,0.0168614387512207,,
AUC,0,aligned,2,222,MCCE,bounded,MCCE_bounded,0,no_candidate,,0.0168614387512207,,
AUC,0,aligned,2,222,MCCE,bounded+edit,MCCE_bounded+edit,0,no_candidate,,0.0168614387512207,,
AUC,0,aligned,2,230,NICE,native,NICE_native,0,immutable_changed:Test_1;immutable_changed:Test_2,15.05,0.0146830081939697,1.66,2.0
AUC,0,aligned,2,230,NICE,bounded,NICE_bounded,0,below_policy_threshold;classifier_target_not_met,14.3,0.0146830081939697,1.66,2.0
AUC,0,aligned,2,230,NICE,bounded+edit,NICE_bounded+edit,0,below_policy_threshold;classifier_target_not_met,14.3,0.0146830081939697,1.66,2.0
AUC,0,aligned,2,230,MCCE,native,MCCE_native,0,below_policy_threshold;out_of_bounds:sum_click,14.9,0.0223264694213867,1.8103859009419632,3.0
AUC,0,aligned,2,230,MCCE,bounded,MCCE_bounded,0,below_policy_threshold,14.75,0.0223264694213867,1.9505469462169556,3.0
AUC,0,aligned,2,230,MCCE,bounded+edit,MCCE_bounded+edit,0,below_policy_threshold,14.75,0.0223264694213867,1.9505469462169556,3.0
AUC,0,aligned,2,236,NICE,native,NICE_native,0,immutable_changed:Test_1;immutable_changed:Test_2,15.05,0.0278363227844238,1.66,2.0
AUC,0,aligned,2,236,NICE,bounded,NICE_bounded,0,below_policy_threshold;classifier_target_not_met,14.3,0.0278363227844238,1.66,2.0
AUC,0,aligned,2,236,NICE,bounded+edit,NICE_bounded+edit,0,below_policy_threshold;classifier_target_not_met,14.3,0.0278363227844238,1.66,2.0
AUC,0,aligned,2,236,MCCE,native,MCCE_native,0,below_policy_threshold,14.75,0.0208816528320312,1.8819696469811944,3.0
AUC,0,aligned,2,236,MCCE,bounded,MCCE_bounded,0,below_policy_threshold,14.75,0.0208816528320312,1.8819696469811944,3.0
AUC,0,aligned,2,236,MCCE,bounded+edit,MCCE_bounded+edit,0,below_policy_threshold,14.75,0.0208816528320312,1.8819696469811944,3.0
AUC,0,aligned,2,243,NICE,native,NICE_native,0,immutable_changed:Test_1;immutable_changed:Test_2,15.05,0.0067214965820312,1.66,2.0
AUC,0,aligned,2,243,NICE,bounded,NICE_bounded,0,below_policy_threshold;classifier_target_not_met,14.55,0.0067214965820312,1.66,2.0
AUC,0,aligned,2,243,NICE,bounded+edit,NICE_bounded+edit,0,below_policy_threshold;classifier_target_not_met,14.55,0.0067214965820312,1.66,2.0
AUC,0,aligned,2,243,MCCE,native,MCCE_native,0,below_policy_threshold;out_of_bounds:sum_click,14.9,0.0206336975097656,1.7410162489672267,3.0
AUC,0,aligned,2,243,MCCE,bounded,MCCE_bounded,0,below_policy_threshold,14.9,0.0206336975097656,1.74652437345084,3.0
AUC,0,aligned,2,243,MCCE,bounded+edit,MCCE_bounded+edit,0,below_policy_threshold,14.9,0.0206336975097656,1.74652437345084,3.0
AUC,0,aligned,2,245,NICE,native,NICE_native,1,OK,15.125,0.0040571689605712,1.7800000000000002,2.0
AUC,0,aligned,2,245,NICE,bounded,NICE_bounded,1,OK,15.125,0.0040571689605712,1.7800000000000002,2.0
AUC,0,aligned,2,245,NICE,bounded+edit,NICE_bounded+edit,1,OK,15.125,0.0040571689605712,1.7800000000000002,2.0
AUC,0,aligned,2,245,MCCE,native,MCCE_native,0,no_candidate,,0.0171306133270263,,
AUC,0,aligned,2,245,MCCE,bounded,MCCE_bounded,0,no_candidate,,0.0171306133270263,,
AUC,0,aligned,2,245,MCCE,bounded+edit,MCCE_bounded+edit,0,no_candidate,,0.0171306133270263,,
AUC,0,aligned,2,247,NICE,native,NICE_native,0,immutable_changed:Test_1;immutable_changed:Test_2,15.05,0.0067446231842041,1.66,2.0
AUC,0,aligned,2,247,NICE,bounded,NICE_bounded,0,below_policy_threshold;classifier_target_not_met,13.85,0.0067446231842041,1.66,2.0
AUC,0,aligned,2,247,NICE,bounded+edit,NICE_bounded+edit,0,below_policy_threshold;classifier_target_not_met,13.85,0.0067446231842041,1.66,2.0
AUC,0,aligned,2,247,MCCE,native,MCCE_native,0,below_policy_threshold,14.7,0.0206522941589355,1.9819295047098149,3.0
AUC,0,aligned,2,247,MCCE,bounded,MCCE_bounded,0,below_policy_threshold,14.7,0.0206522941589355,1.9819295047098149,3.0
AUC,0,aligned,2,247,MCCE,bounded+edit,MCCE_bounded+edit,0,below_policy_threshold,14.7,0.0206522941589355,1.9819295047098149,3.0
AUC,0,aligned,2,250,NICE,native,NICE_native,0,below_policy_threshold;immutable_changed:Test_1;immutable_changed:Test_2,11.025,0.0054912567138671,0.85,1.0
AUC,0,aligned,2,250,NICE,bounded,NICE_bounded,0,below_policy_threshold;classifier_target_not_met,5.625,0.0054912567138671,0.85,1.0
AUC,0,aligned,2,250,NICE,bounded+edit,NICE_bounded+edit,0,below_policy_threshold;classifier_target_not_met,5.625,0.0054912567138671,0.85,1.0
AUC,0,aligned,2,250,MCCE,native,MCCE_native,0,no_candidate,,0.0137140750885009,,
AUC,0,aligned,2,250,MCCE,bounded,MCCE_bounded,0,no_candidate,,0.0137140750885009,,
AUC,0,aligned,2,250,MCCE,bounded+edit,MCCE_bounded+edit,0,no_candidate,,0.0137140750885009,,
AUC,0,aligned,2,251,NICE,native,NICE_native,0,below_policy_threshold,14.85,0.0043220520019531,1.92,2.0
AUC,0,aligned,2,251,NICE,bounded,NICE_bounded,0,below_policy_threshold,14.85,0.0043220520019531,1.92,2.0
AUC,0,aligned,2,251,NICE,bounded+edit,NICE_bounded+edit,0,below_policy_threshold,14.85,0.0043220520019531,1.92,2.0
AUC,0,aligned,2,251,MCCE,native,MCCE_native,0,no_candidate,,0.0137073993682861,,
AUC,0,aligned,2,251,MCCE,bounded,MCCE_bounded,0,no_candidate,,0.0137073993682861,,
AUC,0,aligned,2,251,MCCE,bounded+edit,MCCE_bounded+edit,0,no_candidate,,0.0137073993682861,,
AUC,0,aligned,2,272,NICE,native,NICE_native,0,below_policy_threshold;immutable_changed:Test_1;immutable_changed:Test_2,11.025,0.0053732395172119,0.85,1.0
AUC,0,aligned,2,272,NICE,bounded,NICE_bounded,0,below_policy_threshold;classifier_target_not_met,6.4,0.0053732395172119,0.85,1.0
AUC,0,aligned,2,272,NICE,bounded+edit,NICE_bounded+edit,0,below_policy_threshold;classifier_target_not_met,6.4,0.0053732395172119,0.85,1.0
AUC,0,aligned,2,272,MCCE,native,MCCE_native,0,no_candidate,,0.0129661560058593,,
AUC,0,aligned,2,272,MCCE,bounded,MCCE_bounded,0,no_candidate,,0.0129661560058593,,
AUC,0,aligned,2,272,MCCE,bounded+edit,MCCE_bounded+edit,0,no_candidate,,0.0129661560058593,,
AUC,0,aligned,2,283,NICE,native,NICE_native,0,below_policy_threshold;immutable_changed:Test_2,14.75,0.0051703453063964,1.73,2.0
AUC,0,aligned,2,283,NICE,bounded,NICE_bounded,0,below_policy_threshold;classifier_target_not_met,13.65,0.0051703453063964,1.73,2.0
AUC,0,aligned,2,283,NICE,bounded+edit,NICE_bounded+edit,0,below_policy_threshold;classifier_target_not_met,13.65,0.0051703453063964,1.73,2.0
AUC,0,aligned,2,283,MCCE,native,MCCE_native,0,no_candidate,,0.0137674808502197,,
AUC,0,aligned,2,283,MCCE,bounded,MCCE_bounded,0,no_candidate,,0.0137674808502197,,
AUC,0,aligned,2,283,MCCE,bounded+edit,MCCE_bounded+edit,0,no_candidate,,0.0137674808502197,,
AUC,0,aligned,2,285,NICE,native,NICE_native,0,below_policy_threshold;immutable_changed:Test_2,14.5,0.00527024269104,1.73,2.0
AUC,0,aligned,2,285,NICE,bounded,NICE_bounded,0,below_policy_threshold;classifier_target_not_met,12.4,0.00527024269104,1.73,2.0
AUC,0,aligned,2,285,NICE,bounded+edit,NICE_bounded+edit,0,below_policy_threshold;classifier_target_not_met,12.4,0.00527024269104,1.73,2.0
AUC,0,aligned,2,285,MCCE,native,MCCE_native,0,no_candidate,,0.0137867927551269,,
AUC,0,aligned,2,285,MCCE,bounded,MCCE_bounded,0,no_candidate,,0.0137867927551269,,
AUC,0,aligned,2,285,MCCE,bounded+edit,MCCE_bounded+edit,0,no_candidate,,0.0137867927551269,,
AUC,0,aligned,2,293,NICE,native,NICE_native,0,immutable_changed:Test_2,15.05,0.0055439472198486,1.65,2.0
AUC,0,aligned,2,293,NICE,bounded,NICE_bounded,0,below_policy_threshold;classifier_target_not_met,14.9,0.0055439472198486,1.65,2.0
AUC,0,aligned,2,293,NICE,bounded+edit,NICE_bounded+edit,0,below_policy_threshold;classifier_target_not_met,14.9,0.0055439472198486,1.65,2.0
AUC,0,aligned,2,293,MCCE,native,MCCE_native,1,OK,15.4,0.0207810401916503,1.75,2.0
AUC,0,aligned,2,293,MCCE,bounded,MCCE_bounded,1,OK,15.4,0.0207810401916503,1.75,2.0
AUC,0,aligned,2,293,MCCE,bounded+edit,MCCE_bounded+edit,1,OK,15.4,0.0207810401916503,1.75,2.0
AUC,0,aligned,2,299,NICE,native,NICE_native,0,immutable_changed:Test_1;immutable_changed:Test_2,15.05,0.0067365169525146,1.65,2.0
AUC,0,aligned,2,299,NICE,bounded,NICE_bounded,0,below_policy_threshold;classifier_target_not_met,14.7,0.0067365169525146,1.65,2.0
AUC,0,aligned,2,299,NICE,bounded+edit,NICE_bounded+edit,0,below_policy_threshold;classifier_target_not_met,14.7,0.0067365169525146,1.65,2.0
AUC,0,aligned,2,299,MCCE,native,MCCE_native,0,below_policy_threshold;out_of_bounds:sum_click,14.9,0.0200254917144775,1.6990682384946725,3.0
AUC,0,aligned,2,299,MCCE,bounded,MCCE_bounded,0,below_policy_threshold,14.9,0.0200254917144775,1.85776241215144,3.0
AUC,0,aligned,2,299,MCCE,bounded+edit,MCCE_bounded+edit,0,below_policy_threshold,14.9,0.0200254917144775,1.85776241215144,3.0
AUC,0,aligned,2,303,NICE,native,NICE_native,0,immutable_changed:Test_1;immutable_changed:Test_2,15.05,0.0066094398498535,1.65,2.0
AUC,0,aligned,2,303,NICE,bounded,NICE_bounded,0,below_policy_threshold;classifier_target_not_met,14.125,0.0066094398498535,1.65,2.0
AUC,0,aligned,2,303,NICE,bounded+edit,NICE_bounded+edit,0,below_policy_threshold;classifier_target_not_met,14.125,0.0066094398498535,1.65,2.0
AUC,0,aligned,2,303,MCCE,native,MCCE_native,0,below_policy_threshold,14.875,0.0207221508026123,2.0060407398735656,3.0
AUC,0,aligned,2,303,MCCE,bounded,MCCE_bounded,0,below_policy_threshold,14.875,0.0207221508026123,2.0060407398735656,3.0
AUC,0,aligned,2,303,MCCE,bounded+edit,MCCE_bounded+edit,0,below_policy_threshold,14.875,0.0207221508026123,2.0060407398735656,3.0
AUC,0,aligned,2,306,NICE,native,NICE_native,0,below_policy_threshold;immutable_changed:Test_2,11.05,0.0042150020599365,0.85,1.0
AUC,0,aligned,2,306,NICE,bounded,NICE_bounded,0,below_policy_threshold;classifier_target_not_met,10.55,0.0042150020599365,0.85,1.0
AUC,0,aligned,2,306,NICE,bounded+edit,NICE_bounded+edit,1,OK,15.55,0.0042150020599365,1.85,2.0
AUC,0,aligned,2,306,MCCE,native,MCCE_native,1,OK,15.15,0.0196559429168701,1.9481340458695169,3.0
AUC,0,aligned,2,306,MCCE,bounded,MCCE_bounded,1,OK,15.15,0.0196559429168701,1.9481340458695169,3.0
AUC,0,aligned,2,306,MCCE,bounded+edit,MCCE_bounded+edit,1,OK,15.15,0.0196559429168701,1.9481340458695169,3.0
AUC,0,aligned,2,310,NICE,native,NICE_native,0,immutable_changed:Test_2,15.05,0.0052878856658935,1.66,2.0
AUC,0,aligned,2,310,NICE,bounded,NICE_bounded,0,below_policy_threshold;classifier_target_not_met,14.7,0.0052878856658935,1.66,2.0
AUC,0,aligned,2,310,NICE,bounded+edit,NICE_bounded+edit,0,below_policy_threshold;classifier_target_not_met,14.7,0.0052878856658935,1.66,2.0
AUC,0,aligned,2,310,MCCE,native,MCCE_native,0,below_policy_threshold,14.9,0.0202856063842773,1.727294438758103,3.0
AUC,0,aligned,2,310,MCCE,bounded,MCCE_bounded,0,below_policy_threshold,14.9,0.0202856063842773,1.727294438758103,3.0
AUC,0,aligned,2,310,MCCE,bounded+edit,MCCE_bounded+edit,0,below_policy_threshold,14.9,0.0202856063842773,1.727294438758103,3.0
AUC,0,aligned,2,318,NICE,native,NICE_native,0,immutable_changed:Test_2,15.3,0.0055136680603027,1.67,2.0
AUC,0,aligned,2,318,NICE,bounded,NICE_bounded,0,below_policy_threshold;classifier_target_not_met,14.5,0.0055136680603027,1.67,2.0
AUC,0,aligned,2,318,NICE,bounded+edit,NICE_bounded+edit,0,below_policy_threshold;classifier_target_not_met,14.5,0.0055136680603027,1.67,2.0
AUC,0,aligned,2,318,MCCE,native,MCCE_native,0,out_of_bounds:sum_click,15.15,0.0175187587738037,2.0510460251046028,3.0
AUC,0,aligned,2,318,MCCE,bounded,MCCE_bounded,0,no_candidate,,0.0175187587738037,,
AUC,0,aligned,2,318,MCCE,bounded+edit,MCCE_bounded+edit,0,no_candidate,,0.0175187587738037,,
AUC,0,aligned,2,327,NICE,native,NICE_native,0,below_policy_threshold;immutable_changed:Test_2,11.275,0.0040235519409179,0.93,1.0
AUC,0,aligned,2,327,NICE,bounded,NICE_bounded,0,below_policy_threshold;classifier_target_not_met,11.025,0.0040235519409179,0.93,1.0
AUC,0,aligned,2,327,NICE,bounded+edit,NICE_bounded+edit,1,OK,15.469444444444443,0.0040235519409179,1.818888888888889,2.0
AUC,0,aligned,2,327,MCCE,native,MCCE_native,0,below_policy_threshold;out_of_bounds:sum_click,14.975,0.0172092914581298,2.4883863885839745,3.0
AUC,0,aligned,2,327,MCCE,bounded,MCCE_bounded,0,no_candidate,,0.0172092914581298,,
AUC,0,aligned,2,327,MCCE,bounded+edit,MCCE_bounded+edit,0,no_candidate,,0.0172092914581298,,
AUC,0,aligned,2,339,NICE,native,NICE_native,0,below_policy_threshold;immutable_changed:Test_1;immutable_changed:Test_2,11.025,0.0052752494812011,0.85,1.0
AUC,0,aligned,2,339,NICE,bounded,NICE_bounded,0,below_policy_threshold;classifier_target_not_met,10.125,0.0052752494812011,0.85,1.0
AUC,0,aligned,2,339,NICE,bounded+edit,NICE_bounded+edit,0,classifier_target_not_met,15.125,0.0052752494812011,1.85,2.0
AUC,0,aligned,2,339,MCCE,native,MCCE_native,0,below_policy_threshold,14.875,0.0199983119964599,2.180186437579967,3.0
AUC,0,aligned,2,339,MCCE,bounded,MCCE_bounded,0,below_policy_threshold,14.875,0.0199983119964599,2.180186437579967,3.0
AUC,0,aligned,2,339,MCCE,bounded+edit,MCCE_bounded+edit,0,below_policy_threshold,14.875,0.0199983119964599,2.180186437579967,3.0
AUC,0,aligned,2,344,NICE,native,NICE_native,0,below_policy_threshold;immutable_changed:Test_2,11.35,0.0041525363922119,0.93,1.0
AUC,0,aligned,2,344,NICE,bounded,NICE_bounded,0,below_policy_threshold;classifier_target_not_met,10.85,0.0041525363922119,0.93,1.0
AUC,0,aligned,2,344,NICE,bounded+edit,NICE_bounded+edit,1,OK,15.294444444444446,0.0041525363922119,1.818888888888889,2.0
AUC,0,aligned,2,344,MCCE,native,MCCE_native,0,out_of_bounds:sum_click,15.2,0.0170197486877441,3.196702230843842,3.0
AUC,0,aligned,2,344,MCCE,bounded,MCCE_bounded,0,no_candidate,,0.0170197486877441,,
AUC,0,aligned,2,344,MCCE,bounded+edit,MCCE_bounded+edit,0,no_candidate,,0.0170197486877441,,
AUC,0,aligned,2,360,NICE,native,NICE_native,0,immutable_changed:Test_2,15.025,0.0055527687072753,1.65,2.0
AUC,0,aligned,2,360,NICE,bounded,NICE_bounded,0,below_policy_threshold;classifier_target_not_met,10.475,0.0055527687072753,1.65,2.0
AUC,0,aligned,2,360,NICE,bounded+edit,NICE_bounded+edit,0,below_policy_threshold;classifier_target_not_met,10.475,0.0055527687072753,1.65,2.0
AUC,0,aligned,2,360,MCCE,native,MCCE_native,0,no_candidate,,0.0132665634155273,,
AUC,0,aligned,2,360,MCCE,bounded,MCCE_bounded,0,no_candidate,,0.0132665634155273,,
AUC,0,aligned,2,360,MCCE,bounded+edit,MCCE_bounded+edit,0,no_candidate,,0.0132665634155273,,
AUC,0,aligned,2,400,NICE,native,NICE_native,0,immutable_changed:Test_1;immutable_changed:Test_2,15.05,0.0066046714782714,1.65,2.0
AUC,0,aligned,2,400,NICE,bounded,NICE_bounded,0,below_policy_threshold;classifier_target_not_met,14.775,0.0066046714782714,1.65,2.0
AUC,0,aligned,2,400,NICE,bounded+edit,NICE_bounded+edit,0,below_policy_threshold;classifier_target_not_met,14.775,0.0066046714782714,1.65,2.0
AUC,0,aligned,2,400,MCCE,native,MCCE_native,0,below_policy_threshold;out_of_bounds:sum_click,14.975,0.0194220542907714,1.751796512911057,3.0
AUC,0,aligned,2,400,MCCE,bounded,MCCE_bounded,0,below_policy_threshold,14.975,0.0194220542907714,1.7738666960935776,3.0
AUC,0,aligned,2,400,MCCE,bounded+edit,MCCE_bounded+edit,0,below_policy_threshold,14.975,0.0194220542907714,1.7738666960935776,3.0
AUC,0,aligned,2,401,NICE,native,NICE_native,0,below_policy_threshold;immutable_changed:Test_1;immutable_changed:Test_2,11.025,0.005406379699707,0.85,1.0
AUC,0,aligned,2,401,NICE,bounded,NICE_bounded,0,below_policy_threshold;classifier_target_not_met,6.75,0.005406379699707,0.85,1.0
AUC,0,aligned,2,401,NICE,bounded+edit,NICE_bounded+edit,0,below_policy_threshold;classifier_target_not_met,6.75,0.005406379699707,0.85,1.0
AUC,0,aligned,2,401,MCCE,native,MCCE_native,0,no_candidate,,0.0141746997833251,,
AUC,0,aligned,2,401,MCCE,bounded,MCCE_bounded,0,no_candidate,,0.0141746997833251,,
AUC,0,aligned,2,401,MCCE,bounded+edit,MCCE_bounded+edit,0,no_candidate,,0.0141746997833251,,
AUC,0,aligned,2,402,NICE,native,NICE_native,0,immutable_changed:Test_2,15.25,0.005317211151123,1.67,2.0
AUC,0,aligned,2,402,NICE,bounded,NICE_bounded,0,below_policy_threshold;classifier_target_not_met,14.5,0.005317211151123,1.67,2.0
AUC,0,aligned,2,402,NICE,bounded+edit,NICE_bounded+edit,0,below_policy_threshold;classifier_target_not_met,14.5,0.005317211151123,1.67,2.0
AUC,0,aligned,2,402,MCCE,native,MCCE_native,0,below_policy_threshold;out_of_bounds:sum_click,14.8,0.0172410011291503,3.4454389505549967,3.0
AUC,0,aligned,2,402,MCCE,bounded,MCCE_bounded,0,no_candidate,,0.0172410011291503,,
AUC,0,aligned,2,402,MCCE,bounded+edit,MCCE_bounded+edit,0,no_candidate,,0.0172410011291503,,
AUC,0,aligned,2,414,NICE,native,NICE_native,0,below_policy_threshold;immutable_changed:Test_1;immutable_changed:Test_2,11.025,0.005300760269165,0.85,1.0
AUC,0,aligned,2,414,NICE,bounded,NICE_bounded,0,below_policy_threshold;classifier_target_not_met,10.25,0.005300760269165,0.85,1.0
AUC,0,aligned,2,414,NICE,bounded+edit,NICE_bounded+edit,1,OK,15.25,0.005300760269165,1.85,2.0
AUC,0,aligned,2,414,MCCE,native,MCCE_native,0,below_policy_threshold,14.9,0.0207643508911132,2.072214568983511,3.0
AUC,0,aligned,2,414,MCCE,bounded,MCCE_bounded,0,below_policy_threshold,14.9,0.0207643508911132,2.072214568983511,3.0
AUC,0,aligned,2,414,MCCE,bounded+edit,MCCE_bounded+edit,0,below_policy_threshold,14.9,0.0207643508911132,2.072214568983511,3.0
AUC,0,aligned,2,416,NICE,native,NICE_native,0,below_policy_threshold;immutable_changed:Test_2,11.175,0.0041706562042236,0.82,1.0
AUC,0,aligned,2,416,NICE,bounded,NICE_bounded,0,below_policy_threshold;classifier_target_not_met,9.475,0.0041706562042236,0.82,1.0
AUC,0,aligned,2,416,NICE,bounded+edit,NICE_bounded+edit,0,below_policy_threshold;classifier_target_not_met,9.475,0.0041706562042236,0.82,1.0
AUC,0,aligned,2,416,MCCE,native,MCCE_native,0,no_candidate,,0.0143334865570068,,
AUC,0,aligned,2,416,MCCE,bounded,MCCE_bounded,0,no_candidate,,0.0143334865570068,,
AUC,0,aligned,2,416,MCCE,bounded+edit,MCCE_bounded+edit,0,no_candidate,,0.0143334865570068,,
AUC,0,aligned,2,420,NICE,native,NICE_native,1,OK,15.225,0.0043299198150634,1.88,2.0
AUC,0,aligned,2,420,NICE,bounded,NICE_bounded,1,OK,15.225,0.0043299198150634,1.88,2.0
AUC,0,aligned,2,420,NICE,bounded+edit,NICE_bounded+edit,1,OK,15.225,0.0043299198150634,1.88,2.0
AUC,0,aligned,2,420,MCCE,native,MCCE_native,0,below_policy_threshold;out_of_bounds:sum_click,14.825,0.0183832645416259,2.206091370558376,3.0
AUC,0,aligned,2,420,MCCE,bounded,MCCE_bounded,0,no_candidate,,0.0183832645416259,,
AUC,0,aligned,2,420,MCCE,bounded+edit,MCCE_bounded+edit,0,no_candidate,,0.0183832645416259,,
AUC,0,aligned,2,451,NICE,native,NICE_native,0,immutable_changed:Test_2,15.55,0.0054681301116943,1.7000000000000002,2.0
AUC,0,aligned,2,451,NICE,bounded,NICE_bounded,0,below_policy_threshold;classifier_target_not_met,14.725,0.0054681301116943,1.7000000000000002,2.0
AUC,0,aligned,2,451,NICE,bounded+edit,NICE_bounded+edit,0,below_policy_threshold;classifier_target_not_met,14.725,0.0054681301116943,1.7000000000000002,2.0
AUC,0,aligned,2,451,MCCE,native,MCCE_native,0,no_candidate,,0.0121545791625976,,
AUC,0,aligned,2,451,MCCE,bounded,MCCE_bounded,0,no_candidate,,0.0121545791625976,,
AUC,0,aligned,2,451,MCCE,bounded+edit,MCCE_bounded+edit,0,no_candidate,,0.0121545791625976,,
AUC,0,aligned,2,460,NICE,native,NICE_native,0,immutable_changed:Test_1;immutable_changed:Test_2,15.05,0.0068514347076416,1.66,2.0
AUC,0,aligned,2,460,NICE,bounded,NICE_bounded,0,below_policy_threshold;classifier_target_not_met,14.575,0.0068514347076416,1.66,2.0
AUC,0,aligned,2,460,NICE,bounded+edit,NICE_bounded+edit,0,below_policy_threshold;classifier_target_not_met,14.575,0.0068514347076416,1.66,2.0
AUC,0,aligned,2,460,MCCE,native,MCCE_native,0,below_policy_threshold;out_of_bounds:sum_click,14.925,0.0203192234039306,1.7417267663441809,3.0
AUC,0,aligned,2,460,MCCE,bounded,MCCE_bounded,1,OK,15.175,0.0203192234039306,2.3077044854881272,3.0
AUC,0,aligned,2,460,MCCE,bounded+edit,MCCE_bounded+edit,1,OK,15.175,0.0203192234039306,2.3077044854881272,3.0
AUC,0,aligned,2,474,NICE,native,NICE_native,0,below_policy_threshold,11.5,0.0042483806610107,1.8,2.0
AUC,0,aligned,2,474,NICE,bounded,NICE_bounded,0,below_policy_threshold,11.5,0.0042483806610107,1.8,2.0
AUC,0,aligned,2,474,NICE,bounded+edit,NICE_bounded+edit,0,below_policy_threshold,11.5,0.0042483806610107,1.8,2.0
AUC,0,aligned,2,474,MCCE,native,MCCE_native,0,no_candidate,,0.0135526657104492,,
AUC,0,aligned,2,474,MCCE,bounded,MCCE_bounded,0,no_candidate,,0.0135526657104492,,
AUC,0,aligned,2,474,MCCE,bounded+edit,MCCE_bounded+edit,0,no_candidate,,0.0135526657104492,,
AUC,0,aligned,2,475,NICE,native,NICE_native,0,immutable_changed:Test_2,15.05,0.0055885314941406,1.67,2.0
AUC,0,aligned,2,475,NICE,bounded,NICE_bounded,0,below_policy_threshold;classifier_target_not_met,14.95,0.0055885314941406,1.67,2.0
AUC,0,aligned,2,475,NICE,bounded+edit,NICE_bounded+edit,0,below_policy_threshold;classifier_target_not_met,14.95,0.0055885314941406,1.67,2.0
AUC,0,aligned,2,475,MCCE,native,MCCE_native,0,out_of_bounds:sum_click,15.05,0.017838716506958,1.8908608321377327,3.0
AUC,0,aligned,2,475,MCCE,bounded,MCCE_bounded,0,no_candidate,,0.017838716506958,,
AUC,0,aligned,2,475,MCCE,bounded+edit,MCCE_bounded+edit,0,no_candidate,,0.017838716506958,,
AUC,0,aligned,2,482,NICE,native,NICE_native,0,below_policy_threshold;immutable_changed:Test_1;immutable_changed:Test_2,11.025,0.0055229663848876,0.85,1.0
AUC,0,aligned,2,482,NICE,bounded,NICE_bounded,0,below_policy_threshold;classifier_target_not_met,5.75,0.0055229663848876,0.85,1.0
AUC,0,aligned,2,482,NICE,bounded+edit,NICE_bounded+edit,0,below_policy_threshold;classifier_target_not_met,5.75,0.0055229663848876,0.85,1.0
AUC,0,aligned,2,482,MCCE,native,MCCE_native,0,no_candidate,,0.0135056972503662,,
AUC,0,aligned,2,482,MCCE,bounded,MCCE_bounded,0,no_candidate,,0.0135056972503662,,
AUC,0,aligned,2,482,MCCE,bounded+edit,MCCE_bounded+edit,0,no_candidate,,0.0135056972503662,,
AUC,0,aligned,2,489,NICE,native,NICE_native,0,immutable_changed:Test_2,15.15,0.005751609802246,1.7800000000000002,2.0
AUC,0,aligned,2,489,NICE,bounded,NICE_bounded,0,below_policy_threshold;classifier_target_not_met,14.65,0.005751609802246,1.7800000000000002,2.0
AUC,0,aligned,2,489,NICE,bounded+edit,NICE_bounded+edit,0,below_policy_threshold;classifier_target_not_met,14.65,0.005751609802246,1.7800000000000002,2.0
AUC,0,aligned,2,489,MCCE,native,MCCE_native,0,below_policy_threshold,14.8,0.0200932025909423,2.13493907392364,3.0
AUC,0,aligned,2,489,MCCE,bounded,MCCE_bounded,0,below_policy_threshold,14.8,0.0200932025909423,2.13493907392364,3.0
AUC,0,aligned,2,489,MCCE,bounded+edit,MCCE_bounded+edit,0,below_policy_threshold,14.8,0.0200932025909423,2.13493907392364,3.0
AUC,0,aligned,2,500,NICE,native,NICE_native,0,immutable_changed:Test_1;immutable_changed:Test_2,15.05,0.0066561698913574,1.66,2.0
AUC,0,aligned,2,500,NICE,bounded,NICE_bounded,0,below_policy_threshold;classifier_target_not_met,14.05,0.0066561698913574,1.66,2.0
AUC,0,aligned,2,500,NICE,bounded+edit,NICE_bounded+edit,0,below_policy_threshold;classifier_target_not_met,14.05,0.0066561698913574,1.66,2.0
AUC,0,aligned,2,500,MCCE,native,MCCE_native,0,below_policy_threshold;out_of_bounds:sum_click,14.8,0.0203258991241455,1.90705596894209,3.0
AUC,0,aligned,2,500,MCCE,bounded,MCCE_bounded,0,below_policy_threshold,14.8,0.0203258991241455,1.9588191523778715,3.0
AUC,0,aligned,2,500,MCCE,bounded+edit,MCCE_bounded+edit,0,below_policy_threshold,14.8,0.0203258991241455,1.9588191523778715,3.0
AUC,0,aligned,2,514,NICE,native,NICE_native,0,immutable_changed:Test_2,15.275,0.0053160190582275,1.7800000000000002,2.0
AUC,0,aligned,2,514,NICE,bounded,NICE_bounded,0,below_policy_threshold;classifier_target_not_met,14.875,0.0053160190582275,1.7800000000000002,2.0
AUC,0,aligned,2,514,NICE,bounded+edit,NICE_bounded+edit,0,below_policy_threshold;classifier_target_not_met,14.875,0.0053160190582275,1.7800000000000002,2.0
AUC,0,aligned,2,514,MCCE,native,MCCE_native,0,below_policy_threshold;out_of_bounds:sum_click,14.975,0.0200362205505371,1.989237137788291,3.0
AUC,0,aligned,2,514,MCCE,bounded,MCCE_bounded,0,below_policy_threshold,14.975,0.0200362205505371,2.308574807806032,3.0
AUC,0,aligned,2,514,MCCE,bounded+edit,MCCE_bounded+edit,0,below_policy_threshold,14.975,0.0200362205505371,2.308574807806032,3.0
AUC,0,aligned,2,523,NICE,native,NICE_native,0,below_policy_threshold;immutable_changed:Test_1;immutable_changed:Test_2,11.025,0.0053703784942626,0.85,1.0
AUC,0,aligned,2,523,NICE,bounded,NICE_bounded,0,below_policy_threshold;classifier_target_not_met,9.0,0.0053703784942626,0.85,1.0
AUC,0,aligned,2,523,NICE,bounded+edit,NICE_bounded+edit,0,below_policy_threshold;classifier_target_not_met,9.0,0.0053703784942626,0.85,1.0
AUC,0,aligned,2,523,MCCE,native,MCCE_native,0,no_candidate,,0.0140771865844726,,
AUC,0,aligned,2,523,MCCE,bounded,MCCE_bounded,0,no_candidate,,0.0140771865844726,,
AUC,0,aligned,2,523,MCCE,bounded+edit,MCCE_bounded+edit,0,no_candidate,,0.0140771865844726,,
AUC,0,aligned,2,527,NICE,native,NICE_native,0,immutable_changed:Test_2,15.125,0.0053784847259521,1.67,2.0
AUC,0,aligned,2,527,NICE,bounded,NICE_bounded,0,below_policy_threshold;classifier_target_not_met,14.775000000000002,0.0053784847259521,1.67,2.0
AUC,0,aligned,2,527,NICE,bounded+edit,NICE_bounded+edit,0,below_policy_threshold;classifier_target_not_met,14.775000000000002,0.0053784847259521,1.67,2.0
AUC,0,aligned,2,527,MCCE,native,MCCE_native,0,below_policy_threshold;out_of_bounds:sum_click,14.925,0.0200603008270263,1.7245248313917845,3.0
AUC,0,aligned,2,527,MCCE,bounded,MCCE_bounded,0,below_policy_threshold,14.925,0.0200603008270263,2.092397302268547,3.0
AUC,0,aligned,2,527,MCCE,bounded+edit,MCCE_bounded+edit,0,below_policy_threshold,14.925,0.0200603008270263,2.092397302268547,3.0
AUC,0,aligned,2,530,NICE,native,NICE_native,0,below_policy_threshold;immutable_changed:Test_2,11.3,0.0041625499725341,0.93,1.0
AUC,0,aligned,2,530,NICE,bounded,NICE_bounded,0,below_policy_threshold;classifier_target_not_met,10.85,0.0041625499725341,0.93,1.0
AUC,0,aligned,2,530,NICE,bounded+edit,NICE_bounded+edit,1,OK,15.294444444444444,0.0041625499725341,1.818888888888889,2.0
AUC,0,aligned,2,530,MCCE,native,MCCE_native,0,out_of_bounds:sum_click,15.2,0.0173854827880859,4.090279627163785,3.0
AUC,0,aligned,2,530,MCCE,bounded,MCCE_bounded,0,no_candidate,,0.0173854827880859,,
AUC,0,aligned,2,530,MCCE,bounded+edit,MCCE_bounded+edit,0,no_candidate,,0.0173854827880859,,
AUC,0,aligned,2,531,NICE,native,NICE_native,0,immutable_changed:Test_1;immutable_changed:Test_2,15.05,0.0069925785064697,1.66,2.0
AUC,0,aligned,2,531,NICE,bounded,NICE_bounded,0,below_policy_threshold;classifier_target_not_met,14.2,0.0069925785064697,1.66,2.0
AUC,0,aligned,2,531,NICE,bounded+edit,NICE_bounded+edit,0,below_policy_threshold;classifier_target_not_met,14.2,0.0069925785064697,1.66,2.0
AUC,0,aligned,2,531,MCCE,native,MCCE_native,0,below_policy_threshold,14.9,0.020655870437622,1.9329583226796212,3.0
AUC,0,aligned,2,531,MCCE,bounded,MCCE_bounded,0,below_policy_threshold,14.9,0.020655870437622,1.9329583226796212,3.0
AUC,0,aligned,2,531,MCCE,bounded+edit,MCCE_bounded+edit,0,below_policy_threshold,14.9,0.020655870437622,1.9329583226796212,3.0
AUC,0,aligned,2,542,NICE,native,NICE_native,1,OK,15.1,0.0040767192840576,1.7800000000000002,2.0
AUC,0,aligned,2,542,NICE,bounded,NICE_bounded,1,OK,15.1,0.0040767192840576,1.7800000000000002,2.0
AUC,0,aligned,2,542,NICE,bounded+edit,NICE_bounded+edit,1,OK,15.1,0.0040767192840576,1.7800000000000002,2.0
AUC,0,aligned,2,542,MCCE,native,MCCE_native,1,OK,15.1,0.020400047302246,1.827309284447073,3.0
AUC,0,aligned,2,542,MCCE,bounded,MCCE_bounded,1,OK,15.1,0.020400047302246,1.827309284447073,3.0
AUC,0,aligned,2,542,MCCE,bounded+edit,MCCE_bounded+edit,1,OK,15.1,0.020400047302246,1.827309284447073,3.0
AUC,0,aligned,2,546,NICE,native,NICE_native,0,immutable_changed:Test_2,15.05,0.0058557987213134,1.73,2.0
AUC,0,aligned,2,546,NICE,bounded,NICE_bounded,0,below_policy_threshold;classifier_target_not_met,14.75,0.0058557987213134,1.73,2.0
AUC,0,aligned,2,546,NICE,bounded+edit,NICE_bounded+edit,0,below_policy_threshold;classifier_target_not_met,14.75,0.0058557987213134,1.73,2.0
AUC,0,aligned,2,546,MCCE,native,MCCE_native,0,below_policy_threshold,14.9,0.0217671394348144,1.8017645523362047,3.0
AUC,0,aligned,2,546,MCCE,bounded,MCCE_bounded,0,below_policy_threshold,14.9,0.0217671394348144,1.8017645523362047,3.0
AUC,0,aligned,2,546,MCCE,bounded+edit,MCCE_bounded+edit,0,below_policy_threshold,14.9,0.0217671394348144,1.8017645523362047,3.0
AUC,0,aligned,2,548,NICE,native,NICE_native,0,immutable_changed:Test_2,15.1,0.0056943893432617,1.7199999999999998,2.0
AUC,0,aligned,2,548,NICE,bounded,NICE_bounded,0,below_policy_threshold;classifier_target_not_met,14.55,0.0056943893432617,1.7199999999999998,2.0
AUC,0,aligned,2,548,NICE,bounded+edit,NICE_bounded+edit,0,below_policy_threshold;classifier_target_not_met,14.55,0.0056943893432617,1.7199999999999998,2.0
AUC,0,aligned,2,548,MCCE,native,MCCE_native,1,OK,15.15,0.0179324150085449,1.84,2.0
AUC,0,aligned,2,548,MCCE,bounded,MCCE_bounded,1,OK,15.15,0.0179324150085449,1.84,2.0
AUC,0,aligned,2,548,MCCE,bounded+edit,MCCE_bounded+edit,1,OK,15.15,0.0179324150085449,1.84,2.0
AUC,0,aligned,2,561,NICE,native,NICE_native,1,OK,15.325,0.003962755203247,1.7400000000000002,2.0
AUC,0,aligned,2,561,NICE,bounded,NICE_bounded,1,OK,15.325,0.003962755203247,1.7400000000000002,2.0
AUC,0,aligned,2,561,NICE,bounded+edit,NICE_bounded+edit,1,OK,15.325,0.003962755203247,1.7400000000000002,2.0
AUC,0,aligned,2,561,MCCE,native,MCCE_native,0,below_policy_threshold,14.875,0.0258572101593017,2.145867768595042,3.0
AUC,0,aligned,2,561,MCCE,bounded,MCCE_bounded,0,below_policy_threshold,14.875,0.0258572101593017,2.145867768595042,3.0
AUC,0,aligned,2,561,MCCE,bounded+edit,MCCE_bounded+edit,0,below_policy_threshold,14.875,0.0258572101593017,2.145867768595042,3.0
AUC,0,aligned,2,573,NICE,native,NICE_native,0,below_policy_threshold;immutable_changed:Test_2,14.625,0.0051751136779785,1.73,2.0
AUC,0,aligned,2,573,NICE,bounded,NICE_bounded,0,below_policy_threshold;classifier_target_not_met,13.275,0.0051751136779785,1.73,2.0
AUC,0,aligned,2,573,NICE,bounded+edit,NICE_bounded+edit,0,below_policy_threshold;classifier_target_not_met,13.275,0.0051751136779785,1.73,2.0
AUC,0,aligned,2,573,MCCE,native,MCCE_native,0,no_candidate,,0.0178878307342529,,
AUC,0,aligned,2,573,MCCE,bounded,MCCE_bounded,0,no_candidate,,0.0178878307342529,,
AUC,0,aligned,2,573,MCCE,bounded+edit,MCCE_bounded+edit,0,no_candidate,,0.0178878307342529,,
AUC,0,aligned,2,580,NICE,native,NICE_native,0,below_policy_threshold,14.85,0.0040600299835205,1.73,2.0
AUC,0,aligned,2,580,NICE,bounded,NICE_bounded,0,below_policy_threshold,14.85,0.0040600299835205,1.73,2.0
AUC,0,aligned,2,580,NICE,bounded+edit,NICE_bounded+edit,0,below_policy_threshold,14.85,0.0040600299835205,1.73,2.0
AUC,0,aligned,2,580,MCCE,native,MCCE_native,0,below_policy_threshold;out_of_bounds:sum_click,14.85,0.0228598117828369,1.81846947803008,3.0
AUC,0,aligned,2,580,MCCE,bounded,MCCE_bounded,0,below_policy_threshold,14.85,0.0228598117828369,1.847959304040106,3.0
AUC,0,aligned,2,580,MCCE,bounded+edit,MCCE_bounded+edit,0,below_policy_threshold,14.85,0.0228598117828369,1.847959304040106,3.0
AUC,0,aligned,2,582,NICE,native,NICE_native,0,below_policy_threshold;immutable_changed:Test_2,11.0,0.0039951801300048,0.85,1.0
AUC,0,aligned,2,582,NICE,bounded,NICE_bounded,0,below_policy_threshold;classifier_target_not_met,6.5,0.0039951801300048,0.85,1.0
AUC,0,aligned,2,582,NICE,bounded+edit,NICE_bounded+edit,0,below_policy_threshold;classifier_target_not_met,6.5,0.0039951801300048,0.85,1.0
AUC,0,aligned,2,582,MCCE,native,MCCE_native,0,no_candidate,,0.0134801864624023,,
AUC,0,aligned,2,582,MCCE,bounded,MCCE_bounded,0,no_candidate,,0.0134801864624023,,
AUC,0,aligned,2,582,MCCE,bounded+edit,MCCE_bounded+edit,0,no_candidate,,0.0134801864624023,,
AUC,0,aligned,2,595,NICE,native,NICE_native,0,immutable_changed:Test_1;immutable_changed:Test_2,15.05,0.0069043636322021,1.65,2.0
AUC,0,aligned,2,595,NICE,bounded,NICE_bounded,0,below_policy_threshold;classifier_target_not_met,14.775,0.0069043636322021,1.65,2.0
AUC,0,aligned,2,595,NICE,bounded+edit,NICE_bounded+edit,0,below_policy_threshold;classifier_target_not_met,14.775,0.0069043636322021,1.65,2.0
AUC,0,aligned,2,595,MCCE,native,MCCE_native,1,OK,15.125,0.0201101303100585,2.0709582082659894,3.0
AUC,0,aligned,2,595,MCCE,bounded,MCCE_bounded,1,OK,15.125,0.0201101303100585,2.0709582082659894,3.0
AUC,0,aligned,2,595,MCCE,bounded+edit,MCCE_bounded+edit,1,OK,15.125,0.0201101303100585,2.0709582082659894,3.0
AUC,0,aligned,2,597,NICE,native,NICE_native,0,below_policy_threshold;immutable_changed:Test_1;immutable_changed:Test_2,11.025,0.0053391456604003,0.85,1.0
AUC,0,aligned,2,597,NICE,bounded,NICE_bounded,0,below_policy_threshold;classifier_target_not_met,6.125,0.0053391456604003,0.85,1.0
AUC,0,aligned,2,597,NICE,bounded+edit,NICE_bounded+edit,0,below_policy_threshold;classifier_target_not_met,6.125,0.0053391456604003,0.85,1.0
AUC,0,aligned,2,597,MCCE,native,MCCE_native,0,no_candidate,,0.0133013725280761,,
AUC,0,aligned,2,597,MCCE,bounded,MCCE_bounded,0,no_candidate,,0.0133013725280761,,
AUC,0,aligned,2,597,MCCE,bounded+edit,MCCE_bounded+edit,0,no_candidate,,0.0133013725280761,,
AUC,0,aligned,2,598,NICE,native,NICE_native,0,immutable_changed:Test_2,15.05,0.0052952766418457,1.65,2.0
AUC,0,aligned,2,598,NICE,bounded,NICE_bounded,0,below_policy_threshold;classifier_target_not_met,10.5,0.0052952766418457,1.65,2.0
AUC,0,aligned,2,598,NICE,bounded+edit,NICE_bounded+edit,0,below_policy_threshold;classifier_target_not_met,10.5,0.0052952766418457,1.65,2.0
AUC,0,aligned,2,598,MCCE,native,MCCE_native,0,no_candidate,,0.0132155418395996,,
AUC,0,aligned,2,598,MCCE,bounded,MCCE_bounded,0,no_candidate,,0.0132155418395996,,
AUC,0,aligned,2,598,MCCE,bounded+edit,MCCE_bounded+edit,0,no_candidate,,0.0132155418395996,,
AUC,0,aligned,2,603,NICE,native,NICE_native,0,below_policy_threshold,14.925,0.0040185451507568,1.66,2.0
AUC,0,aligned,2,603,NICE,bounded,NICE_bounded,0,below_policy_threshold,14.925,0.0040185451507568,1.66,2.0
AUC,0,aligned,2,603,NICE,bounded+edit,NICE_bounded+edit,0,below_policy_threshold,14.925,0.0040185451507568,1.66,2.0
AUC,0,aligned,2,603,MCCE,native,MCCE_native,0,below_policy_threshold,14.875,0.0197596549987792,1.6885951370127363,3.0
AUC,0,aligned,2,603,MCCE,bounded,MCCE_bounded,0,below_policy_threshold,14.875,0.0197596549987792,1.6885951370127363,3.0
AUC,0,aligned,2,603,MCCE,bounded+edit,MCCE_bounded+edit,0,below_policy_threshold,14.875,0.0197596549987792,1.6885951370127363,3.0
AUC,0,aligned,2,619,NICE,native,NICE_native,0,immutable_changed:Test_2,15.125,0.0053000450134277,1.66,2.0
AUC,0,aligned,2,619,NICE,bounded,NICE_bounded,0,below_policy_threshold;classifier_target_not_met,14.375,0.0053000450134277,1.66,2.0
AUC,0,aligned,2,619,NICE,bounded+edit,NICE_bounded+edit,0,below_policy_threshold;classifier_target_not_met,14.375,0.0053000450134277,1.66,2.0
AUC,0,aligned,2,619,MCCE,native,MCCE_native,0,out_of_bounds:sum_click,15.175,0.0198049545288085,1.8257620282339384,3.0
AUC,0,aligned,2,619,MCCE,bounded,MCCE_bounded,1,OK,15.175,0.0198049545288085,2.0447191011235955,3.0
AUC,0,aligned,2,619,MCCE,bounded+edit,MCCE_bounded+edit,1,OK,15.175,0.0198049545288085,2.0447191011235955,3.0
AUC,0,aligned,2,625,NICE,native,NICE_native,0,below_policy_threshold;immutable_changed:Test_1;immutable_changed:Test_2,11.025,0.0054535865783691,0.85,1.0
AUC,0,aligned,2,625,NICE,bounded,NICE_bounded,0,below_policy_threshold;classifier_target_not_met,9.25,0.0054535865783691,0.85,1.0
AUC,0,aligned,2,625,NICE,bounded+edit,NICE_bounded+edit,0,below_policy_threshold;classifier_target_not_met,9.25,0.0054535865783691,0.85,1.0
AUC,0,aligned,2,625,MCCE,native,MCCE_native,0,no_candidate,,0.0150175094604492,,
AUC,0,aligned,2,625,MCCE,bounded,MCCE_bounded,0,no_candidate,,0.0150175094604492,,
AUC,0,aligned,2,625,MCCE,bounded+edit,MCCE_bounded+edit,0,no_candidate,,0.0150175094604492,,
AUC,0,aligned,2,638,NICE,native,NICE_native,0,below_policy_threshold;immutable_changed:Test_2,13.25,0.0056357383728027,1.73,2.0
AUC,0,aligned,2,638,NICE,bounded,NICE_bounded,0,below_policy_threshold;classifier_target_not_met,8.65,0.0056357383728027,1.73,2.0
AUC,0,aligned,2,638,NICE,bounded+edit,NICE_bounded+edit,0,below_policy_threshold;classifier_target_not_met,8.65,0.0056357383728027,1.73,2.0
AUC,0,aligned,2,638,MCCE,native,MCCE_native,0,no_candidate,,0.0138862133026123,,
AUC,0,aligned,2,638,MCCE,bounded,MCCE_bounded,0,no_candidate,,0.0138862133026123,,
AUC,0,aligned,2,638,MCCE,bounded+edit,MCCE_bounded+edit,0,no_candidate,,0.0138862133026123,,
AUC,0,aligned,2,646,NICE,native,NICE_native,0,immutable_changed:Test_2,15.05,0.0055458545684814,1.65,2.0
AUC,0,aligned,2,646,NICE,bounded,NICE_bounded,0,below_policy_threshold;classifier_target_not_met,10.5,0.0055458545684814,1.65,2.0
AUC,0,aligned,2,646,NICE,bounded+edit,NICE_bounded+edit,0,below_policy_threshold;classifier_target_not_met,10.5,0.0055458545684814,1.65,2.0
AUC,0,aligned,2,646,MCCE,native,MCCE_native,0,no_candidate,,0.0145885944366455,,
AUC,0,aligned,2,646,MCCE,bounded,MCCE_bounded,0,no_candidate,,0.0145885944366455,,
AUC,0,aligned,2,646,MCCE,bounded+edit,MCCE_bounded+edit,0,no_candidate,,0.0145885944366455,,
AUC,0,aligned,2,647,NICE,native,NICE_native,0,below_policy_threshold;immutable_changed:Test_2,14.95,0.0053942203521728,1.73,2.0
AUC,0,aligned,2,647,NICE,bounded,NICE_bounded,0,below_policy_threshold;classifier_target_not_met,14.6,0.0053942203521728,1.73,2.0
AUC,0,aligned,2,647,NICE,bounded+edit,NICE_bounded+edit,0,below_policy_threshold;classifier_target_not_met,14.6,0.0053942203521728,1.73,2.0
AUC,0,aligned,2,647,MCCE,native,MCCE_native,0,out_of_bounds:sum_click,15.3,0.0172281265258789,1.93809037449706,3.0
AUC,0,aligned,2,647,MCCE,bounded,MCCE_bounded,0,no_candidate,,0.0172281265258789,,
AUC,0,aligned,2,647,MCCE,bounded+edit,MCCE_bounded+edit,0,no_candidate,,0.0172281265258789,,
AUC,0,aligned,2,649,NICE,native,NICE_native,0,below_policy_threshold;immutable_changed:Test_2,14.95,0.0053772926330566,1.66,2.0
AUC,0,aligned,2,649,NICE,bounded,NICE_bounded,0,below_policy_threshold;classifier_target_not_met,14.6,0.0053772926330566,1.66,2.0
AUC,0,aligned,2,649,NICE,bounded+edit,NICE_bounded+edit,0,below_policy_threshold;classifier_target_not_met,14.6,0.0053772926330566,1.66,2.0
AUC,0,aligned,2,649,MCCE,native,MCCE_native,0,below_policy_threshold,14.95,0.0215616226196289,1.756802465826856,3.0
AUC,0,aligned,2,649,MCCE,bounded,MCCE_bounded,0,below_policy_threshold,14.95,0.0215616226196289,1.756802465826856,3.0
AUC,0,aligned,2,649,MCCE,bounded+edit,MCCE_bounded+edit,0,below_policy_threshold,14.95,0.0215616226196289,1.756802465826856,3.0
AUC,0,aligned,2,667,NICE,native,NICE_native,0,below_policy_threshold;immutable_changed:Test_2,11.175,0.0041499137878417,0.82,1.0
AUC,0,aligned,2,667,NICE,bounded,NICE_bounded,0,below_policy_threshold;classifier_target_not_met,6.475,0.0041499137878417,0.82,1.0
AUC,0,aligned,2,667,NICE,bounded+edit,NICE_bounded+edit,0,below_policy_threshold;classifier_target_not_met,6.475,0.0041499137878417,0.82,1.0
AUC,0,aligned,2,667,MCCE,native,MCCE_native,0,no_candidate,,0.0138638019561767,,
AUC,0,aligned,2,667,MCCE,bounded,MCCE_bounded,0,no_candidate,,0.0138638019561767,,
AUC,0,aligned,2,667,MCCE,bounded+edit,MCCE_bounded+edit,0,no_candidate,,0.0138638019561767,,
AUC,0,aligned,3,14,NICE,native,NICE_native,0,below_policy_threshold;immutable_changed:Test_2,13.525,0.0043456554412841,0.85,1.0
AUC,0,aligned,3,14,NICE,bounded,NICE_bounded,0,below_policy_threshold;classifier_target_not_met,11.625,0.0043456554412841,0.85,1.0
AUC,0,aligned,3,14,NICE,bounded+edit,NICE_bounded+edit,0,below_policy_threshold;classifier_target_not_met,11.625,0.0043456554412841,0.85,1.0
AUC,0,aligned,3,14,MCCE,native,MCCE_native,0,no_candidate,,0.0279998779296875,,
AUC,0,aligned,3,14,MCCE,bounded,MCCE_bounded,0,no_candidate,,0.0279998779296875,,
AUC,0,aligned,3,14,MCCE,bounded+edit,MCCE_bounded+edit,0,no_candidate,,0.0279998779296875,,
AUC,0,aligned,3,17,NICE,native,NICE_native,0,below_policy_threshold;immutable_changed:Test_2;immutable_changed:Test_3,14.9,0.0068614482879638,0.9,1.0
AUC,0,aligned,3,17,NICE,bounded,NICE_bounded,0,below_policy_threshold;classifier_target_not_met,13.65,0.0068614482879638,0.9,1.0
AUC,0,aligned,3,17,NICE,bounded+edit,NICE_bounded+edit,0,below_policy_threshold;classifier_target_not_met,13.65,0.0068614482879638,0.9,1.0
AUC,0,aligned,3,17,MCCE,native,MCCE_native,0,no_candidate,,0.0122623443603515,,
AUC,0,aligned,3,17,MCCE,bounded,MCCE_bounded,0,no_candidate,,0.0122623443603515,,
AUC,0,aligned,3,17,MCCE,bounded+edit,MCCE_bounded+edit,0,no_candidate,,0.0122623443603515,,
AUC,0,aligned,3,18,NICE,native,NICE_native,0,below_policy_threshold;immutable_changed:Test_2;immutable_changed:Test_3,14.925,0.005415916442871,0.8,1.0
AUC,0,aligned,3,18,NICE,bounded,NICE_bounded,0,below_policy_threshold;classifier_target_not_met,14.125,0.005415916442871,0.8,1.0
AUC,0,aligned,3,18,NICE,bounded+edit,NICE_bounded+edit,0,below_policy_threshold;classifier_target_not_met,14.125,0.005415916442871,0.8,1.0
AUC,0,aligned,3,18,MCCE,native,MCCE_native,0,no_candidate,,0.0117278099060058,,
AUC,0,aligned,3,18,MCCE,bounded,MCCE_bounded,0,no_candidate,,0.0117278099060058,,
AUC,0,aligned,3,18,MCCE,bounded+edit,MCCE_bounded+edit,0,no_candidate,,0.0117278099060058,,
AUC,0,aligned,3,21,NICE,native,NICE_native,0,immutable_changed:Test_2;immutable_changed:Test_3,15.3,0.0052962303161621,0.8699999999999999,1.0
AUC,0,aligned,3,21,NICE,bounded,NICE_bounded,0,below_policy_threshold;classifier_target_not_met,6.6,0.0052962303161621,0.8699999999999999,1.0
AUC,0,aligned,3,21,NICE,bounded+edit,NICE_bounded+edit,0,below_policy_threshold;classifier_target_not_met,6.6,0.0052962303161621,0.8699999999999999,1.0
AUC,0,aligned,3,21,MCCE,native,MCCE_native,0,no_candidate,,0.0223784446716308,,
AUC,0,aligned,3,21,MCCE,bounded,MCCE_bounded,0,no_candidate,,0.0223784446716308,,
AUC,0,aligned,3,21,MCCE,bounded+edit,MCCE_bounded+edit,0,no_candidate,,0.0223784446716308,,
AUC,0,aligned,3,31,NICE,native,NICE_native,0,below_policy_threshold;immutable_changed:Test_1;immutable_changed:Test_2,15.0,0.0054035186767578,0.8,1.0
AUC,0,aligned,3,31,NICE,bounded,NICE_bounded,0,below_policy_threshold;classifier_target_not_met,14.625,0.0054035186767578,0.8,1.0
AUC,0,aligned,3,31,NICE,bounded+edit,NICE_bounded+edit,0,below_policy_threshold;classifier_target_not_met,14.625,0.0054035186767578,0.8,1.0
AUC,0,aligned,3,31,MCCE,native,MCCE_native,0,out_of_bounds:sum_click,15.125,0.0176756381988525,1.0237381960273526,2.0
AUC,0,aligned,3,31,MCCE,bounded,MCCE_bounded,1,OK,15.125,0.0176756381988525,1.375415174210355,2.0
AUC,0,aligned,3,31,MCCE,bounded+edit,MCCE_bounded+edit,1,OK,15.125,0.0176756381988525,1.375415174210355,2.0
AUC,0,aligned,3,37,NICE,native,NICE_native,0,immutable_changed:Test_1;immutable_changed:Test_2;immutable_changed:Test_3,15.05,0.0066299438476562,0.7,1.0
AUC,0,aligned,3,37,NICE,bounded,NICE_bounded,0,below_policy_threshold;classifier_target_not_met,13.75,0.0066299438476562,0.7,1.0
AUC,0,aligned,3,37,NICE,bounded+edit,NICE_bounded+edit,0,below_policy_threshold;classifier_target_not_met,13.75,0.0066299438476562,0.7,1.0
AUC,0,aligned,3,37,MCCE,native,MCCE_native,0,no_candidate,,0.0171239376068115,,
AUC,0,aligned,3,37,MCCE,bounded,MCCE_bounded,0,no_candidate,,0.0171239376068115,,
AUC,0,aligned,3,37,MCCE,bounded+edit,MCCE_bounded+edit,0,no_candidate,,0.0171239376068115,,
AUC,0,aligned,3,40,NICE,native,NICE_native,0,immutable_changed:Test_1;immutable_changed:Test_2;immutable_changed:Test_3,15.05,0.006723403930664,0.7,1.0
AUC,0,aligned,3,40,NICE,bounded,NICE_bounded,0,below_policy_threshold;classifier_target_not_met,12.7,0.006723403930664,0.7,1.0
AUC,0,aligned,3,40,NICE,bounded+edit,NICE_bounded+edit,0,below_policy_threshold;classifier_target_not_met,12.7,0.006723403930664,0.7,1.0
AUC,0,aligned,3,40,MCCE,native,MCCE_native,0,no_candidate,,0.0167422294616699,,
AUC,0,aligned,3,40,MCCE,bounded,MCCE_bounded,0,no_candidate,,0.0167422294616699,,
AUC,0,aligned,3,40,MCCE,bounded+edit,MCCE_bounded+edit,0,no_candidate,,0.0167422294616699,,
AUC,0,aligned,3,45,NICE,native,NICE_native,0,immutable_changed:Test_1;immutable_changed:Test_2;immutable_changed:Test_3,15.05,0.0068068504333496,0.8,1.0
AUC,0,aligned,3,45,NICE,bounded,NICE_bounded,0,below_policy_threshold;classifier_target_not_met,14.125,0.0068068504333496,0.8,1.0
AUC,0,aligned,3,45,NICE,bounded+edit,NICE_bounded+edit,0,below_policy_threshold;classifier_target_not_met,14.125,0.0068068504333496,0.8,1.0
AUC,0,aligned,3,45,MCCE,native,MCCE_native,0,no_candidate,,0.0115675926208496,,
AUC,0,aligned,3,45,MCCE,bounded,MCCE_bounded,0,no_candidate,,0.0115675926208496,,
AUC,0,aligned,3,45,MCCE,bounded+edit,MCCE_bounded+edit,0,no_candidate,,0.0115675926208496,,
AUC,0,aligned,3,49,NICE,native,NICE_native,0,immutable_changed:Test_1;immutable_changed:Test_2;immutable_changed:Test_3,15.05,0.0064847469329833,0.7,1.0
AUC,0,aligned,3,49,NICE,bounded,NICE_bounded,0,below_policy_threshold;classifier_target_not_met,14.3,0.0064847469329833,0.7,1.0
AUC,0,aligned,3,49,NICE,bounded+edit,NICE_bounded+edit,0,below_policy_threshold;classifier_target_not_met,14.3,0.0064847469329833,0.7,1.0
AUC,0,aligned,3,49,MCCE,native,MCCE_native,0,out_of_bounds:sum_click,15.05,0.0183379650115966,0.8751519597568643,2.0
AUC,0,aligned,3,49,MCCE,bounded,MCCE_bounded,1,OK,15.05,0.0183379650115966,0.8877279396352966,2.0
AUC,0,aligned,3,49,MCCE,bounded+edit,MCCE_bounded+edit,1,OK,15.05,0.0183379650115966,0.8877279396352966,2.0
AUC,0,aligned,3,50,NICE,native,NICE_native,0,below_policy_threshold;immutable_changed:Test_2;immutable_changed:Test_3,15.0,0.0053420066833496,0.8,1.0
AUC,0,aligned,3,50,NICE,bounded,NICE_bounded,0,below_policy_threshold;classifier_target_not_met,14.35,0.0053420066833496,0.8,1.0
AUC,0,aligned,3,50,NICE,bounded+edit,NICE_bounded+edit,0,below_policy_threshold;classifier_target_not_met,14.35,0.0053420066833496,0.8,1.0
AUC,0,aligned,3,50,MCCE,native,MCCE_native,0,no_candidate,,0.0121011734008789,,
AUC,0,aligned,3,50,MCCE,bounded,MCCE_bounded,0,no_candidate,,0.0121011734008789,,
AUC,0,aligned,3,50,MCCE,bounded+edit,MCCE_bounded+edit,0,no_candidate,,0.0121011734008789,,
AUC,0,aligned,3,52,NICE,native,NICE_native,0,immutable_changed:Test_1;immutable_changed:Test_2;immutable_changed:Test_3,15.05,0.0066876411437988,0.7,1.0
AUC,0,aligned,3,52,NICE,bounded,NICE_bounded,0,below_policy_threshold;classifier_target_not_met,14.0,0.0066876411437988,0.7,1.0
AUC,0,aligned,3,52,NICE,bounded+edit,NICE_bounded+edit,0,below_policy_threshold;classifier_target_not_met,14.0,0.0066876411437988,0.7,1.0
AUC,0,aligned,3,52,MCCE,native,MCCE_native,1,OK,15.45,0.0178132057189941,1.1860357220649096,2.0
AUC,0,aligned,3,52,MCCE,bounded,MCCE_bounded,1,OK,15.45,0.0178132057189941,1.1860357220649096,2.0
AUC,0,aligned,3,52,MCCE,bounded+edit,MCCE_bounded+edit,1,OK,15.45,0.0178132057189941,1.1860357220649096,2.0
AUC,0,aligned,3,55,NICE,native,NICE_native,0,below_policy_threshold;immutable_changed:Test_2,11.125,0.0039834976196289,0.85,1.0
AUC,0,aligned,3,55,NICE,bounded,NICE_bounded,0,below_policy_threshold;classifier_target_not_met,6.625,0.0039834976196289,0.85,1.0
AUC,0,aligned,3,55,NICE,bounded+edit,NICE_bounded+edit,0,below_policy_threshold;classifier_target_not_met,6.625,0.0039834976196289,0.85,1.0
AUC,0,aligned,3,55,MCCE,native,MCCE_native,0,no_candidate,,0.0123193264007568,,
AUC,0,aligned,3,55,MCCE,bounded,MCCE_bounded,0,no_candidate,,0.0123193264007568,,
AUC,0,aligned,3,55,MCCE,bounded+edit,MCCE_bounded+edit,0,no_candidate,,0.0123193264007568,,
AUC,0,aligned,3,62,NICE,native,NICE_native,0,immutable_changed:Test_2,15.3,0.0043108463287353,0.8,1.0
AUC,0,aligned,3,62,NICE,bounded,NICE_bounded,0,below_policy_threshold;classifier_target_not_met,14.8,0.0043108463287353,0.8,1.0
AUC,0,aligned,3,62,NICE,bounded+edit,NICE_bounded+edit,0,below_policy_threshold;classifier_target_not_met,14.8,0.0043108463287353,0.8,1.0
AUC,0,aligned,3,62,MCCE,native,MCCE_native,1,OK,15.15,0.0178186893463134,1.1551323828920574,2.0
AUC,0,aligned,3,62,MCCE,bounded,MCCE_bounded,1,OK,15.15,0.0178186893463134,1.1551323828920574,2.0
AUC,0,aligned,3,62,MCCE,bounded+edit,MCCE_bounded+edit,1,OK,15.15,0.0178186893463134,1.1551323828920574,2.0
AUC,0,aligned,3,64,NICE,native,NICE_native,0,immutable_changed:Test_2;immutable_changed:Test_3,15.05,0.0056066513061523,0.9,1.0
AUC,0,aligned,3,64,NICE,bounded,NICE_bounded,0,below_policy_threshold;classifier_target_not_met,13.5,0.0056066513061523,0.9,1.0
AUC,0,aligned,3,64,NICE,bounded+edit,NICE_bounded+edit,0,below_policy_threshold;classifier_target_not_met,13.5,0.0056066513061523,0.9,1.0
AUC,0,aligned,3,64,MCCE,native,MCCE_native,0,no_candidate,,0.0125093460083007,,
AUC,0,aligned,3,64,MCCE,bounded,MCCE_bounded,0,no_candidate,,0.0125093460083007,,
AUC,0,aligned,3,64,MCCE,bounded+edit,MCCE_bounded+edit,0,no_candidate,,0.0125093460083007,,
AUC,0,aligned,3,75,NICE,native,NICE_native,0,below_policy_threshold;immutable_changed:Test_1;immutable_changed:Test_2,11.025,0.0052473545074462,0.85,1.0
AUC,0,aligned,3,75,NICE,bounded,NICE_bounded,0,below_policy_threshold;classifier_target_not_met,6.2,0.0052473545074462,0.85,1.0
AUC,0,aligned,3,75,NICE,bounded+edit,NICE_bounded+edit,0,below_policy_threshold;classifier_target_not_met,6.2,0.0052473545074462,0.85,1.0
AUC,0,aligned,3,75,MCCE,native,MCCE_native,0,no_candidate,,0.0131475925445556,,
AUC,0,aligned,3,75,MCCE,bounded,MCCE_bounded,0,no_candidate,,0.0131475925445556,,
AUC,0,aligned,3,75,MCCE,bounded+edit,MCCE_bounded+edit,0,no_candidate,,0.0131475925445556,,
AUC,0,aligned,3,77,NICE,native,NICE_native,0,below_policy_threshold;immutable_changed:Test_1;immutable_changed:Test_2,11.025,0.0052535533905029,0.85,1.0
AUC,0,aligned,3,77,NICE,bounded,NICE_bounded,0,below_policy_threshold;classifier_target_not_met,6.375,0.0052535533905029,0.85,1.0
AUC,0,aligned,3,77,NICE,bounded+edit,NICE_bounded+edit,0,below_policy_threshold;classifier_target_not_met,6.375,0.0052535533905029,0.85,1.0
AUC,0,aligned,3,77,MCCE,native,MCCE_native,0,no_candidate,,0.0120906829833984,,
AUC,0,aligned,3,77,MCCE,bounded,MCCE_bounded,0,no_candidate,,0.0120906829833984,,
AUC,0,aligned,3,77,MCCE,bounded+edit,MCCE_bounded+edit,0,no_candidate,,0.0120906829833984,,
AUC,0,aligned,3,79,NICE,native,NICE_native,0,immutable_changed:Test_1;immutable_changed:Test_2;immutable_changed:Test_3,15.05,0.0065186023712158,0.7,1.0
AUC,0,aligned,3,79,NICE,bounded,NICE_bounded,0,below_policy_threshold;classifier_target_not_met,12.625,0.0065186023712158,0.7,1.0
AUC,0,aligned,3,79,NICE,bounded+edit,NICE_bounded+edit,0,below_policy_threshold;classifier_target_not_met,12.625,0.0065186023712158,0.7,1.0
AUC,0,aligned,3,79,MCCE,native,MCCE_native,0,no_candidate,,0.0122923851013183,,
AUC,0,aligned,3,79,MCCE,bounded,MCCE_bounded,0,no_candidate,,0.0122923851013183,,
AUC,0,aligned,3,79,MCCE,bounded+edit,MCCE_bounded+edit,0,no_candidate,,0.0122923851013183,,
AUC,0,aligned,3,101,NICE,native,NICE_native,0,immutable_changed:Test_1;immutable_changed:Test_2;immutable_changed:Test_3,15.15,0.0069019794464111,0.9,1.0
AUC,0,aligned,3,101,NICE,bounded,NICE_bounded,0,below_policy_threshold;classifier_target_not_met,12.25,0.0069019794464111,0.9,1.0
AUC,0,aligned,3,101,NICE,bounded+edit,NICE_bounded+edit,0,below_policy_threshold;classifier_target_not_met,12.25,0.0069019794464111,0.9,1.0
AUC,0,aligned,3,101,MCCE,native,MCCE_native,0,no_candidate,,0.0141477584838867,,
AUC,0,aligned,3,101,MCCE,bounded,MCCE_bounded,0,no_candidate,,0.0141477584838867,,
AUC,0,aligned,3,101,MCCE,bounded+edit,MCCE_bounded+edit,0,no_candidate,,0.0141477584838867,,
AUC,0,aligned,3,103,NICE,native,NICE_native,0,immutable_changed:Test_2;immutable_changed:Test_3,15.05,0.0110876560211181,0.9,1.0
AUC,0,aligned,3,103,NICE,bounded,NICE_bounded,0,below_policy_threshold;classifier_target_not_met,11.5,0.0110876560211181,0.9,1.0
AUC,0,aligned,3,103,NICE,bounded+edit,NICE_bounded+edit,0,below_policy_threshold;classifier_target_not_met,11.5,0.0110876560211181,0.9,1.0
AUC,0,aligned,3,103,MCCE,native,MCCE_native,0,no_candidate,,0.0257649421691894,,
AUC,0,aligned,3,103,MCCE,bounded,MCCE_bounded,0,no_candidate,,0.0257649421691894,,
AUC,0,aligned,3,103,MCCE,bounded+edit,MCCE_bounded+edit,0,no_candidate,,0.0257649421691894,,
AUC,0,aligned,3,122,NICE,native,NICE_native,0,below_policy_threshold;immutable_changed:Test_2;immutable_changed:Test_3,14.7,0.0054821968078613,0.85,1.0
AUC,0,aligned,3,122,NICE,bounded,NICE_bounded,0,below_policy_threshold;classifier_target_not_met,5.7,0.0054821968078613,0.85,1.0
AUC,0,aligned,3,122,NICE,bounded+edit,NICE_bounded+edit,0,below_policy_threshold;classifier_target_not_met,5.7,0.0054821968078613,0.85,1.0
AUC,0,aligned,3,122,MCCE,native,MCCE_native,0,no_candidate,,0.0180718898773193,,
AUC,0,aligned,3,122,MCCE,bounded,MCCE_bounded,0,no_candidate,,0.0180718898773193,,
AUC,0,aligned,3,122,MCCE,bounded+edit,MCCE_bounded+edit,0,no_candidate,,0.0180718898773193,,
AUC,0,aligned,3,144,NICE,native,NICE_native,0,immutable_changed:Test_2;immutable_changed:Test_3,15.05,0.0055127143859863,0.7,1.0
AUC,0,aligned,3,144,NICE,bounded,NICE_bounded,0,below_policy_threshold;classifier_target_not_met,14.0,0.0055127143859863,0.7,1.0
AUC,0,aligned,3,144,NICE,bounded+edit,NICE_bounded+edit,0,below_policy_threshold;classifier_target_not_met,14.0,0.0055127143859863,0.7,1.0
AUC,0,aligned,3,144,MCCE,native,MCCE_native,0,no_candidate,,0.0139296054840087,,
AUC,0,aligned,3,144,MCCE,bounded,MCCE_bounded,0,no_candidate,,0.0139296054840087,,
AUC,0,aligned,3,144,MCCE,bounded+edit,MCCE_bounded+edit,0,no_candidate,,0.0139296054840087,,
AUC,0,aligned,3,157,NICE,native,NICE_native,0,immutable_changed:Test_2;immutable_changed:Test_3,15.1,0.0053076744079589,0.8099999999999999,1.0
AUC,0,aligned,3,157,NICE,bounded,NICE_bounded,0,below_policy_threshold;classifier_target_not_met,6.3,0.0053076744079589,0.8099999999999999,1.0
AUC,0,aligned,3,157,NICE,bounded+edit,NICE_bounded+edit,0,below_policy_threshold;classifier_target_not_met,6.3,0.0053076744079589,0.8099999999999999,1.0
AUC,0,aligned,3,157,MCCE,native,MCCE_native,0,no_candidate,,0.0117998123168945,,
AUC,0,aligned,3,157,MCCE,bounded,MCCE_bounded,0,no_candidate,,0.0117998123168945,,
AUC,0,aligned,3,157,MCCE,bounded+edit,MCCE_bounded+edit,0,no_candidate,,0.0117998123168945,,
AUC,0,aligned,3,170,NICE,native,NICE_native,0,immutable_changed:Test_2;immutable_changed:Test_3,15.05,0.0052597522735595,0.8,1.0
AUC,0,aligned,3,170,NICE,bounded,NICE_bounded,0,below_policy_threshold;classifier_target_not_met,14.45,0.0052597522735595,0.8,1.0
AUC,0,aligned,3,170,NICE,bounded+edit,NICE_bounded+edit,0,below_policy_threshold;classifier_target_not_met,14.45,0.0052597522735595,0.8,1.0
AUC,0,aligned,3,170,MCCE,native,MCCE_native,0,no_candidate,,0.0115561485290527,,
AUC,0,aligned,3,170,MCCE,bounded,MCCE_bounded,0,no_candidate,,0.0115561485290527,,
AUC,0,aligned,3,170,MCCE,bounded+edit,MCCE_bounded+edit,0,no_candidate,,0.0115561485290527,,
AUC,0,aligned,3,187,NICE,native,NICE_native,0,below_policy_threshold;immutable_changed:Test_1;immutable_changed:Test_2,11.025,0.0053441524505615,0.85,1.0
AUC,0,aligned,3,187,NICE,bounded,NICE_bounded,0,below_policy_threshold;classifier_target_not_met,5.75,0.0053441524505615,0.85,1.0
AUC,0,aligned,3,187,NICE,bounded+edit,NICE_bounded+edit,0,below_policy_threshold;classifier_target_not_met,5.75,0.0053441524505615,0.85,1.0
AUC,0,aligned,3,187,MCCE,native,MCCE_native,0,no_candidate,,0.0117294788360595,,
AUC,0,aligned,3,187,MCCE,bounded,MCCE_bounded,0,no_candidate,,0.0117294788360595,,
AUC,0,aligned,3,187,MCCE,bounded+edit,MCCE_bounded+edit,0,no_candidate,,0.0117294788360595,,
AUC,0,aligned,3,200,NICE,native,NICE_native,0,below_policy_threshold;immutable_changed:Test_3,14.6,0.0039710998535156,0.93,1.0
AUC,0,aligned,3,200,NICE,bounded,NICE_bounded,0,below_policy_threshold;classifier_target_not_met,14.35,0.0039710998535156,0.93,1.0
AUC,0,aligned,3,200,NICE,bounded+edit,NICE_bounded+edit,0,below_policy_threshold;classifier_target_not_met,14.35,0.0039710998535156,0.93,1.0
AUC,0,aligned,3,200,MCCE,native,MCCE_native,0,no_candidate,,0.0120980739593505,,
AUC,0,aligned,3,200,MCCE,bounded,MCCE_bounded,0,no_candidate,,0.0120980739593505,,
AUC,0,aligned,3,200,MCCE,bounded+edit,MCCE_bounded+edit,0,no_candidate,,0.0120980739593505,,
AUC,0,aligned,3,222,NICE,native,NICE_native,0,out_of_bounds:sum_click;immutable_changed:Test_1;immutable_changed:Test_2;immutable_changed:Test_3,15.05,0.0081377029418945,0.8021649233763074,2.0
AUC,0,aligned,3,222,NICE,bounded,NICE_bounded,0,below_policy_threshold;classifier_target_not_met,5.625,0.0081377029418945,0.7,1.0
AUC,0,aligned,3,222,NICE,bounded+edit,NICE_bounded+edit,0,below_policy_threshold;classifier_target_not_met,5.625,0.0081377029418945,0.7,1.0
AUC,0,aligned,3,222,MCCE,native,MCCE_native,0,no_candidate,,0.0116755962371826,,
AUC,0,aligned,3,222,MCCE,bounded,MCCE_bounded,0,no_candidate,,0.0116755962371826,,
AUC,0,aligned,3,222,MCCE,bounded+edit,MCCE_bounded+edit,0,no_candidate,,0.0116755962371826,,
AUC,0,aligned,3,230,NICE,native,NICE_native,0,immutable_changed:Test_1;immutable_changed:Test_2;immutable_changed:Test_3,15.05,0.0065672397613525,0.8,1.0
AUC,0,aligned,3,230,NICE,bounded,NICE_bounded,0,below_policy_threshold;classifier_target_not_met,14.0,0.0065672397613525,0.8,1.0
AUC,0,aligned,3,230,NICE,bounded+edit,NICE_bounded+edit,0,below_policy_threshold;classifier_target_not_met,14.0,0.0065672397613525,0.8,1.0
AUC,0,aligned,3,230,MCCE,native,MCCE_native,0,no_candidate,,0.0118165016174316,,
AUC,0,aligned,3,230,MCCE,bounded,MCCE_bounded,0,no_candidate,,0.0118165016174316,,
AUC,0,aligned,3,230,MCCE,bounded+edit,MCCE_bounded+edit,0,no_candidate,,0.0118165016174316,,
AUC,0,aligned,3,236,NICE,native,NICE_native,0,below_policy_threshold;immutable_changed:Test_1;immutable_changed:Test_2,14.95,0.0052826404571533,0.8,1.0
AUC,0,aligned,3,236,NICE,bounded,NICE_bounded,0,below_policy_threshold;classifier_target_not_met,14.2,0.0052826404571533,0.8,1.0
AUC,0,aligned,3,236,NICE,bounded+edit,NICE_bounded+edit,0,below_policy_threshold;classifier_target_not_met,14.2,0.0052826404571533,0.8,1.0
AUC,0,aligned,3,236,MCCE,native,MCCE_native,0,no_candidate,,0.0121099948883056,,
AUC,0,aligned,3,236,MCCE,bounded,MCCE_bounded,0,no_candidate,,0.0121099948883056,,
AUC,0,aligned,3,236,MCCE,bounded+edit,MCCE_bounded+edit,0,no_candidate,,0.0121099948883056,,
AUC,0,aligned,3,243,NICE,native,NICE_native,0,below_policy_threshold,15.0,0.0027239322662353,0.85,1.0
AUC,0,aligned,3,243,NICE,bounded,NICE_bounded,0,below_policy_threshold,15.0,0.0027239322662353,0.85,1.0
AUC,0,aligned,3,243,NICE,bounded+edit,NICE_bounded+edit,0,below_policy_threshold,15.0,0.0027239322662353,0.85,1.0
AUC,0,aligned,3,243,MCCE,native,MCCE_native,0,below_policy_threshold;out_of_bounds:sum_click,15.0,0.02061128616333,0.8610162489672266,2.0
AUC,0,aligned,3,243,MCCE,bounded,MCCE_bounded,0,below_policy_threshold,15.0,0.02061128616333,0.86652437345084,2.0
AUC,0,aligned,3,243,MCCE,bounded+edit,MCCE_bounded+edit,0,below_policy_threshold,15.0,0.02061128616333,0.86652437345084,2.0
AUC,0,aligned,3,245,NICE,native,NICE_native,0,immutable_changed:Test_2,15.275,0.0074317455291748,0.9,1.0
AUC,0,aligned,3,245,NICE,bounded,NICE_bounded,0,below_policy_threshold;classifier_target_not_met,14.775,0.0074317455291748,0.9,1.0
AUC,0,aligned,3,245,NICE,bounded+edit,NICE_bounded+edit,0,below_policy_threshold;classifier_target_not_met,14.775,0.0074317455291748,0.9,1.0
AUC,0,aligned,3,245,MCCE,native,MCCE_native,0,no_candidate,,0.0100834369659423,,
AUC,0,aligned,3,245,MCCE,bounded,MCCE_bounded,0,no_candidate,,0.0100834369659423,,
AUC,0,aligned,3,245,MCCE,bounded+edit,MCCE_bounded+edit,0,no_candidate,,0.0100834369659423,,
AUC,0,aligned,3,247,NICE,native,NICE_native,0,immutable_changed:Test_1;immutable_changed:Test_2;immutable_changed:Test_3,15.05,0.0065312385559082,0.8,1.0
AUC,0,aligned,3,247,NICE,bounded,NICE_bounded,0,below_policy_threshold;classifier_target_not_met,13.45,0.0065312385559082,0.8,1.0
AUC,0,aligned,3,247,NICE,bounded+edit,NICE_bounded+edit,0,below_policy_threshold;classifier_target_not_met,13.45,0.0065312385559082,0.8,1.0
AUC,0,aligned,3,247,MCCE,native,MCCE_native,0,no_candidate,,0.0117108821868896,,
AUC,0,aligned,3,247,MCCE,bounded,MCCE_bounded,0,no_candidate,,0.0117108821868896,,
AUC,0,aligned,3,247,MCCE,bounded+edit,MCCE_bounded+edit,0,no_candidate,,0.0117108821868896,,
AUC,0,aligned,3,250,NICE,native,NICE_native,0,below_policy_threshold;immutable_changed:Test_1;immutable_changed:Test_2,11.025,0.0053083896636962,0.85,1.0
AUC,0,aligned,3,250,NICE,bounded,NICE_bounded,0,below_policy_threshold;classifier_target_not_met,5.625,0.0053083896636962,0.85,1.0
AUC,0,aligned,3,250,NICE,bounded+edit,NICE_bounded+edit,0,below_policy_threshold;classifier_target_not_met,5.625,0.0053083896636962,0.85,1.0
AUC,0,aligned,3,250,MCCE,native,MCCE_native,0,no_candidate,,0.0116345882415771,,
AUC,0,aligned,3,250,MCCE,bounded,MCCE_bounded,0,no_candidate,,0.0116345882415771,,
AUC,0,aligned,3,250,MCCE,bounded+edit,MCCE_bounded+edit,0,no_candidate,,0.0116345882415771,,
AUC,0,aligned,3,251,NICE,native,NICE_native,0,below_policy_threshold;immutable_changed:Test_3,14.85,0.0038812160491943,0.97,1.0
AUC,0,aligned,3,251,NICE,bounded,NICE_bounded,0,below_policy_threshold;classifier_target_not_met,14.0,0.0038812160491943,0.97,1.0
AUC,0,aligned,3,251,NICE,bounded+edit,NICE_bounded+edit,0,below_policy_threshold;classifier_target_not_met,14.0,0.0038812160491943,0.97,1.0
AUC,0,aligned,3,251,MCCE,native,MCCE_native,0,no_candidate,,0.0116047859191894,,
AUC,0,aligned,3,251,MCCE,bounded,MCCE_bounded,0,no_candidate,,0.0116047859191894,,
AUC,0,aligned,3,251,MCCE,bounded+edit,MCCE_bounded+edit,0,no_candidate,,0.0116047859191894,,
AUC,0,aligned,3,272,NICE,native,NICE_native,0,below_policy_threshold;immutable_changed:Test_1;immutable_changed:Test_2,11.025,0.0053856372833251,0.85,1.0
AUC,0,aligned,3,272,NICE,bounded,NICE_bounded,0,below_policy_threshold;classifier_target_not_met,6.4,0.0053856372833251,0.85,1.0
AUC,0,aligned,3,272,NICE,bounded+edit,NICE_bounded+edit,0,below_policy_threshold;classifier_target_not_met,6.4,0.0053856372833251,0.85,1.0
AUC,0,aligned,3,272,MCCE,native,MCCE_native,0,no_candidate,,0.0114738941192626,,
AUC,0,aligned,3,272,MCCE,bounded,MCCE_bounded,0,no_candidate,,0.0114738941192626,,
AUC,0,aligned,3,272,MCCE,bounded+edit,MCCE_bounded+edit,0,no_candidate,,0.0114738941192626,,
AUC,0,aligned,3,283,NICE,native,NICE_native,0,below_policy_threshold;immutable_changed:Test_2;immutable_changed:Test_3,14.75,0.0052626132965087,0.85,1.0
AUC,0,aligned,3,283,NICE,bounded,NICE_bounded,0,below_policy_threshold;classifier_target_not_met,12.75,0.0052626132965087,0.85,1.0
AUC,0,aligned,3,283,NICE,bounded+edit,NICE_bounded+edit,0,below_policy_threshold;classifier_target_not_met,12.75,0.0052626132965087,0.85,1.0
AUC,0,aligned,3,283,MCCE,native,MCCE_native,0,no_candidate,,0.0117707252502441,,
AUC,0,aligned,3,283,MCCE,bounded,MCCE_bounded,0,no_candidate,,0.0117707252502441,,
AUC,0,aligned,3,283,MCCE,bounded+edit,MCCE_bounded+edit,0,no_candidate,,0.0117707252502441,,
AUC,0,aligned,3,285,NICE,native,NICE_native,0,below_policy_threshold;immutable_changed:Test_2;immutable_changed:Test_3,14.5,0.0053987503051757,0.85,1.0
AUC,0,aligned,3,285,NICE,bounded,NICE_bounded,0,below_policy_threshold;classifier_target_not_met,9.5,0.0053987503051757,0.85,1.0
AUC,0,aligned,3,285,NICE,bounded+edit,NICE_bounded+edit,0,below_policy_threshold;classifier_target_not_met,9.5,0.0053987503051757,0.85,1.0
AUC,0,aligned,3,285,MCCE,native,MCCE_native,0,no_candidate,,0.0128743648529052,,
AUC,0,aligned,3,285,MCCE,bounded,MCCE_bounded,0,no_candidate,,0.0128743648529052,,
AUC,0,aligned,3,285,MCCE,bounded+edit,MCCE_bounded+edit,0,no_candidate,,0.0128743648529052,,
AUC,0,aligned,3,293,NICE,native,NICE_native,0,immutable_changed:Test_2;immutable_changed:Test_3,15.05,0.0053954124450683,0.7,1.0
AUC,0,aligned,3,293,NICE,bounded,NICE_bounded,0,below_policy_threshold;classifier_target_not_met,14.45,0.0053954124450683,0.7,1.0
AUC,0,aligned,3,293,NICE,bounded+edit,NICE_bounded+edit,0,below_policy_threshold;classifier_target_not_met,14.45,0.0053954124450683,0.7,1.0
AUC,0,aligned,3,293,MCCE,native,MCCE_native,1,OK,15.2,0.0175840854644775,1.0015521877291615,2.0
AUC,0,aligned,3,293,MCCE,bounded,MCCE_bounded,1,OK,15.2,0.0175840854644775,1.0015521877291615,2.0
AUC,0,aligned,3,293,MCCE,bounded+edit,MCCE_bounded+edit,1,OK,15.2,0.0175840854644775,1.0015521877291615,2.0
AUC,0,aligned,3,299,NICE,native,NICE_native,0,immutable_changed:Test_1;immutable_changed:Test_2;immutable_changed:Test_3,15.05,0.0066192150115966,0.7,1.0
AUC,0,aligned,3,299,NICE,bounded,NICE_bounded,0,below_policy_threshold;classifier_target_not_met,14.45,0.0066192150115966,0.7,1.0
AUC,0,aligned,3,299,NICE,bounded+edit,NICE_bounded+edit,0,below_policy_threshold;classifier_target_not_met,14.45,0.0066192150115966,0.7,1.0
AUC,0,aligned,3,299,MCCE,native,MCCE_native,0,out_of_bounds:sum_click,15.2,0.0181076526641845,0.8590682384946724,2.0
AUC,0,aligned,3,299,MCCE,bounded,MCCE_bounded,1,OK,15.2,0.0181076526641845,1.0177624121514397,2.0
AUC,0,aligned,3,299,MCCE,bounded+edit,MCCE_bounded+edit,1,OK,15.2,0.0181076526641845,1.0177624121514397,2.0
AUC,0,aligned,3,303,NICE,native,NICE_native,0,immutable_changed:Test_1;immutable_changed:Test_2;immutable_changed:Test_3,15.05,0.0066814422607421,0.7,1.0
AUC,0,aligned,3,303,NICE,bounded,NICE_bounded,0,below_policy_threshold;classifier_target_not_met,12.625,0.0066814422607421,0.7,1.0
AUC,0,aligned,3,303,NICE,bounded+edit,NICE_bounded+edit,0,below_policy_threshold;classifier_target_not_met,12.625,0.0066814422607421,0.7,1.0
AUC,0,aligned,3,303,MCCE,native,MCCE_native,0,no_candidate,,0.0117397308349609,,
AUC,0,aligned,3,303,MCCE,bounded,MCCE_bounded,0,no_candidate,,0.0117397308349609,,
AUC,0,aligned,3,303,MCCE,bounded+edit,MCCE_bounded+edit,0,no_candidate,,0.0117397308349609,,
AUC,0,aligned,3,306,NICE,native,NICE_native,0,immutable_changed:Test_2,15.3,0.0039448738098144,0.7,1.0
AUC,0,aligned,3,306,NICE,bounded,NICE_bounded,0,below_policy_threshold;classifier_target_not_met,14.7,0.0039448738098144,0.7,1.0
AUC,0,aligned,3,306,NICE,bounded+edit,NICE_bounded+edit,0,below_policy_threshold;classifier_target_not_met,14.7,0.0039448738098144,0.7,1.0
AUC,0,aligned,3,306,MCCE,native,MCCE_native,1,OK,15.7,0.0180709362030029,1.4967490536628816,2.0
AUC,0,aligned,3,306,MCCE,bounded,MCCE_bounded,1,OK,15.7,0.0180709362030029,1.4967490536628816,2.0
AUC,0,aligned,3,306,MCCE,bounded+edit,MCCE_bounded+edit,1,OK,15.7,0.0180709362030029,1.4967490536628816,2.0
AUC,0,aligned,3,310,NICE,native,NICE_native,1,OK,15.1,0.0027410984039306,0.82,1.0
AUC,0,aligned,3,310,NICE,bounded,NICE_bounded,1,OK,15.1,0.0027410984039306,0.82,1.0
AUC,0,aligned,3,310,NICE,bounded+edit,NICE_bounded+edit,1,OK,15.1,0.0027410984039306,0.82,1.0
AUC,0,aligned,3,310,MCCE,native,MCCE_native,1,OK,15.35,0.0177276134490966,1.0883555100648243,2.0
AUC,0,aligned,3,310,MCCE,bounded,MCCE_bounded,1,OK,15.35,0.0177276134490966,1.0883555100648243,2.0
AUC,0,aligned,3,310,MCCE,bounded+edit,MCCE_bounded+edit,1,OK,15.35,0.0177276134490966,1.0883555100648243,2.0
AUC,0,aligned,3,318,NICE,native,NICE_native,0,immutable_changed:Test_2;immutable_changed:Test_3,15.3,0.005256175994873,0.8099999999999999,1.0
AUC,0,aligned,3,318,NICE,bounded,NICE_bounded,0,below_policy_threshold;classifier_target_not_met,13.8,0.005256175994873,0.8099999999999999,1.0
AUC,0,aligned,3,318,NICE,bounded+edit,NICE_bounded+edit,0,below_policy_threshold;classifier_target_not_met,13.8,0.005256175994873,0.8099999999999999,1.0
AUC,0,aligned,3,318,MCCE,native,MCCE_native,0,no_candidate,,0.0126638412475585,,
AUC,0,aligned,3,318,MCCE,bounded,MCCE_bounded,0,no_candidate,,0.0126638412475585,,
AUC,0,aligned,3,318,MCCE,bounded+edit,MCCE_bounded+edit,0,no_candidate,,0.0126638412475585,,
AUC,0,aligned,3,327,NICE,native,NICE_native,0,immutable_changed:Test_2,15.025,0.0041136741638183,0.8,1.0
AUC,0,aligned,3,327,NICE,bounded,NICE_bounded,0,below_policy_threshold;classifier_target_not_met,14.775,0.0041136741638183,0.8,1.0
AUC,0,aligned,3,327,NICE,bounded+edit,NICE_bounded+edit,0,below_policy_threshold;classifier_target_not_met,14.775,0.0041136741638183,0.8,1.0
AUC,0,aligned,3,327,MCCE,native,MCCE_native,0,out_of_bounds:sum_click,15.275,0.0158073902130126,1.6683863885839745,2.0
AUC,0,aligned,3,327,MCCE,bounded,MCCE_bounded,0,no_candidate,,0.0158073902130126,,
AUC,0,aligned,3,327,MCCE,bounded+edit,MCCE_bounded+edit,0,no_candidate,,0.0158073902130126,,
AUC,0,aligned,3,339,NICE,native,NICE_native,0,below_policy_threshold;immutable_changed:Test_1;immutable_changed:Test_2,14.775,0.0054147243499755,0.85,1.0
AUC,0,aligned,3,339,NICE,bounded,NICE_bounded,0,below_policy_threshold;classifier_target_not_met,13.875,0.0054147243499755,0.85,1.0
AUC,0,aligned,3,339,NICE,bounded+edit,NICE_bounded+edit,0,below_policy_threshold;classifier_target_not_met,13.875,0.0054147243499755,0.85,1.0
AUC,0,aligned,3,339,MCCE,native,MCCE_native,0,no_candidate,,0.0115220546722412,,
AUC,0,aligned,3,339,MCCE,bounded,MCCE_bounded,0,no_candidate,,0.0115220546722412,,
AUC,0,aligned,3,339,MCCE,bounded+edit,MCCE_bounded+edit,0,no_candidate,,0.0115220546722412,,
AUC,0,aligned,3,344,NICE,native,NICE_native,0,immutable_changed:Test_2,15.25,0.0039560794830322,0.93,1.0
AUC,0,aligned,3,344,NICE,bounded,NICE_bounded,0,below_policy_threshold;classifier_target_not_met,14.75,0.0039560794830322,0.93,1.0
AUC,0,aligned,3,344,NICE,bounded+edit,NICE_bounded+edit,0,below_policy_threshold;classifier_target_not_met,14.75,0.0039560794830322,0.93,1.0
AUC,0,aligned,3,344,MCCE,native,MCCE_native,0,no_candidate,,0.0115323066711425,,
AUC,0,aligned,3,344,MCCE,bounded,MCCE_bounded,0,no_candidate,,0.0115323066711425,,
AUC,0,aligned,3,344,MCCE,bounded+edit,MCCE_bounded+edit,0,no_candidate,,0.0115323066711425,,
AUC,0,aligned,3,360,NICE,native,NICE_native,0,immutable_changed:Test_2;immutable_changed:Test_3,15.025,0.005389928817749,0.7,1.0
AUC,0,aligned,3,360,NICE,bounded,NICE_bounded,0,below_policy_threshold;classifier_target_not_met,5.725,0.005389928817749,0.7,1.0
AUC,0,aligned,3,360,NICE,bounded+edit,NICE_bounded+edit,0,below_policy_threshold;classifier_target_not_met,5.725,0.005389928817749,0.7,1.0
AUC,0,aligned,3,360,MCCE,native,MCCE_native,0,no_candidate,,0.0124924182891845,,
AUC,0,aligned,3,360,MCCE,bounded,MCCE_bounded,0,no_candidate,,0.0124924182891845,,
AUC,0,aligned,3,360,MCCE,bounded+edit,MCCE_bounded+edit,0,no_candidate,,0.0124924182891845,,
AUC,0,aligned,3,400,NICE,native,NICE_native,0,immutable_changed:Test_1;immutable_changed:Test_2;immutable_changed:Test_3,15.05,0.006636619567871,0.7,1.0
AUC,0,aligned,3,400,NICE,bounded,NICE_bounded,0,below_policy_threshold;classifier_target_not_met,14.425,0.006636619567871,0.7,1.0
AUC,0,aligned,3,400,NICE,bounded+edit,NICE_bounded+edit,0,below_policy_threshold;classifier_target_not_met,14.425,0.006636619567871,0.7,1.0
AUC,0,aligned,3,400,MCCE,native,MCCE_native,0,out_of_bounds:sum_click,15.425,0.0182254314422607,0.9617965129110572,2.0
AUC,0,aligned,3,400,MCCE,bounded,MCCE_bounded,1,OK,15.425,0.0182254314422607,0.9838666960935776,2.0
AUC,0,aligned,3,400,MCCE,bounded+edit,MCCE_bounded+edit,1,OK,15.425,0.0182254314422607,0.9838666960935776,2.0
AUC,0,aligned,3,401,NICE,native,NICE_native,0,below_policy_threshold;immutable_changed:Test_1;immutable_changed:Test_2,12.775,0.005406379699707,0.85,1.0
AUC,0,aligned,3,401,NICE,bounded,NICE_bounded,0,below_policy_threshold;classifier_target_not_met,8.5,0.005406379699707,0.85,1.0
AUC,0,aligned,3,401,NICE,bounded+edit,NICE_bounded+edit,0,below_policy_threshold;classifier_target_not_met,8.5,0.005406379699707,0.85,1.0
AUC,0,aligned,3,401,MCCE,native,MCCE_native,0,no_candidate,,0.0120141506195068,,
AUC,0,aligned,3,401,MCCE,bounded,MCCE_bounded,0,no_candidate,,0.0120141506195068,,
AUC,0,aligned,3,401,MCCE,bounded+edit,MCCE_bounded+edit,0,no_candidate,,0.0120141506195068,,
AUC,0,aligned,3,414,NICE,native,NICE_native,0,below_policy_threshold;immutable_changed:Test_2,14.75,0.0039358139038085,0.85,1.0
AUC,0,aligned,3,414,NICE,bounded,NICE_bounded,0,below_policy_threshold;classifier_target_not_met,14.25,0.0039358139038085,0.85,1.0
AUC,0,aligned,3,414,NICE,bounded+edit,NICE_bounded+edit,0,below_policy_threshold;classifier_target_not_met,14.25,0.0039358139038085,0.85,1.0
AUC,0,aligned,3,414,MCCE,native,MCCE_native,0,no_candidate,,0.0116796493530273,,
AUC,0,aligned,3,414,MCCE,bounded,MCCE_bounded,0,no_candidate,,0.0116796493530273,,
AUC,0,aligned,3,414,MCCE,bounded+edit,MCCE_bounded+edit,0,no_candidate,,0.0116796493530273,,
AUC,0,aligned,3,416,NICE,native,NICE_native,0,immutable_changed:Test_2,15.425,0.0039370059967041,0.82,1.0
AUC,0,aligned,3,416,NICE,bounded,NICE_bounded,0,below_policy_threshold;classifier_target_not_met,14.125,0.0039370059967041,0.82,1.0
AUC,0,aligned,3,416,NICE,bounded+edit,NICE_bounded+edit,0,below_policy_threshold;classifier_target_not_met,14.125,0.0039370059967041,0.82,1.0
AUC,0,aligned,3,416,MCCE,native,MCCE_native,0,no_candidate,,0.011913776397705,,
AUC,0,aligned,3,416,MCCE,bounded,MCCE_bounded,0,no_candidate,,0.011913776397705,,
AUC,0,aligned,3,416,MCCE,bounded+edit,MCCE_bounded+edit,0,no_candidate,,0.011913776397705,,
AUC,0,aligned,3,420,NICE,native,NICE_native,0,immutable_changed:Test_3,15.225,0.0042433738708496,0.93,1.0
AUC,0,aligned,3,420,NICE,bounded,NICE_bounded,0,below_policy_threshold;classifier_target_not_met,14.075,0.0042433738708496,0.93,1.0
AUC,0,aligned,3,420,NICE,bounded+edit,NICE_bounded+edit,0,below_policy_threshold;classifier_target_not_met,14.075,0.0042433738708496,0.93,1.0
AUC,0,aligned,3,420,MCCE,native,MCCE_native,0,no_candidate,,0.011542797088623,,
AUC,0,aligned,3,420,MCCE,bounded,MCCE_bounded,0,no_candidate,,0.011542797088623,,
AUC,0,aligned,3,420,MCCE,bounded+edit,MCCE_bounded+edit,0,no_candidate,,0.011542797088623,,
AUC,0,aligned,3,426,NICE,native,NICE_native,0,immutable_changed:Test_3,15.15,0.0038948059082031,0.7,1.0
AUC,0,aligned,3,426,NICE,bounded,NICE_bounded,0,below_policy_threshold;classifier_target_not_met,10.4,0.0038948059082031,0.7,1.0
AUC,0,aligned,3,426,NICE,bounded+edit,NICE_bounded+edit,0,below_policy_threshold;classifier_target_not_met,10.4,0.0038948059082031,0.7,1.0
AUC,0,aligned,3,426,MCCE,native,MCCE_native,0,no_candidate,,0.0119159221649169,,
AUC,0,aligned,3,426,MCCE,bounded,MCCE_bounded,0,no_candidate,,0.0119159221649169,,
AUC,0,aligned,3,426,MCCE,bounded+edit,MCCE_bounded+edit,0,no_candidate,,0.0119159221649169,,
AUC,0,aligned,3,451,NICE,native,NICE_native,0,immutable_changed:Test_2,15.55,0.0039854049682617,0.8,1.0
AUC,0,aligned,3,451,NICE,bounded,NICE_bounded,0,below_policy_threshold;classifier_target_not_met,14.725,0.0039854049682617,0.8,1.0
AUC,0,aligned,3,451,NICE,bounded+edit,NICE_bounded+edit,0,below_policy_threshold;classifier_target_not_met,14.725,0.0039854049682617,0.8,1.0
AUC,0,aligned,3,451,MCCE,native,MCCE_native,0,no_candidate,,0.0098423957824707,,
AUC,0,aligned,3,451,MCCE,bounded,MCCE_bounded,0,no_candidate,,0.0098423957824707,,
AUC,0,aligned,3,451,MCCE,bounded+edit,MCCE_bounded+edit,0,no_candidate,,0.0098423957824707,,
AUC,0,aligned,3,460,NICE,native,NICE_native,0,below_policy_threshold,14.975,0.0026440620422363,0.85,1.0
AUC,0,aligned,3,460,NICE,bounded,NICE_bounded,0,below_policy_threshold,14.975,0.0026440620422363,0.85,1.0
AUC,0,aligned,3,460,NICE,bounded+edit,NICE_bounded+edit,0,below_policy_threshold,14.975,0.0026440620422363,0.85,1.0
AUC,0,aligned,3,460,MCCE,native,MCCE_native,0,below_policy_threshold;out_of_bounds:sum_click,14.975,0.0177209377288818,0.8617267663441806,2.0
AUC,0,aligned,3,460,MCCE,bounded,MCCE_bounded,0,below_policy_threshold,14.975,0.0177209377288818,1.3777044854881266,2.0
AUC,0,aligned,3,460,MCCE,bounded+edit,MCCE_bounded+edit,0,below_policy_threshold,14.975,0.0177209377288818,1.3777044854881266,2.0
AUC,0,aligned,3,463,NICE,native,NICE_native,1,OK,15.25,0.0025954246520996,0.85,1.0
AUC,0,aligned,3,463,NICE,bounded,NICE_bounded,1,OK,15.25,0.0025954246520996,0.85,1.0
AUC,0,aligned,3,463,NICE,bounded+edit,NICE_bounded+edit,1,OK,15.25,0.0025954246520996,0.85,1.0
AUC,0,aligned,3,463,MCCE,native,MCCE_native,1,OK,15.2,0.0178039073944091,0.9096864111498258,2.0
AUC,0,aligned,3,463,MCCE,bounded,MCCE_bounded,1,OK,15.2,0.0178039073944091,0.9096864111498258,2.0
AUC,0,aligned,3,463,MCCE,bounded+edit,MCCE_bounded+edit,1,OK,15.2,0.0178039073944091,0.9096864111498258,2.0
AUC,0,aligned,3,474,NICE,native,NICE_native,0,below_policy_threshold;immutable_changed:Test_3,11.5,0.0040616989135742,0.92,1.0
AUC,0,aligned,3,474,NICE,bounded,NICE_bounded,0,below_policy_threshold;classifier_target_not_met,7.1,0.0040616989135742,0.92,1.0
AUC,0,aligned,3,474,NICE,bounded+edit,NICE_bounded+edit,0,below_policy_threshold;classifier_target_not_met,7.1,0.0040616989135742,0.92,1.0
AUC,0,aligned,3,474,MCCE,native,MCCE_native,0,no_candidate,,0.0120429992675781,,
AUC,0,aligned,3,474,MCCE,bounded,MCCE_bounded,0,no_candidate,,0.0120429992675781,,
AUC,0,aligned,3,474,MCCE,bounded+edit,MCCE_bounded+edit,0,no_candidate,,0.0120429992675781,,
AUC,0,aligned,3,475,NICE,native,NICE_native,0,immutable_changed:Test_2;immutable_changed:Test_3,15.05,0.0054197311401367,0.8099999999999999,1.0
AUC,0,aligned,3,475,NICE,bounded,NICE_bounded,0,below_policy_threshold;classifier_target_not_met,10.65,0.0054197311401367,0.8099999999999999,1.0
AUC,0,aligned,3,475,NICE,bounded+edit,NICE_bounded+edit,0,below_policy_threshold;classifier_target_not_met,10.65,0.0054197311401367,0.8099999999999999,1.0
AUC,0,aligned,3,475,MCCE,native,MCCE_native,0,no_candidate,,0.0118122100830078,,
AUC,0,aligned,3,475,MCCE,bounded,MCCE_bounded,0,no_candidate,,0.0118122100830078,,
AUC,0,aligned,3,475,MCCE,bounded+edit,MCCE_bounded+edit,0,no_candidate,,0.0118122100830078,,
AUC,0,aligned,3,482,NICE,native,NICE_native,0,below_policy_threshold;immutable_changed:Test_1;immutable_changed:Test_2,11.025,0.0055122375488281,0.85,1.0
AUC,0,aligned,3,482,NICE,bounded,NICE_bounded,0,below_policy_threshold;classifier_target_not_met,5.75,0.0055122375488281,0.85,1.0
AUC,0,aligned,3,482,NICE,bounded+edit,NICE_bounded+edit,0,below_policy_threshold;classifier_target_not_met,5.75,0.0055122375488281,0.85,1.0
AUC,0,aligned,3,482,MCCE,native,MCCE_native,0,no_candidate,,0.0115926265716552,,
AUC,0,aligned,3,482,MCCE,bounded,MCCE_bounded,0,no_candidate,,0.0115926265716552,,
AUC,0,aligned,3,482,MCCE,bounded+edit,MCCE_bounded+edit,0,no_candidate,,0.0115926265716552,,
AUC,0,aligned,3,489,NICE,native,NICE_native,0,below_policy_threshold;immutable_changed:Test_2,15.0,0.0040657520294189,0.9,1.0
AUC,0,aligned,3,489,NICE,bounded,NICE_bounded,0,below_policy_threshold;classifier_target_not_met,14.5,0.0040657520294189,0.9,1.0
AUC,0,aligned,3,489,NICE,bounded+edit,NICE_bounded+edit,0,below_policy_threshold;classifier_target_not_met,14.5,0.0040657520294189,0.9,1.0
AUC,0,aligned,3,489,MCCE,native,MCCE_native,0,no_candidate,,0.0122294425964355,,
AUC,0,aligned,3,489,MCCE,bounded,MCCE_bounded,0,no_candidate,,0.0122294425964355,,
AUC,0,aligned,3,489,MCCE,bounded+edit,MCCE_bounded+edit,0,no_candidate,,0.0122294425964355,,
AUC,0,aligned,3,500,NICE,native,NICE_native,0,below_policy_threshold;immutable_changed:Test_2,15.0,0.0040302276611328,0.85,1.0
AUC,0,aligned,3,500,NICE,bounded,NICE_bounded,0,below_policy_threshold;classifier_target_not_met,14.5,0.0040302276611328,0.85,1.0
AUC,0,aligned,3,500,NICE,bounded+edit,NICE_bounded+edit,0,below_policy_threshold;classifier_target_not_met,14.5,0.0040302276611328,0.85,1.0
AUC,0,aligned,3,500,MCCE,native,MCCE_native,0,below_policy_threshold,14.9,0.0193510055541992,1.02705596894209,2.0
AUC,0,aligned,3,500,MCCE,bounded,MCCE_bounded,0,below_policy_threshold,14.9,0.0193510055541992,1.02705596894209,2.0
AUC,0,aligned,3,500,MCCE,bounded+edit,MCCE_bounded+edit,0,below_policy_threshold,14.9,0.0193510055541992,1.02705596894209,2.0
AUC,0,aligned,3,514,NICE,native,NICE_native,0,immutable_changed:Test_2;immutable_changed:Test_3,15.275,0.0052838325500488,0.9,1.0
AUC,0,aligned,3,514,NICE,bounded,NICE_bounded,0,below_policy_threshold;classifier_target_not_met,14.325,0.0052838325500488,0.9,1.0
AUC,0,aligned,3,514,NICE,bounded+edit,NICE_bounded+edit,0,below_policy_threshold;classifier_target_not_met,14.325,0.0052838325500488,0.9,1.0
AUC,0,aligned,3,514,MCCE,native,MCCE_native,0,no_candidate,,0.0119800567626953,,
AUC,0,aligned,3,514,MCCE,bounded,MCCE_bounded,0,no_candidate,,0.0119800567626953,,
AUC,0,aligned,3,514,MCCE,bounded+edit,MCCE_bounded+edit,0,no_candidate,,0.0119800567626953,,
AUC,0,aligned,3,523,NICE,native,NICE_native,0,below_policy_threshold;immutable_changed:Test_1;immutable_changed:Test_2,13.525,0.0052258968353271,0.85,1.0
AUC,0,aligned,3,523,NICE,bounded,NICE_bounded,0,below_policy_threshold;classifier_target_not_met,11.5,0.0052258968353271,0.85,1.0
AUC,0,aligned,3,523,NICE,bounded+edit,NICE_bounded+edit,0,below_policy_threshold;classifier_target_not_met,11.5,0.0052258968353271,0.85,1.0
AUC,0,aligned,3,523,MCCE,native,MCCE_native,0,no_candidate,,0.0121142864227294,,
AUC,0,aligned,3,523,MCCE,bounded,MCCE_bounded,0,no_candidate,,0.0121142864227294,,
AUC,0,aligned,3,523,MCCE,bounded+edit,MCCE_bounded+edit,0,no_candidate,,0.0121142864227294,,
AUC,0,aligned,3,527,NICE,native,NICE_native,0,immutable_changed:Test_2,15.625,0.004019021987915,0.8,1.0
AUC,0,aligned,3,527,NICE,bounded,NICE_bounded,0,classifier_target_not_met,15.275,0.004019021987915,0.8,1.0
AUC,0,aligned,3,527,NICE,bounded+edit,NICE_bounded+edit,0,classifier_target_not_met,15.275,0.004019021987915,0.8,1.0
AUC,0,aligned,3,527,MCCE,native,MCCE_native,0,out_of_bounds:sum_click,15.775,0.0172832012176513,1.0103617412630288,2.0
AUC,0,aligned,3,527,MCCE,bounded,MCCE_bounded,0,no_candidate,,0.0172832012176513,,
AUC,0,aligned,3,527,MCCE,bounded+edit,MCCE_bounded+edit,0,no_candidate,,0.0172832012176513,,
AUC,0,aligned,3,530,NICE,native,NICE_native,0,below_policy_threshold;immutable_changed:Test_2,13.8,0.0041165351867675,0.93,1.0
AUC,0,aligned,3,530,NICE,bounded,NICE_bounded,0,below_policy_threshold;classifier_target_not_met,13.35,0.0041165351867675,0.93,1.0
AUC,0,aligned,3,530,NICE,bounded+edit,NICE_bounded+edit,0,below_policy_threshold;classifier_target_not_met,13.35,0.0041165351867675,0.93,1.0
AUC,0,aligned,3,530,MCCE,native,MCCE_native,0,no_candidate,,0.012237548828125,,
AUC,0,aligned,3,530,MCCE,bounded,MCCE_bounded,0,no_candidate,,0.012237548828125,,
AUC,0,aligned,3,530,MCCE,bounded+edit,MCCE_bounded+edit,0,no_candidate,,0.012237548828125,,
AUC,0,aligned,3,531,NICE,native,NICE_native,0,immutable_changed:Test_1;immutable_changed:Test_2;immutable_changed:Test_3,15.05,0.0066735744476318,0.7,1.0
AUC,0,aligned,3,531,NICE,bounded,NICE_bounded,0,below_policy_threshold;classifier_target_not_met,13.9,0.0066735744476318,0.7,1.0
AUC,0,aligned,3,531,NICE,bounded+edit,NICE_bounded+edit,0,below_policy_threshold;classifier_target_not_met,13.9,0.0066735744476318,0.7,1.0
AUC,0,aligned,3,531,MCCE,native,MCCE_native,1,OK,15.05,0.0176546573638916,1.0629583226796218,2.0
AUC,0,aligned,3,531,MCCE,bounded,MCCE_bounded,1,OK,15.05,0.0176546573638916,1.0629583226796218,2.0
AUC,0,aligned,3,531,MCCE,bounded+edit,MCCE_bounded+edit,1,OK,15.05,0.0176546573638916,1.0629583226796218,2.0
AUC,0,aligned,3,542,NICE,native,NICE_native,0,below_policy_threshold,15.0,0.0027291774749755,0.9,1.0
AUC,0,aligned,3,542,NICE,bounded,NICE_bounded,0,below_policy_threshold,15.0,0.0027291774749755,0.9,1.0
AUC,0,aligned,3,542,NICE,bounded+edit,NICE_bounded+edit,0,below_policy_threshold,15.0,0.0027291774749755,0.9,1.0
AUC,0,aligned,3,542,MCCE,native,MCCE_native,0,no_candidate,,0.0121974945068359,,
AUC,0,aligned,3,542,MCCE,bounded,MCCE_bounded,0,no_candidate,,0.0121974945068359,,
AUC,0,aligned,3,542,MCCE,bounded+edit,MCCE_bounded+edit,0,no_candidate,,0.0121974945068359,,
AUC,0,aligned,3,546,NICE,native,NICE_native,0,below_policy_threshold,14.9,0.0027403831481933,0.85,1.0
AUC,0,aligned,3,546,NICE,bounded,NICE_bounded,0,below_policy_threshold,14.9,0.0027403831481933,0.85,1.0
AUC,0,aligned,3,546,NICE,bounded+edit,NICE_bounded+edit,0,below_policy_threshold,14.9,0.0027403831481933,0.85,1.0
AUC,0,aligned,3,546,MCCE,native,MCCE_native,1,OK,15.249999999999998,0.0175836086273193,0.9617645523362046,2.0
AUC,0,aligned,3,546,MCCE,bounded,MCCE_bounded,1,OK,15.249999999999998,0.0175836086273193,0.9617645523362046,2.0
AUC,0,aligned,3,546,MCCE,bounded+edit,MCCE_bounded+edit,1,OK,15.249999999999998,0.0175836086273193,0.9617645523362046,2.0
AUC,0,aligned,3,548,NICE,native,NICE_native,0,below_policy_threshold;immutable_changed:Test_2,14.95,0.0039305686950683,0.8699999999999999,1.0
AUC,0,aligned,3,548,NICE,bounded,NICE_bounded,0,below_policy_threshold;classifier_target_not_met,14.4,0.0039305686950683,0.8699999999999999,1.0
AUC,0,aligned,3,548,NICE,bounded+edit,NICE_bounded+edit,0,below_policy_threshold;classifier_target_not_met,14.4,0.0039305686950683,0.8699999999999999,1.0
AUC,0,aligned,3,548,MCCE,native,MCCE_native,0,no_candidate,,0.0098400115966796,,
AUC,0,aligned,3,548,MCCE,bounded,MCCE_bounded,0,no_candidate,,0.0098400115966796,,
AUC,0,aligned,3,548,MCCE,bounded+edit,MCCE_bounded+edit,0,no_candidate,,0.0098400115966796,,
AUC,0,aligned,3,557,NICE,native,NICE_native,1,OK,15.35,0.0027801990509033,0.92,1.0
AUC,0,aligned,3,557,NICE,bounded,NICE_bounded,1,OK,15.35,0.0027801990509033,0.92,1.0
AUC,0,aligned,3,557,NICE,bounded+edit,NICE_bounded+edit,1,OK,15.35,0.0027801990509033,0.92,1.0
AUC,0,aligned,3,557,MCCE,native,MCCE_native,0,out_of_bounds:sum_click,15.35,0.0178494453430175,0.93126443255421,2.0
AUC,0,aligned,3,557,MCCE,bounded,MCCE_bounded,1,OK,15.35,0.0178494453430175,0.9368966488313152,2.0
AUC,0,aligned,3,557,MCCE,bounded+edit,MCCE_bounded+edit,1,OK,15.35,0.0178494453430175,0.9368966488313152,2.0
AUC,0,aligned,3,561,NICE,native,NICE_native,0,immutable_changed:Test_3,15.325,0.0039498805999755,0.8,1.0
AUC,0,aligned,3,561,NICE,bounded,NICE_bounded,0,below_policy_threshold;classifier_target_not_met,14.875,0.0039498805999755,0.8,1.0
AUC,0,aligned,3,561,NICE,bounded+edit,NICE_bounded+edit,0,below_policy_threshold;classifier_target_not_met,14.875,0.0039498805999755,0.8,1.0
AUC,0,aligned,3,561,MCCE,native,MCCE_native,1,OK,15.375,0.0172417163848876,1.3958677685950418,2.0
AUC,0,aligned,3,561,MCCE,bounded,MCCE_bounded,1,OK,15.375,0.0172417163848876,1.3958677685950418,2.0
AUC,0,aligned,3,561,MCCE,bounded+edit,MCCE_bounded+edit,1,OK,15.375,0.0172417163848876,1.3958677685950418,2.0
AUC,0,aligned,3,573,NICE,native,NICE_native,0,below_policy_threshold;immutable_changed:Test_2;immutable_changed:Test_3,14.625,0.005347728729248,0.85,1.0
AUC,0,aligned,3,573,NICE,bounded,NICE_bounded,0,below_policy_threshold;classifier_target_not_met,11.625,0.005347728729248,0.85,1.0
AUC,0,aligned,3,573,NICE,bounded+edit,NICE_bounded+edit,0,below_policy_threshold;classifier_target_not_met,11.625,0.005347728729248,0.85,1.0
AUC,0,aligned,3,573,MCCE,native,MCCE_native,0,no_candidate,,0.0123388767242431,,
AUC,0,aligned,3,573,MCCE,bounded,MCCE_bounded,0,no_candidate,,0.0123388767242431,,
AUC,0,aligned,3,573,MCCE,bounded+edit,MCCE_bounded+edit,0,no_candidate,,0.0123388767242431,,
AUC,0,aligned,3,580,NICE,native,NICE_native,0,below_policy_threshold,14.95,0.0027360916137695,0.85,1.0
AUC,0,aligned,3,580,NICE,bounded,NICE_bounded,0,below_policy_threshold,14.95,0.0027360916137695,0.85,1.0
AUC,0,aligned,3,580,NICE,bounded+edit,NICE_bounded+edit,0,below_policy_threshold,14.95,0.0027360916137695,0.85,1.0
AUC,0,aligned,3,580,MCCE,native,MCCE_native,0,below_policy_threshold;out_of_bounds:sum_click,14.95,0.017594575881958,0.9384694780300796,2.0
AUC,0,aligned,3,580,MCCE,bounded,MCCE_bounded,0,below_policy_threshold,14.95,0.017594575881958,0.9679593040401062,2.0
AUC,0,aligned,3,580,MCCE,bounded+edit,MCCE_bounded+edit,0,below_policy_threshold,14.95,0.017594575881958,0.9679593040401062,2.0
AUC,0,aligned,3,582,NICE,native,NICE_native,0,below_policy_threshold;immutable_changed:Test_2,11.0,0.0039479732513427,0.85,1.0
AUC,0,aligned,3,582,NICE,bounded,NICE_bounded,0,below_policy_threshold;classifier_target_not_met,6.5,0.0039479732513427,0.85,1.0
AUC,0,aligned,3,582,NICE,bounded+edit,NICE_bounded+edit,0,below_policy_threshold;classifier_target_not_met,6.5,0.0039479732513427,0.85,1.0
AUC,0,aligned,3,582,MCCE,native,MCCE_native,0,no_candidate,,0.0121755599975585,,
AUC,0,aligned,3,582,MCCE,bounded,MCCE_bounded,0,no_candidate,,0.0121755599975585,,
AUC,0,aligned,3,582,MCCE,bounded+edit,MCCE_bounded+edit,0,no_candidate,,0.0121755599975585,,
AUC,0,aligned,3,595,NICE,native,NICE_native,0,immutable_changed:Test_1;immutable_changed:Test_2;immutable_changed:Test_3,15.05,0.0067894458770751,0.7,1.0
AUC,0,aligned,3,595,NICE,bounded,NICE_bounded,0,below_policy_threshold;classifier_target_not_met,10.025,0.0067894458770751,0.7,1.0
AUC,0,aligned,3,595,NICE,bounded+edit,NICE_bounded+edit,0,below_policy_threshold;classifier_target_not_met,10.025,0.0067894458770751,0.7,1.0
AUC,0,aligned,3,595,MCCE,native,MCCE_native,0,no_candidate,,0.0118927955627441,,
AUC,0,aligned,3,595,MCCE,bounded,MCCE_bounded,0,no_candidate,,0.0118927955627441,,
AUC,0,aligned,3,595,MCCE,bounded+edit,MCCE_bounded+edit,0,no_candidate,,0.0118927955627441,,
AUC,0,aligned,3,597,NICE,native,NICE_native,0,below_policy_threshold;immutable_changed:Test_1;immutable_changed:Test_2,11.025,0.0054807662963867,0.85,1.0
AUC,0,aligned,3,597,NICE,bounded,NICE_bounded,0,below_policy_threshold;classifier_target_not_met,6.125,0.0054807662963867,0.85,1.0
AUC,0,aligned,3,597,NICE,bounded+edit,NICE_bounded+edit,0,below_policy_threshold;classifier_target_not_met,6.125,0.0054807662963867,0.85,1.0
AUC,0,aligned,3,597,MCCE,native,MCCE_native,0,no_candidate,,0.0120038986206054,,
AUC,0,aligned,3,597,MCCE,bounded,MCCE_bounded,0,no_candidate,,0.0120038986206054,,
AUC,0,aligned,3,597,MCCE,bounded+edit,MCCE_bounded+edit,0,no_candidate,,0.0120038986206054,,
AUC,0,aligned,3,598,NICE,native,NICE_native,0,immutable_changed:Test_2;immutable_changed:Test_3,15.05,0.0061085224151611,0.7,1.0
AUC,0,aligned,3,598,NICE,bounded,NICE_bounded,0,below_policy_threshold;classifier_target_not_met,5.75,0.0061085224151611,0.7,1.0
AUC,0,aligned,3,598,NICE,bounded+edit,NICE_bounded+edit,0,below_policy_threshold;classifier_target_not_met,5.75,0.0061085224151611,0.7,1.0
AUC,0,aligned,3,598,MCCE,native,MCCE_native,0,no_candidate,,0.01155686378479,,
AUC,0,aligned,3,598,MCCE,bounded,MCCE_bounded,0,no_candidate,,0.01155686378479,,
AUC,0,aligned,3,598,MCCE,bounded+edit,MCCE_bounded+edit,0,no_candidate,,0.01155686378479,,
AUC,0,aligned,3,603,NICE,native,NICE_native,0,immutable_changed:Test_1;immutable_changed:Test_2,15.05,0.0053730010986328,0.7,1.0
AUC,0,aligned,3,603,NICE,bounded,NICE_bounded,0,below_policy_threshold;classifier_target_not_met,14.875,0.0053730010986328,0.7,1.0
AUC,0,aligned,3,603,NICE,bounded+edit,NICE_bounded+edit,0,below_policy_threshold;classifier_target_not_met,14.875,0.0053730010986328,0.7,1.0
AUC,0,aligned,3,603,MCCE,native,MCCE_native,0,out_of_bounds:sum_click,16.325,0.0156619548797607,1.07490930142802,2.0
AUC,0,aligned,3,603,MCCE,bounded,MCCE_bounded,0,no_candidate,,0.0156619548797607,,
AUC,0,aligned,3,603,MCCE,bounded+edit,MCCE_bounded+edit,0,no_candidate,,0.0156619548797607,,
AUC,0,aligned,3,619,NICE,native,NICE_native,0,immutable_changed:Test_2,15.325,0.0040152072906494,0.8,1.0
AUC,0,aligned,3,619,NICE,bounded,NICE_bounded,0,below_policy_threshold;classifier_target_not_met,14.575,0.0040152072906494,0.8,1.0
AUC,0,aligned,3,619,NICE,bounded+edit,NICE_bounded+edit,0,below_policy_threshold;classifier_target_not_met,14.575,0.0040152072906494,0.8,1.0
AUC,0,aligned,3,619,MCCE,native,MCCE_native,0,out_of_bounds:sum_click,15.175,0.0181479454040527,0.9257620282339384,2.0
AUC,0,aligned,3,619,MCCE,bounded,MCCE_bounded,1,OK,15.175,0.0181479454040527,1.1447191011235955,2.0
AUC,0,aligned,3,619,MCCE,bounded+edit,MCCE_bounded+edit,1,OK,15.175,0.0181479454040527,1.1447191011235955,2.0
AUC,0,aligned,3,625,NICE,native,NICE_native,0,below_policy_threshold;immutable_changed:Test_1;immutable_changed:Test_2,14.925,0.0054335594177246,0.85,1.0
AUC,0,aligned,3,625,NICE,bounded,NICE_bounded,0,below_policy_threshold;classifier_target_not_met,13.15,0.0054335594177246,0.85,1.0
AUC,0,aligned,3,625,NICE,bounded+edit,NICE_bounded+edit,0,below_policy_threshold;classifier_target_not_met,13.15,0.0054335594177246,0.85,1.0
AUC,0,aligned,3,625,MCCE,native,MCCE_native,0,no_candidate,,0.0118494033813476,,
AUC,0,aligned,3,625,MCCE,bounded,MCCE_bounded,0,no_candidate,,0.0118494033813476,,
AUC,0,aligned,3,625,MCCE,bounded+edit,MCCE_bounded+edit,0,no_candidate,,0.0118494033813476,,
AUC,0,aligned,3,638,NICE,native,NICE_native,0,below_policy_threshold;immutable_changed:Test_2;immutable_changed:Test_3,13.25,0.0054163932800292,0.85,1.0
AUC,0,aligned,3,638,NICE,bounded,NICE_bounded,0,below_policy_threshold;classifier_target_not_met,4.25,0.0054163932800292,0.85,1.0
AUC,0,aligned,3,638,NICE,bounded+edit,NICE_bounded+edit,0,below_policy_threshold;classifier_target_not_met,4.25,0.0054163932800292,0.85,1.0
AUC,0,aligned,3,638,MCCE,native,MCCE_native,0,no_candidate,,0.0116553306579589,,
AUC,0,aligned,3,638,MCCE,bounded,MCCE_bounded,0,no_candidate,,0.0116553306579589,,
AUC,0,aligned,3,638,MCCE,bounded+edit,MCCE_bounded+edit,0,no_candidate,,0.0116553306579589,,
AUC,0,aligned,3,646,NICE,native,NICE_native,0,immutable_changed:Test_2;immutable_changed:Test_3,15.05,0.0051798820495605,0.7,1.0
AUC,0,aligned,3,646,NICE,bounded,NICE_bounded,0,below_policy_threshold;classifier_target_not_met,5.75,0.0051798820495605,0.7,1.0
AUC,0,aligned,3,646,NICE,bounded+edit,NICE_bounded+edit,0,below_policy_threshold;classifier_target_not_met,5.75,0.0051798820495605,0.7,1.0
AUC,0,aligned,3,646,MCCE,native,MCCE_native,0,no_candidate,,0.0116429328918457,,
AUC,0,aligned,3,646,MCCE,bounded,MCCE_bounded,0,no_candidate,,0.0116429328918457,,
AUC,0,aligned,3,646,MCCE,bounded+edit,MCCE_bounded+edit,0,no_candidate,,0.0116429328918457,,
AUC,0,aligned,3,647,NICE,native,NICE_native,0,below_policy_threshold;immutable_changed:Test_2,14.85,0.003936767578125,0.85,1.0
AUC,0,aligned,3,647,NICE,bounded,NICE_bounded,0,below_policy_threshold;classifier_target_not_met,14.5,0.003936767578125,0.85,1.0
AUC,0,aligned,3,647,NICE,bounded+edit,NICE_bounded+edit,0,below_policy_threshold;classifier_target_not_met,14.5,0.003936767578125,0.85,1.0
AUC,0,aligned,3,647,MCCE,native,MCCE_native,0,no_candidate,,0.0117576122283935,,
AUC,0,aligned,3,647,MCCE,bounded,MCCE_bounded,0,no_candidate,,0.0117576122283935,,
AUC,0,aligned,3,647,MCCE,bounded+edit,MCCE_bounded+edit,0,no_candidate,,0.0117576122283935,,
AUC,0,aligned,3,649,NICE,native,NICE_native,0,immutable_changed:Test_1;immutable_changed:Test_2;immutable_changed:Test_3,15.05,0.0065531730651855,0.7,1.0
AUC,0,aligned,3,649,NICE,bounded,NICE_bounded,0,below_policy_threshold;classifier_target_not_met,14.25,0.0065531730651855,0.7,1.0
AUC,0,aligned,3,649,NICE,bounded+edit,NICE_bounded+edit,0,below_policy_threshold;classifier_target_not_met,14.25,0.0065531730651855,0.7,1.0
AUC,0,aligned,3,649,MCCE,native,MCCE_native,1,OK,15.25,0.0180974006652832,0.926802465826856,2.0
AUC,0,aligned,3,649,MCCE,bounded,MCCE_bounded,1,OK,15.25,0.0180974006652832,0.926802465826856,2.0
AUC,0,aligned,3,649,MCCE,bounded+edit,MCCE_bounded+edit,1,OK,15.25,0.0180974006652832,0.926802465826856,2.0
AUC,0,aligned,3,665,NICE,native,NICE_native,0,immutable_changed:Test_3,15.175,0.0040173530578613,0.8,1.0
AUC,0,aligned,3,665,NICE,bounded,NICE_bounded,0,below_policy_threshold;classifier_target_not_met,10.875,0.0040173530578613,0.8,1.0
AUC,0,aligned,3,665,NICE,bounded+edit,NICE_bounded+edit,0,below_policy_threshold;classifier_target_not_met,10.875,0.0040173530578613,0.8,1.0
AUC,0,aligned,3,665,MCCE,native,MCCE_native,0,no_candidate,,0.0120248794555664,,
AUC,0,aligned,3,665,MCCE,bounded,MCCE_bounded,0,no_candidate,,0.0120248794555664,,
AUC,0,aligned,3,665,MCCE,bounded+edit,MCCE_bounded+edit,0,no_candidate,,0.0120248794555664,,
AUC,0,aligned,3,667,NICE,native,NICE_native,0,below_policy_threshold;immutable_changed:Test_2,11.175,0.0041553974151611,0.82,1.0
AUC,0,aligned,3,667,NICE,bounded,NICE_bounded,0,below_policy_threshold;classifier_target_not_met,6.475,0.0041553974151611,0.82,1.0
AUC,0,aligned,3,667,NICE,bounded+edit,NICE_bounded+edit,0,below_policy_threshold;classifier_target_not_met,6.475,0.0041553974151611,0.82,1.0
AUC,0,aligned,3,667,MCCE,native,MCCE_native,0,no_candidate,,0.011491060256958,,
AUC,0,aligned,3,667,MCCE,bounded,MCCE_bounded,0,no_candidate,,0.011491060256958,,
AUC,0,aligned,3,667,MCCE,bounded+edit,MCCE_bounded+edit,0,no_candidate,,0.011491060256958,,
