dataset,seed,regime,stage,query,method,variant,condition,accepted,reasons,policy_score,seconds,effort,sparsity,vector
HarvardX,4,aligned,0,72,NICE,native,NICE_native,0,out_of_bounds:nevents,0.0,0.003691434860229492,0.12367491166077739,1,"{""nevents"": 93.0, ""ndays_act"": 24.0, ""nchapters"": 9.0}"
HarvardX,4,aligned,0,72,NICE,bounded,NICE_bounded,0,classifier_target_not_met,0.0,0.003691434860229492,0.0,0,"{""nevents"": 163.0, ""ndays_act"": 24.0, ""nchapters"": 9.0}"
HarvardX,4,aligned,0,72,NICE,bounded+edit,NICE_bounded+edit,0,classifier_target_not_met,0.0,0.003691434860229492,0.0,0,"{""nevents"": 163.0, ""ndays_act"": 24.0, ""nchapters"": 9.0}"
HarvardX,4,aligned,0,72,MCCE,native,MCCE_native,0,out_of_bounds:nevents;out_of_bounds:ndays_act,0.0,0.08310699462890625,0.08886448285741572,2,"{""nevents"": 128.0, ""ndays_act"": 23.0, ""nchapters"": 9.0}"
HarvardX,4,aligned,0,72,MCCE,bounded,MCCE_bounded,1,OK,0.0,0.08310699462890625,0.7060930188138669,2,"{""nevents"": 272.0, ""ndays_act"": 43.0, ""nchapters"": 9.0}"
HarvardX,4,aligned,0,72,MCCE,bounded+edit,MCCE_bounded+edit,1,OK,0.0,0.08310699462890625,0.7060930188138669,2,"{""nevents"": 272.0, ""ndays_act"": 43.0, ""nchapters"": 9.0}"
HarvardX,4,aligned,0,156,NICE,native,NICE_native,1,OK,0.0,0.005807161331176758,0.5469392013353878,3,"{""nevents"": 66.0, ""ndays_act"": 21.0, ""nchapters"": 7.0}"
HarvardX,4,aligned,0,156,NICE,bounded,NICE_bounded,1,OK,0.0,0.005807161331176758,0.5469392013353878,3,"{""nevents"": 66.0, ""ndays_act"": 21.0, ""nchapters"": 7.0}"
HarvardX,4,aligned,0,156,NICE,bounded+edit,NICE_bounded+edit,1,OK,0.0,0.005807161331176758,0.5469392013353878,3,"{""nevents"": 66.0, ""ndays_act"": 21.0, ""nchapters"": 7.0}"
HarvardX,4,aligned,0,156,MCCE,native,MCCE_native,1,OK,0.0,0.04129958152770996,0.917011748844376,3,"{""nevents"": 68.0, ""ndays_act"": 23.0, ""nchapters"": 9.0}"
HarvardX,4,aligned,0,156,MCCE,bounded,MCCE_bounded,1,OK,0.0,0.04129958152770996,0.917011748844376,3,"{""nevents"": 68.0, ""ndays_act"": 23.0, ""nchapters"": 9.0}"
HarvardX,4,aligned,0,156,MCCE,bounded+edit,MCCE_bounded+edit,1,OK,0.0,0.04129958152770996,0.917011748844376,3,"{""nevents"": 68.0, ""ndays_act"": 23.0, ""nchapters"": 9.0}"
HarvardX,4,aligned,0,203,NICE,native,NICE_native,1,OK,0.0,0.005789041519165039,0.35950643936574106,3,"{""nevents"": 25.0, ""ndays_act"": 10.0, ""nchapters"": 9.0}"
HarvardX,4,aligned,0,203,NICE,bounded,NICE_bounded,1,OK,0.0,0.005789041519165039,0.35950643936574106,3,"{""nevents"": 25.0, ""ndays_act"": 10.0, ""nchapters"": 9.0}"
HarvardX,4,aligned,0,203,NICE,bounded+edit,NICE_bounded+edit,1,OK,0.0,0.005789041519165039,0.35950643936574106,3,"{""nevents"": 25.0, ""ndays_act"": 10.0, ""nchapters"": 9.0}"
HarvardX,4,aligned,0,203,MCCE,native,MCCE_native,1,OK,0.0,0.041776418685913086,0.6483969825553983,3,"{""nevents"": 68.0, ""ndays_act"": 23.0, ""nchapters"": 9.0}"
HarvardX,4,aligned,0,203,MCCE,bounded,MCCE_bounded,1,OK,0.0,0.041776418685913086,0.6483969825553983,3,"{""nevents"": 68.0, ""ndays_act"": 23.0, ""nchapters"": 9.0}"
HarvardX,4,aligned,0,203,MCCE,bounded+edit,MCCE_bounded+edit,1,OK,0.0,0.041776418685913086,0.6483969825553983,3,"{""nevents"": 68.0, ""ndays_act"": 23.0, ""nchapters"": 9.0}"
HarvardX,4,aligned,0,219,NICE,native,NICE_native,0,out_of_bounds:nevents,0.0,0.004561185836791992,0.2683552220137586,2,"{""nevents"": 230.0, ""ndays_act"": 24.0, ""nchapters"": 12.0}"
HarvardX,4,aligned,0,219,NICE,bounded,NICE_bounded,0,classifier_target_not_met,0.0,0.004561185836791992,0.05128205128205128,1,"{""nevents"": 319.0, ""ndays_act"": 24.0, ""nchapters"": 12.0}"
HarvardX,4,aligned,0,219,NICE,bounded+edit,NICE_bounded+edit,0,classifier_target_not_met,0.0,0.004561185836791992,0.05128205128205128,1,"{""nevents"": 319.0, ""ndays_act"": 24.0, ""nchapters"": 12.0}"
HarvardX,4,aligned,0,219,MCCE,native,MCCE_native,0,out_of_bounds:nevents,0.0,0.057042837142944336,0.40487804878048783,1,"{""nevents"": 153.0, ""ndays_act"": 22.0, ""nchapters"": 12.0}"
HarvardX,4,aligned,0,219,MCCE,bounded,MCCE_bounded,1,OK,0.0,0.057042837142944336,0.28449030644152595,2,"{""nevents"": 320.0, ""ndays_act"": 33.0, ""nchapters"": 12.0}"
HarvardX,4,aligned,0,219,MCCE,bounded+edit,MCCE_bounded+edit,1,OK,0.0,0.057042837142944336,0.28449030644152595,2,"{""nevents"": 320.0, ""ndays_act"": 33.0, ""nchapters"": 12.0}"
HarvardX,4,aligned,0,262,NICE,native,NICE_native,1,OK,0.0,0.005731821060180664,0.5026481297583582,3,"{""nevents"": 66.0, ""ndays_act"": 21.0, ""nchapters"": 7.0}"
HarvardX,4,aligned,0,262,NICE,bounded,NICE_bounded,1,OK,0.0,0.005731821060180664,0.5026481297583582,3,"{""nevents"": 66.0, ""ndays_act"": 21.0, ""nchapters"": 7.0}"
HarvardX,4,aligned,0,262,NICE,bounded+edit,NICE_bounded+edit,1,OK,0.0,0.005731821060180664,0.5026481297583582,3,"{""nevents"": 66.0, ""ndays_act"": 21.0, ""nchapters"": 7.0}"
HarvardX,4,aligned,0,262,MCCE,native,MCCE_native,1,OK,0.0,0.04054760932922363,0.8739719400096758,3,"{""nevents"": 68.0, ""ndays_act"": 23.0, ""nchapters"": 9.0}"
HarvardX,4,aligned,0,262,MCCE,bounded,MCCE_bounded,1,OK,0.0,0.04054760932922363,0.8739719400096758,3,"{""nevents"": 68.0, ""ndays_act"": 23.0, ""nchapters"": 9.0}"
HarvardX,4,aligned,0,262,MCCE,bounded+edit,MCCE_bounded+edit,1,OK,0.0,0.04054760932922363,0.8739719400096758,3,"{""nevents"": 68.0, ""ndays_act"": 23.0, ""nchapters"": 9.0}"
HarvardX,4,aligned,0,309,NICE,native,NICE_native,0,out_of_bounds:nevents,0.0,0.004792451858520508,0.096438790108318,2,"{""nevents"": 25.0, ""ndays_act"": 10.0, ""nchapters"": 9.0}"
HarvardX,4,aligned,0,309,NICE,bounded,NICE_bounded,0,classifier_target_not_met,0.0,0.004792451858520508,0.08928571428571429,1,"{""nevents"": 30.0, ""ndays_act"": 10.0, ""nchapters"": 9.0}"
HarvardX,4,aligned,0,309,NICE,bounded+edit,NICE_bounded+edit,0,classifier_target_not_met,0.0,0.004792451858520508,0.08928571428571429,1,"{""nevents"": 30.0, ""ndays_act"": 10.0, ""nchapters"": 9.0}"
HarvardX,4,aligned,0,309,MCCE,native,MCCE_native,1,OK,0.0,0.03916525840759277,0.37579194768035973,2,"{""nevents"": 68.0, ""ndays_act"": 23.0, ""nchapters"": 9.0}"
HarvardX,4,aligned,0,309,MCCE,bounded,MCCE_bounded,1,OK,0.0,0.03916525840759277,0.37579194768035973,2,"{""nevents"": 68.0, ""ndays_act"": 23.0, ""nchapters"": 9.0}"
HarvardX,4,aligned,0,309,MCCE,bounded+edit,MCCE_bounded+edit,1,OK,0.0,0.03916525840759277,0.37579194768035973,2,"{""nevents"": 68.0, ""ndays_act"": 23.0, ""nchapters"": 9.0}"
HarvardX,4,aligned,0,333,NICE,native,NICE_native,1,OK,0.0,0.0060579776763916016,0.6014639411725021,3,"{""nevents"": 66.0, ""ndays_act"": 21.0, ""nchapters"": 7.0}"
HarvardX,4,aligned,0,333,NICE,bounded,NICE_bounded,1,OK,0.0,0.0060579776763916016,0.6014639411725021,3,"{""nevents"": 66.0, ""ndays_act"": 21.0, ""nchapters"": 7.0}"
HarvardX,4,aligned,0,333,NICE,bounded+edit,NICE_bounded+edit,1,OK,0.0,0.0060579776763916016,0.6014639411725021,3,"{""nevents"": 66.0, ""ndays_act"": 21.0, ""nchapters"": 7.0}"
HarvardX,4,aligned,0,333,MCCE,native,MCCE_native,1,OK,0.0,0.03941607475280762,0.9703276439767028,3,"{""nevents"": 68.0, ""ndays_act"": 23.0, ""nchapters"": 9.0}"
HarvardX,4,aligned,0,333,MCCE,bounded,MCCE_bounded,1,OK,0.0,0.03941607475280762,0.9703276439767028,3,"{""nevents"": 68.0, ""ndays_act"": 23.0, ""nchapters"": 9.0}"
HarvardX,4,aligned,0,333,MCCE,bounded+edit,MCCE_bounded+edit,1,OK,0.0,0.03941607475280762,0.9703276439767028,3,"{""nevents"": 68.0, ""ndays_act"": 23.0, ""nchapters"": 9.0}"
HarvardX,4,aligned,0,351,NICE,native,NICE_native,0,out_of_bounds:nevents,0.0,0.004641056060791016,0.21930707728753332,2,"{""nevents"": 25.0, ""ndays_act"": 10.0, ""nchapters"": 9.0}"
HarvardX,4,aligned,0,351,NICE,bounded,NICE_bounded,0,classifier_target_not_met,0.0,0.004641056060791016,0.07272727272727272,1,"{""nevents"": 115.0, ""ndays_act"": 10.0, ""nchapters"": 9.0}"
HarvardX,4,aligned,0,351,NICE,bounded+edit,NICE_bounded+edit,0,classifier_target_not_met,0.0,0.004641056060791016,0.07272727272727272,1,"{""nevents"": 115.0, ""ndays_act"": 10.0, ""nchapters"": 9.0}"
HarvardX,4,aligned,0,351,MCCE,native,MCCE_native,1,OK,0.0,0.042267799377441406,0.3302635475273912,2,"{""nevents"": 128.0, ""ndays_act"": 23.0, ""nchapters"": 9.0}"
HarvardX,4,aligned,0,351,MCCE,bounded,MCCE_bounded,1,OK,0.0,0.042267799377441406,0.3302635475273912,2,"{""nevents"": 128.0, ""ndays_act"": 23.0, ""nchapters"": 9.0}"
HarvardX,4,aligned,0,351,MCCE,bounded+edit,MCCE_bounded+edit,1,OK,0.0,0.042267799377441406,0.3302635475273912,2,"{""nevents"": 128.0, ""ndays_act"": 23.0, ""nchapters"": 9.0}"
HarvardX,4,aligned,0,352,NICE,native,NICE_native,0,out_of_bounds:nevents,0.0,0.0045299530029296875,0.20479659490873373,2,"{""nevents"": 22.0, ""ndays_act"": 10.0, ""nchapters"": 12.0}"
HarvardX,4,aligned,0,352,NICE,bounded,NICE_bounded,0,classifier_target_not_met,0.0,0.0045299530029296875,0.10526315789473684,1,"{""nevents"": 86.0, ""ndays_act"": 10.0, ""nchapters"": 12.0}"
HarvardX,4,aligned,0,352,NICE,bounded+edit,NICE_bounded+edit,0,classifier_target_not_met,0.0,0.0045299530029296875,0.10526315789473684,1,"{""nevents"": 86.0, ""ndays_act"": 10.0, ""nchapters"": 12.0}"
HarvardX,4,aligned,0,352,MCCE,native,MCCE_native,0,out_of_bounds:nevents,0.0,0.02742171287536621,0.19235491528198412,2,"{""nevents"": 30.0, ""ndays_act"": 10.0, ""nchapters"": 12.0}"
HarvardX,4,aligned,0,352,MCCE,bounded,MCCE_bounded,1,OK,0.0,0.02742171287536621,0.2802652042236228,2,"{""nevents"": 97.0, ""ndays_act"": 19.0, ""nchapters"": 12.0}"
HarvardX,4,aligned,0,352,MCCE,bounded+edit,MCCE_bounded+edit,1,OK,0.0,0.02742171287536621,0.2802652042236228,2,"{""nevents"": 97.0, ""ndays_act"": 19.0, ""nchapters"": 12.0}"
HarvardX,4,aligned,0,394,NICE,native,NICE_native,0,out_of_bounds:nevents,0.0,0.004603862762451172,0.24518938009986604,2,"{""nevents"": 66.0, ""ndays_act"": 21.0, ""nchapters"": 7.0}"
HarvardX,4,aligned,0,394,NICE,bounded,NICE_bounded,0,classifier_target_not_met,0.0,0.004603862762451172,0.21568627450980393,1,"{""nevents"": 85.0, ""ndays_act"": 21.0, ""nchapters"": 7.0}"
HarvardX,4,aligned,0,394,NICE,bounded+edit,NICE_bounded+edit,0,classifier_target_not_met,0.0,0.004603862762451172,0.21568627450980393,1,"{""nevents"": 85.0, ""ndays_act"": 21.0, ""nchapters"": 7.0}"
HarvardX,4,aligned,0,394,MCCE,native,MCCE_native,0,out_of_bounds:nevents,0.0,0.041455745697021484,0.6812994763122641,3,"{""nevents"": 68.0, ""ndays_act"": 23.0, ""nchapters"": 9.0}"
HarvardX,4,aligned,0,394,MCCE,bounded,MCCE_bounded,1,OK,0.0,0.041455745697021484,0.7216721471197174,3,"{""nevents"": 128.0, ""ndays_act"": 23.0, ""nchapters"": 9.0}"
HarvardX,4,aligned,0,394,MCCE,bounded+edit,MCCE_bounded+edit,1,OK,0.0,0.041455745697021484,0.7216721471197174,3,"{""nevents"": 128.0, ""ndays_act"": 23.0, ""nchapters"": 9.0}"
HarvardX,4,aligned,0,402,NICE,native,NICE_native,1,OK,0.0,0.004586458206176758,0.18039533157930243,2,"{""nevents"": 12.0, ""ndays_act"": 10.0, ""nchapters"": 12.0}"
HarvardX,4,aligned,0,402,NICE,bounded,NICE_bounded,1,OK,0.0,0.004586458206176758,0.18039533157930243,2,"{""nevents"": 12.0, ""ndays_act"": 10.0, ""nchapters"": 12.0}"
HarvardX,4,aligned,0,402,NICE,bounded+edit,NICE_bounded+edit,1,OK,0.0,0.004586458206176758,0.18039533157930243,2,"{""nevents"": 12.0, ""ndays_act"": 10.0, ""nchapters"": 12.0}"
HarvardX,4,aligned,0,402,MCCE,native,MCCE_native,1,OK,0.0,0.027456045150756836,0.2050866896039938,2,"{""nevents"": 30.0, ""ndays_act"": 10.0, ""nchapters"": 12.0}"
HarvardX,4,aligned,0,402,MCCE,bounded,MCCE_bounded,1,OK,0.0,0.027456045150756836,0.2050866896039938,2,"{""nevents"": 30.0, ""ndays_act"": 10.0, ""nchapters"": 12.0}"
HarvardX,4,aligned,0,402,MCCE,bounded+edit,MCCE_bounded+edit,1,OK,0.0,0.027456045150756836,0.2050866896039938,2,"{""nevents"": 30.0, ""ndays_act"": 10.0, ""nchapters"": 12.0}"
HarvardX,4,aligned,0,406,NICE,native,NICE_native,1,OK,0.0,0.00344085693359375,0.15,1,"{""nevents"": 9.0, ""ndays_act"": 10.0, ""nchapters"": 12.0}"
HarvardX,4,aligned,0,406,NICE,bounded,NICE_bounded,1,OK,0.0,0.00344085693359375,0.15,1,"{""nevents"": 9.0, ""ndays_act"": 10.0, ""nchapters"": 12.0}"
HarvardX,4,aligned,0,406,NICE,bounded+edit,NICE_bounded+edit,1,OK,0.0,0.00344085693359375,0.15,1,"{""nevents"": 9.0, ""ndays_act"": 10.0, ""nchapters"": 12.0}"
HarvardX,4,aligned,0,406,MCCE,native,MCCE_native,1,OK,0.0,0.027848482131958008,0.17916666666666667,2,"{""nevents"": 30.0, ""ndays_act"": 10.0, ""nchapters"": 12.0}"
HarvardX,4,aligned,0,406,MCCE,bounded,MCCE_bounded,1,OK,0.0,0.027848482131958008,0.17916666666666667,2,"{""nevents"": 30.0, ""ndays_act"": 10.0, ""nchapters"": 12.0}"
HarvardX,4,aligned,0,406,MCCE,bounded+edit,MCCE_bounded+edit,1,OK,0.0,0.027848482131958008,0.17916666666666667,2,"{""nevents"": 30.0, ""ndays_act"": 10.0, ""nchapters"": 12.0}"
HarvardX,4,aligned,0,415,NICE,native,NICE_native,1,OK,0.0,0.004655599594116211,0.09493543179983858,2,"{""nevents"": 25.0, ""ndays_act"": 10.0, ""nchapters"": 9.0}"
HarvardX,4,aligned,0,415,NICE,bounded,NICE_bounded,1,OK,0.0,0.004655599594116211,0.09493543179983858,2,"{""nevents"": 25.0, ""ndays_act"": 10.0, ""nchapters"": 9.0}"
HarvardX,4,aligned,0,415,NICE,bounded+edit,NICE_bounded+edit,1,OK,0.0,0.004655599594116211,0.09493543179983858,2,"{""nevents"": 25.0, ""ndays_act"": 10.0, ""nchapters"": 9.0}"
HarvardX,4,aligned,0,415,MCCE,native,MCCE_native,1,OK,0.0,0.04077577590942383,0.38781275221953193,2,"{""nevents"": 68.0, ""ndays_act"": 23.0, ""nchapters"": 9.0}"
HarvardX,4,aligned,0,415,MCCE,bounded,MCCE_bounded,1,OK,0.0,0.04077577590942383,0.38781275221953193,2,"{""nevents"": 68.0, ""ndays_act"": 23.0, ""nchapters"": 9.0}"
HarvardX,4,aligned,0,415,MCCE,bounded+edit,MCCE_bounded+edit,1,OK,0.0,0.04077577590942383,0.38781275221953193,2,"{""nevents"": 68.0, ""ndays_act"": 23.0, ""nchapters"": 9.0}"
HarvardX,4,aligned,0,424,NICE,native,NICE_native,1,OK,0.0,0.006234407424926758,0.38192561022859356,3,"{""nevents"": 25.0, ""ndays_act"": 10.0, ""nchapters"": 9.0}"
HarvardX,4,aligned,0,424,NICE,bounded,NICE_bounded,1,OK,0.0,0.006234407424926758,0.38192561022859356,3,"{""nevents"": 25.0, ""ndays_act"": 10.0, ""nchapters"": 9.0}"
HarvardX,4,aligned,0,424,NICE,bounded+edit,NICE_bounded+edit,1,OK,0.0,0.006234407424926758,0.38192561022859356,3,"{""nevents"": 25.0, ""ndays_act"": 10.0, ""nchapters"": 9.0}"
HarvardX,4,aligned,0,424,MCCE,native,MCCE_native,1,OK,0.0,0.041589975357055664,0.6664567996900426,3,"{""nevents"": 68.0, ""ndays_act"": 23.0, ""nchapters"": 9.0}"
HarvardX,4,aligned,0,424,MCCE,bounded,MCCE_bounded,1,OK,0.0,0.041589975357055664,0.6664567996900426,3,"{""nevents"": 68.0, ""ndays_act"": 23.0, ""nchapters"": 9.0}"
HarvardX,4,aligned,0,424,MCCE,bounded+edit,MCCE_bounded+edit,1,OK,0.0,0.041589975357055664,0.6664567996900426,3,"{""nevents"": 68.0, ""ndays_act"": 23.0, ""nchapters"": 9.0}"
HarvardX,4,aligned,0,450,NICE,native,NICE_native,1,OK,0.0,0.0037474632263183594,0.15,1,"{""nevents"": 8.0, ""ndays_act"": 10.0, ""nchapters"": 12.0}"
HarvardX,4,aligned,0,450,NICE,bounded,NICE_bounded,1,OK,0.0,0.0037474632263183594,0.15,1,"{""nevents"": 8.0, ""ndays_act"": 10.0, ""nchapters"": 12.0}"
HarvardX,4,aligned,0,450,NICE,bounded+edit,NICE_bounded+edit,1,OK,0.0,0.0037474632263183594,0.15,1,"{""nevents"": 8.0, ""ndays_act"": 10.0, ""nchapters"": 12.0}"
HarvardX,4,aligned,0,450,MCCE,native,MCCE_native,1,OK,0.0,0.02791142463684082,0.18051317614424411,2,"{""nevents"": 30.0, ""ndays_act"": 10.0, ""nchapters"": 12.0}"
HarvardX,4,aligned,0,450,MCCE,bounded,MCCE_bounded,1,OK,0.0,0.02791142463684082,0.18051317614424411,2,"{""nevents"": 30.0, ""ndays_act"": 10.0, ""nchapters"": 12.0}"
HarvardX,4,aligned,0,450,MCCE,bounded+edit,MCCE_bounded+edit,1,OK,0.0,0.02791142463684082,0.18051317614424411,2,"{""nevents"": 30.0, ""ndays_act"": 10.0, ""nchapters"": 12.0}"
HarvardX,4,aligned,0,457,NICE,native,NICE_native,1,OK,0.0,0.006039857864379883,0.6014639411725021,3,"{""nevents"": 66.0, ""ndays_act"": 21.0, ""nchapters"": 7.0}"
HarvardX,4,aligned,0,457,NICE,bounded,NICE_bounded,1,OK,0.0,0.006039857864379883,0.6014639411725021,3,"{""nevents"": 66.0, ""ndays_act"": 21.0, ""nchapters"": 7.0}"
HarvardX,4,aligned,0,457,NICE,bounded+edit,NICE_bounded+edit,1,OK,0.0,0.006039857864379883,0.6014639411725021,3,"{""nevents"": 66.0, ""ndays_act"": 21.0, ""nchapters"": 7.0}"
HarvardX,4,aligned,0,457,MCCE,native,MCCE_native,1,OK,0.0,0.0773613452911377,0.9703276439767028,3,"{""nevents"": 68.0, ""ndays_act"": 23.0, ""nchapters"": 9.0}"
HarvardX,4,aligned,0,457,MCCE,bounded,MCCE_bounded,1,OK,0.0,0.0773613452911377,0.9703276439767028,3,"{""nevents"": 68.0, ""ndays_act"": 23.0, ""nchapters"": 9.0}"
HarvardX,4,aligned,0,457,MCCE,bounded+edit,MCCE_bounded+edit,1,OK,0.0,0.0773613452911377,0.9703276439767028,3,"{""nevents"": 68.0, ""ndays_act"": 23.0, ""nchapters"": 9.0}"
HarvardX,4,aligned,0,478,NICE,native,NICE_native,1,OK,0.0,0.006235837936401367,0.15,1,"{""nevents"": 30.0, ""ndays_act"": 10.0, ""nchapters"": 12.0}"
HarvardX,4,aligned,0,478,NICE,bounded,NICE_bounded,1,OK,0.0,0.006235837936401367,0.15,1,"{""nevents"": 30.0, ""ndays_act"": 10.0, ""nchapters"": 12.0}"
HarvardX,4,aligned,0,478,NICE,bounded+edit,NICE_bounded+edit,1,OK,0.0,0.006235837936401367,0.15,1,"{""nevents"": 30.0, ""ndays_act"": 10.0, ""nchapters"": 12.0}"
HarvardX,4,aligned,0,478,MCCE,native,MCCE_native,1,OK,0.0,0.03296494483947754,0.15,1,"{""nevents"": 30.0, ""ndays_act"": 10.0, ""nchapters"": 12.0}"
HarvardX,4,aligned,0,478,MCCE,bounded,MCCE_bounded,1,OK,0.0,0.03296494483947754,0.15,1,"{""nevents"": 30.0, ""ndays_act"": 10.0, ""nchapters"": 12.0}"
HarvardX,4,aligned,0,478,MCCE,bounded+edit,MCCE_bounded+edit,1,OK,0.0,0.03296494483947754,0.15,1,"{""nevents"": 30.0, ""ndays_act"": 10.0, ""nchapters"": 12.0}"
HarvardX,4,aligned,0,504,NICE,native,NICE_native,0,out_of_bounds:nevents,0.0,0.005594730377197266,0.46030482256596905,3,"{""nevents"": 25.0, ""ndays_act"": 10.0, ""nchapters"": 9.0}"
HarvardX,4,aligned,0,504,NICE,bounded,NICE_bounded,0,classifier_target_not_met,0.0,0.005594730377197266,0.3392857142857143,2,"{""nevents"": 101.0, ""ndays_act"": 10.0, ""nchapters"": 9.0}"
HarvardX,4,aligned,0,504,NICE,bounded+edit,NICE_bounded+edit,0,classifier_target_not_met,0.0,0.005594730377197266,0.3392857142857143,2,"{""nevents"": 101.0, ""ndays_act"": 10.0, ""nchapters"": 9.0}"
HarvardX,4,aligned,0,504,MCCE,native,MCCE_native,1,OK,0.0,0.04178190231323242,0.6144222020018199,3,"{""nevents"": 128.0, ""ndays_act"": 23.0, ""nchapters"": 9.0}"
HarvardX,4,aligned,0,504,MCCE,bounded,MCCE_bounded,1,OK,0.0,0.04178190231323242,0.6144222020018199,3,"{""nevents"": 128.0, ""ndays_act"": 23.0, ""nchapters"": 9.0}"
HarvardX,4,aligned,0,504,MCCE,bounded+edit,MCCE_bounded+edit,1,OK,0.0,0.04178190231323242,0.6144222020018199,3,"{""nevents"": 128.0, ""ndays_act"": 23.0, ""nchapters"": 9.0}"
HarvardX,4,aligned,0,505,NICE,native,NICE_native,0,out_of_bounds:nevents,0.0,0.0033419132232666016,0.1618705035971223,1,"{""nevents"": 83.0, ""ndays_act"": 24.0, ""nchapters"": 10.0}"
HarvardX,4,aligned,0,505,NICE,bounded,NICE_bounded,0,classifier_target_not_met,0.0,0.0033419132232666016,0.0,0,"{""nevents"": 173.0, ""ndays_act"": 24.0, ""nchapters"": 10.0}"
HarvardX,4,aligned,0,505,NICE,bounded+edit,NICE_bounded+edit,0,classifier_target_not_met,0.0,0.0033419132232666016,0.0,0,"{""nevents"": 173.0, ""ndays_act"": 24.0, ""nchapters"": 10.0}"
HarvardX,4,aligned,0,505,MCCE,native,MCCE_native,1,OK,0.0,0.04143524169921875,0.37453820727202025,2,"{""nevents"": 246.0, ""ndays_act"": 33.0, ""nchapters"": 10.0}"
HarvardX,4,aligned,0,505,MCCE,bounded,MCCE_bounded,1,OK,0.0,0.04143524169921875,0.37453820727202025,2,"{""nevents"": 246.0, ""ndays_act"": 33.0, ""nchapters"": 10.0}"
HarvardX,4,aligned,0,505,MCCE,bounded+edit,MCCE_bounded+edit,1,OK,0.0,0.04143524169921875,0.37453820727202025,2,"{""nevents"": 246.0, ""ndays_act"": 33.0, ""nchapters"": 10.0}"
HarvardX,4,aligned,0,520,NICE,native,NICE_native,0,out_of_bounds:nevents,0.0,0.0035250186920166016,0.15084745762711865,1,"{""nevents"": 50.0, ""ndays_act"": 12.0, ""nchapters"": 12.0}"
HarvardX,4,aligned,0,520,NICE,bounded,NICE_bounded,0,classifier_target_not_met,0.0,0.0035250186920166016,0.0,0,"{""nevents"": 139.0, ""ndays_act"": 12.0, ""nchapters"": 12.0}"
HarvardX,4,aligned,0,520,NICE,bounded+edit,NICE_bounded+edit,0,classifier_target_not_met,0.0,0.0035250186920166016,0.0,0,"{""nevents"": 139.0, ""ndays_act"": 12.0, ""nchapters"": 12.0}"
HarvardX,4,aligned,0,520,MCCE,native,MCCE_native,0,out_of_bounds:nevents,0.0,0.02697277069091797,0.1847457627118644,1,"{""nevents"": 30.0, ""ndays_act"": 12.0, ""nchapters"": 12.0}"
HarvardX,4,aligned,0,520,MCCE,bounded,MCCE_bounded,1,OK,0.0,0.02697277069091797,0.1853683846419924,2,"{""nevents"": 140.0, ""ndays_act"": 21.0, ""nchapters"": 12.0}"
HarvardX,4,aligned,0,520,MCCE,bounded+edit,MCCE_bounded+edit,1,OK,0.0,0.02697277069091797,0.1853683846419924,2,"{""nevents"": 140.0, ""ndays_act"": 21.0, ""nchapters"": 12.0}"
HarvardX,4,aligned,0,544,NICE,native,NICE_native,1,OK,0.0,0.006045818328857422,0.5588267921807275,3,"{""nevents"": 66.0, ""ndays_act"": 21.0, ""nchapters"": 7.0}"
HarvardX,4,aligned,0,544,NICE,bounded,NICE_bounded,1,OK,0.0,0.006045818328857422,0.5588267921807275,3,"{""nevents"": 66.0, ""ndays_act"": 21.0, ""nchapters"": 7.0}"
HarvardX,4,aligned,0,544,NICE,bounded+edit,NICE_bounded+edit,1,OK,0.0,0.006045818328857422,0.5588267921807275,3,"{""nevents"": 66.0, ""ndays_act"": 21.0, ""nchapters"": 7.0}"
HarvardX,4,aligned,0,544,MCCE,native,MCCE_native,1,OK,0.0,0.041925907135009766,0.9288634796871658,3,"{""nevents"": 68.0, ""ndays_act"": 23.0, ""nchapters"": 9.0}"
HarvardX,4,aligned,0,544,MCCE,bounded,MCCE_bounded,1,OK,0.0,0.041925907135009766,0.9288634796871658,3,"{""nevents"": 68.0, ""ndays_act"": 23.0, ""nchapters"": 9.0}"
HarvardX,4,aligned,0,544,MCCE,bounded+edit,MCCE_bounded+edit,1,OK,0.0,0.041925907135009766,0.9288634796871658,3,"{""nevents"": 68.0, ""ndays_act"": 23.0, ""nchapters"": 9.0}"
HarvardX,4,aligned,0,597,NICE,native,NICE_native,0,out_of_bounds:nevents,0.0,0.003437042236328125,0.03881987577639751,1,"{""nevents"": 60.0, ""ndays_act"": 15.0, ""nchapters"": 11.0}"
HarvardX,4,aligned,0,597,NICE,bounded,NICE_bounded,0,classifier_target_not_met,0.0,0.003437042236328125,0.0,0,"{""nevents"": 85.0, ""ndays_act"": 15.0, ""nchapters"": 11.0}"
HarvardX,4,aligned,0,597,NICE,bounded+edit,NICE_bounded+edit,0,classifier_target_not_met,0.0,0.003437042236328125,0.0,0,"{""nevents"": 85.0, ""ndays_act"": 15.0, ""nchapters"": 11.0}"
HarvardX,4,aligned,0,597,MCCE,native,MCCE_native,1,OK,0.0,0.04115891456604004,0.2639751552795031,2,"{""nevents"": 87.0, ""ndays_act"": 27.0, ""nchapters"": 11.0}"
HarvardX,4,aligned,0,597,MCCE,bounded,MCCE_bounded,1,OK,0.0,0.04115891456604004,0.2639751552795031,2,"{""nevents"": 87.0, ""ndays_act"": 27.0, ""nchapters"": 11.0}"
HarvardX,4,aligned,0,597,MCCE,bounded+edit,MCCE_bounded+edit,1,OK,0.0,0.04115891456604004,0.2639751552795031,2,"{""nevents"": 87.0, ""ndays_act"": 27.0, ""nchapters"": 11.0}"
HarvardX,4,aligned,0,617,NICE,native,NICE_native,1,OK,0.0,0.004604816436767578,0.36858346394984326,2,"{""nevents"": 66.0, ""ndays_act"": 21.0, ""nchapters"": 7.0}"
HarvardX,4,aligned,0,617,NICE,bounded,NICE_bounded,1,OK,0.0,0.004604816436767578,0.36858346394984326,2,"{""nevents"": 66.0, ""ndays_act"": 21.0, ""nchapters"": 7.0}"
HarvardX,4,aligned,0,617,NICE,bounded+edit,NICE_bounded+edit,1,OK,0.0,0.004604816436767578,0.36858346394984326,2,"{""nevents"": 66.0, ""ndays_act"": 21.0, ""nchapters"": 7.0}"
HarvardX,4,aligned,0,617,MCCE,native,MCCE_native,1,OK,0.0,0.04166603088378906,0.8059071316614421,3,"{""nevents"": 68.0, ""ndays_act"": 23.0, ""nchapters"": 9.0}"
HarvardX,4,aligned,0,617,MCCE,bounded,MCCE_bounded,1,OK,0.0,0.04166603088378906,0.8059071316614421,3,"{""nevents"": 68.0, ""ndays_act"": 23.0, ""nchapters"": 9.0}"
HarvardX,4,aligned,0,617,MCCE,bounded+edit,MCCE_bounded+edit,1,OK,0.0,0.04166603088378906,0.8059071316614421,3,"{""nevents"": 68.0, ""ndays_act"": 23.0, ""nchapters"": 9.0}"
HarvardX,4,aligned,0,651,NICE,native,NICE_native,0,out_of_bounds:nevents,0.0,0.0034215450286865234,0.16121495327102803,1,"{""nevents"": 232.0, ""ndays_act"": 25.0, ""nchapters"": 12.0}"
HarvardX,4,aligned,0,651,NICE,bounded,NICE_bounded,0,classifier_target_not_met,0.0,0.0034215450286865234,0.0,0,"{""nevents"": 301.0, ""ndays_act"": 25.0, ""nchapters"": 12.0}"
HarvardX,4,aligned,0,651,NICE,bounded+edit,NICE_bounded+edit,0,classifier_target_not_met,0.0,0.0034215450286865234,0.0,0,"{""nevents"": 301.0, ""ndays_act"": 25.0, ""nchapters"": 12.0}"
HarvardX,4,aligned,0,651,MCCE,native,MCCE_native,0,out_of_bounds:nevents,0.0,0.027142763137817383,0.338785046728972,1,"{""nevents"": 156.0, ""ndays_act"": 25.0, ""nchapters"": 12.0}"
HarvardX,4,aligned,0,651,MCCE,bounded,MCCE_bounded,1,OK,0.0,0.027142763137817383,0.1970404984423676,2,"{""nevents"": 314.0, ""ndays_act"": 31.0, ""nchapters"": 12.0}"
HarvardX,4,aligned,0,651,MCCE,bounded+edit,MCCE_bounded+edit,1,OK,0.0,0.027142763137817383,0.1970404984423676,2,"{""nevents"": 314.0, ""ndays_act"": 31.0, ""nchapters"": 12.0}"
HarvardX,4,aligned,0,705,NICE,native,NICE_native,0,out_of_bounds:nevents,0.0,0.0034410953521728516,0.3,1,"{""nevents"": 53.0, ""ndays_act"": 13.0, ""nchapters"": 11.0}"
HarvardX,4,aligned,0,705,NICE,bounded,NICE_bounded,0,classifier_target_not_met,0.0,0.0034410953521728516,0.0,0,"{""nevents"": 209.0, ""ndays_act"": 13.0, ""nchapters"": 11.0}"
HarvardX,4,aligned,0,705,NICE,bounded+edit,NICE_bounded+edit,0,classifier_target_not_met,0.0,0.0034410953521728516,0.0,0,"{""nevents"": 209.0, ""ndays_act"": 13.0, ""nchapters"": 11.0}"
HarvardX,4,aligned,0,705,MCCE,native,MCCE_native,0,out_of_bounds:nevents,0.0,0.04070162773132324,0.5262820512820513,2,"{""nevents"": 87.0, ""ndays_act"": 27.0, ""nchapters"": 11.0}"
HarvardX,4,aligned,0,705,MCCE,bounded,MCCE_bounded,1,OK,0.0,0.04070162773132324,0.5346153846153846,2,"{""nevents"": 227.0, ""ndays_act"": 37.0, ""nchapters"": 11.0}"
HarvardX,4,aligned,0,705,MCCE,bounded+edit,MCCE_bounded+edit,1,OK,0.0,0.04070162773132324,0.5346153846153846,2,"{""nevents"": 227.0, ""ndays_act"": 37.0, ""nchapters"": 11.0}"
HarvardX,4,aligned,0,707,NICE,native,NICE_native,1,OK,0.0,0.004766225814819336,0.3739041496201052,2,"{""nevents"": 66.0, ""ndays_act"": 21.0, ""nchapters"": 7.0}"
HarvardX,4,aligned,0,707,NICE,bounded,NICE_bounded,1,OK,0.0,0.004766225814819336,0.3739041496201052,2,"{""nevents"": 66.0, ""ndays_act"": 21.0, ""nchapters"": 7.0}"
HarvardX,4,aligned,0,707,NICE,bounded+edit,NICE_bounded+edit,1,OK,0.0,0.004766225814819336,0.3739041496201052,2,"{""nevents"": 66.0, ""ndays_act"": 21.0, ""nchapters"": 7.0}"
HarvardX,4,aligned,0,707,MCCE,native,MCCE_native,1,OK,0.0,0.04228496551513672,0.811211766997857,3,"{""nevents"": 68.0, ""ndays_act"": 23.0, ""nchapters"": 9.0}"
HarvardX,4,aligned,0,707,MCCE,bounded,MCCE_bounded,1,OK,0.0,0.04228496551513672,0.811211766997857,3,"{""nevents"": 68.0, ""ndays_act"": 23.0, ""nchapters"": 9.0}"
HarvardX,4,aligned,0,707,MCCE,bounded+edit,MCCE_bounded+edit,1,OK,0.0,0.04228496551513672,0.811211766997857,3,"{""nevents"": 68.0, ""ndays_act"": 23.0, ""nchapters"": 9.0}"
HarvardX,4,aligned,0,744,NICE,native,NICE_native,1,OK,0.0,0.004618644714355469,0.39991985101718486,2,"{""nevents"": 66.0, ""ndays_act"": 21.0, ""nchapters"": 7.0}"
HarvardX,4,aligned,0,744,NICE,bounded,NICE_bounded,1,OK,0.0,0.004618644714355469,0.39991985101718486,2,"{""nevents"": 66.0, ""ndays_act"": 21.0, ""nchapters"": 7.0}"
HarvardX,4,aligned,0,744,NICE,bounded+edit,NICE_bounded+edit,1,OK,0.0,0.004618644714355469,0.39991985101718486,2,"{""nevents"": 66.0, ""ndays_act"": 21.0, ""nchapters"": 7.0}"
HarvardX,4,aligned,0,744,MCCE,native,MCCE_native,1,OK,0.0,0.04228353500366211,0.8365997972702199,3,"{""nevents"": 68.0, ""ndays_act"": 23.0, ""nchapters"": 9.0}"
HarvardX,4,aligned,0,744,MCCE,bounded,MCCE_bounded,1,OK,0.0,0.04228353500366211,0.8365997972702199,3,"{""nevents"": 68.0, ""ndays_act"": 23.0, ""nchapters"": 9.0}"
HarvardX,4,aligned,0,744,MCCE,bounded+edit,MCCE_bounded+edit,1,OK,0.0,0.04228353500366211,0.8365997972702199,3,"{""nevents"": 68.0, ""ndays_act"": 23.0, ""nchapters"": 9.0}"
HarvardX,4,aligned,0,760,NICE,native,NICE_native,0,out_of_bounds:nevents,0.0,0.004544734954833984,0.22072072072072071,2,"{""nevents"": 66.0, ""ndays_act"": 21.0, ""nchapters"": 7.0}"
HarvardX,4,aligned,0,760,NICE,bounded,NICE_bounded,0,classifier_target_not_met,0.0,0.004544734954833984,0.16666666666666666,1,"{""nevents"": 100.0, ""ndays_act"": 21.0, ""nchapters"": 7.0}"
HarvardX,4,aligned,0,760,NICE,bounded+edit,NICE_bounded+edit,0,classifier_target_not_met,0.0,0.004544734954833984,0.16666666666666666,1,"{""nevents"": 100.0, ""ndays_act"": 21.0, ""nchapters"": 7.0}"
HarvardX,4,aligned,0,760,MCCE,native,MCCE_native,1,OK,0.0,0.04233503341674805,0.6528484366719661,3,"{""nevents"": 128.0, ""ndays_act"": 23.0, ""nchapters"": 9.0}"
HarvardX,4,aligned,0,760,MCCE,bounded,MCCE_bounded,1,OK,0.0,0.04233503341674805,0.6528484366719661,3,"{""nevents"": 128.0, ""ndays_act"": 23.0, ""nchapters"": 9.0}"
HarvardX,4,aligned,0,760,MCCE,bounded+edit,MCCE_bounded+edit,1,OK,0.0,0.04233503341674805,0.6528484366719661,3,"{""nevents"": 128.0, ""ndays_act"": 23.0, ""nchapters"": 9.0}"
HarvardX,4,aligned,0,768,NICE,native,NICE_native,1,OK,0.0,0.0035691261291503906,0.10526315789473684,1,"{""nevents"": 25.0, ""ndays_act"": 10.0, ""nchapters"": 12.0}"
HarvardX,4,aligned,0,768,NICE,bounded,NICE_bounded,1,OK,0.0,0.0035691261291503906,0.10526315789473684,1,"{""nevents"": 25.0, ""ndays_act"": 10.0, ""nchapters"": 12.0}"
HarvardX,4,aligned,0,768,NICE,bounded+edit,NICE_bounded+edit,1,OK,0.0,0.0035691261291503906,0.10526315789473684,1,"{""nevents"": 25.0, ""ndays_act"": 10.0, ""nchapters"": 12.0}"
HarvardX,4,aligned,0,768,MCCE,native,MCCE_native,1,OK,0.0,0.026977062225341797,0.11236543062200956,2,"{""nevents"": 30.0, ""ndays_act"": 10.0, ""nchapters"": 12.0}"
HarvardX,4,aligned,0,768,MCCE,bounded,MCCE_bounded,1,OK,0.0,0.026977062225341797,0.11236543062200956,2,"{""nevents"": 30.0, ""ndays_act"": 10.0, ""nchapters"": 12.0}"
HarvardX,4,aligned,0,768,MCCE,bounded+edit,MCCE_bounded+edit,1,OK,0.0,0.026977062225341797,0.11236543062200956,2,"{""nevents"": 30.0, ""ndays_act"": 10.0, ""nchapters"": 12.0}"
HarvardX,4,aligned,0,777,NICE,native,NICE_native,0,out_of_bounds:nevents,0.0,0.0046465396881103516,0.1935618293572247,2,"{""nevents"": 53.0, ""ndays_act"": 13.0, ""nchapters"": 11.0}"
HarvardX,4,aligned,0,777,NICE,bounded,NICE_bounded,0,classifier_target_not_met,0.0,0.0046465396881103516,0.1724137931034483,1,"{""nevents"": 67.0, ""ndays_act"": 13.0, ""nchapters"": 11.0}"
HarvardX,4,aligned,0,777,NICE,bounded+edit,NICE_bounded+edit,0,classifier_target_not_met,0.0,0.0046465396881103516,0.1724137931034483,1,"{""nevents"": 67.0, ""ndays_act"": 13.0, ""nchapters"": 11.0}"
HarvardX,4,aligned,0,777,MCCE,native,MCCE_native,1,OK,0.0,0.041011810302734375,0.44400458381081365,2,"{""nevents"": 87.0, ""ndays_act"": 27.0, ""nchapters"": 11.0}"
HarvardX,4,aligned,0,777,MCCE,bounded,MCCE_bounded,1,OK,0.0,0.041011810302734375,0.44400458381081365,2,"{""nevents"": 87.0, ""ndays_act"": 27.0, ""nchapters"": 11.0}"
HarvardX,4,aligned,0,777,MCCE,bounded+edit,MCCE_bounded+edit,1,OK,0.0,0.041011810302734375,0.44400458381081365,2,"{""nevents"": 87.0, ""ndays_act"": 27.0, ""nchapters"": 11.0}"
HarvardX,4,aligned,0,780,NICE,native,NICE_native,0,out_of_bounds:nevents,0.0,0.0046176910400390625,0.1564558629776021,2,"{""nevents"": 186.0, ""ndays_act"": 28.0, ""nchapters"": 10.0}"
HarvardX,4,aligned,0,780,NICE,bounded,NICE_bounded,0,classifier_target_not_met,0.0,0.0046176910400390625,0.08333333333333333,1,"{""nevents"": 223.0, ""ndays_act"": 28.0, ""nchapters"": 10.0}"
HarvardX,4,aligned,0,780,NICE,bounded+edit,NICE_bounded+edit,0,classifier_target_not_met,0.0,0.0046176910400390625,0.08333333333333333,1,"{""nevents"": 223.0, ""ndays_act"": 28.0, ""nchapters"": 10.0}"
HarvardX,4,aligned,0,780,MCCE,native,MCCE_native,1,OK,0.0,0.041190385818481445,0.2676767676767677,2,"{""nevents"": 246.0, ""ndays_act"": 33.0, ""nchapters"": 10.0}"
HarvardX,4,aligned,0,780,MCCE,bounded,MCCE_bounded,1,OK,0.0,0.041190385818481445,0.2676767676767677,2,"{""nevents"": 246.0, ""ndays_act"": 33.0, ""nchapters"": 10.0}"
HarvardX,4,aligned,0,780,MCCE,bounded+edit,MCCE_bounded+edit,1,OK,0.0,0.041190385818481445,0.2676767676767677,2,"{""nevents"": 246.0, ""ndays_act"": 33.0, ""nchapters"": 10.0}"
HarvardX,4,aligned,0,814,NICE,native,NICE_native,1,OK,0.0,0.004799365997314453,0.17493074792243768,2,"{""nevents"": 25.0, ""ndays_act"": 10.0, ""nchapters"": 9.0}"
HarvardX,4,aligned,0,814,NICE,bounded,NICE_bounded,1,OK,0.0,0.004799365997314453,0.17493074792243768,2,"{""nevents"": 25.0, ""ndays_act"": 10.0, ""nchapters"": 9.0}"
HarvardX,4,aligned,0,814,NICE,bounded+edit,NICE_bounded+edit,1,OK,0.0,0.004799365997314453,0.17493074792243768,2,"{""nevents"": 25.0, ""ndays_act"": 10.0, ""nchapters"": 9.0}"
HarvardX,4,aligned,0,814,MCCE,native,MCCE_native,1,OK,0.0,0.04114174842834473,0.45115420129270545,2,"{""nevents"": 68.0, ""ndays_act"": 23.0, ""nchapters"": 9.0}"
HarvardX,4,aligned,0,814,MCCE,bounded,MCCE_bounded,1,OK,0.0,0.04114174842834473,0.45115420129270545,2,"{""nevents"": 68.0, ""ndays_act"": 23.0, ""nchapters"": 9.0}"
HarvardX,4,aligned,0,814,MCCE,bounded+edit,MCCE_bounded+edit,1,OK,0.0,0.04114174842834473,0.45115420129270545,2,"{""nevents"": 68.0, ""ndays_act"": 23.0, ""nchapters"": 9.0}"
HarvardX,4,aligned,0,847,NICE,native,NICE_native,0,out_of_bounds:nevents,0.0,0.0033724308013916016,0.176759410801964,1,"{""nevents"": 10.0, ""ndays_act"": 10.0, ""nchapters"": 10.0}"
HarvardX,4,aligned,0,847,NICE,bounded,NICE_bounded,0,classifier_target_not_met,0.0,0.0033724308013916016,0.0,0,"{""nevents"": 118.0, ""ndays_act"": 10.0, ""nchapters"": 10.0}"
HarvardX,4,aligned,0,847,NICE,bounded+edit,NICE_bounded+edit,0,classifier_target_not_met,0.0,0.0033724308013916016,0.0,0,"{""nevents"": 118.0, ""ndays_act"": 10.0, ""nchapters"": 10.0}"
HarvardX,4,aligned,0,847,MCCE,native,MCCE_native,0,out_of_bounds:nevents,0.0,0.040709733963012695,0.2126375918616219,2,"{""nevents"": 36.0, ""ndays_act"": 14.0, ""nchapters"": 10.0}"
HarvardX,4,aligned,0,847,MCCE,bounded,MCCE_bounded,1,OK,0.0,0.040709733963012695,0.6604730271814127,2,"{""nevents"": 246.0, ""ndays_act"": 33.0, ""nchapters"": 10.0}"
HarvardX,4,aligned,0,847,MCCE,bounded+edit,MCCE_bounded+edit,1,OK,0.0,0.040709733963012695,0.6604730271814127,2,"{""nevents"": 246.0, ""ndays_act"": 33.0, ""nchapters"": 10.0}"
HarvardX,4,aligned,0,880,NICE,native,NICE_native,1,OK,0.0,0.004563808441162109,0.18039533157930243,2,"{""nevents"": 12.0, ""ndays_act"": 10.0, ""nchapters"": 12.0}"
HarvardX,4,aligned,0,880,NICE,bounded,NICE_bounded,1,OK,0.0,0.004563808441162109,0.18039533157930243,2,"{""nevents"": 12.0, ""ndays_act"": 10.0, ""nchapters"": 12.0}"
HarvardX,4,aligned,0,880,NICE,bounded+edit,NICE_bounded+edit,1,OK,0.0,0.004563808441162109,0.18039533157930243,2,"{""nevents"": 12.0, ""ndays_act"": 10.0, ""nchapters"": 12.0}"
HarvardX,4,aligned,0,880,MCCE,native,MCCE_native,1,OK,0.0,0.026895999908447266,0.2050866896039938,2,"{""nevents"": 30.0, ""ndays_act"": 10.0, ""nchapters"": 12.0}"
HarvardX,4,aligned,0,880,MCCE,bounded,MCCE_bounded,1,OK,0.0,0.026895999908447266,0.2050866896039938,2,"{""nevents"": 30.0, ""ndays_act"": 10.0, ""nchapters"": 12.0}"
HarvardX,4,aligned,0,880,MCCE,bounded+edit,MCCE_bounded+edit,1,OK,0.0,0.026895999908447266,0.2050866896039938,2,"{""nevents"": 30.0, ""ndays_act"": 10.0, ""nchapters"": 12.0}"
HarvardX,4,aligned,0,913,NICE,native,NICE_native,1,OK,0.0,0.004875659942626953,0.19822797904157952,2,"{""nevents"": 25.0, ""ndays_act"": 10.0, ""nchapters"": 9.0}"
HarvardX,4,aligned,0,913,NICE,bounded,NICE_bounded,1,OK,0.0,0.004875659942626953,0.19822797904157952,2,"{""nevents"": 25.0, ""ndays_act"": 10.0, ""nchapters"": 9.0}"
HarvardX,4,aligned,0,913,NICE,bounded+edit,NICE_bounded+edit,1,OK,0.0,0.004875659942626953,0.19822797904157952,2,"{""nevents"": 25.0, ""ndays_act"": 10.0, ""nchapters"": 9.0}"
HarvardX,4,aligned,0,913,MCCE,native,MCCE_native,1,OK,0.0,0.04210686683654785,0.47032764397670285,2,"{""nevents"": 68.0, ""ndays_act"": 23.0, ""nchapters"": 9.0}"
HarvardX,4,aligned,0,913,MCCE,bounded,MCCE_bounded,1,OK,0.0,0.04210686683654785,0.47032764397670285,2,"{""nevents"": 68.0, ""ndays_act"": 23.0, ""nchapters"": 9.0}"
HarvardX,4,aligned,0,913,MCCE,bounded+edit,MCCE_bounded+edit,1,OK,0.0,0.04210686683654785,0.47032764397670285,2,"{""nevents"": 68.0, ""ndays_act"": 23.0, ""nchapters"": 9.0}"
HarvardX,4,aligned,0,940,NICE,native,NICE_native,1,OK,0.0,0.00564122200012207,0.6014639411725021,3,"{""nevents"": 66.0, ""ndays_act"": 21.0, ""nchapters"": 7.0}"
HarvardX,4,aligned,0,940,NICE,bounded,NICE_bounded,1,OK,0.0,0.00564122200012207,0.6014639411725021,3,"{""nevents"": 66.0, ""ndays_act"": 21.0, ""nchapters"": 7.0}"
HarvardX,4,aligned,0,940,NICE,bounded+edit,NICE_bounded+edit,1,OK,0.0,0.00564122200012207,0.6014639411725021,3,"{""nevents"": 66.0, ""ndays_act"": 21.0, ""nchapters"": 7.0}"
HarvardX,4,aligned,0,940,MCCE,native,MCCE_native,1,OK,0.0,0.0411839485168457,0.9703276439767028,3,"{""nevents"": 68.0, ""ndays_act"": 23.0, ""nchapters"": 9.0}"
HarvardX,4,aligned,0,940,MCCE,bounded,MCCE_bounded,1,OK,0.0,0.0411839485168457,0.9703276439767028,3,"{""nevents"": 68.0, ""ndays_act"": 23.0, ""nchapters"": 9.0}"
HarvardX,4,aligned,0,940,MCCE,bounded+edit,MCCE_bounded+edit,1,OK,0.0,0.0411839485168457,0.9703276439767028,3,"{""nevents"": 68.0, ""ndays_act"": 23.0, ""nchapters"": 9.0}"
HarvardX,4,aligned,0,948,NICE,native,NICE_native,1,OK,0.0,0.0047223567962646484,0.16236263736263737,2,"{""nevents"": 10.0, ""ndays_act"": 10.0, ""nchapters"": 10.0}"
HarvardX,4,aligned,0,948,NICE,bounded,NICE_bounded,1,OK,0.0,0.0047223567962646484,0.16236263736263737,2,"{""nevents"": 10.0, ""ndays_act"": 10.0, ""nchapters"": 10.0}"
HarvardX,4,aligned,0,948,NICE,bounded+edit,NICE_bounded+edit,1,OK,0.0,0.0047223567962646484,0.16236263736263737,2,"{""nevents"": 10.0, ""ndays_act"": 10.0, ""nchapters"": 10.0}"
HarvardX,4,aligned,0,948,MCCE,native,MCCE_native,1,OK,0.0,0.04163217544555664,0.26474358974358975,2,"{""nevents"": 36.0, ""ndays_act"": 14.0, ""nchapters"": 10.0}"
HarvardX,4,aligned,0,948,MCCE,bounded,MCCE_bounded,1,OK,0.0,0.04163217544555664,0.26474358974358975,2,"{""nevents"": 36.0, ""ndays_act"": 14.0, ""nchapters"": 10.0}"
HarvardX,4,aligned,0,948,MCCE,bounded+edit,MCCE_bounded+edit,1,OK,0.0,0.04163217544555664,0.26474358974358975,2,"{""nevents"": 36.0, ""ndays_act"": 14.0, ""nchapters"": 10.0}"
HarvardX,4,aligned,0,952,NICE,native,NICE_native,1,OK,0.0,0.0056879520416259766,0.4482279790415795,3,"{""nevents"": 25.0, ""ndays_act"": 10.0, ""nchapters"": 9.0}"
HarvardX,4,aligned,0,952,NICE,bounded,NICE_bounded,1,OK,0.0,0.0056879520416259766,0.4482279790415795,3,"{""nevents"": 25.0, ""ndays_act"": 10.0, ""nchapters"": 9.0}"
HarvardX,4,aligned,0,952,NICE,bounded+edit,NICE_bounded+edit,1,OK,0.0,0.0056879520416259766,0.4482279790415795,3,"{""nevents"": 25.0, ""ndays_act"": 10.0, ""nchapters"": 9.0}"
HarvardX,4,aligned,0,952,MCCE,native,MCCE_native,1,OK,0.0,0.0413060188293457,0.7203276439767028,3,"{""nevents"": 68.0, ""ndays_act"": 23.0, ""nchapters"": 9.0}"
HarvardX,4,aligned,0,952,MCCE,bounded,MCCE_bounded,1,OK,0.0,0.0413060188293457,0.7203276439767028,3,"{""nevents"": 68.0, ""ndays_act"": 23.0, ""nchapters"": 9.0}"
HarvardX,4,aligned,0,952,MCCE,bounded+edit,MCCE_bounded+edit,1,OK,0.0,0.0413060188293457,0.7203276439767028,3,"{""nevents"": 68.0, ""ndays_act"": 23.0, ""nchapters"": 9.0}"
HarvardX,4,aligned,0,1012,NICE,native,NICE_native,1,OK,0.0,0.00488591194152832,0.4213663457129757,2,"{""nevents"": 66.0, ""ndays_act"": 21.0, ""nchapters"": 7.0}"
HarvardX,4,aligned,0,1012,NICE,bounded,NICE_bounded,1,OK,0.0,0.00488591194152832,0.4213663457129757,2,"{""nevents"": 66.0, ""ndays_act"": 21.0, ""nchapters"": 7.0}"
HarvardX,4,aligned,0,1012,NICE,bounded+edit,NICE_bounded+edit,1,OK,0.0,0.00488591194152832,0.4213663457129757,2,"{""nevents"": 66.0, ""ndays_act"": 21.0, ""nchapters"": 7.0}"
HarvardX,4,aligned,0,1012,MCCE,native,MCCE_native,1,OK,0.0,0.04143524169921875,0.8574507106831728,3,"{""nevents"": 68.0, ""ndays_act"": 23.0, ""nchapters"": 9.0}"
HarvardX,4,aligned,0,1012,MCCE,bounded,MCCE_bounded,1,OK,0.0,0.04143524169921875,0.8574507106831728,3,"{""nevents"": 68.0, ""ndays_act"": 23.0, ""nchapters"": 9.0}"
HarvardX,4,aligned,0,1012,MCCE,bounded+edit,MCCE_bounded+edit,1,OK,0.0,0.04143524169921875,0.8574507106831728,3,"{""nevents"": 68.0, ""ndays_act"": 23.0, ""nchapters"": 9.0}"
HarvardX,4,aligned,0,1046,NICE,native,NICE_native,0,out_of_bounds:nevents,0.0,0.0034809112548828125,0.5133928571428571,1,"{""nevents"": 51.0, ""ndays_act"": 11.0, ""nchapters"": 12.0}"
HarvardX,4,aligned,0,1046,NICE,bounded,NICE_bounded,0,classifier_target_not_met,0.0,0.0034809112548828125,0.0,0,"{""nevents"": 281.0, ""ndays_act"": 11.0, ""nchapters"": 12.0}"
HarvardX,4,aligned,0,1046,NICE,bounded+edit,NICE_bounded+edit,0,classifier_target_not_met,0.0,0.0034809112548828125,0.0,0,"{""nevents"": 281.0, ""ndays_act"": 11.0, ""nchapters"": 12.0}"
HarvardX,4,aligned,0,1046,MCCE,native,MCCE_native,0,out_of_bounds:nevents,0.0,0.026805639266967773,0.5133928571428571,1,"{""nevents"": 51.0, ""ndays_act"": 11.0, ""nchapters"": 12.0}"
HarvardX,4,aligned,0,1046,MCCE,bounded,MCCE_bounded,1,OK,0.0,0.026805639266967773,0.42,1,"{""nevents"": 281.0, ""ndays_act"": 32.0, ""nchapters"": 12.0}"
HarvardX,4,aligned,0,1046,MCCE,bounded+edit,MCCE_bounded+edit,1,OK,0.0,0.026805639266967773,0.42,1,"{""nevents"": 281.0, ""ndays_act"": 32.0, ""nchapters"": 12.0}"
HarvardX,4,aligned,0,1086,NICE,native,NICE_native,0,out_of_bounds:nevents,0.0,0.004709959030151367,0.1768303337410449,2,"{""nevents"": 22.0, ""ndays_act"": 10.0, ""nchapters"": 12.0}"
HarvardX,4,aligned,0,1086,NICE,bounded,NICE_bounded,0,classifier_target_not_met,0.0,0.004709959030151367,0.13559322033898305,1,"{""nevents"": 50.0, ""ndays_act"": 10.0, ""nchapters"": 12.0}"
HarvardX,4,aligned,0,1086,NICE,bounded+edit,NICE_bounded+edit,0,classifier_target_not_met,0.0,0.004709959030151367,0.13559322033898305,1,"{""nevents"": 50.0, ""ndays_act"": 10.0, ""nchapters"": 12.0}"
HarvardX,4,aligned,0,1086,MCCE,native,MCCE_native,0,out_of_bounds:nevents,0.0,0.027167797088623047,0.1650483013404558,2,"{""nevents"": 30.0, ""ndays_act"": 10.0, ""nchapters"": 12.0}"
HarvardX,4,aligned,0,1086,MCCE,bounded,MCCE_bounded,1,OK,0.0,0.027167797088623047,0.15401512693142957,2,"{""nevents"": 51.0, ""ndays_act"": 11.0, ""nchapters"": 12.0}"
HarvardX,4,aligned,0,1086,MCCE,bounded+edit,MCCE_bounded+edit,1,OK,0.0,0.027167797088623047,0.15401512693142957,2,"{""nevents"": 51.0, ""ndays_act"": 11.0, ""nchapters"": 12.0}"
HarvardX,4,aligned,0,1093,NICE,native,NICE_native,1,OK,0.0,0.0056743621826171875,0.6014639411725021,3,"{""nevents"": 66.0, ""ndays_act"": 21.0, ""nchapters"": 7.0}"
HarvardX,4,aligned,0,1093,NICE,bounded,NICE_bounded,1,OK,0.0,0.0056743621826171875,0.6014639411725021,3,"{""nevents"": 66.0, ""ndays_act"": 21.0, ""nchapters"": 7.0}"
HarvardX,4,aligned,0,1093,NICE,bounded+edit,NICE_bounded+edit,1,OK,0.0,0.0056743621826171875,0.6014639411725021,3,"{""nevents"": 66.0, ""ndays_act"": 21.0, ""nchapters"": 7.0}"
HarvardX,4,aligned,0,1093,MCCE,native,MCCE_native,1,OK,0.0,0.045734405517578125,0.9703276439767028,3,"{""nevents"": 68.0, ""ndays_act"": 23.0, ""nchapters"": 9.0}"
HarvardX,4,aligned,0,1093,MCCE,bounded,MCCE_bounded,1,OK,0.0,0.045734405517578125,0.9703276439767028,3,"{""nevents"": 68.0, ""ndays_act"": 23.0, ""nchapters"": 9.0}"
HarvardX,4,aligned,0,1093,MCCE,bounded+edit,MCCE_bounded+edit,1,OK,0.0,0.045734405517578125,0.9703276439767028,3,"{""nevents"": 68.0, ""ndays_act"": 23.0, ""nchapters"": 9.0}"
HarvardX,4,aligned,0,1094,NICE,native,NICE_native,1,OK,0.0,0.0039594173431396484,0.09375,1,"{""nevents"": 453.0, ""ndays_act"": 32.0, ""nchapters"": 12.0}"
HarvardX,4,aligned,0,1094,NICE,bounded,NICE_bounded,1,OK,0.0,0.0039594173431396484,0.09375,1,"{""nevents"": 453.0, ""ndays_act"": 32.0, ""nchapters"": 12.0}"
HarvardX,4,aligned,0,1094,NICE,bounded+edit,NICE_bounded+edit,1,OK,0.0,0.0039594173431396484,0.09375,1,"{""nevents"": 453.0, ""ndays_act"": 32.0, ""nchapters"": 12.0}"
HarvardX,4,aligned,0,1094,MCCE,native,MCCE_native,0,out_of_bounds:nevents,0.0,0.02772998809814453,0.6557971014492754,1,"{""nevents"": 272.0, ""ndays_act"": 29.0, ""nchapters"": 12.0}"
HarvardX,4,aligned,0,1094,MCCE,bounded,MCCE_bounded,1,OK,0.0,0.02772998809814453,0.2164855072463768,2,"{""nevents"": 461.0, ""ndays_act"": 35.0, ""nchapters"": 12.0}"
HarvardX,4,aligned,0,1094,MCCE,bounded+edit,MCCE_bounded+edit,1,OK,0.0,0.02772998809814453,0.2164855072463768,2,"{""nevents"": 461.0, ""ndays_act"": 35.0, ""nchapters"": 12.0}"
HarvardX,4,aligned,0,1217,NICE,native,NICE_native,0,out_of_bounds:nevents,0.0,0.004710197448730469,0.33666061705989114,2,"{""nevents"": 66.0, ""ndays_act"": 21.0, ""nchapters"": 7.0}"
HarvardX,4,aligned,0,1217,NICE,bounded,NICE_bounded,0,classifier_target_not_met,0.0,0.004710197448730469,0.3103448275862069,1,"{""nevents"": 83.0, ""ndays_act"": 21.0, ""nchapters"": 7.0}"
HarvardX,4,aligned,0,1217,NICE,bounded+edit,NICE_bounded+edit,0,classifier_target_not_met,0.0,0.004710197448730469,0.3103448275862069,1,"{""nevents"": 83.0, ""ndays_act"": 21.0, ""nchapters"": 7.0}"
HarvardX,4,aligned,0,1217,MCCE,native,MCCE_native,0,out_of_bounds:nevents,0.0,0.0440826416015625,0.7680474004483826,3,"{""nevents"": 68.0, ""ndays_act"": 23.0, ""nchapters"": 9.0}"
HarvardX,4,aligned,0,1217,MCCE,bounded,MCCE_bounded,1,OK,0.0,0.0440826416015625,0.8144870289313548,3,"{""nevents"": 128.0, ""ndays_act"": 23.0, ""nchapters"": 9.0}"
HarvardX,4,aligned,0,1217,MCCE,bounded+edit,MCCE_bounded+edit,1,OK,0.0,0.0440826416015625,0.8144870289313548,3,"{""nevents"": 128.0, ""ndays_act"": 23.0, ""nchapters"": 9.0}"
HarvardX,4,aligned,0,1236,NICE,native,NICE_native,1,OK,0.0,0.0059511661529541016,0.1864406779661017,1,"{""nevents"": 6.0, ""ndays_act"": 13.0, ""nchapters"": 11.0}"
HarvardX,4,aligned,0,1236,NICE,bounded,NICE_bounded,1,OK,0.0,0.0059511661529541016,0.1864406779661017,1,"{""nevents"": 6.0, ""ndays_act"": 13.0, ""nchapters"": 11.0}"
HarvardX,4,aligned,0,1236,NICE,bounded+edit,NICE_bounded+edit,1,OK,0.0,0.0059511661529541016,0.1864406779661017,1,"{""nevents"": 6.0, ""ndays_act"": 13.0, ""nchapters"": 11.0}"
HarvardX,4,aligned,0,1236,MCCE,native,MCCE_native,1,OK,0.0,0.05103564262390137,0.535762008580069,2,"{""nevents"": 87.0, ""ndays_act"": 27.0, ""nchapters"": 11.0}"
HarvardX,4,aligned,0,1236,MCCE,bounded,MCCE_bounded,1,OK,0.0,0.05103564262390137,0.535762008580069,2,"{""nevents"": 87.0, ""ndays_act"": 27.0, ""nchapters"": 11.0}"
HarvardX,4,aligned,0,1236,MCCE,bounded+edit,MCCE_bounded+edit,1,OK,0.0,0.05103564262390137,0.535762008580069,2,"{""nevents"": 87.0, ""ndays_act"": 27.0, ""nchapters"": 11.0}"
HarvardX,4,aligned,0,1317,NICE,native,NICE_native,0,out_of_bounds:nevents,0.0,0.005700588226318359,0.20710940825883356,2,"{""nevents"": 25.0, ""ndays_act"": 10.0, ""nchapters"": 9.0}"
HarvardX,4,aligned,0,1317,NICE,bounded,NICE_bounded,0,classifier_target_not_met,0.0,0.005700588226318359,0.1206896551724138,1,"{""nevents"": 81.0, ""ndays_act"": 10.0, ""nchapters"": 9.0}"
HarvardX,4,aligned,0,1317,NICE,bounded+edit,NICE_bounded+edit,0,classifier_target_not_met,0.0,0.005700588226318359,0.1206896551724138,1,"{""nevents"": 81.0, ""ndays_act"": 10.0, ""nchapters"": 9.0}"
HarvardX,4,aligned,0,1317,MCCE,native,MCCE_native,0,out_of_bounds:nevents,0.0,0.04673886299133301,0.3648893146019583,2,"{""nevents"": 68.0, ""ndays_act"": 23.0, ""nchapters"": 9.0}"
HarvardX,4,aligned,0,1317,MCCE,bounded,MCCE_bounded,1,OK,0.0,0.04673886299133301,0.41735845040442743,2,"{""nevents"": 128.0, ""ndays_act"": 23.0, ""nchapters"": 9.0}"
HarvardX,4,aligned,0,1317,MCCE,bounded+edit,MCCE_bounded+edit,1,OK,0.0,0.04673886299133301,0.41735845040442743,2,"{""nevents"": 128.0, ""ndays_act"": 23.0, ""nchapters"": 9.0}"
HarvardX,4,aligned,0,1321,NICE,native,NICE_native,1,OK,0.0,0.0036940574645996094,0.15,1,"{""nevents"": 6.0, ""ndays_act"": 10.0, ""nchapters"": 12.0}"
HarvardX,4,aligned,0,1321,NICE,bounded,NICE_bounded,1,OK,0.0,0.0036940574645996094,0.15,1,"{""nevents"": 6.0, ""ndays_act"": 10.0, ""nchapters"": 12.0}"
HarvardX,4,aligned,0,1321,NICE,bounded+edit,NICE_bounded+edit,1,OK,0.0,0.0036940574645996094,0.15,1,"{""nevents"": 6.0, ""ndays_act"": 10.0, ""nchapters"": 12.0}"
HarvardX,4,aligned,0,1321,MCCE,native,MCCE_native,1,OK,0.0,0.027359724044799805,0.18319502074688795,2,"{""nevents"": 30.0, ""ndays_act"": 10.0, ""nchapters"": 12.0}"
HarvardX,4,aligned,0,1321,MCCE,bounded,MCCE_bounded,1,OK,0.0,0.027359724044799805,0.18319502074688795,2,"{""nevents"": 30.0, ""ndays_act"": 10.0, ""nchapters"": 12.0}"
HarvardX,4,aligned,0,1321,MCCE,bounded+edit,MCCE_bounded+edit,1,OK,0.0,0.027359724044799805,0.18319502074688795,2,"{""nevents"": 30.0, ""ndays_act"": 10.0, ""nchapters"": 12.0}"
HarvardX,4,aligned,0,1344,NICE,native,NICE_native,0,out_of_bounds:nevents,0.0,0.005186796188354492,0.14829125880130517,2,"{""nevents"": 22.0, ""ndays_act"": 10.0, ""nchapters"": 12.0}"
HarvardX,4,aligned,0,1344,NICE,bounded,NICE_bounded,0,classifier_target_not_met,0.0,0.005186796188354492,0.05555555555555555,1,"{""nevents"": 82.0, ""ndays_act"": 10.0, ""nchapters"": 12.0}"
HarvardX,4,aligned,0,1344,NICE,bounded+edit,NICE_bounded+edit,0,classifier_target_not_met,0.0,0.005186796188354492,0.05555555555555555,1,"{""nevents"": 82.0, ""ndays_act"": 10.0, ""nchapters"": 12.0}"
HarvardX,4,aligned,0,1344,MCCE,native,MCCE_native,0,out_of_bounds:nevents,0.0,0.028096675872802734,0.13592649836853854,2,"{""nevents"": 30.0, ""ndays_act"": 10.0, ""nchapters"": 12.0}"
HarvardX,4,aligned,0,1344,MCCE,bounded,MCCE_bounded,1,OK,0.0,0.028096675872802734,0.24540614803365962,2,"{""nevents"": 97.0, ""ndays_act"": 19.0, ""nchapters"": 12.0}"
HarvardX,4,aligned,0,1344,MCCE,bounded+edit,MCCE_bounded+edit,1,OK,0.0,0.028096675872802734,0.24540614803365962,2,"{""nevents"": 97.0, ""ndays_act"": 19.0, ""nchapters"": 12.0}"
HarvardX,4,aligned,0,1346,NICE,native,NICE_native,0,out_of_bounds:nevents,0.0,0.0035147666931152344,0.03900709219858156,1,"{""nevents"": 143.0, ""ndays_act"": 21.0, ""nchapters"": 12.0}"
HarvardX,4,aligned,0,1346,NICE,bounded,NICE_bounded,0,classifier_target_not_met,0.0,0.0035147666931152344,0.0,0,"{""nevents"": 165.0, ""ndays_act"": 21.0, ""nchapters"": 12.0}"
HarvardX,4,aligned,0,1346,NICE,bounded+edit,NICE_bounded+edit,0,classifier_target_not_met,0.0,0.0035147666931152344,0.0,0,"{""nevents"": 165.0, ""ndays_act"": 21.0, ""nchapters"": 12.0}"
HarvardX,4,aligned,0,1346,MCCE,native,MCCE_native,0,out_of_bounds:nevents,0.0,0.028752803802490234,0.044326241134751775,1,"{""nevents"": 140.0, ""ndays_act"": 21.0, ""nchapters"": 12.0}"
HarvardX,4,aligned,0,1346,MCCE,bounded,MCCE_bounded,1,OK,0.0,0.028752803802490234,0.09450354609929078,2,"{""nevents"": 176.0, ""ndays_act"": 24.0, ""nchapters"": 12.0}"
HarvardX,4,aligned,0,1346,MCCE,bounded+edit,MCCE_bounded+edit,1,OK,0.0,0.028752803802490234,0.09450354609929078,2,"{""nevents"": 176.0, ""ndays_act"": 24.0, ""nchapters"": 12.0}"
HarvardX,4,aligned,0,1371,NICE,native,NICE_native,1,OK,0.0,0.006850242614746094,0.6014639411725021,3,"{""nevents"": 66.0, ""ndays_act"": 21.0, ""nchapters"": 7.0}"
HarvardX,4,aligned,0,1371,NICE,bounded,NICE_bounded,1,OK,0.0,0.006850242614746094,0.6014639411725021,3,"{""nevents"": 66.0, ""ndays_act"": 21.0, ""nchapters"": 7.0}"
HarvardX,4,aligned,0,1371,NICE,bounded+edit,NICE_bounded+edit,1,OK,0.0,0.006850242614746094,0.6014639411725021,3,"{""nevents"": 66.0, ""ndays_act"": 21.0, ""nchapters"": 7.0}"
HarvardX,4,aligned,0,1371,MCCE,native,MCCE_native,1,OK,0.0,0.06823420524597168,0.9703276439767028,3,"{""nevents"": 68.0, ""ndays_act"": 23.0, ""nchapters"": 9.0}"
HarvardX,4,aligned,0,1371,MCCE,bounded,MCCE_bounded,1,OK,0.0,0.06823420524597168,0.9703276439767028,3,"{""nevents"": 68.0, ""ndays_act"": 23.0, ""nchapters"": 9.0}"
HarvardX,4,aligned,0,1371,MCCE,bounded+edit,MCCE_bounded+edit,1,OK,0.0,0.06823420524597168,0.9703276439767028,3,"{""nevents"": 68.0, ""ndays_act"": 23.0, ""nchapters"": 9.0}"
HarvardX,4,aligned,0,1374,NICE,native,NICE_native,0,out_of_bounds:nevents,0.0,0.0050203800201416016,0.46323831913017927,2,"{""nevents"": 142.0, ""ndays_act"": 22.0, ""nchapters"": 11.0}"
HarvardX,4,aligned,0,1374,NICE,bounded,NICE_bounded,0,classifier_target_not_met,0.0,0.0050203800201416016,0.04878048780487805,1,"{""nevents"": 314.0, ""ndays_act"": 22.0, ""nchapters"": 11.0}"
HarvardX,4,aligned,0,1374,NICE,bounded+edit,NICE_bounded+edit,0,classifier_target_not_met,0.0,0.0050203800201416016,0.04878048780487805,1,"{""nevents"": 314.0, ""ndays_act"": 22.0, ""nchapters"": 11.0}"
HarvardX,4,aligned,0,1374,MCCE,native,MCCE_native,0,out_of_bounds:nevents,0.0,0.047095537185668945,0.7177196591243021,2,"{""nevents"": 87.0, ""ndays_act"": 27.0, ""nchapters"": 11.0}"
HarvardX,4,aligned,0,1374,MCCE,bounded,MCCE_bounded,1,OK,0.0,0.047095537185668945,0.9256538348516015,2,"{""nevents"": 354.0, ""ndays_act"": 54.0, ""nchapters"": 11.0}"
HarvardX,4,aligned,0,1374,MCCE,bounded+edit,MCCE_bounded+edit,1,OK,0.0,0.047095537185668945,0.9256538348516015,2,"{""nevents"": 354.0, ""ndays_act"": 54.0, ""nchapters"": 11.0}"
HarvardX,4,aligned,0,1379,NICE,native,NICE_native,0,out_of_bounds:nevents,0.0,0.0037360191345214844,0.15599343185550082,1,"{""nevents"": 25.0, ""ndays_act"": 10.0, ""nchapters"": 9.0}"
HarvardX,4,aligned,0,1379,NICE,bounded,NICE_bounded,0,classifier_target_not_met,0.0,0.0037360191345214844,0.0,0,"{""nevents"": 120.0, ""ndays_act"": 10.0, ""nchapters"": 9.0}"
HarvardX,4,aligned,0,1379,NICE,bounded+edit,NICE_bounded+edit,0,classifier_target_not_met,0.0,0.0037360191345214844,0.0,0,"{""nevents"": 120.0, ""ndays_act"": 10.0, ""nchapters"": 9.0}"
HarvardX,4,aligned,0,1379,MCCE,native,MCCE_native,1,OK,0.0,0.050134897232055664,0.26803824978267166,2,"{""nevents"": 128.0, ""ndays_act"": 23.0, ""nchapters"": 9.0}"
HarvardX,4,aligned,0,1379,MCCE,bounded,MCCE_bounded,1,OK,0.0,0.050134897232055664,0.26803824978267166,2,"{""nevents"": 128.0, ""ndays_act"": 23.0, ""nchapters"": 9.0}"
HarvardX,4,aligned,0,1379,MCCE,bounded+edit,MCCE_bounded+edit,1,OK,0.0,0.050134897232055664,0.26803824978267166,2,"{""nevents"": 128.0, ""ndays_act"": 23.0, ""nchapters"": 9.0}"
HarvardX,4,aligned,0,1382,NICE,native,NICE_native,1,OK,0.0,0.010303497314453125,0.6014639411725021,3,"{""nevents"": 66.0, ""ndays_act"": 21.0, ""nchapters"": 7.0}"
HarvardX,4,aligned,0,1382,NICE,bounded,NICE_bounded,1,OK,0.0,0.010303497314453125,0.6014639411725021,3,"{""nevents"": 66.0, ""ndays_act"": 21.0, ""nchapters"": 7.0}"
HarvardX,4,aligned,0,1382,NICE,bounded+edit,NICE_bounded+edit,1,OK,0.0,0.010303497314453125,0.6014639411725021,3,"{""nevents"": 66.0, ""ndays_act"": 21.0, ""nchapters"": 7.0}"
HarvardX,4,aligned,0,1382,MCCE,native,MCCE_native,1,OK,0.0,0.04363679885864258,0.9703276439767028,3,"{""nevents"": 68.0, ""ndays_act"": 23.0, ""nchapters"": 9.0}"
HarvardX,4,aligned,0,1382,MCCE,bounded,MCCE_bounded,1,OK,0.0,0.04363679885864258,0.9703276439767028,3,"{""nevents"": 68.0, ""ndays_act"": 23.0, ""nchapters"": 9.0}"
HarvardX,4,aligned,0,1382,MCCE,bounded+edit,MCCE_bounded+edit,1,OK,0.0,0.04363679885864258,0.9703276439767028,3,"{""nevents"": 68.0, ""ndays_act"": 23.0, ""nchapters"": 9.0}"
HarvardX,4,aligned,0,1400,NICE,native,NICE_native,1,OK,0.0,0.0050618648529052734,0.11493166618202966,2,"{""nevents"": 12.0, ""ndays_act"": 10.0, ""nchapters"": 12.0}"
HarvardX,4,aligned,0,1400,NICE,bounded,NICE_bounded,1,OK,0.0,0.0050618648529052734,0.11493166618202966,2,"{""nevents"": 12.0, ""ndays_act"": 10.0, ""nchapters"": 12.0}"
HarvardX,4,aligned,0,1400,NICE,bounded+edit,NICE_bounded+edit,1,OK,0.0,0.0050618648529052734,0.11493166618202966,2,"{""nevents"": 12.0, ""ndays_act"": 10.0, ""nchapters"": 12.0}"
HarvardX,4,aligned,0,1400,MCCE,native,MCCE_native,1,OK,0.0,0.02979421615600586,0.13979354463506832,2,"{""nevents"": 30.0, ""ndays_act"": 10.0, ""nchapters"": 12.0}"
HarvardX,4,aligned,0,1400,MCCE,bounded,MCCE_bounded,1,OK,0.0,0.02979421615600586,0.13979354463506832,2,"{""nevents"": 30.0, ""ndays_act"": 10.0, ""nchapters"": 12.0}"
HarvardX,4,aligned,0,1400,MCCE,bounded+edit,MCCE_bounded+edit,1,OK,0.0,0.02979421615600586,0.13979354463506832,2,"{""nevents"": 30.0, ""ndays_act"": 10.0, ""nchapters"": 12.0}"
HarvardX,4,aligned,0,1519,NICE,native,NICE_native,1,OK,0.0,0.004830598831176758,0.16236263736263737,2,"{""nevents"": 10.0, ""ndays_act"": 10.0, ""nchapters"": 10.0}"
HarvardX,4,aligned,0,1519,NICE,bounded,NICE_bounded,1,OK,0.0,0.004830598831176758,0.16236263736263737,2,"{""nevents"": 10.0, ""ndays_act"": 10.0, ""nchapters"": 10.0}"
HarvardX,4,aligned,0,1519,NICE,bounded+edit,NICE_bounded+edit,1,OK,0.0,0.004830598831176758,0.16236263736263737,2,"{""nevents"": 10.0, ""ndays_act"": 10.0, ""nchapters"": 10.0}"
HarvardX,4,aligned,0,1519,MCCE,native,MCCE_native,1,OK,0.0,0.054404497146606445,0.26474358974358975,2,"{""nevents"": 36.0, ""ndays_act"": 14.0, ""nchapters"": 10.0}"
HarvardX,4,aligned,0,1519,MCCE,bounded,MCCE_bounded,1,OK,0.0,0.054404497146606445,0.26474358974358975,2,"{""nevents"": 36.0, ""ndays_act"": 14.0, ""nchapters"": 10.0}"
HarvardX,4,aligned,0,1519,MCCE,bounded+edit,MCCE_bounded+edit,1,OK,0.0,0.054404497146606445,0.26474358974358975,2,"{""nevents"": 36.0, ""ndays_act"": 14.0, ""nchapters"": 10.0}"
HarvardX,4,aligned,0,1533,NICE,native,NICE_native,0,out_of_bounds:nevents,0.0,0.00627899169921875,0.216898378020523,2,"{""nevents"": 22.0, ""ndays_act"": 10.0, ""nchapters"": 12.0}"
HarvardX,4,aligned,0,1533,NICE,bounded,NICE_bounded,0,classifier_target_not_met,0.0,0.00627899169921875,0.10526315789473684,1,"{""nevents"": 93.0, ""ndays_act"": 10.0, ""nchapters"": 12.0}"
HarvardX,4,aligned,0,1533,NICE,bounded+edit,NICE_bounded+edit,0,classifier_target_not_met,0.0,0.00627899169921875,0.10526315789473684,1,"{""nevents"": 93.0, ""ndays_act"": 10.0, ""nchapters"": 12.0}"
HarvardX,4,aligned,0,1533,MCCE,native,MCCE_native,0,out_of_bounds:nevents,0.0,0.03483772277832031,0.20431976166832175,2,"{""nevents"": 30.0, ""ndays_act"": 10.0, ""nchapters"": 12.0}"
HarvardX,4,aligned,0,1533,MCCE,bounded,MCCE_bounded,1,OK,0.0,0.03483772277832031,0.2694472029129427,2,"{""nevents"": 97.0, ""ndays_act"": 19.0, ""nchapters"": 12.0}"
HarvardX,4,aligned,0,1533,MCCE,bounded+edit,MCCE_bounded+edit,1,OK,0.0,0.03483772277832031,0.2694472029129427,2,"{""nevents"": 97.0, ""ndays_act"": 19.0, ""nchapters"": 12.0}"
HarvardX,4,aligned,0,1549,NICE,native,NICE_native,1,OK,0.0,0.008147239685058594,0.41885057471264364,2,"{""nevents"": 66.0, ""ndays_act"": 21.0, ""nchapters"": 7.0}"
HarvardX,4,aligned,0,1549,NICE,bounded,NICE_bounded,1,OK,0.0,0.008147239685058594,0.41885057471264364,2,"{""nevents"": 66.0, ""ndays_act"": 21.0, ""nchapters"": 7.0}"
HarvardX,4,aligned,0,1549,NICE,bounded+edit,NICE_bounded+edit,1,OK,0.0,0.008147239685058594,0.41885057471264364,2,"{""nevents"": 66.0, ""ndays_act"": 21.0, ""nchapters"": 7.0}"
HarvardX,4,aligned,0,1549,MCCE,native,MCCE_native,1,OK,0.0,0.042816162109375,0.8549425287356321,3,"{""nevents"": 68.0, ""ndays_act"": 23.0, ""nchapters"": 9.0}"
HarvardX,4,aligned,0,1549,MCCE,bounded,MCCE_bounded,1,OK,0.0,0.042816162109375,0.8549425287356321,3,"{""nevents"": 68.0, ""ndays_act"": 23.0, ""nchapters"": 9.0}"
HarvardX,4,aligned,0,1549,MCCE,bounded+edit,MCCE_bounded+edit,1,OK,0.0,0.042816162109375,0.8549425287356321,3,"{""nevents"": 68.0, ""ndays_act"": 23.0, ""nchapters"": 9.0}"
HarvardX,4,aligned,0,1579,NICE,native,NICE_native,1,OK,0.0,0.006292581558227539,0.6014639411725021,3,"{""nevents"": 66.0, ""ndays_act"": 21.0, ""nchapters"": 7.0}"
HarvardX,4,aligned,0,1579,NICE,bounded,NICE_bounded,1,OK,0.0,0.006292581558227539,0.6014639411725021,3,"{""nevents"": 66.0, ""ndays_act"": 21.0, ""nchapters"": 7.0}"
HarvardX,4,aligned,0,1579,NICE,bounded+edit,NICE_bounded+edit,1,OK,0.0,0.006292581558227539,0.6014639411725021,3,"{""nevents"": 66.0, ""ndays_act"": 21.0, ""nchapters"": 7.0}"
HarvardX,4,aligned,0,1579,MCCE,native,MCCE_native,1,OK,0.0,0.043268680572509766,0.9703276439767028,3,"{""nevents"": 68.0, ""ndays_act"": 23.0, ""nchapters"": 9.0}"
HarvardX,4,aligned,0,1579,MCCE,bounded,MCCE_bounded,1,OK,0.0,0.043268680572509766,0.9703276439767028,3,"{""nevents"": 68.0, ""ndays_act"": 23.0, ""nchapters"": 9.0}"
HarvardX,4,aligned,0,1579,MCCE,bounded+edit,MCCE_bounded+edit,1,OK,0.0,0.043268680572509766,0.9703276439767028,3,"{""nevents"": 68.0, ""ndays_act"": 23.0, ""nchapters"": 9.0}"
HarvardX,4,aligned,0,1582,NICE,native,NICE_native,1,OK,0.0,0.006175041198730469,0.6014639411725021,3,"{""nevents"": 66.0, ""ndays_act"": 21.0, ""nchapters"": 7.0}"
HarvardX,4,aligned,0,1582,NICE,bounded,NICE_bounded,1,OK,0.0,0.006175041198730469,0.6014639411725021,3,"{""nevents"": 66.0, ""ndays_act"": 21.0, ""nchapters"": 7.0}"
HarvardX,4,aligned,0,1582,NICE,bounded+edit,NICE_bounded+edit,1,OK,0.0,0.006175041198730469,0.6014639411725021,3,"{""nevents"": 66.0, ""ndays_act"": 21.0, ""nchapters"": 7.0}"
HarvardX,4,aligned,0,1582,MCCE,native,MCCE_native,1,OK,0.0,0.07556986808776855,0.9703276439767028,3,"{""nevents"": 68.0, ""ndays_act"": 23.0, ""nchapters"": 9.0}"
HarvardX,4,aligned,0,1582,MCCE,bounded,MCCE_bounded,1,OK,0.0,0.07556986808776855,0.9703276439767028,3,"{""nevents"": 68.0, ""ndays_act"": 23.0, ""nchapters"": 9.0}"
HarvardX,4,aligned,0,1582,MCCE,bounded+edit,MCCE_bounded+edit,1,OK,0.0,0.07556986808776855,0.9703276439767028,3,"{""nevents"": 68.0, ""ndays_act"": 23.0, ""nchapters"": 9.0}"
HarvardX,4,aligned,0,1646,NICE,native,NICE_native,1,OK,0.0,0.007982730865478516,0.18039533157930243,2,"{""nevents"": 12.0, ""ndays_act"": 10.0, ""nchapters"": 12.0}"
HarvardX,4,aligned,0,1646,NICE,bounded,NICE_bounded,1,OK,0.0,0.007982730865478516,0.18039533157930243,2,"{""nevents"": 12.0, ""ndays_act"": 10.0, ""nchapters"": 12.0}"
HarvardX,4,aligned,0,1646,NICE,bounded+edit,NICE_bounded+edit,1,OK,0.0,0.007982730865478516,0.18039533157930243,2,"{""nevents"": 12.0, ""ndays_act"": 10.0, ""nchapters"": 12.0}"
HarvardX,4,aligned,0,1646,MCCE,native,MCCE_native,1,OK,0.0,0.040556907653808594,0.2050866896039938,2,"{""nevents"": 30.0, ""ndays_act"": 10.0, ""nchapters"": 12.0}"
HarvardX,4,aligned,0,1646,MCCE,bounded,MCCE_bounded,1,OK,0.0,0.040556907653808594,0.2050866896039938,2,"{""nevents"": 30.0, ""ndays_act"": 10.0, ""nchapters"": 12.0}"
HarvardX,4,aligned,0,1646,MCCE,bounded+edit,MCCE_bounded+edit,1,OK,0.0,0.040556907653808594,0.2050866896039938,2,"{""nevents"": 30.0, ""ndays_act"": 10.0, ""nchapters"": 12.0}"
HarvardX,4,aligned,0,1662,NICE,native,NICE_native,0,out_of_bounds:nevents,0.0,0.003525972366333008,0.030612244897959183,1,"{""nevents"": 22.0, ""ndays_act"": 10.0, ""nchapters"": 12.0}"
HarvardX,4,aligned,0,1662,NICE,bounded,NICE_bounded,0,classifier_target_not_met,0.0,0.003525972366333008,0.0,0,"{""nevents"": 43.0, ""ndays_act"": 10.0, ""nchapters"": 12.0}"
HarvardX,4,aligned,0,1662,NICE,bounded+edit,NICE_bounded+edit,0,classifier_target_not_met,0.0,0.003525972366333008,0.0,0,"{""nevents"": 43.0, ""ndays_act"": 10.0, ""nchapters"": 12.0}"
HarvardX,4,aligned,0,1662,MCCE,native,MCCE_native,0,out_of_bounds:nevents,0.0,0.033293962478637695,0.018950437317784258,1,"{""nevents"": 30.0, ""ndays_act"": 10.0, ""nchapters"": 12.0}"
HarvardX,4,aligned,0,1662,MCCE,bounded,MCCE_bounded,1,OK,0.0,0.033293962478637695,0.022523295032298635,2,"{""nevents"": 45.0, ""ndays_act"": 11.0, ""nchapters"": 12.0}"
HarvardX,4,aligned,0,1662,MCCE,bounded+edit,MCCE_bounded+edit,1,OK,0.0,0.033293962478637695,0.022523295032298635,2,"{""nevents"": 45.0, ""ndays_act"": 11.0, ""nchapters"": 12.0}"
HarvardX,4,aligned,0,1704,NICE,native,NICE_native,0,out_of_bounds:nevents,0.0,0.006002187728881836,0.4384166546607117,3,"{""nevents"": 25.0, ""ndays_act"": 10.0, ""nchapters"": 9.0}"
HarvardX,4,aligned,0,1704,NICE,bounded,NICE_bounded,0,classifier_target_not_met,0.0,0.006002187728881836,0.32272727272727275,2,"{""nevents"": 98.0, ""ndays_act"": 10.0, ""nchapters"": 9.0}"
HarvardX,4,aligned,0,1704,NICE,bounded+edit,NICE_bounded+edit,0,classifier_target_not_met,0.0,0.006002187728881836,0.32272727272727275,2,"{""nevents"": 98.0, ""ndays_act"": 10.0, ""nchapters"": 9.0}"
HarvardX,4,aligned,0,1704,MCCE,native,MCCE_native,1,OK,0.0,0.04175710678100586,0.6066344907073908,3,"{""nevents"": 128.0, ""ndays_act"": 23.0, ""nchapters"": 9.0}"
HarvardX,4,aligned,0,1704,MCCE,bounded,MCCE_bounded,1,OK,0.0,0.04175710678100586,0.6066344907073908,3,"{""nevents"": 128.0, ""ndays_act"": 23.0, ""nchapters"": 9.0}"
HarvardX,4,aligned,0,1704,MCCE,bounded+edit,MCCE_bounded+edit,1,OK,0.0,0.04175710678100586,0.6066344907073908,3,"{""nevents"": 128.0, ""ndays_act"": 23.0, ""nchapters"": 9.0}"
HarvardX,4,aligned,0,1734,NICE,native,NICE_native,1,OK,0.0,0.005796194076538086,0.6014639411725021,3,"{""nevents"": 66.0, ""ndays_act"": 21.0, ""nchapters"": 7.0}"
HarvardX,4,aligned,0,1734,NICE,bounded,NICE_bounded,1,OK,0.0,0.005796194076538086,0.6014639411725021,3,"{""nevents"": 66.0, ""ndays_act"": 21.0, ""nchapters"": 7.0}"
HarvardX,4,aligned,0,1734,NICE,bounded+edit,NICE_bounded+edit,1,OK,0.0,0.005796194076538086,0.6014639411725021,3,"{""nevents"": 66.0, ""ndays_act"": 21.0, ""nchapters"": 7.0}"
HarvardX,4,aligned,0,1734,MCCE,native,MCCE_native,1,OK,0.0,0.04423356056213379,0.9703276439767028,3,"{""nevents"": 68.0, ""ndays_act"": 23.0, ""nchapters"": 9.0}"
HarvardX,4,aligned,0,1734,MCCE,bounded,MCCE_bounded,1,OK,0.0,0.04423356056213379,0.9703276439767028,3,"{""nevents"": 68.0, ""ndays_act"": 23.0, ""nchapters"": 9.0}"
HarvardX,4,aligned,0,1734,MCCE,bounded+edit,MCCE_bounded+edit,1,OK,0.0,0.04423356056213379,0.9703276439767028,3,"{""nevents"": 68.0, ""ndays_act"": 23.0, ""nchapters"": 9.0}"
HarvardX,4,aligned,0,1811,NICE,native,NICE_native,1,OK,0.0,0.004907131195068359,0.3415474974463738,2,"{""nevents"": 66.0, ""ndays_act"": 21.0, ""nchapters"": 7.0}"
HarvardX,4,aligned,0,1811,NICE,bounded,NICE_bounded,1,OK,0.0,0.004907131195068359,0.3415474974463738,2,"{""nevents"": 66.0, ""ndays_act"": 21.0, ""nchapters"": 7.0}"
HarvardX,4,aligned,0,1811,NICE,bounded+edit,NICE_bounded+edit,1,OK,0.0,0.004907131195068359,0.3415474974463738,2,"{""nevents"": 66.0, ""ndays_act"": 21.0, ""nchapters"": 7.0}"
HarvardX,4,aligned,0,1811,MCCE,native,MCCE_native,1,OK,0.0,0.04240775108337402,0.7807201225740552,3,"{""nevents"": 68.0, ""ndays_act"": 23.0, ""nchapters"": 9.0}"
HarvardX,4,aligned,0,1811,MCCE,bounded,MCCE_bounded,1,OK,0.0,0.04240775108337402,0.7807201225740552,3,"{""nevents"": 68.0, ""ndays_act"": 23.0, ""nchapters"": 9.0}"
HarvardX,4,aligned,0,1811,MCCE,bounded+edit,MCCE_bounded+edit,1,OK,0.0,0.04240775108337402,0.7807201225740552,3,"{""nevents"": 68.0, ""ndays_act"": 23.0, ""nchapters"": 9.0}"
HarvardX,4,aligned,0,1871,NICE,native,NICE_native,0,out_of_bounds:nevents,0.0,0.00457310676574707,0.1948553253250162,2,"{""nevents"": 22.0, ""ndays_act"": 10.0, ""nchapters"": 12.0}"
HarvardX,4,aligned,0,1871,NICE,bounded,NICE_bounded,0,classifier_target_not_met,0.0,0.00457310676574707,0.03773584905660377,1,"{""nevents"": 118.0, ""ndays_act"": 10.0, ""nchapters"": 12.0}"
HarvardX,4,aligned,0,1871,NICE,bounded+edit,NICE_bounded+edit,0,classifier_target_not_met,0.0,0.00457310676574707,0.03773584905660377,1,"{""nevents"": 118.0, ""ndays_act"": 10.0, ""nchapters"": 12.0}"
HarvardX,4,aligned,0,1871,MCCE,native,MCCE_native,0,out_of_bounds:nevents,0.0,0.02730393409729004,0.18176203563598184,2,"{""nevents"": 30.0, ""ndays_act"": 10.0, ""nchapters"": 12.0}"
HarvardX,4,aligned,0,1871,MCCE,bounded,MCCE_bounded,1,OK,0.0,0.02730393409729004,0.2526016737176914,2,"{""nevents"": 134.0, ""ndays_act"": 20.0, ""nchapters"": 12.0}"
HarvardX,4,aligned,0,1871,MCCE,bounded+edit,MCCE_bounded+edit,1,OK,0.0,0.02730393409729004,0.2526016737176914,2,"{""nevents"": 134.0, ""ndays_act"": 20.0, ""nchapters"": 12.0}"
HarvardX,4,aligned,0,1922,NICE,native,NICE_native,1,OK,0.0,0.0061147212982177734,0.4482279790415795,3,"{""nevents"": 25.0, ""ndays_act"": 10.0, ""nchapters"": 9.0}"
HarvardX,4,aligned,0,1922,NICE,bounded,NICE_bounded,1,OK,0.0,0.0061147212982177734,0.4482279790415795,3,"{""nevents"": 25.0, ""ndays_act"": 10.0, ""nchapters"": 9.0}"
HarvardX,4,aligned,0,1922,NICE,bounded+edit,NICE_bounded+edit,1,OK,0.0,0.0061147212982177734,0.4482279790415795,3,"{""nevents"": 25.0, ""ndays_act"": 10.0, ""nchapters"": 9.0}"
HarvardX,4,aligned,0,1922,MCCE,native,MCCE_native,1,OK,0.0,0.04237675666809082,0.7203276439767028,3,"{""nevents"": 68.0, ""ndays_act"": 23.0, ""nchapters"": 9.0}"
HarvardX,4,aligned,0,1922,MCCE,bounded,MCCE_bounded,1,OK,0.0,0.04237675666809082,0.7203276439767028,3,"{""nevents"": 68.0, ""ndays_act"": 23.0, ""nchapters"": 9.0}"
HarvardX,4,aligned,0,1922,MCCE,bounded+edit,MCCE_bounded+edit,1,OK,0.0,0.04237675666809082,0.7203276439767028,3,"{""nevents"": 68.0, ""ndays_act"": 23.0, ""nchapters"": 9.0}"
HarvardX,4,aligned,0,1925,NICE,native,NICE_native,1,OK,0.0,0.006287336349487305,0.49984677851834824,3,"{""nevents"": 66.0, ""ndays_act"": 21.0, ""nchapters"": 7.0}"
HarvardX,4,aligned,0,1925,NICE,bounded,NICE_bounded,1,OK,0.0,0.006287336349487305,0.49984677851834824,3,"{""nevents"": 66.0, ""ndays_act"": 21.0, ""nchapters"": 7.0}"
HarvardX,4,aligned,0,1925,NICE,bounded+edit,NICE_bounded+edit,1,OK,0.0,0.006287336349487305,0.49984677851834824,3,"{""nevents"": 66.0, ""ndays_act"": 21.0, ""nchapters"": 7.0}"
HarvardX,4,aligned,0,1925,MCCE,native,MCCE_native,1,OK,0.0,0.04832267761230469,0.87117903930131,3,"{""nevents"": 68.0, ""ndays_act"": 23.0, ""nchapters"": 9.0}"
HarvardX,4,aligned,0,1925,MCCE,bounded,MCCE_bounded,1,OK,0.0,0.04832267761230469,0.87117903930131,3,"{""nevents"": 68.0, ""ndays_act"": 23.0, ""nchapters"": 9.0}"
HarvardX,4,aligned,0,1925,MCCE,bounded+edit,MCCE_bounded+edit,1,OK,0.0,0.04832267761230469,0.87117903930131,3,"{""nevents"": 68.0, ""ndays_act"": 23.0, ""nchapters"": 9.0}"
HarvardX,4,aligned,0,1984,NICE,native,NICE_native,1,OK,0.0,0.004715919494628906,0.17765184735433673,2,"{""nevents"": 10.0, ""ndays_act"": 10.0, ""nchapters"": 10.0}"
HarvardX,4,aligned,0,1984,NICE,bounded,NICE_bounded,1,OK,0.0,0.004715919494628906,0.17765184735433673,2,"{""nevents"": 10.0, ""ndays_act"": 10.0, ""nchapters"": 10.0}"
HarvardX,4,aligned,0,1984,NICE,bounded+edit,NICE_bounded+edit,1,OK,0.0,0.004715919494628906,0.17765184735433673,2,"{""nevents"": 10.0, ""ndays_act"": 10.0, ""nchapters"": 10.0}"
HarvardX,4,aligned,0,1984,MCCE,native,MCCE_native,1,OK,0.0,0.05029416084289551,0.2788909127706942,2,"{""nevents"": 36.0, ""ndays_act"": 14.0, ""nchapters"": 10.0}"
HarvardX,4,aligned,0,1984,MCCE,bounded,MCCE_bounded,1,OK,0.0,0.05029416084289551,0.2788909127706942,2,"{""nevents"": 36.0, ""ndays_act"": 14.0, ""nchapters"": 10.0}"
HarvardX,4,aligned,0,1984,MCCE,bounded+edit,MCCE_bounded+edit,1,OK,0.0,0.05029416084289551,0.2788909127706942,2,"{""nevents"": 36.0, ""ndays_act"": 14.0, ""nchapters"": 10.0}"
HarvardX,4,aligned,0,2039,NICE,native,NICE_native,0,out_of_bounds:nevents,0.0,0.008756160736083984,0.17741477272727274,2,"{""nevents"": 22.0, ""ndays_act"": 10.0, ""nchapters"": 12.0}"
HarvardX,4,aligned,0,2039,NICE,bounded,NICE_bounded,0,classifier_target_not_met,0.0,0.008756160736083984,0.07272727272727272,1,"{""nevents"": 89.0, ""ndays_act"": 10.0, ""nchapters"": 12.0}"
HarvardX,4,aligned,0,2039,NICE,bounded+edit,NICE_bounded+edit,0,classifier_target_not_met,0.0,0.008756160736083984,0.07272727272727272,1,"{""nevents"": 89.0, ""ndays_act"": 10.0, ""nchapters"": 12.0}"
HarvardX,4,aligned,0,2039,MCCE,native,MCCE_native,0,out_of_bounds:nevents,0.0,0.04645824432373047,0.16491477272727273,2,"{""nevents"": 30.0, ""ndays_act"": 10.0, ""nchapters"": 12.0}"
HarvardX,4,aligned,0,2039,MCCE,bounded,MCCE_bounded,1,OK,0.0,0.04645824432373047,0.24886363636363637,2,"{""nevents"": 97.0, ""ndays_act"": 19.0, ""nchapters"": 12.0}"
HarvardX,4,aligned,0,2039,MCCE,bounded+edit,MCCE_bounded+edit,1,OK,0.0,0.04645824432373047,0.24886363636363637,2,"{""nevents"": 97.0, ""ndays_act"": 19.0, ""nchapters"": 12.0}"
HarvardX,4,aligned,0,2054,NICE,native,NICE_native,1,OK,0.0,0.007934331893920898,0.2460365647979491,2,"{""nevents"": 24.0, ""ndays_act"": 13.0, ""nchapters"": 11.0}"
HarvardX,4,aligned,0,2054,NICE,bounded,NICE_bounded,1,OK,0.0,0.007934331893920898,0.2460365647979491,2,"{""nevents"": 24.0, ""ndays_act"": 13.0, ""nchapters"": 11.0}"
HarvardX,4,aligned,0,2054,NICE,bounded+edit,NICE_bounded+edit,1,OK,0.0,0.007934331893920898,0.2460365647979491,2,"{""nevents"": 24.0, ""ndays_act"": 13.0, ""nchapters"": 11.0}"
HarvardX,4,aligned,0,2054,MCCE,native,MCCE_native,1,OK,0.0,0.045736074447631836,0.5619645146056803,2,"{""nevents"": 87.0, ""ndays_act"": 27.0, ""nchapters"": 11.0}"
HarvardX,4,aligned,0,2054,MCCE,bounded,MCCE_bounded,1,OK,0.0,0.045736074447631836,0.5619645146056803,2,"{""nevents"": 87.0, ""ndays_act"": 27.0, ""nchapters"": 11.0}"
HarvardX,4,aligned,0,2054,MCCE,bounded+edit,MCCE_bounded+edit,1,OK,0.0,0.045736074447631836,0.5619645146056803,2,"{""nevents"": 87.0, ""ndays_act"": 27.0, ""nchapters"": 11.0}"
HarvardX,4,aligned,0,2088,NICE,native,NICE_native,0,out_of_bounds:nevents;out_of_bounds:ndays_act,0.0,0.004876852035522461,0.4097383957103396,2,"{""nevents"": 66.0, ""ndays_act"": 21.0, ""nchapters"": 7.0}"
HarvardX,4,aligned,0,2088,NICE,bounded,NICE_bounded,0,classifier_target_not_met,0.0,0.004876852035522461,0.0,0,"{""nevents"": 230.0, ""ndays_act"": 24.0, ""nchapters"": 7.0}"
HarvardX,4,aligned,0,2088,NICE,bounded+edit,NICE_bounded+edit,0,classifier_target_not_met,0.0,0.004876852035522461,0.0,0,"{""nevents"": 230.0, ""ndays_act"": 24.0, ""nchapters"": 7.0}"
HarvardX,4,aligned,0,2088,MCCE,native,MCCE_native,0,out_of_bounds:nevents,0.0,0.0427243709564209,1.2224448897795592,2,"{""nevents"": 119.0, ""ndays_act"": 24.0, ""nchapters"": 12.0}"
HarvardX,4,aligned,0,2088,MCCE,bounded,MCCE_bounded,1,OK,0.0,0.0427243709564209,0.9976818501868602,3,"{""nevents"": 272.0, ""ndays_act"": 43.0, ""nchapters"": 9.0}"
HarvardX,4,aligned,0,2088,MCCE,bounded+edit,MCCE_bounded+edit,1,OK,0.0,0.0427243709564209,0.9976818501868602,3,"{""nevents"": 272.0, ""ndays_act"": 43.0, ""nchapters"": 9.0}"
HarvardX,4,aligned,0,2184,NICE,native,NICE_native,1,OK,0.0,0.0037872791290283203,0.13559322033898305,1,"{""nevents"": 9.0, ""ndays_act"": 10.0, ""nchapters"": 10.0}"
HarvardX,4,aligned,0,2184,NICE,bounded,NICE_bounded,1,OK,0.0,0.0037872791290283203,0.13559322033898305,1,"{""nevents"": 9.0, ""ndays_act"": 10.0, ""nchapters"": 10.0}"
HarvardX,4,aligned,0,2184,NICE,bounded+edit,NICE_bounded+edit,1,OK,0.0,0.0037872791290283203,0.13559322033898305,1,"{""nevents"": 9.0, ""ndays_act"": 10.0, ""nchapters"": 10.0}"
HarvardX,4,aligned,0,2184,MCCE,native,MCCE_native,1,OK,0.0,0.04385995864868164,0.2408898305084746,2,"{""nevents"": 36.0, ""ndays_act"": 14.0, ""nchapters"": 10.0}"
HarvardX,4,aligned,0,2184,MCCE,bounded,MCCE_bounded,1,OK,0.0,0.04385995864868164,0.2408898305084746,2,"{""nevents"": 36.0, ""ndays_act"": 14.0, ""nchapters"": 10.0}"
HarvardX,4,aligned,0,2184,MCCE,bounded+edit,MCCE_bounded+edit,1,OK,0.0,0.04385995864868164,0.2408898305084746,2,"{""nevents"": 36.0, ""ndays_act"": 14.0, ""nchapters"": 10.0}"
HarvardX,4,aligned,0,2195,NICE,native,NICE_native,0,out_of_bounds:nevents,0.0,0.003704547882080078,0.2792452830188679,1,"{""nevents"": 51.0, ""ndays_act"": 11.0, ""nchapters"": 12.0}"
HarvardX,4,aligned,0,2195,NICE,bounded,NICE_bounded,0,classifier_target_not_met,0.0,0.003704547882080078,0.0,0,"{""nevents"": 199.0, ""ndays_act"": 11.0, ""nchapters"": 12.0}"
HarvardX,4,aligned,0,2195,NICE,bounded+edit,NICE_bounded+edit,0,classifier_target_not_met,0.0,0.003704547882080078,0.0,0,"{""nevents"": 199.0, ""ndays_act"": 11.0, ""nchapters"": 12.0}"
HarvardX,4,aligned,0,2195,MCCE,native,MCCE_native,0,out_of_bounds:nevents,0.0,0.027711153030395508,0.2792452830188679,1,"{""nevents"": 51.0, ""ndays_act"": 11.0, ""nchapters"": 12.0}"
HarvardX,4,aligned,0,2195,MCCE,bounded,MCCE_bounded,1,OK,0.0,0.027711153030395508,0.31660377358490566,2,"{""nevents"": 229.0, ""ndays_act"": 24.0, ""nchapters"": 12.0}"
HarvardX,4,aligned,0,2195,MCCE,bounded+edit,MCCE_bounded+edit,1,OK,0.0,0.027711153030395508,0.31660377358490566,2,"{""nevents"": 229.0, ""ndays_act"": 24.0, ""nchapters"": 12.0}"
HarvardX,4,aligned,0,2197,NICE,native,NICE_native,0,out_of_bounds:nevents,0.0,0.004964351654052734,0.12031459170013387,2,"{""nevents"": 22.0, ""ndays_act"": 10.0, ""nchapters"": 12.0}"
HarvardX,4,aligned,0,2197,NICE,bounded,NICE_bounded,0,classifier_target_not_met,0.0,0.004964351654052734,0.05555555555555555,1,"{""nevents"": 65.0, ""ndays_act"": 10.0, ""nchapters"": 12.0}"
HarvardX,4,aligned,0,2197,NICE,bounded+edit,NICE_bounded+edit,0,classifier_target_not_met,0.0,0.004964351654052734,0.05555555555555555,1,"{""nevents"": 65.0, ""ndays_act"": 10.0, ""nchapters"": 12.0}"
HarvardX,4,aligned,0,2197,MCCE,native,MCCE_native,0,out_of_bounds:nevents,0.0,0.02692413330078125,0.10826639892904953,2,"{""nevents"": 30.0, ""ndays_act"": 10.0, ""nchapters"": 12.0}"
HarvardX,4,aligned,0,2197,MCCE,bounded,MCCE_bounded,1,OK,0.0,0.02692413330078125,0.27041499330655955,2,"{""nevents"": 97.0, ""ndays_act"": 19.0, ""nchapters"": 12.0}"
HarvardX,4,aligned,0,2197,MCCE,bounded+edit,MCCE_bounded+edit,1,OK,0.0,0.02692413330078125,0.27041499330655955,2,"{""nevents"": 97.0, ""ndays_act"": 19.0, ""nchapters"": 12.0}"
HarvardX,4,aligned,0,2209,NICE,native,NICE_native,0,out_of_bounds:nevents,0.0,0.0035724639892578125,0.6059113300492611,1,"{""nevents"": 77.0, ""ndays_act"": 18.0, ""nchapters"": 11.0}"
HarvardX,4,aligned,0,2209,NICE,bounded,NICE_bounded,0,classifier_target_not_met,0.0,0.0035724639892578125,0.0,0,"{""nevents"": 323.0, ""ndays_act"": 18.0, ""nchapters"": 11.0}"
HarvardX,4,aligned,0,2209,NICE,bounded+edit,NICE_bounded+edit,0,classifier_target_not_met,0.0,0.0035724639892578125,0.0,0,"{""nevents"": 323.0, ""ndays_act"": 18.0, ""nchapters"": 11.0}"
HarvardX,4,aligned,0,2209,MCCE,native,MCCE_native,0,out_of_bounds:nevents,0.0,0.04272174835205078,0.7905831137587352,2,"{""nevents"": 87.0, ""ndays_act"": 27.0, ""nchapters"": 11.0}"
HarvardX,4,aligned,0,2209,MCCE,bounded,MCCE_bounded,1,OK,0.0,0.04272174835205078,1.302325581395349,2,"{""nevents"": 323.0, ""ndays_act"": 31.0, ""nchapters"": 12.0}"
HarvardX,4,aligned,0,2209,MCCE,bounded+edit,MCCE_bounded+edit,1,OK,0.0,0.04272174835205078,1.302325581395349,2,"{""nevents"": 323.0, ""ndays_act"": 31.0, ""nchapters"": 12.0}"
HarvardX,4,aligned,0,2228,NICE,native,NICE_native,0,out_of_bounds:nevents,0.0,0.004904747009277344,0.1706975113915177,2,"{""nevents"": 22.0, ""ndays_act"": 10.0, ""nchapters"": 12.0}"
HarvardX,4,aligned,0,2228,NICE,bounded,NICE_bounded,0,classifier_target_not_met,0.0,0.004904747009277344,0.05555555555555555,1,"{""nevents"": 95.0, ""ndays_act"": 10.0, ""nchapters"": 12.0}"
HarvardX,4,aligned,0,2228,NICE,bounded+edit,NICE_bounded+edit,0,classifier_target_not_met,0.0,0.004904747009277344,0.05555555555555555,1,"{""nevents"": 95.0, ""ndays_act"": 10.0, ""nchapters"": 12.0}"
HarvardX,4,aligned,0,2228,MCCE,native,MCCE_native,0,out_of_bounds:nevents,0.0,0.02722620964050293,0.15807921486154924,2,"{""nevents"": 30.0, ""ndays_act"": 10.0, ""nchapters"": 12.0}"
HarvardX,4,aligned,0,2228,MCCE,bounded,MCCE_bounded,1,OK,0.0,0.02722620964050293,0.22537679635471433,2,"{""nevents"": 97.0, ""ndays_act"": 19.0, ""nchapters"": 12.0}"
HarvardX,4,aligned,0,2228,MCCE,bounded+edit,MCCE_bounded+edit,1,OK,0.0,0.02722620964050293,0.22537679635471433,2,"{""nevents"": 97.0, ""ndays_act"": 19.0, ""nchapters"": 12.0}"
HarvardX,4,aligned,0,2265,NICE,native,NICE_native,1,OK,0.0,0.0043735504150390625,0.1206896551724138,1,"{""nevents"": 18.0, ""ndays_act"": 10.0, ""nchapters"": 12.0}"
HarvardX,4,aligned,0,2265,NICE,bounded,NICE_bounded,1,OK,0.0,0.0043735504150390625,0.1206896551724138,1,"{""nevents"": 18.0, ""ndays_act"": 10.0, ""nchapters"": 12.0}"
HarvardX,4,aligned,0,2265,NICE,bounded+edit,NICE_bounded+edit,1,OK,0.0,0.0043735504150390625,0.1206896551724138,1,"{""nevents"": 18.0, ""ndays_act"": 10.0, ""nchapters"": 12.0}"
HarvardX,4,aligned,0,2265,MCCE,native,MCCE_native,1,OK,0.0,0.027254819869995117,0.1375672923032155,2,"{""nevents"": 30.0, ""ndays_act"": 10.0, ""nchapters"": 12.0}"
HarvardX,4,aligned,0,2265,MCCE,bounded,MCCE_bounded,1,OK,0.0,0.027254819869995117,0.1375672923032155,2,"{""nevents"": 30.0, ""ndays_act"": 10.0, ""nchapters"": 12.0}"
HarvardX,4,aligned,0,2265,MCCE,bounded+edit,MCCE_bounded+edit,1,OK,0.0,0.027254819869995117,0.1375672923032155,2,"{""nevents"": 30.0, ""ndays_act"": 10.0, ""nchapters"": 12.0}"
HarvardX,4,aligned,0,2279,NICE,native,NICE_native,0,out_of_bounds:nevents,0.0,0.003471851348876953,0.00851063829787234,1,"{""nevents"": 255.0, ""ndays_act"": 27.0, ""nchapters"": 12.0}"
HarvardX,4,aligned,0,2279,NICE,bounded,NICE_bounded,0,classifier_target_not_met,0.0,0.003471851348876953,0.0,0,"{""nevents"": 259.0, ""ndays_act"": 27.0, ""nchapters"": 12.0}"
HarvardX,4,aligned,0,2279,NICE,bounded+edit,NICE_bounded+edit,0,classifier_target_not_met,0.0,0.003471851348876953,0.0,0,"{""nevents"": 259.0, ""ndays_act"": 27.0, ""nchapters"": 12.0}"
HarvardX,4,aligned,0,2279,MCCE,native,MCCE_native,0,out_of_bounds:nevents,0.0,0.027346134185791016,0.06170212765957447,1,"{""nevents"": 230.0, ""ndays_act"": 27.0, ""nchapters"": 12.0}"
HarvardX,4,aligned,0,2279,MCCE,bounded,MCCE_bounded,1,OK,0.0,0.027346134185791016,0.35294117647058826,1,"{""nevents"": 259.0, ""ndays_act"": 39.0, ""nchapters"": 12.0}"
HarvardX,4,aligned,0,2279,MCCE,bounded+edit,MCCE_bounded+edit,1,OK,0.0,0.027346134185791016,0.35294117647058826,1,"{""nevents"": 259.0, ""ndays_act"": 39.0, ""nchapters"": 12.0}"
HarvardX,4,aligned,0,2286,NICE,native,NICE_native,1,OK,0.0,0.0049288272857666016,0.1651098901098901,2,"{""nevents"": 12.0, ""ndays_act"": 10.0, ""nchapters"": 12.0}"
HarvardX,4,aligned,0,2286,NICE,bounded,NICE_bounded,1,OK,0.0,0.0049288272857666016,0.1651098901098901,2,"{""nevents"": 12.0, ""ndays_act"": 10.0, ""nchapters"": 12.0}"
HarvardX,4,aligned,0,2286,NICE,bounded+edit,NICE_bounded+edit,1,OK,0.0,0.0049288272857666016,0.1651098901098901,2,"{""nevents"": 12.0, ""ndays_act"": 10.0, ""nchapters"": 12.0}"
HarvardX,4,aligned,0,2286,MCCE,native,MCCE_native,1,OK,0.0,0.02651238441467285,0.18983516483516483,2,"{""nevents"": 30.0, ""ndays_act"": 10.0, ""nchapters"": 12.0}"
HarvardX,4,aligned,0,2286,MCCE,bounded,MCCE_bounded,1,OK,0.0,0.02651238441467285,0.18983516483516483,2,"{""nevents"": 30.0, ""ndays_act"": 10.0, ""nchapters"": 12.0}"
HarvardX,4,aligned,0,2286,MCCE,bounded+edit,MCCE_bounded+edit,1,OK,0.0,0.02651238441467285,0.18983516483516483,2,"{""nevents"": 30.0, ""ndays_act"": 10.0, ""nchapters"": 12.0}"
HarvardX,4,aligned,0,2299,NICE,native,NICE_native,0,out_of_bounds:nevents,0.0,0.004837751388549805,0.3342476387631,2,"{""nevents"": 66.0, ""ndays_act"": 21.0, ""nchapters"": 7.0}"
HarvardX,4,aligned,0,2299,NICE,bounded,NICE_bounded,0,classifier_target_not_met,0.0,0.004837751388549805,0.3220338983050847,1,"{""nevents"": 74.0, ""ndays_act"": 21.0, ""nchapters"": 7.0}"
HarvardX,4,aligned,0,2299,NICE,bounded+edit,NICE_bounded+edit,0,classifier_target_not_met,0.0,0.004837751388549805,0.3220338983050847,1,"{""nevents"": 74.0, ""ndays_act"": 21.0, ""nchapters"": 7.0}"
HarvardX,4,aligned,0,2299,MCCE,native,MCCE_native,0,out_of_bounds:nevents,0.0,0.04057645797729492,0.765092508733342,3,"{""nevents"": 68.0, ""ndays_act"": 23.0, ""nchapters"": 9.0}"
HarvardX,4,aligned,0,2299,MCCE,bounded,MCCE_bounded,1,OK,0.0,0.04057645797729492,0.8383749514814336,3,"{""nevents"": 128.0, ""ndays_act"": 23.0, ""nchapters"": 9.0}"
HarvardX,4,aligned,0,2299,MCCE,bounded+edit,MCCE_bounded+edit,1,OK,0.0,0.04057645797729492,0.8383749514814336,3,"{""nevents"": 128.0, ""ndays_act"": 23.0, ""nchapters"": 9.0}"
HarvardX,4,aligned,0,2368,NICE,native,NICE_native,0,out_of_bounds:nevents,0.0,0.00489354133605957,0.2995199146514936,2,"{""nevents"": 22.0, ""ndays_act"": 10.0, ""nchapters"": 12.0}"
HarvardX,4,aligned,0,2368,NICE,bounded,NICE_bounded,0,classifier_target_not_met,0.0,0.00489354133605957,0.10526315789473684,1,"{""nevents"": 137.0, ""ndays_act"": 10.0, ""nchapters"": 12.0}"
HarvardX,4,aligned,0,2368,NICE,bounded+edit,NICE_bounded+edit,0,classifier_target_not_met,0.0,0.00489354133605957,0.10526315789473684,1,"{""nevents"": 137.0, ""ndays_act"": 10.0, ""nchapters"": 12.0}"
HarvardX,4,aligned,0,2368,MCCE,native,MCCE_native,1,OK,0.0,0.026483774185180664,0.45614035087719296,1,"{""nevents"": 137.0, ""ndays_act"": 30.0, ""nchapters"": 12.0}"
HarvardX,4,aligned,0,2368,MCCE,bounded,MCCE_bounded,1,OK,0.0,0.026483774185180664,0.45614035087719296,1,"{""nevents"": 137.0, ""ndays_act"": 30.0, ""nchapters"": 12.0}"
HarvardX,4,aligned,0,2368,MCCE,bounded+edit,MCCE_bounded+edit,1,OK,0.0,0.026483774185180664,0.45614035087719296,1,"{""nevents"": 137.0, ""ndays_act"": 30.0, ""nchapters"": 12.0}"
HarvardX,4,aligned,0,2395,NICE,native,NICE_native,0,out_of_bounds:nevents,0.0,0.003470897674560547,0.292,1,"{""nevents"": 83.0, ""ndays_act"": 24.0, ""nchapters"": 10.0}"
HarvardX,4,aligned,0,2395,NICE,bounded,NICE_bounded,0,classifier_target_not_met,0.0,0.003470897674560547,0.0,0,"{""nevents"": 229.0, ""ndays_act"": 24.0, ""nchapters"": 10.0}"
HarvardX,4,aligned,0,2395,NICE,bounded+edit,NICE_bounded+edit,0,classifier_target_not_met,0.0,0.003470897674560547,0.0,0,"{""nevents"": 229.0, ""ndays_act"": 24.0, ""nchapters"": 10.0}"
HarvardX,4,aligned,0,2395,MCCE,native,MCCE_native,1,OK,0.0,0.039745330810546875,0.27724324324324323,2,"{""nevents"": 246.0, ""ndays_act"": 33.0, ""nchapters"": 10.0}"
HarvardX,4,aligned,0,2395,MCCE,bounded,MCCE_bounded,1,OK,0.0,0.039745330810546875,0.27724324324324323,2,"{""nevents"": 246.0, ""ndays_act"": 33.0, ""nchapters"": 10.0}"
HarvardX,4,aligned,0,2395,MCCE,bounded+edit,MCCE_bounded+edit,1,OK,0.0,0.039745330810546875,0.27724324324324323,2,"{""nevents"": 246.0, ""ndays_act"": 33.0, ""nchapters"": 10.0}"
HarvardX,4,aligned,0,2429,NICE,native,NICE_native,1,OK,0.0,0.004656076431274414,0.4347972745058355,2,"{""nevents"": 66.0, ""ndays_act"": 21.0, ""nchapters"": 7.0}"
HarvardX,4,aligned,0,2429,NICE,bounded,NICE_bounded,1,OK,0.0,0.004656076431274414,0.4347972745058355,2,"{""nevents"": 66.0, ""ndays_act"": 21.0, ""nchapters"": 7.0}"
HarvardX,4,aligned,0,2429,NICE,bounded+edit,NICE_bounded+edit,1,OK,0.0,0.004656076431274414,0.4347972745058355,2,"{""nevents"": 66.0, ""ndays_act"": 21.0, ""nchapters"": 7.0}"
HarvardX,4,aligned,0,2429,MCCE,native,MCCE_native,1,OK,0.0,0.04286551475524902,0.8703276439767029,3,"{""nevents"": 68.0, ""ndays_act"": 23.0, ""nchapters"": 9.0}"
HarvardX,4,aligned,0,2429,MCCE,bounded,MCCE_bounded,1,OK,0.0,0.04286551475524902,0.8703276439767029,3,"{""nevents"": 68.0, ""ndays_act"": 23.0, ""nchapters"": 9.0}"
HarvardX,4,aligned,0,2429,MCCE,bounded+edit,MCCE_bounded+edit,1,OK,0.0,0.04286551475524902,0.8703276439767029,3,"{""nevents"": 68.0, ""ndays_act"": 23.0, ""nchapters"": 9.0}"
HarvardX,4,aligned,0,2432,NICE,native,NICE_native,1,OK,0.0,0.0057866573333740234,0.5842541436464088,3,"{""nevents"": 66.0, ""ndays_act"": 21.0, ""nchapters"": 7.0}"
HarvardX,4,aligned,0,2432,NICE,bounded,NICE_bounded,1,OK,0.0,0.0057866573333740234,0.5842541436464088,3,"{""nevents"": 66.0, ""ndays_act"": 21.0, ""nchapters"": 7.0}"
HarvardX,4,aligned,0,2432,NICE,bounded+edit,NICE_bounded+edit,1,OK,0.0,0.0057866573333740234,0.5842541436464088,3,"{""nevents"": 66.0, ""ndays_act"": 21.0, ""nchapters"": 7.0}"
HarvardX,4,aligned,0,2432,MCCE,native,MCCE_native,1,OK,0.0,0.04033160209655762,0.953683241252302,3,"{""nevents"": 68.0, ""ndays_act"": 23.0, ""nchapters"": 9.0}"
HarvardX,4,aligned,0,2432,MCCE,bounded,MCCE_bounded,1,OK,0.0,0.04033160209655762,0.953683241252302,3,"{""nevents"": 68.0, ""ndays_act"": 23.0, ""nchapters"": 9.0}"
HarvardX,4,aligned,0,2432,MCCE,bounded+edit,MCCE_bounded+edit,1,OK,0.0,0.04033160209655762,0.953683241252302,3,"{""nevents"": 68.0, ""ndays_act"": 23.0, ""nchapters"": 9.0}"
HarvardX,4,aligned,0,2441,NICE,native,NICE_native,1,OK,0.0,0.0034494400024414062,0.15,1,"{""nevents"": 24.0, ""ndays_act"": 10.0, ""nchapters"": 12.0}"
HarvardX,4,aligned,0,2441,NICE,bounded,NICE_bounded,1,OK,0.0,0.0034494400024414062,0.15,1,"{""nevents"": 24.0, ""ndays_act"": 10.0, ""nchapters"": 12.0}"
HarvardX,4,aligned,0,2441,NICE,bounded+edit,NICE_bounded+edit,1,OK,0.0,0.0034494400024414062,0.15,1,"{""nevents"": 24.0, ""ndays_act"": 10.0, ""nchapters"": 12.0}"
HarvardX,4,aligned,0,2441,MCCE,native,MCCE_native,1,OK,0.0,0.026345014572143555,0.15851063829787235,2,"{""nevents"": 30.0, ""ndays_act"": 10.0, ""nchapters"": 12.0}"
HarvardX,4,aligned,0,2441,MCCE,bounded,MCCE_bounded,1,OK,0.0,0.026345014572143555,0.15851063829787235,2,"{""nevents"": 30.0, ""ndays_act"": 10.0, ""nchapters"": 12.0}"
HarvardX,4,aligned,0,2441,MCCE,bounded+edit,MCCE_bounded+edit,1,OK,0.0,0.026345014572143555,0.15851063829787235,2,"{""nevents"": 30.0, ""ndays_act"": 10.0, ""nchapters"": 12.0}"
HarvardX,4,aligned,0,2501,NICE,native,NICE_native,1,OK,0.0,0.003416776657104492,0.1724137931034483,1,"{""nevents"": 18.0, ""ndays_act"": 13.0, ""nchapters"": 11.0}"
HarvardX,4,aligned,0,2501,NICE,bounded,NICE_bounded,1,OK,0.0,0.003416776657104492,0.1724137931034483,1,"{""nevents"": 18.0, ""ndays_act"": 13.0, ""nchapters"": 11.0}"
HarvardX,4,aligned,0,2501,NICE,bounded+edit,NICE_bounded+edit,1,OK,0.0,0.003416776657104492,0.1724137931034483,1,"{""nevents"": 18.0, ""ndays_act"": 13.0, ""nchapters"": 11.0}"
HarvardX,4,aligned,0,2501,MCCE,native,MCCE_native,1,OK,0.0,0.04079437255859375,0.5108395169503855,2,"{""nevents"": 87.0, ""ndays_act"": 27.0, ""nchapters"": 11.0}"
HarvardX,4,aligned,0,2501,MCCE,bounded,MCCE_bounded,1,OK,0.0,0.04079437255859375,0.5108395169503855,2,"{""nevents"": 87.0, ""ndays_act"": 27.0, ""nchapters"": 11.0}"
HarvardX,4,aligned,0,2501,MCCE,bounded+edit,MCCE_bounded+edit,1,OK,0.0,0.04079437255859375,0.5108395169503855,2,"{""nevents"": 87.0, ""ndays_act"": 27.0, ""nchapters"": 11.0}"
HarvardX,4,aligned,0,2502,NICE,native,NICE_native,1,OK,0.0,0.0056498050689697266,0.6014639411725021,3,"{""nevents"": 66.0, ""ndays_act"": 21.0, ""nchapters"": 7.0}"
HarvardX,4,aligned,0,2502,NICE,bounded,NICE_bounded,1,OK,0.0,0.0056498050689697266,0.6014639411725021,3,"{""nevents"": 66.0, ""ndays_act"": 21.0, ""nchapters"": 7.0}"
HarvardX,4,aligned,0,2502,NICE,bounded+edit,NICE_bounded+edit,1,OK,0.0,0.0056498050689697266,0.6014639411725021,3,"{""nevents"": 66.0, ""ndays_act"": 21.0, ""nchapters"": 7.0}"
HarvardX,4,aligned,0,2502,MCCE,native,MCCE_native,1,OK,0.0,0.0394132137298584,0.9703276439767028,3,"{""nevents"": 68.0, ""ndays_act"": 23.0, ""nchapters"": 9.0}"
HarvardX,4,aligned,0,2502,MCCE,bounded,MCCE_bounded,1,OK,0.0,0.0394132137298584,0.9703276439767028,3,"{""nevents"": 68.0, ""ndays_act"": 23.0, ""nchapters"": 9.0}"
HarvardX,4,aligned,0,2502,MCCE,bounded+edit,MCCE_bounded+edit,1,OK,0.0,0.0394132137298584,0.9703276439767028,3,"{""nevents"": 68.0, ""ndays_act"": 23.0, ""nchapters"": 9.0}"
HarvardX,4,aligned,0,2547,NICE,native,NICE_native,0,out_of_bounds:nevents,0.0,0.004597187042236328,0.17990063096290426,2,"{""nevents"": 22.0, ""ndays_act"": 10.0, ""nchapters"": 12.0}"
HarvardX,4,aligned,0,2547,NICE,bounded,NICE_bounded,0,classifier_target_not_met,0.0,0.004597187042236328,0.03773584905660377,1,"{""nevents"": 110.0, ""ndays_act"": 10.0, ""nchapters"": 12.0}"
HarvardX,4,aligned,0,2547,NICE,bounded+edit,NICE_bounded+edit,0,classifier_target_not_met,0.0,0.004597187042236328,0.03773584905660377,1,"{""nevents"": 110.0, ""ndays_act"": 10.0, ""nchapters"": 12.0}"
HarvardX,4,aligned,0,2547,MCCE,native,MCCE_native,0,out_of_bounds:nevents,0.0,0.0272674560546875,0.1669765598805133,2,"{""nevents"": 30.0, ""ndays_act"": 10.0, ""nchapters"": 12.0}"
HarvardX,4,aligned,0,2547,MCCE,bounded,MCCE_bounded,1,OK,0.0,0.0272674560546875,0.2651873075867955,2,"{""nevents"": 134.0, ""ndays_act"": 20.0, ""nchapters"": 12.0}"
HarvardX,4,aligned,0,2547,MCCE,bounded+edit,MCCE_bounded+edit,1,OK,0.0,0.0272674560546875,0.2651873075867955,2,"{""nevents"": 134.0, ""ndays_act"": 20.0, ""nchapters"": 12.0}"
HarvardX,4,aligned,0,2549,NICE,native,NICE_native,1,OK,0.0,0.004715919494628906,0.18296703296703296,2,"{""nevents"": 25.0, ""ndays_act"": 10.0, ""nchapters"": 9.0}"
HarvardX,4,aligned,0,2549,NICE,bounded,NICE_bounded,1,OK,0.0,0.004715919494628906,0.18296703296703296,2,"{""nevents"": 25.0, ""ndays_act"": 10.0, ""nchapters"": 9.0}"
HarvardX,4,aligned,0,2549,NICE,bounded+edit,NICE_bounded+edit,1,OK,0.0,0.004715919494628906,0.18296703296703296,2,"{""nevents"": 25.0, ""ndays_act"": 10.0, ""nchapters"": 9.0}"
HarvardX,4,aligned,0,2549,MCCE,native,MCCE_native,1,OK,0.0,0.10828042030334473,0.4586996336996337,2,"{""nevents"": 68.0, ""ndays_act"": 23.0, ""nchapters"": 9.0}"
HarvardX,4,aligned,0,2549,MCCE,bounded,MCCE_bounded,1,OK,0.0,0.10828042030334473,0.4586996336996337,2,"{""nevents"": 68.0, ""ndays_act"": 23.0, ""nchapters"": 9.0}"
HarvardX,4,aligned,0,2549,MCCE,bounded+edit,MCCE_bounded+edit,1,OK,0.0,0.10828042030334473,0.4586996336996337,2,"{""nevents"": 68.0, ""ndays_act"": 23.0, ""nchapters"": 9.0}"
HarvardX,4,aligned,0,2569,NICE,native,NICE_native,0,out_of_bounds:nevents,0.0,0.004582643508911133,0.31174779953296206,2,"{""nevents"": 22.0, ""ndays_act"": 10.0, ""nchapters"": 12.0}"
HarvardX,4,aligned,0,2569,NICE,bounded,NICE_bounded,0,classifier_target_not_met,0.0,0.004582643508911133,0.10526315789473684,1,"{""nevents"": 143.0, ""ndays_act"": 10.0, ""nchapters"": 12.0}"
HarvardX,4,aligned,0,2569,NICE,bounded+edit,NICE_bounded+edit,0,classifier_target_not_met,0.0,0.004582643508911133,0.10526315789473684,1,"{""nevents"": 143.0, ""ndays_act"": 10.0, ""nchapters"": 12.0}"
HarvardX,4,aligned,0,2569,MCCE,native,MCCE_native,1,OK,0.0,0.026874065399169922,0.3333333333333333,1,"{""nevents"": 143.0, ""ndays_act"": 23.0, ""nchapters"": 12.0}"
HarvardX,4,aligned,0,2569,MCCE,bounded,MCCE_bounded,1,OK,0.0,0.026874065399169922,0.3333333333333333,1,"{""nevents"": 143.0, ""ndays_act"": 23.0, ""nchapters"": 12.0}"
HarvardX,4,aligned,0,2569,MCCE,bounded+edit,MCCE_bounded+edit,1,OK,0.0,0.026874065399169922,0.3333333333333333,1,"{""nevents"": 143.0, ""ndays_act"": 23.0, ""nchapters"": 12.0}"
HarvardX,4,aligned,0,2572,NICE,native,NICE_native,1,OK,0.0,0.006638526916503906,0.18039533157930243,2,"{""nevents"": 12.0, ""ndays_act"": 10.0, ""nchapters"": 12.0}"
HarvardX,4,aligned,0,2572,NICE,bounded,NICE_bounded,1,OK,0.0,0.006638526916503906,0.18039533157930243,2,"{""nevents"": 12.0, ""ndays_act"": 10.0, ""nchapters"": 12.0}"
HarvardX,4,aligned,0,2572,NICE,bounded+edit,NICE_bounded+edit,1,OK,0.0,0.006638526916503906,0.18039533157930243,2,"{""nevents"": 12.0, ""ndays_act"": 10.0, ""nchapters"": 12.0}"
HarvardX,4,aligned,0,2572,MCCE,native,MCCE_native,1,OK,0.0,0.02655029296875,0.2050866896039938,2,"{""nevents"": 30.0, ""ndays_act"": 10.0, ""nchapters"": 12.0}"
HarvardX,4,aligned,0,2572,MCCE,bounded,MCCE_bounded,1,OK,0.0,0.02655029296875,0.2050866896039938,2,"{""nevents"": 30.0, ""ndays_act"": 10.0, ""nchapters"": 12.0}"
HarvardX,4,aligned,0,2572,MCCE,bounded+edit,MCCE_bounded+edit,1,OK,0.0,0.02655029296875,0.2050866896039938,2,"{""nevents"": 30.0, ""ndays_act"": 10.0, ""nchapters"": 12.0}"
HarvardX,4,aligned,0,2597,NICE,native,NICE_native,0,out_of_bounds:nevents,0.0,0.0047647953033447266,0.2346561291407432,2,"{""nevents"": 22.0, ""ndays_act"": 10.0, ""nchapters"": 12.0}"
HarvardX,4,aligned,0,2597,NICE,bounded,NICE_bounded,0,classifier_target_not_met,0.0,0.0047647953033447266,0.10526315789473684,1,"{""nevents"": 103.0, ""ndays_act"": 10.0, ""nchapters"": 12.0}"
HarvardX,4,aligned,0,2597,NICE,bounded+edit,NICE_bounded+edit,0,classifier_target_not_met,0.0,0.0047647953033447266,0.10526315789473684,1,"{""nevents"": 103.0, ""ndays_act"": 10.0, ""nchapters"": 12.0}"
HarvardX,4,aligned,0,2597,MCCE,native,MCCE_native,1,OK,0.0,0.02615976333618164,0.3157894736842105,1,"{""nevents"": 103.0, ""ndays_act"": 22.0, ""nchapters"": 12.0}"
HarvardX,4,aligned,0,2597,MCCE,bounded,MCCE_bounded,1,OK,0.0,0.02615976333618164,0.3157894736842105,1,"{""nevents"": 103.0, ""ndays_act"": 22.0, ""nchapters"": 12.0}"
HarvardX,4,aligned,0,2597,MCCE,bounded+edit,MCCE_bounded+edit,1,OK,0.0,0.02615976333618164,0.3157894736842105,1,"{""nevents"": 103.0, ""ndays_act"": 22.0, ""nchapters"": 12.0}"
HarvardX,4,aligned,0,2608,NICE,native,NICE_native,0,out_of_bounds:nevents,0.0,0.0036246776580810547,0.059790732436472344,1,"{""nevents"": 20.0, ""ndays_act"": 13.0, ""nchapters"": 9.0}"
HarvardX,4,aligned,0,2608,NICE,bounded,NICE_bounded,0,classifier_target_not_met,0.0,0.0036246776580810547,0.0,0,"{""nevents"": 60.0, ""ndays_act"": 13.0, ""nchapters"": 9.0}"
HarvardX,4,aligned,0,2608,NICE,bounded+edit,NICE_bounded+edit,0,classifier_target_not_met,0.0,0.0036246776580810547,0.0,0,"{""nevents"": 60.0, ""ndays_act"": 13.0, ""nchapters"": 9.0}"
HarvardX,4,aligned,0,2608,MCCE,native,MCCE_native,1,OK,0.0,0.04238724708557129,0.2202914798206278,2,"{""nevents"": 68.0, ""ndays_act"": 23.0, ""nchapters"": 9.0}"
HarvardX,4,aligned,0,2608,MCCE,bounded,MCCE_bounded,1,OK,0.0,0.04238724708557129,0.2202914798206278,2,"{""nevents"": 68.0, ""ndays_act"": 23.0, ""nchapters"": 9.0}"
HarvardX,4,aligned,0,2608,MCCE,bounded+edit,MCCE_bounded+edit,1,OK,0.0,0.04238724708557129,0.2202914798206278,2,"{""nevents"": 68.0, ""ndays_act"": 23.0, ""nchapters"": 9.0}"
HarvardX,4,aligned,0,2651,NICE,native,NICE_native,1,OK,0.0,0.004703044891357422,0.22166344294003867,2,"{""nevents"": 66.0, ""ndays_act"": 21.0, ""nchapters"": 7.0}"
HarvardX,4,aligned,0,2651,NICE,bounded,NICE_bounded,1,OK,0.0,0.004703044891357422,0.22166344294003867,2,"{""nevents"": 66.0, ""ndays_act"": 21.0, ""nchapters"": 7.0}"
HarvardX,4,aligned,0,2651,NICE,bounded+edit,NICE_bounded+edit,1,OK,0.0,0.004703044891357422,0.22166344294003867,2,"{""nevents"": 66.0, ""ndays_act"": 21.0, ""nchapters"": 7.0}"
HarvardX,4,aligned,0,2651,MCCE,native,MCCE_native,1,OK,0.0,0.042577266693115234,0.6307692307692307,2,"{""nevents"": 36.0, ""ndays_act"": 14.0, ""nchapters"": 10.0}"
HarvardX,4,aligned,0,2651,MCCE,bounded,MCCE_bounded,1,OK,0.0,0.042577266693115234,0.6307692307692307,2,"{""nevents"": 36.0, ""ndays_act"": 14.0, ""nchapters"": 10.0}"
HarvardX,4,aligned,0,2651,MCCE,bounded+edit,MCCE_bounded+edit,1,OK,0.0,0.042577266693115234,0.6307692307692307,2,"{""nevents"": 36.0, ""ndays_act"": 14.0, ""nchapters"": 10.0}"
HarvardX,4,aligned,0,2656,NICE,native,NICE_native,0,out_of_bounds:nevents,0.0,0.004881143569946289,0.12899159663865545,2,"{""nevents"": 22.0, ""ndays_act"": 10.0, ""nchapters"": 12.0}"
HarvardX,4,aligned,0,2656,NICE,bounded,NICE_bounded,0,classifier_target_not_met,0.0,0.004881143569946289,0.08928571428571429,1,"{""nevents"": 49.0, ""ndays_act"": 10.0, ""nchapters"": 12.0}"
HarvardX,4,aligned,0,2656,NICE,bounded+edit,NICE_bounded+edit,0,classifier_target_not_met,0.0,0.004881143569946289,0.08928571428571429,1,"{""nevents"": 49.0, ""ndays_act"": 10.0, ""nchapters"": 12.0}"
HarvardX,4,aligned,0,2656,MCCE,native,MCCE_native,0,out_of_bounds:nevents,0.0,0.026347875595092773,0.11722689075630252,2,"{""nevents"": 30.0, ""ndays_act"": 10.0, ""nchapters"": 12.0}"
HarvardX,4,aligned,0,2656,MCCE,bounded,MCCE_bounded,1,OK,0.0,0.026347875595092773,0.11008403361344538,2,"{""nevents"": 51.0, ""ndays_act"": 11.0, ""nchapters"": 12.0}"
HarvardX,4,aligned,0,2656,MCCE,bounded+edit,MCCE_bounded+edit,1,OK,0.0,0.026347875595092773,0.11008403361344538,2,"{""nevents"": 51.0, ""ndays_act"": 11.0, ""nchapters"": 12.0}"
HarvardX,4,aligned,0,2737,NICE,native,NICE_native,0,out_of_bounds:nevents,0.0,0.003518819808959961,0.4267241379310345,1,"{""nevents"": 67.0, ""ndays_act"": 15.0, ""nchapters"": 12.0}"
HarvardX,4,aligned,0,2737,NICE,bounded,NICE_bounded,0,classifier_target_not_met,0.0,0.003518819808959961,0.0,0,"{""nevents"": 265.0, ""ndays_act"": 15.0, ""nchapters"": 12.0}"
HarvardX,4,aligned,0,2737,NICE,bounded+edit,NICE_bounded+edit,0,classifier_target_not_met,0.0,0.003518819808959961,0.0,0,"{""nevents"": 265.0, ""ndays_act"": 15.0, ""nchapters"": 12.0}"
HarvardX,4,aligned,0,2737,MCCE,native,MCCE_native,0,out_of_bounds:nevents,0.0,0.02612781524658203,0.4331896551724138,1,"{""nevents"": 64.0, ""ndays_act"": 15.0, ""nchapters"": 12.0}"
HarvardX,4,aligned,0,2737,MCCE,bounded,MCCE_bounded,1,OK,0.0,0.02612781524658203,0.3695652173913043,1,"{""nevents"": 265.0, ""ndays_act"": 32.0, ""nchapters"": 12.0}"
HarvardX,4,aligned,0,2737,MCCE,bounded+edit,MCCE_bounded+edit,1,OK,0.0,0.02612781524658203,0.3695652173913043,1,"{""nevents"": 265.0, ""ndays_act"": 32.0, ""nchapters"": 12.0}"
HarvardX,4,aligned,0,2811,NICE,native,NICE_native,0,out_of_bounds:nevents,0.0,0.003544330596923828,0.13917525773195877,1,"{""nevents"": 66.0, ""ndays_act"": 16.0, ""nchapters"": 11.0}"
HarvardX,4,aligned,0,2811,NICE,bounded,NICE_bounded,0,classifier_target_not_met,0.0,0.003544330596923828,0.0,0,"{""nevents"": 147.0, ""ndays_act"": 16.0, ""nchapters"": 11.0}"
HarvardX,4,aligned,0,2811,NICE,bounded+edit,NICE_bounded+edit,0,classifier_target_not_met,0.0,0.003544330596923828,0.0,0,"{""nevents"": 147.0, ""ndays_act"": 16.0, ""nchapters"": 11.0}"
HarvardX,4,aligned,0,2811,MCCE,native,MCCE_native,0,out_of_bounds:nevents,0.0,0.03934621810913086,0.34753722794959907,2,"{""nevents"": 87.0, ""ndays_act"": 27.0, ""nchapters"": 11.0}"
HarvardX,4,aligned,0,2811,MCCE,bounded,MCCE_bounded,1,OK,0.0,0.03934621810913086,0.5167239404352806,2,"{""nevents"": 202.0, ""ndays_act"": 35.0, ""nchapters"": 11.0}"
HarvardX,4,aligned,0,2811,MCCE,bounded+edit,MCCE_bounded+edit,1,OK,0.0,0.03934621810913086,0.5167239404352806,2,"{""nevents"": 202.0, ""ndays_act"": 35.0, ""nchapters"": 11.0}"
HarvardX,4,aligned,0,2853,NICE,native,NICE_native,0,out_of_bounds:nevents,0.0,0.004623889923095703,0.24589268647886042,2,"{""nevents"": 128.0, ""ndays_act"": 21.0, ""nchapters"": 9.0}"
HarvardX,4,aligned,0,2853,NICE,bounded,NICE_bounded,0,classifier_target_not_met,0.0,0.004623889923095703,0.06976744186046512,1,"{""nevents"": 218.0, ""ndays_act"": 21.0, ""nchapters"": 9.0}"
HarvardX,4,aligned,0,2853,NICE,bounded+edit,NICE_bounded+edit,0,classifier_target_not_met,0.0,0.004623889923095703,0.06976744186046512,1,"{""nevents"": 218.0, ""ndays_act"": 21.0, ""nchapters"": 9.0}"
HarvardX,4,aligned,0,2853,MCCE,native,MCCE_native,0,out_of_bounds:nevents,0.0,0.044899702072143555,0.29240431438583714,2,"{""nevents"": 128.0, ""ndays_act"": 23.0, ""nchapters"": 9.0}"
HarvardX,4,aligned,0,2853,MCCE,bounded,MCCE_bounded,1,OK,0.0,0.044899702072143555,0.6870704956082465,2,"{""nevents"": 272.0, ""ndays_act"": 43.0, ""nchapters"": 9.0}"
HarvardX,4,aligned,0,2853,MCCE,bounded+edit,MCCE_bounded+edit,1,OK,0.0,0.044899702072143555,0.6870704956082465,2,"{""nevents"": 272.0, ""ndays_act"": 43.0, ""nchapters"": 9.0}"
HarvardX,4,aligned,0,2856,NICE,native,NICE_native,1,OK,0.0,0.004653215408325195,0.23026134800550208,2,"{""nevents"": 24.0, ""ndays_act"": 13.0, ""nchapters"": 11.0}"
HarvardX,4,aligned,0,2856,NICE,bounded,NICE_bounded,1,OK,0.0,0.004653215408325195,0.23026134800550208,2,"{""nevents"": 24.0, ""ndays_act"": 13.0, ""nchapters"": 11.0}"
HarvardX,4,aligned,0,2856,NICE,bounded+edit,NICE_bounded+edit,1,OK,0.0,0.004653215408325195,0.23026134800550208,2,"{""nevents"": 24.0, ""ndays_act"": 13.0, ""nchapters"": 11.0}"
HarvardX,4,aligned,0,2856,MCCE,native,MCCE_native,1,OK,0.0,0.04430842399597168,0.5502521779000459,2,"{""nevents"": 87.0, ""ndays_act"": 27.0, ""nchapters"": 11.0}"
HarvardX,4,aligned,0,2856,MCCE,bounded,MCCE_bounded,1,OK,0.0,0.04430842399597168,0.5502521779000459,2,"{""nevents"": 87.0, ""ndays_act"": 27.0, ""nchapters"": 11.0}"
HarvardX,4,aligned,0,2856,MCCE,bounded+edit,MCCE_bounded+edit,1,OK,0.0,0.04430842399597168,0.5502521779000459,2,"{""nevents"": 87.0, ""ndays_act"": 27.0, ""nchapters"": 11.0}"
HarvardX,4,aligned,0,2881,NICE,native,NICE_native,1,OK,0.0,0.005949258804321289,0.6014639411725021,3,"{""nevents"": 66.0, ""ndays_act"": 21.0, ""nchapters"": 7.0}"
HarvardX,4,aligned,0,2881,NICE,bounded,NICE_bounded,1,OK,0.0,0.005949258804321289,0.6014639411725021,3,"{""nevents"": 66.0, ""ndays_act"": 21.0, ""nchapters"": 7.0}"
HarvardX,4,aligned,0,2881,NICE,bounded+edit,NICE_bounded+edit,1,OK,0.0,0.005949258804321289,0.6014639411725021,3,"{""nevents"": 66.0, ""ndays_act"": 21.0, ""nchapters"": 7.0}"
HarvardX,4,aligned,0,2881,MCCE,native,MCCE_native,1,OK,0.0,0.04254937171936035,0.9703276439767028,3,"{""nevents"": 68.0, ""ndays_act"": 23.0, ""nchapters"": 9.0}"
HarvardX,4,aligned,0,2881,MCCE,bounded,MCCE_bounded,1,OK,0.0,0.04254937171936035,0.9703276439767028,3,"{""nevents"": 68.0, ""ndays_act"": 23.0, ""nchapters"": 9.0}"
HarvardX,4,aligned,0,2881,MCCE,bounded+edit,MCCE_bounded+edit,1,OK,0.0,0.04254937171936035,0.9703276439767028,3,"{""nevents"": 68.0, ""ndays_act"": 23.0, ""nchapters"": 9.0}"
HarvardX,4,aligned,0,2894,NICE,native,NICE_native,0,out_of_bounds:nevents,0.0,0.0052340030670166016,0.42380952380952386,2,"{""nevents"": 85.0, ""ndays_act"": 20.0, ""nchapters"": 10.0}"
HarvardX,4,aligned,0,2894,NICE,bounded,NICE_bounded,0,classifier_target_not_met,0.0,0.0052340030670166016,0.023809523809523808,1,"{""nevents"": 269.0, ""ndays_act"": 20.0, ""nchapters"": 10.0}"
HarvardX,4,aligned,0,2894,NICE,bounded+edit,NICE_bounded+edit,0,classifier_target_not_met,0.0,0.0052340030670166016,0.023809523809523808,1,"{""nevents"": 269.0, ""ndays_act"": 20.0, ""nchapters"": 10.0}"
HarvardX,4,aligned,0,2894,MCCE,native,MCCE_native,0,out_of_bounds:nevents;out_of_bounds:ndays_act,0.0,0.041047096252441406,0.6255693581780538,2,"{""nevents"": 36.0, ""ndays_act"": 14.0, ""nchapters"": 10.0}"
HarvardX,4,aligned,0,2894,MCCE,bounded,MCCE_bounded,1,OK,0.0,0.041047096252441406,0.7733954451345756,2,"{""nevents"": 340.0, ""ndays_act"": 45.0, ""nchapters"": 10.0}"
HarvardX,4,aligned,0,2894,MCCE,bounded+edit,MCCE_bounded+edit,1,OK,0.0,0.041047096252441406,0.7733954451345756,2,"{""nevents"": 340.0, ""ndays_act"": 45.0, ""nchapters"": 10.0}"
HarvardX,4,aligned,0,2930,NICE,native,NICE_native,0,out_of_bounds:nevents,0.0,0.006693601608276367,1.0739710538218001,3,"{""nevents"": 25.0, ""ndays_act"": 10.0, ""nchapters"": 9.0}"
HarvardX,4,aligned,0,2930,NICE,bounded,NICE_bounded,0,classifier_target_not_met,0.0,0.006693601608276367,0.32272727272727275,2,"{""nevents"": 327.0, ""ndays_act"": 10.0, ""nchapters"": 9.0}"
HarvardX,4,aligned,0,2930,NICE,bounded+edit,NICE_bounded+edit,0,classifier_target_not_met,0.0,0.006693601608276367,0.32272727272727275,2,"{""nevents"": 327.0, ""ndays_act"": 10.0, ""nchapters"": 9.0}"
HarvardX,4,aligned,0,2930,MCCE,native,MCCE_native,1,OK,0.0,0.041457176208496094,1.5818181818181818,2,"{""nevents"": 327.0, ""ndays_act"": 38.0, ""nchapters"": 12.0}"
HarvardX,4,aligned,0,2930,MCCE,bounded,MCCE_bounded,1,OK,0.0,0.041457176208496094,1.5818181818181818,2,"{""nevents"": 327.0, ""ndays_act"": 38.0, ""nchapters"": 12.0}"
HarvardX,4,aligned,0,2930,MCCE,bounded+edit,MCCE_bounded+edit,1,OK,0.0,0.041457176208496094,1.5818181818181818,2,"{""nevents"": 327.0, ""ndays_act"": 38.0, ""nchapters"": 12.0}"
HarvardX,4,aligned,0,2934,NICE,native,NICE_native,0,out_of_bounds:nevents,0.0,0.004731416702270508,0.4829246935201401,2,"{""nevents"": 25.0, ""ndays_act"": 10.0, ""nchapters"": 9.0}"
HarvardX,4,aligned,0,2934,NICE,bounded,NICE_bounded,0,classifier_target_not_met,0.0,0.004731416702270508,0.25,1,"{""nevents"": 158.0, ""ndays_act"": 10.0, ""nchapters"": 9.0}"
HarvardX,4,aligned,0,2934,NICE,bounded+edit,NICE_bounded+edit,0,classifier_target_not_met,0.0,0.004731416702270508,0.25,1,"{""nevents"": 158.0, ""ndays_act"": 10.0, ""nchapters"": 9.0}"
HarvardX,4,aligned,0,2934,MCCE,native,MCCE_native,0,out_of_bounds:nevents,0.0,0.0412144660949707,0.5574413653377288,3,"{""nevents"": 128.0, ""ndays_act"": 23.0, ""nchapters"": 9.0}"
HarvardX,4,aligned,0,2934,MCCE,bounded,MCCE_bounded,1,OK,0.0,0.0412144660949707,0.6831238625047217,3,"{""nevents"": 159.0, ""ndays_act"": 32.0, ""nchapters"": 9.0}"
HarvardX,4,aligned,0,2934,MCCE,bounded+edit,MCCE_bounded+edit,1,OK,0.0,0.0412144660949707,0.6831238625047217,3,"{""nevents"": 159.0, ""ndays_act"": 32.0, ""nchapters"": 9.0}"
HarvardX,4,aligned,0,2954,NICE,native,NICE_native,0,out_of_bounds:nevents,0.0,0.004686594009399414,0.47351524879614765,2,"{""nevents"": 171.0, ""ndays_act"": 37.0, ""nchapters"": 8.0}"
HarvardX,4,aligned,0,2954,NICE,bounded,NICE_bounded,0,classifier_target_not_met,0.0,0.004686594009399414,0.42857142857142855,1,"{""nevents"": 195.0, ""ndays_act"": 37.0, ""nchapters"": 8.0}"
HarvardX,4,aligned,0,2954,NICE,bounded+edit,NICE_bounded+edit,0,classifier_target_not_met,0.0,0.004686594009399414,0.42857142857142855,1,"{""nevents"": 195.0, ""ndays_act"": 37.0, ""nchapters"": 8.0}"
HarvardX,4,aligned,0,2954,MCCE,native,MCCE_native,0,out_of_bounds:nevents,0.0,0.041229248046875,1.155430711610487,2,"{""nevents"": 112.0, ""ndays_act"": 19.0, ""nchapters"": 12.0}"
HarvardX,4,aligned,0,2954,MCCE,bounded,MCCE_bounded,1,OK,0.0,0.041229248046875,0.9656233279828785,3,"{""nevents"": 272.0, ""ndays_act"": 43.0, ""nchapters"": 9.0}"
HarvardX,4,aligned,0,2954,MCCE,bounded+edit,MCCE_bounded+edit,1,OK,0.0,0.041229248046875,0.9656233279828785,3,"{""nevents"": 272.0, ""ndays_act"": 43.0, ""nchapters"": 9.0}"
HarvardX,4,aligned,0,2982,NICE,native,NICE_native,0,out_of_bounds:nevents,0.0,0.0034973621368408203,0.171900826446281,1,"{""nevents"": 20.0, ""ndays_act"": 13.0, ""nchapters"": 9.0}"
HarvardX,4,aligned,0,2982,NICE,bounded,NICE_bounded,0,classifier_target_not_met,0.0,0.0034973621368408203,0.0,0,"{""nevents"": 124.0, ""ndays_act"": 13.0, ""nchapters"": 9.0}"
HarvardX,4,aligned,0,2982,NICE,bounded+edit,NICE_bounded+edit,0,classifier_target_not_met,0.0,0.0034973621368408203,0.0,0,"{""nevents"": 124.0, ""ndays_act"": 13.0, ""nchapters"": 9.0}"
HarvardX,4,aligned,0,2982,MCCE,native,MCCE_native,1,OK,0.0,0.050585031509399414,0.21494490358126722,2,"{""nevents"": 128.0, ""ndays_act"": 23.0, ""nchapters"": 9.0}"
HarvardX,4,aligned,0,2982,MCCE,bounded,MCCE_bounded,1,OK,0.0,0.050585031509399414,0.21494490358126722,2,"{""nevents"": 128.0, ""ndays_act"": 23.0, ""nchapters"": 9.0}"
HarvardX,4,aligned,0,2982,MCCE,bounded+edit,MCCE_bounded+edit,1,OK,0.0,0.050585031509399414,0.21494490358126722,2,"{""nevents"": 128.0, ""ndays_act"": 23.0, ""nchapters"": 9.0}"
HarvardX,4,aligned,0,3007,NICE,native,NICE_native,0,out_of_bounds:nevents,0.0,0.0036122798919677734,0.3313373253493014,1,"{""nevents"": 62.0, ""ndays_act"": 14.0, ""nchapters"": 12.0}"
HarvardX,4,aligned,0,3007,NICE,bounded,NICE_bounded,0,classifier_target_not_met,0.0,0.0036122798919677734,0.0,0,"{""nevents"": 228.0, ""ndays_act"": 14.0, ""nchapters"": 12.0}"
HarvardX,4,aligned,0,3007,NICE,bounded+edit,NICE_bounded+edit,0,classifier_target_not_met,0.0,0.0036122798919677734,0.0,0,"{""nevents"": 228.0, ""ndays_act"": 14.0, ""nchapters"": 12.0}"
HarvardX,4,aligned,0,3007,MCCE,native,MCCE_native,0,out_of_bounds:nevents,0.0,0.027448654174804688,0.34331337325349304,1,"{""nevents"": 56.0, ""ndays_act"": 14.0, ""nchapters"": 12.0}"
HarvardX,4,aligned,0,3007,MCCE,bounded,MCCE_bounded,1,OK,0.0,0.027448654174804688,0.46808510638297873,1,"{""nevents"": 228.0, ""ndays_act"": 36.0, ""nchapters"": 12.0}"
HarvardX,4,aligned,0,3007,MCCE,bounded+edit,MCCE_bounded+edit,1,OK,0.0,0.027448654174804688,0.46808510638297873,1,"{""nevents"": 228.0, ""ndays_act"": 36.0, ""nchapters"": 12.0}"
HarvardX,4,aligned,0,3011,NICE,native,NICE_native,1,OK,0.0,0.0036242008209228516,0.13559322033898305,1,"{""nevents"": 6.0, ""ndays_act"": 10.0, ""nchapters"": 10.0}"
HarvardX,4,aligned,0,3011,NICE,bounded,NICE_bounded,1,OK,0.0,0.0036242008209228516,0.13559322033898305,1,"{""nevents"": 6.0, ""ndays_act"": 10.0, ""nchapters"": 10.0}"
HarvardX,4,aligned,0,3011,NICE,bounded+edit,NICE_bounded+edit,1,OK,0.0,0.0036242008209228516,0.13559322033898305,1,"{""nevents"": 6.0, ""ndays_act"": 10.0, ""nchapters"": 10.0}"
HarvardX,4,aligned,0,3011,MCCE,native,MCCE_native,1,OK,0.0,0.05273580551147461,0.24488360644208454,2,"{""nevents"": 36.0, ""ndays_act"": 14.0, ""nchapters"": 10.0}"
HarvardX,4,aligned,0,3011,MCCE,bounded,MCCE_bounded,1,OK,0.0,0.05273580551147461,0.24488360644208454,2,"{""nevents"": 36.0, ""ndays_act"": 14.0, ""nchapters"": 10.0}"
HarvardX,4,aligned,0,3011,MCCE,bounded+edit,MCCE_bounded+edit,1,OK,0.0,0.05273580551147461,0.24488360644208454,2,"{""nevents"": 36.0, ""ndays_act"": 14.0, ""nchapters"": 10.0}"
HarvardX,4,aligned,0,3102,NICE,native,NICE_native,0,out_of_bounds:nevents,0.0,0.004727363586425781,0.10769931201942534,2,"{""nevents"": 10.0, ""ndays_act"": 10.0, ""nchapters"": 10.0}"
HarvardX,4,aligned,0,3102,NICE,bounded,NICE_bounded,0,classifier_target_not_met,0.0,0.004727363586425781,0.08928571428571429,1,"{""nevents"": 23.0, ""ndays_act"": 10.0, ""nchapters"": 10.0}"
HarvardX,4,aligned,0,3102,NICE,bounded+edit,NICE_bounded+edit,0,classifier_target_not_met,0.0,0.004727363586425781,0.08928571428571429,1,"{""nevents"": 23.0, ""ndays_act"": 10.0, ""nchapters"": 10.0}"
HarvardX,4,aligned,0,3102,MCCE,native,MCCE_native,1,OK,0.0,0.047016143798828125,0.17912788344799677,2,"{""nevents"": 36.0, ""ndays_act"": 14.0, ""nchapters"": 10.0}"
HarvardX,4,aligned,0,3102,MCCE,bounded,MCCE_bounded,1,OK,0.0,0.047016143798828125,0.17912788344799677,2,"{""nevents"": 36.0, ""ndays_act"": 14.0, ""nchapters"": 10.0}"
HarvardX,4,aligned,0,3102,MCCE,bounded+edit,MCCE_bounded+edit,1,OK,0.0,0.047016143798828125,0.17912788344799677,2,"{""nevents"": 36.0, ""ndays_act"": 14.0, ""nchapters"": 10.0}"
HarvardX,4,aligned,0,3131,NICE,native,NICE_native,1,OK,0.0,0.003782510757446289,0.13559322033898305,1,"{""nevents"": 24.0, ""ndays_act"": 10.0, ""nchapters"": 12.0}"
HarvardX,4,aligned,0,3131,NICE,bounded,NICE_bounded,1,OK,0.0,0.003782510757446289,0.13559322033898305,1,"{""nevents"": 24.0, ""ndays_act"": 10.0, ""nchapters"": 12.0}"
HarvardX,4,aligned,0,3131,NICE,bounded+edit,NICE_bounded+edit,1,OK,0.0,0.003782510757446289,0.13559322033898305,1,"{""nevents"": 24.0, ""ndays_act"": 10.0, ""nchapters"": 12.0}"
HarvardX,4,aligned,0,3131,MCCE,native,MCCE_native,1,OK,0.0,0.02750420570373535,0.1441038586368554,2,"{""nevents"": 30.0, ""ndays_act"": 10.0, ""nchapters"": 12.0}"
HarvardX,4,aligned,0,3131,MCCE,bounded,MCCE_bounded,1,OK,0.0,0.02750420570373535,0.1441038586368554,2,"{""nevents"": 30.0, ""ndays_act"": 10.0, ""nchapters"": 12.0}"
HarvardX,4,aligned,0,3131,MCCE,bounded+edit,MCCE_bounded+edit,1,OK,0.0,0.02750420570373535,0.1441038586368554,2,"{""nevents"": 30.0, ""ndays_act"": 10.0, ""nchapters"": 12.0}"
HarvardX,4,aligned,0,3151,NICE,native,NICE_native,0,out_of_bounds:nevents,0.0,0.0037734508514404297,0.0017452006980802793,1,"{""nevents"": 155.0, ""ndays_act"": 27.0, ""nchapters"": 10.0}"
HarvardX,4,aligned,0,3151,NICE,bounded,NICE_bounded,0,classifier_target_not_met,0.0,0.0037734508514404297,0.0,0,"{""nevents"": 156.0, ""ndays_act"": 27.0, ""nchapters"": 10.0}"
HarvardX,4,aligned,0,3151,NICE,bounded+edit,NICE_bounded+edit,0,classifier_target_not_met,0.0,0.0037734508514404297,0.0,0,"{""nevents"": 156.0, ""ndays_act"": 27.0, ""nchapters"": 10.0}"
HarvardX,4,aligned,0,3151,MCCE,native,MCCE_native,0,out_of_bounds:nevents,0.0,0.05032825469970703,0.28467303151627144,2,"{""nevents"": 94.0, ""ndays_act"": 33.0, ""nchapters"": 10.0}"
HarvardX,4,aligned,0,3151,MCCE,bounded,MCCE_bounded,1,OK,0.0,0.05032825469970703,0.33353865106251923,2,"{""nevents"": 246.0, ""ndays_act"": 33.0, ""nchapters"": 10.0}"
HarvardX,4,aligned,0,3151,MCCE,bounded+edit,MCCE_bounded+edit,1,OK,0.0,0.05032825469970703,0.33353865106251923,2,"{""nevents"": 246.0, ""ndays_act"": 33.0, ""nchapters"": 10.0}"
HarvardX,4,aligned,0,3168,NICE,native,NICE_native,1,OK,0.0,0.004769086837768555,0.16455873758036235,2,"{""nevents"": 25.0, ""ndays_act"": 10.0, ""nchapters"": 9.0}"
HarvardX,4,aligned,0,3168,NICE,bounded,NICE_bounded,1,OK,0.0,0.004769086837768555,0.16455873758036235,2,"{""nevents"": 25.0, ""ndays_act"": 10.0, ""nchapters"": 9.0}"
HarvardX,4,aligned,0,3168,NICE,bounded+edit,NICE_bounded+edit,1,OK,0.0,0.004769086837768555,0.16455873758036235,2,"{""nevents"": 25.0, ""ndays_act"": 10.0, ""nchapters"": 9.0}"
HarvardX,4,aligned,0,3168,MCCE,native,MCCE_native,1,OK,0.0,0.047751665115356445,0.444208065458796,2,"{""nevents"": 68.0, ""ndays_act"": 23.0, ""nchapters"": 9.0}"
HarvardX,4,aligned,0,3168,MCCE,bounded,MCCE_bounded,1,OK,0.0,0.047751665115356445,0.444208065458796,2,"{""nevents"": 68.0, ""ndays_act"": 23.0, ""nchapters"": 9.0}"
HarvardX,4,aligned,0,3168,MCCE,bounded+edit,MCCE_bounded+edit,1,OK,0.0,0.047751665115356445,0.444208065458796,2,"{""nevents"": 68.0, ""ndays_act"": 23.0, ""nchapters"": 9.0}"
HarvardX,4,aligned,0,3174,NICE,native,NICE_native,1,OK,0.0,0.003490447998046875,0.15,1,"{""nevents"": 10.0, ""ndays_act"": 10.0, ""nchapters"": 12.0}"
HarvardX,4,aligned,0,3174,NICE,bounded,NICE_bounded,1,OK,0.0,0.003490447998046875,0.15,1,"{""nevents"": 10.0, ""ndays_act"": 10.0, ""nchapters"": 12.0}"
HarvardX,4,aligned,0,3174,NICE,bounded+edit,NICE_bounded+edit,1,OK,0.0,0.003490447998046875,0.15,1,"{""nevents"": 10.0, ""ndays_act"": 10.0, ""nchapters"": 12.0}"
HarvardX,4,aligned,0,3174,MCCE,native,MCCE_native,1,OK,0.0,0.0266878604888916,0.17781641168289292,2,"{""nevents"": 30.0, ""ndays_act"": 10.0, ""nchapters"": 12.0}"
HarvardX,4,aligned,0,3174,MCCE,bounded,MCCE_bounded,1,OK,0.0,0.0266878604888916,0.17781641168289292,2,"{""nevents"": 30.0, ""ndays_act"": 10.0, ""nchapters"": 12.0}"
HarvardX,4,aligned,0,3174,MCCE,bounded+edit,MCCE_bounded+edit,1,OK,0.0,0.0266878604888916,0.17781641168289292,2,"{""nevents"": 30.0, ""ndays_act"": 10.0, ""nchapters"": 12.0}"
HarvardX,4,aligned,0,3186,NICE,native,NICE_native,0,out_of_bounds:nevents,0.0,0.0046482086181640625,0.20518474832688016,2,"{""nevents"": 22.0, ""ndays_act"": 10.0, ""nchapters"": 12.0}"
HarvardX,4,aligned,0,3186,NICE,bounded,NICE_bounded,0,classifier_target_not_met,0.0,0.0046482086181640625,0.13559322033898305,1,"{""nevents"": 68.0, ""ndays_act"": 10.0, ""nchapters"": 12.0}"
HarvardX,4,aligned,0,3186,NICE,bounded+edit,NICE_bounded+edit,0,classifier_target_not_met,0.0,0.0046482086181640625,0.13559322033898305,1,"{""nevents"": 68.0, ""ndays_act"": 10.0, ""nchapters"": 12.0}"
HarvardX,4,aligned,0,3186,MCCE,native,MCCE_native,0,out_of_bounds:nevents,0.0,0.02646946907043457,0.19308187389420242,2,"{""nevents"": 30.0, ""ndays_act"": 10.0, ""nchapters"": 12.0}"
HarvardX,4,aligned,0,3186,MCCE,bounded,MCCE_bounded,1,OK,0.0,0.02646946907043457,0.33200851303879586,2,"{""nevents"": 97.0, ""ndays_act"": 19.0, ""nchapters"": 12.0}"
HarvardX,4,aligned,0,3186,MCCE,bounded+edit,MCCE_bounded+edit,1,OK,0.0,0.02646946907043457,0.33200851303879586,2,"{""nevents"": 97.0, ""ndays_act"": 19.0, ""nchapters"": 12.0}"
HarvardX,4,aligned,0,3201,NICE,native,NICE_native,1,OK,0.0,0.004782915115356445,0.2913261843355504,2,"{""nevents"": 66.0, ""ndays_act"": 21.0, ""nchapters"": 7.0}"
HarvardX,4,aligned,0,3201,NICE,bounded,NICE_bounded,1,OK,0.0,0.004782915115356445,0.2913261843355504,2,"{""nevents"": 66.0, ""ndays_act"": 21.0, ""nchapters"": 7.0}"
HarvardX,4,aligned,0,3201,NICE,bounded+edit,NICE_bounded+edit,1,OK,0.0,0.004782915115356445,0.2913261843355504,2,"{""nevents"": 66.0, ""ndays_act"": 21.0, ""nchapters"": 7.0}"
HarvardX,4,aligned,0,3201,MCCE,native,MCCE_native,1,OK,0.0,0.044400691986083984,0.7319397312338809,3,"{""nevents"": 68.0, ""ndays_act"": 23.0, ""nchapters"": 9.0}"
HarvardX,4,aligned,0,3201,MCCE,bounded,MCCE_bounded,1,OK,0.0,0.044400691986083984,0.7319397312338809,3,"{""nevents"": 68.0, ""ndays_act"": 23.0, ""nchapters"": 9.0}"
HarvardX,4,aligned,0,3201,MCCE,bounded+edit,MCCE_bounded+edit,1,OK,0.0,0.044400691986083984,0.7319397312338809,3,"{""nevents"": 68.0, ""ndays_act"": 23.0, ""nchapters"": 9.0}"
HarvardX,4,aligned,0,3273,NICE,native,NICE_native,0,out_of_bounds:nevents,0.0,0.0046389102935791016,0.10509031198686372,2,"{""nevents"": 22.0, ""ndays_act"": 10.0, ""nchapters"": 12.0}"
HarvardX,4,aligned,0,3273,NICE,bounded,NICE_bounded,0,classifier_target_not_met,0.0,0.0046389102935791016,0.08928571428571429,1,"{""nevents"": 33.0, ""ndays_act"": 10.0, ""nchapters"": 12.0}"
HarvardX,4,aligned,0,3273,NICE,bounded+edit,NICE_bounded+edit,0,classifier_target_not_met,0.0,0.0046389102935791016,0.08928571428571429,1,"{""nevents"": 33.0, ""ndays_act"": 10.0, ""nchapters"": 12.0}"
HarvardX,4,aligned,0,3273,MCCE,native,MCCE_native,1,OK,0.0,0.028140783309936523,0.14285714285714285,1,"{""nevents"": 33.0, ""ndays_act"": 13.0, ""nchapters"": 12.0}"
HarvardX,4,aligned,0,3273,MCCE,bounded,MCCE_bounded,1,OK,0.0,0.028140783309936523,0.14285714285714285,1,"{""nevents"": 33.0, ""ndays_act"": 13.0, ""nchapters"": 12.0}"
HarvardX,4,aligned,0,3273,MCCE,bounded+edit,MCCE_bounded+edit,1,OK,0.0,0.028140783309936523,0.14285714285714285,1,"{""nevents"": 33.0, ""ndays_act"": 13.0, ""nchapters"": 12.0}"
HarvardX,4,aligned,0,3321,NICE,native,NICE_native,0,out_of_bounds:nevents,0.0,0.004621744155883789,0.1248913358446827,2,"{""nevents"": 12.0, ""ndays_act"": 10.0, ""nchapters"": 12.0}"
HarvardX,4,aligned,0,3321,NICE,bounded,NICE_bounded,0,classifier_target_not_met,0.0,0.004621744155883789,0.1206896551724138,1,"{""nevents"": 15.0, ""ndays_act"": 10.0, ""nchapters"": 12.0}"
HarvardX,4,aligned,0,3321,NICE,bounded+edit,NICE_bounded+edit,0,classifier_target_not_met,0.0,0.004621744155883789,0.1206896551724138,1,"{""nevents"": 15.0, ""ndays_act"": 10.0, ""nchapters"": 12.0}"
HarvardX,4,aligned,0,3321,MCCE,native,MCCE_native,1,OK,0.0,0.03040456771850586,0.14169805853375833,2,"{""nevents"": 30.0, ""ndays_act"": 10.0, ""nchapters"": 12.0}"
HarvardX,4,aligned,0,3321,MCCE,bounded,MCCE_bounded,1,OK,0.0,0.03040456771850586,0.14169805853375833,2,"{""nevents"": 30.0, ""ndays_act"": 10.0, ""nchapters"": 12.0}"
HarvardX,4,aligned,0,3321,MCCE,bounded+edit,MCCE_bounded+edit,1,OK,0.0,0.03040456771850586,0.14169805853375833,2,"{""nevents"": 30.0, ""ndays_act"": 10.0, ""nchapters"": 12.0}"
HarvardX,4,aligned,0,3351,NICE,native,NICE_native,0,out_of_bounds:nevents,0.0,0.003565073013305664,0.07774390243902439,1,"{""nevents"": 22.0, ""ndays_act"": 10.0, ""nchapters"": 12.0}"
HarvardX,4,aligned,0,3351,NICE,bounded,NICE_bounded,0,classifier_target_not_met,0.0,0.003565073013305664,0.0,0,"{""nevents"": 73.0, ""ndays_act"": 10.0, ""nchapters"": 12.0}"
HarvardX,4,aligned,0,3351,NICE,bounded+edit,NICE_bounded+edit,0,classifier_target_not_met,0.0,0.003565073013305664,0.0,0,"{""nevents"": 73.0, ""ndays_act"": 10.0, ""nchapters"": 12.0}"
HarvardX,4,aligned,0,3351,MCCE,native,MCCE_native,0,out_of_bounds:nevents,0.0,0.02705216407775879,0.06554878048780488,1,"{""nevents"": 30.0, ""ndays_act"": 10.0, ""nchapters"": 12.0}"
HarvardX,4,aligned,0,3351,MCCE,bounded,MCCE_bounded,1,OK,0.0,0.02705216407775879,0.19607843137254902,1,"{""nevents"": 73.0, ""ndays_act"": 20.0, ""nchapters"": 12.0}"
HarvardX,4,aligned,0,3351,MCCE,bounded+edit,MCCE_bounded+edit,1,OK,0.0,0.02705216407775879,0.19607843137254902,1,"{""nevents"": 73.0, ""ndays_act"": 20.0, ""nchapters"": 12.0}"
HarvardX,4,aligned,0,3430,NICE,native,NICE_native,1,OK,0.0,0.006943702697753906,0.4347972745058355,2,"{""nevents"": 66.0, ""ndays_act"": 21.0, ""nchapters"": 7.0}"
HarvardX,4,aligned,0,3430,NICE,bounded,NICE_bounded,1,OK,0.0,0.006943702697753906,0.4347972745058355,2,"{""nevents"": 66.0, ""ndays_act"": 21.0, ""nchapters"": 7.0}"
HarvardX,4,aligned,0,3430,NICE,bounded+edit,NICE_bounded+edit,1,OK,0.0,0.006943702697753906,0.4347972745058355,2,"{""nevents"": 66.0, ""ndays_act"": 21.0, ""nchapters"": 7.0}"
HarvardX,4,aligned,0,3430,MCCE,native,MCCE_native,1,OK,0.0,0.04462695121765137,0.8703276439767029,3,"{""nevents"": 68.0, ""ndays_act"": 23.0, ""nchapters"": 9.0}"
HarvardX,4,aligned,0,3430,MCCE,bounded,MCCE_bounded,1,OK,0.0,0.04462695121765137,0.8703276439767029,3,"{""nevents"": 68.0, ""ndays_act"": 23.0, ""nchapters"": 9.0}"
HarvardX,4,aligned,0,3430,MCCE,bounded+edit,MCCE_bounded+edit,1,OK,0.0,0.04462695121765137,0.8703276439767029,3,"{""nevents"": 68.0, ""ndays_act"": 23.0, ""nchapters"": 9.0}"
HarvardX,4,aligned,0,3455,NICE,native,NICE_native,1,OK,0.0,0.004710197448730469,0.18039533157930243,2,"{""nevents"": 12.0, ""ndays_act"": 10.0, ""nchapters"": 12.0}"
HarvardX,4,aligned,0,3455,NICE,bounded,NICE_bounded,1,OK,0.0,0.004710197448730469,0.18039533157930243,2,"{""nevents"": 12.0, ""ndays_act"": 10.0, ""nchapters"": 12.0}"
HarvardX,4,aligned,0,3455,NICE,bounded+edit,NICE_bounded+edit,1,OK,0.0,0.004710197448730469,0.18039533157930243,2,"{""nevents"": 12.0, ""ndays_act"": 10.0, ""nchapters"": 12.0}"
HarvardX,4,aligned,0,3455,MCCE,native,MCCE_native,1,OK,0.0,0.02834153175354004,0.2050866896039938,2,"{""nevents"": 30.0, ""ndays_act"": 10.0, ""nchapters"": 12.0}"
HarvardX,4,aligned,0,3455,MCCE,bounded,MCCE_bounded,1,OK,0.0,0.02834153175354004,0.2050866896039938,2,"{""nevents"": 30.0, ""ndays_act"": 10.0, ""nchapters"": 12.0}"
HarvardX,4,aligned,0,3455,MCCE,bounded+edit,MCCE_bounded+edit,1,OK,0.0,0.02834153175354004,0.2050866896039938,2,"{""nevents"": 30.0, ""ndays_act"": 10.0, ""nchapters"": 12.0}"
HarvardX,4,aligned,0,3474,NICE,native,NICE_native,1,OK,0.0,0.006273508071899414,0.6014639411725021,3,"{""nevents"": 66.0, ""ndays_act"": 21.0, ""nchapters"": 7.0}"
HarvardX,4,aligned,0,3474,NICE,bounded,NICE_bounded,1,OK,0.0,0.006273508071899414,0.6014639411725021,3,"{""nevents"": 66.0, ""ndays_act"": 21.0, ""nchapters"": 7.0}"
HarvardX,4,aligned,0,3474,NICE,bounded+edit,NICE_bounded+edit,1,OK,0.0,0.006273508071899414,0.6014639411725021,3,"{""nevents"": 66.0, ""ndays_act"": 21.0, ""nchapters"": 7.0}"
HarvardX,4,aligned,0,3474,MCCE,native,MCCE_native,1,OK,0.0,0.04329562187194824,0.9703276439767028,3,"{""nevents"": 68.0, ""ndays_act"": 23.0, ""nchapters"": 9.0}"
HarvardX,4,aligned,0,3474,MCCE,bounded,MCCE_bounded,1,OK,0.0,0.04329562187194824,0.9703276439767028,3,"{""nevents"": 68.0, ""ndays_act"": 23.0, ""nchapters"": 9.0}"
HarvardX,4,aligned,0,3474,MCCE,bounded+edit,MCCE_bounded+edit,1,OK,0.0,0.04329562187194824,0.9703276439767028,3,"{""nevents"": 68.0, ""ndays_act"": 23.0, ""nchapters"": 9.0}"
HarvardX,4,aligned,0,3479,NICE,native,NICE_native,1,OK,0.0,0.0036773681640625,0.03773584905660377,1,"{""nevents"": 13.0, ""ndays_act"": 10.0, ""nchapters"": 12.0}"
HarvardX,4,aligned,0,3479,NICE,bounded,NICE_bounded,1,OK,0.0,0.0036773681640625,0.03773584905660377,1,"{""nevents"": 13.0, ""ndays_act"": 10.0, ""nchapters"": 12.0}"
HarvardX,4,aligned,0,3479,NICE,bounded+edit,NICE_bounded+edit,1,OK,0.0,0.0036773681640625,0.03773584905660377,1,"{""nevents"": 13.0, ""ndays_act"": 10.0, ""nchapters"": 12.0}"
HarvardX,4,aligned,0,3479,MCCE,native,MCCE_native,1,OK,0.0,0.026037216186523438,0.061478865816380304,2,"{""nevents"": 30.0, ""ndays_act"": 10.0, ""nchapters"": 12.0}"
HarvardX,4,aligned,0,3479,MCCE,bounded,MCCE_bounded,1,OK,0.0,0.026037216186523438,0.061478865816380304,2,"{""nevents"": 30.0, ""ndays_act"": 10.0, ""nchapters"": 12.0}"
HarvardX,4,aligned,0,3479,MCCE,bounded+edit,MCCE_bounded+edit,1,OK,0.0,0.026037216186523438,0.061478865816380304,2,"{""nevents"": 30.0, ""ndays_act"": 10.0, ""nchapters"": 12.0}"
HarvardX,4,aligned,0,3499,NICE,native,NICE_native,0,out_of_bounds:nevents,0.0,0.004848957061767578,0.11241623371734055,2,"{""nevents"": 25.0, ""ndays_act"": 10.0, ""nchapters"": 9.0}"
HarvardX,4,aligned,0,3499,NICE,bounded,NICE_bounded,0,classifier_target_not_met,0.0,0.004848957061767578,0.10526315789473684,1,"{""nevents"": 30.0, ""ndays_act"": 10.0, ""nchapters"": 9.0}"
HarvardX,4,aligned,0,3499,NICE,bounded+edit,NICE_bounded+edit,0,classifier_target_not_met,0.0,0.004848957061767578,0.10526315789473684,1,"{""nevents"": 30.0, ""ndays_act"": 10.0, ""nchapters"": 9.0}"
HarvardX,4,aligned,0,3499,MCCE,native,MCCE_native,1,OK,0.0,0.0417180061340332,0.3876967095851216,2,"{""nevents"": 68.0, ""ndays_act"": 23.0, ""nchapters"": 9.0}"
HarvardX,4,aligned,0,3499,MCCE,bounded,MCCE_bounded,1,OK,0.0,0.0417180061340332,0.3876967095851216,2,"{""nevents"": 68.0, ""ndays_act"": 23.0, ""nchapters"": 9.0}"
HarvardX,4,aligned,0,3499,MCCE,bounded+edit,MCCE_bounded+edit,1,OK,0.0,0.0417180061340332,0.3876967095851216,2,"{""nevents"": 68.0, ""ndays_act"": 23.0, ""nchapters"": 9.0}"
HarvardX,4,aligned,0,3505,NICE,native,NICE_native,1,OK,0.0,0.004682064056396484,0.18039533157930243,2,"{""nevents"": 12.0, ""ndays_act"": 10.0, ""nchapters"": 12.0}"
HarvardX,4,aligned,0,3505,NICE,bounded,NICE_bounded,1,OK,0.0,0.004682064056396484,0.18039533157930243,2,"{""nevents"": 12.0, ""ndays_act"": 10.0, ""nchapters"": 12.0}"
HarvardX,4,aligned,0,3505,NICE,bounded+edit,NICE_bounded+edit,1,OK,0.0,0.004682064056396484,0.18039533157930243,2,"{""nevents"": 12.0, ""ndays_act"": 10.0, ""nchapters"": 12.0}"
HarvardX,4,aligned,0,3505,MCCE,native,MCCE_native,1,OK,0.0,0.026592016220092773,0.2050866896039938,2,"{""nevents"": 30.0, ""ndays_act"": 10.0, ""nchapters"": 12.0}"
HarvardX,4,aligned,0,3505,MCCE,bounded,MCCE_bounded,1,OK,0.0,0.026592016220092773,0.2050866896039938,2,"{""nevents"": 30.0, ""ndays_act"": 10.0, ""nchapters"": 12.0}"
HarvardX,4,aligned,0,3505,MCCE,bounded+edit,MCCE_bounded+edit,1,OK,0.0,0.026592016220092773,0.2050866896039938,2,"{""nevents"": 30.0, ""ndays_act"": 10.0, ""nchapters"": 12.0}"
HarvardX,4,aligned,0,3523,NICE,native,NICE_native,1,OK,0.0,0.003534078598022461,0.13559322033898305,1,"{""nevents"": 6.0, ""ndays_act"": 10.0, ""nchapters"": 12.0}"
HarvardX,4,aligned,0,3523,NICE,bounded,NICE_bounded,1,OK,0.0,0.003534078598022461,0.13559322033898305,1,"{""nevents"": 6.0, ""ndays_act"": 10.0, ""nchapters"": 12.0}"
HarvardX,4,aligned,0,3523,NICE,bounded+edit,NICE_bounded+edit,1,OK,0.0,0.003534078598022461,0.13559322033898305,1,"{""nevents"": 6.0, ""ndays_act"": 10.0, ""nchapters"": 12.0}"
HarvardX,4,aligned,0,3523,MCCE,native,MCCE_native,1,OK,0.0,0.028342723846435547,0.168788241085871,2,"{""nevents"": 30.0, ""ndays_act"": 10.0, ""nchapters"": 12.0}"
HarvardX,4,aligned,0,3523,MCCE,bounded,MCCE_bounded,1,OK,0.0,0.028342723846435547,0.168788241085871,2,"{""nevents"": 30.0, ""ndays_act"": 10.0, ""nchapters"": 12.0}"
HarvardX,4,aligned,0,3523,MCCE,bounded+edit,MCCE_bounded+edit,1,OK,0.0,0.028342723846435547,0.168788241085871,2,"{""nevents"": 30.0, ""ndays_act"": 10.0, ""nchapters"": 12.0}"
HarvardX,4,aligned,0,3622,NICE,native,NICE_native,1,OK,0.0,0.004942417144775391,0.36724383185363224,2,"{""nevents"": 66.0, ""ndays_act"": 21.0, ""nchapters"": 7.0}"
HarvardX,4,aligned,0,3622,NICE,bounded,NICE_bounded,1,OK,0.0,0.004942417144775391,0.36724383185363224,2,"{""nevents"": 66.0, ""ndays_act"": 21.0, ""nchapters"": 7.0}"
HarvardX,4,aligned,0,3622,NICE,bounded+edit,NICE_bounded+edit,1,OK,0.0,0.004942417144775391,0.36724383185363224,2,"{""nevents"": 66.0, ""ndays_act"": 21.0, ""nchapters"": 7.0}"
HarvardX,4,aligned,0,3622,MCCE,native,MCCE_native,1,OK,0.0,0.040322065353393555,0.8045715406876932,3,"{""nevents"": 68.0, ""ndays_act"": 23.0, ""nchapters"": 9.0}"
HarvardX,4,aligned,0,3622,MCCE,bounded,MCCE_bounded,1,OK,0.0,0.040322065353393555,0.8045715406876932,3,"{""nevents"": 68.0, ""ndays_act"": 23.0, ""nchapters"": 9.0}"
HarvardX,4,aligned,0,3622,MCCE,bounded+edit,MCCE_bounded+edit,1,OK,0.0,0.040322065353393555,0.8045715406876932,3,"{""nevents"": 68.0, ""ndays_act"": 23.0, ""nchapters"": 9.0}"
HarvardX,4,aligned,0,3630,NICE,native,NICE_native,1,OK,0.0,0.00469970703125,0.3748910411622276,2,"{""nevents"": 66.0, ""ndays_act"": 21.0, ""nchapters"": 7.0}"
HarvardX,4,aligned,0,3630,NICE,bounded,NICE_bounded,1,OK,0.0,0.00469970703125,0.3748910411622276,2,"{""nevents"": 66.0, ""ndays_act"": 21.0, ""nchapters"": 7.0}"
HarvardX,4,aligned,0,3630,NICE,bounded+edit,NICE_bounded+edit,1,OK,0.0,0.00469970703125,0.3748910411622276,2,"{""nevents"": 66.0, ""ndays_act"": 21.0, ""nchapters"": 7.0}"
HarvardX,4,aligned,0,3630,MCCE,native,MCCE_native,1,OK,0.0,0.040486812591552734,0.8116464891041162,3,"{""nevents"": 68.0, ""ndays_act"": 23.0, ""nchapters"": 9.0}"
HarvardX,4,aligned,0,3630,MCCE,bounded,MCCE_bounded,1,OK,0.0,0.040486812591552734,0.8116464891041162,3,"{""nevents"": 68.0, ""ndays_act"": 23.0, ""nchapters"": 9.0}"
HarvardX,4,aligned,0,3630,MCCE,bounded+edit,MCCE_bounded+edit,1,OK,0.0,0.040486812591552734,0.8116464891041162,3,"{""nevents"": 68.0, ""ndays_act"": 23.0, ""nchapters"": 9.0}"
HarvardX,4,aligned,0,3638,NICE,native,NICE_native,0,out_of_bounds:nevents,0.0,0.003907680511474609,0.34591194968553457,1,"{""nevents"": 515.0, ""ndays_act"": 37.0, ""nchapters"": 12.0}"
HarvardX,4,aligned,0,3638,NICE,bounded,NICE_bounded,0,classifier_target_not_met,0.0,0.003907680511474609,0.0,0,"{""nevents"": 570.0, ""ndays_act"": 37.0, ""nchapters"": 12.0}"
HarvardX,4,aligned,0,3638,NICE,bounded+edit,NICE_bounded+edit,0,classifier_target_not_met,0.0,0.003907680511474609,0.0,0,"{""nevents"": 570.0, ""ndays_act"": 37.0, ""nchapters"": 12.0}"
HarvardX,4,aligned,0,3638,MCCE,native,MCCE_native,0,out_of_bounds:nevents,0.0,0.029424190521240234,0.3522012578616352,1,"{""nevents"": 514.0, ""ndays_act"": 37.0, ""nchapters"": 12.0}"
HarvardX,4,aligned,0,3638,MCCE,bounded,MCCE_bounded,1,OK,0.0,0.029424190521240234,0.4143081761006289,2,"{""nevents"": 616.0, ""ndays_act"": 40.0, ""nchapters"": 12.0}"
HarvardX,4,aligned,0,3638,MCCE,bounded+edit,MCCE_bounded+edit,1,OK,0.0,0.029424190521240234,0.4143081761006289,2,"{""nevents"": 616.0, ""ndays_act"": 40.0, ""nchapters"": 12.0}"
HarvardX,4,aligned,0,3642,NICE,native,NICE_native,0,out_of_bounds:nevents,0.0,0.003650188446044922,0.3088803088803089,1,"{""nevents"": 51.0, ""ndays_act"": 11.0, ""nchapters"": 12.0}"
HarvardX,4,aligned,0,3642,NICE,bounded,NICE_bounded,0,classifier_target_not_met,0.0,0.003650188446044922,0.0,0,"{""nevents"": 211.0, ""ndays_act"": 11.0, ""nchapters"": 12.0}"
HarvardX,4,aligned,0,3642,NICE,bounded+edit,NICE_bounded+edit,0,classifier_target_not_met,0.0,0.003650188446044922,0.0,0,"{""nevents"": 211.0, ""ndays_act"": 11.0, ""nchapters"": 12.0}"
HarvardX,4,aligned,0,3642,MCCE,native,MCCE_native,0,out_of_bounds:nevents,0.0,0.026470184326171875,0.3088803088803089,1,"{""nevents"": 51.0, ""ndays_act"": 11.0, ""nchapters"": 12.0}"
HarvardX,4,aligned,0,3642,MCCE,bounded,MCCE_bounded,1,OK,0.0,0.026470184326171875,0.34,1,"{""nevents"": 211.0, ""ndays_act"": 28.0, ""nchapters"": 12.0}"
HarvardX,4,aligned,0,3642,MCCE,bounded+edit,MCCE_bounded+edit,1,OK,0.0,0.026470184326171875,0.34,1,"{""nevents"": 211.0, ""ndays_act"": 28.0, ""nchapters"": 12.0}"
HarvardX,4,aligned,0,3656,NICE,native,NICE_native,1,OK,0.0,0.006140470504760742,0.5595744680851064,3,"{""nevents"": 66.0, ""ndays_act"": 21.0, ""nchapters"": 7.0}"
HarvardX,4,aligned,0,3656,NICE,bounded,NICE_bounded,1,OK,0.0,0.006140470504760742,0.5595744680851064,3,"{""nevents"": 66.0, ""ndays_act"": 21.0, ""nchapters"": 7.0}"
HarvardX,4,aligned,0,3656,NICE,bounded+edit,NICE_bounded+edit,1,OK,0.0,0.006140470504760742,0.5595744680851064,3,"{""nevents"": 66.0, ""ndays_act"": 21.0, ""nchapters"": 7.0}"
HarvardX,4,aligned,0,3656,MCCE,native,MCCE_native,1,OK,0.0,0.04163050651550293,0.9290780141843971,3,"{""nevents"": 68.0, ""ndays_act"": 23.0, ""nchapters"": 9.0}"
HarvardX,4,aligned,0,3656,MCCE,bounded,MCCE_bounded,1,OK,0.0,0.04163050651550293,0.9290780141843971,3,"{""nevents"": 68.0, ""ndays_act"": 23.0, ""nchapters"": 9.0}"
HarvardX,4,aligned,0,3656,MCCE,bounded+edit,MCCE_bounded+edit,1,OK,0.0,0.04163050651550293,0.9290780141843971,3,"{""nevents"": 68.0, ""ndays_act"": 23.0, ""nchapters"": 9.0}"
HarvardX,4,aligned,0,3691,NICE,native,NICE_native,1,OK,0.0,0.005343914031982422,0.13053494349871478,2,"{""nevents"": 25.0, ""ndays_act"": 10.0, ""nchapters"": 9.0}"
HarvardX,4,aligned,0,3691,NICE,bounded,NICE_bounded,1,OK,0.0,0.005343914031982422,0.13053494349871478,2,"{""nevents"": 25.0, ""ndays_act"": 10.0, ""nchapters"": 9.0}"
HarvardX,4,aligned,0,3691,NICE,bounded+edit,NICE_bounded+edit,1,OK,0.0,0.005343914031982422,0.13053494349871478,2,"{""nevents"": 25.0, ""ndays_act"": 10.0, ""nchapters"": 9.0}"
HarvardX,4,aligned,0,3691,MCCE,native,MCCE_native,1,OK,0.0,0.04350614547729492,0.4151510742519036,2,"{""nevents"": 68.0, ""ndays_act"": 23.0, ""nchapters"": 9.0}"
HarvardX,4,aligned,0,3691,MCCE,bounded,MCCE_bounded,1,OK,0.0,0.04350614547729492,0.4151510742519036,2,"{""nevents"": 68.0, ""ndays_act"": 23.0, ""nchapters"": 9.0}"
HarvardX,4,aligned,0,3691,MCCE,bounded+edit,MCCE_bounded+edit,1,OK,0.0,0.04350614547729492,0.4151510742519036,2,"{""nevents"": 68.0, ""ndays_act"": 23.0, ""nchapters"": 9.0}"
HarvardX,4,aligned,0,3731,NICE,native,NICE_native,0,out_of_bounds:nevents,0.0,0.003819704055786133,0.4675324675324675,1,"{""nevents"": 51.0, ""ndays_act"": 11.0, ""nchapters"": 12.0}"
HarvardX,4,aligned,0,3731,NICE,bounded,NICE_bounded,0,classifier_target_not_met,0.0,0.003819704055786133,0.0,0,"{""nevents"": 267.0, ""ndays_act"": 11.0, ""nchapters"": 12.0}"
HarvardX,4,aligned,0,3731,NICE,bounded+edit,NICE_bounded+edit,0,classifier_target_not_met,0.0,0.003819704055786133,0.0,0,"{""nevents"": 267.0, ""ndays_act"": 11.0, ""nchapters"": 12.0}"
HarvardX,4,aligned,0,3731,MCCE,native,MCCE_native,0,out_of_bounds:nevents,0.0,0.02749156951904297,0.4675324675324675,1,"{""nevents"": 51.0, ""ndays_act"": 11.0, ""nchapters"": 12.0}"
HarvardX,4,aligned,0,3731,MCCE,bounded,MCCE_bounded,1,OK,0.0,0.02749156951904297,0.54,1,"{""nevents"": 267.0, ""ndays_act"": 38.0, ""nchapters"": 12.0}"
HarvardX,4,aligned,0,3731,MCCE,bounded+edit,MCCE_bounded+edit,1,OK,0.0,0.02749156951904297,0.54,1,"{""nevents"": 267.0, ""ndays_act"": 38.0, ""nchapters"": 12.0}"
HarvardX,4,aligned,0,3756,NICE,native,NICE_native,0,out_of_bounds:nevents,0.0,0.0063517093658447266,0.18199088145896658,2,"{""nevents"": 10.0, ""ndays_act"": 10.0, ""nchapters"": 10.0}"
HarvardX,4,aligned,0,3756,NICE,bounded,NICE_bounded,0,classifier_target_not_met,0.0,0.0063517093658447266,0.08928571428571429,1,"{""nevents"": 71.0, ""ndays_act"": 10.0, ""nchapters"": 10.0}"
HarvardX,4,aligned,0,3756,NICE,bounded+edit,NICE_bounded+edit,0,classifier_target_not_met,0.0,0.0063517093658447266,0.08928571428571429,1,"{""nevents"": 71.0, ""ndays_act"": 10.0, ""nchapters"": 10.0}"
HarvardX,4,aligned,0,3756,MCCE,native,MCCE_native,0,out_of_bounds:nevents,0.0,0.07281947135925293,0.21390577507598785,2,"{""nevents"": 36.0, ""ndays_act"": 14.0, ""nchapters"": 10.0}"
HarvardX,4,aligned,0,3756,MCCE,bounded,MCCE_bounded,1,OK,0.0,0.07281947135925293,0.5349544072948328,2,"{""nevents"": 94.0, ""ndays_act"": 33.0, ""nchapters"": 10.0}"
HarvardX,4,aligned,0,3756,MCCE,bounded+edit,MCCE_bounded+edit,1,OK,0.0,0.07281947135925293,0.5349544072948328,2,"{""nevents"": 94.0, ""ndays_act"": 33.0, ""nchapters"": 10.0}"
HarvardX,4,aligned,0,3786,NICE,native,NICE_native,0,out_of_bounds:nevents,0.0,0.007962942123413086,0.26587301587301587,2,"{""nevents"": 25.0, ""ndays_act"": 11.0, ""nchapters"": 9.0}"
HarvardX,4,aligned,0,3786,NICE,bounded,NICE_bounded,0,classifier_target_not_met,0.0,0.007962942123413086,0.25,1,"{""nevents"": 36.0, ""ndays_act"": 11.0, ""nchapters"": 9.0}"
HarvardX,4,aligned,0,3786,NICE,bounded+edit,NICE_bounded+edit,0,classifier_target_not_met,0.0,0.007962942123413086,0.25,1,"{""nevents"": 36.0, ""ndays_act"": 11.0, ""nchapters"": 9.0}"
HarvardX,4,aligned,0,3786,MCCE,native,MCCE_native,1,OK,0.0,0.05035209655761719,0.56,2,"{""nevents"": 36.0, ""ndays_act"": 14.0, ""nchapters"": 10.0}"
HarvardX,4,aligned,0,3786,MCCE,bounded,MCCE_bounded,1,OK,0.0,0.05035209655761719,0.56,2,"{""nevents"": 36.0, ""ndays_act"": 14.0, ""nchapters"": 10.0}"
HarvardX,4,aligned,0,3786,MCCE,bounded+edit,MCCE_bounded+edit,1,OK,0.0,0.05035209655761719,0.56,2,"{""nevents"": 36.0, ""ndays_act"": 14.0, ""nchapters"": 10.0}"
HarvardX,4,aligned,0,3809,NICE,native,NICE_native,0,out_of_bounds:nevents,0.0,0.004146099090576172,0.02923076923076923,1,"{""nevents"": 60.0, ""ndays_act"": 15.0, ""nchapters"": 11.0}"
HarvardX,4,aligned,0,3809,NICE,bounded,NICE_bounded,0,classifier_target_not_met,0.0,0.004146099090576172,0.0,0,"{""nevents"": 79.0, ""ndays_act"": 15.0, ""nchapters"": 11.0}"
HarvardX,4,aligned,0,3809,NICE,bounded+edit,NICE_bounded+edit,0,classifier_target_not_met,0.0,0.004146099090576172,0.0,0,"{""nevents"": 79.0, ""ndays_act"": 15.0, ""nchapters"": 11.0}"
HarvardX,4,aligned,0,3809,MCCE,native,MCCE_native,1,OK,0.0,0.046601057052612305,0.2731772575250836,2,"{""nevents"": 87.0, ""ndays_act"": 27.0, ""nchapters"": 11.0}"
HarvardX,4,aligned,0,3809,MCCE,bounded,MCCE_bounded,1,OK,0.0,0.046601057052612305,0.2731772575250836,2,"{""nevents"": 87.0, ""ndays_act"": 27.0, ""nchapters"": 11.0}"
HarvardX,4,aligned,0,3809,MCCE,bounded+edit,MCCE_bounded+edit,1,OK,0.0,0.046601057052612305,0.2731772575250836,2,"{""nevents"": 87.0, ""ndays_act"": 27.0, ""nchapters"": 11.0}"
HarvardX,4,aligned,0,3816,NICE,native,NICE_native,0,out_of_bounds:nevents,0.0,0.004040718078613281,0.050078247261345854,1,"{""nevents"": 58.0, ""ndays_act"": 17.0, ""nchapters"": 12.0}"
HarvardX,4,aligned,0,3816,NICE,bounded,NICE_bounded,0,classifier_target_not_met,0.0,0.004040718078613281,0.0,0,"{""nevents"": 90.0, ""ndays_act"": 17.0, ""nchapters"": 12.0}"
HarvardX,4,aligned,0,3816,NICE,bounded+edit,NICE_bounded+edit,0,classifier_target_not_met,0.0,0.004040718078613281,0.0,0,"{""nevents"": 90.0, ""ndays_act"": 17.0, ""nchapters"": 12.0}"
HarvardX,4,aligned,0,3816,MCCE,native,MCCE_native,0,out_of_bounds:nevents;out_of_bounds:ndays_act,0.0,0.030507564544677734,0.07124057476170152,2,"{""nevents"": 59.0, ""ndays_act"": 16.0, ""nchapters"": 12.0}"
HarvardX,4,aligned,0,3816,MCCE,bounded,MCCE_bounded,1,OK,0.0,0.030507564544677734,0.05640916204296486,2,"{""nevents"": 97.0, ""ndays_act"": 19.0, ""nchapters"": 12.0}"
HarvardX,4,aligned,0,3816,MCCE,bounded+edit,MCCE_bounded+edit,1,OK,0.0,0.030507564544677734,0.05640916204296486,2,"{""nevents"": 97.0, ""ndays_act"": 19.0, ""nchapters"": 12.0}"
HarvardX,4,aligned,0,3827,NICE,native,NICE_native,1,OK,0.0,0.005455732345581055,0.4238683127572016,2,"{""nevents"": 66.0, ""ndays_act"": 21.0, ""nchapters"": 7.0}"
HarvardX,4,aligned,0,3827,NICE,bounded,NICE_bounded,1,OK,0.0,0.005455732345581055,0.4238683127572016,2,"{""nevents"": 66.0, ""ndays_act"": 21.0, ""nchapters"": 7.0}"
HarvardX,4,aligned,0,3827,NICE,bounded+edit,NICE_bounded+edit,1,OK,0.0,0.005455732345581055,0.4238683127572016,2,"{""nevents"": 66.0, ""ndays_act"": 21.0, ""nchapters"": 7.0}"
HarvardX,4,aligned,0,3827,MCCE,native,MCCE_native,1,OK,0.0,0.041243791580200195,0.8599451303155007,3,"{""nevents"": 68.0, ""ndays_act"": 23.0, ""nchapters"": 9.0}"
HarvardX,4,aligned,0,3827,MCCE,bounded,MCCE_bounded,1,OK,0.0,0.041243791580200195,0.8599451303155007,3,"{""nevents"": 68.0, ""ndays_act"": 23.0, ""nchapters"": 9.0}"
HarvardX,4,aligned,0,3827,MCCE,bounded+edit,MCCE_bounded+edit,1,OK,0.0,0.041243791580200195,0.8599451303155007,3,"{""nevents"": 68.0, ""ndays_act"": 23.0, ""nchapters"": 9.0}"
HarvardX,4,aligned,0,3833,NICE,native,NICE_native,1,OK,0.0,0.008336305618286133,0.6014639411725021,3,"{""nevents"": 66.0, ""ndays_act"": 21.0, ""nchapters"": 7.0}"
HarvardX,4,aligned,0,3833,NICE,bounded,NICE_bounded,1,OK,0.0,0.008336305618286133,0.6014639411725021,3,"{""nevents"": 66.0, ""ndays_act"": 21.0, ""nchapters"": 7.0}"
HarvardX,4,aligned,0,3833,NICE,bounded+edit,NICE_bounded+edit,1,OK,0.0,0.008336305618286133,0.6014639411725021,3,"{""nevents"": 66.0, ""ndays_act"": 21.0, ""nchapters"": 7.0}"
HarvardX,4,aligned,0,3833,MCCE,native,MCCE_native,1,OK,0.0,0.04494214057922363,0.9703276439767028,3,"{""nevents"": 68.0, ""ndays_act"": 23.0, ""nchapters"": 9.0}"
HarvardX,4,aligned,0,3833,MCCE,bounded,MCCE_bounded,1,OK,0.0,0.04494214057922363,0.9703276439767028,3,"{""nevents"": 68.0, ""ndays_act"": 23.0, ""nchapters"": 9.0}"
HarvardX,4,aligned,0,3833,MCCE,bounded+edit,MCCE_bounded+edit,1,OK,0.0,0.04494214057922363,0.9703276439767028,3,"{""nevents"": 68.0, ""ndays_act"": 23.0, ""nchapters"": 9.0}"
HarvardX,4,aligned,0,3862,NICE,native,NICE_native,0,out_of_bounds:nevents,0.0,0.004937887191772461,0.120728738141214,2,"{""nevents"": 121.0, ""ndays_act"": 19.0, ""nchapters"": 12.0}"
HarvardX,4,aligned,0,3862,NICE,bounded,NICE_bounded,0,classifier_target_not_met,0.0,0.004937887191772461,0.023255813953488372,1,"{""nevents"": 175.0, ""ndays_act"": 19.0, ""nchapters"": 12.0}"
HarvardX,4,aligned,0,3862,NICE,bounded+edit,NICE_bounded+edit,0,classifier_target_not_met,0.0,0.004937887191772461,0.023255813953488372,1,"{""nevents"": 175.0, ""ndays_act"": 19.0, ""nchapters"": 12.0}"
HarvardX,4,aligned,0,3862,MCCE,native,MCCE_native,0,out_of_bounds:nevents,0.0,0.026257753372192383,0.12051884812358324,2,"{""nevents"": 134.0, ""ndays_act"": 20.0, ""nchapters"": 12.0}"
HarvardX,4,aligned,0,3862,MCCE,bounded,MCCE_bounded,1,OK,0.0,0.026257753372192383,0.14133993787255478,2,"{""nevents"": 176.0, ""ndays_act"": 24.0, ""nchapters"": 12.0}"
HarvardX,4,aligned,0,3862,MCCE,bounded+edit,MCCE_bounded+edit,1,OK,0.0,0.026257753372192383,0.14133993787255478,2,"{""nevents"": 176.0, ""ndays_act"": 24.0, ""nchapters"": 12.0}"
HarvardX,4,aligned,0,3873,NICE,native,NICE_native,1,OK,0.0,0.00461125373840332,0.4347972745058355,2,"{""nevents"": 66.0, ""ndays_act"": 21.0, ""nchapters"": 7.0}"
HarvardX,4,aligned,0,3873,NICE,bounded,NICE_bounded,1,OK,0.0,0.00461125373840332,0.4347972745058355,2,"{""nevents"": 66.0, ""ndays_act"": 21.0, ""nchapters"": 7.0}"
HarvardX,4,aligned,0,3873,NICE,bounded+edit,NICE_bounded+edit,1,OK,0.0,0.00461125373840332,0.4347972745058355,2,"{""nevents"": 66.0, ""ndays_act"": 21.0, ""nchapters"": 7.0}"
HarvardX,4,aligned,0,3873,MCCE,native,MCCE_native,1,OK,0.0,0.04064822196960449,0.8703276439767029,3,"{""nevents"": 68.0, ""ndays_act"": 23.0, ""nchapters"": 9.0}"
HarvardX,4,aligned,0,3873,MCCE,bounded,MCCE_bounded,1,OK,0.0,0.04064822196960449,0.8703276439767029,3,"{""nevents"": 68.0, ""ndays_act"": 23.0, ""nchapters"": 9.0}"
HarvardX,4,aligned,0,3873,MCCE,bounded+edit,MCCE_bounded+edit,1,OK,0.0,0.04064822196960449,0.8703276439767029,3,"{""nevents"": 68.0, ""ndays_act"": 23.0, ""nchapters"": 9.0}"
HarvardX,4,aligned,0,3888,NICE,native,NICE_native,0,out_of_bounds:nevents,0.0,0.004300594329833984,0.10133843212237094,1,"{""nevents"": 153.0, ""ndays_act"": 22.0, ""nchapters"": 12.0}"
HarvardX,4,aligned,0,3888,NICE,bounded,NICE_bounded,0,classifier_target_not_met,0.0,0.004300594329833984,0.0,0,"{""nevents"": 206.0, ""ndays_act"": 22.0, ""nchapters"": 12.0}"
HarvardX,4,aligned,0,3888,NICE,bounded+edit,NICE_bounded+edit,0,classifier_target_not_met,0.0,0.004300594329833984,0.0,0,"{""nevents"": 206.0, ""ndays_act"": 22.0, ""nchapters"": 12.0}"
HarvardX,4,aligned,0,3888,MCCE,native,MCCE_native,0,out_of_bounds:nevents,0.0,0.026315927505493164,0.10133843212237094,1,"{""nevents"": 153.0, ""ndays_act"": 22.0, ""nchapters"": 12.0}"
HarvardX,4,aligned,0,3888,MCCE,bounded,MCCE_bounded,1,OK,0.0,0.026315927505493164,0.41025641025641024,1,"{""nevents"": 206.0, ""ndays_act"": 38.0, ""nchapters"": 12.0}"
HarvardX,4,aligned,0,3888,MCCE,bounded+edit,MCCE_bounded+edit,1,OK,0.0,0.026315927505493164,0.41025641025641024,1,"{""nevents"": 206.0, ""ndays_act"": 38.0, ""nchapters"": 12.0}"
HarvardX,4,aligned,0,3892,NICE,native,NICE_native,1,OK,0.0,0.005415439605712891,0.19822797904157952,2,"{""nevents"": 25.0, ""ndays_act"": 10.0, ""nchapters"": 9.0}"
HarvardX,4,aligned,0,3892,NICE,bounded,NICE_bounded,1,OK,0.0,0.005415439605712891,0.19822797904157952,2,"{""nevents"": 25.0, ""ndays_act"": 10.0, ""nchapters"": 9.0}"
HarvardX,4,aligned,0,3892,NICE,bounded+edit,NICE_bounded+edit,1,OK,0.0,0.005415439605712891,0.19822797904157952,2,"{""nevents"": 25.0, ""ndays_act"": 10.0, ""nchapters"": 9.0}"
HarvardX,4,aligned,0,3892,MCCE,native,MCCE_native,1,OK,0.0,0.04018568992614746,0.47032764397670285,2,"{""nevents"": 68.0, ""ndays_act"": 23.0, ""nchapters"": 9.0}"
HarvardX,4,aligned,0,3892,MCCE,bounded,MCCE_bounded,1,OK,0.0,0.04018568992614746,0.47032764397670285,2,"{""nevents"": 68.0, ""ndays_act"": 23.0, ""nchapters"": 9.0}"
HarvardX,4,aligned,0,3892,MCCE,bounded+edit,MCCE_bounded+edit,1,OK,0.0,0.04018568992614746,0.47032764397670285,2,"{""nevents"": 68.0, ""ndays_act"": 23.0, ""nchapters"": 9.0}"
HarvardX,4,aligned,0,3917,NICE,native,NICE_native,1,OK,0.0,0.0044023990631103516,0.13559322033898305,1,"{""nevents"": 19.0, ""ndays_act"": 10.0, ""nchapters"": 12.0}"
HarvardX,4,aligned,0,3917,NICE,bounded,NICE_bounded,1,OK,0.0,0.0044023990631103516,0.13559322033898305,1,"{""nevents"": 19.0, ""ndays_act"": 10.0, ""nchapters"": 12.0}"
HarvardX,4,aligned,0,3917,NICE,bounded+edit,NICE_bounded+edit,1,OK,0.0,0.0044023990631103516,0.13559322033898305,1,"{""nevents"": 19.0, ""ndays_act"": 10.0, ""nchapters"": 12.0}"
HarvardX,4,aligned,0,3917,MCCE,native,MCCE_native,1,OK,0.0,0.026622533798217773,0.15108617808546193,2,"{""nevents"": 30.0, ""ndays_act"": 10.0, ""nchapters"": 12.0}"
HarvardX,4,aligned,0,3917,MCCE,bounded,MCCE_bounded,1,OK,0.0,0.026622533798217773,0.15108617808546193,2,"{""nevents"": 30.0, ""ndays_act"": 10.0, ""nchapters"": 12.0}"
HarvardX,4,aligned,0,3917,MCCE,bounded+edit,MCCE_bounded+edit,1,OK,0.0,0.026622533798217773,0.15108617808546193,2,"{""nevents"": 30.0, ""ndays_act"": 10.0, ""nchapters"": 12.0}"
HarvardX,4,aligned,0,3953,NICE,native,NICE_native,1,OK,0.0,0.00341796875,0.023255813953488372,1,"{""nevents"": 127.0, ""ndays_act"": 19.0, ""nchapters"": 12.0}"
HarvardX,4,aligned,0,3953,NICE,bounded,NICE_bounded,1,OK,0.0,0.00341796875,0.023255813953488372,1,"{""nevents"": 127.0, ""ndays_act"": 19.0, ""nchapters"": 12.0}"
HarvardX,4,aligned,0,3953,NICE,bounded+edit,NICE_bounded+edit,1,OK,0.0,0.00341796875,0.023255813953488372,1,"{""nevents"": 127.0, ""ndays_act"": 19.0, ""nchapters"": 12.0}"
HarvardX,4,aligned,0,3953,MCCE,native,MCCE_native,1,OK,0.0,0.0265963077545166,0.06976744186046512,1,"{""nevents"": 127.0, ""ndays_act"": 21.0, ""nchapters"": 12.0}"
HarvardX,4,aligned,0,3953,MCCE,bounded,MCCE_bounded,1,OK,0.0,0.0265963077545166,0.06976744186046512,1,"{""nevents"": 127.0, ""ndays_act"": 21.0, ""nchapters"": 12.0}"
HarvardX,4,aligned,0,3953,MCCE,bounded+edit,MCCE_bounded+edit,1,OK,0.0,0.0265963077545166,0.06976744186046512,1,"{""nevents"": 127.0, ""ndays_act"": 21.0, ""nchapters"": 12.0}"
HarvardX,4,aligned,0,3981,NICE,native,NICE_native,0,out_of_bounds:nevents,0.0,0.0036296844482421875,0.12603648424543948,1,"{""nevents"": 50.0, ""ndays_act"": 12.0, ""nchapters"": 12.0}"
HarvardX,4,aligned,0,3981,NICE,bounded,NICE_bounded,0,classifier_target_not_met,0.0,0.0036296844482421875,0.0,0,"{""nevents"": 126.0, ""ndays_act"": 12.0, ""nchapters"": 12.0}"
HarvardX,4,aligned,0,3981,NICE,bounded+edit,NICE_bounded+edit,0,classifier_target_not_met,0.0,0.0036296844482421875,0.0,0,"{""nevents"": 126.0, ""ndays_act"": 12.0, ""nchapters"": 12.0}"
HarvardX,4,aligned,0,3981,MCCE,native,MCCE_native,0,out_of_bounds:nevents,0.0,0.027293920516967773,0.15920398009950248,1,"{""nevents"": 30.0, ""ndays_act"": 12.0, ""nchapters"": 12.0}"
HarvardX,4,aligned,0,3981,MCCE,bounded,MCCE_bounded,1,OK,0.0,0.027293920516967773,0.17653230446407417,2,"{""nevents"": 134.0, ""ndays_act"": 20.0, ""nchapters"": 12.0}"
HarvardX,4,aligned,0,3981,MCCE,bounded+edit,MCCE_bounded+edit,1,OK,0.0,0.027293920516967773,0.17653230446407417,2,"{""nevents"": 134.0, ""ndays_act"": 20.0, ""nchapters"": 12.0}"
HarvardX,4,aligned,0,4006,NICE,native,NICE_native,0,out_of_bounds:nevents,0.0,0.0034880638122558594,0.22878228782287824,1,"{""nevents"": 63.0, ""ndays_act"": 13.0, ""nchapters"": 12.0}"
HarvardX,4,aligned,0,4006,NICE,bounded,NICE_bounded,0,classifier_target_not_met,0.0,0.0034880638122558594,0.0,0,"{""nevents"": 187.0, ""ndays_act"": 13.0, ""nchapters"": 12.0}"
HarvardX,4,aligned,0,4006,NICE,bounded+edit,NICE_bounded+edit,0,classifier_target_not_met,0.0,0.0034880638122558594,0.0,0,"{""nevents"": 187.0, ""ndays_act"": 13.0, ""nchapters"": 12.0}"
HarvardX,4,aligned,0,4006,MCCE,native,MCCE_native,0,out_of_bounds:nevents,0.0,0.026398181915283203,0.28413284132841327,1,"{""nevents"": 33.0, ""ndays_act"": 13.0, ""nchapters"": 12.0}"
HarvardX,4,aligned,0,4006,MCCE,bounded,MCCE_bounded,1,OK,0.0,0.026398181915283203,0.30665744157441577,2,"{""nevents"": 229.0, ""ndays_act"": 24.0, ""nchapters"": 12.0}"
HarvardX,4,aligned,0,4006,MCCE,bounded+edit,MCCE_bounded+edit,1,OK,0.0,0.026398181915283203,0.30665744157441577,2,"{""nevents"": 229.0, ""ndays_act"": 24.0, ""nchapters"": 12.0}"
HarvardX,4,aligned,0,4019,NICE,native,NICE_native,1,OK,0.0,0.003833770751953125,0.13559322033898305,1,"{""nevents"": 9.0, ""ndays_act"": 10.0, ""nchapters"": 12.0}"
HarvardX,4,aligned,0,4019,NICE,bounded,NICE_bounded,1,OK,0.0,0.003833770751953125,0.13559322033898305,1,"{""nevents"": 9.0, ""ndays_act"": 10.0, ""nchapters"": 12.0}"
HarvardX,4,aligned,0,4019,NICE,bounded+edit,NICE_bounded+edit,1,OK,0.0,0.003833770751953125,0.13559322033898305,1,"{""nevents"": 9.0, ""ndays_act"": 10.0, ""nchapters"": 12.0}"
HarvardX,4,aligned,0,4019,MCCE,native,MCCE_native,1,OK,0.0,0.030956745147705078,0.16475988700564972,2,"{""nevents"": 30.0, ""ndays_act"": 10.0, ""nchapters"": 12.0}"
HarvardX,4,aligned,0,4019,MCCE,bounded,MCCE_bounded,1,OK,0.0,0.030956745147705078,0.16475988700564972,2,"{""nevents"": 30.0, ""ndays_act"": 10.0, ""nchapters"": 12.0}"
HarvardX,4,aligned,0,4019,MCCE,bounded+edit,MCCE_bounded+edit,1,OK,0.0,0.030956745147705078,0.16475988700564972,2,"{""nevents"": 30.0, ""ndays_act"": 10.0, ""nchapters"": 12.0}"
HarvardX,4,aligned,0,4105,NICE,native,NICE_native,1,OK,0.0,0.003800630569458008,0.10526315789473684,1,"{""nevents"": 21.0, ""ndays_act"": 10.0, ""nchapters"": 12.0}"
HarvardX,4,aligned,0,4105,NICE,bounded,NICE_bounded,1,OK,0.0,0.003800630569458008,0.10526315789473684,1,"{""nevents"": 21.0, ""ndays_act"": 10.0, ""nchapters"": 12.0}"
HarvardX,4,aligned,0,4105,NICE,bounded+edit,NICE_bounded+edit,1,OK,0.0,0.003800630569458008,0.10526315789473684,1,"{""nevents"": 21.0, ""ndays_act"": 10.0, ""nchapters"": 12.0}"
HarvardX,4,aligned,0,4105,MCCE,native,MCCE_native,1,OK,0.0,0.02834939956665039,0.11797502230151649,2,"{""nevents"": 30.0, ""ndays_act"": 10.0, ""nchapters"": 12.0}"
HarvardX,4,aligned,0,4105,MCCE,bounded,MCCE_bounded,1,OK,0.0,0.02834939956665039,0.11797502230151649,2,"{""nevents"": 30.0, ""ndays_act"": 10.0, ""nchapters"": 12.0}"
HarvardX,4,aligned,0,4105,MCCE,bounded+edit,MCCE_bounded+edit,1,OK,0.0,0.02834939956665039,0.11797502230151649,2,"{""nevents"": 30.0, ""ndays_act"": 10.0, ""nchapters"": 12.0}"
HarvardX,4,aligned,0,4108,NICE,native,NICE_native,1,OK,0.0,0.005054950714111328,0.38426869321314694,2,"{""nevents"": 66.0, ""ndays_act"": 21.0, ""nchapters"": 7.0}"
HarvardX,4,aligned,0,4108,NICE,bounded,NICE_bounded,1,OK,0.0,0.005054950714111328,0.38426869321314694,2,"{""nevents"": 66.0, ""ndays_act"": 21.0, ""nchapters"": 7.0}"
HarvardX,4,aligned,0,4108,NICE,bounded+edit,NICE_bounded+edit,1,OK,0.0,0.005054950714111328,0.38426869321314694,2,"{""nevents"": 66.0, ""ndays_act"": 21.0, ""nchapters"": 7.0}"
HarvardX,4,aligned,0,4108,MCCE,native,MCCE_native,1,OK,0.0,0.046885013580322266,0.8209958526118956,3,"{""nevents"": 68.0, ""ndays_act"": 23.0, ""nchapters"": 9.0}"
HarvardX,4,aligned,0,4108,MCCE,bounded,MCCE_bounded,1,OK,0.0,0.046885013580322266,0.8209958526118956,3,"{""nevents"": 68.0, ""ndays_act"": 23.0, ""nchapters"": 9.0}"
HarvardX,4,aligned,0,4108,MCCE,bounded+edit,MCCE_bounded+edit,1,OK,0.0,0.046885013580322266,0.8209958526118956,3,"{""nevents"": 68.0, ""ndays_act"": 23.0, ""nchapters"": 9.0}"
HarvardX,4,aligned,0,4113,NICE,native,NICE_native,1,OK,0.0,0.00470733642578125,0.18039533157930243,2,"{""nevents"": 12.0, ""ndays_act"": 10.0, ""nchapters"": 12.0}"
HarvardX,4,aligned,0,4113,NICE,bounded,NICE_bounded,1,OK,0.0,0.00470733642578125,0.18039533157930243,2,"{""nevents"": 12.0, ""ndays_act"": 10.0, ""nchapters"": 12.0}"
HarvardX,4,aligned,0,4113,NICE,bounded+edit,NICE_bounded+edit,1,OK,0.0,0.00470733642578125,0.18039533157930243,2,"{""nevents"": 12.0, ""ndays_act"": 10.0, ""nchapters"": 12.0}"
HarvardX,4,aligned,0,4113,MCCE,native,MCCE_native,1,OK,0.0,0.02701592445373535,0.2050866896039938,2,"{""nevents"": 30.0, ""ndays_act"": 10.0, ""nchapters"": 12.0}"
HarvardX,4,aligned,0,4113,MCCE,bounded,MCCE_bounded,1,OK,0.0,0.02701592445373535,0.2050866896039938,2,"{""nevents"": 30.0, ""ndays_act"": 10.0, ""nchapters"": 12.0}"
HarvardX,4,aligned,0,4113,MCCE,bounded+edit,MCCE_bounded+edit,1,OK,0.0,0.02701592445373535,0.2050866896039938,2,"{""nevents"": 30.0, ""ndays_act"": 10.0, ""nchapters"": 12.0}"
HarvardX,4,aligned,0,4166,NICE,native,NICE_native,1,OK,0.0,0.005765199661254883,0.5740223463687151,3,"{""nevents"": 66.0, ""ndays_act"": 21.0, ""nchapters"": 7.0}"
HarvardX,4,aligned,0,4166,NICE,bounded,NICE_bounded,1,OK,0.0,0.005765199661254883,0.5740223463687151,3,"{""nevents"": 66.0, ""ndays_act"": 21.0, ""nchapters"": 7.0}"
HarvardX,4,aligned,0,4166,NICE,bounded+edit,NICE_bounded+edit,1,OK,0.0,0.005765199661254883,0.5740223463687151,3,"{""nevents"": 66.0, ""ndays_act"": 21.0, ""nchapters"": 7.0}"
HarvardX,4,aligned,0,4166,MCCE,native,MCCE_native,1,OK,0.0,0.04079413414001465,0.9434823091247673,3,"{""nevents"": 68.0, ""ndays_act"": 23.0, ""nchapters"": 9.0}"
HarvardX,4,aligned,0,4166,MCCE,bounded,MCCE_bounded,1,OK,0.0,0.04079413414001465,0.9434823091247673,3,"{""nevents"": 68.0, ""ndays_act"": 23.0, ""nchapters"": 9.0}"
HarvardX,4,aligned,0,4166,MCCE,bounded+edit,MCCE_bounded+edit,1,OK,0.0,0.04079413414001465,0.9434823091247673,3,"{""nevents"": 68.0, ""ndays_act"": 23.0, ""nchapters"": 9.0}"
HarvardX,4,aligned,0,4184,NICE,native,NICE_native,0,out_of_bounds:nevents,0.0,0.004926919937133789,0.19311678890948658,2,"{""nevents"": 53.0, ""ndays_act"": 13.0, ""nchapters"": 11.0}"
HarvardX,4,aligned,0,4184,NICE,bounded,NICE_bounded,0,classifier_target_not_met,0.0,0.004926919937133789,0.15789473684210525,1,"{""nevents"": 76.0, ""ndays_act"": 13.0, ""nchapters"": 11.0}"
HarvardX,4,aligned,0,4184,NICE,bounded+edit,NICE_bounded+edit,0,classifier_target_not_met,0.0,0.004926919937133789,0.15789473684210525,1,"{""nevents"": 76.0, ""ndays_act"": 13.0, ""nchapters"": 11.0}"
HarvardX,4,aligned,0,4184,MCCE,native,MCCE_native,1,OK,0.0,0.040389060974121094,0.4203541011794417,2,"{""nevents"": 87.0, ""ndays_act"": 27.0, ""nchapters"": 11.0}"
HarvardX,4,aligned,0,4184,MCCE,bounded,MCCE_bounded,1,OK,0.0,0.040389060974121094,0.4203541011794417,2,"{""nevents"": 87.0, ""ndays_act"": 27.0, ""nchapters"": 11.0}"
HarvardX,4,aligned,0,4184,MCCE,bounded+edit,MCCE_bounded+edit,1,OK,0.0,0.040389060974121094,0.4203541011794417,2,"{""nevents"": 87.0, ""ndays_act"": 27.0, ""nchapters"": 11.0}"
HarvardX,4,aligned,0,4186,NICE,native,NICE_native,1,OK,0.0,0.004761457443237305,0.1651098901098901,2,"{""nevents"": 12.0, ""ndays_act"": 10.0, ""nchapters"": 12.0}"
HarvardX,4,aligned,0,4186,NICE,bounded,NICE_bounded,1,OK,0.0,0.004761457443237305,0.1651098901098901,2,"{""nevents"": 12.0, ""ndays_act"": 10.0, ""nchapters"": 12.0}"
HarvardX,4,aligned,0,4186,NICE,bounded+edit,NICE_bounded+edit,1,OK,0.0,0.004761457443237305,0.1651098901098901,2,"{""nevents"": 12.0, ""ndays_act"": 10.0, ""nchapters"": 12.0}"
HarvardX,4,aligned,0,4186,MCCE,native,MCCE_native,1,OK,0.0,0.025536060333251953,0.18983516483516483,2,"{""nevents"": 30.0, ""ndays_act"": 10.0, ""nchapters"": 12.0}"
HarvardX,4,aligned,0,4186,MCCE,bounded,MCCE_bounded,1,OK,0.0,0.025536060333251953,0.18983516483516483,2,"{""nevents"": 30.0, ""ndays_act"": 10.0, ""nchapters"": 12.0}"
HarvardX,4,aligned,0,4186,MCCE,bounded+edit,MCCE_bounded+edit,1,OK,0.0,0.025536060333251953,0.18983516483516483,2,"{""nevents"": 30.0, ""ndays_act"": 10.0, ""nchapters"": 12.0}"
HarvardX,4,aligned,0,4190,NICE,native,NICE_native,1,OK,0.0,0.004729270935058594,0.16103448275862067,2,"{""nevents"": 12.0, ""ndays_act"": 10.0, ""nchapters"": 12.0}"
HarvardX,4,aligned,0,4190,NICE,bounded,NICE_bounded,1,OK,0.0,0.004729270935058594,0.16103448275862067,2,"{""nevents"": 12.0, ""ndays_act"": 10.0, ""nchapters"": 12.0}"
HarvardX,4,aligned,0,4190,NICE,bounded+edit,NICE_bounded+edit,1,OK,0.0,0.004729270935058594,0.16103448275862067,2,"{""nevents"": 12.0, ""ndays_act"": 10.0, ""nchapters"": 12.0}"
HarvardX,4,aligned,0,4190,MCCE,native,MCCE_native,1,OK,0.0,0.027596235275268555,0.18586206896551724,2,"{""nevents"": 30.0, ""ndays_act"": 10.0, ""nchapters"": 12.0}"
HarvardX,4,aligned,0,4190,MCCE,bounded,MCCE_bounded,1,OK,0.0,0.027596235275268555,0.18586206896551724,2,"{""nevents"": 30.0, ""ndays_act"": 10.0, ""nchapters"": 12.0}"
HarvardX,4,aligned,0,4190,MCCE,bounded+edit,MCCE_bounded+edit,1,OK,0.0,0.027596235275268555,0.18586206896551724,2,"{""nevents"": 30.0, ""ndays_act"": 10.0, ""nchapters"": 12.0}"
HarvardX,4,aligned,0,4205,NICE,native,NICE_native,1,OK,0.0,0.0046656131744384766,0.19822797904157952,2,"{""nevents"": 25.0, ""ndays_act"": 10.0, ""nchapters"": 9.0}"
HarvardX,4,aligned,0,4205,NICE,bounded,NICE_bounded,1,OK,0.0,0.0046656131744384766,0.19822797904157952,2,"{""nevents"": 25.0, ""ndays_act"": 10.0, ""nchapters"": 9.0}"
HarvardX,4,aligned,0,4205,NICE,bounded+edit,NICE_bounded+edit,1,OK,0.0,0.0046656131744384766,0.19822797904157952,2,"{""nevents"": 25.0, ""ndays_act"": 10.0, ""nchapters"": 9.0}"
HarvardX,4,aligned,0,4205,MCCE,native,MCCE_native,1,OK,0.0,0.040513038635253906,0.47032764397670285,2,"{""nevents"": 68.0, ""ndays_act"": 23.0, ""nchapters"": 9.0}"
HarvardX,4,aligned,0,4205,MCCE,bounded,MCCE_bounded,1,OK,0.0,0.040513038635253906,0.47032764397670285,2,"{""nevents"": 68.0, ""ndays_act"": 23.0, ""nchapters"": 9.0}"
HarvardX,4,aligned,0,4205,MCCE,bounded+edit,MCCE_bounded+edit,1,OK,0.0,0.040513038635253906,0.47032764397670285,2,"{""nevents"": 68.0, ""ndays_act"": 23.0, ""nchapters"": 9.0}"
HarvardX,4,aligned,0,4215,NICE,native,NICE_native,1,OK,0.0,0.004598379135131836,0.1651098901098901,2,"{""nevents"": 12.0, ""ndays_act"": 10.0, ""nchapters"": 12.0}"
HarvardX,4,aligned,0,4215,NICE,bounded,NICE_bounded,1,OK,0.0,0.004598379135131836,0.1651098901098901,2,"{""nevents"": 12.0, ""ndays_act"": 10.0, ""nchapters"": 12.0}"
HarvardX,4,aligned,0,4215,NICE,bounded+edit,NICE_bounded+edit,1,OK,0.0,0.004598379135131836,0.1651098901098901,2,"{""nevents"": 12.0, ""ndays_act"": 10.0, ""nchapters"": 12.0}"
HarvardX,4,aligned,0,4215,MCCE,native,MCCE_native,1,OK,0.0,0.025794506072998047,0.18983516483516483,2,"{""nevents"": 30.0, ""ndays_act"": 10.0, ""nchapters"": 12.0}"
HarvardX,4,aligned,0,4215,MCCE,bounded,MCCE_bounded,1,OK,0.0,0.025794506072998047,0.18983516483516483,2,"{""nevents"": 30.0, ""ndays_act"": 10.0, ""nchapters"": 12.0}"
HarvardX,4,aligned,0,4215,MCCE,bounded+edit,MCCE_bounded+edit,1,OK,0.0,0.025794506072998047,0.18983516483516483,2,"{""nevents"": 30.0, ""ndays_act"": 10.0, ""nchapters"": 12.0}"
HarvardX,4,aligned,0,4219,NICE,native,NICE_native,1,OK,0.0,0.005743980407714844,0.6014639411725021,3,"{""nevents"": 66.0, ""ndays_act"": 21.0, ""nchapters"": 7.0}"
HarvardX,4,aligned,0,4219,NICE,bounded,NICE_bounded,1,OK,0.0,0.005743980407714844,0.6014639411725021,3,"{""nevents"": 66.0, ""ndays_act"": 21.0, ""nchapters"": 7.0}"
HarvardX,4,aligned,0,4219,NICE,bounded+edit,NICE_bounded+edit,1,OK,0.0,0.005743980407714844,0.6014639411725021,3,"{""nevents"": 66.0, ""ndays_act"": 21.0, ""nchapters"": 7.0}"
HarvardX,4,aligned,0,4219,MCCE,native,MCCE_native,1,OK,0.0,0.03933835029602051,0.9703276439767028,3,"{""nevents"": 68.0, ""ndays_act"": 23.0, ""nchapters"": 9.0}"
HarvardX,4,aligned,0,4219,MCCE,bounded,MCCE_bounded,1,OK,0.0,0.03933835029602051,0.9703276439767028,3,"{""nevents"": 68.0, ""ndays_act"": 23.0, ""nchapters"": 9.0}"
HarvardX,4,aligned,0,4219,MCCE,bounded+edit,MCCE_bounded+edit,1,OK,0.0,0.03933835029602051,0.9703276439767028,3,"{""nevents"": 68.0, ""ndays_act"": 23.0, ""nchapters"": 9.0}"
HarvardX,4,aligned,0,4231,NICE,native,NICE_native,0,out_of_bounds:nevents,0.0,0.004651784896850586,0.1048440610484406,2,"{""nevents"": 22.0, ""ndays_act"": 10.0, ""nchapters"": 12.0}"
HarvardX,4,aligned,0,4231,NICE,bounded,NICE_bounded,0,classifier_target_not_met,0.0,0.004651784896850586,0.07272727272727272,1,"{""nevents"": 44.0, ""ndays_act"": 10.0, ""nchapters"": 12.0}"
HarvardX,4,aligned,0,4231,NICE,bounded+edit,NICE_bounded+edit,0,classifier_target_not_met,0.0,0.004651784896850586,0.07272727272727272,1,"{""nevents"": 44.0, ""ndays_act"": 10.0, ""nchapters"": 12.0}"
HarvardX,4,aligned,0,4231,MCCE,native,MCCE_native,0,out_of_bounds:nevents,0.0,0.025431156158447266,0.09316522893165229,2,"{""nevents"": 30.0, ""ndays_act"": 10.0, ""nchapters"": 12.0}"
HarvardX,4,aligned,0,4231,MCCE,bounded,MCCE_bounded,1,OK,0.0,0.025431156158447266,0.09236894492368945,2,"{""nevents"": 45.0, ""ndays_act"": 11.0, ""nchapters"": 12.0}"
HarvardX,4,aligned,0,4231,MCCE,bounded+edit,MCCE_bounded+edit,1,OK,0.0,0.025431156158447266,0.09236894492368945,2,"{""nevents"": 45.0, ""ndays_act"": 11.0, ""nchapters"": 12.0}"
HarvardX,4,aligned,0,4276,NICE,native,NICE_native,1,OK,0.0,0.003384828567504883,0.10526315789473684,1,"{""nevents"": 6.0, ""ndays_act"": 10.0, ""nchapters"": 12.0}"
HarvardX,4,aligned,0,4276,NICE,bounded,NICE_bounded,1,OK,0.0,0.003384828567504883,0.10526315789473684,1,"{""nevents"": 6.0, ""ndays_act"": 10.0, ""nchapters"": 12.0}"
HarvardX,4,aligned,0,4276,NICE,bounded+edit,NICE_bounded+edit,1,OK,0.0,0.003384828567504883,0.10526315789473684,1,"{""nevents"": 6.0, ""ndays_act"": 10.0, ""nchapters"": 12.0}"
HarvardX,4,aligned,0,4276,MCCE,native,MCCE_native,1,OK,0.0,0.03242635726928711,0.1384581786416248,2,"{""nevents"": 30.0, ""ndays_act"": 10.0, ""nchapters"": 12.0}"
HarvardX,4,aligned,0,4276,MCCE,bounded,MCCE_bounded,1,OK,0.0,0.03242635726928711,0.1384581786416248,2,"{""nevents"": 30.0, ""ndays_act"": 10.0, ""nchapters"": 12.0}"
HarvardX,4,aligned,0,4276,MCCE,bounded+edit,MCCE_bounded+edit,1,OK,0.0,0.03242635726928711,0.1384581786416248,2,"{""nevents"": 30.0, ""ndays_act"": 10.0, ""nchapters"": 12.0}"
HarvardX,4,aligned,0,4328,NICE,native,NICE_native,1,OK,0.0,0.005736112594604492,0.5691443929883949,3,"{""nevents"": 66.0, ""ndays_act"": 21.0, ""nchapters"": 7.0}"
HarvardX,4,aligned,0,4328,NICE,bounded,NICE_bounded,1,OK,0.0,0.005736112594604492,0.5691443929883949,3,"{""nevents"": 66.0, ""ndays_act"": 21.0, ""nchapters"": 7.0}"
HarvardX,4,aligned,0,4328,NICE,bounded+edit,NICE_bounded+edit,1,OK,0.0,0.005736112594604492,0.5691443929883949,3,"{""nevents"": 66.0, ""ndays_act"": 21.0, ""nchapters"": 7.0}"
HarvardX,4,aligned,0,4328,MCCE,native,MCCE_native,1,OK,0.0,0.03919482231140137,0.9391499565104963,3,"{""nevents"": 68.0, ""ndays_act"": 23.0, ""nchapters"": 9.0}"
HarvardX,4,aligned,0,4328,MCCE,bounded,MCCE_bounded,1,OK,0.0,0.03919482231140137,0.9391499565104963,3,"{""nevents"": 68.0, ""ndays_act"": 23.0, ""nchapters"": 9.0}"
HarvardX,4,aligned,0,4328,MCCE,bounded+edit,MCCE_bounded+edit,1,OK,0.0,0.03919482231140137,0.9391499565104963,3,"{""nevents"": 68.0, ""ndays_act"": 23.0, ""nchapters"": 9.0}"
HarvardX,4,aligned,0,4357,NICE,native,NICE_native,1,OK,0.0,0.005785465240478516,0.4276243093922652,3,"{""nevents"": 25.0, ""ndays_act"": 10.0, ""nchapters"": 9.0}"
HarvardX,4,aligned,0,4357,NICE,bounded,NICE_bounded,1,OK,0.0,0.005785465240478516,0.4276243093922652,3,"{""nevents"": 25.0, ""ndays_act"": 10.0, ""nchapters"": 9.0}"
HarvardX,4,aligned,0,4357,NICE,bounded+edit,NICE_bounded+edit,1,OK,0.0,0.005785465240478516,0.4276243093922652,3,"{""nevents"": 25.0, ""ndays_act"": 10.0, ""nchapters"": 9.0}"
HarvardX,4,aligned,0,4357,MCCE,native,MCCE_native,1,OK,0.0,0.03928875923156738,0.703683241252302,3,"{""nevents"": 68.0, ""ndays_act"": 23.0, ""nchapters"": 9.0}"
HarvardX,4,aligned,0,4357,MCCE,bounded,MCCE_bounded,1,OK,0.0,0.03928875923156738,0.703683241252302,3,"{""nevents"": 68.0, ""ndays_act"": 23.0, ""nchapters"": 9.0}"
HarvardX,4,aligned,0,4357,MCCE,bounded+edit,MCCE_bounded+edit,1,OK,0.0,0.03928875923156738,0.703683241252302,3,"{""nevents"": 68.0, ""ndays_act"": 23.0, ""nchapters"": 9.0}"
HarvardX,4,aligned,0,4361,NICE,native,NICE_native,0,out_of_bounds:nevents,0.0,0.004601240158081055,0.2359903381642512,2,"{""nevents"": 331.0, ""ndays_act"": 41.0, ""nchapters"": 9.0}"
HarvardX,4,aligned,0,4361,NICE,bounded,NICE_bounded,0,classifier_target_not_met,0.0,0.004601240158081055,0.13043478260869565,1,"{""nevents"": 369.0, ""ndays_act"": 41.0, ""nchapters"": 9.0}"
HarvardX,4,aligned,0,4361,NICE,bounded+edit,NICE_bounded+edit,0,classifier_target_not_met,0.0,0.004601240158081055,0.13043478260869565,1,"{""nevents"": 369.0, ""ndays_act"": 41.0, ""nchapters"": 9.0}"
HarvardX,4,aligned,0,4361,MCCE,native,MCCE_native,0,out_of_bounds:nevents,0.0,0.040595293045043945,0.48683574879227054,2,"{""nevents"": 272.0, ""ndays_act"": 43.0, ""nchapters"": 9.0}"
HarvardX,4,aligned,0,4361,MCCE,bounded,MCCE_bounded,1,OK,0.0,0.040595293045043945,1.2055555555555555,2,"{""nevents"": 443.0, ""ndays_act"": 38.0, ""nchapters"": 12.0}"
HarvardX,4,aligned,0,4361,MCCE,bounded+edit,MCCE_bounded+edit,1,OK,0.0,0.040595293045043945,1.2055555555555555,2,"{""nevents"": 443.0, ""ndays_act"": 38.0, ""nchapters"": 12.0}"
HarvardX,4,aligned,0,4387,NICE,native,NICE_native,0,out_of_bounds:ndays_act,0.0,0.006093263626098633,1.757201646090535,3,"{""nevents"": 66.0, ""ndays_act"": 21.0, ""nchapters"": 7.0}"
HarvardX,4,aligned,0,4387,NICE,bounded,NICE_bounded,0,classifier_target_not_met,0.0,0.006093263626098633,0.257201646090535,2,"{""nevents"": 66.0, ""ndays_act"": 45.0, ""nchapters"": 7.0}"
HarvardX,4,aligned,0,4387,NICE,bounded+edit,NICE_bounded+edit,0,classifier_target_not_met,0.0,0.006093263626098633,0.257201646090535,2,"{""nevents"": 66.0, ""ndays_act"": 45.0, ""nchapters"": 7.0}"
HarvardX,4,aligned,0,4387,MCCE,native,MCCE_native,1,OK,0.0,0.0426480770111084,1.1330589849108368,2,"{""nevents"": 340.0, ""ndays_act"": 45.0, ""nchapters"": 10.0}"
HarvardX,4,aligned,0,4387,MCCE,bounded,MCCE_bounded,1,OK,0.0,0.0426480770111084,1.1330589849108368,2,"{""nevents"": 340.0, ""ndays_act"": 45.0, ""nchapters"": 10.0}"
HarvardX,4,aligned,0,4387,MCCE,bounded+edit,MCCE_bounded+edit,1,OK,0.0,0.0426480770111084,1.1330589849108368,2,"{""nevents"": 340.0, ""ndays_act"": 45.0, ""nchapters"": 10.0}"
HarvardX,4,aligned,0,4403,NICE,native,NICE_native,1,OK,0.0,0.003495454788208008,0.1206896551724138,1,"{""nevents"": 26.0, ""ndays_act"": 10.0, ""nchapters"": 12.0}"
HarvardX,4,aligned,0,4403,NICE,bounded,NICE_bounded,1,OK,0.0,0.003495454788208008,0.1206896551724138,1,"{""nevents"": 26.0, ""ndays_act"": 10.0, ""nchapters"": 12.0}"
HarvardX,4,aligned,0,4403,NICE,bounded+edit,NICE_bounded+edit,1,OK,0.0,0.003495454788208008,0.1206896551724138,1,"{""nevents"": 26.0, ""ndays_act"": 10.0, ""nchapters"": 12.0}"
HarvardX,4,aligned,0,4403,MCCE,native,MCCE_native,1,OK,0.0,0.025990009307861328,0.12637955559915634,2,"{""nevents"": 30.0, ""ndays_act"": 10.0, ""nchapters"": 12.0}"
HarvardX,4,aligned,0,4403,MCCE,bounded,MCCE_bounded,1,OK,0.0,0.025990009307861328,0.12637955559915634,2,"{""nevents"": 30.0, ""ndays_act"": 10.0, ""nchapters"": 12.0}"
HarvardX,4,aligned,0,4403,MCCE,bounded+edit,MCCE_bounded+edit,1,OK,0.0,0.025990009307861328,0.12637955559915634,2,"{""nevents"": 30.0, ""ndays_act"": 10.0, ""nchapters"": 12.0}"
HarvardX,4,aligned,0,4429,NICE,native,NICE_native,1,OK,0.0,0.00462651252746582,0.3895444468282915,2,"{""nevents"": 66.0, ""ndays_act"": 21.0, ""nchapters"": 7.0}"
HarvardX,4,aligned,0,4429,NICE,bounded,NICE_bounded,1,OK,0.0,0.00462651252746582,0.3895444468282915,2,"{""nevents"": 66.0, ""ndays_act"": 21.0, ""nchapters"": 7.0}"
HarvardX,4,aligned,0,4429,NICE,bounded+edit,NICE_bounded+edit,1,OK,0.0,0.00462651252746582,0.3895444468282915,2,"{""nevents"": 66.0, ""ndays_act"": 21.0, ""nchapters"": 7.0}"
HarvardX,4,aligned,0,4429,MCCE,native,MCCE_native,1,OK,0.0,0.03941464424133301,0.8262556914348376,3,"{""nevents"": 68.0, ""ndays_act"": 23.0, ""nchapters"": 9.0}"
HarvardX,4,aligned,0,4429,MCCE,bounded,MCCE_bounded,1,OK,0.0,0.03941464424133301,0.8262556914348376,3,"{""nevents"": 68.0, ""ndays_act"": 23.0, ""nchapters"": 9.0}"
HarvardX,4,aligned,0,4429,MCCE,bounded+edit,MCCE_bounded+edit,1,OK,0.0,0.03941464424133301,0.8262556914348376,3,"{""nevents"": 68.0, ""ndays_act"": 23.0, ""nchapters"": 9.0}"
HarvardX,4,aligned,0,4464,NICE,native,NICE_native,0,out_of_bounds:nevents,0.0,0.004761219024658203,0.11241623371734055,2,"{""nevents"": 25.0, ""ndays_act"": 10.0, ""nchapters"": 9.0}"
HarvardX,4,aligned,0,4464,NICE,bounded,NICE_bounded,0,classifier_target_not_met,0.0,0.004761219024658203,0.10526315789473684,1,"{""nevents"": 30.0, ""ndays_act"": 10.0, ""nchapters"": 9.0}"
HarvardX,4,aligned,0,4464,NICE,bounded+edit,NICE_bounded+edit,0,classifier_target_not_met,0.0,0.004761219024658203,0.10526315789473684,1,"{""nevents"": 30.0, ""ndays_act"": 10.0, ""nchapters"": 9.0}"
HarvardX,4,aligned,0,4464,MCCE,native,MCCE_native,1,OK,0.0,0.04092288017272949,0.3876967095851216,2,"{""nevents"": 68.0, ""ndays_act"": 23.0, ""nchapters"": 9.0}"
HarvardX,4,aligned,0,4464,MCCE,bounded,MCCE_bounded,1,OK,0.0,0.04092288017272949,0.3876967095851216,2,"{""nevents"": 68.0, ""ndays_act"": 23.0, ""nchapters"": 9.0}"
HarvardX,4,aligned,0,4464,MCCE,bounded+edit,MCCE_bounded+edit,1,OK,0.0,0.04092288017272949,0.3876967095851216,2,"{""nevents"": 68.0, ""ndays_act"": 23.0, ""nchapters"": 9.0}"
HarvardX,4,aligned,0,4481,NICE,native,NICE_native,0,out_of_bounds:nevents,0.0,0.004765033721923828,0.1939732142857143,2,"{""nevents"": 22.0, ""ndays_act"": 10.0, ""nchapters"": 12.0}"
HarvardX,4,aligned,0,4481,NICE,bounded,NICE_bounded,0,classifier_target_not_met,0.0,0.004765033721923828,0.08928571428571429,1,"{""nevents"": 89.0, ""ndays_act"": 10.0, ""nchapters"": 12.0}"
HarvardX,4,aligned,0,4481,NICE,bounded+edit,NICE_bounded+edit,0,classifier_target_not_met,0.0,0.004765033721923828,0.08928571428571429,1,"{""nevents"": 89.0, ""ndays_act"": 10.0, ""nchapters"": 12.0}"
HarvardX,4,aligned,0,4481,MCCE,native,MCCE_native,0,out_of_bounds:nevents,0.0,0.027254343032836914,0.18147321428571428,2,"{""nevents"": 30.0, ""ndays_act"": 10.0, ""nchapters"": 12.0}"
HarvardX,4,aligned,0,4481,MCCE,bounded,MCCE_bounded,1,OK,0.0,0.027254343032836914,0.2625,2,"{""nevents"": 97.0, ""ndays_act"": 19.0, ""nchapters"": 12.0}"
HarvardX,4,aligned,0,4481,MCCE,bounded+edit,MCCE_bounded+edit,1,OK,0.0,0.027254343032836914,0.2625,2,"{""nevents"": 97.0, ""ndays_act"": 19.0, ""nchapters"": 12.0}"
HarvardX,4,aligned,0,4543,NICE,native,NICE_native,0,out_of_bounds:nevents,0.0,0.005013704299926758,0.21672624053826745,2,"{""nevents"": 10.0, ""ndays_act"": 10.0, ""nchapters"": 10.0}"
HarvardX,4,aligned,0,4543,NICE,bounded,NICE_bounded,0,classifier_target_not_met,0.0,0.005013704299926758,0.1206896551724138,1,"{""nevents"": 73.0, ""ndays_act"": 10.0, ""nchapters"": 10.0}"
HarvardX,4,aligned,0,4543,NICE,bounded+edit,NICE_bounded+edit,0,classifier_target_not_met,0.0,0.005013704299926758,0.1206896551724138,1,"{""nevents"": 73.0, ""ndays_act"": 10.0, ""nchapters"": 10.0}"
HarvardX,4,aligned,0,4543,MCCE,native,MCCE_native,0,out_of_bounds:nevents,0.0,0.04211997985839844,0.24605761143818333,2,"{""nevents"": 36.0, ""ndays_act"": 14.0, ""nchapters"": 10.0}"
HarvardX,4,aligned,0,4543,MCCE,bounded,MCCE_bounded,1,OK,0.0,0.04211997985839844,0.549253574432296,2,"{""nevents"": 94.0, ""ndays_act"": 33.0, ""nchapters"": 10.0}"
HarvardX,4,aligned,0,4543,MCCE,bounded+edit,MCCE_bounded+edit,1,OK,0.0,0.04211997985839844,0.549253574432296,2,"{""nevents"": 94.0, ""ndays_act"": 33.0, ""nchapters"": 10.0}"
HarvardX,4,aligned,0,4626,NICE,native,NICE_native,1,OK,0.0,0.00597691535949707,0.5842541436464088,3,"{""nevents"": 66.0, ""ndays_act"": 21.0, ""nchapters"": 7.0}"
HarvardX,4,aligned,0,4626,NICE,bounded,NICE_bounded,1,OK,0.0,0.00597691535949707,0.5842541436464088,3,"{""nevents"": 66.0, ""ndays_act"": 21.0, ""nchapters"": 7.0}"
HarvardX,4,aligned,0,4626,NICE,bounded+edit,NICE_bounded+edit,1,OK,0.0,0.00597691535949707,0.5842541436464088,3,"{""nevents"": 66.0, ""ndays_act"": 21.0, ""nchapters"": 7.0}"
HarvardX,4,aligned,0,4626,MCCE,native,MCCE_native,1,OK,0.0,0.041051626205444336,0.953683241252302,3,"{""nevents"": 68.0, ""ndays_act"": 23.0, ""nchapters"": 9.0}"
HarvardX,4,aligned,0,4626,MCCE,bounded,MCCE_bounded,1,OK,0.0,0.041051626205444336,0.953683241252302,3,"{""nevents"": 68.0, ""ndays_act"": 23.0, ""nchapters"": 9.0}"
HarvardX,4,aligned,0,4626,MCCE,bounded+edit,MCCE_bounded+edit,1,OK,0.0,0.041051626205444336,0.953683241252302,3,"{""nevents"": 68.0, ""ndays_act"": 23.0, ""nchapters"": 9.0}"
HarvardX,4,aligned,0,4633,NICE,native,NICE_native,1,OK,0.0,0.005939006805419922,0.6014639411725021,3,"{""nevents"": 66.0, ""ndays_act"": 21.0, ""nchapters"": 7.0}"
HarvardX,4,aligned,0,4633,NICE,bounded,NICE_bounded,1,OK,0.0,0.005939006805419922,0.6014639411725021,3,"{""nevents"": 66.0, ""ndays_act"": 21.0, ""nchapters"": 7.0}"
HarvardX,4,aligned,0,4633,NICE,bounded+edit,NICE_bounded+edit,1,OK,0.0,0.005939006805419922,0.6014639411725021,3,"{""nevents"": 66.0, ""ndays_act"": 21.0, ""nchapters"": 7.0}"
HarvardX,4,aligned,0,4633,MCCE,native,MCCE_native,1,OK,0.0,0.04079747200012207,0.9703276439767028,3,"{""nevents"": 68.0, ""ndays_act"": 23.0, ""nchapters"": 9.0}"
HarvardX,4,aligned,0,4633,MCCE,bounded,MCCE_bounded,1,OK,0.0,0.04079747200012207,0.9703276439767028,3,"{""nevents"": 68.0, ""ndays_act"": 23.0, ""nchapters"": 9.0}"
HarvardX,4,aligned,0,4633,MCCE,bounded+edit,MCCE_bounded+edit,1,OK,0.0,0.04079747200012207,0.9703276439767028,3,"{""nevents"": 68.0, ""ndays_act"": 23.0, ""nchapters"": 9.0}"
HarvardX,4,aligned,0,4648,NICE,native,NICE_native,0,out_of_bounds:nevents,0.0,0.0049169063568115234,0.3001578282828283,2,"{""nevents"": 22.0, ""ndays_act"": 10.0, ""nchapters"": 12.0}"
HarvardX,4,aligned,0,4648,NICE,bounded,NICE_bounded,0,classifier_target_not_met,0.0,0.0049169063568115234,0.07272727272727272,1,"{""nevents"": 153.0, ""ndays_act"": 10.0, ""nchapters"": 12.0}"
HarvardX,4,aligned,0,4648,NICE,bounded+edit,NICE_bounded+edit,0,classifier_target_not_met,0.0,0.0049169063568115234,0.07272727272727272,1,"{""nevents"": 153.0, ""ndays_act"": 10.0, ""nchapters"": 12.0}"
HarvardX,4,aligned,0,4648,MCCE,native,MCCE_native,1,OK,0.0,0.026843786239624023,0.2909090909090909,1,"{""nevents"": 153.0, ""ndays_act"": 22.0, ""nchapters"": 12.0}"
HarvardX,4,aligned,0,4648,MCCE,bounded,MCCE_bounded,1,OK,0.0,0.026843786239624023,0.2909090909090909,1,"{""nevents"": 153.0, ""ndays_act"": 22.0, ""nchapters"": 12.0}"
HarvardX,4,aligned,0,4648,MCCE,bounded+edit,MCCE_bounded+edit,1,OK,0.0,0.026843786239624023,0.2909090909090909,1,"{""nevents"": 153.0, ""ndays_act"": 22.0, ""nchapters"": 12.0}"
HarvardX,4,aligned,0,4682,NICE,native,NICE_native,1,OK,0.0,0.006072998046875,0.6014639411725021,3,"{""nevents"": 66.0, ""ndays_act"": 21.0, ""nchapters"": 7.0}"
HarvardX,4,aligned,0,4682,NICE,bounded,NICE_bounded,1,OK,0.0,0.006072998046875,0.6014639411725021,3,"{""nevents"": 66.0, ""ndays_act"": 21.0, ""nchapters"": 7.0}"
HarvardX,4,aligned,0,4682,NICE,bounded+edit,NICE_bounded+edit,1,OK,0.0,0.006072998046875,0.6014639411725021,3,"{""nevents"": 66.0, ""ndays_act"": 21.0, ""nchapters"": 7.0}"
HarvardX,4,aligned,0,4682,MCCE,native,MCCE_native,1,OK,0.0,0.040042877197265625,0.9703276439767028,3,"{""nevents"": 68.0, ""ndays_act"": 23.0, ""nchapters"": 9.0}"
HarvardX,4,aligned,0,4682,MCCE,bounded,MCCE_bounded,1,OK,0.0,0.040042877197265625,0.9703276439767028,3,"{""nevents"": 68.0, ""ndays_act"": 23.0, ""nchapters"": 9.0}"
HarvardX,4,aligned,0,4682,MCCE,bounded+edit,MCCE_bounded+edit,1,OK,0.0,0.040042877197265625,0.9703276439767028,3,"{""nevents"": 68.0, ""ndays_act"": 23.0, ""nchapters"": 9.0}"
HarvardX,4,aligned,0,4751,NICE,native,NICE_native,1,OK,0.0,0.005781888961791992,0.6014639411725021,3,"{""nevents"": 66.0, ""ndays_act"": 21.0, ""nchapters"": 7.0}"
HarvardX,4,aligned,0,4751,NICE,bounded,NICE_bounded,1,OK,0.0,0.005781888961791992,0.6014639411725021,3,"{""nevents"": 66.0, ""ndays_act"": 21.0, ""nchapters"": 7.0}"
HarvardX,4,aligned,0,4751,NICE,bounded+edit,NICE_bounded+edit,1,OK,0.0,0.005781888961791992,0.6014639411725021,3,"{""nevents"": 66.0, ""ndays_act"": 21.0, ""nchapters"": 7.0}"
HarvardX,4,aligned,0,4751,MCCE,native,MCCE_native,1,OK,0.0,0.039275169372558594,0.9703276439767028,3,"{""nevents"": 68.0, ""ndays_act"": 23.0, ""nchapters"": 9.0}"
HarvardX,4,aligned,0,4751,MCCE,bounded,MCCE_bounded,1,OK,0.0,0.039275169372558594,0.9703276439767028,3,"{""nevents"": 68.0, ""ndays_act"": 23.0, ""nchapters"": 9.0}"
HarvardX,4,aligned,0,4751,MCCE,bounded+edit,MCCE_bounded+edit,1,OK,0.0,0.039275169372558594,0.9703276439767028,3,"{""nevents"": 68.0, ""ndays_act"": 23.0, ""nchapters"": 9.0}"
HarvardX,4,aligned,0,4756,NICE,native,NICE_native,1,OK,0.0,0.00464320182800293,0.4,2,"{""nevents"": 10.0, ""ndays_act"": 10.0, ""nchapters"": 9.0}"
HarvardX,4,aligned,0,4756,NICE,bounded,NICE_bounded,1,OK,0.0,0.00464320182800293,0.4,2,"{""nevents"": 10.0, ""ndays_act"": 10.0, ""nchapters"": 9.0}"
HarvardX,4,aligned,0,4756,NICE,bounded+edit,NICE_bounded+edit,1,OK,0.0,0.00464320182800293,0.4,2,"{""nevents"": 10.0, ""ndays_act"": 10.0, ""nchapters"": 9.0}"
HarvardX,4,aligned,0,4756,MCCE,native,MCCE_native,1,OK,0.0,0.03991341590881348,0.697334260547056,3,"{""nevents"": 68.0, ""ndays_act"": 23.0, ""nchapters"": 9.0}"
HarvardX,4,aligned,0,4756,MCCE,bounded,MCCE_bounded,1,OK,0.0,0.03991341590881348,0.697334260547056,3,"{""nevents"": 68.0, ""ndays_act"": 23.0, ""nchapters"": 9.0}"
HarvardX,4,aligned,0,4756,MCCE,bounded+edit,MCCE_bounded+edit,1,OK,0.0,0.03991341590881348,0.697334260547056,3,"{""nevents"": 68.0, ""ndays_act"": 23.0, ""nchapters"": 9.0}"
HarvardX,4,aligned,0,4783,NICE,native,NICE_native,1,OK,0.0,0.004911899566650391,0.4347972745058355,2,"{""nevents"": 66.0, ""ndays_act"": 21.0, ""nchapters"": 7.0}"
HarvardX,4,aligned,0,4783,NICE,bounded,NICE_bounded,1,OK,0.0,0.004911899566650391,0.4347972745058355,2,"{""nevents"": 66.0, ""ndays_act"": 21.0, ""nchapters"": 7.0}"
HarvardX,4,aligned,0,4783,NICE,bounded+edit,NICE_bounded+edit,1,OK,0.0,0.004911899566650391,0.4347972745058355,2,"{""nevents"": 66.0, ""ndays_act"": 21.0, ""nchapters"": 7.0}"
HarvardX,4,aligned,0,4783,MCCE,native,MCCE_native,1,OK,0.0,0.04130053520202637,0.8703276439767029,3,"{""nevents"": 68.0, ""ndays_act"": 23.0, ""nchapters"": 9.0}"
HarvardX,4,aligned,0,4783,MCCE,bounded,MCCE_bounded,1,OK,0.0,0.04130053520202637,0.8703276439767029,3,"{""nevents"": 68.0, ""ndays_act"": 23.0, ""nchapters"": 9.0}"
HarvardX,4,aligned,0,4783,MCCE,bounded+edit,MCCE_bounded+edit,1,OK,0.0,0.04130053520202637,0.8703276439767029,3,"{""nevents"": 68.0, ""ndays_act"": 23.0, ""nchapters"": 9.0}"
HarvardX,4,aligned,0,4800,NICE,native,NICE_native,1,OK,0.0,0.0046312808990478516,0.17627939142461962,2,"{""nevents"": 25.0, ""ndays_act"": 10.0, ""nchapters"": 9.0}"
HarvardX,4,aligned,0,4800,NICE,bounded,NICE_bounded,1,OK,0.0,0.0046312808990478516,0.17627939142461962,2,"{""nevents"": 25.0, ""ndays_act"": 10.0, ""nchapters"": 9.0}"
HarvardX,4,aligned,0,4800,NICE,bounded+edit,NICE_bounded+edit,1,OK,0.0,0.0046312808990478516,0.17627939142461962,2,"{""nevents"": 25.0, ""ndays_act"": 10.0, ""nchapters"": 9.0}"
HarvardX,4,aligned,0,4800,MCCE,native,MCCE_native,1,OK,0.0,0.04516720771789551,0.45242047026279386,2,"{""nevents"": 68.0, ""ndays_act"": 23.0, ""nchapters"": 9.0}"
HarvardX,4,aligned,0,4800,MCCE,bounded,MCCE_bounded,1,OK,0.0,0.04516720771789551,0.45242047026279386,2,"{""nevents"": 68.0, ""ndays_act"": 23.0, ""nchapters"": 9.0}"
HarvardX,4,aligned,0,4800,MCCE,bounded+edit,MCCE_bounded+edit,1,OK,0.0,0.04516720771789551,0.45242047026279386,2,"{""nevents"": 68.0, ""ndays_act"": 23.0, ""nchapters"": 9.0}"
HarvardX,4,aligned,0,4817,NICE,native,NICE_native,1,OK,0.0,0.0061228275299072266,0.4289655172413793,3,"{""nevents"": 25.0, ""ndays_act"": 10.0, ""nchapters"": 9.0}"
HarvardX,4,aligned,0,4817,NICE,bounded,NICE_bounded,1,OK,0.0,0.0061228275299072266,0.4289655172413793,3,"{""nevents"": 25.0, ""ndays_act"": 10.0, ""nchapters"": 9.0}"
HarvardX,4,aligned,0,4817,NICE,bounded+edit,NICE_bounded+edit,1,OK,0.0,0.0061228275299072266,0.4289655172413793,3,"{""nevents"": 25.0, ""ndays_act"": 10.0, ""nchapters"": 9.0}"
HarvardX,4,aligned,0,4817,MCCE,native,MCCE_native,1,OK,0.0,0.046140193939208984,0.7049425287356321,3,"{""nevents"": 68.0, ""ndays_act"": 23.0, ""nchapters"": 9.0}"
HarvardX,4,aligned,0,4817,MCCE,bounded,MCCE_bounded,1,OK,0.0,0.046140193939208984,0.7049425287356321,3,"{""nevents"": 68.0, ""ndays_act"": 23.0, ""nchapters"": 9.0}"
HarvardX,4,aligned,0,4817,MCCE,bounded+edit,MCCE_bounded+edit,1,OK,0.0,0.046140193939208984,0.7049425287356321,3,"{""nevents"": 68.0, ""ndays_act"": 23.0, ""nchapters"": 9.0}"
HarvardX,4,aligned,0,4864,NICE,native,NICE_native,0,out_of_bounds:nevents,0.0,0.004786252975463867,0.17162816543621495,2,"{""nevents"": 22.0, ""ndays_act"": 10.0, ""nchapters"": 12.0}"
HarvardX,4,aligned,0,4864,NICE,bounded,NICE_bounded,0,classifier_target_not_met,0.0,0.004786252975463867,0.10526315789473684,1,"{""nevents"": 66.0, ""ndays_act"": 10.0, ""nchapters"": 12.0}"
HarvardX,4,aligned,0,4864,NICE,bounded+edit,NICE_bounded+edit,0,classifier_target_not_met,0.0,0.004786252975463867,0.10526315789473684,1,"{""nevents"": 66.0, ""ndays_act"": 10.0, ""nchapters"": 12.0}"
HarvardX,4,aligned,0,4864,MCCE,native,MCCE_native,0,out_of_bounds:nevents,0.0,0.027243614196777344,0.1595618004286735,2,"{""nevents"": 30.0, ""ndays_act"": 10.0, ""nchapters"": 12.0}"
HarvardX,4,aligned,0,4864,MCCE,bounded,MCCE_bounded,1,OK,0.0,0.027243614196777344,0.3099150591410653,2,"{""nevents"": 97.0, ""ndays_act"": 19.0, ""nchapters"": 12.0}"
HarvardX,4,aligned,0,4864,MCCE,bounded+edit,MCCE_bounded+edit,1,OK,0.0,0.027243614196777344,0.3099150591410653,2,"{""nevents"": 97.0, ""ndays_act"": 19.0, ""nchapters"": 12.0}"
HarvardX,4,aligned,0,4874,NICE,native,NICE_native,1,OK,0.0,0.0046308040618896484,0.3748910411622276,2,"{""nevents"": 66.0, ""ndays_act"": 21.0, ""nchapters"": 7.0}"
HarvardX,4,aligned,0,4874,NICE,bounded,NICE_bounded,1,OK,0.0,0.0046308040618896484,0.3748910411622276,2,"{""nevents"": 66.0, ""ndays_act"": 21.0, ""nchapters"": 7.0}"
HarvardX,4,aligned,0,4874,NICE,bounded+edit,NICE_bounded+edit,1,OK,0.0,0.0046308040618896484,0.3748910411622276,2,"{""nevents"": 66.0, ""ndays_act"": 21.0, ""nchapters"": 7.0}"
HarvardX,4,aligned,0,4874,MCCE,native,MCCE_native,1,OK,0.0,0.04058361053466797,0.8116464891041162,3,"{""nevents"": 68.0, ""ndays_act"": 23.0, ""nchapters"": 9.0}"
HarvardX,4,aligned,0,4874,MCCE,bounded,MCCE_bounded,1,OK,0.0,0.04058361053466797,0.8116464891041162,3,"{""nevents"": 68.0, ""ndays_act"": 23.0, ""nchapters"": 9.0}"
HarvardX,4,aligned,0,4874,MCCE,bounded+edit,MCCE_bounded+edit,1,OK,0.0,0.04058361053466797,0.8116464891041162,3,"{""nevents"": 68.0, ""ndays_act"": 23.0, ""nchapters"": 9.0}"
HarvardX,4,aligned,0,4880,NICE,native,NICE_native,0,out_of_bounds:nevents,0.0,0.0046901702880859375,0.17162816543621495,2,"{""nevents"": 22.0, ""ndays_act"": 10.0, ""nchapters"": 12.0}"
HarvardX,4,aligned,0,4880,NICE,bounded,NICE_bounded,0,classifier_target_not_met,0.0,0.0046901702880859375,0.10526315789473684,1,"{""nevents"": 66.0, ""ndays_act"": 10.0, ""nchapters"": 12.0}"
HarvardX,4,aligned,0,4880,NICE,bounded+edit,NICE_bounded+edit,0,classifier_target_not_met,0.0,0.0046901702880859375,0.10526315789473684,1,"{""nevents"": 66.0, ""ndays_act"": 10.0, ""nchapters"": 12.0}"
HarvardX,4,aligned,0,4880,MCCE,native,MCCE_native,0,out_of_bounds:nevents,0.0,0.02678203582763672,0.1595618004286735,2,"{""nevents"": 30.0, ""ndays_act"": 10.0, ""nchapters"": 12.0}"
HarvardX,4,aligned,0,4880,MCCE,bounded,MCCE_bounded,1,OK,0.0,0.02678203582763672,0.3099150591410653,2,"{""nevents"": 97.0, ""ndays_act"": 19.0, ""nchapters"": 12.0}"
HarvardX,4,aligned,0,4880,MCCE,bounded+edit,MCCE_bounded+edit,1,OK,0.0,0.02678203582763672,0.3099150591410653,2,"{""nevents"": 97.0, ""ndays_act"": 19.0, ""nchapters"": 12.0}"
HarvardX,4,aligned,0,4891,NICE,native,NICE_native,1,OK,0.0,0.004563808441162109,0.35648425039872406,2,"{""nevents"": 66.0, ""ndays_act"": 21.0, ""nchapters"": 7.0}"
HarvardX,4,aligned,0,4891,NICE,bounded,NICE_bounded,1,OK,0.0,0.004563808441162109,0.35648425039872406,2,"{""nevents"": 66.0, ""ndays_act"": 21.0, ""nchapters"": 7.0}"
HarvardX,4,aligned,0,4891,NICE,bounded+edit,NICE_bounded+edit,1,OK,0.0,0.004563808441162109,0.35648425039872406,2,"{""nevents"": 66.0, ""ndays_act"": 21.0, ""nchapters"": 7.0}"
HarvardX,4,aligned,0,4891,MCCE,native,MCCE_native,1,OK,0.0,0.04043912887573242,0.7944128787878788,3,"{""nevents"": 68.0, ""ndays_act"": 23.0, ""nchapters"": 9.0}"
HarvardX,4,aligned,0,4891,MCCE,bounded,MCCE_bounded,1,OK,0.0,0.04043912887573242,0.7944128787878788,3,"{""nevents"": 68.0, ""ndays_act"": 23.0, ""nchapters"": 9.0}"
HarvardX,4,aligned,0,4891,MCCE,bounded+edit,MCCE_bounded+edit,1,OK,0.0,0.04043912887573242,0.7944128787878788,3,"{""nevents"": 68.0, ""ndays_act"": 23.0, ""nchapters"": 9.0}"
HarvardX,4,aligned,0,4944,NICE,native,NICE_native,0,out_of_bounds:nevents,0.0,0.004727602005004883,0.2417971662938106,2,"{""nevents"": 22.0, ""ndays_act"": 10.0, ""nchapters"": 12.0}"
HarvardX,4,aligned,0,4944,NICE,bounded,NICE_bounded,0,classifier_target_not_met,0.0,0.004727602005004883,0.05555555555555555,1,"{""nevents"": 133.0, ""ndays_act"": 10.0, ""nchapters"": 12.0}"
HarvardX,4,aligned,0,4944,NICE,bounded+edit,NICE_bounded+edit,0,classifier_target_not_met,0.0,0.004727602005004883,0.05555555555555555,1,"{""nevents"": 133.0, ""ndays_act"": 10.0, ""nchapters"": 12.0}"
HarvardX,4,aligned,0,4944,MCCE,native,MCCE_native,0,out_of_bounds:nevents,0.0,0.02759528160095215,0.22837434750186428,2,"{""nevents"": 30.0, ""ndays_act"": 10.0, ""nchapters"": 12.0}"
HarvardX,4,aligned,0,4944,MCCE,bounded,MCCE_bounded,1,OK,0.0,0.02759528160095215,0.242418593089734,2,"{""nevents"": 134.0, ""ndays_act"": 20.0, ""nchapters"": 12.0}"
HarvardX,4,aligned,0,4944,MCCE,bounded+edit,MCCE_bounded+edit,1,OK,0.0,0.02759528160095215,0.242418593089734,2,"{""nevents"": 134.0, ""ndays_act"": 20.0, ""nchapters"": 12.0}"
HarvardX,4,aligned,0,4956,NICE,native,NICE_native,1,OK,0.0,0.004743814468383789,0.23026134800550208,2,"{""nevents"": 24.0, ""ndays_act"": 13.0, ""nchapters"": 11.0}"
HarvardX,4,aligned,0,4956,NICE,bounded,NICE_bounded,1,OK,0.0,0.004743814468383789,0.23026134800550208,2,"{""nevents"": 24.0, ""ndays_act"": 13.0, ""nchapters"": 11.0}"
HarvardX,4,aligned,0,4956,NICE,bounded+edit,NICE_bounded+edit,1,OK,0.0,0.004743814468383789,0.23026134800550208,2,"{""nevents"": 24.0, ""ndays_act"": 13.0, ""nchapters"": 11.0}"
HarvardX,4,aligned,0,4956,MCCE,native,MCCE_native,1,OK,0.0,0.04166531562805176,0.5502521779000459,2,"{""nevents"": 87.0, ""ndays_act"": 27.0, ""nchapters"": 11.0}"
HarvardX,4,aligned,0,4956,MCCE,bounded,MCCE_bounded,1,OK,0.0,0.04166531562805176,0.5502521779000459,2,"{""nevents"": 87.0, ""ndays_act"": 27.0, ""nchapters"": 11.0}"
HarvardX,4,aligned,0,4956,MCCE,bounded+edit,MCCE_bounded+edit,1,OK,0.0,0.04166531562805176,0.5502521779000459,2,"{""nevents"": 87.0, ""ndays_act"": 27.0, ""nchapters"": 11.0}"
HarvardX,4,aligned,0,5066,NICE,native,NICE_native,1,OK,0.0,0.004800319671630859,0.4347972745058355,2,"{""nevents"": 66.0, ""ndays_act"": 21.0, ""nchapters"": 7.0}"
HarvardX,4,aligned,0,5066,NICE,bounded,NICE_bounded,1,OK,0.0,0.004800319671630859,0.4347972745058355,2,"{""nevents"": 66.0, ""ndays_act"": 21.0, ""nchapters"": 7.0}"
HarvardX,4,aligned,0,5066,NICE,bounded+edit,NICE_bounded+edit,1,OK,0.0,0.004800319671630859,0.4347972745058355,2,"{""nevents"": 66.0, ""ndays_act"": 21.0, ""nchapters"": 7.0}"
HarvardX,4,aligned,0,5066,MCCE,native,MCCE_native,1,OK,0.0,0.04204249382019043,0.8703276439767029,3,"{""nevents"": 68.0, ""ndays_act"": 23.0, ""nchapters"": 9.0}"
HarvardX,4,aligned,0,5066,MCCE,bounded,MCCE_bounded,1,OK,0.0,0.04204249382019043,0.8703276439767029,3,"{""nevents"": 68.0, ""ndays_act"": 23.0, ""nchapters"": 9.0}"
HarvardX,4,aligned,0,5066,MCCE,bounded+edit,MCCE_bounded+edit,1,OK,0.0,0.04204249382019043,0.8703276439767029,3,"{""nevents"": 68.0, ""ndays_act"": 23.0, ""nchapters"": 9.0}"
HarvardX,4,aligned,0,5072,NICE,native,NICE_native,0,out_of_bounds:nevents,0.0,0.004765748977661133,0.11386193004944149,2,"{""nevents"": 66.0, ""ndays_act"": 21.0, ""nchapters"": 7.0}"
HarvardX,4,aligned,0,5072,NICE,bounded,NICE_bounded,0,classifier_target_not_met,0.0,0.004765748977661133,0.06976744186046512,1,"{""nevents"": 94.0, ""ndays_act"": 21.0, ""nchapters"": 7.0}"
HarvardX,4,aligned,0,5072,NICE,bounded+edit,NICE_bounded+edit,0,classifier_target_not_met,0.0,0.004765748977661133,0.06976744186046512,1,"{""nevents"": 94.0, ""ndays_act"": 21.0, ""nchapters"": 7.0}"
HarvardX,4,aligned,0,5072,MCCE,native,MCCE_native,1,OK,0.0,0.04160881042480469,0.9488372093023256,2,"{""nevents"": 94.0, ""ndays_act"": 33.0, ""nchapters"": 10.0}"
HarvardX,4,aligned,0,5072,MCCE,bounded,MCCE_bounded,1,OK,0.0,0.04160881042480469,0.9488372093023256,2,"{""nevents"": 94.0, ""ndays_act"": 33.0, ""nchapters"": 10.0}"
HarvardX,4,aligned,0,5072,MCCE,bounded+edit,MCCE_bounded+edit,1,OK,0.0,0.04160881042480469,0.9488372093023256,2,"{""nevents"": 94.0, ""ndays_act"": 33.0, ""nchapters"": 10.0}"
HarvardX,4,aligned,0,5083,NICE,native,NICE_native,1,OK,0.0,0.004701137542724609,0.4024777263217283,2,"{""nevents"": 66.0, ""ndays_act"": 21.0, ""nchapters"": 7.0}"
HarvardX,4,aligned,0,5083,NICE,bounded,NICE_bounded,1,OK,0.0,0.004701137542724609,0.4024777263217283,2,"{""nevents"": 66.0, ""ndays_act"": 21.0, ""nchapters"": 7.0}"
HarvardX,4,aligned,0,5083,NICE,bounded+edit,NICE_bounded+edit,1,OK,0.0,0.004701137542724609,0.4024777263217283,2,"{""nevents"": 66.0, ""ndays_act"": 21.0, ""nchapters"": 7.0}"
HarvardX,4,aligned,0,5083,MCCE,native,MCCE_native,1,OK,0.0,0.04047703742980957,0.8391499565104963,3,"{""nevents"": 68.0, ""ndays_act"": 23.0, ""nchapters"": 9.0}"
HarvardX,4,aligned,0,5083,MCCE,bounded,MCCE_bounded,1,OK,0.0,0.04047703742980957,0.8391499565104963,3,"{""nevents"": 68.0, ""ndays_act"": 23.0, ""nchapters"": 9.0}"
HarvardX,4,aligned,0,5083,MCCE,bounded+edit,MCCE_bounded+edit,1,OK,0.0,0.04047703742980957,0.8391499565104963,3,"{""nevents"": 68.0, ""ndays_act"": 23.0, ""nchapters"": 9.0}"
HarvardX,4,aligned,0,5111,NICE,native,NICE_native,1,OK,0.0,0.0046994686126708984,0.16103448275862067,2,"{""nevents"": 12.0, ""ndays_act"": 10.0, ""nchapters"": 12.0}"
HarvardX,4,aligned,0,5111,NICE,bounded,NICE_bounded,1,OK,0.0,0.0046994686126708984,0.16103448275862067,2,"{""nevents"": 12.0, ""ndays_act"": 10.0, ""nchapters"": 12.0}"
HarvardX,4,aligned,0,5111,NICE,bounded+edit,NICE_bounded+edit,1,OK,0.0,0.0046994686126708984,0.16103448275862067,2,"{""nevents"": 12.0, ""ndays_act"": 10.0, ""nchapters"": 12.0}"
HarvardX,4,aligned,0,5111,MCCE,native,MCCE_native,1,OK,0.0,0.027004718780517578,0.18586206896551724,2,"{""nevents"": 30.0, ""ndays_act"": 10.0, ""nchapters"": 12.0}"
HarvardX,4,aligned,0,5111,MCCE,bounded,MCCE_bounded,1,OK,0.0,0.027004718780517578,0.18586206896551724,2,"{""nevents"": 30.0, ""ndays_act"": 10.0, ""nchapters"": 12.0}"
HarvardX,4,aligned,0,5111,MCCE,bounded+edit,MCCE_bounded+edit,1,OK,0.0,0.027004718780517578,0.18586206896551724,2,"{""nevents"": 30.0, ""ndays_act"": 10.0, ""nchapters"": 12.0}"
HarvardX,4,aligned,0,5136,NICE,native,NICE_native,1,OK,0.0,0.0050296783447265625,0.28425925925925927,2,"{""nevents"": 66.0, ""ndays_act"": 21.0, ""nchapters"": 7.0}"
HarvardX,4,aligned,0,5136,NICE,bounded,NICE_bounded,1,OK,0.0,0.0050296783447265625,0.28425925925925927,2,"{""nevents"": 66.0, ""ndays_act"": 21.0, ""nchapters"": 7.0}"
HarvardX,4,aligned,0,5136,NICE,bounded+edit,NICE_bounded+edit,1,OK,0.0,0.0050296783447265625,0.28425925925925927,2,"{""nevents"": 66.0, ""ndays_act"": 21.0, ""nchapters"": 7.0}"
HarvardX,4,aligned,0,5136,MCCE,native,MCCE_native,1,OK,0.0,0.04210305213928223,0.7242374727668845,3,"{""nevents"": 68.0, ""ndays_act"": 23.0, ""nchapters"": 9.0}"
HarvardX,4,aligned,0,5136,MCCE,bounded,MCCE_bounded,1,OK,0.0,0.04210305213928223,0.7242374727668845,3,"{""nevents"": 68.0, ""ndays_act"": 23.0, ""nchapters"": 9.0}"
HarvardX,4,aligned,0,5136,MCCE,bounded+edit,MCCE_bounded+edit,1,OK,0.0,0.04210305213928223,0.7242374727668845,3,"{""nevents"": 68.0, ""ndays_act"": 23.0, ""nchapters"": 9.0}"
HarvardX,4,aligned,0,5146,NICE,native,NICE_native,0,out_of_bounds:nevents,0.0,0.004747867584228516,0.20392727272727273,2,"{""nevents"": 22.0, ""ndays_act"": 10.0, ""nchapters"": 12.0}"
HarvardX,4,aligned,0,5146,NICE,bounded,NICE_bounded,0,classifier_target_not_met,0.0,0.004747867584228516,0.07272727272727272,1,"{""nevents"": 104.0, ""ndays_act"": 10.0, ""nchapters"": 12.0}"
HarvardX,4,aligned,0,5146,NICE,bounded+edit,NICE_bounded+edit,0,classifier_target_not_met,0.0,0.004747867584228516,0.07272727272727272,1,"{""nevents"": 104.0, ""ndays_act"": 10.0, ""nchapters"": 12.0}"
HarvardX,4,aligned,0,5146,MCCE,native,MCCE_native,0,out_of_bounds:nevents,0.0,0.026606082916259766,0.19112727272727273,2,"{""nevents"": 30.0, ""ndays_act"": 10.0, ""nchapters"": 12.0}"
HarvardX,4,aligned,0,5146,MCCE,bounded,MCCE_bounded,1,OK,0.0,0.026606082916259766,0.3025454545454545,2,"{""nevents"": 134.0, ""ndays_act"": 20.0, ""nchapters"": 12.0}"
HarvardX,4,aligned,0,5146,MCCE,bounded+edit,MCCE_bounded+edit,1,OK,0.0,0.026606082916259766,0.3025454545454545,2,"{""nevents"": 134.0, ""ndays_act"": 20.0, ""nchapters"": 12.0}"
HarvardX,4,aligned,0,5149,NICE,native,NICE_native,0,out_of_bounds:nevents,0.0,0.004812955856323242,0.11815714070275976,2,"{""nevents"": 22.0, ""ndays_act"": 10.0, ""nchapters"": 12.0}"
HarvardX,4,aligned,0,5149,NICE,bounded,NICE_bounded,0,classifier_target_not_met,0.0,0.004812955856323242,0.10526315789473684,1,"{""nevents"": 31.0, ""ndays_act"": 10.0, ""nchapters"": 12.0}"
HarvardX,4,aligned,0,5149,NICE,bounded+edit,NICE_bounded+edit,0,classifier_target_not_met,0.0,0.004812955856323242,0.10526315789473684,1,"{""nevents"": 31.0, ""ndays_act"": 10.0, ""nchapters"": 12.0}"
HarvardX,4,aligned,0,5149,MCCE,native,MCCE_native,0,out_of_bounds:nevents,0.0,0.02804398536682129,0.10669582265118382,2,"{""nevents"": 30.0, ""ndays_act"": 10.0, ""nchapters"": 12.0}"
HarvardX,4,aligned,0,5149,MCCE,bounded,MCCE_bounded,1,OK,0.0,0.02804398536682129,0.14286432413411754,2,"{""nevents"": 45.0, ""ndays_act"": 11.0, ""nchapters"": 12.0}"
HarvardX,4,aligned,0,5149,MCCE,bounded+edit,MCCE_bounded+edit,1,OK,0.0,0.02804398536682129,0.14286432413411754,2,"{""nevents"": 45.0, ""ndays_act"": 11.0, ""nchapters"": 12.0}"
HarvardX,4,aligned,0,5152,NICE,native,NICE_native,1,OK,0.0,0.004875898361206055,0.4347972745058355,2,"{""nevents"": 66.0, ""ndays_act"": 21.0, ""nchapters"": 7.0}"
HarvardX,4,aligned,0,5152,NICE,bounded,NICE_bounded,1,OK,0.0,0.004875898361206055,0.4347972745058355,2,"{""nevents"": 66.0, ""ndays_act"": 21.0, ""nchapters"": 7.0}"
HarvardX,4,aligned,0,5152,NICE,bounded+edit,NICE_bounded+edit,1,OK,0.0,0.004875898361206055,0.4347972745058355,2,"{""nevents"": 66.0, ""ndays_act"": 21.0, ""nchapters"": 7.0}"
HarvardX,4,aligned,0,5152,MCCE,native,MCCE_native,1,OK,0.0,0.04127764701843262,0.8703276439767029,3,"{""nevents"": 68.0, ""ndays_act"": 23.0, ""nchapters"": 9.0}"
HarvardX,4,aligned,0,5152,MCCE,bounded,MCCE_bounded,1,OK,0.0,0.04127764701843262,0.8703276439767029,3,"{""nevents"": 68.0, ""ndays_act"": 23.0, ""nchapters"": 9.0}"
HarvardX,4,aligned,0,5152,MCCE,bounded+edit,MCCE_bounded+edit,1,OK,0.0,0.04127764701843262,0.8703276439767029,3,"{""nevents"": 68.0, ""ndays_act"": 23.0, ""nchapters"": 9.0}"
HarvardX,4,aligned,0,5180,NICE,native,NICE_native,0,out_of_bounds:nevents,0.0,0.004747867584228516,0.21143617021276595,2,"{""nevents"": 66.0, ""ndays_act"": 21.0, ""nchapters"": 7.0}"
HarvardX,4,aligned,0,5180,NICE,bounded,NICE_bounded,0,classifier_target_not_met,0.0,0.004747867584228516,0.14893617021276595,1,"{""nevents"": 105.0, ""ndays_act"": 21.0, ""nchapters"": 7.0}"
HarvardX,4,aligned,0,5180,NICE,bounded+edit,NICE_bounded+edit,0,classifier_target_not_met,0.0,0.004747867584228516,0.14893617021276595,1,"{""nevents"": 105.0, ""ndays_act"": 21.0, ""nchapters"": 7.0}"
HarvardX,4,aligned,0,5180,MCCE,native,MCCE_native,0,out_of_bounds:nevents,0.0,0.0416719913482666,0.710576923076923,2,"{""nevents"": 36.0, ""ndays_act"": 14.0, ""nchapters"": 10.0}"
HarvardX,4,aligned,0,5180,MCCE,bounded,MCCE_bounded,1,OK,0.0,0.0416719913482666,0.6283483360611021,3,"{""nevents"": 128.0, ""ndays_act"": 23.0, ""nchapters"": 9.0}"
HarvardX,4,aligned,0,5180,MCCE,bounded+edit,MCCE_bounded+edit,1,OK,0.0,0.0416719913482666,0.6283483360611021,3,"{""nevents"": 128.0, ""ndays_act"": 23.0, ""nchapters"": 9.0}"
HarvardX,4,aligned,0,5417,NICE,native,NICE_native,1,OK,0.0,0.0050907135009765625,0.257593788960671,2,"{""nevents"": 66.0, ""ndays_act"": 21.0, ""nchapters"": 7.0}"
HarvardX,4,aligned,0,5417,NICE,bounded,NICE_bounded,1,OK,0.0,0.0050907135009765625,0.257593788960671,2,"{""nevents"": 66.0, ""ndays_act"": 21.0, ""nchapters"": 7.0}"
HarvardX,4,aligned,0,5417,NICE,bounded+edit,NICE_bounded+edit,1,OK,0.0,0.0050907135009765625,0.257593788960671,2,"{""nevents"": 66.0, ""ndays_act"": 21.0, ""nchapters"": 7.0}"
HarvardX,4,aligned,0,5417,MCCE,native,MCCE_native,1,OK,0.0,0.04052090644836426,1.2745098039215685,2,"{""nevents"": 37.0, ""ndays_act"": 24.0, ""nchapters"": 12.0}"
HarvardX,4,aligned,0,5417,MCCE,bounded,MCCE_bounded,1,OK,0.0,0.04052090644836426,1.2745098039215685,2,"{""nevents"": 37.0, ""ndays_act"": 24.0, ""nchapters"": 12.0}"
HarvardX,4,aligned,0,5417,MCCE,bounded+edit,MCCE_bounded+edit,1,OK,0.0,0.04052090644836426,1.2745098039215685,2,"{""nevents"": 37.0, ""ndays_act"": 24.0, ""nchapters"": 12.0}"
HarvardX,4,aligned,0,5439,NICE,native,NICE_native,0,out_of_bounds:nevents,0.0,0.00469660758972168,0.11365801381281257,2,"{""nevents"": 22.0, ""ndays_act"": 10.0, ""nchapters"": 12.0}"
HarvardX,4,aligned,0,5439,NICE,bounded,NICE_bounded,0,classifier_target_not_met,0.0,0.00469660758972168,0.019230769230769232,1,"{""nevents"": 83.0, ""ndays_act"": 10.0, ""nchapters"": 12.0}"
HarvardX,4,aligned,0,5439,NICE,bounded+edit,NICE_bounded+edit,0,classifier_target_not_met,0.0,0.00469660758972168,0.019230769230769232,1,"{""nevents"": 83.0, ""ndays_act"": 10.0, ""nchapters"": 12.0}"
HarvardX,4,aligned,0,5439,MCCE,native,MCCE_native,0,out_of_bounds:nevents,0.0,0.02706146240234375,0.10127411288402001,2,"{""nevents"": 30.0, ""ndays_act"": 10.0, ""nchapters"": 12.0}"
HarvardX,4,aligned,0,5439,MCCE,bounded,MCCE_bounded,1,OK,0.0,0.02706146240234375,0.21397951893307932,2,"{""nevents"": 97.0, ""ndays_act"": 19.0, ""nchapters"": 12.0}"
HarvardX,4,aligned,0,5439,MCCE,bounded+edit,MCCE_bounded+edit,1,OK,0.0,0.02706146240234375,0.21397951893307932,2,"{""nevents"": 97.0, ""ndays_act"": 19.0, ""nchapters"": 12.0}"
HarvardX,4,aligned,0,5502,NICE,native,NICE_native,0,out_of_bounds:nevents,0.0,0.0047800540924072266,0.13915765509391007,2,"{""nevents"": 461.0, ""ndays_act"": 35.0, ""nchapters"": 12.0}"
HarvardX,4,aligned,0,5502,NICE,bounded,NICE_bounded,0,classifier_target_not_met,0.0,0.0047800540924072266,0.07142857142857142,1,"{""nevents"": 478.0, ""ndays_act"": 35.0, ""nchapters"": 12.0}"
HarvardX,4,aligned,0,5502,NICE,bounded+edit,NICE_bounded+edit,0,classifier_target_not_met,0.0,0.0047800540924072266,0.07142857142857142,1,"{""nevents"": 478.0, ""ndays_act"": 35.0, ""nchapters"": 12.0}"
HarvardX,4,aligned,0,5502,MCCE,native,MCCE_native,0,out_of_bounds:nevents,0.0,0.02665853500366211,0.6294820717131474,1,"{""nevents"": 320.0, ""ndays_act"": 33.0, ""nchapters"": 12.0}"
HarvardX,4,aligned,0,5502,MCCE,bounded,MCCE_bounded,1,OK,0.0,0.02665853500366211,0.28628343767786,2,"{""nevents"": 514.0, ""ndays_act"": 37.0, ""nchapters"": 12.0}"
HarvardX,4,aligned,0,5502,MCCE,bounded+edit,MCCE_bounded+edit,1,OK,0.0,0.02665853500366211,0.28628343767786,2,"{""nevents"": 514.0, ""ndays_act"": 37.0, ""nchapters"": 12.0}"
HarvardX,4,aligned,0,5561,NICE,native,NICE_native,0,out_of_bounds:nevents,0.0,0.005892276763916016,0.33630226126565804,3,"{""nevents"": 25.0, ""ndays_act"": 10.0, ""nchapters"": 9.0}"
HarvardX,4,aligned,0,5561,NICE,bounded,NICE_bounded,0,classifier_target_not_met,0.0,0.005892276763916016,0.3055555555555556,2,"{""nevents"": 46.0, ""ndays_act"": 10.0, ""nchapters"": 9.0}"
HarvardX,4,aligned,0,5561,NICE,bounded+edit,NICE_bounded+edit,0,classifier_target_not_met,0.0,0.005892276763916016,0.3055555555555556,2,"{""nevents"": 46.0, ""ndays_act"": 10.0, ""nchapters"": 9.0}"
HarvardX,4,aligned,0,5561,MCCE,native,MCCE_native,1,OK,0.0,0.040430307388305664,0.5785071308497369,3,"{""nevents"": 68.0, ""ndays_act"": 23.0, ""nchapters"": 9.0}"
HarvardX,4,aligned,0,5561,MCCE,bounded,MCCE_bounded,1,OK,0.0,0.040430307388305664,0.5785071308497369,3,"{""nevents"": 68.0, ""ndays_act"": 23.0, ""nchapters"": 9.0}"
HarvardX,4,aligned,0,5561,MCCE,bounded+edit,MCCE_bounded+edit,1,OK,0.0,0.040430307388305664,0.5785071308497369,3,"{""nevents"": 68.0, ""ndays_act"": 23.0, ""nchapters"": 9.0}"
HarvardX,4,aligned,0,5581,NICE,native,NICE_native,1,OK,0.0,0.005015373229980469,0.17765184735433673,2,"{""nevents"": 10.0, ""ndays_act"": 10.0, ""nchapters"": 10.0}"
HarvardX,4,aligned,0,5581,NICE,bounded,NICE_bounded,1,OK,0.0,0.005015373229980469,0.17765184735433673,2,"{""nevents"": 10.0, ""ndays_act"": 10.0, ""nchapters"": 10.0}"
HarvardX,4,aligned,0,5581,NICE,bounded+edit,NICE_bounded+edit,1,OK,0.0,0.005015373229980469,0.17765184735433673,2,"{""nevents"": 10.0, ""ndays_act"": 10.0, ""nchapters"": 10.0}"
HarvardX,4,aligned,0,5581,MCCE,native,MCCE_native,1,OK,0.0,0.04024147987365723,0.2788909127706942,2,"{""nevents"": 36.0, ""ndays_act"": 14.0, ""nchapters"": 10.0}"
HarvardX,4,aligned,0,5581,MCCE,bounded,MCCE_bounded,1,OK,0.0,0.04024147987365723,0.2788909127706942,2,"{""nevents"": 36.0, ""ndays_act"": 14.0, ""nchapters"": 10.0}"
HarvardX,4,aligned,0,5581,MCCE,bounded+edit,MCCE_bounded+edit,1,OK,0.0,0.04024147987365723,0.2788909127706942,2,"{""nevents"": 36.0, ""ndays_act"": 14.0, ""nchapters"": 10.0}"
HarvardX,4,aligned,0,5597,NICE,native,NICE_native,0,out_of_bounds:nevents,0.0,0.005739688873291016,0.3595427584653502,3,"{""nevents"": 25.0, ""ndays_act"": 10.0, ""nchapters"": 9.0}"
HarvardX,4,aligned,0,5597,NICE,bounded,NICE_bounded,0,classifier_target_not_met,0.0,0.005739688873291016,0.35526315789473684,2,"{""nevents"": 28.0, ""ndays_act"": 10.0, ""nchapters"": 9.0}"
HarvardX,4,aligned,0,5597,NICE,bounded+edit,NICE_bounded+edit,0,classifier_target_not_met,0.0,0.005739688873291016,0.35526315789473684,2,"{""nevents"": 28.0, ""ndays_act"": 10.0, ""nchapters"": 9.0}"
HarvardX,4,aligned,0,5597,MCCE,native,MCCE_native,1,OK,0.0,0.03966665267944336,0.6403946742748454,3,"{""nevents"": 68.0, ""ndays_act"": 23.0, ""nchapters"": 9.0}"
HarvardX,4,aligned,0,5597,MCCE,bounded,MCCE_bounded,1,OK,0.0,0.03966665267944336,0.6403946742748454,3,"{""nevents"": 68.0, ""ndays_act"": 23.0, ""nchapters"": 9.0}"
HarvardX,4,aligned,0,5597,MCCE,bounded+edit,MCCE_bounded+edit,1,OK,0.0,0.03966665267944336,0.6403946742748454,3,"{""nevents"": 68.0, ""ndays_act"": 23.0, ""nchapters"": 9.0}"
HarvardX,4,aligned,0,5616,NICE,native,NICE_native,1,OK,0.0,0.004789113998413086,0.41885057471264364,2,"{""nevents"": 66.0, ""ndays_act"": 21.0, ""nchapters"": 7.0}"
HarvardX,4,aligned,0,5616,NICE,bounded,NICE_bounded,1,OK,0.0,0.004789113998413086,0.41885057471264364,2,"{""nevents"": 66.0, ""ndays_act"": 21.0, ""nchapters"": 7.0}"
HarvardX,4,aligned,0,5616,NICE,bounded+edit,NICE_bounded+edit,1,OK,0.0,0.004789113998413086,0.41885057471264364,2,"{""nevents"": 66.0, ""ndays_act"": 21.0, ""nchapters"": 7.0}"
HarvardX,4,aligned,0,5616,MCCE,native,MCCE_native,1,OK,0.0,0.04159712791442871,0.8549425287356321,3,"{""nevents"": 68.0, ""ndays_act"": 23.0, ""nchapters"": 9.0}"
HarvardX,4,aligned,0,5616,MCCE,bounded,MCCE_bounded,1,OK,0.0,0.04159712791442871,0.8549425287356321,3,"{""nevents"": 68.0, ""ndays_act"": 23.0, ""nchapters"": 9.0}"
HarvardX,4,aligned,0,5616,MCCE,bounded+edit,MCCE_bounded+edit,1,OK,0.0,0.04159712791442871,0.8549425287356321,3,"{""nevents"": 68.0, ""ndays_act"": 23.0, ""nchapters"": 9.0}"
HarvardX,4,aligned,0,5634,NICE,native,NICE_native,0,out_of_bounds:nevents,0.0,0.0061757564544677734,0.4380626464422247,3,"{""nevents"": 25.0, ""ndays_act"": 10.0, ""nchapters"": 9.0}"
HarvardX,4,aligned,0,5634,NICE,bounded,NICE_bounded,0,classifier_target_not_met,0.0,0.0061757564544677734,0.28773584905660377,2,"{""nevents"": 117.0, ""ndays_act"": 10.0, ""nchapters"": 9.0}"
HarvardX,4,aligned,0,5634,NICE,bounded+edit,NICE_bounded+edit,0,classifier_target_not_met,0.0,0.0061757564544677734,0.28773584905660377,2,"{""nevents"": 117.0, ""ndays_act"": 10.0, ""nchapters"": 9.0}"
HarvardX,4,aligned,0,5634,MCCE,native,MCCE_native,1,OK,0.0,0.041146039962768555,0.5509927241336786,3,"{""nevents"": 128.0, ""ndays_act"": 23.0, ""nchapters"": 9.0}"
HarvardX,4,aligned,0,5634,MCCE,bounded,MCCE_bounded,1,OK,0.0,0.041146039962768555,0.5509927241336786,3,"{""nevents"": 128.0, ""ndays_act"": 23.0, ""nchapters"": 9.0}"
HarvardX,4,aligned,0,5634,MCCE,bounded+edit,MCCE_bounded+edit,1,OK,0.0,0.041146039962768555,0.5509927241336786,3,"{""nevents"": 128.0, ""ndays_act"": 23.0, ""nchapters"": 9.0}"
HarvardX,4,aligned,0,5639,NICE,native,NICE_native,1,OK,0.0,0.004828453063964844,0.3856586351175877,2,"{""nevents"": 66.0, ""ndays_act"": 21.0, ""nchapters"": 7.0}"
HarvardX,4,aligned,0,5639,NICE,bounded,NICE_bounded,1,OK,0.0,0.004828453063964844,0.3856586351175877,2,"{""nevents"": 66.0, ""ndays_act"": 21.0, ""nchapters"": 7.0}"
HarvardX,4,aligned,0,5639,NICE,bounded+edit,NICE_bounded+edit,1,OK,0.0,0.004828453063964844,0.3856586351175877,2,"{""nevents"": 66.0, ""ndays_act"": 21.0, ""nchapters"": 7.0}"
HarvardX,4,aligned,0,5639,MCCE,native,MCCE_native,1,OK,0.0,0.04106020927429199,0.8229307940172174,3,"{""nevents"": 68.0, ""ndays_act"": 23.0, ""nchapters"": 9.0}"
HarvardX,4,aligned,0,5639,MCCE,bounded,MCCE_bounded,1,OK,0.0,0.04106020927429199,0.8229307940172174,3,"{""nevents"": 68.0, ""ndays_act"": 23.0, ""nchapters"": 9.0}"
HarvardX,4,aligned,0,5639,MCCE,bounded+edit,MCCE_bounded+edit,1,OK,0.0,0.04106020927429199,0.8229307940172174,3,"{""nevents"": 68.0, ""ndays_act"": 23.0, ""nchapters"": 9.0}"
HarvardX,4,aligned,0,5694,NICE,native,NICE_native,0,out_of_bounds:nevents,0.0,0.003551006317138672,0.22878228782287824,1,"{""nevents"": 63.0, ""ndays_act"": 13.0, ""nchapters"": 12.0}"
HarvardX,4,aligned,0,5694,NICE,bounded,NICE_bounded,0,classifier_target_not_met,0.0,0.003551006317138672,0.0,0,"{""nevents"": 187.0, ""ndays_act"": 13.0, ""nchapters"": 12.0}"
HarvardX,4,aligned,0,5694,NICE,bounded+edit,NICE_bounded+edit,0,classifier_target_not_met,0.0,0.003551006317138672,0.0,0,"{""nevents"": 187.0, ""ndays_act"": 13.0, ""nchapters"": 12.0}"
HarvardX,4,aligned,0,5694,MCCE,native,MCCE_native,0,out_of_bounds:nevents,0.0,0.026633024215698242,0.28413284132841327,1,"{""nevents"": 33.0, ""ndays_act"": 13.0, ""nchapters"": 12.0}"
HarvardX,4,aligned,0,5694,MCCE,bounded,MCCE_bounded,1,OK,0.0,0.026633024215698242,0.30665744157441577,2,"{""nevents"": 229.0, ""ndays_act"": 24.0, ""nchapters"": 12.0}"
HarvardX,4,aligned,0,5694,MCCE,bounded+edit,MCCE_bounded+edit,1,OK,0.0,0.026633024215698242,0.30665744157441577,2,"{""nevents"": 229.0, ""ndays_act"": 24.0, ""nchapters"": 12.0}"
HarvardX,4,aligned,0,5699,NICE,native,NICE_native,0,out_of_bounds:nevents,0.0,0.004810810089111328,0.08825590849196782,2,"{""nevents"": 22.0, ""ndays_act"": 10.0, ""nchapters"": 12.0}"
HarvardX,4,aligned,0,5699,NICE,bounded,NICE_bounded,0,classifier_target_not_met,0.0,0.004810810089111328,0.03773584905660377,1,"{""nevents"": 56.0, ""ndays_act"": 10.0, ""nchapters"": 12.0}"
HarvardX,4,aligned,0,5699,NICE,bounded+edit,NICE_bounded+edit,0,classifier_target_not_met,0.0,0.004810810089111328,0.03773584905660377,1,"{""nevents"": 56.0, ""ndays_act"": 10.0, ""nchapters"": 12.0}"
HarvardX,4,aligned,0,5699,MCCE,native,MCCE_native,1,OK,0.0,0.027703523635864258,0.11320754716981132,1,"{""nevents"": 56.0, ""ndays_act"": 14.0, ""nchapters"": 12.0}"
HarvardX,4,aligned,0,5699,MCCE,bounded,MCCE_bounded,1,OK,0.0,0.027703523635864258,0.11320754716981132,1,"{""nevents"": 56.0, ""ndays_act"": 14.0, ""nchapters"": 12.0}"
HarvardX,4,aligned,0,5699,MCCE,bounded+edit,MCCE_bounded+edit,1,OK,0.0,0.027703523635864258,0.11320754716981132,1,"{""nevents"": 56.0, ""ndays_act"": 14.0, ""nchapters"": 12.0}"
HarvardX,4,aligned,0,5737,NICE,native,NICE_native,0,out_of_bounds:nevents,0.0,0.0046236515045166016,0.39456352904628766,2,"{""nevents"": 22.0, ""ndays_act"": 10.0, ""nchapters"": 12.0}"
HarvardX,4,aligned,0,5737,NICE,bounded,NICE_bounded,0,classifier_target_not_met,0.0,0.0046236515045166016,0.1206896551724138,1,"{""nevents"": 174.0, ""ndays_act"": 10.0, ""nchapters"": 12.0}"
HarvardX,4,aligned,0,5737,NICE,bounded+edit,NICE_bounded+edit,0,classifier_target_not_met,0.0,0.0046236515045166016,0.1206896551724138,1,"{""nevents"": 174.0, ""ndays_act"": 10.0, ""nchapters"": 12.0}"
HarvardX,4,aligned,0,5737,MCCE,native,MCCE_native,1,OK,0.0,0.027841567993164062,0.43103448275862066,1,"{""nevents"": 174.0, ""ndays_act"": 28.0, ""nchapters"": 12.0}"
HarvardX,4,aligned,0,5737,MCCE,bounded,MCCE_bounded,1,OK,0.0,0.027841567993164062,0.43103448275862066,1,"{""nevents"": 174.0, ""ndays_act"": 28.0, ""nchapters"": 12.0}"
HarvardX,4,aligned,0,5737,MCCE,bounded+edit,MCCE_bounded+edit,1,OK,0.0,0.027841567993164062,0.43103448275862066,1,"{""nevents"": 174.0, ""ndays_act"": 28.0, ""nchapters"": 12.0}"
HarvardX,4,aligned,0,5755,NICE,native,NICE_native,1,OK,0.0,0.00584101676940918,0.5855172413793103,3,"{""nevents"": 66.0, ""ndays_act"": 21.0, ""nchapters"": 7.0}"
HarvardX,4,aligned,0,5755,NICE,bounded,NICE_bounded,1,OK,0.0,0.00584101676940918,0.5855172413793103,3,"{""nevents"": 66.0, ""ndays_act"": 21.0, ""nchapters"": 7.0}"
HarvardX,4,aligned,0,5755,NICE,bounded+edit,NICE_bounded+edit,1,OK,0.0,0.00584101676940918,0.5855172413793103,3,"{""nevents"": 66.0, ""ndays_act"": 21.0, ""nchapters"": 7.0}"
HarvardX,4,aligned,0,5755,MCCE,native,MCCE_native,1,OK,0.0,0.04160785675048828,0.9549425287356321,3,"{""nevents"": 68.0, ""ndays_act"": 23.0, ""nchapters"": 9.0}"
HarvardX,4,aligned,0,5755,MCCE,bounded,MCCE_bounded,1,OK,0.0,0.04160785675048828,0.9549425287356321,3,"{""nevents"": 68.0, ""ndays_act"": 23.0, ""nchapters"": 9.0}"
HarvardX,4,aligned,0,5755,MCCE,bounded+edit,MCCE_bounded+edit,1,OK,0.0,0.04160785675048828,0.9549425287356321,3,"{""nevents"": 68.0, ""ndays_act"": 23.0, ""nchapters"": 9.0}"
HarvardX,4,aligned,0,5791,NICE,native,NICE_native,1,OK,0.0,0.006154060363769531,0.6014639411725021,3,"{""nevents"": 66.0, ""ndays_act"": 21.0, ""nchapters"": 7.0}"
HarvardX,4,aligned,0,5791,NICE,bounded,NICE_bounded,1,OK,0.0,0.006154060363769531,0.6014639411725021,3,"{""nevents"": 66.0, ""ndays_act"": 21.0, ""nchapters"": 7.0}"
HarvardX,4,aligned,0,5791,NICE,bounded+edit,NICE_bounded+edit,1,OK,0.0,0.006154060363769531,0.6014639411725021,3,"{""nevents"": 66.0, ""ndays_act"": 21.0, ""nchapters"": 7.0}"
HarvardX,4,aligned,0,5791,MCCE,native,MCCE_native,1,OK,0.0,0.04131770133972168,0.9703276439767028,3,"{""nevents"": 68.0, ""ndays_act"": 23.0, ""nchapters"": 9.0}"
HarvardX,4,aligned,0,5791,MCCE,bounded,MCCE_bounded,1,OK,0.0,0.04131770133972168,0.9703276439767028,3,"{""nevents"": 68.0, ""ndays_act"": 23.0, ""nchapters"": 9.0}"
HarvardX,4,aligned,0,5791,MCCE,bounded+edit,MCCE_bounded+edit,1,OK,0.0,0.04131770133972168,0.9703276439767028,3,"{""nevents"": 68.0, ""ndays_act"": 23.0, ""nchapters"": 9.0}"
HarvardX,4,aligned,0,5839,NICE,native,NICE_native,1,OK,0.0,0.012977838516235352,0.16375515818431913,2,"{""nevents"": 12.0, ""ndays_act"": 10.0, ""nchapters"": 12.0}"
HarvardX,4,aligned,0,5839,NICE,bounded,NICE_bounded,1,OK,0.0,0.012977838516235352,0.16375515818431913,2,"{""nevents"": 12.0, ""ndays_act"": 10.0, ""nchapters"": 12.0}"
HarvardX,4,aligned,0,5839,NICE,bounded+edit,NICE_bounded+edit,1,OK,0.0,0.012977838516235352,0.16375515818431913,2,"{""nevents"": 12.0, ""ndays_act"": 10.0, ""nchapters"": 12.0}"
HarvardX,4,aligned,0,5839,MCCE,native,MCCE_native,1,OK,0.0,0.029019594192504883,0.18851444291609354,2,"{""nevents"": 30.0, ""ndays_act"": 10.0, ""nchapters"": 12.0}"
HarvardX,4,aligned,0,5839,MCCE,bounded,MCCE_bounded,1,OK,0.0,0.029019594192504883,0.18851444291609354,2,"{""nevents"": 30.0, ""ndays_act"": 10.0, ""nchapters"": 12.0}"
HarvardX,4,aligned,0,5839,MCCE,bounded+edit,MCCE_bounded+edit,1,OK,0.0,0.029019594192504883,0.18851444291609354,2,"{""nevents"": 30.0, ""ndays_act"": 10.0, ""nchapters"": 12.0}"
HarvardX,4,aligned,0,5858,NICE,native,NICE_native,1,OK,0.0,0.004826545715332031,0.4347972745058355,2,"{""nevents"": 66.0, ""ndays_act"": 21.0, ""nchapters"": 7.0}"
HarvardX,4,aligned,0,5858,NICE,bounded,NICE_bounded,1,OK,0.0,0.004826545715332031,0.4347972745058355,2,"{""nevents"": 66.0, ""ndays_act"": 21.0, ""nchapters"": 7.0}"
HarvardX,4,aligned,0,5858,NICE,bounded+edit,NICE_bounded+edit,1,OK,0.0,0.004826545715332031,0.4347972745058355,2,"{""nevents"": 66.0, ""ndays_act"": 21.0, ""nchapters"": 7.0}"
HarvardX,4,aligned,0,5858,MCCE,native,MCCE_native,1,OK,0.0,0.04082751274108887,0.8703276439767029,3,"{""nevents"": 68.0, ""ndays_act"": 23.0, ""nchapters"": 9.0}"
HarvardX,4,aligned,0,5858,MCCE,bounded,MCCE_bounded,1,OK,0.0,0.04082751274108887,0.8703276439767029,3,"{""nevents"": 68.0, ""ndays_act"": 23.0, ""nchapters"": 9.0}"
HarvardX,4,aligned,0,5858,MCCE,bounded+edit,MCCE_bounded+edit,1,OK,0.0,0.04082751274108887,0.8703276439767029,3,"{""nevents"": 68.0, ""ndays_act"": 23.0, ""nchapters"": 9.0}"
HarvardX,4,aligned,0,5872,NICE,native,NICE_native,1,OK,0.0,0.0036046504974365234,0.019230769230769232,1,"{""nevents"": 13.0, ""ndays_act"": 10.0, ""nchapters"": 12.0}"
HarvardX,4,aligned,0,5872,NICE,bounded,NICE_bounded,1,OK,0.0,0.0036046504974365234,0.019230769230769232,1,"{""nevents"": 13.0, ""ndays_act"": 10.0, ""nchapters"": 12.0}"
HarvardX,4,aligned,0,5872,NICE,bounded+edit,NICE_bounded+edit,1,OK,0.0,0.0036046504974365234,0.019230769230769232,1,"{""nevents"": 13.0, ""ndays_act"": 10.0, ""nchapters"": 12.0}"
HarvardX,4,aligned,0,5872,MCCE,native,MCCE_native,1,OK,0.0,0.028548240661621094,0.04297378599054577,2,"{""nevents"": 30.0, ""ndays_act"": 10.0, ""nchapters"": 12.0}"
HarvardX,4,aligned,0,5872,MCCE,bounded,MCCE_bounded,1,OK,0.0,0.028548240661621094,0.04297378599054577,2,"{""nevents"": 30.0, ""ndays_act"": 10.0, ""nchapters"": 12.0}"
HarvardX,4,aligned,0,5872,MCCE,bounded+edit,MCCE_bounded+edit,1,OK,0.0,0.028548240661621094,0.04297378599054577,2,"{""nevents"": 30.0, ""ndays_act"": 10.0, ""nchapters"": 12.0}"
HarvardX,4,aligned,0,5977,NICE,native,NICE_native,0,out_of_bounds:nevents,0.0,0.004832029342651367,0.15306938888122498,2,"{""nevents"": 53.0, ""ndays_act"": 13.0, ""nchapters"": 11.0}"
HarvardX,4,aligned,0,5977,NICE,bounded,NICE_bounded,0,classifier_target_not_met,0.0,0.004832029342651367,0.12727272727272726,1,"{""nevents"": 70.0, ""ndays_act"": 13.0, ""nchapters"": 11.0}"
HarvardX,4,aligned,0,5977,NICE,bounded+edit,NICE_bounded+edit,0,classifier_target_not_met,0.0,0.004832029342651367,0.12727272727272726,1,"{""nevents"": 70.0, ""ndays_act"": 13.0, ""nchapters"": 11.0}"
HarvardX,4,aligned,0,5977,MCCE,native,MCCE_native,1,OK,0.0,0.04000520706176758,0.40761484342667953,2,"{""nevents"": 87.0, ""ndays_act"": 27.0, ""nchapters"": 11.0}"
HarvardX,4,aligned,0,5977,MCCE,bounded,MCCE_bounded,1,OK,0.0,0.04000520706176758,0.40761484342667953,2,"{""nevents"": 87.0, ""ndays_act"": 27.0, ""nchapters"": 11.0}"
HarvardX,4,aligned,0,5977,MCCE,bounded+edit,MCCE_bounded+edit,1,OK,0.0,0.04000520706176758,0.40761484342667953,2,"{""nevents"": 87.0, ""ndays_act"": 27.0, ""nchapters"": 11.0}"
HarvardX,4,aligned,0,5991,NICE,native,NICE_native,0,out_of_bounds:nevents,0.0,0.004578113555908203,0.1471953578336557,2,"{""nevents"": 22.0, ""ndays_act"": 10.0, ""nchapters"": 12.0}"
HarvardX,4,aligned,0,5991,NICE,bounded,NICE_bounded,0,classifier_target_not_met,0.0,0.004578113555908203,0.07272727272727272,1,"{""nevents"": 71.0, ""ndays_act"": 10.0, ""nchapters"": 12.0}"
HarvardX,4,aligned,0,5991,NICE,bounded+edit,NICE_bounded+edit,0,classifier_target_not_met,0.0,0.004578113555908203,0.07272727272727272,1,"{""nevents"": 71.0, ""ndays_act"": 10.0, ""nchapters"": 12.0}"
HarvardX,4,aligned,0,5991,MCCE,native,MCCE_native,1,OK,0.0,0.02694845199584961,0.34545454545454546,1,"{""nevents"": 71.0, ""ndays_act"": 25.0, ""nchapters"": 12.0}"
HarvardX,4,aligned,0,5991,MCCE,bounded,MCCE_bounded,1,OK,0.0,0.02694845199584961,0.34545454545454546,1,"{""nevents"": 71.0, ""ndays_act"": 25.0, ""nchapters"": 12.0}"
HarvardX,4,aligned,0,5991,MCCE,bounded+edit,MCCE_bounded+edit,1,OK,0.0,0.02694845199584961,0.34545454545454546,1,"{""nevents"": 71.0, ""ndays_act"": 25.0, ""nchapters"": 12.0}"
HarvardX,4,aligned,0,6005,NICE,native,NICE_native,1,OK,0.0,0.0036721229553222656,0.023255813953488372,1,"{""nevents"": 126.0, ""ndays_act"": 19.0, ""nchapters"": 12.0}"
HarvardX,4,aligned,0,6005,NICE,bounded,NICE_bounded,1,OK,0.0,0.0036721229553222656,0.023255813953488372,1,"{""nevents"": 126.0, ""ndays_act"": 19.0, ""nchapters"": 12.0}"
HarvardX,4,aligned,0,6005,NICE,bounded+edit,NICE_bounded+edit,1,OK,0.0,0.0036721229553222656,0.023255813953488372,1,"{""nevents"": 126.0, ""ndays_act"": 19.0, ""nchapters"": 12.0}"
HarvardX,4,aligned,0,6005,MCCE,native,MCCE_native,0,out_of_bounds:nevents,0.0,0.03642988204956055,0.0663735585637703,2,"{""nevents"": 100.0, ""ndays_act"": 19.0, ""nchapters"": 12.0}"
HarvardX,4,aligned,0,6005,MCCE,bounded,MCCE_bounded,1,OK,0.0,0.03642988204956055,0.05977862624860195,2,"{""nevents"": 134.0, ""ndays_act"": 20.0, ""nchapters"": 12.0}"
HarvardX,4,aligned,0,6005,MCCE,bounded+edit,MCCE_bounded+edit,1,OK,0.0,0.03642988204956055,0.05977862624860195,2,"{""nevents"": 134.0, ""ndays_act"": 20.0, ""nchapters"": 12.0}"
HarvardX,4,aligned,0,6023,NICE,native,NICE_native,0,out_of_bounds:nevents,0.0,0.0037779808044433594,0.09375,1,"{""nevents"": 134.0, ""ndays_act"": 20.0, ""nchapters"": 12.0}"
HarvardX,4,aligned,0,6023,NICE,bounded,NICE_bounded,0,classifier_target_not_met,0.0,0.0037779808044433594,0.0,0,"{""nevents"": 185.0, ""ndays_act"": 20.0, ""nchapters"": 12.0}"
HarvardX,4,aligned,0,6023,NICE,bounded+edit,NICE_bounded+edit,0,classifier_target_not_met,0.0,0.0037779808044433594,0.0,0,"{""nevents"": 185.0, ""ndays_act"": 20.0, ""nchapters"": 12.0}"
HarvardX,4,aligned,0,6023,MCCE,native,MCCE_native,0,out_of_bounds:nevents,0.0,0.026032686233520508,0.09375,1,"{""nevents"": 134.0, ""ndays_act"": 20.0, ""nchapters"": 12.0}"
HarvardX,4,aligned,0,6023,MCCE,bounded,MCCE_bounded,1,OK,0.0,0.026032686233520508,0.1784433285509326,2,"{""nevents"": 229.0, ""ndays_act"": 24.0, ""nchapters"": 12.0}"
HarvardX,4,aligned,0,6023,MCCE,bounded+edit,MCCE_bounded+edit,1,OK,0.0,0.026032686233520508,0.1784433285509326,2,"{""nevents"": 229.0, ""ndays_act"": 24.0, ""nchapters"": 12.0}"
HarvardX,4,aligned,0,6048,NICE,native,NICE_native,0,out_of_bounds:nevents,0.0,0.004936695098876953,0.19673363202774968,2,"{""nevents"": 22.0, ""ndays_act"": 10.0, ""nchapters"": 12.0}"
HarvardX,4,aligned,0,6048,NICE,bounded,NICE_bounded,0,classifier_target_not_met,0.0,0.004936695098876953,0.07272727272727272,1,"{""nevents"": 100.0, ""ndays_act"": 10.0, ""nchapters"": 12.0}"
HarvardX,4,aligned,0,6048,NICE,bounded+edit,NICE_bounded+edit,0,classifier_target_not_met,0.0,0.004936695098876953,0.07272727272727272,1,"{""nevents"": 100.0, ""ndays_act"": 10.0, ""nchapters"": 12.0}"
HarvardX,4,aligned,0,6048,MCCE,native,MCCE_native,1,OK,0.0,0.025909423828125,0.23636363636363636,1,"{""nevents"": 100.0, ""ndays_act"": 19.0, ""nchapters"": 12.0}"
HarvardX,4,aligned,0,6048,MCCE,bounded,MCCE_bounded,1,OK,0.0,0.025909423828125,0.23636363636363636,1,"{""nevents"": 100.0, ""ndays_act"": 19.0, ""nchapters"": 12.0}"
HarvardX,4,aligned,0,6048,MCCE,bounded+edit,MCCE_bounded+edit,1,OK,0.0,0.025909423828125,0.23636363636363636,1,"{""nevents"": 100.0, ""ndays_act"": 19.0, ""nchapters"": 12.0}"
HarvardX,4,aligned,0,6088,NICE,native,NICE_native,1,OK,0.0,0.005820512771606445,0.40097783572359846,3,"{""nevents"": 25.0, ""ndays_act"": 10.0, ""nchapters"": 9.0}"
HarvardX,4,aligned,0,6088,NICE,bounded,NICE_bounded,1,OK,0.0,0.005820512771606445,0.40097783572359846,3,"{""nevents"": 25.0, ""ndays_act"": 10.0, ""nchapters"": 9.0}"
HarvardX,4,aligned,0,6088,NICE,bounded+edit,NICE_bounded+edit,1,OK,0.0,0.005820512771606445,0.40097783572359846,3,"{""nevents"": 25.0, ""ndays_act"": 10.0, ""nchapters"": 9.0}"
HarvardX,4,aligned,0,6088,MCCE,native,MCCE_native,1,OK,0.0,0.04022693634033203,0.6814566789143061,3,"{""nevents"": 68.0, ""ndays_act"": 23.0, ""nchapters"": 9.0}"
HarvardX,4,aligned,0,6088,MCCE,bounded,MCCE_bounded,1,OK,0.0,0.04022693634033203,0.6814566789143061,3,"{""nevents"": 68.0, ""ndays_act"": 23.0, ""nchapters"": 9.0}"
HarvardX,4,aligned,0,6088,MCCE,bounded+edit,MCCE_bounded+edit,1,OK,0.0,0.04022693634033203,0.6814566789143061,3,"{""nevents"": 68.0, ""ndays_act"": 23.0, ""nchapters"": 9.0}"
HarvardX,4,aligned,0,6111,NICE,native,NICE_native,1,OK,0.0,0.005915641784667969,0.6014639411725021,3,"{""nevents"": 66.0, ""ndays_act"": 21.0, ""nchapters"": 7.0}"
HarvardX,4,aligned,0,6111,NICE,bounded,NICE_bounded,1,OK,0.0,0.005915641784667969,0.6014639411725021,3,"{""nevents"": 66.0, ""ndays_act"": 21.0, ""nchapters"": 7.0}"
HarvardX,4,aligned,0,6111,NICE,bounded+edit,NICE_bounded+edit,1,OK,0.0,0.005915641784667969,0.6014639411725021,3,"{""nevents"": 66.0, ""ndays_act"": 21.0, ""nchapters"": 7.0}"
HarvardX,4,aligned,0,6111,MCCE,native,MCCE_native,1,OK,0.0,0.0406191349029541,0.9703276439767028,3,"{""nevents"": 68.0, ""ndays_act"": 23.0, ""nchapters"": 9.0}"
HarvardX,4,aligned,0,6111,MCCE,bounded,MCCE_bounded,1,OK,0.0,0.0406191349029541,0.9703276439767028,3,"{""nevents"": 68.0, ""ndays_act"": 23.0, ""nchapters"": 9.0}"
HarvardX,4,aligned,0,6111,MCCE,bounded+edit,MCCE_bounded+edit,1,OK,0.0,0.0406191349029541,0.9703276439767028,3,"{""nevents"": 68.0, ""ndays_act"": 23.0, ""nchapters"": 9.0}"
HarvardX,4,aligned,0,6145,NICE,native,NICE_native,1,OK,0.0,0.005735635757446289,0.5350385079107305,3,"{""nevents"": 66.0, ""ndays_act"": 21.0, ""nchapters"": 7.0}"
HarvardX,4,aligned,0,6145,NICE,bounded,NICE_bounded,1,OK,0.0,0.005735635757446289,0.5350385079107305,3,"{""nevents"": 66.0, ""ndays_act"": 21.0, ""nchapters"": 7.0}"
HarvardX,4,aligned,0,6145,NICE,bounded+edit,NICE_bounded+edit,1,OK,0.0,0.005735635757446289,0.5350385079107305,3,"{""nevents"": 66.0, ""ndays_act"": 21.0, ""nchapters"": 7.0}"
HarvardX,4,aligned,0,6145,MCCE,native,MCCE_native,1,OK,0.0,0.04023480415344238,0.9062646096306686,3,"{""nevents"": 68.0, ""ndays_act"": 23.0, ""nchapters"": 9.0}"
HarvardX,4,aligned,0,6145,MCCE,bounded,MCCE_bounded,1,OK,0.0,0.04023480415344238,0.9062646096306686,3,"{""nevents"": 68.0, ""ndays_act"": 23.0, ""nchapters"": 9.0}"
HarvardX,4,aligned,0,6145,MCCE,bounded+edit,MCCE_bounded+edit,1,OK,0.0,0.04023480415344238,0.9062646096306686,3,"{""nevents"": 68.0, ""ndays_act"": 23.0, ""nchapters"": 9.0}"
HarvardX,4,aligned,0,6185,NICE,native,NICE_native,0,out_of_bounds:nevents,0.0,0.005728721618652344,0.38137388926862614,3,"{""nevents"": 25.0, ""ndays_act"": 10.0, ""nchapters"": 9.0}"
HarvardX,4,aligned,0,6185,NICE,bounded,NICE_bounded,0,classifier_target_not_met,0.0,0.005728721618652344,0.32272727272727275,2,"{""nevents"": 64.0, ""ndays_act"": 10.0, ""nchapters"": 9.0}"
HarvardX,4,aligned,0,6185,NICE,bounded+edit,NICE_bounded+edit,0,classifier_target_not_met,0.0,0.005728721618652344,0.32272727272727275,2,"{""nevents"": 64.0, ""ndays_act"": 10.0, ""nchapters"": 9.0}"
HarvardX,4,aligned,0,6185,MCCE,native,MCCE_native,1,OK,0.0,0.040169715881347656,0.565105946684894,3,"{""nevents"": 68.0, ""ndays_act"": 23.0, ""nchapters"": 9.0}"
HarvardX,4,aligned,0,6185,MCCE,bounded,MCCE_bounded,1,OK,0.0,0.040169715881347656,0.565105946684894,3,"{""nevents"": 68.0, ""ndays_act"": 23.0, ""nchapters"": 9.0}"
HarvardX,4,aligned,0,6185,MCCE,bounded+edit,MCCE_bounded+edit,1,OK,0.0,0.040169715881347656,0.565105946684894,3,"{""nevents"": 68.0, ""ndays_act"": 23.0, ""nchapters"": 9.0}"
HarvardX,4,aligned,0,6202,NICE,native,NICE_native,0,out_of_bounds:nevents,0.0,0.0034885406494140625,0.1040650406504065,1,"{""nevents"": 50.0, ""ndays_act"": 12.0, ""nchapters"": 12.0}"
HarvardX,4,aligned,0,6202,NICE,bounded,NICE_bounded,0,classifier_target_not_met,0.0,0.0034885406494140625,0.0,0,"{""nevents"": 114.0, ""ndays_act"": 12.0, ""nchapters"": 12.0}"
HarvardX,4,aligned,0,6202,NICE,bounded+edit,NICE_bounded+edit,0,classifier_target_not_met,0.0,0.0034885406494140625,0.0,0,"{""nevents"": 114.0, ""ndays_act"": 12.0, ""nchapters"": 12.0}"
HarvardX,4,aligned,0,6202,MCCE,native,MCCE_native,0,out_of_bounds:nevents,0.0,0.026811838150024414,0.13658536585365855,1,"{""nevents"": 30.0, ""ndays_act"": 12.0, ""nchapters"": 12.0}"
HarvardX,4,aligned,0,6202,MCCE,bounded,MCCE_bounded,1,OK,0.0,0.026811838150024414,0.195785631325701,2,"{""nevents"": 134.0, ""ndays_act"": 20.0, ""nchapters"": 12.0}"
HarvardX,4,aligned,0,6202,MCCE,bounded+edit,MCCE_bounded+edit,1,OK,0.0,0.026811838150024414,0.195785631325701,2,"{""nevents"": 134.0, ""ndays_act"": 20.0, ""nchapters"": 12.0}"
HarvardX,4,aligned,0,6223,NICE,native,NICE_native,0,out_of_bounds:nevents,0.0,0.004584312438964844,0.1761344537815126,2,"{""nevents"": 53.0, ""ndays_act"": 13.0, ""nchapters"": 11.0}"
HarvardX,4,aligned,0,6223,NICE,bounded,NICE_bounded,0,classifier_target_not_met,0.0,0.004584312438964844,0.04,1,"{""nevents"": 134.0, ""ndays_act"": 13.0, ""nchapters"": 11.0}"
HarvardX,4,aligned,0,6223,NICE,bounded+edit,NICE_bounded+edit,0,classifier_target_not_met,0.0,0.004584312438964844,0.04,1,"{""nevents"": 134.0, ""ndays_act"": 13.0, ""nchapters"": 11.0}"
HarvardX,4,aligned,0,6223,MCCE,native,MCCE_native,0,out_of_bounds:nevents,0.0,0.04007840156555176,0.39899159663865547,2,"{""nevents"": 87.0, ""ndays_act"": 27.0, ""nchapters"": 11.0}"
HarvardX,4,aligned,0,6223,MCCE,bounded,MCCE_bounded,1,OK,0.0,0.04007840156555176,0.5942857142857143,2,"{""nevents"": 202.0, ""ndays_act"": 35.0, ""nchapters"": 11.0}"
HarvardX,4,aligned,0,6223,MCCE,bounded+edit,MCCE_bounded+edit,1,OK,0.0,0.04007840156555176,0.5942857142857143,2,"{""nevents"": 202.0, ""ndays_act"": 35.0, ""nchapters"": 11.0}"
HarvardX,4,aligned,0,6308,NICE,native,NICE_native,1,OK,0.0,0.004519939422607422,0.4347972745058355,2,"{""nevents"": 66.0, ""ndays_act"": 21.0, ""nchapters"": 7.0}"
HarvardX,4,aligned,0,6308,NICE,bounded,NICE_bounded,1,OK,0.0,0.004519939422607422,0.4347972745058355,2,"{""nevents"": 66.0, ""ndays_act"": 21.0, ""nchapters"": 7.0}"
HarvardX,4,aligned,0,6308,NICE,bounded+edit,NICE_bounded+edit,1,OK,0.0,0.004519939422607422,0.4347972745058355,2,"{""nevents"": 66.0, ""ndays_act"": 21.0, ""nchapters"": 7.0}"
HarvardX,4,aligned,0,6308,MCCE,native,MCCE_native,1,OK,0.0,0.04031944274902344,0.8703276439767029,3,"{""nevents"": 68.0, ""ndays_act"": 23.0, ""nchapters"": 9.0}"
HarvardX,4,aligned,0,6308,MCCE,bounded,MCCE_bounded,1,OK,0.0,0.04031944274902344,0.8703276439767029,3,"{""nevents"": 68.0, ""ndays_act"": 23.0, ""nchapters"": 9.0}"
HarvardX,4,aligned,0,6308,MCCE,bounded+edit,MCCE_bounded+edit,1,OK,0.0,0.04031944274902344,0.8703276439767029,3,"{""nevents"": 68.0, ""ndays_act"": 23.0, ""nchapters"": 9.0}"
HarvardX,4,aligned,0,6373,NICE,native,NICE_native,0,out_of_bounds:nevents,0.0,0.0033855438232421875,0.045813586097946286,1,"{""nevents"": 67.0, ""ndays_act"": 15.0, ""nchapters"": 12.0}"
HarvardX,4,aligned,0,6373,NICE,bounded,NICE_bounded,0,classifier_target_not_met,0.0,0.0033855438232421875,0.0,0,"{""nevents"": 96.0, ""ndays_act"": 15.0, ""nchapters"": 12.0}"
HarvardX,4,aligned,0,6373,NICE,bounded+edit,NICE_bounded+edit,0,classifier_target_not_met,0.0,0.0033855438232421875,0.0,0,"{""nevents"": 96.0, ""ndays_act"": 15.0, ""nchapters"": 12.0}"
HarvardX,4,aligned,0,6373,MCCE,native,MCCE_native,0,out_of_bounds:nevents,0.0,0.02681255340576172,0.05055292259083728,1,"{""nevents"": 64.0, ""ndays_act"": 15.0, ""nchapters"": 12.0}"
HarvardX,4,aligned,0,6373,MCCE,bounded,MCCE_bounded,1,OK,0.0,0.02681255340576172,0.0885363005700941,2,"{""nevents"": 97.0, ""ndays_act"": 19.0, ""nchapters"": 12.0}"
HarvardX,4,aligned,0,6373,MCCE,bounded+edit,MCCE_bounded+edit,1,OK,0.0,0.02681255340576172,0.0885363005700941,2,"{""nevents"": 97.0, ""ndays_act"": 19.0, ""nchapters"": 12.0}"
HarvardX,4,aligned,0,6378,NICE,native,NICE_native,0,out_of_bounds:nevents,0.0,0.00463104248046875,0.09840487615095318,2,"{""nevents"": 10.0, ""ndays_act"": 10.0, ""nchapters"": 10.0}"
HarvardX,4,aligned,0,6378,NICE,bounded,NICE_bounded,0,classifier_target_not_met,0.0,0.00463104248046875,0.07272727272727272,1,"{""nevents"": 28.0, ""ndays_act"": 10.0, ""nchapters"": 10.0}"
HarvardX,4,aligned,0,6378,NICE,bounded+edit,NICE_bounded+edit,0,classifier_target_not_met,0.0,0.00463104248046875,0.07272727272727272,1,"{""nevents"": 28.0, ""ndays_act"": 10.0, ""nchapters"": 10.0}"
HarvardX,4,aligned,0,6378,MCCE,native,MCCE_native,1,OK,0.0,0.04229021072387695,0.15686681364284788,2,"{""nevents"": 36.0, ""ndays_act"": 14.0, ""nchapters"": 10.0}"
HarvardX,4,aligned,0,6378,MCCE,bounded,MCCE_bounded,1,OK,0.0,0.04229021072387695,0.15686681364284788,2,"{""nevents"": 36.0, ""ndays_act"": 14.0, ""nchapters"": 10.0}"
HarvardX,4,aligned,0,6378,MCCE,bounded+edit,MCCE_bounded+edit,1,OK,0.0,0.04229021072387695,0.15686681364284788,2,"{""nevents"": 36.0, ""ndays_act"": 14.0, ""nchapters"": 10.0}"
HarvardX,4,aligned,0,6416,NICE,native,NICE_native,1,OK,0.0,0.0034558773040771484,0.13559322033898305,1,"{""nevents"": 8.0, ""ndays_act"": 10.0, ""nchapters"": 12.0}"
HarvardX,4,aligned,0,6416,NICE,bounded,NICE_bounded,1,OK,0.0,0.0034558773040771484,0.13559322033898305,1,"{""nevents"": 8.0, ""ndays_act"": 10.0, ""nchapters"": 12.0}"
HarvardX,4,aligned,0,6416,NICE,bounded+edit,NICE_bounded+edit,1,OK,0.0,0.0034558773040771484,0.13559322033898305,1,"{""nevents"": 8.0, ""ndays_act"": 10.0, ""nchapters"": 12.0}"
HarvardX,4,aligned,0,6416,MCCE,native,MCCE_native,1,OK,0.0,0.025757789611816406,0.16610639648322717,2,"{""nevents"": 30.0, ""ndays_act"": 10.0, ""nchapters"": 12.0}"
HarvardX,4,aligned,0,6416,MCCE,bounded,MCCE_bounded,1,OK,0.0,0.025757789611816406,0.16610639648322717,2,"{""nevents"": 30.0, ""ndays_act"": 10.0, ""nchapters"": 12.0}"
HarvardX,4,aligned,0,6416,MCCE,bounded+edit,MCCE_bounded+edit,1,OK,0.0,0.025757789611816406,0.16610639648322717,2,"{""nevents"": 30.0, ""ndays_act"": 10.0, ""nchapters"": 12.0}"
HarvardX,4,aligned,0,6426,NICE,native,NICE_native,1,OK,0.0,0.00456690788269043,0.3289473684210526,2,"{""nevents"": 66.0, ""ndays_act"": 21.0, ""nchapters"": 7.0}"
HarvardX,4,aligned,0,6426,NICE,bounded,NICE_bounded,1,OK,0.0,0.00456690788269043,0.3289473684210526,2,"{""nevents"": 66.0, ""ndays_act"": 21.0, ""nchapters"": 7.0}"
HarvardX,4,aligned,0,6426,NICE,bounded+edit,NICE_bounded+edit,1,OK,0.0,0.00456690788269043,0.3289473684210526,2,"{""nevents"": 66.0, ""ndays_act"": 21.0, ""nchapters"": 7.0}"
HarvardX,4,aligned,0,6426,MCCE,native,MCCE_native,1,OK,0.0,0.04006028175354004,0.7669590643274854,3,"{""nevents"": 68.0, ""ndays_act"": 23.0, ""nchapters"": 9.0}"
HarvardX,4,aligned,0,6426,MCCE,bounded,MCCE_bounded,1,OK,0.0,0.04006028175354004,0.7669590643274854,3,"{""nevents"": 68.0, ""ndays_act"": 23.0, ""nchapters"": 9.0}"
HarvardX,4,aligned,0,6426,MCCE,bounded+edit,MCCE_bounded+edit,1,OK,0.0,0.04006028175354004,0.7669590643274854,3,"{""nevents"": 68.0, ""ndays_act"": 23.0, ""nchapters"": 9.0}"
HarvardX,4,aligned,0,6439,NICE,native,NICE_native,1,OK,0.0,0.0046617984771728516,0.1651098901098901,2,"{""nevents"": 12.0, ""ndays_act"": 10.0, ""nchapters"": 12.0}"
HarvardX,4,aligned,0,6439,NICE,bounded,NICE_bounded,1,OK,0.0,0.0046617984771728516,0.1651098901098901,2,"{""nevents"": 12.0, ""ndays_act"": 10.0, ""nchapters"": 12.0}"
HarvardX,4,aligned,0,6439,NICE,bounded+edit,NICE_bounded+edit,1,OK,0.0,0.0046617984771728516,0.1651098901098901,2,"{""nevents"": 12.0, ""ndays_act"": 10.0, ""nchapters"": 12.0}"
HarvardX,4,aligned,0,6439,MCCE,native,MCCE_native,1,OK,0.0,0.025902271270751953,0.18983516483516483,2,"{""nevents"": 30.0, ""ndays_act"": 10.0, ""nchapters"": 12.0}"
HarvardX,4,aligned,0,6439,MCCE,bounded,MCCE_bounded,1,OK,0.0,0.025902271270751953,0.18983516483516483,2,"{""nevents"": 30.0, ""ndays_act"": 10.0, ""nchapters"": 12.0}"
HarvardX,4,aligned,0,6439,MCCE,bounded+edit,MCCE_bounded+edit,1,OK,0.0,0.025902271270751953,0.18983516483516483,2,"{""nevents"": 30.0, ""ndays_act"": 10.0, ""nchapters"": 12.0}"
HarvardX,4,aligned,0,6509,NICE,native,NICE_native,1,OK,0.0,0.004709959030151367,0.17765184735433673,2,"{""nevents"": 10.0, ""ndays_act"": 10.0, ""nchapters"": 10.0}"
HarvardX,4,aligned,0,6509,NICE,bounded,NICE_bounded,1,OK,0.0,0.004709959030151367,0.17765184735433673,2,"{""nevents"": 10.0, ""ndays_act"": 10.0, ""nchapters"": 10.0}"
HarvardX,4,aligned,0,6509,NICE,bounded+edit,NICE_bounded+edit,1,OK,0.0,0.004709959030151367,0.17765184735433673,2,"{""nevents"": 10.0, ""ndays_act"": 10.0, ""nchapters"": 10.0}"
HarvardX,4,aligned,0,6509,MCCE,native,MCCE_native,1,OK,0.0,0.10695505142211914,0.2788909127706942,2,"{""nevents"": 36.0, ""ndays_act"": 14.0, ""nchapters"": 10.0}"
HarvardX,4,aligned,0,6509,MCCE,bounded,MCCE_bounded,1,OK,0.0,0.10695505142211914,0.2788909127706942,2,"{""nevents"": 36.0, ""ndays_act"": 14.0, ""nchapters"": 10.0}"
HarvardX,4,aligned,0,6509,MCCE,bounded+edit,MCCE_bounded+edit,1,OK,0.0,0.10695505142211914,0.2788909127706942,2,"{""nevents"": 36.0, ""ndays_act"": 14.0, ""nchapters"": 10.0}"
HarvardX,4,aligned,0,6547,NICE,native,NICE_native,0,out_of_bounds:ndays_act,0.0,0.005136966705322266,0.6874861572535991,2,"{""nevents"": 641.0, ""ndays_act"": 25.0, ""nchapters"": 12.0}"
HarvardX,4,aligned,0,6547,NICE,bounded,NICE_bounded,0,classifier_target_not_met,0.0,0.005136966705322266,0.6589147286821705,1,"{""nevents"": 641.0, ""ndays_act"": 26.0, ""nchapters"": 12.0}"
HarvardX,4,aligned,0,6547,NICE,bounded+edit,NICE_bounded+edit,0,classifier_target_not_met,0.0,0.005136966705322266,0.6589147286821705,1,"{""nevents"": 641.0, ""ndays_act"": 26.0, ""nchapters"": 12.0}"
HarvardX,4,aligned,0,6547,MCCE,native,MCCE_native,0,out_of_bounds:nevents,0.0,0.025604963302612305,1.2325581395348837,1,"{""nevents"": 153.0, ""ndays_act"": 26.0, ""nchapters"": 12.0}"
HarvardX,4,aligned,0,6547,MCCE,bounded,MCCE_bounded,1,OK,0.0,0.025604963302612305,0.31816168327796235,2,"{""nevents"": 472.0, ""ndays_act"": 37.0, ""nchapters"": 12.0}"
HarvardX,4,aligned,0,6547,MCCE,bounded+edit,MCCE_bounded+edit,1,OK,0.0,0.025604963302612305,0.31816168327796235,2,"{""nevents"": 472.0, ""ndays_act"": 37.0, ""nchapters"": 12.0}"
HarvardX,4,aligned,0,6566,NICE,native,NICE_native,1,OK,0.0,0.00452733039855957,0.18039533157930243,2,"{""nevents"": 12.0, ""ndays_act"": 10.0, ""nchapters"": 12.0}"
HarvardX,4,aligned,0,6566,NICE,bounded,NICE_bounded,1,OK,0.0,0.00452733039855957,0.18039533157930243,2,"{""nevents"": 12.0, ""ndays_act"": 10.0, ""nchapters"": 12.0}"
HarvardX,4,aligned,0,6566,NICE,bounded+edit,NICE_bounded+edit,1,OK,0.0,0.00452733039855957,0.18039533157930243,2,"{""nevents"": 12.0, ""ndays_act"": 10.0, ""nchapters"": 12.0}"
HarvardX,4,aligned,0,6566,MCCE,native,MCCE_native,1,OK,0.0,0.026296377182006836,0.2050866896039938,2,"{""nevents"": 30.0, ""ndays_act"": 10.0, ""nchapters"": 12.0}"
HarvardX,4,aligned,0,6566,MCCE,bounded,MCCE_bounded,1,OK,0.0,0.026296377182006836,0.2050866896039938,2,"{""nevents"": 30.0, ""ndays_act"": 10.0, ""nchapters"": 12.0}"
HarvardX,4,aligned,0,6566,MCCE,bounded+edit,MCCE_bounded+edit,1,OK,0.0,0.026296377182006836,0.2050866896039938,2,"{""nevents"": 30.0, ""ndays_act"": 10.0, ""nchapters"": 12.0}"
HarvardX,4,aligned,0,6608,NICE,native,NICE_native,0,out_of_bounds:nevents,0.0,0.003538370132446289,0.04953560371517028,1,"{""nevents"": 51.0, ""ndays_act"": 11.0, ""nchapters"": 12.0}"
HarvardX,4,aligned,0,6608,NICE,bounded,NICE_bounded,0,classifier_target_not_met,0.0,0.003538370132446289,0.0,0,"{""nevents"": 83.0, ""ndays_act"": 11.0, ""nchapters"": 12.0}"
HarvardX,4,aligned,0,6608,NICE,bounded+edit,NICE_bounded+edit,0,classifier_target_not_met,0.0,0.003538370132446289,0.0,0,"{""nevents"": 83.0, ""ndays_act"": 11.0, ""nchapters"": 12.0}"
HarvardX,4,aligned,0,6608,MCCE,native,MCCE_native,0,out_of_bounds:nevents,0.0,0.025713205337524414,0.04953560371517028,1,"{""nevents"": 51.0, ""ndays_act"": 11.0, ""nchapters"": 12.0}"
HarvardX,4,aligned,0,6608,MCCE,bounded,MCCE_bounded,1,OK,0.0,0.025713205337524414,0.181671826625387,2,"{""nevents"": 97.0, ""ndays_act"": 19.0, ""nchapters"": 12.0}"
HarvardX,4,aligned,0,6608,MCCE,bounded+edit,MCCE_bounded+edit,1,OK,0.0,0.025713205337524414,0.181671826625387,2,"{""nevents"": 97.0, ""ndays_act"": 19.0, ""nchapters"": 12.0}"
HarvardX,4,aligned,0,6631,NICE,native,NICE_native,0,out_of_bounds:nevents,0.0,0.004647970199584961,0.1935618293572247,2,"{""nevents"": 53.0, ""ndays_act"": 13.0, ""nchapters"": 11.0}"
HarvardX,4,aligned,0,6631,NICE,bounded,NICE_bounded,0,classifier_target_not_met,0.0,0.004647970199584961,0.1724137931034483,1,"{""nevents"": 67.0, ""ndays_act"": 13.0, ""nchapters"": 11.0}"
HarvardX,4,aligned,0,6631,NICE,bounded+edit,NICE_bounded+edit,0,classifier_target_not_met,0.0,0.004647970199584961,0.1724137931034483,1,"{""nevents"": 67.0, ""ndays_act"": 13.0, ""nchapters"": 11.0}"
HarvardX,4,aligned,0,6631,MCCE,native,MCCE_native,1,OK,0.0,0.04047274589538574,0.44400458381081365,2,"{""nevents"": 87.0, ""ndays_act"": 27.0, ""nchapters"": 11.0}"
HarvardX,4,aligned,0,6631,MCCE,bounded,MCCE_bounded,1,OK,0.0,0.04047274589538574,0.44400458381081365,2,"{""nevents"": 87.0, ""ndays_act"": 27.0, ""nchapters"": 11.0}"
HarvardX,4,aligned,0,6631,MCCE,bounded+edit,MCCE_bounded+edit,1,OK,0.0,0.04047274589538574,0.44400458381081365,2,"{""nevents"": 87.0, ""ndays_act"": 27.0, ""nchapters"": 11.0}"
HarvardX,4,aligned,0,6645,NICE,native,NICE_native,1,OK,0.0,0.004677772521972656,0.18039533157930243,2,"{""nevents"": 12.0, ""ndays_act"": 10.0, ""nchapters"": 12.0}"
HarvardX,4,aligned,0,6645,NICE,bounded,NICE_bounded,1,OK,0.0,0.004677772521972656,0.18039533157930243,2,"{""nevents"": 12.0, ""ndays_act"": 10.0, ""nchapters"": 12.0}"
HarvardX,4,aligned,0,6645,NICE,bounded+edit,NICE_bounded+edit,1,OK,0.0,0.004677772521972656,0.18039533157930243,2,"{""nevents"": 12.0, ""ndays_act"": 10.0, ""nchapters"": 12.0}"
HarvardX,4,aligned,0,6645,MCCE,native,MCCE_native,1,OK,0.0,0.027266263961791992,0.2050866896039938,2,"{""nevents"": 30.0, ""ndays_act"": 10.0, ""nchapters"": 12.0}"
HarvardX,4,aligned,0,6645,MCCE,bounded,MCCE_bounded,1,OK,0.0,0.027266263961791992,0.2050866896039938,2,"{""nevents"": 30.0, ""ndays_act"": 10.0, ""nchapters"": 12.0}"
HarvardX,4,aligned,0,6645,MCCE,bounded+edit,MCCE_bounded+edit,1,OK,0.0,0.027266263961791992,0.2050866896039938,2,"{""nevents"": 30.0, ""ndays_act"": 10.0, ""nchapters"": 12.0}"
HarvardX,4,aligned,0,6713,NICE,native,NICE_native,1,OK,0.0,0.004782438278198242,0.4175874769797422,2,"{""nevents"": 66.0, ""ndays_act"": 21.0, ""nchapters"": 7.0}"
HarvardX,4,aligned,0,6713,NICE,bounded,NICE_bounded,1,OK,0.0,0.004782438278198242,0.4175874769797422,2,"{""nevents"": 66.0, ""ndays_act"": 21.0, ""nchapters"": 7.0}"
HarvardX,4,aligned,0,6713,NICE,bounded+edit,NICE_bounded+edit,1,OK,0.0,0.004782438278198242,0.4175874769797422,2,"{""nevents"": 66.0, ""ndays_act"": 21.0, ""nchapters"": 7.0}"
HarvardX,4,aligned,0,6713,MCCE,native,MCCE_native,1,OK,0.0,0.03969931602478027,0.853683241252302,3,"{""nevents"": 68.0, ""ndays_act"": 23.0, ""nchapters"": 9.0}"
HarvardX,4,aligned,0,6713,MCCE,bounded,MCCE_bounded,1,OK,0.0,0.03969931602478027,0.853683241252302,3,"{""nevents"": 68.0, ""ndays_act"": 23.0, ""nchapters"": 9.0}"
HarvardX,4,aligned,0,6713,MCCE,bounded+edit,MCCE_bounded+edit,1,OK,0.0,0.03969931602478027,0.853683241252302,3,"{""nevents"": 68.0, ""ndays_act"": 23.0, ""nchapters"": 9.0}"
HarvardX,4,aligned,0,6720,NICE,native,NICE_native,1,OK,0.0,0.0034515857696533203,0.13559322033898305,1,"{""nevents"": 7.0, ""ndays_act"": 10.0, ""nchapters"": 12.0}"
HarvardX,4,aligned,0,6720,NICE,bounded,NICE_bounded,1,OK,0.0,0.0034515857696533203,0.13559322033898305,1,"{""nevents"": 7.0, ""ndays_act"": 10.0, ""nchapters"": 12.0}"
HarvardX,4,aligned,0,6720,NICE,bounded+edit,NICE_bounded+edit,1,OK,0.0,0.0034515857696533203,0.13559322033898305,1,"{""nevents"": 7.0, ""ndays_act"": 10.0, ""nchapters"": 12.0}"
HarvardX,4,aligned,0,6720,MCCE,native,MCCE_native,1,OK,0.0,0.02617931365966797,0.1674491760176534,2,"{""nevents"": 30.0, ""ndays_act"": 10.0, ""nchapters"": 12.0}"
HarvardX,4,aligned,0,6720,MCCE,bounded,MCCE_bounded,1,OK,0.0,0.02617931365966797,0.1674491760176534,2,"{""nevents"": 30.0, ""ndays_act"": 10.0, ""nchapters"": 12.0}"
HarvardX,4,aligned,0,6720,MCCE,bounded+edit,MCCE_bounded+edit,1,OK,0.0,0.02617931365966797,0.1674491760176534,2,"{""nevents"": 30.0, ""ndays_act"": 10.0, ""nchapters"": 12.0}"
HarvardX,4,aligned,0,6749,NICE,native,NICE_native,1,OK,0.0,0.0047931671142578125,0.18039533157930243,2,"{""nevents"": 12.0, ""ndays_act"": 10.0, ""nchapters"": 12.0}"
HarvardX,4,aligned,0,6749,NICE,bounded,NICE_bounded,1,OK,0.0,0.0047931671142578125,0.18039533157930243,2,"{""nevents"": 12.0, ""ndays_act"": 10.0, ""nchapters"": 12.0}"
HarvardX,4,aligned,0,6749,NICE,bounded+edit,NICE_bounded+edit,1,OK,0.0,0.0047931671142578125,0.18039533157930243,2,"{""nevents"": 12.0, ""ndays_act"": 10.0, ""nchapters"": 12.0}"
HarvardX,4,aligned,0,6749,MCCE,native,MCCE_native,1,OK,0.0,0.025615930557250977,0.2050866896039938,2,"{""nevents"": 30.0, ""ndays_act"": 10.0, ""nchapters"": 12.0}"
HarvardX,4,aligned,0,6749,MCCE,bounded,MCCE_bounded,1,OK,0.0,0.025615930557250977,0.2050866896039938,2,"{""nevents"": 30.0, ""ndays_act"": 10.0, ""nchapters"": 12.0}"
HarvardX,4,aligned,0,6749,MCCE,bounded+edit,MCCE_bounded+edit,1,OK,0.0,0.025615930557250977,0.2050866896039938,2,"{""nevents"": 30.0, ""ndays_act"": 10.0, ""nchapters"": 12.0}"
HarvardX,4,aligned,0,6774,NICE,native,NICE_native,1,OK,0.0,0.0046787261962890625,0.18039533157930243,2,"{""nevents"": 12.0, ""ndays_act"": 10.0, ""nchapters"": 12.0}"
HarvardX,4,aligned,0,6774,NICE,bounded,NICE_bounded,1,OK,0.0,0.0046787261962890625,0.18039533157930243,2,"{""nevents"": 12.0, ""ndays_act"": 10.0, ""nchapters"": 12.0}"
HarvardX,4,aligned,0,6774,NICE,bounded+edit,NICE_bounded+edit,1,OK,0.0,0.0046787261962890625,0.18039533157930243,2,"{""nevents"": 12.0, ""ndays_act"": 10.0, ""nchapters"": 12.0}"
HarvardX,4,aligned,0,6774,MCCE,native,MCCE_native,1,OK,0.0,0.026350021362304688,0.2050866896039938,2,"{""nevents"": 30.0, ""ndays_act"": 10.0, ""nchapters"": 12.0}"
HarvardX,4,aligned,0,6774,MCCE,bounded,MCCE_bounded,1,OK,0.0,0.026350021362304688,0.2050866896039938,2,"{""nevents"": 30.0, ""ndays_act"": 10.0, ""nchapters"": 12.0}"
HarvardX,4,aligned,0,6774,MCCE,bounded+edit,MCCE_bounded+edit,1,OK,0.0,0.026350021362304688,0.2050866896039938,2,"{""nevents"": 30.0, ""ndays_act"": 10.0, ""nchapters"": 12.0}"
HarvardX,4,aligned,0,6818,NICE,native,NICE_native,0,out_of_bounds:nevents,0.0,0.005831003189086914,0.4625420875420875,3,"{""nevents"": 66.0, ""ndays_act"": 21.0, ""nchapters"": 7.0}"
HarvardX,4,aligned,0,6818,NICE,bounded,NICE_bounded,0,classifier_target_not_met,0.0,0.005831003189086914,0.43939393939393934,2,"{""nevents"": 81.0, ""ndays_act"": 21.0, ""nchapters"": 7.0}"
HarvardX,4,aligned,0,6818,NICE,bounded+edit,NICE_bounded+edit,0,classifier_target_not_met,0.0,0.005831003189086914,0.43939393939393934,2,"{""nevents"": 81.0, ""ndays_act"": 21.0, ""nchapters"": 7.0}"
HarvardX,4,aligned,0,6818,MCCE,native,MCCE_native,0,out_of_bounds:nevents,0.0,0.04082345962524414,0.8291526374859708,3,"{""nevents"": 68.0, ""ndays_act"": 23.0, ""nchapters"": 9.0}"
HarvardX,4,aligned,0,6818,MCCE,bounded,MCCE_bounded,1,OK,0.0,0.04082345962524414,0.8816217732884399,3,"{""nevents"": 128.0, ""ndays_act"": 23.0, ""nchapters"": 9.0}"
HarvardX,4,aligned,0,6818,MCCE,bounded+edit,MCCE_bounded+edit,1,OK,0.0,0.04082345962524414,0.8816217732884399,3,"{""nevents"": 128.0, ""ndays_act"": 23.0, ""nchapters"": 9.0}"
HarvardX,4,aligned,0,6846,NICE,native,NICE_native,1,OK,0.0,0.0038208961486816406,0.1206896551724138,1,"{""nevents"": 8.0, ""ndays_act"": 10.0, ""nchapters"": 12.0}"
HarvardX,4,aligned,0,6846,NICE,bounded,NICE_bounded,1,OK,0.0,0.0038208961486816406,0.1206896551724138,1,"{""nevents"": 8.0, ""ndays_act"": 10.0, ""nchapters"": 12.0}"
HarvardX,4,aligned,0,6846,NICE,bounded+edit,NICE_bounded+edit,1,OK,0.0,0.0038208961486816406,0.1206896551724138,1,"{""nevents"": 8.0, ""ndays_act"": 10.0, ""nchapters"": 12.0}"
HarvardX,4,aligned,0,6846,MCCE,native,MCCE_native,1,OK,0.0,0.02594757080078125,0.1512028313166579,2,"{""nevents"": 30.0, ""ndays_act"": 10.0, ""nchapters"": 12.0}"
HarvardX,4,aligned,0,6846,MCCE,bounded,MCCE_bounded,1,OK,0.0,0.02594757080078125,0.1512028313166579,2,"{""nevents"": 30.0, ""ndays_act"": 10.0, ""nchapters"": 12.0}"
HarvardX,4,aligned,0,6846,MCCE,bounded+edit,MCCE_bounded+edit,1,OK,0.0,0.02594757080078125,0.1512028313166579,2,"{""nevents"": 30.0, ""ndays_act"": 10.0, ""nchapters"": 12.0}"
HarvardX,4,aligned,0,6863,NICE,native,NICE_native,1,OK,0.0,0.0067291259765625,0.6014639411725021,3,"{""nevents"": 66.0, ""ndays_act"": 21.0, ""nchapters"": 7.0}"
HarvardX,4,aligned,0,6863,NICE,bounded,NICE_bounded,1,OK,0.0,0.0067291259765625,0.6014639411725021,3,"{""nevents"": 66.0, ""ndays_act"": 21.0, ""nchapters"": 7.0}"
HarvardX,4,aligned,0,6863,NICE,bounded+edit,NICE_bounded+edit,1,OK,0.0,0.0067291259765625,0.6014639411725021,3,"{""nevents"": 66.0, ""ndays_act"": 21.0, ""nchapters"": 7.0}"
HarvardX,4,aligned,0,6863,MCCE,native,MCCE_native,1,OK,0.0,0.040337562561035156,0.9703276439767028,3,"{""nevents"": 68.0, ""ndays_act"": 23.0, ""nchapters"": 9.0}"
HarvardX,4,aligned,0,6863,MCCE,bounded,MCCE_bounded,1,OK,0.0,0.040337562561035156,0.9703276439767028,3,"{""nevents"": 68.0, ""ndays_act"": 23.0, ""nchapters"": 9.0}"
HarvardX,4,aligned,0,6863,MCCE,bounded+edit,MCCE_bounded+edit,1,OK,0.0,0.040337562561035156,0.9703276439767028,3,"{""nevents"": 68.0, ""ndays_act"": 23.0, ""nchapters"": 9.0}"
HarvardX,4,aligned,0,6930,NICE,native,NICE_native,1,OK,0.0,0.005095958709716797,0.17765184735433673,2,"{""nevents"": 10.0, ""ndays_act"": 10.0, ""nchapters"": 10.0}"
HarvardX,4,aligned,0,6930,NICE,bounded,NICE_bounded,1,OK,0.0,0.005095958709716797,0.17765184735433673,2,"{""nevents"": 10.0, ""ndays_act"": 10.0, ""nchapters"": 10.0}"
HarvardX,4,aligned,0,6930,NICE,bounded+edit,NICE_bounded+edit,1,OK,0.0,0.005095958709716797,0.17765184735433673,2,"{""nevents"": 10.0, ""ndays_act"": 10.0, ""nchapters"": 10.0}"
HarvardX,4,aligned,0,6930,MCCE,native,MCCE_native,1,OK,0.0,0.04092526435852051,0.2788909127706942,2,"{""nevents"": 36.0, ""ndays_act"": 14.0, ""nchapters"": 10.0}"
HarvardX,4,aligned,0,6930,MCCE,bounded,MCCE_bounded,1,OK,0.0,0.04092526435852051,0.2788909127706942,2,"{""nevents"": 36.0, ""ndays_act"": 14.0, ""nchapters"": 10.0}"
HarvardX,4,aligned,0,6930,MCCE,bounded+edit,MCCE_bounded+edit,1,OK,0.0,0.04092526435852051,0.2788909127706942,2,"{""nevents"": 36.0, ""ndays_act"": 14.0, ""nchapters"": 10.0}"
HarvardX,4,aligned,0,6953,NICE,native,NICE_native,1,OK,0.0,0.003947019577026367,0.08928571428571429,1,"{""nevents"": 19.0, ""ndays_act"": 10.0, ""nchapters"": 12.0}"
HarvardX,4,aligned,0,6953,NICE,bounded,NICE_bounded,1,OK,0.0,0.003947019577026367,0.08928571428571429,1,"{""nevents"": 19.0, ""ndays_act"": 10.0, ""nchapters"": 12.0}"
HarvardX,4,aligned,0,6953,NICE,bounded+edit,NICE_bounded+edit,1,OK,0.0,0.003947019577026367,0.08928571428571429,1,"{""nevents"": 19.0, ""ndays_act"": 10.0, ""nchapters"": 12.0}"
HarvardX,4,aligned,0,6953,MCCE,native,MCCE_native,1,OK,0.0,0.026940107345581055,0.10477867203219315,2,"{""nevents"": 30.0, ""ndays_act"": 10.0, ""nchapters"": 12.0}"
HarvardX,4,aligned,0,6953,MCCE,bounded,MCCE_bounded,1,OK,0.0,0.026940107345581055,0.10477867203219315,2,"{""nevents"": 30.0, ""ndays_act"": 10.0, ""nchapters"": 12.0}"
HarvardX,4,aligned,0,6953,MCCE,bounded+edit,MCCE_bounded+edit,1,OK,0.0,0.026940107345581055,0.10477867203219315,2,"{""nevents"": 30.0, ""ndays_act"": 10.0, ""nchapters"": 12.0}"
HarvardX,4,aligned,0,6999,NICE,native,NICE_native,1,OK,0.0,0.004837751388549805,0.19822797904157952,2,"{""nevents"": 25.0, ""ndays_act"": 10.0, ""nchapters"": 9.0}"
HarvardX,4,aligned,0,6999,NICE,bounded,NICE_bounded,1,OK,0.0,0.004837751388549805,0.19822797904157952,2,"{""nevents"": 25.0, ""ndays_act"": 10.0, ""nchapters"": 9.0}"
HarvardX,4,aligned,0,6999,NICE,bounded+edit,NICE_bounded+edit,1,OK,0.0,0.004837751388549805,0.19822797904157952,2,"{""nevents"": 25.0, ""ndays_act"": 10.0, ""nchapters"": 9.0}"
HarvardX,4,aligned,0,6999,MCCE,native,MCCE_native,1,OK,0.0,0.0410304069519043,0.47032764397670285,2,"{""nevents"": 68.0, ""ndays_act"": 23.0, ""nchapters"": 9.0}"
HarvardX,4,aligned,0,6999,MCCE,bounded,MCCE_bounded,1,OK,0.0,0.0410304069519043,0.47032764397670285,2,"{""nevents"": 68.0, ""ndays_act"": 23.0, ""nchapters"": 9.0}"
HarvardX,4,aligned,0,6999,MCCE,bounded+edit,MCCE_bounded+edit,1,OK,0.0,0.0410304069519043,0.47032764397670285,2,"{""nevents"": 68.0, ""ndays_act"": 23.0, ""nchapters"": 9.0}"
HarvardX,4,aligned,0,7029,NICE,native,NICE_native,0,out_of_bounds:nevents,0.0,0.004765033721923828,0.6496761813384504,2,"{""nevents"": 121.0, ""ndays_act"": 19.0, ""nchapters"": 12.0}"
HarvardX,4,aligned,0,7029,NICE,bounded,NICE_bounded,0,classifier_target_not_met,0.0,0.004765033721923828,0.045454545454545456,1,"{""nevents"": 350.0, ""ndays_act"": 19.0, ""nchapters"": 12.0}"
HarvardX,4,aligned,0,7029,NICE,bounded+edit,NICE_bounded+edit,0,classifier_target_not_met,0.0,0.004765033721923828,0.045454545454545456,1,"{""nevents"": 350.0, ""ndays_act"": 19.0, ""nchapters"": 12.0}"
HarvardX,4,aligned,0,7029,MCCE,native,MCCE_native,0,out_of_bounds:nevents,0.0,0.026376962661743164,0.6381026625089949,2,"{""nevents"": 134.0, ""ndays_act"": 20.0, ""nchapters"": 12.0}"
HarvardX,4,aligned,0,7029,MCCE,bounded,MCCE_bounded,1,OK,0.0,0.026376962661743164,0.44177260733988966,2,"{""nevents"": 371.0, ""ndays_act"": 34.0, ""nchapters"": 12.0}"
HarvardX,4,aligned,0,7029,MCCE,bounded+edit,MCCE_bounded+edit,1,OK,0.0,0.026376962661743164,0.44177260733988966,2,"{""nevents"": 371.0, ""ndays_act"": 34.0, ""nchapters"": 12.0}"
HarvardX,4,aligned,0,7057,NICE,native,NICE_native,0,out_of_bounds:nevents,0.0,0.0046062469482421875,0.10206209453197405,2,"{""nevents"": 10.0, ""ndays_act"": 10.0, ""nchapters"": 10.0}"
HarvardX,4,aligned,0,7057,NICE,bounded,NICE_bounded,0,classifier_target_not_met,0.0,0.0046062469482421875,0.019230769230769232,1,"{""nevents"": 65.0, ""ndays_act"": 10.0, ""nchapters"": 10.0}"
HarvardX,4,aligned,0,7057,NICE,bounded+edit,NICE_bounded+edit,0,classifier_target_not_met,0.0,0.0046062469482421875,0.019230769230769232,1,"{""nevents"": 65.0, ""ndays_act"": 10.0, ""nchapters"": 10.0}"
HarvardX,4,aligned,0,7057,MCCE,native,MCCE_native,0,out_of_bounds:nevents,0.0,0.04269218444824219,0.13982854494902688,2,"{""nevents"": 36.0, ""ndays_act"": 14.0, ""nchapters"": 10.0}"
HarvardX,4,aligned,0,7057,MCCE,bounded,MCCE_bounded,1,OK,0.0,0.04269218444824219,0.5052131603336423,2,"{""nevents"": 94.0, ""ndays_act"": 33.0, ""nchapters"": 10.0}"
HarvardX,4,aligned,0,7057,MCCE,bounded+edit,MCCE_bounded+edit,1,OK,0.0,0.04269218444824219,0.5052131603336423,2,"{""nevents"": 94.0, ""ndays_act"": 33.0, ""nchapters"": 10.0}"
HarvardX,4,aligned,0,7068,NICE,native,NICE_native,0,out_of_bounds:nevents,0.0,0.004717826843261719,0.213768115942029,2,"{""nevents"": 66.0, ""ndays_act"": 21.0, ""nchapters"": 7.0}"
HarvardX,4,aligned,0,7068,NICE,bounded,NICE_bounded,0,classifier_target_not_met,0.0,0.004717826843261719,0.13043478260869565,1,"{""nevents"": 117.0, ""ndays_act"": 21.0, ""nchapters"": 7.0}"
HarvardX,4,aligned,0,7068,NICE,bounded+edit,NICE_bounded+edit,0,classifier_target_not_met,0.0,0.004717826843261719,0.13043478260869565,1,"{""nevents"": 117.0, ""ndays_act"": 21.0, ""nchapters"": 7.0}"
HarvardX,4,aligned,0,7068,MCCE,native,MCCE_native,0,out_of_bounds:nevents,0.0,0.042542219161987305,1.088235294117647,2,"{""nevents"": 63.0, ""ndays_act"": 15.0, ""nchapters"": 12.0}"
HarvardX,4,aligned,0,7068,MCCE,bounded,MCCE_bounded,1,OK,0.0,0.042542219161987305,0.5918868996874111,3,"{""nevents"": 128.0, ""ndays_act"": 23.0, ""nchapters"": 9.0}"
HarvardX,4,aligned,0,7068,MCCE,bounded+edit,MCCE_bounded+edit,1,OK,0.0,0.042542219161987305,0.5918868996874111,3,"{""nevents"": 128.0, ""ndays_act"": 23.0, ""nchapters"": 9.0}"
HarvardX,4,aligned,0,7089,NICE,native,NICE_native,1,OK,0.0,0.004777193069458008,0.19822797904157952,2,"{""nevents"": 25.0, ""ndays_act"": 10.0, ""nchapters"": 9.0}"
HarvardX,4,aligned,0,7089,NICE,bounded,NICE_bounded,1,OK,0.0,0.004777193069458008,0.19822797904157952,2,"{""nevents"": 25.0, ""ndays_act"": 10.0, ""nchapters"": 9.0}"
HarvardX,4,aligned,0,7089,NICE,bounded+edit,NICE_bounded+edit,1,OK,0.0,0.004777193069458008,0.19822797904157952,2,"{""nevents"": 25.0, ""ndays_act"": 10.0, ""nchapters"": 9.0}"
HarvardX,4,aligned,0,7089,MCCE,native,MCCE_native,1,OK,0.0,0.04198575019836426,0.47032764397670285,2,"{""nevents"": 68.0, ""ndays_act"": 23.0, ""nchapters"": 9.0}"
HarvardX,4,aligned,0,7089,MCCE,bounded,MCCE_bounded,1,OK,0.0,0.04198575019836426,0.47032764397670285,2,"{""nevents"": 68.0, ""ndays_act"": 23.0, ""nchapters"": 9.0}"
HarvardX,4,aligned,0,7089,MCCE,bounded+edit,MCCE_bounded+edit,1,OK,0.0,0.04198575019836426,0.47032764397670285,2,"{""nevents"": 68.0, ""ndays_act"": 23.0, ""nchapters"": 9.0}"
HarvardX,4,aligned,0,7120,NICE,native,NICE_native,0,out_of_bounds:nevents,0.0,0.005929470062255859,0.5751905222601287,3,"{""nevents"": 66.0, ""ndays_act"": 21.0, ""nchapters"": 7.0}"
HarvardX,4,aligned,0,7120,NICE,bounded,NICE_bounded,0,classifier_target_not_met,0.0,0.005929470062255859,0.19105691056910568,2,"{""nevents"": 250.0, ""ndays_act"": 21.0, ""nchapters"": 7.0}"
HarvardX,4,aligned,0,7120,NICE,bounded+edit,NICE_bounded+edit,0,classifier_target_not_met,0.0,0.005929470062255859,0.19105691056910568,2,"{""nevents"": 250.0, ""ndays_act"": 21.0, ""nchapters"": 7.0}"
HarvardX,4,aligned,0,7120,MCCE,native,MCCE_native,0,out_of_bounds:nevents,0.0,0.05133414268493652,1.3569937369519833,2,"{""nevents"": 79.0, ""ndays_act"": 20.0, ""nchapters"": 12.0}"
HarvardX,4,aligned,0,7120,MCCE,bounded,MCCE_bounded,1,OK,0.0,0.05133414268493652,1.1069046285452417,3,"{""nevents"": 272.0, ""ndays_act"": 43.0, ""nchapters"": 9.0}"
HarvardX,4,aligned,0,7120,MCCE,bounded+edit,MCCE_bounded+edit,1,OK,0.0,0.05133414268493652,1.1069046285452417,3,"{""nevents"": 272.0, ""ndays_act"": 43.0, ""nchapters"": 9.0}"
HarvardX,4,aligned,0,7126,NICE,native,NICE_native,0,out_of_bounds:nevents,0.0,0.003491640090942383,0.018461538461538463,1,"{""nevents"": 67.0, ""ndays_act"": 15.0, ""nchapters"": 12.0}"
HarvardX,4,aligned,0,7126,NICE,bounded,NICE_bounded,0,classifier_target_not_met,0.0,0.003491640090942383,0.0,0,"{""nevents"": 79.0, ""ndays_act"": 15.0, ""nchapters"": 12.0}"
HarvardX,4,aligned,0,7126,NICE,bounded+edit,NICE_bounded+edit,0,classifier_target_not_met,0.0,0.003491640090942383,0.0,0,"{""nevents"": 79.0, ""ndays_act"": 15.0, ""nchapters"": 12.0}"
HarvardX,4,aligned,0,7126,MCCE,native,MCCE_native,0,out_of_bounds:nevents,0.0,0.027523517608642578,0.023076923076923078,1,"{""nevents"": 64.0, ""ndays_act"": 15.0, ""nchapters"": 12.0}"
HarvardX,4,aligned,0,7126,MCCE,bounded,MCCE_bounded,1,OK,0.0,0.027523517608642578,0.11464882943143813,2,"{""nevents"": 97.0, ""ndays_act"": 19.0, ""nchapters"": 12.0}"
HarvardX,4,aligned,0,7126,MCCE,bounded+edit,MCCE_bounded+edit,1,OK,0.0,0.027523517608642578,0.11464882943143813,2,"{""nevents"": 97.0, ""ndays_act"": 19.0, ""nchapters"": 12.0}"
HarvardX,4,aligned,0,7146,NICE,native,NICE_native,1,OK,0.0,0.0036330223083496094,0.2,1,"{""nevents"": 11.0, ""ndays_act"": 13.0, ""nchapters"": 11.0}"
HarvardX,4,aligned,0,7146,NICE,bounded,NICE_bounded,1,OK,0.0,0.0036330223083496094,0.2,1,"{""nevents"": 11.0, ""ndays_act"": 13.0, ""nchapters"": 11.0}"
HarvardX,4,aligned,0,7146,NICE,bounded+edit,NICE_bounded+edit,1,OK,0.0,0.0036330223083496094,0.2,1,"{""nevents"": 11.0, ""ndays_act"": 13.0, ""nchapters"": 11.0}"
HarvardX,4,aligned,0,7146,MCCE,native,MCCE_native,1,OK,0.0,0.041455984115600586,0.5391829155060353,2,"{""nevents"": 87.0, ""ndays_act"": 27.0, ""nchapters"": 11.0}"
HarvardX,4,aligned,0,7146,MCCE,bounded,MCCE_bounded,1,OK,0.0,0.041455984115600586,0.5391829155060353,2,"{""nevents"": 87.0, ""ndays_act"": 27.0, ""nchapters"": 11.0}"
HarvardX,4,aligned,0,7146,MCCE,bounded+edit,MCCE_bounded+edit,1,OK,0.0,0.041455984115600586,0.5391829155060353,2,"{""nevents"": 87.0, ""ndays_act"": 27.0, ""nchapters"": 11.0}"
HarvardX,4,aligned,0,7164,NICE,native,NICE_native,0,out_of_bounds:nevents,0.0,0.00467991828918457,0.13979490101125197,2,"{""nevents"": 12.0, ""ndays_act"": 10.0, ""nchapters"": 12.0}"
HarvardX,4,aligned,0,7164,NICE,bounded,NICE_bounded,0,classifier_target_not_met,0.0,0.00467991828918457,0.13559322033898305,1,"{""nevents"": 15.0, ""ndays_act"": 10.0, ""nchapters"": 12.0}"
HarvardX,4,aligned,0,7164,NICE,bounded+edit,NICE_bounded+edit,0,classifier_target_not_met,0.0,0.00467991828918457,0.13559322033898305,1,"{""nevents"": 15.0, ""ndays_act"": 10.0, ""nchapters"": 12.0}"
HarvardX,4,aligned,0,7164,MCCE,native,MCCE_native,1,OK,0.0,0.027753829956054688,0.1566016237003276,2,"{""nevents"": 30.0, ""ndays_act"": 10.0, ""nchapters"": 12.0}"
HarvardX,4,aligned,0,7164,MCCE,bounded,MCCE_bounded,1,OK,0.0,0.027753829956054688,0.1566016237003276,2,"{""nevents"": 30.0, ""ndays_act"": 10.0, ""nchapters"": 12.0}"
HarvardX,4,aligned,0,7164,MCCE,bounded+edit,MCCE_bounded+edit,1,OK,0.0,0.027753829956054688,0.1566016237003276,2,"{""nevents"": 30.0, ""ndays_act"": 10.0, ""nchapters"": 12.0}"
HarvardX,4,aligned,0,7196,NICE,native,NICE_native,0,out_of_bounds:nevents,0.0,0.0047228336334228516,0.2622057795385691,2,"{""nevents"": 10.0, ""ndays_act"": 10.0, ""nchapters"": 10.0}"
HarvardX,4,aligned,0,7196,NICE,bounded,NICE_bounded,0,classifier_target_not_met,0.0,0.0047228336334228516,0.08928571428571429,1,"{""nevents"": 116.0, ""ndays_act"": 10.0, ""nchapters"": 10.0}"
HarvardX,4,aligned,0,7196,NICE,bounded+edit,NICE_bounded+edit,0,classifier_target_not_met,0.0,0.0047228336334228516,0.08928571428571429,1,"{""nevents"": 116.0, ""ndays_act"": 10.0, ""nchapters"": 10.0}"
HarvardX,4,aligned,0,7196,MCCE,native,MCCE_native,0,out_of_bounds:nevents,0.0,0.04153585433959961,0.2912199953390818,2,"{""nevents"": 36.0, ""ndays_act"": 14.0, ""nchapters"": 10.0}"
HarvardX,4,aligned,0,7196,MCCE,bounded,MCCE_bounded,1,OK,0.0,0.04153585433959961,0.7120717781402937,2,"{""nevents"": 246.0, ""ndays_act"": 33.0, ""nchapters"": 10.0}"
HarvardX,4,aligned,0,7196,MCCE,bounded+edit,MCCE_bounded+edit,1,OK,0.0,0.04153585433959961,0.7120717781402937,2,"{""nevents"": 246.0, ""ndays_act"": 33.0, ""nchapters"": 10.0}"
HarvardX,4,aligned,0,7205,NICE,native,NICE_native,1,OK,0.0,0.004932880401611328,0.18039533157930243,2,"{""nevents"": 12.0, ""ndays_act"": 10.0, ""nchapters"": 12.0}"
HarvardX,4,aligned,0,7205,NICE,bounded,NICE_bounded,1,OK,0.0,0.004932880401611328,0.18039533157930243,2,"{""nevents"": 12.0, ""ndays_act"": 10.0, ""nchapters"": 12.0}"
HarvardX,4,aligned,0,7205,NICE,bounded+edit,NICE_bounded+edit,1,OK,0.0,0.004932880401611328,0.18039533157930243,2,"{""nevents"": 12.0, ""ndays_act"": 10.0, ""nchapters"": 12.0}"
HarvardX,4,aligned,0,7205,MCCE,native,MCCE_native,1,OK,0.0,0.02634119987487793,0.2050866896039938,2,"{""nevents"": 30.0, ""ndays_act"": 10.0, ""nchapters"": 12.0}"
HarvardX,4,aligned,0,7205,MCCE,bounded,MCCE_bounded,1,OK,0.0,0.02634119987487793,0.2050866896039938,2,"{""nevents"": 30.0, ""ndays_act"": 10.0, ""nchapters"": 12.0}"
HarvardX,4,aligned,0,7205,MCCE,bounded+edit,MCCE_bounded+edit,1,OK,0.0,0.02634119987487793,0.2050866896039938,2,"{""nevents"": 30.0, ""ndays_act"": 10.0, ""nchapters"": 12.0}"
HarvardX,4,aligned,0,7211,NICE,native,NICE_native,1,OK,0.0,0.004885435104370117,0.18039533157930243,2,"{""nevents"": 12.0, ""ndays_act"": 10.0, ""nchapters"": 12.0}"
HarvardX,4,aligned,0,7211,NICE,bounded,NICE_bounded,1,OK,0.0,0.004885435104370117,0.18039533157930243,2,"{""nevents"": 12.0, ""ndays_act"": 10.0, ""nchapters"": 12.0}"
HarvardX,4,aligned,0,7211,NICE,bounded+edit,NICE_bounded+edit,1,OK,0.0,0.004885435104370117,0.18039533157930243,2,"{""nevents"": 12.0, ""ndays_act"": 10.0, ""nchapters"": 12.0}"
HarvardX,4,aligned,0,7211,MCCE,native,MCCE_native,1,OK,0.0,0.026485443115234375,0.2050866896039938,2,"{""nevents"": 30.0, ""ndays_act"": 10.0, ""nchapters"": 12.0}"
HarvardX,4,aligned,0,7211,MCCE,bounded,MCCE_bounded,1,OK,0.0,0.026485443115234375,0.2050866896039938,2,"{""nevents"": 30.0, ""ndays_act"": 10.0, ""nchapters"": 12.0}"
HarvardX,4,aligned,0,7211,MCCE,bounded+edit,MCCE_bounded+edit,1,OK,0.0,0.026485443115234375,0.2050866896039938,2,"{""nevents"": 30.0, ""ndays_act"": 10.0, ""nchapters"": 12.0}"
HarvardX,4,aligned,0,7223,NICE,native,NICE_native,1,OK,0.0,0.004622697830200195,0.18039533157930243,2,"{""nevents"": 12.0, ""ndays_act"": 10.0, ""nchapters"": 12.0}"
HarvardX,4,aligned,0,7223,NICE,bounded,NICE_bounded,1,OK,0.0,0.004622697830200195,0.18039533157930243,2,"{""nevents"": 12.0, ""ndays_act"": 10.0, ""nchapters"": 12.0}"
HarvardX,4,aligned,0,7223,NICE,bounded+edit,NICE_bounded+edit,1,OK,0.0,0.004622697830200195,0.18039533157930243,2,"{""nevents"": 12.0, ""ndays_act"": 10.0, ""nchapters"": 12.0}"
HarvardX,4,aligned,0,7223,MCCE,native,MCCE_native,1,OK,0.0,0.02669548988342285,0.2050866896039938,2,"{""nevents"": 30.0, ""ndays_act"": 10.0, ""nchapters"": 12.0}"
HarvardX,4,aligned,0,7223,MCCE,bounded,MCCE_bounded,1,OK,0.0,0.02669548988342285,0.2050866896039938,2,"{""nevents"": 30.0, ""ndays_act"": 10.0, ""nchapters"": 12.0}"
HarvardX,4,aligned,0,7223,MCCE,bounded+edit,MCCE_bounded+edit,1,OK,0.0,0.02669548988342285,0.2050866896039938,2,"{""nevents"": 30.0, ""ndays_act"": 10.0, ""nchapters"": 12.0}"
HarvardX,4,aligned,0,7266,NICE,native,NICE_native,1,OK,0.0,0.004817485809326172,0.18039533157930243,2,"{""nevents"": 12.0, ""ndays_act"": 10.0, ""nchapters"": 12.0}"
HarvardX,4,aligned,0,7266,NICE,bounded,NICE_bounded,1,OK,0.0,0.004817485809326172,0.18039533157930243,2,"{""nevents"": 12.0, ""ndays_act"": 10.0, ""nchapters"": 12.0}"
HarvardX,4,aligned,0,7266,NICE,bounded+edit,NICE_bounded+edit,1,OK,0.0,0.004817485809326172,0.18039533157930243,2,"{""nevents"": 12.0, ""ndays_act"": 10.0, ""nchapters"": 12.0}"
HarvardX,4,aligned,0,7266,MCCE,native,MCCE_native,1,OK,0.0,0.027362346649169922,0.2050866896039938,2,"{""nevents"": 30.0, ""ndays_act"": 10.0, ""nchapters"": 12.0}"
HarvardX,4,aligned,0,7266,MCCE,bounded,MCCE_bounded,1,OK,0.0,0.027362346649169922,0.2050866896039938,2,"{""nevents"": 30.0, ""ndays_act"": 10.0, ""nchapters"": 12.0}"
HarvardX,4,aligned,0,7266,MCCE,bounded+edit,MCCE_bounded+edit,1,OK,0.0,0.027362346649169922,0.2050866896039938,2,"{""nevents"": 30.0, ""ndays_act"": 10.0, ""nchapters"": 12.0}"
HarvardX,4,aligned,0,7280,NICE,native,NICE_native,0,out_of_bounds:nevents,0.0,0.004998207092285156,0.16370602577499127,2,"{""nevents"": 22.0, ""ndays_act"": 10.0, ""nchapters"": 12.0}"
HarvardX,4,aligned,0,7280,NICE,bounded,NICE_bounded,0,classifier_target_not_met,0.0,0.004998207092285156,0.05555555555555555,1,"{""nevents"": 91.0, ""ndays_act"": 10.0, ""nchapters"": 12.0}"
HarvardX,4,aligned,0,7280,NICE,bounded+edit,NICE_bounded+edit,0,classifier_target_not_met,0.0,0.004998207092285156,0.05555555555555555,1,"{""nevents"": 91.0, ""ndays_act"": 10.0, ""nchapters"": 12.0}"
HarvardX,4,aligned,0,7280,MCCE,native,MCCE_native,1,OK,0.0,0.02772355079650879,0.2962962962962963,1,"{""nevents"": 91.0, ""ndays_act"": 23.0, ""nchapters"": 12.0}"
HarvardX,4,aligned,0,7280,MCCE,bounded,MCCE_bounded,1,OK,0.0,0.02772355079650879,0.2962962962962963,1,"{""nevents"": 91.0, ""ndays_act"": 23.0, ""nchapters"": 12.0}"
HarvardX,4,aligned,0,7280,MCCE,bounded+edit,MCCE_bounded+edit,1,OK,0.0,0.02772355079650879,0.2962962962962963,1,"{""nevents"": 91.0, ""ndays_act"": 23.0, ""nchapters"": 12.0}"
HarvardX,4,aligned,0,7297,NICE,native,NICE_native,1,OK,0.0,0.004971981048583984,0.4347972745058355,2,"{""nevents"": 66.0, ""ndays_act"": 21.0, ""nchapters"": 7.0}"
HarvardX,4,aligned,0,7297,NICE,bounded,NICE_bounded,1,OK,0.0,0.004971981048583984,0.4347972745058355,2,"{""nevents"": 66.0, ""ndays_act"": 21.0, ""nchapters"": 7.0}"
HarvardX,4,aligned,0,7297,NICE,bounded+edit,NICE_bounded+edit,1,OK,0.0,0.004971981048583984,0.4347972745058355,2,"{""nevents"": 66.0, ""ndays_act"": 21.0, ""nchapters"": 7.0}"
HarvardX,4,aligned,0,7297,MCCE,native,MCCE_native,1,OK,0.0,0.040662527084350586,0.8703276439767029,3,"{""nevents"": 68.0, ""ndays_act"": 23.0, ""nchapters"": 9.0}"
HarvardX,4,aligned,0,7297,MCCE,bounded,MCCE_bounded,1,OK,0.0,0.040662527084350586,0.8703276439767029,3,"{""nevents"": 68.0, ""ndays_act"": 23.0, ""nchapters"": 9.0}"
HarvardX,4,aligned,0,7297,MCCE,bounded+edit,MCCE_bounded+edit,1,OK,0.0,0.040662527084350586,0.8703276439767029,3,"{""nevents"": 68.0, ""ndays_act"": 23.0, ""nchapters"": 9.0}"
HarvardX,4,aligned,0,7341,NICE,native,NICE_native,1,OK,0.0,0.004580259323120117,0.18039533157930243,2,"{""nevents"": 12.0, ""ndays_act"": 10.0, ""nchapters"": 12.0}"
HarvardX,4,aligned,0,7341,NICE,bounded,NICE_bounded,1,OK,0.0,0.004580259323120117,0.18039533157930243,2,"{""nevents"": 12.0, ""ndays_act"": 10.0, ""nchapters"": 12.0}"
HarvardX,4,aligned,0,7341,NICE,bounded+edit,NICE_bounded+edit,1,OK,0.0,0.004580259323120117,0.18039533157930243,2,"{""nevents"": 12.0, ""ndays_act"": 10.0, ""nchapters"": 12.0}"
HarvardX,4,aligned,0,7341,MCCE,native,MCCE_native,1,OK,0.0,0.026345252990722656,0.2050866896039938,2,"{""nevents"": 30.0, ""ndays_act"": 10.0, ""nchapters"": 12.0}"
HarvardX,4,aligned,0,7341,MCCE,bounded,MCCE_bounded,1,OK,0.0,0.026345252990722656,0.2050866896039938,2,"{""nevents"": 30.0, ""ndays_act"": 10.0, ""nchapters"": 12.0}"
HarvardX,4,aligned,0,7341,MCCE,bounded+edit,MCCE_bounded+edit,1,OK,0.0,0.026345252990722656,0.2050866896039938,2,"{""nevents"": 30.0, ""ndays_act"": 10.0, ""nchapters"": 12.0}"
HarvardX,4,aligned,0,7346,NICE,native,NICE_native,0,out_of_bounds:nevents,0.0,0.004586458206176758,0.18795841057467558,2,"{""nevents"": 22.0, ""ndays_act"": 10.0, ""nchapters"": 12.0}"
HarvardX,4,aligned,0,7346,NICE,bounded,NICE_bounded,0,classifier_target_not_met,0.0,0.004586458206176758,0.10526315789473684,1,"{""nevents"": 76.0, ""ndays_act"": 10.0, ""nchapters"": 12.0}"
HarvardX,4,aligned,0,7346,NICE,bounded+edit,NICE_bounded+edit,0,classifier_target_not_met,0.0,0.004586458206176758,0.10526315789473684,1,"{""nevents"": 76.0, ""ndays_act"": 10.0, ""nchapters"": 12.0}"
HarvardX,4,aligned,0,7346,MCCE,native,MCCE_native,0,out_of_bounds:nevents,0.0,0.026474475860595703,0.1757072620294995,2,"{""nevents"": 30.0, ""ndays_act"": 10.0, ""nchapters"": 12.0}"
HarvardX,4,aligned,0,7346,MCCE,bounded,MCCE_bounded,1,OK,0.0,0.026474475860595703,0.2953171596679294,2,"{""nevents"": 97.0, ""ndays_act"": 19.0, ""nchapters"": 12.0}"
HarvardX,4,aligned,0,7346,MCCE,bounded+edit,MCCE_bounded+edit,1,OK,0.0,0.026474475860595703,0.2953171596679294,2,"{""nevents"": 97.0, ""ndays_act"": 19.0, ""nchapters"": 12.0}"
HarvardX,4,aligned,0,7357,NICE,native,NICE_native,1,OK,0.0,0.005921840667724609,0.5388438314473961,3,"{""nevents"": 66.0, ""ndays_act"": 21.0, ""nchapters"": 7.0}"
HarvardX,4,aligned,0,7357,NICE,bounded,NICE_bounded,1,OK,0.0,0.005921840667724609,0.5388438314473961,3,"{""nevents"": 66.0, ""ndays_act"": 21.0, ""nchapters"": 7.0}"
HarvardX,4,aligned,0,7357,NICE,bounded+edit,NICE_bounded+edit,1,OK,0.0,0.005921840667724609,0.5388438314473961,3,"{""nevents"": 66.0, ""ndays_act"": 21.0, ""nchapters"": 7.0}"
HarvardX,4,aligned,0,7357,MCCE,native,MCCE_native,1,OK,0.0,0.039749860763549805,0.9089407993783691,3,"{""nevents"": 68.0, ""ndays_act"": 23.0, ""nchapters"": 9.0}"
HarvardX,4,aligned,0,7357,MCCE,bounded,MCCE_bounded,1,OK,0.0,0.039749860763549805,0.9089407993783691,3,"{""nevents"": 68.0, ""ndays_act"": 23.0, ""nchapters"": 9.0}"
HarvardX,4,aligned,0,7357,MCCE,bounded+edit,MCCE_bounded+edit,1,OK,0.0,0.039749860763549805,0.9089407993783691,3,"{""nevents"": 68.0, ""ndays_act"": 23.0, ""nchapters"": 9.0}"
HarvardX,4,aligned,0,7361,NICE,native,NICE_native,1,OK,0.0,0.0037877559661865234,0.1206896551724138,1,"{""nevents"": 19.0, ""ndays_act"": 10.0, ""nchapters"": 12.0}"
HarvardX,4,aligned,0,7361,NICE,bounded,NICE_bounded,1,OK,0.0,0.0037877559661865234,0.1206896551724138,1,"{""nevents"": 19.0, ""ndays_act"": 10.0, ""nchapters"": 12.0}"
HarvardX,4,aligned,0,7361,NICE,bounded+edit,NICE_bounded+edit,1,OK,0.0,0.0037877559661865234,0.1206896551724138,1,"{""nevents"": 19.0, ""ndays_act"": 10.0, ""nchapters"": 12.0}"
HarvardX,4,aligned,0,7361,MCCE,native,MCCE_native,1,OK,0.0,0.02655768394470215,0.13618261291889266,2,"{""nevents"": 30.0, ""ndays_act"": 10.0, ""nchapters"": 12.0}"
HarvardX,4,aligned,0,7361,MCCE,bounded,MCCE_bounded,1,OK,0.0,0.02655768394470215,0.13618261291889266,2,"{""nevents"": 30.0, ""ndays_act"": 10.0, ""nchapters"": 12.0}"
HarvardX,4,aligned,0,7361,MCCE,bounded+edit,MCCE_bounded+edit,1,OK,0.0,0.02655768394470215,0.13618261291889266,2,"{""nevents"": 30.0, ""ndays_act"": 10.0, ""nchapters"": 12.0}"
HarvardX,4,aligned,0,7379,NICE,native,NICE_native,0,out_of_bounds:nevents,0.0,0.0034973621368408203,0.3392857142857143,1,"{""nevents"": 279.0, ""ndays_act"": 34.0, ""nchapters"": 10.0}"
HarvardX,4,aligned,0,7379,NICE,bounded,NICE_bounded,0,classifier_target_not_met,0.0,0.0034973621368408203,0.0,0,"{""nevents"": 393.0, ""ndays_act"": 34.0, ""nchapters"": 10.0}"
HarvardX,4,aligned,0,7379,NICE,bounded+edit,NICE_bounded+edit,0,classifier_target_not_met,0.0,0.0034973621368408203,0.0,0,"{""nevents"": 393.0, ""ndays_act"": 34.0, ""nchapters"": 10.0}"
HarvardX,4,aligned,0,7379,MCCE,native,MCCE_native,0,out_of_bounds:nevents;out_of_bounds:ndays_act,0.0,0.0448453426361084,0.47453703703703703,2,"{""nevents"": 246.0, ""ndays_act"": 33.0, ""nchapters"": 10.0}"
HarvardX,4,aligned,0,7379,MCCE,bounded,MCCE_bounded,1,OK,0.0,0.0448453426361084,0.47883597883597884,2,"{""nevents"": 417.0, ""ndays_act"": 45.0, ""nchapters"": 10.0}"
HarvardX,4,aligned,0,7379,MCCE,bounded+edit,MCCE_bounded+edit,1,OK,0.0,0.0448453426361084,0.47883597883597884,2,"{""nevents"": 417.0, ""ndays_act"": 45.0, ""nchapters"": 10.0}"
HarvardX,4,aligned,0,7388,NICE,native,NICE_native,0,out_of_bounds:nevents,0.0,0.004730224609375,0.3382606199770379,2,"{""nevents"": 22.0, ""ndays_act"": 10.0, ""nchapters"": 12.0}"
HarvardX,4,aligned,0,7388,NICE,bounded,NICE_bounded,0,classifier_target_not_met,0.0,0.004730224609375,0.019230769230769232,1,"{""nevents"": 193.0, ""ndays_act"": 10.0, ""nchapters"": 12.0}"
HarvardX,4,aligned,0,7388,NICE,bounded+edit,NICE_bounded+edit,0,classifier_target_not_met,0.0,0.004730224609375,0.019230769230769232,1,"{""nevents"": 193.0, ""ndays_act"": 10.0, ""nchapters"": 12.0}"
HarvardX,4,aligned,0,7388,MCCE,native,MCCE_native,0,out_of_bounds:nevents,0.0,0.02672743797302246,0.32333524684270953,2,"{""nevents"": 30.0, ""ndays_act"": 10.0, ""nchapters"": 12.0}"
HarvardX,4,aligned,0,7388,MCCE,bounded,MCCE_bounded,1,OK,0.0,0.02672743797302246,0.355625717566016,2,"{""nevents"": 229.0, ""ndays_act"": 24.0, ""nchapters"": 12.0}"
HarvardX,4,aligned,0,7388,MCCE,bounded+edit,MCCE_bounded+edit,1,OK,0.0,0.02672743797302246,0.355625717566016,2,"{""nevents"": 229.0, ""ndays_act"": 24.0, ""nchapters"": 12.0}"
HarvardX,4,aligned,0,7389,NICE,native,NICE_native,1,OK,0.0,0.006243228912353516,0.6014639411725021,3,"{""nevents"": 66.0, ""ndays_act"": 21.0, ""nchapters"": 7.0}"
HarvardX,4,aligned,0,7389,NICE,bounded,NICE_bounded,1,OK,0.0,0.006243228912353516,0.6014639411725021,3,"{""nevents"": 66.0, ""ndays_act"": 21.0, ""nchapters"": 7.0}"
HarvardX,4,aligned,0,7389,NICE,bounded+edit,NICE_bounded+edit,1,OK,0.0,0.006243228912353516,0.6014639411725021,3,"{""nevents"": 66.0, ""ndays_act"": 21.0, ""nchapters"": 7.0}"
HarvardX,4,aligned,0,7389,MCCE,native,MCCE_native,1,OK,0.0,0.04156899452209473,0.9703276439767028,3,"{""nevents"": 68.0, ""ndays_act"": 23.0, ""nchapters"": 9.0}"
HarvardX,4,aligned,0,7389,MCCE,bounded,MCCE_bounded,1,OK,0.0,0.04156899452209473,0.9703276439767028,3,"{""nevents"": 68.0, ""ndays_act"": 23.0, ""nchapters"": 9.0}"
HarvardX,4,aligned,0,7389,MCCE,bounded+edit,MCCE_bounded+edit,1,OK,0.0,0.04156899452209473,0.9703276439767028,3,"{""nevents"": 68.0, ""ndays_act"": 23.0, ""nchapters"": 9.0}"
HarvardX,4,aligned,0,7392,NICE,native,NICE_native,1,OK,0.0,0.004891633987426758,0.3645531014806434,2,"{""nevents"": 66.0, ""ndays_act"": 21.0, ""nchapters"": 7.0}"
HarvardX,4,aligned,0,7392,NICE,bounded,NICE_bounded,1,OK,0.0,0.004891633987426758,0.3645531014806434,2,"{""nevents"": 66.0, ""ndays_act"": 21.0, ""nchapters"": 7.0}"
HarvardX,4,aligned,0,7392,NICE,bounded+edit,NICE_bounded+edit,1,OK,0.0,0.004891633987426758,0.3645531014806434,2,"{""nevents"": 66.0, ""ndays_act"": 21.0, ""nchapters"": 7.0}"
HarvardX,4,aligned,0,7392,MCCE,native,MCCE_native,1,OK,0.0,0.04131507873535156,0.8018889271484086,3,"{""nevents"": 68.0, ""ndays_act"": 23.0, ""nchapters"": 9.0}"
HarvardX,4,aligned,0,7392,MCCE,bounded,MCCE_bounded,1,OK,0.0,0.04131507873535156,0.8018889271484086,3,"{""nevents"": 68.0, ""ndays_act"": 23.0, ""nchapters"": 9.0}"
HarvardX,4,aligned,0,7392,MCCE,bounded+edit,MCCE_bounded+edit,1,OK,0.0,0.04131507873535156,0.8018889271484086,3,"{""nevents"": 68.0, ""ndays_act"": 23.0, ""nchapters"": 9.0}"
HarvardX,4,aligned,0,7393,NICE,native,NICE_native,1,OK,0.0,0.003565073013305664,0.07272727272727272,1,"{""nevents"": 9.0, ""ndays_act"": 10.0, ""nchapters"": 12.0}"
HarvardX,4,aligned,0,7393,NICE,bounded,NICE_bounded,1,OK,0.0,0.003565073013305664,0.07272727272727272,1,"{""nevents"": 9.0, ""ndays_act"": 10.0, ""nchapters"": 12.0}"
HarvardX,4,aligned,0,7393,NICE,bounded+edit,NICE_bounded+edit,1,OK,0.0,0.003565073013305664,0.07272727272727272,1,"{""nevents"": 9.0, ""ndays_act"": 10.0, ""nchapters"": 12.0}"
HarvardX,4,aligned,0,7393,MCCE,native,MCCE_native,1,OK,0.0,0.02686905860900879,0.1018939393939394,2,"{""nevents"": 30.0, ""ndays_act"": 10.0, ""nchapters"": 12.0}"
HarvardX,4,aligned,0,7393,MCCE,bounded,MCCE_bounded,1,OK,0.0,0.02686905860900879,0.1018939393939394,2,"{""nevents"": 30.0, ""ndays_act"": 10.0, ""nchapters"": 12.0}"
HarvardX,4,aligned,0,7393,MCCE,bounded+edit,MCCE_bounded+edit,1,OK,0.0,0.02686905860900879,0.1018939393939394,2,"{""nevents"": 30.0, ""ndays_act"": 10.0, ""nchapters"": 12.0}"
HarvardX,4,aligned,0,7428,NICE,native,NICE_native,0,out_of_bounds:nevents,0.0,0.006272792816162109,0.3735386580214166,3,"{""nevents"": 25.0, ""ndays_act"": 10.0, ""nchapters"": 9.0}"
HarvardX,4,aligned,0,7428,NICE,bounded,NICE_bounded,0,classifier_target_not_met,0.0,0.006272792816162109,0.3706896551724138,2,"{""nevents"": 27.0, ""ndays_act"": 10.0, ""nchapters"": 9.0}"
HarvardX,4,aligned,0,7428,NICE,bounded+edit,NICE_bounded+edit,0,classifier_target_not_met,0.0,0.006272792816162109,0.3706896551724138,2,"{""nevents"": 27.0, ""ndays_act"": 10.0, ""nchapters"": 9.0}"
HarvardX,4,aligned,0,7428,MCCE,native,MCCE_native,1,OK,0.0,0.04138970375061035,0.653232144611455,3,"{""nevents"": 68.0, ""ndays_act"": 23.0, ""nchapters"": 9.0}"
HarvardX,4,aligned,0,7428,MCCE,bounded,MCCE_bounded,1,OK,0.0,0.04138970375061035,0.653232144611455,3,"{""nevents"": 68.0, ""ndays_act"": 23.0, ""nchapters"": 9.0}"
HarvardX,4,aligned,0,7428,MCCE,bounded+edit,MCCE_bounded+edit,1,OK,0.0,0.04138970375061035,0.653232144611455,3,"{""nevents"": 68.0, ""ndays_act"": 23.0, ""nchapters"": 9.0}"
HarvardX,4,aligned,0,7441,NICE,native,NICE_native,1,OK,0.0,0.0059814453125,0.4482279790415795,3,"{""nevents"": 25.0, ""ndays_act"": 10.0, ""nchapters"": 9.0}"
HarvardX,4,aligned,0,7441,NICE,bounded,NICE_bounded,1,OK,0.0,0.0059814453125,0.4482279790415795,3,"{""nevents"": 25.0, ""ndays_act"": 10.0, ""nchapters"": 9.0}"
HarvardX,4,aligned,0,7441,NICE,bounded+edit,NICE_bounded+edit,1,OK,0.0,0.0059814453125,0.4482279790415795,3,"{""nevents"": 25.0, ""ndays_act"": 10.0, ""nchapters"": 9.0}"
HarvardX,4,aligned,0,7441,MCCE,native,MCCE_native,1,OK,0.0,0.04040122032165527,0.7203276439767028,3,"{""nevents"": 68.0, ""ndays_act"": 23.0, ""nchapters"": 9.0}"
HarvardX,4,aligned,0,7441,MCCE,bounded,MCCE_bounded,1,OK,0.0,0.04040122032165527,0.7203276439767028,3,"{""nevents"": 68.0, ""ndays_act"": 23.0, ""nchapters"": 9.0}"
HarvardX,4,aligned,0,7441,MCCE,bounded+edit,MCCE_bounded+edit,1,OK,0.0,0.04040122032165527,0.7203276439767028,3,"{""nevents"": 68.0, ""ndays_act"": 23.0, ""nchapters"": 9.0}"
HarvardX,4,aligned,0,7451,NICE,native,NICE_native,1,OK,0.0,0.005925655364990234,0.4949494949494949,3,"{""nevents"": 66.0, ""ndays_act"": 21.0, ""nchapters"": 7.0}"
HarvardX,4,aligned,0,7451,NICE,bounded,NICE_bounded,1,OK,0.0,0.005925655364990234,0.4949494949494949,3,"{""nevents"": 66.0, ""ndays_act"": 21.0, ""nchapters"": 7.0}"
HarvardX,4,aligned,0,7451,NICE,bounded+edit,NICE_bounded+edit,1,OK,0.0,0.005925655364990234,0.4949494949494949,3,"{""nevents"": 66.0, ""ndays_act"": 21.0, ""nchapters"": 7.0}"
HarvardX,4,aligned,0,7451,MCCE,native,MCCE_native,1,OK,0.0,0.04455137252807617,0.8674954674954675,3,"{""nevents"": 68.0, ""ndays_act"": 23.0, ""nchapters"": 9.0}"
HarvardX,4,aligned,0,7451,MCCE,bounded,MCCE_bounded,1,OK,0.0,0.04455137252807617,0.8674954674954675,3,"{""nevents"": 68.0, ""ndays_act"": 23.0, ""nchapters"": 9.0}"
HarvardX,4,aligned,0,7451,MCCE,bounded+edit,MCCE_bounded+edit,1,OK,0.0,0.04455137252807617,0.8674954674954675,3,"{""nevents"": 68.0, ""ndays_act"": 23.0, ""nchapters"": 9.0}"
HarvardX,4,aligned,0,7480,NICE,native,NICE_native,1,OK,0.0,0.004880666732788086,0.18039533157930243,2,"{""nevents"": 12.0, ""ndays_act"": 10.0, ""nchapters"": 12.0}"
HarvardX,4,aligned,0,7480,NICE,bounded,NICE_bounded,1,OK,0.0,0.004880666732788086,0.18039533157930243,2,"{""nevents"": 12.0, ""ndays_act"": 10.0, ""nchapters"": 12.0}"
HarvardX,4,aligned,0,7480,NICE,bounded+edit,NICE_bounded+edit,1,OK,0.0,0.004880666732788086,0.18039533157930243,2,"{""nevents"": 12.0, ""ndays_act"": 10.0, ""nchapters"": 12.0}"
HarvardX,4,aligned,0,7480,MCCE,native,MCCE_native,1,OK,0.0,0.029684066772460938,0.2050866896039938,2,"{""nevents"": 30.0, ""ndays_act"": 10.0, ""nchapters"": 12.0}"
HarvardX,4,aligned,0,7480,MCCE,bounded,MCCE_bounded,1,OK,0.0,0.029684066772460938,0.2050866896039938,2,"{""nevents"": 30.0, ""ndays_act"": 10.0, ""nchapters"": 12.0}"
HarvardX,4,aligned,0,7480,MCCE,bounded+edit,MCCE_bounded+edit,1,OK,0.0,0.029684066772460938,0.2050866896039938,2,"{""nevents"": 30.0, ""ndays_act"": 10.0, ""nchapters"": 12.0}"
HarvardX,4,aligned,0,7551,NICE,native,NICE_native,1,OK,0.0,0.006426095962524414,0.4482279790415795,3,"{""nevents"": 25.0, ""ndays_act"": 10.0, ""nchapters"": 9.0}"
HarvardX,4,aligned,0,7551,NICE,bounded,NICE_bounded,1,OK,0.0,0.006426095962524414,0.4482279790415795,3,"{""nevents"": 25.0, ""ndays_act"": 10.0, ""nchapters"": 9.0}"
HarvardX,4,aligned,0,7551,NICE,bounded+edit,NICE_bounded+edit,1,OK,0.0,0.006426095962524414,0.4482279790415795,3,"{""nevents"": 25.0, ""ndays_act"": 10.0, ""nchapters"": 9.0}"
HarvardX,4,aligned,0,7551,MCCE,native,MCCE_native,1,OK,0.0,0.041652679443359375,0.7203276439767028,3,"{""nevents"": 68.0, ""ndays_act"": 23.0, ""nchapters"": 9.0}"
HarvardX,4,aligned,0,7551,MCCE,bounded,MCCE_bounded,1,OK,0.0,0.041652679443359375,0.7203276439767028,3,"{""nevents"": 68.0, ""ndays_act"": 23.0, ""nchapters"": 9.0}"
HarvardX,4,aligned,0,7551,MCCE,bounded+edit,MCCE_bounded+edit,1,OK,0.0,0.041652679443359375,0.7203276439767028,3,"{""nevents"": 68.0, ""ndays_act"": 23.0, ""nchapters"": 9.0}"
HarvardX,4,aligned,0,7673,NICE,native,NICE_native,1,OK,0.0,0.004663228988647461,0.13559322033898305,1,"{""nevents"": 8.0, ""ndays_act"": 10.0, ""nchapters"": 12.0}"
HarvardX,4,aligned,0,7673,NICE,bounded,NICE_bounded,1,OK,0.0,0.004663228988647461,0.13559322033898305,1,"{""nevents"": 8.0, ""ndays_act"": 10.0, ""nchapters"": 12.0}"
HarvardX,4,aligned,0,7673,NICE,bounded+edit,NICE_bounded+edit,1,OK,0.0,0.004663228988647461,0.13559322033898305,1,"{""nevents"": 8.0, ""ndays_act"": 10.0, ""nchapters"": 12.0}"
HarvardX,4,aligned,0,7673,MCCE,native,MCCE_native,1,OK,0.0,0.02762770652770996,0.16610639648322717,2,"{""nevents"": 30.0, ""ndays_act"": 10.0, ""nchapters"": 12.0}"
HarvardX,4,aligned,0,7673,MCCE,bounded,MCCE_bounded,1,OK,0.0,0.02762770652770996,0.16610639648322717,2,"{""nevents"": 30.0, ""ndays_act"": 10.0, ""nchapters"": 12.0}"
HarvardX,4,aligned,0,7673,MCCE,bounded+edit,MCCE_bounded+edit,1,OK,0.0,0.02762770652770996,0.16610639648322717,2,"{""nevents"": 30.0, ""ndays_act"": 10.0, ""nchapters"": 12.0}"
HarvardX,4,aligned,0,7675,NICE,native,NICE_native,0,out_of_bounds:nevents,0.0,0.005093812942504883,0.3639240506329114,2,"{""nevents"": 25.0, ""ndays_act"": 11.0, ""nchapters"": 9.0}"
HarvardX,4,aligned,0,7675,NICE,bounded,NICE_bounded,0,classifier_target_not_met,0.0,0.005093812942504883,0.25,1,"{""nevents"": 97.0, ""ndays_act"": 11.0, ""nchapters"": 9.0}"
HarvardX,4,aligned,0,7675,NICE,bounded+edit,NICE_bounded+edit,0,classifier_target_not_met,0.0,0.005093812942504883,0.25,1,"{""nevents"": 97.0, ""ndays_act"": 11.0, ""nchapters"": 9.0}"
HarvardX,4,aligned,0,7675,MCCE,native,MCCE_native,0,out_of_bounds:nevents,0.0,0.04200148582458496,0.5358860759493671,3,"{""nevents"": 68.0, ""ndays_act"": 23.0, ""nchapters"": 9.0}"
HarvardX,4,aligned,0,7675,MCCE,bounded,MCCE_bounded,1,OK,0.0,0.04200148582458496,0.5390506329113924,3,"{""nevents"": 128.0, ""ndays_act"": 23.0, ""nchapters"": 9.0}"
HarvardX,4,aligned,0,7675,MCCE,bounded+edit,MCCE_bounded+edit,1,OK,0.0,0.04200148582458496,0.5390506329113924,3,"{""nevents"": 128.0, ""ndays_act"": 23.0, ""nchapters"": 9.0}"
HarvardX,4,aligned,0,7682,NICE,native,NICE_native,0,out_of_bounds:nevents,0.0,0.0036330223083496094,0.23389830508474577,1,"{""nevents"": 365.0, ""ndays_act"": 31.0, ""nchapters"": 12.0}"
HarvardX,4,aligned,0,7682,NICE,bounded,NICE_bounded,0,classifier_target_not_met,0.0,0.0036330223083496094,0.0,0,"{""nevents"": 434.0, ""ndays_act"": 31.0, ""nchapters"": 12.0}"
HarvardX,4,aligned,0,7682,NICE,bounded+edit,NICE_bounded+edit,0,classifier_target_not_met,0.0,0.0036330223083496094,0.0,0,"{""nevents"": 434.0, ""ndays_act"": 31.0, ""nchapters"": 12.0}"
HarvardX,4,aligned,0,7682,MCCE,native,MCCE_native,0,out_of_bounds:nevents,0.0,0.027455806732177734,0.4033898305084746,1,"{""nevents"": 315.0, ""ndays_act"": 31.0, ""nchapters"": 12.0}"
HarvardX,4,aligned,0,7682,MCCE,bounded,MCCE_bounded,1,OK,0.0,0.027455806732177734,0.2248587570621469,2,"{""nevents"": 461.0, ""ndays_act"": 35.0, ""nchapters"": 12.0}"
HarvardX,4,aligned,0,7682,MCCE,bounded+edit,MCCE_bounded+edit,1,OK,0.0,0.027455806732177734,0.2248587570621469,2,"{""nevents"": 461.0, ""ndays_act"": 35.0, ""nchapters"": 12.0}"
HarvardX,4,aligned,0,7733,NICE,native,NICE_native,1,OK,0.0,0.0038373470306396484,0.13559322033898305,1,"{""nevents"": 19.0, ""ndays_act"": 10.0, ""nchapters"": 12.0}"
HarvardX,4,aligned,0,7733,NICE,bounded,NICE_bounded,1,OK,0.0,0.0038373470306396484,0.13559322033898305,1,"{""nevents"": 19.0, ""ndays_act"": 10.0, ""nchapters"": 12.0}"
HarvardX,4,aligned,0,7733,NICE,bounded+edit,NICE_bounded+edit,1,OK,0.0,0.0038373470306396484,0.13559322033898305,1,"{""nevents"": 19.0, ""ndays_act"": 10.0, ""nchapters"": 12.0}"
HarvardX,4,aligned,0,7733,MCCE,native,MCCE_native,1,OK,0.0,0.027169227600097656,0.15108617808546193,2,"{""nevents"": 30.0, ""ndays_act"": 10.0, ""nchapters"": 12.0}"
HarvardX,4,aligned,0,7733,MCCE,bounded,MCCE_bounded,1,OK,0.0,0.027169227600097656,0.15108617808546193,2,"{""nevents"": 30.0, ""ndays_act"": 10.0, ""nchapters"": 12.0}"
HarvardX,4,aligned,0,7733,MCCE,bounded+edit,MCCE_bounded+edit,1,OK,0.0,0.027169227600097656,0.15108617808546193,2,"{""nevents"": 30.0, ""ndays_act"": 10.0, ""nchapters"": 12.0}"
HarvardX,4,aligned,0,7783,NICE,native,NICE_native,0,out_of_bounds:nevents,0.0,0.0048100948333740234,0.15555859802847755,2,"{""nevents"": 10.0, ""ndays_act"": 10.0, ""nchapters"": 10.0}"
HarvardX,4,aligned,0,7783,NICE,bounded,NICE_bounded,0,classifier_target_not_met,0.0,0.0048100948333740234,0.07272727272727272,1,"{""nevents"": 65.0, ""ndays_act"": 10.0, ""nchapters"": 10.0}"
HarvardX,4,aligned,0,7783,NICE,bounded+edit,NICE_bounded+edit,0,classifier_target_not_met,0.0,0.0048100948333740234,0.07272727272727272,1,"{""nevents"": 65.0, ""ndays_act"": 10.0, ""nchapters"": 10.0}"
HarvardX,4,aligned,0,7783,MCCE,native,MCCE_native,0,out_of_bounds:nevents,0.0,0.04238390922546387,0.18912924424972616,2,"{""nevents"": 36.0, ""ndays_act"": 14.0, ""nchapters"": 10.0}"
HarvardX,4,aligned,0,7783,MCCE,bounded,MCCE_bounded,1,OK,0.0,0.04238390922546387,0.5345837897042717,2,"{""nevents"": 94.0, ""ndays_act"": 33.0, ""nchapters"": 10.0}"
HarvardX,4,aligned,0,7783,MCCE,bounded+edit,MCCE_bounded+edit,1,OK,0.0,0.04238390922546387,0.5345837897042717,2,"{""nevents"": 94.0, ""ndays_act"": 33.0, ""nchapters"": 10.0}"
HarvardX,4,aligned,0,7807,NICE,native,NICE_native,1,OK,0.0,0.005519866943359375,0.14562040309485147,2,"{""nevents"": 25.0, ""ndays_act"": 10.0, ""nchapters"": 9.0}"
HarvardX,4,aligned,0,7807,NICE,bounded,NICE_bounded,1,OK,0.0,0.005519866943359375,0.14562040309485147,2,"{""nevents"": 25.0, ""ndays_act"": 10.0, ""nchapters"": 9.0}"
HarvardX,4,aligned,0,7807,NICE,bounded+edit,NICE_bounded+edit,1,OK,0.0,0.005519866943359375,0.14562040309485147,2,"{""nevents"": 25.0, ""ndays_act"": 10.0, ""nchapters"": 9.0}"
HarvardX,4,aligned,0,7807,MCCE,native,MCCE_native,1,OK,0.0,0.04614520072937012,0.4293151208329353,2,"{""nevents"": 68.0, ""ndays_act"": 23.0, ""nchapters"": 9.0}"
HarvardX,4,aligned,0,7807,MCCE,bounded,MCCE_bounded,1,OK,0.0,0.04614520072937012,0.4293151208329353,2,"{""nevents"": 68.0, ""ndays_act"": 23.0, ""nchapters"": 9.0}"
HarvardX,4,aligned,0,7807,MCCE,bounded+edit,MCCE_bounded+edit,1,OK,0.0,0.04614520072937012,0.4293151208329353,2,"{""nevents"": 68.0, ""ndays_act"": 23.0, ""nchapters"": 9.0}"
HarvardX,4,aligned,0,7827,NICE,native,NICE_native,1,OK,0.0,0.0057353973388671875,0.16375515818431913,2,"{""nevents"": 12.0, ""ndays_act"": 10.0, ""nchapters"": 12.0}"
HarvardX,4,aligned,0,7827,NICE,bounded,NICE_bounded,1,OK,0.0,0.0057353973388671875,0.16375515818431913,2,"{""nevents"": 12.0, ""ndays_act"": 10.0, ""nchapters"": 12.0}"
HarvardX,4,aligned,0,7827,NICE,bounded+edit,NICE_bounded+edit,1,OK,0.0,0.0057353973388671875,0.16375515818431913,2,"{""nevents"": 12.0, ""ndays_act"": 10.0, ""nchapters"": 12.0}"
HarvardX,4,aligned,0,7827,MCCE,native,MCCE_native,1,OK,0.0,0.02968740463256836,0.18851444291609354,2,"{""nevents"": 30.0, ""ndays_act"": 10.0, ""nchapters"": 12.0}"
HarvardX,4,aligned,0,7827,MCCE,bounded,MCCE_bounded,1,OK,0.0,0.02968740463256836,0.18851444291609354,2,"{""nevents"": 30.0, ""ndays_act"": 10.0, ""nchapters"": 12.0}"
HarvardX,4,aligned,0,7827,MCCE,bounded+edit,MCCE_bounded+edit,1,OK,0.0,0.02968740463256836,0.18851444291609354,2,"{""nevents"": 30.0, ""ndays_act"": 10.0, ""nchapters"": 12.0}"
HarvardX,4,aligned,0,7833,NICE,native,NICE_native,0,out_of_bounds:nevents,0.0,0.003556966781616211,0.08814102564102565,1,"{""nevents"": 50.0, ""ndays_act"": 12.0, ""nchapters"": 12.0}"
HarvardX,4,aligned,0,7833,NICE,bounded,NICE_bounded,0,classifier_target_not_met,0.0,0.003556966781616211,0.0,0,"{""nevents"": 105.0, ""ndays_act"": 12.0, ""nchapters"": 12.0}"
HarvardX,4,aligned,0,7833,NICE,bounded+edit,NICE_bounded+edit,0,classifier_target_not_met,0.0,0.003556966781616211,0.0,0,"{""nevents"": 105.0, ""ndays_act"": 12.0, ""nchapters"": 12.0}"
HarvardX,4,aligned,0,7833,MCCE,native,MCCE_native,0,out_of_bounds:nevents,0.0,0.032953500747680664,0.1201923076923077,1,"{""nevents"": 30.0, ""ndays_act"": 12.0, ""nchapters"": 12.0}"
HarvardX,4,aligned,0,7833,MCCE,bounded,MCCE_bounded,1,OK,0.0,0.032953500747680664,0.20973966509680794,2,"{""nevents"": 134.0, ""ndays_act"": 20.0, ""nchapters"": 12.0}"
HarvardX,4,aligned,0,7833,MCCE,bounded+edit,MCCE_bounded+edit,1,OK,0.0,0.032953500747680664,0.20973966509680794,2,"{""nevents"": 134.0, ""ndays_act"": 20.0, ""nchapters"": 12.0}"
HarvardX,4,aligned,0,7850,NICE,native,NICE_native,1,OK,0.0,0.0053348541259765625,0.3725796224942691,2,"{""nevents"": 66.0, ""ndays_act"": 21.0, ""nchapters"": 7.0}"
HarvardX,4,aligned,0,7850,NICE,bounded,NICE_bounded,1,OK,0.0,0.0053348541259765625,0.3725796224942691,2,"{""nevents"": 66.0, ""ndays_act"": 21.0, ""nchapters"": 7.0}"
HarvardX,4,aligned,0,7850,NICE,bounded+edit,NICE_bounded+edit,1,OK,0.0,0.0053348541259765625,0.3725796224942691,2,"{""nevents"": 66.0, ""ndays_act"": 21.0, ""nchapters"": 7.0}"
HarvardX,4,aligned,0,7850,MCCE,native,MCCE_native,1,OK,0.0,0.041580915451049805,0.8098912354289617,3,"{""nevents"": 68.0, ""ndays_act"": 23.0, ""nchapters"": 9.0}"
HarvardX,4,aligned,0,7850,MCCE,bounded,MCCE_bounded,1,OK,0.0,0.041580915451049805,0.8098912354289617,3,"{""nevents"": 68.0, ""ndays_act"": 23.0, ""nchapters"": 9.0}"
HarvardX,4,aligned,0,7850,MCCE,bounded+edit,MCCE_bounded+edit,1,OK,0.0,0.041580915451049805,0.8098912354289617,3,"{""nevents"": 68.0, ""ndays_act"": 23.0, ""nchapters"": 9.0}"
HarvardX,4,aligned,0,7854,NICE,native,NICE_native,1,OK,0.0,0.003961324691772461,0.1206896551724138,1,"{""nevents"": 8.0, ""ndays_act"": 10.0, ""nchapters"": 10.0}"
HarvardX,4,aligned,0,7854,NICE,bounded,NICE_bounded,1,OK,0.0,0.003961324691772461,0.1206896551724138,1,"{""nevents"": 8.0, ""ndays_act"": 10.0, ""nchapters"": 10.0}"
HarvardX,4,aligned,0,7854,NICE,bounded+edit,NICE_bounded+edit,1,OK,0.0,0.003961324691772461,0.1206896551724138,1,"{""nevents"": 8.0, ""ndays_act"": 10.0, ""nchapters"": 10.0}"
HarvardX,4,aligned,0,7854,MCCE,native,MCCE_native,1,OK,0.0,0.04483389854431152,0.22849012387010376,2,"{""nevents"": 36.0, ""ndays_act"": 14.0, ""nchapters"": 10.0}"
HarvardX,4,aligned,0,7854,MCCE,bounded,MCCE_bounded,1,OK,0.0,0.04483389854431152,0.22849012387010376,2,"{""nevents"": 36.0, ""ndays_act"": 14.0, ""nchapters"": 10.0}"
HarvardX,4,aligned,0,7854,MCCE,bounded+edit,MCCE_bounded+edit,1,OK,0.0,0.04483389854431152,0.22849012387010376,2,"{""nevents"": 36.0, ""ndays_act"": 14.0, ""nchapters"": 10.0}"
HarvardX,4,aligned,0,7888,NICE,native,NICE_native,1,OK,0.0,0.004012584686279297,0.10526315789473684,1,"{""nevents"": 26.0, ""ndays_act"": 10.0, ""nchapters"": 12.0}"
HarvardX,4,aligned,0,7888,NICE,bounded,NICE_bounded,1,OK,0.0,0.004012584686279297,0.10526315789473684,1,"{""nevents"": 26.0, ""ndays_act"": 10.0, ""nchapters"": 12.0}"
HarvardX,4,aligned,0,7888,NICE,bounded+edit,NICE_bounded+edit,1,OK,0.0,0.004012584686279297,0.10526315789473684,1,"{""nevents"": 26.0, ""ndays_act"": 10.0, ""nchapters"": 12.0}"
HarvardX,4,aligned,0,7888,MCCE,native,MCCE_native,1,OK,0.0,0.027692794799804688,0.11095305832147936,2,"{""nevents"": 30.0, ""ndays_act"": 10.0, ""nchapters"": 12.0}"
HarvardX,4,aligned,0,7888,MCCE,bounded,MCCE_bounded,1,OK,0.0,0.027692794799804688,0.11095305832147936,2,"{""nevents"": 30.0, ""ndays_act"": 10.0, ""nchapters"": 12.0}"
HarvardX,4,aligned,0,7888,MCCE,bounded+edit,MCCE_bounded+edit,1,OK,0.0,0.027692794799804688,0.11095305832147936,2,"{""nevents"": 30.0, ""ndays_act"": 10.0, ""nchapters"": 12.0}"
HarvardX,4,aligned,0,7890,NICE,native,NICE_native,0,out_of_bounds:nevents,0.0,0.003645181655883789,0.1978798586572438,1,"{""nevents"": 51.0, ""ndays_act"": 11.0, ""nchapters"": 12.0}"
HarvardX,4,aligned,0,7890,NICE,bounded,NICE_bounded,0,classifier_target_not_met,0.0,0.003645181655883789,0.0,0,"{""nevents"": 163.0, ""ndays_act"": 11.0, ""nchapters"": 12.0}"
HarvardX,4,aligned,0,7890,NICE,bounded+edit,NICE_bounded+edit,0,classifier_target_not_met,0.0,0.003645181655883789,0.0,0,"{""nevents"": 163.0, ""ndays_act"": 11.0, ""nchapters"": 12.0}"
HarvardX,4,aligned,0,7890,MCCE,native,MCCE_native,0,out_of_bounds:nevents,0.0,0.02886819839477539,0.1978798586572438,1,"{""nevents"": 51.0, ""ndays_act"": 11.0, ""nchapters"": 12.0}"
HarvardX,4,aligned,0,7890,MCCE,bounded,MCCE_bounded,1,OK,0.0,0.02886819839477539,0.26,1,"{""nevents"": 163.0, ""ndays_act"": 24.0, ""nchapters"": 12.0}"
HarvardX,4,aligned,0,7890,MCCE,bounded+edit,MCCE_bounded+edit,1,OK,0.0,0.02886819839477539,0.26,1,"{""nevents"": 163.0, ""ndays_act"": 24.0, ""nchapters"": 12.0}"
HarvardX,4,aligned,0,7912,NICE,native,NICE_native,0,out_of_bounds:nevents,0.0,0.004987478256225586,0.6780497592295345,2,"{""nevents"": 22.0, ""ndays_act"": 10.0, ""nchapters"": 12.0}"
HarvardX,4,aligned,0,7912,NICE,bounded,NICE_bounded,0,classifier_target_not_met,0.0,0.004987478256225586,0.08928571428571429,1,"{""nevents"": 284.0, ""ndays_act"": 10.0, ""nchapters"": 12.0}"
HarvardX,4,aligned,0,7912,NICE,bounded+edit,NICE_bounded+edit,0,classifier_target_not_met,0.0,0.004987478256225586,0.08928571428571429,1,"{""nevents"": 284.0, ""ndays_act"": 10.0, ""nchapters"": 12.0}"
HarvardX,4,aligned,0,7912,MCCE,native,MCCE_native,0,out_of_bounds:nevents,0.0,0.027827024459838867,0.6600722311396469,2,"{""nevents"": 30.0, ""ndays_act"": 10.0, ""nchapters"": 12.0}"
HarvardX,4,aligned,0,7912,MCCE,bounded,MCCE_bounded,1,OK,0.0,0.027827024459838867,0.531701444622793,2,"{""nevents"": 314.0, ""ndays_act"": 31.0, ""nchapters"": 12.0}"
HarvardX,4,aligned,0,7912,MCCE,bounded+edit,MCCE_bounded+edit,1,OK,0.0,0.027827024459838867,0.531701444622793,2,"{""nevents"": 314.0, ""ndays_act"": 31.0, ""nchapters"": 12.0}"
HarvardX,4,aligned,0,8040,NICE,native,NICE_native,0,out_of_bounds:nevents,0.0,0.003765583038330078,0.14432989690721648,1,"{""nevents"": 63.0, ""ndays_act"": 13.0, ""nchapters"": 12.0}"
HarvardX,4,aligned,0,8040,NICE,bounded,NICE_bounded,0,classifier_target_not_met,0.0,0.003765583038330078,0.0,0,"{""nevents"": 147.0, ""ndays_act"": 13.0, ""nchapters"": 12.0}"
HarvardX,4,aligned,0,8040,NICE,bounded+edit,NICE_bounded+edit,0,classifier_target_not_met,0.0,0.003765583038330078,0.0,0,"{""nevents"": 147.0, ""ndays_act"": 13.0, ""nchapters"": 12.0}"
HarvardX,4,aligned,0,8040,MCCE,native,MCCE_native,0,out_of_bounds:nevents,0.0,0.02965402603149414,0.1958762886597938,1,"{""nevents"": 33.0, ""ndays_act"": 13.0, ""nchapters"": 12.0}"
HarvardX,4,aligned,0,8040,MCCE,bounded,MCCE_bounded,1,OK,0.0,0.02965402603149414,0.19780927835051546,2,"{""nevents"": 153.0, ""ndays_act"": 22.0, ""nchapters"": 12.0}"
HarvardX,4,aligned,0,8040,MCCE,bounded+edit,MCCE_bounded+edit,1,OK,0.0,0.02965402603149414,0.19780927835051546,2,"{""nevents"": 153.0, ""ndays_act"": 22.0, ""nchapters"": 12.0}"
HarvardX,4,aligned,0,8042,NICE,native,NICE_native,0,out_of_bounds:nevents,0.0,0.005046844482421875,0.09060955518945635,1,"{""nevents"": 67.0, ""ndays_act"": 15.0, ""nchapters"": 12.0}"
HarvardX,4,aligned,0,8042,NICE,bounded,NICE_bounded,0,classifier_target_not_met,0.0,0.005046844482421875,0.0,0,"{""nevents"": 122.0, ""ndays_act"": 15.0, ""nchapters"": 12.0}"
HarvardX,4,aligned,0,8042,NICE,bounded+edit,NICE_bounded+edit,0,classifier_target_not_met,0.0,0.005046844482421875,0.0,0,"{""nevents"": 122.0, ""ndays_act"": 15.0, ""nchapters"": 12.0}"
HarvardX,4,aligned,0,8042,MCCE,native,MCCE_native,0,out_of_bounds:nevents,0.0,0.02710580825805664,0.09555189456342669,1,"{""nevents"": 64.0, ""ndays_act"": 15.0, ""nchapters"": 12.0}"
HarvardX,4,aligned,0,8042,MCCE,bounded,MCCE_bounded,1,OK,0.0,0.02710580825805664,0.12846500966979443,2,"{""nevents"": 134.0, ""ndays_act"": 20.0, ""nchapters"": 12.0}"
HarvardX,4,aligned,0,8042,MCCE,bounded+edit,MCCE_bounded+edit,1,OK,0.0,0.02710580825805664,0.12846500966979443,2,"{""nevents"": 134.0, ""ndays_act"": 20.0, ""nchapters"": 12.0}"
HarvardX,4,aligned,0,8084,NICE,native,NICE_native,1,OK,0.0,0.006142616271972656,0.5716881168389712,3,"{""nevents"": 66.0, ""ndays_act"": 21.0, ""nchapters"": 7.0}"
HarvardX,4,aligned,0,8084,NICE,bounded,NICE_bounded,1,OK,0.0,0.006142616271972656,0.5716881168389712,3,"{""nevents"": 66.0, ""ndays_act"": 21.0, ""nchapters"": 7.0}"
HarvardX,4,aligned,0,8084,NICE,bounded+edit,NICE_bounded+edit,1,OK,0.0,0.006142616271972656,0.5716881168389712,3,"{""nevents"": 66.0, ""ndays_act"": 21.0, ""nchapters"": 7.0}"
HarvardX,4,aligned,0,8084,MCCE,native,MCCE_native,1,OK,0.0,0.04445767402648926,0.9416860069859577,3,"{""nevents"": 68.0, ""ndays_act"": 23.0, ""nchapters"": 9.0}"
HarvardX,4,aligned,0,8084,MCCE,bounded,MCCE_bounded,1,OK,0.0,0.04445767402648926,0.9416860069859577,3,"{""nevents"": 68.0, ""ndays_act"": 23.0, ""nchapters"": 9.0}"
HarvardX,4,aligned,0,8084,MCCE,bounded+edit,MCCE_bounded+edit,1,OK,0.0,0.04445767402648926,0.9416860069859577,3,"{""nevents"": 68.0, ""ndays_act"": 23.0, ""nchapters"": 9.0}"
HarvardX,4,aligned,0,8091,NICE,native,NICE_native,0,out_of_bounds:nevents,0.0,0.004915714263916016,0.2183845029239766,2,"{""nevents"": 22.0, ""ndays_act"": 10.0, ""nchapters"": 12.0}"
HarvardX,4,aligned,0,8091,NICE,bounded,NICE_bounded,0,classifier_target_not_met,0.0,0.004915714263916016,0.05555555555555555,1,"{""nevents"": 121.0, ""ndays_act"": 10.0, ""nchapters"": 12.0}"
HarvardX,4,aligned,0,8091,NICE,bounded+edit,NICE_bounded+edit,0,classifier_target_not_met,0.0,0.004915714263916016,0.05555555555555555,1,"{""nevents"": 121.0, ""ndays_act"": 10.0, ""nchapters"": 12.0}"
HarvardX,4,aligned,0,8091,MCCE,native,MCCE_native,0,out_of_bounds:nevents,0.0,0.0260465145111084,0.2052266081871345,2,"{""nevents"": 30.0, ""ndays_act"": 10.0, ""nchapters"": 12.0}"
HarvardX,4,aligned,0,8091,MCCE,bounded,MCCE_bounded,1,OK,0.0,0.0260465145111084,0.2621223196881092,2,"{""nevents"": 134.0, ""ndays_act"": 20.0, ""nchapters"": 12.0}"
HarvardX,4,aligned,0,8091,MCCE,bounded+edit,MCCE_bounded+edit,1,OK,0.0,0.0260465145111084,0.2621223196881092,2,"{""nevents"": 134.0, ""ndays_act"": 20.0, ""nchapters"": 12.0}"
HarvardX,4,aligned,0,8104,NICE,native,NICE_native,0,out_of_bounds:nevents,0.0,0.003507852554321289,0.16666666666666666,1,"{""nevents"": 50.0, ""ndays_act"": 12.0, ""nchapters"": 12.0}"
HarvardX,4,aligned,0,8104,NICE,bounded,NICE_bounded,0,classifier_target_not_met,0.0,0.003507852554321289,0.0,0,"{""nevents"": 147.0, ""ndays_act"": 12.0, ""nchapters"": 12.0}"
HarvardX,4,aligned,0,8104,NICE,bounded+edit,NICE_bounded+edit,0,classifier_target_not_met,0.0,0.003507852554321289,0.0,0,"{""nevents"": 147.0, ""ndays_act"": 12.0, ""nchapters"": 12.0}"
HarvardX,4,aligned,0,8104,MCCE,native,MCCE_native,0,out_of_bounds:nevents,0.0,0.027191638946533203,0.20103092783505155,1,"{""nevents"": 30.0, ""ndays_act"": 12.0, ""nchapters"": 12.0}"
HarvardX,4,aligned,0,8104,MCCE,bounded,MCCE_bounded,1,OK,0.0,0.027191638946533203,0.21439091100357668,2,"{""nevents"": 153.0, ""ndays_act"": 22.0, ""nchapters"": 12.0}"
HarvardX,4,aligned,0,8104,MCCE,bounded+edit,MCCE_bounded+edit,1,OK,0.0,0.027191638946533203,0.21439091100357668,2,"{""nevents"": 153.0, ""ndays_act"": 22.0, ""nchapters"": 12.0}"
HarvardX,4,aligned,0,8119,NICE,native,NICE_native,0,out_of_bounds:nevents,0.0,0.005259037017822266,0.1904860822600748,2,"{""nevents"": 53.0, ""ndays_act"": 13.0, ""nchapters"": 11.0}"
HarvardX,4,aligned,0,8119,NICE,bounded,NICE_bounded,0,classifier_target_not_met,0.0,0.005259037017822266,0.1724137931034483,1,"{""nevents"": 65.0, ""ndays_act"": 13.0, ""nchapters"": 11.0}"
HarvardX,4,aligned,0,8119,NICE,bounded+edit,NICE_bounded+edit,0,classifier_target_not_met,0.0,0.005259037017822266,0.1724137931034483,1,"{""nevents"": 65.0, ""ndays_act"": 13.0, ""nchapters"": 11.0}"
HarvardX,4,aligned,0,8119,MCCE,native,MCCE_native,1,OK,0.0,0.041431427001953125,0.4469256335687578,2,"{""nevents"": 87.0, ""ndays_act"": 27.0, ""nchapters"": 11.0}"
HarvardX,4,aligned,0,8119,MCCE,bounded,MCCE_bounded,1,OK,0.0,0.041431427001953125,0.4469256335687578,2,"{""nevents"": 87.0, ""ndays_act"": 27.0, ""nchapters"": 11.0}"
HarvardX,4,aligned,0,8119,MCCE,bounded+edit,MCCE_bounded+edit,1,OK,0.0,0.041431427001953125,0.4469256335687578,2,"{""nevents"": 87.0, ""ndays_act"": 27.0, ""nchapters"": 11.0}"
HarvardX,4,aligned,0,8139,NICE,native,NICE_native,0,out_of_bounds:nevents,0.0,0.005426883697509766,0.13748630887185104,2,"{""nevents"": 22.0, ""ndays_act"": 10.0, ""nchapters"": 12.0}"
HarvardX,4,aligned,0,8139,NICE,bounded,NICE_bounded,0,classifier_target_not_met,0.0,0.005426883697509766,0.07272727272727272,1,"{""nevents"": 65.0, ""ndays_act"": 10.0, ""nchapters"": 12.0}"
HarvardX,4,aligned,0,8139,NICE,bounded+edit,NICE_bounded+edit,0,classifier_target_not_met,0.0,0.005426883697509766,0.07272727272727272,1,"{""nevents"": 65.0, ""ndays_act"": 10.0, ""nchapters"": 12.0}"
HarvardX,4,aligned,0,8139,MCCE,native,MCCE_native,0,out_of_bounds:nevents,0.0,0.028502464294433594,0.12543811610076672,2,"{""nevents"": 30.0, ""ndays_act"": 10.0, ""nchapters"": 12.0}"
HarvardX,4,aligned,0,8139,MCCE,bounded,MCCE_bounded,1,OK,0.0,0.028502464294433594,0.2845564074479737,2,"{""nevents"": 97.0, ""ndays_act"": 19.0, ""nchapters"": 12.0}"
HarvardX,4,aligned,0,8139,MCCE,bounded+edit,MCCE_bounded+edit,1,OK,0.0,0.028502464294433594,0.2845564074479737,2,"{""nevents"": 97.0, ""ndays_act"": 19.0, ""nchapters"": 12.0}"
HarvardX,4,aligned,0,8159,NICE,native,NICE_native,1,OK,0.0,0.006056070327758789,0.4537851634625828,3,"{""nevents"": 66.0, ""ndays_act"": 21.0, ""nchapters"": 7.0}"
HarvardX,4,aligned,0,8159,NICE,bounded,NICE_bounded,1,OK,0.0,0.006056070327758789,0.4537851634625828,3,"{""nevents"": 66.0, ""ndays_act"": 21.0, ""nchapters"": 7.0}"
HarvardX,4,aligned,0,8159,NICE,bounded+edit,NICE_bounded+edit,1,OK,0.0,0.006056070327758789,0.4537851634625828,3,"{""nevents"": 66.0, ""ndays_act"": 21.0, ""nchapters"": 7.0}"
HarvardX,4,aligned,0,8159,MCCE,native,MCCE_native,1,OK,0.0,0.04283475875854492,0.8270880851526012,3,"{""nevents"": 68.0, ""ndays_act"": 23.0, ""nchapters"": 9.0}"
HarvardX,4,aligned,0,8159,MCCE,bounded,MCCE_bounded,1,OK,0.0,0.04283475875854492,0.8270880851526012,3,"{""nevents"": 68.0, ""ndays_act"": 23.0, ""nchapters"": 9.0}"
HarvardX,4,aligned,0,8159,MCCE,bounded+edit,MCCE_bounded+edit,1,OK,0.0,0.04283475875854492,0.8270880851526012,3,"{""nevents"": 68.0, ""ndays_act"": 23.0, ""nchapters"": 9.0}"
HarvardX,4,aligned,0,8175,NICE,native,NICE_native,1,OK,0.0,0.005081892013549805,0.3392857142857143,2,"{""nevents"": 12.0, ""ndays_act"": 10.0, ""nchapters"": 9.0}"
HarvardX,4,aligned,0,8175,NICE,bounded,NICE_bounded,1,OK,0.0,0.005081892013549805,0.3392857142857143,2,"{""nevents"": 12.0, ""ndays_act"": 10.0, ""nchapters"": 9.0}"
HarvardX,4,aligned,0,8175,NICE,bounded+edit,NICE_bounded+edit,1,OK,0.0,0.005081892013549805,0.3392857142857143,2,"{""nevents"": 12.0, ""ndays_act"": 10.0, ""nchapters"": 9.0}"
HarvardX,4,aligned,0,8175,MCCE,native,MCCE_native,1,OK,0.0,0.04488086700439453,0.6495317792388922,3,"{""nevents"": 68.0, ""ndays_act"": 23.0, ""nchapters"": 9.0}"
HarvardX,4,aligned,0,8175,MCCE,bounded,MCCE_bounded,1,OK,0.0,0.04488086700439453,0.6495317792388922,3,"{""nevents"": 68.0, ""ndays_act"": 23.0, ""nchapters"": 9.0}"
HarvardX,4,aligned,0,8175,MCCE,bounded+edit,MCCE_bounded+edit,1,OK,0.0,0.04488086700439453,0.6495317792388922,3,"{""nevents"": 68.0, ""ndays_act"": 23.0, ""nchapters"": 9.0}"
HarvardX,4,aligned,0,8206,NICE,native,NICE_native,1,OK,0.0,0.005105018615722656,0.18039533157930243,2,"{""nevents"": 12.0, ""ndays_act"": 10.0, ""nchapters"": 12.0}"
HarvardX,4,aligned,0,8206,NICE,bounded,NICE_bounded,1,OK,0.0,0.005105018615722656,0.18039533157930243,2,"{""nevents"": 12.0, ""ndays_act"": 10.0, ""nchapters"": 12.0}"
HarvardX,4,aligned,0,8206,NICE,bounded+edit,NICE_bounded+edit,1,OK,0.0,0.005105018615722656,0.18039533157930243,2,"{""nevents"": 12.0, ""ndays_act"": 10.0, ""nchapters"": 12.0}"
HarvardX,4,aligned,0,8206,MCCE,native,MCCE_native,1,OK,0.0,0.027916908264160156,0.2050866896039938,2,"{""nevents"": 30.0, ""ndays_act"": 10.0, ""nchapters"": 12.0}"
HarvardX,4,aligned,0,8206,MCCE,bounded,MCCE_bounded,1,OK,0.0,0.027916908264160156,0.2050866896039938,2,"{""nevents"": 30.0, ""ndays_act"": 10.0, ""nchapters"": 12.0}"
HarvardX,4,aligned,0,8206,MCCE,bounded+edit,MCCE_bounded+edit,1,OK,0.0,0.027916908264160156,0.2050866896039938,2,"{""nevents"": 30.0, ""ndays_act"": 10.0, ""nchapters"": 12.0}"
HarvardX,4,aligned,0,8212,NICE,native,NICE_native,1,OK,0.0,0.004831790924072266,0.16455873758036235,2,"{""nevents"": 25.0, ""ndays_act"": 10.0, ""nchapters"": 9.0}"
HarvardX,4,aligned,0,8212,NICE,bounded,NICE_bounded,1,OK,0.0,0.004831790924072266,0.16455873758036235,2,"{""nevents"": 25.0, ""ndays_act"": 10.0, ""nchapters"": 9.0}"
HarvardX,4,aligned,0,8212,NICE,bounded+edit,NICE_bounded+edit,1,OK,0.0,0.004831790924072266,0.16455873758036235,2,"{""nevents"": 25.0, ""ndays_act"": 10.0, ""nchapters"": 9.0}"
HarvardX,4,aligned,0,8212,MCCE,native,MCCE_native,1,OK,0.0,0.04312396049499512,0.444208065458796,2,"{""nevents"": 68.0, ""ndays_act"": 23.0, ""nchapters"": 9.0}"
HarvardX,4,aligned,0,8212,MCCE,bounded,MCCE_bounded,1,OK,0.0,0.04312396049499512,0.444208065458796,2,"{""nevents"": 68.0, ""ndays_act"": 23.0, ""nchapters"": 9.0}"
HarvardX,4,aligned,0,8212,MCCE,bounded+edit,MCCE_bounded+edit,1,OK,0.0,0.04312396049499512,0.444208065458796,2,"{""nevents"": 68.0, ""ndays_act"": 23.0, ""nchapters"": 9.0}"
HarvardX,4,aligned,0,8221,NICE,native,NICE_native,1,OK,0.0,0.0036635398864746094,0.3142857142857143,1,"{""nevents"": 173.0, ""ndays_act"": 37.0, ""nchapters"": 8.0}"
HarvardX,4,aligned,0,8221,NICE,bounded,NICE_bounded,1,OK,0.0,0.0036635398864746094,0.3142857142857143,1,"{""nevents"": 173.0, ""ndays_act"": 37.0, ""nchapters"": 8.0}"
HarvardX,4,aligned,0,8221,NICE,bounded+edit,NICE_bounded+edit,1,OK,0.0,0.0036635398864746094,0.3142857142857143,1,"{""nevents"": 173.0, ""ndays_act"": 37.0, ""nchapters"": 8.0}"
HarvardX,4,aligned,0,8221,MCCE,native,MCCE_native,0,out_of_bounds:nevents,0.0,0.0485537052154541,0.3451181911613566,3,"{""nevents"": 136.0, ""ndays_act"": 27.0, ""nchapters"": 9.0}"
HarvardX,4,aligned,0,8221,MCCE,bounded,MCCE_bounded,1,OK,0.0,0.0485537052154541,0.9137718396711203,3,"{""nevents"": 272.0, ""ndays_act"": 43.0, ""nchapters"": 9.0}"
HarvardX,4,aligned,0,8221,MCCE,bounded+edit,MCCE_bounded+edit,1,OK,0.0,0.0485537052154541,0.9137718396711203,3,"{""nevents"": 272.0, ""ndays_act"": 43.0, ""nchapters"": 9.0}"
HarvardX,4,aligned,0,8284,NICE,native,NICE_native,1,OK,0.0,0.004773855209350586,0.16103448275862067,2,"{""nevents"": 12.0, ""ndays_act"": 10.0, ""nchapters"": 12.0}"
HarvardX,4,aligned,0,8284,NICE,bounded,NICE_bounded,1,OK,0.0,0.004773855209350586,0.16103448275862067,2,"{""nevents"": 12.0, ""ndays_act"": 10.0, ""nchapters"": 12.0}"
HarvardX,4,aligned,0,8284,NICE,bounded+edit,NICE_bounded+edit,1,OK,0.0,0.004773855209350586,0.16103448275862067,2,"{""nevents"": 12.0, ""ndays_act"": 10.0, ""nchapters"": 12.0}"
HarvardX,4,aligned,0,8284,MCCE,native,MCCE_native,1,OK,0.0,0.029343128204345703,0.18586206896551724,2,"{""nevents"": 30.0, ""ndays_act"": 10.0, ""nchapters"": 12.0}"
HarvardX,4,aligned,0,8284,MCCE,bounded,MCCE_bounded,1,OK,0.0,0.029343128204345703,0.18586206896551724,2,"{""nevents"": 30.0, ""ndays_act"": 10.0, ""nchapters"": 12.0}"
HarvardX,4,aligned,0,8284,MCCE,bounded+edit,MCCE_bounded+edit,1,OK,0.0,0.029343128204345703,0.18586206896551724,2,"{""nevents"": 30.0, ""ndays_act"": 10.0, ""nchapters"": 12.0}"
HarvardX,4,aligned,0,8286,NICE,native,NICE_native,0,out_of_bounds:nevents,0.0,0.005881547927856445,0.14969759269441324,2,"{""nevents"": 10.0, ""ndays_act"": 10.0, ""nchapters"": 10.0}"
HarvardX,4,aligned,0,8286,NICE,bounded,NICE_bounded,0,classifier_target_not_met,0.0,0.005881547927856445,0.13559322033898305,1,"{""nevents"": 20.0, ""ndays_act"": 10.0, ""nchapters"": 10.0}"
HarvardX,4,aligned,0,8286,NICE,bounded+edit,NICE_bounded+edit,0,classifier_target_not_met,0.0,0.005881547927856445,0.13559322033898305,1,"{""nevents"": 20.0, ""ndays_act"": 10.0, ""nchapters"": 10.0}"
HarvardX,4,aligned,0,8286,MCCE,native,MCCE_native,1,OK,0.0,0.042565345764160156,0.22595682627716288,2,"{""nevents"": 36.0, ""ndays_act"": 14.0, ""nchapters"": 10.0}"
HarvardX,4,aligned,0,8286,MCCE,bounded,MCCE_bounded,1,OK,0.0,0.042565345764160156,0.22595682627716288,2,"{""nevents"": 36.0, ""ndays_act"": 14.0, ""nchapters"": 10.0}"
HarvardX,4,aligned,0,8286,MCCE,bounded+edit,MCCE_bounded+edit,1,OK,0.0,0.042565345764160156,0.22595682627716288,2,"{""nevents"": 36.0, ""ndays_act"": 14.0, ""nchapters"": 10.0}"
HarvardX,4,aligned,0,8309,NICE,native,NICE_native,1,OK,0.0,0.0037071704864501953,0.13559322033898305,1,"{""nevents"": 16.0, ""ndays_act"": 10.0, ""nchapters"": 12.0}"
HarvardX,4,aligned,0,8309,NICE,bounded,NICE_bounded,1,OK,0.0,0.0037071704864501953,0.13559322033898305,1,"{""nevents"": 16.0, ""ndays_act"": 10.0, ""nchapters"": 12.0}"
HarvardX,4,aligned,0,8309,NICE,bounded+edit,NICE_bounded+edit,1,OK,0.0,0.0037071704864501953,0.13559322033898305,1,"{""nevents"": 16.0, ""ndays_act"": 10.0, ""nchapters"": 12.0}"
HarvardX,4,aligned,0,8309,MCCE,native,MCCE_native,1,OK,0.0,0.029564857482910156,0.15522856395749637,2,"{""nevents"": 30.0, ""ndays_act"": 10.0, ""nchapters"": 12.0}"
HarvardX,4,aligned,0,8309,MCCE,bounded,MCCE_bounded,1,OK,0.0,0.029564857482910156,0.15522856395749637,2,"{""nevents"": 30.0, ""ndays_act"": 10.0, ""nchapters"": 12.0}"
HarvardX,4,aligned,0,8309,MCCE,bounded+edit,MCCE_bounded+edit,1,OK,0.0,0.029564857482910156,0.15522856395749637,2,"{""nevents"": 30.0, ""ndays_act"": 10.0, ""nchapters"": 12.0}"
HarvardX,4,aligned,0,8476,NICE,native,NICE_native,0,out_of_bounds:nevents,0.0,0.0047779083251953125,0.1863029132464188,2,"{""nevents"": 22.0, ""ndays_act"": 10.0, ""nchapters"": 12.0}"
HarvardX,4,aligned,0,8476,NICE,bounded,NICE_bounded,0,classifier_target_not_met,0.0,0.0047779083251953125,0.10526315789473684,1,"{""nevents"": 75.0, ""ndays_act"": 10.0, ""nchapters"": 12.0}"
HarvardX,4,aligned,0,8476,NICE,bounded+edit,NICE_bounded+edit,0,classifier_target_not_met,0.0,0.0047779083251953125,0.10526315789473684,1,"{""nevents"": 75.0, ""ndays_act"": 10.0, ""nchapters"": 12.0}"
HarvardX,4,aligned,0,8476,MCCE,native,MCCE_native,1,OK,0.0,0.027410507202148438,0.3157894736842105,1,"{""nevents"": 75.0, ""ndays_act"": 22.0, ""nchapters"": 12.0}"
HarvardX,4,aligned,0,8476,MCCE,bounded,MCCE_bounded,1,OK,0.0,0.027410507202148438,0.3157894736842105,1,"{""nevents"": 75.0, ""ndays_act"": 22.0, ""nchapters"": 12.0}"
HarvardX,4,aligned,0,8476,MCCE,bounded+edit,MCCE_bounded+edit,1,OK,0.0,0.027410507202148438,0.3157894736842105,1,"{""nevents"": 75.0, ""ndays_act"": 22.0, ""nchapters"": 12.0}"
HarvardX,4,aligned,0,8499,NICE,native,NICE_native,0,out_of_bounds:nevents,0.0,0.003633737564086914,0.43232323232323233,1,"{""nevents"": 20.0, ""ndays_act"": 14.0, ""nchapters"": 9.0}"
HarvardX,4,aligned,0,8499,NICE,bounded,NICE_bounded,0,classifier_target_not_met,0.0,0.003633737564086914,0.0,0,"{""nevents"": 234.0, ""ndays_act"": 14.0, ""nchapters"": 9.0}"
HarvardX,4,aligned,0,8499,NICE,bounded+edit,NICE_bounded+edit,0,classifier_target_not_met,0.0,0.003633737564086914,0.0,0,"{""nevents"": 234.0, ""ndays_act"": 14.0, ""nchapters"": 9.0}"
HarvardX,4,aligned,0,8499,MCCE,native,MCCE_native,0,out_of_bounds:nevents,0.0,0.05023598670959473,0.4056307758435418,2,"{""nevents"": 128.0, ""ndays_act"": 23.0, ""nchapters"": 9.0}"
HarvardX,4,aligned,0,8499,MCCE,bounded,MCCE_bounded,1,OK,0.0,0.05023598670959473,0.6937889533634214,2,"{""nevents"": 272.0, ""ndays_act"": 43.0, ""nchapters"": 9.0}"
HarvardX,4,aligned,0,8499,MCCE,bounded+edit,MCCE_bounded+edit,1,OK,0.0,0.05023598670959473,0.6937889533634214,2,"{""nevents"": 272.0, ""ndays_act"": 43.0, ""nchapters"": 9.0}"
HarvardX,4,aligned,0,8501,NICE,native,NICE_native,0,out_of_bounds:nevents,0.0,0.003795623779296875,0.5746102449888641,1,"{""nevents"": 22.0, ""ndays_act"": 10.0, ""nchapters"": 12.0}"
HarvardX,4,aligned,0,8501,NICE,bounded,NICE_bounded,0,classifier_target_not_met,0.0,0.003795623779296875,0.0,0,"{""nevents"": 280.0, ""ndays_act"": 10.0, ""nchapters"": 12.0}"
HarvardX,4,aligned,0,8501,NICE,bounded+edit,NICE_bounded+edit,0,classifier_target_not_met,0.0,0.003795623779296875,0.0,0,"{""nevents"": 280.0, ""ndays_act"": 10.0, ""nchapters"": 12.0}"
HarvardX,4,aligned,0,8501,MCCE,native,MCCE_native,0,out_of_bounds:nevents,0.0,0.026737213134765625,0.5567928730512249,1,"{""nevents"": 30.0, ""ndays_act"": 10.0, ""nchapters"": 12.0}"
HarvardX,4,aligned,0,8501,MCCE,bounded,MCCE_bounded,1,OK,0.0,0.026737213134765625,0.4335997205118128,2,"{""nevents"": 281.0, ""ndays_act"": 32.0, ""nchapters"": 12.0}"
HarvardX,4,aligned,0,8501,MCCE,bounded+edit,MCCE_bounded+edit,1,OK,0.0,0.026737213134765625,0.4335997205118128,2,"{""nevents"": 281.0, ""ndays_act"": 32.0, ""nchapters"": 12.0}"
HarvardX,4,aligned,0,8558,NICE,native,NICE_native,1,OK,0.0,0.006425380706787109,0.5892857142857143,3,"{""nevents"": 66.0, ""ndays_act"": 21.0, ""nchapters"": 7.0}"
HarvardX,4,aligned,0,8558,NICE,bounded,NICE_bounded,1,OK,0.0,0.006425380706787109,0.5892857142857143,3,"{""nevents"": 66.0, ""ndays_act"": 21.0, ""nchapters"": 7.0}"
HarvardX,4,aligned,0,8558,NICE,bounded+edit,NICE_bounded+edit,1,OK,0.0,0.006425380706787109,0.5892857142857143,3,"{""nevents"": 66.0, ""ndays_act"": 21.0, ""nchapters"": 7.0}"
HarvardX,4,aligned,0,8558,MCCE,native,MCCE_native,1,OK,0.0,0.04147529602050781,0.9586996336996336,3,"{""nevents"": 68.0, ""ndays_act"": 23.0, ""nchapters"": 9.0}"
HarvardX,4,aligned,0,8558,MCCE,bounded,MCCE_bounded,1,OK,0.0,0.04147529602050781,0.9586996336996336,3,"{""nevents"": 68.0, ""ndays_act"": 23.0, ""nchapters"": 9.0}"
HarvardX,4,aligned,0,8558,MCCE,bounded+edit,MCCE_bounded+edit,1,OK,0.0,0.04147529602050781,0.9586996336996336,3,"{""nevents"": 68.0, ""ndays_act"": 23.0, ""nchapters"": 9.0}"
HarvardX,4,aligned,0,8571,NICE,native,NICE_native,0,out_of_bounds:nevents,0.0,0.0035936832427978516,0.015220700152207,1,"{""nevents"": 62.0, ""ndays_act"": 14.0, ""nchapters"": 12.0}"
HarvardX,4,aligned,0,8571,NICE,bounded,NICE_bounded,0,classifier_target_not_met,0.0,0.0035936832427978516,0.0,0,"{""nevents"": 72.0, ""ndays_act"": 14.0, ""nchapters"": 12.0}"
HarvardX,4,aligned,0,8571,NICE,bounded+edit,NICE_bounded+edit,0,classifier_target_not_met,0.0,0.0035936832427978516,0.0,0,"{""nevents"": 72.0, ""ndays_act"": 14.0, ""nchapters"": 12.0}"
HarvardX,4,aligned,0,8571,MCCE,native,MCCE_native,0,out_of_bounds:nevents,0.0,0.0269625186920166,0.0243531202435312,1,"{""nevents"": 56.0, ""ndays_act"": 14.0, ""nchapters"": 12.0}"
HarvardX,4,aligned,0,8571,MCCE,bounded,MCCE_bounded,1,OK,0.0,0.0269625186920166,0.14443472910392174,2,"{""nevents"": 97.0, ""ndays_act"": 19.0, ""nchapters"": 12.0}"
HarvardX,4,aligned,0,8571,MCCE,bounded+edit,MCCE_bounded+edit,1,OK,0.0,0.0269625186920166,0.14443472910392174,2,"{""nevents"": 97.0, ""ndays_act"": 19.0, ""nchapters"": 12.0}"
HarvardX,4,aligned,0,8575,NICE,native,NICE_native,1,OK,0.0,0.0050470829010009766,0.3132482568083147,2,"{""nevents"": 66.0, ""ndays_act"": 21.0, ""nchapters"": 7.0}"
HarvardX,4,aligned,0,8575,NICE,bounded,NICE_bounded,1,OK,0.0,0.0050470829010009766,0.3132482568083147,2,"{""nevents"": 66.0, ""ndays_act"": 21.0, ""nchapters"": 7.0}"
HarvardX,4,aligned,0,8575,NICE,bounded+edit,NICE_bounded+edit,1,OK,0.0,0.0050470829010009766,0.3132482568083147,2,"{""nevents"": 66.0, ""ndays_act"": 21.0, ""nchapters"": 7.0}"
HarvardX,4,aligned,0,8575,MCCE,native,MCCE_native,1,OK,0.0,0.041077375411987305,0.7525062491777398,3,"{""nevents"": 68.0, ""ndays_act"": 23.0, ""nchapters"": 9.0}"
HarvardX,4,aligned,0,8575,MCCE,bounded,MCCE_bounded,1,OK,0.0,0.041077375411987305,0.7525062491777398,3,"{""nevents"": 68.0, ""ndays_act"": 23.0, ""nchapters"": 9.0}"
HarvardX,4,aligned,0,8575,MCCE,bounded+edit,MCCE_bounded+edit,1,OK,0.0,0.041077375411987305,0.7525062491777398,3,"{""nevents"": 68.0, ""ndays_act"": 23.0, ""nchapters"": 9.0}"
HarvardX,4,aligned,0,8615,NICE,native,NICE_native,0,out_of_bounds:nevents,0.0,0.004680633544921875,0.19431314623338256,2,"{""nevents"": 22.0, ""ndays_act"": 10.0, ""nchapters"": 12.0}"
HarvardX,4,aligned,0,8615,NICE,bounded,NICE_bounded,0,classifier_target_not_met,0.0,0.004680633544921875,0.15,1,"{""nevents"": 52.0, ""ndays_act"": 10.0, ""nchapters"": 12.0}"
HarvardX,4,aligned,0,8615,NICE,bounded+edit,NICE_bounded+edit,0,classifier_target_not_met,0.0,0.004680633544921875,0.15,1,"{""nevents"": 52.0, ""ndays_act"": 10.0, ""nchapters"": 12.0}"
HarvardX,4,aligned,0,8615,MCCE,native,MCCE_native,0,out_of_bounds:nevents,0.0,0.029195785522460938,0.18249630723781388,2,"{""nevents"": 30.0, ""ndays_act"": 10.0, ""nchapters"": 12.0}"
HarvardX,4,aligned,0,8615,MCCE,bounded,MCCE_bounded,1,OK,0.0,0.029195785522460938,0.222575086164451,2,"{""nevents"": 56.0, ""ndays_act"": 14.0, ""nchapters"": 12.0}"
HarvardX,4,aligned,0,8615,MCCE,bounded+edit,MCCE_bounded+edit,1,OK,0.0,0.029195785522460938,0.222575086164451,2,"{""nevents"": 56.0, ""ndays_act"": 14.0, ""nchapters"": 12.0}"
HarvardX,4,aligned,0,8636,NICE,native,NICE_native,1,OK,0.0,0.004694223403930664,0.16239669421487601,2,"{""nevents"": 12.0, ""ndays_act"": 10.0, ""nchapters"": 12.0}"
HarvardX,4,aligned,0,8636,NICE,bounded,NICE_bounded,1,OK,0.0,0.004694223403930664,0.16239669421487601,2,"{""nevents"": 12.0, ""ndays_act"": 10.0, ""nchapters"": 12.0}"
HarvardX,4,aligned,0,8636,NICE,bounded+edit,NICE_bounded+edit,1,OK,0.0,0.004694223403930664,0.16239669421487601,2,"{""nevents"": 12.0, ""ndays_act"": 10.0, ""nchapters"": 12.0}"
HarvardX,4,aligned,0,8636,MCCE,native,MCCE_native,1,OK,0.0,0.028380632400512695,0.1871900826446281,2,"{""nevents"": 30.0, ""ndays_act"": 10.0, ""nchapters"": 12.0}"
HarvardX,4,aligned,0,8636,MCCE,bounded,MCCE_bounded,1,OK,0.0,0.028380632400512695,0.1871900826446281,2,"{""nevents"": 30.0, ""ndays_act"": 10.0, ""nchapters"": 12.0}"
HarvardX,4,aligned,0,8636,MCCE,bounded+edit,MCCE_bounded+edit,1,OK,0.0,0.028380632400512695,0.1871900826446281,2,"{""nevents"": 30.0, ""ndays_act"": 10.0, ""nchapters"": 12.0}"
HarvardX,4,aligned,0,8659,NICE,native,NICE_native,0,out_of_bounds:nevents,0.0,0.00541996955871582,0.1680970625798212,2,"{""nevents"": 22.0, ""ndays_act"": 10.0, ""nchapters"": 12.0}"
HarvardX,4,aligned,0,8659,NICE,bounded,NICE_bounded,0,classifier_target_not_met,0.0,0.00541996955871582,0.1206896551724138,1,"{""nevents"": 54.0, ""ndays_act"": 10.0, ""nchapters"": 12.0}"
HarvardX,4,aligned,0,8659,NICE,bounded+edit,NICE_bounded+edit,0,classifier_target_not_met,0.0,0.00541996955871582,0.1206896551724138,1,"{""nevents"": 54.0, ""ndays_act"": 10.0, ""nchapters"": 12.0}"
HarvardX,4,aligned,0,8659,MCCE,native,MCCE_native,0,out_of_bounds:nevents,0.0,0.027539968490600586,0.15624521072796935,2,"{""nevents"": 30.0, ""ndays_act"": 10.0, ""nchapters"": 12.0}"
HarvardX,4,aligned,0,8659,MCCE,bounded,MCCE_bounded,1,OK,0.0,0.027539968490600586,0.19261813537675607,2,"{""nevents"": 56.0, ""ndays_act"": 14.0, ""nchapters"": 12.0}"
HarvardX,4,aligned,0,8659,MCCE,bounded+edit,MCCE_bounded+edit,1,OK,0.0,0.027539968490600586,0.19261813537675607,2,"{""nevents"": 56.0, ""ndays_act"": 14.0, ""nchapters"": 12.0}"
HarvardX,4,aligned,0,8694,NICE,native,NICE_native,1,OK,0.0,0.004717826843261719,0.18039533157930243,2,"{""nevents"": 12.0, ""ndays_act"": 10.0, ""nchapters"": 12.0}"
HarvardX,4,aligned,0,8694,NICE,bounded,NICE_bounded,1,OK,0.0,0.004717826843261719,0.18039533157930243,2,"{""nevents"": 12.0, ""ndays_act"": 10.0, ""nchapters"": 12.0}"
HarvardX,4,aligned,0,8694,NICE,bounded+edit,NICE_bounded+edit,1,OK,0.0,0.004717826843261719,0.18039533157930243,2,"{""nevents"": 12.0, ""ndays_act"": 10.0, ""nchapters"": 12.0}"
HarvardX,4,aligned,0,8694,MCCE,native,MCCE_native,1,OK,0.0,0.028121232986450195,0.2050866896039938,2,"{""nevents"": 30.0, ""ndays_act"": 10.0, ""nchapters"": 12.0}"
HarvardX,4,aligned,0,8694,MCCE,bounded,MCCE_bounded,1,OK,0.0,0.028121232986450195,0.2050866896039938,2,"{""nevents"": 30.0, ""ndays_act"": 10.0, ""nchapters"": 12.0}"
HarvardX,4,aligned,0,8694,MCCE,bounded+edit,MCCE_bounded+edit,1,OK,0.0,0.028121232986450195,0.2050866896039938,2,"{""nevents"": 30.0, ""ndays_act"": 10.0, ""nchapters"": 12.0}"
HarvardX,4,aligned,0,8731,NICE,native,NICE_native,1,OK,0.0,0.005095243453979492,0.19822797904157952,2,"{""nevents"": 25.0, ""ndays_act"": 10.0, ""nchapters"": 9.0}"
HarvardX,4,aligned,0,8731,NICE,bounded,NICE_bounded,1,OK,0.0,0.005095243453979492,0.19822797904157952,2,"{""nevents"": 25.0, ""ndays_act"": 10.0, ""nchapters"": 9.0}"
HarvardX,4,aligned,0,8731,NICE,bounded+edit,NICE_bounded+edit,1,OK,0.0,0.005095243453979492,0.19822797904157952,2,"{""nevents"": 25.0, ""ndays_act"": 10.0, ""nchapters"": 9.0}"
HarvardX,4,aligned,0,8731,MCCE,native,MCCE_native,1,OK,0.0,0.04587578773498535,0.47032764397670285,2,"{""nevents"": 68.0, ""ndays_act"": 23.0, ""nchapters"": 9.0}"
HarvardX,4,aligned,0,8731,MCCE,bounded,MCCE_bounded,1,OK,0.0,0.04587578773498535,0.47032764397670285,2,"{""nevents"": 68.0, ""ndays_act"": 23.0, ""nchapters"": 9.0}"
HarvardX,4,aligned,0,8731,MCCE,bounded+edit,MCCE_bounded+edit,1,OK,0.0,0.04587578773498535,0.47032764397670285,2,"{""nevents"": 68.0, ""ndays_act"": 23.0, ""nchapters"": 9.0}"
HarvardX,4,aligned,0,8789,NICE,native,NICE_native,0,out_of_bounds:nevents,0.0,0.005321979522705078,0.15285940738934276,2,"{""nevents"": 22.0, ""ndays_act"": 10.0, ""nchapters"": 12.0}"
HarvardX,4,aligned,0,8789,NICE,bounded,NICE_bounded,0,classifier_target_not_met,0.0,0.005321979522705078,0.13559322033898305,1,"{""nevents"": 34.0, ""ndays_act"": 10.0, ""nchapters"": 12.0}"
HarvardX,4,aligned,0,8789,NICE,bounded+edit,NICE_bounded+edit,0,classifier_target_not_met,0.0,0.005321979522705078,0.13559322033898305,1,"{""nevents"": 34.0, ""ndays_act"": 10.0, ""nchapters"": 12.0}"
HarvardX,4,aligned,0,8789,MCCE,native,MCCE_native,0,out_of_bounds:nevents,0.0,0.028186798095703125,0.14134861602243629,2,"{""nevents"": 30.0, ""ndays_act"": 10.0, ""nchapters"": 12.0}"
HarvardX,4,aligned,0,8789,MCCE,bounded,MCCE_bounded,1,OK,0.0,0.028186798095703125,0.16836971101085235,2,"{""nevents"": 45.0, ""ndays_act"": 11.0, ""nchapters"": 12.0}"
HarvardX,4,aligned,0,8789,MCCE,bounded+edit,MCCE_bounded+edit,1,OK,0.0,0.028186798095703125,0.16836971101085235,2,"{""nevents"": 45.0, ""ndays_act"": 11.0, ""nchapters"": 12.0}"
HarvardX,4,aligned,0,8828,NICE,native,NICE_native,1,OK,0.0,0.0047185420989990234,0.11493166618202966,2,"{""nevents"": 12.0, ""ndays_act"": 10.0, ""nchapters"": 12.0}"
HarvardX,4,aligned,0,8828,NICE,bounded,NICE_bounded,1,OK,0.0,0.0047185420989990234,0.11493166618202966,2,"{""nevents"": 12.0, ""ndays_act"": 10.0, ""nchapters"": 12.0}"
HarvardX,4,aligned,0,8828,NICE,bounded+edit,NICE_bounded+edit,1,OK,0.0,0.0047185420989990234,0.11493166618202966,2,"{""nevents"": 12.0, ""ndays_act"": 10.0, ""nchapters"": 12.0}"
HarvardX,4,aligned,0,8828,MCCE,native,MCCE_native,1,OK,0.0,0.027553558349609375,0.13979354463506832,2,"{""nevents"": 30.0, ""ndays_act"": 10.0, ""nchapters"": 12.0}"
HarvardX,4,aligned,0,8828,MCCE,bounded,MCCE_bounded,1,OK,0.0,0.027553558349609375,0.13979354463506832,2,"{""nevents"": 30.0, ""ndays_act"": 10.0, ""nchapters"": 12.0}"
HarvardX,4,aligned,0,8828,MCCE,bounded+edit,MCCE_bounded+edit,1,OK,0.0,0.027553558349609375,0.13979354463506832,2,"{""nevents"": 30.0, ""ndays_act"": 10.0, ""nchapters"": 12.0}"
HarvardX,4,aligned,0,8829,NICE,native,NICE_native,1,OK,0.0,0.005004167556762695,0.1651098901098901,2,"{""nevents"": 12.0, ""ndays_act"": 10.0, ""nchapters"": 12.0}"
HarvardX,4,aligned,0,8829,NICE,bounded,NICE_bounded,1,OK,0.0,0.005004167556762695,0.1651098901098901,2,"{""nevents"": 12.0, ""ndays_act"": 10.0, ""nchapters"": 12.0}"
HarvardX,4,aligned,0,8829,NICE,bounded+edit,NICE_bounded+edit,1,OK,0.0,0.005004167556762695,0.1651098901098901,2,"{""nevents"": 12.0, ""ndays_act"": 10.0, ""nchapters"": 12.0}"
HarvardX,4,aligned,0,8829,MCCE,native,MCCE_native,1,OK,0.0,0.027744770050048828,0.18983516483516483,2,"{""nevents"": 30.0, ""ndays_act"": 10.0, ""nchapters"": 12.0}"
HarvardX,4,aligned,0,8829,MCCE,bounded,MCCE_bounded,1,OK,0.0,0.027744770050048828,0.18983516483516483,2,"{""nevents"": 30.0, ""ndays_act"": 10.0, ""nchapters"": 12.0}"
HarvardX,4,aligned,0,8829,MCCE,bounded+edit,MCCE_bounded+edit,1,OK,0.0,0.027744770050048828,0.18983516483516483,2,"{""nevents"": 30.0, ""ndays_act"": 10.0, ""nchapters"": 12.0}"
HarvardX,4,aligned,0,8872,NICE,native,NICE_native,0,out_of_bounds:nevents,0.0,0.005195140838623047,0.4247311827956989,2,"{""nevents"": 66.0, ""ndays_act"": 21.0, ""nchapters"": 7.0}"
HarvardX,4,aligned,0,8872,NICE,bounded,NICE_bounded,0,classifier_target_not_met,0.0,0.005195140838623047,0.16666666666666666,1,"{""nevents"": 202.0, ""ndays_act"": 21.0, ""nchapters"": 7.0}"
HarvardX,4,aligned,0,8872,NICE,bounded+edit,NICE_bounded+edit,0,classifier_target_not_met,0.0,0.005195140838623047,0.16666666666666666,1,"{""nevents"": 202.0, ""ndays_act"": 21.0, ""nchapters"": 7.0}"
HarvardX,4,aligned,0,8872,MCCE,native,MCCE_native,1,OK,0.0,0.04751706123352051,1.2583333333333333,2,"{""nevents"": 202.0, ""ndays_act"": 35.0, ""nchapters"": 11.0}"
HarvardX,4,aligned,0,8872,MCCE,bounded,MCCE_bounded,1,OK,0.0,0.04751706123352051,1.2583333333333333,2,"{""nevents"": 202.0, ""ndays_act"": 35.0, ""nchapters"": 11.0}"
HarvardX,4,aligned,0,8872,MCCE,bounded+edit,MCCE_bounded+edit,1,OK,0.0,0.04751706123352051,1.2583333333333333,2,"{""nevents"": 202.0, ""ndays_act"": 35.0, ""nchapters"": 11.0}"
HarvardX,4,aligned,0,8886,NICE,native,NICE_native,1,OK,0.0,0.005091667175292969,0.1651098901098901,2,"{""nevents"": 12.0, ""ndays_act"": 10.0, ""nchapters"": 12.0}"
HarvardX,4,aligned,0,8886,NICE,bounded,NICE_bounded,1,OK,0.0,0.005091667175292969,0.1651098901098901,2,"{""nevents"": 12.0, ""ndays_act"": 10.0, ""nchapters"": 12.0}"
HarvardX,4,aligned,0,8886,NICE,bounded+edit,NICE_bounded+edit,1,OK,0.0,0.005091667175292969,0.1651098901098901,2,"{""nevents"": 12.0, ""ndays_act"": 10.0, ""nchapters"": 12.0}"
HarvardX,4,aligned,0,8886,MCCE,native,MCCE_native,1,OK,0.0,0.03026413917541504,0.18983516483516483,2,"{""nevents"": 30.0, ""ndays_act"": 10.0, ""nchapters"": 12.0}"
HarvardX,4,aligned,0,8886,MCCE,bounded,MCCE_bounded,1,OK,0.0,0.03026413917541504,0.18983516483516483,2,"{""nevents"": 30.0, ""ndays_act"": 10.0, ""nchapters"": 12.0}"
HarvardX,4,aligned,0,8886,MCCE,bounded+edit,MCCE_bounded+edit,1,OK,0.0,0.03026413917541504,0.18983516483516483,2,"{""nevents"": 30.0, ""ndays_act"": 10.0, ""nchapters"": 12.0}"
HarvardX,4,aligned,0,8905,NICE,native,NICE_native,1,OK,0.0,0.004878520965576172,0.4347972745058355,2,"{""nevents"": 66.0, ""ndays_act"": 21.0, ""nchapters"": 7.0}"
HarvardX,4,aligned,0,8905,NICE,bounded,NICE_bounded,1,OK,0.0,0.004878520965576172,0.4347972745058355,2,"{""nevents"": 66.0, ""ndays_act"": 21.0, ""nchapters"": 7.0}"
HarvardX,4,aligned,0,8905,NICE,bounded+edit,NICE_bounded+edit,1,OK,0.0,0.004878520965576172,0.4347972745058355,2,"{""nevents"": 66.0, ""ndays_act"": 21.0, ""nchapters"": 7.0}"
HarvardX,4,aligned,0,8905,MCCE,native,MCCE_native,1,OK,0.0,0.0413815975189209,0.8703276439767029,3,"{""nevents"": 68.0, ""ndays_act"": 23.0, ""nchapters"": 9.0}"
HarvardX,4,aligned,0,8905,MCCE,bounded,MCCE_bounded,1,OK,0.0,0.0413815975189209,0.8703276439767029,3,"{""nevents"": 68.0, ""ndays_act"": 23.0, ""nchapters"": 9.0}"
HarvardX,4,aligned,0,8905,MCCE,bounded+edit,MCCE_bounded+edit,1,OK,0.0,0.0413815975189209,0.8703276439767029,3,"{""nevents"": 68.0, ""ndays_act"": 23.0, ""nchapters"": 9.0}"
HarvardX,4,aligned,0,8950,NICE,native,NICE_native,0,out_of_bounds:nevents,0.0,0.006566762924194336,0.44439954199501586,3,"{""nevents"": 66.0, ""ndays_act"": 21.0, ""nchapters"": 7.0}"
HarvardX,4,aligned,0,8950,NICE,bounded,NICE_bounded,0,classifier_target_not_met,0.0,0.006566762924194336,0.35034013605442177,2,"{""nevents"": 123.0, ""ndays_act"": 21.0, ""nchapters"": 7.0}"
HarvardX,4,aligned,0,8950,NICE,bounded+edit,NICE_bounded+edit,0,classifier_target_not_met,0.0,0.006566762924194336,0.35034013605442177,2,"{""nevents"": 123.0, ""ndays_act"": 21.0, ""nchapters"": 7.0}"
HarvardX,4,aligned,0,8950,MCCE,native,MCCE_native,1,OK,0.0,0.04287290573120117,0.7327406210008756,3,"{""nevents"": 128.0, ""ndays_act"": 23.0, ""nchapters"": 9.0}"
HarvardX,4,aligned,0,8950,MCCE,bounded,MCCE_bounded,1,OK,0.0,0.04287290573120117,0.7327406210008756,3,"{""nevents"": 128.0, ""ndays_act"": 23.0, ""nchapters"": 9.0}"
HarvardX,4,aligned,0,8950,MCCE,bounded+edit,MCCE_bounded+edit,1,OK,0.0,0.04287290573120117,0.7327406210008756,3,"{""nevents"": 128.0, ""ndays_act"": 23.0, ""nchapters"": 9.0}"
HarvardX,4,aligned,0,8954,NICE,native,NICE_native,1,OK,0.0,0.0047800540924072266,0.14934837852330218,2,"{""nevents"": 12.0, ""ndays_act"": 10.0, ""nchapters"": 12.0}"
HarvardX,4,aligned,0,8954,NICE,bounded,NICE_bounded,1,OK,0.0,0.0047800540924072266,0.14934837852330218,2,"{""nevents"": 12.0, ""ndays_act"": 10.0, ""nchapters"": 12.0}"
HarvardX,4,aligned,0,8954,NICE,bounded+edit,NICE_bounded+edit,1,OK,0.0,0.0047800540924072266,0.14934837852330218,2,"{""nevents"": 12.0, ""ndays_act"": 10.0, ""nchapters"": 12.0}"
HarvardX,4,aligned,0,8954,MCCE,native,MCCE_native,1,OK,0.0,0.027628660202026367,0.1741076632550766,2,"{""nevents"": 30.0, ""ndays_act"": 10.0, ""nchapters"": 12.0}"
HarvardX,4,aligned,0,8954,MCCE,bounded,MCCE_bounded,1,OK,0.0,0.027628660202026367,0.1741076632550766,2,"{""nevents"": 30.0, ""ndays_act"": 10.0, ""nchapters"": 12.0}"
HarvardX,4,aligned,0,8954,MCCE,bounded+edit,MCCE_bounded+edit,1,OK,0.0,0.027628660202026367,0.1741076632550766,2,"{""nevents"": 30.0, ""ndays_act"": 10.0, ""nchapters"": 12.0}"
HarvardX,4,aligned,0,8967,NICE,native,NICE_native,0,out_of_bounds:nevents,0.0,0.004974365234375,0.17346938775510207,2,"{""nevents"": 121.0, ""ndays_act"": 19.0, ""nchapters"": 12.0}"
HarvardX,4,aligned,0,8967,NICE,bounded,NICE_bounded,0,classifier_target_not_met,0.0,0.004974365234375,0.045454545454545456,1,"{""nevents"": 190.0, ""ndays_act"": 19.0, ""nchapters"": 12.0}"
HarvardX,4,aligned,0,8967,NICE,bounded+edit,NICE_bounded+edit,0,classifier_target_not_met,0.0,0.004974365234375,0.045454545454545456,1,"{""nevents"": 190.0, ""ndays_act"": 19.0, ""nchapters"": 12.0}"
HarvardX,4,aligned,0,8967,MCCE,native,MCCE_native,0,out_of_bounds:nevents,0.0,0.027096986770629883,0.17207792207792208,2,"{""nevents"": 134.0, ""ndays_act"": 20.0, ""nchapters"": 12.0}"
HarvardX,4,aligned,0,8967,MCCE,bounded,MCCE_bounded,1,OK,0.0,0.027096986770629883,0.23144712430426717,2,"{""nevents"": 229.0, ""ndays_act"": 24.0, ""nchapters"": 12.0}"
HarvardX,4,aligned,0,8967,MCCE,bounded+edit,MCCE_bounded+edit,1,OK,0.0,0.027096986770629883,0.23144712430426717,2,"{""nevents"": 229.0, ""ndays_act"": 24.0, ""nchapters"": 12.0}"
HarvardX,4,aligned,0,8995,NICE,native,NICE_native,0,out_of_bounds:nevents,0.0,0.004803657531738281,0.7855746545331985,2,"{""nevents"": 121.0, ""ndays_act"": 19.0, ""nchapters"": 12.0}"
HarvardX,4,aligned,0,8995,NICE,bounded,NICE_bounded,0,classifier_target_not_met,0.0,0.004803657531738281,0.023255813953488372,1,"{""nevents"": 384.0, ""ndays_act"": 19.0, ""nchapters"": 12.0}"
HarvardX,4,aligned,0,8995,NICE,bounded+edit,NICE_bounded+edit,0,classifier_target_not_met,0.0,0.004803657531738281,0.023255813953488372,1,"{""nevents"": 384.0, ""ndays_act"": 19.0, ""nchapters"": 12.0}"
HarvardX,4,aligned,0,8995,MCCE,native,MCCE_native,1,OK,0.0,0.028042078018188477,0.3953488372093023,1,"{""nevents"": 384.0, ""ndays_act"": 35.0, ""nchapters"": 12.0}"
HarvardX,4,aligned,0,8995,MCCE,bounded,MCCE_bounded,1,OK,0.0,0.028042078018188477,0.3953488372093023,1,"{""nevents"": 384.0, ""ndays_act"": 35.0, ""nchapters"": 12.0}"
HarvardX,4,aligned,0,8995,MCCE,bounded+edit,MCCE_bounded+edit,1,OK,0.0,0.028042078018188477,0.3953488372093023,1,"{""nevents"": 384.0, ""ndays_act"": 35.0, ""nchapters"": 12.0}"
HarvardX,4,aligned,0,9011,NICE,native,NICE_native,0,out_of_bounds:nevents,0.0,0.005035400390625,0.2644661776691116,2,"{""nevents"": 280.0, ""ndays_act"": 31.0, ""nchapters"": 10.0}"
HarvardX,4,aligned,0,9011,NICE,bounded,NICE_bounded,0,classifier_target_not_met,0.0,0.005035400390625,0.16666666666666666,1,"{""nevents"": 320.0, ""ndays_act"": 31.0, ""nchapters"": 10.0}"
HarvardX,4,aligned,0,9011,NICE,bounded+edit,NICE_bounded+edit,0,classifier_target_not_met,0.0,0.005035400390625,0.16666666666666666,1,"{""nevents"": 320.0, ""ndays_act"": 31.0, ""nchapters"": 10.0}"
HarvardX,4,aligned,0,9011,MCCE,native,MCCE_native,0,out_of_bounds:nevents,0.0,0.04237031936645508,0.40315131757674544,2,"{""nevents"": 246.0, ""ndays_act"": 33.0, ""nchapters"": 10.0}"
HarvardX,4,aligned,0,9011,MCCE,bounded,MCCE_bounded,1,OK,0.0,0.04237031936645508,0.6044553110567781,2,"{""nevents"": 340.0, ""ndays_act"": 45.0, ""nchapters"": 10.0}"
HarvardX,4,aligned,0,9011,MCCE,bounded+edit,MCCE_bounded+edit,1,OK,0.0,0.04237031936645508,0.6044553110567781,2,"{""nevents"": 340.0, ""ndays_act"": 45.0, ""nchapters"": 10.0}"
HarvardX,4,aligned,0,9152,NICE,native,NICE_native,0,out_of_bounds:nevents;out_of_bounds:ndays_act,0.0,0.0048675537109375,5.044444444444444,2,"{""nevents"": 66.0, ""ndays_act"": 21.0, ""nchapters"": 7.0}"
HarvardX,4,aligned,0,9152,NICE,bounded,NICE_bounded,0,classifier_target_not_met,0.0,0.0048675537109375,0.0,0,"{""nevents"": 474.0, ""ndays_act"": 52.0, ""nchapters"": 7.0}"
HarvardX,4,aligned,0,9152,NICE,bounded+edit,NICE_bounded+edit,0,classifier_target_not_met,0.0,0.0048675537109375,0.0,0,"{""nevents"": 474.0, ""ndays_act"": 52.0, ""nchapters"": 7.0}"
HarvardX,4,aligned,0,9152,MCCE,native,MCCE_native,1,OK,0.0,0.04351639747619629,1.2392156862745098,2,"{""nevents"": 535.0, ""ndays_act"": 52.0, ""nchapters"": 12.0}"
HarvardX,4,aligned,0,9152,MCCE,bounded,MCCE_bounded,1,OK,0.0,0.04351639747619629,1.2392156862745098,2,"{""nevents"": 535.0, ""ndays_act"": 52.0, ""nchapters"": 12.0}"
HarvardX,4,aligned,0,9152,MCCE,bounded+edit,MCCE_bounded+edit,1,OK,0.0,0.04351639747619629,1.2392156862745098,2,"{""nevents"": 535.0, ""ndays_act"": 52.0, ""nchapters"": 12.0}"
HarvardX,4,aligned,0,9164,NICE,native,NICE_native,0,out_of_bounds:nevents,0.0,0.004702091217041016,0.24915824915824916,2,"{""nevents"": 53.0, ""ndays_act"": 13.0, ""nchapters"": 11.0}"
HarvardX,4,aligned,0,9164,NICE,bounded,NICE_bounded,0,classifier_target_not_met,0.0,0.004702091217041016,0.1111111111111111,1,"{""nevents"": 135.0, ""ndays_act"": 13.0, ""nchapters"": 11.0}"
HarvardX,4,aligned,0,9164,NICE,bounded+edit,NICE_bounded+edit,0,classifier_target_not_met,0.0,0.004702091217041016,0.1111111111111111,1,"{""nevents"": 135.0, ""ndays_act"": 13.0, ""nchapters"": 11.0}"
HarvardX,4,aligned,0,9164,MCCE,native,MCCE_native,0,out_of_bounds:nevents,0.0,0.04018807411193848,0.4511784511784512,2,"{""nevents"": 87.0, ""ndays_act"": 27.0, ""nchapters"": 11.0}"
HarvardX,4,aligned,0,9164,MCCE,bounded,MCCE_bounded,1,OK,0.0,0.04018807411193848,0.6313131313131313,2,"{""nevents"": 202.0, ""ndays_act"": 35.0, ""nchapters"": 11.0}"
HarvardX,4,aligned,0,9164,MCCE,bounded+edit,MCCE_bounded+edit,1,OK,0.0,0.04018807411193848,0.6313131313131313,2,"{""nevents"": 202.0, ""ndays_act"": 35.0, ""nchapters"": 11.0}"
HarvardX,4,aligned,0,9197,NICE,native,NICE_native,0,out_of_bounds:nevents,0.0,0.004815816879272461,0.23269525267993874,2,"{""nevents"": 22.0, ""ndays_act"": 10.0, ""nchapters"": 12.0}"
HarvardX,4,aligned,0,9197,NICE,bounded,NICE_bounded,0,classifier_target_not_met,0.0,0.004815816879272461,0.15,1,"{""nevents"": 76.0, ""ndays_act"": 10.0, ""nchapters"": 12.0}"
HarvardX,4,aligned,0,9197,NICE,bounded+edit,NICE_bounded+edit,0,classifier_target_not_met,0.0,0.004815816879272461,0.15,1,"{""nevents"": 76.0, ""ndays_act"": 10.0, ""nchapters"": 12.0}"
HarvardX,4,aligned,0,9197,MCCE,native,MCCE_native,0,out_of_bounds:nevents,0.0,0.02659893035888672,0.22044410413476262,2,"{""nevents"": 30.0, ""ndays_act"": 10.0, ""nchapters"": 12.0}"
HarvardX,4,aligned,0,9197,MCCE,bounded,MCCE_bounded,1,OK,0.0,0.02659893035888672,0.3321592649310873,2,"{""nevents"": 97.0, ""ndays_act"": 19.0, ""nchapters"": 12.0}"
HarvardX,4,aligned,0,9197,MCCE,bounded+edit,MCCE_bounded+edit,1,OK,0.0,0.02659893035888672,0.3321592649310873,2,"{""nevents"": 97.0, ""ndays_act"": 19.0, ""nchapters"": 12.0}"
HarvardX,4,aligned,0,9268,NICE,native,NICE_native,0,out_of_bounds:nevents,0.0,0.007054805755615234,0.13726928607060065,2,"{""nevents"": 22.0, ""ndays_act"": 10.0, ""nchapters"": 12.0}"
HarvardX,4,aligned,0,9268,NICE,bounded,NICE_bounded,0,classifier_target_not_met,0.0,0.007054805755615234,0.03773584905660377,1,"{""nevents"": 86.0, ""ndays_act"": 10.0, ""nchapters"": 12.0}"
HarvardX,4,aligned,0,9268,NICE,bounded+edit,NICE_bounded+edit,0,classifier_target_not_met,0.0,0.007054805755615234,0.03773584905660377,1,"{""nevents"": 86.0, ""ndays_act"": 10.0, ""nchapters"": 12.0}"
HarvardX,4,aligned,0,9268,MCCE,native,MCCE_native,0,out_of_bounds:nevents,0.0,0.0334625244140625,0.12482760644385105,2,"{""nevents"": 30.0, ""ndays_act"": 10.0, ""nchapters"": 12.0}"
HarvardX,4,aligned,0,9268,MCCE,bounded,MCCE_bounded,1,OK,0.0,0.0334625244140625,0.22465447929810148,2,"{""nevents"": 97.0, ""ndays_act"": 19.0, ""nchapters"": 12.0}"
HarvardX,4,aligned,0,9268,MCCE,bounded+edit,MCCE_bounded+edit,1,OK,0.0,0.0334625244140625,0.22465447929810148,2,"{""nevents"": 97.0, ""ndays_act"": 19.0, ""nchapters"": 12.0}"
HarvardX,4,aligned,0,9325,NICE,native,NICE_native,1,OK,0.0,0.003591299057006836,0.38461538461538464,1,"{""nevents"": 106.0, ""ndays_act"": 37.0, ""nchapters"": 8.0}"
HarvardX,4,aligned,0,9325,NICE,bounded,NICE_bounded,1,OK,0.0,0.003591299057006836,0.38461538461538464,1,"{""nevents"": 106.0, ""ndays_act"": 37.0, ""nchapters"": 8.0}"
HarvardX,4,aligned,0,9325,NICE,bounded+edit,NICE_bounded+edit,1,OK,0.0,0.003591299057006836,0.38461538461538464,1,"{""nevents"": 106.0, ""ndays_act"": 37.0, ""nchapters"": 8.0}"
HarvardX,4,aligned,0,9325,MCCE,native,MCCE_native,0,out_of_bounds:nevents,0.0,0.04255056381225586,1.0497592295345104,2,"{""nevents"": 75.0, ""ndays_act"": 22.0, ""nchapters"": 12.0}"
HarvardX,4,aligned,0,9325,MCCE,bounded,MCCE_bounded,1,OK,0.0,0.04255056381225586,0.31095402724616206,3,"{""nevents"": 128.0, ""ndays_act"": 23.0, ""nchapters"": 9.0}"
HarvardX,4,aligned,0,9325,MCCE,bounded+edit,MCCE_bounded+edit,1,OK,0.0,0.04255056381225586,0.31095402724616206,3,"{""nevents"": 128.0, ""ndays_act"": 23.0, ""nchapters"": 9.0}"
HarvardX,4,aligned,0,9327,NICE,native,NICE_native,1,OK,0.0,0.004230499267578125,0.13559322033898305,1,"{""nevents"": 6.0, ""ndays_act"": 10.0, ""nchapters"": 12.0}"
HarvardX,4,aligned,0,9327,NICE,bounded,NICE_bounded,1,OK,0.0,0.004230499267578125,0.13559322033898305,1,"{""nevents"": 6.0, ""ndays_act"": 10.0, ""nchapters"": 12.0}"
HarvardX,4,aligned,0,9327,NICE,bounded+edit,NICE_bounded+edit,1,OK,0.0,0.004230499267578125,0.13559322033898305,1,"{""nevents"": 6.0, ""ndays_act"": 10.0, ""nchapters"": 12.0}"
HarvardX,4,aligned,0,9327,MCCE,native,MCCE_native,1,OK,0.0,0.028611183166503906,0.168788241085871,2,"{""nevents"": 30.0, ""ndays_act"": 10.0, ""nchapters"": 12.0}"
HarvardX,4,aligned,0,9327,MCCE,bounded,MCCE_bounded,1,OK,0.0,0.028611183166503906,0.168788241085871,2,"{""nevents"": 30.0, ""ndays_act"": 10.0, ""nchapters"": 12.0}"
HarvardX,4,aligned,0,9327,MCCE,bounded+edit,MCCE_bounded+edit,1,OK,0.0,0.028611183166503906,0.168788241085871,2,"{""nevents"": 30.0, ""ndays_act"": 10.0, ""nchapters"": 12.0}"
HarvardX,4,aligned,0,9367,NICE,native,NICE_native,0,out_of_bounds:nevents,0.0,0.003427267074584961,0.26857142857142857,1,"{""nevents"": 63.0, ""ndays_act"": 13.0, ""nchapters"": 12.0}"
HarvardX,4,aligned,0,9367,NICE,bounded,NICE_bounded,0,classifier_target_not_met,0.0,0.003427267074584961,0.0,0,"{""nevents"": 204.0, ""ndays_act"": 13.0, ""nchapters"": 12.0}"
HarvardX,4,aligned,0,9367,NICE,bounded+edit,NICE_bounded+edit,0,classifier_target_not_met,0.0,0.003427267074584961,0.0,0,"{""nevents"": 204.0, ""ndays_act"": 13.0, ""nchapters"": 12.0}"
HarvardX,4,aligned,0,9367,MCCE,native,MCCE_native,0,out_of_bounds:nevents,0.0,0.027196884155273438,0.32571428571428573,1,"{""nevents"": 33.0, ""ndays_act"": 13.0, ""nchapters"": 12.0}"
HarvardX,4,aligned,0,9367,MCCE,bounded,MCCE_bounded,1,OK,0.0,0.027196884155273438,0.2767857142857143,2,"{""nevents"": 229.0, ""ndays_act"": 24.0, ""nchapters"": 12.0}"
HarvardX,4,aligned,0,9367,MCCE,bounded+edit,MCCE_bounded+edit,1,OK,0.0,0.027196884155273438,0.2767857142857143,2,"{""nevents"": 229.0, ""ndays_act"": 24.0, ""nchapters"": 12.0}"
HarvardX,4,aligned,0,9378,NICE,native,NICE_native,0,out_of_bounds:nevents,0.0,0.004900217056274414,0.17628458498023716,2,"{""nevents"": 365.0, ""ndays_act"": 32.0, ""nchapters"": 12.0}"
HarvardX,4,aligned,0,9378,NICE,bounded,NICE_bounded,0,classifier_target_not_met,0.0,0.004900217056274414,0.12121212121212122,1,"{""nevents"": 384.0, ""ndays_act"": 32.0, ""nchapters"": 12.0}"
HarvardX,4,aligned,0,9378,NICE,bounded+edit,NICE_bounded+edit,0,classifier_target_not_met,0.0,0.004900217056274414,0.12121212121212122,1,"{""nevents"": 384.0, ""ndays_act"": 32.0, ""nchapters"": 12.0}"
HarvardX,4,aligned,0,9378,MCCE,native,MCCE_native,0,out_of_bounds:nevents,0.0,0.026481151580810547,0.3101449275362319,1,"{""nevents"": 277.0, ""ndays_act"": 28.0, ""nchapters"": 12.0}"
HarvardX,4,aligned,0,9378,MCCE,bounded,MCCE_bounded,1,OK,0.0,0.026481151580810547,0.21212121212121213,1,"{""nevents"": 384.0, ""ndays_act"": 35.0, ""nchapters"": 12.0}"
HarvardX,4,aligned,0,9378,MCCE,bounded+edit,MCCE_bounded+edit,1,OK,0.0,0.026481151580810547,0.21212121212121213,1,"{""nevents"": 384.0, ""ndays_act"": 35.0, ""nchapters"": 12.0}"
HarvardX,4,aligned,0,9428,NICE,native,NICE_native,0,out_of_bounds:nevents,0.0,0.0034134387969970703,0.20216606498194944,1,"{""nevents"": 63.0, ""ndays_act"": 13.0, ""nchapters"": 12.0}"
HarvardX,4,aligned,0,9428,NICE,bounded,NICE_bounded,0,classifier_target_not_met,0.0,0.0034134387969970703,0.0,0,"{""nevents"": 175.0, ""ndays_act"": 13.0, ""nchapters"": 12.0}"
HarvardX,4,aligned,0,9428,NICE,bounded+edit,NICE_bounded+edit,0,classifier_target_not_met,0.0,0.0034134387969970703,0.0,0,"{""nevents"": 175.0, ""ndays_act"": 13.0, ""nchapters"": 12.0}"
HarvardX,4,aligned,0,9428,MCCE,native,MCCE_native,0,out_of_bounds:nevents,0.0,0.02709341049194336,0.2563176895306859,1,"{""nevents"": 33.0, ""ndays_act"": 13.0, ""nchapters"": 12.0}"
HarvardX,4,aligned,0,9428,MCCE,bounded,MCCE_bounded,1,OK,0.0,0.02709341049194336,0.2309717208182912,2,"{""nevents"": 176.0, ""ndays_act"": 24.0, ""nchapters"": 12.0}"
HarvardX,4,aligned,0,9428,MCCE,bounded+edit,MCCE_bounded+edit,1,OK,0.0,0.02709341049194336,0.2309717208182912,2,"{""nevents"": 176.0, ""ndays_act"": 24.0, ""nchapters"": 12.0}"
HarvardX,4,aligned,0,9429,NICE,native,NICE_native,1,OK,0.0,0.005000114440917969,0.35322483423749246,2,"{""nevents"": 66.0, ""ndays_act"": 21.0, ""nchapters"": 7.0}"
HarvardX,4,aligned,0,9429,NICE,bounded,NICE_bounded,1,OK,0.0,0.005000114440917969,0.35322483423749246,2,"{""nevents"": 66.0, ""ndays_act"": 21.0, ""nchapters"": 7.0}"
HarvardX,4,aligned,0,9429,NICE,bounded+edit,NICE_bounded+edit,1,OK,0.0,0.005000114440917969,0.35322483423749246,2,"{""nevents"": 66.0, ""ndays_act"": 21.0, ""nchapters"": 7.0}"
HarvardX,4,aligned,0,9429,MCCE,native,MCCE_native,1,OK,0.0,0.0542294979095459,0.7917520594735785,3,"{""nevents"": 68.0, ""ndays_act"": 23.0, ""nchapters"": 9.0}"
HarvardX,4,aligned,0,9429,MCCE,bounded,MCCE_bounded,1,OK,0.0,0.0542294979095459,0.7917520594735785,3,"{""nevents"": 68.0, ""ndays_act"": 23.0, ""nchapters"": 9.0}"
HarvardX,4,aligned,0,9429,MCCE,bounded+edit,MCCE_bounded+edit,1,OK,0.0,0.0542294979095459,0.7917520594735785,3,"{""nevents"": 68.0, ""ndays_act"": 23.0, ""nchapters"": 9.0}"
HarvardX,4,aligned,0,9443,NICE,native,NICE_native,0,out_of_bounds:nevents,0.0,0.004626035690307617,0.5103463787674314,2,"{""nevents"": 230.0, ""ndays_act"": 24.0, ""nchapters"": 12.0}"
HarvardX,4,aligned,0,9443,NICE,bounded,NICE_bounded,0,classifier_target_not_met,0.0,0.004626035690307617,0.05128205128205128,1,"{""nevents"": 387.0, ""ndays_act"": 24.0, ""nchapters"": 12.0}"
HarvardX,4,aligned,0,9443,NICE,bounded+edit,NICE_bounded+edit,0,classifier_target_not_met,0.0,0.004626035690307617,0.05128205128205128,1,"{""nevents"": 387.0, ""ndays_act"": 24.0, ""nchapters"": 12.0}"
HarvardX,4,aligned,0,9443,MCCE,native,MCCE_native,0,out_of_bounds:nevents,0.0,0.03266549110412598,0.6842105263157895,1,"{""nevents"": 153.0, ""ndays_act"": 22.0, ""nchapters"": 12.0}"
HarvardX,4,aligned,0,9443,MCCE,bounded,MCCE_bounded,1,OK,0.0,0.03266549110412598,0.43207377417903736,2,"{""nevents"": 412.0, ""ndays_act"": 36.0, ""nchapters"": 12.0}"
HarvardX,4,aligned,0,9443,MCCE,bounded+edit,MCCE_bounded+edit,1,OK,0.0,0.03266549110412598,0.43207377417903736,2,"{""nevents"": 412.0, ""ndays_act"": 36.0, ""nchapters"": 12.0}"
HarvardX,4,aligned,0,9463,NICE,native,NICE_native,1,OK,0.0,0.0060079097747802734,0.5189190087037406,3,"{""nevents"": 66.0, ""ndays_act"": 21.0, ""nchapters"": 7.0}"
HarvardX,4,aligned,0,9463,NICE,bounded,NICE_bounded,1,OK,0.0,0.0060079097747802734,0.5189190087037406,3,"{""nevents"": 66.0, ""ndays_act"": 21.0, ""nchapters"": 7.0}"
HarvardX,4,aligned,0,9463,NICE,bounded+edit,NICE_bounded+edit,1,OK,0.0,0.0060079097747802734,0.5189190087037406,3,"{""nevents"": 66.0, ""ndays_act"": 21.0, ""nchapters"": 7.0}"
HarvardX,4,aligned,0,9463,MCCE,native,MCCE_native,1,OK,0.0,0.04014754295349121,1.3620689655172413,2,"{""nevents"": 37.0, ""ndays_act"": 24.0, ""nchapters"": 12.0}"
HarvardX,4,aligned,0,9463,MCCE,bounded,MCCE_bounded,1,OK,0.0,0.04014754295349121,1.3620689655172413,2,"{""nevents"": 37.0, ""ndays_act"": 24.0, ""nchapters"": 12.0}"
HarvardX,4,aligned,0,9463,MCCE,bounded+edit,MCCE_bounded+edit,1,OK,0.0,0.04014754295349121,1.3620689655172413,2,"{""nevents"": 37.0, ""ndays_act"": 24.0, ""nchapters"": 12.0}"
HarvardX,4,aligned,0,9468,NICE,native,NICE_native,0,out_of_bounds:nevents,0.0,0.0048716068267822266,0.17236263736263735,2,"{""nevents"": 25.0, ""ndays_act"": 10.0, ""nchapters"": 9.0}"
HarvardX,4,aligned,0,9468,NICE,bounded,NICE_bounded,0,classifier_target_not_met,0.0,0.0048716068267822266,0.08928571428571429,1,"{""nevents"": 79.0, ""ndays_act"": 10.0, ""nchapters"": 9.0}"
HarvardX,4,aligned,0,9468,NICE,bounded+edit,NICE_bounded+edit,0,classifier_target_not_met,0.0,0.0048716068267822266,0.08928571428571429,1,"{""nevents"": 79.0, ""ndays_act"": 10.0, ""nchapters"": 9.0}"
HarvardX,4,aligned,0,9468,MCCE,native,MCCE_native,0,out_of_bounds:nevents,0.0,0.0411982536315918,0.3383516483516484,2,"{""nevents"": 68.0, ""ndays_act"": 23.0, ""nchapters"": 9.0}"
HarvardX,4,aligned,0,9468,MCCE,bounded,MCCE_bounded,1,OK,0.0,0.0411982536315918,0.39681318681318684,2,"{""nevents"": 128.0, ""ndays_act"": 23.0, ""nchapters"": 9.0}"
HarvardX,4,aligned,0,9468,MCCE,bounded+edit,MCCE_bounded+edit,1,OK,0.0,0.0411982536315918,0.39681318681318684,2,"{""nevents"": 128.0, ""ndays_act"": 23.0, ""nchapters"": 9.0}"
HarvardX,4,aligned,0,9501,NICE,native,NICE_native,0,out_of_bounds:nevents,0.0,0.0040857791900634766,0.06041335453100159,1,"{""nevents"": 62.0, ""ndays_act"": 14.0, ""nchapters"": 12.0}"
HarvardX,4,aligned,0,9501,NICE,bounded,NICE_bounded,0,classifier_target_not_met,0.0,0.0040857791900634766,0.0,0,"{""nevents"": 100.0, ""ndays_act"": 14.0, ""nchapters"": 12.0}"
HarvardX,4,aligned,0,9501,NICE,bounded+edit,NICE_bounded+edit,0,classifier_target_not_met,0.0,0.0040857791900634766,0.0,0,"{""nevents"": 100.0, ""ndays_act"": 14.0, ""nchapters"": 12.0}"
HarvardX,4,aligned,0,9501,MCCE,native,MCCE_native,0,out_of_bounds:nevents,0.0,0.026267290115356445,0.06995230524642289,1,"{""nevents"": 56.0, ""ndays_act"": 14.0, ""nchapters"": 12.0}"
HarvardX,4,aligned,0,9501,MCCE,bounded,MCCE_bounded,1,OK,0.0,0.026267290115356445,0.10638297872340426,1,"{""nevents"": 100.0, ""ndays_act"": 19.0, ""nchapters"": 12.0}"
HarvardX,4,aligned,0,9501,MCCE,bounded+edit,MCCE_bounded+edit,1,OK,0.0,0.026267290115356445,0.10638297872340426,1,"{""nevents"": 100.0, ""ndays_act"": 19.0, ""nchapters"": 12.0}"
HarvardX,4,aligned,0,9534,NICE,native,NICE_native,1,OK,0.0,0.003515958786010742,0.3684210526315789,1,"{""nevents"": 136.0, ""ndays_act"": 37.0, ""nchapters"": 8.0}"
HarvardX,4,aligned,0,9534,NICE,bounded,NICE_bounded,1,OK,0.0,0.003515958786010742,0.3684210526315789,1,"{""nevents"": 136.0, ""ndays_act"": 37.0, ""nchapters"": 8.0}"
HarvardX,4,aligned,0,9534,NICE,bounded+edit,NICE_bounded+edit,1,OK,0.0,0.003515958786010742,0.3684210526315789,1,"{""nevents"": 136.0, ""ndays_act"": 37.0, ""nchapters"": 8.0}"
HarvardX,4,aligned,0,9534,MCCE,native,MCCE_native,0,out_of_bounds:nevents,0.0,0.039838314056396484,0.26349072512647553,2,"{""nevents"": 128.0, ""ndays_act"": 23.0, ""nchapters"": 9.0}"
HarvardX,4,aligned,0,9534,MCCE,bounded,MCCE_bounded,1,OK,0.0,0.039838314056396484,0.35526315789473684,2,"{""nevents"": 136.0, ""ndays_act"": 27.0, ""nchapters"": 9.0}"
HarvardX,4,aligned,0,9534,MCCE,bounded+edit,MCCE_bounded+edit,1,OK,0.0,0.039838314056396484,0.35526315789473684,2,"{""nevents"": 136.0, ""ndays_act"": 27.0, ""nchapters"": 9.0}"
HarvardX,4,aligned,0,9552,NICE,native,NICE_native,0,out_of_bounds:ndays_act,0.0,0.004742860794067383,0.6807453416149069,2,"{""nevents"": 641.0, ""ndays_act"": 25.0, ""nchapters"": 12.0}"
HarvardX,4,aligned,0,9552,NICE,bounded,NICE_bounded,0,classifier_target_not_met,0.0,0.004742860794067383,0.6521739130434783,1,"{""nevents"": 641.0, ""ndays_act"": 26.0, ""nchapters"": 12.0}"
HarvardX,4,aligned,0,9552,NICE,bounded+edit,NICE_bounded+edit,0,classifier_target_not_met,0.0,0.004742860794067383,0.6521739130434783,1,"{""nevents"": 641.0, ""ndays_act"": 26.0, ""nchapters"": 12.0}"
HarvardX,4,aligned,0,9552,MCCE,native,MCCE_native,0,out_of_bounds:nevents,0.0,0.025862693786621094,1.2766798418972332,1,"{""nevents"": 153.0, ""ndays_act"": 26.0, ""nchapters"": 12.0}"
HarvardX,4,aligned,0,9552,MCCE,bounded,MCCE_bounded,1,OK,0.0,0.025862693786621094,0.4644833427442123,2,"{""nevents"": 514.0, ""ndays_act"": 37.0, ""nchapters"": 12.0}"
HarvardX,4,aligned,0,9552,MCCE,bounded+edit,MCCE_bounded+edit,1,OK,0.0,0.025862693786621094,0.4644833427442123,2,"{""nevents"": 514.0, ""ndays_act"": 37.0, ""nchapters"": 12.0}"
HarvardX,4,aligned,0,9589,NICE,native,NICE_native,0,out_of_bounds:nevents,0.0,0.005121946334838867,0.2419191064477915,2,"{""nevents"": 22.0, ""ndays_act"": 10.0, ""nchapters"": 12.0}"
HarvardX,4,aligned,0,9589,NICE,bounded,NICE_bounded,0,classifier_target_not_met,0.0,0.005121946334838867,0.10526315789473684,1,"{""nevents"": 107.0, ""ndays_act"": 10.0, ""nchapters"": 12.0}"
HarvardX,4,aligned,0,9589,NICE,bounded+edit,NICE_bounded+edit,0,classifier_target_not_met,0.0,0.005121946334838867,0.10526315789473684,1,"{""nevents"": 107.0, ""ndays_act"": 10.0, ""nchapters"": 12.0}"
HarvardX,4,aligned,0,9589,MCCE,native,MCCE_native,0,out_of_bounds:nevents,0.0,0.028774738311767578,0.22905737011338634,2,"{""nevents"": 30.0, ""ndays_act"": 10.0, ""nchapters"": 12.0}"
HarvardX,4,aligned,0,9589,MCCE,bounded,MCCE_bounded,1,OK,0.0,0.028774738311767578,0.32411011451458227,2,"{""nevents"": 134.0, ""ndays_act"": 20.0, ""nchapters"": 12.0}"
HarvardX,4,aligned,0,9589,MCCE,bounded+edit,MCCE_bounded+edit,1,OK,0.0,0.028774738311767578,0.32411011451458227,2,"{""nevents"": 134.0, ""ndays_act"": 20.0, ""nchapters"": 12.0}"
HarvardX,4,aligned,0,9609,NICE,native,NICE_native,0,out_of_bounds:nevents,0.0,0.0047833919525146484,0.1984335576114382,2,"{""nevents"": 22.0, ""ndays_act"": 10.0, ""nchapters"": 12.0}"
HarvardX,4,aligned,0,9609,NICE,bounded,NICE_bounded,0,classifier_target_not_met,0.0,0.0047833919525146484,0.1206896551724138,1,"{""nevents"": 73.0, ""ndays_act"": 10.0, ""nchapters"": 12.0}"
HarvardX,4,aligned,0,9609,NICE,bounded+edit,NICE_bounded+edit,0,classifier_target_not_met,0.0,0.0047833919525146484,0.1206896551724138,1,"{""nevents"": 73.0, ""ndays_act"": 10.0, ""nchapters"": 12.0}"
HarvardX,4,aligned,0,9609,MCCE,native,MCCE_native,1,OK,0.0,0.02730107307434082,0.29310344827586204,1,"{""nevents"": 73.0, ""ndays_act"": 20.0, ""nchapters"": 12.0}"
HarvardX,4,aligned,0,9609,MCCE,bounded,MCCE_bounded,1,OK,0.0,0.02730107307434082,0.29310344827586204,1,"{""nevents"": 73.0, ""ndays_act"": 20.0, ""nchapters"": 12.0}"
HarvardX,4,aligned,0,9609,MCCE,bounded+edit,MCCE_bounded+edit,1,OK,0.0,0.02730107307434082,0.29310344827586204,1,"{""nevents"": 73.0, ""ndays_act"": 20.0, ""nchapters"": 12.0}"
HarvardX,4,aligned,0,9640,NICE,native,NICE_native,0,out_of_bounds:nevents,0.0,0.006096601486206055,0.38987282090959646,3,"{""nevents"": 25.0, ""ndays_act"": 10.0, ""nchapters"": 9.0}"
HarvardX,4,aligned,0,9640,NICE,bounded,NICE_bounded,0,classifier_target_not_met,0.0,0.006096601486206055,0.385593220338983,2,"{""nevents"": 28.0, ""ndays_act"": 10.0, ""nchapters"": 9.0}"
HarvardX,4,aligned,0,9640,NICE,bounded+edit,NICE_bounded+edit,0,classifier_target_not_met,0.0,0.006096601486206055,0.385593220338983,2,"{""nevents"": 28.0, ""ndays_act"": 10.0, ""nchapters"": 9.0}"
HarvardX,4,aligned,0,9640,MCCE,native,MCCE_native,1,OK,0.0,0.040554046630859375,0.6629935443313426,3,"{""nevents"": 68.0, ""ndays_act"": 23.0, ""nchapters"": 9.0}"
HarvardX,4,aligned,0,9640,MCCE,bounded,MCCE_bounded,1,OK,0.0,0.040554046630859375,0.6629935443313426,3,"{""nevents"": 68.0, ""ndays_act"": 23.0, ""nchapters"": 9.0}"
HarvardX,4,aligned,0,9640,MCCE,bounded+edit,MCCE_bounded+edit,1,OK,0.0,0.040554046630859375,0.6629935443313426,3,"{""nevents"": 68.0, ""ndays_act"": 23.0, ""nchapters"": 9.0}"
HarvardX,4,aligned,0,9683,NICE,native,NICE_native,0,out_of_bounds:nevents,0.0,0.0033767223358154297,0.28703703703703703,1,"{""nevents"": 34.0, ""ndays_act"": 15.0, ""nchapters"": 10.0}"
HarvardX,4,aligned,0,9683,NICE,bounded,NICE_bounded,0,classifier_target_not_met,0.0,0.0033767223358154297,0.0,0,"{""nevents"": 189.0, ""ndays_act"": 15.0, ""nchapters"": 10.0}"
HarvardX,4,aligned,0,9683,NICE,bounded+edit,NICE_bounded+edit,0,classifier_target_not_met,0.0,0.0033767223358154297,0.0,0,"{""nevents"": 189.0, ""ndays_act"": 15.0, ""nchapters"": 10.0}"
HarvardX,4,aligned,0,9683,MCCE,native,MCCE_native,0,out_of_bounds:nevents;out_of_bounds:ndays_act,0.0,0.04225277900695801,0.3050724637681159,2,"{""nevents"": 36.0, ""ndays_act"": 14.0, ""nchapters"": 10.0}"
HarvardX,4,aligned,0,9683,MCCE,bounded,MCCE_bounded,1,OK,0.0,0.04225277900695801,0.49685990338164254,2,"{""nevents"": 246.0, ""ndays_act"": 33.0, ""nchapters"": 10.0}"
HarvardX,4,aligned,0,9683,MCCE,bounded+edit,MCCE_bounded+edit,1,OK,0.0,0.04225277900695801,0.49685990338164254,2,"{""nevents"": 246.0, ""ndays_act"": 33.0, ""nchapters"": 10.0}"
HarvardX,4,aligned,0,9720,NICE,native,NICE_native,0,out_of_bounds:nevents,0.0,0.0057179927825927734,0.7089466934314709,3,"{""nevents"": 66.0, ""ndays_act"": 21.0, ""nchapters"": 7.0}"
HarvardX,4,aligned,0,9720,NICE,bounded,NICE_bounded,0,classifier_target_not_met,0.0,0.0057179927825927734,0.35034013605442177,2,"{""nevents"": 241.0, ""ndays_act"": 21.0, ""nchapters"": 7.0}"
HarvardX,4,aligned,0,9720,NICE,bounded+edit,NICE_bounded+edit,0,classifier_target_not_met,0.0,0.0057179927825927734,0.35034013605442177,2,"{""nevents"": 241.0, ""ndays_act"": 21.0, ""nchapters"": 7.0}"
HarvardX,4,aligned,0,9720,MCCE,native,MCCE_native,0,out_of_bounds:nevents,0.0,0.04047060012817383,0.9560471729675477,3,"{""nevents"": 128.0, ""ndays_act"": 23.0, ""nchapters"": 9.0}"
HarvardX,4,aligned,0,9720,MCCE,bounded,MCCE_bounded,1,OK,0.0,0.04047060012817383,1.1961776513884241,3,"{""nevents"": 272.0, ""ndays_act"": 43.0, ""nchapters"": 9.0}"
HarvardX,4,aligned,0,9720,MCCE,bounded+edit,MCCE_bounded+edit,1,OK,0.0,0.04047060012817383,1.1961776513884241,3,"{""nevents"": 272.0, ""ndays_act"": 43.0, ""nchapters"": 9.0}"
HarvardX,4,aligned,0,9754,NICE,native,NICE_native,0,out_of_bounds:nevents,0.0,0.004639863967895508,0.2052238805970149,2,"{""nevents"": 22.0, ""ndays_act"": 10.0, ""nchapters"": 12.0}"
HarvardX,4,aligned,0,9754,NICE,bounded,NICE_bounded,0,classifier_target_not_met,0.0,0.004639863967895508,0.15,1,"{""nevents"": 59.0, ""ndays_act"": 10.0, ""nchapters"": 12.0}"
HarvardX,4,aligned,0,9754,NICE,bounded+edit,NICE_bounded+edit,0,classifier_target_not_met,0.0,0.004639863967895508,0.15,1,"{""nevents"": 59.0, ""ndays_act"": 10.0, ""nchapters"": 12.0}"
HarvardX,4,aligned,0,9754,MCCE,native,MCCE_native,1,OK,0.0,0.02899003028869629,0.25,1,"{""nevents"": 59.0, ""ndays_act"": 16.0, ""nchapters"": 12.0}"
HarvardX,4,aligned,0,9754,MCCE,bounded,MCCE_bounded,1,OK,0.0,0.02899003028869629,0.25,1,"{""nevents"": 59.0, ""ndays_act"": 16.0, ""nchapters"": 12.0}"
HarvardX,4,aligned,0,9754,MCCE,bounded+edit,MCCE_bounded+edit,1,OK,0.0,0.02899003028869629,0.25,1,"{""nevents"": 59.0, ""ndays_act"": 16.0, ""nchapters"": 12.0}"
HarvardX,4,aligned,0,9794,NICE,native,NICE_native,0,out_of_bounds:nevents,0.0,0.004629611968994141,0.31844660194174756,1,"{""nevents"": 50.0, ""ndays_act"": 12.0, ""nchapters"": 12.0}"
HarvardX,4,aligned,0,9794,NICE,bounded,NICE_bounded,0,classifier_target_not_met,0.0,0.004629611968994141,0.0,0,"{""nevents"": 214.0, ""ndays_act"": 12.0, ""nchapters"": 12.0}"
HarvardX,4,aligned,0,9794,NICE,bounded+edit,NICE_bounded+edit,0,classifier_target_not_met,0.0,0.004629611968994141,0.0,0,"{""nevents"": 214.0, ""ndays_act"": 12.0, ""nchapters"": 12.0}"
HarvardX,4,aligned,0,9794,MCCE,native,MCCE_native,0,out_of_bounds:nevents,0.0,0.029759645462036133,0.3572815533980582,1,"{""nevents"": 30.0, ""ndays_act"": 12.0, ""nchapters"": 12.0}"
HarvardX,4,aligned,0,9794,MCCE,bounded,MCCE_bounded,1,OK,0.0,0.029759645462036133,0.5510204081632653,1,"{""nevents"": 214.0, ""ndays_act"": 39.0, ""nchapters"": 12.0}"
HarvardX,4,aligned,0,9794,MCCE,bounded+edit,MCCE_bounded+edit,1,OK,0.0,0.029759645462036133,0.5510204081632653,1,"{""nevents"": 214.0, ""ndays_act"": 39.0, ""nchapters"": 12.0}"
HarvardX,4,aligned,0,9802,NICE,native,NICE_native,0,out_of_bounds:nevents,0.0,0.005260944366455078,0.14040225013485397,2,"{""nevents"": 22.0, ""ndays_act"": 10.0, ""nchapters"": 12.0}"
HarvardX,4,aligned,0,9802,NICE,bounded,NICE_bounded,0,classifier_target_not_met,0.0,0.005260944366455078,0.10526315789473684,1,"{""nevents"": 46.0, ""ndays_act"": 10.0, ""nchapters"": 12.0}"
HarvardX,4,aligned,0,9802,NICE,bounded+edit,NICE_bounded+edit,0,classifier_target_not_met,0.0,0.005260944366455078,0.10526315789473684,1,"{""nevents"": 46.0, ""ndays_act"": 10.0, ""nchapters"": 12.0}"
HarvardX,4,aligned,0,9802,MCCE,native,MCCE_native,0,out_of_bounds:nevents,0.0,0.02625250816345215,0.12868921938814826,2,"{""nevents"": 30.0, ""ndays_act"": 10.0, ""nchapters"": 12.0}"
HarvardX,4,aligned,0,9802,MCCE,bounded,MCCE_bounded,1,OK,0.0,0.02625250816345215,0.1301276617605507,2,"{""nevents"": 51.0, ""ndays_act"": 11.0, ""nchapters"": 12.0}"
HarvardX,4,aligned,0,9802,MCCE,bounded+edit,MCCE_bounded+edit,1,OK,0.0,0.02625250816345215,0.1301276617605507,2,"{""nevents"": 51.0, ""ndays_act"": 11.0, ""nchapters"": 12.0}"
HarvardX,4,aligned,0,9806,NICE,native,NICE_native,0,out_of_bounds:nevents,0.0,0.00461268424987793,0.2146853146853147,2,"{""nevents"": 121.0, ""ndays_act"": 19.0, ""nchapters"": 12.0}"
HarvardX,4,aligned,0,9806,NICE,bounded,NICE_bounded,0,classifier_target_not_met,0.0,0.00461268424987793,0.045454545454545456,1,"{""nevents"": 209.0, ""ndays_act"": 19.0, ""nchapters"": 12.0}"
HarvardX,4,aligned,0,9806,NICE,bounded+edit,NICE_bounded+edit,0,classifier_target_not_met,0.0,0.00461268424987793,0.045454545454545456,1,"{""nevents"": 209.0, ""ndays_act"": 19.0, ""nchapters"": 12.0}"
HarvardX,4,aligned,0,9806,MCCE,native,MCCE_native,0,out_of_bounds:nevents,0.0,0.025991201400756836,0.2124125874125874,2,"{""nevents"": 134.0, ""ndays_act"": 20.0, ""nchapters"": 12.0}"
HarvardX,4,aligned,0,9806,MCCE,bounded,MCCE_bounded,1,OK,0.0,0.025991201400756836,0.19755244755244755,2,"{""nevents"": 229.0, ""ndays_act"": 24.0, ""nchapters"": 12.0}"
HarvardX,4,aligned,0,9806,MCCE,bounded+edit,MCCE_bounded+edit,1,OK,0.0,0.025991201400756836,0.19755244755244755,2,"{""nevents"": 229.0, ""ndays_act"": 24.0, ""nchapters"": 12.0}"
HarvardX,4,aligned,0,9835,NICE,native,NICE_native,0,out_of_bounds:nevents,0.0,0.004748821258544922,0.3895178197064989,2,"{""nevents"": 22.0, ""ndays_act"": 10.0, ""nchapters"": 12.0}"
HarvardX,4,aligned,0,9835,NICE,bounded,NICE_bounded,0,classifier_target_not_met,0.0,0.004748821258544922,0.05555555555555555,1,"{""nevents"": 199.0, ""ndays_act"": 10.0, ""nchapters"": 12.0}"
HarvardX,4,aligned,0,9835,NICE,bounded+edit,NICE_bounded+edit,0,classifier_target_not_met,0.0,0.004748821258544922,0.05555555555555555,1,"{""nevents"": 199.0, ""ndays_act"": 10.0, ""nchapters"": 12.0}"
HarvardX,4,aligned,0,9835,MCCE,native,MCCE_native,0,out_of_bounds:nevents,0.0,0.045342445373535156,0.3744234800838574,2,"{""nevents"": 30.0, ""ndays_act"": 10.0, ""nchapters"": 12.0}"
HarvardX,4,aligned,0,9835,MCCE,bounded,MCCE_bounded,1,OK,0.0,0.045342445373535156,0.3714185883997205,2,"{""nevents"": 229.0, ""ndays_act"": 24.0, ""nchapters"": 12.0}"
HarvardX,4,aligned,0,9835,MCCE,bounded+edit,MCCE_bounded+edit,1,OK,0.0,0.045342445373535156,0.3714185883997205,2,"{""nevents"": 229.0, ""ndays_act"": 24.0, ""nchapters"": 12.0}"
HarvardX,4,aligned,0,9838,NICE,native,NICE_native,0,out_of_bounds:nevents;out_of_bounds:ndays_act,0.0,0.007238149642944336,2.8469637149840197,2,"{""nevents"": 66.0, ""ndays_act"": 21.0, ""nchapters"": 7.0}"
HarvardX,4,aligned,0,9838,NICE,bounded,NICE_bounded,0,classifier_target_not_met,0.0,0.007238149642944336,0.0,0,"{""nevents"": 532.0, ""ndays_act"": 34.0, ""nchapters"": 7.0}"
HarvardX,4,aligned,0,9838,NICE,bounded+edit,NICE_bounded+edit,0,classifier_target_not_met,0.0,0.007238149642944336,0.0,0,"{""nevents"": 532.0, ""ndays_act"": 34.0, ""nchapters"": 7.0}"
HarvardX,4,aligned,0,9838,MCCE,native,MCCE_native,0,out_of_bounds:nevents,0.0,0.0444636344909668,2.5076142131979697,2,"{""nevents"": 235.0, ""ndays_act"": 34.0, ""nchapters"": 12.0}"
HarvardX,4,aligned,0,9838,MCCE,bounded,MCCE_bounded,1,OK,0.0,0.0444636344909668,2.1931190073322053,3,"{""nevents"": 697.0, ""ndays_act"": 49.0, ""nchapters"": 11.0}"
HarvardX,4,aligned,0,9838,MCCE,bounded+edit,MCCE_bounded+edit,1,OK,0.0,0.0444636344909668,2.1931190073322053,3,"{""nevents"": 697.0, ""ndays_act"": 49.0, ""nchapters"": 11.0}"
HarvardX,4,aligned,0,9840,NICE,native,NICE_native,0,out_of_bounds:nevents,0.0,0.004729032516479492,0.2358560563902801,2,"{""nevents"": 22.0, ""ndays_act"": 10.0, ""nchapters"": 12.0}"
HarvardX,4,aligned,0,9840,NICE,bounded,NICE_bounded,0,classifier_target_not_met,0.0,0.004729032516479492,0.05555555555555555,1,"{""nevents"": 130.0, ""ndays_act"": 10.0, ""nchapters"": 12.0}"
HarvardX,4,aligned,0,9840,NICE,bounded+edit,NICE_bounded+edit,0,classifier_target_not_met,0.0,0.004729032516479492,0.05555555555555555,1,"{""nevents"": 130.0, ""ndays_act"": 10.0, ""nchapters"": 12.0}"
HarvardX,4,aligned,0,9840,MCCE,native,MCCE_native,1,OK,0.0,0.027361154556274414,0.5,1,"{""nevents"": 130.0, ""ndays_act"": 34.0, ""nchapters"": 12.0}"
HarvardX,4,aligned,0,9840,MCCE,bounded,MCCE_bounded,1,OK,0.0,0.027361154556274414,0.5,1,"{""nevents"": 130.0, ""ndays_act"": 34.0, ""nchapters"": 12.0}"
HarvardX,4,aligned,0,9840,MCCE,bounded+edit,MCCE_bounded+edit,1,OK,0.0,0.027361154556274414,0.5,1,"{""nevents"": 130.0, ""ndays_act"": 34.0, ""nchapters"": 12.0}"
HarvardX,4,aligned,0,9912,NICE,native,NICE_native,0,out_of_bounds:nevents,0.0,0.00519251823425293,0.1313879764723856,2,"{""nevents"": 22.0, ""ndays_act"": 10.0, ""nchapters"": 12.0}"
HarvardX,4,aligned,0,9912,NICE,bounded,NICE_bounded,0,classifier_target_not_met,0.0,0.00519251823425293,0.10526315789473684,1,"{""nevents"": 40.0, ""ndays_act"": 10.0, ""nchapters"": 12.0}"
HarvardX,4,aligned,0,9912,NICE,bounded+edit,NICE_bounded+edit,0,classifier_target_not_met,0.0,0.00519251823425293,0.10526315789473684,1,"{""nevents"": 40.0, ""ndays_act"": 10.0, ""nchapters"": 12.0}"
HarvardX,4,aligned,0,9912,MCCE,native,MCCE_native,0,out_of_bounds:nevents,0.0,0.026340007781982422,0.1197769459934306,2,"{""nevents"": 30.0, ""ndays_act"": 10.0, ""nchapters"": 12.0}"
HarvardX,4,aligned,0,9912,MCCE,bounded,MCCE_bounded,1,OK,0.0,0.026340007781982422,0.13006391159320652,2,"{""nevents"": 45.0, ""ndays_act"": 11.0, ""nchapters"": 12.0}"
HarvardX,4,aligned,0,9912,MCCE,bounded+edit,MCCE_bounded+edit,1,OK,0.0,0.026340007781982422,0.13006391159320652,2,"{""nevents"": 45.0, ""ndays_act"": 11.0, ""nchapters"": 12.0}"
HarvardX,4,aligned,0,9945,NICE,native,NICE_native,1,OK,0.0,0.004082679748535156,0.045454545454545456,1,"{""nevents"": 649.0, ""ndays_act"": 40.0, ""nchapters"": 12.0}"
HarvardX,4,aligned,0,9945,NICE,bounded,NICE_bounded,1,OK,0.0,0.004082679748535156,0.045454545454545456,1,"{""nevents"": 649.0, ""ndays_act"": 40.0, ""nchapters"": 12.0}"
HarvardX,4,aligned,0,9945,NICE,bounded+edit,NICE_bounded+edit,1,OK,0.0,0.004082679748535156,0.045454545454545456,1,"{""nevents"": 649.0, ""ndays_act"": 40.0, ""nchapters"": 12.0}"
HarvardX,4,aligned,0,9945,MCCE,native,MCCE_native,0,out_of_bounds:nevents,0.0,0.026561260223388672,2.1875,1,"{""nevents"": 474.0, ""ndays_act"": 39.0, ""nchapters"": 12.0}"
HarvardX,4,aligned,0,9945,MCCE,bounded,MCCE_bounded,1,OK,0.0,0.026561260223388672,0.7363636363636363,2,"{""nevents"": 697.0, ""ndays_act"": 42.0, ""nchapters"": 12.0}"
HarvardX,4,aligned,0,9945,MCCE,bounded+edit,MCCE_bounded+edit,1,OK,0.0,0.026561260223388672,0.7363636363636363,2,"{""nevents"": 697.0, ""ndays_act"": 42.0, ""nchapters"": 12.0}"
HarvardX,4,aligned,0,9979,NICE,native,NICE_native,0,immutable_changed:nevents,0.0,0.003818035125732422,0.0,0,"{""nevents"": 858.0, ""ndays_act"": 38.0, ""nchapters"": 12.0}"
HarvardX,4,aligned,0,9979,NICE,bounded,NICE_bounded,0,classifier_target_not_met,0.0,0.003818035125732422,0.0,0,"{""nevents"": 788.0, ""ndays_act"": 38.0, ""nchapters"": 12.0}"
HarvardX,4,aligned,0,9979,NICE,bounded+edit,NICE_bounded+edit,0,classifier_target_not_met,0.0,0.003818035125732422,0.0,0,"{""nevents"": 788.0, ""ndays_act"": 38.0, ""nchapters"": 12.0}"
HarvardX,4,aligned,0,9979,MCCE,native,MCCE_native,1,OK,0.0,0.040740013122558594,0.08695652173913043,1,"{""nevents"": 788.0, ""ndays_act"": 40.0, ""nchapters"": 12.0}"
HarvardX,4,aligned,0,9979,MCCE,bounded,MCCE_bounded,1,OK,0.0,0.040740013122558594,0.08695652173913043,1,"{""nevents"": 788.0, ""ndays_act"": 40.0, ""nchapters"": 12.0}"
HarvardX,4,aligned,0,9979,MCCE,bounded+edit,MCCE_bounded+edit,1,OK,0.0,0.040740013122558594,0.08695652173913043,1,"{""nevents"": 788.0, ""ndays_act"": 40.0, ""nchapters"": 12.0}"
HarvardX,4,aligned,0,9985,NICE,native,NICE_native,1,OK,0.0,0.003589153289794922,0.19230769230769232,1,"{""nevents"": 765.0, ""ndays_act"": 40.0, ""nchapters"": 12.0}"
HarvardX,4,aligned,0,9985,NICE,bounded,NICE_bounded,1,OK,0.0,0.003589153289794922,0.19230769230769232,1,"{""nevents"": 765.0, ""ndays_act"": 40.0, ""nchapters"": 12.0}"
HarvardX,4,aligned,0,9985,NICE,bounded+edit,NICE_bounded+edit,1,OK,0.0,0.003589153289794922,0.19230769230769232,1,"{""nevents"": 765.0, ""ndays_act"": 40.0, ""nchapters"": 12.0}"
HarvardX,4,aligned,0,9985,MCCE,native,MCCE_native,1,OK,0.0,0.016604185104370117,0.34615384615384615,1,"{""nevents"": 765.0, ""ndays_act"": 44.0, ""nchapters"": 12.0}"
HarvardX,4,aligned,0,9985,MCCE,bounded,MCCE_bounded,1,OK,0.0,0.016604185104370117,0.34615384615384615,1,"{""nevents"": 765.0, ""ndays_act"": 44.0, ""nchapters"": 12.0}"
HarvardX,4,aligned,0,9985,MCCE,bounded+edit,MCCE_bounded+edit,1,OK,0.0,0.016604185104370117,0.34615384615384615,1,"{""nevents"": 765.0, ""ndays_act"": 44.0, ""nchapters"": 12.0}"
HarvardX,4,aligned,0,10001,NICE,native,NICE_native,0,out_of_bounds:nevents,0.0,0.0048542022705078125,0.40823970037453183,2,"{""nevents"": 66.0, ""ndays_act"": 21.0, ""nchapters"": 7.0}"
HarvardX,4,aligned,0,10001,NICE,bounded,NICE_bounded,0,classifier_target_not_met,0.0,0.0048542022705078125,0.16666666666666666,1,"{""nevents"": 195.0, ""ndays_act"": 21.0, ""nchapters"": 7.0}"
HarvardX,4,aligned,0,10001,NICE,bounded+edit,NICE_bounded+edit,0,classifier_target_not_met,0.0,0.0048542022705078125,0.16666666666666666,1,"{""nevents"": 195.0, ""ndays_act"": 21.0, ""nchapters"": 7.0}"
HarvardX,4,aligned,0,10001,MCCE,native,MCCE_native,0,out_of_bounds:nevents,0.0,0.04112124443054199,0.7338014981273409,3,"{""nevents"": 128.0, ""ndays_act"": 23.0, ""nchapters"": 9.0}"
HarvardX,4,aligned,0,10001,MCCE,bounded,MCCE_bounded,1,OK,0.0,0.04112124443054199,1.1691947565543073,3,"{""nevents"": 272.0, ""ndays_act"": 43.0, ""nchapters"": 9.0}"
HarvardX,4,aligned,0,10001,MCCE,bounded+edit,MCCE_bounded+edit,1,OK,0.0,0.04112124443054199,1.1691947565543073,3,"{""nevents"": 272.0, ""ndays_act"": 43.0, ""nchapters"": 9.0}"
HarvardX,4,aligned,0,10010,NICE,native,NICE_native,0,out_of_bounds:nevents,0.0,0.0046539306640625,0.30132890365448506,2,"{""nevents"": 66.0, ""ndays_act"": 21.0, ""nchapters"": 7.0}"
HarvardX,4,aligned,0,10010,NICE,bounded,NICE_bounded,0,classifier_target_not_met,0.0,0.0046539306640625,0.2,1,"{""nevents"": 127.0, ""ndays_act"": 21.0, ""nchapters"": 7.0}"
HarvardX,4,aligned,0,10010,NICE,bounded+edit,NICE_bounded+edit,0,classifier_target_not_met,0.0,0.0046539306640625,0.2,1,"{""nevents"": 127.0, ""ndays_act"": 21.0, ""nchapters"": 7.0}"
HarvardX,4,aligned,0,10010,MCCE,native,MCCE_native,1,OK,0.0,0.04031205177307129,0.6416611295681063,3,"{""nevents"": 128.0, ""ndays_act"": 23.0, ""nchapters"": 9.0}"
HarvardX,4,aligned,0,10010,MCCE,bounded,MCCE_bounded,1,OK,0.0,0.04031205177307129,0.6416611295681063,3,"{""nevents"": 128.0, ""ndays_act"": 23.0, ""nchapters"": 9.0}"
HarvardX,4,aligned,0,10010,MCCE,bounded+edit,MCCE_bounded+edit,1,OK,0.0,0.04031205177307129,0.6416611295681063,3,"{""nevents"": 128.0, ""ndays_act"": 23.0, ""nchapters"": 9.0}"
HarvardX,4,aligned,0,10029,NICE,native,NICE_native,0,out_of_bounds:nevents,0.0,0.005692243576049805,0.47281346749226005,3,"{""nevents"": 66.0, ""ndays_act"": 21.0, ""nchapters"": 7.0}"
HarvardX,4,aligned,0,10029,NICE,bounded,NICE_bounded,0,classifier_target_not_met,0.0,0.005692243576049805,0.38235294117647056,2,"{""nevents"": 121.0, ""ndays_act"": 21.0, ""nchapters"": 7.0}"
HarvardX,4,aligned,0,10029,NICE,bounded+edit,NICE_bounded+edit,0,classifier_target_not_met,0.0,0.005692243576049805,0.38235294117647056,2,"{""nevents"": 121.0, ""ndays_act"": 21.0, ""nchapters"": 7.0}"
HarvardX,4,aligned,0,10029,MCCE,native,MCCE_native,1,OK,0.0,0.040888309478759766,0.7664151186790505,3,"{""nevents"": 128.0, ""ndays_act"": 23.0, ""nchapters"": 9.0}"
HarvardX,4,aligned,0,10029,MCCE,bounded,MCCE_bounded,1,OK,0.0,0.040888309478759766,0.7664151186790505,3,"{""nevents"": 128.0, ""ndays_act"": 23.0, ""nchapters"": 9.0}"
HarvardX,4,aligned,0,10029,MCCE,bounded+edit,MCCE_bounded+edit,1,OK,0.0,0.040888309478759766,0.7664151186790505,3,"{""nevents"": 128.0, ""ndays_act"": 23.0, ""nchapters"": 9.0}"
HarvardX,4,aligned,0,10044,NICE,native,NICE_native,0,out_of_bounds:nevents,0.0,0.004855632781982422,0.3043562252487202,2,"{""nevents"": 66.0, ""ndays_act"": 21.0, ""nchapters"": 7.0}"
HarvardX,4,aligned,0,10044,NICE,bounded,NICE_bounded,0,classifier_target_not_met,0.0,0.004855632781982422,0.21568627450980393,1,"{""nevents"": 120.0, ""ndays_act"": 21.0, ""nchapters"": 7.0}"
HarvardX,4,aligned,0,10044,NICE,bounded+edit,NICE_bounded+edit,0,classifier_target_not_met,0.0,0.004855632781982422,0.21568627450980393,1,"{""nevents"": 120.0, ""ndays_act"": 21.0, ""nchapters"": 7.0}"
HarvardX,4,aligned,0,10044,MCCE,native,MCCE_native,1,OK,0.0,0.04101204872131348,0.6680382497826717,3,"{""nevents"": 128.0, ""ndays_act"": 23.0, ""nchapters"": 9.0}"
HarvardX,4,aligned,0,10044,MCCE,bounded,MCCE_bounded,1,OK,0.0,0.04101204872131348,0.6680382497826717,3,"{""nevents"": 128.0, ""ndays_act"": 23.0, ""nchapters"": 9.0}"
HarvardX,4,aligned,0,10044,MCCE,bounded+edit,MCCE_bounded+edit,1,OK,0.0,0.04101204872131348,0.6680382497826717,3,"{""nevents"": 128.0, ""ndays_act"": 23.0, ""nchapters"": 9.0}"
HarvardX,4,aligned,0,10057,NICE,native,NICE_native,0,out_of_bounds:nevents,0.0,0.00486445426940918,0.7151799687010955,2,"{""nevents"": 22.0, ""ndays_act"": 10.0, ""nchapters"": 12.0}"
HarvardX,4,aligned,0,10057,NICE,bounded,NICE_bounded,0,classifier_target_not_met,0.0,0.00486445426940918,0.05555555555555555,1,"{""nevents"": 303.0, ""ndays_act"": 10.0, ""nchapters"": 12.0}"
HarvardX,4,aligned,0,10057,NICE,bounded+edit,NICE_bounded+edit,0,classifier_target_not_met,0.0,0.00486445426940918,0.05555555555555555,1,"{""nevents"": 303.0, ""ndays_act"": 10.0, ""nchapters"": 12.0}"
HarvardX,4,aligned,0,10057,MCCE,native,MCCE_native,1,OK,0.0,0.02658677101135254,0.46296296296296297,1,"{""nevents"": 303.0, ""ndays_act"": 32.0, ""nchapters"": 12.0}"
HarvardX,4,aligned,0,10057,MCCE,bounded,MCCE_bounded,1,OK,0.0,0.02658677101135254,0.46296296296296297,1,"{""nevents"": 303.0, ""ndays_act"": 32.0, ""nchapters"": 12.0}"
HarvardX,4,aligned,0,10057,MCCE,bounded+edit,MCCE_bounded+edit,1,OK,0.0,0.02658677101135254,0.46296296296296297,1,"{""nevents"": 303.0, ""ndays_act"": 32.0, ""nchapters"": 12.0}"
HarvardX,4,aligned,0,10074,NICE,native,NICE_native,0,out_of_bounds:nevents,0.0,0.004754304885864258,0.438129452223041,2,"{""nevents"": 10.0, ""ndays_act"": 10.0, ""nchapters"": 10.0}"
HarvardX,4,aligned,0,10074,NICE,bounded,NICE_bounded,0,classifier_target_not_met,0.0,0.004754304885864258,0.13559322033898305,1,"{""nevents"": 177.0, ""ndays_act"": 10.0, ""nchapters"": 10.0}"
HarvardX,4,aligned,0,10074,NICE,bounded+edit,NICE_bounded+edit,0,classifier_target_not_met,0.0,0.004754304885864258,0.13559322033898305,1,"{""nevents"": 177.0, ""ndays_act"": 10.0, ""nchapters"": 10.0}"
HarvardX,4,aligned,0,10074,MCCE,native,MCCE_native,0,out_of_bounds:nevents,0.0,0.04017925262451172,0.45882461311717027,2,"{""nevents"": 36.0, ""ndays_act"": 14.0, ""nchapters"": 10.0}"
HarvardX,4,aligned,0,10074,MCCE,bounded,MCCE_bounded,1,OK,0.0,0.04017925262451172,0.6504237288135594,2,"{""nevents"": 246.0, ""ndays_act"": 33.0, ""nchapters"": 10.0}"
HarvardX,4,aligned,0,10074,MCCE,bounded+edit,MCCE_bounded+edit,1,OK,0.0,0.04017925262451172,0.6504237288135594,2,"{""nevents"": 246.0, ""ndays_act"": 33.0, ""nchapters"": 10.0}"
HarvardX,4,aligned,0,10090,NICE,native,NICE_native,1,OK,0.0,0.005185604095458984,0.15964187327823692,2,"{""nevents"": 10.0, ""ndays_act"": 10.0, ""nchapters"": 10.0}"
HarvardX,4,aligned,0,10090,NICE,bounded,NICE_bounded,1,OK,0.0,0.005185604095458984,0.15964187327823692,2,"{""nevents"": 10.0, ""ndays_act"": 10.0, ""nchapters"": 10.0}"
HarvardX,4,aligned,0,10090,NICE,bounded+edit,NICE_bounded+edit,1,OK,0.0,0.005185604095458984,0.15964187327823692,2,"{""nevents"": 10.0, ""ndays_act"": 10.0, ""nchapters"": 10.0}"
HarvardX,4,aligned,0,10090,MCCE,native,MCCE_native,1,OK,0.0,0.042256832122802734,0.26212121212121214,2,"{""nevents"": 36.0, ""ndays_act"": 14.0, ""nchapters"": 10.0}"
HarvardX,4,aligned,0,10090,MCCE,bounded,MCCE_bounded,1,OK,0.0,0.042256832122802734,0.26212121212121214,2,"{""nevents"": 36.0, ""ndays_act"": 14.0, ""nchapters"": 10.0}"
HarvardX,4,aligned,0,10090,MCCE,bounded+edit,MCCE_bounded+edit,1,OK,0.0,0.042256832122802734,0.26212121212121214,2,"{""nevents"": 36.0, ""ndays_act"": 14.0, ""nchapters"": 10.0}"
HarvardX,4,aligned,0,10123,NICE,native,NICE_native,0,out_of_bounds:nevents,0.0,0.005776882171630859,0.5018939393939393,3,"{""nevents"": 66.0, ""ndays_act"": 21.0, ""nchapters"": 7.0}"
HarvardX,4,aligned,0,10123,NICE,bounded,NICE_bounded,0,classifier_target_not_met,0.0,0.005776882171630859,0.43939393939393934,2,"{""nevents"": 105.0, ""ndays_act"": 21.0, ""nchapters"": 7.0}"
HarvardX,4,aligned,0,10123,NICE,bounded+edit,NICE_bounded+edit,0,classifier_target_not_met,0.0,0.005776882171630859,0.43939393939393934,2,"{""nevents"": 105.0, ""ndays_act"": 21.0, ""nchapters"": 7.0}"
HarvardX,4,aligned,0,10123,MCCE,native,MCCE_native,1,OK,0.0,0.03995919227600098,0.8459498834498834,3,"{""nevents"": 128.0, ""ndays_act"": 23.0, ""nchapters"": 9.0}"
HarvardX,4,aligned,0,10123,MCCE,bounded,MCCE_bounded,1,OK,0.0,0.03995919227600098,0.8459498834498834,3,"{""nevents"": 128.0, ""ndays_act"": 23.0, ""nchapters"": 9.0}"
HarvardX,4,aligned,0,10123,MCCE,bounded+edit,MCCE_bounded+edit,1,OK,0.0,0.03995919227600098,0.8459498834498834,3,"{""nevents"": 128.0, ""ndays_act"": 23.0, ""nchapters"": 9.0}"
HarvardX,4,aligned,0,10178,NICE,native,NICE_native,0,out_of_bounds:nevents,0.0,0.00623011589050293,0.4604023806443266,3,"{""nevents"": 25.0, ""ndays_act"": 10.0, ""nchapters"": 9.0}"
HarvardX,4,aligned,0,10178,NICE,bounded,NICE_bounded,0,classifier_target_not_met,0.0,0.00623011589050293,0.385593220338983,2,"{""nevents"": 74.0, ""ndays_act"": 10.0, ""nchapters"": 9.0}"
HarvardX,4,aligned,0,10178,NICE,bounded+edit,NICE_bounded+edit,0,classifier_target_not_met,0.0,0.00623011589050293,0.385593220338983,2,"{""nevents"": 74.0, ""ndays_act"": 10.0, ""nchapters"": 9.0}"
HarvardX,4,aligned,0,10178,MCCE,native,MCCE_native,0,out_of_bounds:nevents,0.0,0.04111337661743164,0.615092508733342,3,"{""nevents"": 68.0, ""ndays_act"": 23.0, ""nchapters"": 9.0}"
HarvardX,4,aligned,0,10178,MCCE,bounded,MCCE_bounded,1,OK,0.0,0.04111337661743164,0.6883749514814336,3,"{""nevents"": 128.0, ""ndays_act"": 23.0, ""nchapters"": 9.0}"
HarvardX,4,aligned,0,10178,MCCE,bounded+edit,MCCE_bounded+edit,1,OK,0.0,0.04111337661743164,0.6883749514814336,3,"{""nevents"": 128.0, ""ndays_act"": 23.0, ""nchapters"": 9.0}"
HarvardX,4,aligned,0,10219,NICE,native,NICE_native,0,out_of_bounds:nevents,0.0,0.003553152084350586,0.23700623700623702,1,"{""nevents"": 134.0, ""ndays_act"": 20.0, ""nchapters"": 12.0}"
HarvardX,4,aligned,0,10219,NICE,bounded,NICE_bounded,0,classifier_target_not_met,0.0,0.003553152084350586,0.0,0,"{""nevents"": 248.0, ""ndays_act"": 20.0, ""nchapters"": 12.0}"
HarvardX,4,aligned,0,10219,NICE,bounded+edit,NICE_bounded+edit,0,classifier_target_not_met,0.0,0.003553152084350586,0.0,0,"{""nevents"": 248.0, ""ndays_act"": 20.0, ""nchapters"": 12.0}"
HarvardX,4,aligned,0,10219,MCCE,native,MCCE_native,0,out_of_bounds:nevents,0.0,0.0265042781829834,0.23700623700623702,1,"{""nevents"": 134.0, ""ndays_act"": 20.0, ""nchapters"": 12.0}"
HarvardX,4,aligned,0,10219,MCCE,bounded,MCCE_bounded,1,OK,0.0,0.0265042781829834,0.1951219512195122,1,"{""nevents"": 248.0, ""ndays_act"": 28.0, ""nchapters"": 12.0}"
HarvardX,4,aligned,0,10219,MCCE,bounded+edit,MCCE_bounded+edit,1,OK,0.0,0.0265042781829834,0.1951219512195122,1,"{""nevents"": 248.0, ""ndays_act"": 28.0, ""nchapters"": 12.0}"
HarvardX,4,aligned,0,10240,NICE,native,NICE_native,0,out_of_bounds:nevents,0.0,0.0047261714935302734,0.10732968731423137,2,"{""nevents"": 25.0, ""ndays_act"": 10.0, ""nchapters"": 9.0}"
HarvardX,4,aligned,0,10240,NICE,bounded,NICE_bounded,0,classifier_target_not_met,0.0,0.0047261714935302734,0.019230769230769232,1,"{""nevents"": 82.0, ""ndays_act"": 10.0, ""nchapters"": 9.0}"
HarvardX,4,aligned,0,10240,NICE,bounded+edit,NICE_bounded+edit,0,classifier_target_not_met,0.0,0.0047261714935302734,0.019230769230769232,1,"{""nevents"": 82.0, ""ndays_act"": 10.0, ""nchapters"": 9.0}"
HarvardX,4,aligned,0,10240,MCCE,native,MCCE_native,0,out_of_bounds:nevents,0.0,0.039994239807128906,0.2908690999881108,2,"{""nevents"": 68.0, ""ndays_act"": 23.0, ""nchapters"": 9.0}"
HarvardX,4,aligned,0,10240,MCCE,bounded,MCCE_bounded,1,OK,0.0,0.039994239807128906,0.34032814171917725,2,"{""nevents"": 128.0, ""ndays_act"": 23.0, ""nchapters"": 9.0}"
HarvardX,4,aligned,0,10240,MCCE,bounded+edit,MCCE_bounded+edit,1,OK,0.0,0.039994239807128906,0.34032814171917725,2,"{""nevents"": 128.0, ""ndays_act"": 23.0, ""nchapters"": 9.0}"
HarvardX,4,aligned,0,10248,NICE,native,NICE_native,0,out_of_bounds:nevents,0.0,0.003574848175048828,0.16698656429942418,1,"{""nevents"": 121.0, ""ndays_act"": 19.0, ""nchapters"": 12.0}"
HarvardX,4,aligned,0,10248,NICE,bounded,NICE_bounded,0,classifier_target_not_met,0.0,0.003574848175048828,0.0,0,"{""nevents"": 208.0, ""ndays_act"": 19.0, ""nchapters"": 12.0}"
HarvardX,4,aligned,0,10248,NICE,bounded+edit,NICE_bounded+edit,0,classifier_target_not_met,0.0,0.003574848175048828,0.0,0,"{""nevents"": 208.0, ""ndays_act"": 19.0, ""nchapters"": 12.0}"
HarvardX,4,aligned,0,10248,MCCE,native,MCCE_native,0,out_of_bounds:nevents,0.0,0.026678085327148438,0.2072936660268714,1,"{""nevents"": 100.0, ""ndays_act"": 19.0, ""nchapters"": 12.0}"
HarvardX,4,aligned,0,10248,MCCE,bounded,MCCE_bounded,1,OK,0.0,0.026678085327148438,0.15935472077506627,2,"{""nevents"": 229.0, ""ndays_act"": 24.0, ""nchapters"": 12.0}"
HarvardX,4,aligned,0,10248,MCCE,bounded+edit,MCCE_bounded+edit,1,OK,0.0,0.026678085327148438,0.15935472077506627,2,"{""nevents"": 229.0, ""ndays_act"": 24.0, ""nchapters"": 12.0}"
HarvardX,4,aligned,0,10263,NICE,native,NICE_native,0,out_of_bounds:nevents,0.0,0.0046808719635009766,0.392989417989418,2,"{""nevents"": 25.0, ""ndays_act"": 10.0, ""nchapters"": 9.0}"
HarvardX,4,aligned,0,10263,NICE,bounded,NICE_bounded,0,classifier_target_not_met,0.0,0.0046808719635009766,0.08928571428571429,1,"{""nevents"": 189.0, ""ndays_act"": 10.0, ""nchapters"": 9.0}"
HarvardX,4,aligned,0,10263,NICE,bounded+edit,NICE_bounded+edit,0,classifier_target_not_met,0.0,0.0046808719635009766,0.08928571428571429,1,"{""nevents"": 189.0, ""ndays_act"": 10.0, ""nchapters"": 9.0}"
HarvardX,4,aligned,0,10263,MCCE,native,MCCE_native,0,out_of_bounds:nevents,0.0,0.04681396484375,0.43439153439153444,2,"{""nevents"": 128.0, ""ndays_act"": 23.0, ""nchapters"": 9.0}"
HarvardX,4,aligned,0,10263,MCCE,bounded,MCCE_bounded,1,OK,0.0,0.04681396484375,0.8322751322751323,2,"{""nevents"": 272.0, ""ndays_act"": 43.0, ""nchapters"": 9.0}"
HarvardX,4,aligned,0,10263,MCCE,bounded+edit,MCCE_bounded+edit,1,OK,0.0,0.04681396484375,0.8322751322751323,2,"{""nevents"": 272.0, ""ndays_act"": 43.0, ""nchapters"": 9.0}"
HarvardX,4,aligned,0,10336,NICE,native,NICE_native,1,OK,0.0,0.003493070602416992,0.3220338983050847,1,"{""nevents"": 66.0, ""ndays_act"": 21.0, ""nchapters"": 7.0}"
HarvardX,4,aligned,0,10336,NICE,bounded,NICE_bounded,1,OK,0.0,0.003493070602416992,0.3220338983050847,1,"{""nevents"": 66.0, ""ndays_act"": 21.0, ""nchapters"": 7.0}"
HarvardX,4,aligned,0,10336,NICE,bounded+edit,NICE_bounded+edit,1,OK,0.0,0.003493070602416992,0.3220338983050847,1,"{""nevents"": 66.0, ""ndays_act"": 21.0, ""nchapters"": 7.0}"
HarvardX,4,aligned,0,10336,MCCE,native,MCCE_native,1,OK,0.0,0.04096794128417969,0.7589487946417159,3,"{""nevents"": 68.0, ""ndays_act"": 23.0, ""nchapters"": 9.0}"
HarvardX,4,aligned,0,10336,MCCE,bounded,MCCE_bounded,1,OK,0.0,0.04096794128417969,0.7589487946417159,3,"{""nevents"": 68.0, ""ndays_act"": 23.0, ""nchapters"": 9.0}"
HarvardX,4,aligned,0,10336,MCCE,bounded+edit,MCCE_bounded+edit,1,OK,0.0,0.04096794128417969,0.7589487946417159,3,"{""nevents"": 68.0, ""ndays_act"": 23.0, ""nchapters"": 9.0}"
HarvardX,4,aligned,0,10343,NICE,native,NICE_native,0,out_of_bounds:nevents,0.0,0.0035550594329833984,0.21189591078066913,1,"{""nevents"": 77.0, ""ndays_act"": 18.0, ""nchapters"": 11.0}"
HarvardX,4,aligned,0,10343,NICE,bounded,NICE_bounded,0,classifier_target_not_met,0.0,0.0035550594329833984,0.0,0,"{""nevents"": 191.0, ""ndays_act"": 18.0, ""nchapters"": 11.0}"
HarvardX,4,aligned,0,10343,NICE,bounded+edit,NICE_bounded+edit,0,classifier_target_not_met,0.0,0.0035550594329833984,0.0,0,"{""nevents"": 191.0, ""ndays_act"": 18.0, ""nchapters"": 11.0}"
HarvardX,4,aligned,0,10343,MCCE,native,MCCE_native,0,out_of_bounds:nevents,0.0,0.04618573188781738,0.40261087576726895,2,"{""nevents"": 87.0, ""ndays_act"": 27.0, ""nchapters"": 11.0}"
HarvardX,4,aligned,0,10343,MCCE,bounded,MCCE_bounded,1,OK,0.0,0.04618573188781738,0.4157949338635774,2,"{""nevents"": 202.0, ""ndays_act"": 35.0, ""nchapters"": 11.0}"
HarvardX,4,aligned,0,10343,MCCE,bounded+edit,MCCE_bounded+edit,1,OK,0.0,0.04618573188781738,0.4157949338635774,2,"{""nevents"": 202.0, ""ndays_act"": 35.0, ""nchapters"": 11.0}"
HarvardX,4,aligned,0,10370,NICE,native,NICE_native,0,out_of_bounds:nevents,0.0,0.0036940574645996094,0.46916299559471364,1,"{""nevents"": 62.0, ""ndays_act"": 14.0, ""nchapters"": 12.0}"
HarvardX,4,aligned,0,10370,NICE,bounded,NICE_bounded,0,classifier_target_not_met,0.0,0.0036940574645996094,0.0,0,"{""nevents"": 275.0, ""ndays_act"": 14.0, ""nchapters"": 12.0}"
HarvardX,4,aligned,0,10370,NICE,bounded+edit,NICE_bounded+edit,0,classifier_target_not_met,0.0,0.0036940574645996094,0.0,0,"{""nevents"": 275.0, ""ndays_act"": 14.0, ""nchapters"": 12.0}"
HarvardX,4,aligned,0,10370,MCCE,native,MCCE_native,0,out_of_bounds:nevents,0.0,0.026903629302978516,0.48237885462555063,1,"{""nevents"": 56.0, ""ndays_act"": 14.0, ""nchapters"": 12.0}"
HarvardX,4,aligned,0,10370,MCCE,bounded,MCCE_bounded,1,OK,0.0,0.026903629302978516,0.3022776267691442,2,"{""nevents"": 277.0, ""ndays_act"": 28.0, ""nchapters"": 12.0}"
HarvardX,4,aligned,0,10370,MCCE,bounded+edit,MCCE_bounded+edit,1,OK,0.0,0.026903629302978516,0.3022776267691442,2,"{""nevents"": 277.0, ""ndays_act"": 28.0, ""nchapters"": 12.0}"
HarvardX,4,aligned,0,10373,NICE,native,NICE_native,0,out_of_bounds:nevents;out_of_bounds:ndays_act,0.0,0.005869626998901367,0.36768018018018017,3,"{""nevents"": 66.0, ""ndays_act"": 21.0, ""nchapters"": 7.0}"
HarvardX,4,aligned,0,10373,NICE,bounded,NICE_bounded,0,classifier_target_not_met,0.0,0.005869626998901367,0.16666666666666666,1,"{""nevents"": 137.0, ""ndays_act"": 24.0, ""nchapters"": 7.0}"
HarvardX,4,aligned,0,10373,NICE,bounded+edit,NICE_bounded+edit,0,classifier_target_not_met,0.0,0.005869626998901367,0.16666666666666666,1,"{""nevents"": 137.0, ""ndays_act"": 24.0, ""nchapters"": 7.0}"
HarvardX,4,aligned,0,10373,MCCE,native,MCCE_native,0,out_of_bounds:nevents,0.0,0.04807782173156738,1.0304054054054055,2,"{""nevents"": 119.0, ""ndays_act"": 24.0, ""nchapters"": 12.0}"
HarvardX,4,aligned,0,10373,MCCE,bounded,MCCE_bounded,1,OK,0.0,0.04807782173156738,1.1621621621621623,2,"{""nevents"": 137.0, ""ndays_act"": 30.0, ""nchapters"": 12.0}"
HarvardX,4,aligned,0,10373,MCCE,bounded+edit,MCCE_bounded+edit,1,OK,0.0,0.04807782173156738,1.1621621621621623,2,"{""nevents"": 137.0, ""ndays_act"": 30.0, ""nchapters"": 12.0}"
HarvardX,4,aligned,0,10434,NICE,native,NICE_native,1,OK,0.0,0.004772663116455078,0.33542675544794187,2,"{""nevents"": 66.0, ""ndays_act"": 21.0, ""nchapters"": 7.0}"
HarvardX,4,aligned,0,10434,NICE,bounded,NICE_bounded,1,OK,0.0,0.004772663116455078,0.33542675544794187,2,"{""nevents"": 66.0, ""ndays_act"": 21.0, ""nchapters"": 7.0}"
HarvardX,4,aligned,0,10434,NICE,bounded+edit,NICE_bounded+edit,1,OK,0.0,0.004772663116455078,0.33542675544794187,2,"{""nevents"": 66.0, ""ndays_act"": 21.0, ""nchapters"": 7.0}"
HarvardX,4,aligned,0,10434,MCCE,native,MCCE_native,1,OK,0.0,0.11172103881835938,0.7723012510088781,3,"{""nevents"": 68.0, ""ndays_act"": 23.0, ""nchapters"": 9.0}"
HarvardX,4,aligned,0,10434,MCCE,bounded,MCCE_bounded,1,OK,0.0,0.11172103881835938,0.7723012510088781,3,"{""nevents"": 68.0, ""ndays_act"": 23.0, ""nchapters"": 9.0}"
HarvardX,4,aligned,0,10434,MCCE,bounded+edit,MCCE_bounded+edit,1,OK,0.0,0.11172103881835938,0.7723012510088781,3,"{""nevents"": 68.0, ""ndays_act"": 23.0, ""nchapters"": 9.0}"
HarvardX,4,aligned,0,10440,NICE,native,NICE_native,0,out_of_bounds:nevents,0.0,0.004866838455200195,0.25880666080099063,2,"{""nevents"": 22.0, ""ndays_act"": 10.0, ""nchapters"": 12.0}"
HarvardX,4,aligned,0,10440,NICE,bounded,NICE_bounded,0,classifier_target_not_met,0.0,0.004866838455200195,0.03773584905660377,1,"{""nevents"": 150.0, ""ndays_act"": 10.0, ""nchapters"": 12.0}"
HarvardX,4,aligned,0,10440,NICE,bounded+edit,NICE_bounded+edit,0,classifier_target_not_met,0.0,0.004866838455200195,0.03773584905660377,1,"{""nevents"": 150.0, ""ndays_act"": 10.0, ""nchapters"": 12.0}"
HarvardX,4,aligned,0,10440,MCCE,native,MCCE_native,0,out_of_bounds:nevents,0.0,0.02670884132385254,0.24498973506696645,2,"{""nevents"": 30.0, ""ndays_act"": 10.0, ""nchapters"": 12.0}"
HarvardX,4,aligned,0,10440,MCCE,bounded,MCCE_bounded,1,OK,0.0,0.02670884132385254,0.2693322905464855,2,"{""nevents"": 153.0, ""ndays_act"": 22.0, ""nchapters"": 12.0}"
HarvardX,4,aligned,0,10440,MCCE,bounded+edit,MCCE_bounded+edit,1,OK,0.0,0.02670884132385254,0.2693322905464855,2,"{""nevents"": 153.0, ""ndays_act"": 22.0, ""nchapters"": 12.0}"
HarvardX,4,aligned,0,10442,NICE,native,NICE_native,1,OK,0.0,0.004661083221435547,0.16646090534979424,2,"{""nevents"": 12.0, ""ndays_act"": 10.0, ""nchapters"": 12.0}"
HarvardX,4,aligned,0,10442,NICE,bounded,NICE_bounded,1,OK,0.0,0.004661083221435547,0.16646090534979424,2,"{""nevents"": 12.0, ""ndays_act"": 10.0, ""nchapters"": 12.0}"
HarvardX,4,aligned,0,10442,NICE,bounded+edit,NICE_bounded+edit,1,OK,0.0,0.004661083221435547,0.16646090534979424,2,"{""nevents"": 12.0, ""ndays_act"": 10.0, ""nchapters"": 12.0}"
HarvardX,4,aligned,0,10442,MCCE,native,MCCE_native,1,OK,0.0,0.02702164649963379,0.1911522633744856,2,"{""nevents"": 30.0, ""ndays_act"": 10.0, ""nchapters"": 12.0}"
HarvardX,4,aligned,0,10442,MCCE,bounded,MCCE_bounded,1,OK,0.0,0.02702164649963379,0.1911522633744856,2,"{""nevents"": 30.0, ""ndays_act"": 10.0, ""nchapters"": 12.0}"
HarvardX,4,aligned,0,10442,MCCE,bounded+edit,MCCE_bounded+edit,1,OK,0.0,0.02702164649963379,0.1911522633744856,2,"{""nevents"": 30.0, ""ndays_act"": 10.0, ""nchapters"": 12.0}"
HarvardX,4,aligned,0,10457,NICE,native,NICE_native,1,OK,0.0,0.005972623825073242,0.4933319690303216,3,"{""nevents"": 66.0, ""ndays_act"": 21.0, ""nchapters"": 7.0}"
HarvardX,4,aligned,0,10457,NICE,bounded,NICE_bounded,1,OK,0.0,0.005972623825073242,0.4933319690303216,3,"{""nevents"": 66.0, ""ndays_act"": 21.0, ""nchapters"": 7.0}"
HarvardX,4,aligned,0,10457,NICE,bounded+edit,NICE_bounded+edit,1,OK,0.0,0.005972623825073242,0.4933319690303216,3,"{""nevents"": 66.0, ""ndays_act"": 21.0, ""nchapters"": 7.0}"
HarvardX,4,aligned,0,10457,MCCE,native,MCCE_native,1,OK,0.0,0.04149007797241211,1.2586206896551724,2,"{""nevents"": 55.0, ""ndays_act"": 18.0, ""nchapters"": 12.0}"
HarvardX,4,aligned,0,10457,MCCE,bounded,MCCE_bounded,1,OK,0.0,0.04149007797241211,1.2586206896551724,2,"{""nevents"": 55.0, ""ndays_act"": 18.0, ""nchapters"": 12.0}"
HarvardX,4,aligned,0,10457,MCCE,bounded+edit,MCCE_bounded+edit,1,OK,0.0,0.04149007797241211,1.2586206896551724,2,"{""nevents"": 55.0, ""ndays_act"": 18.0, ""nchapters"": 12.0}"
HarvardX,4,aligned,0,10493,NICE,native,NICE_native,0,out_of_bounds:nevents,0.0,0.004693269729614258,0.7653761577930299,2,"{""nevents"": 121.0, ""ndays_act"": 19.0, ""nchapters"": 12.0}"
HarvardX,4,aligned,0,10493,NICE,bounded,NICE_bounded,0,classifier_target_not_met,0.0,0.004693269729614258,0.023255813953488372,1,"{""nevents"": 380.0, ""ndays_act"": 19.0, ""nchapters"": 12.0}"
HarvardX,4,aligned,0,10493,NICE,bounded+edit,NICE_bounded+edit,0,classifier_target_not_met,0.0,0.004693269729614258,0.023255813953488372,1,"{""nevents"": 380.0, ""ndays_act"": 19.0, ""nchapters"": 12.0}"
HarvardX,4,aligned,0,10493,MCCE,native,MCCE_native,0,out_of_bounds:nevents,0.0,0.027416467666625977,0.7513826880788965,2,"{""nevents"": 134.0, ""ndays_act"": 20.0, ""nchapters"": 12.0}"
HarvardX,4,aligned,0,10493,MCCE,bounded,MCCE_bounded,1,OK,0.0,0.027416467666625977,0.4068101552608782,2,"{""nevents"": 384.0, ""ndays_act"": 35.0, ""nchapters"": 12.0}"
HarvardX,4,aligned,0,10493,MCCE,bounded+edit,MCCE_bounded+edit,1,OK,0.0,0.027416467666625977,0.4068101552608782,2,"{""nevents"": 384.0, ""ndays_act"": 35.0, ""nchapters"": 12.0}"
HarvardX,4,aligned,0,10506,NICE,native,NICE_native,0,out_of_bounds:nevents,0.0,0.0048449039459228516,0.24714587737843552,2,"{""nevents"": 22.0, ""ndays_act"": 10.0, ""nchapters"": 12.0}"
HarvardX,4,aligned,0,10506,NICE,bounded,NICE_bounded,0,classifier_target_not_met,0.0,0.0048449039459228516,0.07272727272727272,1,"{""nevents"": 127.0, ""ndays_act"": 10.0, ""nchapters"": 12.0}"
HarvardX,4,aligned,0,10506,NICE,bounded+edit,NICE_bounded+edit,0,classifier_target_not_met,0.0,0.0048449039459228516,0.07272727272727272,1,"{""nevents"": 127.0, ""ndays_act"": 10.0, ""nchapters"": 12.0}"
HarvardX,4,aligned,0,10506,MCCE,native,MCCE_native,1,OK,0.0,0.02767634391784668,0.2727272727272727,1,"{""nevents"": 127.0, ""ndays_act"": 21.0, ""nchapters"": 12.0}"
HarvardX,4,aligned,0,10506,MCCE,bounded,MCCE_bounded,1,OK,0.0,0.02767634391784668,0.2727272727272727,1,"{""nevents"": 127.0, ""ndays_act"": 21.0, ""nchapters"": 12.0}"
HarvardX,4,aligned,0,10506,MCCE,bounded+edit,MCCE_bounded+edit,1,OK,0.0,0.02767634391784668,0.2727272727272727,1,"{""nevents"": 127.0, ""ndays_act"": 21.0, ""nchapters"": 12.0}"
HarvardX,4,aligned,0,10516,NICE,native,NICE_native,0,out_of_bounds:nevents,0.0,0.005129814147949219,0.16702961672473868,2,"{""nevents"": 22.0, ""ndays_act"": 10.0, ""nchapters"": 12.0}"
HarvardX,4,aligned,0,10516,NICE,bounded,NICE_bounded,0,classifier_target_not_met,0.0,0.005129814147949219,0.08928571428571429,1,"{""nevents"": 73.0, ""ndays_act"": 10.0, ""nchapters"": 12.0}"
HarvardX,4,aligned,0,10516,NICE,bounded+edit,NICE_bounded+edit,0,classifier_target_not_met,0.0,0.005129814147949219,0.08928571428571429,1,"{""nevents"": 73.0, ""ndays_act"": 10.0, ""nchapters"": 12.0}"
HarvardX,4,aligned,0,10516,MCCE,native,MCCE_native,1,OK,0.0,0.02761983871459961,0.26785714285714285,1,"{""nevents"": 73.0, ""ndays_act"": 20.0, ""nchapters"": 12.0}"
HarvardX,4,aligned,0,10516,MCCE,bounded,MCCE_bounded,1,OK,0.0,0.02761983871459961,0.26785714285714285,1,"{""nevents"": 73.0, ""ndays_act"": 20.0, ""nchapters"": 12.0}"
HarvardX,4,aligned,0,10516,MCCE,bounded+edit,MCCE_bounded+edit,1,OK,0.0,0.02761983871459961,0.26785714285714285,1,"{""nevents"": 73.0, ""ndays_act"": 20.0, ""nchapters"": 12.0}"
HarvardX,4,aligned,0,10518,NICE,native,NICE_native,0,out_of_bounds:nevents,0.0,0.0059337615966796875,0.44000892060660124,3,"{""nevents"": 25.0, ""ndays_act"": 10.0, ""nchapters"": 9.0}"
HarvardX,4,aligned,0,10518,NICE,bounded,NICE_bounded,0,classifier_target_not_met,0.0,0.0059337615966796875,0.35526315789473684,2,"{""nevents"": 80.0, ""ndays_act"": 10.0, ""nchapters"": 9.0}"
HarvardX,4,aligned,0,10518,NICE,bounded+edit,NICE_bounded+edit,0,classifier_target_not_met,0.0,0.0059337615966796875,0.35526315789473684,2,"{""nevents"": 80.0, ""ndays_act"": 10.0, ""nchapters"": 9.0}"
HarvardX,4,aligned,0,10518,MCCE,native,MCCE_native,0,out_of_bounds:nevents,0.0,0.040205955505371094,0.6018233179250128,3,"{""nevents"": 68.0, ""ndays_act"": 23.0, ""nchapters"": 9.0}"
HarvardX,4,aligned,0,10518,MCCE,bounded,MCCE_bounded,1,OK,0.0,0.040205955505371094,0.6572932717000514,3,"{""nevents"": 128.0, ""ndays_act"": 23.0, ""nchapters"": 9.0}"
HarvardX,4,aligned,0,10518,MCCE,bounded+edit,MCCE_bounded+edit,1,OK,0.0,0.040205955505371094,0.6572932717000514,3,"{""nevents"": 128.0, ""ndays_act"": 23.0, ""nchapters"": 9.0}"
HarvardX,4,aligned,0,10544,NICE,native,NICE_native,0,out_of_bounds:nevents,0.0,0.0035169124603271484,1.0,1,"{""nevents"": 119.0, ""ndays_act"": 26.0, ""nchapters"": 11.0}"
HarvardX,4,aligned,0,10544,NICE,bounded,NICE_bounded,0,classifier_target_not_met,0.0,0.0035169124603271484,0.0,0,"{""nevents"": 424.0, ""ndays_act"": 26.0, ""nchapters"": 11.0}"
HarvardX,4,aligned,0,10544,NICE,bounded+edit,NICE_bounded+edit,0,classifier_target_not_met,0.0,0.0035169124603271484,0.0,0,"{""nevents"": 424.0, ""ndays_act"": 26.0, ""nchapters"": 11.0}"
HarvardX,4,aligned,0,10544,MCCE,native,MCCE_native,0,out_of_bounds:nevents,0.0,0.03985857963562012,1.1334894613583137,2,"{""nevents"": 87.0, ""ndays_act"": 27.0, ""nchapters"": 11.0}"
HarvardX,4,aligned,0,10544,MCCE,bounded,MCCE_bounded,1,OK,0.0,0.03985857963562012,1.5522248243559718,2,"{""nevents"": 697.0, ""ndays_act"": 49.0, ""nchapters"": 11.0}"
HarvardX,4,aligned,0,10544,MCCE,bounded+edit,MCCE_bounded+edit,1,OK,0.0,0.03985857963562012,1.5522248243559718,2,"{""nevents"": 697.0, ""ndays_act"": 49.0, ""nchapters"": 11.0}"
HarvardX,4,aligned,0,10549,NICE,native,NICE_native,1,OK,0.0,0.0058248043060302734,0.5688202247191011,3,"{""nevents"": 66.0, ""ndays_act"": 21.0, ""nchapters"": 7.0}"
HarvardX,4,aligned,0,10549,NICE,bounded,NICE_bounded,1,OK,0.0,0.0058248043060302734,0.5688202247191011,3,"{""nevents"": 66.0, ""ndays_act"": 21.0, ""nchapters"": 7.0}"
HarvardX,4,aligned,0,10549,NICE,bounded+edit,NICE_bounded+edit,1,OK,0.0,0.0058248043060302734,0.5688202247191011,3,"{""nevents"": 66.0, ""ndays_act"": 21.0, ""nchapters"": 7.0}"
HarvardX,4,aligned,0,10549,MCCE,native,MCCE_native,1,OK,0.0,0.04136061668395996,0.9382958801498127,3,"{""nevents"": 68.0, ""ndays_act"": 23.0, ""nchapters"": 9.0}"
HarvardX,4,aligned,0,10549,MCCE,bounded,MCCE_bounded,1,OK,0.0,0.04136061668395996,0.9382958801498127,3,"{""nevents"": 68.0, ""ndays_act"": 23.0, ""nchapters"": 9.0}"
HarvardX,4,aligned,0,10549,MCCE,bounded+edit,MCCE_bounded+edit,1,OK,0.0,0.04136061668395996,0.9382958801498127,3,"{""nevents"": 68.0, ""ndays_act"": 23.0, ""nchapters"": 9.0}"
HarvardX,4,aligned,0,10566,NICE,native,NICE_native,0,out_of_bounds:nevents,0.0,0.003734111785888672,0.1696113074204947,1,"{""nevents"": 67.0, ""ndays_act"": 15.0, ""nchapters"": 12.0}"
HarvardX,4,aligned,0,10566,NICE,bounded,NICE_bounded,0,classifier_target_not_met,0.0,0.003734111785888672,0.0,0,"{""nevents"": 163.0, ""ndays_act"": 15.0, ""nchapters"": 12.0}"
HarvardX,4,aligned,0,10566,NICE,bounded+edit,NICE_bounded+edit,0,classifier_target_not_met,0.0,0.003734111785888672,0.0,0,"{""nevents"": 163.0, ""ndays_act"": 15.0, ""nchapters"": 12.0}"
HarvardX,4,aligned,0,10566,MCCE,native,MCCE_native,0,out_of_bounds:nevents,0.0,0.02669548988342285,0.17491166077738515,1,"{""nevents"": 64.0, ""ndays_act"": 15.0, ""nchapters"": 12.0}"
HarvardX,4,aligned,0,10566,MCCE,bounded,MCCE_bounded,1,OK,0.0,0.02669548988342285,0.1956521739130435,1,"{""nevents"": 163.0, ""ndays_act"": 24.0, ""nchapters"": 12.0}"
HarvardX,4,aligned,0,10566,MCCE,bounded+edit,MCCE_bounded+edit,1,OK,0.0,0.02669548988342285,0.1956521739130435,1,"{""nevents"": 163.0, ""ndays_act"": 24.0, ""nchapters"": 12.0}"
HarvardX,4,aligned,0,10593,NICE,native,NICE_native,0,out_of_bounds:nevents,0.0,0.003559112548828125,1.2282608695652173,1,"{""nevents"": 114.0, ""ndays_act"": 22.0, ""nchapters"": 9.0}"
HarvardX,4,aligned,0,10593,NICE,bounded,NICE_bounded,0,classifier_target_not_met,0.0,0.003559112548828125,0.0,0,"{""nevents"": 453.0, ""ndays_act"": 22.0, ""nchapters"": 9.0}"
HarvardX,4,aligned,0,10593,NICE,bounded+edit,NICE_bounded+edit,0,classifier_target_not_met,0.0,0.003559112548828125,0.0,0,"{""nevents"": 453.0, ""ndays_act"": 22.0, ""nchapters"": 9.0}"
HarvardX,4,aligned,0,10593,MCCE,native,MCCE_native,0,out_of_bounds:nevents,0.0,0.042302846908569336,1.2031772575250834,2,"{""nevents"": 128.0, ""ndays_act"": 23.0, ""nchapters"": 9.0}"
HarvardX,4,aligned,0,10593,MCCE,bounded,MCCE_bounded,1,OK,0.0,0.042302846908569336,1.0030657748049052,3,"{""nevents"": 468.0, ""ndays_act"": 46.0, ""nchapters"": 10.0}"
HarvardX,4,aligned,0,10593,MCCE,bounded+edit,MCCE_bounded+edit,1,OK,0.0,0.042302846908569336,1.0030657748049052,3,"{""nevents"": 468.0, ""ndays_act"": 46.0, ""nchapters"": 10.0}"
HarvardX,4,aligned,0,10654,NICE,native,NICE_native,1,OK,0.0,0.0061948299407958984,0.540520984081042,3,"{""nevents"": 66.0, ""ndays_act"": 21.0, ""nchapters"": 7.0}"
HarvardX,4,aligned,0,10654,NICE,bounded,NICE_bounded,1,OK,0.0,0.0061948299407958984,0.540520984081042,3,"{""nevents"": 66.0, ""ndays_act"": 21.0, ""nchapters"": 7.0}"
HarvardX,4,aligned,0,10654,NICE,bounded+edit,NICE_bounded+edit,1,OK,0.0,0.0061948299407958984,0.540520984081042,3,"{""nevents"": 66.0, ""ndays_act"": 21.0, ""nchapters"": 7.0}"
HarvardX,4,aligned,0,10654,MCCE,native,MCCE_native,1,OK,0.0,0.0411379337310791,0.9100820067534974,3,"{""nevents"": 68.0, ""ndays_act"": 23.0, ""nchapters"": 9.0}"
HarvardX,4,aligned,0,10654,MCCE,bounded,MCCE_bounded,1,OK,0.0,0.0411379337310791,0.9100820067534974,3,"{""nevents"": 68.0, ""ndays_act"": 23.0, ""nchapters"": 9.0}"
HarvardX,4,aligned,0,10654,MCCE,bounded+edit,MCCE_bounded+edit,1,OK,0.0,0.0411379337310791,0.9100820067534974,3,"{""nevents"": 68.0, ""ndays_act"": 23.0, ""nchapters"": 9.0}"
HarvardX,4,aligned,0,10676,NICE,native,NICE_native,0,out_of_bounds:nevents,0.0,0.00585174560546875,0.474609942823917,3,"{""nevents"": 66.0, ""ndays_act"": 21.0, ""nchapters"": 7.0}"
HarvardX,4,aligned,0,10676,NICE,bounded,NICE_bounded,0,classifier_target_not_met,0.0,0.00585174560546875,0.38235294117647056,2,"{""nevents"": 122.0, ""ndays_act"": 21.0, ""nchapters"": 7.0}"
HarvardX,4,aligned,0,10676,NICE,bounded+edit,NICE_bounded+edit,0,classifier_target_not_met,0.0,0.00585174560546875,0.38235294117647056,2,"{""nevents"": 122.0, ""ndays_act"": 21.0, ""nchapters"": 7.0}"
HarvardX,4,aligned,0,10676,MCCE,native,MCCE_native,1,OK,0.0,0.041272878646850586,0.7647866395322545,3,"{""nevents"": 128.0, ""ndays_act"": 23.0, ""nchapters"": 9.0}"
HarvardX,4,aligned,0,10676,MCCE,bounded,MCCE_bounded,1,OK,0.0,0.041272878646850586,0.7647866395322545,3,"{""nevents"": 128.0, ""ndays_act"": 23.0, ""nchapters"": 9.0}"
HarvardX,4,aligned,0,10676,MCCE,bounded+edit,MCCE_bounded+edit,1,OK,0.0,0.041272878646850586,0.7647866395322545,3,"{""nevents"": 128.0, ""ndays_act"": 23.0, ""nchapters"": 9.0}"
HarvardX,4,aligned,0,10709,NICE,native,NICE_native,0,out_of_bounds:nevents,0.0,0.003481149673461914,0.3466666666666667,1,"{""nevents"": 22.0, ""ndays_act"": 10.0, ""nchapters"": 12.0}"
HarvardX,4,aligned,0,10709,NICE,bounded,NICE_bounded,0,classifier_target_not_met,0.0,0.003481149673461914,0.0,0,"{""nevents"": 204.0, ""ndays_act"": 10.0, ""nchapters"": 12.0}"
HarvardX,4,aligned,0,10709,NICE,bounded+edit,NICE_bounded+edit,0,classifier_target_not_met,0.0,0.003481149673461914,0.0,0,"{""nevents"": 204.0, ""ndays_act"": 10.0, ""nchapters"": 12.0}"
HarvardX,4,aligned,0,10709,MCCE,native,MCCE_native,0,out_of_bounds:nevents,0.0,0.025749921798706055,0.3314285714285714,1,"{""nevents"": 30.0, ""ndays_act"": 10.0, ""nchapters"": 12.0}"
HarvardX,4,aligned,0,10709,MCCE,bounded,MCCE_bounded,1,OK,0.0,0.025749921798706055,0.32212885154061627,2,"{""nevents"": 229.0, ""ndays_act"": 24.0, ""nchapters"": 12.0}"
HarvardX,4,aligned,0,10709,MCCE,bounded+edit,MCCE_bounded+edit,1,OK,0.0,0.025749921798706055,0.32212885154061627,2,"{""nevents"": 229.0, ""ndays_act"": 24.0, ""nchapters"": 12.0}"
HarvardX,4,aligned,0,10735,NICE,native,NICE_native,0,out_of_bounds:nevents,0.0,0.0058481693267822266,0.4782207097715119,3,"{""nevents"": 66.0, ""ndays_act"": 21.0, ""nchapters"": 7.0}"
HarvardX,4,aligned,0,10735,NICE,bounded,NICE_bounded,0,classifier_target_not_met,0.0,0.0058481693267822266,0.38235294117647056,2,"{""nevents"": 124.0, ""ndays_act"": 21.0, ""nchapters"": 7.0}"
HarvardX,4,aligned,0,10735,NICE,bounded+edit,NICE_bounded+edit,0,classifier_target_not_met,0.0,0.0058481693267822266,0.38235294117647056,2,"{""nevents"": 124.0, ""ndays_act"": 21.0, ""nchapters"": 7.0}"
HarvardX,4,aligned,0,10735,MCCE,native,MCCE_native,1,OK,0.0,0.040452003479003906,0.7615135310322476,3,"{""nevents"": 128.0, ""ndays_act"": 23.0, ""nchapters"": 9.0}"
HarvardX,4,aligned,0,10735,MCCE,bounded,MCCE_bounded,1,OK,0.0,0.040452003479003906,0.7615135310322476,3,"{""nevents"": 128.0, ""ndays_act"": 23.0, ""nchapters"": 9.0}"
HarvardX,4,aligned,0,10735,MCCE,bounded+edit,MCCE_bounded+edit,1,OK,0.0,0.040452003479003906,0.7615135310322476,3,"{""nevents"": 128.0, ""ndays_act"": 23.0, ""nchapters"": 9.0}"
HarvardX,4,aligned,0,10741,NICE,native,NICE_native,0,out_of_bounds:nevents,0.0,0.006052494049072266,0.9406028368794326,3,"{""nevents"": 66.0, ""ndays_act"": 21.0, ""nchapters"": 7.0}"
HarvardX,4,aligned,0,10741,NICE,bounded,NICE_bounded,0,classifier_target_not_met,0.0,0.006052494049072266,0.3156028368794326,2,"{""nevents"": 321.0, ""ndays_act"": 21.0, ""nchapters"": 7.0}"
HarvardX,4,aligned,0,10741,NICE,bounded+edit,NICE_bounded+edit,0,classifier_target_not_met,0.0,0.006052494049072266,0.3156028368794326,2,"{""nevents"": 321.0, ""ndays_act"": 21.0, ""nchapters"": 7.0}"
HarvardX,4,aligned,0,10741,MCCE,native,MCCE_native,0,out_of_bounds:nevents,0.0,0.04152631759643555,1.3651960784313726,2,"{""nevents"": 36.0, ""ndays_act"": 14.0, ""nchapters"": 10.0}"
HarvardX,4,aligned,0,10741,MCCE,bounded,MCCE_bounded,1,OK,0.0,0.04152631759643555,1.3728097622027535,3,"{""nevents"": 340.0, ""ndays_act"": 45.0, ""nchapters"": 10.0}"
HarvardX,4,aligned,0,10741,MCCE,bounded+edit,MCCE_bounded+edit,1,OK,0.0,0.04152631759643555,1.3728097622027535,3,"{""nevents"": 340.0, ""ndays_act"": 45.0, ""nchapters"": 10.0}"
HarvardX,4,aligned,0,10745,NICE,native,NICE_native,0,out_of_bounds:nevents,0.0,0.005826711654663086,0.4584199584199584,3,"{""nevents"": 25.0, ""ndays_act"": 10.0, ""nchapters"": 9.0}"
HarvardX,4,aligned,0,10745,NICE,bounded,NICE_bounded,0,classifier_target_not_met,0.0,0.005826711654663086,0.2692307692307692,2,"{""nevents"": 137.0, ""ndays_act"": 10.0, ""nchapters"": 9.0}"
HarvardX,4,aligned,0,10745,NICE,bounded+edit,NICE_bounded+edit,0,classifier_target_not_met,0.0,0.005826711654663086,0.2692307692307692,2,"{""nevents"": 137.0, ""ndays_act"": 10.0, ""nchapters"": 9.0}"
HarvardX,4,aligned,0,10745,MCCE,native,MCCE_native,1,OK,0.0,0.04170036315917969,1.4038461538461537,2,"{""nevents"": 137.0, ""ndays_act"": 30.0, ""nchapters"": 12.0}"
HarvardX,4,aligned,0,10745,MCCE,bounded,MCCE_bounded,1,OK,0.0,0.04170036315917969,1.4038461538461537,2,"{""nevents"": 137.0, ""ndays_act"": 30.0, ""nchapters"": 12.0}"
HarvardX,4,aligned,0,10745,MCCE,bounded+edit,MCCE_bounded+edit,1,OK,0.0,0.04170036315917969,1.4038461538461537,2,"{""nevents"": 137.0, ""ndays_act"": 30.0, ""nchapters"": 12.0}"
HarvardX,4,aligned,0,10770,NICE,native,NICE_native,0,out_of_bounds:nevents,0.0,0.00508570671081543,0.453844049247606,2,"{""nevents"": 121.0, ""ndays_act"": 19.0, ""nchapters"": 12.0}"
HarvardX,4,aligned,0,10770,NICE,bounded,NICE_bounded,0,classifier_target_not_met,0.0,0.00508570671081543,0.023255813953488372,1,"{""nevents"": 304.0, ""ndays_act"": 19.0, ""nchapters"": 12.0}"
HarvardX,4,aligned,0,10770,NICE,bounded+edit,NICE_bounded+edit,0,classifier_target_not_met,0.0,0.00508570671081543,0.023255813953488372,1,"{""nevents"": 304.0, ""ndays_act"": 19.0, ""nchapters"": 12.0}"
HarvardX,4,aligned,0,10770,MCCE,native,MCCE_native,0,out_of_bounds:nevents,0.0,0.026969432830810547,0.44651162790697674,2,"{""nevents"": 134.0, ""ndays_act"": 20.0, ""nchapters"": 12.0}"
HarvardX,4,aligned,0,10770,MCCE,bounded,MCCE_bounded,1,OK,0.0,0.026969432830810547,0.32585499316005473,2,"{""nevents"": 314.0, ""ndays_act"": 31.0, ""nchapters"": 12.0}"
HarvardX,4,aligned,0,10770,MCCE,bounded+edit,MCCE_bounded+edit,1,OK,0.0,0.026969432830810547,0.32585499316005473,2,"{""nevents"": 314.0, ""ndays_act"": 31.0, ""nchapters"": 12.0}"
HarvardX,4,aligned,0,10778,NICE,native,NICE_native,0,out_of_bounds:nevents,0.0,0.004797935485839844,0.22283763277693475,2,"{""nevents"": 22.0, ""ndays_act"": 10.0, ""nchapters"": 12.0}"
HarvardX,4,aligned,0,10778,NICE,bounded,NICE_bounded,0,classifier_target_not_met,0.0,0.004797935485839844,0.15,1,"{""nevents"": 70.0, ""ndays_act"": 10.0, ""nchapters"": 12.0}"
HarvardX,4,aligned,0,10778,NICE,bounded+edit,NICE_bounded+edit,0,classifier_target_not_met,0.0,0.004797935485839844,0.15,1,"{""nevents"": 70.0, ""ndays_act"": 10.0, ""nchapters"": 12.0}"
HarvardX,4,aligned,0,10778,MCCE,native,MCCE_native,0,out_of_bounds:nevents,0.0,0.026449918746948242,0.2106980273141123,2,"{""nevents"": 30.0, ""ndays_act"": 10.0, ""nchapters"": 12.0}"
HarvardX,4,aligned,0,10778,MCCE,bounded,MCCE_bounded,1,OK,0.0,0.026449918746948242,0.3409711684370258,2,"{""nevents"": 97.0, ""ndays_act"": 19.0, ""nchapters"": 12.0}"
HarvardX,4,aligned,0,10778,MCCE,bounded+edit,MCCE_bounded+edit,1,OK,0.0,0.026449918746948242,0.3409711684370258,2,"{""nevents"": 97.0, ""ndays_act"": 19.0, ""nchapters"": 12.0}"
HarvardX,4,aligned,0,10805,NICE,native,NICE_native,0,out_of_bounds:nevents,0.0,0.0050258636474609375,0.22570689798982402,2,"{""nevents"": 22.0, ""ndays_act"": 10.0, ""nchapters"": 12.0}"
HarvardX,4,aligned,0,10805,NICE,bounded,NICE_bounded,0,classifier_target_not_met,0.0,0.0050258636474609375,0.10526315789473684,1,"{""nevents"": 98.0, ""ndays_act"": 10.0, ""nchapters"": 12.0}"
HarvardX,4,aligned,0,10805,NICE,bounded+edit,NICE_bounded+edit,0,classifier_target_not_met,0.0,0.0050258636474609375,0.10526315789473684,1,"{""nevents"": 98.0, ""ndays_act"": 10.0, ""nchapters"": 12.0}"
HarvardX,4,aligned,0,10805,MCCE,native,MCCE_native,0,out_of_bounds:nevents,0.0,0.026643037796020508,0.21302860955876218,2,"{""nevents"": 30.0, ""ndays_act"": 10.0, ""nchapters"": 12.0}"
HarvardX,4,aligned,0,10805,MCCE,bounded,MCCE_bounded,1,OK,0.0,0.026643037796020508,0.26632746684460756,2,"{""nevents"": 100.0, ""ndays_act"": 19.0, ""nchapters"": 12.0}"
HarvardX,4,aligned,0,10805,MCCE,bounded+edit,MCCE_bounded+edit,1,OK,0.0,0.026643037796020508,0.26632746684460756,2,"{""nevents"": 100.0, ""ndays_act"": 19.0, ""nchapters"": 12.0}"
HarvardX,4,aligned,0,10821,NICE,native,NICE_native,0,out_of_bounds:nevents,0.0,0.004846334457397461,0.1107036374478235,2,"{""nevents"": 25.0, ""ndays_act"": 10.0, ""nchapters"": 9.0}"
HarvardX,4,aligned,0,10821,NICE,bounded,NICE_bounded,0,classifier_target_not_met,0.0,0.004846334457397461,0.019230769230769232,1,"{""nevents"": 84.0, ""ndays_act"": 10.0, ""nchapters"": 9.0}"
HarvardX,4,aligned,0,10821,NICE,bounded+edit,NICE_bounded+edit,0,classifier_target_not_met,0.0,0.004846334457397461,0.019230769230769232,1,"{""nevents"": 84.0, ""ndays_act"": 10.0, ""nchapters"": 9.0}"
HarvardX,4,aligned,0,10821,MCCE,native,MCCE_native,0,out_of_bounds:nevents,0.0,0.04007911682128906,0.2940369707811568,2,"{""nevents"": 68.0, ""ndays_act"": 23.0, ""nchapters"": 9.0}"
HarvardX,4,aligned,0,10821,MCCE,bounded,MCCE_bounded,1,OK,0.0,0.04007911682128906,0.3374478234943351,2,"{""nevents"": 128.0, ""ndays_act"": 23.0, ""nchapters"": 9.0}"
HarvardX,4,aligned,0,10821,MCCE,bounded+edit,MCCE_bounded+edit,1,OK,0.0,0.04007911682128906,0.3374478234943351,2,"{""nevents"": 128.0, ""ndays_act"": 23.0, ""nchapters"": 9.0}"
HarvardX,4,aligned,0,10830,NICE,native,NICE_native,0,out_of_bounds:nevents,0.0,0.004701137542724609,0.17612481857764875,2,"{""nevents"": 22.0, ""ndays_act"": 10.0, ""nchapters"": 12.0}"
HarvardX,4,aligned,0,10830,NICE,bounded,NICE_bounded,0,classifier_target_not_met,0.0,0.004701137542724609,0.15,1,"{""nevents"": 40.0, ""ndays_act"": 10.0, ""nchapters"": 12.0}"
HarvardX,4,aligned,0,10830,NICE,bounded+edit,NICE_bounded+edit,0,classifier_target_not_met,0.0,0.004701137542724609,0.15,1,"{""nevents"": 40.0, ""ndays_act"": 10.0, ""nchapters"": 12.0}"
HarvardX,4,aligned,0,10830,MCCE,native,MCCE_native,0,out_of_bounds:nevents,0.0,0.026269197463989258,0.16451378809869374,2,"{""nevents"": 30.0, ""ndays_act"": 10.0, ""nchapters"": 12.0}"
HarvardX,4,aligned,0,10830,MCCE,bounded,MCCE_bounded,1,OK,0.0,0.026269197463989258,0.17392356071601353,2,"{""nevents"": 45.0, ""ndays_act"": 11.0, ""nchapters"": 12.0}"
HarvardX,4,aligned,0,10830,MCCE,bounded+edit,MCCE_bounded+edit,1,OK,0.0,0.026269197463989258,0.17392356071601353,2,"{""nevents"": 45.0, ""ndays_act"": 11.0, ""nchapters"": 12.0}"
HarvardX,4,aligned,0,10836,NICE,native,NICE_native,0,out_of_bounds:nevents,0.0,0.0035555362701416016,0.5781990521327014,1,"{""nevents"": 63.0, ""ndays_act"": 13.0, ""nchapters"": 12.0}"
HarvardX,4,aligned,0,10836,NICE,bounded,NICE_bounded,0,classifier_target_not_met,0.0,0.0035555362701416016,0.0,0,"{""nevents"": 307.0, ""ndays_act"": 13.0, ""nchapters"": 12.0}"
HarvardX,4,aligned,0,10836,NICE,bounded+edit,NICE_bounded+edit,0,classifier_target_not_met,0.0,0.0035555362701416016,0.0,0,"{""nevents"": 307.0, ""ndays_act"": 13.0, ""nchapters"": 12.0}"
HarvardX,4,aligned,0,10836,MCCE,native,MCCE_native,0,out_of_bounds:nevents,0.0,0.026821613311767578,0.6492890995260664,1,"{""nevents"": 33.0, ""ndays_act"": 13.0, ""nchapters"": 12.0}"
HarvardX,4,aligned,0,10836,MCCE,bounded,MCCE_bounded,1,OK,0.0,0.026821613311767578,0.3915876777251185,2,"{""nevents"": 314.0, ""ndays_act"": 31.0, ""nchapters"": 12.0}"
HarvardX,4,aligned,0,10836,MCCE,bounded+edit,MCCE_bounded+edit,1,OK,0.0,0.026821613311767578,0.3915876777251185,2,"{""nevents"": 314.0, ""ndays_act"": 31.0, ""nchapters"": 12.0}"
HarvardX,4,aligned,0,10837,NICE,native,NICE_native,0,out_of_bounds:nevents,0.0,0.004863262176513672,0.4022094926350246,2,"{""nevents"": 25.0, ""ndays_act"": 10.0, ""nchapters"": 9.0}"
HarvardX,4,aligned,0,10837,NICE,bounded,NICE_bounded,0,classifier_target_not_met,0.0,0.004863262176513672,0.25,1,"{""nevents"": 118.0, ""ndays_act"": 10.0, ""nchapters"": 9.0}"
HarvardX,4,aligned,0,10837,NICE,bounded+edit,NICE_bounded+edit,0,classifier_target_not_met,0.0,0.004863262176513672,0.25,1,"{""nevents"": 118.0, ""ndays_act"": 10.0, ""nchapters"": 9.0}"
HarvardX,4,aligned,0,10837,MCCE,native,MCCE_native,1,OK,0.0,0.04068422317504883,0.5212685728956067,3,"{""nevents"": 128.0, ""ndays_act"": 23.0, ""nchapters"": 9.0}"
HarvardX,4,aligned,0,10837,MCCE,bounded,MCCE_bounded,1,OK,0.0,0.04068422317504883,0.5212685728956067,3,"{""nevents"": 128.0, ""ndays_act"": 23.0, ""nchapters"": 9.0}"
HarvardX,4,aligned,0,10837,MCCE,bounded+edit,MCCE_bounded+edit,1,OK,0.0,0.04068422317504883,0.5212685728956067,3,"{""nevents"": 128.0, ""ndays_act"": 23.0, ""nchapters"": 9.0}"
HarvardX,4,aligned,0,10843,NICE,native,NICE_native,0,out_of_bounds:nevents,0.0,0.004680156707763672,0.20077840552416823,2,"{""nevents"": 10.0, ""ndays_act"": 10.0, ""nchapters"": 10.0}"
HarvardX,4,aligned,0,10843,NICE,bounded,NICE_bounded,0,classifier_target_not_met,0.0,0.004680156707763672,0.13559322033898305,1,"{""nevents"": 54.0, ""ndays_act"": 10.0, ""nchapters"": 10.0}"
HarvardX,4,aligned,0,10843,NICE,bounded+edit,NICE_bounded+edit,0,classifier_target_not_met,0.0,0.004680156707763672,0.13559322033898305,1,"{""nevents"": 54.0, ""ndays_act"": 10.0, ""nchapters"": 10.0}"
HarvardX,4,aligned,0,10843,MCCE,native,MCCE_native,0,out_of_bounds:nevents,0.0,0.040679216384887695,0.23005649717514126,2,"{""nevents"": 36.0, ""ndays_act"": 14.0, ""nchapters"": 10.0}"
HarvardX,4,aligned,0,10843,MCCE,bounded,MCCE_bounded,1,OK,0.0,0.040679216384887695,0.5846829880728186,2,"{""nevents"": 94.0, ""ndays_act"": 33.0, ""nchapters"": 10.0}"
HarvardX,4,aligned,0,10843,MCCE,bounded+edit,MCCE_bounded+edit,1,OK,0.0,0.040679216384887695,0.5846829880728186,2,"{""nevents"": 94.0, ""ndays_act"": 33.0, ""nchapters"": 10.0}"
HarvardX,4,aligned,0,10859,NICE,native,NICE_native,0,out_of_bounds:nevents,0.0,0.004723310470581055,0.19963503649635037,2,"{""nevents"": 10.0, ""ndays_act"": 10.0, ""nchapters"": 10.0}"
HarvardX,4,aligned,0,10859,NICE,bounded,NICE_bounded,0,classifier_target_not_met,0.0,0.004723310470581055,0.15,1,"{""nevents"": 44.0, ""ndays_act"": 10.0, ""nchapters"": 10.0}"
HarvardX,4,aligned,0,10859,NICE,bounded+edit,NICE_bounded+edit,0,classifier_target_not_met,0.0,0.004723310470581055,0.15,1,"{""nevents"": 44.0, ""ndays_act"": 10.0, ""nchapters"": 10.0}"
HarvardX,4,aligned,0,10859,MCCE,native,MCCE_native,0,out_of_bounds:nevents,0.0,0.04024457931518555,0.228345498783455,2,"{""nevents"": 36.0, ""ndays_act"": 14.0, ""nchapters"": 10.0}"
HarvardX,4,aligned,0,10859,MCCE,bounded,MCCE_bounded,1,OK,0.0,0.04024457931518555,0.6063260340632604,2,"{""nevents"": 94.0, ""ndays_act"": 33.0, ""nchapters"": 10.0}"
HarvardX,4,aligned,0,10859,MCCE,bounded+edit,MCCE_bounded+edit,1,OK,0.0,0.04024457931518555,0.6063260340632604,2,"{""nevents"": 94.0, ""ndays_act"": 33.0, ""nchapters"": 10.0}"
HarvardX,4,aligned,0,10903,NICE,native,NICE_native,0,out_of_bounds:nevents,0.0,0.0048868656158447266,0.3325669868900019,2,"{""nevents"": 66.0, ""ndays_act"": 21.0, ""nchapters"": 7.0}"
HarvardX,4,aligned,0,10903,NICE,bounded,NICE_bounded,0,classifier_target_not_met,0.0,0.0048868656158447266,0.2982456140350877,1,"{""nevents"": 88.0, ""ndays_act"": 21.0, ""nchapters"": 7.0}"
HarvardX,4,aligned,0,10903,NICE,bounded+edit,NICE_bounded+edit,0,classifier_target_not_met,0.0,0.0048868656158447266,0.2982456140350877,1,"{""nevents"": 88.0, ""ndays_act"": 21.0, ""nchapters"": 7.0}"
HarvardX,4,aligned,0,10903,MCCE,native,MCCE_native,1,OK,0.0,0.04146528244018555,1.368421052631579,2,"{""nevents"": 88.0, ""ndays_act"": 25.0, ""nchapters"": 12.0}"
HarvardX,4,aligned,0,10903,MCCE,bounded,MCCE_bounded,1,OK,0.0,0.04146528244018555,1.368421052631579,2,"{""nevents"": 88.0, ""ndays_act"": 25.0, ""nchapters"": 12.0}"
HarvardX,4,aligned,0,10903,MCCE,bounded+edit,MCCE_bounded+edit,1,OK,0.0,0.04146528244018555,1.368421052631579,2,"{""nevents"": 88.0, ""ndays_act"": 25.0, ""nchapters"": 12.0}"
HarvardX,4,aligned,0,10939,NICE,native,NICE_native,1,OK,0.0,0.004800081253051758,0.18039533157930243,2,"{""nevents"": 12.0, ""ndays_act"": 10.0, ""nchapters"": 12.0}"
HarvardX,4,aligned,0,10939,NICE,bounded,NICE_bounded,1,OK,0.0,0.004800081253051758,0.18039533157930243,2,"{""nevents"": 12.0, ""ndays_act"": 10.0, ""nchapters"": 12.0}"
HarvardX,4,aligned,0,10939,NICE,bounded+edit,NICE_bounded+edit,1,OK,0.0,0.004800081253051758,0.18039533157930243,2,"{""nevents"": 12.0, ""ndays_act"": 10.0, ""nchapters"": 12.0}"
HarvardX,4,aligned,0,10939,MCCE,native,MCCE_native,1,OK,0.0,0.027264118194580078,0.2050866896039938,2,"{""nevents"": 30.0, ""ndays_act"": 10.0, ""nchapters"": 12.0}"
HarvardX,4,aligned,0,10939,MCCE,bounded,MCCE_bounded,1,OK,0.0,0.027264118194580078,0.2050866896039938,2,"{""nevents"": 30.0, ""ndays_act"": 10.0, ""nchapters"": 12.0}"
HarvardX,4,aligned,0,10939,MCCE,bounded+edit,MCCE_bounded+edit,1,OK,0.0,0.027264118194580078,0.2050866896039938,2,"{""nevents"": 30.0, ""ndays_act"": 10.0, ""nchapters"": 12.0}"
HarvardX,4,aligned,0,10977,NICE,native,NICE_native,1,OK,0.0,0.007892847061157227,0.5675464736767418,3,"{""nevents"": 66.0, ""ndays_act"": 21.0, ""nchapters"": 7.0}"
HarvardX,4,aligned,0,10977,NICE,bounded,NICE_bounded,1,OK,0.0,0.007892847061157227,0.5675464736767418,3,"{""nevents"": 66.0, ""ndays_act"": 21.0, ""nchapters"": 7.0}"
HarvardX,4,aligned,0,10977,NICE,bounded+edit,NICE_bounded+edit,1,OK,0.0,0.007892847061157227,0.5675464736767418,3,"{""nevents"": 66.0, ""ndays_act"": 21.0, ""nchapters"": 7.0}"
HarvardX,4,aligned,0,10977,MCCE,native,MCCE_native,1,OK,0.0,0.04081416130065918,0.9381060498557305,3,"{""nevents"": 68.0, ""ndays_act"": 23.0, ""nchapters"": 9.0}"
HarvardX,4,aligned,0,10977,MCCE,bounded,MCCE_bounded,1,OK,0.0,0.04081416130065918,0.9381060498557305,3,"{""nevents"": 68.0, ""ndays_act"": 23.0, ""nchapters"": 9.0}"
HarvardX,4,aligned,0,10977,MCCE,bounded+edit,MCCE_bounded+edit,1,OK,0.0,0.04081416130065918,0.9381060498557305,3,"{""nevents"": 68.0, ""ndays_act"": 23.0, ""nchapters"": 9.0}"
HarvardX,4,aligned,0,11022,NICE,native,NICE_native,1,OK,0.0,0.005809307098388672,0.4049832079844851,3,"{""nevents"": 25.0, ""ndays_act"": 10.0, ""nchapters"": 9.0}"
HarvardX,4,aligned,0,11022,NICE,bounded,NICE_bounded,1,OK,0.0,0.005809307098388672,0.4049832079844851,3,"{""nevents"": 25.0, ""ndays_act"": 10.0, ""nchapters"": 9.0}"
HarvardX,4,aligned,0,11022,NICE,bounded+edit,NICE_bounded+edit,1,OK,0.0,0.005809307098388672,0.4049832079844851,3,"{""nevents"": 25.0, ""ndays_act"": 10.0, ""nchapters"": 9.0}"
HarvardX,4,aligned,0,11022,MCCE,native,MCCE_native,1,OK,0.0,0.04150676727294922,0.6881060498557305,3,"{""nevents"": 68.0, ""ndays_act"": 23.0, ""nchapters"": 9.0}"
HarvardX,4,aligned,0,11022,MCCE,bounded,MCCE_bounded,1,OK,0.0,0.04150676727294922,0.6881060498557305,3,"{""nevents"": 68.0, ""ndays_act"": 23.0, ""nchapters"": 9.0}"
HarvardX,4,aligned,0,11022,MCCE,bounded+edit,MCCE_bounded+edit,1,OK,0.0,0.04150676727294922,0.6881060498557305,3,"{""nevents"": 68.0, ""ndays_act"": 23.0, ""nchapters"": 9.0}"
