dataset,seed,regime,stage,query,method,variant,condition,accepted,reasons,policy_score,seconds,effort,sparsity
AUC,6,aligned,1,0,NICE,native,NICE_native,1,OK,15.3,0.005831241607666,2.61,3.0
AUC,6,aligned,1,0,NICE,bounded,NICE_bounded,1,OK,15.3,0.005831241607666,2.61,3.0
AUC,6,aligned,1,0,NICE,bounded+edit,NICE_bounded+edit,1,OK,15.3,0.005831241607666,2.61,3.0
AUC,6,aligned,1,0,MCCE,native,MCCE_native,0,out_of_bounds:sum_click,15.05,0.0462856292724609,3.598961038961044,4.0
AUC,6,aligned,1,0,MCCE,bounded,MCCE_bounded,0,no_candidate,,0.0462856292724609,,
AUC,6,aligned,1,0,MCCE,bounded+edit,MCCE_bounded+edit,0,no_candidate,,0.0462856292724609,,
AUC,6,aligned,1,2,NICE,native,NICE_native,0,below_policy_threshold,15.0,0.0055017471313476,2.56,3.0
AUC,6,aligned,1,2,NICE,bounded,NICE_bounded,0,below_policy_threshold,15.0,0.0055017471313476,2.56,3.0
AUC,6,aligned,1,2,NICE,bounded+edit,NICE_bounded+edit,0,below_policy_threshold,15.0,0.0055017471313476,2.56,3.0
AUC,6,aligned,1,2,MCCE,native,MCCE_native,1,OK,15.3,0.0241227149963378,2.6840180756919603,4.0
AUC,6,aligned,1,2,MCCE,bounded,MCCE_bounded,1,OK,15.3,0.0241227149963378,2.6840180756919603,4.0
AUC,6,aligned,1,2,MCCE,bounded+edit,MCCE_bounded+edit,1,OK,15.3,0.0241227149963378,2.6840180756919603,4.0
AUC,6,aligned,1,10,NICE,native,NICE_native,0,immutable_changed:Test_1,15.05,0.0093379020690917,2.56,3.0
AUC,6,aligned,1,10,NICE,bounded,NICE_bounded,0,below_policy_threshold;classifier_target_not_met,14.8,0.0093379020690917,2.56,3.0
AUC,6,aligned,1,10,NICE,bounded+edit,NICE_bounded+edit,0,below_policy_threshold;classifier_target_not_met,14.8,0.0093379020690917,2.56,3.0
AUC,6,aligned,1,10,MCCE,native,MCCE_native,0,below_policy_threshold,14.8,0.0254292488098144,2.995602812553593,4.0
AUC,6,aligned,1,10,MCCE,bounded,MCCE_bounded,0,below_policy_threshold,14.8,0.0254292488098144,2.995602812553593,4.0
AUC,6,aligned,1,10,MCCE,bounded+edit,MCCE_bounded+edit,0,below_policy_threshold,14.8,0.0254292488098144,2.995602812553593,4.0
AUC,6,aligned,1,15,NICE,native,NICE_native,1,OK,15.0125,0.0053303241729736,2.56,3.0
AUC,6,aligned,1,15,NICE,bounded,NICE_bounded,1,OK,15.0125,0.0053303241729736,2.56,3.0
AUC,6,aligned,1,15,NICE,bounded+edit,NICE_bounded+edit,1,OK,15.0125,0.0053303241729736,2.56,3.0
AUC,6,aligned,1,15,MCCE,native,MCCE_native,1,OK,15.1625,0.0230355262756347,2.59,3.0
AUC,6,aligned,1,15,MCCE,bounded,MCCE_bounded,1,OK,15.1625,0.0230355262756347,2.59,3.0
AUC,6,aligned,1,15,MCCE,bounded+edit,MCCE_bounded+edit,1,OK,15.1625,0.0230355262756347,2.59,3.0
AUC,6,aligned,1,17,NICE,native,NICE_native,0,below_policy_threshold,14.9,0.0062136650085449,2.58,3.0
AUC,6,aligned,1,17,NICE,bounded,NICE_bounded,0,below_policy_threshold,14.9,0.0062136650085449,2.58,3.0
AUC,6,aligned,1,17,NICE,bounded+edit,NICE_bounded+edit,0,below_policy_threshold,14.9,0.0062136650085449,2.58,3.0
AUC,6,aligned,1,17,MCCE,native,MCCE_native,1,OK,15.9,0.02618408203125,2.78,3.0
AUC,6,aligned,1,17,MCCE,bounded,MCCE_bounded,1,OK,15.9,0.02618408203125,2.78,3.0
AUC,6,aligned,1,17,MCCE,bounded+edit,MCCE_bounded+edit,1,OK,15.9,0.02618408203125,2.78,3.0
AUC,6,aligned,1,37,NICE,native,NICE_native,0,immutable_changed:Test_1,15.05,0.0071077346801757,2.56,3.0
AUC,6,aligned,1,37,NICE,bounded,NICE_bounded,0,below_policy_threshold;classifier_target_not_met,14.3,0.0071077346801757,2.56,3.0
AUC,6,aligned,1,37,NICE,bounded+edit,NICE_bounded+edit,0,below_policy_threshold;classifier_target_not_met,14.3,0.0071077346801757,2.56,3.0
AUC,6,aligned,1,37,MCCE,native,MCCE_native,1,OK,15.45,0.0232925415039062,2.870144259667401,4.0
AUC,6,aligned,1,37,MCCE,bounded,MCCE_bounded,1,OK,15.45,0.0232925415039062,2.870144259667401,4.0
AUC,6,aligned,1,37,MCCE,bounded+edit,MCCE_bounded+edit,1,OK,15.45,0.0232925415039062,2.870144259667401,4.0
AUC,6,aligned,1,40,NICE,native,NICE_native,0,immutable_changed:Test_1,15.05,0.0072662830352783,2.56,3.0
AUC,6,aligned,1,40,NICE,bounded,NICE_bounded,0,below_policy_threshold;classifier_target_not_met,14.75,0.0072662830352783,2.56,3.0
AUC,6,aligned,1,40,NICE,bounded+edit,NICE_bounded+edit,0,below_policy_threshold;classifier_target_not_met,14.75,0.0072662830352783,2.56,3.0
AUC,6,aligned,1,40,MCCE,native,MCCE_native,0,below_policy_threshold,15.0,0.024186372756958,2.6664573041637265,4.0
AUC,6,aligned,1,40,MCCE,bounded,MCCE_bounded,0,below_policy_threshold,15.0,0.024186372756958,2.6664573041637265,4.0
AUC,6,aligned,1,40,MCCE,bounded+edit,MCCE_bounded+edit,0,below_policy_threshold,15.0,0.024186372756958,2.6664573041637265,4.0
AUC,6,aligned,1,43,NICE,native,NICE_native,0,below_policy_threshold,10.725,0.0041863918304443,1.77,2.0
AUC,6,aligned,1,43,NICE,bounded,NICE_bounded,0,below_policy_threshold,10.725,0.0041863918304443,1.77,2.0
AUC,6,aligned,1,43,NICE,bounded+edit,NICE_bounded+edit,1,OK,15.169444444444444,0.0041863918304443,2.658888888888889,3.0
AUC,6,aligned,1,43,MCCE,native,MCCE_native,0,below_policy_threshold,14.725,0.0228075981140136,2.6205630889450697,4.0
AUC,6,aligned,1,43,MCCE,bounded,MCCE_bounded,0,below_policy_threshold,14.725,0.0228075981140136,2.6205630889450697,4.0
AUC,6,aligned,1,43,MCCE,bounded+edit,MCCE_bounded+edit,0,below_policy_threshold,14.725,0.0228075981140136,2.6205630889450697,4.0
AUC,6,aligned,1,56,NICE,native,NICE_native,0,below_policy_threshold,15.0,0.0053176879882812,2.6,3.0
AUC,6,aligned,1,56,NICE,bounded,NICE_bounded,0,below_policy_threshold,15.0,0.0053176879882812,2.6,3.0
AUC,6,aligned,1,56,NICE,bounded+edit,NICE_bounded+edit,0,below_policy_threshold,15.0,0.0053176879882812,2.6,3.0
AUC,6,aligned,1,56,MCCE,native,MCCE_native,1,OK,15.1,0.0417735576629638,2.62,3.0
AUC,6,aligned,1,56,MCCE,bounded,MCCE_bounded,1,OK,15.1,0.0417735576629638,2.62,3.0
AUC,6,aligned,1,56,MCCE,bounded+edit,MCCE_bounded+edit,1,OK,15.1,0.0417735576629638,2.62,3.0
AUC,6,aligned,1,59,NICE,native,NICE_native,0,immutable_changed:Test_1,15.05,0.006667137145996,2.56,3.0
AUC,6,aligned,1,59,NICE,bounded,NICE_bounded,0,below_policy_threshold;classifier_target_not_met,14.175,0.006667137145996,2.56,3.0
AUC,6,aligned,1,59,NICE,bounded+edit,NICE_bounded+edit,0,below_policy_threshold;classifier_target_not_met,14.175,0.006667137145996,2.56,3.0
AUC,6,aligned,1,59,MCCE,native,MCCE_native,0,below_policy_threshold,14.375,0.0247375965118408,3.0641268613421,4.0
AUC,6,aligned,1,59,MCCE,bounded,MCCE_bounded,0,below_policy_threshold,14.375,0.0247375965118408,3.0641268613421,4.0
AUC,6,aligned,1,59,MCCE,bounded+edit,MCCE_bounded+edit,0,below_policy_threshold,14.375,0.0247375965118408,3.0641268613421,4.0
AUC,6,aligned,1,79,NICE,native,NICE_native,0,below_policy_threshold,14.975,0.0055439472198486,2.65,3.0
AUC,6,aligned,1,79,NICE,bounded,NICE_bounded,0,below_policy_threshold,14.975,0.0055439472198486,2.65,3.0
AUC,6,aligned,1,79,NICE,bounded+edit,NICE_bounded+edit,0,below_policy_threshold,14.975,0.0055439472198486,2.65,3.0
AUC,6,aligned,1,79,MCCE,native,MCCE_native,0,no_candidate,,0.0171864032745361,,
AUC,6,aligned,1,79,MCCE,bounded,MCCE_bounded,0,no_candidate,,0.0171864032745361,,
AUC,6,aligned,1,79,MCCE,bounded+edit,MCCE_bounded+edit,0,no_candidate,,0.0171864032745361,,
AUC,6,aligned,1,95,NICE,native,NICE_native,0,below_policy_threshold,14.9,0.0055246353149414,2.56,3.0
AUC,6,aligned,1,95,NICE,bounded,NICE_bounded,0,below_policy_threshold,14.9,0.0055246353149414,2.56,3.0
AUC,6,aligned,1,95,NICE,bounded+edit,NICE_bounded+edit,0,below_policy_threshold,14.9,0.0055246353149414,2.56,3.0
AUC,6,aligned,1,95,MCCE,native,MCCE_native,0,below_policy_threshold,14.9,0.0228943824768066,2.629819105046017,4.0
AUC,6,aligned,1,95,MCCE,bounded,MCCE_bounded,0,below_policy_threshold,14.9,0.0228943824768066,2.629819105046017,4.0
AUC,6,aligned,1,95,MCCE,bounded+edit,MCCE_bounded+edit,0,below_policy_threshold,14.9,0.0228943824768066,2.629819105046017,4.0
AUC,6,aligned,1,103,NICE,native,NICE_native,1,OK,15.05,0.005704641342163,2.61,3.0
AUC,6,aligned,1,103,NICE,bounded,NICE_bounded,1,OK,15.05,0.005704641342163,2.61,3.0
AUC,6,aligned,1,103,NICE,bounded+edit,NICE_bounded+edit,1,OK,15.05,0.005704641342163,2.61,3.0
AUC,6,aligned,1,103,MCCE,native,MCCE_native,0,below_policy_threshold,14.7,0.023155927658081,2.6505912377711613,4.0
AUC,6,aligned,1,103,MCCE,bounded,MCCE_bounded,0,below_policy_threshold,14.7,0.023155927658081,2.6505912377711613,4.0
AUC,6,aligned,1,103,MCCE,bounded+edit,MCCE_bounded+edit,0,below_policy_threshold,14.7,0.023155927658081,2.6505912377711613,4.0
AUC,6,aligned,1,106,NICE,native,NICE_native,0,immutable_changed:Test_1,15.05,0.0077910423278808,2.56,3.0
AUC,6,aligned,1,106,NICE,bounded,NICE_bounded,0,below_policy_threshold;classifier_target_not_met,14.925,0.0077910423278808,2.56,3.0
AUC,6,aligned,1,106,NICE,bounded+edit,NICE_bounded+edit,0,below_policy_threshold;classifier_target_not_met,14.925,0.0077910423278808,2.56,3.0
AUC,6,aligned,1,106,MCCE,native,MCCE_native,1,OK,15.075,0.0230097770690917,2.729725367381354,4.0
AUC,6,aligned,1,106,MCCE,bounded,MCCE_bounded,1,OK,15.075,0.0230097770690917,2.729725367381354,4.0
AUC,6,aligned,1,106,MCCE,bounded+edit,MCCE_bounded+edit,1,OK,15.075,0.0230097770690917,2.729725367381354,4.0
AUC,6,aligned,1,107,NICE,native,NICE_native,0,immutable_changed:Test_1,15.05,0.0067167282104492,2.56,3.0
AUC,6,aligned,1,107,NICE,bounded,NICE_bounded,0,below_policy_threshold;classifier_target_not_met,14.925,0.0067167282104492,2.56,3.0
AUC,6,aligned,1,107,NICE,bounded+edit,NICE_bounded+edit,0,below_policy_threshold;classifier_target_not_met,14.925,0.0067167282104492,2.56,3.0
AUC,6,aligned,1,107,MCCE,native,MCCE_native,1,OK,15.075,0.0236101150512695,2.8121738183402307,4.0
AUC,6,aligned,1,107,MCCE,bounded,MCCE_bounded,1,OK,15.075,0.0236101150512695,2.8121738183402307,4.0
AUC,6,aligned,1,107,MCCE,bounded+edit,MCCE_bounded+edit,1,OK,15.075,0.0236101150512695,2.8121738183402307,4.0
AUC,6,aligned,1,115,NICE,native,NICE_native,0,below_policy_threshold;immutable_changed:Test_1,10.725,0.0063133239746093,1.77,2.0
AUC,6,aligned,1,115,NICE,bounded,NICE_bounded,0,below_policy_threshold;classifier_target_not_met,10.475,0.0063133239746093,1.77,2.0
AUC,6,aligned,1,115,NICE,bounded+edit,NICE_bounded+edit,1,OK,15.475,0.0063133239746093,2.77,3.0
AUC,6,aligned,1,115,MCCE,native,MCCE_native,0,below_policy_threshold,14.525,0.0236127376556396,2.717028962939894,4.0
AUC,6,aligned,1,115,MCCE,bounded,MCCE_bounded,0,below_policy_threshold,14.525,0.0236127376556396,2.717028962939894,4.0
AUC,6,aligned,1,115,MCCE,bounded+edit,MCCE_bounded+edit,0,below_policy_threshold,14.525,0.0236127376556396,2.717028962939894,4.0
AUC,6,aligned,1,117,NICE,native,NICE_native,1,OK,15.1,0.0054411888122558,2.57,3.0
AUC,6,aligned,1,117,NICE,bounded,NICE_bounded,1,OK,15.1,0.0054411888122558,2.57,3.0
AUC,6,aligned,1,117,NICE,bounded+edit,NICE_bounded+edit,1,OK,15.1,0.0054411888122558,2.57,3.0
AUC,6,aligned,1,117,MCCE,native,MCCE_native,0,below_policy_threshold,15.0,0.0258991718292236,2.5861827227498866,4.0
AUC,6,aligned,1,117,MCCE,bounded,MCCE_bounded,0,below_policy_threshold,15.0,0.0258991718292236,2.5861827227498866,4.0
AUC,6,aligned,1,117,MCCE,bounded+edit,MCCE_bounded+edit,0,below_policy_threshold,15.0,0.0258991718292236,2.5861827227498866,4.0
AUC,6,aligned,1,122,NICE,native,NICE_native,0,below_policy_threshold;immutable_changed:Test_1,10.725,0.0074479579925537,1.77,2.0
AUC,6,aligned,1,122,NICE,bounded,NICE_bounded,0,below_policy_threshold;classifier_target_not_met,10.3,0.0074479579925537,1.77,2.0
AUC,6,aligned,1,122,NICE,bounded+edit,NICE_bounded+edit,1,OK,15.3,0.0074479579925537,2.77,3.0
AUC,6,aligned,1,122,MCCE,native,MCCE_native,0,below_policy_threshold,14.45,0.0220115184783935,2.9356509230400385,4.0
AUC,6,aligned,1,122,MCCE,bounded,MCCE_bounded,0,below_policy_threshold,14.45,0.0220115184783935,2.9356509230400385,4.0
AUC,6,aligned,1,122,MCCE,bounded+edit,MCCE_bounded+edit,0,below_policy_threshold,14.45,0.0220115184783935,2.9356509230400385,4.0
AUC,6,aligned,1,138,NICE,native,NICE_native,0,below_policy_threshold,10.7,0.0041253566741943,1.77,2.0
AUC,6,aligned,1,138,NICE,bounded,NICE_bounded,0,below_policy_threshold,10.7,0.0041253566741943,1.77,2.0
AUC,6,aligned,1,138,NICE,bounded+edit,NICE_bounded+edit,1,OK,15.144444444444444,0.0041253566741943,2.658888888888889,3.0
AUC,6,aligned,1,138,MCCE,native,MCCE_native,0,below_policy_threshold;out_of_bounds:sum_click,14.7,0.0242261886596679,2.6286510263929617,4.0
AUC,6,aligned,1,138,MCCE,bounded,MCCE_bounded,1,OK,15.2,0.0242261886596679,2.6753319114902694,4.0
AUC,6,aligned,1,138,MCCE,bounded+edit,MCCE_bounded+edit,1,OK,15.2,0.0242261886596679,2.6753319114902694,4.0
AUC,6,aligned,1,153,NICE,native,NICE_native,1,OK,15.05,0.0053374767303466,2.56,3.0
AUC,6,aligned,1,153,NICE,bounded,NICE_bounded,1,OK,15.05,0.0053374767303466,2.56,3.0
AUC,6,aligned,1,153,NICE,bounded+edit,NICE_bounded+edit,1,OK,15.05,0.0053374767303466,2.56,3.0
AUC,6,aligned,1,153,MCCE,native,MCCE_native,1,OK,15.6,0.0241920948028564,2.67,3.0
AUC,6,aligned,1,153,MCCE,bounded,MCCE_bounded,1,OK,15.6,0.0241920948028564,2.67,3.0
AUC,6,aligned,1,153,MCCE,bounded+edit,MCCE_bounded+edit,1,OK,15.6,0.0241920948028564,2.67,3.0
AUC,6,aligned,1,162,NICE,native,NICE_native,1,OK,15.15,0.0053505897521972,2.58,3.0
AUC,6,aligned,1,162,NICE,bounded,NICE_bounded,1,OK,15.15,0.0053505897521972,2.58,3.0
AUC,6,aligned,1,162,NICE,bounded+edit,NICE_bounded+edit,1,OK,15.15,0.0053505897521972,2.58,3.0
AUC,6,aligned,1,162,MCCE,native,MCCE_native,0,below_policy_threshold,15.0,0.0243861675262451,2.5500000000000003,3.0
AUC,6,aligned,1,162,MCCE,bounded,MCCE_bounded,0,below_policy_threshold,15.0,0.0243861675262451,2.5500000000000003,3.0
AUC,6,aligned,1,162,MCCE,bounded+edit,MCCE_bounded+edit,0,below_policy_threshold,15.0,0.0243861675262451,2.5500000000000003,3.0
AUC,6,aligned,1,169,NICE,native,NICE_native,0,immutable_changed:Test_1,15.05,0.0070364475250244,2.56,3.0
AUC,6,aligned,1,169,NICE,bounded,NICE_bounded,0,below_policy_threshold;classifier_target_not_met,14.775,0.0070364475250244,2.56,3.0
AUC,6,aligned,1,169,NICE,bounded+edit,NICE_bounded+edit,0,below_policy_threshold;classifier_target_not_met,14.775,0.0070364475250244,2.56,3.0
AUC,6,aligned,1,169,MCCE,native,MCCE_native,0,below_policy_threshold,14.925,0.0226876735687255,2.687425191370912,4.0
AUC,6,aligned,1,169,MCCE,bounded,MCCE_bounded,0,below_policy_threshold,14.925,0.0226876735687255,2.687425191370912,4.0
AUC,6,aligned,1,169,MCCE,bounded+edit,MCCE_bounded+edit,0,below_policy_threshold,14.925,0.0226876735687255,2.687425191370912,4.0
AUC,6,aligned,1,178,NICE,native,NICE_native,1,OK,15.3,0.005303144454956,2.61,3.0
AUC,6,aligned,1,178,NICE,bounded,NICE_bounded,1,OK,15.3,0.005303144454956,2.61,3.0
AUC,6,aligned,1,178,NICE,bounded+edit,NICE_bounded+edit,1,OK,15.3,0.005303144454956,2.61,3.0
AUC,6,aligned,1,178,MCCE,native,MCCE_native,0,out_of_bounds:sum_click,15.05,0.0214841365814209,3.64108108108109,4.0
AUC,6,aligned,1,178,MCCE,bounded,MCCE_bounded,0,no_candidate,,0.0214841365814209,,
AUC,6,aligned,1,178,MCCE,bounded+edit,MCCE_bounded+edit,0,no_candidate,,0.0214841365814209,,
AUC,6,aligned,1,179,NICE,native,NICE_native,1,OK,15.075,0.0065634250640869,2.57,3.0
AUC,6,aligned,1,179,NICE,bounded,NICE_bounded,1,OK,15.075,0.0065634250640869,2.57,3.0
AUC,6,aligned,1,179,NICE,bounded+edit,NICE_bounded+edit,1,OK,15.075,0.0065634250640869,2.57,3.0
AUC,6,aligned,1,179,MCCE,native,MCCE_native,0,below_policy_threshold,14.974999999999998,0.0248310565948486,2.62508212106992,4.0
AUC,6,aligned,1,179,MCCE,bounded,MCCE_bounded,0,below_policy_threshold,14.974999999999998,0.0248310565948486,2.62508212106992,4.0
AUC,6,aligned,1,179,MCCE,bounded+edit,MCCE_bounded+edit,0,below_policy_threshold,14.974999999999998,0.0248310565948486,2.62508212106992,4.0
AUC,6,aligned,1,185,NICE,native,NICE_native,0,below_policy_threshold;immutable_changed:Test_1,10.725,0.0053167343139648,1.77,2.0
AUC,6,aligned,1,185,NICE,bounded,NICE_bounded,0,below_policy_threshold;classifier_target_not_met,10.475,0.0053167343139648,1.77,2.0
AUC,6,aligned,1,185,NICE,bounded+edit,NICE_bounded+edit,1,OK,15.475,0.0053167343139648,2.77,3.0
AUC,6,aligned,1,185,MCCE,native,MCCE_native,0,below_policy_threshold,14.525,0.0234992504119873,2.722370783039307,4.0
AUC,6,aligned,1,185,MCCE,bounded,MCCE_bounded,0,below_policy_threshold,14.525,0.0234992504119873,2.722370783039307,4.0
AUC,6,aligned,1,185,MCCE,bounded+edit,MCCE_bounded+edit,0,below_policy_threshold,14.525,0.0234992504119873,2.722370783039307,4.0
AUC,6,aligned,1,188,NICE,native,NICE_native,1,OK,15.3,0.0055334568023681,2.61,3.0
AUC,6,aligned,1,188,NICE,bounded,NICE_bounded,1,OK,15.3,0.0055334568023681,2.61,3.0
AUC,6,aligned,1,188,NICE,bounded+edit,NICE_bounded+edit,1,OK,15.3,0.0055334568023681,2.61,3.0
AUC,6,aligned,1,188,MCCE,native,MCCE_native,0,out_of_bounds:sum_click,15.05,0.0223710536956787,3.7364705882353153,4.0
AUC,6,aligned,1,188,MCCE,bounded,MCCE_bounded,0,no_candidate,,0.0223710536956787,,
AUC,6,aligned,1,188,MCCE,bounded+edit,MCCE_bounded+edit,0,no_candidate,,0.0223710536956787,,
AUC,6,aligned,1,199,NICE,native,NICE_native,1,OK,15.025,0.005544900894165,2.56,3.0
AUC,6,aligned,1,199,NICE,bounded,NICE_bounded,1,OK,15.025,0.005544900894165,2.56,3.0
AUC,6,aligned,1,199,NICE,bounded+edit,NICE_bounded+edit,1,OK,15.025,0.005544900894165,2.56,3.0
AUC,6,aligned,1,199,MCCE,native,MCCE_native,0,below_policy_threshold;out_of_bounds:sum_click,14.974999999999998,0.0253052711486816,2.573304591004428,4.0
AUC,6,aligned,1,199,MCCE,bounded,MCCE_bounded,0,below_policy_threshold,14.974999999999998,0.0253052711486816,2.6338965276159403,4.0
AUC,6,aligned,1,199,MCCE,bounded+edit,MCCE_bounded+edit,0,below_policy_threshold,14.974999999999998,0.0253052711486816,2.6338965276159403,4.0
AUC,6,aligned,1,203,NICE,native,NICE_native,0,below_policy_threshold,10.725,0.004105806350708,1.77,2.0
AUC,6,aligned,1,203,NICE,bounded,NICE_bounded,0,below_policy_threshold,10.725,0.004105806350708,1.77,2.0
AUC,6,aligned,1,203,NICE,bounded+edit,NICE_bounded+edit,1,OK,15.169444444444444,0.004105806350708,2.658888888888889,3.0
AUC,6,aligned,1,203,MCCE,native,MCCE_native,0,below_policy_threshold;out_of_bounds:sum_click,14.725,0.023486852645874,2.683398985377499,4.0
AUC,6,aligned,1,203,MCCE,bounded,MCCE_bounded,0,below_policy_threshold,14.725,0.023486852645874,2.9400387943897344,4.0
AUC,6,aligned,1,203,MCCE,bounded+edit,MCCE_bounded+edit,0,below_policy_threshold,14.725,0.023486852645874,2.9400387943897344,4.0
AUC,6,aligned,1,207,NICE,native,NICE_native,0,below_policy_threshold,15.0,0.0053644180297851,2.65,3.0
AUC,6,aligned,1,207,NICE,bounded,NICE_bounded,0,below_policy_threshold,15.0,0.0053644180297851,2.65,3.0
AUC,6,aligned,1,207,NICE,bounded+edit,NICE_bounded+edit,0,below_policy_threshold,15.0,0.0053644180297851,2.65,3.0
AUC,6,aligned,1,207,MCCE,native,MCCE_native,0,out_of_bounds:sum_click,15.25,0.0225660800933837,2.7286450873675165,4.0
AUC,6,aligned,1,207,MCCE,bounded,MCCE_bounded,1,OK,15.25,0.0225660800933837,2.889057576625609,4.0
AUC,6,aligned,1,207,MCCE,bounded+edit,MCCE_bounded+edit,1,OK,15.25,0.0225660800933837,2.889057576625609,4.0
AUC,6,aligned,1,208,NICE,native,NICE_native,0,immutable_changed:Test_1,15.05,0.0068747997283935,2.56,3.0
AUC,6,aligned,1,208,NICE,bounded,NICE_bounded,0,below_policy_threshold;classifier_target_not_met,14.55,0.0068747997283935,2.56,3.0
AUC,6,aligned,1,208,NICE,bounded+edit,NICE_bounded+edit,0,below_policy_threshold;classifier_target_not_met,14.55,0.0068747997283935,2.56,3.0
AUC,6,aligned,1,208,MCCE,native,MCCE_native,1,OK,15.1,0.0227656364440917,2.7923475434907283,4.0
AUC,6,aligned,1,208,MCCE,bounded,MCCE_bounded,1,OK,15.1,0.0227656364440917,2.7923475434907283,4.0
AUC,6,aligned,1,208,MCCE,bounded+edit,MCCE_bounded+edit,1,OK,15.1,0.0227656364440917,2.7923475434907283,4.0
AUC,6,aligned,1,217,NICE,native,NICE_native,0,below_policy_threshold,10.725,0.0040802955627441,1.77,2.0
AUC,6,aligned,1,217,NICE,bounded,NICE_bounded,0,below_policy_threshold,10.725,0.0040802955627441,1.77,2.0
AUC,6,aligned,1,217,NICE,bounded+edit,NICE_bounded+edit,1,OK,15.169444444444444,0.0040802955627441,2.658888888888889,3.0
AUC,6,aligned,1,217,MCCE,native,MCCE_native,0,below_policy_threshold;out_of_bounds:sum_click,14.725,0.0242066383361816,2.58974821031844,4.0
AUC,6,aligned,1,217,MCCE,bounded,MCCE_bounded,0,below_policy_threshold,14.725,0.0242066383361816,2.64899284127376,4.0
AUC,6,aligned,1,217,MCCE,bounded+edit,MCCE_bounded+edit,0,below_policy_threshold,14.725,0.0242066383361816,2.64899284127376,4.0
AUC,6,aligned,1,223,NICE,native,NICE_native,1,OK,15.125,0.0059094429016113,2.58,3.0
AUC,6,aligned,1,223,NICE,bounded,NICE_bounded,1,OK,15.125,0.0059094429016113,2.58,3.0
AUC,6,aligned,1,223,NICE,bounded+edit,NICE_bounded+edit,1,OK,15.125,0.0059094429016113,2.58,3.0
AUC,6,aligned,1,223,MCCE,native,MCCE_native,1,OK,15.175,0.0230882167816162,2.59,3.0
AUC,6,aligned,1,223,MCCE,bounded,MCCE_bounded,1,OK,15.175,0.0230882167816162,2.59,3.0
AUC,6,aligned,1,223,MCCE,bounded+edit,MCCE_bounded+edit,1,OK,15.175,0.0230882167816162,2.59,3.0
AUC,6,aligned,1,232,NICE,native,NICE_native,0,immutable_changed:Test_1,15.15,0.0070111751556396,2.58,3.0
AUC,6,aligned,1,232,NICE,bounded,NICE_bounded,0,below_policy_threshold;classifier_target_not_met,14.275,0.0070111751556396,2.58,3.0
AUC,6,aligned,1,232,NICE,bounded+edit,NICE_bounded+edit,0,below_policy_threshold;classifier_target_not_met,14.275,0.0070111751556396,2.58,3.0
AUC,6,aligned,1,232,MCCE,native,MCCE_native,0,below_policy_threshold;out_of_bounds:sum_click,14.375,0.0224928855895996,2.64526593738212,4.0
AUC,6,aligned,1,232,MCCE,bounded,MCCE_bounded,0,below_policy_threshold,14.375,0.0224928855895996,2.96967182195398,4.0
AUC,6,aligned,1,232,MCCE,bounded+edit,MCCE_bounded+edit,0,below_policy_threshold,14.375,0.0224928855895996,2.96967182195398,4.0
AUC,6,aligned,1,237,NICE,native,NICE_native,1,OK,15.25,0.0055518150329589,2.6,3.0
AUC,6,aligned,1,237,NICE,bounded,NICE_bounded,1,OK,15.25,0.0055518150329589,2.6,3.0
AUC,6,aligned,1,237,NICE,bounded+edit,NICE_bounded+edit,1,OK,15.25,0.0055518150329589,2.6,3.0
AUC,6,aligned,1,237,MCCE,native,MCCE_native,0,below_policy_threshold,15.0,0.0242753028869628,2.6757861635220124,4.0
AUC,6,aligned,1,237,MCCE,bounded,MCCE_bounded,0,below_policy_threshold,15.0,0.0242753028869628,2.6757861635220124,4.0
AUC,6,aligned,1,237,MCCE,bounded+edit,MCCE_bounded+edit,0,below_policy_threshold,15.0,0.0242753028869628,2.6757861635220124,4.0
AUC,6,aligned,1,241,NICE,native,NICE_native,1,OK,15.05,0.0055446624755859,2.56,3.0
AUC,6,aligned,1,241,NICE,bounded,NICE_bounded,1,OK,15.05,0.0055446624755859,2.56,3.0
AUC,6,aligned,1,241,NICE,bounded+edit,NICE_bounded+edit,1,OK,15.05,0.0055446624755859,2.56,3.0
AUC,6,aligned,1,241,MCCE,native,MCCE_native,1,OK,15.9,0.024956464767456,2.73,3.0
AUC,6,aligned,1,241,MCCE,bounded,MCCE_bounded,1,OK,15.9,0.024956464767456,2.73,3.0
AUC,6,aligned,1,241,MCCE,bounded+edit,MCCE_bounded+edit,1,OK,15.9,0.024956464767456,2.73,3.0
AUC,6,aligned,1,242,NICE,native,NICE_native,0,below_policy_threshold,14.925,0.0052785873413085,2.56,3.0
AUC,6,aligned,1,242,NICE,bounded,NICE_bounded,0,below_policy_threshold,14.925,0.0052785873413085,2.56,3.0
AUC,6,aligned,1,242,NICE,bounded+edit,NICE_bounded+edit,0,below_policy_threshold,14.925,0.0052785873413085,2.56,3.0
AUC,6,aligned,1,242,MCCE,native,MCCE_native,1,OK,15.275,0.0229537487030029,2.63,3.0
AUC,6,aligned,1,242,MCCE,bounded,MCCE_bounded,1,OK,15.275,0.0229537487030029,2.63,3.0
AUC,6,aligned,1,242,MCCE,bounded+edit,MCCE_bounded+edit,1,OK,15.275,0.0229537487030029,2.63,3.0
AUC,6,aligned,1,247,NICE,native,NICE_native,0,below_policy_threshold,14.85,0.0054082870483398,2.56,3.0
AUC,6,aligned,1,247,NICE,bounded,NICE_bounded,0,below_policy_threshold,14.85,0.0054082870483398,2.56,3.0
AUC,6,aligned,1,247,NICE,bounded+edit,NICE_bounded+edit,0,below_policy_threshold,14.85,0.0054082870483398,2.56,3.0
AUC,6,aligned,1,247,MCCE,native,MCCE_native,0,below_policy_threshold;out_of_bounds:sum_click,14.95,0.0223169326782226,2.6346946216955334,4.0
AUC,6,aligned,1,247,MCCE,bounded,MCCE_bounded,0,below_policy_threshold,14.75,0.0223169326782226,2.783087207535704,4.0
AUC,6,aligned,1,247,MCCE,bounded+edit,MCCE_bounded+edit,0,below_policy_threshold,14.75,0.0223169326782226,2.783087207535704,4.0
AUC,6,aligned,1,249,NICE,native,NICE_native,1,OK,15.075,0.0054738521575927,2.56,3.0
AUC,6,aligned,1,249,NICE,bounded,NICE_bounded,1,OK,15.075,0.0054738521575927,2.56,3.0
AUC,6,aligned,1,249,NICE,bounded+edit,NICE_bounded+edit,1,OK,15.075,0.0054738521575927,2.56,3.0
AUC,6,aligned,1,249,MCCE,native,MCCE_native,1,OK,15.025,0.0273761749267578,2.5962606013878182,4.0
AUC,6,aligned,1,249,MCCE,bounded,MCCE_bounded,1,OK,15.025,0.0273761749267578,2.5962606013878182,4.0
AUC,6,aligned,1,249,MCCE,bounded+edit,MCCE_bounded+edit,1,OK,15.025,0.0273761749267578,2.5962606013878182,4.0
AUC,6,aligned,1,257,NICE,native,NICE_native,1,OK,15.1,0.0053892135620117,2.57,3.0
AUC,6,aligned,1,257,NICE,bounded,NICE_bounded,1,OK,15.1,0.0053892135620117,2.57,3.0
AUC,6,aligned,1,257,NICE,bounded+edit,NICE_bounded+edit,1,OK,15.1,0.0053892135620117,2.57,3.0
AUC,6,aligned,1,257,MCCE,native,MCCE_native,1,OK,15.65,0.0256948471069335,2.68,3.0
AUC,6,aligned,1,257,MCCE,bounded,MCCE_bounded,1,OK,15.65,0.0256948471069335,2.68,3.0
AUC,6,aligned,1,257,MCCE,bounded+edit,MCCE_bounded+edit,1,OK,15.65,0.0256948471069335,2.68,3.0
AUC,6,aligned,1,260,NICE,native,NICE_native,0,below_policy_threshold;immutable_changed:Test_1,10.725,0.0054941177368164,1.77,2.0
AUC,6,aligned,1,260,NICE,bounded,NICE_bounded,0,below_policy_threshold;classifier_target_not_met,10.35,0.0054941177368164,1.77,2.0
AUC,6,aligned,1,260,NICE,bounded+edit,NICE_bounded+edit,1,OK,15.35,0.0054941177368164,2.77,3.0
AUC,6,aligned,1,260,MCCE,native,MCCE_native,0,out_of_bounds:sum_click,15.35,0.0243141651153564,2.864927321269653,4.0
AUC,6,aligned,1,260,MCCE,bounded,MCCE_bounded,1,OK,15.25,0.0243141651153564,2.9279887273806,4.0
AUC,6,aligned,1,260,MCCE,bounded+edit,MCCE_bounded+edit,1,OK,15.25,0.0243141651153564,2.9279887273806,4.0
AUC,6,aligned,1,265,NICE,native,NICE_native,1,OK,15.1,0.0055017471313476,2.57,3.0
AUC,6,aligned,1,265,NICE,bounded,NICE_bounded,1,OK,15.1,0.0055017471313476,2.57,3.0
AUC,6,aligned,1,265,NICE,bounded+edit,NICE_bounded+edit,1,OK,15.1,0.0055017471313476,2.57,3.0
AUC,6,aligned,1,265,MCCE,native,MCCE_native,0,below_policy_threshold,15.0,0.0243186950683593,2.571609940572664,4.0
AUC,6,aligned,1,265,MCCE,bounded,MCCE_bounded,0,below_policy_threshold,15.0,0.0243186950683593,2.571609940572664,4.0
AUC,6,aligned,1,265,MCCE,bounded+edit,MCCE_bounded+edit,0,below_policy_threshold,15.0,0.0243186950683593,2.571609940572664,4.0
AUC,6,aligned,1,286,NICE,native,NICE_native,1,OK,15.125,0.0055258274078369,2.6,3.0
AUC,6,aligned,1,286,NICE,bounded,NICE_bounded,1,OK,15.125,0.0055258274078369,2.6,3.0
AUC,6,aligned,1,286,NICE,bounded+edit,NICE_bounded+edit,1,OK,15.125,0.0055258274078369,2.6,3.0
AUC,6,aligned,1,286,MCCE,native,MCCE_native,0,below_policy_threshold,14.775,0.0203340053558349,2.53,3.0
AUC,6,aligned,1,286,MCCE,bounded,MCCE_bounded,0,below_policy_threshold,14.775,0.0203340053558349,2.53,3.0
AUC,6,aligned,1,286,MCCE,bounded+edit,MCCE_bounded+edit,0,below_policy_threshold,14.775,0.0203340053558349,2.53,3.0
AUC,6,aligned,1,288,NICE,native,NICE_native,1,OK,15.25,0.0057024955749511,2.6,3.0
AUC,6,aligned,1,288,NICE,bounded,NICE_bounded,1,OK,15.25,0.0057024955749511,2.6,3.0
AUC,6,aligned,1,288,NICE,bounded+edit,NICE_bounded+edit,1,OK,15.25,0.0057024955749511,2.6,3.0
AUC,6,aligned,1,288,MCCE,native,MCCE_native,0,below_policy_threshold,14.85,0.0214273929595947,2.52,3.0
AUC,6,aligned,1,288,MCCE,bounded,MCCE_bounded,0,below_policy_threshold,14.85,0.0214273929595947,2.52,3.0
AUC,6,aligned,1,288,MCCE,bounded+edit,MCCE_bounded+edit,0,below_policy_threshold,14.85,0.0214273929595947,2.52,3.0
AUC,6,aligned,1,299,NICE,native,NICE_native,0,immutable_changed:Test_1,15.05,0.0068180561065673,2.56,3.0
AUC,6,aligned,1,299,NICE,bounded,NICE_bounded,0,below_policy_threshold;classifier_target_not_met,14.9,0.0068180561065673,2.56,3.0
AUC,6,aligned,1,299,NICE,bounded+edit,NICE_bounded+edit,0,below_policy_threshold;classifier_target_not_met,14.9,0.0068180561065673,2.56,3.0
AUC,6,aligned,1,299,MCCE,native,MCCE_native,1,OK,15.05,0.0231294631958007,2.7033529811834054,4.0
AUC,6,aligned,1,299,MCCE,bounded,MCCE_bounded,1,OK,15.05,0.0231294631958007,2.7033529811834054,4.0
AUC,6,aligned,1,299,MCCE,bounded+edit,MCCE_bounded+edit,1,OK,15.05,0.0231294631958007,2.7033529811834054,4.0
AUC,6,aligned,1,309,NICE,native,NICE_native,1,OK,15.05,0.0054585933685302,2.56,3.0
AUC,6,aligned,1,309,NICE,bounded,NICE_bounded,1,OK,15.05,0.0054585933685302,2.56,3.0
AUC,6,aligned,1,309,NICE,bounded+edit,NICE_bounded+edit,1,OK,15.05,0.0054585933685302,2.56,3.0
AUC,6,aligned,1,309,MCCE,native,MCCE_native,1,OK,16.200000000000003,0.0253756046295166,2.79,3.0
AUC,6,aligned,1,309,MCCE,bounded,MCCE_bounded,1,OK,16.200000000000003,0.0253756046295166,2.79,3.0
AUC,6,aligned,1,309,MCCE,bounded+edit,MCCE_bounded+edit,1,OK,16.200000000000003,0.0253756046295166,2.79,3.0
AUC,6,aligned,1,311,NICE,native,NICE_native,1,OK,15.15,0.0056269168853759,2.63,3.0
AUC,6,aligned,1,311,NICE,bounded,NICE_bounded,1,OK,15.15,0.0056269168853759,2.63,3.0
AUC,6,aligned,1,311,NICE,bounded+edit,NICE_bounded+edit,1,OK,15.15,0.0056269168853759,2.63,3.0
AUC,6,aligned,1,311,MCCE,native,MCCE_native,0,below_policy_threshold;out_of_bounds:sum_click,14.7,0.0239851474761962,2.6372447325769857,4.0
AUC,6,aligned,1,311,MCCE,bounded,MCCE_bounded,0,below_policy_threshold,14.9,0.0239851474761962,2.752879524581308,4.0
AUC,6,aligned,1,311,MCCE,bounded+edit,MCCE_bounded+edit,0,below_policy_threshold,14.9,0.0239851474761962,2.752879524581308,4.0
AUC,6,aligned,1,336,NICE,native,NICE_native,0,immutable_changed:Test_1,15.05,0.0068345069885253,2.56,3.0
AUC,6,aligned,1,336,NICE,bounded,NICE_bounded,0,below_policy_threshold;classifier_target_not_met,14.3,0.0068345069885253,2.56,3.0
AUC,6,aligned,1,336,NICE,bounded+edit,NICE_bounded+edit,0,below_policy_threshold;classifier_target_not_met,14.3,0.0068345069885253,2.56,3.0
AUC,6,aligned,1,336,MCCE,native,MCCE_native,1,OK,15.45,0.0231127738952636,2.941543152836814,4.0
AUC,6,aligned,1,336,MCCE,bounded,MCCE_bounded,1,OK,15.45,0.0231127738952636,2.941543152836814,4.0
AUC,6,aligned,1,336,MCCE,bounded+edit,MCCE_bounded+edit,1,OK,15.45,0.0231127738952636,2.941543152836814,4.0
AUC,6,aligned,1,343,NICE,native,NICE_native,0,below_policy_threshold,14.975,0.0052661895751953,2.56,3.0
AUC,6,aligned,1,343,NICE,bounded,NICE_bounded,0,below_policy_threshold,14.975,0.0052661895751953,2.56,3.0
AUC,6,aligned,1,343,NICE,bounded+edit,NICE_bounded+edit,0,below_policy_threshold,14.975,0.0052661895751953,2.56,3.0
AUC,6,aligned,1,343,MCCE,native,MCCE_native,0,out_of_bounds:sum_click,15.175,0.0234553813934326,2.6063071586250395,4.0
AUC,6,aligned,1,343,MCCE,bounded,MCCE_bounded,1,OK,15.025,0.0234553813934326,2.79075055187638,4.0
AUC,6,aligned,1,343,MCCE,bounded+edit,MCCE_bounded+edit,1,OK,15.025,0.0234553813934326,2.79075055187638,4.0
AUC,6,aligned,1,356,NICE,native,NICE_native,0,immutable_changed:Test_1,15.225,0.0066635608673095,2.6,3.0
AUC,6,aligned,1,356,NICE,bounded,NICE_bounded,0,below_policy_threshold;classifier_target_not_met,14.5,0.0066635608673095,2.6,3.0
AUC,6,aligned,1,356,NICE,bounded+edit,NICE_bounded+edit,0,below_policy_threshold;classifier_target_not_met,14.5,0.0066635608673095,2.6,3.0
AUC,6,aligned,1,356,MCCE,native,MCCE_native,0,below_policy_threshold,14.45,0.0202393531799316,2.5900000000000003,3.0
AUC,6,aligned,1,356,MCCE,bounded,MCCE_bounded,0,below_policy_threshold,14.45,0.0202393531799316,2.5900000000000003,3.0
AUC,6,aligned,1,356,MCCE,bounded+edit,MCCE_bounded+edit,0,below_policy_threshold,14.45,0.0202393531799316,2.5900000000000003,3.0
AUC,6,aligned,1,363,NICE,native,NICE_native,0,below_policy_threshold,11.275,0.0040981769561767,1.88,2.0
AUC,6,aligned,1,363,NICE,bounded,NICE_bounded,0,below_policy_threshold,11.275,0.0040981769561767,1.88,2.0
AUC,6,aligned,1,363,NICE,bounded+edit,NICE_bounded+edit,1,OK,15.16388888888889,0.0040981769561767,2.657777777777778,3.0
AUC,6,aligned,1,363,MCCE,native,MCCE_native,0,below_policy_threshold;out_of_bounds:sum_click,14.975,0.0270314216613769,3.105175202156336,4.0
AUC,6,aligned,1,363,MCCE,bounded,MCCE_bounded,0,no_candidate,,0.0270314216613769,,
AUC,6,aligned,1,363,MCCE,bounded+edit,MCCE_bounded+edit,0,no_candidate,,0.0270314216613769,,
AUC,6,aligned,1,384,NICE,native,NICE_native,1,OK,15.125,0.0064005851745605,2.63,3.0
AUC,6,aligned,1,384,NICE,bounded,NICE_bounded,1,OK,15.125,0.0064005851745605,2.63,3.0
AUC,6,aligned,1,384,NICE,bounded+edit,NICE_bounded+edit,1,OK,15.125,0.0064005851745605,2.63,3.0
AUC,6,aligned,1,384,MCCE,native,MCCE_native,0,below_policy_threshold,14.875,0.0254168510437011,2.7375578532742493,4.0
AUC,6,aligned,1,384,MCCE,bounded,MCCE_bounded,0,below_policy_threshold,14.875,0.0254168510437011,2.7375578532742493,4.0
AUC,6,aligned,1,384,MCCE,bounded+edit,MCCE_bounded+edit,0,below_policy_threshold,14.875,0.0254168510437011,2.7375578532742493,4.0
AUC,6,aligned,1,386,NICE,native,NICE_native,1,OK,15.075,0.0056354999542236,2.56,3.0
AUC,6,aligned,1,386,NICE,bounded,NICE_bounded,1,OK,15.075,0.0056354999542236,2.56,3.0
AUC,6,aligned,1,386,NICE,bounded+edit,NICE_bounded+edit,1,OK,15.075,0.0056354999542236,2.56,3.0
AUC,6,aligned,1,386,MCCE,native,MCCE_native,1,OK,15.075,0.0240476131439209,2.7524790589912667,4.0
AUC,6,aligned,1,386,MCCE,bounded,MCCE_bounded,1,OK,15.075,0.0240476131439209,2.7524790589912667,4.0
AUC,6,aligned,1,386,MCCE,bounded+edit,MCCE_bounded+edit,1,OK,15.075,0.0240476131439209,2.7524790589912667,4.0
AUC,6,aligned,1,390,NICE,native,NICE_native,0,immutable_changed:Test_1,15.05,0.0071742534637451,2.56,3.0
AUC,6,aligned,1,390,NICE,bounded,NICE_bounded,0,below_policy_threshold;classifier_target_not_met,14.8,0.0071742534637451,2.56,3.0
AUC,6,aligned,1,390,NICE,bounded+edit,NICE_bounded+edit,0,below_policy_threshold;classifier_target_not_met,14.8,0.0071742534637451,2.56,3.0
AUC,6,aligned,1,390,MCCE,native,MCCE_native,0,below_policy_threshold,14.8,0.023219347000122,2.83686222808174,4.0
AUC,6,aligned,1,390,MCCE,bounded,MCCE_bounded,0,below_policy_threshold,14.8,0.023219347000122,2.83686222808174,4.0
AUC,6,aligned,1,390,MCCE,bounded+edit,MCCE_bounded+edit,0,below_policy_threshold,14.8,0.023219347000122,2.83686222808174,4.0
AUC,6,aligned,1,407,NICE,native,NICE_native,0,below_policy_threshold,15.0,0.0064311027526855,2.65,3.0
AUC,6,aligned,1,407,NICE,bounded,NICE_bounded,0,below_policy_threshold,15.0,0.0064311027526855,2.65,3.0
AUC,6,aligned,1,407,NICE,bounded+edit,NICE_bounded+edit,0,below_policy_threshold,15.0,0.0064311027526855,2.65,3.0
AUC,6,aligned,1,407,MCCE,native,MCCE_native,1,OK,15.25,0.0224056243896484,2.716433853738702,4.0
AUC,6,aligned,1,407,MCCE,bounded,MCCE_bounded,1,OK,15.25,0.0224056243896484,2.716433853738702,4.0
AUC,6,aligned,1,407,MCCE,bounded+edit,MCCE_bounded+edit,1,OK,15.25,0.0224056243896484,2.716433853738702,4.0
AUC,6,aligned,1,409,NICE,native,NICE_native,1,OK,15.05,0.0053179264068603,2.56,3.0
AUC,6,aligned,1,409,NICE,bounded,NICE_bounded,1,OK,15.05,0.0053179264068603,2.56,3.0
AUC,6,aligned,1,409,NICE,bounded+edit,NICE_bounded+edit,1,OK,15.05,0.0053179264068603,2.56,3.0
AUC,6,aligned,1,409,MCCE,native,MCCE_native,0,below_policy_threshold,15.0,0.0246360301971435,2.5733168172544447,4.0
AUC,6,aligned,1,409,MCCE,bounded,MCCE_bounded,0,below_policy_threshold,15.0,0.0246360301971435,2.5733168172544447,4.0
AUC,6,aligned,1,409,MCCE,bounded+edit,MCCE_bounded+edit,0,below_policy_threshold,15.0,0.0246360301971435,2.5733168172544447,4.0
AUC,6,aligned,1,421,NICE,native,NICE_native,0,below_policy_threshold,14.875,0.0054616928100585,2.56,3.0
AUC,6,aligned,1,421,NICE,bounded,NICE_bounded,0,below_policy_threshold,14.875,0.0054616928100585,2.56,3.0
AUC,6,aligned,1,421,NICE,bounded+edit,NICE_bounded+edit,0,below_policy_threshold,14.875,0.0054616928100585,2.56,3.0
AUC,6,aligned,1,421,MCCE,native,MCCE_native,0,below_policy_threshold,14.825,0.0234041213989257,2.6017631834357813,4.0
AUC,6,aligned,1,421,MCCE,bounded,MCCE_bounded,0,below_policy_threshold,14.825,0.0234041213989257,2.6017631834357813,4.0
AUC,6,aligned,1,421,MCCE,bounded+edit,MCCE_bounded+edit,0,below_policy_threshold,14.825,0.0234041213989257,2.6017631834357813,4.0
AUC,6,aligned,1,422,NICE,native,NICE_native,0,below_policy_threshold,15.0,0.0054693222045898,2.56,3.0
AUC,6,aligned,1,422,NICE,bounded,NICE_bounded,0,below_policy_threshold,15.0,0.0054693222045898,2.56,3.0
AUC,6,aligned,1,422,NICE,bounded+edit,NICE_bounded+edit,0,below_policy_threshold,15.0,0.0054693222045898,2.56,3.0
AUC,6,aligned,1,422,MCCE,native,MCCE_native,1,OK,15.15,0.0233364105224609,2.59,3.0
AUC,6,aligned,1,422,MCCE,bounded,MCCE_bounded,1,OK,15.15,0.0233364105224609,2.59,3.0
AUC,6,aligned,1,422,MCCE,bounded+edit,MCCE_bounded+edit,1,OK,15.15,0.0233364105224609,2.59,3.0
AUC,6,aligned,1,431,NICE,native,NICE_native,1,OK,15.05,0.0054461956024169,2.56,3.0
AUC,6,aligned,1,431,NICE,bounded,NICE_bounded,1,OK,15.05,0.0054461956024169,2.56,3.0
AUC,6,aligned,1,431,NICE,bounded+edit,NICE_bounded+edit,1,OK,15.05,0.0054461956024169,2.56,3.0
AUC,6,aligned,1,431,MCCE,native,MCCE_native,0,below_policy_threshold;out_of_bounds:sum_click,15.0,0.0242564678192138,2.592453831458289,4.0
AUC,6,aligned,1,431,MCCE,bounded,MCCE_bounded,0,below_policy_threshold,15.0,0.0242564678192138,2.605189980895776,4.0
AUC,6,aligned,1,431,MCCE,bounded+edit,MCCE_bounded+edit,0,below_policy_threshold,15.0,0.0242564678192138,2.605189980895776,4.0
AUC,6,aligned,1,438,NICE,native,NICE_native,1,OK,15.1,0.0054006576538085,2.57,3.0
AUC,6,aligned,1,438,NICE,bounded,NICE_bounded,1,OK,15.1,0.0054006576538085,2.57,3.0
AUC,6,aligned,1,438,NICE,bounded+edit,NICE_bounded+edit,1,OK,15.1,0.0054006576538085,2.57,3.0
AUC,6,aligned,1,438,MCCE,native,MCCE_native,0,below_policy_threshold,15.0,0.0260329246520996,2.5923056583818083,4.0
AUC,6,aligned,1,438,MCCE,bounded,MCCE_bounded,0,below_policy_threshold,15.0,0.0260329246520996,2.5923056583818083,4.0
AUC,6,aligned,1,438,MCCE,bounded+edit,MCCE_bounded+edit,0,below_policy_threshold,15.0,0.0260329246520996,2.5923056583818083,4.0
AUC,6,aligned,1,447,NICE,native,NICE_native,0,immutable_changed:Test_1,15.05,0.0068237781524658,2.56,3.0
AUC,6,aligned,1,447,NICE,bounded,NICE_bounded,0,below_policy_threshold;classifier_target_not_met,14.675,0.0068237781524658,2.56,3.0
AUC,6,aligned,1,447,NICE,bounded+edit,NICE_bounded+edit,0,below_policy_threshold;classifier_target_not_met,14.675,0.0068237781524658,2.56,3.0
AUC,6,aligned,1,447,MCCE,native,MCCE_native,0,below_policy_threshold,14.725,0.0232269763946533,2.68180391313696,4.0
AUC,6,aligned,1,447,MCCE,bounded,MCCE_bounded,0,below_policy_threshold,14.725,0.0232269763946533,2.68180391313696,4.0
AUC,6,aligned,1,447,MCCE,bounded+edit,MCCE_bounded+edit,0,below_policy_threshold,14.725,0.0232269763946533,2.68180391313696,4.0
AUC,6,aligned,1,448,NICE,native,NICE_native,0,below_policy_threshold;immutable_changed:Test_1,10.725,0.0054104328155517,1.77,2.0
AUC,6,aligned,1,448,NICE,bounded,NICE_bounded,0,below_policy_threshold;classifier_target_not_met,9.975,0.0054104328155517,1.77,2.0
AUC,6,aligned,1,448,NICE,bounded+edit,NICE_bounded+edit,0,below_policy_threshold;classifier_target_not_met,9.975,0.0054104328155517,1.77,2.0
AUC,6,aligned,1,448,MCCE,native,MCCE_native,0,no_candidate,,0.0162792205810546,,
AUC,6,aligned,1,448,MCCE,bounded,MCCE_bounded,0,no_candidate,,0.0162792205810546,,
AUC,6,aligned,1,448,MCCE,bounded+edit,MCCE_bounded+edit,0,no_candidate,,0.0162792205810546,,
AUC,6,aligned,1,454,NICE,native,NICE_native,0,below_policy_threshold,14.95,0.0053861141204833,2.56,3.0
AUC,6,aligned,1,454,NICE,bounded,NICE_bounded,0,below_policy_threshold,14.95,0.0053861141204833,2.56,3.0
AUC,6,aligned,1,454,NICE,bounded+edit,NICE_bounded+edit,0,below_policy_threshold,14.95,0.0053861141204833,2.56,3.0
AUC,6,aligned,1,454,MCCE,native,MCCE_native,1,OK,15.9,0.0239527225494384,2.75,3.0
AUC,6,aligned,1,454,MCCE,bounded,MCCE_bounded,1,OK,15.9,0.0239527225494384,2.75,3.0
AUC,6,aligned,1,454,MCCE,bounded+edit,MCCE_bounded+edit,1,OK,15.9,0.0239527225494384,2.75,3.0
AUC,6,aligned,1,463,NICE,native,NICE_native,0,below_policy_threshold;immutable_changed:Test_1,10.725,0.0055861473083496,1.77,2.0
AUC,6,aligned,1,463,NICE,bounded,NICE_bounded,0,below_policy_threshold;classifier_target_not_met,10.3,0.0055861473083496,1.77,2.0
AUC,6,aligned,1,463,NICE,bounded+edit,NICE_bounded+edit,1,OK,15.3,0.0055861473083496,2.77,3.0
AUC,6,aligned,1,463,MCCE,native,MCCE_native,0,below_policy_threshold,14.45,0.0229716300964355,2.857303671937818,4.0
AUC,6,aligned,1,463,MCCE,bounded,MCCE_bounded,0,below_policy_threshold,14.45,0.0229716300964355,2.857303671937818,4.0
AUC,6,aligned,1,463,MCCE,bounded+edit,MCCE_bounded+edit,0,below_policy_threshold,14.45,0.0229716300964355,2.857303671937818,4.0
AUC,6,aligned,1,471,NICE,native,NICE_native,0,below_policy_threshold,15.0,0.005406379699707,2.65,3.0
AUC,6,aligned,1,471,NICE,bounded,NICE_bounded,0,below_policy_threshold,15.0,0.005406379699707,2.65,3.0
AUC,6,aligned,1,471,NICE,bounded+edit,NICE_bounded+edit,0,below_policy_threshold,15.0,0.005406379699707,2.65,3.0
AUC,6,aligned,1,471,MCCE,native,MCCE_native,0,out_of_bounds:sum_click,15.25,0.0243432521820068,2.714331780723755,4.0
AUC,6,aligned,1,471,MCCE,bounded,MCCE_bounded,0,below_policy_threshold,14.75,0.0243432521820068,3.302257255463992,4.0
AUC,6,aligned,1,471,MCCE,bounded+edit,MCCE_bounded+edit,0,below_policy_threshold,14.75,0.0243432521820068,3.302257255463992,4.0
AUC,6,aligned,1,506,NICE,native,NICE_native,0,below_policy_threshold,15.0,0.0054869651794433,2.56,3.0
AUC,6,aligned,1,506,NICE,bounded,NICE_bounded,0,below_policy_threshold,15.0,0.0054869651794433,2.56,3.0
AUC,6,aligned,1,506,NICE,bounded+edit,NICE_bounded+edit,0,below_policy_threshold,15.0,0.0054869651794433,2.56,3.0
AUC,6,aligned,1,506,MCCE,native,MCCE_native,1,OK,15.15,0.0243270397186279,2.621487798478089,4.0
AUC,6,aligned,1,506,MCCE,bounded,MCCE_bounded,1,OK,15.15,0.0243270397186279,2.621487798478089,4.0
AUC,6,aligned,1,506,MCCE,bounded+edit,MCCE_bounded+edit,1,OK,15.15,0.0243270397186279,2.621487798478089,4.0
AUC,6,aligned,1,508,NICE,native,NICE_native,0,immutable_changed:Test_1,15.05,0.0071942806243896,2.56,3.0
AUC,6,aligned,1,508,NICE,bounded,NICE_bounded,0,below_policy_threshold;classifier_target_not_met,14.425,0.0071942806243896,2.56,3.0
AUC,6,aligned,1,508,NICE,bounded+edit,NICE_bounded+edit,0,below_policy_threshold;classifier_target_not_met,14.425,0.0071942806243896,2.56,3.0
AUC,6,aligned,1,508,MCCE,native,MCCE_native,0,below_policy_threshold,14.525,0.0234005451202392,3.006412750983233,4.0
AUC,6,aligned,1,508,MCCE,bounded,MCCE_bounded,0,below_policy_threshold,14.525,0.0234005451202392,3.006412750983233,4.0
AUC,6,aligned,1,508,MCCE,bounded+edit,MCCE_bounded+edit,0,below_policy_threshold,14.525,0.0234005451202392,3.006412750983233,4.0
AUC,6,aligned,1,526,NICE,native,NICE_native,0,immutable_changed:Test_1,15.05,0.0067629814147949,2.56,3.0
AUC,6,aligned,1,526,NICE,bounded,NICE_bounded,0,below_policy_threshold;classifier_target_not_met,14.05,0.0067629814147949,2.56,3.0
AUC,6,aligned,1,526,NICE,bounded+edit,NICE_bounded+edit,0,below_policy_threshold;classifier_target_not_met,14.05,0.0067629814147949,2.56,3.0
AUC,6,aligned,1,526,MCCE,native,MCCE_native,0,no_candidate,,0.0172791481018066,,
AUC,6,aligned,1,526,MCCE,bounded,MCCE_bounded,0,no_candidate,,0.0172791481018066,,
AUC,6,aligned,1,526,MCCE,bounded+edit,MCCE_bounded+edit,0,no_candidate,,0.0172791481018066,,
AUC,6,aligned,1,539,NICE,native,NICE_native,1,OK,15.05,0.005500316619873,2.56,3.0
AUC,6,aligned,1,539,NICE,bounded,NICE_bounded,1,OK,15.05,0.005500316619873,2.56,3.0
AUC,6,aligned,1,539,NICE,bounded+edit,NICE_bounded+edit,1,OK,15.05,0.005500316619873,2.56,3.0
AUC,6,aligned,1,539,MCCE,native,MCCE_native,0,below_policy_threshold;out_of_bounds:sum_click,15.0,0.0248689651489257,2.558211866146582,4.0
AUC,6,aligned,1,539,MCCE,bounded,MCCE_bounded,0,below_policy_threshold,15.0,0.0248689651489257,2.6362245945391094,4.0
AUC,6,aligned,1,539,MCCE,bounded+edit,MCCE_bounded+edit,0,below_policy_threshold,15.0,0.0248689651489257,2.6362245945391094,4.0
AUC,6,aligned,1,541,NICE,native,NICE_native,0,immutable_changed:Test_1,15.05,0.0068321228027343,2.56,3.0
AUC,6,aligned,1,541,NICE,bounded,NICE_bounded,0,below_policy_threshold;classifier_target_not_met,14.975,0.0068321228027343,2.56,3.0
AUC,6,aligned,1,541,NICE,bounded+edit,NICE_bounded+edit,0,below_policy_threshold;classifier_target_not_met,14.975,0.0068321228027343,2.56,3.0
AUC,6,aligned,1,541,MCCE,native,MCCE_native,0,out_of_bounds:sum_click,15.075,0.0228452682495117,2.623363045049385,4.0
AUC,6,aligned,1,541,MCCE,bounded,MCCE_bounded,1,OK,15.075,0.0228452682495117,2.6329992772825825,4.0
AUC,6,aligned,1,541,MCCE,bounded+edit,MCCE_bounded+edit,1,OK,15.075,0.0228452682495117,2.6329992772825825,4.0
AUC,6,aligned,1,542,NICE,native,NICE_native,1,OK,15.15,0.0055220127105712,2.63,3.0
AUC,6,aligned,1,542,NICE,bounded,NICE_bounded,1,OK,15.15,0.0055220127105712,2.63,3.0
AUC,6,aligned,1,542,NICE,bounded+edit,NICE_bounded+edit,1,OK,15.15,0.0055220127105712,2.63,3.0
AUC,6,aligned,1,542,MCCE,native,MCCE_native,0,below_policy_threshold;out_of_bounds:sum_click,14.7,0.0233607292175292,2.7410644589000595,4.0
AUC,6,aligned,1,542,MCCE,bounded,MCCE_bounded,0,below_policy_threshold,14.9,0.0233607292175292,2.6746185688941457,4.0
AUC,6,aligned,1,542,MCCE,bounded+edit,MCCE_bounded+edit,0,below_policy_threshold,14.9,0.0233607292175292,2.6746185688941457,4.0
AUC,6,aligned,1,546,NICE,native,NICE_native,1,OK,15.05,0.0052950382232666,2.65,3.0
AUC,6,aligned,1,546,NICE,bounded,NICE_bounded,1,OK,15.05,0.0052950382232666,2.65,3.0
AUC,6,aligned,1,546,NICE,bounded+edit,NICE_bounded+edit,1,OK,15.05,0.0052950382232666,2.65,3.0
AUC,6,aligned,1,546,MCCE,native,MCCE_native,1,OK,15.3,0.0252790451049804,2.762646828504307,4.0
AUC,6,aligned,1,546,MCCE,bounded,MCCE_bounded,1,OK,15.3,0.0252790451049804,2.762646828504307,4.0
AUC,6,aligned,1,546,MCCE,bounded+edit,MCCE_bounded+edit,1,OK,15.3,0.0252790451049804,2.762646828504307,4.0
AUC,6,aligned,1,561,NICE,native,NICE_native,1,OK,15.125,0.0053200721740722,2.6,3.0
AUC,6,aligned,1,561,NICE,bounded,NICE_bounded,1,OK,15.125,0.0053200721740722,2.6,3.0
AUC,6,aligned,1,561,NICE,bounded+edit,NICE_bounded+edit,1,OK,15.125,0.0053200721740722,2.6,3.0
AUC,6,aligned,1,561,MCCE,native,MCCE_native,0,below_policy_threshold,14.925,0.0239059925079345,2.9356574004507894,4.0
AUC,6,aligned,1,561,MCCE,bounded,MCCE_bounded,0,below_policy_threshold,14.925,0.0239059925079345,2.9356574004507894,4.0
AUC,6,aligned,1,561,MCCE,bounded+edit,MCCE_bounded+edit,0,below_policy_threshold,14.925,0.0239059925079345,2.9356574004507894,4.0
AUC,6,aligned,1,564,NICE,native,NICE_native,0,immutable_changed:Test_1,15.05,0.0066895484924316,2.56,3.0
AUC,6,aligned,1,564,NICE,bounded,NICE_bounded,0,below_policy_threshold;classifier_target_not_met,14.73125,0.0066895484924316,2.56,3.0
AUC,6,aligned,1,564,NICE,bounded+edit,NICE_bounded+edit,0,below_policy_threshold;classifier_target_not_met,14.73125,0.0066895484924316,2.56,3.0
AUC,6,aligned,1,564,MCCE,native,MCCE_native,0,below_policy_threshold,14.63125,0.0225303173065185,2.833415216649608,4.0
AUC,6,aligned,1,564,MCCE,bounded,MCCE_bounded,0,below_policy_threshold,14.63125,0.0225303173065185,2.833415216649608,4.0
AUC,6,aligned,1,564,MCCE,bounded+edit,MCCE_bounded+edit,0,below_policy_threshold,14.63125,0.0225303173065185,2.833415216649608,4.0
AUC,6,aligned,1,572,NICE,native,NICE_native,0,below_policy_threshold;immutable_changed:Test_1,10.725,0.0052728652954101,1.77,2.0
AUC,6,aligned,1,572,NICE,bounded,NICE_bounded,0,below_policy_threshold;classifier_target_not_met,10.35,0.0052728652954101,1.77,2.0
AUC,6,aligned,1,572,NICE,bounded+edit,NICE_bounded+edit,1,OK,15.35,0.0052728652954101,2.77,3.0
AUC,6,aligned,1,572,MCCE,native,MCCE_native,1,OK,15.45,0.0227270126342773,2.79,3.0
AUC,6,aligned,1,572,MCCE,bounded,MCCE_bounded,1,OK,15.45,0.0227270126342773,2.79,3.0
AUC,6,aligned,1,572,MCCE,bounded+edit,MCCE_bounded+edit,1,OK,15.45,0.0227270126342773,2.79,3.0
AUC,6,aligned,1,573,NICE,native,NICE_native,0,below_policy_threshold;immutable_changed:Test_1,10.725,0.0053772926330566,1.77,2.0
AUC,6,aligned,1,573,NICE,bounded,NICE_bounded,0,below_policy_threshold;classifier_target_not_met,10.225,0.0053772926330566,1.77,2.0
AUC,6,aligned,1,573,NICE,bounded+edit,NICE_bounded+edit,1,OK,15.225,0.0053772926330566,2.77,3.0
AUC,6,aligned,1,573,MCCE,native,MCCE_native,0,below_policy_threshold,14.375,0.0224666595458984,2.679707738292926,4.0
AUC,6,aligned,1,573,MCCE,bounded,MCCE_bounded,0,below_policy_threshold,14.375,0.0224666595458984,2.679707738292926,4.0
AUC,6,aligned,1,573,MCCE,bounded+edit,MCCE_bounded+edit,0,below_policy_threshold,14.375,0.0224666595458984,2.679707738292926,4.0
AUC,6,aligned,1,574,NICE,native,NICE_native,1,OK,15.05,0.0087418556213378,2.58,3.0
AUC,6,aligned,1,574,NICE,bounded,NICE_bounded,1,OK,15.05,0.0087418556213378,2.58,3.0
AUC,6,aligned,1,574,NICE,bounded+edit,NICE_bounded+edit,1,OK,15.05,0.0087418556213378,2.58,3.0
AUC,6,aligned,1,574,MCCE,native,MCCE_native,1,OK,15.05,0.0245265960693359,2.699256401262715,4.0
AUC,6,aligned,1,574,MCCE,bounded,MCCE_bounded,1,OK,15.05,0.0245265960693359,2.699256401262715,4.0
AUC,6,aligned,1,574,MCCE,bounded+edit,MCCE_bounded+edit,1,OK,15.05,0.0245265960693359,2.699256401262715,4.0
AUC,6,aligned,1,581,NICE,native,NICE_native,0,immutable_changed:Test_1,15.05,0.0067136287689208,2.56,3.0
AUC,6,aligned,1,581,NICE,bounded,NICE_bounded,0,below_policy_threshold;classifier_target_not_met,14.05,0.0067136287689208,2.56,3.0
AUC,6,aligned,1,581,NICE,bounded+edit,NICE_bounded+edit,0,below_policy_threshold;classifier_target_not_met,14.05,0.0067136287689208,2.56,3.0
AUC,6,aligned,1,581,MCCE,native,MCCE_native,0,no_candidate,,0.0183854103088378,,
AUC,6,aligned,1,581,MCCE,bounded,MCCE_bounded,0,no_candidate,,0.0183854103088378,,
AUC,6,aligned,1,581,MCCE,bounded+edit,MCCE_bounded+edit,0,no_candidate,,0.0183854103088378,,
AUC,6,aligned,1,586,NICE,native,NICE_native,0,immutable_changed:Test_1,15.05,0.0068445205688476,2.56,3.0
AUC,6,aligned,1,586,NICE,bounded,NICE_bounded,0,below_policy_threshold;classifier_target_not_met,12.8,0.0068445205688476,2.56,3.0
AUC,6,aligned,1,586,NICE,bounded+edit,NICE_bounded+edit,0,below_policy_threshold;classifier_target_not_met,12.8,0.0068445205688476,2.56,3.0
AUC,6,aligned,1,586,MCCE,native,MCCE_native,0,no_candidate,,0.0179226398468017,,
AUC,6,aligned,1,586,MCCE,bounded,MCCE_bounded,0,no_candidate,,0.0179226398468017,,
AUC,6,aligned,1,586,MCCE,bounded+edit,MCCE_bounded+edit,0,no_candidate,,0.0179226398468017,,
AUC,6,aligned,1,588,NICE,native,NICE_native,0,below_policy_threshold;immutable_changed:Test_1,10.725,0.0054891109466552,1.77,2.0
AUC,6,aligned,1,588,NICE,bounded,NICE_bounded,0,below_policy_threshold;classifier_target_not_met,8.85,0.0054891109466552,1.77,2.0
AUC,6,aligned,1,588,NICE,bounded+edit,NICE_bounded+edit,0,below_policy_threshold;classifier_target_not_met,8.85,0.0054891109466552,1.77,2.0
AUC,6,aligned,1,588,MCCE,native,MCCE_native,0,no_candidate,,0.0170710086822509,,
AUC,6,aligned,1,588,MCCE,bounded,MCCE_bounded,0,no_candidate,,0.0170710086822509,,
AUC,6,aligned,1,588,MCCE,bounded+edit,MCCE_bounded+edit,0,no_candidate,,0.0170710086822509,,
AUC,6,aligned,1,599,NICE,native,NICE_native,1,OK,15.075,0.0056154727935791,2.56,3.0
AUC,6,aligned,1,599,NICE,bounded,NICE_bounded,1,OK,15.075,0.0056154727935791,2.56,3.0
AUC,6,aligned,1,599,NICE,bounded+edit,NICE_bounded+edit,1,OK,15.075,0.0056154727935791,2.56,3.0
AUC,6,aligned,1,599,MCCE,native,MCCE_native,1,OK,15.075,0.0257208347320556,2.606306040833508,4.0
AUC,6,aligned,1,599,MCCE,bounded,MCCE_bounded,1,OK,15.075,0.0257208347320556,2.606306040833508,4.0
AUC,6,aligned,1,599,MCCE,bounded+edit,MCCE_bounded+edit,1,OK,15.075,0.0257208347320556,2.606306040833508,4.0
AUC,6,aligned,1,603,NICE,native,NICE_native,1,OK,15.025,0.0054438114166259,2.58,3.0
AUC,6,aligned,1,603,NICE,bounded,NICE_bounded,1,OK,15.025,0.0054438114166259,2.58,3.0
AUC,6,aligned,1,603,NICE,bounded+edit,NICE_bounded+edit,1,OK,15.025,0.0054438114166259,2.58,3.0
AUC,6,aligned,1,603,MCCE,native,MCCE_native,0,below_policy_threshold,14.925,0.0269904136657714,2.606314164415284,4.0
AUC,6,aligned,1,603,MCCE,bounded,MCCE_bounded,0,below_policy_threshold,14.925,0.0269904136657714,2.606314164415284,4.0
AUC,6,aligned,1,603,MCCE,bounded+edit,MCCE_bounded+edit,0,below_policy_threshold,14.925,0.0269904136657714,2.606314164415284,4.0
AUC,6,aligned,1,625,NICE,native,NICE_native,0,immutable_changed:Test_1,15.05,0.0066301822662353,2.56,3.0
AUC,6,aligned,1,625,NICE,bounded,NICE_bounded,0,below_policy_threshold;classifier_target_not_met,14.55,0.0066301822662353,2.56,3.0
AUC,6,aligned,1,625,NICE,bounded+edit,NICE_bounded+edit,0,below_policy_threshold;classifier_target_not_met,14.55,0.0066301822662353,2.56,3.0
AUC,6,aligned,1,625,MCCE,native,MCCE_native,1,OK,15.1,0.0230653285980224,2.746443371555019,4.0
AUC,6,aligned,1,625,MCCE,bounded,MCCE_bounded,1,OK,15.1,0.0230653285980224,2.746443371555019,4.0
AUC,6,aligned,1,625,MCCE,bounded+edit,MCCE_bounded+edit,1,OK,15.1,0.0230653285980224,2.746443371555019,4.0
AUC,6,aligned,1,645,NICE,native,NICE_native,0,below_policy_threshold,14.8,0.0054309368133544,2.56,3.0
AUC,6,aligned,1,645,NICE,bounded,NICE_bounded,0,below_policy_threshold,14.8,0.0054309368133544,2.56,3.0
AUC,6,aligned,1,645,NICE,bounded+edit,NICE_bounded+edit,0,below_policy_threshold,14.8,0.0054309368133544,2.56,3.0
AUC,6,aligned,1,645,MCCE,native,MCCE_native,0,below_policy_threshold;out_of_bounds:sum_click,14.75,0.0238034725189209,2.563373453694417,4.0
AUC,6,aligned,1,645,MCCE,bounded,MCCE_bounded,0,below_policy_threshold,14.75,0.0238034725189209,2.563373453694417,4.0
AUC,6,aligned,1,645,MCCE,bounded+edit,MCCE_bounded+edit,0,below_policy_threshold,14.75,0.0238034725189209,2.563373453694417,4.0
AUC,6,aligned,1,646,NICE,native,NICE_native,1,OK,15.05,0.0055112838745117,2.56,3.0
AUC,6,aligned,1,646,NICE,bounded,NICE_bounded,1,OK,15.05,0.0055112838745117,2.56,3.0
AUC,6,aligned,1,646,NICE,bounded+edit,NICE_bounded+edit,1,OK,15.05,0.0055112838745117,2.56,3.0
AUC,6,aligned,1,646,MCCE,native,MCCE_native,1,OK,15.9,0.0243041515350341,2.73,3.0
AUC,6,aligned,1,646,MCCE,bounded,MCCE_bounded,1,OK,15.9,0.0243041515350341,2.73,3.0
AUC,6,aligned,1,646,MCCE,bounded+edit,MCCE_bounded+edit,1,OK,15.9,0.0243041515350341,2.73,3.0
AUC,6,aligned,1,647,NICE,native,NICE_native,0,below_policy_threshold,14.95,0.0053591728210449,2.65,3.0
AUC,6,aligned,1,647,NICE,bounded,NICE_bounded,0,below_policy_threshold,14.95,0.0053591728210449,2.65,3.0
AUC,6,aligned,1,647,NICE,bounded+edit,NICE_bounded+edit,0,below_policy_threshold,14.95,0.0053591728210449,2.65,3.0
AUC,6,aligned,1,647,MCCE,native,MCCE_native,0,no_candidate,,0.0163099765777587,,
AUC,6,aligned,1,647,MCCE,bounded,MCCE_bounded,0,no_candidate,,0.0163099765777587,,
AUC,6,aligned,1,647,MCCE,bounded+edit,MCCE_bounded+edit,0,no_candidate,,0.0163099765777587,,
AUC,6,aligned,1,650,NICE,native,NICE_native,0,immutable_changed:Test_1,15.2,0.0069477558135986,2.63,3.0
AUC,6,aligned,1,650,NICE,bounded,NICE_bounded,0,below_policy_threshold;classifier_target_not_met,14.65,0.0069477558135986,2.63,3.0
AUC,6,aligned,1,650,NICE,bounded+edit,NICE_bounded+edit,0,below_policy_threshold;classifier_target_not_met,14.65,0.0069477558135986,2.63,3.0
AUC,6,aligned,1,650,MCCE,native,MCCE_native,1,OK,15.25,0.0223050117492675,3.1256574004507893,4.0
AUC,6,aligned,1,650,MCCE,bounded,MCCE_bounded,1,OK,15.25,0.0223050117492675,3.1256574004507893,4.0
AUC,6,aligned,1,650,MCCE,bounded+edit,MCCE_bounded+edit,1,OK,15.25,0.0223050117492675,3.1256574004507893,4.0
AUC,6,aligned,1,658,NICE,native,NICE_native,0,below_policy_threshold,15.0,0.0056049823760986,2.56,3.0
AUC,6,aligned,1,658,NICE,bounded,NICE_bounded,0,below_policy_threshold,15.0,0.0056049823760986,2.56,3.0
AUC,6,aligned,1,658,NICE,bounded+edit,NICE_bounded+edit,0,below_policy_threshold,15.0,0.0056049823760986,2.56,3.0
AUC,6,aligned,1,658,MCCE,native,MCCE_native,1,OK,15.15,0.0241684913635253,2.59,3.0
AUC,6,aligned,1,658,MCCE,bounded,MCCE_bounded,1,OK,15.15,0.0241684913635253,2.59,3.0
AUC,6,aligned,1,658,MCCE,bounded+edit,MCCE_bounded+edit,1,OK,15.15,0.0241684913635253,2.59,3.0
AUC,6,aligned,1,663,NICE,native,NICE_native,0,immutable_changed:Test_1,15.05,0.0070452690124511,2.56,3.0
AUC,6,aligned,1,663,NICE,bounded,NICE_bounded,0,below_policy_threshold;classifier_target_not_met,14.75,0.0070452690124511,2.56,3.0
AUC,6,aligned,1,663,NICE,bounded+edit,NICE_bounded+edit,0,below_policy_threshold;classifier_target_not_met,14.75,0.0070452690124511,2.56,3.0
AUC,6,aligned,1,663,MCCE,native,MCCE_native,0,below_policy_threshold,15.0,0.023130178451538,2.876861634070554,4.0
AUC,6,aligned,1,663,MCCE,bounded,MCCE_bounded,0,below_policy_threshold,15.0,0.023130178451538,2.876861634070554,4.0
AUC,6,aligned,1,663,MCCE,bounded+edit,MCCE_bounded+edit,0,below_policy_threshold,15.0,0.023130178451538,2.876861634070554,4.0
AUC,6,aligned,2,0,NICE,native,NICE_native,0,below_policy_threshold,14.85,0.004056692123413,1.7199999999999998,2.0
AUC,6,aligned,2,0,NICE,bounded,NICE_bounded,0,below_policy_threshold,14.85,0.004056692123413,1.7199999999999998,2.0
AUC,6,aligned,2,0,NICE,bounded+edit,NICE_bounded+edit,0,below_policy_threshold,14.85,0.004056692123413,1.7199999999999998,2.0
AUC,6,aligned,2,0,MCCE,native,MCCE_native,0,out_of_bounds:sum_click,15.25,0.0382537841796875,5.090043290043303,3.0
AUC,6,aligned,2,0,MCCE,bounded,MCCE_bounded,0,no_candidate,,0.0382537841796875,,
AUC,6,aligned,2,0,MCCE,bounded+edit,MCCE_bounded+edit,0,no_candidate,,0.0382537841796875,,
AUC,6,aligned,2,2,NICE,native,NICE_native,0,below_policy_threshold;immutable_changed:Test_2,15.0,0.0055465698242187,1.65,2.0
AUC,6,aligned,2,2,NICE,bounded,NICE_bounded,0,below_policy_threshold;classifier_target_not_met,10.45,0.0055465698242187,1.65,2.0
AUC,6,aligned,2,2,NICE,bounded+edit,NICE_bounded+edit,0,below_policy_threshold;classifier_target_not_met,10.45,0.0055465698242187,1.65,2.0
AUC,6,aligned,2,2,MCCE,native,MCCE_native,0,no_candidate,,0.0133345127105712,,
AUC,6,aligned,2,2,MCCE,bounded,MCCE_bounded,0,no_candidate,,0.0133345127105712,,
AUC,6,aligned,2,2,MCCE,bounded+edit,MCCE_bounded+edit,0,no_candidate,,0.0133345127105712,,
AUC,6,aligned,2,17,NICE,native,NICE_native,0,below_policy_threshold;immutable_changed:Test_2,14.9,0.0053949356079101,1.7400000000000002,2.0
AUC,6,aligned,2,17,NICE,bounded,NICE_bounded,0,below_policy_threshold;classifier_target_not_met,14.45,0.0053949356079101,1.7400000000000002,2.0
AUC,6,aligned,2,17,NICE,bounded+edit,NICE_bounded+edit,0,below_policy_threshold;classifier_target_not_met,14.45,0.0053949356079101,1.7400000000000002,2.0
AUC,6,aligned,2,17,MCCE,native,MCCE_native,0,below_policy_threshold;out_of_bounds:sum_click,14.8,0.0207123756408691,1.8450754121360928,3.0
AUC,6,aligned,2,17,MCCE,bounded,MCCE_bounded,0,below_policy_threshold,14.8,0.0207123756408691,1.915226236408278,3.0
AUC,6,aligned,2,17,MCCE,bounded+edit,MCCE_bounded+edit,0,below_policy_threshold,14.8,0.0207123756408691,1.915226236408278,3.0
AUC,6,aligned,2,37,NICE,native,NICE_native,0,immutable_changed:Test_1;immutable_changed:Test_2,15.05,0.0069379806518554,1.65,2.0
AUC,6,aligned,2,37,NICE,bounded,NICE_bounded,0,below_policy_threshold;classifier_target_not_met,14.2,0.0069379806518554,1.65,2.0
AUC,6,aligned,2,37,NICE,bounded+edit,NICE_bounded+edit,0,below_policy_threshold;classifier_target_not_met,14.2,0.0069379806518554,1.65,2.0
AUC,6,aligned,2,37,MCCE,native,MCCE_native,1,OK,15.4,0.0225799083709716,1.9701442596674013,3.0
AUC,6,aligned,2,37,MCCE,bounded,MCCE_bounded,1,OK,15.4,0.0225799083709716,1.9701442596674013,3.0
AUC,6,aligned,2,37,MCCE,bounded+edit,MCCE_bounded+edit,1,OK,15.4,0.0225799083709716,1.9701442596674013,3.0
AUC,6,aligned,2,40,NICE,native,NICE_native,0,immutable_changed:Test_1;immutable_changed:Test_2,15.05,0.008331298828125,1.65,2.0
AUC,6,aligned,2,40,NICE,bounded,NICE_bounded,0,below_policy_threshold;classifier_target_not_met,13.95,0.008331298828125,1.65,2.0
AUC,6,aligned,2,40,NICE,bounded+edit,NICE_bounded+edit,0,below_policy_threshold;classifier_target_not_met,13.95,0.008331298828125,1.65,2.0
AUC,6,aligned,2,40,MCCE,native,MCCE_native,0,below_policy_threshold,14.750000000000002,0.021369457244873,2.0546483180428137,3.0
AUC,6,aligned,2,40,MCCE,bounded,MCCE_bounded,0,below_policy_threshold,14.750000000000002,0.021369457244873,2.0546483180428137,3.0
AUC,6,aligned,2,40,MCCE,bounded+edit,MCCE_bounded+edit,0,below_policy_threshold,14.750000000000002,0.021369457244873,2.0546483180428137,3.0
AUC,6,aligned,2,43,NICE,native,NICE_native,0,below_policy_threshold;immutable_changed:Test_2,10.725,0.0041174888610839,0.85,1.0
AUC,6,aligned,2,43,NICE,bounded,NICE_bounded,0,below_policy_threshold;classifier_target_not_met,8.625,0.0041174888610839,0.85,1.0
AUC,6,aligned,2,43,NICE,bounded+edit,NICE_bounded+edit,0,below_policy_threshold;classifier_target_not_met,8.625,0.0041174888610839,0.85,1.0
AUC,6,aligned,2,43,MCCE,native,MCCE_native,0,no_candidate,,0.013951301574707,,
AUC,6,aligned,2,43,MCCE,bounded,MCCE_bounded,0,no_candidate,,0.013951301574707,,
AUC,6,aligned,2,43,MCCE,bounded+edit,MCCE_bounded+edit,0,no_candidate,,0.013951301574707,,
AUC,6,aligned,2,56,NICE,native,NICE_native,0,below_policy_threshold;immutable_changed:Test_2,15.0,0.0059010982513427,1.8,2.0
AUC,6,aligned,2,56,NICE,bounded,NICE_bounded,0,below_policy_threshold;classifier_target_not_met,14.5,0.0059010982513427,1.8,2.0
AUC,6,aligned,2,56,NICE,bounded+edit,NICE_bounded+edit,0,below_policy_threshold;classifier_target_not_met,14.5,0.0059010982513427,1.8,2.0
AUC,6,aligned,2,56,MCCE,native,MCCE_native,0,below_policy_threshold,14.6,0.0341615676879882,1.82,2.0
AUC,6,aligned,2,56,MCCE,bounded,MCCE_bounded,0,below_policy_threshold,14.6,0.0341615676879882,1.82,2.0
AUC,6,aligned,2,56,MCCE,bounded+edit,MCCE_bounded+edit,0,below_policy_threshold,14.6,0.0341615676879882,1.82,2.0
AUC,6,aligned,2,59,NICE,native,NICE_native,0,immutable_changed:Test_1;immutable_changed:Test_2,15.05,0.0069582462310791,1.65,2.0
AUC,6,aligned,2,59,NICE,bounded,NICE_bounded,0,below_policy_threshold;classifier_target_not_met,9.625,0.0069582462310791,1.65,2.0
AUC,6,aligned,2,59,NICE,bounded+edit,NICE_bounded+edit,0,below_policy_threshold;classifier_target_not_met,9.625,0.0069582462310791,1.65,2.0
AUC,6,aligned,2,59,MCCE,native,MCCE_native,0,no_candidate,,0.0139601230621337,,
AUC,6,aligned,2,59,MCCE,bounded,MCCE_bounded,0,no_candidate,,0.0139601230621337,,
AUC,6,aligned,2,59,MCCE,bounded+edit,MCCE_bounded+edit,0,no_candidate,,0.0139601230621337,,
AUC,6,aligned,2,79,NICE,native,NICE_native,0,below_policy_threshold;immutable_changed:Test_2,14.975,0.005469799041748,1.73,2.0
AUC,6,aligned,2,79,NICE,bounded,NICE_bounded,0,below_policy_threshold;classifier_target_not_met,13.275,0.005469799041748,1.73,2.0
AUC,6,aligned,2,79,NICE,bounded+edit,NICE_bounded+edit,0,below_policy_threshold;classifier_target_not_met,13.275,0.005469799041748,1.73,2.0
AUC,6,aligned,2,79,MCCE,native,MCCE_native,0,no_candidate,,0.014054536819458,,
AUC,6,aligned,2,79,MCCE,bounded,MCCE_bounded,0,no_candidate,,0.014054536819458,,
AUC,6,aligned,2,79,MCCE,bounded+edit,MCCE_bounded+edit,0,no_candidate,,0.014054536819458,,
AUC,6,aligned,2,93,NICE,native,NICE_native,0,immutable_changed:Test_2,15.225,0.0053203105926513,1.65,2.0
AUC,6,aligned,2,93,NICE,bounded,NICE_bounded,0,below_policy_threshold;classifier_target_not_met,10.675,0.0053203105926513,1.65,2.0
AUC,6,aligned,2,93,NICE,bounded+edit,NICE_bounded+edit,0,below_policy_threshold;classifier_target_not_met,10.675,0.0053203105926513,1.65,2.0
AUC,6,aligned,2,93,MCCE,native,MCCE_native,0,no_candidate,,0.0131855010986328,,
AUC,6,aligned,2,93,MCCE,bounded,MCCE_bounded,0,no_candidate,,0.0131855010986328,,
AUC,6,aligned,2,93,MCCE,bounded+edit,MCCE_bounded+edit,0,no_candidate,,0.0131855010986328,,
AUC,6,aligned,2,95,NICE,native,NICE_native,0,below_policy_threshold;immutable_changed:Test_2,14.9,0.0053715705871582,1.66,2.0
AUC,6,aligned,2,95,NICE,bounded,NICE_bounded,0,below_policy_threshold;classifier_target_not_met,10.4,0.0053715705871582,1.66,2.0
AUC,6,aligned,2,95,NICE,bounded+edit,NICE_bounded+edit,0,below_policy_threshold;classifier_target_not_met,10.4,0.0053715705871582,1.66,2.0
AUC,6,aligned,2,95,MCCE,native,MCCE_native,0,no_candidate,,0.0134382247924804,,
AUC,6,aligned,2,95,MCCE,bounded,MCCE_bounded,0,no_candidate,,0.0134382247924804,,
AUC,6,aligned,2,95,MCCE,bounded+edit,MCCE_bounded+edit,0,no_candidate,,0.0134382247924804,,
AUC,6,aligned,2,103,NICE,native,NICE_native,0,immutable_changed:Test_2,15.05,0.0056498050689697,1.81,2.0
AUC,6,aligned,2,103,NICE,bounded,NICE_bounded,0,below_policy_threshold;classifier_target_not_met,13.55,0.0056498050689697,1.81,2.0
AUC,6,aligned,2,103,NICE,bounded+edit,NICE_bounded+edit,0,below_policy_threshold;classifier_target_not_met,13.55,0.0056498050689697,1.81,2.0
AUC,6,aligned,2,103,MCCE,native,MCCE_native,0,no_candidate,,0.0141072273254394,,
AUC,6,aligned,2,103,MCCE,bounded,MCCE_bounded,0,no_candidate,,0.0141072273254394,,
AUC,6,aligned,2,103,MCCE,bounded+edit,MCCE_bounded+edit,0,no_candidate,,0.0141072273254394,,
AUC,6,aligned,2,106,NICE,native,NICE_native,0,immutable_changed:Test_1;immutable_changed:Test_2,15.05,0.0070183277130126,1.65,2.0
AUC,6,aligned,2,106,NICE,bounded,NICE_bounded,0,below_policy_threshold;classifier_target_not_met,14.625,0.0070183277130126,1.65,2.0
AUC,6,aligned,2,106,NICE,bounded+edit,NICE_bounded+edit,0,below_policy_threshold;classifier_target_not_met,14.625,0.0070183277130126,1.65,2.0
AUC,6,aligned,2,106,MCCE,native,MCCE_native,1,OK,15.075,0.020017385482788,1.879725367381354,3.0
AUC,6,aligned,2,106,MCCE,bounded,MCCE_bounded,1,OK,15.075,0.020017385482788,1.879725367381354,3.0
AUC,6,aligned,2,106,MCCE,bounded+edit,MCCE_bounded+edit,1,OK,15.075,0.020017385482788,1.879725367381354,3.0
AUC,6,aligned,2,107,NICE,native,NICE_native,0,immutable_changed:Test_1;immutable_changed:Test_2,15.05,0.0066912174224853,1.65,2.0
AUC,6,aligned,2,107,NICE,bounded,NICE_bounded,0,below_policy_threshold;classifier_target_not_met,14.725,0.0066912174224853,1.65,2.0
AUC,6,aligned,2,107,NICE,bounded+edit,NICE_bounded+edit,0,below_policy_threshold;classifier_target_not_met,14.725,0.0066912174224853,1.65,2.0
AUC,6,aligned,2,107,MCCE,native,MCCE_native,1,OK,15.375,0.0200772285461425,1.8409888913090835,3.0
AUC,6,aligned,2,107,MCCE,bounded,MCCE_bounded,1,OK,15.375,0.0200772285461425,1.8409888913090835,3.0
AUC,6,aligned,2,107,MCCE,bounded+edit,MCCE_bounded+edit,1,OK,15.375,0.0200772285461425,1.8409888913090835,3.0
AUC,6,aligned,2,115,NICE,native,NICE_native,0,below_policy_threshold;immutable_changed:Test_1;immutable_changed:Test_2,10.725,0.0053396224975585,0.85,1.0
AUC,6,aligned,2,115,NICE,bounded,NICE_bounded,0,below_policy_threshold;classifier_target_not_met,8.375,0.0053396224975585,0.85,1.0
AUC,6,aligned,2,115,NICE,bounded+edit,NICE_bounded+edit,0,below_policy_threshold;classifier_target_not_met,8.375,0.0053396224975585,0.85,1.0
AUC,6,aligned,2,115,MCCE,native,MCCE_native,0,no_candidate,,0.0140910148620605,,
AUC,6,aligned,2,115,MCCE,bounded,MCCE_bounded,0,no_candidate,,0.0140910148620605,,
AUC,6,aligned,2,115,MCCE,bounded+edit,MCCE_bounded+edit,0,no_candidate,,0.0140910148620605,,
AUC,6,aligned,2,117,NICE,native,NICE_native,0,immutable_changed:Test_2,15.1,0.0055828094482421,1.67,2.0
AUC,6,aligned,2,117,NICE,bounded,NICE_bounded,0,below_policy_threshold;classifier_target_not_met,13.1,0.0055828094482421,1.67,2.0
AUC,6,aligned,2,117,NICE,bounded+edit,NICE_bounded+edit,0,below_policy_threshold;classifier_target_not_met,13.1,0.0055828094482421,1.67,2.0
AUC,6,aligned,2,117,MCCE,native,MCCE_native,0,no_candidate,,0.0139691829681396,,
AUC,6,aligned,2,117,MCCE,bounded,MCCE_bounded,0,no_candidate,,0.0139691829681396,,
AUC,6,aligned,2,117,MCCE,bounded+edit,MCCE_bounded+edit,0,no_candidate,,0.0139691829681396,,
AUC,6,aligned,2,122,NICE,native,NICE_native,0,below_policy_threshold;immutable_changed:Test_1;immutable_changed:Test_2,10.725,0.0054142475128173,0.85,1.0
AUC,6,aligned,2,122,NICE,bounded,NICE_bounded,0,below_policy_threshold;classifier_target_not_met,5.7,0.0054142475128173,0.85,1.0
AUC,6,aligned,2,122,NICE,bounded+edit,NICE_bounded+edit,0,below_policy_threshold;classifier_target_not_met,5.7,0.0054142475128173,0.85,1.0
AUC,6,aligned,2,122,MCCE,native,MCCE_native,0,no_candidate,,0.0133578777313232,,
AUC,6,aligned,2,122,MCCE,bounded,MCCE_bounded,0,no_candidate,,0.0133578777313232,,
AUC,6,aligned,2,122,MCCE,bounded+edit,MCCE_bounded+edit,0,no_candidate,,0.0133578777313232,,
AUC,6,aligned,2,138,NICE,native,NICE_native,0,below_policy_threshold;immutable_changed:Test_2,10.7,0.0040347576141357,0.85,1.0
AUC,6,aligned,2,138,NICE,bounded,NICE_bounded,0,below_policy_threshold;classifier_target_not_met,10.35,0.0040347576141357,0.85,1.0
AUC,6,aligned,2,138,NICE,bounded+edit,NICE_bounded+edit,1,OK,15.35,0.0040347576141357,1.85,2.0
AUC,6,aligned,2,138,MCCE,native,MCCE_native,0,no_candidate,,0.013232946395874,,
AUC,6,aligned,2,138,MCCE,bounded,MCCE_bounded,0,no_candidate,,0.013232946395874,,
AUC,6,aligned,2,138,MCCE,bounded+edit,MCCE_bounded+edit,0,no_candidate,,0.013232946395874,,
AUC,6,aligned,2,153,NICE,native,NICE_native,0,immutable_changed:Test_2,15.05,0.0073812007904052,1.65,2.0
AUC,6,aligned,2,153,NICE,bounded,NICE_bounded,0,below_policy_threshold;classifier_target_not_met,14.25,0.0073812007904052,1.65,2.0
AUC,6,aligned,2,153,NICE,bounded+edit,NICE_bounded+edit,0,below_policy_threshold;classifier_target_not_met,14.25,0.0073812007904052,1.65,2.0
AUC,6,aligned,2,153,MCCE,native,MCCE_native,0,below_policy_threshold;out_of_bounds:sum_click,15.0,0.0227901935577392,1.8871459694989108,3.0
AUC,6,aligned,2,153,MCCE,bounded,MCCE_bounded,0,below_policy_threshold,15.0,0.0227901935577392,1.8919874122488505,3.0
AUC,6,aligned,2,153,MCCE,bounded+edit,MCCE_bounded+edit,0,below_policy_threshold,15.0,0.0227901935577392,1.8919874122488505,3.0
AUC,6,aligned,2,169,NICE,native,NICE_native,0,immutable_changed:Test_1,15.4,0.0055155754089355,1.65,2.0
AUC,6,aligned,2,169,NICE,bounded,NICE_bounded,0,classifier_target_not_met,15.125,0.0055155754089355,1.65,2.0
AUC,6,aligned,2,169,NICE,bounded+edit,NICE_bounded+edit,0,classifier_target_not_met,15.125,0.0055155754089355,1.65,2.0
AUC,6,aligned,2,169,MCCE,native,MCCE_native,1,OK,15.875,0.0197136402130126,1.8092785896543728,3.0
AUC,6,aligned,2,169,MCCE,bounded,MCCE_bounded,1,OK,15.875,0.0197136402130126,1.8092785896543728,3.0
AUC,6,aligned,2,169,MCCE,bounded+edit,MCCE_bounded+edit,1,OK,15.875,0.0197136402130126,1.8092785896543728,3.0
AUC,6,aligned,2,178,NICE,native,NICE_native,1,OK,15.1,0.0040881633758544,1.7199999999999998,2.0
AUC,6,aligned,2,178,NICE,bounded,NICE_bounded,1,OK,15.1,0.0040881633758544,1.7199999999999998,2.0
AUC,6,aligned,2,178,NICE,bounded+edit,NICE_bounded+edit,1,OK,15.1,0.0040881633758544,1.7199999999999998,2.0
AUC,6,aligned,2,178,MCCE,native,MCCE_native,0,out_of_bounds:sum_click,15.5,0.017686128616333,15.313513513513625,3.0
AUC,6,aligned,2,178,MCCE,bounded,MCCE_bounded,0,no_candidate,,0.017686128616333,,
AUC,6,aligned,2,178,MCCE,bounded+edit,MCCE_bounded+edit,0,no_candidate,,0.017686128616333,,
AUC,6,aligned,2,185,NICE,native,NICE_native,0,below_policy_threshold;immutable_changed:Test_1;immutable_changed:Test_2,10.725,0.0054457187652587,0.85,1.0
AUC,6,aligned,2,185,NICE,bounded,NICE_bounded,0,below_policy_threshold;classifier_target_not_met,10.125,0.0054457187652587,0.85,1.0
AUC,6,aligned,2,185,NICE,bounded+edit,NICE_bounded+edit,1,OK,15.125,0.0054457187652587,1.85,2.0
AUC,6,aligned,2,185,MCCE,native,MCCE_native,0,no_candidate,,0.0149216651916503,,
AUC,6,aligned,2,185,MCCE,bounded,MCCE_bounded,0,no_candidate,,0.0149216651916503,,
AUC,6,aligned,2,185,MCCE,bounded+edit,MCCE_bounded+edit,0,no_candidate,,0.0149216651916503,,
AUC,6,aligned,2,188,NICE,native,NICE_native,1,OK,15.2,0.0041756629943847,1.7199999999999998,2.0
AUC,6,aligned,2,188,NICE,bounded,NICE_bounded,1,OK,15.2,0.0041756629943847,1.7199999999999998,2.0
AUC,6,aligned,2,188,NICE,bounded+edit,NICE_bounded+edit,1,OK,15.2,0.0041756629943847,1.7199999999999998,2.0
AUC,6,aligned,2,188,MCCE,native,MCCE_native,0,out_of_bounds:sum_click,15.15,0.0188956260681152,2.8864705882353148,3.0
AUC,6,aligned,2,188,MCCE,bounded,MCCE_bounded,0,no_candidate,,0.0188956260681152,,
AUC,6,aligned,2,188,MCCE,bounded+edit,MCCE_bounded+edit,0,no_candidate,,0.0188956260681152,,
AUC,6,aligned,2,199,NICE,native,NICE_native,0,immutable_changed:Test_2,15.025,0.0055711269378662,1.65,2.0
AUC,6,aligned,2,199,NICE,bounded,NICE_bounded,0,below_policy_threshold;classifier_target_not_met,14.575,0.0055711269378662,1.65,2.0
AUC,6,aligned,2,199,NICE,bounded+edit,NICE_bounded+edit,0,below_policy_threshold;classifier_target_not_met,14.575,0.0055711269378662,1.65,2.0
AUC,6,aligned,2,199,MCCE,native,MCCE_native,1,OK,15.425,0.021461009979248,2.1229596830575623,3.0
AUC,6,aligned,2,199,MCCE,bounded,MCCE_bounded,1,OK,15.425,0.021461009979248,2.1229596830575623,3.0
AUC,6,aligned,2,199,MCCE,bounded+edit,MCCE_bounded+edit,1,OK,15.425,0.021461009979248,2.1229596830575623,3.0
AUC,6,aligned,2,203,NICE,native,NICE_native,0,below_policy_threshold,14.975,0.0041151046752929,1.73,2.0
AUC,6,aligned,2,203,NICE,bounded,NICE_bounded,0,below_policy_threshold,14.975,0.0041151046752929,1.73,2.0
AUC,6,aligned,2,203,NICE,bounded+edit,NICE_bounded+edit,0,below_policy_threshold,14.975,0.0041151046752929,1.73,2.0
AUC,6,aligned,2,203,MCCE,native,MCCE_native,0,out_of_bounds:sum_click,15.225,0.0203354358673095,1.7979051029543422,3.0
AUC,6,aligned,2,203,MCCE,bounded,MCCE_bounded,1,OK,15.225,0.0203354358673095,2.2694061474186813,3.0
AUC,6,aligned,2,203,MCCE,bounded+edit,MCCE_bounded+edit,1,OK,15.225,0.0203354358673095,2.2694061474186813,3.0
AUC,6,aligned,2,207,NICE,native,NICE_native,0,below_policy_threshold;immutable_changed:Test_2,15.0,0.0055851936340332,1.73,2.0
AUC,6,aligned,2,207,NICE,bounded,NICE_bounded,0,below_policy_threshold;classifier_target_not_met,13.55,0.0055851936340332,1.73,2.0
AUC,6,aligned,2,207,NICE,bounded+edit,NICE_bounded+edit,0,below_policy_threshold;classifier_target_not_met,13.55,0.0055851936340332,1.73,2.0
AUC,6,aligned,2,207,MCCE,native,MCCE_native,0,no_candidate,,0.0230357646942138,,
AUC,6,aligned,2,207,MCCE,bounded,MCCE_bounded,0,no_candidate,,0.0230357646942138,,
AUC,6,aligned,2,207,MCCE,bounded+edit,MCCE_bounded+edit,0,no_candidate,,0.0230357646942138,,
AUC,6,aligned,2,208,NICE,native,NICE_native,0,immutable_changed:Test_1;immutable_changed:Test_2,15.05,0.0095694065093994,1.65,2.0
AUC,6,aligned,2,208,NICE,bounded,NICE_bounded,0,below_policy_threshold;classifier_target_not_met,12.75,0.0095694065093994,1.65,2.0
AUC,6,aligned,2,208,NICE,bounded+edit,NICE_bounded+edit,0,below_policy_threshold;classifier_target_not_met,12.75,0.0095694065093994,1.65,2.0
AUC,6,aligned,2,208,MCCE,native,MCCE_native,0,no_candidate,,0.0186679363250732,,
AUC,6,aligned,2,208,MCCE,bounded,MCCE_bounded,0,no_candidate,,0.0186679363250732,,
AUC,6,aligned,2,208,MCCE,bounded+edit,MCCE_bounded+edit,0,no_candidate,,0.0186679363250732,,
AUC,6,aligned,2,217,NICE,native,NICE_native,0,below_policy_threshold;immutable_changed:Test_2,10.725,0.0042901039123535,0.85,1.0
AUC,6,aligned,2,217,NICE,bounded,NICE_bounded,0,below_policy_threshold;classifier_target_not_met,9.125,0.0042901039123535,0.85,1.0
AUC,6,aligned,2,217,NICE,bounded+edit,NICE_bounded+edit,0,below_policy_threshold;classifier_target_not_met,9.125,0.0042901039123535,0.85,1.0
AUC,6,aligned,2,217,MCCE,native,MCCE_native,0,no_candidate,,0.013810396194458,,
AUC,6,aligned,2,217,MCCE,bounded,MCCE_bounded,0,no_candidate,,0.013810396194458,,
AUC,6,aligned,2,217,MCCE,bounded+edit,MCCE_bounded+edit,0,no_candidate,,0.013810396194458,,
AUC,6,aligned,2,223,NICE,native,NICE_native,0,immutable_changed:Test_2,15.025,0.0052645206451416,1.66,2.0
AUC,6,aligned,2,223,NICE,bounded,NICE_bounded,0,below_policy_threshold;classifier_target_not_met,14.925,0.0052645206451416,1.66,2.0
AUC,6,aligned,2,223,NICE,bounded+edit,NICE_bounded+edit,0,below_policy_threshold;classifier_target_not_met,14.925,0.0052645206451416,1.66,2.0
AUC,6,aligned,2,223,MCCE,native,MCCE_native,1,OK,15.175,0.020277976989746,1.803156574704407,3.0
AUC,6,aligned,2,223,MCCE,bounded,MCCE_bounded,1,OK,15.175,0.020277976989746,1.803156574704407,3.0
AUC,6,aligned,2,223,MCCE,bounded+edit,MCCE_bounded+edit,1,OK,15.175,0.020277976989746,1.803156574704407,3.0
AUC,6,aligned,2,231,NICE,native,NICE_native,0,immutable_changed:Test_2,15.2,0.0052485466003417,1.66,2.0
AUC,6,aligned,2,231,NICE,bounded,NICE_bounded,0,below_policy_threshold;classifier_target_not_met,10.7,0.0052485466003417,1.66,2.0
AUC,6,aligned,2,231,NICE,bounded+edit,NICE_bounded+edit,0,below_policy_threshold;classifier_target_not_met,10.7,0.0052485466003417,1.66,2.0
AUC,6,aligned,2,231,MCCE,native,MCCE_native,0,no_candidate,,0.0132906436920166,,
AUC,6,aligned,2,231,MCCE,bounded,MCCE_bounded,0,no_candidate,,0.0132906436920166,,
AUC,6,aligned,2,231,MCCE,bounded+edit,MCCE_bounded+edit,0,no_candidate,,0.0132906436920166,,
AUC,6,aligned,2,232,NICE,native,NICE_native,0,immutable_changed:Test_1;immutable_changed:Test_2,15.15,0.0064563751220703,1.7400000000000002,2.0
AUC,6,aligned,2,232,NICE,bounded,NICE_bounded,0,below_policy_threshold;classifier_target_not_met,13.075,0.0064563751220703,1.7400000000000002,2.0
AUC,6,aligned,2,232,NICE,bounded+edit,NICE_bounded+edit,0,below_policy_threshold;classifier_target_not_met,13.075,0.0064563751220703,1.7400000000000002,2.0
AUC,6,aligned,2,232,MCCE,native,MCCE_native,0,no_candidate,,0.0148437023162841,,
AUC,6,aligned,2,232,MCCE,bounded,MCCE_bounded,0,no_candidate,,0.0148437023162841,,
AUC,6,aligned,2,232,MCCE,bounded+edit,MCCE_bounded+edit,0,no_candidate,,0.0148437023162841,,
AUC,6,aligned,2,237,NICE,native,NICE_native,0,immutable_changed:Test_2,15.25,0.0053451061248779,1.6800000000000002,2.0
AUC,6,aligned,2,237,NICE,bounded,NICE_bounded,0,below_policy_threshold;classifier_target_not_met,14.7,0.0053451061248779,1.6800000000000002,2.0
AUC,6,aligned,2,237,NICE,bounded+edit,NICE_bounded+edit,0,below_policy_threshold;classifier_target_not_met,14.7,0.0053451061248779,1.6800000000000002,2.0
AUC,6,aligned,2,237,MCCE,native,MCCE_native,0,out_of_bounds:sum_click,15.4,0.0203025341033935,1.9597624039133472,3.0
AUC,6,aligned,2,237,MCCE,bounded,MCCE_bounded,1,OK,15.4,0.0203025341033935,2.127477288609364,3.0
AUC,6,aligned,2,237,MCCE,bounded+edit,MCCE_bounded+edit,1,OK,15.4,0.0203025341033935,2.127477288609364,3.0
AUC,6,aligned,2,242,NICE,native,NICE_native,0,below_policy_threshold,14.925,0.0042598247528076,1.66,2.0
AUC,6,aligned,2,242,NICE,bounded,NICE_bounded,0,below_policy_threshold,14.925,0.0042598247528076,1.66,2.0
AUC,6,aligned,2,242,NICE,bounded+edit,NICE_bounded+edit,0,below_policy_threshold,14.925,0.0042598247528076,1.66,2.0
AUC,6,aligned,2,242,MCCE,native,MCCE_native,1,OK,15.075,0.0212652683258056,1.7262428269405012,3.0
AUC,6,aligned,2,242,MCCE,bounded,MCCE_bounded,1,OK,15.075,0.0212652683258056,1.7262428269405012,3.0
AUC,6,aligned,2,242,MCCE,bounded+edit,MCCE_bounded+edit,1,OK,15.075,0.0212652683258056,1.7262428269405012,3.0
AUC,6,aligned,2,247,NICE,native,NICE_native,0,below_policy_threshold;immutable_changed:Test_2,14.85,0.0053739547729492,1.66,2.0
AUC,6,aligned,2,247,NICE,bounded,NICE_bounded,0,below_policy_threshold;classifier_target_not_met,13.85,0.0053739547729492,1.66,2.0
AUC,6,aligned,2,247,NICE,bounded+edit,NICE_bounded+edit,0,below_policy_threshold;classifier_target_not_met,13.85,0.0053739547729492,1.66,2.0
AUC,6,aligned,2,247,MCCE,native,MCCE_native,0,below_policy_threshold,14.75,0.021181583404541,1.955466423579459,3.0
AUC,6,aligned,2,247,MCCE,bounded,MCCE_bounded,0,below_policy_threshold,14.75,0.021181583404541,1.955466423579459,3.0
AUC,6,aligned,2,247,MCCE,bounded+edit,MCCE_bounded+edit,0,below_policy_threshold,14.75,0.021181583404541,1.955466423579459,3.0
AUC,6,aligned,2,257,NICE,native,NICE_native,0,immutable_changed:Test_2,15.1,0.0053534507751464,1.67,2.0
AUC,6,aligned,2,257,NICE,bounded,NICE_bounded,0,below_policy_threshold;classifier_target_not_met,15.0,0.0053534507751464,1.67,2.0
AUC,6,aligned,2,257,NICE,bounded+edit,NICE_bounded+edit,0,below_policy_threshold;classifier_target_not_met,15.0,0.0053534507751464,1.67,2.0
AUC,6,aligned,2,257,MCCE,native,MCCE_native,0,out_of_bounds:sum_click,15.2,0.0205647945404052,2.0710573823339784,3.0
AUC,6,aligned,2,257,MCCE,bounded,MCCE_bounded,1,OK,15.2,0.0205647945404052,2.4321147646679564,3.0
AUC,6,aligned,2,257,MCCE,bounded+edit,MCCE_bounded+edit,1,OK,15.2,0.0205647945404052,2.4321147646679564,3.0
AUC,6,aligned,2,260,NICE,native,NICE_native,0,below_policy_threshold;immutable_changed:Test_1;immutable_changed:Test_2,10.725,0.0055868625640869,0.85,1.0
AUC,6,aligned,2,260,NICE,bounded,NICE_bounded,0,below_policy_threshold;classifier_target_not_met,9.5,0.0055868625640869,0.85,1.0
AUC,6,aligned,2,260,NICE,bounded+edit,NICE_bounded+edit,0,below_policy_threshold;classifier_target_not_met,9.5,0.0055868625640869,0.85,1.0
AUC,6,aligned,2,260,MCCE,native,MCCE_native,0,no_candidate,,0.0143883228302001,,
AUC,6,aligned,2,260,MCCE,bounded,MCCE_bounded,0,no_candidate,,0.0143883228302001,,
AUC,6,aligned,2,260,MCCE,bounded+edit,MCCE_bounded+edit,0,no_candidate,,0.0143883228302001,,
AUC,6,aligned,2,265,NICE,native,NICE_native,0,immutable_changed:Test_2,15.1,0.0054945945739746,1.67,2.0
AUC,6,aligned,2,265,NICE,bounded,NICE_bounded,0,below_policy_threshold;classifier_target_not_met,14.9,0.0054945945739746,1.67,2.0
AUC,6,aligned,2,265,NICE,bounded+edit,NICE_bounded+edit,0,below_policy_threshold;classifier_target_not_met,14.9,0.0054945945739746,1.67,2.0
AUC,6,aligned,2,265,MCCE,native,MCCE_native,0,out_of_bounds:sum_click,15.1,0.0216665267944335,1.850464613722312,3.0
AUC,6,aligned,2,265,MCCE,bounded,MCCE_bounded,1,OK,15.55,0.0216665267944335,1.8972447325769852,3.0
AUC,6,aligned,2,265,MCCE,bounded+edit,MCCE_bounded+edit,1,OK,15.55,0.0216665267944335,1.8972447325769852,3.0
AUC,6,aligned,2,286,NICE,native,NICE_native,1,OK,15.125,0.0042784214019775,1.7000000000000002,2.0
AUC,6,aligned,2,286,NICE,bounded,NICE_bounded,1,OK,15.125,0.0042784214019775,1.7000000000000002,2.0
AUC,6,aligned,2,286,NICE,bounded+edit,NICE_bounded+edit,1,OK,15.125,0.0042784214019775,1.7000000000000002,2.0
AUC,6,aligned,2,286,MCCE,native,MCCE_native,1,OK,15.125,0.0185663700103759,1.7000000000000002,2.0
AUC,6,aligned,2,286,MCCE,bounded,MCCE_bounded,1,OK,15.125,0.0185663700103759,1.7000000000000002,2.0
AUC,6,aligned,2,286,MCCE,bounded+edit,MCCE_bounded+edit,1,OK,15.125,0.0185663700103759,1.7000000000000002,2.0
AUC,6,aligned,2,291,NICE,native,NICE_native,0,immutable_changed:Test_2,15.175,0.0054757595062255,1.66,2.0
AUC,6,aligned,2,291,NICE,bounded,NICE_bounded,0,below_policy_threshold;classifier_target_not_met,14.575,0.0054757595062255,1.66,2.0
AUC,6,aligned,2,291,NICE,bounded+edit,NICE_bounded+edit,0,below_policy_threshold;classifier_target_not_met,14.575,0.0054757595062255,1.66,2.0
AUC,6,aligned,2,291,MCCE,native,MCCE_native,1,OK,15.2,0.0209372043609619,1.8251031223145235,3.0
AUC,6,aligned,2,291,MCCE,bounded,MCCE_bounded,1,OK,15.2,0.0209372043609619,1.8251031223145235,3.0
AUC,6,aligned,2,291,MCCE,bounded+edit,MCCE_bounded+edit,1,OK,15.2,0.0209372043609619,1.8251031223145235,3.0
AUC,6,aligned,2,299,NICE,native,NICE_native,0,immutable_changed:Test_1;immutable_changed:Test_2,15.05,0.0067694187164306,1.65,2.0
AUC,6,aligned,2,299,NICE,bounded,NICE_bounded,0,below_policy_threshold;classifier_target_not_met,14.7,0.0067694187164306,1.65,2.0
AUC,6,aligned,2,299,NICE,bounded+edit,NICE_bounded+edit,0,below_policy_threshold;classifier_target_not_met,14.7,0.0067694187164306,1.65,2.0
AUC,6,aligned,2,299,MCCE,native,MCCE_native,0,below_policy_threshold,14.9,0.0209791660308837,1.903103604624801,3.0
AUC,6,aligned,2,299,MCCE,bounded,MCCE_bounded,0,below_policy_threshold,14.9,0.0209791660308837,1.903103604624801,3.0
AUC,6,aligned,2,299,MCCE,bounded+edit,MCCE_bounded+edit,0,below_policy_threshold,14.9,0.0209791660308837,1.903103604624801,3.0
AUC,6,aligned,2,309,NICE,native,NICE_native,0,immutable_changed:Test_2,15.05,0.0055360794067382,1.66,2.0
AUC,6,aligned,2,309,NICE,bounded,NICE_bounded,0,below_policy_threshold;classifier_target_not_met,14.95,0.0055360794067382,1.66,2.0
AUC,6,aligned,2,309,NICE,bounded+edit,NICE_bounded+edit,0,below_policy_threshold;classifier_target_not_met,14.95,0.0055360794067382,1.66,2.0
AUC,6,aligned,2,309,MCCE,native,MCCE_native,0,out_of_bounds:sum_click,15.15,0.0215187072753906,1.7576202823393834,3.0
AUC,6,aligned,2,309,MCCE,bounded,MCCE_bounded,1,OK,15.15,0.0215187072753906,1.8613367905502736,3.0
AUC,6,aligned,2,309,MCCE,bounded+edit,MCCE_bounded+edit,1,OK,15.15,0.0215187072753906,1.8613367905502736,3.0
AUC,6,aligned,2,311,NICE,native,NICE_native,0,immutable_changed:Test_2,15.15,0.0054833889007568,1.7800000000000002,2.0
AUC,6,aligned,2,311,NICE,bounded,NICE_bounded,0,below_policy_threshold;classifier_target_not_met,14.4,0.0054833889007568,1.7800000000000002,2.0
AUC,6,aligned,2,311,NICE,bounded+edit,NICE_bounded+edit,0,below_policy_threshold;classifier_target_not_met,14.4,0.0054833889007568,1.7800000000000002,2.0
AUC,6,aligned,2,311,MCCE,native,MCCE_native,0,below_policy_threshold;out_of_bounds:sum_click,14.7,0.0178401470184326,2.002074554294976,3.0
AUC,6,aligned,2,311,MCCE,bounded,MCCE_bounded,0,no_candidate,,0.0178401470184326,,
AUC,6,aligned,2,311,MCCE,bounded+edit,MCCE_bounded+edit,0,no_candidate,,0.0178401470184326,,
AUC,6,aligned,2,336,NICE,native,NICE_native,0,immutable_changed:Test_1;immutable_changed:Test_2,15.05,0.0067222118377685,1.65,2.0
AUC,6,aligned,2,336,NICE,bounded,NICE_bounded,0,below_policy_threshold;classifier_target_not_met,9.75,0.0067222118377685,1.65,2.0
AUC,6,aligned,2,336,NICE,bounded+edit,NICE_bounded+edit,0,below_policy_threshold;classifier_target_not_met,9.75,0.0067222118377685,1.65,2.0
AUC,6,aligned,2,336,MCCE,native,MCCE_native,0,no_candidate,,0.0134916305541992,,
AUC,6,aligned,2,336,MCCE,bounded,MCCE_bounded,0,no_candidate,,0.0134916305541992,,
AUC,6,aligned,2,336,MCCE,bounded+edit,MCCE_bounded+edit,0,no_candidate,,0.0134916305541992,,
AUC,6,aligned,2,343,NICE,native,NICE_native,0,below_policy_threshold;immutable_changed:Test_2,14.975,0.0055077075958251,1.66,2.0
AUC,6,aligned,2,343,NICE,bounded,NICE_bounded,0,below_policy_threshold;classifier_target_not_met,14.375,0.0055077075958251,1.66,2.0
AUC,6,aligned,2,343,NICE,bounded+edit,NICE_bounded+edit,0,below_policy_threshold;classifier_target_not_met,14.375,0.0055077075958251,1.66,2.0
AUC,6,aligned,2,343,MCCE,native,MCCE_native,0,below_policy_threshold,14.925,0.0228219032287597,1.99075055187638,3.0
AUC,6,aligned,2,343,MCCE,bounded,MCCE_bounded,0,below_policy_threshold,14.925,0.0228219032287597,1.99075055187638,3.0
AUC,6,aligned,2,343,MCCE,bounded+edit,MCCE_bounded+edit,0,below_policy_threshold,14.925,0.0228219032287597,1.99075055187638,3.0
AUC,6,aligned,2,356,NICE,native,NICE_native,0,immutable_changed:Test_1;immutable_changed:Test_2,15.225,0.0067813396453857,1.8,2.0
AUC,6,aligned,2,356,NICE,bounded,NICE_bounded,0,below_policy_threshold;classifier_target_not_met,13.5,0.0067813396453857,1.8,2.0
AUC,6,aligned,2,356,NICE,bounded+edit,NICE_bounded+edit,0,below_policy_threshold;classifier_target_not_met,13.5,0.0067813396453857,1.8,2.0
AUC,6,aligned,2,356,MCCE,native,MCCE_native,0,no_candidate,,0.0121071338653564,,
AUC,6,aligned,2,356,MCCE,bounded,MCCE_bounded,0,no_candidate,,0.0121071338653564,,
AUC,6,aligned,2,356,MCCE,bounded+edit,MCCE_bounded+edit,0,no_candidate,,0.0121071338653564,,
AUC,6,aligned,2,363,NICE,native,NICE_native,0,below_policy_threshold,11.075,0.0028192996978759,0.93,1.0
AUC,6,aligned,2,363,NICE,bounded,NICE_bounded,0,below_policy_threshold,11.075,0.0028192996978759,0.93,1.0
AUC,6,aligned,2,363,NICE,bounded+edit,NICE_bounded+edit,1,OK,15.519444444444444,0.0028192996978759,1.818888888888889,2.0
AUC,6,aligned,2,363,MCCE,native,MCCE_native,0,below_policy_threshold;out_of_bounds:sum_click,14.825,0.0175163745880126,4.914501347708903,3.0
AUC,6,aligned,2,363,MCCE,bounded,MCCE_bounded,0,no_candidate,,0.0175163745880126,,
AUC,6,aligned,2,363,MCCE,bounded+edit,MCCE_bounded+edit,0,no_candidate,,0.0175163745880126,,
AUC,6,aligned,2,384,NICE,native,NICE_native,0,immutable_changed:Test_2,15.125,0.0054106712341308,1.7800000000000002,2.0
AUC,6,aligned,2,384,NICE,bounded,NICE_bounded,0,below_policy_threshold;classifier_target_not_met,10.875,0.0054106712341308,1.7800000000000002,2.0
AUC,6,aligned,2,384,NICE,bounded+edit,NICE_bounded+edit,0,below_policy_threshold;classifier_target_not_met,10.875,0.0054106712341308,1.7800000000000002,2.0
AUC,6,aligned,2,384,MCCE,native,MCCE_native,0,no_candidate,,0.0156571865081787,,
AUC,6,aligned,2,384,MCCE,bounded,MCCE_bounded,0,no_candidate,,0.0156571865081787,,
AUC,6,aligned,2,384,MCCE,bounded+edit,MCCE_bounded+edit,0,no_candidate,,0.0156571865081787,,
AUC,6,aligned,2,390,NICE,native,NICE_native,0,immutable_changed:Test_1;immutable_changed:Test_2,15.05,0.0067372322082519,1.65,2.0
AUC,6,aligned,2,390,NICE,bounded,NICE_bounded,0,below_policy_threshold;classifier_target_not_met,13.25,0.0067372322082519,1.65,2.0
AUC,6,aligned,2,390,NICE,bounded+edit,NICE_bounded+edit,0,below_policy_threshold;classifier_target_not_met,13.25,0.0067372322082519,1.65,2.0
AUC,6,aligned,2,390,MCCE,native,MCCE_native,0,no_candidate,,0.0139520168304443,,
AUC,6,aligned,2,390,MCCE,bounded,MCCE_bounded,0,no_candidate,,0.0139520168304443,,
AUC,6,aligned,2,390,MCCE,bounded+edit,MCCE_bounded+edit,0,no_candidate,,0.0139520168304443,,
AUC,6,aligned,2,407,NICE,native,NICE_native,0,below_policy_threshold;immutable_changed:Test_2,15.0,0.0053026676177978,1.73,2.0
AUC,6,aligned,2,407,NICE,bounded,NICE_bounded,0,below_policy_threshold;classifier_target_not_met,10.4,0.0053026676177978,1.73,2.0
AUC,6,aligned,2,407,NICE,bounded+edit,NICE_bounded+edit,0,below_policy_threshold;classifier_target_not_met,10.4,0.0053026676177978,1.73,2.0
AUC,6,aligned,2,407,MCCE,native,MCCE_native,0,no_candidate,,0.0136089324951171,,
AUC,6,aligned,2,407,MCCE,bounded,MCCE_bounded,0,no_candidate,,0.0136089324951171,,
AUC,6,aligned,2,407,MCCE,bounded+edit,MCCE_bounded+edit,0,no_candidate,,0.0136089324951171,,
AUC,6,aligned,2,409,NICE,native,NICE_native,0,immutable_changed:Test_2,15.05,0.0054476261138916,1.66,2.0
AUC,6,aligned,2,409,NICE,bounded,NICE_bounded,0,below_policy_threshold;classifier_target_not_met,14.55,0.0054476261138916,1.66,2.0
AUC,6,aligned,2,409,NICE,bounded+edit,NICE_bounded+edit,0,below_policy_threshold;classifier_target_not_met,14.55,0.0054476261138916,1.66,2.0
AUC,6,aligned,2,409,MCCE,native,MCCE_native,0,below_policy_threshold,15.0,0.0205278396606445,1.773316817254445,3.0
AUC,6,aligned,2,409,MCCE,bounded,MCCE_bounded,0,below_policy_threshold,15.0,0.0205278396606445,1.773316817254445,3.0
AUC,6,aligned,2,409,MCCE,bounded+edit,MCCE_bounded+edit,0,below_policy_threshold,15.0,0.0205278396606445,1.773316817254445,3.0
AUC,6,aligned,2,421,NICE,native,NICE_native,0,below_policy_threshold;immutable_changed:Test_2,14.875,0.0054280757904052,1.66,2.0
AUC,6,aligned,2,421,NICE,bounded,NICE_bounded,0,below_policy_threshold;classifier_target_not_met,14.675,0.0054280757904052,1.66,2.0
AUC,6,aligned,2,421,NICE,bounded+edit,NICE_bounded+edit,0,below_policy_threshold;classifier_target_not_met,14.675,0.0054280757904052,1.66,2.0
AUC,6,aligned,2,421,MCCE,native,MCCE_native,0,below_policy_threshold,14.825,0.0202348232269287,1.7417631834357812,3.0
AUC,6,aligned,2,421,MCCE,bounded,MCCE_bounded,0,below_policy_threshold,14.825,0.0202348232269287,1.7417631834357812,3.0
AUC,6,aligned,2,421,MCCE,bounded+edit,MCCE_bounded+edit,0,below_policy_threshold,14.825,0.0202348232269287,1.7417631834357812,3.0
AUC,6,aligned,2,431,NICE,native,NICE_native,0,immutable_changed:Test_2,15.05,0.0054962635040283,1.65,2.0
AUC,6,aligned,2,431,NICE,bounded,NICE_bounded,0,below_policy_threshold;classifier_target_not_met,14.875,0.0054962635040283,1.65,2.0
AUC,6,aligned,2,431,NICE,bounded+edit,NICE_bounded+edit,0,below_policy_threshold;classifier_target_not_met,14.875,0.0054962635040283,1.65,2.0
AUC,6,aligned,2,431,MCCE,native,MCCE_native,1,OK,15.125,0.0208120346069335,1.746699214604118,3.0
AUC,6,aligned,2,431,MCCE,bounded,MCCE_bounded,1,OK,15.125,0.0208120346069335,1.746699214604118,3.0
AUC,6,aligned,2,431,MCCE,bounded+edit,MCCE_bounded+edit,1,OK,15.125,0.0208120346069335,1.746699214604118,3.0
AUC,6,aligned,2,440,NICE,native,NICE_native,0,immutable_changed:Test_2,15.15,0.0055224895477294,1.65,2.0
AUC,6,aligned,2,440,NICE,bounded,NICE_bounded,0,below_policy_threshold;classifier_target_not_met,10.6,0.0055224895477294,1.65,2.0
AUC,6,aligned,2,440,NICE,bounded+edit,NICE_bounded+edit,0,below_policy_threshold;classifier_target_not_met,10.6,0.0055224895477294,1.65,2.0
AUC,6,aligned,2,440,MCCE,native,MCCE_native,0,no_candidate,,0.0161771774291992,,
AUC,6,aligned,2,440,MCCE,bounded,MCCE_bounded,0,no_candidate,,0.0161771774291992,,
AUC,6,aligned,2,440,MCCE,bounded+edit,MCCE_bounded+edit,0,no_candidate,,0.0161771774291992,,
AUC,6,aligned,2,447,NICE,native,NICE_native,0,immutable_changed:Test_1;immutable_changed:Test_2,15.05,0.0067663192749023,1.65,2.0
AUC,6,aligned,2,447,NICE,bounded,NICE_bounded,0,below_policy_threshold;classifier_target_not_met,14.125,0.0067663192749023,1.65,2.0
AUC,6,aligned,2,447,NICE,bounded+edit,NICE_bounded+edit,0,below_policy_threshold;classifier_target_not_met,14.125,0.0067663192749023,1.65,2.0
AUC,6,aligned,2,447,MCCE,native,MCCE_native,0,below_policy_threshold,14.875,0.0210163593292236,2.006407224252849,3.0
AUC,6,aligned,2,447,MCCE,bounded,MCCE_bounded,0,below_policy_threshold,14.875,0.0210163593292236,2.006407224252849,3.0
AUC,6,aligned,2,447,MCCE,bounded+edit,MCCE_bounded+edit,0,below_policy_threshold,14.875,0.0210163593292236,2.006407224252849,3.0
AUC,6,aligned,2,448,NICE,native,NICE_native,0,below_policy_threshold;immutable_changed:Test_1;immutable_changed:Test_2,10.725,0.0055644512176513,0.85,1.0
AUC,6,aligned,2,448,NICE,bounded,NICE_bounded,0,below_policy_threshold;classifier_target_not_met,7.625,0.0055644512176513,0.85,1.0
AUC,6,aligned,2,448,NICE,bounded+edit,NICE_bounded+edit,0,below_policy_threshold;classifier_target_not_met,7.625,0.0055644512176513,0.85,1.0
AUC,6,aligned,2,448,MCCE,native,MCCE_native,0,no_candidate,,0.0144686698913574,,
AUC,6,aligned,2,448,MCCE,bounded,MCCE_bounded,0,no_candidate,,0.0144686698913574,,
AUC,6,aligned,2,448,MCCE,bounded+edit,MCCE_bounded+edit,0,no_candidate,,0.0144686698913574,,
AUC,6,aligned,2,463,NICE,native,NICE_native,0,below_policy_threshold;immutable_changed:Test_1,11.075,0.0043327808380126,0.85,1.0
AUC,6,aligned,2,463,NICE,bounded,NICE_bounded,0,below_policy_threshold;classifier_target_not_met,10.65,0.0043327808380126,0.85,1.0
AUC,6,aligned,2,463,NICE,bounded+edit,NICE_bounded+edit,1,OK,15.094444444444443,0.0043327808380126,1.738888888888889,2.0
AUC,6,aligned,2,463,MCCE,native,MCCE_native,0,out_of_bounds:sum_click,15.4,0.0215027332305908,1.864325917984455,3.0
AUC,6,aligned,2,463,MCCE,bounded,MCCE_bounded,1,OK,15.75,0.0215027332305908,1.9021629589922275,3.0
AUC,6,aligned,2,463,MCCE,bounded+edit,MCCE_bounded+edit,1,OK,15.75,0.0215027332305908,1.9021629589922275,3.0
AUC,6,aligned,2,471,NICE,native,NICE_native,0,below_policy_threshold;immutable_changed:Test_2,15.0,0.0054211616516113,1.73,2.0
AUC,6,aligned,2,471,NICE,bounded,NICE_bounded,0,below_policy_threshold;classifier_target_not_met,10.4,0.0054211616516113,1.73,2.0
AUC,6,aligned,2,471,NICE,bounded+edit,NICE_bounded+edit,0,below_policy_threshold;classifier_target_not_met,10.4,0.0054211616516113,1.73,2.0
AUC,6,aligned,2,471,MCCE,native,MCCE_native,0,no_candidate,,0.0137965679168701,,
AUC,6,aligned,2,471,MCCE,bounded,MCCE_bounded,0,no_candidate,,0.0137965679168701,,
AUC,6,aligned,2,471,MCCE,bounded+edit,MCCE_bounded+edit,0,no_candidate,,0.0137965679168701,,
AUC,6,aligned,2,506,NICE,native,NICE_native,0,below_policy_threshold;immutable_changed:Test_2,15.0,0.0054030418395996,1.66,2.0
AUC,6,aligned,2,506,NICE,bounded,NICE_bounded,0,below_policy_threshold;classifier_target_not_met,14.0,0.0054030418395996,1.66,2.0
AUC,6,aligned,2,506,NICE,bounded+edit,NICE_bounded+edit,0,below_policy_threshold;classifier_target_not_met,14.0,0.0054030418395996,1.66,2.0
AUC,6,aligned,2,506,MCCE,native,MCCE_native,0,no_candidate,,0.0144779682159423,,
AUC,6,aligned,2,506,MCCE,bounded,MCCE_bounded,0,no_candidate,,0.0144779682159423,,
AUC,6,aligned,2,506,MCCE,bounded+edit,MCCE_bounded+edit,0,no_candidate,,0.0144779682159423,,
AUC,6,aligned,2,508,NICE,native,NICE_native,0,immutable_changed:Test_1;immutable_changed:Test_2,15.05,0.006791353225708,1.65,2.0
AUC,6,aligned,2,508,NICE,bounded,NICE_bounded,0,below_policy_threshold;classifier_target_not_met,12.375,0.006791353225708,1.65,2.0
AUC,6,aligned,2,508,NICE,bounded+edit,NICE_bounded+edit,0,below_policy_threshold;classifier_target_not_met,12.375,0.006791353225708,1.65,2.0
AUC,6,aligned,2,508,MCCE,native,MCCE_native,0,no_candidate,,0.01424241065979,,
AUC,6,aligned,2,508,MCCE,bounded,MCCE_bounded,0,no_candidate,,0.01424241065979,,
AUC,6,aligned,2,508,MCCE,bounded+edit,MCCE_bounded+edit,0,no_candidate,,0.01424241065979,,
AUC,6,aligned,2,526,NICE,native,NICE_native,0,immutable_changed:Test_1;immutable_changed:Test_2,15.05,0.0066332817077636,1.65,2.0
AUC,6,aligned,2,526,NICE,bounded,NICE_bounded,0,below_policy_threshold;classifier_target_not_met,9.5,0.0066332817077636,1.65,2.0
AUC,6,aligned,2,526,NICE,bounded+edit,NICE_bounded+edit,0,below_policy_threshold;classifier_target_not_met,9.5,0.0066332817077636,1.65,2.0
AUC,6,aligned,2,526,MCCE,native,MCCE_native,0,no_candidate,,0.0135753154754638,,
AUC,6,aligned,2,526,MCCE,bounded,MCCE_bounded,0,no_candidate,,0.0135753154754638,,
AUC,6,aligned,2,526,MCCE,bounded+edit,MCCE_bounded+edit,0,no_candidate,,0.0135753154754638,,
AUC,6,aligned,2,539,NICE,native,NICE_native,0,immutable_changed:Test_2,15.05,0.0054574012756347,1.65,2.0
AUC,6,aligned,2,539,NICE,bounded,NICE_bounded,0,below_policy_threshold;classifier_target_not_met,14.5,0.0054574012756347,1.65,2.0
AUC,6,aligned,2,539,NICE,bounded+edit,NICE_bounded+edit,0,below_policy_threshold;classifier_target_not_met,14.5,0.0054574012756347,1.65,2.0
AUC,6,aligned,2,539,MCCE,native,MCCE_native,1,OK,15.2,0.0201895236968994,1.8269533976596184,3.0
AUC,6,aligned,2,539,MCCE,bounded,MCCE_bounded,1,OK,15.2,0.0201895236968994,1.8269533976596184,3.0
AUC,6,aligned,2,539,MCCE,bounded+edit,MCCE_bounded+edit,1,OK,15.2,0.0201895236968994,1.8269533976596184,3.0
AUC,6,aligned,2,541,NICE,native,NICE_native,0,immutable_changed:Test_1;immutable_changed:Test_2,15.05,0.0066256523132324,1.65,2.0
AUC,6,aligned,2,541,NICE,bounded,NICE_bounded,0,below_policy_threshold;classifier_target_not_met,14.775,0.0066256523132324,1.65,2.0
AUC,6,aligned,2,541,NICE,bounded+edit,NICE_bounded+edit,0,below_policy_threshold;classifier_target_not_met,14.775,0.0066256523132324,1.65,2.0
AUC,6,aligned,2,541,MCCE,native,MCCE_native,0,out_of_bounds:sum_click,15.025,0.0203206539154052,1.7096362322331968,3.0
AUC,6,aligned,2,541,MCCE,bounded,MCCE_bounded,1,OK,15.025,0.0203206539154052,1.8108166706817637,3.0
AUC,6,aligned,2,541,MCCE,bounded+edit,MCCE_bounded+edit,1,OK,15.025,0.0203206539154052,1.8108166706817637,3.0
AUC,6,aligned,2,542,NICE,native,NICE_native,1,OK,15.1,0.0042312145233154,1.7800000000000002,2.0
AUC,6,aligned,2,542,NICE,bounded,NICE_bounded,1,OK,15.1,0.0042312145233154,1.7800000000000002,2.0
AUC,6,aligned,2,542,NICE,bounded+edit,NICE_bounded+edit,1,OK,15.1,0.0042312145233154,1.7800000000000002,2.0
AUC,6,aligned,2,542,MCCE,native,MCCE_native,0,below_policy_threshold,14.7,0.0197470188140869,1.7946185688941456,3.0
AUC,6,aligned,2,542,MCCE,bounded,MCCE_bounded,0,below_policy_threshold,14.7,0.0197470188140869,1.7946185688941456,3.0
AUC,6,aligned,2,542,MCCE,bounded+edit,MCCE_bounded+edit,0,below_policy_threshold,14.7,0.0197470188140869,1.7946185688941456,3.0
AUC,6,aligned,2,546,NICE,native,NICE_native,0,immutable_changed:Test_2,15.05,0.0052440166473388,1.73,2.0
AUC,6,aligned,2,546,NICE,bounded,NICE_bounded,0,below_policy_threshold;classifier_target_not_met,14.75,0.0052440166473388,1.73,2.0
AUC,6,aligned,2,546,NICE,bounded+edit,NICE_bounded+edit,0,below_policy_threshold;classifier_target_not_met,14.75,0.0052440166473388,1.73,2.0
AUC,6,aligned,2,546,MCCE,native,MCCE_native,0,no_candidate,,0.0136709213256835,,
AUC,6,aligned,2,546,MCCE,bounded,MCCE_bounded,0,no_candidate,,0.0136709213256835,,
AUC,6,aligned,2,546,MCCE,bounded+edit,MCCE_bounded+edit,0,no_candidate,,0.0136709213256835,,
AUC,6,aligned,2,557,NICE,native,NICE_native,0,immutable_changed:Test_2,15.2,0.0051724910736083,1.66,2.0
AUC,6,aligned,2,557,NICE,bounded,NICE_bounded,0,below_policy_threshold;classifier_target_not_met,14.65,0.0051724910736083,1.66,2.0
AUC,6,aligned,2,557,NICE,bounded+edit,NICE_bounded+edit,0,below_policy_threshold;classifier_target_not_met,14.65,0.0051724910736083,1.66,2.0
AUC,6,aligned,2,557,MCCE,native,MCCE_native,0,out_of_bounds:sum_click,15.275,0.0200204849243164,1.8187932976626304,3.0
AUC,6,aligned,2,557,MCCE,bounded,MCCE_bounded,1,OK,15.275,0.0200204849243164,1.8413221627710503,3.0
AUC,6,aligned,2,557,MCCE,bounded+edit,MCCE_bounded+edit,1,OK,15.275,0.0200204849243164,1.8413221627710503,3.0
AUC,6,aligned,2,561,NICE,native,NICE_native,1,OK,15.025,0.0039608478546142,1.6800000000000002,2.0
AUC,6,aligned,2,561,NICE,bounded,NICE_bounded,1,OK,15.025,0.0039608478546142,1.6800000000000002,2.0
AUC,6,aligned,2,561,NICE,bounded+edit,NICE_bounded+edit,1,OK,15.025,0.0039608478546142,1.6800000000000002,2.0
AUC,6,aligned,2,561,MCCE,native,MCCE_native,0,out_of_bounds:sum_click,15.575,0.0200748443603515,1.9552892561983477,3.0
AUC,6,aligned,2,561,MCCE,bounded,MCCE_bounded,1,OK,15.575,0.0200748443603515,2.015394440270473,3.0
AUC,6,aligned,2,561,MCCE,bounded+edit,MCCE_bounded+edit,1,OK,15.575,0.0200748443603515,2.015394440270473,3.0
AUC,6,aligned,2,564,NICE,native,NICE_native,1,OK,15.13125,0.0043385028839111,1.73,2.0
AUC,6,aligned,2,564,NICE,bounded,NICE_bounded,1,OK,15.13125,0.0043385028839111,1.73,2.0
AUC,6,aligned,2,564,NICE,bounded+edit,NICE_bounded+edit,1,OK,15.13125,0.0043385028839111,1.73,2.0
AUC,6,aligned,2,564,MCCE,native,MCCE_native,0,below_policy_threshold;out_of_bounds:sum_click,14.88125,0.0199775695800781,1.8437666325486184,3.0
AUC,6,aligned,2,564,MCCE,bounded,MCCE_bounded,0,below_policy_threshold,14.88125,0.0199775695800781,2.096240191061072,3.0
AUC,6,aligned,2,564,MCCE,bounded+edit,MCCE_bounded+edit,0,below_policy_threshold,14.88125,0.0199775695800781,2.096240191061072,3.0
AUC,6,aligned,2,572,NICE,native,NICE_native,0,below_policy_threshold;immutable_changed:Test_1;immutable_changed:Test_2,10.725,0.0053091049194335,0.85,1.0
AUC,6,aligned,2,572,NICE,bounded,NICE_bounded,0,below_policy_threshold;classifier_target_not_met,8.25,0.0053091049194335,0.85,1.0
AUC,6,aligned,2,572,NICE,bounded+edit,NICE_bounded+edit,0,below_policy_threshold;classifier_target_not_met,8.25,0.0053091049194335,0.85,1.0
AUC,6,aligned,2,572,MCCE,native,MCCE_native,0,no_candidate,,0.0137488842010498,,
AUC,6,aligned,2,572,MCCE,bounded,MCCE_bounded,0,no_candidate,,0.0137488842010498,,
AUC,6,aligned,2,572,MCCE,bounded+edit,MCCE_bounded+edit,0,no_candidate,,0.0137488842010498,,
AUC,6,aligned,2,573,NICE,native,NICE_native,0,below_policy_threshold;immutable_changed:Test_1;immutable_changed:Test_2,10.725,0.0053377151489257,0.85,1.0
AUC,6,aligned,2,573,NICE,bounded,NICE_bounded,0,below_policy_threshold;classifier_target_not_met,8.875,0.0053377151489257,0.85,1.0
AUC,6,aligned,2,573,NICE,bounded+edit,NICE_bounded+edit,0,below_policy_threshold;classifier_target_not_met,8.875,0.0053377151489257,0.85,1.0
AUC,6,aligned,2,573,MCCE,native,MCCE_native,0,no_candidate,,0.0141685009002685,,
AUC,6,aligned,2,573,MCCE,bounded,MCCE_bounded,0,no_candidate,,0.0141685009002685,,
AUC,6,aligned,2,573,MCCE,bounded+edit,MCCE_bounded+edit,0,no_candidate,,0.0141685009002685,,
AUC,6,aligned,2,574,NICE,native,NICE_native,0,below_policy_threshold,14.95,0.0040359497070312,1.66,2.0
AUC,6,aligned,2,574,NICE,bounded,NICE_bounded,0,below_policy_threshold,14.95,0.0040359497070312,1.66,2.0
AUC,6,aligned,2,574,NICE,bounded+edit,NICE_bounded+edit,0,below_policy_threshold,14.95,0.0040359497070312,1.66,2.0
AUC,6,aligned,2,574,MCCE,native,MCCE_native,0,out_of_bounds:sum_click,15.15,0.0204138755798339,1.819256401262715,3.0
AUC,6,aligned,2,574,MCCE,bounded,MCCE_bounded,1,OK,15.6,0.0204138755798339,1.804030164854437,3.0
AUC,6,aligned,2,574,MCCE,bounded+edit,MCCE_bounded+edit,1,OK,15.6,0.0204138755798339,1.804030164854437,3.0
AUC,6,aligned,2,581,NICE,native,NICE_native,0,immutable_changed:Test_1;immutable_changed:Test_2,15.05,0.0067534446716308,1.65,2.0
AUC,6,aligned,2,581,NICE,bounded,NICE_bounded,0,below_policy_threshold;classifier_target_not_met,12.0,0.0067534446716308,1.65,2.0
AUC,6,aligned,2,581,NICE,bounded+edit,NICE_bounded+edit,0,below_policy_threshold;classifier_target_not_met,12.0,0.0067534446716308,1.65,2.0
AUC,6,aligned,2,581,MCCE,native,MCCE_native,0,no_candidate,,0.0137562751770019,,
AUC,6,aligned,2,581,MCCE,bounded,MCCE_bounded,0,no_candidate,,0.0137562751770019,,
AUC,6,aligned,2,581,MCCE,bounded+edit,MCCE_bounded+edit,0,no_candidate,,0.0137562751770019,,
AUC,6,aligned,2,586,NICE,native,NICE_native,0,immutable_changed:Test_1;immutable_changed:Test_2,15.05,0.006671667098999,1.65,2.0
AUC,6,aligned,2,586,NICE,bounded,NICE_bounded,0,below_policy_threshold;classifier_target_not_met,8.25,0.006671667098999,1.65,2.0
AUC,6,aligned,2,586,NICE,bounded+edit,NICE_bounded+edit,0,below_policy_threshold;classifier_target_not_met,8.25,0.006671667098999,1.65,2.0
AUC,6,aligned,2,586,MCCE,native,MCCE_native,0,no_candidate,,0.0167372226715087,,
AUC,6,aligned,2,586,MCCE,bounded,MCCE_bounded,0,no_candidate,,0.0167372226715087,,
AUC,6,aligned,2,586,MCCE,bounded+edit,MCCE_bounded+edit,0,no_candidate,,0.0167372226715087,,
AUC,6,aligned,2,588,NICE,native,NICE_native,0,below_policy_threshold;immutable_changed:Test_1;immutable_changed:Test_2,10.725,0.0054643154144287,0.85,1.0
AUC,6,aligned,2,588,NICE,bounded,NICE_bounded,0,below_policy_threshold;classifier_target_not_met,4.25,0.0054643154144287,0.85,1.0
AUC,6,aligned,2,588,NICE,bounded+edit,NICE_bounded+edit,0,below_policy_threshold;classifier_target_not_met,4.25,0.0054643154144287,0.85,1.0
AUC,6,aligned,2,588,MCCE,native,MCCE_native,0,no_candidate,,0.0133843421936035,,
AUC,6,aligned,2,588,MCCE,bounded,MCCE_bounded,0,no_candidate,,0.0133843421936035,,
AUC,6,aligned,2,588,MCCE,bounded+edit,MCCE_bounded+edit,0,no_candidate,,0.0133843421936035,,
AUC,6,aligned,2,603,NICE,native,NICE_native,0,below_policy_threshold,14.925,0.0040397644042968,1.66,2.0
AUC,6,aligned,2,603,NICE,bounded,NICE_bounded,0,below_policy_threshold,14.925,0.0040397644042968,1.66,2.0
AUC,6,aligned,2,603,NICE,bounded+edit,NICE_bounded+edit,0,below_policy_threshold,14.925,0.0040397644042968,1.66,2.0
AUC,6,aligned,2,603,MCCE,native,MCCE_native,0,out_of_bounds:sum_click,15.075,0.021432876586914,1.9215708220764185,3.0
AUC,6,aligned,2,603,MCCE,bounded,MCCE_bounded,1,OK,15.575,0.021432876586914,2.1913894249324586,3.0
AUC,6,aligned,2,603,MCCE,bounded+edit,MCCE_bounded+edit,1,OK,15.575,0.021432876586914,2.1913894249324586,3.0
AUC,6,aligned,2,619,NICE,native,NICE_native,0,immutable_changed:Test_2,15.125,0.0052366256713867,1.66,2.0
AUC,6,aligned,2,619,NICE,bounded,NICE_bounded,0,below_policy_threshold;classifier_target_not_met,14.375,0.0052366256713867,1.66,2.0
AUC,6,aligned,2,619,NICE,bounded+edit,NICE_bounded+edit,0,below_policy_threshold;classifier_target_not_met,14.375,0.0052366256713867,1.66,2.0
AUC,6,aligned,2,619,MCCE,native,MCCE_native,1,OK,15.075,0.0230545997619628,1.83457216940363,3.0
AUC,6,aligned,2,619,MCCE,bounded,MCCE_bounded,1,OK,15.075,0.0230545997619628,1.83457216940363,3.0
AUC,6,aligned,2,619,MCCE,bounded+edit,MCCE_bounded+edit,1,OK,15.075,0.0230545997619628,1.83457216940363,3.0
AUC,6,aligned,2,625,NICE,native,NICE_native,0,immutable_changed:Test_1;immutable_changed:Test_2,15.05,0.0066180229187011,1.65,2.0
AUC,6,aligned,2,625,NICE,bounded,NICE_bounded,0,below_policy_threshold;classifier_target_not_met,13.25,0.0066180229187011,1.65,2.0
AUC,6,aligned,2,625,NICE,bounded+edit,NICE_bounded+edit,0,below_policy_threshold;classifier_target_not_met,13.25,0.0066180229187011,1.65,2.0
AUC,6,aligned,2,625,MCCE,native,MCCE_native,0,no_candidate,,0.0181310176849365,,
AUC,6,aligned,2,625,MCCE,bounded,MCCE_bounded,0,no_candidate,,0.0181310176849365,,
AUC,6,aligned,2,625,MCCE,bounded+edit,MCCE_bounded+edit,0,no_candidate,,0.0181310176849365,,
AUC,6,aligned,2,645,NICE,native,NICE_native,0,below_policy_threshold,14.8,0.0039525032043457,1.66,2.0
AUC,6,aligned,2,645,NICE,bounded,NICE_bounded,0,below_policy_threshold,14.8,0.0039525032043457,1.66,2.0
AUC,6,aligned,2,645,NICE,bounded+edit,NICE_bounded+edit,0,below_policy_threshold,14.8,0.0039525032043457,1.66,2.0
AUC,6,aligned,2,645,MCCE,native,MCCE_native,0,below_policy_threshold;out_of_bounds:sum_click,14.9,0.0201838016510009,1.6933734536944167,3.0
AUC,6,aligned,2,645,MCCE,bounded,MCCE_bounded,0,below_policy_threshold,14.9,0.0201838016510009,1.6933734536944167,3.0
AUC,6,aligned,2,645,MCCE,bounded+edit,MCCE_bounded+edit,0,below_policy_threshold,14.9,0.0201838016510009,1.6933734536944167,3.0
AUC,6,aligned,2,646,NICE,native,NICE_native,0,immutable_changed:Test_2,15.05,0.0053460597991943,1.65,2.0
AUC,6,aligned,2,646,NICE,bounded,NICE_bounded,0,below_policy_threshold;classifier_target_not_met,10.5,0.0053460597991943,1.65,2.0
AUC,6,aligned,2,646,NICE,bounded+edit,NICE_bounded+edit,0,below_policy_threshold;classifier_target_not_met,10.5,0.0053460597991943,1.65,2.0
AUC,6,aligned,2,646,MCCE,native,MCCE_native,0,no_candidate,,0.0131142139434814,,
AUC,6,aligned,2,646,MCCE,bounded,MCCE_bounded,0,no_candidate,,0.0131142139434814,,
AUC,6,aligned,2,646,MCCE,bounded+edit,MCCE_bounded+edit,0,no_candidate,,0.0131142139434814,,
AUC,6,aligned,2,647,NICE,native,NICE_native,0,below_policy_threshold;immutable_changed:Test_2,14.95,0.0051980018615722,1.73,2.0
AUC,6,aligned,2,647,NICE,bounded,NICE_bounded,0,below_policy_threshold;classifier_target_not_met,14.6,0.0051980018615722,1.73,2.0
AUC,6,aligned,2,647,NICE,bounded+edit,NICE_bounded+edit,0,below_policy_threshold;classifier_target_not_met,14.6,0.0051980018615722,1.73,2.0
AUC,6,aligned,2,647,MCCE,native,MCCE_native,0,no_candidate,,0.013535737991333,,
AUC,6,aligned,2,647,MCCE,bounded,MCCE_bounded,0,no_candidate,,0.013535737991333,,
AUC,6,aligned,2,647,MCCE,bounded+edit,MCCE_bounded+edit,0,no_candidate,,0.013535737991333,,
AUC,6,aligned,2,648,NICE,native,NICE_native,0,below_policy_threshold;immutable_changed:Test_2,11.225,0.0040128231048583,0.82,1.0
AUC,6,aligned,2,648,NICE,bounded,NICE_bounded,0,below_policy_threshold;classifier_target_not_met,6.525,0.0040128231048583,0.82,1.0
AUC,6,aligned,2,648,NICE,bounded+edit,NICE_bounded+edit,0,below_policy_threshold;classifier_target_not_met,6.525,0.0040128231048583,0.82,1.0
AUC,6,aligned,2,648,MCCE,native,MCCE_native,0,no_candidate,,0.0131211280822753,,
AUC,6,aligned,2,648,MCCE,bounded,MCCE_bounded,0,no_candidate,,0.0131211280822753,,
AUC,6,aligned,2,648,MCCE,bounded+edit,MCCE_bounded+edit,0,no_candidate,,0.0131211280822753,,
AUC,6,aligned,2,650,NICE,native,NICE_native,0,immutable_changed:Test_1;immutable_changed:Test_2,15.2,0.0064797401428222,1.7800000000000002,2.0
AUC,6,aligned,2,650,NICE,bounded,NICE_bounded,0,below_policy_threshold;classifier_target_not_met,13.4,0.0064797401428222,1.7800000000000002,2.0
AUC,6,aligned,2,650,NICE,bounded+edit,NICE_bounded+edit,0,below_policy_threshold;classifier_target_not_met,13.4,0.0064797401428222,1.7800000000000002,2.0
AUC,6,aligned,2,650,MCCE,native,MCCE_native,0,no_candidate,,0.0147786140441894,,
AUC,6,aligned,2,650,MCCE,bounded,MCCE_bounded,0,no_candidate,,0.0147786140441894,,
AUC,6,aligned,2,650,MCCE,bounded+edit,MCCE_bounded+edit,0,no_candidate,,0.0147786140441894,,
AUC,6,aligned,2,663,NICE,native,NICE_native,0,immutable_changed:Test_1;immutable_changed:Test_2,15.05,0.0065207481384277,1.65,2.0
AUC,6,aligned,2,663,NICE,bounded,NICE_bounded,0,below_policy_threshold;classifier_target_not_met,10.2,0.0065207481384277,1.65,2.0
AUC,6,aligned,2,663,NICE,bounded+edit,NICE_bounded+edit,0,below_policy_threshold;classifier_target_not_met,10.2,0.0065207481384277,1.65,2.0
AUC,6,aligned,2,663,MCCE,native,MCCE_native,0,no_candidate,,0.0131332874298095,,
AUC,6,aligned,2,663,MCCE,bounded,MCCE_bounded,0,no_candidate,,0.0131332874298095,,
AUC,6,aligned,2,663,MCCE,bounded+edit,MCCE_bounded+edit,0,no_candidate,,0.0131332874298095,,
AUC,6,aligned,2,667,NICE,native,NICE_native,0,below_policy_threshold;immutable_changed:Test_2,11.175,0.0040128231048583,0.82,1.0
AUC,6,aligned,2,667,NICE,bounded,NICE_bounded,0,below_policy_threshold;classifier_target_not_met,6.475,0.0040128231048583,0.82,1.0
AUC,6,aligned,2,667,NICE,bounded+edit,NICE_bounded+edit,0,below_policy_threshold;classifier_target_not_met,6.475,0.0040128231048583,0.82,1.0
AUC,6,aligned,2,667,MCCE,native,MCCE_native,0,no_candidate,,0.0141999721527099,,
AUC,6,aligned,2,667,MCCE,bounded,MCCE_bounded,0,no_candidate,,0.0141999721527099,,
AUC,6,aligned,2,667,MCCE,bounded+edit,MCCE_bounded+edit,0,no_candidate,,0.0141999721527099,,
AUC,6,aligned,3,0,NICE,native,NICE_native,0,immutable_changed:Test_2,15.45,0.0039398670196533,0.8,1.0
AUC,6,aligned,3,0,NICE,bounded,NICE_bounded,0,below_policy_threshold;classifier_target_not_met,14.95,0.0039398670196533,0.8,1.0
AUC,6,aligned,3,0,NICE,bounded+edit,NICE_bounded+edit,0,below_policy_threshold;classifier_target_not_met,14.95,0.0039398670196533,0.8,1.0
AUC,6,aligned,3,0,MCCE,native,MCCE_native,0,out_of_bounds:sum_click,15.45,0.0307376384735107,4.190043290043303,2.0
AUC,6,aligned,3,0,MCCE,bounded,MCCE_bounded,0,no_candidate,,0.0307376384735107,,
AUC,6,aligned,3,0,MCCE,bounded+edit,MCCE_bounded+edit,0,no_candidate,,0.0307376384735107,,
AUC,6,aligned,3,2,NICE,native,NICE_native,0,below_policy_threshold;immutable_changed:Test_2;immutable_changed:Test_3,15.0,0.0053093433380126,0.7,1.0
AUC,6,aligned,3,2,NICE,bounded,NICE_bounded,0,below_policy_threshold;classifier_target_not_met,5.7,0.0053093433380126,0.7,1.0
AUC,6,aligned,3,2,NICE,bounded+edit,NICE_bounded+edit,0,below_policy_threshold;classifier_target_not_met,5.7,0.0053093433380126,0.7,1.0
AUC,6,aligned,3,2,MCCE,native,MCCE_native,0,no_candidate,,0.0118565559387207,,
AUC,6,aligned,3,2,MCCE,bounded,MCCE_bounded,0,no_candidate,,0.0118565559387207,,
AUC,6,aligned,3,2,MCCE,bounded+edit,MCCE_bounded+edit,0,no_candidate,,0.0118565559387207,,
AUC,6,aligned,3,17,NICE,native,NICE_native,0,below_policy_threshold;immutable_changed:Test_2;immutable_changed:Test_3,14.9,0.0053820610046386,0.9,1.0
AUC,6,aligned,3,17,NICE,bounded,NICE_bounded,0,below_policy_threshold;classifier_target_not_met,13.65,0.0053820610046386,0.9,1.0
AUC,6,aligned,3,17,NICE,bounded+edit,NICE_bounded+edit,0,below_policy_threshold;classifier_target_not_met,13.65,0.0053820610046386,0.9,1.0
AUC,6,aligned,3,17,MCCE,native,MCCE_native,0,no_candidate,,0.0116028785705566,,
AUC,6,aligned,3,17,MCCE,bounded,MCCE_bounded,0,no_candidate,,0.0116028785705566,,
AUC,6,aligned,3,17,MCCE,bounded+edit,MCCE_bounded+edit,0,no_candidate,,0.0116028785705566,,
AUC,6,aligned,3,37,NICE,native,NICE_native,0,immutable_changed:Test_1;immutable_changed:Test_2;immutable_changed:Test_3,15.05,0.0065279006958007,0.7,1.0
AUC,6,aligned,3,37,NICE,bounded,NICE_bounded,0,below_policy_threshold;classifier_target_not_met,13.75,0.0065279006958007,0.7,1.0
AUC,6,aligned,3,37,NICE,bounded+edit,NICE_bounded+edit,0,below_policy_threshold;classifier_target_not_met,13.75,0.0065279006958007,0.7,1.0
AUC,6,aligned,3,37,MCCE,native,MCCE_native,0,no_candidate,,0.0116925239562988,,
AUC,6,aligned,3,37,MCCE,bounded,MCCE_bounded,0,no_candidate,,0.0116925239562988,,
AUC,6,aligned,3,37,MCCE,bounded+edit,MCCE_bounded+edit,0,no_candidate,,0.0116925239562988,,
AUC,6,aligned,3,40,NICE,native,NICE_native,0,immutable_changed:Test_1;immutable_changed:Test_2;immutable_changed:Test_3,15.05,0.0065820217132568,0.7,1.0
AUC,6,aligned,3,40,NICE,bounded,NICE_bounded,0,below_policy_threshold;classifier_target_not_met,12.7,0.0065820217132568,0.7,1.0
AUC,6,aligned,3,40,NICE,bounded+edit,NICE_bounded+edit,0,below_policy_threshold;classifier_target_not_met,12.7,0.0065820217132568,0.7,1.0
AUC,6,aligned,3,40,MCCE,native,MCCE_native,0,no_candidate,,0.0115637779235839,,
AUC,6,aligned,3,40,MCCE,bounded,MCCE_bounded,0,no_candidate,,0.0115637779235839,,
AUC,6,aligned,3,40,MCCE,bounded+edit,MCCE_bounded+edit,0,no_candidate,,0.0115637779235839,,
AUC,6,aligned,3,43,NICE,native,NICE_native,0,below_policy_threshold;immutable_changed:Test_2,10.725,0.004033088684082,0.85,1.0
AUC,6,aligned,3,43,NICE,bounded,NICE_bounded,0,below_policy_threshold;classifier_target_not_met,8.625,0.004033088684082,0.85,1.0
AUC,6,aligned,3,43,NICE,bounded+edit,NICE_bounded+edit,0,below_policy_threshold;classifier_target_not_met,8.625,0.004033088684082,0.85,1.0
AUC,6,aligned,3,43,MCCE,native,MCCE_native,0,no_candidate,,0.0119600296020507,,
AUC,6,aligned,3,43,MCCE,bounded,MCCE_bounded,0,no_candidate,,0.0119600296020507,,
AUC,6,aligned,3,43,MCCE,bounded+edit,MCCE_bounded+edit,0,no_candidate,,0.0119600296020507,,
AUC,6,aligned,3,51,NICE,native,NICE_native,0,immutable_changed:Test_3,15.225,0.0041286945343017,0.8099999999999999,1.0
AUC,6,aligned,3,51,NICE,bounded,NICE_bounded,0,below_policy_threshold;classifier_target_not_met,14.825,0.0041286945343017,0.8099999999999999,1.0
AUC,6,aligned,3,51,NICE,bounded+edit,NICE_bounded+edit,0,below_policy_threshold;classifier_target_not_met,14.825,0.0041286945343017,0.8099999999999999,1.0
AUC,6,aligned,3,51,MCCE,native,MCCE_native,0,out_of_bounds:sum_click,15.125,0.0190958976745605,0.9746572475143904,2.0
AUC,6,aligned,3,51,MCCE,bounded,MCCE_bounded,1,OK,15.125,0.0190958976745605,1.644463631606489,2.0
AUC,6,aligned,3,51,MCCE,bounded+edit,MCCE_bounded+edit,1,OK,15.125,0.0190958976745605,1.644463631606489,2.0
AUC,6,aligned,3,56,NICE,native,NICE_native,0,below_policy_threshold;immutable_changed:Test_2;immutable_changed:Test_3,15.0,0.0175464153289794,0.9,1.0
AUC,6,aligned,3,56,NICE,bounded,NICE_bounded,0,below_policy_threshold;classifier_target_not_met,13.5,0.0175464153289794,0.9,1.0
AUC,6,aligned,3,56,NICE,bounded+edit,NICE_bounded+edit,0,below_policy_threshold;classifier_target_not_met,13.5,0.0175464153289794,0.9,1.0
AUC,6,aligned,3,56,MCCE,native,MCCE_native,0,no_candidate,,0.0433161258697509,,
AUC,6,aligned,3,56,MCCE,bounded,MCCE_bounded,0,no_candidate,,0.0433161258697509,,
AUC,6,aligned,3,56,MCCE,bounded+edit,MCCE_bounded+edit,0,no_candidate,,0.0433161258697509,,
AUC,6,aligned,3,59,NICE,native,NICE_native,0,immutable_changed:Test_1;immutable_changed:Test_2;immutable_changed:Test_3,15.05,0.0069324970245361,0.7,1.0
AUC,6,aligned,3,59,NICE,bounded,NICE_bounded,0,below_policy_threshold;classifier_target_not_met,4.875,0.0069324970245361,0.7,1.0
AUC,6,aligned,3,59,NICE,bounded+edit,NICE_bounded+edit,0,below_policy_threshold;classifier_target_not_met,4.875,0.0069324970245361,0.7,1.0
AUC,6,aligned,3,59,MCCE,native,MCCE_native,0,no_candidate,,0.0162603855133056,,
AUC,6,aligned,3,59,MCCE,bounded,MCCE_bounded,0,no_candidate,,0.0162603855133056,,
AUC,6,aligned,3,59,MCCE,bounded+edit,MCCE_bounded+edit,0,no_candidate,,0.0162603855133056,,
AUC,6,aligned,3,79,NICE,native,NICE_native,0,immutable_changed:Test_1;immutable_changed:Test_2;immutable_changed:Test_3,15.05,0.0067524909973144,0.7,1.0
AUC,6,aligned,3,79,NICE,bounded,NICE_bounded,0,below_policy_threshold;classifier_target_not_met,12.625,0.0067524909973144,0.7,1.0
AUC,6,aligned,3,79,NICE,bounded+edit,NICE_bounded+edit,0,below_policy_threshold;classifier_target_not_met,12.625,0.0067524909973144,0.7,1.0
AUC,6,aligned,3,79,MCCE,native,MCCE_native,0,no_candidate,,0.0121572017669677,,
AUC,6,aligned,3,79,MCCE,bounded,MCCE_bounded,0,no_candidate,,0.0121572017669677,,
AUC,6,aligned,3,79,MCCE,bounded+edit,MCCE_bounded+edit,0,no_candidate,,0.0121572017669677,,
AUC,6,aligned,3,93,NICE,native,NICE_native,0,immutable_changed:Test_2;immutable_changed:Test_3,15.225,0.0054810047149658,0.7,1.0
AUC,6,aligned,3,93,NICE,bounded,NICE_bounded,0,below_policy_threshold;classifier_target_not_met,5.925,0.0054810047149658,0.7,1.0
AUC,6,aligned,3,93,NICE,bounded+edit,NICE_bounded+edit,0,below_policy_threshold;classifier_target_not_met,5.925,0.0054810047149658,0.7,1.0
AUC,6,aligned,3,93,MCCE,native,MCCE_native,0,no_candidate,,0.0119225978851318,,
AUC,6,aligned,3,93,MCCE,bounded,MCCE_bounded,0,no_candidate,,0.0119225978851318,,
AUC,6,aligned,3,93,MCCE,bounded+edit,MCCE_bounded+edit,0,no_candidate,,0.0119225978851318,,
AUC,6,aligned,3,95,NICE,native,NICE_native,0,below_policy_threshold;immutable_changed:Test_2;immutable_changed:Test_3,14.9,0.0055248737335205,0.8,1.0
AUC,6,aligned,3,95,NICE,bounded,NICE_bounded,0,below_policy_threshold;classifier_target_not_met,6.1,0.0055248737335205,0.8,1.0
AUC,6,aligned,3,95,NICE,bounded+edit,NICE_bounded+edit,0,below_policy_threshold;classifier_target_not_met,6.1,0.0055248737335205,0.8,1.0
AUC,6,aligned,3,95,MCCE,native,MCCE_native,0,no_candidate,,0.0121498107910156,,
AUC,6,aligned,3,95,MCCE,bounded,MCCE_bounded,0,no_candidate,,0.0121498107910156,,
AUC,6,aligned,3,95,MCCE,bounded+edit,MCCE_bounded+edit,0,no_candidate,,0.0121498107910156,,
AUC,6,aligned,3,103,NICE,native,NICE_native,0,immutable_changed:Test_2;immutable_changed:Test_3,15.05,0.0053844451904296,0.9,1.0
AUC,6,aligned,3,103,NICE,bounded,NICE_bounded,0,below_policy_threshold;classifier_target_not_met,11.5,0.0053844451904296,0.9,1.0
AUC,6,aligned,3,103,NICE,bounded+edit,NICE_bounded+edit,0,below_policy_threshold;classifier_target_not_met,11.5,0.0053844451904296,0.9,1.0
AUC,6,aligned,3,103,MCCE,native,MCCE_native,0,no_candidate,,0.0127089023590087,,
AUC,6,aligned,3,103,MCCE,bounded,MCCE_bounded,0,no_candidate,,0.0127089023590087,,
AUC,6,aligned,3,103,MCCE,bounded+edit,MCCE_bounded+edit,0,no_candidate,,0.0127089023590087,,
AUC,6,aligned,3,106,NICE,native,NICE_native,0,immutable_changed:Test_1;immutable_changed:Test_2;immutable_changed:Test_3,15.05,0.0068418979644775,0.7,1.0
AUC,6,aligned,3,106,NICE,bounded,NICE_bounded,0,below_policy_threshold;classifier_target_not_met,13.975,0.0068418979644775,0.7,1.0
AUC,6,aligned,3,106,NICE,bounded+edit,NICE_bounded+edit,0,below_policy_threshold;classifier_target_not_met,13.975,0.0068418979644775,0.7,1.0
AUC,6,aligned,3,106,MCCE,native,MCCE_native,1,OK,15.225,0.0193796157836914,1.0752710190315586,2.0
AUC,6,aligned,3,106,MCCE,bounded,MCCE_bounded,1,OK,15.225,0.0193796157836914,1.0752710190315586,2.0
AUC,6,aligned,3,106,MCCE,bounded+edit,MCCE_bounded+edit,1,OK,15.225,0.0193796157836914,1.0752710190315586,2.0
AUC,6,aligned,3,107,NICE,native,NICE_native,0,immutable_changed:Test_1;immutable_changed:Test_2;immutable_changed:Test_3,15.05,0.0069737434387207,0.7,1.0
AUC,6,aligned,3,107,NICE,bounded,NICE_bounded,0,below_policy_threshold;classifier_target_not_met,14.325,0.0069737434387207,0.7,1.0
AUC,6,aligned,3,107,NICE,bounded+edit,NICE_bounded+edit,0,below_policy_threshold;classifier_target_not_met,14.325,0.0069737434387207,0.7,1.0
AUC,6,aligned,3,107,MCCE,native,MCCE_native,1,OK,15.325,0.0918817520141601,0.960988891309083,2.0
AUC,6,aligned,3,107,MCCE,bounded,MCCE_bounded,1,OK,15.325,0.0918817520141601,0.960988891309083,2.0
AUC,6,aligned,3,107,MCCE,bounded+edit,MCCE_bounded+edit,1,OK,15.325,0.0918817520141601,0.960988891309083,2.0
AUC,6,aligned,3,115,NICE,native,NICE_native,0,below_policy_threshold;immutable_changed:Test_1;immutable_changed:Test_2,13.475,0.0058310031890869,0.85,1.0
AUC,6,aligned,3,115,NICE,bounded,NICE_bounded,0,below_policy_threshold;classifier_target_not_met,11.125,0.0058310031890869,0.85,1.0
AUC,6,aligned,3,115,NICE,bounded+edit,NICE_bounded+edit,0,below_policy_threshold;classifier_target_not_met,11.125,0.0058310031890869,0.85,1.0
AUC,6,aligned,3,115,MCCE,native,MCCE_native,0,no_candidate,,0.0129995346069335,,
AUC,6,aligned,3,115,MCCE,bounded,MCCE_bounded,0,no_candidate,,0.0129995346069335,,
AUC,6,aligned,3,115,MCCE,bounded+edit,MCCE_bounded+edit,0,no_candidate,,0.0129995346069335,,
AUC,6,aligned,3,117,NICE,native,NICE_native,0,immutable_changed:Test_2;immutable_changed:Test_3,15.1,0.0053620338439941,0.8099999999999999,1.0
AUC,6,aligned,3,117,NICE,bounded,NICE_bounded,0,below_policy_threshold;classifier_target_not_met,12.55,0.0053620338439941,0.8099999999999999,1.0
AUC,6,aligned,3,117,NICE,bounded+edit,NICE_bounded+edit,0,below_policy_threshold;classifier_target_not_met,12.55,0.0053620338439941,0.8099999999999999,1.0
AUC,6,aligned,3,117,MCCE,native,MCCE_native,0,no_candidate,,0.0127625465393066,,
AUC,6,aligned,3,117,MCCE,bounded,MCCE_bounded,0,no_candidate,,0.0127625465393066,,
AUC,6,aligned,3,117,MCCE,bounded+edit,MCCE_bounded+edit,0,no_candidate,,0.0127625465393066,,
AUC,6,aligned,3,122,NICE,native,NICE_native,0,below_policy_threshold;immutable_changed:Test_1;immutable_changed:Test_2,10.725,0.0057895183563232,0.85,1.0
AUC,6,aligned,3,122,NICE,bounded,NICE_bounded,0,below_policy_threshold;classifier_target_not_met,5.7,0.0057895183563232,0.85,1.0
AUC,6,aligned,3,122,NICE,bounded+edit,NICE_bounded+edit,0,below_policy_threshold;classifier_target_not_met,5.7,0.0057895183563232,0.85,1.0
AUC,6,aligned,3,122,MCCE,native,MCCE_native,0,no_candidate,,0.0124788284301757,,
AUC,6,aligned,3,122,MCCE,bounded,MCCE_bounded,0,no_candidate,,0.0124788284301757,,
AUC,6,aligned,3,122,MCCE,bounded+edit,MCCE_bounded+edit,0,no_candidate,,0.0124788284301757,,
AUC,6,aligned,3,138,NICE,native,NICE_native,1,OK,15.1,0.0027542114257812,0.85,1.0
AUC,6,aligned,3,138,NICE,bounded,NICE_bounded,1,OK,15.1,0.0027542114257812,0.85,1.0
AUC,6,aligned,3,138,NICE,bounded+edit,NICE_bounded+edit,1,OK,15.1,0.0027542114257812,0.85,1.0
AUC,6,aligned,3,138,MCCE,native,MCCE_native,0,no_candidate,,0.0117521286010742,,
AUC,6,aligned,3,138,MCCE,bounded,MCCE_bounded,0,no_candidate,,0.0117521286010742,,
AUC,6,aligned,3,138,MCCE,bounded+edit,MCCE_bounded+edit,0,no_candidate,,0.0117521286010742,,
AUC,6,aligned,3,153,NICE,native,NICE_native,0,immutable_changed:Test_2;immutable_changed:Test_3,15.05,0.0055413246154785,0.7,1.0
AUC,6,aligned,3,153,NICE,bounded,NICE_bounded,0,below_policy_threshold;classifier_target_not_met,14.0,0.0055413246154785,0.7,1.0
AUC,6,aligned,3,153,NICE,bounded+edit,NICE_bounded+edit,0,below_policy_threshold;classifier_target_not_met,14.0,0.0055413246154785,0.7,1.0
AUC,6,aligned,3,153,MCCE,native,MCCE_native,0,below_policy_threshold,15.0,0.0182878971099853,1.1759622367465503,2.0
AUC,6,aligned,3,153,MCCE,bounded,MCCE_bounded,0,below_policy_threshold,15.0,0.0182878971099853,1.1759622367465503,2.0
AUC,6,aligned,3,153,MCCE,bounded+edit,MCCE_bounded+edit,0,below_policy_threshold,15.0,0.0182878971099853,1.1759622367465503,2.0
AUC,6,aligned,3,178,NICE,native,NICE_native,0,immutable_changed:Test_2,15.25,0.0043060779571533,0.8,1.0
AUC,6,aligned,3,178,NICE,bounded,NICE_bounded,0,below_policy_threshold;classifier_target_not_met,15.0,0.0043060779571533,0.8,1.0
AUC,6,aligned,3,178,NICE,bounded+edit,NICE_bounded+edit,0,below_policy_threshold;classifier_target_not_met,15.0,0.0043060779571533,0.8,1.0
AUC,6,aligned,3,178,MCCE,native,MCCE_native,0,out_of_bounds:sum_click,15.5,0.0161290168762207,14.413513513513625,2.0
AUC,6,aligned,3,178,MCCE,bounded,MCCE_bounded,0,no_candidate,,0.0161290168762207,,
AUC,6,aligned,3,178,MCCE,bounded+edit,MCCE_bounded+edit,0,no_candidate,,0.0161290168762207,,
AUC,6,aligned,3,185,NICE,native,NICE_native,0,below_policy_threshold;immutable_changed:Test_1;immutable_changed:Test_2,14.925,0.0053822994232177,0.85,1.0
AUC,6,aligned,3,185,NICE,bounded,NICE_bounded,0,below_policy_threshold;classifier_target_not_met,14.325,0.0053822994232177,0.85,1.0
AUC,6,aligned,3,185,NICE,bounded+edit,NICE_bounded+edit,0,below_policy_threshold;classifier_target_not_met,14.325,0.0053822994232177,0.85,1.0
AUC,6,aligned,3,185,MCCE,native,MCCE_native,0,no_candidate,,0.0128047466278076,,
AUC,6,aligned,3,185,MCCE,bounded,MCCE_bounded,0,no_candidate,,0.0128047466278076,,
AUC,6,aligned,3,185,MCCE,bounded+edit,MCCE_bounded+edit,0,no_candidate,,0.0128047466278076,,
AUC,6,aligned,3,188,NICE,native,NICE_native,1,OK,15.3,0.0026814937591552,0.8699999999999999,1.0
AUC,6,aligned,3,188,NICE,bounded,NICE_bounded,1,OK,15.3,0.0026814937591552,0.8699999999999999,1.0
AUC,6,aligned,3,188,NICE,bounded+edit,NICE_bounded+edit,1,OK,15.3,0.0026814937591552,0.8699999999999999,1.0
AUC,6,aligned,3,188,MCCE,native,MCCE_native,0,no_candidate,,0.0124671459197998,,
AUC,6,aligned,3,188,MCCE,bounded,MCCE_bounded,0,no_candidate,,0.0124671459197998,,
AUC,6,aligned,3,188,MCCE,bounded+edit,MCCE_bounded+edit,0,no_candidate,,0.0124671459197998,,
AUC,6,aligned,3,199,NICE,native,NICE_native,0,immutable_changed:Test_2;immutable_changed:Test_3,15.025,0.005347728729248,0.7,1.0
AUC,6,aligned,3,199,NICE,bounded,NICE_bounded,0,below_policy_threshold;classifier_target_not_met,14.425,0.005347728729248,0.7,1.0
AUC,6,aligned,3,199,NICE,bounded+edit,NICE_bounded+edit,0,below_policy_threshold;classifier_target_not_met,14.425,0.005347728729248,0.7,1.0
AUC,6,aligned,3,199,MCCE,native,MCCE_native,1,OK,15.425,0.018498420715332,1.2029596830575624,2.0
AUC,6,aligned,3,199,MCCE,bounded,MCCE_bounded,1,OK,15.425,0.018498420715332,1.2029596830575624,2.0
AUC,6,aligned,3,199,MCCE,bounded+edit,MCCE_bounded+edit,1,OK,15.425,0.018498420715332,1.2029596830575624,2.0
AUC,6,aligned,3,203,NICE,native,NICE_native,0,below_policy_threshold,14.925,0.0026893615722656,0.85,1.0
AUC,6,aligned,3,203,NICE,bounded,NICE_bounded,0,below_policy_threshold,14.925,0.0026893615722656,0.85,1.0
AUC,6,aligned,3,203,NICE,bounded+edit,NICE_bounded+edit,0,below_policy_threshold,14.925,0.0026893615722656,0.85,1.0
AUC,6,aligned,3,203,MCCE,native,MCCE_native,0,out_of_bounds:sum_click,15.175,0.0180368423461914,0.917905102954342,2.0
AUC,6,aligned,3,203,MCCE,bounded,MCCE_bounded,1,OK,15.175,0.0180368423461914,1.3894061474186812,2.0
AUC,6,aligned,3,203,MCCE,bounded+edit,MCCE_bounded+edit,1,OK,15.175,0.0180368423461914,1.3894061474186812,2.0
AUC,6,aligned,3,207,NICE,native,NICE_native,0,below_policy_threshold;immutable_changed:Test_2,14.6,0.0041356086730957,0.85,1.0
AUC,6,aligned,3,207,NICE,bounded,NICE_bounded,0,below_policy_threshold;classifier_target_not_met,13.15,0.0041356086730957,0.85,1.0
AUC,6,aligned,3,207,NICE,bounded+edit,NICE_bounded+edit,0,below_policy_threshold;classifier_target_not_met,13.15,0.0041356086730957,0.85,1.0
AUC,6,aligned,3,207,MCCE,native,MCCE_native,0,no_candidate,,0.0125229358673095,,
AUC,6,aligned,3,207,MCCE,bounded,MCCE_bounded,0,no_candidate,,0.0125229358673095,,
AUC,6,aligned,3,207,MCCE,bounded+edit,MCCE_bounded+edit,0,no_candidate,,0.0125229358673095,,
AUC,6,aligned,3,208,NICE,native,NICE_native,0,immutable_changed:Test_1;immutable_changed:Test_2;immutable_changed:Test_3,15.05,0.0067718029022216,0.7,1.0
AUC,6,aligned,3,208,NICE,bounded,NICE_bounded,0,below_policy_threshold;classifier_target_not_met,11.5,0.0067718029022216,0.7,1.0
AUC,6,aligned,3,208,NICE,bounded+edit,NICE_bounded+edit,0,below_policy_threshold;classifier_target_not_met,11.5,0.0067718029022216,0.7,1.0
AUC,6,aligned,3,208,MCCE,native,MCCE_native,0,no_candidate,,0.0126733779907226,,
AUC,6,aligned,3,208,MCCE,bounded,MCCE_bounded,0,no_candidate,,0.0126733779907226,,
AUC,6,aligned,3,208,MCCE,bounded+edit,MCCE_bounded+edit,0,no_candidate,,0.0126733779907226,,
AUC,6,aligned,3,217,NICE,native,NICE_native,0,below_policy_threshold;immutable_changed:Test_2,13.225,0.0041813850402832,0.85,1.0
AUC,6,aligned,3,217,NICE,bounded,NICE_bounded,0,below_policy_threshold;classifier_target_not_met,11.625,0.0041813850402832,0.85,1.0
AUC,6,aligned,3,217,NICE,bounded+edit,NICE_bounded+edit,0,below_policy_threshold;classifier_target_not_met,11.625,0.0041813850402832,0.85,1.0
AUC,6,aligned,3,217,MCCE,native,MCCE_native,0,no_candidate,,0.0121433734893798,,
AUC,6,aligned,3,217,MCCE,bounded,MCCE_bounded,0,no_candidate,,0.0121433734893798,,
AUC,6,aligned,3,217,MCCE,bounded+edit,MCCE_bounded+edit,0,no_candidate,,0.0121433734893798,,
AUC,6,aligned,3,231,NICE,native,NICE_native,0,immutable_changed:Test_2;immutable_changed:Test_3,15.2,0.0055491924285888,0.8,1.0
AUC,6,aligned,3,231,NICE,bounded,NICE_bounded,0,below_policy_threshold;classifier_target_not_met,6.4,0.0055491924285888,0.8,1.0
AUC,6,aligned,3,231,NICE,bounded+edit,NICE_bounded+edit,0,below_policy_threshold;classifier_target_not_met,6.4,0.0055491924285888,0.8,1.0
AUC,6,aligned,3,231,MCCE,native,MCCE_native,0,no_candidate,,0.0129544734954833,,
AUC,6,aligned,3,231,MCCE,bounded,MCCE_bounded,0,no_candidate,,0.0129544734954833,,
AUC,6,aligned,3,231,MCCE,bounded+edit,MCCE_bounded+edit,0,no_candidate,,0.0129544734954833,,
AUC,6,aligned,3,232,NICE,native,NICE_native,0,immutable_changed:Test_1;immutable_changed:Test_2;immutable_changed:Test_3,15.15,0.0068280696868896,0.9,1.0
AUC,6,aligned,3,232,NICE,bounded,NICE_bounded,0,below_policy_threshold;classifier_target_not_met,11.375,0.0068280696868896,0.9,1.0
AUC,6,aligned,3,232,NICE,bounded+edit,NICE_bounded+edit,0,below_policy_threshold;classifier_target_not_met,11.375,0.0068280696868896,0.9,1.0
AUC,6,aligned,3,232,MCCE,native,MCCE_native,0,no_candidate,,0.0118970870971679,,
AUC,6,aligned,3,232,MCCE,bounded,MCCE_bounded,0,no_candidate,,0.0118970870971679,,
AUC,6,aligned,3,232,MCCE,bounded+edit,MCCE_bounded+edit,0,no_candidate,,0.0118970870971679,,
AUC,6,aligned,3,237,NICE,native,NICE_native,0,immutable_changed:Test_2,15.25,0.0041940212249755,0.8,1.0
AUC,6,aligned,3,237,NICE,bounded,NICE_bounded,0,below_policy_threshold;classifier_target_not_met,14.7,0.0041940212249755,0.8,1.0
AUC,6,aligned,3,237,NICE,bounded+edit,NICE_bounded+edit,0,below_policy_threshold;classifier_target_not_met,14.7,0.0041940212249755,0.8,1.0
AUC,6,aligned,3,237,MCCE,native,MCCE_native,0,no_candidate,,0.0125808715820312,,
AUC,6,aligned,3,237,MCCE,bounded,MCCE_bounded,0,no_candidate,,0.0125808715820312,,
AUC,6,aligned,3,237,MCCE,bounded+edit,MCCE_bounded+edit,0,no_candidate,,0.0125808715820312,,
AUC,6,aligned,3,242,NICE,native,NICE_native,0,below_policy_threshold;immutable_changed:Test_3,14.925,0.0041062831878662,0.8,1.0
AUC,6,aligned,3,242,NICE,bounded,NICE_bounded,0,below_policy_threshold;classifier_target_not_met,10.625,0.0041062831878662,0.8,1.0
AUC,6,aligned,3,242,NICE,bounded+edit,NICE_bounded+edit,0,below_policy_threshold;classifier_target_not_met,10.625,0.0041062831878662,0.8,1.0
AUC,6,aligned,3,242,MCCE,native,MCCE_native,0,no_candidate,,0.0121965408325195,,
AUC,6,aligned,3,242,MCCE,bounded,MCCE_bounded,0,no_candidate,,0.0121965408325195,,
AUC,6,aligned,3,242,MCCE,bounded+edit,MCCE_bounded+edit,0,no_candidate,,0.0121965408325195,,
AUC,6,aligned,3,247,NICE,native,NICE_native,0,below_policy_threshold;immutable_changed:Test_2;immutable_changed:Test_3,14.85,0.0053586959838867,0.8,1.0
AUC,6,aligned,3,247,NICE,bounded,NICE_bounded,0,below_policy_threshold;classifier_target_not_met,13.45,0.0053586959838867,0.8,1.0
AUC,6,aligned,3,247,NICE,bounded+edit,NICE_bounded+edit,0,below_policy_threshold;classifier_target_not_met,13.45,0.0053586959838867,0.8,1.0
AUC,6,aligned,3,247,MCCE,native,MCCE_native,0,no_candidate,,0.0129506587982177,,
AUC,6,aligned,3,247,MCCE,bounded,MCCE_bounded,0,no_candidate,,0.0129506587982177,,
AUC,6,aligned,3,247,MCCE,bounded+edit,MCCE_bounded+edit,0,no_candidate,,0.0129506587982177,,
AUC,6,aligned,3,260,NICE,native,NICE_native,0,below_policy_threshold;immutable_changed:Test_1;immutable_changed:Test_2,14.975,0.0054638385772705,0.85,1.0
AUC,6,aligned,3,260,NICE,bounded,NICE_bounded,0,below_policy_threshold;classifier_target_not_met,13.75,0.0054638385772705,0.85,1.0
AUC,6,aligned,3,260,NICE,bounded+edit,NICE_bounded+edit,0,below_policy_threshold;classifier_target_not_met,13.75,0.0054638385772705,0.85,1.0
AUC,6,aligned,3,260,MCCE,native,MCCE_native,0,no_candidate,,0.0121383666992187,,
AUC,6,aligned,3,260,MCCE,bounded,MCCE_bounded,0,no_candidate,,0.0121383666992187,,
AUC,6,aligned,3,260,MCCE,bounded+edit,MCCE_bounded+edit,0,no_candidate,,0.0121383666992187,,
AUC,6,aligned,3,265,NICE,native,NICE_native,0,immutable_changed:Test_2;immutable_changed:Test_3,15.1,0.0053961277008056,0.8099999999999999,1.0
AUC,6,aligned,3,265,NICE,bounded,NICE_bounded,0,below_policy_threshold;classifier_target_not_met,14.6,0.0053961277008056,0.8099999999999999,1.0
AUC,6,aligned,3,265,NICE,bounded+edit,NICE_bounded+edit,0,below_policy_threshold;classifier_target_not_met,14.6,0.0053961277008056,0.8099999999999999,1.0
AUC,6,aligned,3,265,MCCE,native,MCCE_native,0,no_candidate,,0.0127222537994384,,
AUC,6,aligned,3,265,MCCE,bounded,MCCE_bounded,0,no_candidate,,0.0127222537994384,,
AUC,6,aligned,3,265,MCCE,bounded+edit,MCCE_bounded+edit,0,no_candidate,,0.0127222537994384,,
AUC,6,aligned,3,286,NICE,native,NICE_native,0,immutable_changed:Test_3,15.125,0.0040032863616943,0.8,1.0
AUC,6,aligned,3,286,NICE,bounded,NICE_bounded,0,below_policy_threshold;classifier_target_not_met,14.375,0.0040032863616943,0.8,1.0
AUC,6,aligned,3,286,NICE,bounded+edit,NICE_bounded+edit,0,below_policy_threshold;classifier_target_not_met,14.375,0.0040032863616943,0.8,1.0
AUC,6,aligned,3,286,MCCE,native,MCCE_native,1,OK,15.025,0.0160679817199707,0.93,1.0
AUC,6,aligned,3,286,MCCE,bounded,MCCE_bounded,1,OK,15.025,0.0160679817199707,0.93,1.0
AUC,6,aligned,3,286,MCCE,bounded+edit,MCCE_bounded+edit,1,OK,15.025,0.0160679817199707,0.93,1.0
AUC,6,aligned,3,291,NICE,native,NICE_native,0,immutable_changed:Test_2,15.275,0.0039026737213134,0.8,1.0
AUC,6,aligned,3,291,NICE,bounded,NICE_bounded,0,below_policy_threshold;classifier_target_not_met,14.675,0.0039026737213134,0.8,1.0
AUC,6,aligned,3,291,NICE,bounded+edit,NICE_bounded+edit,0,below_policy_threshold;classifier_target_not_met,14.675,0.0039026737213134,0.8,1.0
AUC,6,aligned,3,291,MCCE,native,MCCE_native,0,no_candidate,,0.0118613243103027,,
AUC,6,aligned,3,291,MCCE,bounded,MCCE_bounded,0,no_candidate,,0.0118613243103027,,
AUC,6,aligned,3,291,MCCE,bounded+edit,MCCE_bounded+edit,0,no_candidate,,0.0118613243103027,,
AUC,6,aligned,3,299,NICE,native,NICE_native,0,immutable_changed:Test_1;immutable_changed:Test_2;immutable_changed:Test_3,15.05,0.0065219402313232,0.7,1.0
AUC,6,aligned,3,299,NICE,bounded,NICE_bounded,0,below_policy_threshold;classifier_target_not_met,14.45,0.0065219402313232,0.7,1.0
AUC,6,aligned,3,299,NICE,bounded+edit,NICE_bounded+edit,0,below_policy_threshold;classifier_target_not_met,14.45,0.0065219402313232,0.7,1.0
AUC,6,aligned,3,299,MCCE,native,MCCE_native,1,OK,15.2,0.0177724361419677,0.9633529811834052,2.0
AUC,6,aligned,3,299,MCCE,bounded,MCCE_bounded,1,OK,15.2,0.0177724361419677,0.9633529811834052,2.0
AUC,6,aligned,3,299,MCCE,bounded+edit,MCCE_bounded+edit,1,OK,15.2,0.0177724361419677,0.9633529811834052,2.0
AUC,6,aligned,3,309,NICE,native,NICE_native,0,immutable_changed:Test_2,15.15,0.0040650367736816,0.8,1.0
AUC,6,aligned,3,309,NICE,bounded,NICE_bounded,0,classifier_target_not_met,15.05,0.0040650367736816,0.8,1.0
AUC,6,aligned,3,309,NICE,bounded+edit,NICE_bounded+edit,0,classifier_target_not_met,15.05,0.0040650367736816,0.8,1.0
AUC,6,aligned,3,309,MCCE,native,MCCE_native,1,OK,15.3,0.0180292129516601,0.88457216940363,2.0
AUC,6,aligned,3,309,MCCE,bounded,MCCE_bounded,1,OK,15.3,0.0180292129516601,0.88457216940363,2.0
AUC,6,aligned,3,309,MCCE,bounded+edit,MCCE_bounded+edit,1,OK,15.3,0.0180292129516601,0.88457216940363,2.0
AUC,6,aligned,3,311,NICE,native,NICE_native,0,immutable_changed:Test_2;immutable_changed:Test_3,15.15,0.0053920745849609,0.9,1.0
AUC,6,aligned,3,311,NICE,bounded,NICE_bounded,0,below_policy_threshold;classifier_target_not_met,12.5,0.0053920745849609,0.9,1.0
AUC,6,aligned,3,311,NICE,bounded+edit,NICE_bounded+edit,0,below_policy_threshold;classifier_target_not_met,12.5,0.0053920745849609,0.9,1.0
AUC,6,aligned,3,311,MCCE,native,MCCE_native,0,no_candidate,,0.0117685794830322,,
AUC,6,aligned,3,311,MCCE,bounded,MCCE_bounded,0,no_candidate,,0.0117685794830322,,
AUC,6,aligned,3,311,MCCE,bounded+edit,MCCE_bounded+edit,0,no_candidate,,0.0117685794830322,,
AUC,6,aligned,3,336,NICE,native,NICE_native,0,immutable_changed:Test_1;immutable_changed:Test_2;immutable_changed:Test_3,15.05,0.0065939426422119,0.7,1.0
AUC,6,aligned,3,336,NICE,bounded,NICE_bounded,0,below_policy_threshold;classifier_target_not_met,5.0,0.0065939426422119,0.7,1.0
AUC,6,aligned,3,336,NICE,bounded+edit,NICE_bounded+edit,0,below_policy_threshold;classifier_target_not_met,5.0,0.0065939426422119,0.7,1.0
AUC,6,aligned,3,336,MCCE,native,MCCE_native,0,no_candidate,,0.01165771484375,,
AUC,6,aligned,3,336,MCCE,bounded,MCCE_bounded,0,no_candidate,,0.01165771484375,,
AUC,6,aligned,3,336,MCCE,bounded+edit,MCCE_bounded+edit,0,no_candidate,,0.01165771484375,,
AUC,6,aligned,3,343,NICE,native,NICE_native,0,below_policy_threshold;immutable_changed:Test_2;immutable_changed:Test_3,14.975,0.0052783489227294,0.8,1.0
AUC,6,aligned,3,343,NICE,bounded,NICE_bounded,0,below_policy_threshold;classifier_target_not_met,13.575,0.0052783489227294,0.8,1.0
AUC,6,aligned,3,343,NICE,bounded+edit,NICE_bounded+edit,0,below_policy_threshold;classifier_target_not_met,13.575,0.0052783489227294,0.8,1.0
AUC,6,aligned,3,343,MCCE,native,MCCE_native,0,no_candidate,,0.0125026702880859,,
AUC,6,aligned,3,343,MCCE,bounded,MCCE_bounded,0,no_candidate,,0.0125026702880859,,
AUC,6,aligned,3,343,MCCE,bounded+edit,MCCE_bounded+edit,0,no_candidate,,0.0125026702880859,,
AUC,6,aligned,3,356,NICE,native,NICE_native,0,immutable_changed:Test_1;immutable_changed:Test_2;immutable_changed:Test_3,15.225,0.0065748691558837,0.9,1.0
AUC,6,aligned,3,356,NICE,bounded,NICE_bounded,0,below_policy_threshold;classifier_target_not_met,12.5,0.0065748691558837,0.9,1.0
AUC,6,aligned,3,356,NICE,bounded+edit,NICE_bounded+edit,0,below_policy_threshold;classifier_target_not_met,12.5,0.0065748691558837,0.9,1.0
AUC,6,aligned,3,356,MCCE,native,MCCE_native,0,no_candidate,,0.0101497173309326,,
AUC,6,aligned,3,356,MCCE,bounded,MCCE_bounded,0,no_candidate,,0.0101497173309326,,
AUC,6,aligned,3,356,MCCE,bounded+edit,MCCE_bounded+edit,0,no_candidate,,0.0101497173309326,,
AUC,6,aligned,3,363,NICE,native,NICE_native,1,OK,15.025,0.0028164386749267,0.8,1.0
AUC,6,aligned,3,363,NICE,bounded,NICE_bounded,1,OK,15.025,0.0028164386749267,0.8,1.0
AUC,6,aligned,3,363,NICE,bounded+edit,NICE_bounded+edit,1,OK,15.025,0.0028164386749267,0.8,1.0
AUC,6,aligned,3,363,MCCE,native,MCCE_native,0,out_of_bounds:sum_click,15.025,0.0162703990936279,2.039892183288413,2.0
AUC,6,aligned,3,363,MCCE,bounded,MCCE_bounded,0,no_candidate,,0.0162703990936279,,
AUC,6,aligned,3,363,MCCE,bounded+edit,MCCE_bounded+edit,0,no_candidate,,0.0162703990936279,,
AUC,6,aligned,3,384,NICE,native,NICE_native,0,immutable_changed:Test_2;immutable_changed:Test_3,15.125,0.005338430404663,0.9,1.0
AUC,6,aligned,3,384,NICE,bounded,NICE_bounded,0,below_policy_threshold;classifier_target_not_met,6.475,0.005338430404663,0.9,1.0
AUC,6,aligned,3,384,NICE,bounded+edit,NICE_bounded+edit,0,below_policy_threshold;classifier_target_not_met,6.475,0.005338430404663,0.9,1.0
AUC,6,aligned,3,384,MCCE,native,MCCE_native,0,no_candidate,,0.0118734836578369,,
AUC,6,aligned,3,384,MCCE,bounded,MCCE_bounded,0,no_candidate,,0.0118734836578369,,
AUC,6,aligned,3,384,MCCE,bounded+edit,MCCE_bounded+edit,0,no_candidate,,0.0118734836578369,,
AUC,6,aligned,3,390,NICE,native,NICE_native,0,immutable_changed:Test_1;immutable_changed:Test_2;immutable_changed:Test_3,15.05,0.0066988468170166,0.7,1.0
AUC,6,aligned,3,390,NICE,bounded,NICE_bounded,0,below_policy_threshold;classifier_target_not_met,8.5,0.0066988468170166,0.7,1.0
AUC,6,aligned,3,390,NICE,bounded+edit,NICE_bounded+edit,0,below_policy_threshold;classifier_target_not_met,8.5,0.0066988468170166,0.7,1.0
AUC,6,aligned,3,390,MCCE,native,MCCE_native,0,no_candidate,,0.0120694637298583,,
AUC,6,aligned,3,390,MCCE,bounded,MCCE_bounded,0,no_candidate,,0.0120694637298583,,
AUC,6,aligned,3,390,MCCE,bounded+edit,MCCE_bounded+edit,0,no_candidate,,0.0120694637298583,,
AUC,6,aligned,3,405,NICE,native,NICE_native,0,immutable_changed:Test_2;immutable_changed:Test_3,15.1,0.0052947998046875,0.7,1.0
AUC,6,aligned,3,405,NICE,bounded,NICE_bounded,0,below_policy_threshold;classifier_target_not_met,10.2,0.0052947998046875,0.7,1.0
AUC,6,aligned,3,405,NICE,bounded+edit,NICE_bounded+edit,0,below_policy_threshold;classifier_target_not_met,10.2,0.0052947998046875,0.7,1.0
AUC,6,aligned,3,405,MCCE,native,MCCE_native,0,no_candidate,,0.011613130569458,,
AUC,6,aligned,3,405,MCCE,bounded,MCCE_bounded,0,no_candidate,,0.011613130569458,,
AUC,6,aligned,3,405,MCCE,bounded+edit,MCCE_bounded+edit,0,no_candidate,,0.011613130569458,,
AUC,6,aligned,3,407,NICE,native,NICE_native,0,below_policy_threshold;immutable_changed:Test_2;immutable_changed:Test_3,15.0,0.0052900314331054,0.85,1.0
AUC,6,aligned,3,407,NICE,bounded,NICE_bounded,0,below_policy_threshold;classifier_target_not_met,6.0,0.0052900314331054,0.85,1.0
AUC,6,aligned,3,407,NICE,bounded+edit,NICE_bounded+edit,0,below_policy_threshold;classifier_target_not_met,6.0,0.0052900314331054,0.85,1.0
AUC,6,aligned,3,407,MCCE,native,MCCE_native,0,no_candidate,,0.0121533870697021,,
AUC,6,aligned,3,407,MCCE,bounded,MCCE_bounded,0,no_candidate,,0.0121533870697021,,
AUC,6,aligned,3,407,MCCE,bounded+edit,MCCE_bounded+edit,0,no_candidate,,0.0121533870697021,,
AUC,6,aligned,3,409,NICE,native,NICE_native,0,immutable_changed:Test_2;immutable_changed:Test_3,15.05,0.0054173469543457,0.8,1.0
AUC,6,aligned,3,409,NICE,bounded,NICE_bounded,0,below_policy_threshold;classifier_target_not_met,10.25,0.0054173469543457,0.8,1.0
AUC,6,aligned,3,409,NICE,bounded+edit,NICE_bounded+edit,0,below_policy_threshold;classifier_target_not_met,10.25,0.0054173469543457,0.8,1.0
AUC,6,aligned,3,409,MCCE,native,MCCE_native,0,no_candidate,,0.0122499465942382,,
AUC,6,aligned,3,409,MCCE,bounded,MCCE_bounded,0,no_candidate,,0.0122499465942382,,
AUC,6,aligned,3,409,MCCE,bounded+edit,MCCE_bounded+edit,0,no_candidate,,0.0122499465942382,,
AUC,6,aligned,3,431,NICE,native,NICE_native,0,immutable_changed:Test_2;immutable_changed:Test_3,15.05,0.0071640014648437,0.7,1.0
AUC,6,aligned,3,431,NICE,bounded,NICE_bounded,0,below_policy_threshold;classifier_target_not_met,14.525,0.0071640014648437,0.7,1.0
AUC,6,aligned,3,431,NICE,bounded+edit,NICE_bounded+edit,0,below_policy_threshold;classifier_target_not_met,14.525,0.0071640014648437,0.7,1.0
AUC,6,aligned,3,431,MCCE,native,MCCE_native,1,OK,15.525,0.0179426670074462,0.9849076629165784,2.0
AUC,6,aligned,3,431,MCCE,bounded,MCCE_bounded,1,OK,15.525,0.0179426670074462,0.9849076629165784,2.0
AUC,6,aligned,3,431,MCCE,bounded+edit,MCCE_bounded+edit,1,OK,15.525,0.0179426670074462,0.9849076629165784,2.0
AUC,6,aligned,3,440,NICE,native,NICE_native,0,immutable_changed:Test_2;immutable_changed:Test_3,15.15,0.0052783489227294,0.7,1.0
AUC,6,aligned,3,440,NICE,bounded,NICE_bounded,0,below_policy_threshold;classifier_target_not_met,5.85,0.0052783489227294,0.7,1.0
AUC,6,aligned,3,440,NICE,bounded+edit,NICE_bounded+edit,0,below_policy_threshold;classifier_target_not_met,5.85,0.0052783489227294,0.7,1.0
AUC,6,aligned,3,440,MCCE,native,MCCE_native,0,no_candidate,,0.0119972229003906,,
AUC,6,aligned,3,440,MCCE,bounded,MCCE_bounded,0,no_candidate,,0.0119972229003906,,
AUC,6,aligned,3,440,MCCE,bounded+edit,MCCE_bounded+edit,0,no_candidate,,0.0119972229003906,,
AUC,6,aligned,3,447,NICE,native,NICE_native,0,immutable_changed:Test_1;immutable_changed:Test_2;immutable_changed:Test_3,15.05,0.0064988136291503,0.7,1.0
AUC,6,aligned,3,447,NICE,bounded,NICE_bounded,0,below_policy_threshold;classifier_target_not_met,13.475,0.0064988136291503,0.7,1.0
AUC,6,aligned,3,447,NICE,bounded+edit,NICE_bounded+edit,0,below_policy_threshold;classifier_target_not_met,13.475,0.0064988136291503,0.7,1.0
AUC,6,aligned,3,447,MCCE,native,MCCE_native,0,no_candidate,,0.0120413303375244,,
AUC,6,aligned,3,447,MCCE,bounded,MCCE_bounded,0,no_candidate,,0.0120413303375244,,
AUC,6,aligned,3,447,MCCE,bounded+edit,MCCE_bounded+edit,0,no_candidate,,0.0120413303375244,,
AUC,6,aligned,3,448,NICE,native,NICE_native,0,below_policy_threshold;immutable_changed:Test_1;immutable_changed:Test_2,12.475,0.0052516460418701,0.85,1.0
AUC,6,aligned,3,448,NICE,bounded,NICE_bounded,0,below_policy_threshold;classifier_target_not_met,9.375,0.0052516460418701,0.85,1.0
AUC,6,aligned,3,448,NICE,bounded+edit,NICE_bounded+edit,0,below_policy_threshold;classifier_target_not_met,9.375,0.0052516460418701,0.85,1.0
AUC,6,aligned,3,448,MCCE,native,MCCE_native,0,no_candidate,,0.011899709701538,,
AUC,6,aligned,3,448,MCCE,bounded,MCCE_bounded,0,no_candidate,,0.011899709701538,,
AUC,6,aligned,3,448,MCCE,bounded+edit,MCCE_bounded+edit,0,no_candidate,,0.011899709701538,,
AUC,6,aligned,3,459,NICE,native,NICE_native,0,immutable_changed:Test_3,15.075,0.0039694309234619,0.8099999999999999,1.0
AUC,6,aligned,3,459,NICE,bounded,NICE_bounded,0,below_policy_threshold;classifier_target_not_met,14.775000000000002,0.0039694309234619,0.8099999999999999,1.0
AUC,6,aligned,3,459,NICE,bounded+edit,NICE_bounded+edit,0,below_policy_threshold;classifier_target_not_met,14.775000000000002,0.0039694309234619,0.8099999999999999,1.0
AUC,6,aligned,3,459,MCCE,native,MCCE_native,0,out_of_bounds:sum_click,15.425,0.0153074264526367,1.1610962690004607,2.0
AUC,6,aligned,3,459,MCCE,bounded,MCCE_bounded,0,no_candidate,,0.0153074264526367,,
AUC,6,aligned,3,459,MCCE,bounded+edit,MCCE_bounded+edit,0,no_candidate,,0.0153074264526367,,
AUC,6,aligned,3,463,NICE,native,NICE_native,1,OK,15.25,0.0029253959655761,0.85,1.0
AUC,6,aligned,3,463,NICE,bounded,NICE_bounded,1,OK,15.25,0.0029253959655761,0.85,1.0
AUC,6,aligned,3,463,NICE,bounded+edit,NICE_bounded+edit,1,OK,15.25,0.0029253959655761,0.85,1.0
AUC,6,aligned,3,463,MCCE,native,MCCE_native,0,out_of_bounds:sum_click,15.6,0.0181441307067871,0.9843259179844546,2.0
AUC,6,aligned,3,463,MCCE,bounded,MCCE_bounded,1,OK,15.95,0.0181441307067871,1.0221629589922272,2.0
AUC,6,aligned,3,463,MCCE,bounded+edit,MCCE_bounded+edit,1,OK,15.95,0.0181441307067871,1.0221629589922272,2.0
AUC,6,aligned,3,471,NICE,native,NICE_native,0,below_policy_threshold;immutable_changed:Test_2;immutable_changed:Test_3,15.0,0.0052783489227294,0.85,1.0
AUC,6,aligned,3,471,NICE,bounded,NICE_bounded,0,below_policy_threshold;classifier_target_not_met,6.0,0.0052783489227294,0.85,1.0
AUC,6,aligned,3,471,NICE,bounded+edit,NICE_bounded+edit,0,below_policy_threshold;classifier_target_not_met,6.0,0.0052783489227294,0.85,1.0
AUC,6,aligned,3,471,MCCE,native,MCCE_native,0,no_candidate,,0.0117497444152832,,
AUC,6,aligned,3,471,MCCE,bounded,MCCE_bounded,0,no_candidate,,0.0117497444152832,,
AUC,6,aligned,3,471,MCCE,bounded+edit,MCCE_bounded+edit,0,no_candidate,,0.0117497444152832,,
AUC,6,aligned,3,506,NICE,native,NICE_native,0,below_policy_threshold;immutable_changed:Test_2;immutable_changed:Test_3,15.0,0.0052800178527832,0.8,1.0
AUC,6,aligned,3,506,NICE,bounded,NICE_bounded,0,below_policy_threshold;classifier_target_not_met,9.7,0.0052800178527832,0.8,1.0
AUC,6,aligned,3,506,NICE,bounded+edit,NICE_bounded+edit,0,below_policy_threshold;classifier_target_not_met,9.7,0.0052800178527832,0.8,1.0
AUC,6,aligned,3,506,MCCE,native,MCCE_native,0,no_candidate,,0.0116157531738281,,
AUC,6,aligned,3,506,MCCE,bounded,MCCE_bounded,0,no_candidate,,0.0116157531738281,,
AUC,6,aligned,3,506,MCCE,bounded+edit,MCCE_bounded+edit,0,no_candidate,,0.0116157531738281,,
AUC,6,aligned,3,508,NICE,native,NICE_native,0,immutable_changed:Test_1;immutable_changed:Test_2;immutable_changed:Test_3,15.05,0.0064399242401123,0.7,1.0
AUC,6,aligned,3,508,NICE,bounded,NICE_bounded,0,below_policy_threshold;classifier_target_not_met,10.125,0.0064399242401123,0.7,1.0
AUC,6,aligned,3,508,NICE,bounded+edit,NICE_bounded+edit,0,below_policy_threshold;classifier_target_not_met,10.125,0.0064399242401123,0.7,1.0
AUC,6,aligned,3,508,MCCE,native,MCCE_native,0,no_candidate,,0.0114772319793701,,
AUC,6,aligned,3,508,MCCE,bounded,MCCE_bounded,0,no_candidate,,0.0114772319793701,,
AUC,6,aligned,3,508,MCCE,bounded+edit,MCCE_bounded+edit,0,no_candidate,,0.0114772319793701,,
AUC,6,aligned,3,526,NICE,native,NICE_native,0,immutable_changed:Test_1;immutable_changed:Test_2;immutable_changed:Test_3,15.05,0.0065515041351318,0.7,1.0
AUC,6,aligned,3,526,NICE,bounded,NICE_bounded,0,below_policy_threshold;classifier_target_not_met,4.75,0.0065515041351318,0.7,1.0
AUC,6,aligned,3,526,NICE,bounded+edit,NICE_bounded+edit,0,below_policy_threshold;classifier_target_not_met,4.75,0.0065515041351318,0.7,1.0
AUC,6,aligned,3,526,MCCE,native,MCCE_native,0,no_candidate,,0.0126800537109375,,
AUC,6,aligned,3,526,MCCE,bounded,MCCE_bounded,0,no_candidate,,0.0126800537109375,,
AUC,6,aligned,3,526,MCCE,bounded+edit,MCCE_bounded+edit,0,no_candidate,,0.0126800537109375,,
AUC,6,aligned,3,539,NICE,native,NICE_native,0,immutable_changed:Test_2;immutable_changed:Test_3,15.05,0.0052757263183593,0.7,1.0
AUC,6,aligned,3,539,NICE,bounded,NICE_bounded,0,below_policy_threshold;classifier_target_not_met,14.25,0.0052757263183593,0.7,1.0
AUC,6,aligned,3,539,NICE,bounded+edit,NICE_bounded+edit,0,below_policy_threshold;classifier_target_not_met,14.25,0.0052757263183593,0.7,1.0
AUC,6,aligned,3,539,MCCE,native,MCCE_native,0,below_policy_threshold,15.0,0.0177476406097412,1.162050913570109,2.0
AUC,6,aligned,3,539,MCCE,bounded,MCCE_bounded,0,below_policy_threshold,15.0,0.0177476406097412,1.162050913570109,2.0
AUC,6,aligned,3,539,MCCE,bounded+edit,MCCE_bounded+edit,0,below_policy_threshold,15.0,0.0177476406097412,1.162050913570109,2.0
AUC,6,aligned,3,541,NICE,native,NICE_native,0,immutable_changed:Test_1;immutable_changed:Test_2;immutable_changed:Test_3,15.05,0.0064160823822021,0.7,1.0
AUC,6,aligned,3,541,NICE,bounded,NICE_bounded,0,below_policy_threshold;classifier_target_not_met,14.225,0.0064160823822021,0.7,1.0
AUC,6,aligned,3,541,NICE,bounded+edit,NICE_bounded+edit,0,below_policy_threshold;classifier_target_not_met,14.225,0.0064160823822021,0.7,1.0
AUC,6,aligned,3,541,MCCE,native,MCCE_native,0,out_of_bounds:sum_click,15.025,0.0182147026062011,0.9033630450493856,2.0
AUC,6,aligned,3,541,MCCE,bounded,MCCE_bounded,0,below_policy_threshold,14.975,0.0182147026062011,0.9608166706817636,2.0
AUC,6,aligned,3,541,MCCE,bounded+edit,MCCE_bounded+edit,0,below_policy_threshold,14.975,0.0182147026062011,0.9608166706817636,2.0
AUC,6,aligned,3,542,NICE,native,NICE_native,0,below_policy_threshold,15.0,0.0025889873504638,0.9,1.0
AUC,6,aligned,3,542,NICE,bounded,NICE_bounded,0,below_policy_threshold,15.0,0.0025889873504638,0.9,1.0
AUC,6,aligned,3,542,NICE,bounded+edit,NICE_bounded+edit,0,below_policy_threshold,15.0,0.0025889873504638,0.9,1.0
AUC,6,aligned,3,542,MCCE,native,MCCE_native,0,no_candidate,,0.0114717483520507,,
AUC,6,aligned,3,542,MCCE,bounded,MCCE_bounded,0,no_candidate,,0.0114717483520507,,
AUC,6,aligned,3,542,MCCE,bounded+edit,MCCE_bounded+edit,0,no_candidate,,0.0114717483520507,,
AUC,6,aligned,3,546,NICE,native,NICE_native,0,immutable_changed:Test_2,15.2,0.0039324760437011,0.85,1.0
AUC,6,aligned,3,546,NICE,bounded,NICE_bounded,0,below_policy_threshold;classifier_target_not_met,14.9,0.0039324760437011,0.85,1.0
AUC,6,aligned,3,546,NICE,bounded+edit,NICE_bounded+edit,0,below_policy_threshold;classifier_target_not_met,14.9,0.0039324760437011,0.85,1.0
AUC,6,aligned,3,546,MCCE,native,MCCE_native,0,no_candidate,,0.011523962020874,,
AUC,6,aligned,3,546,MCCE,bounded,MCCE_bounded,0,no_candidate,,0.011523962020874,,
AUC,6,aligned,3,546,MCCE,bounded+edit,MCCE_bounded+edit,0,no_candidate,,0.011523962020874,,
AUC,6,aligned,3,557,NICE,native,NICE_native,0,immutable_changed:Test_2,15.3,0.0039467811584472,0.8,1.0
AUC,6,aligned,3,557,NICE,bounded,NICE_bounded,0,below_policy_threshold;classifier_target_not_met,14.75,0.0039467811584472,0.8,1.0
AUC,6,aligned,3,557,NICE,bounded+edit,NICE_bounded+edit,0,below_policy_threshold;classifier_target_not_met,14.75,0.0039467811584472,0.8,1.0
AUC,6,aligned,3,557,MCCE,native,MCCE_native,0,no_candidate,,0.011601448059082,,
AUC,6,aligned,3,557,MCCE,bounded,MCCE_bounded,0,no_candidate,,0.011601448059082,,
AUC,6,aligned,3,557,MCCE,bounded+edit,MCCE_bounded+edit,0,no_candidate,,0.011601448059082,,
AUC,6,aligned,3,561,NICE,native,NICE_native,0,below_policy_threshold,14.875,0.0026297569274902,0.8,1.0
AUC,6,aligned,3,561,NICE,bounded,NICE_bounded,0,below_policy_threshold,14.875,0.0026297569274902,0.8,1.0
AUC,6,aligned,3,561,NICE,bounded+edit,NICE_bounded+edit,0,below_policy_threshold,14.875,0.0026297569274902,0.8,1.0
AUC,6,aligned,3,561,MCCE,native,MCCE_native,0,out_of_bounds:sum_click,15.375,0.0173931121826171,1.0652892561983474,2.0
AUC,6,aligned,3,561,MCCE,bounded,MCCE_bounded,1,OK,15.375,0.0173931121826171,1.1253944402704734,2.0
AUC,6,aligned,3,561,MCCE,bounded+edit,MCCE_bounded+edit,1,OK,15.375,0.0173931121826171,1.1253944402704734,2.0
AUC,6,aligned,3,572,NICE,native,NICE_native,0,below_policy_threshold;immutable_changed:Test_1;immutable_changed:Test_2,13.725,0.0053603649139404,0.85,1.0
AUC,6,aligned,3,572,NICE,bounded,NICE_bounded,0,below_policy_threshold;classifier_target_not_met,11.25,0.0053603649139404,0.85,1.0
AUC,6,aligned,3,572,NICE,bounded+edit,NICE_bounded+edit,0,below_policy_threshold;classifier_target_not_met,11.25,0.0053603649139404,0.85,1.0
AUC,6,aligned,3,572,MCCE,native,MCCE_native,0,no_candidate,,0.0115940570831298,,
AUC,6,aligned,3,572,MCCE,bounded,MCCE_bounded,0,no_candidate,,0.0115940570831298,,
AUC,6,aligned,3,572,MCCE,bounded+edit,MCCE_bounded+edit,0,no_candidate,,0.0115940570831298,,
AUC,6,aligned,3,573,NICE,native,NICE_native,0,below_policy_threshold;immutable_changed:Test_1;immutable_changed:Test_2,13.475,0.0051734447479248,0.85,1.0
AUC,6,aligned,3,573,NICE,bounded,NICE_bounded,0,below_policy_threshold;classifier_target_not_met,11.625,0.0051734447479248,0.85,1.0
AUC,6,aligned,3,573,NICE,bounded+edit,NICE_bounded+edit,0,below_policy_threshold;classifier_target_not_met,11.625,0.0051734447479248,0.85,1.0
AUC,6,aligned,3,573,MCCE,native,MCCE_native,0,no_candidate,,0.0114619731903076,,
AUC,6,aligned,3,573,MCCE,bounded,MCCE_bounded,0,no_candidate,,0.0114619731903076,,
AUC,6,aligned,3,573,MCCE,bounded+edit,MCCE_bounded+edit,0,no_candidate,,0.0114619731903076,,
AUC,6,aligned,3,574,NICE,native,NICE_native,0,immutable_changed:Test_1;immutable_changed:Test_2,15.05,0.00531005859375,0.7,1.0
AUC,6,aligned,3,574,NICE,bounded,NICE_bounded,0,below_policy_threshold;classifier_target_not_met,14.9,0.00531005859375,0.7,1.0
AUC,6,aligned,3,574,NICE,bounded+edit,NICE_bounded+edit,0,below_policy_threshold;classifier_target_not_met,14.9,0.00531005859375,0.7,1.0
AUC,6,aligned,3,574,MCCE,native,MCCE_native,0,out_of_bounds:sum_click,15.4,0.017482042312622,0.9192564012627148,2.0
AUC,6,aligned,3,574,MCCE,bounded,MCCE_bounded,1,OK,15.9,0.017482042312622,0.9491055769905296,2.0
AUC,6,aligned,3,574,MCCE,bounded+edit,MCCE_bounded+edit,1,OK,15.9,0.017482042312622,0.9491055769905296,2.0
AUC,6,aligned,3,581,NICE,native,NICE_native,0,immutable_changed:Test_1;immutable_changed:Test_2;immutable_changed:Test_3,15.05,0.0066654682159423,0.7,1.0
AUC,6,aligned,3,581,NICE,bounded,NICE_bounded,0,below_policy_threshold;classifier_target_not_met,9.75,0.0066654682159423,0.7,1.0
AUC,6,aligned,3,581,NICE,bounded+edit,NICE_bounded+edit,0,below_policy_threshold;classifier_target_not_met,9.75,0.0066654682159423,0.7,1.0
AUC,6,aligned,3,581,MCCE,native,MCCE_native,0,no_candidate,,0.0121302604675292,,
AUC,6,aligned,3,581,MCCE,bounded,MCCE_bounded,0,no_candidate,,0.0121302604675292,,
AUC,6,aligned,3,581,MCCE,bounded+edit,MCCE_bounded+edit,0,no_candidate,,0.0121302604675292,,
AUC,6,aligned,3,586,NICE,native,NICE_native,0,immutable_changed:Test_1;immutable_changed:Test_2;immutable_changed:Test_3,15.05,0.0065128803253173,0.7,1.0
AUC,6,aligned,3,586,NICE,bounded,NICE_bounded,0,below_policy_threshold;classifier_target_not_met,3.5,0.0065128803253173,0.7,1.0
AUC,6,aligned,3,586,NICE,bounded+edit,NICE_bounded+edit,0,below_policy_threshold;classifier_target_not_met,3.5,0.0065128803253173,0.7,1.0
AUC,6,aligned,3,586,MCCE,native,MCCE_native,0,no_candidate,,0.0116927623748779,,
AUC,6,aligned,3,586,MCCE,bounded,MCCE_bounded,0,no_candidate,,0.0116927623748779,,
AUC,6,aligned,3,586,MCCE,bounded+edit,MCCE_bounded+edit,0,no_candidate,,0.0116927623748779,,
AUC,6,aligned,3,588,NICE,native,NICE_native,0,below_policy_threshold;immutable_changed:Test_1;immutable_changed:Test_2,10.725,0.0052909851074218,0.85,1.0
AUC,6,aligned,3,588,NICE,bounded,NICE_bounded,0,below_policy_threshold;classifier_target_not_met,4.25,0.0052909851074218,0.85,1.0
AUC,6,aligned,3,588,NICE,bounded+edit,NICE_bounded+edit,0,below_policy_threshold;classifier_target_not_met,4.25,0.0052909851074218,0.85,1.0
AUC,6,aligned,3,588,MCCE,native,MCCE_native,0,no_candidate,,0.011962890625,,
AUC,6,aligned,3,588,MCCE,bounded,MCCE_bounded,0,no_candidate,,0.011962890625,,
AUC,6,aligned,3,588,MCCE,bounded+edit,MCCE_bounded+edit,0,no_candidate,,0.011962890625,,
AUC,6,aligned,3,599,NICE,native,NICE_native,0,immutable_changed:Test_2;immutable_changed:Test_3,15.075,0.0052220821380615,0.7,1.0
AUC,6,aligned,3,599,NICE,bounded,NICE_bounded,0,below_policy_threshold;classifier_target_not_met,14.275,0.0052220821380615,0.7,1.0
AUC,6,aligned,3,599,NICE,bounded+edit,NICE_bounded+edit,0,below_policy_threshold;classifier_target_not_met,14.275,0.0052220821380615,0.7,1.0
AUC,6,aligned,3,599,MCCE,native,MCCE_native,0,out_of_bounds:sum_click,15.025,0.0179500579833984,0.8836771206061882,2.0
AUC,6,aligned,3,599,MCCE,bounded,MCCE_bounded,1,OK,15.025,0.0179500579833984,0.9131446011366028,2.0
AUC,6,aligned,3,599,MCCE,bounded+edit,MCCE_bounded+edit,1,OK,15.025,0.0179500579833984,0.9131446011366028,2.0
AUC,6,aligned,3,603,NICE,native,NICE_native,0,out_of_bounds:sum_click;immutable_changed:Test_1;immutable_changed:Test_2,15.05,0.0064105987548828,1.4487456580470863,2.0
AUC,6,aligned,3,603,NICE,bounded,NICE_bounded,0,below_policy_threshold;classifier_target_not_met,14.875,0.0064105987548828,0.7,1.0
AUC,6,aligned,3,603,NICE,bounded+edit,NICE_bounded+edit,0,below_policy_threshold;classifier_target_not_met,14.875,0.0064105987548828,0.7,1.0
AUC,6,aligned,3,603,MCCE,native,MCCE_native,0,out_of_bounds:sum_click,15.975,0.0151984691619873,0.9663141644152836,2.0
AUC,6,aligned,3,603,MCCE,bounded,MCCE_bounded,0,no_candidate,,0.0151984691619873,,
AUC,6,aligned,3,603,MCCE,bounded+edit,MCCE_bounded+edit,0,no_candidate,,0.0151984691619873,,
AUC,6,aligned,3,619,NICE,native,NICE_native,0,immutable_changed:Test_2,15.325,0.0040044784545898,0.8,1.0
AUC,6,aligned,3,619,NICE,bounded,NICE_bounded,0,below_policy_threshold;classifier_target_not_met,14.575,0.0040044784545898,0.8,1.0
AUC,6,aligned,3,619,NICE,bounded+edit,NICE_bounded+edit,0,below_policy_threshold;classifier_target_not_met,14.575,0.0040044784545898,0.8,1.0
AUC,6,aligned,3,619,MCCE,native,MCCE_native,0,no_candidate,,0.0117480754852294,,
AUC,6,aligned,3,619,MCCE,bounded,MCCE_bounded,0,no_candidate,,0.0117480754852294,,
AUC,6,aligned,3,619,MCCE,bounded+edit,MCCE_bounded+edit,0,no_candidate,,0.0117480754852294,,
AUC,6,aligned,3,625,NICE,native,NICE_native,0,immutable_changed:Test_1;immutable_changed:Test_2;immutable_changed:Test_3,15.05,0.006272554397583,0.7,1.0
AUC,6,aligned,3,625,NICE,bounded,NICE_bounded,0,below_policy_threshold;classifier_target_not_met,12.4,0.006272554397583,0.7,1.0
AUC,6,aligned,3,625,NICE,bounded+edit,NICE_bounded+edit,0,below_policy_threshold;classifier_target_not_met,12.4,0.006272554397583,0.7,1.0
AUC,6,aligned,3,625,MCCE,native,MCCE_native,0,no_candidate,,0.0118904113769531,,
AUC,6,aligned,3,625,MCCE,bounded,MCCE_bounded,0,no_candidate,,0.0118904113769531,,
AUC,6,aligned,3,625,MCCE,bounded+edit,MCCE_bounded+edit,0,no_candidate,,0.0118904113769531,,
AUC,6,aligned,3,645,NICE,native,NICE_native,1,OK,15.5,0.0026698112487792,0.85,1.0
AUC,6,aligned,3,645,NICE,bounded,NICE_bounded,1,OK,15.5,0.0026698112487792,0.85,1.0
AUC,6,aligned,3,645,NICE,bounded+edit,NICE_bounded+edit,1,OK,15.5,0.0026698112487792,0.85,1.0
AUC,6,aligned,3,645,MCCE,native,MCCE_native,0,out_of_bounds:sum_click,15.85,0.0173299312591552,0.9534336342360414,2.0
AUC,6,aligned,3,645,MCCE,bounded,MCCE_bounded,1,OK,15.85,0.0173299312591552,1.0403610832497492,2.0
AUC,6,aligned,3,645,MCCE,bounded+edit,MCCE_bounded+edit,1,OK,15.85,0.0173299312591552,1.0403610832497492,2.0
AUC,6,aligned,3,646,NICE,native,NICE_native,0,immutable_changed:Test_2;immutable_changed:Test_3,15.05,0.0052239894866943,0.7,1.0
AUC,6,aligned,3,646,NICE,bounded,NICE_bounded,0,below_policy_threshold;classifier_target_not_met,5.75,0.0052239894866943,0.7,1.0
AUC,6,aligned,3,646,NICE,bounded+edit,NICE_bounded+edit,0,below_policy_threshold;classifier_target_not_met,5.75,0.0052239894866943,0.7,1.0
AUC,6,aligned,3,646,MCCE,native,MCCE_native,0,no_candidate,,0.0114274024963378,,
AUC,6,aligned,3,646,MCCE,bounded,MCCE_bounded,0,no_candidate,,0.0114274024963378,,
AUC,6,aligned,3,646,MCCE,bounded+edit,MCCE_bounded+edit,0,no_candidate,,0.0114274024963378,,
AUC,6,aligned,3,647,NICE,native,NICE_native,0,below_policy_threshold;immutable_changed:Test_2,14.85,0.0039284229278564,0.85,1.0
AUC,6,aligned,3,647,NICE,bounded,NICE_bounded,0,below_policy_threshold;classifier_target_not_met,14.5,0.0039284229278564,0.85,1.0
AUC,6,aligned,3,647,NICE,bounded+edit,NICE_bounded+edit,0,below_policy_threshold;classifier_target_not_met,14.5,0.0039284229278564,0.85,1.0
AUC,6,aligned,3,647,MCCE,native,MCCE_native,0,no_candidate,,0.0116305351257324,,
AUC,6,aligned,3,647,MCCE,bounded,MCCE_bounded,0,no_candidate,,0.0116305351257324,,
AUC,6,aligned,3,647,MCCE,bounded+edit,MCCE_bounded+edit,0,no_candidate,,0.0116305351257324,,
AUC,6,aligned,3,648,NICE,native,NICE_native,0,below_policy_threshold;immutable_changed:Test_2,11.225,0.004037857055664,0.82,1.0
AUC,6,aligned,3,648,NICE,bounded,NICE_bounded,0,below_policy_threshold;classifier_target_not_met,6.525,0.004037857055664,0.82,1.0
AUC,6,aligned,3,648,NICE,bounded+edit,NICE_bounded+edit,0,below_policy_threshold;classifier_target_not_met,6.525,0.004037857055664,0.82,1.0
AUC,6,aligned,3,648,MCCE,native,MCCE_native,0,no_candidate,,0.011385440826416,,
AUC,6,aligned,3,648,MCCE,bounded,MCCE_bounded,0,no_candidate,,0.011385440826416,,
AUC,6,aligned,3,648,MCCE,bounded+edit,MCCE_bounded+edit,0,no_candidate,,0.011385440826416,,
AUC,6,aligned,3,650,NICE,native,NICE_native,0,immutable_changed:Test_1;immutable_changed:Test_2;immutable_changed:Test_3,15.2,0.0066092014312744,0.9,1.0
AUC,6,aligned,3,650,NICE,bounded,NICE_bounded,0,below_policy_threshold;classifier_target_not_met,12.0,0.0066092014312744,0.9,1.0
AUC,6,aligned,3,650,NICE,bounded+edit,NICE_bounded+edit,0,below_policy_threshold;classifier_target_not_met,12.0,0.0066092014312744,0.9,1.0
AUC,6,aligned,3,650,MCCE,native,MCCE_native,0,no_candidate,,0.0114321708679199,,
AUC,6,aligned,3,650,MCCE,bounded,MCCE_bounded,0,no_candidate,,0.0114321708679199,,
AUC,6,aligned,3,650,MCCE,bounded+edit,MCCE_bounded+edit,0,no_candidate,,0.0114321708679199,,
AUC,6,aligned,3,663,NICE,native,NICE_native,0,immutable_changed:Test_1;immutable_changed:Test_2;immutable_changed:Test_3,15.05,0.0065736770629882,0.7,1.0
AUC,6,aligned,3,663,NICE,bounded,NICE_bounded,0,below_policy_threshold;classifier_target_not_met,5.45,0.0065736770629882,0.7,1.0
AUC,6,aligned,3,663,NICE,bounded+edit,NICE_bounded+edit,0,below_policy_threshold;classifier_target_not_met,5.45,0.0065736770629882,0.7,1.0
AUC,6,aligned,3,663,MCCE,native,MCCE_native,0,no_candidate,,0.0129981040954589,,
AUC,6,aligned,3,663,MCCE,bounded,MCCE_bounded,0,no_candidate,,0.0129981040954589,,
AUC,6,aligned,3,663,MCCE,bounded+edit,MCCE_bounded+edit,0,no_candidate,,0.0129981040954589,,
AUC,6,aligned,3,667,NICE,native,NICE_native,0,below_policy_threshold;immutable_changed:Test_2,11.175,0.004040241241455,0.82,1.0
AUC,6,aligned,3,667,NICE,bounded,NICE_bounded,0,below_policy_threshold;classifier_target_not_met,6.475,0.004040241241455,0.82,1.0
AUC,6,aligned,3,667,NICE,bounded+edit,NICE_bounded+edit,0,below_policy_threshold;classifier_target_not_met,6.475,0.004040241241455,0.82,1.0
AUC,6,aligned,3,667,MCCE,native,MCCE_native,0,no_candidate,,0.0115237236022949,,
AUC,6,aligned,3,667,MCCE,bounded,MCCE_bounded,0,no_candidate,,0.0115237236022949,,
AUC,6,aligned,3,667,MCCE,bounded+edit,MCCE_bounded+edit,0,no_candidate,,0.0115237236022949,,
