dataset,seed,regime,stage,query,method,variant,condition,accepted,reasons,policy_score,seconds,effort,sparsity,vector
HarvardX,1,aligned,0,0,NICE,native,NICE_native,0,out_of_bounds:nevents,0.0,0.004888772964477539,0.0729765590446705,2.0,"{""nevents"": 13.0, ""ndays_act"": 8.0, ""nchapters"": 12.0}"
HarvardX,1,aligned,0,0,NICE,bounded,NICE_bounded,0,classifier_target_not_met,0.0,0.004888772964477539,0.07017543859649122,1.0,"{""nevents"": 15.0, ""ndays_act"": 8.0, ""nchapters"": 12.0}"
HarvardX,1,aligned,0,0,NICE,bounded+edit,NICE_bounded+edit,0,classifier_target_not_met,0.0,0.004888772964477539,0.07017543859649122,1.0,"{""nevents"": 15.0, ""ndays_act"": 8.0, ""nchapters"": 12.0}"
HarvardX,1,aligned,0,0,MCCE,native,MCCE_native,1,OK,0.0,0.06087040901184082,0.10806427834291611,2.0,"{""nevents"": 17.0, ""ndays_act"": 10.0, ""nchapters"": 12.0}"
HarvardX,1,aligned,0,0,MCCE,bounded,MCCE_bounded,1,OK,0.0,0.06087040901184082,0.10806427834291611,2.0,"{""nevents"": 17.0, ""ndays_act"": 10.0, ""nchapters"": 12.0}"
HarvardX,1,aligned,0,0,MCCE,bounded+edit,MCCE_bounded+edit,1,OK,0.0,0.06087040901184082,0.10806427834291611,2.0,"{""nevents"": 17.0, ""ndays_act"": 10.0, ""nchapters"": 12.0}"
HarvardX,1,aligned,0,7,NICE,native,NICE_native,1,OK,0.0,0.004586696624755859,0.2315934065934066,2.0,"{""nevents"": 24.0, ""ndays_act"": 13.0, ""nchapters"": 11.0}"
HarvardX,1,aligned,0,7,NICE,bounded,NICE_bounded,1,OK,0.0,0.004586696624755859,0.2315934065934066,2.0,"{""nevents"": 24.0, ""ndays_act"": 13.0, ""nchapters"": 11.0}"
HarvardX,1,aligned,0,7,NICE,bounded+edit,NICE_bounded+edit,1,OK,0.0,0.004586696624755859,0.2315934065934066,2.0,"{""nevents"": 24.0, ""ndays_act"": 13.0, ""nchapters"": 11.0}"
HarvardX,1,aligned,0,7,MCCE,native,MCCE_native,1,OK,0.0,0.08324742317199707,0.6756410256410257,2.0,"{""nevents"": 141.0, ""ndays_act"": 30.0, ""nchapters"": 11.0}"
HarvardX,1,aligned,0,7,MCCE,bounded,MCCE_bounded,1,OK,0.0,0.08324742317199707,0.6756410256410257,2.0,"{""nevents"": 141.0, ""ndays_act"": 30.0, ""nchapters"": 11.0}"
HarvardX,1,aligned,0,7,MCCE,bounded+edit,MCCE_bounded+edit,1,OK,0.0,0.08324742317199707,0.6756410256410257,2.0,"{""nevents"": 141.0, ""ndays_act"": 30.0, ""nchapters"": 11.0}"
HarvardX,1,aligned,0,51,NICE,native,NICE_native,0,out_of_bounds:nevents,0.0,0.004576921463012695,0.36222305927473203,2.0,"{""nevents"": 20.0, ""ndays_act"": 12.0, ""nchapters"": 9.0}"
HarvardX,1,aligned,0,51,NICE,bounded,NICE_bounded,0,classifier_target_not_met,0.0,0.004576921463012695,0.07547169811320754,1.0,"{""nevents"": 178.0, ""ndays_act"": 12.0, ""nchapters"": 9.0}"
HarvardX,1,aligned,0,51,NICE,bounded+edit,NICE_bounded+edit,0,classifier_target_not_met,0.0,0.004576921463012695,0.07547169811320754,1.0,"{""nevents"": 178.0, ""ndays_act"": 12.0, ""nchapters"": 9.0}"
HarvardX,1,aligned,0,51,MCCE,native,MCCE_native,0,out_of_bounds:nevents,0.0,0.04066896438598633,0.4485498065267267,2.0,"{""nevents"": 66.0, ""ndays_act"": 21.0, ""nchapters"": 9.0}"
HarvardX,1,aligned,0,51,MCCE,bounded,MCCE_bounded,1,OK,0.0,0.04066896438598633,1.1621522902898103,3.0,"{""nevents"": 302.0, ""ndays_act"": 40.0, ""nchapters"": 10.0}"
HarvardX,1,aligned,0,51,MCCE,bounded+edit,MCCE_bounded+edit,1,OK,0.0,0.04066896438598633,1.1621522902898103,3.0,"{""nevents"": 302.0, ""ndays_act"": 40.0, ""nchapters"": 10.0}"
HarvardX,1,aligned,0,58,NICE,native,NICE_native,0,out_of_bounds:nevents,0.0,0.004786014556884766,0.24918173987941428,2.0,"{""nevents"": 67.0, ""ndays_act"": 19.0, ""nchapters"": 9.0}"
HarvardX,1,aligned,0,58,NICE,bounded,NICE_bounded,0,classifier_target_not_met,0.0,0.004786014556884766,0.023255813953488372,1.0,"{""nevents"": 189.0, ""ndays_act"": 19.0, ""nchapters"": 9.0}"
HarvardX,1,aligned,0,58,NICE,bounded+edit,NICE_bounded+edit,0,classifier_target_not_met,0.0,0.004786014556884766,0.023255813953488372,1.0,"{""nevents"": 189.0, ""ndays_act"": 19.0, ""nchapters"": 9.0}"
HarvardX,1,aligned,0,58,MCCE,native,MCCE_native,0,out_of_bounds:nevents,0.0,0.03904891014099121,0.2975452196382429,2.0,"{""nevents"": 66.0, ""ndays_act"": 21.0, ""nchapters"": 9.0}"
HarvardX,1,aligned,0,58,MCCE,bounded,MCCE_bounded,1,OK,0.0,0.03904891014099121,1.0542204995693367,3.0,"{""nevents"": 302.0, ""ndays_act"": 40.0, ""nchapters"": 10.0}"
HarvardX,1,aligned,0,58,MCCE,bounded+edit,MCCE_bounded+edit,1,OK,0.0,0.03904891014099121,1.0542204995693367,3.0,"{""nevents"": 302.0, ""ndays_act"": 40.0, ""nchapters"": 10.0}"
HarvardX,1,aligned,0,87,NICE,native,NICE_native,1,OK,0.0,0.004614353179931641,0.14898018844588365,2.0,"{""nevents"": 13.0, ""ndays_act"": 8.0, ""nchapters"": 12.0}"
HarvardX,1,aligned,0,87,NICE,bounded,NICE_bounded,1,OK,0.0,0.004614353179931641,0.14898018844588365,2.0,"{""nevents"": 13.0, ""ndays_act"": 8.0, ""nchapters"": 12.0}"
HarvardX,1,aligned,0,87,NICE,bounded+edit,NICE_bounded+edit,1,OK,0.0,0.004614353179931641,0.14898018844588365,2.0,"{""nevents"": 13.0, ""ndays_act"": 8.0, ""nchapters"": 12.0}"
HarvardX,1,aligned,0,87,MCCE,native,MCCE_native,1,OK,0.0,0.026390552520751953,0.1872540421417167,2.0,"{""nevents"": 17.0, ""ndays_act"": 10.0, ""nchapters"": 12.0}"
HarvardX,1,aligned,0,87,MCCE,bounded,MCCE_bounded,1,OK,0.0,0.026390552520751953,0.1872540421417167,2.0,"{""nevents"": 17.0, ""ndays_act"": 10.0, ""nchapters"": 12.0}"
HarvardX,1,aligned,0,87,MCCE,bounded+edit,MCCE_bounded+edit,1,OK,0.0,0.026390552520751953,0.1872540421417167,2.0,"{""nevents"": 17.0, ""ndays_act"": 10.0, ""nchapters"": 12.0}"
HarvardX,1,aligned,0,163,NICE,native,NICE_native,0,out_of_bounds:nevents,0.0,0.004778861999511719,0.12895459961578679,2.0,"{""nevents"": 13.0, ""ndays_act"": 8.0, ""nchapters"": 12.0}"
HarvardX,1,aligned,0,163,NICE,bounded,NICE_bounded,0,classifier_target_not_met,0.0,0.004778861999511719,0.1016949152542373,1.0,"{""nevents"": 32.0, ""ndays_act"": 8.0, ""nchapters"": 12.0}"
HarvardX,1,aligned,0,163,NICE,bounded+edit,NICE_bounded+edit,0,classifier_target_not_met,0.0,0.004778861999511719,0.1016949152542373,1.0,"{""nevents"": 32.0, ""ndays_act"": 8.0, ""nchapters"": 12.0}"
HarvardX,1,aligned,0,163,MCCE,native,MCCE_native,0,out_of_bounds:nevents,0.0,0.026017189025878906,0.1571140237823116,2.0,"{""nevents"": 17.0, ""ndays_act"": 10.0, ""nchapters"": 12.0}"
HarvardX,1,aligned,0,163,MCCE,bounded,MCCE_bounded,1,OK,0.0,0.026017189025878906,0.15397709311091118,2.0,"{""nevents"": 33.0, ""ndays_act"": 11.0, ""nchapters"": 12.0}"
HarvardX,1,aligned,0,163,MCCE,bounded+edit,MCCE_bounded+edit,1,OK,0.0,0.026017189025878906,0.15397709311091118,2.0,"{""nevents"": 33.0, ""ndays_act"": 11.0, ""nchapters"": 12.0}"
HarvardX,1,aligned,0,182,NICE,native,NICE_native,0,out_of_bounds:nevents,0.0,0.004614591598510742,0.3823280423280423,2.0,"{""nevents"": 13.0, ""ndays_act"": 8.0, ""nchapters"": 12.0}"
HarvardX,1,aligned,0,182,NICE,bounded,NICE_bounded,0,classifier_target_not_met,0.0,0.004614591598510742,0.018518518518518517,1.0,"{""nevents"": 204.0, ""ndays_act"": 8.0, ""nchapters"": 12.0}"
HarvardX,1,aligned,0,182,NICE,bounded+edit,NICE_bounded+edit,0,classifier_target_not_met,0.0,0.004614591598510742,0.018518518518518517,1.0,"{""nevents"": 204.0, ""ndays_act"": 8.0, ""nchapters"": 12.0}"
HarvardX,1,aligned,0,182,MCCE,native,MCCE_native,1,OK,0.0,0.025479793548583984,0.4444444444444444,1.0,"{""nevents"": 204.0, ""ndays_act"": 31.0, ""nchapters"": 12.0}"
HarvardX,1,aligned,0,182,MCCE,bounded,MCCE_bounded,1,OK,0.0,0.025479793548583984,0.4444444444444444,1.0,"{""nevents"": 204.0, ""ndays_act"": 31.0, ""nchapters"": 12.0}"
HarvardX,1,aligned,0,182,MCCE,bounded+edit,MCCE_bounded+edit,1,OK,0.0,0.025479793548583984,0.4444444444444444,1.0,"{""nevents"": 204.0, ""ndays_act"": 31.0, ""nchapters"": 12.0}"
HarvardX,1,aligned,0,220,NICE,native,NICE_native,0,out_of_bounds:nevents,0.0,0.004573822021484375,0.14392635102821616,2.0,"{""nevents"": 13.0, ""ndays_act"": 8.0, ""nchapters"": 12.0}"
HarvardX,1,aligned,0,220,NICE,bounded,NICE_bounded,0,classifier_target_not_met,0.0,0.004573822021484375,0.11666666666666667,1.0,"{""nevents"": 32.0, ""ndays_act"": 8.0, ""nchapters"": 12.0}"
HarvardX,1,aligned,0,220,NICE,bounded+edit,NICE_bounded+edit,0,classifier_target_not_met,0.0,0.004573822021484375,0.11666666666666667,1.0,"{""nevents"": 32.0, ""ndays_act"": 8.0, ""nchapters"": 12.0}"
HarvardX,1,aligned,0,220,MCCE,native,MCCE_native,0,out_of_bounds:nevents,0.0,0.025593042373657227,0.17152080344332854,2.0,"{""nevents"": 17.0, ""ndays_act"": 10.0, ""nchapters"": 12.0}"
HarvardX,1,aligned,0,220,MCCE,bounded,MCCE_bounded,1,OK,0.0,0.025593042373657227,0.1681013868962219,2.0,"{""nevents"": 33.0, ""ndays_act"": 11.0, ""nchapters"": 12.0}"
HarvardX,1,aligned,0,220,MCCE,bounded+edit,MCCE_bounded+edit,1,OK,0.0,0.025593042373657227,0.1681013868962219,2.0,"{""nevents"": 33.0, ""ndays_act"": 11.0, ""nchapters"": 12.0}"
HarvardX,1,aligned,0,227,NICE,native,NICE_native,1,OK,0.0,0.00606226921081543,0.5680052511897227,3.0,"{""nevents"": 76.0, ""ndays_act"": 18.0, ""nchapters"": 8.0}"
HarvardX,1,aligned,0,227,NICE,bounded,NICE_bounded,1,OK,0.0,0.00606226921081543,0.5680052511897227,3.0,"{""nevents"": 76.0, ""ndays_act"": 18.0, ""nchapters"": 8.0}"
HarvardX,1,aligned,0,227,NICE,bounded+edit,NICE_bounded+edit,1,OK,0.0,0.00606226921081543,0.5680052511897227,3.0,"{""nevents"": 76.0, ""ndays_act"": 18.0, ""nchapters"": 8.0}"
HarvardX,1,aligned,0,227,MCCE,native,MCCE_native,1,OK,0.0,0.03933358192443848,0.5697400192231052,3.0,"{""nevents"": 65.0, ""ndays_act"": 19.0, ""nchapters"": 8.0}"
HarvardX,1,aligned,0,227,MCCE,bounded,MCCE_bounded,1,OK,0.0,0.03933358192443848,0.5697400192231052,3.0,"{""nevents"": 65.0, ""ndays_act"": 19.0, ""nchapters"": 8.0}"
HarvardX,1,aligned,0,227,MCCE,bounded+edit,MCCE_bounded+edit,1,OK,0.0,0.03933358192443848,0.5697400192231052,3.0,"{""nevents"": 65.0, ""ndays_act"": 19.0, ""nchapters"": 8.0}"
HarvardX,1,aligned,0,228,NICE,native,NICE_native,1,OK,0.0,0.0055866241455078125,0.7326677010951449,3.0,"{""nevents"": 76.0, ""ndays_act"": 18.0, ""nchapters"": 8.0}"
HarvardX,1,aligned,0,228,NICE,bounded,NICE_bounded,1,OK,0.0,0.0055866241455078125,0.7326677010951449,3.0,"{""nevents"": 76.0, ""ndays_act"": 18.0, ""nchapters"": 8.0}"
HarvardX,1,aligned,0,228,NICE,bounded+edit,NICE_bounded+edit,1,OK,0.0,0.0055866241455078125,0.7326677010951449,3.0,"{""nevents"": 76.0, ""ndays_act"": 18.0, ""nchapters"": 8.0}"
HarvardX,1,aligned,0,228,MCCE,native,MCCE_native,1,OK,0.0,0.03933358192443848,0.7339719804807844,3.0,"{""nevents"": 65.0, ""ndays_act"": 19.0, ""nchapters"": 8.0}"
HarvardX,1,aligned,0,228,MCCE,bounded,MCCE_bounded,1,OK,0.0,0.03933358192443848,0.7339719804807844,3.0,"{""nevents"": 65.0, ""ndays_act"": 19.0, ""nchapters"": 8.0}"
HarvardX,1,aligned,0,228,MCCE,bounded+edit,MCCE_bounded+edit,1,OK,0.0,0.03933358192443848,0.7339719804807844,3.0,"{""nevents"": 65.0, ""ndays_act"": 19.0, ""nchapters"": 8.0}"
HarvardX,1,aligned,0,250,NICE,native,NICE_native,1,OK,0.0,0.00450444221496582,0.14898018844588365,2.0,"{""nevents"": 13.0, ""ndays_act"": 8.0, ""nchapters"": 12.0}"
HarvardX,1,aligned,0,250,NICE,bounded,NICE_bounded,1,OK,0.0,0.00450444221496582,0.14898018844588365,2.0,"{""nevents"": 13.0, ""ndays_act"": 8.0, ""nchapters"": 12.0}"
HarvardX,1,aligned,0,250,NICE,bounded+edit,NICE_bounded+edit,1,OK,0.0,0.00450444221496582,0.14898018844588365,2.0,"{""nevents"": 13.0, ""ndays_act"": 8.0, ""nchapters"": 12.0}"
HarvardX,1,aligned,0,250,MCCE,native,MCCE_native,1,OK,0.0,0.02565312385559082,0.1872540421417167,2.0,"{""nevents"": 17.0, ""ndays_act"": 10.0, ""nchapters"": 12.0}"
HarvardX,1,aligned,0,250,MCCE,bounded,MCCE_bounded,1,OK,0.0,0.02565312385559082,0.1872540421417167,2.0,"{""nevents"": 17.0, ""ndays_act"": 10.0, ""nchapters"": 12.0}"
HarvardX,1,aligned,0,250,MCCE,bounded+edit,MCCE_bounded+edit,1,OK,0.0,0.02565312385559082,0.1872540421417167,2.0,"{""nevents"": 17.0, ""ndays_act"": 10.0, ""nchapters"": 12.0}"
HarvardX,1,aligned,0,277,NICE,native,NICE_native,1,OK,0.0,0.004534721374511719,0.22624309392265193,2.0,"{""nevents"": 24.0, ""ndays_act"": 13.0, ""nchapters"": 11.0}"
HarvardX,1,aligned,0,277,NICE,bounded,NICE_bounded,1,OK,0.0,0.004534721374511719,0.22624309392265193,2.0,"{""nevents"": 24.0, ""ndays_act"": 13.0, ""nchapters"": 11.0}"
HarvardX,1,aligned,0,277,NICE,bounded+edit,NICE_bounded+edit,1,OK,0.0,0.004534721374511719,0.22624309392265193,2.0,"{""nevents"": 24.0, ""ndays_act"": 13.0, ""nchapters"": 11.0}"
HarvardX,1,aligned,0,277,MCCE,native,MCCE_native,1,OK,0.0,0.03968644142150879,0.6711786372007367,2.0,"{""nevents"": 141.0, ""ndays_act"": 30.0, ""nchapters"": 11.0}"
HarvardX,1,aligned,0,277,MCCE,bounded,MCCE_bounded,1,OK,0.0,0.03968644142150879,0.6711786372007367,2.0,"{""nevents"": 141.0, ""ndays_act"": 30.0, ""nchapters"": 11.0}"
HarvardX,1,aligned,0,277,MCCE,bounded+edit,MCCE_bounded+edit,1,OK,0.0,0.03968644142150879,0.6711786372007367,2.0,"{""nevents"": 141.0, ""ndays_act"": 30.0, ""nchapters"": 11.0}"
HarvardX,1,aligned,0,331,NICE,native,NICE_native,1,OK,0.0,0.004574775695800781,0.14898018844588365,2.0,"{""nevents"": 13.0, ""ndays_act"": 8.0, ""nchapters"": 12.0}"
HarvardX,1,aligned,0,331,NICE,bounded,NICE_bounded,1,OK,0.0,0.004574775695800781,0.14898018844588365,2.0,"{""nevents"": 13.0, ""ndays_act"": 8.0, ""nchapters"": 12.0}"
HarvardX,1,aligned,0,331,NICE,bounded+edit,NICE_bounded+edit,1,OK,0.0,0.004574775695800781,0.14898018844588365,2.0,"{""nevents"": 13.0, ""ndays_act"": 8.0, ""nchapters"": 12.0}"
HarvardX,1,aligned,0,331,MCCE,native,MCCE_native,1,OK,0.0,0.026126861572265625,0.1872540421417167,2.0,"{""nevents"": 17.0, ""ndays_act"": 10.0, ""nchapters"": 12.0}"
HarvardX,1,aligned,0,331,MCCE,bounded,MCCE_bounded,1,OK,0.0,0.026126861572265625,0.1872540421417167,2.0,"{""nevents"": 17.0, ""ndays_act"": 10.0, ""nchapters"": 12.0}"
HarvardX,1,aligned,0,331,MCCE,bounded+edit,MCCE_bounded+edit,1,OK,0.0,0.026126861572265625,0.1872540421417167,2.0,"{""nevents"": 17.0, ""ndays_act"": 10.0, ""nchapters"": 12.0}"
HarvardX,1,aligned,0,356,NICE,native,NICE_native,0,out_of_bounds:ndays_act,0.0,0.005692005157470703,0.4371065852481969,3.0,"{""nevents"": 76.0, ""ndays_act"": 18.0, ""nchapters"": 8.0}"
HarvardX,1,aligned,0,356,NICE,bounded,NICE_bounded,0,classifier_target_not_met,0.0,0.005692005157470703,0.38832609744331886,2.0,"{""nevents"": 76.0, ""ndays_act"": 20.0, ""nchapters"": 8.0}"
HarvardX,1,aligned,0,356,NICE,bounded+edit,NICE_bounded+edit,0,classifier_target_not_met,0.0,0.005692005157470703,0.38832609744331886,2.0,"{""nevents"": 76.0, ""ndays_act"": 20.0, ""nchapters"": 8.0}"
HarvardX,1,aligned,0,356,MCCE,native,MCCE_native,1,OK,0.0,0.03922772407531738,1.0549927641099854,2.0,"{""nevents"": 76.0, ""ndays_act"": 20.0, ""nchapters"": 12.0}"
HarvardX,1,aligned,0,356,MCCE,bounded,MCCE_bounded,1,OK,0.0,0.03922772407531738,1.0549927641099854,2.0,"{""nevents"": 76.0, ""ndays_act"": 20.0, ""nchapters"": 12.0}"
HarvardX,1,aligned,0,356,MCCE,bounded+edit,MCCE_bounded+edit,1,OK,0.0,0.03922772407531738,1.0549927641099854,2.0,"{""nevents"": 76.0, ""ndays_act"": 20.0, ""nchapters"": 12.0}"
HarvardX,1,aligned,0,395,NICE,native,NICE_native,1,OK,0.0,0.0056209564208984375,0.5996961944355612,3.0,"{""nevents"": 76.0, ""ndays_act"": 18.0, ""nchapters"": 8.0}"
HarvardX,1,aligned,0,395,NICE,bounded,NICE_bounded,1,OK,0.0,0.0056209564208984375,0.5996961944355612,3.0,"{""nevents"": 76.0, ""ndays_act"": 18.0, ""nchapters"": 8.0}"
HarvardX,1,aligned,0,395,NICE,bounded+edit,NICE_bounded+edit,1,OK,0.0,0.0056209564208984375,0.5996961944355612,3.0,"{""nevents"": 76.0, ""ndays_act"": 18.0, ""nchapters"": 8.0}"
HarvardX,1,aligned,0,395,MCCE,native,MCCE_native,1,OK,0.0,0.038969993591308594,0.6030273958000213,3.0,"{""nevents"": 65.0, ""ndays_act"": 19.0, ""nchapters"": 8.0}"
HarvardX,1,aligned,0,395,MCCE,bounded,MCCE_bounded,1,OK,0.0,0.038969993591308594,0.6030273958000213,3.0,"{""nevents"": 65.0, ""ndays_act"": 19.0, ""nchapters"": 8.0}"
HarvardX,1,aligned,0,395,MCCE,bounded+edit,MCCE_bounded+edit,1,OK,0.0,0.038969993591308594,0.6030273958000213,3.0,"{""nevents"": 65.0, ""ndays_act"": 19.0, ""nchapters"": 8.0}"
HarvardX,1,aligned,0,447,NICE,native,NICE_native,1,OK,0.0,0.0045511722564697266,0.23026134800550208,2.0,"{""nevents"": 24.0, ""ndays_act"": 13.0, ""nchapters"": 11.0}"
HarvardX,1,aligned,0,447,NICE,bounded,NICE_bounded,1,OK,0.0,0.0045511722564697266,0.23026134800550208,2.0,"{""nevents"": 24.0, ""ndays_act"": 13.0, ""nchapters"": 11.0}"
HarvardX,1,aligned,0,447,NICE,bounded+edit,NICE_bounded+edit,1,OK,0.0,0.0045511722564697266,0.23026134800550208,2.0,"{""nevents"": 24.0, ""ndays_act"": 13.0, ""nchapters"": 11.0}"
HarvardX,1,aligned,0,447,MCCE,native,MCCE_native,1,OK,0.0,0.041214942932128906,0.6745300320953691,2.0,"{""nevents"": 141.0, ""ndays_act"": 30.0, ""nchapters"": 11.0}"
HarvardX,1,aligned,0,447,MCCE,bounded,MCCE_bounded,1,OK,0.0,0.041214942932128906,0.6745300320953691,2.0,"{""nevents"": 141.0, ""ndays_act"": 30.0, ""nchapters"": 11.0}"
HarvardX,1,aligned,0,447,MCCE,bounded+edit,MCCE_bounded+edit,1,OK,0.0,0.041214942932128906,0.6745300320953691,2.0,"{""nevents"": 141.0, ""ndays_act"": 30.0, ""nchapters"": 11.0}"
HarvardX,1,aligned,0,464,NICE,native,NICE_native,1,OK,0.0,0.005722761154174805,0.6442036601438033,3.0,"{""nevents"": 76.0, ""ndays_act"": 18.0, ""nchapters"": 8.0}"
HarvardX,1,aligned,0,464,NICE,bounded,NICE_bounded,1,OK,0.0,0.005722761154174805,0.6442036601438033,3.0,"{""nevents"": 76.0, ""ndays_act"": 18.0, ""nchapters"": 8.0}"
HarvardX,1,aligned,0,464,NICE,bounded+edit,NICE_bounded+edit,1,OK,0.0,0.005722761154174805,0.6442036601438033,3.0,"{""nevents"": 76.0, ""ndays_act"": 18.0, ""nchapters"": 8.0}"
HarvardX,1,aligned,0,464,MCCE,native,MCCE_native,1,OK,0.0,0.04105114936828613,0.645479872545585,3.0,"{""nevents"": 65.0, ""ndays_act"": 19.0, ""nchapters"": 8.0}"
HarvardX,1,aligned,0,464,MCCE,bounded,MCCE_bounded,1,OK,0.0,0.04105114936828613,0.645479872545585,3.0,"{""nevents"": 65.0, ""ndays_act"": 19.0, ""nchapters"": 8.0}"
HarvardX,1,aligned,0,464,MCCE,bounded+edit,MCCE_bounded+edit,1,OK,0.0,0.04105114936828613,0.645479872545585,3.0,"{""nevents"": 65.0, ""ndays_act"": 19.0, ""nchapters"": 8.0}"
HarvardX,1,aligned,0,491,NICE,native,NICE_native,1,OK,0.0,0.004508018493652344,0.3464610234337637,2.0,"{""nevents"": 76.0, ""ndays_act"": 18.0, ""nchapters"": 8.0}"
HarvardX,1,aligned,0,491,NICE,bounded,NICE_bounded,1,OK,0.0,0.004508018493652344,0.3464610234337637,2.0,"{""nevents"": 76.0, ""ndays_act"": 18.0, ""nchapters"": 8.0}"
HarvardX,1,aligned,0,491,NICE,bounded+edit,NICE_bounded+edit,1,OK,0.0,0.004508018493652344,0.3464610234337637,2.0,"{""nevents"": 76.0, ""ndays_act"": 18.0, ""nchapters"": 8.0}"
HarvardX,1,aligned,0,491,MCCE,native,MCCE_native,1,OK,0.0,0.04125785827636719,0.3473457675753228,2.0,"{""nevents"": 65.0, ""ndays_act"": 19.0, ""nchapters"": 8.0}"
HarvardX,1,aligned,0,491,MCCE,bounded,MCCE_bounded,1,OK,0.0,0.04125785827636719,0.3473457675753228,2.0,"{""nevents"": 65.0, ""ndays_act"": 19.0, ""nchapters"": 8.0}"
HarvardX,1,aligned,0,491,MCCE,bounded+edit,MCCE_bounded+edit,1,OK,0.0,0.04125785827636719,0.3473457675753228,2.0,"{""nevents"": 65.0, ""ndays_act"": 19.0, ""nchapters"": 8.0}"
HarvardX,1,aligned,0,540,NICE,native,NICE_native,0,out_of_bounds:nevents,0.0,0.0046443939208984375,0.23752720238574998,2.0,"{""nevents"": 24.0, ""ndays_act"": 13.0, ""nchapters"": 11.0}"
HarvardX,1,aligned,0,540,NICE,bounded,NICE_bounded,0,classifier_target_not_met,0.0,0.0046443939208984375,0.15789473684210525,1.0,"{""nevents"": 76.0, ""ndays_act"": 13.0, ""nchapters"": 11.0}"
HarvardX,1,aligned,0,540,NICE,bounded+edit,NICE_bounded+edit,0,classifier_target_not_met,0.0,0.0046443939208984375,0.15789473684210525,1.0,"{""nevents"": 76.0, ""ndays_act"": 13.0, ""nchapters"": 11.0}"
HarvardX,1,aligned,0,540,MCCE,native,MCCE_native,1,OK,0.0,0.0396883487701416,0.5556809328067489,2.0,"{""nevents"": 141.0, ""ndays_act"": 30.0, ""nchapters"": 11.0}"
HarvardX,1,aligned,0,540,MCCE,bounded,MCCE_bounded,1,OK,0.0,0.0396883487701416,0.5556809328067489,2.0,"{""nevents"": 141.0, ""ndays_act"": 30.0, ""nchapters"": 11.0}"
HarvardX,1,aligned,0,540,MCCE,bounded+edit,MCCE_bounded+edit,1,OK,0.0,0.0396883487701416,0.5556809328067489,2.0,"{""nevents"": 141.0, ""ndays_act"": 30.0, ""nchapters"": 11.0}"
HarvardX,1,aligned,0,550,NICE,native,NICE_native,0,out_of_bounds:nevents,0.0,0.004402875900268555,0.108727264058738,2.0,"{""nevents"": 13.0, ""ndays_act"": 8.0, ""nchapters"": 12.0}"
HarvardX,1,aligned,0,550,NICE,bounded,NICE_bounded,0,classifier_target_not_met,0.0,0.004402875900268555,0.1016949152542373,1.0,"{""nevents"": 18.0, ""ndays_act"": 8.0, ""nchapters"": 12.0}"
HarvardX,1,aligned,0,550,NICE,bounded+edit,NICE_bounded+edit,0,classifier_target_not_met,0.0,0.004402875900268555,0.1016949152542373,1.0,"{""nevents"": 18.0, ""ndays_act"": 8.0, ""nchapters"": 12.0}"
HarvardX,1,aligned,0,550,MCCE,native,MCCE_native,0,out_of_bounds:nevents,0.0,0.026076555252075195,0.1369996900998832,2.0,"{""nevents"": 17.0, ""ndays_act"": 10.0, ""nchapters"": 12.0}"
HarvardX,1,aligned,0,550,MCCE,bounded,MCCE_bounded,1,OK,0.0,0.026076555252075195,0.17363941929485804,2.0,"{""nevents"": 33.0, ""ndays_act"": 11.0, ""nchapters"": 12.0}"
HarvardX,1,aligned,0,550,MCCE,bounded+edit,MCCE_bounded+edit,1,OK,0.0,0.026076555252075195,0.17363941929485804,2.0,"{""nevents"": 33.0, ""ndays_act"": 11.0, ""nchapters"": 12.0}"
HarvardX,1,aligned,0,557,NICE,native,NICE_native,0,out_of_bounds:ndays_act,0.0,0.004801750183105469,0.5559364850234572,2.0,"{""nevents"": 171.0, ""ndays_act"": 37.0, ""nchapters"": 8.0}"
HarvardX,1,aligned,0,557,NICE,bounded,NICE_bounded,0,classifier_target_not_met,0.0,0.004801750183105469,0.1441717791411043,1.0,"{""nevents"": 171.0, ""ndays_act"": 44.0, ""nchapters"": 8.0}"
HarvardX,1,aligned,0,557,NICE,bounded+edit,NICE_bounded+edit,0,classifier_target_not_met,0.0,0.004801750183105469,0.1441717791411043,1.0,"{""nevents"": 171.0, ""ndays_act"": 44.0, ""nchapters"": 8.0}"
HarvardX,1,aligned,0,557,MCCE,native,MCCE_native,0,out_of_bounds:nevents;out_of_bounds:ndays_act,0.0,0.03993105888366699,1.4889931432695778,2.0,"{""nevents"": 65.0, ""ndays_act"": 19.0, ""nchapters"": 8.0}"
HarvardX,1,aligned,0,557,MCCE,bounded,MCCE_bounded,1,OK,0.0,0.03993105888366699,1.3174846625766872,2.0,"{""nevents"": 284.0, ""ndays_act"": 44.0, ""nchapters"": 12.0}"
HarvardX,1,aligned,0,557,MCCE,bounded+edit,MCCE_bounded+edit,1,OK,0.0,0.03993105888366699,1.3174846625766872,2.0,"{""nevents"": 284.0, ""ndays_act"": 44.0, ""nchapters"": 12.0}"
HarvardX,1,aligned,0,568,NICE,native,NICE_native,1,OK,0.0,0.004920005798339844,0.14898018844588365,2.0,"{""nevents"": 13.0, ""ndays_act"": 8.0, ""nchapters"": 12.0}"
HarvardX,1,aligned,0,568,NICE,bounded,NICE_bounded,1,OK,0.0,0.004920005798339844,0.14898018844588365,2.0,"{""nevents"": 13.0, ""ndays_act"": 8.0, ""nchapters"": 12.0}"
HarvardX,1,aligned,0,568,NICE,bounded+edit,NICE_bounded+edit,1,OK,0.0,0.004920005798339844,0.14898018844588365,2.0,"{""nevents"": 13.0, ""ndays_act"": 8.0, ""nchapters"": 12.0}"
HarvardX,1,aligned,0,568,MCCE,native,MCCE_native,1,OK,0.0,0.025252103805541992,0.1872540421417167,2.0,"{""nevents"": 17.0, ""ndays_act"": 10.0, ""nchapters"": 12.0}"
HarvardX,1,aligned,0,568,MCCE,bounded,MCCE_bounded,1,OK,0.0,0.025252103805541992,0.1872540421417167,2.0,"{""nevents"": 17.0, ""ndays_act"": 10.0, ""nchapters"": 12.0}"
HarvardX,1,aligned,0,568,MCCE,bounded+edit,MCCE_bounded+edit,1,OK,0.0,0.025252103805541992,0.1872540421417167,2.0,"{""nevents"": 17.0, ""ndays_act"": 10.0, ""nchapters"": 12.0}"
HarvardX,1,aligned,0,576,NICE,native,NICE_native,1,OK,0.0,0.005574226379394531,0.7326677010951449,3.0,"{""nevents"": 76.0, ""ndays_act"": 18.0, ""nchapters"": 8.0}"
HarvardX,1,aligned,0,576,NICE,bounded,NICE_bounded,1,OK,0.0,0.005574226379394531,0.7326677010951449,3.0,"{""nevents"": 76.0, ""ndays_act"": 18.0, ""nchapters"": 8.0}"
HarvardX,1,aligned,0,576,NICE,bounded+edit,NICE_bounded+edit,1,OK,0.0,0.005574226379394531,0.7326677010951449,3.0,"{""nevents"": 76.0, ""ndays_act"": 18.0, ""nchapters"": 8.0}"
HarvardX,1,aligned,0,576,MCCE,native,MCCE_native,1,OK,0.0,0.04034686088562012,0.7339719804807844,3.0,"{""nevents"": 65.0, ""ndays_act"": 19.0, ""nchapters"": 8.0}"
HarvardX,1,aligned,0,576,MCCE,bounded,MCCE_bounded,1,OK,0.0,0.04034686088562012,0.7339719804807844,3.0,"{""nevents"": 65.0, ""ndays_act"": 19.0, ""nchapters"": 8.0}"
HarvardX,1,aligned,0,576,MCCE,bounded+edit,MCCE_bounded+edit,1,OK,0.0,0.04034686088562012,0.7339719804807844,3.0,"{""nevents"": 65.0, ""ndays_act"": 19.0, ""nchapters"": 8.0}"
HarvardX,1,aligned,0,587,NICE,native,NICE_native,1,OK,0.0,0.005743980407714844,0.5355829704886308,3.0,"{""nevents"": 76.0, ""ndays_act"": 18.0, ""nchapters"": 8.0}"
HarvardX,1,aligned,0,587,NICE,bounded,NICE_bounded,1,OK,0.0,0.005743980407714844,0.5355829704886308,3.0,"{""nevents"": 76.0, ""ndays_act"": 18.0, ""nchapters"": 8.0}"
HarvardX,1,aligned,0,587,NICE,bounded+edit,NICE_bounded+edit,1,OK,0.0,0.005743980407714844,0.5355829704886308,3.0,"{""nevents"": 76.0, ""ndays_act"": 18.0, ""nchapters"": 8.0}"
HarvardX,1,aligned,0,587,MCCE,native,MCCE_native,1,OK,0.0,0.04181790351867676,0.5362844702467344,3.0,"{""nevents"": 65.0, ""ndays_act"": 19.0, ""nchapters"": 8.0}"
HarvardX,1,aligned,0,587,MCCE,bounded,MCCE_bounded,1,OK,0.0,0.04181790351867676,0.5362844702467344,3.0,"{""nevents"": 65.0, ""ndays_act"": 19.0, ""nchapters"": 8.0}"
HarvardX,1,aligned,0,587,MCCE,bounded+edit,MCCE_bounded+edit,1,OK,0.0,0.04181790351867676,0.5362844702467344,3.0,"{""nevents"": 65.0, ""ndays_act"": 19.0, ""nchapters"": 8.0}"
HarvardX,1,aligned,0,616,NICE,native,NICE_native,1,OK,0.0,0.006615877151489258,0.714732965009208,3.0,"{""nevents"": 76.0, ""ndays_act"": 18.0, ""nchapters"": 8.0}"
HarvardX,1,aligned,0,616,NICE,bounded,NICE_bounded,1,OK,0.0,0.006615877151489258,0.714732965009208,3.0,"{""nevents"": 76.0, ""ndays_act"": 18.0, ""nchapters"": 8.0}"
HarvardX,1,aligned,0,616,NICE,bounded+edit,NICE_bounded+edit,1,OK,0.0,0.006615877151489258,0.714732965009208,3.0,"{""nevents"": 76.0, ""ndays_act"": 18.0, ""nchapters"": 8.0}"
HarvardX,1,aligned,0,616,MCCE,native,MCCE_native,1,OK,0.0,0.04132843017578125,0.7162062615101289,3.0,"{""nevents"": 65.0, ""ndays_act"": 19.0, ""nchapters"": 8.0}"
HarvardX,1,aligned,0,616,MCCE,bounded,MCCE_bounded,1,OK,0.0,0.04132843017578125,0.7162062615101289,3.0,"{""nevents"": 65.0, ""ndays_act"": 19.0, ""nchapters"": 8.0}"
HarvardX,1,aligned,0,616,MCCE,bounded+edit,MCCE_bounded+edit,1,OK,0.0,0.04132843017578125,0.7162062615101289,3.0,"{""nevents"": 65.0, ""ndays_act"": 19.0, ""nchapters"": 8.0}"
HarvardX,1,aligned,0,644,NICE,native,NICE_native,1,OK,0.0,0.00581669807434082,0.5006067991977048,3.0,"{""nevents"": 76.0, ""ndays_act"": 18.0, ""nchapters"": 8.0}"
HarvardX,1,aligned,0,644,NICE,bounded,NICE_bounded,1,OK,0.0,0.00581669807434082,0.5006067991977048,3.0,"{""nevents"": 76.0, ""ndays_act"": 18.0, ""nchapters"": 8.0}"
HarvardX,1,aligned,0,644,NICE,bounded+edit,NICE_bounded+edit,1,OK,0.0,0.00581669807434082,0.5006067991977048,3.0,"{""nevents"": 76.0, ""ndays_act"": 18.0, ""nchapters"": 8.0}"
HarvardX,1,aligned,0,644,MCCE,native,MCCE_native,1,OK,0.0,0.04071831703186035,1.1929824561403508,2.0,"{""nevents"": 38.0, ""ndays_act"": 15.0, ""nchapters"": 12.0}"
HarvardX,1,aligned,0,644,MCCE,bounded,MCCE_bounded,1,OK,0.0,0.04071831703186035,1.1929824561403508,2.0,"{""nevents"": 38.0, ""ndays_act"": 15.0, ""nchapters"": 12.0}"
HarvardX,1,aligned,0,644,MCCE,bounded+edit,MCCE_bounded+edit,1,OK,0.0,0.04071831703186035,1.1929824561403508,2.0,"{""nevents"": 38.0, ""ndays_act"": 15.0, ""nchapters"": 12.0}"
HarvardX,1,aligned,0,678,NICE,native,NICE_native,1,OK,0.0,0.004547834396362305,0.3501709258683751,2.0,"{""nevents"": 76.0, ""ndays_act"": 18.0, ""nchapters"": 8.0}"
HarvardX,1,aligned,0,678,NICE,bounded,NICE_bounded,1,OK,0.0,0.004547834396362305,0.3501709258683751,2.0,"{""nevents"": 76.0, ""ndays_act"": 18.0, ""nchapters"": 8.0}"
HarvardX,1,aligned,0,678,NICE,bounded+edit,NICE_bounded+edit,1,OK,0.0,0.004547834396362305,0.3501709258683751,2.0,"{""nevents"": 76.0, ""ndays_act"": 18.0, ""nchapters"": 8.0}"
HarvardX,1,aligned,0,678,MCCE,native,MCCE_native,1,OK,0.0,0.040544986724853516,0.35160526881977483,2.0,"{""nevents"": 65.0, ""ndays_act"": 19.0, ""nchapters"": 8.0}"
HarvardX,1,aligned,0,678,MCCE,bounded,MCCE_bounded,1,OK,0.0,0.040544986724853516,0.35160526881977483,2.0,"{""nevents"": 65.0, ""ndays_act"": 19.0, ""nchapters"": 8.0}"
HarvardX,1,aligned,0,678,MCCE,bounded+edit,MCCE_bounded+edit,1,OK,0.0,0.040544986724853516,0.35160526881977483,2.0,"{""nevents"": 65.0, ""ndays_act"": 19.0, ""nchapters"": 8.0}"
HarvardX,1,aligned,0,704,NICE,native,NICE_native,0,out_of_bounds:nevents,0.0,0.00590062141418457,0.4565955191737419,3.0,"{""nevents"": 76.0, ""ndays_act"": 18.0, ""nchapters"": 8.0}"
HarvardX,1,aligned,0,704,NICE,bounded,NICE_bounded,0,classifier_target_not_met,0.0,0.00590062141418457,0.41843971631205673,2.0,"{""nevents"": 100.0, ""ndays_act"": 18.0, ""nchapters"": 8.0}"
HarvardX,1,aligned,0,704,NICE,bounded+edit,NICE_bounded+edit,0,classifier_target_not_met,0.0,0.00590062141418457,0.41843971631205673,2.0,"{""nevents"": 100.0, ""ndays_act"": 18.0, ""nchapters"": 8.0}"
HarvardX,1,aligned,0,704,MCCE,native,MCCE_native,0,out_of_bounds:nevents,0.0,0.044439077377319336,1.0794912559618441,2.0,"{""nevents"": 50.0, ""ndays_act"": 14.0, ""nchapters"": 12.0}"
HarvardX,1,aligned,0,704,MCCE,bounded,MCCE_bounded,1,OK,0.0,0.044439077377319336,1.0653068587987236,3.0,"{""nevents"": 150.0, ""ndays_act"": 29.0, ""nchapters"": 10.0}"
HarvardX,1,aligned,0,704,MCCE,bounded+edit,MCCE_bounded+edit,1,OK,0.0,0.044439077377319336,1.0653068587987236,3.0,"{""nevents"": 150.0, ""ndays_act"": 29.0, ""nchapters"": 10.0}"
HarvardX,1,aligned,0,733,NICE,native,NICE_native,0,out_of_bounds:nevents,0.0,0.0045909881591796875,0.08547008547008547,2.0,"{""nevents"": 120.0, ""ndays_act"": 18.0, ""nchapters"": 12.0}"
HarvardX,1,aligned,0,733,NICE,bounded,NICE_bounded,0,classifier_target_not_met,0.0,0.0045909881591796875,0.044444444444444446,1.0,"{""nevents"": 144.0, ""ndays_act"": 18.0, ""nchapters"": 12.0}"
HarvardX,1,aligned,0,733,NICE,bounded+edit,NICE_bounded+edit,0,classifier_target_not_met,0.0,0.0045909881591796875,0.044444444444444446,1.0,"{""nevents"": 144.0, ""ndays_act"": 18.0, ""nchapters"": 12.0}"
HarvardX,1,aligned,0,733,MCCE,native,MCCE_native,0,out_of_bounds:nevents,0.0,0.025842905044555664,0.1658119658119658,1.0,"{""nevents"": 47.0, ""ndays_act"": 16.0, ""nchapters"": 12.0}"
HarvardX,1,aligned,0,733,MCCE,bounded,MCCE_bounded,1,OK,0.0,0.025842905044555664,0.21025641025641026,2.0,"{""nevents"": 163.0, ""ndays_act"": 24.0, ""nchapters"": 12.0}"
HarvardX,1,aligned,0,733,MCCE,bounded+edit,MCCE_bounded+edit,1,OK,0.0,0.025842905044555664,0.21025641025641026,2.0,"{""nevents"": 163.0, ""ndays_act"": 24.0, ""nchapters"": 12.0}"
HarvardX,1,aligned,0,759,NICE,native,NICE_native,0,out_of_bounds:nevents,0.0,0.0034220218658447266,0.14285714285714285,1.0,"{""nevents"": 9.0, ""ndays_act"": 8.0, ""nchapters"": 10.0}"
HarvardX,1,aligned,0,759,NICE,bounded,NICE_bounded,0,classifier_target_not_met,0.0,0.0034220218658447266,0.0,0.0,"{""nevents"": 99.0, ""ndays_act"": 8.0, ""nchapters"": 10.0}"
HarvardX,1,aligned,0,759,NICE,bounded+edit,NICE_bounded+edit,0,classifier_target_not_met,0.0,0.0034220218658447266,0.0,0.0,"{""nevents"": 99.0, ""ndays_act"": 8.0, ""nchapters"": 10.0}"
HarvardX,1,aligned,0,759,MCCE,native,MCCE_native,0,out_of_bounds:nevents,0.0,0.04037642478942871,0.20032943995208147,2.0,"{""nevents"": 56.0, ""ndays_act"": 15.0, ""nchapters"": 10.0}"
HarvardX,1,aligned,0,759,MCCE,bounded,MCCE_bounded,1,OK,0.0,0.04037642478942871,0.4771787960467206,2.0,"{""nevents"": 150.0, ""ndays_act"": 29.0, ""nchapters"": 10.0}"
HarvardX,1,aligned,0,759,MCCE,bounded+edit,MCCE_bounded+edit,1,OK,0.0,0.04037642478942871,0.4771787960467206,2.0,"{""nevents"": 150.0, ""ndays_act"": 29.0, ""nchapters"": 10.0}"
HarvardX,1,aligned,0,836,NICE,native,NICE_native,0,out_of_bounds:nevents,0.0,0.004912376403808594,0.25300127713920817,2.0,"{""nevents"": 13.0, ""ndays_act"": 8.0, ""nchapters"": 12.0}"
HarvardX,1,aligned,0,836,NICE,bounded,NICE_bounded,0,classifier_target_not_met,0.0,0.004912376403808594,0.018518518518518517,1.0,"{""nevents"": 149.0, ""ndays_act"": 8.0, ""nchapters"": 12.0}"
HarvardX,1,aligned,0,836,NICE,bounded+edit,NICE_bounded+edit,0,classifier_target_not_met,0.0,0.004912376403808594,0.018518518518518517,1.0,"{""nevents"": 149.0, ""ndays_act"": 8.0, ""nchapters"": 12.0}"
HarvardX,1,aligned,0,836,MCCE,native,MCCE_native,0,out_of_bounds:nevents,0.0,0.025347471237182617,0.2831417624521073,2.0,"{""nevents"": 17.0, ""ndays_act"": 10.0, ""nchapters"": 12.0}"
HarvardX,1,aligned,0,836,MCCE,bounded,MCCE_bounded,1,OK,0.0,0.025347471237182617,0.3389527458492976,2.0,"{""nevents"": 163.0, ""ndays_act"": 24.0, ""nchapters"": 12.0}"
HarvardX,1,aligned,0,836,MCCE,bounded+edit,MCCE_bounded+edit,1,OK,0.0,0.025347471237182617,0.3389527458492976,2.0,"{""nevents"": 163.0, ""ndays_act"": 24.0, ""nchapters"": 12.0}"
HarvardX,1,aligned,0,850,NICE,native,NICE_native,1,OK,0.0,0.00448298454284668,0.33790650406504064,2.0,"{""nevents"": 76.0, ""ndays_act"": 17.0, ""nchapters"": 8.0}"
HarvardX,1,aligned,0,850,NICE,bounded,NICE_bounded,1,OK,0.0,0.00448298454284668,0.33790650406504064,2.0,"{""nevents"": 76.0, ""ndays_act"": 17.0, ""nchapters"": 8.0}"
HarvardX,1,aligned,0,850,NICE,bounded+edit,NICE_bounded+edit,1,OK,0.0,0.00448298454284668,0.33790650406504064,2.0,"{""nevents"": 76.0, ""ndays_act"": 17.0, ""nchapters"": 8.0}"
HarvardX,1,aligned,0,850,MCCE,native,MCCE_native,0,out_of_bounds:nevents,0.0,0.043566226959228516,0.3909830007390983,3.0,"{""nevents"": 65.0, ""ndays_act"": 19.0, ""nchapters"": 8.0}"
HarvardX,1,aligned,0,850,MCCE,bounded,MCCE_bounded,1,OK,0.0,0.043566226959228516,1.056771988174427,3.0,"{""nevents"": 150.0, ""ndays_act"": 29.0, ""nchapters"": 10.0}"
HarvardX,1,aligned,0,850,MCCE,bounded+edit,MCCE_bounded+edit,1,OK,0.0,0.043566226959228516,1.056771988174427,3.0,"{""nevents"": 150.0, ""ndays_act"": 29.0, ""nchapters"": 10.0}"
HarvardX,1,aligned,0,884,NICE,native,NICE_native,1,OK,0.0,0.004610300064086914,0.14898018844588365,2.0,"{""nevents"": 13.0, ""ndays_act"": 8.0, ""nchapters"": 12.0}"
HarvardX,1,aligned,0,884,NICE,bounded,NICE_bounded,1,OK,0.0,0.004610300064086914,0.14898018844588365,2.0,"{""nevents"": 13.0, ""ndays_act"": 8.0, ""nchapters"": 12.0}"
HarvardX,1,aligned,0,884,NICE,bounded+edit,NICE_bounded+edit,1,OK,0.0,0.004610300064086914,0.14898018844588365,2.0,"{""nevents"": 13.0, ""ndays_act"": 8.0, ""nchapters"": 12.0}"
HarvardX,1,aligned,0,884,MCCE,native,MCCE_native,1,OK,0.0,0.026390552520751953,0.1872540421417167,2.0,"{""nevents"": 17.0, ""ndays_act"": 10.0, ""nchapters"": 12.0}"
HarvardX,1,aligned,0,884,MCCE,bounded,MCCE_bounded,1,OK,0.0,0.026390552520751953,0.1872540421417167,2.0,"{""nevents"": 17.0, ""ndays_act"": 10.0, ""nchapters"": 12.0}"
HarvardX,1,aligned,0,884,MCCE,bounded+edit,MCCE_bounded+edit,1,OK,0.0,0.026390552520751953,0.1872540421417167,2.0,"{""nevents"": 17.0, ""ndays_act"": 10.0, ""nchapters"": 12.0}"
HarvardX,1,aligned,0,926,NICE,native,NICE_native,1,OK,0.0,0.0046367645263671875,0.20405156537753222,2.0,"{""nevents"": 20.0, ""ndays_act"": 12.0, ""nchapters"": 9.0}"
HarvardX,1,aligned,0,926,NICE,bounded,NICE_bounded,1,OK,0.0,0.0046367645263671875,0.20405156537753222,2.0,"{""nevents"": 20.0, ""ndays_act"": 12.0, ""nchapters"": 9.0}"
HarvardX,1,aligned,0,926,NICE,bounded+edit,NICE_bounded+edit,1,OK,0.0,0.0046367645263671875,0.20405156537753222,2.0,"{""nevents"": 20.0, ""ndays_act"": 12.0, ""nchapters"": 9.0}"
HarvardX,1,aligned,0,926,MCCE,native,MCCE_native,1,OK,0.0,0.04246854782104492,0.4175874769797422,2.0,"{""nevents"": 66.0, ""ndays_act"": 21.0, ""nchapters"": 9.0}"
HarvardX,1,aligned,0,926,MCCE,bounded,MCCE_bounded,1,OK,0.0,0.04246854782104492,0.4175874769797422,2.0,"{""nevents"": 66.0, ""ndays_act"": 21.0, ""nchapters"": 9.0}"
HarvardX,1,aligned,0,926,MCCE,bounded+edit,MCCE_bounded+edit,1,OK,0.0,0.04246854782104492,0.4175874769797422,2.0,"{""nevents"": 66.0, ""ndays_act"": 21.0, ""nchapters"": 9.0}"
HarvardX,1,aligned,0,953,NICE,native,NICE_native,0,out_of_bounds:nevents,0.0,0.005106210708618164,0.1308659893565554,2.0,"{""nevents"": 22.0, ""ndays_act"": 10.0, ""nchapters"": 12.0}"
HarvardX,1,aligned,0,953,NICE,bounded,NICE_bounded,0,classifier_target_not_met,0.0,0.005106210708618164,0.019230769230769232,1.0,"{""nevents"": 93.0, ""ndays_act"": 10.0, ""nchapters"": 12.0}"
HarvardX,1,aligned,0,953,NICE,bounded+edit,NICE_bounded+edit,0,classifier_target_not_met,0.0,0.005106210708618164,0.019230769230769232,1.0,"{""nevents"": 93.0, ""ndays_act"": 10.0, ""nchapters"": 12.0}"
HarvardX,1,aligned,0,953,MCCE,native,MCCE_native,0,out_of_bounds:nevents,0.0,0.02653360366821289,0.1387276245766812,2.0,"{""nevents"": 17.0, ""ndays_act"": 10.0, ""nchapters"": 12.0}"
HarvardX,1,aligned,0,953,MCCE,bounded,MCCE_bounded,1,OK,0.0,0.02653360366821289,0.19859700048379295,2.0,"{""nevents"": 97.0, ""ndays_act"": 19.0, ""nchapters"": 12.0}"
HarvardX,1,aligned,0,953,MCCE,bounded+edit,MCCE_bounded+edit,1,OK,0.0,0.02653360366821289,0.19859700048379295,2.0,"{""nevents"": 97.0, ""ndays_act"": 19.0, ""nchapters"": 12.0}"
HarvardX,1,aligned,0,986,NICE,native,NICE_native,0,out_of_bounds:nevents,0.0,0.004759550094604492,0.20591487009397458,2.0,"{""nevents"": 13.0, ""ndays_act"": 8.0, ""nchapters"": 12.0}"
HarvardX,1,aligned,0,986,NICE,bounded,NICE_bounded,0,classifier_target_not_met,0.0,0.004759550094604492,0.018518518518518517,1.0,"{""nevents"": 126.0, ""ndays_act"": 8.0, ""nchapters"": 12.0}"
HarvardX,1,aligned,0,986,NICE,bounded+edit,NICE_bounded+edit,0,classifier_target_not_met,0.0,0.004759550094604492,0.018518518518518517,1.0,"{""nevents"": 126.0, ""ndays_act"": 8.0, ""nchapters"": 12.0}"
HarvardX,1,aligned,0,986,MCCE,native,MCCE_native,0,out_of_bounds:nevents,0.0,0.026422977447509766,0.236318407960199,2.0,"{""nevents"": 17.0, ""ndays_act"": 10.0, ""nchapters"": 12.0}"
HarvardX,1,aligned,0,986,MCCE,bounded,MCCE_bounded,1,OK,0.0,0.026422977447509766,0.25400773908236596,2.0,"{""nevents"": 134.0, ""ndays_act"": 20.0, ""nchapters"": 12.0}"
HarvardX,1,aligned,0,986,MCCE,bounded+edit,MCCE_bounded+edit,1,OK,0.0,0.026422977447509766,0.25400773908236596,2.0,"{""nevents"": 134.0, ""ndays_act"": 20.0, ""nchapters"": 12.0}"
HarvardX,1,aligned,0,1002,NICE,native,NICE_native,0,out_of_bounds:nevents,0.0,0.0035262107849121094,0.1181959564541213,1.0,"{""nevents"": 10.0, ""ndays_act"": 11.0, ""nchapters"": 10.0}"
HarvardX,1,aligned,0,1002,NICE,bounded,NICE_bounded,0,classifier_target_not_met,0.0,0.0035262107849121094,0.0,0.0,"{""nevents"": 86.0, ""ndays_act"": 11.0, ""nchapters"": 10.0}"
HarvardX,1,aligned,0,1002,NICE,bounded+edit,NICE_bounded+edit,0,classifier_target_not_met,0.0,0.0035262107849121094,0.0,0.0,"{""nevents"": 86.0, ""ndays_act"": 11.0, ""nchapters"": 10.0}"
HarvardX,1,aligned,0,1002,MCCE,native,MCCE_native,0,out_of_bounds:nevents,0.0,0.040247201919555664,0.12665629860031105,2.0,"{""nevents"": 56.0, ""ndays_act"": 15.0, ""nchapters"": 10.0}"
HarvardX,1,aligned,0,1002,MCCE,bounded,MCCE_bounded,1,OK,0.0,0.040247201919555664,0.45953343701399685,2.0,"{""nevents"": 150.0, ""ndays_act"": 29.0, ""nchapters"": 10.0}"
HarvardX,1,aligned,0,1002,MCCE,bounded+edit,MCCE_bounded+edit,1,OK,0.0,0.040247201919555664,0.45953343701399685,2.0,"{""nevents"": 150.0, ""ndays_act"": 29.0, ""nchapters"": 10.0}"
HarvardX,1,aligned,0,1010,NICE,native,NICE_native,1,OK,0.0,0.005789518356323242,0.6564239370286203,3.0,"{""nevents"": 76.0, ""ndays_act"": 18.0, ""nchapters"": 8.0}"
HarvardX,1,aligned,0,1010,NICE,bounded,NICE_bounded,1,OK,0.0,0.005789518356323242,0.6564239370286203,3.0,"{""nevents"": 76.0, ""ndays_act"": 18.0, ""nchapters"": 8.0}"
HarvardX,1,aligned,0,1010,NICE,bounded+edit,NICE_bounded+edit,1,OK,0.0,0.005789518356323242,0.6564239370286203,3.0,"{""nevents"": 76.0, ""ndays_act"": 18.0, ""nchapters"": 8.0}"
HarvardX,1,aligned,0,1010,MCCE,native,MCCE_native,1,OK,0.0,0.041205644607543945,0.6579060040180482,3.0,"{""nevents"": 65.0, ""ndays_act"": 19.0, ""nchapters"": 8.0}"
HarvardX,1,aligned,0,1010,MCCE,bounded,MCCE_bounded,1,OK,0.0,0.041205644607543945,0.6579060040180482,3.0,"{""nevents"": 65.0, ""ndays_act"": 19.0, ""nchapters"": 8.0}"
HarvardX,1,aligned,0,1010,MCCE,bounded+edit,MCCE_bounded+edit,1,OK,0.0,0.041205644607543945,0.6579060040180482,3.0,"{""nevents"": 65.0, ""ndays_act"": 19.0, ""nchapters"": 8.0}"
HarvardX,1,aligned,0,1017,NICE,native,NICE_native,0,out_of_bounds:ndays_act,0.0,0.0035505294799804688,0.08823529411764706,1.0,"{""nevents"": 531.0, ""ndays_act"": 24.0, ""nchapters"": 12.0}"
HarvardX,1,aligned,0,1017,NICE,bounded,NICE_bounded,0,classifier_target_not_met,0.0,0.0035505294799804688,0.0,0.0,"{""nevents"": 531.0, ""ndays_act"": 27.0, ""nchapters"": 12.0}"
HarvardX,1,aligned,0,1017,NICE,bounded+edit,NICE_bounded+edit,0,classifier_target_not_met,0.0,0.0035505294799804688,0.0,0.0,"{""nevents"": 531.0, ""ndays_act"": 27.0, ""nchapters"": 12.0}"
HarvardX,1,aligned,0,1017,MCCE,native,MCCE_native,0,out_of_bounds:nevents,0.0,0.025413990020751953,1.393939393939394,1.0,"{""nevents"": 255.0, ""ndays_act"": 27.0, ""nchapters"": 12.0}"
HarvardX,1,aligned,0,1017,MCCE,bounded,MCCE_bounded,1,OK,0.0,0.025413990020751953,0.7543077837195484,2.0,"{""nevents"": 593.0, ""ndays_act"": 42.0, ""nchapters"": 12.0}"
HarvardX,1,aligned,0,1017,MCCE,bounded+edit,MCCE_bounded+edit,1,OK,0.0,0.025413990020751953,0.7543077837195484,2.0,"{""nevents"": 593.0, ""ndays_act"": 42.0, ""nchapters"": 12.0}"
HarvardX,1,aligned,0,1072,NICE,native,NICE_native,1,OK,0.0,0.003914594650268555,0.1694915254237288,1.0,"{""nevents"": 10.0, ""ndays_act"": 12.0, ""nchapters"": 9.0}"
HarvardX,1,aligned,0,1072,NICE,bounded,NICE_bounded,1,OK,0.0,0.003914594650268555,0.1694915254237288,1.0,"{""nevents"": 10.0, ""ndays_act"": 12.0, ""nchapters"": 9.0}"
HarvardX,1,aligned,0,1072,NICE,bounded+edit,NICE_bounded+edit,1,OK,0.0,0.003914594650268555,0.1694915254237288,1.0,"{""nevents"": 10.0, ""ndays_act"": 12.0, ""nchapters"": 9.0}"
HarvardX,1,aligned,0,1072,MCCE,native,MCCE_native,1,OK,0.0,0.04154253005981445,0.39991985101718486,2.0,"{""nevents"": 66.0, ""ndays_act"": 21.0, ""nchapters"": 9.0}"
HarvardX,1,aligned,0,1072,MCCE,bounded,MCCE_bounded,1,OK,0.0,0.04154253005981445,0.39991985101718486,2.0,"{""nevents"": 66.0, ""ndays_act"": 21.0, ""nchapters"": 9.0}"
HarvardX,1,aligned,0,1072,MCCE,bounded+edit,MCCE_bounded+edit,1,OK,0.0,0.04154253005981445,0.39991985101718486,2.0,"{""nevents"": 66.0, ""ndays_act"": 21.0, ""nchapters"": 9.0}"
HarvardX,1,aligned,0,1074,NICE,native,NICE_native,0,out_of_bounds:nevents,0.0,0.0049703121185302734,0.2998579040852576,2.0,"{""nevents"": 76.0, ""ndays_act"": 18.0, ""nchapters"": 8.0}"
HarvardX,1,aligned,0,1074,NICE,bounded,NICE_bounded,0,classifier_target_not_met,0.0,0.0049703121185302734,0.14,1.0,"{""nevents"": 166.0, ""ndays_act"": 18.0, ""nchapters"": 8.0}"
HarvardX,1,aligned,0,1074,NICE,bounded+edit,NICE_bounded+edit,0,classifier_target_not_met,0.0,0.0049703121185302734,0.14,1.0,"{""nevents"": 166.0, ""ndays_act"": 18.0, ""nchapters"": 8.0}"
HarvardX,1,aligned,0,1074,MCCE,native,MCCE_native,0,out_of_bounds:nevents,0.0,0.03981423377990723,0.3393960923623446,2.0,"{""nevents"": 65.0, ""ndays_act"": 19.0, ""nchapters"": 8.0}"
HarvardX,1,aligned,0,1074,MCCE,bounded,MCCE_bounded,1,OK,0.0,0.03981423377990723,1.3215630550621669,3.0,"{""nevents"": 302.0, ""ndays_act"": 40.0, ""nchapters"": 10.0}"
HarvardX,1,aligned,0,1074,MCCE,bounded+edit,MCCE_bounded+edit,1,OK,0.0,0.03981423377990723,1.3215630550621669,3.0,"{""nevents"": 302.0, ""ndays_act"": 40.0, ""nchapters"": 10.0}"
HarvardX,1,aligned,0,1196,NICE,native,NICE_native,0,out_of_bounds:ndays_act,0.0,0.0057027339935302734,0.26237565396802004,3.0,"{""nevents"": 76.0, ""ndays_act"": 18.0, ""nchapters"": 8.0}"
HarvardX,1,aligned,0,1196,NICE,bounded,NICE_bounded,0,classifier_target_not_met,0.0,0.0057027339935302734,0.213595166163142,2.0,"{""nevents"": 76.0, ""ndays_act"": 20.0, ""nchapters"": 8.0}"
HarvardX,1,aligned,0,1196,NICE,bounded+edit,NICE_bounded+edit,0,classifier_target_not_met,0.0,0.0057027339935302734,0.213595166163142,2.0,"{""nevents"": 76.0, ""ndays_act"": 20.0, ""nchapters"": 8.0}"
HarvardX,1,aligned,0,1196,MCCE,native,MCCE_native,1,OK,0.0,0.043447256088256836,1.013595166163142,2.0,"{""nevents"": 76.0, ""ndays_act"": 20.0, ""nchapters"": 12.0}"
HarvardX,1,aligned,0,1196,MCCE,bounded,MCCE_bounded,1,OK,0.0,0.043447256088256836,1.013595166163142,2.0,"{""nevents"": 76.0, ""ndays_act"": 20.0, ""nchapters"": 12.0}"
HarvardX,1,aligned,0,1196,MCCE,bounded+edit,MCCE_bounded+edit,1,OK,0.0,0.043447256088256836,1.013595166163142,2.0,"{""nevents"": 76.0, ""ndays_act"": 20.0, ""nchapters"": 12.0}"
HarvardX,1,aligned,0,1218,NICE,native,NICE_native,0,out_of_bounds:nevents,0.0,0.004641532897949219,0.43634030069673635,2.0,"{""nevents"": 13.0, ""ndays_act"": 8.0, ""nchapters"": 12.0}"
HarvardX,1,aligned,0,1218,NICE,bounded,NICE_bounded,0,classifier_target_not_met,0.0,0.004641532897949219,0.018518518518518517,1.0,"{""nevents"": 224.0, ""ndays_act"": 8.0, ""nchapters"": 12.0}"
HarvardX,1,aligned,0,1218,NICE,bounded+edit,NICE_bounded+edit,0,classifier_target_not_met,0.0,0.004641532897949219,0.018518518518518517,1.0,"{""nevents"": 224.0, ""ndays_act"": 8.0, ""nchapters"": 12.0}"
HarvardX,1,aligned,0,1218,MCCE,native,MCCE_native,0,out_of_bounds:nevents,0.0,0.025400876998901367,0.4654565456545654,2.0,"{""nevents"": 17.0, ""ndays_act"": 10.0, ""nchapters"": 12.0}"
HarvardX,1,aligned,0,1218,MCCE,bounded,MCCE_bounded,1,OK,0.0,0.025400876998901367,0.3709570957095709,2.0,"{""nevents"": 243.0, ""ndays_act"": 25.0, ""nchapters"": 12.0}"
HarvardX,1,aligned,0,1218,MCCE,bounded+edit,MCCE_bounded+edit,1,OK,0.0,0.025400876998901367,0.3709570957095709,2.0,"{""nevents"": 243.0, ""ndays_act"": 25.0, ""nchapters"": 12.0}"
HarvardX,1,aligned,0,1243,NICE,native,NICE_native,0,out_of_bounds:nevents,0.0,0.003375530242919922,0.01559792027729636,1.0,"{""nevents"": 143.0, ""ndays_act"": 21.0, ""nchapters"": 12.0}"
HarvardX,1,aligned,0,1243,NICE,bounded,NICE_bounded,0,classifier_target_not_met,0.0,0.003375530242919922,0.0,0.0,"{""nevents"": 152.0, ""ndays_act"": 21.0, ""nchapters"": 12.0}"
HarvardX,1,aligned,0,1243,NICE,bounded+edit,NICE_bounded+edit,0,classifier_target_not_met,0.0,0.003375530242919922,0.0,0.0,"{""nevents"": 152.0, ""ndays_act"": 21.0, ""nchapters"": 12.0}"
HarvardX,1,aligned,0,1243,MCCE,native,MCCE_native,0,out_of_bounds:nevents,0.0,0.027233123779296875,0.04679376083188908,1.0,"{""nevents"": 125.0, ""ndays_act"": 21.0, ""nchapters"": 12.0}"
HarvardX,1,aligned,0,1243,MCCE,bounded,MCCE_bounded,1,OK,0.0,0.027233123779296875,0.09406412478336221,2.0,"{""nevents"": 163.0, ""ndays_act"": 24.0, ""nchapters"": 12.0}"
HarvardX,1,aligned,0,1243,MCCE,bounded+edit,MCCE_bounded+edit,1,OK,0.0,0.027233123779296875,0.09406412478336221,2.0,"{""nevents"": 163.0, ""ndays_act"": 24.0, ""nchapters"": 12.0}"
HarvardX,1,aligned,0,1260,NICE,native,NICE_native,1,OK,0.0,0.005849123001098633,0.7326677010951449,3.0,"{""nevents"": 76.0, ""ndays_act"": 18.0, ""nchapters"": 8.0}"
HarvardX,1,aligned,0,1260,NICE,bounded,NICE_bounded,1,OK,0.0,0.005849123001098633,0.7326677010951449,3.0,"{""nevents"": 76.0, ""ndays_act"": 18.0, ""nchapters"": 8.0}"
HarvardX,1,aligned,0,1260,NICE,bounded+edit,NICE_bounded+edit,1,OK,0.0,0.005849123001098633,0.7326677010951449,3.0,"{""nevents"": 76.0, ""ndays_act"": 18.0, ""nchapters"": 8.0}"
HarvardX,1,aligned,0,1260,MCCE,native,MCCE_native,1,OK,0.0,0.05072665214538574,0.7339719804807844,3.0,"{""nevents"": 65.0, ""ndays_act"": 19.0, ""nchapters"": 8.0}"
HarvardX,1,aligned,0,1260,MCCE,bounded,MCCE_bounded,1,OK,0.0,0.05072665214538574,0.7339719804807844,3.0,"{""nevents"": 65.0, ""ndays_act"": 19.0, ""nchapters"": 8.0}"
HarvardX,1,aligned,0,1260,MCCE,bounded+edit,MCCE_bounded+edit,1,OK,0.0,0.05072665214538574,0.7339719804807844,3.0,"{""nevents"": 65.0, ""ndays_act"": 19.0, ""nchapters"": 8.0}"
HarvardX,1,aligned,0,1296,NICE,native,NICE_native,0,out_of_bounds:nevents,0.0,0.004671573638916016,0.04623669701243749,2.0,"{""nevents"": 13.0, ""ndays_act"": 8.0, ""nchapters"": 12.0}"
HarvardX,1,aligned,0,1296,NICE,bounded,NICE_bounded,0,classifier_target_not_met,0.0,0.004671573638916016,0.03636363636363636,1.0,"{""nevents"": 20.0, ""ndays_act"": 8.0, ""nchapters"": 12.0}"
HarvardX,1,aligned,0,1296,NICE,bounded+edit,NICE_bounded+edit,0,classifier_target_not_met,0.0,0.004671573638916016,0.03636363636363636,1.0,"{""nevents"": 20.0, ""ndays_act"": 8.0, ""nchapters"": 12.0}"
HarvardX,1,aligned,0,1296,MCCE,native,MCCE_native,0,out_of_bounds:nevents,0.0,0.02788257598876953,0.07695858443390177,2.0,"{""nevents"": 17.0, ""ndays_act"": 10.0, ""nchapters"": 12.0}"
HarvardX,1,aligned,0,1296,MCCE,bounded,MCCE_bounded,1,OK,0.0,0.02788257598876953,0.10924477497115015,2.0,"{""nevents"": 33.0, ""ndays_act"": 11.0, ""nchapters"": 12.0}"
HarvardX,1,aligned,0,1296,MCCE,bounded+edit,MCCE_bounded+edit,1,OK,0.0,0.02788257598876953,0.10924477497115015,2.0,"{""nevents"": 33.0, ""ndays_act"": 11.0, ""nchapters"": 12.0}"
HarvardX,1,aligned,0,1326,NICE,native,NICE_native,0,out_of_bounds:nevents,0.0,0.005688667297363281,0.5897832817337461,3.0,"{""nevents"": 76.0, ""ndays_act"": 18.0, ""nchapters"": 8.0}"
HarvardX,1,aligned,0,1326,NICE,bounded,NICE_bounded,0,classifier_target_not_met,0.0,0.005688667297363281,0.5789473684210527,2.0,"{""nevents"": 83.0, ""ndays_act"": 18.0, ""nchapters"": 8.0}"
HarvardX,1,aligned,0,1326,NICE,bounded+edit,NICE_bounded+edit,0,classifier_target_not_met,0.0,0.005688667297363281,0.5789473684210527,2.0,"{""nevents"": 83.0, ""ndays_act"": 18.0, ""nchapters"": 8.0}"
HarvardX,1,aligned,0,1326,MCCE,native,MCCE_native,0,out_of_bounds:nevents,0.0,0.04111671447753906,0.6243550051599587,3.0,"{""nevents"": 65.0, ""ndays_act"": 19.0, ""nchapters"": 8.0}"
HarvardX,1,aligned,0,1326,MCCE,bounded,MCCE_bounded,1,OK,0.0,0.04111671447753906,1.2089783281733746,3.0,"{""nevents"": 150.0, ""ndays_act"": 29.0, ""nchapters"": 10.0}"
HarvardX,1,aligned,0,1326,MCCE,bounded+edit,MCCE_bounded+edit,1,OK,0.0,0.04111671447753906,1.2089783281733746,3.0,"{""nevents"": 150.0, ""ndays_act"": 29.0, ""nchapters"": 10.0}"
HarvardX,1,aligned,0,1383,NICE,native,NICE_native,0,out_of_bounds:nevents,0.0,0.004633426666259766,0.13952380952380952,2.0,"{""nevents"": 13.0, ""ndays_act"": 8.0, ""nchapters"": 12.0}"
HarvardX,1,aligned,0,1383,NICE,bounded,NICE_bounded,0,classifier_target_not_met,0.0,0.004633426666259766,0.11666666666666667,1.0,"{""nevents"": 29.0, ""ndays_act"": 8.0, ""nchapters"": 12.0}"
HarvardX,1,aligned,0,1383,NICE,bounded+edit,NICE_bounded+edit,0,classifier_target_not_met,0.0,0.004633426666259766,0.11666666666666667,1.0,"{""nevents"": 29.0, ""ndays_act"": 8.0, ""nchapters"": 12.0}"
HarvardX,1,aligned,0,1383,MCCE,native,MCCE_native,0,out_of_bounds:nevents,0.0,0.0299072265625,0.16714285714285715,2.0,"{""nevents"": 17.0, ""ndays_act"": 10.0, ""nchapters"": 12.0}"
HarvardX,1,aligned,0,1383,MCCE,bounded,MCCE_bounded,1,OK,0.0,0.0299072265625,0.17238095238095238,2.0,"{""nevents"": 33.0, ""ndays_act"": 11.0, ""nchapters"": 12.0}"
HarvardX,1,aligned,0,1383,MCCE,bounded+edit,MCCE_bounded+edit,1,OK,0.0,0.0299072265625,0.17238095238095238,2.0,"{""nevents"": 33.0, ""ndays_act"": 11.0, ""nchapters"": 12.0}"
HarvardX,1,aligned,0,1385,NICE,native,NICE_native,1,OK,0.0,0.006337642669677734,0.7326677010951449,3.0,"{""nevents"": 76.0, ""ndays_act"": 18.0, ""nchapters"": 8.0}"
HarvardX,1,aligned,0,1385,NICE,bounded,NICE_bounded,1,OK,0.0,0.006337642669677734,0.7326677010951449,3.0,"{""nevents"": 76.0, ""ndays_act"": 18.0, ""nchapters"": 8.0}"
HarvardX,1,aligned,0,1385,NICE,bounded+edit,NICE_bounded+edit,1,OK,0.0,0.006337642669677734,0.7326677010951449,3.0,"{""nevents"": 76.0, ""ndays_act"": 18.0, ""nchapters"": 8.0}"
HarvardX,1,aligned,0,1385,MCCE,native,MCCE_native,1,OK,0.0,0.049382686614990234,0.7339719804807844,3.0,"{""nevents"": 65.0, ""ndays_act"": 19.0, ""nchapters"": 8.0}"
HarvardX,1,aligned,0,1385,MCCE,bounded,MCCE_bounded,1,OK,0.0,0.049382686614990234,0.7339719804807844,3.0,"{""nevents"": 65.0, ""ndays_act"": 19.0, ""nchapters"": 8.0}"
HarvardX,1,aligned,0,1385,MCCE,bounded+edit,MCCE_bounded+edit,1,OK,0.0,0.049382686614990234,0.7339719804807844,3.0,"{""nevents"": 65.0, ""ndays_act"": 19.0, ""nchapters"": 8.0}"
HarvardX,1,aligned,0,1407,NICE,native,NICE_native,1,OK,0.0,0.0070421695709228516,0.5323795549033994,3.0,"{""nevents"": 76.0, ""ndays_act"": 18.0, ""nchapters"": 8.0}"
HarvardX,1,aligned,0,1407,NICE,bounded,NICE_bounded,1,OK,0.0,0.0070421695709228516,0.5323795549033994,3.0,"{""nevents"": 76.0, ""ndays_act"": 18.0, ""nchapters"": 8.0}"
HarvardX,1,aligned,0,1407,NICE,bounded+edit,NICE_bounded+edit,1,OK,0.0,0.0070421695709228516,0.5323795549033994,3.0,"{""nevents"": 76.0, ""ndays_act"": 18.0, ""nchapters"": 8.0}"
HarvardX,1,aligned,0,1407,MCCE,native,MCCE_native,1,OK,0.0,0.04261946678161621,0.5340180973343116,3.0,"{""nevents"": 65.0, ""ndays_act"": 19.0, ""nchapters"": 8.0}"
HarvardX,1,aligned,0,1407,MCCE,bounded,MCCE_bounded,1,OK,0.0,0.04261946678161621,0.5340180973343116,3.0,"{""nevents"": 65.0, ""ndays_act"": 19.0, ""nchapters"": 8.0}"
HarvardX,1,aligned,0,1407,MCCE,bounded+edit,MCCE_bounded+edit,1,OK,0.0,0.04261946678161621,0.5340180973343116,3.0,"{""nevents"": 65.0, ""ndays_act"": 19.0, ""nchapters"": 8.0}"
HarvardX,1,aligned,0,1433,NICE,native,NICE_native,1,OK,0.0,0.010180234909057617,0.7326677010951449,3.0,"{""nevents"": 76.0, ""ndays_act"": 18.0, ""nchapters"": 8.0}"
HarvardX,1,aligned,0,1433,NICE,bounded,NICE_bounded,1,OK,0.0,0.010180234909057617,0.7326677010951449,3.0,"{""nevents"": 76.0, ""ndays_act"": 18.0, ""nchapters"": 8.0}"
HarvardX,1,aligned,0,1433,NICE,bounded+edit,NICE_bounded+edit,1,OK,0.0,0.010180234909057617,0.7326677010951449,3.0,"{""nevents"": 76.0, ""ndays_act"": 18.0, ""nchapters"": 8.0}"
HarvardX,1,aligned,0,1433,MCCE,native,MCCE_native,1,OK,0.0,0.050478458404541016,0.7339719804807844,3.0,"{""nevents"": 65.0, ""ndays_act"": 19.0, ""nchapters"": 8.0}"
HarvardX,1,aligned,0,1433,MCCE,bounded,MCCE_bounded,1,OK,0.0,0.050478458404541016,0.7339719804807844,3.0,"{""nevents"": 65.0, ""ndays_act"": 19.0, ""nchapters"": 8.0}"
HarvardX,1,aligned,0,1433,MCCE,bounded+edit,MCCE_bounded+edit,1,OK,0.0,0.050478458404541016,0.7339719804807844,3.0,"{""nevents"": 65.0, ""ndays_act"": 19.0, ""nchapters"": 8.0}"
HarvardX,1,aligned,0,1437,NICE,native,NICE_native,1,OK,0.0,0.005956411361694336,0.5993343677618116,3.0,"{""nevents"": 76.0, ""ndays_act"": 18.0, ""nchapters"": 8.0}"
HarvardX,1,aligned,0,1437,NICE,bounded,NICE_bounded,1,OK,0.0,0.005956411361694336,0.5993343677618116,3.0,"{""nevents"": 76.0, ""ndays_act"": 18.0, ""nchapters"": 8.0}"
HarvardX,1,aligned,0,1437,NICE,bounded+edit,NICE_bounded+edit,1,OK,0.0,0.005956411361694336,0.5993343677618116,3.0,"{""nevents"": 76.0, ""ndays_act"": 18.0, ""nchapters"": 8.0}"
HarvardX,1,aligned,0,1437,MCCE,native,MCCE_native,1,OK,0.0,0.04072260856628418,0.6006386471474511,3.0,"{""nevents"": 65.0, ""ndays_act"": 19.0, ""nchapters"": 8.0}"
HarvardX,1,aligned,0,1437,MCCE,bounded,MCCE_bounded,1,OK,0.0,0.04072260856628418,0.6006386471474511,3.0,"{""nevents"": 65.0, ""ndays_act"": 19.0, ""nchapters"": 8.0}"
HarvardX,1,aligned,0,1437,MCCE,bounded+edit,MCCE_bounded+edit,1,OK,0.0,0.04072260856628418,0.6006386471474511,3.0,"{""nevents"": 65.0, ""ndays_act"": 19.0, ""nchapters"": 8.0}"
HarvardX,1,aligned,0,1508,NICE,native,NICE_native,0,out_of_bounds:nevents,0.0,0.005341529846191406,0.5139453569686128,2.0,"{""nevents"": 22.0, ""ndays_act"": 10.0, ""nchapters"": 12.0}"
HarvardX,1,aligned,0,1508,NICE,bounded,NICE_bounded,0,classifier_target_not_met,0.0,0.005341529846191406,0.019230769230769232,1.0,"{""nevents"": 256.0, ""ndays_act"": 10.0, ""nchapters"": 12.0}"
HarvardX,1,aligned,0,1508,NICE,bounded+edit,NICE_bounded+edit,0,classifier_target_not_met,0.0,0.005341529846191406,0.019230769230769232,1.0,"{""nevents"": 256.0, ""ndays_act"": 10.0, ""nchapters"": 12.0}"
HarvardX,1,aligned,0,1508,MCCE,native,MCCE_native,1,OK,0.0,0.0407862663269043,0.3076923076923077,1.0,"{""nevents"": 256.0, ""ndays_act"": 25.0, ""nchapters"": 12.0}"
HarvardX,1,aligned,0,1508,MCCE,bounded,MCCE_bounded,1,OK,0.0,0.0407862663269043,0.3076923076923077,1.0,"{""nevents"": 256.0, ""ndays_act"": 25.0, ""nchapters"": 12.0}"
HarvardX,1,aligned,0,1508,MCCE,bounded+edit,MCCE_bounded+edit,1,OK,0.0,0.0407862663269043,0.3076923076923077,1.0,"{""nevents"": 256.0, ""ndays_act"": 25.0, ""nchapters"": 12.0}"
HarvardX,1,aligned,0,1543,NICE,native,NICE_native,0,out_of_bounds:nevents,0.0,0.007879018783569336,0.6274715261958999,2.0,"{""nevents"": 76.0, ""ndays_act"": 18.0, ""nchapters"": 8.0}"
HarvardX,1,aligned,0,1543,NICE,bounded,NICE_bounded,0,classifier_target_not_met,0.0,0.007879018783569336,0.14,1.0,"{""nevents"": 290.0, ""ndays_act"": 18.0, ""nchapters"": 8.0}"
HarvardX,1,aligned,0,1543,NICE,bounded+edit,NICE_bounded+edit,0,classifier_target_not_met,0.0,0.007879018783569336,0.14,1.0,"{""nevents"": 290.0, ""ndays_act"": 18.0, ""nchapters"": 8.0}"
HarvardX,1,aligned,0,1543,MCCE,native,MCCE_native,0,out_of_bounds:nevents,0.0,0.0760502815246582,0.6725284738041003,2.0,"{""nevents"": 65.0, ""ndays_act"": 19.0, ""nchapters"": 8.0}"
HarvardX,1,aligned,0,1543,MCCE,bounded,MCCE_bounded,1,OK,0.0,0.0760502815246582,1.1073348519362187,3.0,"{""nevents"": 302.0, ""ndays_act"": 40.0, ""nchapters"": 10.0}"
HarvardX,1,aligned,0,1543,MCCE,bounded+edit,MCCE_bounded+edit,1,OK,0.0,0.0760502815246582,1.1073348519362187,3.0,"{""nevents"": 302.0, ""ndays_act"": 40.0, ""nchapters"": 10.0}"
HarvardX,1,aligned,0,1552,NICE,native,NICE_native,0,out_of_bounds:nevents,0.0,0.005001544952392578,0.14477172312223857,2.0,"{""nevents"": 307.0, ""ndays_act"": 28.0, ""nchapters"": 12.0}"
HarvardX,1,aligned,0,1552,NICE,bounded,NICE_bounded,0,classifier_target_not_met,0.0,0.005001544952392578,0.05714285714285714,1.0,"{""nevents"": 341.0, ""ndays_act"": 28.0, ""nchapters"": 12.0}"
HarvardX,1,aligned,0,1552,NICE,bounded+edit,NICE_bounded+edit,0,classifier_target_not_met,0.0,0.005001544952392578,0.05714285714285714,1.0,"{""nevents"": 341.0, ""ndays_act"": 28.0, ""nchapters"": 12.0}"
HarvardX,1,aligned,0,1552,MCCE,native,MCCE_native,0,out_of_bounds:nevents,0.0,0.028652191162109375,0.2963917525773196,1.0,"{""nevents"": 226.0, ""ndays_act"": 26.0, ""nchapters"": 12.0}"
HarvardX,1,aligned,0,1552,MCCE,bounded,MCCE_bounded,1,OK,0.0,0.028652191162109375,0.2698085419734904,2.0,"{""nevents"": 357.0, ""ndays_act"": 34.0, ""nchapters"": 12.0}"
HarvardX,1,aligned,0,1552,MCCE,bounded+edit,MCCE_bounded+edit,1,OK,0.0,0.028652191162109375,0.2698085419734904,2.0,"{""nevents"": 357.0, ""ndays_act"": 34.0, ""nchapters"": 12.0}"
HarvardX,1,aligned,0,1573,NICE,native,NICE_native,1,OK,0.0,0.0056154727935791016,0.14898018844588365,2.0,"{""nevents"": 13.0, ""ndays_act"": 8.0, ""nchapters"": 12.0}"
HarvardX,1,aligned,0,1573,NICE,bounded,NICE_bounded,1,OK,0.0,0.0056154727935791016,0.14898018844588365,2.0,"{""nevents"": 13.0, ""ndays_act"": 8.0, ""nchapters"": 12.0}"
HarvardX,1,aligned,0,1573,NICE,bounded+edit,NICE_bounded+edit,1,OK,0.0,0.0056154727935791016,0.14898018844588365,2.0,"{""nevents"": 13.0, ""ndays_act"": 8.0, ""nchapters"": 12.0}"
HarvardX,1,aligned,0,1573,MCCE,native,MCCE_native,1,OK,0.0,0.02814507484436035,0.1872540421417167,2.0,"{""nevents"": 17.0, ""ndays_act"": 10.0, ""nchapters"": 12.0}"
HarvardX,1,aligned,0,1573,MCCE,bounded,MCCE_bounded,1,OK,0.0,0.02814507484436035,0.1872540421417167,2.0,"{""nevents"": 17.0, ""ndays_act"": 10.0, ""nchapters"": 12.0}"
HarvardX,1,aligned,0,1573,MCCE,bounded+edit,MCCE_bounded+edit,1,OK,0.0,0.02814507484436035,0.1872540421417167,2.0,"{""nevents"": 17.0, ""ndays_act"": 10.0, ""nchapters"": 12.0}"
HarvardX,1,aligned,0,1606,NICE,native,NICE_native,0,out_of_bounds:nevents,0.0,0.00555872917175293,0.15162843387142452,2.0,"{""nevents"": 13.0, ""ndays_act"": 8.0, ""nchapters"": 12.0}"
HarvardX,1,aligned,0,1606,NICE,bounded,NICE_bounded,0,classifier_target_not_met,0.0,0.00555872917175293,0.03636363636363636,1.0,"{""nevents"": 87.0, ""ndays_act"": 8.0, ""nchapters"": 12.0}"
HarvardX,1,aligned,0,1606,NICE,bounded+edit,NICE_bounded+edit,0,classifier_target_not_met,0.0,0.00555872917175293,0.03636363636363636,1.0,"{""nevents"": 87.0, ""ndays_act"": 8.0, ""nchapters"": 12.0}"
HarvardX,1,aligned,0,1606,MCCE,native,MCCE_native,0,out_of_bounds:nevents,0.0,0.036725521087646484,0.1817615406400453,2.0,"{""nevents"": 17.0, ""ndays_act"": 10.0, ""nchapters"": 12.0}"
HarvardX,1,aligned,0,1606,MCCE,bounded,MCCE_bounded,1,OK,0.0,0.036725521087646484,0.2519399603511753,2.0,"{""nevents"": 97.0, ""ndays_act"": 19.0, ""nchapters"": 12.0}"
HarvardX,1,aligned,0,1606,MCCE,bounded+edit,MCCE_bounded+edit,1,OK,0.0,0.036725521087646484,0.2519399603511753,2.0,"{""nevents"": 97.0, ""ndays_act"": 19.0, ""nchapters"": 12.0}"
HarvardX,1,aligned,0,1638,NICE,native,NICE_native,0,out_of_bounds:nevents,0.0,0.004275321960449219,0.1659919028340081,1.0,"{""nevents"": 153.0, ""ndays_act"": 22.0, ""nchapters"": 12.0}"
HarvardX,1,aligned,0,1638,NICE,bounded,NICE_bounded,0,classifier_target_not_met,0.0,0.004275321960449219,0.0,0.0,"{""nevents"": 235.0, ""ndays_act"": 22.0, ""nchapters"": 12.0}"
HarvardX,1,aligned,0,1638,NICE,bounded+edit,NICE_bounded+edit,0,classifier_target_not_met,0.0,0.004275321960449219,0.0,0.0,"{""nevents"": 235.0, ""ndays_act"": 22.0, ""nchapters"": 12.0}"
HarvardX,1,aligned,0,1638,MCCE,native,MCCE_native,0,out_of_bounds:nevents,0.0,0.026923418045043945,0.31781376518218624,1.0,"{""nevents"": 78.0, ""ndays_act"": 22.0, ""nchapters"": 12.0}"
HarvardX,1,aligned,0,1638,MCCE,bounded,MCCE_bounded,1,OK,0.0,0.026923418045043945,0.0931174089068826,2.0,"{""nevents"": 243.0, ""ndays_act"": 25.0, ""nchapters"": 12.0}"
HarvardX,1,aligned,0,1638,MCCE,bounded+edit,MCCE_bounded+edit,1,OK,0.0,0.026923418045043945,0.0931174089068826,2.0,"{""nevents"": 243.0, ""ndays_act"": 25.0, ""nchapters"": 12.0}"
HarvardX,1,aligned,0,1646,NICE,native,NICE_native,1,OK,0.0,0.004585981369018555,0.14898018844588365,2.0,"{""nevents"": 13.0, ""ndays_act"": 8.0, ""nchapters"": 12.0}"
HarvardX,1,aligned,0,1646,NICE,bounded,NICE_bounded,1,OK,0.0,0.004585981369018555,0.14898018844588365,2.0,"{""nevents"": 13.0, ""ndays_act"": 8.0, ""nchapters"": 12.0}"
HarvardX,1,aligned,0,1646,NICE,bounded+edit,NICE_bounded+edit,1,OK,0.0,0.004585981369018555,0.14898018844588365,2.0,"{""nevents"": 13.0, ""ndays_act"": 8.0, ""nchapters"": 12.0}"
HarvardX,1,aligned,0,1646,MCCE,native,MCCE_native,1,OK,0.0,0.027543306350708008,0.1872540421417167,2.0,"{""nevents"": 17.0, ""ndays_act"": 10.0, ""nchapters"": 12.0}"
HarvardX,1,aligned,0,1646,MCCE,bounded,MCCE_bounded,1,OK,0.0,0.027543306350708008,0.1872540421417167,2.0,"{""nevents"": 17.0, ""ndays_act"": 10.0, ""nchapters"": 12.0}"
HarvardX,1,aligned,0,1646,MCCE,bounded+edit,MCCE_bounded+edit,1,OK,0.0,0.027543306350708008,0.1872540421417167,2.0,"{""nevents"": 17.0, ""ndays_act"": 10.0, ""nchapters"": 12.0}"
HarvardX,1,aligned,0,1654,NICE,native,NICE_native,1,OK,0.0,0.004742860794067383,0.3993343677618116,2.0,"{""nevents"": 76.0, ""ndays_act"": 18.0, ""nchapters"": 8.0}"
HarvardX,1,aligned,0,1654,NICE,bounded,NICE_bounded,1,OK,0.0,0.004742860794067383,0.3993343677618116,2.0,"{""nevents"": 76.0, ""ndays_act"": 18.0, ""nchapters"": 8.0}"
HarvardX,1,aligned,0,1654,NICE,bounded+edit,NICE_bounded+edit,1,OK,0.0,0.004742860794067383,0.3993343677618116,2.0,"{""nevents"": 76.0, ""ndays_act"": 18.0, ""nchapters"": 8.0}"
HarvardX,1,aligned,0,1654,MCCE,native,MCCE_native,1,OK,0.0,0.04196047782897949,0.40063864714745107,2.0,"{""nevents"": 65.0, ""ndays_act"": 19.0, ""nchapters"": 8.0}"
HarvardX,1,aligned,0,1654,MCCE,bounded,MCCE_bounded,1,OK,0.0,0.04196047782897949,0.40063864714745107,2.0,"{""nevents"": 65.0, ""ndays_act"": 19.0, ""nchapters"": 8.0}"
HarvardX,1,aligned,0,1654,MCCE,bounded+edit,MCCE_bounded+edit,1,OK,0.0,0.04196047782897949,0.40063864714745107,2.0,"{""nevents"": 65.0, ""ndays_act"": 19.0, ""nchapters"": 8.0}"
HarvardX,1,aligned,0,1655,NICE,native,NICE_native,1,OK,0.0,0.004923105239868164,0.3863553113553113,2.0,"{""nevents"": 76.0, ""ndays_act"": 18.0, ""nchapters"": 8.0}"
HarvardX,1,aligned,0,1655,NICE,bounded,NICE_bounded,1,OK,0.0,0.004923105239868164,0.3863553113553113,2.0,"{""nevents"": 76.0, ""ndays_act"": 18.0, ""nchapters"": 8.0}"
HarvardX,1,aligned,0,1655,NICE,bounded+edit,NICE_bounded+edit,1,OK,0.0,0.004923105239868164,0.3863553113553113,2.0,"{""nevents"": 76.0, ""ndays_act"": 18.0, ""nchapters"": 8.0}"
HarvardX,1,aligned,0,1655,MCCE,native,MCCE_native,1,OK,0.0,0.04239940643310547,0.3879120879120879,2.0,"{""nevents"": 65.0, ""ndays_act"": 19.0, ""nchapters"": 8.0}"
HarvardX,1,aligned,0,1655,MCCE,bounded,MCCE_bounded,1,OK,0.0,0.04239940643310547,0.3879120879120879,2.0,"{""nevents"": 65.0, ""ndays_act"": 19.0, ""nchapters"": 8.0}"
HarvardX,1,aligned,0,1655,MCCE,bounded+edit,MCCE_bounded+edit,1,OK,0.0,0.04239940643310547,0.3879120879120879,2.0,"{""nevents"": 65.0, ""ndays_act"": 19.0, ""nchapters"": 8.0}"
HarvardX,1,aligned,0,1662,NICE,native,NICE_native,0,out_of_bounds:nevents,0.0,0.0035648345947265625,0.030612244897959183,1.0,"{""nevents"": 22.0, ""ndays_act"": 10.0, ""nchapters"": 12.0}"
HarvardX,1,aligned,0,1662,NICE,bounded,NICE_bounded,0,classifier_target_not_met,0.0,0.0035648345947265625,0.0,0.0,"{""nevents"": 43.0, ""ndays_act"": 10.0, ""nchapters"": 12.0}"
HarvardX,1,aligned,0,1662,NICE,bounded+edit,NICE_bounded+edit,0,classifier_target_not_met,0.0,0.0035648345947265625,0.0,0.0,"{""nevents"": 43.0, ""ndays_act"": 10.0, ""nchapters"": 12.0}"
HarvardX,1,aligned,0,1662,MCCE,native,MCCE_native,0,out_of_bounds:nevents,0.0,0.0284574031829834,0.037900874635568516,1.0,"{""nevents"": 17.0, ""ndays_act"": 10.0, ""nchapters"": 12.0}"
HarvardX,1,aligned,0,1662,MCCE,bounded,MCCE_bounded,1,OK,0.0,0.0284574031829834,0.0719430629394615,2.0,"{""nevents"": 52.0, ""ndays_act"": 13.0, ""nchapters"": 12.0}"
HarvardX,1,aligned,0,1662,MCCE,bounded+edit,MCCE_bounded+edit,1,OK,0.0,0.0284574031829834,0.0719430629394615,2.0,"{""nevents"": 52.0, ""ndays_act"": 13.0, ""nchapters"": 12.0}"
HarvardX,1,aligned,0,1693,NICE,native,NICE_native,0,out_of_bounds:nevents,0.0,0.004759311676025391,0.2102757904454189,2.0,"{""nevents"": 13.0, ""ndays_act"": 8.0, ""nchapters"": 12.0}"
HarvardX,1,aligned,0,1693,NICE,bounded,NICE_bounded,0,classifier_target_not_met,0.0,0.004759311676025391,0.05357142857142857,1.0,"{""nevents"": 110.0, ""ndays_act"": 8.0, ""nchapters"": 12.0}"
HarvardX,1,aligned,0,1693,NICE,bounded+edit,NICE_bounded+edit,0,classifier_target_not_met,0.0,0.004759311676025391,0.05357142857142857,1.0,"{""nevents"": 110.0, ""ndays_act"": 8.0, ""nchapters"": 12.0}"
HarvardX,1,aligned,0,1693,MCCE,native,MCCE_native,0,out_of_bounds:nevents,0.0,0.029928207397460938,0.23952804061850913,2.0,"{""nevents"": 17.0, ""ndays_act"": 10.0, ""nchapters"": 12.0}"
HarvardX,1,aligned,0,1693,MCCE,bounded,MCCE_bounded,1,OK,0.0,0.029928207397460938,0.2823967228248327,2.0,"{""nevents"": 119.0, ""ndays_act"": 20.0, ""nchapters"": 12.0}"
HarvardX,1,aligned,0,1693,MCCE,bounded+edit,MCCE_bounded+edit,1,OK,0.0,0.029928207397460938,0.2823967228248327,2.0,"{""nevents"": 119.0, ""ndays_act"": 20.0, ""nchapters"": 12.0}"
HarvardX,1,aligned,0,1753,NICE,native,NICE_native,1,OK,0.0,0.003916501998901367,0.05357142857142857,1.0,"{""nevents"": 13.0, ""ndays_act"": 8.0, ""nchapters"": 12.0}"
HarvardX,1,aligned,0,1753,NICE,bounded,NICE_bounded,1,OK,0.0,0.003916501998901367,0.05357142857142857,1.0,"{""nevents"": 13.0, ""ndays_act"": 8.0, ""nchapters"": 12.0}"
HarvardX,1,aligned,0,1753,NICE,bounded+edit,NICE_bounded+edit,1,OK,0.0,0.003916501998901367,0.05357142857142857,1.0,"{""nevents"": 13.0, ""ndays_act"": 8.0, ""nchapters"": 12.0}"
HarvardX,1,aligned,0,1753,MCCE,native,MCCE_native,1,OK,0.0,0.04352426528930664,0.09487230646448523,2.0,"{""nevents"": 17.0, ""ndays_act"": 10.0, ""nchapters"": 12.0}"
HarvardX,1,aligned,0,1753,MCCE,bounded,MCCE_bounded,1,OK,0.0,0.04352426528930664,0.09487230646448523,2.0,"{""nevents"": 17.0, ""ndays_act"": 10.0, ""nchapters"": 12.0}"
HarvardX,1,aligned,0,1753,MCCE,bounded+edit,MCCE_bounded+edit,1,OK,0.0,0.04352426528930664,0.09487230646448523,2.0,"{""nevents"": 17.0, ""ndays_act"": 10.0, ""nchapters"": 12.0}"
HarvardX,1,aligned,0,1769,NICE,native,NICE_native,0,out_of_bounds:nevents,0.0,0.005475282669067383,0.13794326241134752,2.0,"{""nevents"": 9.0, ""ndays_act"": 8.0, ""nchapters"": 10.0}"
HarvardX,1,aligned,0,1769,NICE,bounded,NICE_bounded,0,classifier_target_not_met,0.0,0.005475282669067383,0.11666666666666667,1.0,"{""nevents"": 24.0, ""ndays_act"": 8.0, ""nchapters"": 10.0}"
HarvardX,1,aligned,0,1769,NICE,bounded+edit,NICE_bounded+edit,0,classifier_target_not_met,0.0,0.005475282669067383,0.11666666666666667,1.0,"{""nevents"": 24.0, ""ndays_act"": 8.0, ""nchapters"": 10.0}"
HarvardX,1,aligned,0,1769,MCCE,native,MCCE_native,1,OK,0.0,0.04627060890197754,0.27872340425531916,2.0,"{""nevents"": 56.0, ""ndays_act"": 15.0, ""nchapters"": 10.0}"
HarvardX,1,aligned,0,1769,MCCE,bounded,MCCE_bounded,1,OK,0.0,0.04627060890197754,0.27872340425531916,2.0,"{""nevents"": 56.0, ""ndays_act"": 15.0, ""nchapters"": 10.0}"
HarvardX,1,aligned,0,1769,MCCE,bounded+edit,MCCE_bounded+edit,1,OK,0.0,0.04627060890197754,0.27872340425531916,2.0,"{""nevents"": 56.0, ""ndays_act"": 15.0, ""nchapters"": 10.0}"
HarvardX,1,aligned,0,1796,NICE,native,NICE_native,0,out_of_bounds:nevents;out_of_bounds:ndays_act,0.0,0.005969524383544922,0.8041294642857143,2.0,"{""nevents"": 171.0, ""ndays_act"": 37.0, ""nchapters"": 8.0}"
HarvardX,1,aligned,0,1796,NICE,bounded,NICE_bounded,0,classifier_target_not_met,0.0,0.005969524383544922,0.0,0.0,"{""nevents"": 217.0, ""ndays_act"": 47.0, ""nchapters"": 8.0}"
HarvardX,1,aligned,0,1796,NICE,bounded+edit,NICE_bounded+edit,0,classifier_target_not_met,0.0,0.005969524383544922,0.0,0.0,"{""nevents"": 217.0, ""ndays_act"": 47.0, ""nchapters"": 8.0}"
HarvardX,1,aligned,0,1796,MCCE,native,MCCE_native,0,out_of_bounds:nevents;out_of_bounds:ndays_act,0.0,0.04420876502990723,2.296875,2.0,"{""nevents"": 65.0, ""ndays_act"": 19.0, ""nchapters"": 8.0}"
HarvardX,1,aligned,0,1796,MCCE,bounded,MCCE_bounded,1,OK,0.0,0.04420876502990723,1.109375,2.0,"{""nevents"": 529.0, ""ndays_act"": 47.0, ""nchapters"": 10.0}"
HarvardX,1,aligned,0,1796,MCCE,bounded+edit,MCCE_bounded+edit,1,OK,0.0,0.04420876502990723,1.109375,2.0,"{""nevents"": 529.0, ""ndays_act"": 47.0, ""nchapters"": 10.0}"
HarvardX,1,aligned,0,1831,NICE,native,NICE_native,0,out_of_bounds:nevents,0.0,0.007482290267944336,0.3406813627254509,1.0,"{""nevents"": 60.0, ""ndays_act"": 14.0, ""nchapters"": 11.0}"
HarvardX,1,aligned,0,1831,NICE,bounded,NICE_bounded,0,classifier_target_not_met,0.0,0.007482290267944336,0.0,0.0,"{""nevents"": 230.0, ""ndays_act"": 14.0, ""nchapters"": 11.0}"
HarvardX,1,aligned,0,1831,NICE,bounded+edit,NICE_bounded+edit,0,classifier_target_not_met,0.0,0.007482290267944336,0.0,0.0,"{""nevents"": 230.0, ""ndays_act"": 14.0, ""nchapters"": 11.0}"
HarvardX,1,aligned,0,1831,MCCE,native,MCCE_native,0,out_of_bounds:nevents,0.0,0.04846787452697754,0.5187822453417473,2.0,"{""nevents"": 141.0, ""ndays_act"": 30.0, ""nchapters"": 11.0}"
HarvardX,1,aligned,0,1831,MCCE,bounded,MCCE_bounded,1,OK,0.0,0.04846787452697754,1.1588709333560738,2.0,"{""nevents"": 511.0, ""ndays_act"": 42.0, ""nchapters"": 11.0}"
HarvardX,1,aligned,0,1831,MCCE,bounded+edit,MCCE_bounded+edit,1,OK,0.0,0.04846787452697754,1.1588709333560738,2.0,"{""nevents"": 511.0, ""ndays_act"": 42.0, ""nchapters"": 11.0}"
HarvardX,1,aligned,0,1869,NICE,native,NICE_native,1,OK,0.0,0.006485939025878906,0.5654998942147207,3.0,"{""nevents"": 76.0, ""ndays_act"": 18.0, ""nchapters"": 8.0}"
HarvardX,1,aligned,0,1869,NICE,bounded,NICE_bounded,1,OK,0.0,0.006485939025878906,0.5654998942147207,3.0,"{""nevents"": 76.0, ""ndays_act"": 18.0, ""nchapters"": 8.0}"
HarvardX,1,aligned,0,1869,NICE,bounded+edit,NICE_bounded+edit,1,OK,0.0,0.006485939025878906,0.5654998942147207,3.0,"{""nevents"": 76.0, ""ndays_act"": 18.0, ""nchapters"": 8.0}"
HarvardX,1,aligned,0,1869,MCCE,native,MCCE_native,1,OK,0.0,0.04220104217529297,0.5671924586849715,3.0,"{""nevents"": 65.0, ""ndays_act"": 19.0, ""nchapters"": 8.0}"
HarvardX,1,aligned,0,1869,MCCE,bounded,MCCE_bounded,1,OK,0.0,0.04220104217529297,0.5671924586849715,3.0,"{""nevents"": 65.0, ""ndays_act"": 19.0, ""nchapters"": 8.0}"
HarvardX,1,aligned,0,1869,MCCE,bounded+edit,MCCE_bounded+edit,1,OK,0.0,0.04220104217529297,0.5671924586849715,3.0,"{""nevents"": 65.0, ""ndays_act"": 19.0, ""nchapters"": 8.0}"
HarvardX,1,aligned,0,1892,NICE,native,NICE_native,0,out_of_bounds:ndays_act,0.0,0.003784656524658203,0.058823529411764705,1.0,"{""nevents"": 744.0, ""ndays_act"": 25.0, ""nchapters"": 12.0}"
HarvardX,1,aligned,0,1892,NICE,bounded,NICE_bounded,0,classifier_target_not_met,0.0,0.003784656524658203,0.0,0.0,"{""nevents"": 744.0, ""ndays_act"": 27.0, ""nchapters"": 12.0}"
HarvardX,1,aligned,0,1892,NICE,bounded+edit,NICE_bounded+edit,0,classifier_target_not_met,0.0,0.003784656524658203,0.0,0.0,"{""nevents"": 744.0, ""ndays_act"": 27.0, ""nchapters"": 12.0}"
HarvardX,1,aligned,0,1892,MCCE,native,MCCE_native,1,OK,0.0,0.041184425354003906,0.47058823529411764,1.0,"{""nevents"": 744.0, ""ndays_act"": 43.0, ""nchapters"": 12.0}"
HarvardX,1,aligned,0,1892,MCCE,bounded,MCCE_bounded,1,OK,0.0,0.041184425354003906,0.47058823529411764,1.0,"{""nevents"": 744.0, ""ndays_act"": 43.0, ""nchapters"": 12.0}"
HarvardX,1,aligned,0,1892,MCCE,bounded+edit,MCCE_bounded+edit,1,OK,0.0,0.041184425354003906,0.47058823529411764,1.0,"{""nevents"": 744.0, ""ndays_act"": 43.0, ""nchapters"": 12.0}"
HarvardX,1,aligned,0,1911,NICE,native,NICE_native,1,OK,0.0,0.005887746810913086,0.5774250440917108,3.0,"{""nevents"": 171.0, ""ndays_act"": 37.0, ""nchapters"": 8.0}"
HarvardX,1,aligned,0,1911,NICE,bounded,NICE_bounded,1,OK,0.0,0.005887746810913086,0.5774250440917108,3.0,"{""nevents"": 171.0, ""ndays_act"": 37.0, ""nchapters"": 8.0}"
HarvardX,1,aligned,0,1911,NICE,bounded+edit,NICE_bounded+edit,1,OK,0.0,0.005887746810913086,0.5774250440917108,3.0,"{""nevents"": 171.0, ""ndays_act"": 37.0, ""nchapters"": 8.0}"
HarvardX,1,aligned,0,1911,MCCE,native,MCCE_native,1,OK,0.0,0.05104970932006836,1.3854595336076818,2.0,"{""nevents"": 281.0, ""ndays_act"": 33.0, ""nchapters"": 12.0}"
HarvardX,1,aligned,0,1911,MCCE,bounded,MCCE_bounded,1,OK,0.0,0.05104970932006836,1.3854595336076818,2.0,"{""nevents"": 281.0, ""ndays_act"": 33.0, ""nchapters"": 12.0}"
HarvardX,1,aligned,0,1911,MCCE,bounded+edit,MCCE_bounded+edit,1,OK,0.0,0.05104970932006836,1.3854595336076818,2.0,"{""nevents"": 281.0, ""ndays_act"": 33.0, ""nchapters"": 12.0}"
HarvardX,1,aligned,0,1959,NICE,native,NICE_native,1,OK,0.0,0.006275653839111328,0.7326677010951449,3.0,"{""nevents"": 76.0, ""ndays_act"": 18.0, ""nchapters"": 8.0}"
HarvardX,1,aligned,0,1959,NICE,bounded,NICE_bounded,1,OK,0.0,0.006275653839111328,0.7326677010951449,3.0,"{""nevents"": 76.0, ""ndays_act"": 18.0, ""nchapters"": 8.0}"
HarvardX,1,aligned,0,1959,NICE,bounded+edit,NICE_bounded+edit,1,OK,0.0,0.006275653839111328,0.7326677010951449,3.0,"{""nevents"": 76.0, ""ndays_act"": 18.0, ""nchapters"": 8.0}"
HarvardX,1,aligned,0,1959,MCCE,native,MCCE_native,1,OK,0.0,0.04368758201599121,0.7339719804807844,3.0,"{""nevents"": 65.0, ""ndays_act"": 19.0, ""nchapters"": 8.0}"
HarvardX,1,aligned,0,1959,MCCE,bounded,MCCE_bounded,1,OK,0.0,0.04368758201599121,0.7339719804807844,3.0,"{""nevents"": 65.0, ""ndays_act"": 19.0, ""nchapters"": 8.0}"
HarvardX,1,aligned,0,1959,MCCE,bounded+edit,MCCE_bounded+edit,1,OK,0.0,0.04368758201599121,0.7339719804807844,3.0,"{""nevents"": 65.0, ""ndays_act"": 19.0, ""nchapters"": 8.0}"
HarvardX,1,aligned,0,1996,NICE,native,NICE_native,0,out_of_bounds:nevents,0.0,0.007460594177246094,0.12228464419475656,2.0,"{""nevents"": 13.0, ""ndays_act"": 8.0, ""nchapters"": 12.0}"
HarvardX,1,aligned,0,1996,NICE,bounded,NICE_bounded,0,classifier_target_not_met,0.0,0.007460594177246094,0.11666666666666667,1.0,"{""nevents"": 17.0, ""ndays_act"": 8.0, ""nchapters"": 12.0}"
HarvardX,1,aligned,0,1996,NICE,bounded+edit,NICE_bounded+edit,0,classifier_target_not_met,0.0,0.007460594177246094,0.11666666666666667,1.0,"{""nevents"": 17.0, ""ndays_act"": 8.0, ""nchapters"": 12.0}"
HarvardX,1,aligned,0,1996,MCCE,native,MCCE_native,1,OK,0.0,0.02775716781616211,0.15,1.0,"{""nevents"": 17.0, ""ndays_act"": 10.0, ""nchapters"": 12.0}"
HarvardX,1,aligned,0,1996,MCCE,bounded,MCCE_bounded,1,OK,0.0,0.02775716781616211,0.15,1.0,"{""nevents"": 17.0, ""ndays_act"": 10.0, ""nchapters"": 12.0}"
HarvardX,1,aligned,0,1996,MCCE,bounded+edit,MCCE_bounded+edit,1,OK,0.0,0.02775716781616211,0.15,1.0,"{""nevents"": 17.0, ""ndays_act"": 10.0, ""nchapters"": 12.0}"
HarvardX,1,aligned,0,1997,NICE,native,NICE_native,1,OK,0.0,0.004759550094604492,0.2909356725146199,2.0,"{""nevents"": 76.0, ""ndays_act"": 18.0, ""nchapters"": 8.0}"
HarvardX,1,aligned,0,1997,NICE,bounded,NICE_bounded,1,OK,0.0,0.004759550094604492,0.2909356725146199,2.0,"{""nevents"": 76.0, ""ndays_act"": 18.0, ""nchapters"": 8.0}"
HarvardX,1,aligned,0,1997,NICE,bounded+edit,NICE_bounded+edit,1,OK,0.0,0.004759550094604492,0.2909356725146199,2.0,"{""nevents"": 76.0, ""ndays_act"": 18.0, ""nchapters"": 8.0}"
HarvardX,1,aligned,0,1997,MCCE,native,MCCE_native,1,OK,0.0,0.044919490814208984,0.29239766081871343,2.0,"{""nevents"": 65.0, ""ndays_act"": 19.0, ""nchapters"": 8.0}"
HarvardX,1,aligned,0,1997,MCCE,bounded,MCCE_bounded,1,OK,0.0,0.044919490814208984,0.29239766081871343,2.0,"{""nevents"": 65.0, ""ndays_act"": 19.0, ""nchapters"": 8.0}"
HarvardX,1,aligned,0,1997,MCCE,bounded+edit,MCCE_bounded+edit,1,OK,0.0,0.044919490814208984,0.29239766081871343,2.0,"{""nevents"": 65.0, ""ndays_act"": 19.0, ""nchapters"": 8.0}"
HarvardX,1,aligned,0,2005,NICE,native,NICE_native,0,out_of_bounds:nevents,0.0,0.005200624465942383,0.44742362658974694,2.0,"{""nevents"": 13.0, ""ndays_act"": 8.0, ""nchapters"": 12.0}"
HarvardX,1,aligned,0,2005,NICE,bounded,NICE_bounded,0,classifier_target_not_met,0.0,0.005200624465942383,0.08620689655172414,1.0,"{""nevents"": 203.0, ""ndays_act"": 8.0, ""nchapters"": 12.0}"
HarvardX,1,aligned,0,2005,NICE,bounded+edit,NICE_bounded+edit,0,classifier_target_not_met,0.0,0.005200624465942383,0.08620689655172414,1.0,"{""nevents"": 203.0, ""ndays_act"": 8.0, ""nchapters"": 12.0}"
HarvardX,1,aligned,0,2005,MCCE,native,MCCE_native,0,out_of_bounds:nevents,0.0,0.030344009399414062,0.47430182247279407,2.0,"{""nevents"": 17.0, ""ndays_act"": 10.0, ""nchapters"": 12.0}"
HarvardX,1,aligned,0,2005,MCCE,bounded,MCCE_bounded,1,OK,0.0,0.030344009399414062,0.455355972204012,2.0,"{""nevents"": 243.0, ""ndays_act"": 25.0, ""nchapters"": 12.0}"
HarvardX,1,aligned,0,2005,MCCE,bounded+edit,MCCE_bounded+edit,1,OK,0.0,0.030344009399414062,0.455355972204012,2.0,"{""nevents"": 243.0, ""ndays_act"": 25.0, ""nchapters"": 12.0}"
HarvardX,1,aligned,0,2016,NICE,native,NICE_native,1,OK,0.0,0.005036830902099609,0.10721977713269033,2.0,"{""nevents"": 9.0, ""ndays_act"": 8.0, ""nchapters"": 10.0}"
HarvardX,1,aligned,0,2016,NICE,bounded,NICE_bounded,1,OK,0.0,0.005036830902099609,0.10721977713269033,2.0,"{""nevents"": 9.0, ""ndays_act"": 8.0, ""nchapters"": 10.0}"
HarvardX,1,aligned,0,2016,NICE,bounded+edit,NICE_bounded+edit,1,OK,0.0,0.005036830902099609,0.10721977713269033,2.0,"{""nevents"": 9.0, ""ndays_act"": 8.0, ""nchapters"": 10.0}"
HarvardX,1,aligned,0,2016,MCCE,native,MCCE_native,1,OK,0.0,0.04570579528808594,0.2907809720011237,2.0,"{""nevents"": 56.0, ""ndays_act"": 15.0, ""nchapters"": 10.0}"
HarvardX,1,aligned,0,2016,MCCE,bounded,MCCE_bounded,1,OK,0.0,0.04570579528808594,0.2907809720011237,2.0,"{""nevents"": 56.0, ""ndays_act"": 15.0, ""nchapters"": 10.0}"
HarvardX,1,aligned,0,2016,MCCE,bounded+edit,MCCE_bounded+edit,1,OK,0.0,0.04570579528808594,0.2907809720011237,2.0,"{""nevents"": 56.0, ""ndays_act"": 15.0, ""nchapters"": 10.0}"
HarvardX,1,aligned,0,2035,NICE,native,NICE_native,0,out_of_bounds:nevents,0.0,0.005256175994873047,0.10496643591357246,2.0,"{""nevents"": 13.0, ""ndays_act"": 8.0, ""nchapters"": 12.0}"
HarvardX,1,aligned,0,2035,NICE,bounded,NICE_bounded,0,classifier_target_not_met,0.0,0.005256175994873047,0.05357142857142857,1.0,"{""nevents"": 48.0, ""ndays_act"": 8.0, ""nchapters"": 12.0}"
HarvardX,1,aligned,0,2035,NICE,bounded+edit,NICE_bounded+edit,0,classifier_target_not_met,0.0,0.005256175994873047,0.05357142857142857,1.0,"{""nevents"": 48.0, ""ndays_act"": 8.0, ""nchapters"": 12.0}"
HarvardX,1,aligned,0,2035,MCCE,native,MCCE_native,0,out_of_bounds:nevents,0.0,0.02598428726196289,0.13480700650304175,2.0,"{""nevents"": 17.0, ""ndays_act"": 10.0, ""nchapters"": 12.0}"
HarvardX,1,aligned,0,2035,MCCE,bounded,MCCE_bounded,1,OK,0.0,0.02598428726196289,0.14873085798195929,2.0,"{""nevents"": 52.0, ""ndays_act"": 13.0, ""nchapters"": 12.0}"
HarvardX,1,aligned,0,2035,MCCE,bounded+edit,MCCE_bounded+edit,1,OK,0.0,0.02598428726196289,0.14873085798195929,2.0,"{""nevents"": 52.0, ""ndays_act"": 13.0, ""nchapters"": 12.0}"
HarvardX,1,aligned,0,2079,NICE,native,NICE_native,1,OK,0.0,0.004642486572265625,0.14898018844588365,2.0,"{""nevents"": 13.0, ""ndays_act"": 8.0, ""nchapters"": 12.0}"
HarvardX,1,aligned,0,2079,NICE,bounded,NICE_bounded,1,OK,0.0,0.004642486572265625,0.14898018844588365,2.0,"{""nevents"": 13.0, ""ndays_act"": 8.0, ""nchapters"": 12.0}"
HarvardX,1,aligned,0,2079,NICE,bounded+edit,NICE_bounded+edit,1,OK,0.0,0.004642486572265625,0.14898018844588365,2.0,"{""nevents"": 13.0, ""ndays_act"": 8.0, ""nchapters"": 12.0}"
HarvardX,1,aligned,0,2079,MCCE,native,MCCE_native,1,OK,0.0,0.026341676712036133,0.1872540421417167,2.0,"{""nevents"": 17.0, ""ndays_act"": 10.0, ""nchapters"": 12.0}"
HarvardX,1,aligned,0,2079,MCCE,bounded,MCCE_bounded,1,OK,0.0,0.026341676712036133,0.1872540421417167,2.0,"{""nevents"": 17.0, ""ndays_act"": 10.0, ""nchapters"": 12.0}"
HarvardX,1,aligned,0,2079,MCCE,bounded+edit,MCCE_bounded+edit,1,OK,0.0,0.026341676712036133,0.1872540421417167,2.0,"{""nevents"": 17.0, ""ndays_act"": 10.0, ""nchapters"": 12.0}"
HarvardX,1,aligned,0,2088,NICE,native,NICE_native,0,out_of_bounds:nevents;out_of_bounds:ndays_act,0.0,0.005743980407714844,0.6707793966311,3.0,"{""nevents"": 76.0, ""ndays_act"": 18.0, ""nchapters"": 8.0}"
HarvardX,1,aligned,0,2088,NICE,bounded,NICE_bounded,0,classifier_target_not_met,0.0,0.005743980407714844,0.2,1.0,"{""nevents"": 230.0, ""ndays_act"": 24.0, ""nchapters"": 8.0}"
HarvardX,1,aligned,0,2088,NICE,bounded+edit,NICE_bounded+edit,0,classifier_target_not_met,0.0,0.005743980407714844,0.2,1.0,"{""nevents"": 230.0, ""ndays_act"": 24.0, ""nchapters"": 8.0}"
HarvardX,1,aligned,0,2088,MCCE,native,MCCE_native,0,out_of_bounds:nevents,0.0,0.052147626876831055,1.1362725450901803,2.0,"{""nevents"": 162.0, ""ndays_act"": 24.0, ""nchapters"": 12.0}"
HarvardX,1,aligned,0,2088,MCCE,bounded,MCCE_bounded,1,OK,0.0,0.052147626876831055,1.176721009586741,3.0,"{""nevents"": 302.0, ""ndays_act"": 40.0, ""nchapters"": 10.0}"
HarvardX,1,aligned,0,2088,MCCE,bounded+edit,MCCE_bounded+edit,1,OK,0.0,0.052147626876831055,1.176721009586741,3.0,"{""nevents"": 302.0, ""ndays_act"": 40.0, ""nchapters"": 10.0}"
HarvardX,1,aligned,0,2099,NICE,native,NICE_native,1,OK,0.0,0.004610538482666016,0.14898018844588365,2.0,"{""nevents"": 13.0, ""ndays_act"": 8.0, ""nchapters"": 12.0}"
HarvardX,1,aligned,0,2099,NICE,bounded,NICE_bounded,1,OK,0.0,0.004610538482666016,0.14898018844588365,2.0,"{""nevents"": 13.0, ""ndays_act"": 8.0, ""nchapters"": 12.0}"
HarvardX,1,aligned,0,2099,NICE,bounded+edit,NICE_bounded+edit,1,OK,0.0,0.004610538482666016,0.14898018844588365,2.0,"{""nevents"": 13.0, ""ndays_act"": 8.0, ""nchapters"": 12.0}"
HarvardX,1,aligned,0,2099,MCCE,native,MCCE_native,1,OK,0.0,0.02852797508239746,0.1872540421417167,2.0,"{""nevents"": 17.0, ""ndays_act"": 10.0, ""nchapters"": 12.0}"
HarvardX,1,aligned,0,2099,MCCE,bounded,MCCE_bounded,1,OK,0.0,0.02852797508239746,0.1872540421417167,2.0,"{""nevents"": 17.0, ""ndays_act"": 10.0, ""nchapters"": 12.0}"
HarvardX,1,aligned,0,2099,MCCE,bounded+edit,MCCE_bounded+edit,1,OK,0.0,0.02852797508239746,0.1872540421417167,2.0,"{""nevents"": 17.0, ""ndays_act"": 10.0, ""nchapters"": 12.0}"
HarvardX,1,aligned,0,2108,NICE,native,NICE_native,1,OK,0.0,0.005893230438232422,0.07256513376464416,2.0,"{""nevents"": 434.0, ""ndays_act"": 25.0, ""nchapters"": 12.0}"
HarvardX,1,aligned,0,2108,NICE,bounded,NICE_bounded,1,OK,0.0,0.005893230438232422,0.07256513376464416,2.0,"{""nevents"": 434.0, ""ndays_act"": 25.0, ""nchapters"": 12.0}"
HarvardX,1,aligned,0,2108,NICE,bounded+edit,NICE_bounded+edit,1,OK,0.0,0.005893230438232422,0.07256513376464416,2.0,"{""nevents"": 434.0, ""ndays_act"": 25.0, ""nchapters"": 12.0}"
HarvardX,1,aligned,0,2108,MCCE,native,MCCE_native,1,OK,0.0,0.029314756393432617,0.6511627906976745,1.0,"{""nevents"": 624.0, ""ndays_act"": 23.0, ""nchapters"": 12.0}"
HarvardX,1,aligned,0,2108,MCCE,bounded,MCCE_bounded,1,OK,0.0,0.029314756393432617,0.6511627906976745,1.0,"{""nevents"": 624.0, ""ndays_act"": 23.0, ""nchapters"": 12.0}"
HarvardX,1,aligned,0,2108,MCCE,bounded+edit,MCCE_bounded+edit,1,OK,0.0,0.029314756393432617,0.6511627906976745,1.0,"{""nevents"": 624.0, ""ndays_act"": 23.0, ""nchapters"": 12.0}"
HarvardX,1,aligned,0,2173,NICE,native,NICE_native,0,out_of_bounds:nevents,0.0,0.004897117614746094,0.04585798816568047,1.0,"{""nevents"": 22.0, ""ndays_act"": 10.0, ""nchapters"": 12.0}"
HarvardX,1,aligned,0,2173,NICE,bounded,NICE_bounded,0,classifier_target_not_met,0.0,0.004897117614746094,0.0,0.0,"{""nevents"": 53.0, ""ndays_act"": 10.0, ""nchapters"": 12.0}"
HarvardX,1,aligned,0,2173,NICE,bounded+edit,NICE_bounded+edit,0,classifier_target_not_met,0.0,0.004897117614746094,0.0,0.0,"{""nevents"": 53.0, ""ndays_act"": 10.0, ""nchapters"": 12.0}"
HarvardX,1,aligned,0,2173,MCCE,native,MCCE_native,0,out_of_bounds:nevents,0.0,0.02963423728942871,0.05325443786982249,1.0,"{""nevents"": 17.0, ""ndays_act"": 10.0, ""nchapters"": 12.0}"
HarvardX,1,aligned,0,2173,MCCE,bounded,MCCE_bounded,1,OK,0.0,0.02963423728942871,0.09174498201647523,2.0,"{""nevents"": 62.0, ""ndays_act"": 14.0, ""nchapters"": 12.0}"
HarvardX,1,aligned,0,2173,MCCE,bounded+edit,MCCE_bounded+edit,1,OK,0.0,0.02963423728942871,0.09174498201647523,2.0,"{""nevents"": 62.0, ""ndays_act"": 14.0, ""nchapters"": 12.0}"
HarvardX,1,aligned,0,2187,NICE,native,NICE_native,0,out_of_bounds:nevents,0.0,0.00573420524597168,0.041402172379743266,2.0,"{""nevents"": 307.0, ""ndays_act"": 28.0, ""nchapters"": 12.0}"
HarvardX,1,aligned,0,2187,NICE,bounded,NICE_bounded,0,classifier_target_not_met,0.0,0.00573420524597168,0.029411764705882353,1.0,"{""nevents"": 312.0, ""ndays_act"": 28.0, ""nchapters"": 12.0}"
HarvardX,1,aligned,0,2187,NICE,bounded+edit,NICE_bounded+edit,0,classifier_target_not_met,0.0,0.00573420524597168,0.029411764705882353,1.0,"{""nevents"": 312.0, ""ndays_act"": 28.0, ""nchapters"": 12.0}"
HarvardX,1,aligned,0,2187,MCCE,native,MCCE_native,0,out_of_bounds:nevents,0.0,0.02903008460998535,0.1366906474820144,1.0,"{""nevents"": 255.0, ""ndays_act"": 27.0, ""nchapters"": 12.0}"
HarvardX,1,aligned,0,2187,MCCE,bounded,MCCE_bounded,1,OK,0.0,0.02903008460998535,0.23529411764705882,1.0,"{""nevents"": 312.0, ""ndays_act"": 35.0, ""nchapters"": 12.0}"
HarvardX,1,aligned,0,2187,MCCE,bounded+edit,MCCE_bounded+edit,1,OK,0.0,0.02903008460998535,0.23529411764705882,1.0,"{""nevents"": 312.0, ""ndays_act"": 35.0, ""nchapters"": 12.0}"
HarvardX,1,aligned,0,2201,NICE,native,NICE_native,1,OK,0.0,0.006225109100341797,0.14898018844588365,2.0,"{""nevents"": 13.0, ""ndays_act"": 8.0, ""nchapters"": 12.0}"
HarvardX,1,aligned,0,2201,NICE,bounded,NICE_bounded,1,OK,0.0,0.006225109100341797,0.14898018844588365,2.0,"{""nevents"": 13.0, ""ndays_act"": 8.0, ""nchapters"": 12.0}"
HarvardX,1,aligned,0,2201,NICE,bounded+edit,NICE_bounded+edit,1,OK,0.0,0.006225109100341797,0.14898018844588365,2.0,"{""nevents"": 13.0, ""ndays_act"": 8.0, ""nchapters"": 12.0}"
HarvardX,1,aligned,0,2201,MCCE,native,MCCE_native,1,OK,0.0,0.03292441368103027,0.1872540421417167,2.0,"{""nevents"": 17.0, ""ndays_act"": 10.0, ""nchapters"": 12.0}"
HarvardX,1,aligned,0,2201,MCCE,bounded,MCCE_bounded,1,OK,0.0,0.03292441368103027,0.1872540421417167,2.0,"{""nevents"": 17.0, ""ndays_act"": 10.0, ""nchapters"": 12.0}"
HarvardX,1,aligned,0,2201,MCCE,bounded+edit,MCCE_bounded+edit,1,OK,0.0,0.03292441368103027,0.1872540421417167,2.0,"{""nevents"": 17.0, ""ndays_act"": 10.0, ""nchapters"": 12.0}"
HarvardX,1,aligned,0,2228,NICE,native,NICE_native,0,out_of_bounds:nevents,0.0,0.004787445068359375,0.14785605795069517,2.0,"{""nevents"": 13.0, ""ndays_act"": 8.0, ""nchapters"": 12.0}"
HarvardX,1,aligned,0,2228,NICE,bounded,NICE_bounded,0,classifier_target_not_met,0.0,0.004787445068359375,0.018518518518518517,1.0,"{""nevents"": 95.0, ""ndays_act"": 8.0, ""nchapters"": 12.0}"
HarvardX,1,aligned,0,2228,NICE,bounded+edit,NICE_bounded+edit,0,classifier_target_not_met,0.0,0.004787445068359375,0.018518518518518517,1.0,"{""nevents"": 95.0, ""ndays_act"": 8.0, ""nchapters"": 12.0}"
HarvardX,1,aligned,0,2228,MCCE,native,MCCE_native,0,out_of_bounds:nevents,0.0,0.026274681091308594,0.17858394672274797,2.0,"{""nevents"": 17.0, ""ndays_act"": 10.0, ""nchapters"": 12.0}"
HarvardX,1,aligned,0,2228,MCCE,bounded,MCCE_bounded,1,OK,0.0,0.026274681091308594,0.22537679635471433,2.0,"{""nevents"": 97.0, ""ndays_act"": 19.0, ""nchapters"": 12.0}"
HarvardX,1,aligned,0,2228,MCCE,bounded+edit,MCCE_bounded+edit,1,OK,0.0,0.026274681091308594,0.22537679635471433,2.0,"{""nevents"": 97.0, ""ndays_act"": 19.0, ""nchapters"": 12.0}"
HarvardX,1,aligned,0,2269,NICE,native,NICE_native,1,OK,0.0,0.005799770355224609,0.7326677010951449,3.0,"{""nevents"": 76.0, ""ndays_act"": 18.0, ""nchapters"": 8.0}"
HarvardX,1,aligned,0,2269,NICE,bounded,NICE_bounded,1,OK,0.0,0.005799770355224609,0.7326677010951449,3.0,"{""nevents"": 76.0, ""ndays_act"": 18.0, ""nchapters"": 8.0}"
HarvardX,1,aligned,0,2269,NICE,bounded+edit,NICE_bounded+edit,1,OK,0.0,0.005799770355224609,0.7326677010951449,3.0,"{""nevents"": 76.0, ""ndays_act"": 18.0, ""nchapters"": 8.0}"
HarvardX,1,aligned,0,2269,MCCE,native,MCCE_native,1,OK,0.0,0.04171395301818848,0.7339719804807844,3.0,"{""nevents"": 65.0, ""ndays_act"": 19.0, ""nchapters"": 8.0}"
HarvardX,1,aligned,0,2269,MCCE,bounded,MCCE_bounded,1,OK,0.0,0.04171395301818848,0.7339719804807844,3.0,"{""nevents"": 65.0, ""ndays_act"": 19.0, ""nchapters"": 8.0}"
HarvardX,1,aligned,0,2269,MCCE,bounded+edit,MCCE_bounded+edit,1,OK,0.0,0.04171395301818848,0.7339719804807844,3.0,"{""nevents"": 65.0, ""ndays_act"": 19.0, ""nchapters"": 8.0}"
HarvardX,1,aligned,0,2280,NICE,native,NICE_native,1,OK,0.0,0.013974666595458984,0.13315018315018315,2.0,"{""nevents"": 13.0, ""ndays_act"": 8.0, ""nchapters"": 12.0}"
HarvardX,1,aligned,0,2280,NICE,bounded,NICE_bounded,1,OK,0.0,0.013974666595458984,0.13315018315018315,2.0,"{""nevents"": 13.0, ""ndays_act"": 8.0, ""nchapters"": 12.0}"
HarvardX,1,aligned,0,2280,NICE,bounded+edit,NICE_bounded+edit,1,OK,0.0,0.013974666595458984,0.13315018315018315,2.0,"{""nevents"": 13.0, ""ndays_act"": 8.0, ""nchapters"": 12.0}"
HarvardX,1,aligned,0,2280,MCCE,native,MCCE_native,1,OK,0.0,0.04484677314758301,0.17197802197802198,2.0,"{""nevents"": 17.0, ""ndays_act"": 10.0, ""nchapters"": 12.0}"
HarvardX,1,aligned,0,2280,MCCE,bounded,MCCE_bounded,1,OK,0.0,0.04484677314758301,0.17197802197802198,2.0,"{""nevents"": 17.0, ""ndays_act"": 10.0, ""nchapters"": 12.0}"
HarvardX,1,aligned,0,2280,MCCE,bounded+edit,MCCE_bounded+edit,1,OK,0.0,0.04484677314758301,0.17197802197802198,2.0,"{""nevents"": 17.0, ""ndays_act"": 10.0, ""nchapters"": 12.0}"
HarvardX,1,aligned,0,2298,NICE,native,NICE_native,0,out_of_bounds:nevents,0.0,0.0037038326263427734,0.41648106904231624,1.0,"{""nevents"": 93.0, ""ndays_act"": 23.0, ""nchapters"": 10.0}"
HarvardX,1,aligned,0,2298,NICE,bounded,NICE_bounded,0,classifier_target_not_met,0.0,0.0037038326263427734,0.0,0.0,"{""nevents"": 280.0, ""ndays_act"": 23.0, ""nchapters"": 10.0}"
HarvardX,1,aligned,0,2298,NICE,bounded+edit,NICE_bounded+edit,0,classifier_target_not_met,0.0,0.0037038326263427734,0.0,0.0,"{""nevents"": 280.0, ""ndays_act"": 23.0, ""nchapters"": 10.0}"
HarvardX,1,aligned,0,2298,MCCE,native,MCCE_native,0,out_of_bounds:nevents,0.0,0.04306530952453613,0.44742703082874224,2.0,"{""nevents"": 150.0, ""ndays_act"": 29.0, ""nchapters"": 10.0}"
HarvardX,1,aligned,0,2298,MCCE,bounded,MCCE_bounded,1,OK,0.0,0.04306530952453613,0.4963661938811394,2.0,"{""nevents"": 302.0, ""ndays_act"": 40.0, ""nchapters"": 10.0}"
HarvardX,1,aligned,0,2298,MCCE,bounded+edit,MCCE_bounded+edit,1,OK,0.0,0.04306530952453613,0.4963661938811394,2.0,"{""nevents"": 302.0, ""ndays_act"": 40.0, ""nchapters"": 10.0}"
HarvardX,1,aligned,0,2339,NICE,native,NICE_native,0,out_of_bounds:nevents,0.0,0.009618759155273438,0.08161911081619111,2.0,"{""nevents"": 13.0, ""ndays_act"": 8.0, ""nchapters"": 12.0}"
HarvardX,1,aligned,0,2339,NICE,bounded,NICE_bounded,0,classifier_target_not_met,0.0,0.009618759155273438,0.03636363636363636,1.0,"{""nevents"": 44.0, ""ndays_act"": 8.0, ""nchapters"": 12.0}"
HarvardX,1,aligned,0,2339,NICE,bounded+edit,NICE_bounded+edit,0,classifier_target_not_met,0.0,0.009618759155273438,0.03636363636363636,1.0,"{""nevents"": 44.0, ""ndays_act"": 8.0, ""nchapters"": 12.0}"
HarvardX,1,aligned,0,2339,MCCE,native,MCCE_native,1,OK,0.0,0.039640188217163086,0.2,1.0,"{""nevents"": 44.0, ""ndays_act"": 17.0, ""nchapters"": 12.0}"
HarvardX,1,aligned,0,2339,MCCE,bounded,MCCE_bounded,1,OK,0.0,0.039640188217163086,0.2,1.0,"{""nevents"": 44.0, ""ndays_act"": 17.0, ""nchapters"": 12.0}"
HarvardX,1,aligned,0,2339,MCCE,bounded+edit,MCCE_bounded+edit,1,OK,0.0,0.039640188217163086,0.2,1.0,"{""nevents"": 44.0, ""ndays_act"": 17.0, ""nchapters"": 12.0}"
HarvardX,1,aligned,0,2354,NICE,native,NICE_native,0,out_of_bounds:nevents,0.0,0.004897117614746094,0.08374151174440611,2.0,"{""nevents"": 20.0, ""ndays_act"": 12.0, ""nchapters"": 9.0}"
HarvardX,1,aligned,0,2354,NICE,bounded,NICE_bounded,0,classifier_target_not_met,0.0,0.004897117614746094,0.057692307692307696,1.0,"{""nevents"": 38.0, ""ndays_act"": 12.0, ""nchapters"": 9.0}"
HarvardX,1,aligned,0,2354,NICE,bounded+edit,NICE_bounded+edit,0,classifier_target_not_met,0.0,0.004897117614746094,0.057692307692307696,1.0,"{""nevents"": 38.0, ""ndays_act"": 12.0, ""nchapters"": 9.0}"
HarvardX,1,aligned,0,2354,MCCE,native,MCCE_native,1,OK,0.0,0.05103898048400879,0.27129021485027277,2.0,"{""nevents"": 66.0, ""ndays_act"": 21.0, ""nchapters"": 9.0}"
HarvardX,1,aligned,0,2354,MCCE,bounded,MCCE_bounded,1,OK,0.0,0.05103898048400879,0.27129021485027277,2.0,"{""nevents"": 66.0, ""ndays_act"": 21.0, ""nchapters"": 9.0}"
HarvardX,1,aligned,0,2354,MCCE,bounded+edit,MCCE_bounded+edit,1,OK,0.0,0.05103898048400879,0.27129021485027277,2.0,"{""nevents"": 66.0, ""ndays_act"": 21.0, ""nchapters"": 9.0}"
HarvardX,1,aligned,0,2374,NICE,native,NICE_native,1,OK,0.0,0.004827022552490234,0.2241561537250669,2.0,"{""nevents"": 20.0, ""ndays_act"": 12.0, ""nchapters"": 9.0}"
HarvardX,1,aligned,0,2374,NICE,bounded,NICE_bounded,1,OK,0.0,0.004827022552490234,0.2241561537250669,2.0,"{""nevents"": 20.0, ""ndays_act"": 12.0, ""nchapters"": 9.0}"
HarvardX,1,aligned,0,2374,NICE,bounded+edit,NICE_bounded+edit,1,OK,0.0,0.004827022552490234,0.2241561537250669,2.0,"{""nevents"": 20.0, ""ndays_act"": 12.0, ""nchapters"": 9.0}"
HarvardX,1,aligned,0,2374,MCCE,native,MCCE_native,1,OK,0.0,0.04273581504821777,0.4347972745058355,2.0,"{""nevents"": 66.0, ""ndays_act"": 21.0, ""nchapters"": 9.0}"
HarvardX,1,aligned,0,2374,MCCE,bounded,MCCE_bounded,1,OK,0.0,0.04273581504821777,0.4347972745058355,2.0,"{""nevents"": 66.0, ""ndays_act"": 21.0, ""nchapters"": 9.0}"
HarvardX,1,aligned,0,2374,MCCE,bounded+edit,MCCE_bounded+edit,1,OK,0.0,0.04273581504821777,0.4347972745058355,2.0,"{""nevents"": 66.0, ""ndays_act"": 21.0, ""nchapters"": 9.0}"
HarvardX,1,aligned,0,2410,NICE,native,NICE_native,1,OK,0.0,0.006045341491699219,0.5579310344827586,3.0,"{""nevents"": 76.0, ""ndays_act"": 18.0, ""nchapters"": 8.0}"
HarvardX,1,aligned,0,2410,NICE,bounded,NICE_bounded,1,OK,0.0,0.006045341491699219,0.5579310344827586,3.0,"{""nevents"": 76.0, ""ndays_act"": 18.0, ""nchapters"": 8.0}"
HarvardX,1,aligned,0,2410,NICE,bounded+edit,NICE_bounded+edit,1,OK,0.0,0.006045341491699219,0.5579310344827586,3.0,"{""nevents"": 76.0, ""ndays_act"": 18.0, ""nchapters"": 8.0}"
HarvardX,1,aligned,0,2410,MCCE,native,MCCE_native,1,OK,0.0,0.06882071495056152,0.56,3.0,"{""nevents"": 65.0, ""ndays_act"": 19.0, ""nchapters"": 8.0}"
HarvardX,1,aligned,0,2410,MCCE,bounded,MCCE_bounded,1,OK,0.0,0.06882071495056152,0.56,3.0,"{""nevents"": 65.0, ""ndays_act"": 19.0, ""nchapters"": 8.0}"
HarvardX,1,aligned,0,2410,MCCE,bounded+edit,MCCE_bounded+edit,1,OK,0.0,0.06882071495056152,0.56,3.0,"{""nevents"": 65.0, ""ndays_act"": 19.0, ""nchapters"": 8.0}"
HarvardX,1,aligned,0,2442,NICE,native,NICE_native,0,out_of_bounds:nevents,0.0,0.0048749446868896484,0.24329955758527186,2.0,"{""nevents"": 76.0, ""ndays_act"": 18.0, ""nchapters"": 8.0}"
HarvardX,1,aligned,0,2442,NICE,bounded,NICE_bounded,0,classifier_target_not_met,0.0,0.0048749446868896484,0.21818181818181817,1.0,"{""nevents"": 92.0, ""ndays_act"": 18.0, ""nchapters"": 8.0}"
HarvardX,1,aligned,0,2442,NICE,bounded+edit,NICE_bounded+edit,0,classifier_target_not_met,0.0,0.0048749446868896484,0.21818181818181817,1.0,"{""nevents"": 92.0, ""ndays_act"": 18.0, ""nchapters"": 8.0}"
HarvardX,1,aligned,0,2442,MCCE,native,MCCE_native,0,out_of_bounds:nevents,0.0,0.04427313804626465,0.2787498216069645,2.0,"{""nevents"": 65.0, ""ndays_act"": 19.0, ""nchapters"": 8.0}"
HarvardX,1,aligned,0,2442,MCCE,bounded,MCCE_bounded,1,OK,0.0,0.04427313804626465,1.0092336235193378,3.0,"{""nevents"": 150.0, ""ndays_act"": 29.0, ""nchapters"": 10.0}"
HarvardX,1,aligned,0,2442,MCCE,bounded+edit,MCCE_bounded+edit,1,OK,0.0,0.04427313804626465,1.0092336235193378,3.0,"{""nevents"": 150.0, ""ndays_act"": 29.0, ""nchapters"": 10.0}"
HarvardX,1,aligned,0,2471,NICE,native,NICE_native,1,OK,0.0,0.007863998413085938,0.5993343677618116,3.0,"{""nevents"": 76.0, ""ndays_act"": 18.0, ""nchapters"": 8.0}"
HarvardX,1,aligned,0,2471,NICE,bounded,NICE_bounded,1,OK,0.0,0.007863998413085938,0.5993343677618116,3.0,"{""nevents"": 76.0, ""ndays_act"": 18.0, ""nchapters"": 8.0}"
HarvardX,1,aligned,0,2471,NICE,bounded+edit,NICE_bounded+edit,1,OK,0.0,0.007863998413085938,0.5993343677618116,3.0,"{""nevents"": 76.0, ""ndays_act"": 18.0, ""nchapters"": 8.0}"
HarvardX,1,aligned,0,2471,MCCE,native,MCCE_native,1,OK,0.0,0.05998849868774414,0.6006386471474511,3.0,"{""nevents"": 65.0, ""ndays_act"": 19.0, ""nchapters"": 8.0}"
HarvardX,1,aligned,0,2471,MCCE,bounded,MCCE_bounded,1,OK,0.0,0.05998849868774414,0.6006386471474511,3.0,"{""nevents"": 65.0, ""ndays_act"": 19.0, ""nchapters"": 8.0}"
HarvardX,1,aligned,0,2471,MCCE,bounded+edit,MCCE_bounded+edit,1,OK,0.0,0.05998849868774414,0.6006386471474511,3.0,"{""nevents"": 65.0, ""ndays_act"": 19.0, ""nchapters"": 8.0}"
HarvardX,1,aligned,0,2523,NICE,native,NICE_native,1,OK,0.0,0.003717660903930664,0.08620689655172414,1.0,"{""nevents"": 12.0, ""ndays_act"": 8.0, ""nchapters"": 12.0}"
HarvardX,1,aligned,0,2523,NICE,bounded,NICE_bounded,1,OK,0.0,0.003717660903930664,0.08620689655172414,1.0,"{""nevents"": 12.0, ""ndays_act"": 8.0, ""nchapters"": 12.0}"
HarvardX,1,aligned,0,2523,NICE,bounded+edit,NICE_bounded+edit,1,OK,0.0,0.003717660903930664,0.08620689655172414,1.0,"{""nevents"": 12.0, ""ndays_act"": 8.0, ""nchapters"": 12.0}"
HarvardX,1,aligned,0,2523,MCCE,native,MCCE_native,1,OK,0.0,0.02563929557800293,0.12766315586976387,2.0,"{""nevents"": 17.0, ""ndays_act"": 10.0, ""nchapters"": 12.0}"
HarvardX,1,aligned,0,2523,MCCE,bounded,MCCE_bounded,1,OK,0.0,0.02563929557800293,0.12766315586976387,2.0,"{""nevents"": 17.0, ""ndays_act"": 10.0, ""nchapters"": 12.0}"
HarvardX,1,aligned,0,2523,MCCE,bounded+edit,MCCE_bounded+edit,1,OK,0.0,0.02563929557800293,0.12766315586976387,2.0,"{""nevents"": 17.0, ""ndays_act"": 10.0, ""nchapters"": 12.0}"
HarvardX,1,aligned,0,2609,NICE,native,NICE_native,0,out_of_bounds:nevents,0.0,0.004687309265136719,0.10590248888677586,2.0,"{""nevents"": 13.0, ""ndays_act"": 8.0, ""nchapters"": 12.0}"
HarvardX,1,aligned,0,2609,NICE,bounded,NICE_bounded,0,classifier_target_not_met,0.0,0.004687309265136719,0.1016949152542373,1.0,"{""nevents"": 16.0, ""ndays_act"": 8.0, ""nchapters"": 12.0}"
HarvardX,1,aligned,0,2609,NICE,bounded+edit,NICE_bounded+edit,0,classifier_target_not_met,0.0,0.004687309265136719,0.1016949152542373,1.0,"{""nevents"": 16.0, ""ndays_act"": 8.0, ""nchapters"": 12.0}"
HarvardX,1,aligned,0,2609,MCCE,native,MCCE_native,1,OK,0.0,0.025755643844604492,0.13699574488316257,2.0,"{""nevents"": 17.0, ""ndays_act"": 10.0, ""nchapters"": 12.0}"
HarvardX,1,aligned,0,2609,MCCE,bounded,MCCE_bounded,1,OK,0.0,0.025755643844604492,0.13699574488316257,2.0,"{""nevents"": 17.0, ""ndays_act"": 10.0, ""nchapters"": 12.0}"
HarvardX,1,aligned,0,2609,MCCE,bounded+edit,MCCE_bounded+edit,1,OK,0.0,0.025755643844604492,0.13699574488316257,2.0,"{""nevents"": 17.0, ""ndays_act"": 10.0, ""nchapters"": 12.0}"
HarvardX,1,aligned,0,2616,NICE,native,NICE_native,0,out_of_bounds:nevents,0.0,0.004520893096923828,0.06683477034867957,2.0,"{""nevents"": 13.0, ""ndays_act"": 8.0, ""nchapters"": 12.0}"
HarvardX,1,aligned,0,2616,NICE,bounded,NICE_bounded,0,classifier_target_not_met,0.0,0.004520893096923828,0.018518518518518517,1.0,"{""nevents"": 46.0, ""ndays_act"": 8.0, ""nchapters"": 12.0}"
HarvardX,1,aligned,0,2616,NICE,bounded+edit,NICE_bounded+edit,0,classifier_target_not_met,0.0,0.004520893096923828,0.018518518518518517,1.0,"{""nevents"": 46.0, ""ndays_act"": 8.0, ""nchapters"": 12.0}"
HarvardX,1,aligned,0,2616,MCCE,native,MCCE_native,1,OK,0.0,0.027621984481811523,0.2222222222222222,1.0,"{""nevents"": 46.0, ""ndays_act"": 19.0, ""nchapters"": 12.0}"
HarvardX,1,aligned,0,2616,MCCE,bounded,MCCE_bounded,1,OK,0.0,0.027621984481811523,0.2222222222222222,1.0,"{""nevents"": 46.0, ""ndays_act"": 19.0, ""nchapters"": 12.0}"
HarvardX,1,aligned,0,2616,MCCE,bounded+edit,MCCE_bounded+edit,1,OK,0.0,0.027621984481811523,0.2222222222222222,1.0,"{""nevents"": 46.0, ""ndays_act"": 19.0, ""nchapters"": 12.0}"
HarvardX,1,aligned,0,2656,NICE,native,NICE_native,0,out_of_bounds:nevents,0.0,0.004534244537353516,0.1065126050420168,2.0,"{""nevents"": 13.0, ""ndays_act"": 8.0, ""nchapters"": 12.0}"
HarvardX,1,aligned,0,2656,NICE,bounded,NICE_bounded,0,classifier_target_not_met,0.0,0.004534244537353516,0.05357142857142857,1.0,"{""nevents"": 49.0, ""ndays_act"": 8.0, ""nchapters"": 12.0}"
HarvardX,1,aligned,0,2656,NICE,bounded+edit,NICE_bounded+edit,0,classifier_target_not_met,0.0,0.004534244537353516,0.05357142857142857,1.0,"{""nevents"": 49.0, ""ndays_act"": 8.0, ""nchapters"": 12.0}"
HarvardX,1,aligned,0,2656,MCCE,native,MCCE_native,0,out_of_bounds:nevents,0.0,0.027070999145507812,0.13634453781512607,2.0,"{""nevents"": 17.0, ""ndays_act"": 10.0, ""nchapters"": 12.0}"
HarvardX,1,aligned,0,2656,MCCE,bounded,MCCE_bounded,1,OK,0.0,0.027070999145507812,0.14726890756302521,2.0,"{""nevents"": 52.0, ""ndays_act"": 13.0, ""nchapters"": 12.0}"
HarvardX,1,aligned,0,2656,MCCE,bounded+edit,MCCE_bounded+edit,1,OK,0.0,0.027070999145507812,0.14726890756302521,2.0,"{""nevents"": 52.0, ""ndays_act"": 13.0, ""nchapters"": 12.0}"
HarvardX,1,aligned,0,2743,NICE,native,NICE_native,0,out_of_bounds:nevents,0.0,0.006155729293823242,0.4599188790560472,3.0,"{""nevents"": 76.0, ""ndays_act"": 18.0, ""nchapters"": 8.0}"
HarvardX,1,aligned,0,2743,NICE,bounded,NICE_bounded,0,classifier_target_not_met,0.0,0.006155729293823242,0.3041666666666667,2.0,"{""nevents"": 164.0, ""ndays_act"": 18.0, ""nchapters"": 8.0}"
HarvardX,1,aligned,0,2743,NICE,bounded+edit,NICE_bounded+edit,0,classifier_target_not_met,0.0,0.006155729293823242,0.3041666666666667,2.0,"{""nevents"": 164.0, ""ndays_act"": 18.0, ""nchapters"": 8.0}"
HarvardX,1,aligned,0,2743,MCCE,native,MCCE_native,0,out_of_bounds:nevents,0.0,0.041497230529785156,0.5002212389380531,3.0,"{""nevents"": 65.0, ""ndays_act"": 19.0, ""nchapters"": 8.0}"
HarvardX,1,aligned,0,2743,MCCE,bounded,MCCE_bounded,1,OK,0.0,0.041497230529785156,1.4067477876106196,3.0,"{""nevents"": 302.0, ""ndays_act"": 40.0, ""nchapters"": 10.0}"
HarvardX,1,aligned,0,2743,MCCE,bounded+edit,MCCE_bounded+edit,1,OK,0.0,0.041497230529785156,1.4067477876106196,3.0,"{""nevents"": 302.0, ""ndays_act"": 40.0, ""nchapters"": 10.0}"
HarvardX,1,aligned,0,2749,NICE,native,NICE_native,1,OK,0.0,0.0048253536224365234,0.3993343677618116,2.0,"{""nevents"": 76.0, ""ndays_act"": 18.0, ""nchapters"": 8.0}"
HarvardX,1,aligned,0,2749,NICE,bounded,NICE_bounded,1,OK,0.0,0.0048253536224365234,0.3993343677618116,2.0,"{""nevents"": 76.0, ""ndays_act"": 18.0, ""nchapters"": 8.0}"
HarvardX,1,aligned,0,2749,NICE,bounded+edit,NICE_bounded+edit,1,OK,0.0,0.0048253536224365234,0.3993343677618116,2.0,"{""nevents"": 76.0, ""ndays_act"": 18.0, ""nchapters"": 8.0}"
HarvardX,1,aligned,0,2749,MCCE,native,MCCE_native,1,OK,0.0,0.04095602035522461,0.40063864714745107,2.0,"{""nevents"": 65.0, ""ndays_act"": 19.0, ""nchapters"": 8.0}"
HarvardX,1,aligned,0,2749,MCCE,bounded,MCCE_bounded,1,OK,0.0,0.04095602035522461,0.40063864714745107,2.0,"{""nevents"": 65.0, ""ndays_act"": 19.0, ""nchapters"": 8.0}"
HarvardX,1,aligned,0,2749,MCCE,bounded+edit,MCCE_bounded+edit,1,OK,0.0,0.04095602035522461,0.40063864714745107,2.0,"{""nevents"": 65.0, ""ndays_act"": 19.0, ""nchapters"": 8.0}"
HarvardX,1,aligned,0,2854,NICE,native,NICE_native,1,OK,0.0,0.008296728134155273,0.7326677010951449,3.0,"{""nevents"": 76.0, ""ndays_act"": 18.0, ""nchapters"": 8.0}"
HarvardX,1,aligned,0,2854,NICE,bounded,NICE_bounded,1,OK,0.0,0.008296728134155273,0.7326677010951449,3.0,"{""nevents"": 76.0, ""ndays_act"": 18.0, ""nchapters"": 8.0}"
HarvardX,1,aligned,0,2854,NICE,bounded+edit,NICE_bounded+edit,1,OK,0.0,0.008296728134155273,0.7326677010951449,3.0,"{""nevents"": 76.0, ""ndays_act"": 18.0, ""nchapters"": 8.0}"
HarvardX,1,aligned,0,2854,MCCE,native,MCCE_native,1,OK,0.0,0.04069066047668457,0.7339719804807844,3.0,"{""nevents"": 65.0, ""ndays_act"": 19.0, ""nchapters"": 8.0}"
HarvardX,1,aligned,0,2854,MCCE,bounded,MCCE_bounded,1,OK,0.0,0.04069066047668457,0.7339719804807844,3.0,"{""nevents"": 65.0, ""ndays_act"": 19.0, ""nchapters"": 8.0}"
HarvardX,1,aligned,0,2854,MCCE,bounded+edit,MCCE_bounded+edit,1,OK,0.0,0.04069066047668457,0.7339719804807844,3.0,"{""nevents"": 65.0, ""ndays_act"": 19.0, ""nchapters"": 8.0}"
HarvardX,1,aligned,0,2860,NICE,native,NICE_native,1,OK,0.0,0.006206512451171875,0.7326677010951449,3.0,"{""nevents"": 76.0, ""ndays_act"": 18.0, ""nchapters"": 8.0}"
HarvardX,1,aligned,0,2860,NICE,bounded,NICE_bounded,1,OK,0.0,0.006206512451171875,0.7326677010951449,3.0,"{""nevents"": 76.0, ""ndays_act"": 18.0, ""nchapters"": 8.0}"
HarvardX,1,aligned,0,2860,NICE,bounded+edit,NICE_bounded+edit,1,OK,0.0,0.006206512451171875,0.7326677010951449,3.0,"{""nevents"": 76.0, ""ndays_act"": 18.0, ""nchapters"": 8.0}"
HarvardX,1,aligned,0,2860,MCCE,native,MCCE_native,1,OK,0.0,0.04095125198364258,0.7339719804807844,3.0,"{""nevents"": 65.0, ""ndays_act"": 19.0, ""nchapters"": 8.0}"
HarvardX,1,aligned,0,2860,MCCE,bounded,MCCE_bounded,1,OK,0.0,0.04095125198364258,0.7339719804807844,3.0,"{""nevents"": 65.0, ""ndays_act"": 19.0, ""nchapters"": 8.0}"
HarvardX,1,aligned,0,2860,MCCE,bounded+edit,MCCE_bounded+edit,1,OK,0.0,0.04095125198364258,0.7339719804807844,3.0,"{""nevents"": 65.0, ""ndays_act"": 19.0, ""nchapters"": 8.0}"
HarvardX,1,aligned,0,2884,NICE,native,NICE_native,1,OK,0.0,0.004982471466064453,0.14898018844588365,2.0,"{""nevents"": 13.0, ""ndays_act"": 8.0, ""nchapters"": 12.0}"
HarvardX,1,aligned,0,2884,NICE,bounded,NICE_bounded,1,OK,0.0,0.004982471466064453,0.14898018844588365,2.0,"{""nevents"": 13.0, ""ndays_act"": 8.0, ""nchapters"": 12.0}"
HarvardX,1,aligned,0,2884,NICE,bounded+edit,NICE_bounded+edit,1,OK,0.0,0.004982471466064453,0.14898018844588365,2.0,"{""nevents"": 13.0, ""ndays_act"": 8.0, ""nchapters"": 12.0}"
HarvardX,1,aligned,0,2884,MCCE,native,MCCE_native,1,OK,0.0,0.0260622501373291,0.1872540421417167,2.0,"{""nevents"": 17.0, ""ndays_act"": 10.0, ""nchapters"": 12.0}"
HarvardX,1,aligned,0,2884,MCCE,bounded,MCCE_bounded,1,OK,0.0,0.0260622501373291,0.1872540421417167,2.0,"{""nevents"": 17.0, ""ndays_act"": 10.0, ""nchapters"": 12.0}"
HarvardX,1,aligned,0,2884,MCCE,bounded+edit,MCCE_bounded+edit,1,OK,0.0,0.0260622501373291,0.1872540421417167,2.0,"{""nevents"": 17.0, ""ndays_act"": 10.0, ""nchapters"": 12.0}"
HarvardX,1,aligned,0,2921,NICE,native,NICE_native,1,OK,0.0,0.005678415298461914,0.5912210338680927,3.0,"{""nevents"": 76.0, ""ndays_act"": 18.0, ""nchapters"": 8.0}"
HarvardX,1,aligned,0,2921,NICE,bounded,NICE_bounded,1,OK,0.0,0.005678415298461914,0.5912210338680927,3.0,"{""nevents"": 76.0, ""ndays_act"": 18.0, ""nchapters"": 8.0}"
HarvardX,1,aligned,0,2921,NICE,bounded+edit,NICE_bounded+edit,1,OK,0.0,0.005678415298461914,0.5912210338680927,3.0,"{""nevents"": 76.0, ""ndays_act"": 18.0, ""nchapters"": 8.0}"
HarvardX,1,aligned,0,2921,MCCE,native,MCCE_native,1,OK,0.0,0.042784690856933594,1.290909090909091,2.0,"{""nevents"": 49.0, ""ndays_act"": 22.0, ""nchapters"": 12.0}"
HarvardX,1,aligned,0,2921,MCCE,bounded,MCCE_bounded,1,OK,0.0,0.042784690856933594,1.290909090909091,2.0,"{""nevents"": 49.0, ""ndays_act"": 22.0, ""nchapters"": 12.0}"
HarvardX,1,aligned,0,2921,MCCE,bounded+edit,MCCE_bounded+edit,1,OK,0.0,0.042784690856933594,1.290909090909091,2.0,"{""nevents"": 49.0, ""ndays_act"": 22.0, ""nchapters"": 12.0}"
HarvardX,1,aligned,0,2926,NICE,native,NICE_native,0,out_of_bounds:nevents,0.0,0.004761457443237305,0.07603196504541795,2.0,"{""nevents"": 22.0, ""ndays_act"": 10.0, ""nchapters"": 12.0}"
HarvardX,1,aligned,0,2926,NICE,bounded,NICE_bounded,0,classifier_target_not_met,0.0,0.004761457443237305,0.019230769230769232,1.0,"{""nevents"": 60.0, ""ndays_act"": 10.0, ""nchapters"": 12.0}"
HarvardX,1,aligned,0,2926,NICE,bounded+edit,NICE_bounded+edit,0,classifier_target_not_met,0.0,0.004761457443237305,0.019230769230769232,1.0,"{""nevents"": 60.0, ""ndays_act"": 10.0, ""nchapters"": 12.0}"
HarvardX,1,aligned,0,2926,MCCE,native,MCCE_native,0,out_of_bounds:nevents,0.0,0.02582240104675293,0.083505806599977,2.0,"{""nevents"": 17.0, ""ndays_act"": 10.0, ""nchapters"": 12.0}"
HarvardX,1,aligned,0,2926,MCCE,bounded,MCCE_bounded,1,OK,0.0,0.02582240104675293,0.09914338277566978,2.0,"{""nevents"": 62.0, ""ndays_act"": 14.0, ""nchapters"": 12.0}"
HarvardX,1,aligned,0,2926,MCCE,bounded+edit,MCCE_bounded+edit,1,OK,0.0,0.02582240104675293,0.09914338277566978,2.0,"{""nevents"": 62.0, ""ndays_act"": 14.0, ""nchapters"": 12.0}"
HarvardX,1,aligned,0,3016,NICE,native,NICE_native,1,OK,0.0,0.00478053092956543,0.3220585337012219,2.0,"{""nevents"": 76.0, ""ndays_act"": 18.0, ""nchapters"": 8.0}"
HarvardX,1,aligned,0,3016,NICE,bounded,NICE_bounded,1,OK,0.0,0.00478053092956543,0.3220585337012219,2.0,"{""nevents"": 76.0, ""ndays_act"": 18.0, ""nchapters"": 8.0}"
HarvardX,1,aligned,0,3016,NICE,bounded+edit,NICE_bounded+edit,1,OK,0.0,0.00478053092956543,0.3220585337012219,2.0,"{""nevents"": 76.0, ""ndays_act"": 18.0, ""nchapters"": 8.0}"
HarvardX,1,aligned,0,3016,MCCE,native,MCCE_native,1,OK,0.0,0.049542903900146484,0.32301931415057156,2.0,"{""nevents"": 65.0, ""ndays_act"": 19.0, ""nchapters"": 8.0}"
HarvardX,1,aligned,0,3016,MCCE,bounded,MCCE_bounded,1,OK,0.0,0.049542903900146484,0.32301931415057156,2.0,"{""nevents"": 65.0, ""ndays_act"": 19.0, ""nchapters"": 8.0}"
HarvardX,1,aligned,0,3016,MCCE,bounded+edit,MCCE_bounded+edit,1,OK,0.0,0.049542903900146484,0.32301931415057156,2.0,"{""nevents"": 65.0, ""ndays_act"": 19.0, ""nchapters"": 8.0}"
HarvardX,1,aligned,0,3025,NICE,native,NICE_native,1,OK,0.0,0.0056133270263671875,0.7326677010951449,3.0,"{""nevents"": 76.0, ""ndays_act"": 18.0, ""nchapters"": 8.0}"
HarvardX,1,aligned,0,3025,NICE,bounded,NICE_bounded,1,OK,0.0,0.0056133270263671875,0.7326677010951449,3.0,"{""nevents"": 76.0, ""ndays_act"": 18.0, ""nchapters"": 8.0}"
HarvardX,1,aligned,0,3025,NICE,bounded+edit,NICE_bounded+edit,1,OK,0.0,0.0056133270263671875,0.7326677010951449,3.0,"{""nevents"": 76.0, ""ndays_act"": 18.0, ""nchapters"": 8.0}"
HarvardX,1,aligned,0,3025,MCCE,native,MCCE_native,1,OK,0.0,0.04225635528564453,0.7339719804807844,3.0,"{""nevents"": 65.0, ""ndays_act"": 19.0, ""nchapters"": 8.0}"
HarvardX,1,aligned,0,3025,MCCE,bounded,MCCE_bounded,1,OK,0.0,0.04225635528564453,0.7339719804807844,3.0,"{""nevents"": 65.0, ""ndays_act"": 19.0, ""nchapters"": 8.0}"
HarvardX,1,aligned,0,3025,MCCE,bounded+edit,MCCE_bounded+edit,1,OK,0.0,0.04225635528564453,0.7339719804807844,3.0,"{""nevents"": 65.0, ""ndays_act"": 19.0, ""nchapters"": 8.0}"
HarvardX,1,aligned,0,3026,NICE,native,NICE_native,0,out_of_bounds:nevents,0.0,0.003690481185913086,0.0898021308980213,1.0,"{""nevents"": 13.0, ""ndays_act"": 8.0, ""nchapters"": 12.0}"
HarvardX,1,aligned,0,3026,NICE,bounded,NICE_bounded,0,classifier_target_not_met,0.0,0.003690481185913086,0.0,0.0,"{""nevents"": 72.0, ""ndays_act"": 8.0, ""nchapters"": 12.0}"
HarvardX,1,aligned,0,3026,NICE,bounded+edit,NICE_bounded+edit,0,classifier_target_not_met,0.0,0.003690481185913086,0.0,0.0,"{""nevents"": 72.0, ""ndays_act"": 8.0, ""nchapters"": 12.0}"
HarvardX,1,aligned,0,3026,MCCE,native,MCCE_native,0,out_of_bounds:nevents,0.0,0.025354862213134766,0.12144969989374227,2.0,"{""nevents"": 17.0, ""ndays_act"": 10.0, ""nchapters"": 12.0}"
HarvardX,1,aligned,0,3026,MCCE,bounded,MCCE_bounded,1,OK,0.0,0.025354862213134766,0.18198788087648257,2.0,"{""nevents"": 80.0, ""ndays_act"": 17.0, ""nchapters"": 12.0}"
HarvardX,1,aligned,0,3026,MCCE,bounded+edit,MCCE_bounded+edit,1,OK,0.0,0.025354862213134766,0.18198788087648257,2.0,"{""nevents"": 80.0, ""ndays_act"": 17.0, ""nchapters"": 12.0}"
HarvardX,1,aligned,0,3048,NICE,native,NICE_native,0,out_of_bounds:nevents;out_of_bounds:ndays_act,0.0,0.004587650299072266,0.18370542479038288,2.0,"{""nevents"": 126.0, ""ndays_act"": 22.0, ""nchapters"": 9.0}"
HarvardX,1,aligned,0,3048,NICE,bounded,NICE_bounded,0,classifier_target_not_met,0.0,0.004587650299072266,0.0,0.0,"{""nevents"": 208.0, ""ndays_act"": 23.0, ""nchapters"": 9.0}"
HarvardX,1,aligned,0,3048,NICE,bounded+edit,NICE_bounded+edit,0,classifier_target_not_met,0.0,0.004587650299072266,0.0,0.0,"{""nevents"": 208.0, ""ndays_act"": 23.0, ""nchapters"": 9.0}"
HarvardX,1,aligned,0,3048,MCCE,native,MCCE_native,0,out_of_bounds:nevents;out_of_bounds:ndays_act,0.0,0.03965449333190918,0.3251843620567734,2.0,"{""nevents"": 66.0, ""ndays_act"": 21.0, ""nchapters"": 9.0}"
HarvardX,1,aligned,0,3048,MCCE,bounded,MCCE_bounded,1,OK,0.0,0.03965449333190918,1.0789473684210527,2.0,"{""nevents"": 208.0, ""ndays_act"": 26.0, ""nchapters"": 12.0}"
HarvardX,1,aligned,0,3048,MCCE,bounded+edit,MCCE_bounded+edit,1,OK,0.0,0.03965449333190918,1.0789473684210527,2.0,"{""nevents"": 208.0, ""ndays_act"": 26.0, ""nchapters"": 12.0}"
HarvardX,1,aligned,0,3057,NICE,native,NICE_native,1,OK,0.0,0.003455638885498047,0.18333333333333332,1.0,"{""nevents"": 18.0, ""ndays_act"": 12.0, ""nchapters"": 9.0}"
HarvardX,1,aligned,0,3057,NICE,bounded,NICE_bounded,1,OK,0.0,0.003455638885498047,0.18333333333333332,1.0,"{""nevents"": 18.0, ""ndays_act"": 12.0, ""nchapters"": 9.0}"
HarvardX,1,aligned,0,3057,NICE,bounded+edit,NICE_bounded+edit,1,OK,0.0,0.003455638885498047,0.18333333333333332,1.0,"{""nevents"": 18.0, ""ndays_act"": 12.0, ""nchapters"": 9.0}"
HarvardX,1,aligned,0,3057,MCCE,native,MCCE_native,1,OK,0.0,0.04279589653015137,0.4008438818565401,2.0,"{""nevents"": 66.0, ""ndays_act"": 21.0, ""nchapters"": 9.0}"
HarvardX,1,aligned,0,3057,MCCE,bounded,MCCE_bounded,1,OK,0.0,0.04279589653015137,0.4008438818565401,2.0,"{""nevents"": 66.0, ""ndays_act"": 21.0, ""nchapters"": 9.0}"
HarvardX,1,aligned,0,3057,MCCE,bounded+edit,MCCE_bounded+edit,1,OK,0.0,0.04279589653015137,0.4008438818565401,2.0,"{""nevents"": 66.0, ""ndays_act"": 21.0, ""nchapters"": 9.0}"
HarvardX,1,aligned,0,3061,NICE,native,NICE_native,0,out_of_bounds:nevents,0.0,0.005082130432128906,0.04481434058898848,2.0,"{""nevents"": 13.0, ""ndays_act"": 8.0, ""nchapters"": 12.0}"
HarvardX,1,aligned,0,3061,NICE,bounded,NICE_bounded,0,classifier_target_not_met,0.0,0.005082130432128906,0.03636363636363636,1.0,"{""nevents"": 19.0, ""ndays_act"": 8.0, ""nchapters"": 12.0}"
HarvardX,1,aligned,0,3061,NICE,bounded+edit,NICE_bounded+edit,0,classifier_target_not_met,0.0,0.005082130432128906,0.03636363636363636,1.0,"{""nevents"": 19.0, ""ndays_act"": 8.0, ""nchapters"": 12.0}"
HarvardX,1,aligned,0,3061,MCCE,native,MCCE_native,0,out_of_bounds:nevents,0.0,0.029436588287353516,0.07554417413572342,2.0,"{""nevents"": 17.0, ""ndays_act"": 10.0, ""nchapters"": 12.0}"
HarvardX,1,aligned,0,3061,MCCE,bounded,MCCE_bounded,1,OK,0.0,0.029436588287353516,0.11062740076824584,2.0,"{""nevents"": 33.0, ""ndays_act"": 11.0, ""nchapters"": 12.0}"
HarvardX,1,aligned,0,3061,MCCE,bounded+edit,MCCE_bounded+edit,1,OK,0.0,0.029436588287353516,0.11062740076824584,2.0,"{""nevents"": 33.0, ""ndays_act"": 11.0, ""nchapters"": 12.0}"
HarvardX,1,aligned,0,3081,NICE,native,NICE_native,1,OK,0.0,0.004608631134033203,0.14898018844588365,2.0,"{""nevents"": 13.0, ""ndays_act"": 8.0, ""nchapters"": 12.0}"
HarvardX,1,aligned,0,3081,NICE,bounded,NICE_bounded,1,OK,0.0,0.004608631134033203,0.14898018844588365,2.0,"{""nevents"": 13.0, ""ndays_act"": 8.0, ""nchapters"": 12.0}"
HarvardX,1,aligned,0,3081,NICE,bounded+edit,NICE_bounded+edit,1,OK,0.0,0.004608631134033203,0.14898018844588365,2.0,"{""nevents"": 13.0, ""ndays_act"": 8.0, ""nchapters"": 12.0}"
HarvardX,1,aligned,0,3081,MCCE,native,MCCE_native,1,OK,0.0,0.026407957077026367,0.1872540421417167,2.0,"{""nevents"": 17.0, ""ndays_act"": 10.0, ""nchapters"": 12.0}"
HarvardX,1,aligned,0,3081,MCCE,bounded,MCCE_bounded,1,OK,0.0,0.026407957077026367,0.1872540421417167,2.0,"{""nevents"": 17.0, ""ndays_act"": 10.0, ""nchapters"": 12.0}"
HarvardX,1,aligned,0,3081,MCCE,bounded+edit,MCCE_bounded+edit,1,OK,0.0,0.026407957077026367,0.1872540421417167,2.0,"{""nevents"": 17.0, ""ndays_act"": 10.0, ""nchapters"": 12.0}"
HarvardX,1,aligned,0,3162,NICE,native,NICE_native,1,OK,0.0,0.004679679870605469,0.14898018844588365,2.0,"{""nevents"": 13.0, ""ndays_act"": 8.0, ""nchapters"": 12.0}"
HarvardX,1,aligned,0,3162,NICE,bounded,NICE_bounded,1,OK,0.0,0.004679679870605469,0.14898018844588365,2.0,"{""nevents"": 13.0, ""ndays_act"": 8.0, ""nchapters"": 12.0}"
HarvardX,1,aligned,0,3162,NICE,bounded+edit,NICE_bounded+edit,1,OK,0.0,0.004679679870605469,0.14898018844588365,2.0,"{""nevents"": 13.0, ""ndays_act"": 8.0, ""nchapters"": 12.0}"
HarvardX,1,aligned,0,3162,MCCE,native,MCCE_native,1,OK,0.0,0.02714371681213379,0.1872540421417167,2.0,"{""nevents"": 17.0, ""ndays_act"": 10.0, ""nchapters"": 12.0}"
HarvardX,1,aligned,0,3162,MCCE,bounded,MCCE_bounded,1,OK,0.0,0.02714371681213379,0.1872540421417167,2.0,"{""nevents"": 17.0, ""ndays_act"": 10.0, ""nchapters"": 12.0}"
HarvardX,1,aligned,0,3162,MCCE,bounded+edit,MCCE_bounded+edit,1,OK,0.0,0.02714371681213379,0.1872540421417167,2.0,"{""nevents"": 17.0, ""ndays_act"": 10.0, ""nchapters"": 12.0}"
HarvardX,1,aligned,0,3209,NICE,native,NICE_native,0,out_of_bounds:nevents,0.0,0.003571033477783203,0.10702341137123746,1.0,"{""nevents"": 67.0, ""ndays_act"": 15.0, ""nchapters"": 12.0}"
HarvardX,1,aligned,0,3209,NICE,bounded,NICE_bounded,0,classifier_target_not_met,0.0,0.003571033477783203,0.0,0.0,"{""nevents"": 131.0, ""ndays_act"": 15.0, ""nchapters"": 12.0}"
HarvardX,1,aligned,0,3209,NICE,bounded+edit,NICE_bounded+edit,0,classifier_target_not_met,0.0,0.003571033477783203,0.0,0.0,"{""nevents"": 131.0, ""ndays_act"": 15.0, ""nchapters"": 12.0}"
HarvardX,1,aligned,0,3209,MCCE,native,MCCE_native,0,out_of_bounds:nevents,0.0,0.025902986526489258,0.10702341137123746,1.0,"{""nevents"": 67.0, ""ndays_act"": 15.0, ""nchapters"": 12.0}"
HarvardX,1,aligned,0,3209,MCCE,bounded,MCCE_bounded,1,OK,0.0,0.025902986526489258,0.11371237458193979,2.0,"{""nevents"": 134.0, ""ndays_act"": 20.0, ""nchapters"": 12.0}"
HarvardX,1,aligned,0,3209,MCCE,bounded+edit,MCCE_bounded+edit,1,OK,0.0,0.025902986526489258,0.11371237458193979,2.0,"{""nevents"": 134.0, ""ndays_act"": 20.0, ""nchapters"": 12.0}"
HarvardX,1,aligned,0,3271,NICE,native,NICE_native,1,OK,0.0,0.003962516784667969,0.1016949152542373,1.0,"{""nevents"": 7.0, ""ndays_act"": 8.0, ""nchapters"": 12.0}"
HarvardX,1,aligned,0,3271,NICE,bounded,NICE_bounded,1,OK,0.0,0.003962516784667969,0.1016949152542373,1.0,"{""nevents"": 7.0, ""ndays_act"": 8.0, ""nchapters"": 12.0}"
HarvardX,1,aligned,0,3271,NICE,bounded+edit,NICE_bounded+edit,1,OK,0.0,0.003962516784667969,0.1016949152542373,1.0,"{""nevents"": 7.0, ""ndays_act"": 8.0, ""nchapters"": 12.0}"
HarvardX,1,aligned,0,3271,MCCE,native,MCCE_native,1,OK,0.0,0.027367353439331055,0.14944363585144843,2.0,"{""nevents"": 17.0, ""ndays_act"": 10.0, ""nchapters"": 12.0}"
HarvardX,1,aligned,0,3271,MCCE,bounded,MCCE_bounded,1,OK,0.0,0.027367353439331055,0.14944363585144843,2.0,"{""nevents"": 17.0, ""ndays_act"": 10.0, ""nchapters"": 12.0}"
HarvardX,1,aligned,0,3271,MCCE,bounded+edit,MCCE_bounded+edit,1,OK,0.0,0.027367353439331055,0.14944363585144843,2.0,"{""nevents"": 17.0, ""ndays_act"": 10.0, ""nchapters"": 12.0}"
HarvardX,1,aligned,0,3279,NICE,native,NICE_native,0,out_of_bounds:nevents,0.0,0.0035860538482666016,0.3709677419354839,1.0,"{""nevents"": 219.0, ""ndays_act"": 32.0, ""nchapters"": 11.0}"
HarvardX,1,aligned,0,3279,NICE,bounded,NICE_bounded,0,classifier_target_not_met,0.0,0.0035860538482666016,0.0,0.0,"{""nevents"": 357.0, ""ndays_act"": 32.0, ""nchapters"": 11.0}"
HarvardX,1,aligned,0,3279,NICE,bounded+edit,NICE_bounded+edit,0,classifier_target_not_met,0.0,0.0035860538482666016,0.0,0.0,"{""nevents"": 357.0, ""ndays_act"": 32.0, ""nchapters"": 11.0}"
HarvardX,1,aligned,0,3279,MCCE,native,MCCE_native,0,out_of_bounds:nevents,0.0,0.07968449592590332,0.6639784946236559,1.0,"{""nevents"": 110.0, ""ndays_act"": 32.0, ""nchapters"": 11.0}"
HarvardX,1,aligned,0,3279,MCCE,bounded,MCCE_bounded,1,OK,0.0,0.07968449592590332,0.7588060808305526,2.0,"{""nevents"": 511.0, ""ndays_act"": 42.0, ""nchapters"": 11.0}"
HarvardX,1,aligned,0,3279,MCCE,bounded+edit,MCCE_bounded+edit,1,OK,0.0,0.07968449592590332,0.7588060808305526,2.0,"{""nevents"": 511.0, ""ndays_act"": 42.0, ""nchapters"": 11.0}"
HarvardX,1,aligned,0,3296,NICE,native,NICE_native,1,OK,0.0,0.007658481597900391,0.2476275690038501,2.0,"{""nevents"": 76.0, ""ndays_act"": 18.0, ""nchapters"": 8.0}"
HarvardX,1,aligned,0,3296,NICE,bounded,NICE_bounded,1,OK,0.0,0.007658481597900391,0.2476275690038501,2.0,"{""nevents"": 76.0, ""ndays_act"": 18.0, ""nchapters"": 8.0}"
HarvardX,1,aligned,0,3296,NICE,bounded+edit,NICE_bounded+edit,1,OK,0.0,0.007658481597900391,0.2476275690038501,2.0,"{""nevents"": 76.0, ""ndays_act"": 18.0, ""nchapters"": 8.0}"
HarvardX,1,aligned,0,3296,MCCE,native,MCCE_native,1,OK,0.0,0.05939221382141113,0.25004067024564824,2.0,"{""nevents"": 65.0, ""ndays_act"": 19.0, ""nchapters"": 8.0}"
HarvardX,1,aligned,0,3296,MCCE,bounded,MCCE_bounded,1,OK,0.0,0.05939221382141113,0.25004067024564824,2.0,"{""nevents"": 65.0, ""ndays_act"": 19.0, ""nchapters"": 8.0}"
HarvardX,1,aligned,0,3296,MCCE,bounded+edit,MCCE_bounded+edit,1,OK,0.0,0.05939221382141113,0.25004067024564824,2.0,"{""nevents"": 65.0, ""ndays_act"": 19.0, ""nchapters"": 8.0}"
HarvardX,1,aligned,0,3315,NICE,native,NICE_native,1,OK,0.0,0.0065305233001708984,0.700818139317438,3.0,"{""nevents"": 76.0, ""ndays_act"": 18.0, ""nchapters"": 8.0}"
HarvardX,1,aligned,0,3315,NICE,bounded,NICE_bounded,1,OK,0.0,0.0065305233001708984,0.700818139317438,3.0,"{""nevents"": 76.0, ""ndays_act"": 18.0, ""nchapters"": 8.0}"
HarvardX,1,aligned,0,3315,NICE,bounded+edit,NICE_bounded+edit,1,OK,0.0,0.0065305233001708984,0.700818139317438,3.0,"{""nevents"": 76.0, ""ndays_act"": 18.0, ""nchapters"": 8.0}"
HarvardX,1,aligned,0,3315,MCCE,native,MCCE_native,1,OK,0.0,0.04450392723083496,0.70205703599813,3.0,"{""nevents"": 65.0, ""ndays_act"": 19.0, ""nchapters"": 8.0}"
HarvardX,1,aligned,0,3315,MCCE,bounded,MCCE_bounded,1,OK,0.0,0.04450392723083496,0.70205703599813,3.0,"{""nevents"": 65.0, ""ndays_act"": 19.0, ""nchapters"": 8.0}"
HarvardX,1,aligned,0,3315,MCCE,bounded+edit,MCCE_bounded+edit,1,OK,0.0,0.04450392723083496,0.70205703599813,3.0,"{""nevents"": 65.0, ""ndays_act"": 19.0, ""nchapters"": 8.0}"
HarvardX,1,aligned,0,3351,NICE,native,NICE_native,0,out_of_bounds:nevents,0.0,0.003968715667724609,0.07774390243902439,1.0,"{""nevents"": 22.0, ""ndays_act"": 10.0, ""nchapters"": 12.0}"
HarvardX,1,aligned,0,3351,NICE,bounded,NICE_bounded,0,classifier_target_not_met,0.0,0.003968715667724609,0.0,0.0,"{""nevents"": 73.0, ""ndays_act"": 10.0, ""nchapters"": 12.0}"
HarvardX,1,aligned,0,3351,NICE,bounded+edit,NICE_bounded+edit,0,classifier_target_not_met,0.0,0.003968715667724609,0.0,0.0,"{""nevents"": 73.0, ""ndays_act"": 10.0, ""nchapters"": 12.0}"
HarvardX,1,aligned,0,3351,MCCE,native,MCCE_native,0,out_of_bounds:nevents,0.0,0.034120798110961914,0.08536585365853659,1.0,"{""nevents"": 17.0, ""ndays_act"": 10.0, ""nchapters"": 12.0}"
HarvardX,1,aligned,0,3351,MCCE,bounded,MCCE_bounded,1,OK,0.0,0.034120798110961914,0.1479256336681014,2.0,"{""nevents"": 80.0, ""ndays_act"": 17.0, ""nchapters"": 12.0}"
HarvardX,1,aligned,0,3351,MCCE,bounded+edit,MCCE_bounded+edit,1,OK,0.0,0.034120798110961914,0.1479256336681014,2.0,"{""nevents"": 80.0, ""ndays_act"": 17.0, ""nchapters"": 12.0}"
HarvardX,1,aligned,0,3452,NICE,native,NICE_native,1,OK,0.0,0.0047817230224609375,0.14349321999595224,2.0,"{""nevents"": 9.0, ""ndays_act"": 8.0, ""nchapters"": 10.0}"
HarvardX,1,aligned,0,3452,NICE,bounded,NICE_bounded,1,OK,0.0,0.0047817230224609375,0.14349321999595224,2.0,"{""nevents"": 9.0, ""ndays_act"": 8.0, ""nchapters"": 10.0}"
HarvardX,1,aligned,0,3452,NICE,bounded+edit,NICE_bounded+edit,1,OK,0.0,0.0047817230224609375,0.14349321999595224,2.0,"{""nevents"": 9.0, ""ndays_act"": 8.0, ""nchapters"": 10.0}"
HarvardX,1,aligned,0,3452,MCCE,native,MCCE_native,1,OK,0.0,0.044240713119506836,0.3227191976433021,2.0,"{""nevents"": 56.0, ""ndays_act"": 15.0, ""nchapters"": 10.0}"
HarvardX,1,aligned,0,3452,MCCE,bounded,MCCE_bounded,1,OK,0.0,0.044240713119506836,0.3227191976433021,2.0,"{""nevents"": 56.0, ""ndays_act"": 15.0, ""nchapters"": 10.0}"
HarvardX,1,aligned,0,3452,MCCE,bounded+edit,MCCE_bounded+edit,1,OK,0.0,0.044240713119506836,0.3227191976433021,2.0,"{""nevents"": 56.0, ""ndays_act"": 15.0, ""nchapters"": 10.0}"
HarvardX,1,aligned,0,3453,NICE,native,NICE_native,1,OK,0.0,0.004683494567871094,0.14898018844588365,2.0,"{""nevents"": 13.0, ""ndays_act"": 8.0, ""nchapters"": 12.0}"
HarvardX,1,aligned,0,3453,NICE,bounded,NICE_bounded,1,OK,0.0,0.004683494567871094,0.14898018844588365,2.0,"{""nevents"": 13.0, ""ndays_act"": 8.0, ""nchapters"": 12.0}"
HarvardX,1,aligned,0,3453,NICE,bounded+edit,NICE_bounded+edit,1,OK,0.0,0.004683494567871094,0.14898018844588365,2.0,"{""nevents"": 13.0, ""ndays_act"": 8.0, ""nchapters"": 12.0}"
HarvardX,1,aligned,0,3453,MCCE,native,MCCE_native,1,OK,0.0,0.02908039093017578,0.1872540421417167,2.0,"{""nevents"": 17.0, ""ndays_act"": 10.0, ""nchapters"": 12.0}"
HarvardX,1,aligned,0,3453,MCCE,bounded,MCCE_bounded,1,OK,0.0,0.02908039093017578,0.1872540421417167,2.0,"{""nevents"": 17.0, ""ndays_act"": 10.0, ""nchapters"": 12.0}"
HarvardX,1,aligned,0,3453,MCCE,bounded+edit,MCCE_bounded+edit,1,OK,0.0,0.02908039093017578,0.1872540421417167,2.0,"{""nevents"": 17.0, ""ndays_act"": 10.0, ""nchapters"": 12.0}"
HarvardX,1,aligned,0,3470,NICE,native,NICE_native,1,OK,0.0,0.0035076141357421875,0.11666666666666667,1.0,"{""nevents"": 6.0, ""ndays_act"": 8.0, ""nchapters"": 12.0}"
HarvardX,1,aligned,0,3470,NICE,bounded,NICE_bounded,1,OK,0.0,0.0035076141357421875,0.11666666666666667,1.0,"{""nevents"": 6.0, ""ndays_act"": 8.0, ""nchapters"": 12.0}"
HarvardX,1,aligned,0,3470,NICE,bounded+edit,NICE_bounded+edit,1,OK,0.0,0.0035076141357421875,0.11666666666666667,1.0,"{""nevents"": 6.0, ""ndays_act"": 8.0, ""nchapters"": 12.0}"
HarvardX,1,aligned,0,3470,MCCE,native,MCCE_native,1,OK,0.0,0.04716062545776367,0.16521438450899031,2.0,"{""nevents"": 17.0, ""ndays_act"": 10.0, ""nchapters"": 12.0}"
HarvardX,1,aligned,0,3470,MCCE,bounded,MCCE_bounded,1,OK,0.0,0.04716062545776367,0.16521438450899031,2.0,"{""nevents"": 17.0, ""ndays_act"": 10.0, ""nchapters"": 12.0}"
HarvardX,1,aligned,0,3470,MCCE,bounded+edit,MCCE_bounded+edit,1,OK,0.0,0.04716062545776367,0.16521438450899031,2.0,"{""nevents"": 17.0, ""ndays_act"": 10.0, ""nchapters"": 12.0}"
HarvardX,1,aligned,0,3529,NICE,native,NICE_native,1,OK,0.0,0.004919767379760742,0.37173740486529394,2.0,"{""nevents"": 76.0, ""ndays_act"": 18.0, ""nchapters"": 8.0}"
HarvardX,1,aligned,0,3529,NICE,bounded,NICE_bounded,1,OK,0.0,0.004919767379760742,0.37173740486529394,2.0,"{""nevents"": 76.0, ""ndays_act"": 18.0, ""nchapters"": 8.0}"
HarvardX,1,aligned,0,3529,NICE,bounded+edit,NICE_bounded+edit,1,OK,0.0,0.004919767379760742,0.37173740486529394,2.0,"{""nevents"": 76.0, ""ndays_act"": 18.0, ""nchapters"": 8.0}"
HarvardX,1,aligned,0,3529,MCCE,native,MCCE_native,1,OK,0.0,0.04332470893859863,0.37353504225615164,2.0,"{""nevents"": 65.0, ""ndays_act"": 19.0, ""nchapters"": 8.0}"
HarvardX,1,aligned,0,3529,MCCE,bounded,MCCE_bounded,1,OK,0.0,0.04332470893859863,0.37353504225615164,2.0,"{""nevents"": 65.0, ""ndays_act"": 19.0, ""nchapters"": 8.0}"
HarvardX,1,aligned,0,3529,MCCE,bounded+edit,MCCE_bounded+edit,1,OK,0.0,0.04332470893859863,0.37353504225615164,2.0,"{""nevents"": 65.0, ""ndays_act"": 19.0, ""nchapters"": 8.0}"
HarvardX,1,aligned,0,3563,NICE,native,NICE_native,0,out_of_bounds:nevents,0.0,0.0048520565032958984,0.3253298655163664,2.0,"{""nevents"": 13.0, ""ndays_act"": 8.0, ""nchapters"": 12.0}"
HarvardX,1,aligned,0,3563,NICE,bounded,NICE_bounded,0,classifier_target_not_met,0.0,0.0048520565032958984,0.05357142857142857,1.0,"{""nevents"": 166.0, ""ndays_act"": 8.0, ""nchapters"": 12.0}"
HarvardX,1,aligned,0,3563,NICE,bounded+edit,NICE_bounded+edit,0,classifier_target_not_met,0.0,0.0048520565032958984,0.05357142857142857,1.0,"{""nevents"": 166.0, ""ndays_act"": 8.0, ""nchapters"": 12.0}"
HarvardX,1,aligned,0,3563,MCCE,native,MCCE_native,0,out_of_bounds:nevents,0.0,0.0937497615814209,0.35393935549352956,2.0,"{""nevents"": 17.0, ""ndays_act"": 10.0, ""nchapters"": 12.0}"
HarvardX,1,aligned,0,3563,MCCE,bounded,MCCE_bounded,1,OK,0.0,0.0937497615814209,0.3446143110885562,2.0,"{""nevents"": 169.0, ""ndays_act"": 24.0, ""nchapters"": 12.0}"
HarvardX,1,aligned,0,3563,MCCE,bounded+edit,MCCE_bounded+edit,1,OK,0.0,0.0937497615814209,0.3446143110885562,2.0,"{""nevents"": 169.0, ""ndays_act"": 24.0, ""nchapters"": 12.0}"
HarvardX,1,aligned,0,3583,NICE,native,NICE_native,0,out_of_bounds:nevents,0.0,0.004697084426879883,0.14390743344928825,2.0,"{""nevents"": 13.0, ""ndays_act"": 8.0, ""nchapters"": 12.0}"
HarvardX,1,aligned,0,3583,NICE,bounded,NICE_bounded,0,classifier_target_not_met,0.0,0.004697084426879883,0.1016949152542373,1.0,"{""nevents"": 42.0, ""ndays_act"": 8.0, ""nchapters"": 12.0}"
HarvardX,1,aligned,0,3583,NICE,bounded+edit,NICE_bounded+edit,0,classifier_target_not_met,0.0,0.004697084426879883,0.1016949152542373,1.0,"{""nevents"": 42.0, ""ndays_act"": 8.0, ""nchapters"": 12.0}"
HarvardX,1,aligned,0,3583,MCCE,native,MCCE_native,0,out_of_bounds:nevents,0.0,0.027865886688232422,0.17198332223126833,2.0,"{""nevents"": 17.0, ""ndays_act"": 10.0, ""nchapters"": 12.0}"
HarvardX,1,aligned,0,3583,MCCE,bounded,MCCE_bounded,1,OK,0.0,0.027865886688232422,0.2009967187230158,2.0,"{""nevents"": 52.0, ""ndays_act"": 13.0, ""nchapters"": 12.0}"
HarvardX,1,aligned,0,3583,MCCE,bounded+edit,MCCE_bounded+edit,1,OK,0.0,0.027865886688232422,0.2009967187230158,2.0,"{""nevents"": 52.0, ""ndays_act"": 13.0, ""nchapters"": 12.0}"
HarvardX,1,aligned,0,3624,NICE,native,NICE_native,1,OK,0.0,0.006368398666381836,0.5838842975206612,3.0,"{""nevents"": 76.0, ""ndays_act"": 18.0, ""nchapters"": 8.0}"
HarvardX,1,aligned,0,3624,NICE,bounded,NICE_bounded,1,OK,0.0,0.006368398666381836,0.5838842975206612,3.0,"{""nevents"": 76.0, ""ndays_act"": 18.0, ""nchapters"": 8.0}"
HarvardX,1,aligned,0,3624,NICE,bounded+edit,NICE_bounded+edit,1,OK,0.0,0.006368398666381836,0.5838842975206612,3.0,"{""nevents"": 76.0, ""ndays_act"": 18.0, ""nchapters"": 8.0}"
HarvardX,1,aligned,0,3624,MCCE,native,MCCE_native,1,OK,0.0,0.052591800689697266,0.5853994490358128,3.0,"{""nevents"": 65.0, ""ndays_act"": 19.0, ""nchapters"": 8.0}"
HarvardX,1,aligned,0,3624,MCCE,bounded,MCCE_bounded,1,OK,0.0,0.052591800689697266,0.5853994490358128,3.0,"{""nevents"": 65.0, ""ndays_act"": 19.0, ""nchapters"": 8.0}"
HarvardX,1,aligned,0,3624,MCCE,bounded+edit,MCCE_bounded+edit,1,OK,0.0,0.052591800689697266,0.5853994490358128,3.0,"{""nevents"": 65.0, ""ndays_act"": 19.0, ""nchapters"": 8.0}"
HarvardX,1,aligned,0,3636,NICE,native,NICE_native,0,out_of_bounds:nevents,0.0,0.004009246826171875,0.04985337243401759,1.0,"{""nevents"": 371.0, ""ndays_act"": 33.0, ""nchapters"": 12.0}"
HarvardX,1,aligned,0,3636,NICE,bounded,NICE_bounded,0,classifier_target_not_met,0.0,0.004009246826171875,0.0,0.0,"{""nevents"": 388.0, ""ndays_act"": 33.0, ""nchapters"": 12.0}"
HarvardX,1,aligned,0,3636,NICE,bounded+edit,NICE_bounded+edit,0,classifier_target_not_met,0.0,0.004009246826171875,0.0,0.0,"{""nevents"": 388.0, ""ndays_act"": 33.0, ""nchapters"": 12.0}"
HarvardX,1,aligned,0,3636,MCCE,native,MCCE_native,0,out_of_bounds:nevents,0.0,0.03139925003051758,0.2375366568914956,1.0,"{""nevents"": 307.0, ""ndays_act"": 33.0, ""nchapters"": 12.0}"
HarvardX,1,aligned,0,3636,MCCE,bounded,MCCE_bounded,1,OK,0.0,0.03139925003051758,0.5,1.0,"{""nevents"": 388.0, ""ndays_act"": 47.0, ""nchapters"": 12.0}"
HarvardX,1,aligned,0,3636,MCCE,bounded+edit,MCCE_bounded+edit,1,OK,0.0,0.03139925003051758,0.5,1.0,"{""nevents"": 388.0, ""ndays_act"": 47.0, ""nchapters"": 12.0}"
HarvardX,1,aligned,0,3673,NICE,native,NICE_native,0,out_of_bounds:nevents,0.0,0.0064280033111572266,0.10308573583838194,2.0,"{""nevents"": 9.0, ""ndays_act"": 8.0, ""nchapters"": 10.0}"
HarvardX,1,aligned,0,3673,NICE,bounded,NICE_bounded,0,classifier_target_not_met,0.0,0.0064280033111572266,0.1016949152542373,1.0,"{""nevents"": 10.0, ""ndays_act"": 8.0, ""nchapters"": 10.0}"
HarvardX,1,aligned,0,3673,NICE,bounded+edit,NICE_bounded+edit,0,classifier_target_not_met,0.0,0.0064280033111572266,0.1016949152542373,1.0,"{""nevents"": 10.0, ""ndays_act"": 8.0, ""nchapters"": 10.0}"
HarvardX,1,aligned,0,3673,MCCE,native,MCCE_native,1,OK,0.0,0.04186224937438965,0.28431672992150114,2.0,"{""nevents"": 56.0, ""ndays_act"": 15.0, ""nchapters"": 10.0}"
HarvardX,1,aligned,0,3673,MCCE,bounded,MCCE_bounded,1,OK,0.0,0.04186224937438965,0.28431672992150114,2.0,"{""nevents"": 56.0, ""ndays_act"": 15.0, ""nchapters"": 10.0}"
HarvardX,1,aligned,0,3673,MCCE,bounded+edit,MCCE_bounded+edit,1,OK,0.0,0.04186224937438965,0.28431672992150114,2.0,"{""nevents"": 56.0, ""ndays_act"": 15.0, ""nchapters"": 10.0}"
HarvardX,1,aligned,0,3697,NICE,native,NICE_native,0,out_of_bounds:nevents,0.0,0.004712343215942383,0.09581646423751686,2.0,"{""nevents"": 9.0, ""ndays_act"": 8.0, ""nchapters"": 10.0}"
HarvardX,1,aligned,0,3697,NICE,bounded,NICE_bounded,0,classifier_target_not_met,0.0,0.004712343215942383,0.07017543859649122,1.0,"{""nevents"": 27.0, ""ndays_act"": 8.0, ""nchapters"": 10.0}"
HarvardX,1,aligned,0,3697,NICE,bounded+edit,NICE_bounded+edit,0,classifier_target_not_met,0.0,0.004712343215942383,0.07017543859649122,1.0,"{""nevents"": 27.0, ""ndays_act"": 8.0, ""nchapters"": 10.0}"
HarvardX,1,aligned,0,3697,MCCE,native,MCCE_native,1,OK,0.0,0.04286360740661621,0.23429299745089216,2.0,"{""nevents"": 56.0, ""ndays_act"": 15.0, ""nchapters"": 10.0}"
HarvardX,1,aligned,0,3697,MCCE,bounded,MCCE_bounded,1,OK,0.0,0.04286360740661621,0.23429299745089216,2.0,"{""nevents"": 56.0, ""ndays_act"": 15.0, ""nchapters"": 10.0}"
HarvardX,1,aligned,0,3697,MCCE,bounded+edit,MCCE_bounded+edit,1,OK,0.0,0.04286360740661621,0.23429299745089216,2.0,"{""nevents"": 56.0, ""ndays_act"": 15.0, ""nchapters"": 10.0}"
HarvardX,1,aligned,0,3710,NICE,native,NICE_native,1,OK,0.0,0.004921436309814453,0.3041666666666667,2.0,"{""nevents"": 77.0, ""ndays_act"": 18.0, ""nchapters"": 8.0}"
HarvardX,1,aligned,0,3710,NICE,bounded,NICE_bounded,1,OK,0.0,0.004921436309814453,0.3041666666666667,2.0,"{""nevents"": 77.0, ""ndays_act"": 18.0, ""nchapters"": 8.0}"
HarvardX,1,aligned,0,3710,NICE,bounded+edit,NICE_bounded+edit,1,OK,0.0,0.004921436309814453,0.3041666666666667,2.0,"{""nevents"": 77.0, ""ndays_act"": 18.0, ""nchapters"": 8.0}"
HarvardX,1,aligned,0,3710,MCCE,native,MCCE_native,0,out_of_bounds:nevents,0.0,0.04218149185180664,0.34340490797546014,3.0,"{""nevents"": 65.0, ""ndays_act"": 19.0, ""nchapters"": 8.0}"
HarvardX,1,aligned,0,3710,MCCE,bounded,MCCE_bounded,1,OK,0.0,0.04218149185180664,1.0452965235173823,3.0,"{""nevents"": 150.0, ""ndays_act"": 29.0, ""nchapters"": 10.0}"
HarvardX,1,aligned,0,3710,MCCE,bounded+edit,MCCE_bounded+edit,1,OK,0.0,0.04218149185180664,1.0452965235173823,3.0,"{""nevents"": 150.0, ""ndays_act"": 29.0, ""nchapters"": 10.0}"
HarvardX,1,aligned,0,3713,NICE,native,NICE_native,0,out_of_bounds:nevents,0.0,0.004841804504394531,0.2158429332342376,2.0,"{""nevents"": 13.0, ""ndays_act"": 8.0, ""nchapters"": 12.0}"
HarvardX,1,aligned,0,3713,NICE,bounded,NICE_bounded,0,classifier_target_not_met,0.0,0.004841804504394531,0.018518518518518517,1.0,"{""nevents"": 131.0, ""ndays_act"": 8.0, ""nchapters"": 12.0}"
HarvardX,1,aligned,0,3713,NICE,bounded+edit,NICE_bounded+edit,0,classifier_target_not_met,0.0,0.004841804504394531,0.018518518518518517,1.0,"{""nevents"": 131.0, ""ndays_act"": 8.0, ""nchapters"": 12.0}"
HarvardX,1,aligned,0,3713,MCCE,native,MCCE_native,0,out_of_bounds:nevents,0.0,0.027915000915527344,0.2461910070605723,2.0,"{""nevents"": 17.0, ""ndays_act"": 10.0, ""nchapters"": 12.0}"
HarvardX,1,aligned,0,3713,MCCE,bounded,MCCE_bounded,1,OK,0.0,0.027915000915527344,0.24575746314876748,2.0,"{""nevents"": 134.0, ""ndays_act"": 20.0, ""nchapters"": 12.0}"
HarvardX,1,aligned,0,3713,MCCE,bounded+edit,MCCE_bounded+edit,1,OK,0.0,0.027915000915527344,0.24575746314876748,2.0,"{""nevents"": 134.0, ""ndays_act"": 20.0, ""nchapters"": 12.0}"
HarvardX,1,aligned,0,3746,NICE,native,NICE_native,1,OK,0.0,0.005889177322387695,0.6835042592017084,3.0,"{""nevents"": 76.0, ""ndays_act"": 18.0, ""nchapters"": 8.0}"
HarvardX,1,aligned,0,3746,NICE,bounded,NICE_bounded,1,OK,0.0,0.005889177322387695,0.6835042592017084,3.0,"{""nevents"": 76.0, ""ndays_act"": 18.0, ""nchapters"": 8.0}"
HarvardX,1,aligned,0,3746,NICE,bounded+edit,NICE_bounded+edit,1,OK,0.0,0.005889177322387695,0.6835042592017084,3.0,"{""nevents"": 76.0, ""ndays_act"": 18.0, ""nchapters"": 8.0}"
HarvardX,1,aligned,0,3746,MCCE,native,MCCE_native,1,OK,0.0,0.043530941009521484,0.6849386021531081,3.0,"{""nevents"": 65.0, ""ndays_act"": 19.0, ""nchapters"": 8.0}"
HarvardX,1,aligned,0,3746,MCCE,bounded,MCCE_bounded,1,OK,0.0,0.043530941009521484,0.6849386021531081,3.0,"{""nevents"": 65.0, ""ndays_act"": 19.0, ""nchapters"": 8.0}"
HarvardX,1,aligned,0,3746,MCCE,bounded+edit,MCCE_bounded+edit,1,OK,0.0,0.043530941009521484,0.6849386021531081,3.0,"{""nevents"": 65.0, ""ndays_act"": 19.0, ""nchapters"": 8.0}"
HarvardX,1,aligned,0,3751,NICE,native,NICE_native,1,OK,0.0,0.005965471267700195,0.4853246753246753,3.0,"{""nevents"": 76.0, ""ndays_act"": 18.0, ""nchapters"": 8.0}"
HarvardX,1,aligned,0,3751,NICE,bounded,NICE_bounded,1,OK,0.0,0.005965471267700195,0.4853246753246753,3.0,"{""nevents"": 76.0, ""ndays_act"": 18.0, ""nchapters"": 8.0}"
HarvardX,1,aligned,0,3751,NICE,bounded+edit,NICE_bounded+edit,1,OK,0.0,0.005965471267700195,0.4853246753246753,3.0,"{""nevents"": 76.0, ""ndays_act"": 18.0, ""nchapters"": 8.0}"
HarvardX,1,aligned,0,3751,MCCE,native,MCCE_native,1,OK,0.0,0.05687546730041504,0.4877922077922078,3.0,"{""nevents"": 65.0, ""ndays_act"": 19.0, ""nchapters"": 8.0}"
HarvardX,1,aligned,0,3751,MCCE,bounded,MCCE_bounded,1,OK,0.0,0.05687546730041504,0.4877922077922078,3.0,"{""nevents"": 65.0, ""ndays_act"": 19.0, ""nchapters"": 8.0}"
HarvardX,1,aligned,0,3751,MCCE,bounded+edit,MCCE_bounded+edit,1,OK,0.0,0.05687546730041504,0.4877922077922078,3.0,"{""nevents"": 65.0, ""ndays_act"": 19.0, ""nchapters"": 8.0}"
HarvardX,1,aligned,0,3760,NICE,native,NICE_native,1,OK,0.0,0.006019115447998047,0.7326677010951449,3.0,"{""nevents"": 76.0, ""ndays_act"": 18.0, ""nchapters"": 8.0}"
HarvardX,1,aligned,0,3760,NICE,bounded,NICE_bounded,1,OK,0.0,0.006019115447998047,0.7326677010951449,3.0,"{""nevents"": 76.0, ""ndays_act"": 18.0, ""nchapters"": 8.0}"
HarvardX,1,aligned,0,3760,NICE,bounded+edit,NICE_bounded+edit,1,OK,0.0,0.006019115447998047,0.7326677010951449,3.0,"{""nevents"": 76.0, ""ndays_act"": 18.0, ""nchapters"": 8.0}"
HarvardX,1,aligned,0,3760,MCCE,native,MCCE_native,1,OK,0.0,0.0443425178527832,0.7339719804807844,3.0,"{""nevents"": 65.0, ""ndays_act"": 19.0, ""nchapters"": 8.0}"
HarvardX,1,aligned,0,3760,MCCE,bounded,MCCE_bounded,1,OK,0.0,0.0443425178527832,0.7339719804807844,3.0,"{""nevents"": 65.0, ""ndays_act"": 19.0, ""nchapters"": 8.0}"
HarvardX,1,aligned,0,3760,MCCE,bounded+edit,MCCE_bounded+edit,1,OK,0.0,0.0443425178527832,0.7339719804807844,3.0,"{""nevents"": 65.0, ""ndays_act"": 19.0, ""nchapters"": 8.0}"
HarvardX,1,aligned,0,3842,NICE,native,NICE_native,0,out_of_bounds:nevents,0.0,0.003726959228515625,0.36016096579476864,1.0,"{""nevents"": 53.0, ""ndays_act"": 16.0, ""nchapters"": 10.0}"
HarvardX,1,aligned,0,3842,NICE,bounded,NICE_bounded,0,classifier_target_not_met,0.0,0.003726959228515625,0.0,0.0,"{""nevents"": 232.0, ""ndays_act"": 16.0, ""nchapters"": 10.0}"
HarvardX,1,aligned,0,3842,NICE,bounded+edit,NICE_bounded+edit,0,classifier_target_not_met,0.0,0.003726959228515625,0.0,0.0,"{""nevents"": 232.0, ""ndays_act"": 16.0, ""nchapters"": 10.0}"
HarvardX,1,aligned,0,3842,MCCE,native,MCCE_native,0,out_of_bounds:nevents;out_of_bounds:ndays_act,0.0,0.04476761817932129,0.37634697071316786,2.0,"{""nevents"": 56.0, ""ndays_act"": 15.0, ""nchapters"": 10.0}"
HarvardX,1,aligned,0,3842,MCCE,bounded,MCCE_bounded,1,OK,0.0,0.04476761817932129,0.6741784037558686,2.0,"{""nevents"": 302.0, ""ndays_act"": 40.0, ""nchapters"": 10.0}"
HarvardX,1,aligned,0,3842,MCCE,bounded+edit,MCCE_bounded+edit,1,OK,0.0,0.04476761817932129,0.6741784037558686,2.0,"{""nevents"": 302.0, ""ndays_act"": 40.0, ""nchapters"": 10.0}"
HarvardX,1,aligned,0,3847,NICE,native,NICE_native,1,OK,0.0,0.0038688182830810547,0.2037037037037037,1.0,"{""nevents"": 61.0, ""ndays_act"": 18.0, ""nchapters"": 8.0}"
HarvardX,1,aligned,0,3847,NICE,bounded,NICE_bounded,1,OK,0.0,0.0038688182830810547,0.2037037037037037,1.0,"{""nevents"": 61.0, ""ndays_act"": 18.0, ""nchapters"": 8.0}"
HarvardX,1,aligned,0,3847,NICE,bounded+edit,NICE_bounded+edit,1,OK,0.0,0.0038688182830810547,0.2037037037037037,1.0,"{""nevents"": 61.0, ""ndays_act"": 18.0, ""nchapters"": 8.0}"
HarvardX,1,aligned,0,3847,MCCE,native,MCCE_native,1,OK,0.0,0.0498354434967041,0.228210246174318,2.0,"{""nevents"": 65.0, ""ndays_act"": 19.0, ""nchapters"": 8.0}"
HarvardX,1,aligned,0,3847,MCCE,bounded,MCCE_bounded,1,OK,0.0,0.0498354434967041,0.228210246174318,2.0,"{""nevents"": 65.0, ""ndays_act"": 19.0, ""nchapters"": 8.0}"
HarvardX,1,aligned,0,3847,MCCE,bounded+edit,MCCE_bounded+edit,1,OK,0.0,0.0498354434967041,0.228210246174318,2.0,"{""nevents"": 65.0, ""ndays_act"": 19.0, ""nchapters"": 8.0}"
HarvardX,1,aligned,0,3854,NICE,native,NICE_native,0,out_of_bounds:nevents,0.0,0.004807472229003906,0.1501151067714535,2.0,"{""nevents"": 13.0, ""ndays_act"": 8.0, ""nchapters"": 12.0}"
HarvardX,1,aligned,0,3854,NICE,bounded,NICE_bounded,0,classifier_target_not_met,0.0,0.004807472229003906,0.07017543859649122,1.0,"{""nevents"": 66.0, ""ndays_act"": 8.0, ""nchapters"": 12.0}"
HarvardX,1,aligned,0,3854,NICE,bounded+edit,NICE_bounded+edit,0,classifier_target_not_met,0.0,0.004807472229003906,0.07017543859649122,1.0,"{""nevents"": 66.0, ""ndays_act"": 8.0, ""nchapters"": 12.0}"
HarvardX,1,aligned,0,3854,MCCE,native,MCCE_native,0,out_of_bounds:nevents,0.0,0.02704477310180664,0.1791696435659284,2.0,"{""nevents"": 17.0, ""ndays_act"": 10.0, ""nchapters"": 12.0}"
HarvardX,1,aligned,0,3854,MCCE,bounded,MCCE_bounded,1,OK,0.0,0.02704477310180664,0.19449075176629355,2.0,"{""nevents"": 67.0, ""ndays_act"": 15.0, ""nchapters"": 12.0}"
HarvardX,1,aligned,0,3854,MCCE,bounded+edit,MCCE_bounded+edit,1,OK,0.0,0.02704477310180664,0.19449075176629355,2.0,"{""nevents"": 67.0, ""ndays_act"": 15.0, ""nchapters"": 12.0}"
HarvardX,1,aligned,0,3859,NICE,native,NICE_native,0,out_of_bounds:nevents,0.0,0.004662990570068359,0.09182487407981403,2.0,"{""nevents"": 13.0, ""ndays_act"": 8.0, ""nchapters"": 12.0}"
HarvardX,1,aligned,0,3859,NICE,bounded,NICE_bounded,0,classifier_target_not_met,0.0,0.004662990570068359,0.08620689655172414,1.0,"{""nevents"": 17.0, ""ndays_act"": 8.0, ""nchapters"": 12.0}"
HarvardX,1,aligned,0,3859,NICE,bounded+edit,NICE_bounded+edit,0,classifier_target_not_met,0.0,0.004662990570068359,0.08620689655172414,1.0,"{""nevents"": 17.0, ""ndays_act"": 8.0, ""nchapters"": 12.0}"
HarvardX,1,aligned,0,3859,MCCE,native,MCCE_native,1,OK,0.0,0.026229381561279297,0.1206896551724138,1.0,"{""nevents"": 17.0, ""ndays_act"": 10.0, ""nchapters"": 12.0}"
HarvardX,1,aligned,0,3859,MCCE,bounded,MCCE_bounded,1,OK,0.0,0.026229381561279297,0.1206896551724138,1.0,"{""nevents"": 17.0, ""ndays_act"": 10.0, ""nchapters"": 12.0}"
HarvardX,1,aligned,0,3859,MCCE,bounded+edit,MCCE_bounded+edit,1,OK,0.0,0.026229381561279297,0.1206896551724138,1.0,"{""nevents"": 17.0, ""ndays_act"": 10.0, ""nchapters"": 12.0}"
HarvardX,1,aligned,0,3888,NICE,native,NICE_native,0,out_of_bounds:nevents,0.0,0.0037245750427246094,0.10133843212237094,1.0,"{""nevents"": 153.0, ""ndays_act"": 22.0, ""nchapters"": 12.0}"
HarvardX,1,aligned,0,3888,NICE,bounded,NICE_bounded,0,classifier_target_not_met,0.0,0.0037245750427246094,0.0,0.0,"{""nevents"": 206.0, ""ndays_act"": 22.0, ""nchapters"": 12.0}"
HarvardX,1,aligned,0,3888,NICE,bounded+edit,NICE_bounded+edit,0,classifier_target_not_met,0.0,0.0037245750427246094,0.0,0.0,"{""nevents"": 206.0, ""ndays_act"": 22.0, ""nchapters"": 12.0}"
HarvardX,1,aligned,0,3888,MCCE,native,MCCE_native,0,out_of_bounds:nevents,0.0,0.026699066162109375,0.2447418738049713,1.0,"{""nevents"": 78.0, ""ndays_act"": 22.0, ""nchapters"": 12.0}"
HarvardX,1,aligned,0,3888,MCCE,bounded,MCCE_bounded,1,OK,0.0,0.026699066162109375,0.14766877481982643,2.0,"{""nevents"": 243.0, ""ndays_act"": 25.0, ""nchapters"": 12.0}"
HarvardX,1,aligned,0,3888,MCCE,bounded+edit,MCCE_bounded+edit,1,OK,0.0,0.026699066162109375,0.14766877481982643,2.0,"{""nevents"": 243.0, ""ndays_act"": 25.0, ""nchapters"": 12.0}"
HarvardX,1,aligned,0,3892,NICE,native,NICE_native,1,OK,0.0,0.0049707889556884766,0.2241561537250669,2.0,"{""nevents"": 20.0, ""ndays_act"": 12.0, ""nchapters"": 9.0}"
HarvardX,1,aligned,0,3892,NICE,bounded,NICE_bounded,1,OK,0.0,0.0049707889556884766,0.2241561537250669,2.0,"{""nevents"": 20.0, ""ndays_act"": 12.0, ""nchapters"": 9.0}"
HarvardX,1,aligned,0,3892,NICE,bounded+edit,NICE_bounded+edit,1,OK,0.0,0.0049707889556884766,0.2241561537250669,2.0,"{""nevents"": 20.0, ""ndays_act"": 12.0, ""nchapters"": 9.0}"
HarvardX,1,aligned,0,3892,MCCE,native,MCCE_native,1,OK,0.0,0.043836116790771484,0.4347972745058355,2.0,"{""nevents"": 66.0, ""ndays_act"": 21.0, ""nchapters"": 9.0}"
HarvardX,1,aligned,0,3892,MCCE,bounded,MCCE_bounded,1,OK,0.0,0.043836116790771484,0.4347972745058355,2.0,"{""nevents"": 66.0, ""ndays_act"": 21.0, ""nchapters"": 9.0}"
HarvardX,1,aligned,0,3892,MCCE,bounded+edit,MCCE_bounded+edit,1,OK,0.0,0.043836116790771484,0.4347972745058355,2.0,"{""nevents"": 66.0, ""ndays_act"": 21.0, ""nchapters"": 9.0}"
HarvardX,1,aligned,0,3961,NICE,native,NICE_native,1,OK,0.0,0.004858255386352539,0.21268377188875362,2.0,"{""nevents"": 24.0, ""ndays_act"": 13.0, ""nchapters"": 11.0}"
HarvardX,1,aligned,0,3961,NICE,bounded,NICE_bounded,1,OK,0.0,0.004858255386352539,0.21268377188875362,2.0,"{""nevents"": 24.0, ""ndays_act"": 13.0, ""nchapters"": 11.0}"
HarvardX,1,aligned,0,3961,NICE,bounded+edit,NICE_bounded+edit,1,OK,0.0,0.004858255386352539,0.21268377188875362,2.0,"{""nevents"": 24.0, ""ndays_act"": 13.0, ""nchapters"": 11.0}"
HarvardX,1,aligned,0,3961,MCCE,native,MCCE_native,1,OK,0.0,0.0428013801574707,0.662421575053844,2.0,"{""nevents"": 141.0, ""ndays_act"": 30.0, ""nchapters"": 11.0}"
HarvardX,1,aligned,0,3961,MCCE,bounded,MCCE_bounded,1,OK,0.0,0.0428013801574707,0.662421575053844,2.0,"{""nevents"": 141.0, ""ndays_act"": 30.0, ""nchapters"": 11.0}"
HarvardX,1,aligned,0,3961,MCCE,bounded+edit,MCCE_bounded+edit,1,OK,0.0,0.0428013801574707,0.662421575053844,2.0,"{""nevents"": 141.0, ""ndays_act"": 30.0, ""nchapters"": 11.0}"
HarvardX,1,aligned,0,3988,NICE,native,NICE_native,0,out_of_bounds:nevents,0.0,0.004572391510009766,0.22797797797797797,2.0,"{""nevents"": 13.0, ""ndays_act"": 8.0, ""nchapters"": 12.0}"
HarvardX,1,aligned,0,3988,NICE,bounded,NICE_bounded,0,classifier_target_not_met,0.0,0.004572391510009766,0.018518518518518517,1.0,"{""nevents"": 137.0, ""ndays_act"": 8.0, ""nchapters"": 12.0}"
HarvardX,1,aligned,0,3988,NICE,bounded+edit,NICE_bounded+edit,0,classifier_target_not_met,0.0,0.004572391510009766,0.018518518518518517,1.0,"{""nevents"": 137.0, ""ndays_act"": 8.0, ""nchapters"": 12.0}"
HarvardX,1,aligned,0,3988,MCCE,native,MCCE_native,0,out_of_bounds:nevents,0.0,0.028777360916137695,0.25825825825825827,2.0,"{""nevents"": 17.0, ""ndays_act"": 10.0, ""nchapters"": 12.0}"
HarvardX,1,aligned,0,3988,MCCE,bounded,MCCE_bounded,1,OK,0.0,0.028777360916137695,0.35873373373373374,2.0,"{""nevents"": 163.0, ""ndays_act"": 24.0, ""nchapters"": 12.0}"
HarvardX,1,aligned,0,3988,MCCE,bounded+edit,MCCE_bounded+edit,1,OK,0.0,0.028777360916137695,0.35873373373373374,2.0,"{""nevents"": 163.0, ""ndays_act"": 24.0, ""nchapters"": 12.0}"
HarvardX,1,aligned,0,3996,NICE,native,NICE_native,1,OK,0.0,0.005711793899536133,0.7326677010951449,3.0,"{""nevents"": 76.0, ""ndays_act"": 18.0, ""nchapters"": 8.0}"
HarvardX,1,aligned,0,3996,NICE,bounded,NICE_bounded,1,OK,0.0,0.005711793899536133,0.7326677010951449,3.0,"{""nevents"": 76.0, ""ndays_act"": 18.0, ""nchapters"": 8.0}"
HarvardX,1,aligned,0,3996,NICE,bounded+edit,NICE_bounded+edit,1,OK,0.0,0.005711793899536133,0.7326677010951449,3.0,"{""nevents"": 76.0, ""ndays_act"": 18.0, ""nchapters"": 8.0}"
HarvardX,1,aligned,0,3996,MCCE,native,MCCE_native,1,OK,0.0,0.0521845817565918,0.7339719804807844,3.0,"{""nevents"": 65.0, ""ndays_act"": 19.0, ""nchapters"": 8.0}"
HarvardX,1,aligned,0,3996,MCCE,bounded,MCCE_bounded,1,OK,0.0,0.0521845817565918,0.7339719804807844,3.0,"{""nevents"": 65.0, ""ndays_act"": 19.0, ""nchapters"": 8.0}"
HarvardX,1,aligned,0,3996,MCCE,bounded+edit,MCCE_bounded+edit,1,OK,0.0,0.0521845817565918,0.7339719804807844,3.0,"{""nevents"": 65.0, ""ndays_act"": 19.0, ""nchapters"": 8.0}"
HarvardX,1,aligned,0,4004,NICE,native,NICE_native,1,OK,0.0,0.004525423049926758,0.37512749188687994,2.0,"{""nevents"": 76.0, ""ndays_act"": 18.0, ""nchapters"": 8.0}"
HarvardX,1,aligned,0,4004,NICE,bounded,NICE_bounded,1,OK,0.0,0.004525423049926758,0.37512749188687994,2.0,"{""nevents"": 76.0, ""ndays_act"": 18.0, ""nchapters"": 8.0}"
HarvardX,1,aligned,0,4004,NICE,bounded+edit,NICE_bounded+edit,1,OK,0.0,0.004525423049926758,0.37512749188687994,2.0,"{""nevents"": 76.0, ""ndays_act"": 18.0, ""nchapters"": 8.0}"
HarvardX,1,aligned,0,4004,MCCE,native,MCCE_native,1,OK,0.0,0.040923118591308594,0.3764951321279555,2.0,"{""nevents"": 65.0, ""ndays_act"": 19.0, ""nchapters"": 8.0}"
HarvardX,1,aligned,0,4004,MCCE,bounded,MCCE_bounded,1,OK,0.0,0.040923118591308594,0.3764951321279555,2.0,"{""nevents"": 65.0, ""ndays_act"": 19.0, ""nchapters"": 8.0}"
HarvardX,1,aligned,0,4004,MCCE,bounded+edit,MCCE_bounded+edit,1,OK,0.0,0.040923118591308594,0.3764951321279555,2.0,"{""nevents"": 65.0, ""ndays_act"": 19.0, ""nchapters"": 8.0}"
HarvardX,1,aligned,0,4009,NICE,native,NICE_native,1,OK,0.0,0.005648136138916016,0.5993343677618116,3.0,"{""nevents"": 76.0, ""ndays_act"": 18.0, ""nchapters"": 8.0}"
HarvardX,1,aligned,0,4009,NICE,bounded,NICE_bounded,1,OK,0.0,0.005648136138916016,0.5993343677618116,3.0,"{""nevents"": 76.0, ""ndays_act"": 18.0, ""nchapters"": 8.0}"
HarvardX,1,aligned,0,4009,NICE,bounded+edit,NICE_bounded+edit,1,OK,0.0,0.005648136138916016,0.5993343677618116,3.0,"{""nevents"": 76.0, ""ndays_act"": 18.0, ""nchapters"": 8.0}"
HarvardX,1,aligned,0,4009,MCCE,native,MCCE_native,1,OK,0.0,0.040407419204711914,0.6006386471474511,3.0,"{""nevents"": 65.0, ""ndays_act"": 19.0, ""nchapters"": 8.0}"
HarvardX,1,aligned,0,4009,MCCE,bounded,MCCE_bounded,1,OK,0.0,0.040407419204711914,0.6006386471474511,3.0,"{""nevents"": 65.0, ""ndays_act"": 19.0, ""nchapters"": 8.0}"
HarvardX,1,aligned,0,4009,MCCE,bounded+edit,MCCE_bounded+edit,1,OK,0.0,0.040407419204711914,0.6006386471474511,3.0,"{""nevents"": 65.0, ""ndays_act"": 19.0, ""nchapters"": 8.0}"
HarvardX,1,aligned,0,4012,NICE,native,NICE_native,0,out_of_bounds:nevents,0.0,0.0034482479095458984,0.08446455505279035,1.0,"{""nevents"": 10.0, ""ndays_act"": 10.0, ""nchapters"": 10.0}"
HarvardX,1,aligned,0,4012,NICE,bounded,NICE_bounded,0,classifier_target_not_met,0.0,0.0034482479095458984,0.0,0.0,"{""nevents"": 66.0, ""ndays_act"": 10.0, ""nchapters"": 10.0}"
HarvardX,1,aligned,0,4012,NICE,bounded+edit,NICE_bounded+edit,0,classifier_target_not_met,0.0,0.0034482479095458984,0.0,0.0,"{""nevents"": 66.0, ""ndays_act"": 10.0, ""nchapters"": 10.0}"
HarvardX,1,aligned,0,4012,MCCE,native,MCCE_native,0,out_of_bounds:nevents,0.0,0.047722816467285156,0.11312217194570136,2.0,"{""nevents"": 56.0, ""ndays_act"": 15.0, ""nchapters"": 10.0}"
HarvardX,1,aligned,0,4012,MCCE,bounded,MCCE_bounded,1,OK,0.0,0.047722816467285156,0.49924585218702866,2.0,"{""nevents"": 150.0, ""ndays_act"": 29.0, ""nchapters"": 10.0}"
HarvardX,1,aligned,0,4012,MCCE,bounded+edit,MCCE_bounded+edit,1,OK,0.0,0.047722816467285156,0.49924585218702866,2.0,"{""nevents"": 150.0, ""ndays_act"": 29.0, ""nchapters"": 10.0}"
HarvardX,1,aligned,0,4036,NICE,native,NICE_native,0,out_of_bounds:nevents,0.0,0.003645181655883789,0.10135135135135136,1.0,"{""nevents"": 77.0, ""ndays_act"": 19.0, ""nchapters"": 11.0}"
HarvardX,1,aligned,0,4036,NICE,bounded,NICE_bounded,0,classifier_target_not_met,0.0,0.003645181655883789,0.0,0.0,"{""nevents"": 137.0, ""ndays_act"": 19.0, ""nchapters"": 11.0}"
HarvardX,1,aligned,0,4036,NICE,bounded+edit,NICE_bounded+edit,0,classifier_target_not_met,0.0,0.003645181655883789,0.0,0.0,"{""nevents"": 137.0, ""ndays_act"": 19.0, ""nchapters"": 11.0}"
HarvardX,1,aligned,0,4036,MCCE,native,MCCE_native,1,OK,0.0,0.04711508750915527,0.26866151866151866,2.0,"{""nevents"": 141.0, ""ndays_act"": 30.0, ""nchapters"": 11.0}"
HarvardX,1,aligned,0,4036,MCCE,bounded,MCCE_bounded,1,OK,0.0,0.04711508750915527,0.26866151866151866,2.0,"{""nevents"": 141.0, ""ndays_act"": 30.0, ""nchapters"": 11.0}"
HarvardX,1,aligned,0,4036,MCCE,bounded+edit,MCCE_bounded+edit,1,OK,0.0,0.04711508750915527,0.26866151866151866,2.0,"{""nevents"": 141.0, ""ndays_act"": 30.0, ""nchapters"": 11.0}"
HarvardX,1,aligned,0,4056,NICE,native,NICE_native,0,out_of_bounds:nevents,0.0,0.003463268280029297,0.12939297124600638,1.0,"{""nevents"": 22.0, ""ndays_act"": 10.0, ""nchapters"": 12.0}"
HarvardX,1,aligned,0,4056,NICE,bounded,NICE_bounded,0,classifier_target_not_met,0.0,0.003463268280029297,0.0,0.0,"{""nevents"": 103.0, ""ndays_act"": 10.0, ""nchapters"": 12.0}"
HarvardX,1,aligned,0,4056,NICE,bounded+edit,NICE_bounded+edit,0,classifier_target_not_met,0.0,0.003463268280029297,0.0,0.0,"{""nevents"": 103.0, ""ndays_act"": 10.0, ""nchapters"": 12.0}"
HarvardX,1,aligned,0,4056,MCCE,native,MCCE_native,0,out_of_bounds:nevents,0.0,0.03182816505432129,0.13738019169329074,1.0,"{""nevents"": 17.0, ""ndays_act"": 10.0, ""nchapters"": 12.0}"
HarvardX,1,aligned,0,4056,MCCE,bounded,MCCE_bounded,1,OK,0.0,0.03182816505432129,0.19927331955146277,2.0,"{""nevents"": 105.0, ""ndays_act"": 20.0, ""nchapters"": 12.0}"
HarvardX,1,aligned,0,4056,MCCE,bounded+edit,MCCE_bounded+edit,1,OK,0.0,0.03182816505432129,0.19927331955146277,2.0,"{""nevents"": 105.0, ""ndays_act"": 20.0, ""nchapters"": 12.0}"
HarvardX,1,aligned,0,4118,NICE,native,NICE_native,0,out_of_bounds:nevents,0.0,0.003755807876586914,0.08378870673952642,1.0,"{""nevents"": 134.0, ""ndays_act"": 20.0, ""nchapters"": 12.0}"
HarvardX,1,aligned,0,4118,NICE,bounded,NICE_bounded,0,classifier_target_not_met,0.0,0.003755807876586914,0.0,0.0,"{""nevents"": 180.0, ""ndays_act"": 20.0, ""nchapters"": 12.0}"
HarvardX,1,aligned,0,4118,NICE,bounded+edit,NICE_bounded+edit,0,classifier_target_not_met,0.0,0.003755807876586914,0.0,0.0,"{""nevents"": 180.0, ""ndays_act"": 20.0, ""nchapters"": 12.0}"
HarvardX,1,aligned,0,4118,MCCE,native,MCCE_native,0,out_of_bounds:nevents,0.0,0.02792525291442871,0.08378870673952642,1.0,"{""nevents"": 134.0, ""ndays_act"": 20.0, ""nchapters"": 12.0}"
HarvardX,1,aligned,0,4118,MCCE,bounded,MCCE_bounded,1,OK,0.0,0.02792525291442871,0.0975609756097561,1.0,"{""nevents"": 180.0, ""ndays_act"": 24.0, ""nchapters"": 12.0}"
HarvardX,1,aligned,0,4118,MCCE,bounded+edit,MCCE_bounded+edit,1,OK,0.0,0.02792525291442871,0.0975609756097561,1.0,"{""nevents"": 180.0, ""ndays_act"": 24.0, ""nchapters"": 12.0}"
HarvardX,1,aligned,0,4193,NICE,native,NICE_native,0,out_of_bounds:nevents,0.0,0.004778146743774414,0.25091799265605874,2.0,"{""nevents"": 24.0, ""ndays_act"": 13.0, ""nchapters"": 11.0}"
HarvardX,1,aligned,0,4193,NICE,bounded,NICE_bounded,0,classifier_target_not_met,0.0,0.004778146743774414,0.15789473684210525,1.0,"{""nevents"": 84.0, ""ndays_act"": 13.0, ""nchapters"": 11.0}"
HarvardX,1,aligned,0,4193,NICE,bounded+edit,NICE_bounded+edit,0,classifier_target_not_met,0.0,0.004778146743774414,0.15789473684210525,1.0,"{""nevents"": 84.0, ""ndays_act"": 13.0, ""nchapters"": 11.0}"
HarvardX,1,aligned,0,4193,MCCE,native,MCCE_native,1,OK,0.0,0.04218935966491699,0.5445124439004487,2.0,"{""nevents"": 141.0, ""ndays_act"": 30.0, ""nchapters"": 11.0}"
HarvardX,1,aligned,0,4193,MCCE,bounded,MCCE_bounded,1,OK,0.0,0.04218935966491699,0.5445124439004487,2.0,"{""nevents"": 141.0, ""ndays_act"": 30.0, ""nchapters"": 11.0}"
HarvardX,1,aligned,0,4193,MCCE,bounded+edit,MCCE_bounded+edit,1,OK,0.0,0.04218935966491699,0.5445124439004487,2.0,"{""nevents"": 141.0, ""ndays_act"": 30.0, ""nchapters"": 11.0}"
HarvardX,1,aligned,0,4271,NICE,native,NICE_native,1,OK,0.0,0.0048198699951171875,0.3993343677618116,2.0,"{""nevents"": 76.0, ""ndays_act"": 18.0, ""nchapters"": 8.0}"
HarvardX,1,aligned,0,4271,NICE,bounded,NICE_bounded,1,OK,0.0,0.0048198699951171875,0.3993343677618116,2.0,"{""nevents"": 76.0, ""ndays_act"": 18.0, ""nchapters"": 8.0}"
HarvardX,1,aligned,0,4271,NICE,bounded+edit,NICE_bounded+edit,1,OK,0.0,0.0048198699951171875,0.3993343677618116,2.0,"{""nevents"": 76.0, ""ndays_act"": 18.0, ""nchapters"": 8.0}"
HarvardX,1,aligned,0,4271,MCCE,native,MCCE_native,1,OK,0.0,0.04249882698059082,0.40063864714745107,2.0,"{""nevents"": 65.0, ""ndays_act"": 19.0, ""nchapters"": 8.0}"
HarvardX,1,aligned,0,4271,MCCE,bounded,MCCE_bounded,1,OK,0.0,0.04249882698059082,0.40063864714745107,2.0,"{""nevents"": 65.0, ""ndays_act"": 19.0, ""nchapters"": 8.0}"
HarvardX,1,aligned,0,4271,MCCE,bounded+edit,MCCE_bounded+edit,1,OK,0.0,0.04249882698059082,0.40063864714745107,2.0,"{""nevents"": 65.0, ""ndays_act"": 19.0, ""nchapters"": 8.0}"
HarvardX,1,aligned,0,4353,NICE,native,NICE_native,1,OK,0.0,0.004817962646484375,0.13315018315018315,2.0,"{""nevents"": 13.0, ""ndays_act"": 8.0, ""nchapters"": 12.0}"
HarvardX,1,aligned,0,4353,NICE,bounded,NICE_bounded,1,OK,0.0,0.004817962646484375,0.13315018315018315,2.0,"{""nevents"": 13.0, ""ndays_act"": 8.0, ""nchapters"": 12.0}"
HarvardX,1,aligned,0,4353,NICE,bounded+edit,NICE_bounded+edit,1,OK,0.0,0.004817962646484375,0.13315018315018315,2.0,"{""nevents"": 13.0, ""ndays_act"": 8.0, ""nchapters"": 12.0}"
HarvardX,1,aligned,0,4353,MCCE,native,MCCE_native,1,OK,0.0,0.02518749237060547,0.17197802197802198,2.0,"{""nevents"": 17.0, ""ndays_act"": 10.0, ""nchapters"": 12.0}"
HarvardX,1,aligned,0,4353,MCCE,bounded,MCCE_bounded,1,OK,0.0,0.02518749237060547,0.17197802197802198,2.0,"{""nevents"": 17.0, ""ndays_act"": 10.0, ""nchapters"": 12.0}"
HarvardX,1,aligned,0,4353,MCCE,bounded+edit,MCCE_bounded+edit,1,OK,0.0,0.02518749237060547,0.17197802197802198,2.0,"{""nevents"": 17.0, ""ndays_act"": 10.0, ""nchapters"": 12.0}"
HarvardX,1,aligned,0,4362,NICE,native,NICE_native,0,out_of_bounds:nevents,0.0,0.0044481754302978516,0.2878625134264232,2.0,"{""nevents"": 13.0, ""ndays_act"": 8.0, ""nchapters"": 12.0}"
HarvardX,1,aligned,0,4362,NICE,bounded,NICE_bounded,0,classifier_target_not_met,0.0,0.0044481754302978516,0.07017543859649122,1.0,"{""nevents"": 141.0, ""ndays_act"": 8.0, ""nchapters"": 12.0}"
HarvardX,1,aligned,0,4362,NICE,bounded+edit,NICE_bounded+edit,0,classifier_target_not_met,0.0,0.0044481754302978516,0.07017543859649122,1.0,"{""nevents"": 141.0, ""ndays_act"": 8.0, ""nchapters"": 12.0}"
HarvardX,1,aligned,0,4362,MCCE,native,MCCE_native,0,out_of_bounds:nevents,0.0,0.0261232852935791,0.31614751163623345,2.0,"{""nevents"": 17.0, ""ndays_act"": 10.0, ""nchapters"": 12.0}"
HarvardX,1,aligned,0,4362,MCCE,bounded,MCCE_bounded,1,OK,0.0,0.0261232852935791,0.38829215896885066,2.0,"{""nevents"": 163.0, ""ndays_act"": 24.0, ""nchapters"": 12.0}"
HarvardX,1,aligned,0,4362,MCCE,bounded+edit,MCCE_bounded+edit,1,OK,0.0,0.0261232852935791,0.38829215896885066,2.0,"{""nevents"": 163.0, ""ndays_act"": 24.0, ""nchapters"": 12.0}"
HarvardX,1,aligned,0,4365,NICE,native,NICE_native,1,OK,0.0,0.004405498504638672,0.33614328299858276,2.0,"{""nevents"": 76.0, ""ndays_act"": 18.0, ""nchapters"": 8.0}"
HarvardX,1,aligned,0,4365,NICE,bounded,NICE_bounded,1,OK,0.0,0.004405498504638672,0.33614328299858276,2.0,"{""nevents"": 76.0, ""ndays_act"": 18.0, ""nchapters"": 8.0}"
HarvardX,1,aligned,0,4365,NICE,bounded+edit,NICE_bounded+edit,1,OK,0.0,0.004405498504638672,0.33614328299858276,2.0,"{""nevents"": 76.0, ""ndays_act"": 18.0, ""nchapters"": 8.0}"
HarvardX,1,aligned,0,4365,MCCE,native,MCCE_native,1,OK,0.0,0.040845394134521484,0.3383668083858672,2.0,"{""nevents"": 65.0, ""ndays_act"": 19.0, ""nchapters"": 8.0}"
HarvardX,1,aligned,0,4365,MCCE,bounded,MCCE_bounded,1,OK,0.0,0.040845394134521484,0.3383668083858672,2.0,"{""nevents"": 65.0, ""ndays_act"": 19.0, ""nchapters"": 8.0}"
HarvardX,1,aligned,0,4365,MCCE,bounded+edit,MCCE_bounded+edit,1,OK,0.0,0.040845394134521484,0.3383668083858672,2.0,"{""nevents"": 65.0, ""ndays_act"": 19.0, ""nchapters"": 8.0}"
HarvardX,1,aligned,0,4381,NICE,native,NICE_native,1,OK,0.0,0.0045833587646484375,0.2460365647979491,2.0,"{""nevents"": 24.0, ""ndays_act"": 13.0, ""nchapters"": 11.0}"
HarvardX,1,aligned,0,4381,NICE,bounded,NICE_bounded,1,OK,0.0,0.0045833587646484375,0.2460365647979491,2.0,"{""nevents"": 24.0, ""ndays_act"": 13.0, ""nchapters"": 11.0}"
HarvardX,1,aligned,0,4381,NICE,bounded+edit,NICE_bounded+edit,1,OK,0.0,0.0045833587646484375,0.2460365647979491,2.0,"{""nevents"": 24.0, ""ndays_act"": 13.0, ""nchapters"": 11.0}"
HarvardX,1,aligned,0,4381,MCCE,native,MCCE_native,1,OK,0.0,0.040908098220825195,0.6852189165486069,2.0,"{""nevents"": 141.0, ""ndays_act"": 30.0, ""nchapters"": 11.0}"
HarvardX,1,aligned,0,4381,MCCE,bounded,MCCE_bounded,1,OK,0.0,0.040908098220825195,0.6852189165486069,2.0,"{""nevents"": 141.0, ""ndays_act"": 30.0, ""nchapters"": 11.0}"
HarvardX,1,aligned,0,4381,MCCE,bounded+edit,MCCE_bounded+edit,1,OK,0.0,0.040908098220825195,0.6852189165486069,2.0,"{""nevents"": 141.0, ""ndays_act"": 30.0, ""nchapters"": 11.0}"
HarvardX,1,aligned,0,4435,NICE,native,NICE_native,1,OK,0.0,0.005707740783691406,0.7326677010951449,3.0,"{""nevents"": 76.0, ""ndays_act"": 18.0, ""nchapters"": 8.0}"
HarvardX,1,aligned,0,4435,NICE,bounded,NICE_bounded,1,OK,0.0,0.005707740783691406,0.7326677010951449,3.0,"{""nevents"": 76.0, ""ndays_act"": 18.0, ""nchapters"": 8.0}"
HarvardX,1,aligned,0,4435,NICE,bounded+edit,NICE_bounded+edit,1,OK,0.0,0.005707740783691406,0.7326677010951449,3.0,"{""nevents"": 76.0, ""ndays_act"": 18.0, ""nchapters"": 8.0}"
HarvardX,1,aligned,0,4435,MCCE,native,MCCE_native,1,OK,0.0,0.04088640213012695,0.7339719804807844,3.0,"{""nevents"": 65.0, ""ndays_act"": 19.0, ""nchapters"": 8.0}"
HarvardX,1,aligned,0,4435,MCCE,bounded,MCCE_bounded,1,OK,0.0,0.04088640213012695,0.7339719804807844,3.0,"{""nevents"": 65.0, ""ndays_act"": 19.0, ""nchapters"": 8.0}"
HarvardX,1,aligned,0,4435,MCCE,bounded+edit,MCCE_bounded+edit,1,OK,0.0,0.04088640213012695,0.7339719804807844,3.0,"{""nevents"": 65.0, ""ndays_act"": 19.0, ""nchapters"": 8.0}"
HarvardX,1,aligned,0,4489,NICE,native,NICE_native,0,out_of_bounds:nevents,0.0,0.004919767379760742,0.08433974454549972,2.0,"{""nevents"": 13.0, ""ndays_act"": 8.0, ""nchapters"": 12.0}"
HarvardX,1,aligned,0,4489,NICE,bounded,NICE_bounded,0,classifier_target_not_met,0.0,0.004919767379760742,0.07017543859649122,1.0,"{""nevents"": 23.0, ""ndays_act"": 8.0, ""nchapters"": 12.0}"
HarvardX,1,aligned,0,4489,NICE,bounded+edit,NICE_bounded+edit,0,classifier_target_not_met,0.0,0.004919767379760742,0.07017543859649122,1.0,"{""nevents"": 23.0, ""ndays_act"": 8.0, ""nchapters"": 12.0}"
HarvardX,1,aligned,0,4489,MCCE,native,MCCE_native,0,out_of_bounds:nevents,0.0,0.026831388473510742,0.11376174146414193,2.0,"{""nevents"": 17.0, ""ndays_act"": 10.0, ""nchapters"": 12.0}"
HarvardX,1,aligned,0,4489,MCCE,bounded,MCCE_bounded,1,OK,0.0,0.026831388473510742,0.13697132349286814,2.0,"{""nevents"": 33.0, ""ndays_act"": 11.0, ""nchapters"": 12.0}"
HarvardX,1,aligned,0,4489,MCCE,bounded+edit,MCCE_bounded+edit,1,OK,0.0,0.026831388473510742,0.13697132349286814,2.0,"{""nevents"": 33.0, ""ndays_act"": 11.0, ""nchapters"": 12.0}"
HarvardX,1,aligned,0,4503,NICE,native,NICE_native,1,OK,0.0,0.005649089813232422,0.7326677010951449,3.0,"{""nevents"": 76.0, ""ndays_act"": 18.0, ""nchapters"": 8.0}"
HarvardX,1,aligned,0,4503,NICE,bounded,NICE_bounded,1,OK,0.0,0.005649089813232422,0.7326677010951449,3.0,"{""nevents"": 76.0, ""ndays_act"": 18.0, ""nchapters"": 8.0}"
HarvardX,1,aligned,0,4503,NICE,bounded+edit,NICE_bounded+edit,1,OK,0.0,0.005649089813232422,0.7326677010951449,3.0,"{""nevents"": 76.0, ""ndays_act"": 18.0, ""nchapters"": 8.0}"
HarvardX,1,aligned,0,4503,MCCE,native,MCCE_native,1,OK,0.0,0.04015851020812988,0.7339719804807844,3.0,"{""nevents"": 65.0, ""ndays_act"": 19.0, ""nchapters"": 8.0}"
HarvardX,1,aligned,0,4503,MCCE,bounded,MCCE_bounded,1,OK,0.0,0.04015851020812988,0.7339719804807844,3.0,"{""nevents"": 65.0, ""ndays_act"": 19.0, ""nchapters"": 8.0}"
HarvardX,1,aligned,0,4503,MCCE,bounded+edit,MCCE_bounded+edit,1,OK,0.0,0.04015851020812988,0.7339719804807844,3.0,"{""nevents"": 65.0, ""ndays_act"": 19.0, ""nchapters"": 8.0}"
HarvardX,1,aligned,0,4537,NICE,native,NICE_native,1,OK,0.0,0.005598545074462891,0.5629805992315127,3.0,"{""nevents"": 76.0, ""ndays_act"": 18.0, ""nchapters"": 8.0}"
HarvardX,1,aligned,0,4537,NICE,bounded,NICE_bounded,1,OK,0.0,0.005598545074462891,0.5629805992315127,3.0,"{""nevents"": 76.0, ""ndays_act"": 18.0, ""nchapters"": 8.0}"
HarvardX,1,aligned,0,4537,NICE,bounded+edit,NICE_bounded+edit,1,OK,0.0,0.005598545074462891,0.5629805992315127,3.0,"{""nevents"": 76.0, ""ndays_act"": 18.0, ""nchapters"": 8.0}"
HarvardX,1,aligned,0,4537,MCCE,native,MCCE_native,1,OK,0.0,0.04048919677734375,0.5646307253482945,3.0,"{""nevents"": 65.0, ""ndays_act"": 19.0, ""nchapters"": 8.0}"
HarvardX,1,aligned,0,4537,MCCE,bounded,MCCE_bounded,1,OK,0.0,0.04048919677734375,0.5646307253482945,3.0,"{""nevents"": 65.0, ""ndays_act"": 19.0, ""nchapters"": 8.0}"
HarvardX,1,aligned,0,4537,MCCE,bounded+edit,MCCE_bounded+edit,1,OK,0.0,0.04048919677734375,0.5646307253482945,3.0,"{""nevents"": 65.0, ""ndays_act"": 19.0, ""nchapters"": 8.0}"
HarvardX,1,aligned,0,4561,NICE,native,NICE_native,1,OK,0.0,0.003471851348876953,0.2112482853223594,1.0,"{""nevents"": 154.0, ""ndays_act"": 78.0, ""nchapters"": 11.0}"
HarvardX,1,aligned,0,4561,NICE,bounded,NICE_bounded,1,OK,0.0,0.003471851348876953,0.2112482853223594,1.0,"{""nevents"": 154.0, ""ndays_act"": 78.0, ""nchapters"": 11.0}"
HarvardX,1,aligned,0,4561,NICE,bounded+edit,NICE_bounded+edit,1,OK,0.0,0.003471851348876953,0.2112482853223594,1.0,"{""nevents"": 154.0, ""ndays_act"": 78.0, ""nchapters"": 11.0}"
HarvardX,1,aligned,0,4561,MCCE,native,MCCE_native,1,OK,0.0,0.049948930740356445,0.7229080932784636,1.0,"{""nevents"": 527.0, ""ndays_act"": 78.0, ""nchapters"": 11.0}"
HarvardX,1,aligned,0,4561,MCCE,bounded,MCCE_bounded,1,OK,0.0,0.049948930740356445,0.7229080932784636,1.0,"{""nevents"": 527.0, ""ndays_act"": 78.0, ""nchapters"": 11.0}"
HarvardX,1,aligned,0,4561,MCCE,bounded+edit,MCCE_bounded+edit,1,OK,0.0,0.049948930740356445,0.7229080932784636,1.0,"{""nevents"": 527.0, ""ndays_act"": 78.0, ""nchapters"": 11.0}"
HarvardX,1,aligned,0,4574,NICE,native,NICE_native,1,OK,0.0,0.0056798458099365234,0.4893055735160998,3.0,"{""nevents"": 76.0, ""ndays_act"": 18.0, ""nchapters"": 8.0}"
HarvardX,1,aligned,0,4574,NICE,bounded,NICE_bounded,1,OK,0.0,0.0056798458099365234,0.4893055735160998,3.0,"{""nevents"": 76.0, ""ndays_act"": 18.0, ""nchapters"": 8.0}"
HarvardX,1,aligned,0,4574,NICE,bounded+edit,NICE_bounded+edit,1,OK,0.0,0.0056798458099365234,0.4893055735160998,3.0,"{""nevents"": 76.0, ""ndays_act"": 18.0, ""nchapters"": 8.0}"
HarvardX,1,aligned,0,4574,MCCE,native,MCCE_native,1,OK,0.0,0.04115414619445801,0.49184016552437604,3.0,"{""nevents"": 65.0, ""ndays_act"": 19.0, ""nchapters"": 8.0}"
HarvardX,1,aligned,0,4574,MCCE,bounded,MCCE_bounded,1,OK,0.0,0.04115414619445801,0.49184016552437604,3.0,"{""nevents"": 65.0, ""ndays_act"": 19.0, ""nchapters"": 8.0}"
HarvardX,1,aligned,0,4574,MCCE,bounded+edit,MCCE_bounded+edit,1,OK,0.0,0.04115414619445801,0.49184016552437604,3.0,"{""nevents"": 65.0, ""ndays_act"": 19.0, ""nchapters"": 8.0}"
HarvardX,1,aligned,0,4579,NICE,native,NICE_native,1,OK,0.0,0.004498958587646484,0.3863553113553113,2.0,"{""nevents"": 76.0, ""ndays_act"": 18.0, ""nchapters"": 8.0}"
HarvardX,1,aligned,0,4579,NICE,bounded,NICE_bounded,1,OK,0.0,0.004498958587646484,0.3863553113553113,2.0,"{""nevents"": 76.0, ""ndays_act"": 18.0, ""nchapters"": 8.0}"
HarvardX,1,aligned,0,4579,NICE,bounded+edit,NICE_bounded+edit,1,OK,0.0,0.004498958587646484,0.3863553113553113,2.0,"{""nevents"": 76.0, ""ndays_act"": 18.0, ""nchapters"": 8.0}"
HarvardX,1,aligned,0,4579,MCCE,native,MCCE_native,1,OK,0.0,0.040036916732788086,0.3879120879120879,2.0,"{""nevents"": 65.0, ""ndays_act"": 19.0, ""nchapters"": 8.0}"
HarvardX,1,aligned,0,4579,MCCE,bounded,MCCE_bounded,1,OK,0.0,0.040036916732788086,0.3879120879120879,2.0,"{""nevents"": 65.0, ""ndays_act"": 19.0, ""nchapters"": 8.0}"
HarvardX,1,aligned,0,4579,MCCE,bounded+edit,MCCE_bounded+edit,1,OK,0.0,0.040036916732788086,0.3879120879120879,2.0,"{""nevents"": 65.0, ""ndays_act"": 19.0, ""nchapters"": 8.0}"
HarvardX,1,aligned,0,4583,NICE,native,NICE_native,1,OK,0.0,0.003777027130126953,0.18333333333333332,1.0,"{""nevents"": 12.0, ""ndays_act"": 12.0, ""nchapters"": 9.0}"
HarvardX,1,aligned,0,4583,NICE,bounded,NICE_bounded,1,OK,0.0,0.003777027130126953,0.18333333333333332,1.0,"{""nevents"": 12.0, ""ndays_act"": 12.0, ""nchapters"": 9.0}"
HarvardX,1,aligned,0,4583,NICE,bounded+edit,NICE_bounded+edit,1,OK,0.0,0.003777027130126953,0.18333333333333332,1.0,"{""nevents"": 12.0, ""ndays_act"": 12.0, ""nchapters"": 9.0}"
HarvardX,1,aligned,0,4583,MCCE,native,MCCE_native,1,OK,0.0,0.040357112884521484,0.4086471408647141,2.0,"{""nevents"": 66.0, ""ndays_act"": 21.0, ""nchapters"": 9.0}"
HarvardX,1,aligned,0,4583,MCCE,bounded,MCCE_bounded,1,OK,0.0,0.040357112884521484,0.4086471408647141,2.0,"{""nevents"": 66.0, ""ndays_act"": 21.0, ""nchapters"": 9.0}"
HarvardX,1,aligned,0,4583,MCCE,bounded+edit,MCCE_bounded+edit,1,OK,0.0,0.040357112884521484,0.4086471408647141,2.0,"{""nevents"": 66.0, ""ndays_act"": 21.0, ""nchapters"": 9.0}"
HarvardX,1,aligned,0,4584,NICE,native,NICE_native,0,out_of_bounds:nevents,0.0,0.005728721618652344,0.45815068493150685,3.0,"{""nevents"": 76.0, ""ndays_act"": 18.0, ""nchapters"": 8.0}"
HarvardX,1,aligned,0,4584,NICE,bounded,NICE_bounded,0,classifier_target_not_met,0.0,0.005728721618652344,0.34,2.0,"{""nevents"": 145.0, ""ndays_act"": 18.0, ""nchapters"": 8.0}"
HarvardX,1,aligned,0,4584,NICE,bounded+edit,NICE_bounded+edit,0,classifier_target_not_met,0.0,0.005728721618652344,0.34,2.0,"{""nevents"": 145.0, ""ndays_act"": 18.0, ""nchapters"": 8.0}"
HarvardX,1,aligned,0,4584,MCCE,native,MCCE_native,0,out_of_bounds:nevents,0.0,0.04054570198059082,0.49698630136986305,3.0,"{""nevents"": 65.0, ""ndays_act"": 19.0, ""nchapters"": 8.0}"
HarvardX,1,aligned,0,4584,MCCE,bounded,MCCE_bounded,1,OK,0.0,0.04054570198059082,0.9685616438356164,3.0,"{""nevents"": 150.0, ""ndays_act"": 29.0, ""nchapters"": 10.0}"
HarvardX,1,aligned,0,4584,MCCE,bounded+edit,MCCE_bounded+edit,1,OK,0.0,0.04054570198059082,0.9685616438356164,3.0,"{""nevents"": 150.0, ""ndays_act"": 29.0, ""nchapters"": 10.0}"
HarvardX,1,aligned,0,4597,NICE,native,NICE_native,1,OK,0.0,0.004932880401611328,0.14898018844588365,2.0,"{""nevents"": 13.0, ""ndays_act"": 8.0, ""nchapters"": 12.0}"
HarvardX,1,aligned,0,4597,NICE,bounded,NICE_bounded,1,OK,0.0,0.004932880401611328,0.14898018844588365,2.0,"{""nevents"": 13.0, ""ndays_act"": 8.0, ""nchapters"": 12.0}"
HarvardX,1,aligned,0,4597,NICE,bounded+edit,NICE_bounded+edit,1,OK,0.0,0.004932880401611328,0.14898018844588365,2.0,"{""nevents"": 13.0, ""ndays_act"": 8.0, ""nchapters"": 12.0}"
HarvardX,1,aligned,0,4597,MCCE,native,MCCE_native,1,OK,0.0,0.02601337432861328,0.1872540421417167,2.0,"{""nevents"": 17.0, ""ndays_act"": 10.0, ""nchapters"": 12.0}"
HarvardX,1,aligned,0,4597,MCCE,bounded,MCCE_bounded,1,OK,0.0,0.02601337432861328,0.1872540421417167,2.0,"{""nevents"": 17.0, ""ndays_act"": 10.0, ""nchapters"": 12.0}"
HarvardX,1,aligned,0,4597,MCCE,bounded+edit,MCCE_bounded+edit,1,OK,0.0,0.02601337432861328,0.1872540421417167,2.0,"{""nevents"": 17.0, ""ndays_act"": 10.0, ""nchapters"": 12.0}"
HarvardX,1,aligned,0,4638,NICE,native,NICE_native,1,OK,0.0,0.004637479782104492,0.4037037037037037,2.0,"{""nevents"": 77.0, ""ndays_act"": 18.0, ""nchapters"": 8.0}"
HarvardX,1,aligned,0,4638,NICE,bounded,NICE_bounded,1,OK,0.0,0.004637479782104492,0.4037037037037037,2.0,"{""nevents"": 77.0, ""ndays_act"": 18.0, ""nchapters"": 8.0}"
HarvardX,1,aligned,0,4638,NICE,bounded+edit,NICE_bounded+edit,1,OK,0.0,0.004637479782104492,0.4037037037037037,2.0,"{""nevents"": 77.0, ""ndays_act"": 18.0, ""nchapters"": 8.0}"
HarvardX,1,aligned,0,4638,MCCE,native,MCCE_native,0,out_of_bounds:nevents,0.0,0.04132676124572754,0.44062713019768235,3.0,"{""nevents"": 65.0, ""ndays_act"": 19.0, ""nchapters"": 8.0}"
HarvardX,1,aligned,0,4638,MCCE,bounded,MCCE_bounded,1,OK,0.0,0.04132676124572754,1.1193705975914563,3.0,"{""nevents"": 150.0, ""ndays_act"": 29.0, ""nchapters"": 10.0}"
HarvardX,1,aligned,0,4638,MCCE,bounded+edit,MCCE_bounded+edit,1,OK,0.0,0.04132676124572754,1.1193705975914563,3.0,"{""nevents"": 150.0, ""ndays_act"": 29.0, ""nchapters"": 10.0}"
HarvardX,1,aligned,0,4683,NICE,native,NICE_native,1,OK,0.0,0.004614114761352539,0.3993343677618116,2.0,"{""nevents"": 76.0, ""ndays_act"": 18.0, ""nchapters"": 8.0}"
HarvardX,1,aligned,0,4683,NICE,bounded,NICE_bounded,1,OK,0.0,0.004614114761352539,0.3993343677618116,2.0,"{""nevents"": 76.0, ""ndays_act"": 18.0, ""nchapters"": 8.0}"
HarvardX,1,aligned,0,4683,NICE,bounded+edit,NICE_bounded+edit,1,OK,0.0,0.004614114761352539,0.3993343677618116,2.0,"{""nevents"": 76.0, ""ndays_act"": 18.0, ""nchapters"": 8.0}"
HarvardX,1,aligned,0,4683,MCCE,native,MCCE_native,1,OK,0.0,0.040462493896484375,0.40063864714745107,2.0,"{""nevents"": 65.0, ""ndays_act"": 19.0, ""nchapters"": 8.0}"
HarvardX,1,aligned,0,4683,MCCE,bounded,MCCE_bounded,1,OK,0.0,0.040462493896484375,0.40063864714745107,2.0,"{""nevents"": 65.0, ""ndays_act"": 19.0, ""nchapters"": 8.0}"
HarvardX,1,aligned,0,4683,MCCE,bounded+edit,MCCE_bounded+edit,1,OK,0.0,0.040462493896484375,0.40063864714745107,2.0,"{""nevents"": 65.0, ""ndays_act"": 19.0, ""nchapters"": 8.0}"
HarvardX,1,aligned,0,4692,NICE,native,NICE_native,1,OK,0.0,0.004575014114379883,0.2460365647979491,2.0,"{""nevents"": 24.0, ""ndays_act"": 13.0, ""nchapters"": 11.0}"
HarvardX,1,aligned,0,4692,NICE,bounded,NICE_bounded,1,OK,0.0,0.004575014114379883,0.2460365647979491,2.0,"{""nevents"": 24.0, ""ndays_act"": 13.0, ""nchapters"": 11.0}"
HarvardX,1,aligned,0,4692,NICE,bounded+edit,NICE_bounded+edit,1,OK,0.0,0.004575014114379883,0.2460365647979491,2.0,"{""nevents"": 24.0, ""ndays_act"": 13.0, ""nchapters"": 11.0}"
HarvardX,1,aligned,0,4692,MCCE,native,MCCE_native,1,OK,0.0,0.04164910316467285,0.6852189165486069,2.0,"{""nevents"": 141.0, ""ndays_act"": 30.0, ""nchapters"": 11.0}"
HarvardX,1,aligned,0,4692,MCCE,bounded,MCCE_bounded,1,OK,0.0,0.04164910316467285,0.6852189165486069,2.0,"{""nevents"": 141.0, ""ndays_act"": 30.0, ""nchapters"": 11.0}"
HarvardX,1,aligned,0,4692,MCCE,bounded+edit,MCCE_bounded+edit,1,OK,0.0,0.04164910316467285,0.6852189165486069,2.0,"{""nevents"": 141.0, ""ndays_act"": 30.0, ""nchapters"": 11.0}"
HarvardX,1,aligned,0,4725,NICE,native,NICE_native,1,OK,0.0,0.004561424255371094,0.14898018844588365,2.0,"{""nevents"": 13.0, ""ndays_act"": 8.0, ""nchapters"": 12.0}"
HarvardX,1,aligned,0,4725,NICE,bounded,NICE_bounded,1,OK,0.0,0.004561424255371094,0.14898018844588365,2.0,"{""nevents"": 13.0, ""ndays_act"": 8.0, ""nchapters"": 12.0}"
HarvardX,1,aligned,0,4725,NICE,bounded+edit,NICE_bounded+edit,1,OK,0.0,0.004561424255371094,0.14898018844588365,2.0,"{""nevents"": 13.0, ""ndays_act"": 8.0, ""nchapters"": 12.0}"
HarvardX,1,aligned,0,4725,MCCE,native,MCCE_native,1,OK,0.0,0.025874614715576172,0.1872540421417167,2.0,"{""nevents"": 17.0, ""ndays_act"": 10.0, ""nchapters"": 12.0}"
HarvardX,1,aligned,0,4725,MCCE,bounded,MCCE_bounded,1,OK,0.0,0.025874614715576172,0.1872540421417167,2.0,"{""nevents"": 17.0, ""ndays_act"": 10.0, ""nchapters"": 12.0}"
HarvardX,1,aligned,0,4725,MCCE,bounded+edit,MCCE_bounded+edit,1,OK,0.0,0.025874614715576172,0.1872540421417167,2.0,"{""nevents"": 17.0, ""ndays_act"": 10.0, ""nchapters"": 12.0}"
HarvardX,1,aligned,0,4728,NICE,native,NICE_native,1,OK,0.0,0.004429817199707031,0.12771639042357275,2.0,"{""nevents"": 13.0, ""ndays_act"": 8.0, ""nchapters"": 12.0}"
HarvardX,1,aligned,0,4728,NICE,bounded,NICE_bounded,1,OK,0.0,0.004429817199707031,0.12771639042357275,2.0,"{""nevents"": 13.0, ""ndays_act"": 8.0, ""nchapters"": 12.0}"
HarvardX,1,aligned,0,4728,NICE,bounded+edit,NICE_bounded+edit,1,OK,0.0,0.004429817199707031,0.12771639042357275,2.0,"{""nevents"": 13.0, ""ndays_act"": 8.0, ""nchapters"": 12.0}"
HarvardX,1,aligned,0,4728,MCCE,native,MCCE_native,1,OK,0.0,0.02562236785888672,0.1665745856353591,2.0,"{""nevents"": 17.0, ""ndays_act"": 10.0, ""nchapters"": 12.0}"
HarvardX,1,aligned,0,4728,MCCE,bounded,MCCE_bounded,1,OK,0.0,0.02562236785888672,0.1665745856353591,2.0,"{""nevents"": 17.0, ""ndays_act"": 10.0, ""nchapters"": 12.0}"
HarvardX,1,aligned,0,4728,MCCE,bounded+edit,MCCE_bounded+edit,1,OK,0.0,0.02562236785888672,0.1665745856353591,2.0,"{""nevents"": 17.0, ""ndays_act"": 10.0, ""nchapters"": 12.0}"
HarvardX,1,aligned,0,4766,NICE,native,NICE_native,1,OK,0.0,0.004530191421508789,0.14898018844588365,2.0,"{""nevents"": 13.0, ""ndays_act"": 8.0, ""nchapters"": 12.0}"
HarvardX,1,aligned,0,4766,NICE,bounded,NICE_bounded,1,OK,0.0,0.004530191421508789,0.14898018844588365,2.0,"{""nevents"": 13.0, ""ndays_act"": 8.0, ""nchapters"": 12.0}"
HarvardX,1,aligned,0,4766,NICE,bounded+edit,NICE_bounded+edit,1,OK,0.0,0.004530191421508789,0.14898018844588365,2.0,"{""nevents"": 13.0, ""ndays_act"": 8.0, ""nchapters"": 12.0}"
HarvardX,1,aligned,0,4766,MCCE,native,MCCE_native,1,OK,0.0,0.025391340255737305,0.1872540421417167,2.0,"{""nevents"": 17.0, ""ndays_act"": 10.0, ""nchapters"": 12.0}"
HarvardX,1,aligned,0,4766,MCCE,bounded,MCCE_bounded,1,OK,0.0,0.025391340255737305,0.1872540421417167,2.0,"{""nevents"": 17.0, ""ndays_act"": 10.0, ""nchapters"": 12.0}"
HarvardX,1,aligned,0,4766,MCCE,bounded+edit,MCCE_bounded+edit,1,OK,0.0,0.025391340255737305,0.1872540421417167,2.0,"{""nevents"": 17.0, ""ndays_act"": 10.0, ""nchapters"": 12.0}"
HarvardX,1,aligned,0,4820,NICE,native,NICE_native,0,out_of_bounds:nevents,0.0,0.0045773983001708984,0.07769011615165461,2.0,"{""nevents"": 13.0, ""ndays_act"": 8.0, ""nchapters"": 12.0}"
HarvardX,1,aligned,0,4820,NICE,bounded,NICE_bounded,0,classifier_target_not_met,0.0,0.0045773983001708984,0.018518518518518517,1.0,"{""nevents"": 53.0, ""ndays_act"": 8.0, ""nchapters"": 12.0}"
HarvardX,1,aligned,0,4820,NICE,bounded+edit,NICE_bounded+edit,0,classifier_target_not_met,0.0,0.0045773983001708984,0.018518518518518517,1.0,"{""nevents"": 53.0, ""ndays_act"": 8.0, ""nchapters"": 12.0}"
HarvardX,1,aligned,0,4820,MCCE,native,MCCE_native,0,out_of_bounds:nevents,0.0,0.025870800018310547,0.10880999342537803,2.0,"{""nevents"": 17.0, ""ndays_act"": 10.0, ""nchapters"": 12.0}"
HarvardX,1,aligned,0,4820,MCCE,bounded,MCCE_bounded,1,OK,0.0,0.025870800018310547,0.14294323909708526,2.0,"{""nevents"": 62.0, ""ndays_act"": 14.0, ""nchapters"": 12.0}"
HarvardX,1,aligned,0,4820,MCCE,bounded+edit,MCCE_bounded+edit,1,OK,0.0,0.025870800018310547,0.14294323909708526,2.0,"{""nevents"": 62.0, ""ndays_act"": 14.0, ""nchapters"": 12.0}"
HarvardX,1,aligned,0,4850,NICE,native,NICE_native,1,OK,0.0,0.005719900131225586,0.5993343677618116,3.0,"{""nevents"": 76.0, ""ndays_act"": 18.0, ""nchapters"": 8.0}"
HarvardX,1,aligned,0,4850,NICE,bounded,NICE_bounded,1,OK,0.0,0.005719900131225586,0.5993343677618116,3.0,"{""nevents"": 76.0, ""ndays_act"": 18.0, ""nchapters"": 8.0}"
HarvardX,1,aligned,0,4850,NICE,bounded+edit,NICE_bounded+edit,1,OK,0.0,0.005719900131225586,0.5993343677618116,3.0,"{""nevents"": 76.0, ""ndays_act"": 18.0, ""nchapters"": 8.0}"
HarvardX,1,aligned,0,4850,MCCE,native,MCCE_native,1,OK,0.0,0.040770530700683594,0.6006386471474511,3.0,"{""nevents"": 65.0, ""ndays_act"": 19.0, ""nchapters"": 8.0}"
HarvardX,1,aligned,0,4850,MCCE,bounded,MCCE_bounded,1,OK,0.0,0.040770530700683594,0.6006386471474511,3.0,"{""nevents"": 65.0, ""ndays_act"": 19.0, ""nchapters"": 8.0}"
HarvardX,1,aligned,0,4850,MCCE,bounded+edit,MCCE_bounded+edit,1,OK,0.0,0.040770530700683594,0.6006386471474511,3.0,"{""nevents"": 65.0, ""ndays_act"": 19.0, ""nchapters"": 8.0}"
HarvardX,1,aligned,0,4881,NICE,native,NICE_native,0,out_of_bounds:nevents,0.0,0.004569292068481445,0.3922691213890136,2.0,"{""nevents"": 20.0, ""ndays_act"": 12.0, ""nchapters"": 9.0}"
HarvardX,1,aligned,0,4881,NICE,bounded,NICE_bounded,0,classifier_target_not_met,0.0,0.004569292068481445,0.0392156862745098,1.0,"{""nevents"": 205.0, ""ndays_act"": 12.0, ""nchapters"": 9.0}"
HarvardX,1,aligned,0,4881,NICE,bounded+edit,NICE_bounded+edit,0,classifier_target_not_met,0.0,0.004569292068481445,0.0392156862745098,1.0,"{""nevents"": 205.0, ""ndays_act"": 12.0, ""nchapters"": 9.0}"
HarvardX,1,aligned,0,4881,MCCE,native,MCCE_native,0,out_of_bounds:nevents,0.0,0.04125046730041504,0.48095345008232304,2.0,"{""nevents"": 66.0, ""ndays_act"": 21.0, ""nchapters"": 9.0}"
HarvardX,1,aligned,0,4881,MCCE,bounded,MCCE_bounded,1,OK,0.0,0.04125046730041504,1.1066831312677743,3.0,"{""nevents"": 302.0, ""ndays_act"": 40.0, ""nchapters"": 10.0}"
HarvardX,1,aligned,0,4881,MCCE,bounded+edit,MCCE_bounded+edit,1,OK,0.0,0.04125046730041504,1.1066831312677743,3.0,"{""nevents"": 302.0, ""ndays_act"": 40.0, ""nchapters"": 10.0}"
HarvardX,1,aligned,0,4883,NICE,native,NICE_native,0,out_of_bounds:nevents,0.0,0.003455638885498047,0.9560117302052786,1.0,"{""nevents"": 62.0, ""ndays_act"": 14.0, ""nchapters"": 12.0}"
HarvardX,1,aligned,0,4883,NICE,bounded,NICE_bounded,0,classifier_target_not_met,0.0,0.003455638885498047,0.0,0.0,"{""nevents"": 388.0, ""ndays_act"": 14.0, ""nchapters"": 12.0}"
HarvardX,1,aligned,0,4883,NICE,bounded+edit,NICE_bounded+edit,0,classifier_target_not_met,0.0,0.003455638885498047,0.0,0.0,"{""nevents"": 388.0, ""ndays_act"": 14.0, ""nchapters"": 12.0}"
HarvardX,1,aligned,0,4883,MCCE,native,MCCE_native,0,out_of_bounds:nevents,0.0,0.025631189346313477,0.9560117302052786,1.0,"{""nevents"": 62.0, ""ndays_act"": 14.0, ""nchapters"": 12.0}"
HarvardX,1,aligned,0,4883,MCCE,bounded,MCCE_bounded,1,OK,0.0,0.025631189346313477,0.7021276595744681,1.0,"{""nevents"": 388.0, ""ndays_act"": 47.0, ""nchapters"": 12.0}"
HarvardX,1,aligned,0,4883,MCCE,bounded+edit,MCCE_bounded+edit,1,OK,0.0,0.025631189346313477,0.7021276595744681,1.0,"{""nevents"": 388.0, ""ndays_act"": 47.0, ""nchapters"": 12.0}"
HarvardX,1,aligned,0,4925,NICE,native,NICE_native,0,out_of_bounds:nevents,0.0,0.004596710205078125,0.19172212139544265,2.0,"{""nevents"": 20.0, ""ndays_act"": 12.0, ""nchapters"": 9.0}"
HarvardX,1,aligned,0,4925,NICE,bounded,NICE_bounded,0,classifier_target_not_met,0.0,0.004596710205078125,0.15517241379310345,1.0,"{""nevents"": 45.0, ""ndays_act"": 12.0, ""nchapters"": 9.0}"
HarvardX,1,aligned,0,4925,NICE,bounded+edit,NICE_bounded+edit,0,classifier_target_not_met,0.0,0.004596710205078125,0.15517241379310345,1.0,"{""nevents"": 45.0, ""ndays_act"": 12.0, ""nchapters"": 9.0}"
HarvardX,1,aligned,0,4925,MCCE,native,MCCE_native,1,OK,0.0,0.040632009506225586,0.3410465819721718,2.0,"{""nevents"": 66.0, ""ndays_act"": 21.0, ""nchapters"": 9.0}"
HarvardX,1,aligned,0,4925,MCCE,bounded,MCCE_bounded,1,OK,0.0,0.040632009506225586,0.3410465819721718,2.0,"{""nevents"": 66.0, ""ndays_act"": 21.0, ""nchapters"": 9.0}"
HarvardX,1,aligned,0,4925,MCCE,bounded+edit,MCCE_bounded+edit,1,OK,0.0,0.040632009506225586,0.3410465819721718,2.0,"{""nevents"": 66.0, ""ndays_act"": 21.0, ""nchapters"": 9.0}"
HarvardX,1,aligned,0,4956,NICE,native,NICE_native,1,OK,0.0,0.00474858283996582,0.23026134800550208,2.0,"{""nevents"": 24.0, ""ndays_act"": 13.0, ""nchapters"": 11.0}"
HarvardX,1,aligned,0,4956,NICE,bounded,NICE_bounded,1,OK,0.0,0.00474858283996582,0.23026134800550208,2.0,"{""nevents"": 24.0, ""ndays_act"": 13.0, ""nchapters"": 11.0}"
HarvardX,1,aligned,0,4956,NICE,bounded+edit,NICE_bounded+edit,1,OK,0.0,0.00474858283996582,0.23026134800550208,2.0,"{""nevents"": 24.0, ""ndays_act"": 13.0, ""nchapters"": 11.0}"
HarvardX,1,aligned,0,4956,MCCE,native,MCCE_native,1,OK,0.0,0.041405677795410156,0.6745300320953691,2.0,"{""nevents"": 141.0, ""ndays_act"": 30.0, ""nchapters"": 11.0}"
HarvardX,1,aligned,0,4956,MCCE,bounded,MCCE_bounded,1,OK,0.0,0.041405677795410156,0.6745300320953691,2.0,"{""nevents"": 141.0, ""ndays_act"": 30.0, ""nchapters"": 11.0}"
HarvardX,1,aligned,0,4956,MCCE,bounded+edit,MCCE_bounded+edit,1,OK,0.0,0.041405677795410156,0.6745300320953691,2.0,"{""nevents"": 141.0, ""ndays_act"": 30.0, ""nchapters"": 11.0}"
HarvardX,1,aligned,0,4993,NICE,native,NICE_native,1,OK,0.0,0.004517316818237305,0.27746449456975775,2.0,"{""nevents"": 76.0, ""ndays_act"": 18.0, ""nchapters"": 8.0}"
HarvardX,1,aligned,0,4993,NICE,bounded,NICE_bounded,1,OK,0.0,0.004517316818237305,0.27746449456975775,2.0,"{""nevents"": 76.0, ""ndays_act"": 18.0, ""nchapters"": 8.0}"
HarvardX,1,aligned,0,4993,NICE,bounded+edit,NICE_bounded+edit,1,OK,0.0,0.004517316818237305,0.27746449456975775,2.0,"{""nevents"": 76.0, ""ndays_act"": 18.0, ""nchapters"": 8.0}"
HarvardX,1,aligned,0,4993,MCCE,native,MCCE_native,1,OK,0.0,0.03992819786071777,0.27923976608187134,2.0,"{""nevents"": 65.0, ""ndays_act"": 19.0, ""nchapters"": 8.0}"
HarvardX,1,aligned,0,4993,MCCE,bounded,MCCE_bounded,1,OK,0.0,0.03992819786071777,0.27923976608187134,2.0,"{""nevents"": 65.0, ""ndays_act"": 19.0, ""nchapters"": 8.0}"
HarvardX,1,aligned,0,4993,MCCE,bounded+edit,MCCE_bounded+edit,1,OK,0.0,0.03992819786071777,0.27923976608187134,2.0,"{""nevents"": 65.0, ""ndays_act"": 19.0, ""nchapters"": 8.0}"
HarvardX,1,aligned,0,5017,NICE,native,NICE_native,0,out_of_bounds:nevents,0.0,0.0044345855712890625,0.22369574438003675,2.0,"{""nevents"": 24.0, ""ndays_act"": 13.0, ""nchapters"": 11.0}"
HarvardX,1,aligned,0,5017,NICE,bounded,NICE_bounded,0,classifier_target_not_met,0.0,0.0044345855712890625,0.12727272727272726,1.0,"{""nevents"": 86.0, ""ndays_act"": 13.0, ""nchapters"": 11.0}"
HarvardX,1,aligned,0,5017,NICE,bounded+edit,NICE_bounded+edit,0,classifier_target_not_met,0.0,0.0044345855712890625,0.12727272727272726,1.0,"{""nevents"": 86.0, ""ndays_act"": 13.0, ""nchapters"": 11.0}"
HarvardX,1,aligned,0,5017,MCCE,native,MCCE_native,1,OK,0.0,0.04059171676635742,0.5219001837975399,2.0,"{""nevents"": 141.0, ""ndays_act"": 30.0, ""nchapters"": 11.0}"
HarvardX,1,aligned,0,5017,MCCE,bounded,MCCE_bounded,1,OK,0.0,0.04059171676635742,0.5219001837975399,2.0,"{""nevents"": 141.0, ""ndays_act"": 30.0, ""nchapters"": 11.0}"
HarvardX,1,aligned,0,5017,MCCE,bounded+edit,MCCE_bounded+edit,1,OK,0.0,0.04059171676635742,0.5219001837975399,2.0,"{""nevents"": 141.0, ""ndays_act"": 30.0, ""nchapters"": 11.0}"
HarvardX,1,aligned,0,5026,NICE,native,NICE_native,1,OK,0.0,0.005159139633178711,0.13044077134986226,2.0,"{""nevents"": 13.0, ""ndays_act"": 8.0, ""nchapters"": 12.0}"
HarvardX,1,aligned,0,5026,NICE,bounded,NICE_bounded,1,OK,0.0,0.005159139633178711,0.13044077134986226,2.0,"{""nevents"": 13.0, ""ndays_act"": 8.0, ""nchapters"": 12.0}"
HarvardX,1,aligned,0,5026,NICE,bounded+edit,NICE_bounded+edit,1,OK,0.0,0.005159139633178711,0.13044077134986226,2.0,"{""nevents"": 13.0, ""ndays_act"": 8.0, ""nchapters"": 12.0}"
HarvardX,1,aligned,0,5026,MCCE,native,MCCE_native,1,OK,0.0,0.026698827743530273,0.16928374655647382,2.0,"{""nevents"": 17.0, ""ndays_act"": 10.0, ""nchapters"": 12.0}"
HarvardX,1,aligned,0,5026,MCCE,bounded,MCCE_bounded,1,OK,0.0,0.026698827743530273,0.16928374655647382,2.0,"{""nevents"": 17.0, ""ndays_act"": 10.0, ""nchapters"": 12.0}"
HarvardX,1,aligned,0,5026,MCCE,bounded+edit,MCCE_bounded+edit,1,OK,0.0,0.026698827743530273,0.16928374655647382,2.0,"{""nevents"": 17.0, ""ndays_act"": 10.0, ""nchapters"": 12.0}"
HarvardX,1,aligned,0,5032,NICE,native,NICE_native,1,OK,0.0,0.004701852798461914,0.13315018315018315,2.0,"{""nevents"": 13.0, ""ndays_act"": 8.0, ""nchapters"": 12.0}"
HarvardX,1,aligned,0,5032,NICE,bounded,NICE_bounded,1,OK,0.0,0.004701852798461914,0.13315018315018315,2.0,"{""nevents"": 13.0, ""ndays_act"": 8.0, ""nchapters"": 12.0}"
HarvardX,1,aligned,0,5032,NICE,bounded+edit,NICE_bounded+edit,1,OK,0.0,0.004701852798461914,0.13315018315018315,2.0,"{""nevents"": 13.0, ""ndays_act"": 8.0, ""nchapters"": 12.0}"
HarvardX,1,aligned,0,5032,MCCE,native,MCCE_native,1,OK,0.0,0.025682687759399414,0.17197802197802198,2.0,"{""nevents"": 17.0, ""ndays_act"": 10.0, ""nchapters"": 12.0}"
HarvardX,1,aligned,0,5032,MCCE,bounded,MCCE_bounded,1,OK,0.0,0.025682687759399414,0.17197802197802198,2.0,"{""nevents"": 17.0, ""ndays_act"": 10.0, ""nchapters"": 12.0}"
HarvardX,1,aligned,0,5032,MCCE,bounded+edit,MCCE_bounded+edit,1,OK,0.0,0.025682687759399414,0.17197802197802198,2.0,"{""nevents"": 17.0, ""ndays_act"": 10.0, ""nchapters"": 12.0}"
HarvardX,1,aligned,0,5068,NICE,native,NICE_native,1,OK,0.0,0.004632234573364258,0.3464610234337637,2.0,"{""nevents"": 76.0, ""ndays_act"": 18.0, ""nchapters"": 8.0}"
HarvardX,1,aligned,0,5068,NICE,bounded,NICE_bounded,1,OK,0.0,0.004632234573364258,0.3464610234337637,2.0,"{""nevents"": 76.0, ""ndays_act"": 18.0, ""nchapters"": 8.0}"
HarvardX,1,aligned,0,5068,NICE,bounded+edit,NICE_bounded+edit,1,OK,0.0,0.004632234573364258,0.3464610234337637,2.0,"{""nevents"": 76.0, ""ndays_act"": 18.0, ""nchapters"": 8.0}"
HarvardX,1,aligned,0,5068,MCCE,native,MCCE_native,1,OK,0.0,0.04142189025878906,0.3473457675753228,2.0,"{""nevents"": 65.0, ""ndays_act"": 19.0, ""nchapters"": 8.0}"
HarvardX,1,aligned,0,5068,MCCE,bounded,MCCE_bounded,1,OK,0.0,0.04142189025878906,0.3473457675753228,2.0,"{""nevents"": 65.0, ""ndays_act"": 19.0, ""nchapters"": 8.0}"
HarvardX,1,aligned,0,5068,MCCE,bounded+edit,MCCE_bounded+edit,1,OK,0.0,0.04142189025878906,0.3473457675753228,2.0,"{""nevents"": 65.0, ""ndays_act"": 19.0, ""nchapters"": 8.0}"
HarvardX,1,aligned,0,5084,NICE,native,NICE_native,1,OK,0.0,0.006022930145263672,0.5073956442831216,3.0,"{""nevents"": 76.0, ""ndays_act"": 18.0, ""nchapters"": 8.0}"
HarvardX,1,aligned,0,5084,NICE,bounded,NICE_bounded,1,OK,0.0,0.006022930145263672,0.5073956442831216,3.0,"{""nevents"": 76.0, ""ndays_act"": 18.0, ""nchapters"": 8.0}"
HarvardX,1,aligned,0,5084,NICE,bounded+edit,NICE_bounded+edit,1,OK,0.0,0.006022930145263672,0.5073956442831216,3.0,"{""nevents"": 76.0, ""ndays_act"": 18.0, ""nchapters"": 8.0}"
HarvardX,1,aligned,0,5084,MCCE,native,MCCE_native,1,OK,0.0,0.043129682540893555,0.509134906231095,3.0,"{""nevents"": 65.0, ""ndays_act"": 19.0, ""nchapters"": 8.0}"
HarvardX,1,aligned,0,5084,MCCE,bounded,MCCE_bounded,1,OK,0.0,0.043129682540893555,0.509134906231095,3.0,"{""nevents"": 65.0, ""ndays_act"": 19.0, ""nchapters"": 8.0}"
HarvardX,1,aligned,0,5084,MCCE,bounded+edit,MCCE_bounded+edit,1,OK,0.0,0.043129682540893555,0.509134906231095,3.0,"{""nevents"": 65.0, ""ndays_act"": 19.0, ""nchapters"": 8.0}"
HarvardX,1,aligned,0,5089,NICE,native,NICE_native,1,OK,0.0,0.006022453308105469,0.5993343677618116,3.0,"{""nevents"": 76.0, ""ndays_act"": 18.0, ""nchapters"": 8.0}"
HarvardX,1,aligned,0,5089,NICE,bounded,NICE_bounded,1,OK,0.0,0.006022453308105469,0.5993343677618116,3.0,"{""nevents"": 76.0, ""ndays_act"": 18.0, ""nchapters"": 8.0}"
HarvardX,1,aligned,0,5089,NICE,bounded+edit,NICE_bounded+edit,1,OK,0.0,0.006022453308105469,0.5993343677618116,3.0,"{""nevents"": 76.0, ""ndays_act"": 18.0, ""nchapters"": 8.0}"
HarvardX,1,aligned,0,5089,MCCE,native,MCCE_native,1,OK,0.0,0.07919025421142578,0.6006386471474511,3.0,"{""nevents"": 65.0, ""ndays_act"": 19.0, ""nchapters"": 8.0}"
HarvardX,1,aligned,0,5089,MCCE,bounded,MCCE_bounded,1,OK,0.0,0.07919025421142578,0.6006386471474511,3.0,"{""nevents"": 65.0, ""ndays_act"": 19.0, ""nchapters"": 8.0}"
HarvardX,1,aligned,0,5089,MCCE,bounded+edit,MCCE_bounded+edit,1,OK,0.0,0.07919025421142578,0.6006386471474511,3.0,"{""nevents"": 65.0, ""ndays_act"": 19.0, ""nchapters"": 8.0}"
HarvardX,1,aligned,0,5108,NICE,native,NICE_native,1,OK,0.0,0.0049211978912353516,0.2094322344322344,2.0,"{""nevents"": 20.0, ""ndays_act"": 12.0, ""nchapters"": 9.0}"
HarvardX,1,aligned,0,5108,NICE,bounded,NICE_bounded,1,OK,0.0,0.0049211978912353516,0.2094322344322344,2.0,"{""nevents"": 20.0, ""ndays_act"": 12.0, ""nchapters"": 9.0}"
HarvardX,1,aligned,0,5108,NICE,bounded+edit,NICE_bounded+edit,1,OK,0.0,0.0049211978912353516,0.2094322344322344,2.0,"{""nevents"": 20.0, ""ndays_act"": 12.0, ""nchapters"": 9.0}"
HarvardX,1,aligned,0,5108,MCCE,native,MCCE_native,1,OK,0.0,0.04046893119812012,0.4226190476190476,2.0,"{""nevents"": 66.0, ""ndays_act"": 21.0, ""nchapters"": 9.0}"
HarvardX,1,aligned,0,5108,MCCE,bounded,MCCE_bounded,1,OK,0.0,0.04046893119812012,0.4226190476190476,2.0,"{""nevents"": 66.0, ""ndays_act"": 21.0, ""nchapters"": 9.0}"
HarvardX,1,aligned,0,5108,MCCE,bounded+edit,MCCE_bounded+edit,1,OK,0.0,0.04046893119812012,0.4226190476190476,2.0,"{""nevents"": 66.0, ""ndays_act"": 21.0, ""nchapters"": 9.0}"
HarvardX,1,aligned,0,5110,NICE,native,NICE_native,0,out_of_bounds:nevents,0.0,0.0046765804290771484,0.15680717587497248,2.0,"{""nevents"": 13.0, ""ndays_act"": 8.0, ""nchapters"": 12.0}"
HarvardX,1,aligned,0,5110,NICE,bounded,NICE_bounded,0,classifier_target_not_met,0.0,0.0046765804290771484,0.05357142857142857,1.0,"{""nevents"": 80.0, ""ndays_act"": 8.0, ""nchapters"": 12.0}"
HarvardX,1,aligned,0,5110,NICE,bounded+edit,NICE_bounded+edit,0,classifier_target_not_met,0.0,0.0046765804290771484,0.05357142857142857,1.0,"{""nevents"": 80.0, ""ndays_act"": 8.0, ""nchapters"": 12.0}"
HarvardX,1,aligned,0,5110,MCCE,native,MCCE_native,1,OK,0.0,0.026254892349243164,0.21428571428571427,1.0,"{""nevents"": 80.0, ""ndays_act"": 17.0, ""nchapters"": 12.0}"
HarvardX,1,aligned,0,5110,MCCE,bounded,MCCE_bounded,1,OK,0.0,0.026254892349243164,0.21428571428571427,1.0,"{""nevents"": 80.0, ""ndays_act"": 17.0, ""nchapters"": 12.0}"
HarvardX,1,aligned,0,5110,MCCE,bounded+edit,MCCE_bounded+edit,1,OK,0.0,0.026254892349243164,0.21428571428571427,1.0,"{""nevents"": 80.0, ""ndays_act"": 17.0, ""nchapters"": 12.0}"
HarvardX,1,aligned,0,5136,NICE,native,NICE_native,1,OK,0.0,0.006748676300048828,0.4434095860566449,3.0,"{""nevents"": 76.0, ""ndays_act"": 18.0, ""nchapters"": 8.0}"
HarvardX,1,aligned,0,5136,NICE,bounded,NICE_bounded,1,OK,0.0,0.006748676300048828,0.4434095860566449,3.0,"{""nevents"": 76.0, ""ndays_act"": 18.0, ""nchapters"": 8.0}"
HarvardX,1,aligned,0,5136,NICE,bounded+edit,NICE_bounded+edit,1,OK,0.0,0.006748676300048828,0.4434095860566449,3.0,"{""nevents"": 76.0, ""ndays_act"": 18.0, ""nchapters"": 8.0}"
HarvardX,1,aligned,0,5136,MCCE,native,MCCE_native,1,OK,0.0,0.04267120361328125,1.2777777777777777,2.0,"{""nevents"": 49.0, ""ndays_act"": 22.0, ""nchapters"": 12.0}"
HarvardX,1,aligned,0,5136,MCCE,bounded,MCCE_bounded,1,OK,0.0,0.04267120361328125,1.2777777777777777,2.0,"{""nevents"": 49.0, ""ndays_act"": 22.0, ""nchapters"": 12.0}"
HarvardX,1,aligned,0,5136,MCCE,bounded+edit,MCCE_bounded+edit,1,OK,0.0,0.04267120361328125,1.2777777777777777,2.0,"{""nevents"": 49.0, ""ndays_act"": 22.0, ""nchapters"": 12.0}"
HarvardX,1,aligned,0,5234,NICE,native,NICE_native,0,out_of_bounds:nevents,0.0,0.005239725112915039,0.22596153846153846,2.0,"{""nevents"": 539.0, ""ndays_act"": 36.0, ""nchapters"": 12.0}"
HarvardX,1,aligned,0,5234,NICE,bounded,NICE_bounded,0,classifier_target_not_met,0.0,0.005239725112915039,0.038461538461538464,1.0,"{""nevents"": 569.0, ""ndays_act"": 36.0, ""nchapters"": 12.0}"
HarvardX,1,aligned,0,5234,NICE,bounded+edit,NICE_bounded+edit,0,classifier_target_not_met,0.0,0.005239725112915039,0.038461538461538464,1.0,"{""nevents"": 569.0, ""ndays_act"": 36.0, ""nchapters"": 12.0}"
HarvardX,1,aligned,0,5234,MCCE,native,MCCE_native,0,out_of_bounds:nevents,0.0,0.028008222579956055,1.2875,1.0,"{""nevents"": 363.0, ""ndays_act"": 35.0, ""nchapters"": 12.0}"
HarvardX,1,aligned,0,5234,MCCE,bounded,MCCE_bounded,1,OK,0.0,0.028008222579956055,0.4192307692307692,2.0,"{""nevents"": 593.0, ""ndays_act"": 42.0, ""nchapters"": 12.0}"
HarvardX,1,aligned,0,5234,MCCE,bounded+edit,MCCE_bounded+edit,1,OK,0.0,0.028008222579956055,0.4192307692307692,2.0,"{""nevents"": 593.0, ""ndays_act"": 42.0, ""nchapters"": 12.0}"
HarvardX,1,aligned,0,5238,NICE,native,NICE_native,0,out_of_bounds:nevents,0.0,0.0049626827239990234,0.09891107078039926,2.0,"{""nevents"": 13.0, ""ndays_act"": 8.0, ""nchapters"": 12.0}"
HarvardX,1,aligned,0,5238,NICE,bounded,NICE_bounded,0,classifier_target_not_met,0.0,0.0049626827239990234,0.07017543859649122,1.0,"{""nevents"": 33.0, ""ndays_act"": 8.0, ""nchapters"": 12.0}"
HarvardX,1,aligned,0,5238,NICE,bounded+edit,NICE_bounded+edit,0,classifier_target_not_met,0.0,0.0049626827239990234,0.07017543859649122,1.0,"{""nevents"": 33.0, ""ndays_act"": 8.0, ""nchapters"": 12.0}"
HarvardX,1,aligned,0,5238,MCCE,native,MCCE_native,1,OK,0.0,0.02697467803955078,0.12280701754385964,1.0,"{""nevents"": 33.0, ""ndays_act"": 11.0, ""nchapters"": 12.0}"
HarvardX,1,aligned,0,5238,MCCE,bounded,MCCE_bounded,1,OK,0.0,0.02697467803955078,0.12280701754385964,1.0,"{""nevents"": 33.0, ""ndays_act"": 11.0, ""nchapters"": 12.0}"
HarvardX,1,aligned,0,5238,MCCE,bounded+edit,MCCE_bounded+edit,1,OK,0.0,0.02697467803955078,0.12280701754385964,1.0,"{""nevents"": 33.0, ""ndays_act"": 11.0, ""nchapters"": 12.0}"
HarvardX,1,aligned,0,5259,NICE,native,NICE_native,1,OK,0.0,0.005002498626708984,0.3553379133287375,2.0,"{""nevents"": 76.0, ""ndays_act"": 18.0, ""nchapters"": 8.0}"
HarvardX,1,aligned,0,5259,NICE,bounded,NICE_bounded,1,OK,0.0,0.005002498626708984,0.3553379133287375,2.0,"{""nevents"": 76.0, ""ndays_act"": 18.0, ""nchapters"": 8.0}"
HarvardX,1,aligned,0,5259,NICE,bounded+edit,NICE_bounded+edit,1,OK,0.0,0.005002498626708984,0.3553379133287375,2.0,"{""nevents"": 76.0, ""ndays_act"": 18.0, ""nchapters"": 8.0}"
HarvardX,1,aligned,0,5259,MCCE,native,MCCE_native,1,OK,0.0,0.04337668418884277,0.35685929588513565,2.0,"{""nevents"": 65.0, ""ndays_act"": 19.0, ""nchapters"": 8.0}"
HarvardX,1,aligned,0,5259,MCCE,bounded,MCCE_bounded,1,OK,0.0,0.04337668418884277,0.35685929588513565,2.0,"{""nevents"": 65.0, ""ndays_act"": 19.0, ""nchapters"": 8.0}"
HarvardX,1,aligned,0,5259,MCCE,bounded+edit,MCCE_bounded+edit,1,OK,0.0,0.04337668418884277,0.35685929588513565,2.0,"{""nevents"": 65.0, ""ndays_act"": 19.0, ""nchapters"": 8.0}"
HarvardX,1,aligned,0,5298,NICE,native,NICE_native,1,OK,0.0,0.003675222396850586,0.1724137931034483,1.0,"{""nevents"": 10.0, ""ndays_act"": 13.0, ""nchapters"": 11.0}"
HarvardX,1,aligned,0,5298,NICE,bounded,NICE_bounded,1,OK,0.0,0.003675222396850586,0.1724137931034483,1.0,"{""nevents"": 10.0, ""ndays_act"": 13.0, ""nchapters"": 11.0}"
HarvardX,1,aligned,0,5298,NICE,bounded+edit,NICE_bounded+edit,1,OK,0.0,0.003675222396850586,0.1724137931034483,1.0,"{""nevents"": 10.0, ""ndays_act"": 13.0, ""nchapters"": 11.0}"
HarvardX,1,aligned,0,5298,MCCE,native,MCCE_native,1,OK,0.0,0.03945732116699219,0.6477147379022589,2.0,"{""nevents"": 141.0, ""ndays_act"": 30.0, ""nchapters"": 11.0}"
HarvardX,1,aligned,0,5298,MCCE,bounded,MCCE_bounded,1,OK,0.0,0.03945732116699219,0.6477147379022589,2.0,"{""nevents"": 141.0, ""ndays_act"": 30.0, ""nchapters"": 11.0}"
HarvardX,1,aligned,0,5298,MCCE,bounded+edit,MCCE_bounded+edit,1,OK,0.0,0.03945732116699219,0.6477147379022589,2.0,"{""nevents"": 141.0, ""ndays_act"": 30.0, ""nchapters"": 11.0}"
HarvardX,1,aligned,0,5355,NICE,native,NICE_native,0,out_of_bounds:nevents,0.0,0.0035881996154785156,0.5861297539149888,1.0,"{""nevents"": 20.0, ""ndays_act"": 14.0, ""nchapters"": 9.0}"
HarvardX,1,aligned,0,5355,NICE,bounded,NICE_bounded,0,classifier_target_not_met,0.0,0.0035881996154785156,0.0,0.0,"{""nevents"": 282.0, ""ndays_act"": 14.0, ""nchapters"": 9.0}"
HarvardX,1,aligned,0,5355,NICE,bounded+edit,NICE_bounded+edit,0,classifier_target_not_met,0.0,0.0035881996154785156,0.0,0.0,"{""nevents"": 282.0, ""ndays_act"": 14.0, ""nchapters"": 9.0}"
HarvardX,1,aligned,0,5355,MCCE,native,MCCE_native,0,out_of_bounds:nevents,0.0,0.03966808319091797,0.6321576467228331,2.0,"{""nevents"": 66.0, ""ndays_act"": 21.0, ""nchapters"": 9.0}"
HarvardX,1,aligned,0,5355,MCCE,bounded,MCCE_bounded,1,OK,0.0,0.03966808319091797,0.9312675520015232,3.0,"{""nevents"": 302.0, ""ndays_act"": 40.0, ""nchapters"": 10.0}"
HarvardX,1,aligned,0,5355,MCCE,bounded+edit,MCCE_bounded+edit,1,OK,0.0,0.03966808319091797,0.9312675520015232,3.0,"{""nevents"": 302.0, ""ndays_act"": 40.0, ""nchapters"": 10.0}"
HarvardX,1,aligned,0,5395,NICE,native,NICE_native,0,out_of_bounds:nevents,0.0,0.004689216613769531,0.3739545997610514,2.0,"{""nevents"": 171.0, ""ndays_act"": 37.0, ""nchapters"": 8.0}"
HarvardX,1,aligned,0,5395,NICE,bounded,NICE_bounded,0,classifier_target_not_met,0.0,0.004689216613769531,0.22580645161290322,1.0,"{""nevents"": 243.0, ""ndays_act"": 37.0, ""nchapters"": 8.0}"
HarvardX,1,aligned,0,5395,NICE,bounded+edit,NICE_bounded+edit,0,classifier_target_not_met,0.0,0.004689216613769531,0.22580645161290322,1.0,"{""nevents"": 243.0, ""ndays_act"": 37.0, ""nchapters"": 8.0}"
HarvardX,1,aligned,0,5395,MCCE,native,MCCE_native,0,out_of_bounds:nevents;out_of_bounds:ndays_act,0.0,0.04051685333251953,0.7210938537103412,2.0,"{""nevents"": 65.0, ""ndays_act"": 19.0, ""nchapters"": 8.0}"
HarvardX,1,aligned,0,5395,MCCE,bounded,MCCE_bounded,1,OK,0.0,0.04051685333251953,1.3225806451612903,2.0,"{""nevents"": 243.0, ""ndays_act"": 40.0, ""nchapters"": 12.0}"
HarvardX,1,aligned,0,5395,MCCE,bounded+edit,MCCE_bounded+edit,1,OK,0.0,0.04051685333251953,1.3225806451612903,2.0,"{""nevents"": 243.0, ""ndays_act"": 40.0, ""nchapters"": 12.0}"
HarvardX,1,aligned,0,5407,NICE,native,NICE_native,1,OK,0.0,0.004611968994140625,0.3993343677618116,2.0,"{""nevents"": 76.0, ""ndays_act"": 18.0, ""nchapters"": 8.0}"
HarvardX,1,aligned,0,5407,NICE,bounded,NICE_bounded,1,OK,0.0,0.004611968994140625,0.3993343677618116,2.0,"{""nevents"": 76.0, ""ndays_act"": 18.0, ""nchapters"": 8.0}"
HarvardX,1,aligned,0,5407,NICE,bounded+edit,NICE_bounded+edit,1,OK,0.0,0.004611968994140625,0.3993343677618116,2.0,"{""nevents"": 76.0, ""ndays_act"": 18.0, ""nchapters"": 8.0}"
HarvardX,1,aligned,0,5407,MCCE,native,MCCE_native,1,OK,0.0,0.041337013244628906,0.40063864714745107,2.0,"{""nevents"": 65.0, ""ndays_act"": 19.0, ""nchapters"": 8.0}"
HarvardX,1,aligned,0,5407,MCCE,bounded,MCCE_bounded,1,OK,0.0,0.041337013244628906,0.40063864714745107,2.0,"{""nevents"": 65.0, ""ndays_act"": 19.0, ""nchapters"": 8.0}"
HarvardX,1,aligned,0,5407,MCCE,bounded+edit,MCCE_bounded+edit,1,OK,0.0,0.041337013244628906,0.40063864714745107,2.0,"{""nevents"": 65.0, ""ndays_act"": 19.0, ""nchapters"": 8.0}"
HarvardX,1,aligned,0,5414,NICE,native,NICE_native,1,OK,0.0,0.0060231685638427734,0.5993343677618116,3.0,"{""nevents"": 76.0, ""ndays_act"": 18.0, ""nchapters"": 8.0}"
HarvardX,1,aligned,0,5414,NICE,bounded,NICE_bounded,1,OK,0.0,0.0060231685638427734,0.5993343677618116,3.0,"{""nevents"": 76.0, ""ndays_act"": 18.0, ""nchapters"": 8.0}"
HarvardX,1,aligned,0,5414,NICE,bounded+edit,NICE_bounded+edit,1,OK,0.0,0.0060231685638427734,0.5993343677618116,3.0,"{""nevents"": 76.0, ""ndays_act"": 18.0, ""nchapters"": 8.0}"
HarvardX,1,aligned,0,5414,MCCE,native,MCCE_native,1,OK,0.0,0.04225778579711914,0.6006386471474511,3.0,"{""nevents"": 65.0, ""ndays_act"": 19.0, ""nchapters"": 8.0}"
HarvardX,1,aligned,0,5414,MCCE,bounded,MCCE_bounded,1,OK,0.0,0.04225778579711914,0.6006386471474511,3.0,"{""nevents"": 65.0, ""ndays_act"": 19.0, ""nchapters"": 8.0}"
HarvardX,1,aligned,0,5414,MCCE,bounded+edit,MCCE_bounded+edit,1,OK,0.0,0.04225778579711914,0.6006386471474511,3.0,"{""nevents"": 65.0, ""ndays_act"": 19.0, ""nchapters"": 8.0}"
HarvardX,1,aligned,0,5459,NICE,native,NICE_native,1,OK,0.0,0.00596928596496582,0.49691229495708705,3.0,"{""nevents"": 76.0, ""ndays_act"": 18.0, ""nchapters"": 8.0}"
HarvardX,1,aligned,0,5459,NICE,bounded,NICE_bounded,1,OK,0.0,0.00596928596496582,0.49691229495708705,3.0,"{""nevents"": 76.0, ""ndays_act"": 18.0, ""nchapters"": 8.0}"
HarvardX,1,aligned,0,5459,NICE,bounded+edit,NICE_bounded+edit,1,OK,0.0,0.00596928596496582,0.49691229495708705,3.0,"{""nevents"": 76.0, ""ndays_act"": 18.0, ""nchapters"": 8.0}"
HarvardX,1,aligned,0,5459,MCCE,native,MCCE_native,1,OK,0.0,0.04234814643859863,1.1896551724137931,2.0,"{""nevents"": 50.0, ""ndays_act"": 14.0, ""nchapters"": 12.0}"
HarvardX,1,aligned,0,5459,MCCE,bounded,MCCE_bounded,1,OK,0.0,0.04234814643859863,1.1896551724137931,2.0,"{""nevents"": 50.0, ""ndays_act"": 14.0, ""nchapters"": 12.0}"
HarvardX,1,aligned,0,5459,MCCE,bounded+edit,MCCE_bounded+edit,1,OK,0.0,0.04234814643859863,1.1896551724137931,2.0,"{""nevents"": 50.0, ""ndays_act"": 14.0, ""nchapters"": 12.0}"
HarvardX,1,aligned,0,5481,NICE,native,NICE_native,0,out_of_bounds:nevents,0.0,0.004967927932739258,0.20321157673893164,2.0,"{""nevents"": 13.0, ""ndays_act"": 8.0, ""nchapters"": 12.0}"
HarvardX,1,aligned,0,5481,NICE,bounded,NICE_bounded,0,classifier_target_not_met,0.0,0.004967927932739258,0.08620689655172414,1.0,"{""nevents"": 88.0, ""ndays_act"": 8.0, ""nchapters"": 12.0}"
HarvardX,1,aligned,0,5481,NICE,bounded+edit,NICE_bounded+edit,0,classifier_target_not_met,0.0,0.004967927932739258,0.08620689655172414,1.0,"{""nevents"": 88.0, ""ndays_act"": 8.0, ""nchapters"": 12.0}"
HarvardX,1,aligned,0,5481,MCCE,native,MCCE_native,0,out_of_bounds:nevents,0.0,0.026543140411376953,0.23145408574963688,2.0,"{""nevents"": 17.0, ""ndays_act"": 10.0, ""nchapters"": 12.0}"
HarvardX,1,aligned,0,5481,MCCE,bounded,MCCE_bounded,1,OK,0.0,0.026543140411376953,0.28990263058798216,2.0,"{""nevents"": 97.0, ""ndays_act"": 19.0, ""nchapters"": 12.0}"
HarvardX,1,aligned,0,5481,MCCE,bounded+edit,MCCE_bounded+edit,1,OK,0.0,0.026543140411376953,0.28990263058798216,2.0,"{""nevents"": 97.0, ""ndays_act"": 19.0, ""nchapters"": 12.0}"
HarvardX,1,aligned,0,5483,NICE,native,NICE_native,0,out_of_bounds:nevents,0.0,0.004668235778808594,0.17381656804733728,2.0,"{""nevents"": 20.0, ""ndays_act"": 12.0, ""nchapters"": 9.0}"
HarvardX,1,aligned,0,5483,NICE,bounded,NICE_bounded,0,classifier_target_not_met,0.0,0.004668235778808594,0.125,1.0,"{""nevents"": 53.0, ""ndays_act"": 12.0, ""nchapters"": 9.0}"
HarvardX,1,aligned,0,5483,NICE,bounded+edit,NICE_bounded+edit,0,classifier_target_not_met,0.0,0.004668235778808594,0.125,1.0,"{""nevents"": 53.0, ""ndays_act"": 12.0, ""nchapters"": 9.0}"
HarvardX,1,aligned,0,5483,MCCE,native,MCCE_native,1,OK,0.0,0.040897369384765625,0.3049450549450549,2.0,"{""nevents"": 66.0, ""ndays_act"": 21.0, ""nchapters"": 9.0}"
HarvardX,1,aligned,0,5483,MCCE,bounded,MCCE_bounded,1,OK,0.0,0.040897369384765625,0.3049450549450549,2.0,"{""nevents"": 66.0, ""ndays_act"": 21.0, ""nchapters"": 9.0}"
HarvardX,1,aligned,0,5483,MCCE,bounded+edit,MCCE_bounded+edit,1,OK,0.0,0.040897369384765625,0.3049450549450549,2.0,"{""nevents"": 66.0, ""ndays_act"": 21.0, ""nchapters"": 9.0}"
HarvardX,1,aligned,0,5486,NICE,native,NICE_native,0,out_of_bounds:nevents,0.0,0.004708528518676758,0.06362332072518587,2.0,"{""nevents"": 13.0, ""ndays_act"": 8.0, ""nchapters"": 12.0}"
HarvardX,1,aligned,0,5486,NICE,bounded,NICE_bounded,0,classifier_target_not_met,0.0,0.004708528518676758,0.03636363636363636,1.0,"{""nevents"": 32.0, ""ndays_act"": 8.0, ""nchapters"": 12.0}"
HarvardX,1,aligned,0,5486,NICE,bounded+edit,NICE_bounded+edit,0,classifier_target_not_met,0.0,0.004708528518676758,0.03636363636363636,1.0,"{""nevents"": 32.0, ""ndays_act"": 8.0, ""nchapters"": 12.0}"
HarvardX,1,aligned,0,5486,MCCE,native,MCCE_native,0,out_of_bounds:nevents,0.0,0.02777719497680664,0.09424807617060127,2.0,"{""nevents"": 17.0, ""ndays_act"": 10.0, ""nchapters"": 12.0}"
HarvardX,1,aligned,0,5486,MCCE,bounded,MCCE_bounded,1,OK,0.0,0.02777719497680664,0.09234381113864615,2.0,"{""nevents"": 33.0, ""ndays_act"": 11.0, ""nchapters"": 12.0}"
HarvardX,1,aligned,0,5486,MCCE,bounded+edit,MCCE_bounded+edit,1,OK,0.0,0.02777719497680664,0.09234381113864615,2.0,"{""nevents"": 33.0, ""ndays_act"": 11.0, ""nchapters"": 12.0}"
HarvardX,1,aligned,0,5601,NICE,native,NICE_native,0,out_of_bounds:nevents,0.0,0.0036423206329345703,0.1111111111111111,1.0,"{""nevents"": 59.0, ""ndays_act"": 15.0, ""nchapters"": 10.0}"
HarvardX,1,aligned,0,5601,NICE,bounded,NICE_bounded,0,classifier_target_not_met,0.0,0.0036423206329345703,0.0,0.0,"{""nevents"": 126.0, ""ndays_act"": 15.0, ""nchapters"": 10.0}"
HarvardX,1,aligned,0,5601,NICE,bounded+edit,NICE_bounded+edit,0,classifier_target_not_met,0.0,0.0036423206329345703,0.0,0.0,"{""nevents"": 126.0, ""ndays_act"": 15.0, ""nchapters"": 10.0}"
HarvardX,1,aligned,0,5601,MCCE,native,MCCE_native,0,out_of_bounds:nevents,0.0,0.0414121150970459,0.11608623548922056,1.0,"{""nevents"": 56.0, ""ndays_act"": 15.0, ""nchapters"": 10.0}"
HarvardX,1,aligned,0,5601,MCCE,bounded,MCCE_bounded,1,OK,0.0,0.0414121150970459,0.34414882111183215,2.0,"{""nevents"": 150.0, ""ndays_act"": 29.0, ""nchapters"": 10.0}"
HarvardX,1,aligned,0,5601,MCCE,bounded+edit,MCCE_bounded+edit,1,OK,0.0,0.0414121150970459,0.34414882111183215,2.0,"{""nevents"": 150.0, ""ndays_act"": 29.0, ""nchapters"": 10.0}"
HarvardX,1,aligned,0,5610,NICE,native,NICE_native,1,OK,0.0,0.006354570388793945,0.6786673097017925,3.0,"{""nevents"": 76.0, ""ndays_act"": 18.0, ""nchapters"": 8.0}"
HarvardX,1,aligned,0,5610,NICE,bounded,NICE_bounded,1,OK,0.0,0.006354570388793945,0.6786673097017925,3.0,"{""nevents"": 76.0, ""ndays_act"": 18.0, ""nchapters"": 8.0}"
HarvardX,1,aligned,0,5610,NICE,bounded+edit,NICE_bounded+edit,1,OK,0.0,0.006354570388793945,0.6786673097017925,3.0,"{""nevents"": 76.0, ""ndays_act"": 18.0, ""nchapters"": 8.0}"
HarvardX,1,aligned,0,5610,MCCE,native,MCCE_native,1,OK,0.0,0.042400360107421875,0.6805240736275219,3.0,"{""nevents"": 65.0, ""ndays_act"": 19.0, ""nchapters"": 8.0}"
HarvardX,1,aligned,0,5610,MCCE,bounded,MCCE_bounded,1,OK,0.0,0.042400360107421875,0.6805240736275219,3.0,"{""nevents"": 65.0, ""ndays_act"": 19.0, ""nchapters"": 8.0}"
HarvardX,1,aligned,0,5610,MCCE,bounded+edit,MCCE_bounded+edit,1,OK,0.0,0.042400360107421875,0.6805240736275219,3.0,"{""nevents"": 65.0, ""ndays_act"": 19.0, ""nchapters"": 8.0}"
HarvardX,1,aligned,0,5619,NICE,native,NICE_native,0,out_of_bounds:nevents,0.0,0.004856586456298828,0.11668706650346797,2.0,"{""nevents"": 9.0, ""ndays_act"": 8.0, ""nchapters"": 10.0}"
HarvardX,1,aligned,0,5619,NICE,bounded,NICE_bounded,0,classifier_target_not_met,0.0,0.004856586456298828,0.07017543859649122,1.0,"{""nevents"": 41.0, ""ndays_act"": 8.0, ""nchapters"": 10.0}"
HarvardX,1,aligned,0,5619,NICE,bounded+edit,NICE_bounded+edit,0,classifier_target_not_met,0.0,0.004856586456298828,0.07017543859649122,1.0,"{""nevents"": 41.0, ""ndays_act"": 8.0, ""nchapters"": 10.0}"
HarvardX,1,aligned,0,5619,MCCE,native,MCCE_native,1,OK,0.0,0.04149627685546875,0.21478478172174623,2.0,"{""nevents"": 56.0, ""ndays_act"": 15.0, ""nchapters"": 10.0}"
HarvardX,1,aligned,0,5619,MCCE,bounded,MCCE_bounded,1,OK,0.0,0.04149627685546875,0.21478478172174623,2.0,"{""nevents"": 56.0, ""ndays_act"": 15.0, ""nchapters"": 10.0}"
HarvardX,1,aligned,0,5619,MCCE,bounded+edit,MCCE_bounded+edit,1,OK,0.0,0.04149627685546875,0.21478478172174623,2.0,"{""nevents"": 56.0, ""ndays_act"": 15.0, ""nchapters"": 10.0}"
HarvardX,1,aligned,0,5623,NICE,native,NICE_native,1,OK,0.0,0.003509998321533203,0.14035087719298245,1.0,"{""nevents"": 12.0, ""ndays_act"": 12.0, ""nchapters"": 9.0}"
HarvardX,1,aligned,0,5623,NICE,bounded,NICE_bounded,1,OK,0.0,0.003509998321533203,0.14035087719298245,1.0,"{""nevents"": 12.0, ""ndays_act"": 12.0, ""nchapters"": 9.0}"
HarvardX,1,aligned,0,5623,NICE,bounded+edit,NICE_bounded+edit,1,OK,0.0,0.003509998321533203,0.14035087719298245,1.0,"{""nevents"": 12.0, ""ndays_act"": 12.0, ""nchapters"": 9.0}"
HarvardX,1,aligned,0,5623,MCCE,native,MCCE_native,1,OK,0.0,0.04238128662109375,0.3735594215664685,2.0,"{""nevents"": 66.0, ""ndays_act"": 21.0, ""nchapters"": 9.0}"
HarvardX,1,aligned,0,5623,MCCE,bounded,MCCE_bounded,1,OK,0.0,0.04238128662109375,0.3735594215664685,2.0,"{""nevents"": 66.0, ""ndays_act"": 21.0, ""nchapters"": 9.0}"
HarvardX,1,aligned,0,5623,MCCE,bounded+edit,MCCE_bounded+edit,1,OK,0.0,0.04238128662109375,0.3735594215664685,2.0,"{""nevents"": 66.0, ""ndays_act"": 21.0, ""nchapters"": 9.0}"
HarvardX,1,aligned,0,5637,NICE,native,NICE_native,1,OK,0.0,0.006251335144042969,0.7109801202034212,3.0,"{""nevents"": 76.0, ""ndays_act"": 18.0, ""nchapters"": 8.0}"
HarvardX,1,aligned,0,5637,NICE,bounded,NICE_bounded,1,OK,0.0,0.006251335144042969,0.7109801202034212,3.0,"{""nevents"": 76.0, ""ndays_act"": 18.0, ""nchapters"": 8.0}"
HarvardX,1,aligned,0,5637,NICE,bounded+edit,NICE_bounded+edit,1,OK,0.0,0.006251335144042969,0.7109801202034212,3.0,"{""nevents"": 76.0, ""ndays_act"": 18.0, ""nchapters"": 8.0}"
HarvardX,1,aligned,0,5637,MCCE,native,MCCE_native,1,OK,0.0,0.040122270584106445,0.7123901987979657,3.0,"{""nevents"": 65.0, ""ndays_act"": 19.0, ""nchapters"": 8.0}"
HarvardX,1,aligned,0,5637,MCCE,bounded,MCCE_bounded,1,OK,0.0,0.040122270584106445,0.7123901987979657,3.0,"{""nevents"": 65.0, ""ndays_act"": 19.0, ""nchapters"": 8.0}"
HarvardX,1,aligned,0,5637,MCCE,bounded+edit,MCCE_bounded+edit,1,OK,0.0,0.040122270584106445,0.7123901987979657,3.0,"{""nevents"": 65.0, ""ndays_act"": 19.0, ""nchapters"": 8.0}"
HarvardX,1,aligned,0,5647,NICE,native,NICE_native,1,OK,0.0,0.0034720897674560547,0.10416666666666667,1.0,"{""nevents"": 63.0, ""ndays_act"": 18.0, ""nchapters"": 8.0}"
HarvardX,1,aligned,0,5647,NICE,bounded,NICE_bounded,1,OK,0.0,0.0034720897674560547,0.10416666666666667,1.0,"{""nevents"": 63.0, ""ndays_act"": 18.0, ""nchapters"": 8.0}"
HarvardX,1,aligned,0,5647,NICE,bounded+edit,NICE_bounded+edit,1,OK,0.0,0.0034720897674560547,0.10416666666666667,1.0,"{""nevents"": 63.0, ""ndays_act"": 18.0, ""nchapters"": 8.0}"
HarvardX,1,aligned,0,5647,MCCE,native,MCCE_native,1,OK,0.0,0.04013657569885254,0.128003003003003,2.0,"{""nevents"": 65.0, ""ndays_act"": 19.0, ""nchapters"": 8.0}"
HarvardX,1,aligned,0,5647,MCCE,bounded,MCCE_bounded,1,OK,0.0,0.04013657569885254,0.128003003003003,2.0,"{""nevents"": 65.0, ""ndays_act"": 19.0, ""nchapters"": 8.0}"
HarvardX,1,aligned,0,5647,MCCE,bounded+edit,MCCE_bounded+edit,1,OK,0.0,0.04013657569885254,0.128003003003003,2.0,"{""nevents"": 65.0, ""ndays_act"": 19.0, ""nchapters"": 8.0}"
HarvardX,1,aligned,0,5692,NICE,native,NICE_native,0,out_of_bounds:nevents,0.0,0.005868673324584961,0.32990638297872343,3.0,"{""nevents"": 76.0, ""ndays_act"": 18.0, ""nchapters"": 8.0}"
HarvardX,1,aligned,0,5692,NICE,bounded,NICE_bounded,0,classifier_target_not_met,0.0,0.005868673324584961,0.2851063829787234,2.0,"{""nevents"": 104.0, ""ndays_act"": 18.0, ""nchapters"": 8.0}"
HarvardX,1,aligned,0,5692,NICE,bounded+edit,NICE_bounded+edit,0,classifier_target_not_met,0.0,0.005868673324584961,0.2851063829787234,2.0,"{""nevents"": 104.0, ""ndays_act"": 18.0, ""nchapters"": 8.0}"
HarvardX,1,aligned,0,5692,MCCE,native,MCCE_native,0,out_of_bounds:nevents,0.0,0.04074740409851074,1.0864,2.0,"{""nevents"": 50.0, ""ndays_act"": 14.0, ""nchapters"": 12.0}"
HarvardX,1,aligned,0,5692,MCCE,bounded,MCCE_bounded,1,OK,0.0,0.04074740409851074,0.9927489361702128,3.0,"{""nevents"": 150.0, ""ndays_act"": 29.0, ""nchapters"": 10.0}"
HarvardX,1,aligned,0,5692,MCCE,bounded+edit,MCCE_bounded+edit,1,OK,0.0,0.04074740409851074,0.9927489361702128,3.0,"{""nevents"": 150.0, ""ndays_act"": 29.0, ""nchapters"": 10.0}"
HarvardX,1,aligned,0,5693,NICE,native,NICE_native,1,OK,0.0,0.005805015563964844,0.7159770114942529,3.0,"{""nevents"": 76.0, ""ndays_act"": 18.0, ""nchapters"": 8.0}"
HarvardX,1,aligned,0,5693,NICE,bounded,NICE_bounded,1,OK,0.0,0.005805015563964844,0.7159770114942529,3.0,"{""nevents"": 76.0, ""ndays_act"": 18.0, ""nchapters"": 8.0}"
HarvardX,1,aligned,0,5693,NICE,bounded+edit,NICE_bounded+edit,1,OK,0.0,0.005805015563964844,0.7159770114942529,3.0,"{""nevents"": 76.0, ""ndays_act"": 18.0, ""nchapters"": 8.0}"
HarvardX,1,aligned,0,5693,MCCE,native,MCCE_native,1,OK,0.0,0.04033517837524414,0.717471264367816,3.0,"{""nevents"": 65.0, ""ndays_act"": 19.0, ""nchapters"": 8.0}"
HarvardX,1,aligned,0,5693,MCCE,bounded,MCCE_bounded,1,OK,0.0,0.04033517837524414,0.717471264367816,3.0,"{""nevents"": 65.0, ""ndays_act"": 19.0, ""nchapters"": 8.0}"
HarvardX,1,aligned,0,5693,MCCE,bounded+edit,MCCE_bounded+edit,1,OK,0.0,0.04033517837524414,0.717471264367816,3.0,"{""nevents"": 65.0, ""ndays_act"": 19.0, ""nchapters"": 8.0}"
HarvardX,1,aligned,0,5705,NICE,native,NICE_native,1,OK,0.0,0.004616498947143555,0.20674931129476581,2.0,"{""nevents"": 20.0, ""ndays_act"": 12.0, ""nchapters"": 9.0}"
HarvardX,1,aligned,0,5705,NICE,bounded,NICE_bounded,1,OK,0.0,0.004616498947143555,0.20674931129476581,2.0,"{""nevents"": 20.0, ""ndays_act"": 12.0, ""nchapters"": 9.0}"
HarvardX,1,aligned,0,5705,NICE,bounded+edit,NICE_bounded+edit,1,OK,0.0,0.004616498947143555,0.20674931129476581,2.0,"{""nevents"": 20.0, ""ndays_act"": 12.0, ""nchapters"": 9.0}"
HarvardX,1,aligned,0,5705,MCCE,native,MCCE_native,1,OK,0.0,0.041127681732177734,0.42011019283746553,2.0,"{""nevents"": 66.0, ""ndays_act"": 21.0, ""nchapters"": 9.0}"
HarvardX,1,aligned,0,5705,MCCE,bounded,MCCE_bounded,1,OK,0.0,0.041127681732177734,0.42011019283746553,2.0,"{""nevents"": 66.0, ""ndays_act"": 21.0, ""nchapters"": 9.0}"
HarvardX,1,aligned,0,5705,MCCE,bounded+edit,MCCE_bounded+edit,1,OK,0.0,0.041127681732177734,0.42011019283746553,2.0,"{""nevents"": 66.0, ""ndays_act"": 21.0, ""nchapters"": 9.0}"
HarvardX,1,aligned,0,5710,NICE,native,NICE_native,1,OK,0.0,0.005802154541015625,0.7134854771784231,3.0,"{""nevents"": 76.0, ""ndays_act"": 18.0, ""nchapters"": 8.0}"
HarvardX,1,aligned,0,5710,NICE,bounded,NICE_bounded,1,OK,0.0,0.005802154541015625,0.7134854771784231,3.0,"{""nevents"": 76.0, ""ndays_act"": 18.0, ""nchapters"": 8.0}"
HarvardX,1,aligned,0,5710,NICE,bounded+edit,NICE_bounded+edit,1,OK,0.0,0.005802154541015625,0.7134854771784231,3.0,"{""nevents"": 76.0, ""ndays_act"": 18.0, ""nchapters"": 8.0}"
HarvardX,1,aligned,0,5710,MCCE,native,MCCE_native,1,OK,0.0,0.041219472885131836,0.7149377593360995,3.0,"{""nevents"": 65.0, ""ndays_act"": 19.0, ""nchapters"": 8.0}"
HarvardX,1,aligned,0,5710,MCCE,bounded,MCCE_bounded,1,OK,0.0,0.041219472885131836,0.7149377593360995,3.0,"{""nevents"": 65.0, ""ndays_act"": 19.0, ""nchapters"": 8.0}"
HarvardX,1,aligned,0,5710,MCCE,bounded+edit,MCCE_bounded+edit,1,OK,0.0,0.041219472885131836,0.7149377593360995,3.0,"{""nevents"": 65.0, ""ndays_act"": 19.0, ""nchapters"": 8.0}"
HarvardX,1,aligned,0,5795,NICE,native,NICE_native,0,out_of_bounds:nevents,0.0,0.003481626510620117,0.030612244897959183,1.0,"{""nevents"": 22.0, ""ndays_act"": 10.0, ""nchapters"": 12.0}"
HarvardX,1,aligned,0,5795,NICE,bounded,NICE_bounded,0,classifier_target_not_met,0.0,0.003481626510620117,0.0,0.0,"{""nevents"": 43.0, ""ndays_act"": 10.0, ""nchapters"": 12.0}"
HarvardX,1,aligned,0,5795,NICE,bounded+edit,NICE_bounded+edit,0,classifier_target_not_met,0.0,0.003481626510620117,0.0,0.0,"{""nevents"": 43.0, ""ndays_act"": 10.0, ""nchapters"": 12.0}"
HarvardX,1,aligned,0,5795,MCCE,native,MCCE_native,0,out_of_bounds:nevents,0.0,0.032637596130371094,0.037900874635568516,1.0,"{""nevents"": 17.0, ""ndays_act"": 10.0, ""nchapters"": 12.0}"
HarvardX,1,aligned,0,5795,MCCE,bounded,MCCE_bounded,1,OK,0.0,0.032637596130371094,0.0719430629394615,2.0,"{""nevents"": 52.0, ""ndays_act"": 13.0, ""nchapters"": 12.0}"
HarvardX,1,aligned,0,5795,MCCE,bounded+edit,MCCE_bounded+edit,1,OK,0.0,0.032637596130371094,0.0719430629394615,2.0,"{""nevents"": 52.0, ""ndays_act"": 13.0, ""nchapters"": 12.0}"
HarvardX,1,aligned,0,5805,NICE,native,NICE_native,1,OK,0.0,0.00800776481628418,0.2241561537250669,2.0,"{""nevents"": 20.0, ""ndays_act"": 12.0, ""nchapters"": 9.0}"
HarvardX,1,aligned,0,5805,NICE,bounded,NICE_bounded,1,OK,0.0,0.00800776481628418,0.2241561537250669,2.0,"{""nevents"": 20.0, ""ndays_act"": 12.0, ""nchapters"": 9.0}"
HarvardX,1,aligned,0,5805,NICE,bounded+edit,NICE_bounded+edit,1,OK,0.0,0.00800776481628418,0.2241561537250669,2.0,"{""nevents"": 20.0, ""ndays_act"": 12.0, ""nchapters"": 9.0}"
HarvardX,1,aligned,0,5805,MCCE,native,MCCE_native,1,OK,0.0,0.06040596961975098,0.4347972745058355,2.0,"{""nevents"": 66.0, ""ndays_act"": 21.0, ""nchapters"": 9.0}"
HarvardX,1,aligned,0,5805,MCCE,bounded,MCCE_bounded,1,OK,0.0,0.06040596961975098,0.4347972745058355,2.0,"{""nevents"": 66.0, ""ndays_act"": 21.0, ""nchapters"": 9.0}"
HarvardX,1,aligned,0,5805,MCCE,bounded+edit,MCCE_bounded+edit,1,OK,0.0,0.06040596961975098,0.4347972745058355,2.0,"{""nevents"": 66.0, ""ndays_act"": 21.0, ""nchapters"": 9.0}"
HarvardX,1,aligned,0,5834,NICE,native,NICE_native,0,out_of_bounds:nevents,0.0,0.005873680114746094,0.20945945945945946,1.0,"{""nevents"": 13.0, ""ndays_act"": 8.0, ""nchapters"": 12.0}"
HarvardX,1,aligned,0,5834,NICE,bounded,NICE_bounded,0,classifier_target_not_met,0.0,0.005873680114746094,0.0,0.0,"{""nevents"": 137.0, ""ndays_act"": 8.0, ""nchapters"": 12.0}"
HarvardX,1,aligned,0,5834,NICE,bounded+edit,NICE_bounded+edit,0,classifier_target_not_met,0.0,0.005873680114746094,0.0,0.0,"{""nevents"": 137.0, ""ndays_act"": 8.0, ""nchapters"": 12.0}"
HarvardX,1,aligned,0,5834,MCCE,native,MCCE_native,0,out_of_bounds:nevents,0.0,0.029355764389038086,0.24043855175930648,2.0,"{""nevents"": 17.0, ""ndays_act"": 10.0, ""nchapters"": 12.0}"
HarvardX,1,aligned,0,5834,MCCE,bounded,MCCE_bounded,1,OK,0.0,0.029355764389038086,0.3458057113717491,2.0,"{""nevents"": 163.0, ""ndays_act"": 24.0, ""nchapters"": 12.0}"
HarvardX,1,aligned,0,5834,MCCE,bounded+edit,MCCE_bounded+edit,1,OK,0.0,0.029355764389038086,0.3458057113717491,2.0,"{""nevents"": 163.0, ""ndays_act"": 24.0, ""nchapters"": 12.0}"
HarvardX,1,aligned,0,5841,NICE,native,NICE_native,1,OK,0.0,0.005967378616333008,0.5654998942147207,3.0,"{""nevents"": 76.0, ""ndays_act"": 18.0, ""nchapters"": 8.0}"
HarvardX,1,aligned,0,5841,NICE,bounded,NICE_bounded,1,OK,0.0,0.005967378616333008,0.5654998942147207,3.0,"{""nevents"": 76.0, ""ndays_act"": 18.0, ""nchapters"": 8.0}"
HarvardX,1,aligned,0,5841,NICE,bounded+edit,NICE_bounded+edit,1,OK,0.0,0.005967378616333008,0.5654998942147207,3.0,"{""nevents"": 76.0, ""ndays_act"": 18.0, ""nchapters"": 8.0}"
HarvardX,1,aligned,0,5841,MCCE,native,MCCE_native,1,OK,0.0,0.047861337661743164,0.5671924586849715,3.0,"{""nevents"": 65.0, ""ndays_act"": 19.0, ""nchapters"": 8.0}"
HarvardX,1,aligned,0,5841,MCCE,bounded,MCCE_bounded,1,OK,0.0,0.047861337661743164,0.5671924586849715,3.0,"{""nevents"": 65.0, ""ndays_act"": 19.0, ""nchapters"": 8.0}"
HarvardX,1,aligned,0,5841,MCCE,bounded+edit,MCCE_bounded+edit,1,OK,0.0,0.047861337661743164,0.5671924586849715,3.0,"{""nevents"": 65.0, ""ndays_act"": 19.0, ""nchapters"": 8.0}"
HarvardX,1,aligned,0,5905,NICE,native,NICE_native,1,OK,0.0,0.006047487258911133,0.5898067568170661,3.0,"{""nevents"": 76.0, ""ndays_act"": 18.0, ""nchapters"": 8.0}"
HarvardX,1,aligned,0,5905,NICE,bounded,NICE_bounded,1,OK,0.0,0.006047487258911133,0.5898067568170661,3.0,"{""nevents"": 76.0, ""ndays_act"": 18.0, ""nchapters"": 8.0}"
HarvardX,1,aligned,0,5905,NICE,bounded+edit,NICE_bounded+edit,1,OK,0.0,0.006047487258911133,0.5898067568170661,3.0,"{""nevents"": 76.0, ""ndays_act"": 18.0, ""nchapters"": 8.0}"
HarvardX,1,aligned,0,5905,MCCE,native,MCCE_native,1,OK,0.0,0.0793001651763916,1.1454545454545455,2.0,"{""nevents"": 50.0, ""ndays_act"": 14.0, ""nchapters"": 12.0}"
HarvardX,1,aligned,0,5905,MCCE,bounded,MCCE_bounded,1,OK,0.0,0.0793001651763916,1.1454545454545455,2.0,"{""nevents"": 50.0, ""ndays_act"": 14.0, ""nchapters"": 12.0}"
HarvardX,1,aligned,0,5905,MCCE,bounded+edit,MCCE_bounded+edit,1,OK,0.0,0.0793001651763916,1.1454545454545455,2.0,"{""nevents"": 50.0, ""ndays_act"": 14.0, ""nchapters"": 12.0}"
HarvardX,1,aligned,0,5914,NICE,native,NICE_native,0,out_of_bounds:nevents,0.0,0.004828453063964844,0.12455205811138015,2.0,"{""nevents"": 13.0, ""ndays_act"": 8.0, ""nchapters"": 12.0}"
HarvardX,1,aligned,0,5914,NICE,bounded,NICE_bounded,0,classifier_target_not_met,0.0,0.004828453063964844,0.1016949152542373,1.0,"{""nevents"": 29.0, ""ndays_act"": 8.0, ""nchapters"": 12.0}"
HarvardX,1,aligned,0,5914,NICE,bounded+edit,NICE_bounded+edit,0,classifier_target_not_met,0.0,0.004828453063964844,0.1016949152542373,1.0,"{""nevents"": 29.0, ""ndays_act"": 8.0, ""nchapters"": 12.0}"
HarvardX,1,aligned,0,5914,MCCE,native,MCCE_native,0,out_of_bounds:nevents,0.0,0.02700519561767578,0.1527360774818402,2.0,"{""nevents"": 17.0, ""ndays_act"": 10.0, ""nchapters"": 12.0}"
HarvardX,1,aligned,0,5914,MCCE,bounded,MCCE_bounded,1,OK,0.0,0.02700519561767578,0.15825665859564167,2.0,"{""nevents"": 33.0, ""ndays_act"": 11.0, ""nchapters"": 12.0}"
HarvardX,1,aligned,0,5914,MCCE,bounded+edit,MCCE_bounded+edit,1,OK,0.0,0.02700519561767578,0.15825665859564167,2.0,"{""nevents"": 33.0, ""ndays_act"": 11.0, ""nchapters"": 12.0}"
HarvardX,1,aligned,0,5936,NICE,native,NICE_native,0,out_of_bounds:nevents,0.0,0.00471043586730957,0.22936137071651092,2.0,"{""nevents"": 20.0, ""ndays_act"": 12.0, ""nchapters"": 9.0}"
HarvardX,1,aligned,0,5936,NICE,bounded,NICE_bounded,0,classifier_target_not_met,0.0,0.00471043586730957,0.125,1.0,"{""nevents"": 87.0, ""ndays_act"": 12.0, ""nchapters"": 9.0}"
HarvardX,1,aligned,0,5936,NICE,bounded+edit,NICE_bounded+edit,0,classifier_target_not_met,0.0,0.00471043586730957,0.125,1.0,"{""nevents"": 87.0, ""ndays_act"": 12.0, ""nchapters"": 9.0}"
HarvardX,1,aligned,0,5936,MCCE,native,MCCE_native,0,out_of_bounds:nevents,0.0,0.04500579833984375,0.3184245660881175,2.0,"{""nevents"": 66.0, ""ndays_act"": 21.0, ""nchapters"": 9.0}"
HarvardX,1,aligned,0,5936,MCCE,bounded,MCCE_bounded,1,OK,0.0,0.04500579833984375,1.3928571428571428,2.0,"{""nevents"": 87.0, ""ndays_act"": 27.0, ""nchapters"": 12.0}"
HarvardX,1,aligned,0,5936,MCCE,bounded+edit,MCCE_bounded+edit,1,OK,0.0,0.04500579833984375,1.3928571428571428,2.0,"{""nevents"": 87.0, ""ndays_act"": 27.0, ""nchapters"": 12.0}"
HarvardX,1,aligned,0,5964,NICE,native,NICE_native,1,OK,0.0,0.0062139034271240234,0.695049021922163,3.0,"{""nevents"": 76.0, ""ndays_act"": 18.0, ""nchapters"": 8.0}"
HarvardX,1,aligned,0,5964,NICE,bounded,NICE_bounded,1,OK,0.0,0.0062139034271240234,0.695049021922163,3.0,"{""nevents"": 76.0, ""ndays_act"": 18.0, ""nchapters"": 8.0}"
HarvardX,1,aligned,0,5964,NICE,bounded+edit,NICE_bounded+edit,1,OK,0.0,0.0062139034271240234,0.695049021922163,3.0,"{""nevents"": 76.0, ""ndays_act"": 18.0, ""nchapters"": 8.0}"
HarvardX,1,aligned,0,5964,MCCE,native,MCCE_native,1,OK,0.0,0.0411992073059082,0.6966778402026974,3.0,"{""nevents"": 65.0, ""ndays_act"": 19.0, ""nchapters"": 8.0}"
HarvardX,1,aligned,0,5964,MCCE,bounded,MCCE_bounded,1,OK,0.0,0.0411992073059082,0.6966778402026974,3.0,"{""nevents"": 65.0, ""ndays_act"": 19.0, ""nchapters"": 8.0}"
HarvardX,1,aligned,0,5964,MCCE,bounded+edit,MCCE_bounded+edit,1,OK,0.0,0.0411992073059082,0.6966778402026974,3.0,"{""nevents"": 65.0, ""ndays_act"": 19.0, ""nchapters"": 8.0}"
HarvardX,1,aligned,0,6000,NICE,native,NICE_native,1,OK,0.0,0.006378173828125,0.7025860723538409,3.0,"{""nevents"": 76.0, ""ndays_act"": 18.0, ""nchapters"": 8.0}"
HarvardX,1,aligned,0,6000,NICE,bounded,NICE_bounded,1,OK,0.0,0.006378173828125,0.7025860723538409,3.0,"{""nevents"": 76.0, ""ndays_act"": 18.0, ""nchapters"": 8.0}"
HarvardX,1,aligned,0,6000,NICE,bounded+edit,NICE_bounded+edit,1,OK,0.0,0.006378173828125,0.7025860723538409,3.0,"{""nevents"": 76.0, ""ndays_act"": 18.0, ""nchapters"": 8.0}"
HarvardX,1,aligned,0,6000,MCCE,native,MCCE_native,1,OK,0.0,0.043196916580200195,0.7043418547304678,3.0,"{""nevents"": 65.0, ""ndays_act"": 19.0, ""nchapters"": 8.0}"
HarvardX,1,aligned,0,6000,MCCE,bounded,MCCE_bounded,1,OK,0.0,0.043196916580200195,0.7043418547304678,3.0,"{""nevents"": 65.0, ""ndays_act"": 19.0, ""nchapters"": 8.0}"
HarvardX,1,aligned,0,6000,MCCE,bounded+edit,MCCE_bounded+edit,1,OK,0.0,0.043196916580200195,0.7043418547304678,3.0,"{""nevents"": 65.0, ""ndays_act"": 19.0, ""nchapters"": 8.0}"
HarvardX,1,aligned,0,6022,NICE,native,NICE_native,1,OK,0.0,0.007081031799316406,0.5239370156964038,3.0,"{""nevents"": 76.0, ""ndays_act"": 18.0, ""nchapters"": 8.0}"
HarvardX,1,aligned,0,6022,NICE,bounded,NICE_bounded,1,OK,0.0,0.007081031799316406,0.5239370156964038,3.0,"{""nevents"": 76.0, ""ndays_act"": 18.0, ""nchapters"": 8.0}"
HarvardX,1,aligned,0,6022,NICE,bounded+edit,NICE_bounded+edit,1,OK,0.0,0.007081031799316406,0.5239370156964038,3.0,"{""nevents"": 76.0, ""ndays_act"": 18.0, ""nchapters"": 8.0}"
HarvardX,1,aligned,0,6022,MCCE,native,MCCE_native,1,OK,0.0,0.04299187660217285,0.5264951321279555,3.0,"{""nevents"": 65.0, ""ndays_act"": 19.0, ""nchapters"": 8.0}"
HarvardX,1,aligned,0,6022,MCCE,bounded,MCCE_bounded,1,OK,0.0,0.04299187660217285,0.5264951321279555,3.0,"{""nevents"": 65.0, ""ndays_act"": 19.0, ""nchapters"": 8.0}"
HarvardX,1,aligned,0,6022,MCCE,bounded+edit,MCCE_bounded+edit,1,OK,0.0,0.04299187660217285,0.5264951321279555,3.0,"{""nevents"": 65.0, ""ndays_act"": 19.0, ""nchapters"": 8.0}"
HarvardX,1,aligned,0,6044,NICE,native,NICE_native,1,OK,0.0,0.0047914981842041016,0.3993343677618116,2.0,"{""nevents"": 76.0, ""ndays_act"": 18.0, ""nchapters"": 8.0}"
HarvardX,1,aligned,0,6044,NICE,bounded,NICE_bounded,1,OK,0.0,0.0047914981842041016,0.3993343677618116,2.0,"{""nevents"": 76.0, ""ndays_act"": 18.0, ""nchapters"": 8.0}"
HarvardX,1,aligned,0,6044,NICE,bounded+edit,NICE_bounded+edit,1,OK,0.0,0.0047914981842041016,0.3993343677618116,2.0,"{""nevents"": 76.0, ""ndays_act"": 18.0, ""nchapters"": 8.0}"
HarvardX,1,aligned,0,6044,MCCE,native,MCCE_native,1,OK,0.0,0.0426335334777832,0.40063864714745107,2.0,"{""nevents"": 65.0, ""ndays_act"": 19.0, ""nchapters"": 8.0}"
HarvardX,1,aligned,0,6044,MCCE,bounded,MCCE_bounded,1,OK,0.0,0.0426335334777832,0.40063864714745107,2.0,"{""nevents"": 65.0, ""ndays_act"": 19.0, ""nchapters"": 8.0}"
HarvardX,1,aligned,0,6044,MCCE,bounded+edit,MCCE_bounded+edit,1,OK,0.0,0.0426335334777832,0.40063864714745107,2.0,"{""nevents"": 65.0, ""ndays_act"": 19.0, ""nchapters"": 8.0}"
HarvardX,1,aligned,0,6064,NICE,native,NICE_native,0,out_of_bounds:nevents,0.0,0.007587909698486328,0.22594142259414227,1.0,"{""nevents"": 143.0, ""ndays_act"": 21.0, ""nchapters"": 12.0}"
HarvardX,1,aligned,0,6064,NICE,bounded,NICE_bounded,0,classifier_target_not_met,0.0,0.007587909698486328,0.0,0.0,"{""nevents"": 251.0, ""ndays_act"": 21.0, ""nchapters"": 12.0}"
HarvardX,1,aligned,0,6064,NICE,bounded+edit,NICE_bounded+edit,0,classifier_target_not_met,0.0,0.007587909698486328,0.0,0.0,"{""nevents"": 251.0, ""ndays_act"": 21.0, ""nchapters"": 12.0}"
HarvardX,1,aligned,0,6064,MCCE,native,MCCE_native,0,out_of_bounds:nevents,0.0,0.02661871910095215,0.26359832635983266,1.0,"{""nevents"": 125.0, ""ndays_act"": 21.0, ""nchapters"": 12.0}"
HarvardX,1,aligned,0,6064,MCCE,bounded,MCCE_bounded,1,OK,0.0,0.02661871910095215,0.11046025104602511,2.0,"{""nevents"": 256.0, ""ndays_act"": 25.0, ""nchapters"": 12.0}"
HarvardX,1,aligned,0,6064,MCCE,bounded+edit,MCCE_bounded+edit,1,OK,0.0,0.02661871910095215,0.11046025104602511,2.0,"{""nevents"": 256.0, ""ndays_act"": 25.0, ""nchapters"": 12.0}"
HarvardX,1,aligned,0,6069,NICE,native,NICE_native,0,out_of_bounds:nevents,0.0,0.005191802978515625,0.03267752148349164,2.0,"{""nevents"": 120.0, ""ndays_act"": 18.0, ""nchapters"": 12.0}"
HarvardX,1,aligned,0,6069,NICE,bounded,NICE_bounded,0,classifier_target_not_met,0.0,0.005191802978515625,0.022727272727272728,1.0,"{""nevents"": 126.0, ""ndays_act"": 18.0, ""nchapters"": 12.0}"
HarvardX,1,aligned,0,6069,NICE,bounded+edit,NICE_bounded+edit,0,classifier_target_not_met,0.0,0.005191802978515625,0.022727272727272728,1.0,"{""nevents"": 126.0, ""ndays_act"": 18.0, ""nchapters"": 12.0}"
HarvardX,1,aligned,0,6069,MCCE,native,MCCE_native,0,out_of_bounds:nevents,0.0,0.027590513229370117,0.06965174129353234,1.0,"{""nevents"": 84.0, ""ndays_act"": 17.0, ""nchapters"": 12.0}"
HarvardX,1,aligned,0,6069,MCCE,bounded,MCCE_bounded,1,OK,0.0,0.027590513229370117,0.08144881652344338,2.0,"{""nevents"": 134.0, ""ndays_act"": 20.0, ""nchapters"": 12.0}"
HarvardX,1,aligned,0,6069,MCCE,bounded+edit,MCCE_bounded+edit,1,OK,0.0,0.027590513229370117,0.08144881652344338,2.0,"{""nevents"": 134.0, ""ndays_act"": 20.0, ""nchapters"": 12.0}"
HarvardX,1,aligned,0,6086,NICE,native,NICE_native,0,out_of_bounds:nevents,0.0,0.0037724971771240234,0.14285714285714285,1.0,"{""nevents"": 33.0, ""ndays_act"": 11.0, ""nchapters"": 12.0}"
HarvardX,1,aligned,0,6086,NICE,bounded,NICE_bounded,0,classifier_target_not_met,0.0,0.0037724971771240234,0.0,0.0,"{""nevents"": 120.0, ""ndays_act"": 11.0, ""nchapters"": 12.0}"
HarvardX,1,aligned,0,6086,NICE,bounded+edit,NICE_bounded+edit,0,classifier_target_not_met,0.0,0.0037724971771240234,0.0,0.0,"{""nevents"": 120.0, ""ndays_act"": 11.0, ""nchapters"": 12.0}"
HarvardX,1,aligned,0,6086,MCCE,native,MCCE_native,0,out_of_bounds:nevents,0.0,0.025852680206298828,0.14285714285714285,1.0,"{""nevents"": 33.0, ""ndays_act"": 11.0, ""nchapters"": 12.0}"
HarvardX,1,aligned,0,6086,MCCE,bounded,MCCE_bounded,1,OK,0.0,0.025852680206298828,0.20298850574712643,2.0,"{""nevents"": 134.0, ""ndays_act"": 20.0, ""nchapters"": 12.0}"
HarvardX,1,aligned,0,6086,MCCE,bounded+edit,MCCE_bounded+edit,1,OK,0.0,0.025852680206298828,0.20298850574712643,2.0,"{""nevents"": 134.0, ""ndays_act"": 20.0, ""nchapters"": 12.0}"
HarvardX,1,aligned,0,6103,NICE,native,NICE_native,0,out_of_bounds:nevents,0.0,0.003752470016479492,0.10227272727272728,1.0,"{""nevents"": 50.0, ""ndays_act"": 12.0, ""nchapters"": 12.0}"
HarvardX,1,aligned,0,6103,NICE,bounded,NICE_bounded,0,classifier_target_not_met,0.0,0.003752470016479492,0.0,0.0,"{""nevents"": 113.0, ""ndays_act"": 12.0, ""nchapters"": 12.0}"
HarvardX,1,aligned,0,6103,NICE,bounded+edit,NICE_bounded+edit,0,classifier_target_not_met,0.0,0.003752470016479492,0.0,0.0,"{""nevents"": 113.0, ""ndays_act"": 12.0, ""nchapters"": 12.0}"
HarvardX,1,aligned,0,6103,MCCE,native,MCCE_native,0,out_of_bounds:nevents,0.0,0.04030156135559082,0.11688311688311688,1.0,"{""nevents"": 41.0, ""ndays_act"": 12.0, ""nchapters"": 12.0}"
HarvardX,1,aligned,0,6103,MCCE,bounded,MCCE_bounded,1,OK,0.0,0.04030156135559082,0.1730055658627087,2.0,"{""nevents"": 119.0, ""ndays_act"": 20.0, ""nchapters"": 12.0}"
HarvardX,1,aligned,0,6103,MCCE,bounded+edit,MCCE_bounded+edit,1,OK,0.0,0.04030156135559082,0.1730055658627087,2.0,"{""nevents"": 119.0, ""ndays_act"": 20.0, ""nchapters"": 12.0}"
HarvardX,1,aligned,0,6190,NICE,native,NICE_native,1,OK,0.0,0.005858659744262695,0.1016949152542373,1.0,"{""nevents"": 7.0, ""ndays_act"": 8.0, ""nchapters"": 12.0}"
HarvardX,1,aligned,0,6190,NICE,bounded,NICE_bounded,1,OK,0.0,0.005858659744262695,0.1016949152542373,1.0,"{""nevents"": 7.0, ""ndays_act"": 8.0, ""nchapters"": 12.0}"
HarvardX,1,aligned,0,6190,NICE,bounded+edit,NICE_bounded+edit,1,OK,0.0,0.005858659744262695,0.1016949152542373,1.0,"{""nevents"": 7.0, ""ndays_act"": 8.0, ""nchapters"": 12.0}"
HarvardX,1,aligned,0,6190,MCCE,native,MCCE_native,1,OK,0.0,0.03271889686584473,0.14944363585144843,2.0,"{""nevents"": 17.0, ""ndays_act"": 10.0, ""nchapters"": 12.0}"
HarvardX,1,aligned,0,6190,MCCE,bounded,MCCE_bounded,1,OK,0.0,0.03271889686584473,0.14944363585144843,2.0,"{""nevents"": 17.0, ""ndays_act"": 10.0, ""nchapters"": 12.0}"
HarvardX,1,aligned,0,6190,MCCE,bounded+edit,MCCE_bounded+edit,1,OK,0.0,0.03271889686584473,0.14944363585144843,2.0,"{""nevents"": 17.0, ""ndays_act"": 10.0, ""nchapters"": 12.0}"
HarvardX,1,aligned,0,6191,NICE,native,NICE_native,1,OK,0.0,0.004689216613769531,0.3383292978208232,2.0,"{""nevents"": 76.0, ""ndays_act"": 18.0, ""nchapters"": 8.0}"
HarvardX,1,aligned,0,6191,NICE,bounded,NICE_bounded,1,OK,0.0,0.004689216613769531,0.3383292978208232,2.0,"{""nevents"": 76.0, ""ndays_act"": 18.0, ""nchapters"": 8.0}"
HarvardX,1,aligned,0,6191,NICE,bounded+edit,NICE_bounded+edit,1,OK,0.0,0.004689216613769531,0.3383292978208232,2.0,"{""nevents"": 76.0, ""ndays_act"": 18.0, ""nchapters"": 8.0}"
HarvardX,1,aligned,0,6191,MCCE,native,MCCE_native,1,OK,0.0,0.05281996726989746,0.3395641646489104,2.0,"{""nevents"": 65.0, ""ndays_act"": 19.0, ""nchapters"": 8.0}"
HarvardX,1,aligned,0,6191,MCCE,bounded,MCCE_bounded,1,OK,0.0,0.05281996726989746,0.3395641646489104,2.0,"{""nevents"": 65.0, ""ndays_act"": 19.0, ""nchapters"": 8.0}"
HarvardX,1,aligned,0,6191,MCCE,bounded+edit,MCCE_bounded+edit,1,OK,0.0,0.05281996726989746,0.3395641646489104,2.0,"{""nevents"": 65.0, ""ndays_act"": 19.0, ""nchapters"": 8.0}"
HarvardX,1,aligned,0,6210,NICE,native,NICE_native,1,OK,0.0,0.006008625030517578,0.3607405848937513,3.0,"{""nevents"": 76.0, ""ndays_act"": 18.0, ""nchapters"": 8.0}"
HarvardX,1,aligned,0,6210,NICE,bounded,NICE_bounded,1,OK,0.0,0.006008625030517578,0.3607405848937513,3.0,"{""nevents"": 76.0, ""ndays_act"": 18.0, ""nchapters"": 8.0}"
HarvardX,1,aligned,0,6210,NICE,bounded+edit,NICE_bounded+edit,1,OK,0.0,0.006008625030517578,0.3607405848937513,3.0,"{""nevents"": 76.0, ""ndays_act"": 18.0, ""nchapters"": 8.0}"
HarvardX,1,aligned,0,6210,MCCE,native,MCCE_native,0,out_of_bounds:nevents,0.0,0.04318833351135254,1.0132547864506627,2.0,"{""nevents"": 41.0, ""ndays_act"": 12.0, ""nchapters"": 12.0}"
HarvardX,1,aligned,0,6210,MCCE,bounded,MCCE_bounded,1,OK,0.0,0.04318833351135254,1.0408163265306123,2.0,"{""nevents"": 50.0, ""ndays_act"": 14.0, ""nchapters"": 12.0}"
HarvardX,1,aligned,0,6210,MCCE,bounded+edit,MCCE_bounded+edit,1,OK,0.0,0.04318833351135254,1.0408163265306123,2.0,"{""nevents"": 50.0, ""ndays_act"": 14.0, ""nchapters"": 12.0}"
HarvardX,1,aligned,0,6269,NICE,native,NICE_native,1,OK,0.0,0.004808187484741211,0.3993343677618116,2.0,"{""nevents"": 76.0, ""ndays_act"": 18.0, ""nchapters"": 8.0}"
HarvardX,1,aligned,0,6269,NICE,bounded,NICE_bounded,1,OK,0.0,0.004808187484741211,0.3993343677618116,2.0,"{""nevents"": 76.0, ""ndays_act"": 18.0, ""nchapters"": 8.0}"
HarvardX,1,aligned,0,6269,NICE,bounded+edit,NICE_bounded+edit,1,OK,0.0,0.004808187484741211,0.3993343677618116,2.0,"{""nevents"": 76.0, ""ndays_act"": 18.0, ""nchapters"": 8.0}"
HarvardX,1,aligned,0,6269,MCCE,native,MCCE_native,1,OK,0.0,0.046755075454711914,0.40063864714745107,2.0,"{""nevents"": 65.0, ""ndays_act"": 19.0, ""nchapters"": 8.0}"
HarvardX,1,aligned,0,6269,MCCE,bounded,MCCE_bounded,1,OK,0.0,0.046755075454711914,0.40063864714745107,2.0,"{""nevents"": 65.0, ""ndays_act"": 19.0, ""nchapters"": 8.0}"
HarvardX,1,aligned,0,6269,MCCE,bounded+edit,MCCE_bounded+edit,1,OK,0.0,0.046755075454711914,0.40063864714745107,2.0,"{""nevents"": 65.0, ""ndays_act"": 19.0, ""nchapters"": 8.0}"
HarvardX,1,aligned,0,6274,NICE,native,NICE_native,1,OK,0.0,0.004914522171020508,0.14898018844588365,2.0,"{""nevents"": 13.0, ""ndays_act"": 8.0, ""nchapters"": 12.0}"
HarvardX,1,aligned,0,6274,NICE,bounded,NICE_bounded,1,OK,0.0,0.004914522171020508,0.14898018844588365,2.0,"{""nevents"": 13.0, ""ndays_act"": 8.0, ""nchapters"": 12.0}"
HarvardX,1,aligned,0,6274,NICE,bounded+edit,NICE_bounded+edit,1,OK,0.0,0.004914522171020508,0.14898018844588365,2.0,"{""nevents"": 13.0, ""ndays_act"": 8.0, ""nchapters"": 12.0}"
HarvardX,1,aligned,0,6274,MCCE,native,MCCE_native,1,OK,0.0,0.028948068618774414,0.1872540421417167,2.0,"{""nevents"": 17.0, ""ndays_act"": 10.0, ""nchapters"": 12.0}"
HarvardX,1,aligned,0,6274,MCCE,bounded,MCCE_bounded,1,OK,0.0,0.028948068618774414,0.1872540421417167,2.0,"{""nevents"": 17.0, ""ndays_act"": 10.0, ""nchapters"": 12.0}"
HarvardX,1,aligned,0,6274,MCCE,bounded+edit,MCCE_bounded+edit,1,OK,0.0,0.028948068618774414,0.1872540421417167,2.0,"{""nevents"": 17.0, ""ndays_act"": 10.0, ""nchapters"": 12.0}"
HarvardX,1,aligned,0,6331,NICE,native,NICE_native,0,out_of_bounds:nevents,0.0,0.004618644714355469,0.06060377737592927,2.0,"{""nevents"": 13.0, ""ndays_act"": 8.0, ""nchapters"": 12.0}"
HarvardX,1,aligned,0,6331,NICE,bounded,NICE_bounded,0,classifier_target_not_met,0.0,0.004618644714355469,0.05357142857142857,1.0,"{""nevents"": 18.0, ""ndays_act"": 8.0, ""nchapters"": 12.0}"
HarvardX,1,aligned,0,6331,NICE,bounded+edit,NICE_bounded+edit,0,classifier_target_not_met,0.0,0.004618644714355469,0.05357142857142857,1.0,"{""nevents"": 18.0, ""ndays_act"": 8.0, ""nchapters"": 12.0}"
HarvardX,1,aligned,0,6331,MCCE,native,MCCE_native,0,out_of_bounds:nevents,0.0,0.04172945022583008,0.09069218404661443,2.0,"{""nevents"": 17.0, ""ndays_act"": 10.0, ""nchapters"": 12.0}"
HarvardX,1,aligned,0,6331,MCCE,bounded,MCCE_bounded,1,OK,0.0,0.04172945022583008,0.12823990355635925,2.0,"{""nevents"": 33.0, ""ndays_act"": 11.0, ""nchapters"": 12.0}"
HarvardX,1,aligned,0,6331,MCCE,bounded+edit,MCCE_bounded+edit,1,OK,0.0,0.04172945022583008,0.12823990355635925,2.0,"{""nevents"": 33.0, ""ndays_act"": 11.0, ""nchapters"": 12.0}"
HarvardX,1,aligned,0,6347,NICE,native,NICE_native,1,OK,0.0,0.005061149597167969,0.3993343677618116,2.0,"{""nevents"": 76.0, ""ndays_act"": 18.0, ""nchapters"": 8.0}"
HarvardX,1,aligned,0,6347,NICE,bounded,NICE_bounded,1,OK,0.0,0.005061149597167969,0.3993343677618116,2.0,"{""nevents"": 76.0, ""ndays_act"": 18.0, ""nchapters"": 8.0}"
HarvardX,1,aligned,0,6347,NICE,bounded+edit,NICE_bounded+edit,1,OK,0.0,0.005061149597167969,0.3993343677618116,2.0,"{""nevents"": 76.0, ""ndays_act"": 18.0, ""nchapters"": 8.0}"
HarvardX,1,aligned,0,6347,MCCE,native,MCCE_native,1,OK,0.0,0.04857277870178223,0.40063864714745107,2.0,"{""nevents"": 65.0, ""ndays_act"": 19.0, ""nchapters"": 8.0}"
HarvardX,1,aligned,0,6347,MCCE,bounded,MCCE_bounded,1,OK,0.0,0.04857277870178223,0.40063864714745107,2.0,"{""nevents"": 65.0, ""ndays_act"": 19.0, ""nchapters"": 8.0}"
HarvardX,1,aligned,0,6347,MCCE,bounded+edit,MCCE_bounded+edit,1,OK,0.0,0.04857277870178223,0.40063864714745107,2.0,"{""nevents"": 65.0, ""ndays_act"": 19.0, ""nchapters"": 8.0}"
HarvardX,1,aligned,0,6401,NICE,native,NICE_native,1,OK,0.0,0.006451845169067383,0.5863553113553113,3.0,"{""nevents"": 76.0, ""ndays_act"": 18.0, ""nchapters"": 8.0}"
HarvardX,1,aligned,0,6401,NICE,bounded,NICE_bounded,1,OK,0.0,0.006451845169067383,0.5863553113553113,3.0,"{""nevents"": 76.0, ""ndays_act"": 18.0, ""nchapters"": 8.0}"
HarvardX,1,aligned,0,6401,NICE,bounded+edit,NICE_bounded+edit,1,OK,0.0,0.006451845169067383,0.5863553113553113,3.0,"{""nevents"": 76.0, ""ndays_act"": 18.0, ""nchapters"": 8.0}"
HarvardX,1,aligned,0,6401,MCCE,native,MCCE_native,1,OK,0.0,0.04266524314880371,0.5879120879120879,3.0,"{""nevents"": 65.0, ""ndays_act"": 19.0, ""nchapters"": 8.0}"
HarvardX,1,aligned,0,6401,MCCE,bounded,MCCE_bounded,1,OK,0.0,0.04266524314880371,0.5879120879120879,3.0,"{""nevents"": 65.0, ""ndays_act"": 19.0, ""nchapters"": 8.0}"
HarvardX,1,aligned,0,6401,MCCE,bounded+edit,MCCE_bounded+edit,1,OK,0.0,0.04266524314880371,0.5879120879120879,3.0,"{""nevents"": 65.0, ""ndays_act"": 19.0, ""nchapters"": 8.0}"
HarvardX,1,aligned,0,6439,NICE,native,NICE_native,1,OK,0.0,0.0067670345306396484,0.13315018315018315,2.0,"{""nevents"": 13.0, ""ndays_act"": 8.0, ""nchapters"": 12.0}"
HarvardX,1,aligned,0,6439,NICE,bounded,NICE_bounded,1,OK,0.0,0.0067670345306396484,0.13315018315018315,2.0,"{""nevents"": 13.0, ""ndays_act"": 8.0, ""nchapters"": 12.0}"
HarvardX,1,aligned,0,6439,NICE,bounded+edit,NICE_bounded+edit,1,OK,0.0,0.0067670345306396484,0.13315018315018315,2.0,"{""nevents"": 13.0, ""ndays_act"": 8.0, ""nchapters"": 12.0}"
HarvardX,1,aligned,0,6439,MCCE,native,MCCE_native,1,OK,0.0,0.027212858200073242,0.17197802197802198,2.0,"{""nevents"": 17.0, ""ndays_act"": 10.0, ""nchapters"": 12.0}"
HarvardX,1,aligned,0,6439,MCCE,bounded,MCCE_bounded,1,OK,0.0,0.027212858200073242,0.17197802197802198,2.0,"{""nevents"": 17.0, ""ndays_act"": 10.0, ""nchapters"": 12.0}"
HarvardX,1,aligned,0,6439,MCCE,bounded+edit,MCCE_bounded+edit,1,OK,0.0,0.027212858200073242,0.17197802197802198,2.0,"{""nevents"": 17.0, ""ndays_act"": 10.0, ""nchapters"": 12.0}"
HarvardX,1,aligned,0,6444,NICE,native,NICE_native,0,out_of_bounds:nevents,0.0,0.0036504268646240234,0.35094339622641507,1.0,"{""nevents"": 13.0, ""ndays_act"": 8.0, ""nchapters"": 12.0}"
HarvardX,1,aligned,0,6444,NICE,bounded,NICE_bounded,0,classifier_target_not_met,0.0,0.0036504268646240234,0.0,0.0,"{""nevents"": 199.0, ""ndays_act"": 8.0, ""nchapters"": 12.0}"
HarvardX,1,aligned,0,6444,NICE,bounded+edit,NICE_bounded+edit,0,classifier_target_not_met,0.0,0.0036504268646240234,0.0,0.0,"{""nevents"": 199.0, ""ndays_act"": 8.0, ""nchapters"": 12.0}"
HarvardX,1,aligned,0,6444,MCCE,native,MCCE_native,0,out_of_bounds:nevents,0.0,0.026258230209350586,0.3811320754716981,2.0,"{""nevents"": 17.0, ""ndays_act"": 10.0, ""nchapters"": 12.0}"
HarvardX,1,aligned,0,6444,MCCE,bounded,MCCE_bounded,1,OK,0.0,0.026258230209350586,0.40377358490566034,2.0,"{""nevents"": 243.0, ""ndays_act"": 25.0, ""nchapters"": 12.0}"
HarvardX,1,aligned,0,6444,MCCE,bounded+edit,MCCE_bounded+edit,1,OK,0.0,0.026258230209350586,0.40377358490566034,2.0,"{""nevents"": 243.0, ""ndays_act"": 25.0, ""nchapters"": 12.0}"
HarvardX,1,aligned,0,6483,NICE,native,NICE_native,0,out_of_bounds:nevents,0.0,0.0034656524658203125,0.026530612244897958,1.0,"{""nevents"": 226.0, ""ndays_act"": 26.0, ""nchapters"": 12.0}"
HarvardX,1,aligned,0,6483,NICE,bounded,NICE_bounded,0,classifier_target_not_met,0.0,0.0034656524658203125,0.0,0.0,"{""nevents"": 239.0, ""ndays_act"": 26.0, ""nchapters"": 12.0}"
HarvardX,1,aligned,0,6483,NICE,bounded+edit,NICE_bounded+edit,0,classifier_target_not_met,0.0,0.0034656524658203125,0.0,0.0,"{""nevents"": 239.0, ""ndays_act"": 26.0, ""nchapters"": 12.0}"
HarvardX,1,aligned,0,6483,MCCE,native,MCCE_native,0,out_of_bounds:nevents,0.0,0.02546548843383789,0.026530612244897958,1.0,"{""nevents"": 226.0, ""ndays_act"": 26.0, ""nchapters"": 12.0}"
HarvardX,1,aligned,0,6483,MCCE,bounded,MCCE_bounded,1,OK,0.0,0.02546548843383789,0.061224489795918366,2.0,"{""nevents"": 255.0, ""ndays_act"": 27.0, ""nchapters"": 12.0}"
HarvardX,1,aligned,0,6483,MCCE,bounded+edit,MCCE_bounded+edit,1,OK,0.0,0.02546548843383789,0.061224489795918366,2.0,"{""nevents"": 255.0, ""ndays_act"": 27.0, ""nchapters"": 12.0}"
HarvardX,1,aligned,0,6528,NICE,native,NICE_native,1,OK,0.0,0.005733489990234375,0.7097222222222221,3.0,"{""nevents"": 76.0, ""ndays_act"": 18.0, ""nchapters"": 8.0}"
HarvardX,1,aligned,0,6528,NICE,bounded,NICE_bounded,1,OK,0.0,0.005733489990234375,0.7097222222222221,3.0,"{""nevents"": 76.0, ""ndays_act"": 18.0, ""nchapters"": 8.0}"
HarvardX,1,aligned,0,6528,NICE,bounded+edit,NICE_bounded+edit,1,OK,0.0,0.005733489990234375,0.7097222222222221,3.0,"{""nevents"": 76.0, ""ndays_act"": 18.0, ""nchapters"": 8.0}"
HarvardX,1,aligned,0,6528,MCCE,native,MCCE_native,1,OK,0.0,0.04194951057434082,0.711111111111111,3.0,"{""nevents"": 65.0, ""ndays_act"": 19.0, ""nchapters"": 8.0}"
HarvardX,1,aligned,0,6528,MCCE,bounded,MCCE_bounded,1,OK,0.0,0.04194951057434082,0.711111111111111,3.0,"{""nevents"": 65.0, ""ndays_act"": 19.0, ""nchapters"": 8.0}"
HarvardX,1,aligned,0,6528,MCCE,bounded+edit,MCCE_bounded+edit,1,OK,0.0,0.04194951057434082,0.711111111111111,3.0,"{""nevents"": 65.0, ""ndays_act"": 19.0, ""nchapters"": 8.0}"
HarvardX,1,aligned,0,6636,NICE,native,NICE_native,1,OK,0.0,0.006239891052246094,0.5993343677618116,3.0,"{""nevents"": 76.0, ""ndays_act"": 18.0, ""nchapters"": 8.0}"
HarvardX,1,aligned,0,6636,NICE,bounded,NICE_bounded,1,OK,0.0,0.006239891052246094,0.5993343677618116,3.0,"{""nevents"": 76.0, ""ndays_act"": 18.0, ""nchapters"": 8.0}"
HarvardX,1,aligned,0,6636,NICE,bounded+edit,NICE_bounded+edit,1,OK,0.0,0.006239891052246094,0.5993343677618116,3.0,"{""nevents"": 76.0, ""ndays_act"": 18.0, ""nchapters"": 8.0}"
HarvardX,1,aligned,0,6636,MCCE,native,MCCE_native,1,OK,0.0,0.04312896728515625,0.6006386471474511,3.0,"{""nevents"": 65.0, ""ndays_act"": 19.0, ""nchapters"": 8.0}"
HarvardX,1,aligned,0,6636,MCCE,bounded,MCCE_bounded,1,OK,0.0,0.04312896728515625,0.6006386471474511,3.0,"{""nevents"": 65.0, ""ndays_act"": 19.0, ""nchapters"": 8.0}"
HarvardX,1,aligned,0,6636,MCCE,bounded+edit,MCCE_bounded+edit,1,OK,0.0,0.04312896728515625,0.6006386471474511,3.0,"{""nevents"": 65.0, ""ndays_act"": 19.0, ""nchapters"": 8.0}"
HarvardX,1,aligned,0,6681,NICE,native,NICE_native,0,out_of_bounds:nevents,0.0,0.005036354064941406,0.18234866828087165,2.0,"{""nevents"": 20.0, ""ndays_act"": 12.0, ""nchapters"": 9.0}"
HarvardX,1,aligned,0,6681,NICE,bounded,NICE_bounded,0,classifier_target_not_met,0.0,0.005036354064941406,0.1694915254237288,1.0,"{""nevents"": 29.0, ""ndays_act"": 12.0, ""nchapters"": 9.0}"
HarvardX,1,aligned,0,6681,NICE,bounded+edit,NICE_bounded+edit,0,classifier_target_not_met,0.0,0.005036354064941406,0.1694915254237288,1.0,"{""nevents"": 29.0, ""ndays_act"": 12.0, ""nchapters"": 9.0}"
HarvardX,1,aligned,0,6681,MCCE,native,MCCE_native,1,OK,0.0,0.043107032775878906,0.3748910411622276,2.0,"{""nevents"": 66.0, ""ndays_act"": 21.0, ""nchapters"": 9.0}"
HarvardX,1,aligned,0,6681,MCCE,bounded,MCCE_bounded,1,OK,0.0,0.043107032775878906,0.3748910411622276,2.0,"{""nevents"": 66.0, ""ndays_act"": 21.0, ""nchapters"": 9.0}"
HarvardX,1,aligned,0,6681,MCCE,bounded+edit,MCCE_bounded+edit,1,OK,0.0,0.043107032775878906,0.3748910411622276,2.0,"{""nevents"": 66.0, ""ndays_act"": 21.0, ""nchapters"": 9.0}"
HarvardX,1,aligned,0,6682,NICE,native,NICE_native,0,out_of_bounds:nevents,0.0,0.004961490631103516,0.10025665270836147,2.0,"{""nevents"": 13.0, ""ndays_act"": 8.0, ""nchapters"": 12.0}"
HarvardX,1,aligned,0,6682,NICE,bounded,NICE_bounded,0,classifier_target_not_met,0.0,0.004961490631103516,0.03636363636363636,1.0,"{""nevents"": 56.0, ""ndays_act"": 8.0, ""nchapters"": 12.0}"
HarvardX,1,aligned,0,6682,NICE,bounded+edit,NICE_bounded+edit,0,classifier_target_not_met,0.0,0.004961490631103516,0.03636363636363636,1.0,"{""nevents"": 56.0, ""ndays_act"": 8.0, ""nchapters"": 12.0}"
HarvardX,1,aligned,0,6682,MCCE,native,MCCE_native,1,OK,0.0,0.029020071029663086,0.16363636363636364,1.0,"{""nevents"": 56.0, ""ndays_act"": 15.0, ""nchapters"": 12.0}"
HarvardX,1,aligned,0,6682,MCCE,bounded,MCCE_bounded,1,OK,0.0,0.029020071029663086,0.16363636363636364,1.0,"{""nevents"": 56.0, ""ndays_act"": 15.0, ""nchapters"": 12.0}"
HarvardX,1,aligned,0,6682,MCCE,bounded+edit,MCCE_bounded+edit,1,OK,0.0,0.029020071029663086,0.16363636363636364,1.0,"{""nevents"": 56.0, ""ndays_act"": 15.0, ""nchapters"": 12.0}"
HarvardX,1,aligned,0,6688,NICE,native,NICE_native,1,OK,0.0,0.0071942806243896484,0.7326677010951449,3.0,"{""nevents"": 76.0, ""ndays_act"": 18.0, ""nchapters"": 8.0}"
HarvardX,1,aligned,0,6688,NICE,bounded,NICE_bounded,1,OK,0.0,0.0071942806243896484,0.7326677010951449,3.0,"{""nevents"": 76.0, ""ndays_act"": 18.0, ""nchapters"": 8.0}"
HarvardX,1,aligned,0,6688,NICE,bounded+edit,NICE_bounded+edit,1,OK,0.0,0.0071942806243896484,0.7326677010951449,3.0,"{""nevents"": 76.0, ""ndays_act"": 18.0, ""nchapters"": 8.0}"
HarvardX,1,aligned,0,6688,MCCE,native,MCCE_native,1,OK,0.0,0.041007041931152344,0.7339719804807844,3.0,"{""nevents"": 65.0, ""ndays_act"": 19.0, ""nchapters"": 8.0}"
HarvardX,1,aligned,0,6688,MCCE,bounded,MCCE_bounded,1,OK,0.0,0.041007041931152344,0.7339719804807844,3.0,"{""nevents"": 65.0, ""ndays_act"": 19.0, ""nchapters"": 8.0}"
HarvardX,1,aligned,0,6688,MCCE,bounded+edit,MCCE_bounded+edit,1,OK,0.0,0.041007041931152344,0.7339719804807844,3.0,"{""nevents"": 65.0, ""ndays_act"": 19.0, ""nchapters"": 8.0}"
HarvardX,1,aligned,0,6696,NICE,native,NICE_native,1,OK,0.0,0.004660606384277344,0.14898018844588365,2.0,"{""nevents"": 13.0, ""ndays_act"": 8.0, ""nchapters"": 12.0}"
HarvardX,1,aligned,0,6696,NICE,bounded,NICE_bounded,1,OK,0.0,0.004660606384277344,0.14898018844588365,2.0,"{""nevents"": 13.0, ""ndays_act"": 8.0, ""nchapters"": 12.0}"
HarvardX,1,aligned,0,6696,NICE,bounded+edit,NICE_bounded+edit,1,OK,0.0,0.004660606384277344,0.14898018844588365,2.0,"{""nevents"": 13.0, ""ndays_act"": 8.0, ""nchapters"": 12.0}"
HarvardX,1,aligned,0,6696,MCCE,native,MCCE_native,1,OK,0.0,0.02806854248046875,0.1872540421417167,2.0,"{""nevents"": 17.0, ""ndays_act"": 10.0, ""nchapters"": 12.0}"
HarvardX,1,aligned,0,6696,MCCE,bounded,MCCE_bounded,1,OK,0.0,0.02806854248046875,0.1872540421417167,2.0,"{""nevents"": 17.0, ""ndays_act"": 10.0, ""nchapters"": 12.0}"
HarvardX,1,aligned,0,6696,MCCE,bounded+edit,MCCE_bounded+edit,1,OK,0.0,0.02806854248046875,0.1872540421417167,2.0,"{""nevents"": 17.0, ""ndays_act"": 10.0, ""nchapters"": 12.0}"
HarvardX,1,aligned,0,6714,NICE,native,NICE_native,1,OK,0.0,0.005716562271118164,0.7326677010951449,3.0,"{""nevents"": 76.0, ""ndays_act"": 18.0, ""nchapters"": 8.0}"
HarvardX,1,aligned,0,6714,NICE,bounded,NICE_bounded,1,OK,0.0,0.005716562271118164,0.7326677010951449,3.0,"{""nevents"": 76.0, ""ndays_act"": 18.0, ""nchapters"": 8.0}"
HarvardX,1,aligned,0,6714,NICE,bounded+edit,NICE_bounded+edit,1,OK,0.0,0.005716562271118164,0.7326677010951449,3.0,"{""nevents"": 76.0, ""ndays_act"": 18.0, ""nchapters"": 8.0}"
HarvardX,1,aligned,0,6714,MCCE,native,MCCE_native,1,OK,0.0,0.04020285606384277,0.7339719804807844,3.0,"{""nevents"": 65.0, ""ndays_act"": 19.0, ""nchapters"": 8.0}"
HarvardX,1,aligned,0,6714,MCCE,bounded,MCCE_bounded,1,OK,0.0,0.04020285606384277,0.7339719804807844,3.0,"{""nevents"": 65.0, ""ndays_act"": 19.0, ""nchapters"": 8.0}"
HarvardX,1,aligned,0,6714,MCCE,bounded+edit,MCCE_bounded+edit,1,OK,0.0,0.04020285606384277,0.7339719804807844,3.0,"{""nevents"": 65.0, ""ndays_act"": 19.0, ""nchapters"": 8.0}"
HarvardX,1,aligned,0,6719,NICE,native,NICE_native,0,out_of_bounds:nevents,0.0,0.003530740737915039,0.5103092783505154,1.0,"{""nevents"": 143.0, ""ndays_act"": 21.0, ""nchapters"": 12.0}"
HarvardX,1,aligned,0,6719,NICE,bounded,NICE_bounded,0,classifier_target_not_met,0.0,0.003530740737915039,0.0,0.0,"{""nevents"": 341.0, ""ndays_act"": 21.0, ""nchapters"": 12.0}"
HarvardX,1,aligned,0,6719,NICE,bounded+edit,NICE_bounded+edit,0,classifier_target_not_met,0.0,0.003530740737915039,0.0,0.0,"{""nevents"": 341.0, ""ndays_act"": 21.0, ""nchapters"": 12.0}"
HarvardX,1,aligned,0,6719,MCCE,native,MCCE_native,0,out_of_bounds:nevents,0.0,0.026407241821289062,0.5567010309278351,1.0,"{""nevents"": 125.0, ""ndays_act"": 21.0, ""nchapters"": 12.0}"
HarvardX,1,aligned,0,6719,MCCE,bounded,MCCE_bounded,1,OK,0.0,0.026407241821289062,0.7793814432989691,2.0,"{""nevents"": 624.0, ""ndays_act"": 23.0, ""nchapters"": 12.0}"
HarvardX,1,aligned,0,6719,MCCE,bounded+edit,MCCE_bounded+edit,1,OK,0.0,0.026407241821289062,0.7793814432989691,2.0,"{""nevents"": 624.0, ""ndays_act"": 23.0, ""nchapters"": 12.0}"
HarvardX,1,aligned,0,6848,NICE,native,NICE_native,0,out_of_bounds:nevents,0.0,0.0047092437744140625,0.2539321000954169,2.0,"{""nevents"": 76.0, ""ndays_act"": 18.0, ""nchapters"": 8.0}"
HarvardX,1,aligned,0,6848,NICE,bounded,NICE_bounded,0,classifier_target_not_met,0.0,0.0047092437744140625,0.18867924528301888,1.0,"{""nevents"": 116.0, ""ndays_act"": 18.0, ""nchapters"": 8.0}"
HarvardX,1,aligned,0,6848,NICE,bounded+edit,NICE_bounded+edit,0,classifier_target_not_met,0.0,0.0047092437744140625,0.18867924528301888,1.0,"{""nevents"": 116.0, ""ndays_act"": 18.0, ""nchapters"": 8.0}"
HarvardX,1,aligned,0,6848,MCCE,native,MCCE_native,0,out_of_bounds:nevents,0.0,0.04046511650085449,0.29074455969712826,2.0,"{""nevents"": 65.0, ""ndays_act"": 19.0, ""nchapters"": 8.0}"
HarvardX,1,aligned,0,6848,MCCE,bounded,MCCE_bounded,1,OK,0.0,0.04046511650085449,0.951691341684878,3.0,"{""nevents"": 150.0, ""ndays_act"": 29.0, ""nchapters"": 10.0}"
HarvardX,1,aligned,0,6848,MCCE,bounded+edit,MCCE_bounded+edit,1,OK,0.0,0.04046511650085449,0.951691341684878,3.0,"{""nevents"": 150.0, ""ndays_act"": 29.0, ""nchapters"": 10.0}"
HarvardX,1,aligned,0,6869,NICE,native,NICE_native,1,OK,0.0,0.006020069122314453,0.5123024465516812,3.0,"{""nevents"": 76.0, ""ndays_act"": 18.0, ""nchapters"": 8.0}"
HarvardX,1,aligned,0,6869,NICE,bounded,NICE_bounded,1,OK,0.0,0.006020069122314453,0.5123024465516812,3.0,"{""nevents"": 76.0, ""ndays_act"": 18.0, ""nchapters"": 8.0}"
HarvardX,1,aligned,0,6869,NICE,bounded+edit,NICE_bounded+edit,1,OK,0.0,0.006020069122314453,0.5123024465516812,3.0,"{""nevents"": 76.0, ""ndays_act"": 18.0, ""nchapters"": 8.0}"
HarvardX,1,aligned,0,6869,MCCE,native,MCCE_native,1,OK,0.0,0.04694008827209473,0.5130988825008089,3.0,"{""nevents"": 65.0, ""ndays_act"": 19.0, ""nchapters"": 8.0}"
HarvardX,1,aligned,0,6869,MCCE,bounded,MCCE_bounded,1,OK,0.0,0.04694008827209473,0.5130988825008089,3.0,"{""nevents"": 65.0, ""ndays_act"": 19.0, ""nchapters"": 8.0}"
HarvardX,1,aligned,0,6869,MCCE,bounded+edit,MCCE_bounded+edit,1,OK,0.0,0.04694008827209473,0.5130988825008089,3.0,"{""nevents"": 65.0, ""ndays_act"": 19.0, ""nchapters"": 8.0}"
HarvardX,1,aligned,0,6891,NICE,native,NICE_native,1,OK,0.0,0.0058133602142333984,0.7063079445752609,3.0,"{""nevents"": 76.0, ""ndays_act"": 18.0, ""nchapters"": 8.0}"
HarvardX,1,aligned,0,6891,NICE,bounded,NICE_bounded,1,OK,0.0,0.0058133602142333984,0.7063079445752609,3.0,"{""nevents"": 76.0, ""ndays_act"": 18.0, ""nchapters"": 8.0}"
HarvardX,1,aligned,0,6891,NICE,bounded+edit,NICE_bounded+edit,1,OK,0.0,0.0058133602142333984,0.7063079445752609,3.0,"{""nevents"": 76.0, ""ndays_act"": 18.0, ""nchapters"": 8.0}"
HarvardX,1,aligned,0,6891,MCCE,native,MCCE_native,1,OK,0.0,0.0410304069519043,0.7081264231148827,3.0,"{""nevents"": 65.0, ""ndays_act"": 19.0, ""nchapters"": 8.0}"
HarvardX,1,aligned,0,6891,MCCE,bounded,MCCE_bounded,1,OK,0.0,0.0410304069519043,0.7081264231148827,3.0,"{""nevents"": 65.0, ""ndays_act"": 19.0, ""nchapters"": 8.0}"
HarvardX,1,aligned,0,6891,MCCE,bounded+edit,MCCE_bounded+edit,1,OK,0.0,0.0410304069519043,0.7081264231148827,3.0,"{""nevents"": 65.0, ""ndays_act"": 19.0, ""nchapters"": 8.0}"
HarvardX,1,aligned,0,6972,NICE,native,NICE_native,0,out_of_bounds:nevents,0.0,0.0050656795501708984,0.06147670025188917,2.0,"{""nevents"": 320.0, ""ndays_act"": 30.0, ""nchapters"": 12.0}"
HarvardX,1,aligned,0,6972,NICE,bounded,NICE_bounded,0,classifier_target_not_met,0.0,0.0050656795501708984,0.03125,1.0,"{""nevents"": 332.0, ""ndays_act"": 30.0, ""nchapters"": 12.0}"
HarvardX,1,aligned,0,6972,NICE,bounded+edit,NICE_bounded+edit,0,classifier_target_not_met,0.0,0.0050656795501708984,0.03125,1.0,"{""nevents"": 332.0, ""ndays_act"": 30.0, ""nchapters"": 12.0}"
HarvardX,1,aligned,0,6972,MCCE,native,MCCE_native,0,out_of_bounds:nevents,0.0,0.02905750274658203,0.28211586901763225,1.0,"{""nevents"": 220.0, ""ndays_act"": 29.0, ""nchapters"": 12.0}"
HarvardX,1,aligned,0,6972,MCCE,bounded,MCCE_bounded,1,OK,0.0,0.02905750274658203,0.21922229219143577,2.0,"{""nevents"": 357.0, ""ndays_act"": 34.0, ""nchapters"": 12.0}"
HarvardX,1,aligned,0,6972,MCCE,bounded+edit,MCCE_bounded+edit,1,OK,0.0,0.02905750274658203,0.21922229219143577,2.0,"{""nevents"": 357.0, ""ndays_act"": 34.0, ""nchapters"": 12.0}"
HarvardX,1,aligned,0,6988,NICE,native,NICE_native,1,OK,0.0,0.005743980407714844,0.6622398317313571,3.0,"{""nevents"": 76.0, ""ndays_act"": 18.0, ""nchapters"": 8.0}"
HarvardX,1,aligned,0,6988,NICE,bounded,NICE_bounded,1,OK,0.0,0.005743980407714844,0.6622398317313571,3.0,"{""nevents"": 76.0, ""ndays_act"": 18.0, ""nchapters"": 8.0}"
HarvardX,1,aligned,0,6988,NICE,bounded+edit,NICE_bounded+edit,1,OK,0.0,0.005743980407714844,0.6622398317313571,3.0,"{""nevents"": 76.0, ""ndays_act"": 18.0, ""nchapters"": 8.0}"
HarvardX,1,aligned,0,6988,MCCE,native,MCCE_native,1,OK,0.0,0.043819427490234375,0.6633159684007142,3.0,"{""nevents"": 65.0, ""ndays_act"": 19.0, ""nchapters"": 8.0}"
HarvardX,1,aligned,0,6988,MCCE,bounded,MCCE_bounded,1,OK,0.0,0.043819427490234375,0.6633159684007142,3.0,"{""nevents"": 65.0, ""ndays_act"": 19.0, ""nchapters"": 8.0}"
HarvardX,1,aligned,0,6988,MCCE,bounded+edit,MCCE_bounded+edit,1,OK,0.0,0.043819427490234375,0.6633159684007142,3.0,"{""nevents"": 65.0, ""ndays_act"": 19.0, ""nchapters"": 8.0}"
HarvardX,1,aligned,0,7016,NICE,native,NICE_native,1,OK,0.0,0.004682064056396484,0.08944917295647985,2.0,"{""nevents"": 256.0, ""ndays_act"": 25.0, ""nchapters"": 12.0}"
HarvardX,1,aligned,0,7016,NICE,bounded,NICE_bounded,1,OK,0.0,0.004682064056396484,0.08944917295647985,2.0,"{""nevents"": 256.0, ""ndays_act"": 25.0, ""nchapters"": 12.0}"
HarvardX,1,aligned,0,7016,NICE,bounded+edit,NICE_bounded+edit,1,OK,0.0,0.004682064056396484,0.08944917295647985,2.0,"{""nevents"": 256.0, ""ndays_act"": 25.0, ""nchapters"": 12.0}"
HarvardX,1,aligned,0,7016,MCCE,native,MCCE_native,0,out_of_bounds:nevents,0.0,0.026998519897460938,0.35908141962421714,1.0,"{""nevents"": 78.0, ""ndays_act"": 22.0, ""nchapters"": 12.0}"
HarvardX,1,aligned,0,7016,MCCE,bounded,MCCE_bounded,1,OK,0.0,0.026998519897460938,0.48717948717948717,1.0,"{""nevents"": 250.0, ""ndays_act"": 41.0, ""nchapters"": 12.0}"
HarvardX,1,aligned,0,7016,MCCE,bounded+edit,MCCE_bounded+edit,1,OK,0.0,0.026998519897460938,0.48717948717948717,1.0,"{""nevents"": 250.0, ""ndays_act"": 41.0, ""nchapters"": 12.0}"
HarvardX,1,aligned,0,7018,NICE,native,NICE_native,1,OK,0.0,0.004715681076049805,0.14898018844588365,2.0,"{""nevents"": 13.0, ""ndays_act"": 8.0, ""nchapters"": 12.0}"
HarvardX,1,aligned,0,7018,NICE,bounded,NICE_bounded,1,OK,0.0,0.004715681076049805,0.14898018844588365,2.0,"{""nevents"": 13.0, ""ndays_act"": 8.0, ""nchapters"": 12.0}"
HarvardX,1,aligned,0,7018,NICE,bounded+edit,NICE_bounded+edit,1,OK,0.0,0.004715681076049805,0.14898018844588365,2.0,"{""nevents"": 13.0, ""ndays_act"": 8.0, ""nchapters"": 12.0}"
HarvardX,1,aligned,0,7018,MCCE,native,MCCE_native,1,OK,0.0,0.03122425079345703,0.1872540421417167,2.0,"{""nevents"": 17.0, ""ndays_act"": 10.0, ""nchapters"": 12.0}"
HarvardX,1,aligned,0,7018,MCCE,bounded,MCCE_bounded,1,OK,0.0,0.03122425079345703,0.1872540421417167,2.0,"{""nevents"": 17.0, ""ndays_act"": 10.0, ""nchapters"": 12.0}"
HarvardX,1,aligned,0,7018,MCCE,bounded+edit,MCCE_bounded+edit,1,OK,0.0,0.03122425079345703,0.1872540421417167,2.0,"{""nevents"": 17.0, ""ndays_act"": 10.0, ""nchapters"": 12.0}"
HarvardX,1,aligned,0,7030,NICE,native,NICE_native,0,out_of_bounds:nevents,0.0,0.0034284591674804688,0.11764705882352941,1.0,"{""nevents"": 121.0, ""ndays_act"": 19.0, ""nchapters"": 12.0}"
HarvardX,1,aligned,0,7030,NICE,bounded,NICE_bounded,0,classifier_target_not_met,0.0,0.0034284591674804688,0.0,0.0,"{""nevents"": 185.0, ""ndays_act"": 19.0, ""nchapters"": 12.0}"
HarvardX,1,aligned,0,7030,NICE,bounded+edit,NICE_bounded+edit,0,classifier_target_not_met,0.0,0.0034284591674804688,0.0,0.0,"{""nevents"": 185.0, ""ndays_act"": 19.0, ""nchapters"": 12.0}"
HarvardX,1,aligned,0,7030,MCCE,native,MCCE_native,0,out_of_bounds:nevents,0.0,0.026302099227905273,0.16176470588235295,1.0,"{""nevents"": 97.0, ""ndays_act"": 19.0, ""nchapters"": 12.0}"
HarvardX,1,aligned,0,7030,MCCE,bounded,MCCE_bounded,1,OK,0.0,0.026302099227905273,0.16675420168067226,2.0,"{""nevents"": 198.0, ""ndays_act"": 25.0, ""nchapters"": 12.0}"
HarvardX,1,aligned,0,7030,MCCE,bounded+edit,MCCE_bounded+edit,1,OK,0.0,0.026302099227905273,0.16675420168067226,2.0,"{""nevents"": 198.0, ""ndays_act"": 25.0, ""nchapters"": 12.0}"
HarvardX,1,aligned,0,7059,NICE,native,NICE_native,1,OK,0.0,0.003652334213256836,0.011784511784511785,1.0,"{""nevents"": 142.0, ""ndays_act"": 22.0, ""nchapters"": 11.0}"
HarvardX,1,aligned,0,7059,NICE,bounded,NICE_bounded,1,OK,0.0,0.003652334213256836,0.011784511784511785,1.0,"{""nevents"": 142.0, ""ndays_act"": 22.0, ""nchapters"": 11.0}"
HarvardX,1,aligned,0,7059,NICE,bounded+edit,NICE_bounded+edit,1,OK,0.0,0.003652334213256836,0.011784511784511785,1.0,"{""nevents"": 142.0, ""ndays_act"": 22.0, ""nchapters"": 11.0}"
HarvardX,1,aligned,0,7059,MCCE,native,MCCE_native,1,OK,0.0,0.04055500030517578,0.21522921522921523,2.0,"{""nevents"": 141.0, ""ndays_act"": 30.0, ""nchapters"": 11.0}"
HarvardX,1,aligned,0,7059,MCCE,bounded,MCCE_bounded,1,OK,0.0,0.04055500030517578,0.21522921522921523,2.0,"{""nevents"": 141.0, ""ndays_act"": 30.0, ""nchapters"": 11.0}"
HarvardX,1,aligned,0,7059,MCCE,bounded+edit,MCCE_bounded+edit,1,OK,0.0,0.04055500030517578,0.21522921522921523,2.0,"{""nevents"": 141.0, ""ndays_act"": 30.0, ""nchapters"": 11.0}"
HarvardX,1,aligned,0,7063,NICE,native,NICE_native,0,out_of_bounds:nevents,0.0,0.0049266815185546875,0.3861177333577847,2.0,"{""nevents"": 24.0, ""ndays_act"": 13.0, ""nchapters"": 11.0}"
HarvardX,1,aligned,0,7063,NICE,bounded,NICE_bounded,0,classifier_target_not_met,0.0,0.0049266815185546875,0.15789473684210525,1.0,"{""nevents"": 155.0, ""ndays_act"": 13.0, ""nchapters"": 11.0}"
HarvardX,1,aligned,0,7063,NICE,bounded+edit,NICE_bounded+edit,0,classifier_target_not_met,0.0,0.0049266815185546875,0.15789473684210525,1.0,"{""nevents"": 155.0, ""ndays_act"": 13.0, ""nchapters"": 11.0}"
HarvardX,1,aligned,0,7063,MCCE,native,MCCE_native,0,out_of_bounds:nevents,0.0,0.04201030731201172,0.480530594779632,2.0,"{""nevents"": 141.0, ""ndays_act"": 30.0, ""nchapters"": 11.0}"
HarvardX,1,aligned,0,7063,MCCE,bounded,MCCE_bounded,1,OK,0.0,0.04201030731201172,1.2868757259001162,2.0,"{""nevents"": 511.0, ""ndays_act"": 42.0, ""nchapters"": 11.0}"
HarvardX,1,aligned,0,7063,MCCE,bounded+edit,MCCE_bounded+edit,1,OK,0.0,0.04201030731201172,1.2868757259001162,2.0,"{""nevents"": 511.0, ""ndays_act"": 42.0, ""nchapters"": 11.0}"
HarvardX,1,aligned,0,7125,NICE,native,NICE_native,1,OK,0.0,0.005866289138793945,0.7326677010951449,3.0,"{""nevents"": 76.0, ""ndays_act"": 18.0, ""nchapters"": 8.0}"
HarvardX,1,aligned,0,7125,NICE,bounded,NICE_bounded,1,OK,0.0,0.005866289138793945,0.7326677010951449,3.0,"{""nevents"": 76.0, ""ndays_act"": 18.0, ""nchapters"": 8.0}"
HarvardX,1,aligned,0,7125,NICE,bounded+edit,NICE_bounded+edit,1,OK,0.0,0.005866289138793945,0.7326677010951449,3.0,"{""nevents"": 76.0, ""ndays_act"": 18.0, ""nchapters"": 8.0}"
HarvardX,1,aligned,0,7125,MCCE,native,MCCE_native,1,OK,0.0,0.04009246826171875,0.7339719804807844,3.0,"{""nevents"": 65.0, ""ndays_act"": 19.0, ""nchapters"": 8.0}"
HarvardX,1,aligned,0,7125,MCCE,bounded,MCCE_bounded,1,OK,0.0,0.04009246826171875,0.7339719804807844,3.0,"{""nevents"": 65.0, ""ndays_act"": 19.0, ""nchapters"": 8.0}"
HarvardX,1,aligned,0,7125,MCCE,bounded+edit,MCCE_bounded+edit,1,OK,0.0,0.04009246826171875,0.7339719804807844,3.0,"{""nevents"": 65.0, ""ndays_act"": 19.0, ""nchapters"": 8.0}"
HarvardX,1,aligned,0,7143,NICE,native,NICE_native,1,OK,0.0,0.00470280647277832,0.14898018844588365,2.0,"{""nevents"": 13.0, ""ndays_act"": 8.0, ""nchapters"": 12.0}"
HarvardX,1,aligned,0,7143,NICE,bounded,NICE_bounded,1,OK,0.0,0.00470280647277832,0.14898018844588365,2.0,"{""nevents"": 13.0, ""ndays_act"": 8.0, ""nchapters"": 12.0}"
HarvardX,1,aligned,0,7143,NICE,bounded+edit,NICE_bounded+edit,1,OK,0.0,0.00470280647277832,0.14898018844588365,2.0,"{""nevents"": 13.0, ""ndays_act"": 8.0, ""nchapters"": 12.0}"
HarvardX,1,aligned,0,7143,MCCE,native,MCCE_native,1,OK,0.0,0.027535200119018555,0.1872540421417167,2.0,"{""nevents"": 17.0, ""ndays_act"": 10.0, ""nchapters"": 12.0}"
HarvardX,1,aligned,0,7143,MCCE,bounded,MCCE_bounded,1,OK,0.0,0.027535200119018555,0.1872540421417167,2.0,"{""nevents"": 17.0, ""ndays_act"": 10.0, ""nchapters"": 12.0}"
HarvardX,1,aligned,0,7143,MCCE,bounded+edit,MCCE_bounded+edit,1,OK,0.0,0.027535200119018555,0.1872540421417167,2.0,"{""nevents"": 17.0, ""ndays_act"": 10.0, ""nchapters"": 12.0}"
HarvardX,1,aligned,0,7181,NICE,native,NICE_native,1,OK,0.0,0.003741025924682617,0.1016949152542373,1.0,"{""nevents"": 10.0, ""ndays_act"": 8.0, ""nchapters"": 12.0}"
HarvardX,1,aligned,0,7181,NICE,bounded,NICE_bounded,1,OK,0.0,0.003741025924682617,0.1016949152542373,1.0,"{""nevents"": 10.0, ""ndays_act"": 8.0, ""nchapters"": 12.0}"
HarvardX,1,aligned,0,7181,NICE,bounded+edit,NICE_bounded+edit,1,OK,0.0,0.003741025924682617,0.1016949152542373,1.0,"{""nevents"": 10.0, ""ndays_act"": 8.0, ""nchapters"": 12.0}"
HarvardX,1,aligned,0,7181,MCCE,native,MCCE_native,1,OK,0.0,0.027021169662475586,0.14532896442799556,2.0,"{""nevents"": 17.0, ""ndays_act"": 10.0, ""nchapters"": 12.0}"
HarvardX,1,aligned,0,7181,MCCE,bounded,MCCE_bounded,1,OK,0.0,0.027021169662475586,0.14532896442799556,2.0,"{""nevents"": 17.0, ""ndays_act"": 10.0, ""nchapters"": 12.0}"
HarvardX,1,aligned,0,7181,MCCE,bounded+edit,MCCE_bounded+edit,1,OK,0.0,0.027021169662475586,0.14532896442799556,2.0,"{""nevents"": 17.0, ""ndays_act"": 10.0, ""nchapters"": 12.0}"
HarvardX,1,aligned,0,7200,NICE,native,NICE_native,1,OK,0.0,0.00594639778137207,0.5094927826784282,3.0,"{""nevents"": 76.0, ""ndays_act"": 18.0, ""nchapters"": 8.0}"
HarvardX,1,aligned,0,7200,NICE,bounded,NICE_bounded,1,OK,0.0,0.00594639778137207,0.5094927826784282,3.0,"{""nevents"": 76.0, ""ndays_act"": 18.0, ""nchapters"": 8.0}"
HarvardX,1,aligned,0,7200,NICE,bounded+edit,NICE_bounded+edit,1,OK,0.0,0.00594639778137207,0.5094927826784282,3.0,"{""nevents"": 76.0, ""ndays_act"": 18.0, ""nchapters"": 8.0}"
HarvardX,1,aligned,0,7200,MCCE,native,MCCE_native,1,OK,0.0,0.04096674919128418,1.1551724137931034,2.0,"{""nevents"": 41.0, ""ndays_act"": 12.0, ""nchapters"": 12.0}"
HarvardX,1,aligned,0,7200,MCCE,bounded,MCCE_bounded,1,OK,0.0,0.04096674919128418,1.1551724137931034,2.0,"{""nevents"": 41.0, ""ndays_act"": 12.0, ""nchapters"": 12.0}"
HarvardX,1,aligned,0,7200,MCCE,bounded+edit,MCCE_bounded+edit,1,OK,0.0,0.04096674919128418,1.1551724137931034,2.0,"{""nevents"": 41.0, ""ndays_act"": 12.0, ""nchapters"": 12.0}"
HarvardX,1,aligned,0,7206,NICE,native,NICE_native,0,out_of_bounds:nevents;out_of_bounds:ndays_act,0.0,0.005845546722412109,0.5188516746411483,3.0,"{""nevents"": 76.0, ""ndays_act"": 18.0, ""nchapters"": 8.0}"
HarvardX,1,aligned,0,7206,NICE,bounded,NICE_bounded,0,classifier_target_not_met,0.0,0.005845546722412109,0.2,1.0,"{""nevents"": 179.0, ""ndays_act"": 23.0, ""nchapters"": 8.0}"
HarvardX,1,aligned,0,7206,NICE,bounded+edit,NICE_bounded+edit,0,classifier_target_not_met,0.0,0.005845546722412109,0.2,1.0,"{""nevents"": 179.0, ""ndays_act"": 23.0, ""nchapters"": 8.0}"
HarvardX,1,aligned,0,7206,MCCE,native,MCCE_native,0,out_of_bounds:nevents,0.0,0.0421137809753418,1.1563636363636363,2.0,"{""nevents"": 93.0, ""ndays_act"": 23.0, ""nchapters"": 12.0}"
HarvardX,1,aligned,0,7206,MCCE,bounded,MCCE_bounded,1,OK,0.0,0.0421137809753418,1.2710047846889951,3.0,"{""nevents"": 302.0, ""ndays_act"": 40.0, ""nchapters"": 10.0}"
HarvardX,1,aligned,0,7206,MCCE,bounded+edit,MCCE_bounded+edit,1,OK,0.0,0.0421137809753418,1.2710047846889951,3.0,"{""nevents"": 302.0, ""ndays_act"": 40.0, ""nchapters"": 10.0}"
HarvardX,1,aligned,0,7211,NICE,native,NICE_native,1,OK,0.0,0.0049288272857666016,0.14898018844588365,2.0,"{""nevents"": 13.0, ""ndays_act"": 8.0, ""nchapters"": 12.0}"
HarvardX,1,aligned,0,7211,NICE,bounded,NICE_bounded,1,OK,0.0,0.0049288272857666016,0.14898018844588365,2.0,"{""nevents"": 13.0, ""ndays_act"": 8.0, ""nchapters"": 12.0}"
HarvardX,1,aligned,0,7211,NICE,bounded+edit,NICE_bounded+edit,1,OK,0.0,0.0049288272857666016,0.14898018844588365,2.0,"{""nevents"": 13.0, ""ndays_act"": 8.0, ""nchapters"": 12.0}"
HarvardX,1,aligned,0,7211,MCCE,native,MCCE_native,1,OK,0.0,0.09110450744628906,0.1872540421417167,2.0,"{""nevents"": 17.0, ""ndays_act"": 10.0, ""nchapters"": 12.0}"
HarvardX,1,aligned,0,7211,MCCE,bounded,MCCE_bounded,1,OK,0.0,0.09110450744628906,0.1872540421417167,2.0,"{""nevents"": 17.0, ""ndays_act"": 10.0, ""nchapters"": 12.0}"
HarvardX,1,aligned,0,7211,MCCE,bounded+edit,MCCE_bounded+edit,1,OK,0.0,0.09110450744628906,0.1872540421417167,2.0,"{""nevents"": 17.0, ""ndays_act"": 10.0, ""nchapters"": 12.0}"
HarvardX,1,aligned,0,7212,NICE,native,NICE_native,1,OK,0.0,0.004667520523071289,0.14349321999595224,2.0,"{""nevents"": 9.0, ""ndays_act"": 8.0, ""nchapters"": 10.0}"
HarvardX,1,aligned,0,7212,NICE,bounded,NICE_bounded,1,OK,0.0,0.004667520523071289,0.14349321999595224,2.0,"{""nevents"": 9.0, ""ndays_act"": 8.0, ""nchapters"": 10.0}"
HarvardX,1,aligned,0,7212,NICE,bounded+edit,NICE_bounded+edit,1,OK,0.0,0.004667520523071289,0.14349321999595224,2.0,"{""nevents"": 9.0, ""ndays_act"": 8.0, ""nchapters"": 10.0}"
HarvardX,1,aligned,0,7212,MCCE,native,MCCE_native,1,OK,0.0,0.04135274887084961,0.3227191976433021,2.0,"{""nevents"": 56.0, ""ndays_act"": 15.0, ""nchapters"": 10.0}"
HarvardX,1,aligned,0,7212,MCCE,bounded,MCCE_bounded,1,OK,0.0,0.04135274887084961,0.3227191976433021,2.0,"{""nevents"": 56.0, ""ndays_act"": 15.0, ""nchapters"": 10.0}"
HarvardX,1,aligned,0,7212,MCCE,bounded+edit,MCCE_bounded+edit,1,OK,0.0,0.04135274887084961,0.3227191976433021,2.0,"{""nevents"": 56.0, ""ndays_act"": 15.0, ""nchapters"": 10.0}"
HarvardX,1,aligned,0,7280,NICE,native,NICE_native,0,out_of_bounds:nevents,0.0,0.004645109176635742,0.14077557181005457,2.0,"{""nevents"": 13.0, ""ndays_act"": 8.0, ""nchapters"": 12.0}"
HarvardX,1,aligned,0,7280,NICE,bounded,NICE_bounded,0,classifier_target_not_met,0.0,0.004645109176635742,0.018518518518518517,1.0,"{""nevents"": 91.0, ""ndays_act"": 8.0, ""nchapters"": 12.0}"
HarvardX,1,aligned,0,7280,NICE,bounded+edit,NICE_bounded+edit,0,classifier_target_not_met,0.0,0.004645109176635742,0.018518518518518517,1.0,"{""nevents"": 91.0, ""ndays_act"": 8.0, ""nchapters"": 12.0}"
HarvardX,1,aligned,0,7280,MCCE,native,MCCE_native,0,out_of_bounds:nevents,0.0,0.02614116668701172,0.17154301637060257,2.0,"{""nevents"": 17.0, ""ndays_act"": 10.0, ""nchapters"": 12.0}"
HarvardX,1,aligned,0,7280,MCCE,bounded,MCCE_bounded,1,OK,0.0,0.02614116668701172,0.23162661093695575,2.0,"{""nevents"": 97.0, ""ndays_act"": 19.0, ""nchapters"": 12.0}"
HarvardX,1,aligned,0,7280,MCCE,bounded+edit,MCCE_bounded+edit,1,OK,0.0,0.02614116668701172,0.23162661093695575,2.0,"{""nevents"": 97.0, ""ndays_act"": 19.0, ""nchapters"": 12.0}"
HarvardX,1,aligned,0,7291,NICE,native,NICE_native,0,out_of_bounds:nevents,0.0,0.00477147102355957,0.18823854988238548,2.0,"{""nevents"": 20.0, ""ndays_act"": 12.0, ""nchapters"": 9.0}"
HarvardX,1,aligned,0,7291,NICE,bounded,NICE_bounded,0,classifier_target_not_met,0.0,0.00477147102355957,0.10909090909090909,1.0,"{""nevents"": 72.0, ""ndays_act"": 12.0, ""nchapters"": 9.0}"
HarvardX,1,aligned,0,7291,NICE,bounded+edit,NICE_bounded+edit,0,classifier_target_not_met,0.0,0.00477147102355957,0.10909090909090909,1.0,"{""nevents"": 72.0, ""ndays_act"": 12.0, ""nchapters"": 9.0}"
HarvardX,1,aligned,0,7291,MCCE,native,MCCE_native,0,out_of_bounds:nevents,0.0,0.040402889251708984,0.2818596928185969,2.0,"{""nevents"": 66.0, ""ndays_act"": 21.0, ""nchapters"": 9.0}"
HarvardX,1,aligned,0,7291,MCCE,bounded,MCCE_bounded,1,OK,0.0,0.040402889251708984,0.870236612702366,3.0,"{""nevents"": 150.0, ""ndays_act"": 29.0, ""nchapters"": 10.0}"
HarvardX,1,aligned,0,7291,MCCE,bounded+edit,MCCE_bounded+edit,1,OK,0.0,0.040402889251708984,0.870236612702366,3.0,"{""nevents"": 150.0, ""ndays_act"": 29.0, ""nchapters"": 10.0}"
HarvardX,1,aligned,0,7342,NICE,native,NICE_native,1,OK,0.0,0.005005359649658203,0.2460365647979491,2.0,"{""nevents"": 24.0, ""ndays_act"": 13.0, ""nchapters"": 11.0}"
HarvardX,1,aligned,0,7342,NICE,bounded,NICE_bounded,1,OK,0.0,0.005005359649658203,0.2460365647979491,2.0,"{""nevents"": 24.0, ""ndays_act"": 13.0, ""nchapters"": 11.0}"
HarvardX,1,aligned,0,7342,NICE,bounded+edit,NICE_bounded+edit,1,OK,0.0,0.005005359649658203,0.2460365647979491,2.0,"{""nevents"": 24.0, ""ndays_act"": 13.0, ""nchapters"": 11.0}"
HarvardX,1,aligned,0,7342,MCCE,native,MCCE_native,1,OK,0.0,0.04033160209655762,0.6852189165486069,2.0,"{""nevents"": 141.0, ""ndays_act"": 30.0, ""nchapters"": 11.0}"
HarvardX,1,aligned,0,7342,MCCE,bounded,MCCE_bounded,1,OK,0.0,0.04033160209655762,0.6852189165486069,2.0,"{""nevents"": 141.0, ""ndays_act"": 30.0, ""nchapters"": 11.0}"
HarvardX,1,aligned,0,7342,MCCE,bounded+edit,MCCE_bounded+edit,1,OK,0.0,0.04033160209655762,0.6852189165486069,2.0,"{""nevents"": 141.0, ""ndays_act"": 30.0, ""nchapters"": 11.0}"
HarvardX,1,aligned,0,7357,NICE,native,NICE_native,1,OK,0.0,0.006079196929931641,0.668989688051414,3.0,"{""nevents"": 76.0, ""ndays_act"": 18.0, ""nchapters"": 8.0}"
HarvardX,1,aligned,0,7357,NICE,bounded,NICE_bounded,1,OK,0.0,0.006079196929931641,0.668989688051414,3.0,"{""nevents"": 76.0, ""ndays_act"": 18.0, ""nchapters"": 8.0}"
HarvardX,1,aligned,0,7357,NICE,bounded+edit,NICE_bounded+edit,1,OK,0.0,0.006079196929931641,0.668989688051414,3.0,"{""nevents"": 76.0, ""ndays_act"": 18.0, ""nchapters"": 8.0}"
HarvardX,1,aligned,0,7357,MCCE,native,MCCE_native,1,OK,0.0,0.04134511947631836,0.67017952827287,3.0,"{""nevents"": 65.0, ""ndays_act"": 19.0, ""nchapters"": 8.0}"
HarvardX,1,aligned,0,7357,MCCE,bounded,MCCE_bounded,1,OK,0.0,0.04134511947631836,0.67017952827287,3.0,"{""nevents"": 65.0, ""ndays_act"": 19.0, ""nchapters"": 8.0}"
HarvardX,1,aligned,0,7357,MCCE,bounded+edit,MCCE_bounded+edit,1,OK,0.0,0.04134511947631836,0.67017952827287,3.0,"{""nevents"": 65.0, ""ndays_act"": 19.0, ""nchapters"": 8.0}"
HarvardX,1,aligned,0,7358,NICE,native,NICE_native,0,out_of_bounds:nevents,0.0,0.0047664642333984375,0.12934703622962732,2.0,"{""nevents"": 13.0, ""ndays_act"": 8.0, ""nchapters"": 12.0}"
HarvardX,1,aligned,0,7358,NICE,bounded,NICE_bounded,0,classifier_target_not_met,0.0,0.0047664642333984375,0.07017543859649122,1.0,"{""nevents"": 53.0, ""ndays_act"": 8.0, ""nchapters"": 12.0}"
HarvardX,1,aligned,0,7358,NICE,bounded+edit,NICE_bounded+edit,0,classifier_target_not_met,0.0,0.0047664642333984375,0.07017543859649122,1.0,"{""nevents"": 53.0, ""ndays_act"": 8.0, ""nchapters"": 12.0}"
HarvardX,1,aligned,0,7358,MCCE,native,MCCE_native,0,out_of_bounds:nevents,0.0,0.027564287185668945,0.15851759576455932,2.0,"{""nevents"": 17.0, ""ndays_act"": 10.0, ""nchapters"": 12.0}"
HarvardX,1,aligned,0,7358,MCCE,bounded,MCCE_bounded,1,OK,0.0,0.027564287185668945,0.1887522059586837,2.0,"{""nevents"": 62.0, ""ndays_act"": 14.0, ""nchapters"": 12.0}"
HarvardX,1,aligned,0,7358,MCCE,bounded+edit,MCCE_bounded+edit,1,OK,0.0,0.027564287185668945,0.1887522059586837,2.0,"{""nevents"": 62.0, ""ndays_act"": 14.0, ""nchapters"": 12.0}"
HarvardX,1,aligned,0,7395,NICE,native,NICE_native,0,out_of_bounds:nevents,0.0,0.0038156509399414062,0.18823529411764706,1.0,"{""nevents"": 22.0, ""ndays_act"": 10.0, ""nchapters"": 12.0}"
HarvardX,1,aligned,0,7395,NICE,bounded,NICE_bounded,0,classifier_target_not_met,0.0,0.0038156509399414062,0.0,0.0,"{""nevents"": 134.0, ""ndays_act"": 10.0, ""nchapters"": 12.0}"
HarvardX,1,aligned,0,7395,NICE,bounded+edit,NICE_bounded+edit,0,classifier_target_not_met,0.0,0.0038156509399414062,0.0,0.0,"{""nevents"": 134.0, ""ndays_act"": 10.0, ""nchapters"": 12.0}"
HarvardX,1,aligned,0,7395,MCCE,native,MCCE_native,0,out_of_bounds:nevents,0.0,0.025748491287231445,0.19663865546218487,1.0,"{""nevents"": 17.0, ""ndays_act"": 10.0, ""nchapters"": 12.0}"
HarvardX,1,aligned,0,7395,MCCE,bounded,MCCE_bounded,1,OK,0.0,0.025748491287231445,0.19607843137254902,1.0,"{""nevents"": 134.0, ""ndays_act"": 20.0, ""nchapters"": 12.0}"
HarvardX,1,aligned,0,7395,MCCE,bounded+edit,MCCE_bounded+edit,1,OK,0.0,0.025748491287231445,0.19607843137254902,1.0,"{""nevents"": 134.0, ""ndays_act"": 20.0, ""nchapters"": 12.0}"
HarvardX,1,aligned,0,7437,NICE,native,NICE_native,1,OK,0.0,0.004700422286987305,0.13044077134986226,2.0,"{""nevents"": 13.0, ""ndays_act"": 8.0, ""nchapters"": 12.0}"
HarvardX,1,aligned,0,7437,NICE,bounded,NICE_bounded,1,OK,0.0,0.004700422286987305,0.13044077134986226,2.0,"{""nevents"": 13.0, ""ndays_act"": 8.0, ""nchapters"": 12.0}"
HarvardX,1,aligned,0,7437,NICE,bounded+edit,NICE_bounded+edit,1,OK,0.0,0.004700422286987305,0.13044077134986226,2.0,"{""nevents"": 13.0, ""ndays_act"": 8.0, ""nchapters"": 12.0}"
HarvardX,1,aligned,0,7437,MCCE,native,MCCE_native,1,OK,0.0,0.02643442153930664,0.16928374655647382,2.0,"{""nevents"": 17.0, ""ndays_act"": 10.0, ""nchapters"": 12.0}"
HarvardX,1,aligned,0,7437,MCCE,bounded,MCCE_bounded,1,OK,0.0,0.02643442153930664,0.16928374655647382,2.0,"{""nevents"": 17.0, ""ndays_act"": 10.0, ""nchapters"": 12.0}"
HarvardX,1,aligned,0,7437,MCCE,bounded+edit,MCCE_bounded+edit,1,OK,0.0,0.02643442153930664,0.16928374655647382,2.0,"{""nevents"": 17.0, ""ndays_act"": 10.0, ""nchapters"": 12.0}"
HarvardX,1,aligned,0,7482,NICE,native,NICE_native,0,out_of_bounds:nevents,0.0,0.0035986900329589844,0.10227272727272728,1.0,"{""nevents"": 50.0, ""ndays_act"": 12.0, ""nchapters"": 12.0}"
HarvardX,1,aligned,0,7482,NICE,bounded,NICE_bounded,0,classifier_target_not_met,0.0,0.0035986900329589844,0.0,0.0,"{""nevents"": 113.0, ""ndays_act"": 12.0, ""nchapters"": 12.0}"
HarvardX,1,aligned,0,7482,NICE,bounded+edit,NICE_bounded+edit,0,classifier_target_not_met,0.0,0.0035986900329589844,0.0,0.0,"{""nevents"": 113.0, ""ndays_act"": 12.0, ""nchapters"": 12.0}"
HarvardX,1,aligned,0,7482,MCCE,native,MCCE_native,0,out_of_bounds:nevents,0.0,0.028986692428588867,0.11688311688311688,1.0,"{""nevents"": 41.0, ""ndays_act"": 12.0, ""nchapters"": 12.0}"
HarvardX,1,aligned,0,7482,MCCE,bounded,MCCE_bounded,1,OK,0.0,0.028986692428588867,0.1730055658627087,2.0,"{""nevents"": 119.0, ""ndays_act"": 20.0, ""nchapters"": 12.0}"
HarvardX,1,aligned,0,7482,MCCE,bounded+edit,MCCE_bounded+edit,1,OK,0.0,0.028986692428588867,0.1730055658627087,2.0,"{""nevents"": 119.0, ""ndays_act"": 20.0, ""nchapters"": 12.0}"
HarvardX,1,aligned,0,7492,NICE,native,NICE_native,0,out_of_bounds:nevents,0.0,0.004704952239990234,0.1925,2.0,"{""nevents"": 76.0, ""ndays_act"": 18.0, ""nchapters"": 8.0}"
HarvardX,1,aligned,0,7492,NICE,bounded,NICE_bounded,0,classifier_target_not_met,0.0,0.004704952239990234,0.10416666666666667,1.0,"{""nevents"": 129.0, ""ndays_act"": 18.0, ""nchapters"": 8.0}"
HarvardX,1,aligned,0,7492,NICE,bounded+edit,NICE_bounded+edit,0,classifier_target_not_met,0.0,0.004704952239990234,0.10416666666666667,1.0,"{""nevents"": 129.0, ""ndays_act"": 18.0, ""nchapters"": 8.0}"
HarvardX,1,aligned,0,7492,MCCE,native,MCCE_native,0,out_of_bounds:nevents,0.0,0.04239320755004883,0.2316666666666667,2.0,"{""nevents"": 65.0, ""ndays_act"": 19.0, ""nchapters"": 8.0}"
HarvardX,1,aligned,0,7492,MCCE,bounded,MCCE_bounded,1,OK,0.0,0.04239320755004883,0.8683333333333333,3.0,"{""nevents"": 150.0, ""ndays_act"": 29.0, ""nchapters"": 10.0}"
HarvardX,1,aligned,0,7492,MCCE,bounded+edit,MCCE_bounded+edit,1,OK,0.0,0.04239320755004883,0.8683333333333333,3.0,"{""nevents"": 150.0, ""ndays_act"": 29.0, ""nchapters"": 10.0}"
HarvardX,1,aligned,0,7524,NICE,native,NICE_native,1,OK,0.0,0.004927873611450195,0.12081604426002766,2.0,"{""nevents"": 9.0, ""ndays_act"": 8.0, ""nchapters"": 10.0}"
HarvardX,1,aligned,0,7524,NICE,bounded,NICE_bounded,1,OK,0.0,0.004927873611450195,0.12081604426002766,2.0,"{""nevents"": 9.0, ""ndays_act"": 8.0, ""nchapters"": 10.0}"
HarvardX,1,aligned,0,7524,NICE,bounded+edit,NICE_bounded+edit,1,OK,0.0,0.004927873611450195,0.12081604426002766,2.0,"{""nevents"": 9.0, ""ndays_act"": 8.0, ""nchapters"": 10.0}"
HarvardX,1,aligned,0,7524,MCCE,native,MCCE_native,1,OK,0.0,0.04292750358581543,0.30248962655601663,2.0,"{""nevents"": 56.0, ""ndays_act"": 15.0, ""nchapters"": 10.0}"
HarvardX,1,aligned,0,7524,MCCE,bounded,MCCE_bounded,1,OK,0.0,0.04292750358581543,0.30248962655601663,2.0,"{""nevents"": 56.0, ""ndays_act"": 15.0, ""nchapters"": 10.0}"
HarvardX,1,aligned,0,7524,MCCE,bounded+edit,MCCE_bounded+edit,1,OK,0.0,0.04292750358581543,0.30248962655601663,2.0,"{""nevents"": 56.0, ""ndays_act"": 15.0, ""nchapters"": 10.0}"
HarvardX,1,aligned,0,7564,NICE,native,NICE_native,0,out_of_bounds:nevents,0.0,0.0037195682525634766,0.047839506172839504,1.0,"{""nevents"": 50.0, ""ndays_act"": 12.0, ""nchapters"": 12.0}"
HarvardX,1,aligned,0,7564,NICE,bounded,NICE_bounded,0,classifier_target_not_met,0.0,0.0037195682525634766,0.0,0.0,"{""nevents"": 81.0, ""ndays_act"": 12.0, ""nchapters"": 12.0}"
HarvardX,1,aligned,0,7564,NICE,bounded+edit,NICE_bounded+edit,0,classifier_target_not_met,0.0,0.0037195682525634766,0.0,0.0,"{""nevents"": 81.0, ""ndays_act"": 12.0, ""nchapters"": 12.0}"
HarvardX,1,aligned,0,7564,MCCE,native,MCCE_native,0,out_of_bounds:nevents,0.0,0.027061939239501953,0.06172839506172839,1.0,"{""nevents"": 41.0, ""ndays_act"": 12.0, ""nchapters"": 12.0}"
HarvardX,1,aligned,0,7564,MCCE,bounded,MCCE_bounded,1,OK,0.0,0.027061939239501953,0.10667044595616024,2.0,"{""nevents"": 84.0, ""ndays_act"": 17.0, ""nchapters"": 12.0}"
HarvardX,1,aligned,0,7564,MCCE,bounded+edit,MCCE_bounded+edit,1,OK,0.0,0.027061939239501953,0.10667044595616024,2.0,"{""nevents"": 84.0, ""ndays_act"": 17.0, ""nchapters"": 12.0}"
HarvardX,1,aligned,0,7587,NICE,native,NICE_native,0,out_of_bounds:nevents,0.0,0.003759145736694336,0.03202328966521106,1.0,"{""nevents"": 20.0, ""ndays_act"": 13.0, ""nchapters"": 9.0}"
HarvardX,1,aligned,0,7587,NICE,bounded,NICE_bounded,0,classifier_target_not_met,0.0,0.003759145736694336,0.0,0.0,"{""nevents"": 42.0, ""ndays_act"": 13.0, ""nchapters"": 9.0}"
HarvardX,1,aligned,0,7587,NICE,bounded+edit,NICE_bounded+edit,0,classifier_target_not_met,0.0,0.003759145736694336,0.0,0.0,"{""nevents"": 42.0, ""ndays_act"": 13.0, ""nchapters"": 9.0}"
HarvardX,1,aligned,0,7587,MCCE,native,MCCE_native,1,OK,0.0,0.04558444023132324,0.20160116448326054,2.0,"{""nevents"": 66.0, ""ndays_act"": 21.0, ""nchapters"": 9.0}"
HarvardX,1,aligned,0,7587,MCCE,bounded,MCCE_bounded,1,OK,0.0,0.04558444023132324,0.20160116448326054,2.0,"{""nevents"": 66.0, ""ndays_act"": 21.0, ""nchapters"": 9.0}"
HarvardX,1,aligned,0,7587,MCCE,bounded+edit,MCCE_bounded+edit,1,OK,0.0,0.04558444023132324,0.20160116448326054,2.0,"{""nevents"": 66.0, ""ndays_act"": 21.0, ""nchapters"": 9.0}"
HarvardX,1,aligned,0,7652,NICE,native,NICE_native,1,OK,0.0,0.006314516067504883,0.6278942179932279,3.0,"{""nevents"": 76.0, ""ndays_act"": 18.0, ""nchapters"": 8.0}"
HarvardX,1,aligned,0,7652,NICE,bounded,NICE_bounded,1,OK,0.0,0.006314516067504883,0.6278942179932279,3.0,"{""nevents"": 76.0, ""ndays_act"": 18.0, ""nchapters"": 8.0}"
HarvardX,1,aligned,0,7652,NICE,bounded+edit,NICE_bounded+edit,1,OK,0.0,0.006314516067504883,0.6278942179932279,3.0,"{""nevents"": 76.0, ""ndays_act"": 18.0, ""nchapters"": 8.0}"
HarvardX,1,aligned,0,7652,MCCE,native,MCCE_native,1,OK,0.0,0.04324817657470703,1.0727272727272728,2.0,"{""nevents"": 22.0, ""ndays_act"": 10.0, ""nchapters"": 12.0}"
HarvardX,1,aligned,0,7652,MCCE,bounded,MCCE_bounded,1,OK,0.0,0.04324817657470703,1.0727272727272728,2.0,"{""nevents"": 22.0, ""ndays_act"": 10.0, ""nchapters"": 12.0}"
HarvardX,1,aligned,0,7652,MCCE,bounded+edit,MCCE_bounded+edit,1,OK,0.0,0.04324817657470703,1.0727272727272728,2.0,"{""nevents"": 22.0, ""ndays_act"": 10.0, ""nchapters"": 12.0}"
HarvardX,1,aligned,0,7665,NICE,native,NICE_native,0,out_of_bounds:nevents,0.0,0.005147218704223633,0.1495664739884393,2.0,"{""nevents"": 20.0, ""ndays_act"": 12.0, ""nchapters"": 9.0}"
HarvardX,1,aligned,0,7665,NICE,bounded,NICE_bounded,0,classifier_target_not_met,0.0,0.005147218704223633,0.125,1.0,"{""nevents"": 37.0, ""ndays_act"": 12.0, ""nchapters"": 9.0}"
HarvardX,1,aligned,0,7665,NICE,bounded+edit,NICE_bounded+edit,0,classifier_target_not_met,0.0,0.005147218704223633,0.125,1.0,"{""nevents"": 37.0, ""ndays_act"": 12.0, ""nchapters"": 9.0}"
HarvardX,1,aligned,0,7665,MCCE,native,MCCE_native,1,OK,0.0,0.040696144104003906,0.32762180016515274,2.0,"{""nevents"": 66.0, ""ndays_act"": 21.0, ""nchapters"": 9.0}"
HarvardX,1,aligned,0,7665,MCCE,bounded,MCCE_bounded,1,OK,0.0,0.040696144104003906,0.32762180016515274,2.0,"{""nevents"": 66.0, ""ndays_act"": 21.0, ""nchapters"": 9.0}"
HarvardX,1,aligned,0,7665,MCCE,bounded+edit,MCCE_bounded+edit,1,OK,0.0,0.040696144104003906,0.32762180016515274,2.0,"{""nevents"": 66.0, ""ndays_act"": 21.0, ""nchapters"": 9.0}"
HarvardX,1,aligned,0,7712,NICE,native,NICE_native,1,OK,0.0,0.004900932312011719,0.3248096290837632,2.0,"{""nevents"": 76.0, ""ndays_act"": 18.0, ""nchapters"": 8.0}"
HarvardX,1,aligned,0,7712,NICE,bounded,NICE_bounded,1,OK,0.0,0.004900932312011719,0.3248096290837632,2.0,"{""nevents"": 76.0, ""ndays_act"": 18.0, ""nchapters"": 8.0}"
HarvardX,1,aligned,0,7712,NICE,bounded+edit,NICE_bounded+edit,1,OK,0.0,0.004900932312011719,0.3248096290837632,2.0,"{""nevents"": 76.0, ""ndays_act"": 18.0, ""nchapters"": 8.0}"
HarvardX,1,aligned,0,7712,MCCE,native,MCCE_native,1,OK,0.0,0.045323848724365234,0.32581675264062887,2.0,"{""nevents"": 65.0, ""ndays_act"": 19.0, ""nchapters"": 8.0}"
HarvardX,1,aligned,0,7712,MCCE,bounded,MCCE_bounded,1,OK,0.0,0.045323848724365234,0.32581675264062887,2.0,"{""nevents"": 65.0, ""ndays_act"": 19.0, ""nchapters"": 8.0}"
HarvardX,1,aligned,0,7712,MCCE,bounded+edit,MCCE_bounded+edit,1,OK,0.0,0.045323848724365234,0.32581675264062887,2.0,"{""nevents"": 65.0, ""ndays_act"": 19.0, ""nchapters"": 8.0}"
HarvardX,1,aligned,0,7780,NICE,native,NICE_native,1,OK,0.0,0.005911588668823242,0.49527054724328756,3.0,"{""nevents"": 76.0, ""ndays_act"": 18.0, ""nchapters"": 8.0}"
HarvardX,1,aligned,0,7780,NICE,bounded,NICE_bounded,1,OK,0.0,0.005911588668823242,0.49527054724328756,3.0,"{""nevents"": 76.0, ""ndays_act"": 18.0, ""nchapters"": 8.0}"
HarvardX,1,aligned,0,7780,NICE,bounded+edit,NICE_bounded+edit,1,OK,0.0,0.005911588668823242,0.49527054724328756,3.0,"{""nevents"": 76.0, ""ndays_act"": 18.0, ""nchapters"": 8.0}"
HarvardX,1,aligned,0,7780,MCCE,native,MCCE_native,1,OK,0.0,0.040673255920410156,0.49734576757532284,3.0,"{""nevents"": 65.0, ""ndays_act"": 19.0, ""nchapters"": 8.0}"
HarvardX,1,aligned,0,7780,MCCE,bounded,MCCE_bounded,1,OK,0.0,0.040673255920410156,0.49734576757532284,3.0,"{""nevents"": 65.0, ""ndays_act"": 19.0, ""nchapters"": 8.0}"
HarvardX,1,aligned,0,7780,MCCE,bounded+edit,MCCE_bounded+edit,1,OK,0.0,0.040673255920410156,0.49734576757532284,3.0,"{""nevents"": 65.0, ""ndays_act"": 19.0, ""nchapters"": 8.0}"
HarvardX,1,aligned,0,7788,NICE,native,NICE_native,1,OK,0.0,0.006186485290527344,0.714732965009208,3.0,"{""nevents"": 76.0, ""ndays_act"": 18.0, ""nchapters"": 8.0}"
HarvardX,1,aligned,0,7788,NICE,bounded,NICE_bounded,1,OK,0.0,0.006186485290527344,0.714732965009208,3.0,"{""nevents"": 76.0, ""ndays_act"": 18.0, ""nchapters"": 8.0}"
HarvardX,1,aligned,0,7788,NICE,bounded+edit,NICE_bounded+edit,1,OK,0.0,0.006186485290527344,0.714732965009208,3.0,"{""nevents"": 76.0, ""ndays_act"": 18.0, ""nchapters"": 8.0}"
HarvardX,1,aligned,0,7788,MCCE,native,MCCE_native,1,OK,0.0,0.04304909706115723,0.7162062615101289,3.0,"{""nevents"": 65.0, ""ndays_act"": 19.0, ""nchapters"": 8.0}"
HarvardX,1,aligned,0,7788,MCCE,bounded,MCCE_bounded,1,OK,0.0,0.04304909706115723,0.7162062615101289,3.0,"{""nevents"": 65.0, ""ndays_act"": 19.0, ""nchapters"": 8.0}"
HarvardX,1,aligned,0,7788,MCCE,bounded+edit,MCCE_bounded+edit,1,OK,0.0,0.04304909706115723,0.7162062615101289,3.0,"{""nevents"": 65.0, ""ndays_act"": 19.0, ""nchapters"": 8.0}"
HarvardX,1,aligned,0,7811,NICE,native,NICE_native,0,out_of_bounds:nevents,0.0,0.003587484359741211,0.10301953818827708,1.0,"{""nevents"": 108.0, ""ndays_act"": 21.0, ""nchapters"": 10.0}"
HarvardX,1,aligned,0,7811,NICE,bounded,NICE_bounded,0,classifier_target_not_met,0.0,0.003587484359741211,0.0,0.0,"{""nevents"": 166.0, ""ndays_act"": 21.0, ""nchapters"": 10.0}"
HarvardX,1,aligned,0,7811,NICE,bounded+edit,NICE_bounded+edit,0,classifier_target_not_met,0.0,0.003587484359741211,0.0,0.0,"{""nevents"": 166.0, ""ndays_act"": 21.0, ""nchapters"": 10.0}"
HarvardX,1,aligned,0,7811,MCCE,native,MCCE_native,0,out_of_bounds:nevents;out_of_bounds:ndays_act,0.0,0.04394364356994629,0.2524866785079929,2.0,"{""nevents"": 52.0, ""ndays_act"": 19.0, ""nchapters"": 10.0}"
HarvardX,1,aligned,0,7811,MCCE,bounded,MCCE_bounded,1,OK,0.0,0.04394364356994629,0.7165630550621669,2.0,"{""nevents"": 302.0, ""ndays_act"": 40.0, ""nchapters"": 10.0}"
HarvardX,1,aligned,0,7811,MCCE,bounded+edit,MCCE_bounded+edit,1,OK,0.0,0.04394364356994629,0.7165630550621669,2.0,"{""nevents"": 302.0, ""ndays_act"": 40.0, ""nchapters"": 10.0}"
HarvardX,1,aligned,0,7819,NICE,native,NICE_native,0,out_of_bounds:nevents,0.0,0.0047760009765625,0.16520983918865917,2.0,"{""nevents"": 20.0, ""ndays_act"": 12.0, ""nchapters"": 9.0}"
HarvardX,1,aligned,0,7819,NICE,bounded,NICE_bounded,0,classifier_target_not_met,0.0,0.0047760009765625,0.09259259259259259,1.0,"{""nevents"": 68.0, ""ndays_act"": 12.0, ""nchapters"": 9.0}"
HarvardX,1,aligned,0,7819,NICE,bounded+edit,NICE_bounded+edit,0,classifier_target_not_met,0.0,0.0047760009765625,0.09259259259259259,1.0,"{""nevents"": 68.0, ""ndays_act"": 12.0, ""nchapters"": 9.0}"
HarvardX,1,aligned,0,7819,MCCE,native,MCCE_native,0,out_of_bounds:nevents,0.0,0.04155588150024414,0.26228497786742866,2.0,"{""nevents"": 66.0, ""ndays_act"": 21.0, ""nchapters"": 9.0}"
HarvardX,1,aligned,0,7819,MCCE,bounded,MCCE_bounded,1,OK,0.0,0.04155588150024414,0.8647952036756879,3.0,"{""nevents"": 150.0, ""ndays_act"": 29.0, ""nchapters"": 10.0}"
HarvardX,1,aligned,0,7819,MCCE,bounded+edit,MCCE_bounded+edit,1,OK,0.0,0.04155588150024414,0.8647952036756879,3.0,"{""nevents"": 150.0, ""ndays_act"": 29.0, ""nchapters"": 10.0}"
HarvardX,1,aligned,0,7876,NICE,native,NICE_native,0,out_of_bounds:nevents,0.0,0.0036487579345703125,0.06334841628959276,1.0,"{""nevents"": 24.0, ""ndays_act"": 11.0, ""nchapters"": 11.0}"
HarvardX,1,aligned,0,7876,NICE,bounded,NICE_bounded,0,classifier_target_not_met,0.0,0.0036487579345703125,0.0,0.0,"{""nevents"": 66.0, ""ndays_act"": 11.0, ""nchapters"": 11.0}"
HarvardX,1,aligned,0,7876,NICE,bounded+edit,NICE_bounded+edit,0,classifier_target_not_met,0.0,0.0036487579345703125,0.0,0.0,"{""nevents"": 66.0, ""ndays_act"": 11.0, ""nchapters"": 11.0}"
HarvardX,1,aligned,0,7876,MCCE,native,MCCE_native,1,OK,0.0,0.04331636428833008,0.49312217194570135,2.0,"{""nevents"": 141.0, ""ndays_act"": 30.0, ""nchapters"": 11.0}"
HarvardX,1,aligned,0,7876,MCCE,bounded,MCCE_bounded,1,OK,0.0,0.04331636428833008,0.49312217194570135,2.0,"{""nevents"": 141.0, ""ndays_act"": 30.0, ""nchapters"": 11.0}"
HarvardX,1,aligned,0,7876,MCCE,bounded+edit,MCCE_bounded+edit,1,OK,0.0,0.04331636428833008,0.49312217194570135,2.0,"{""nevents"": 141.0, ""ndays_act"": 30.0, ""nchapters"": 11.0}"
HarvardX,1,aligned,0,7887,NICE,native,NICE_native,0,out_of_bounds:nevents,0.0,0.004991292953491211,0.1515482876882549,2.0,"{""nevents"": 13.0, ""ndays_act"": 8.0, ""nchapters"": 12.0}"
HarvardX,1,aligned,0,7887,NICE,bounded,NICE_bounded,0,classifier_target_not_met,0.0,0.004991292953491211,0.1016949152542373,1.0,"{""nevents"": 47.0, ""ndays_act"": 8.0, ""nchapters"": 12.0}"
HarvardX,1,aligned,0,7887,NICE,bounded+edit,NICE_bounded+edit,0,classifier_target_not_met,0.0,0.004991292953491211,0.1016949152542373,1.0,"{""nevents"": 47.0, ""ndays_act"": 8.0, ""nchapters"": 12.0}"
HarvardX,1,aligned,0,7887,MCCE,native,MCCE_native,1,OK,0.0,0.02731180191040039,0.23728813559322035,1.0,"{""nevents"": 47.0, ""ndays_act"": 16.0, ""nchapters"": 12.0}"
HarvardX,1,aligned,0,7887,MCCE,bounded,MCCE_bounded,1,OK,0.0,0.02731180191040039,0.23728813559322035,1.0,"{""nevents"": 47.0, ""ndays_act"": 16.0, ""nchapters"": 12.0}"
HarvardX,1,aligned,0,7887,MCCE,bounded+edit,MCCE_bounded+edit,1,OK,0.0,0.02731180191040039,0.23728813559322035,1.0,"{""nevents"": 47.0, ""ndays_act"": 16.0, ""nchapters"": 12.0}"
HarvardX,1,aligned,0,7923,NICE,native,NICE_native,1,OK,0.0,0.0062825679779052734,0.6540181899507976,3.0,"{""nevents"": 76.0, ""ndays_act"": 18.0, ""nchapters"": 8.0}"
HarvardX,1,aligned,0,7923,NICE,bounded,NICE_bounded,1,OK,0.0,0.0062825679779052734,0.6540181899507976,3.0,"{""nevents"": 76.0, ""ndays_act"": 18.0, ""nchapters"": 8.0}"
HarvardX,1,aligned,0,7923,NICE,bounded+edit,NICE_bounded+edit,1,OK,0.0,0.0062825679779052734,0.6540181899507976,3.0,"{""nevents"": 76.0, ""ndays_act"": 18.0, ""nchapters"": 8.0}"
HarvardX,1,aligned,0,7923,MCCE,native,MCCE_native,1,OK,0.0,0.045295000076293945,0.655981313056011,3.0,"{""nevents"": 65.0, ""ndays_act"": 19.0, ""nchapters"": 8.0}"
HarvardX,1,aligned,0,7923,MCCE,bounded,MCCE_bounded,1,OK,0.0,0.045295000076293945,0.655981313056011,3.0,"{""nevents"": 65.0, ""ndays_act"": 19.0, ""nchapters"": 8.0}"
HarvardX,1,aligned,0,7923,MCCE,bounded+edit,MCCE_bounded+edit,1,OK,0.0,0.045295000076293945,0.655981313056011,3.0,"{""nevents"": 65.0, ""ndays_act"": 19.0, ""nchapters"": 8.0}"
HarvardX,1,aligned,0,7974,NICE,native,NICE_native,0,out_of_bounds:nevents,0.0,0.004929065704345703,0.14317973150698526,2.0,"{""nevents"": 20.0, ""ndays_act"": 12.0, ""nchapters"": 9.0}"
HarvardX,1,aligned,0,7974,NICE,bounded,NICE_bounded,0,classifier_target_not_met,0.0,0.004929065704345703,0.14035087719298245,1.0,"{""nevents"": 22.0, ""ndays_act"": 12.0, ""nchapters"": 9.0}"
HarvardX,1,aligned,0,7974,NICE,bounded+edit,NICE_bounded+edit,0,classifier_target_not_met,0.0,0.004929065704345703,0.14035087719298245,1.0,"{""nevents"": 22.0, ""ndays_act"": 12.0, ""nchapters"": 9.0}"
HarvardX,1,aligned,0,7974,MCCE,native,MCCE_native,1,OK,0.0,0.04262423515319824,0.3604804089431499,2.0,"{""nevents"": 66.0, ""ndays_act"": 21.0, ""nchapters"": 9.0}"
HarvardX,1,aligned,0,7974,MCCE,bounded,MCCE_bounded,1,OK,0.0,0.04262423515319824,0.3604804089431499,2.0,"{""nevents"": 66.0, ""ndays_act"": 21.0, ""nchapters"": 9.0}"
HarvardX,1,aligned,0,7974,MCCE,bounded+edit,MCCE_bounded+edit,1,OK,0.0,0.04262423515319824,0.3604804089431499,2.0,"{""nevents"": 66.0, ""ndays_act"": 21.0, ""nchapters"": 9.0}"
HarvardX,1,aligned,0,7996,NICE,native,NICE_native,0,out_of_bounds:nevents,0.0,0.0036199092864990234,0.02,1.0,"{""nevents"": 66.0, ""ndays_act"": 16.0, ""nchapters"": 11.0}"
HarvardX,1,aligned,0,7996,NICE,bounded,NICE_bounded,0,classifier_target_not_met,0.0,0.0036199092864990234,0.0,0.0,"{""nevents"": 79.0, ""ndays_act"": 16.0, ""nchapters"": 11.0}"
HarvardX,1,aligned,0,7996,NICE,bounded+edit,NICE_bounded+edit,0,classifier_target_not_met,0.0,0.0036199092864990234,0.0,0.0,"{""nevents"": 79.0, ""ndays_act"": 16.0, ""nchapters"": 11.0}"
HarvardX,1,aligned,0,7996,MCCE,native,MCCE_native,1,OK,0.0,0.043207645416259766,0.4064957264957265,2.0,"{""nevents"": 141.0, ""ndays_act"": 30.0, ""nchapters"": 11.0}"
HarvardX,1,aligned,0,7996,MCCE,bounded,MCCE_bounded,1,OK,0.0,0.043207645416259766,0.4064957264957265,2.0,"{""nevents"": 141.0, ""ndays_act"": 30.0, ""nchapters"": 11.0}"
HarvardX,1,aligned,0,7996,MCCE,bounded+edit,MCCE_bounded+edit,1,OK,0.0,0.043207645416259766,0.4064957264957265,2.0,"{""nevents"": 141.0, ""ndays_act"": 30.0, ""nchapters"": 11.0}"
HarvardX,1,aligned,0,8003,NICE,native,NICE_native,0,out_of_bounds:nevents,0.0,0.0051136016845703125,0.12601537305108995,2.0,"{""nevents"": 13.0, ""ndays_act"": 8.0, ""nchapters"": 12.0}"
HarvardX,1,aligned,0,8003,NICE,bounded,NICE_bounded,0,classifier_target_not_met,0.0,0.0051136016845703125,0.1016949152542373,1.0,"{""nevents"": 30.0, ""ndays_act"": 8.0, ""nchapters"": 12.0}"
HarvardX,1,aligned,0,8003,NICE,bounded+edit,NICE_bounded+edit,0,classifier_target_not_met,0.0,0.0051136016845703125,0.1016949152542373,1.0,"{""nevents"": 30.0, ""ndays_act"": 8.0, ""nchapters"": 12.0}"
HarvardX,1,aligned,0,8003,MCCE,native,MCCE_native,0,out_of_bounds:nevents,0.0,0.028254985809326172,0.15419121747775272,2.0,"{""nevents"": 17.0, ""ndays_act"": 10.0, ""nchapters"": 12.0}"
HarvardX,1,aligned,0,8003,MCCE,bounded,MCCE_bounded,1,OK,0.0,0.028254985809326172,0.15683421837491818,2.0,"{""nevents"": 33.0, ""ndays_act"": 11.0, ""nchapters"": 12.0}"
HarvardX,1,aligned,0,8003,MCCE,bounded+edit,MCCE_bounded+edit,1,OK,0.0,0.028254985809326172,0.15683421837491818,2.0,"{""nevents"": 33.0, ""ndays_act"": 11.0, ""nchapters"": 12.0}"
HarvardX,1,aligned,0,8090,NICE,native,NICE_native,1,OK,0.0,0.006296396255493164,0.5151103059781126,3.0,"{""nevents"": 76.0, ""ndays_act"": 18.0, ""nchapters"": 8.0}"
HarvardX,1,aligned,0,8090,NICE,bounded,NICE_bounded,1,OK,0.0,0.006296396255493164,0.5151103059781126,3.0,"{""nevents"": 76.0, ""ndays_act"": 18.0, ""nchapters"": 8.0}"
HarvardX,1,aligned,0,8090,NICE,bounded+edit,NICE_bounded+edit,1,OK,0.0,0.006296396255493164,0.5151103059781126,3.0,"{""nevents"": 76.0, ""ndays_act"": 18.0, ""nchapters"": 8.0}"
HarvardX,1,aligned,0,8090,MCCE,native,MCCE_native,1,OK,0.0,0.0416409969329834,1.288135593220339,2.0,"{""nevents"": 46.0, ""ndays_act"": 19.0, ""nchapters"": 12.0}"
HarvardX,1,aligned,0,8090,MCCE,bounded,MCCE_bounded,1,OK,0.0,0.0416409969329834,1.288135593220339,2.0,"{""nevents"": 46.0, ""ndays_act"": 19.0, ""nchapters"": 12.0}"
HarvardX,1,aligned,0,8090,MCCE,bounded+edit,MCCE_bounded+edit,1,OK,0.0,0.0416409969329834,1.288135593220339,2.0,"{""nevents"": 46.0, ""ndays_act"": 19.0, ""nchapters"": 12.0}"
HarvardX,1,aligned,0,8189,NICE,native,NICE_native,0,out_of_bounds:nevents,0.0,0.0045773983001708984,0.09867817642298354,2.0,"{""nevents"": 13.0, ""ndays_act"": 8.0, ""nchapters"": 12.0}"
HarvardX,1,aligned,0,8189,NICE,bounded,NICE_bounded,0,classifier_target_not_met,0.0,0.0045773983001708984,0.03636363636363636,1.0,"{""nevents"": 55.0, ""ndays_act"": 8.0, ""nchapters"": 12.0}"
HarvardX,1,aligned,0,8189,NICE,bounded+edit,NICE_bounded+edit,0,classifier_target_not_met,0.0,0.0045773983001708984,0.03636363636363636,1.0,"{""nevents"": 55.0, ""ndays_act"": 8.0, ""nchapters"": 12.0}"
HarvardX,1,aligned,0,8189,MCCE,native,MCCE_native,0,out_of_bounds:nevents,0.0,0.02660202980041504,0.1291070946857297,2.0,"{""nevents"": 17.0, ""ndays_act"": 10.0, ""nchapters"": 12.0}"
HarvardX,1,aligned,0,8189,MCCE,bounded,MCCE_bounded,1,OK,0.0,0.02660202980041504,0.1558403021311033,2.0,"{""nevents"": 62.0, ""ndays_act"": 14.0, ""nchapters"": 12.0}"
HarvardX,1,aligned,0,8189,MCCE,bounded+edit,MCCE_bounded+edit,1,OK,0.0,0.02660202980041504,0.1558403021311033,2.0,"{""nevents"": 62.0, ""ndays_act"": 14.0, ""nchapters"": 12.0}"
HarvardX,1,aligned,0,8191,NICE,native,NICE_native,1,OK,0.0,0.006032466888427734,0.5754388412266629,3.0,"{""nevents"": 76.0, ""ndays_act"": 18.0, ""nchapters"": 8.0}"
HarvardX,1,aligned,0,8191,NICE,bounded,NICE_bounded,1,OK,0.0,0.006032466888427734,0.5754388412266629,3.0,"{""nevents"": 76.0, ""ndays_act"": 18.0, ""nchapters"": 8.0}"
HarvardX,1,aligned,0,8191,NICE,bounded+edit,NICE_bounded+edit,1,OK,0.0,0.006032466888427734,0.5754388412266629,3.0,"{""nevents"": 76.0, ""ndays_act"": 18.0, ""nchapters"": 8.0}"
HarvardX,1,aligned,0,8191,MCCE,native,MCCE_native,1,OK,0.0,0.04164838790893555,0.5772988305317245,3.0,"{""nevents"": 65.0, ""ndays_act"": 19.0, ""nchapters"": 8.0}"
HarvardX,1,aligned,0,8191,MCCE,bounded,MCCE_bounded,1,OK,0.0,0.04164838790893555,0.5772988305317245,3.0,"{""nevents"": 65.0, ""ndays_act"": 19.0, ""nchapters"": 8.0}"
HarvardX,1,aligned,0,8191,MCCE,bounded+edit,MCCE_bounded+edit,1,OK,0.0,0.04164838790893555,0.5772988305317245,3.0,"{""nevents"": 65.0, ""ndays_act"": 19.0, ""nchapters"": 8.0}"
HarvardX,1,aligned,0,8207,NICE,native,NICE_native,1,OK,0.0,0.004894733428955078,0.14898018844588365,2.0,"{""nevents"": 13.0, ""ndays_act"": 8.0, ""nchapters"": 12.0}"
HarvardX,1,aligned,0,8207,NICE,bounded,NICE_bounded,1,OK,0.0,0.004894733428955078,0.14898018844588365,2.0,"{""nevents"": 13.0, ""ndays_act"": 8.0, ""nchapters"": 12.0}"
HarvardX,1,aligned,0,8207,NICE,bounded+edit,NICE_bounded+edit,1,OK,0.0,0.004894733428955078,0.14898018844588365,2.0,"{""nevents"": 13.0, ""ndays_act"": 8.0, ""nchapters"": 12.0}"
HarvardX,1,aligned,0,8207,MCCE,native,MCCE_native,1,OK,0.0,0.027722835540771484,0.1872540421417167,2.0,"{""nevents"": 17.0, ""ndays_act"": 10.0, ""nchapters"": 12.0}"
HarvardX,1,aligned,0,8207,MCCE,bounded,MCCE_bounded,1,OK,0.0,0.027722835540771484,0.1872540421417167,2.0,"{""nevents"": 17.0, ""ndays_act"": 10.0, ""nchapters"": 12.0}"
HarvardX,1,aligned,0,8207,MCCE,bounded+edit,MCCE_bounded+edit,1,OK,0.0,0.027722835540771484,0.1872540421417167,2.0,"{""nevents"": 17.0, ""ndays_act"": 10.0, ""nchapters"": 12.0}"
HarvardX,1,aligned,0,8264,NICE,native,NICE_native,1,OK,0.0,0.005238533020019531,0.19290750338516133,2.0,"{""nevents"": 20.0, ""ndays_act"": 12.0, ""nchapters"": 9.0}"
HarvardX,1,aligned,0,8264,NICE,bounded,NICE_bounded,1,OK,0.0,0.005238533020019531,0.19290750338516133,2.0,"{""nevents"": 20.0, ""ndays_act"": 12.0, ""nchapters"": 9.0}"
HarvardX,1,aligned,0,8264,NICE,bounded+edit,NICE_bounded+edit,1,OK,0.0,0.005238533020019531,0.19290750338516133,2.0,"{""nevents"": 20.0, ""ndays_act"": 12.0, ""nchapters"": 9.0}"
HarvardX,1,aligned,0,8264,MCCE,native,MCCE_native,1,OK,0.0,0.042816162109375,0.40881075780921694,2.0,"{""nevents"": 66.0, ""ndays_act"": 21.0, ""nchapters"": 9.0}"
HarvardX,1,aligned,0,8264,MCCE,bounded,MCCE_bounded,1,OK,0.0,0.042816162109375,0.40881075780921694,2.0,"{""nevents"": 66.0, ""ndays_act"": 21.0, ""nchapters"": 9.0}"
HarvardX,1,aligned,0,8264,MCCE,bounded+edit,MCCE_bounded+edit,1,OK,0.0,0.042816162109375,0.40881075780921694,2.0,"{""nevents"": 66.0, ""ndays_act"": 21.0, ""nchapters"": 9.0}"
HarvardX,1,aligned,0,8280,NICE,native,NICE_native,1,OK,0.0,0.004728078842163086,0.3993343677618116,2.0,"{""nevents"": 76.0, ""ndays_act"": 18.0, ""nchapters"": 8.0}"
HarvardX,1,aligned,0,8280,NICE,bounded,NICE_bounded,1,OK,0.0,0.004728078842163086,0.3993343677618116,2.0,"{""nevents"": 76.0, ""ndays_act"": 18.0, ""nchapters"": 8.0}"
HarvardX,1,aligned,0,8280,NICE,bounded+edit,NICE_bounded+edit,1,OK,0.0,0.004728078842163086,0.3993343677618116,2.0,"{""nevents"": 76.0, ""ndays_act"": 18.0, ""nchapters"": 8.0}"
HarvardX,1,aligned,0,8280,MCCE,native,MCCE_native,1,OK,0.0,0.042563438415527344,0.40063864714745107,2.0,"{""nevents"": 65.0, ""ndays_act"": 19.0, ""nchapters"": 8.0}"
HarvardX,1,aligned,0,8280,MCCE,bounded,MCCE_bounded,1,OK,0.0,0.042563438415527344,0.40063864714745107,2.0,"{""nevents"": 65.0, ""ndays_act"": 19.0, ""nchapters"": 8.0}"
HarvardX,1,aligned,0,8280,MCCE,bounded+edit,MCCE_bounded+edit,1,OK,0.0,0.042563438415527344,0.40063864714745107,2.0,"{""nevents"": 65.0, ""ndays_act"": 19.0, ""nchapters"": 8.0}"
HarvardX,1,aligned,0,8344,NICE,native,NICE_native,0,out_of_bounds:nevents,0.0,0.0034890174865722656,0.21272727272727274,1.0,"{""nevents"": 62.0, ""ndays_act"": 14.0, ""nchapters"": 12.0}"
HarvardX,1,aligned,0,8344,NICE,bounded,NICE_bounded,0,classifier_target_not_met,0.0,0.0034890174865722656,0.0,0.0,"{""nevents"": 179.0, ""ndays_act"": 14.0, ""nchapters"": 12.0}"
HarvardX,1,aligned,0,8344,NICE,bounded+edit,NICE_bounded+edit,0,classifier_target_not_met,0.0,0.0034890174865722656,0.0,0.0,"{""nevents"": 179.0, ""ndays_act"": 14.0, ""nchapters"": 12.0}"
HarvardX,1,aligned,0,8344,MCCE,native,MCCE_native,0,out_of_bounds:nevents,0.0,0.026772737503051758,0.21272727272727274,1.0,"{""nevents"": 62.0, ""ndays_act"": 14.0, ""nchapters"": 12.0}"
HarvardX,1,aligned,0,8344,MCCE,bounded,MCCE_bounded,1,OK,0.0,0.026772737503051758,0.21458413926499034,2.0,"{""nevents"": 180.0, ""ndays_act"": 24.0, ""nchapters"": 12.0}"
HarvardX,1,aligned,0,8344,MCCE,bounded+edit,MCCE_bounded+edit,1,OK,0.0,0.026772737503051758,0.21458413926499034,2.0,"{""nevents"": 180.0, ""ndays_act"": 24.0, ""nchapters"": 12.0}"
HarvardX,1,aligned,0,8377,NICE,native,NICE_native,1,OK,0.0,0.0059125423431396484,0.598068783068783,3.0,"{""nevents"": 76.0, ""ndays_act"": 18.0, ""nchapters"": 8.0}"
HarvardX,1,aligned,0,8377,NICE,bounded,NICE_bounded,1,OK,0.0,0.0059125423431396484,0.598068783068783,3.0,"{""nevents"": 76.0, ""ndays_act"": 18.0, ""nchapters"": 8.0}"
HarvardX,1,aligned,0,8377,NICE,bounded+edit,NICE_bounded+edit,1,OK,0.0,0.0059125423431396484,0.598068783068783,3.0,"{""nevents"": 76.0, ""ndays_act"": 18.0, ""nchapters"": 8.0}"
HarvardX,1,aligned,0,8377,MCCE,native,MCCE_native,1,OK,0.0,0.04263710975646973,0.5996296296296296,3.0,"{""nevents"": 65.0, ""ndays_act"": 19.0, ""nchapters"": 8.0}"
HarvardX,1,aligned,0,8377,MCCE,bounded,MCCE_bounded,1,OK,0.0,0.04263710975646973,0.5996296296296296,3.0,"{""nevents"": 65.0, ""ndays_act"": 19.0, ""nchapters"": 8.0}"
HarvardX,1,aligned,0,8377,MCCE,bounded+edit,MCCE_bounded+edit,1,OK,0.0,0.04263710975646973,0.5996296296296296,3.0,"{""nevents"": 65.0, ""ndays_act"": 19.0, ""nchapters"": 8.0}"
HarvardX,1,aligned,0,8435,NICE,native,NICE_native,0,out_of_bounds:nevents,0.0,0.0048482418060302734,0.14088214312071046,2.0,"{""nevents"": 13.0, ""ndays_act"": 8.0, ""nchapters"": 12.0}"
HarvardX,1,aligned,0,8435,NICE,bounded,NICE_bounded,0,classifier_target_not_met,0.0,0.0048482418060302734,0.1016949152542373,1.0,"{""nevents"": 40.0, ""ndays_act"": 8.0, ""nchapters"": 12.0}"
HarvardX,1,aligned,0,8435,NICE,bounded+edit,NICE_bounded+edit,0,classifier_target_not_met,0.0,0.0048482418060302734,0.1016949152542373,1.0,"{""nevents"": 40.0, ""ndays_act"": 8.0, ""nchapters"": 12.0}"
HarvardX,1,aligned,0,8435,MCCE,native,MCCE_native,1,OK,0.0,0.026772022247314453,0.23728813559322035,1.0,"{""nevents"": 40.0, ""ndays_act"": 16.0, ""nchapters"": 12.0}"
HarvardX,1,aligned,0,8435,MCCE,bounded,MCCE_bounded,1,OK,0.0,0.026772022247314453,0.23728813559322035,1.0,"{""nevents"": 40.0, ""ndays_act"": 16.0, ""nchapters"": 12.0}"
HarvardX,1,aligned,0,8435,MCCE,bounded+edit,MCCE_bounded+edit,1,OK,0.0,0.026772022247314453,0.23728813559322035,1.0,"{""nevents"": 40.0, ""ndays_act"": 16.0, ""nchapters"": 12.0}"
HarvardX,1,aligned,0,8439,NICE,native,NICE_native,1,OK,0.0,0.006428956985473633,0.6862674765252603,3.0,"{""nevents"": 76.0, ""ndays_act"": 18.0, ""nchapters"": 8.0}"
HarvardX,1,aligned,0,8439,NICE,bounded,NICE_bounded,1,OK,0.0,0.006428956985473633,0.6862674765252603,3.0,"{""nevents"": 76.0, ""ndays_act"": 18.0, ""nchapters"": 8.0}"
HarvardX,1,aligned,0,8439,NICE,bounded+edit,NICE_bounded+edit,1,OK,0.0,0.006428956985473633,0.6862674765252603,3.0,"{""nevents"": 76.0, ""ndays_act"": 18.0, ""nchapters"": 8.0}"
HarvardX,1,aligned,0,8439,MCCE,native,MCCE_native,1,OK,0.0,0.041837453842163086,0.688252267763483,3.0,"{""nevents"": 65.0, ""ndays_act"": 19.0, ""nchapters"": 8.0}"
HarvardX,1,aligned,0,8439,MCCE,bounded,MCCE_bounded,1,OK,0.0,0.041837453842163086,0.688252267763483,3.0,"{""nevents"": 65.0, ""ndays_act"": 19.0, ""nchapters"": 8.0}"
HarvardX,1,aligned,0,8439,MCCE,bounded+edit,MCCE_bounded+edit,1,OK,0.0,0.041837453842163086,0.688252267763483,3.0,"{""nevents"": 65.0, ""ndays_act"": 19.0, ""nchapters"": 8.0}"
HarvardX,1,aligned,0,8468,NICE,native,NICE_native,1,OK,0.0,0.006125688552856445,0.5478814985812533,3.0,"{""nevents"": 76.0, ""ndays_act"": 18.0, ""nchapters"": 8.0}"
HarvardX,1,aligned,0,8468,NICE,bounded,NICE_bounded,1,OK,0.0,0.006125688552856445,0.5478814985812533,3.0,"{""nevents"": 76.0, ""ndays_act"": 18.0, ""nchapters"": 8.0}"
HarvardX,1,aligned,0,8468,NICE,bounded+edit,NICE_bounded+edit,1,OK,0.0,0.006125688552856445,0.5478814985812533,3.0,"{""nevents"": 76.0, ""ndays_act"": 18.0, ""nchapters"": 8.0}"
HarvardX,1,aligned,0,8468,MCCE,native,MCCE_native,1,OK,0.0,0.042299747467041016,0.5497811763574281,3.0,"{""nevents"": 65.0, ""ndays_act"": 19.0, ""nchapters"": 8.0}"
HarvardX,1,aligned,0,8468,MCCE,bounded,MCCE_bounded,1,OK,0.0,0.042299747467041016,0.5497811763574281,3.0,"{""nevents"": 65.0, ""ndays_act"": 19.0, ""nchapters"": 8.0}"
HarvardX,1,aligned,0,8468,MCCE,bounded+edit,MCCE_bounded+edit,1,OK,0.0,0.042299747467041016,0.5497811763574281,3.0,"{""nevents"": 65.0, ""ndays_act"": 19.0, ""nchapters"": 8.0}"
HarvardX,1,aligned,0,8485,NICE,native,NICE_native,0,out_of_bounds:nevents,0.0,0.005007743835449219,0.5622994652406417,2.0,"{""nevents"": 171.0, ""ndays_act"": 37.0, ""nchapters"": 8.0}"
HarvardX,1,aligned,0,8485,NICE,bounded,NICE_bounded,0,classifier_target_not_met,0.0,0.005007743835449219,0.29411764705882354,1.0,"{""nevents"": 289.0, ""ndays_act"": 37.0, ""nchapters"": 8.0}"
HarvardX,1,aligned,0,8485,NICE,bounded+edit,NICE_bounded+edit,0,classifier_target_not_met,0.0,0.005007743835449219,0.29411764705882354,1.0,"{""nevents"": 289.0, ""ndays_act"": 37.0, ""nchapters"": 8.0}"
HarvardX,1,aligned,0,8485,MCCE,native,MCCE_native,0,out_of_bounds:nevents;out_of_bounds:ndays_act,0.0,0.041193485260009766,0.7443850267379679,2.0,"{""nevents"": 65.0, ""ndays_act"": 19.0, ""nchapters"": 8.0}"
HarvardX,1,aligned,0,8485,MCCE,bounded,MCCE_bounded,1,OK,0.0,0.041193485260009766,1.3823529411764706,2.0,"{""nevents"": 289.0, ""ndays_act"": 40.0, ""nchapters"": 12.0}"
HarvardX,1,aligned,0,8485,MCCE,bounded+edit,MCCE_bounded+edit,1,OK,0.0,0.041193485260009766,1.3823529411764706,2.0,"{""nevents"": 289.0, ""ndays_act"": 40.0, ""nchapters"": 12.0}"
HarvardX,1,aligned,0,8488,NICE,native,NICE_native,0,out_of_bounds:nevents,0.0,0.003452301025390625,0.010687022900763359,1.0,"{""nevents"": 67.0, ""ndays_act"": 15.0, ""nchapters"": 12.0}"
HarvardX,1,aligned,0,8488,NICE,bounded,NICE_bounded,0,classifier_target_not_met,0.0,0.003452301025390625,0.0,0.0,"{""nevents"": 74.0, ""ndays_act"": 15.0, ""nchapters"": 12.0}"
HarvardX,1,aligned,0,8488,NICE,bounded+edit,NICE_bounded+edit,0,classifier_target_not_met,0.0,0.003452301025390625,0.0,0.0,"{""nevents"": 74.0, ""ndays_act"": 15.0, ""nchapters"": 12.0}"
HarvardX,1,aligned,0,8488,MCCE,native,MCCE_native,0,out_of_bounds:nevents,0.0,0.026387691497802734,0.010687022900763359,1.0,"{""nevents"": 67.0, ""ndays_act"": 15.0, ""nchapters"": 12.0}"
HarvardX,1,aligned,0,8488,MCCE,bounded,MCCE_bounded,1,OK,0.0,0.026387691497802734,0.1956521739130435,1.0,"{""nevents"": 74.0, ""ndays_act"": 24.0, ""nchapters"": 12.0}"
HarvardX,1,aligned,0,8488,MCCE,bounded+edit,MCCE_bounded+edit,1,OK,0.0,0.026387691497802734,0.1956521739130435,1.0,"{""nevents"": 74.0, ""ndays_act"": 24.0, ""nchapters"": 12.0}"
HarvardX,1,aligned,0,8520,NICE,native,NICE_native,0,out_of_bounds:nevents,0.0,0.004653453826904297,0.16021748730404062,2.0,"{""nevents"": 13.0, ""ndays_act"": 8.0, ""nchapters"": 12.0}"
HarvardX,1,aligned,0,8520,NICE,bounded,NICE_bounded,0,classifier_target_not_met,0.0,0.004653453826904297,0.05357142857142857,1.0,"{""nevents"": 82.0, ""ndays_act"": 8.0, ""nchapters"": 12.0}"
HarvardX,1,aligned,0,8520,NICE,bounded+edit,NICE_bounded+edit,0,classifier_target_not_met,0.0,0.004653453826904297,0.05357142857142857,1.0,"{""nevents"": 82.0, ""ndays_act"": 8.0, ""nchapters"": 12.0}"
HarvardX,1,aligned,0,8520,MCCE,native,MCCE_native,0,out_of_bounds:nevents,0.0,0.026759624481201172,0.18974939280194303,2.0,"{""nevents"": 17.0, ""ndays_act"": 10.0, ""nchapters"": 12.0}"
HarvardX,1,aligned,0,8520,MCCE,bounded,MCCE_bounded,1,OK,0.0,0.026759624481201172,0.21737690439390592,2.0,"{""nevents"": 84.0, ""ndays_act"": 17.0, ""nchapters"": 12.0}"
HarvardX,1,aligned,0,8520,MCCE,bounded+edit,MCCE_bounded+edit,1,OK,0.0,0.026759624481201172,0.21737690439390592,2.0,"{""nevents"": 84.0, ""ndays_act"": 17.0, ""nchapters"": 12.0}"
HarvardX,1,aligned,0,8532,NICE,native,NICE_native,0,out_of_bounds:nevents,0.0,0.004790544509887695,0.1362781954887218,2.0,"{""nevents"": 9.0, ""ndays_act"": 8.0, ""nchapters"": 10.0}"
HarvardX,1,aligned,0,8532,NICE,bounded,NICE_bounded,0,classifier_target_not_met,0.0,0.004790544509887695,0.05357142857142857,1.0,"{""nevents"": 64.0, ""ndays_act"": 8.0, ""nchapters"": 10.0}"
HarvardX,1,aligned,0,8532,NICE,bounded+edit,NICE_bounded+edit,0,classifier_target_not_met,0.0,0.004790544509887695,0.05357142857142857,1.0,"{""nevents"": 64.0, ""ndays_act"": 8.0, ""nchapters"": 10.0}"
HarvardX,1,aligned,0,8532,MCCE,native,MCCE_native,0,out_of_bounds:nevents,0.0,0.04215574264526367,0.1906015037593985,2.0,"{""nevents"": 56.0, ""ndays_act"": 15.0, ""nchapters"": 10.0}"
HarvardX,1,aligned,0,8532,MCCE,bounded,MCCE_bounded,1,OK,0.0,0.04215574264526367,0.5578947368421052,2.0,"{""nevents"": 150.0, ""ndays_act"": 29.0, ""nchapters"": 10.0}"
HarvardX,1,aligned,0,8532,MCCE,bounded+edit,MCCE_bounded+edit,1,OK,0.0,0.04215574264526367,0.5578947368421052,2.0,"{""nevents"": 150.0, ""ndays_act"": 29.0, ""nchapters"": 10.0}"
HarvardX,1,aligned,0,8538,NICE,native,NICE_native,0,out_of_bounds:nevents,0.0,0.006483554840087891,0.480787013600621,3.0,"{""nevents"": 76.0, ""ndays_act"": 18.0, ""nchapters"": 8.0}"
HarvardX,1,aligned,0,8538,NICE,bounded,NICE_bounded,0,classifier_target_not_met,0.0,0.006483554840087891,0.3568627450980392,2.0,"{""nevents"": 148.0, ""ndays_act"": 18.0, ""nchapters"": 8.0}"
HarvardX,1,aligned,0,8538,NICE,bounded+edit,NICE_bounded+edit,0,classifier_target_not_met,0.0,0.006483554840087891,0.3568627450980392,2.0,"{""nevents"": 148.0, ""ndays_act"": 18.0, ""nchapters"": 8.0}"
HarvardX,1,aligned,0,8538,MCCE,native,MCCE_native,0,out_of_bounds:nevents,0.0,0.043332576751708984,1.216867469879518,2.0,"{""nevents"": 22.0, ""ndays_act"": 10.0, ""nchapters"": 12.0}"
HarvardX,1,aligned,0,8538,MCCE,bounded,MCCE_bounded,1,OK,0.0,0.043332576751708984,0.9759913603995816,3.0,"{""nevents"": 150.0, ""ndays_act"": 29.0, ""nchapters"": 10.0}"
HarvardX,1,aligned,0,8538,MCCE,bounded+edit,MCCE_bounded+edit,1,OK,0.0,0.043332576751708984,0.9759913603995816,3.0,"{""nevents"": 150.0, ""ndays_act"": 29.0, ""nchapters"": 10.0}"
HarvardX,1,aligned,0,8640,NICE,native,NICE_native,1,OK,0.0,0.004958152770996094,0.08800808605876831,2.0,"{""nevents"": 13.0, ""ndays_act"": 8.0, ""nchapters"": 12.0}"
HarvardX,1,aligned,0,8640,NICE,bounded,NICE_bounded,1,OK,0.0,0.004958152770996094,0.08800808605876831,2.0,"{""nevents"": 13.0, ""ndays_act"": 8.0, ""nchapters"": 12.0}"
HarvardX,1,aligned,0,8640,NICE,bounded+edit,NICE_bounded+edit,1,OK,0.0,0.004958152770996094,0.08800808605876831,2.0,"{""nevents"": 13.0, ""ndays_act"": 8.0, ""nchapters"": 12.0}"
HarvardX,1,aligned,0,8640,MCCE,native,MCCE_native,1,OK,0.0,0.029327392578125,0.12858277380694533,2.0,"{""nevents"": 17.0, ""ndays_act"": 10.0, ""nchapters"": 12.0}"
HarvardX,1,aligned,0,8640,MCCE,bounded,MCCE_bounded,1,OK,0.0,0.029327392578125,0.12858277380694533,2.0,"{""nevents"": 17.0, ""ndays_act"": 10.0, ""nchapters"": 12.0}"
HarvardX,1,aligned,0,8640,MCCE,bounded+edit,MCCE_bounded+edit,1,OK,0.0,0.029327392578125,0.12858277380694533,2.0,"{""nevents"": 17.0, ""ndays_act"": 10.0, ""nchapters"": 12.0}"
HarvardX,1,aligned,0,8641,NICE,native,NICE_native,1,OK,0.0,0.005942821502685547,0.7326677010951449,3.0,"{""nevents"": 76.0, ""ndays_act"": 18.0, ""nchapters"": 8.0}"
HarvardX,1,aligned,0,8641,NICE,bounded,NICE_bounded,1,OK,0.0,0.005942821502685547,0.7326677010951449,3.0,"{""nevents"": 76.0, ""ndays_act"": 18.0, ""nchapters"": 8.0}"
HarvardX,1,aligned,0,8641,NICE,bounded+edit,NICE_bounded+edit,1,OK,0.0,0.005942821502685547,0.7326677010951449,3.0,"{""nevents"": 76.0, ""ndays_act"": 18.0, ""nchapters"": 8.0}"
HarvardX,1,aligned,0,8641,MCCE,native,MCCE_native,1,OK,0.0,0.04027128219604492,0.7339719804807844,3.0,"{""nevents"": 65.0, ""ndays_act"": 19.0, ""nchapters"": 8.0}"
HarvardX,1,aligned,0,8641,MCCE,bounded,MCCE_bounded,1,OK,0.0,0.04027128219604492,0.7339719804807844,3.0,"{""nevents"": 65.0, ""ndays_act"": 19.0, ""nchapters"": 8.0}"
HarvardX,1,aligned,0,8641,MCCE,bounded+edit,MCCE_bounded+edit,1,OK,0.0,0.04027128219604492,0.7339719804807844,3.0,"{""nevents"": 65.0, ""ndays_act"": 19.0, ""nchapters"": 8.0}"
HarvardX,1,aligned,0,8657,NICE,native,NICE_native,1,OK,0.0,0.005682229995727539,0.5591716538425002,3.0,"{""nevents"": 76.0, ""ndays_act"": 18.0, ""nchapters"": 8.0}"
HarvardX,1,aligned,0,8657,NICE,bounded,NICE_bounded,1,OK,0.0,0.005682229995727539,0.5591716538425002,3.0,"{""nevents"": 76.0, ""ndays_act"": 18.0, ""nchapters"": 8.0}"
HarvardX,1,aligned,0,8657,NICE,bounded+edit,NICE_bounded+edit,1,OK,0.0,0.005682229995727539,0.5591716538425002,3.0,"{""nevents"": 76.0, ""ndays_act"": 18.0, ""nchapters"": 8.0}"
HarvardX,1,aligned,0,8657,MCCE,native,MCCE_native,1,OK,0.0,0.0394136905670166,0.5612615180013298,3.0,"{""nevents"": 65.0, ""ndays_act"": 19.0, ""nchapters"": 8.0}"
HarvardX,1,aligned,0,8657,MCCE,bounded,MCCE_bounded,1,OK,0.0,0.0394136905670166,0.5612615180013298,3.0,"{""nevents"": 65.0, ""ndays_act"": 19.0, ""nchapters"": 8.0}"
HarvardX,1,aligned,0,8657,MCCE,bounded+edit,MCCE_bounded+edit,1,OK,0.0,0.0394136905670166,0.5612615180013298,3.0,"{""nevents"": 65.0, ""ndays_act"": 19.0, ""nchapters"": 8.0}"
HarvardX,1,aligned,0,8668,NICE,native,NICE_native,0,out_of_bounds:nevents,0.0,0.004631996154785156,0.08393814013430102,2.0,"{""nevents"": 76.0, ""ndays_act"": 18.0, ""nchapters"": 8.0}"
HarvardX,1,aligned,0,8668,NICE,bounded,NICE_bounded,0,classifier_target_not_met,0.0,0.004631996154785156,0.06521739130434782,1.0,"{""nevents"": 88.0, ""ndays_act"": 18.0, ""nchapters"": 8.0}"
HarvardX,1,aligned,0,8668,NICE,bounded+edit,NICE_bounded+edit,0,classifier_target_not_met,0.0,0.004631996154785156,0.06521739130434782,1.0,"{""nevents"": 88.0, ""ndays_act"": 18.0, ""nchapters"": 8.0}"
HarvardX,1,aligned,0,8668,MCCE,native,MCCE_native,0,out_of_bounds:nevents,0.0,0.03933000564575195,0.12283795699654074,2.0,"{""nevents"": 65.0, ""ndays_act"": 19.0, ""nchapters"": 8.0}"
HarvardX,1,aligned,0,8668,MCCE,bounded,MCCE_bounded,1,OK,0.0,0.03933000564575195,0.9010716950417148,3.0,"{""nevents"": 150.0, ""ndays_act"": 29.0, ""nchapters"": 10.0}"
HarvardX,1,aligned,0,8668,MCCE,bounded+edit,MCCE_bounded+edit,1,OK,0.0,0.03933000564575195,0.9010716950417148,3.0,"{""nevents"": 150.0, ""ndays_act"": 29.0, ""nchapters"": 10.0}"
HarvardX,1,aligned,0,8709,NICE,native,NICE_native,1,OK,0.0,0.005737781524658203,0.5993343677618116,3.0,"{""nevents"": 76.0, ""ndays_act"": 18.0, ""nchapters"": 8.0}"
HarvardX,1,aligned,0,8709,NICE,bounded,NICE_bounded,1,OK,0.0,0.005737781524658203,0.5993343677618116,3.0,"{""nevents"": 76.0, ""ndays_act"": 18.0, ""nchapters"": 8.0}"
HarvardX,1,aligned,0,8709,NICE,bounded+edit,NICE_bounded+edit,1,OK,0.0,0.005737781524658203,0.5993343677618116,3.0,"{""nevents"": 76.0, ""ndays_act"": 18.0, ""nchapters"": 8.0}"
HarvardX,1,aligned,0,8709,MCCE,native,MCCE_native,1,OK,0.0,0.041002511978149414,0.6006386471474511,3.0,"{""nevents"": 65.0, ""ndays_act"": 19.0, ""nchapters"": 8.0}"
HarvardX,1,aligned,0,8709,MCCE,bounded,MCCE_bounded,1,OK,0.0,0.041002511978149414,0.6006386471474511,3.0,"{""nevents"": 65.0, ""ndays_act"": 19.0, ""nchapters"": 8.0}"
HarvardX,1,aligned,0,8709,MCCE,bounded+edit,MCCE_bounded+edit,1,OK,0.0,0.041002511978149414,0.6006386471474511,3.0,"{""nevents"": 65.0, ""ndays_act"": 19.0, ""nchapters"": 8.0}"
HarvardX,1,aligned,0,8713,NICE,native,NICE_native,1,OK,0.0,0.004645586013793945,0.14349321999595224,2.0,"{""nevents"": 9.0, ""ndays_act"": 8.0, ""nchapters"": 10.0}"
HarvardX,1,aligned,0,8713,NICE,bounded,NICE_bounded,1,OK,0.0,0.004645586013793945,0.14349321999595224,2.0,"{""nevents"": 9.0, ""ndays_act"": 8.0, ""nchapters"": 10.0}"
HarvardX,1,aligned,0,8713,NICE,bounded+edit,NICE_bounded+edit,1,OK,0.0,0.004645586013793945,0.14349321999595224,2.0,"{""nevents"": 9.0, ""ndays_act"": 8.0, ""nchapters"": 10.0}"
HarvardX,1,aligned,0,8713,MCCE,native,MCCE_native,1,OK,0.0,0.0396885871887207,0.3227191976433021,2.0,"{""nevents"": 56.0, ""ndays_act"": 15.0, ""nchapters"": 10.0}"
HarvardX,1,aligned,0,8713,MCCE,bounded,MCCE_bounded,1,OK,0.0,0.0396885871887207,0.3227191976433021,2.0,"{""nevents"": 56.0, ""ndays_act"": 15.0, ""nchapters"": 10.0}"
HarvardX,1,aligned,0,8713,MCCE,bounded+edit,MCCE_bounded+edit,1,OK,0.0,0.0396885871887207,0.3227191976433021,2.0,"{""nevents"": 56.0, ""ndays_act"": 15.0, ""nchapters"": 10.0}"
HarvardX,1,aligned,0,8722,NICE,native,NICE_native,0,out_of_bounds:nevents,0.0,0.003615140914916992,0.17842323651452283,1.0,"{""nevents"": 161.0, ""ndays_act"": 33.0, ""nchapters"": 9.0}"
HarvardX,1,aligned,0,8722,NICE,bounded,NICE_bounded,0,classifier_target_not_met,0.0,0.003615140914916992,0.0,0.0,"{""nevents"": 247.0, ""ndays_act"": 33.0, ""nchapters"": 9.0}"
HarvardX,1,aligned,0,8722,NICE,bounded+edit,NICE_bounded+edit,0,classifier_target_not_met,0.0,0.003615140914916992,0.0,0.0,"{""nevents"": 247.0, ""ndays_act"": 33.0, ""nchapters"": 9.0}"
HarvardX,1,aligned,0,8722,MCCE,native,MCCE_native,0,out_of_bounds:nevents;out_of_bounds:ndays_act,0.0,0.041815757751464844,0.8040901007705987,2.0,"{""nevents"": 66.0, ""ndays_act"": 21.0, ""nchapters"": 9.0}"
HarvardX,1,aligned,0,8722,MCCE,bounded,MCCE_bounded,1,OK,0.0,0.041815757751464844,1.070539419087137,2.0,"{""nevents"": 281.0, ""ndays_act"": 33.0, ""nchapters"": 12.0}"
HarvardX,1,aligned,0,8722,MCCE,bounded+edit,MCCE_bounded+edit,1,OK,0.0,0.041815757751464844,1.070539419087137,2.0,"{""nevents"": 281.0, ""ndays_act"": 33.0, ""nchapters"": 12.0}"
HarvardX,1,aligned,0,8733,NICE,native,NICE_native,1,OK,0.0,0.005727052688598633,0.5993343677618116,3.0,"{""nevents"": 76.0, ""ndays_act"": 18.0, ""nchapters"": 8.0}"
HarvardX,1,aligned,0,8733,NICE,bounded,NICE_bounded,1,OK,0.0,0.005727052688598633,0.5993343677618116,3.0,"{""nevents"": 76.0, ""ndays_act"": 18.0, ""nchapters"": 8.0}"
HarvardX,1,aligned,0,8733,NICE,bounded+edit,NICE_bounded+edit,1,OK,0.0,0.005727052688598633,0.5993343677618116,3.0,"{""nevents"": 76.0, ""ndays_act"": 18.0, ""nchapters"": 8.0}"
HarvardX,1,aligned,0,8733,MCCE,native,MCCE_native,1,OK,0.0,0.04359126091003418,0.6006386471474511,3.0,"{""nevents"": 65.0, ""ndays_act"": 19.0, ""nchapters"": 8.0}"
HarvardX,1,aligned,0,8733,MCCE,bounded,MCCE_bounded,1,OK,0.0,0.04359126091003418,0.6006386471474511,3.0,"{""nevents"": 65.0, ""ndays_act"": 19.0, ""nchapters"": 8.0}"
HarvardX,1,aligned,0,8733,MCCE,bounded+edit,MCCE_bounded+edit,1,OK,0.0,0.04359126091003418,0.6006386471474511,3.0,"{""nevents"": 65.0, ""ndays_act"": 19.0, ""nchapters"": 8.0}"
HarvardX,1,aligned,0,8737,NICE,native,NICE_native,1,OK,0.0,0.005868196487426758,0.44933908821149177,3.0,"{""nevents"": 76.0, ""ndays_act"": 18.0, ""nchapters"": 8.0}"
HarvardX,1,aligned,0,8737,NICE,bounded,NICE_bounded,1,OK,0.0,0.005868196487426758,0.44933908821149177,3.0,"{""nevents"": 76.0, ""ndays_act"": 18.0, ""nchapters"": 8.0}"
HarvardX,1,aligned,0,8737,NICE,bounded+edit,NICE_bounded+edit,1,OK,0.0,0.005868196487426758,0.44933908821149177,3.0,"{""nevents"": 76.0, ""ndays_act"": 18.0, ""nchapters"": 8.0}"
HarvardX,1,aligned,0,8737,MCCE,native,MCCE_native,1,OK,0.0,0.04389309883117676,0.4512004316158619,3.0,"{""nevents"": 65.0, ""ndays_act"": 19.0, ""nchapters"": 8.0}"
HarvardX,1,aligned,0,8737,MCCE,bounded,MCCE_bounded,1,OK,0.0,0.04389309883117676,0.4512004316158619,3.0,"{""nevents"": 65.0, ""ndays_act"": 19.0, ""nchapters"": 8.0}"
HarvardX,1,aligned,0,8737,MCCE,bounded+edit,MCCE_bounded+edit,1,OK,0.0,0.04389309883117676,0.4512004316158619,3.0,"{""nevents"": 65.0, ""ndays_act"": 19.0, ""nchapters"": 8.0}"
HarvardX,1,aligned,0,8770,NICE,native,NICE_native,0,out_of_bounds:nevents,0.0,0.004984378814697266,0.14412740544127406,2.0,"{""nevents"": 20.0, ""ndays_act"": 12.0, ""nchapters"": 9.0}"
HarvardX,1,aligned,0,8770,NICE,bounded,NICE_bounded,0,classifier_target_not_met,0.0,0.004984378814697266,0.10909090909090909,1.0,"{""nevents"": 44.0, ""ndays_act"": 12.0, ""nchapters"": 9.0}"
HarvardX,1,aligned,0,8770,NICE,bounded+edit,NICE_bounded+edit,0,classifier_target_not_met,0.0,0.004984378814697266,0.10909090909090909,1.0,"{""nevents"": 44.0, ""ndays_act"": 12.0, ""nchapters"": 9.0}"
HarvardX,1,aligned,0,8770,MCCE,native,MCCE_native,1,OK,0.0,0.041871070861816406,0.3048440610484406,2.0,"{""nevents"": 66.0, ""ndays_act"": 21.0, ""nchapters"": 9.0}"
HarvardX,1,aligned,0,8770,MCCE,bounded,MCCE_bounded,1,OK,0.0,0.041871070861816406,0.3048440610484406,2.0,"{""nevents"": 66.0, ""ndays_act"": 21.0, ""nchapters"": 9.0}"
HarvardX,1,aligned,0,8770,MCCE,bounded+edit,MCCE_bounded+edit,1,OK,0.0,0.041871070861816406,0.3048440610484406,2.0,"{""nevents"": 66.0, ""ndays_act"": 21.0, ""nchapters"": 9.0}"
HarvardX,1,aligned,0,8825,NICE,native,NICE_native,1,OK,0.0,0.004737138748168945,0.19369369369369369,2.0,"{""nevents"": 434.0, ""ndays_act"": 25.0, ""nchapters"": 12.0}"
HarvardX,1,aligned,0,8825,NICE,bounded,NICE_bounded,1,OK,0.0,0.004737138748168945,0.19369369369369369,2.0,"{""nevents"": 434.0, ""ndays_act"": 25.0, ""nchapters"": 12.0}"
HarvardX,1,aligned,0,8825,NICE,bounded+edit,NICE_bounded+edit,1,OK,0.0,0.004737138748168945,0.19369369369369369,2.0,"{""nevents"": 434.0, ""ndays_act"": 25.0, ""nchapters"": 12.0}"
HarvardX,1,aligned,0,8825,MCCE,native,MCCE_native,0,out_of_bounds:nevents,0.0,0.02692389488220215,0.5508474576271186,1.0,"{""nevents"": 180.0, ""ndays_act"": 24.0, ""nchapters"": 12.0}"
HarvardX,1,aligned,0,8825,MCCE,bounded,MCCE_bounded,1,OK,0.0,0.02692389488220215,0.33279890059551076,2.0,"{""nevents"": 378.0, ""ndays_act"": 36.0, ""nchapters"": 12.0}"
HarvardX,1,aligned,0,8825,MCCE,bounded+edit,MCCE_bounded+edit,1,OK,0.0,0.02692389488220215,0.33279890059551076,2.0,"{""nevents"": 378.0, ""ndays_act"": 36.0, ""nchapters"": 12.0}"
HarvardX,1,aligned,0,8912,NICE,native,NICE_native,1,OK,0.0,0.004729747772216797,0.14898018844588365,2.0,"{""nevents"": 13.0, ""ndays_act"": 8.0, ""nchapters"": 12.0}"
HarvardX,1,aligned,0,8912,NICE,bounded,NICE_bounded,1,OK,0.0,0.004729747772216797,0.14898018844588365,2.0,"{""nevents"": 13.0, ""ndays_act"": 8.0, ""nchapters"": 12.0}"
HarvardX,1,aligned,0,8912,NICE,bounded+edit,NICE_bounded+edit,1,OK,0.0,0.004729747772216797,0.14898018844588365,2.0,"{""nevents"": 13.0, ""ndays_act"": 8.0, ""nchapters"": 12.0}"
HarvardX,1,aligned,0,8912,MCCE,native,MCCE_native,1,OK,0.0,0.026200294494628906,0.1872540421417167,2.0,"{""nevents"": 17.0, ""ndays_act"": 10.0, ""nchapters"": 12.0}"
HarvardX,1,aligned,0,8912,MCCE,bounded,MCCE_bounded,1,OK,0.0,0.026200294494628906,0.1872540421417167,2.0,"{""nevents"": 17.0, ""ndays_act"": 10.0, ""nchapters"": 12.0}"
HarvardX,1,aligned,0,8912,MCCE,bounded+edit,MCCE_bounded+edit,1,OK,0.0,0.026200294494628906,0.1872540421417167,2.0,"{""nevents"": 17.0, ""ndays_act"": 10.0, ""nchapters"": 12.0}"
HarvardX,1,aligned,0,8965,NICE,native,NICE_native,0,out_of_bounds:nevents,0.0,0.0034618377685546875,0.18624161073825504,1.0,"{""nevents"": 22.0, ""ndays_act"": 10.0, ""nchapters"": 12.0}"
HarvardX,1,aligned,0,8965,NICE,bounded,NICE_bounded,0,classifier_target_not_met,0.0,0.0034618377685546875,0.0,0.0,"{""nevents"": 133.0, ""ndays_act"": 10.0, ""nchapters"": 12.0}"
HarvardX,1,aligned,0,8965,NICE,bounded+edit,NICE_bounded+edit,0,classifier_target_not_met,0.0,0.0034618377685546875,0.0,0.0,"{""nevents"": 133.0, ""ndays_act"": 10.0, ""nchapters"": 12.0}"
HarvardX,1,aligned,0,8965,MCCE,native,MCCE_native,0,out_of_bounds:nevents,0.0,0.026756763458251953,0.19463087248322147,1.0,"{""nevents"": 17.0, ""ndays_act"": 10.0, ""nchapters"": 12.0}"
HarvardX,1,aligned,0,8965,MCCE,bounded,MCCE_bounded,1,OK,0.0,0.026756763458251953,0.1977562837215423,2.0,"{""nevents"": 134.0, ""ndays_act"": 20.0, ""nchapters"": 12.0}"
HarvardX,1,aligned,0,8965,MCCE,bounded+edit,MCCE_bounded+edit,1,OK,0.0,0.026756763458251953,0.1977562837215423,2.0,"{""nevents"": 134.0, ""ndays_act"": 20.0, ""nchapters"": 12.0}"
HarvardX,1,aligned,0,9006,NICE,native,NICE_native,0,out_of_bounds:nevents,0.0,0.0034363269805908203,0.26929982046678635,1.0,"{""nevents"": 22.0, ""ndays_act"": 10.0, ""nchapters"": 12.0}"
HarvardX,1,aligned,0,9006,NICE,bounded,NICE_bounded,0,classifier_target_not_met,0.0,0.0034363269805908203,0.0,0.0,"{""nevents"": 172.0, ""ndays_act"": 10.0, ""nchapters"": 12.0}"
HarvardX,1,aligned,0,9006,NICE,bounded+edit,NICE_bounded+edit,0,classifier_target_not_met,0.0,0.0034363269805908203,0.0,0.0,"{""nevents"": 172.0, ""ndays_act"": 10.0, ""nchapters"": 12.0}"
HarvardX,1,aligned,0,9006,MCCE,native,MCCE_native,0,out_of_bounds:nevents,0.0,0.027303457260131836,0.27827648114901254,1.0,"{""nevents"": 17.0, ""ndays_act"": 10.0, ""nchapters"": 12.0}"
HarvardX,1,aligned,0,9006,MCCE,bounded,MCCE_bounded,1,OK,0.0,0.027303457260131836,0.37254901960784315,1.0,"{""nevents"": 172.0, ""ndays_act"": 29.0, ""nchapters"": 12.0}"
HarvardX,1,aligned,0,9006,MCCE,bounded+edit,MCCE_bounded+edit,1,OK,0.0,0.027303457260131836,0.37254901960784315,1.0,"{""nevents"": 172.0, ""ndays_act"": 29.0, ""nchapters"": 12.0}"
HarvardX,1,aligned,0,9065,NICE,native,NICE_native,1,OK,0.0,0.00503849983215332,0.14898018844588365,2.0,"{""nevents"": 13.0, ""ndays_act"": 8.0, ""nchapters"": 12.0}"
HarvardX,1,aligned,0,9065,NICE,bounded,NICE_bounded,1,OK,0.0,0.00503849983215332,0.14898018844588365,2.0,"{""nevents"": 13.0, ""ndays_act"": 8.0, ""nchapters"": 12.0}"
HarvardX,1,aligned,0,9065,NICE,bounded+edit,NICE_bounded+edit,1,OK,0.0,0.00503849983215332,0.14898018844588365,2.0,"{""nevents"": 13.0, ""ndays_act"": 8.0, ""nchapters"": 12.0}"
HarvardX,1,aligned,0,9065,MCCE,native,MCCE_native,1,OK,0.0,0.0281524658203125,0.1872540421417167,2.0,"{""nevents"": 17.0, ""ndays_act"": 10.0, ""nchapters"": 12.0}"
HarvardX,1,aligned,0,9065,MCCE,bounded,MCCE_bounded,1,OK,0.0,0.0281524658203125,0.1872540421417167,2.0,"{""nevents"": 17.0, ""ndays_act"": 10.0, ""nchapters"": 12.0}"
HarvardX,1,aligned,0,9065,MCCE,bounded+edit,MCCE_bounded+edit,1,OK,0.0,0.0281524658203125,0.1872540421417167,2.0,"{""nevents"": 17.0, ""ndays_act"": 10.0, ""nchapters"": 12.0}"
HarvardX,1,aligned,0,9118,NICE,native,NICE_native,0,out_of_bounds:nevents,0.0,0.004828691482543945,0.1158592212032458,2.0,"{""nevents"": 13.0, ""ndays_act"": 8.0, ""nchapters"": 12.0}"
HarvardX,1,aligned,0,9118,NICE,bounded,NICE_bounded,0,classifier_target_not_met,0.0,0.004828691482543945,0.1016949152542373,1.0,"{""nevents"": 23.0, ""ndays_act"": 8.0, ""nchapters"": 12.0}"
HarvardX,1,aligned,0,9118,NICE,bounded+edit,NICE_bounded+edit,0,classifier_target_not_met,0.0,0.004828691482543945,0.1016949152542373,1.0,"{""nevents"": 23.0, ""ndays_act"": 8.0, ""nchapters"": 12.0}"
HarvardX,1,aligned,0,9118,MCCE,native,MCCE_native,0,out_of_bounds:nevents,0.0,0.03061532974243164,0.14409180390838816,2.0,"{""nevents"": 17.0, ""ndays_act"": 10.0, ""nchapters"": 12.0}"
HarvardX,1,aligned,0,9118,MCCE,bounded,MCCE_bounded,1,OK,0.0,0.03061532974243164,0.16670667883036444,2.0,"{""nevents"": 33.0, ""ndays_act"": 11.0, ""nchapters"": 12.0}"
HarvardX,1,aligned,0,9118,MCCE,bounded+edit,MCCE_bounded+edit,1,OK,0.0,0.03061532974243164,0.16670667883036444,2.0,"{""nevents"": 33.0, ""ndays_act"": 11.0, ""nchapters"": 12.0}"
HarvardX,1,aligned,0,9146,NICE,native,NICE_native,1,OK,0.0,0.0048983097076416016,0.301046986721144,2.0,"{""nevents"": 76.0, ""ndays_act"": 18.0, ""nchapters"": 8.0}"
HarvardX,1,aligned,0,9146,NICE,bounded,NICE_bounded,1,OK,0.0,0.0048983097076416016,0.301046986721144,2.0,"{""nevents"": 76.0, ""ndays_act"": 18.0, ""nchapters"": 8.0}"
HarvardX,1,aligned,0,9146,NICE,bounded+edit,NICE_bounded+edit,1,OK,0.0,0.0048983097076416016,0.301046986721144,2.0,"{""nevents"": 76.0, ""ndays_act"": 18.0, ""nchapters"": 8.0}"
HarvardX,1,aligned,0,9146,MCCE,native,MCCE_native,1,OK,0.0,0.04359078407287598,0.30377936670071504,2.0,"{""nevents"": 65.0, ""ndays_act"": 19.0, ""nchapters"": 8.0}"
HarvardX,1,aligned,0,9146,MCCE,bounded,MCCE_bounded,1,OK,0.0,0.04359078407287598,0.30377936670071504,2.0,"{""nevents"": 65.0, ""ndays_act"": 19.0, ""nchapters"": 8.0}"
HarvardX,1,aligned,0,9146,MCCE,bounded+edit,MCCE_bounded+edit,1,OK,0.0,0.04359078407287598,0.30377936670071504,2.0,"{""nevents"": 65.0, ""ndays_act"": 19.0, ""nchapters"": 8.0}"
HarvardX,1,aligned,0,9159,NICE,native,NICE_native,0,out_of_bounds:nevents,0.0,0.0034949779510498047,0.32341269841269843,1.0,"{""nevents"": 62.0, ""ndays_act"": 14.0, ""nchapters"": 12.0}"
HarvardX,1,aligned,0,9159,NICE,bounded,NICE_bounded,0,classifier_target_not_met,0.0,0.0034949779510498047,0.0,0.0,"{""nevents"": 225.0, ""ndays_act"": 14.0, ""nchapters"": 12.0}"
HarvardX,1,aligned,0,9159,NICE,bounded+edit,NICE_bounded+edit,0,classifier_target_not_met,0.0,0.0034949779510498047,0.0,0.0,"{""nevents"": 225.0, ""ndays_act"": 14.0, ""nchapters"": 12.0}"
HarvardX,1,aligned,0,9159,MCCE,native,MCCE_native,0,out_of_bounds:nevents,0.0,0.027379751205444336,0.32341269841269843,1.0,"{""nevents"": 62.0, ""ndays_act"": 14.0, ""nchapters"": 12.0}"
HarvardX,1,aligned,0,9159,MCCE,bounded,MCCE_bounded,1,OK,0.0,0.027379751205444336,0.26975683890577506,2.0,"{""nevents"": 243.0, ""ndays_act"": 25.0, ""nchapters"": 12.0}"
HarvardX,1,aligned,0,9159,MCCE,bounded+edit,MCCE_bounded+edit,1,OK,0.0,0.027379751205444336,0.26975683890577506,2.0,"{""nevents"": 243.0, ""ndays_act"": 25.0, ""nchapters"": 12.0}"
HarvardX,1,aligned,0,9188,NICE,native,NICE_native,1,OK,0.0,0.005872249603271484,0.5310638714733542,3.0,"{""nevents"": 76.0, ""ndays_act"": 18.0, ""nchapters"": 8.0}"
HarvardX,1,aligned,0,9188,NICE,bounded,NICE_bounded,1,OK,0.0,0.005872249603271484,0.5310638714733542,3.0,"{""nevents"": 76.0, ""ndays_act"": 18.0, ""nchapters"": 8.0}"
HarvardX,1,aligned,0,9188,NICE,bounded+edit,NICE_bounded+edit,1,OK,0.0,0.005872249603271484,0.5310638714733542,3.0,"{""nevents"": 76.0, ""ndays_act"": 18.0, ""nchapters"": 8.0}"
HarvardX,1,aligned,0,9188,MCCE,native,MCCE_native,1,OK,0.0,0.04127955436706543,0.5326802507836991,3.0,"{""nevents"": 65.0, ""ndays_act"": 19.0, ""nchapters"": 8.0}"
HarvardX,1,aligned,0,9188,MCCE,bounded,MCCE_bounded,1,OK,0.0,0.04127955436706543,0.5326802507836991,3.0,"{""nevents"": 65.0, ""ndays_act"": 19.0, ""nchapters"": 8.0}"
HarvardX,1,aligned,0,9188,MCCE,bounded+edit,MCCE_bounded+edit,1,OK,0.0,0.04127955436706543,0.5326802507836991,3.0,"{""nevents"": 65.0, ""ndays_act"": 19.0, ""nchapters"": 8.0}"
HarvardX,1,aligned,0,9191,NICE,native,NICE_native,1,OK,0.0,0.0065419673919677734,0.5606198556122683,3.0,"{""nevents"": 76.0, ""ndays_act"": 18.0, ""nchapters"": 8.0}"
HarvardX,1,aligned,0,9191,NICE,bounded,NICE_bounded,1,OK,0.0,0.0065419673919677734,0.5606198556122683,3.0,"{""nevents"": 76.0, ""ndays_act"": 18.0, ""nchapters"": 8.0}"
HarvardX,1,aligned,0,9191,NICE,bounded+edit,NICE_bounded+edit,1,OK,0.0,0.0065419673919677734,0.5606198556122683,3.0,"{""nevents"": 76.0, ""ndays_act"": 18.0, ""nchapters"": 8.0}"
HarvardX,1,aligned,0,9191,MCCE,native,MCCE_native,0,out_of_bounds:nevents,0.0,0.042724609375,0.5772842231112337,3.0,"{""nevents"": 65.0, ""ndays_act"": 19.0, ""nchapters"": 8.0}"
HarvardX,1,aligned,0,9191,MCCE,bounded,MCCE_bounded,1,OK,0.0,0.042724609375,1.2062445394767094,3.0,"{""nevents"": 150.0, ""ndays_act"": 29.0, ""nchapters"": 10.0}"
HarvardX,1,aligned,0,9191,MCCE,bounded+edit,MCCE_bounded+edit,1,OK,0.0,0.042724609375,1.2062445394767094,3.0,"{""nevents"": 150.0, ""ndays_act"": 29.0, ""nchapters"": 10.0}"
HarvardX,1,aligned,0,9210,NICE,native,NICE_native,0,out_of_bounds:nevents,0.0,0.004709005355834961,0.1659914057704113,2.0,"{""nevents"": 120.0, ""ndays_act"": 18.0, ""nchapters"": 12.0}"
HarvardX,1,aligned,0,9210,NICE,bounded,NICE_bounded,0,classifier_target_not_met,0.0,0.004709005355834961,0.044444444444444446,1.0,"{""nevents"": 186.0, ""ndays_act"": 18.0, ""nchapters"": 12.0}"
HarvardX,1,aligned,0,9210,NICE,bounded+edit,NICE_bounded+edit,0,classifier_target_not_met,0.0,0.004709005355834961,0.044444444444444446,1.0,"{""nevents"": 186.0, ""ndays_act"": 18.0, ""nchapters"": 12.0}"
HarvardX,1,aligned,0,9210,MCCE,native,MCCE_native,0,out_of_bounds:nevents,0.0,0.026689767837524414,0.2559852670349908,1.0,"{""nevents"": 47.0, ""ndays_act"": 16.0, ""nchapters"": 12.0}"
HarvardX,1,aligned,0,9210,MCCE,bounded,MCCE_bounded,1,OK,0.0,0.026689767837524414,0.22209944751381216,2.0,"{""nevents"": 198.0, ""ndays_act"": 25.0, ""nchapters"": 12.0}"
HarvardX,1,aligned,0,9210,MCCE,bounded+edit,MCCE_bounded+edit,1,OK,0.0,0.026689767837524414,0.22209944751381216,2.0,"{""nevents"": 198.0, ""ndays_act"": 25.0, ""nchapters"": 12.0}"
HarvardX,1,aligned,0,9227,NICE,native,NICE_native,1,OK,0.0,0.004797697067260742,0.2415603900975244,2.0,"{""nevents"": 593.0, ""ndays_act"": 31.0, ""nchapters"": 12.0}"
HarvardX,1,aligned,0,9227,NICE,bounded,NICE_bounded,1,OK,0.0,0.004797697067260742,0.2415603900975244,2.0,"{""nevents"": 593.0, ""ndays_act"": 31.0, ""nchapters"": 12.0}"
HarvardX,1,aligned,0,9227,NICE,bounded+edit,NICE_bounded+edit,1,OK,0.0,0.004797697067260742,0.2415603900975244,2.0,"{""nevents"": 593.0, ""ndays_act"": 31.0, ""nchapters"": 12.0}"
HarvardX,1,aligned,0,9227,MCCE,native,MCCE_native,0,out_of_bounds:nevents,0.0,0.026582002639770508,2.0348837209302326,1.0,"{""nevents"": 207.0, ""ndays_act"": 30.0, ""nchapters"": 12.0}"
HarvardX,1,aligned,0,9227,MCCE,bounded,MCCE_bounded,1,OK,0.0,0.026582002639770508,0.5963990997749438,2.0,"{""nevents"": 593.0, ""ndays_act"": 42.0, ""nchapters"": 12.0}"
HarvardX,1,aligned,0,9227,MCCE,bounded+edit,MCCE_bounded+edit,1,OK,0.0,0.026582002639770508,0.5963990997749438,2.0,"{""nevents"": 593.0, ""ndays_act"": 42.0, ""nchapters"": 12.0}"
HarvardX,1,aligned,0,9241,NICE,native,NICE_native,1,OK,0.0,0.0058176517486572266,0.5461161387631975,3.0,"{""nevents"": 76.0, ""ndays_act"": 18.0, ""nchapters"": 8.0}"
HarvardX,1,aligned,0,9241,NICE,bounded,NICE_bounded,1,OK,0.0,0.0058176517486572266,0.5461161387631975,3.0,"{""nevents"": 76.0, ""ndays_act"": 18.0, ""nchapters"": 8.0}"
HarvardX,1,aligned,0,9241,NICE,bounded+edit,NICE_bounded+edit,1,OK,0.0,0.0058176517486572266,0.5461161387631975,3.0,"{""nevents"": 76.0, ""ndays_act"": 18.0, ""nchapters"": 8.0}"
HarvardX,1,aligned,0,9241,MCCE,native,MCCE_native,1,OK,0.0,0.04195761680603027,1.25,2.0,"{""nevents"": 49.0, ""ndays_act"": 22.0, ""nchapters"": 12.0}"
HarvardX,1,aligned,0,9241,MCCE,bounded,MCCE_bounded,1,OK,0.0,0.04195761680603027,1.25,2.0,"{""nevents"": 49.0, ""ndays_act"": 22.0, ""nchapters"": 12.0}"
HarvardX,1,aligned,0,9241,MCCE,bounded+edit,MCCE_bounded+edit,1,OK,0.0,0.04195761680603027,1.25,2.0,"{""nevents"": 49.0, ""ndays_act"": 22.0, ""nchapters"": 12.0}"
HarvardX,1,aligned,0,9268,NICE,native,NICE_native,0,out_of_bounds:nevents,0.0,0.0035974979400634766,0.11353032659409021,1.0,"{""nevents"": 13.0, ""ndays_act"": 8.0, ""nchapters"": 12.0}"
HarvardX,1,aligned,0,9268,NICE,bounded,NICE_bounded,0,classifier_target_not_met,0.0,0.0035974979400634766,0.0,0.0,"{""nevents"": 86.0, ""ndays_act"": 8.0, ""nchapters"": 12.0}"
HarvardX,1,aligned,0,9268,NICE,bounded+edit,NICE_bounded+edit,0,classifier_target_not_met,0.0,0.0035974979400634766,0.0,0.0,"{""nevents"": 86.0, ""ndays_act"": 8.0, ""nchapters"": 12.0}"
HarvardX,1,aligned,0,9268,MCCE,native,MCCE_native,0,out_of_bounds:nevents,0.0,0.026703596115112305,0.14504533583731916,2.0,"{""nevents"": 17.0, ""ndays_act"": 10.0, ""nchapters"": 12.0}"
HarvardX,1,aligned,0,9268,MCCE,bounded,MCCE_bounded,1,OK,0.0,0.026703596115112305,0.22465447929810148,2.0,"{""nevents"": 97.0, ""ndays_act"": 19.0, ""nchapters"": 12.0}"
HarvardX,1,aligned,0,9268,MCCE,bounded+edit,MCCE_bounded+edit,1,OK,0.0,0.026703596115112305,0.22465447929810148,2.0,"{""nevents"": 97.0, ""ndays_act"": 19.0, ""nchapters"": 12.0}"
HarvardX,1,aligned,0,9304,NICE,native,NICE_native,0,out_of_bounds:nevents,0.0,0.003482818603515625,0.14502529510961215,1.0,"{""nevents"": 50.0, ""ndays_act"": 12.0, ""nchapters"": 12.0}"
HarvardX,1,aligned,0,9304,NICE,bounded,NICE_bounded,0,classifier_target_not_met,0.0,0.003482818603515625,0.0,0.0,"{""nevents"": 136.0, ""ndays_act"": 12.0, ""nchapters"": 12.0}"
HarvardX,1,aligned,0,9304,NICE,bounded+edit,NICE_bounded+edit,0,classifier_target_not_met,0.0,0.003482818603515625,0.0,0.0,"{""nevents"": 136.0, ""ndays_act"": 12.0, ""nchapters"": 12.0}"
HarvardX,1,aligned,0,9304,MCCE,native,MCCE_native,0,out_of_bounds:nevents,0.0,0.02718520164489746,0.16020236087689713,1.0,"{""nevents"": 41.0, ""ndays_act"": 12.0, ""nchapters"": 12.0}"
HarvardX,1,aligned,0,9304,MCCE,bounded,MCCE_bounded,1,OK,0.0,0.02718520164489746,0.2904291564855284,2.0,"{""nevents"": 163.0, ""ndays_act"": 24.0, ""nchapters"": 12.0}"
HarvardX,1,aligned,0,9304,MCCE,bounded+edit,MCCE_bounded+edit,1,OK,0.0,0.02718520164489746,0.2904291564855284,2.0,"{""nevents"": 163.0, ""ndays_act"": 24.0, ""nchapters"": 12.0}"
HarvardX,1,aligned,0,9311,NICE,native,NICE_native,0,out_of_bounds:nevents,0.0,0.005113840103149414,0.06655345301633511,2.0,"{""nevents"": 9.0, ""ndays_act"": 8.0, ""nchapters"": 10.0}"
HarvardX,1,aligned,0,9311,NICE,bounded,NICE_bounded,0,classifier_target_not_met,0.0,0.005113840103149414,0.018518518518518517,1.0,"{""nevents"": 42.0, ""ndays_act"": 8.0, ""nchapters"": 10.0}"
HarvardX,1,aligned,0,9311,NICE,bounded+edit,NICE_bounded+edit,0,classifier_target_not_met,0.0,0.005113840103149414,0.018518518518518517,1.0,"{""nevents"": 42.0, ""ndays_act"": 8.0, ""nchapters"": 10.0}"
HarvardX,1,aligned,0,9311,MCCE,native,MCCE_native,1,OK,0.0,0.04380369186401367,0.16852660520782792,2.0,"{""nevents"": 56.0, ""ndays_act"": 15.0, ""nchapters"": 10.0}"
HarvardX,1,aligned,0,9311,MCCE,bounded,MCCE_bounded,1,OK,0.0,0.04380369186401367,0.16852660520782792,2.0,"{""nevents"": 56.0, ""ndays_act"": 15.0, ""nchapters"": 10.0}"
HarvardX,1,aligned,0,9311,MCCE,bounded+edit,MCCE_bounded+edit,1,OK,0.0,0.04380369186401367,0.16852660520782792,2.0,"{""nevents"": 56.0, ""ndays_act"": 15.0, ""nchapters"": 10.0}"
HarvardX,1,aligned,0,9313,NICE,native,NICE_native,1,OK,0.0,0.005879402160644531,0.7326677010951449,3.0,"{""nevents"": 76.0, ""ndays_act"": 18.0, ""nchapters"": 8.0}"
HarvardX,1,aligned,0,9313,NICE,bounded,NICE_bounded,1,OK,0.0,0.005879402160644531,0.7326677010951449,3.0,"{""nevents"": 76.0, ""ndays_act"": 18.0, ""nchapters"": 8.0}"
HarvardX,1,aligned,0,9313,NICE,bounded+edit,NICE_bounded+edit,1,OK,0.0,0.005879402160644531,0.7326677010951449,3.0,"{""nevents"": 76.0, ""ndays_act"": 18.0, ""nchapters"": 8.0}"
HarvardX,1,aligned,0,9313,MCCE,native,MCCE_native,1,OK,0.0,0.041835784912109375,0.7339719804807844,3.0,"{""nevents"": 65.0, ""ndays_act"": 19.0, ""nchapters"": 8.0}"
HarvardX,1,aligned,0,9313,MCCE,bounded,MCCE_bounded,1,OK,0.0,0.041835784912109375,0.7339719804807844,3.0,"{""nevents"": 65.0, ""ndays_act"": 19.0, ""nchapters"": 8.0}"
HarvardX,1,aligned,0,9313,MCCE,bounded+edit,MCCE_bounded+edit,1,OK,0.0,0.041835784912109375,0.7339719804807844,3.0,"{""nevents"": 65.0, ""ndays_act"": 19.0, ""nchapters"": 8.0}"
HarvardX,1,aligned,0,9360,NICE,native,NICE_native,0,immutable_changed:nevents,0.0,0.004055500030517578,0.0,0.0,"{""nevents"": 634.0, ""ndays_act"": 51.0, ""nchapters"": 11.0}"
HarvardX,1,aligned,0,9360,NICE,bounded,NICE_bounded,0,classifier_target_not_met,0.0,0.004055500030517578,0.0,0.0,"{""nevents"": 729.0, ""ndays_act"": 51.0, ""nchapters"": 11.0}"
HarvardX,1,aligned,0,9360,NICE,bounded+edit,NICE_bounded+edit,0,classifier_target_not_met,0.0,0.004055500030517578,0.0,0.0,"{""nevents"": 729.0, ""ndays_act"": 51.0, ""nchapters"": 11.0}"
HarvardX,1,aligned,0,9360,MCCE,native,MCCE_native,1,OK,0.0,0.05661511421203613,1.5,2.0,"{""nevents"": 729.0, ""ndays_act"": 56.0, ""nchapters"": 12.0}"
HarvardX,1,aligned,0,9360,MCCE,bounded,MCCE_bounded,1,OK,0.0,0.05661511421203613,1.5,2.0,"{""nevents"": 729.0, ""ndays_act"": 56.0, ""nchapters"": 12.0}"
HarvardX,1,aligned,0,9360,MCCE,bounded+edit,MCCE_bounded+edit,1,OK,0.0,0.05661511421203613,1.5,2.0,"{""nevents"": 729.0, ""ndays_act"": 56.0, ""nchapters"": 12.0}"
HarvardX,1,aligned,0,9374,NICE,native,NICE_native,0,out_of_bounds:nevents,0.0,0.00468134880065918,0.42290766208251473,2.0,"{""nevents"": 76.0, ""ndays_act"": 18.0, ""nchapters"": 8.0}"
HarvardX,1,aligned,0,9374,NICE,bounded,NICE_bounded,0,classifier_target_not_met,0.0,0.00468134880065918,0.14,1.0,"{""nevents"": 220.0, ""ndays_act"": 18.0, ""nchapters"": 8.0}"
HarvardX,1,aligned,0,9374,NICE,bounded+edit,NICE_bounded+edit,0,classifier_target_not_met,0.0,0.00468134880065918,0.14,1.0,"{""nevents"": 220.0, ""ndays_act"": 18.0, ""nchapters"": 8.0}"
HarvardX,1,aligned,0,9374,MCCE,native,MCCE_native,0,out_of_bounds:nevents,0.0,0.04058432579040527,0.46451866404715125,2.0,"{""nevents"": 65.0, ""ndays_act"": 19.0, ""nchapters"": 8.0}"
HarvardX,1,aligned,0,9374,MCCE,bounded,MCCE_bounded,1,OK,0.0,0.04058432579040527,1.28,2.0,"{""nevents"": 220.0, ""ndays_act"": 25.0, ""nchapters"": 12.0}"
HarvardX,1,aligned,0,9374,MCCE,bounded+edit,MCCE_bounded+edit,1,OK,0.0,0.04058432579040527,1.28,2.0,"{""nevents"": 220.0, ""ndays_act"": 25.0, ""nchapters"": 12.0}"
HarvardX,1,aligned,0,9407,NICE,native,NICE_native,1,OK,0.0,0.005642414093017578,0.6521171836533727,3.0,"{""nevents"": 76.0, ""ndays_act"": 18.0, ""nchapters"": 8.0}"
HarvardX,1,aligned,0,9407,NICE,bounded,NICE_bounded,1,OK,0.0,0.005642414093017578,0.6521171836533727,3.0,"{""nevents"": 76.0, ""ndays_act"": 18.0, ""nchapters"": 8.0}"
HarvardX,1,aligned,0,9407,NICE,bounded+edit,NICE_bounded+edit,1,OK,0.0,0.005642414093017578,0.6521171836533727,3.0,"{""nevents"": 76.0, ""ndays_act"": 18.0, ""nchapters"": 8.0}"
HarvardX,1,aligned,0,9407,MCCE,native,MCCE_native,1,OK,0.0,0.04046154022216797,0.9666666666666666,2.0,"{""nevents"": 52.0, ""ndays_act"": 19.0, ""nchapters"": 10.0}"
HarvardX,1,aligned,0,9407,MCCE,bounded,MCCE_bounded,1,OK,0.0,0.04046154022216797,0.9666666666666666,2.0,"{""nevents"": 52.0, ""ndays_act"": 19.0, ""nchapters"": 10.0}"
HarvardX,1,aligned,0,9407,MCCE,bounded+edit,MCCE_bounded+edit,1,OK,0.0,0.04046154022216797,0.9666666666666666,2.0,"{""nevents"": 52.0, ""ndays_act"": 19.0, ""nchapters"": 10.0}"
HarvardX,1,aligned,0,9414,NICE,native,NICE_native,0,out_of_bounds:nevents,0.0,0.0035605430603027344,0.10036496350364964,1.0,"{""nevents"": 126.0, ""ndays_act"": 22.0, ""nchapters"": 9.0}"
HarvardX,1,aligned,0,9414,NICE,bounded,NICE_bounded,0,classifier_target_not_met,0.0,0.0035605430603027344,0.0,0.0,"{""nevents"": 181.0, ""ndays_act"": 22.0, ""nchapters"": 9.0}"
HarvardX,1,aligned,0,9414,NICE,bounded+edit,NICE_bounded+edit,0,classifier_target_not_met,0.0,0.0035605430603027344,0.0,0.0,"{""nevents"": 181.0, ""ndays_act"": 22.0, ""nchapters"": 9.0}"
HarvardX,1,aligned,0,9414,MCCE,native,MCCE_native,0,out_of_bounds:nevents;out_of_bounds:ndays_act,0.0,0.040073394775390625,0.23549504023956577,2.0,"{""nevents"": 66.0, ""ndays_act"": 21.0, ""nchapters"": 9.0}"
HarvardX,1,aligned,0,9414,MCCE,bounded,MCCE_bounded,1,OK,0.0,0.040073394775390625,1.1025641025641026,2.0,"{""nevents"": 181.0, ""ndays_act"": 26.0, ""nchapters"": 12.0}"
HarvardX,1,aligned,0,9414,MCCE,bounded+edit,MCCE_bounded+edit,1,OK,0.0,0.040073394775390625,1.1025641025641026,2.0,"{""nevents"": 181.0, ""ndays_act"": 26.0, ""nchapters"": 12.0}"
HarvardX,1,aligned,0,9419,NICE,native,NICE_native,1,OK,0.0,0.005873203277587891,0.5557765151515152,3.0,"{""nevents"": 76.0, ""ndays_act"": 18.0, ""nchapters"": 8.0}"
HarvardX,1,aligned,0,9419,NICE,bounded,NICE_bounded,1,OK,0.0,0.005873203277587891,0.5557765151515152,3.0,"{""nevents"": 76.0, ""ndays_act"": 18.0, ""nchapters"": 8.0}"
HarvardX,1,aligned,0,9419,NICE,bounded+edit,NICE_bounded+edit,1,OK,0.0,0.005873203277587891,0.5557765151515152,3.0,"{""nevents"": 76.0, ""ndays_act"": 18.0, ""nchapters"": 8.0}"
HarvardX,1,aligned,0,9419,MCCE,native,MCCE_native,1,OK,0.0,0.04099392890930176,0.5568181818181819,3.0,"{""nevents"": 65.0, ""ndays_act"": 19.0, ""nchapters"": 8.0}"
HarvardX,1,aligned,0,9419,MCCE,bounded,MCCE_bounded,1,OK,0.0,0.04099392890930176,0.5568181818181819,3.0,"{""nevents"": 65.0, ""ndays_act"": 19.0, ""nchapters"": 8.0}"
HarvardX,1,aligned,0,9419,MCCE,bounded+edit,MCCE_bounded+edit,1,OK,0.0,0.04099392890930176,0.5568181818181819,3.0,"{""nevents"": 65.0, ""ndays_act"": 19.0, ""nchapters"": 8.0}"
HarvardX,1,aligned,0,9421,NICE,native,NICE_native,0,out_of_bounds:nevents,0.0,0.003518819808959961,0.3567251461988304,1.0,"{""nevents"": 33.0, ""ndays_act"": 11.0, ""nchapters"": 12.0}"
HarvardX,1,aligned,0,9421,NICE,bounded,NICE_bounded,0,classifier_target_not_met,0.0,0.003518819808959961,0.0,0.0,"{""nevents"": 216.0, ""ndays_act"": 11.0, ""nchapters"": 12.0}"
HarvardX,1,aligned,0,9421,NICE,bounded+edit,NICE_bounded+edit,0,classifier_target_not_met,0.0,0.003518819808959961,0.0,0.0,"{""nevents"": 216.0, ""ndays_act"": 11.0, ""nchapters"": 12.0}"
HarvardX,1,aligned,0,9421,MCCE,native,MCCE_native,0,out_of_bounds:nevents,0.0,0.026233196258544922,0.3567251461988304,1.0,"{""nevents"": 33.0, ""ndays_act"": 11.0, ""nchapters"": 12.0}"
HarvardX,1,aligned,0,9421,MCCE,bounded,MCCE_bounded,1,OK,0.0,0.026233196258544922,0.33263157894736844,2.0,"{""nevents"": 243.0, ""ndays_act"": 25.0, ""nchapters"": 12.0}"
HarvardX,1,aligned,0,9421,MCCE,bounded+edit,MCCE_bounded+edit,1,OK,0.0,0.026233196258544922,0.33263157894736844,2.0,"{""nevents"": 243.0, ""ndays_act"": 25.0, ""nchapters"": 12.0}"
HarvardX,1,aligned,0,9428,NICE,native,NICE_native,0,out_of_bounds:nevents,0.0,0.003914833068847656,0.22202166064981949,1.0,"{""nevents"": 52.0, ""ndays_act"": 13.0, ""nchapters"": 12.0}"
HarvardX,1,aligned,0,9428,NICE,bounded,NICE_bounded,0,classifier_target_not_met,0.0,0.003914833068847656,0.0,0.0,"{""nevents"": 175.0, ""ndays_act"": 13.0, ""nchapters"": 12.0}"
HarvardX,1,aligned,0,9428,NICE,bounded+edit,NICE_bounded+edit,0,classifier_target_not_met,0.0,0.003914833068847656,0.0,0.0,"{""nevents"": 175.0, ""ndays_act"": 13.0, ""nchapters"": 12.0}"
HarvardX,1,aligned,0,9428,MCCE,native,MCCE_native,0,out_of_bounds:nevents,0.0,0.026496410369873047,0.22202166064981949,1.0,"{""nevents"": 52.0, ""ndays_act"": 13.0, ""nchapters"": 12.0}"
HarvardX,1,aligned,0,9428,MCCE,bounded,MCCE_bounded,1,OK,0.0,0.026496410369873047,0.3333333333333333,1.0,"{""nevents"": 175.0, ""ndays_act"": 29.0, ""nchapters"": 12.0}"
HarvardX,1,aligned,0,9428,MCCE,bounded+edit,MCCE_bounded+edit,1,OK,0.0,0.026496410369873047,0.3333333333333333,1.0,"{""nevents"": 175.0, ""ndays_act"": 29.0, ""nchapters"": 12.0}"
HarvardX,1,aligned,0,9467,NICE,native,NICE_native,0,out_of_bounds:nevents,0.0,0.005835294723510742,0.935294282668462,3.0,"{""nevents"": 76.0, ""ndays_act"": 18.0, ""nchapters"": 8.0}"
HarvardX,1,aligned,0,9467,NICE,bounded,NICE_bounded,0,classifier_target_not_met,0.0,0.005835294723510742,0.5064102564102564,2.0,"{""nevents"": 272.0, ""ndays_act"": 18.0, ""nchapters"": 8.0}"
HarvardX,1,aligned,0,9467,NICE,bounded+edit,NICE_bounded+edit,0,classifier_target_not_met,0.0,0.005835294723510742,0.5064102564102564,2.0,"{""nevents"": 272.0, ""ndays_act"": 18.0, ""nchapters"": 8.0}"
HarvardX,1,aligned,0,9467,MCCE,native,MCCE_native,0,out_of_bounds:nevents,0.0,0.04103231430053711,0.9785950737810694,3.0,"{""nevents"": 65.0, ""ndays_act"": 19.0, ""nchapters"": 8.0}"
HarvardX,1,aligned,0,9467,MCCE,bounded,MCCE_bounded,1,OK,0.0,0.04103231430053711,1.3284660270437074,3.0,"{""nevents"": 302.0, ""ndays_act"": 40.0, ""nchapters"": 10.0}"
HarvardX,1,aligned,0,9467,MCCE,bounded+edit,MCCE_bounded+edit,1,OK,0.0,0.04103231430053711,1.3284660270437074,3.0,"{""nevents"": 302.0, ""ndays_act"": 40.0, ""nchapters"": 10.0}"
HarvardX,1,aligned,0,9491,NICE,native,NICE_native,0,out_of_bounds:nevents,0.0,0.0035037994384765625,0.717948717948718,1.0,"{""nevents"": 126.0, ""ndays_act"": 22.0, ""nchapters"": 9.0}"
HarvardX,1,aligned,0,9491,NICE,bounded,NICE_bounded,0,classifier_target_not_met,0.0,0.0035037994384765625,0.0,0.0,"{""nevents"": 378.0, ""ndays_act"": 22.0, ""nchapters"": 9.0}"
HarvardX,1,aligned,0,9491,NICE,bounded+edit,NICE_bounded+edit,0,classifier_target_not_met,0.0,0.0035037994384765625,0.0,0.0,"{""nevents"": 378.0, ""ndays_act"": 22.0, ""nchapters"": 9.0}"
HarvardX,1,aligned,0,9491,MCCE,native,MCCE_native,0,out_of_bounds:nevents;out_of_bounds:ndays_act,0.0,0.040976524353027344,0.9145299145299145,2.0,"{""nevents"": 66.0, ""ndays_act"": 21.0, ""nchapters"": 9.0}"
HarvardX,1,aligned,0,9491,MCCE,bounded,MCCE_bounded,1,OK,0.0,0.040976524353027344,1.2678062678062678,3.0,"{""nevents"": 472.0, ""ndays_act"": 48.0, ""nchapters"": 10.0}"
HarvardX,1,aligned,0,9491,MCCE,bounded+edit,MCCE_bounded+edit,1,OK,0.0,0.040976524353027344,1.2678062678062678,3.0,"{""nevents"": 472.0, ""ndays_act"": 48.0, ""nchapters"": 10.0}"
HarvardX,1,aligned,0,9503,NICE,native,NICE_native,0,out_of_bounds:nevents,0.0,0.004807949066162109,0.7968509984639017,2.0,"{""nevents"": 518.0, ""ndays_act"": 42.0, ""nchapters"": 11.0}"
HarvardX,1,aligned,0,9503,NICE,bounded,NICE_bounded,0,classifier_target_not_met,0.0,0.004807949066162109,0.09523809523809523,1.0,"{""nevents"": 605.0, ""ndays_act"": 42.0, ""nchapters"": 11.0}"
HarvardX,1,aligned,0,9503,NICE,bounded+edit,NICE_bounded+edit,0,classifier_target_not_met,0.0,0.004807949066162109,0.09523809523809523,1.0,"{""nevents"": 605.0, ""ndays_act"": 42.0, ""nchapters"": 11.0}"
HarvardX,1,aligned,0,9503,MCCE,native,MCCE_native,0,out_of_bounds:nevents,0.0,0.04190516471862793,0.8533026113671275,2.0,"{""nevents"": 511.0, ""ndays_act"": 42.0, ""nchapters"": 11.0}"
HarvardX,1,aligned,0,9503,MCCE,bounded,MCCE_bounded,1,OK,0.0,0.04190516471862793,2.1697388632872503,3.0,"{""nevents"": 691.0, ""ndays_act"": 50.0, ""nchapters"": 12.0}"
HarvardX,1,aligned,0,9503,MCCE,bounded+edit,MCCE_bounded+edit,1,OK,0.0,0.04190516471862793,2.1697388632872503,3.0,"{""nevents"": 691.0, ""ndays_act"": 50.0, ""nchapters"": 12.0}"
HarvardX,1,aligned,0,9505,NICE,native,NICE_native,0,out_of_bounds:nevents,0.0,0.0035605430603027344,0.4020100502512563,1.0,"{""nevents"": 171.0, ""ndays_act"": 39.0, ""nchapters"": 8.0}"
HarvardX,1,aligned,0,9505,NICE,bounded,NICE_bounded,0,classifier_target_not_met,0.0,0.0035605430603027344,0.0,0.0,"{""nevents"": 331.0, ""ndays_act"": 39.0, ""nchapters"": 8.0}"
HarvardX,1,aligned,0,9505,NICE,bounded+edit,NICE_bounded+edit,0,classifier_target_not_met,0.0,0.0035605430603027344,0.0,0.0,"{""nevents"": 331.0, ""ndays_act"": 39.0, ""nchapters"": 8.0}"
HarvardX,1,aligned,0,9505,MCCE,native,MCCE_native,0,out_of_bounds:nevents;out_of_bounds:ndays_act,0.0,0.04205822944641113,1.5774326176336226,2.0,"{""nevents"": 65.0, ""ndays_act"": 19.0, ""nchapters"": 8.0}"
HarvardX,1,aligned,0,9505,MCCE,bounded,MCCE_bounded,1,OK,0.0,0.04205822944641113,1.2633622658748287,3.0,"{""nevents"": 472.0, ""ndays_act"": 48.0, ""nchapters"": 10.0}"
HarvardX,1,aligned,0,9505,MCCE,bounded+edit,MCCE_bounded+edit,1,OK,0.0,0.04205822944641113,1.2633622658748287,3.0,"{""nevents"": 472.0, ""ndays_act"": 48.0, ""nchapters"": 10.0}"
HarvardX,1,aligned,0,9506,NICE,native,NICE_native,0,out_of_bounds:nevents,0.0,0.004665851593017578,0.1065126050420168,2.0,"{""nevents"": 13.0, ""ndays_act"": 8.0, ""nchapters"": 12.0}"
HarvardX,1,aligned,0,9506,NICE,bounded,NICE_bounded,0,classifier_target_not_met,0.0,0.004665851593017578,0.05357142857142857,1.0,"{""nevents"": 49.0, ""ndays_act"": 8.0, ""nchapters"": 12.0}"
HarvardX,1,aligned,0,9506,NICE,bounded+edit,NICE_bounded+edit,0,classifier_target_not_met,0.0,0.004665851593017578,0.05357142857142857,1.0,"{""nevents"": 49.0, ""ndays_act"": 8.0, ""nchapters"": 12.0}"
HarvardX,1,aligned,0,9506,MCCE,native,MCCE_native,0,out_of_bounds:nevents,0.0,0.02633523941040039,0.13634453781512607,2.0,"{""nevents"": 17.0, ""ndays_act"": 10.0, ""nchapters"": 12.0}"
HarvardX,1,aligned,0,9506,MCCE,bounded,MCCE_bounded,1,OK,0.0,0.02633523941040039,0.14726890756302521,2.0,"{""nevents"": 52.0, ""ndays_act"": 13.0, ""nchapters"": 12.0}"
HarvardX,1,aligned,0,9506,MCCE,bounded+edit,MCCE_bounded+edit,1,OK,0.0,0.02633523941040039,0.14726890756302521,2.0,"{""nevents"": 52.0, ""ndays_act"": 13.0, ""nchapters"": 12.0}"
HarvardX,1,aligned,0,9512,NICE,native,NICE_native,0,out_of_bounds:nevents,0.0,0.0046541690826416016,0.3531930333817126,2.0,"{""nevents"": 22.0, ""ndays_act"": 10.0, ""nchapters"": 12.0}"
HarvardX,1,aligned,0,9512,NICE,bounded,NICE_bounded,0,classifier_target_not_met,0.0,0.0046541690826416016,0.019230769230769232,1.0,"{""nevents"": 199.0, ""ndays_act"": 10.0, ""nchapters"": 12.0}"
HarvardX,1,aligned,0,9512,NICE,bounded+edit,NICE_bounded+edit,0,classifier_target_not_met,0.0,0.0046541690826416016,0.019230769230769232,1.0,"{""nevents"": 199.0, ""ndays_act"": 10.0, ""nchapters"": 12.0}"
HarvardX,1,aligned,0,9512,MCCE,native,MCCE_native,0,out_of_bounds:nevents,0.0,0.026304960250854492,0.36262699564586354,2.0,"{""nevents"": 17.0, ""ndays_act"": 10.0, ""nchapters"": 12.0}"
HarvardX,1,aligned,0,9512,MCCE,bounded,MCCE_bounded,1,OK,0.0,0.026304960250854492,0.390711175616836,2.0,"{""nevents"": 243.0, ""ndays_act"": 25.0, ""nchapters"": 12.0}"
HarvardX,1,aligned,0,9512,MCCE,bounded+edit,MCCE_bounded+edit,1,OK,0.0,0.026304960250854492,0.390711175616836,2.0,"{""nevents"": 243.0, ""ndays_act"": 25.0, ""nchapters"": 12.0}"
HarvardX,1,aligned,0,9531,NICE,native,NICE_native,1,OK,0.0,0.004650592803955078,0.3436296224961479,2.0,"{""nevents"": 76.0, ""ndays_act"": 18.0, ""nchapters"": 8.0}"
HarvardX,1,aligned,0,9531,NICE,bounded,NICE_bounded,1,OK,0.0,0.004650592803955078,0.3436296224961479,2.0,"{""nevents"": 76.0, ""ndays_act"": 18.0, ""nchapters"": 8.0}"
HarvardX,1,aligned,0,9531,NICE,bounded+edit,NICE_bounded+edit,1,OK,0.0,0.004650592803955078,0.3436296224961479,2.0,"{""nevents"": 76.0, ""ndays_act"": 18.0, ""nchapters"": 8.0}"
HarvardX,1,aligned,0,9531,MCCE,native,MCCE_native,1,OK,0.0,0.04138064384460449,0.3449537750385208,2.0,"{""nevents"": 65.0, ""ndays_act"": 19.0, ""nchapters"": 8.0}"
HarvardX,1,aligned,0,9531,MCCE,bounded,MCCE_bounded,1,OK,0.0,0.04138064384460449,0.3449537750385208,2.0,"{""nevents"": 65.0, ""ndays_act"": 19.0, ""nchapters"": 8.0}"
HarvardX,1,aligned,0,9531,MCCE,bounded+edit,MCCE_bounded+edit,1,OK,0.0,0.04138064384460449,0.3449537750385208,2.0,"{""nevents"": 65.0, ""ndays_act"": 19.0, ""nchapters"": 8.0}"
HarvardX,1,aligned,0,9536,NICE,native,NICE_native,0,out_of_bounds:nevents,0.0,0.005117654800415039,0.2298472075869336,2.0,"{""nevents"": 22.0, ""ndays_act"": 10.0, ""nchapters"": 12.0}"
HarvardX,1,aligned,0,9536,NICE,bounded,NICE_bounded,0,classifier_target_not_met,0.0,0.005117654800415039,0.019230769230769232,1.0,"{""nevents"": 145.0, ""ndays_act"": 10.0, ""nchapters"": 12.0}"
HarvardX,1,aligned,0,9536,NICE,bounded+edit,NICE_bounded+edit,0,classifier_target_not_met,0.0,0.005117654800415039,0.019230769230769232,1.0,"{""nevents"": 145.0, ""ndays_act"": 10.0, ""nchapters"": 12.0}"
HarvardX,1,aligned,0,9536,MCCE,native,MCCE_native,0,out_of_bounds:nevents,0.0,0.027534961700439453,0.23840885142255003,2.0,"{""nevents"": 17.0, ""ndays_act"": 10.0, ""nchapters"": 12.0}"
HarvardX,1,aligned,0,9536,MCCE,bounded,MCCE_bounded,1,OK,0.0,0.027534961700439453,0.3192834562697576,2.0,"{""nevents"": 163.0, ""ndays_act"": 24.0, ""nchapters"": 12.0}"
HarvardX,1,aligned,0,9536,MCCE,bounded+edit,MCCE_bounded+edit,1,OK,0.0,0.027534961700439453,0.3192834562697576,2.0,"{""nevents"": 163.0, ""ndays_act"": 24.0, ""nchapters"": 12.0}"
HarvardX,1,aligned,0,9570,NICE,native,NICE_native,0,out_of_bounds:nevents,0.0,0.0046901702880859375,0.25491371045062317,2.0,"{""nevents"": 13.0, ""ndays_act"": 8.0, ""nchapters"": 12.0}"
HarvardX,1,aligned,0,9570,NICE,bounded,NICE_bounded,0,classifier_target_not_met,0.0,0.0046901702880859375,0.05357142857142857,1.0,"{""nevents"": 133.0, ""ndays_act"": 8.0, ""nchapters"": 12.0}"
HarvardX,1,aligned,0,9570,NICE,bounded+edit,NICE_bounded+edit,0,classifier_target_not_met,0.0,0.0046901702880859375,0.05357142857142857,1.0,"{""nevents"": 133.0, ""ndays_act"": 8.0, ""nchapters"": 12.0}"
HarvardX,1,aligned,0,9570,MCCE,native,MCCE_native,0,out_of_bounds:nevents,0.0,0.026163339614868164,0.2839165867689358,2.0,"{""nevents"": 17.0, ""ndays_act"": 10.0, ""nchapters"": 12.0}"
HarvardX,1,aligned,0,9570,MCCE,bounded,MCCE_bounded,1,OK,0.0,0.026163339614868164,0.26953499520613616,2.0,"{""nevents"": 134.0, ""ndays_act"": 20.0, ""nchapters"": 12.0}"
HarvardX,1,aligned,0,9570,MCCE,bounded+edit,MCCE_bounded+edit,1,OK,0.0,0.026163339614868164,0.26953499520613616,2.0,"{""nevents"": 134.0, ""ndays_act"": 20.0, ""nchapters"": 12.0}"
HarvardX,1,aligned,0,9613,NICE,native,NICE_native,0,out_of_bounds:nevents,0.0,0.0035839080810546875,4.588235294117647,1.0,"{""nevents"": 634.0, ""ndays_act"": 53.0, ""nchapters"": 11.0}"
HarvardX,1,aligned,0,9613,NICE,bounded,NICE_bounded,0,classifier_target_not_met,0.0,0.0035839080810546875,0.0,0.0,"{""nevents"": 712.0, ""ndays_act"": 53.0, ""nchapters"": 11.0}"
HarvardX,1,aligned,0,9613,NICE,bounded+edit,NICE_bounded+edit,0,classifier_target_not_met,0.0,0.0035839080810546875,0.0,0.0,"{""nevents"": 712.0, ""ndays_act"": 53.0, ""nchapters"": 11.0}"
HarvardX,1,aligned,0,9613,MCCE,native,MCCE_native,0,out_of_bounds:nevents;out_of_bounds:ndays_act,0.0,0.037899017333984375,13.198529411764707,2.0,"{""nevents"": 511.0, ""ndays_act"": 42.0, ""nchapters"": 11.0}"
HarvardX,1,aligned,0,9613,MCCE,bounded,MCCE_bounded,0,no_candidate,,0.037899017333984375,,,
HarvardX,1,aligned,0,9613,MCCE,bounded+edit,MCCE_bounded+edit,0,no_candidate,,0.037899017333984375,,,
HarvardX,1,aligned,0,9641,NICE,native,NICE_native,0,out_of_bounds:nevents,0.0,0.005708217620849609,0.5771428571428572,3.0,"{""nevents"": 171.0, ""ndays_act"": 37.0, ""nchapters"": 8.0}"
HarvardX,1,aligned,0,9641,NICE,bounded,NICE_bounded,0,classifier_target_not_met,0.0,0.005708217620849609,0.5142857142857142,2.0,"{""nevents"": 204.0, ""ndays_act"": 37.0, ""nchapters"": 8.0}"
HarvardX,1,aligned,0,9641,NICE,bounded+edit,NICE_bounded+edit,0,classifier_target_not_met,0.0,0.005708217620849609,0.5142857142857142,2.0,"{""nevents"": 204.0, ""ndays_act"": 37.0, ""nchapters"": 8.0}"
HarvardX,1,aligned,0,9641,MCCE,native,MCCE_native,1,OK,0.0,0.04175758361816406,1.0076190476190476,2.0,"{""nevents"": 208.0, ""ndays_act"": 26.0, ""nchapters"": 12.0}"
HarvardX,1,aligned,0,9641,MCCE,bounded,MCCE_bounded,1,OK,0.0,0.04175758361816406,1.0076190476190476,2.0,"{""nevents"": 208.0, ""ndays_act"": 26.0, ""nchapters"": 12.0}"
HarvardX,1,aligned,0,9641,MCCE,bounded+edit,MCCE_bounded+edit,1,OK,0.0,0.04175758361816406,1.0076190476190476,2.0,"{""nevents"": 208.0, ""ndays_act"": 26.0, ""nchapters"": 12.0}"
HarvardX,1,aligned,0,9660,NICE,native,NICE_native,1,OK,0.0,0.006142377853393555,0.4753317171085217,3.0,"{""nevents"": 76.0, ""ndays_act"": 18.0, ""nchapters"": 8.0}"
HarvardX,1,aligned,0,9660,NICE,bounded,NICE_bounded,1,OK,0.0,0.006142377853393555,0.4753317171085217,3.0,"{""nevents"": 76.0, ""ndays_act"": 18.0, ""nchapters"": 8.0}"
HarvardX,1,aligned,0,9660,NICE,bounded+edit,NICE_bounded+edit,1,OK,0.0,0.006142377853393555,0.4753317171085217,3.0,"{""nevents"": 76.0, ""ndays_act"": 18.0, ""nchapters"": 8.0}"
HarvardX,1,aligned,0,9660,MCCE,native,MCCE_native,1,OK,0.0,0.04073786735534668,0.7929824561403509,2.0,"{""nevents"": 56.0, ""ndays_act"": 15.0, ""nchapters"": 10.0}"
HarvardX,1,aligned,0,9660,MCCE,bounded,MCCE_bounded,1,OK,0.0,0.04073786735534668,0.7929824561403509,2.0,"{""nevents"": 56.0, ""ndays_act"": 15.0, ""nchapters"": 10.0}"
HarvardX,1,aligned,0,9660,MCCE,bounded+edit,MCCE_bounded+edit,1,OK,0.0,0.04073786735534668,0.7929824561403509,2.0,"{""nevents"": 56.0, ""ndays_act"": 15.0, ""nchapters"": 10.0}"
HarvardX,1,aligned,0,9666,NICE,native,NICE_native,0,out_of_bounds:nevents,0.0,0.0034399032592773438,1.156549520766773,1.0,"{""nevents"": 54.0, ""ndays_act"": 19.0, ""nchapters"": 10.0}"
HarvardX,1,aligned,0,9666,NICE,bounded,NICE_bounded,0,classifier_target_not_met,0.0,0.0034399032592773438,0.0,0.0,"{""nevents"": 416.0, ""ndays_act"": 19.0, ""nchapters"": 10.0}"
HarvardX,1,aligned,0,9666,NICE,bounded+edit,NICE_bounded+edit,0,classifier_target_not_met,0.0,0.0034399032592773438,0.0,0.0,"{""nevents"": 416.0, ""ndays_act"": 19.0, ""nchapters"": 10.0}"
HarvardX,1,aligned,0,9666,MCCE,native,MCCE_native,0,out_of_bounds:nevents,0.0,0.040787458419799805,1.1629392971246006,1.0,"{""nevents"": 52.0, ""ndays_act"": 19.0, ""nchapters"": 10.0}"
HarvardX,1,aligned,0,9666,MCCE,bounded,MCCE_bounded,1,OK,0.0,0.040787458419799805,0.8693899284953598,2.0,"{""nevents"": 472.0, ""ndays_act"": 48.0, ""nchapters"": 10.0}"
HarvardX,1,aligned,0,9666,MCCE,bounded+edit,MCCE_bounded+edit,1,OK,0.0,0.040787458419799805,0.8693899284953598,2.0,"{""nevents"": 472.0, ""ndays_act"": 48.0, ""nchapters"": 10.0}"
HarvardX,1,aligned,0,9690,NICE,native,NICE_native,0,out_of_bounds:nevents,0.0,0.005078554153442383,0.12819829424307036,2.0,"{""nevents"": 9.0, ""ndays_act"": 8.0, ""nchapters"": 10.0}"
HarvardX,1,aligned,0,9690,NICE,bounded,NICE_bounded,0,classifier_target_not_met,0.0,0.005078554153442383,0.05357142857142857,1.0,"{""nevents"": 59.0, ""ndays_act"": 8.0, ""nchapters"": 10.0}"
HarvardX,1,aligned,0,9690,NICE,bounded+edit,NICE_bounded+edit,0,classifier_target_not_met,0.0,0.005078554153442383,0.05357142857142857,1.0,"{""nevents"": 59.0, ""ndays_act"": 8.0, ""nchapters"": 10.0}"
HarvardX,1,aligned,0,9690,MCCE,native,MCCE_native,0,out_of_bounds:nevents,0.0,0.04229617118835449,0.18304904051172707,2.0,"{""nevents"": 56.0, ""ndays_act"": 15.0, ""nchapters"": 10.0}"
HarvardX,1,aligned,0,9690,MCCE,bounded,MCCE_bounded,1,OK,0.0,0.04229617118835449,0.5643923240938166,2.0,"{""nevents"": 150.0, ""ndays_act"": 29.0, ""nchapters"": 10.0}"
HarvardX,1,aligned,0,9690,MCCE,bounded+edit,MCCE_bounded+edit,1,OK,0.0,0.04229617118835449,0.5643923240938166,2.0,"{""nevents"": 150.0, ""ndays_act"": 29.0, ""nchapters"": 10.0}"
HarvardX,1,aligned,0,9691,NICE,native,NICE_native,1,OK,0.0,0.005924701690673828,0.6670248445182507,3.0,"{""nevents"": 76.0, ""ndays_act"": 18.0, ""nchapters"": 8.0}"
HarvardX,1,aligned,0,9691,NICE,bounded,NICE_bounded,1,OK,0.0,0.005924701690673828,0.6670248445182507,3.0,"{""nevents"": 76.0, ""ndays_act"": 18.0, ""nchapters"": 8.0}"
HarvardX,1,aligned,0,9691,NICE,bounded+edit,NICE_bounded+edit,1,OK,0.0,0.005924701690673828,0.6670248445182507,3.0,"{""nevents"": 76.0, ""ndays_act"": 18.0, ""nchapters"": 8.0}"
HarvardX,1,aligned,0,9691,MCCE,native,MCCE_native,1,OK,0.0,0.04043698310852051,0.6686854872846862,3.0,"{""nevents"": 65.0, ""ndays_act"": 19.0, ""nchapters"": 8.0}"
HarvardX,1,aligned,0,9691,MCCE,bounded,MCCE_bounded,1,OK,0.0,0.04043698310852051,0.6686854872846862,3.0,"{""nevents"": 65.0, ""ndays_act"": 19.0, ""nchapters"": 8.0}"
HarvardX,1,aligned,0,9691,MCCE,bounded+edit,MCCE_bounded+edit,1,OK,0.0,0.04043698310852051,0.6686854872846862,3.0,"{""nevents"": 65.0, ""ndays_act"": 19.0, ""nchapters"": 8.0}"
HarvardX,1,aligned,0,9724,NICE,native,NICE_native,0,out_of_bounds:nevents,0.0,0.004598855972290039,0.17759026687598115,2.0,"{""nevents"": 13.0, ""ndays_act"": 8.0, ""nchapters"": 12.0}"
HarvardX,1,aligned,0,9724,NICE,bounded,NICE_bounded,0,classifier_target_not_met,0.0,0.004598855972290039,0.05357142857142857,1.0,"{""nevents"": 92.0, ""ndays_act"": 8.0, ""nchapters"": 12.0}"
HarvardX,1,aligned,0,9724,NICE,bounded+edit,NICE_bounded+edit,0,classifier_target_not_met,0.0,0.004598855972290039,0.05357142857142857,1.0,"{""nevents"": 92.0, ""ndays_act"": 8.0, ""nchapters"": 12.0}"
HarvardX,1,aligned,0,9724,MCCE,native,MCCE_native,0,out_of_bounds:nevents,0.0,0.026113510131835938,0.20702511773940346,2.0,"{""nevents"": 17.0, ""ndays_act"": 10.0, ""nchapters"": 12.0}"
HarvardX,1,aligned,0,9724,MCCE,bounded,MCCE_bounded,1,OK,0.0,0.026113510131835938,0.2578492935635793,2.0,"{""nevents"": 97.0, ""ndays_act"": 19.0, ""nchapters"": 12.0}"
HarvardX,1,aligned,0,9724,MCCE,bounded+edit,MCCE_bounded+edit,1,OK,0.0,0.026113510131835938,0.2578492935635793,2.0,"{""nevents"": 97.0, ""ndays_act"": 19.0, ""nchapters"": 12.0}"
HarvardX,1,aligned,0,9775,NICE,native,NICE_native,0,out_of_bounds:nevents,0.0,0.0058019161224365234,0.2497471025174138,2.0,"{""nevents"": 13.0, ""ndays_act"": 8.0, ""nchapters"": 12.0}"
HarvardX,1,aligned,0,9775,NICE,bounded,NICE_bounded,0,classifier_target_not_met,0.0,0.0058019161224365234,0.07017543859649122,1.0,"{""nevents"": 122.0, ""ndays_act"": 8.0, ""nchapters"": 12.0}"
HarvardX,1,aligned,0,9775,NICE,bounded+edit,NICE_bounded+edit,0,classifier_target_not_met,0.0,0.0058019161224365234,0.07017543859649122,1.0,"{""nevents"": 122.0, ""ndays_act"": 8.0, ""nchapters"": 12.0}"
HarvardX,1,aligned,0,9775,MCCE,native,MCCE_native,0,out_of_bounds:nevents,0.0,0.030917882919311523,0.278245035983699,2.0,"{""nevents"": 17.0, ""ndays_act"": 10.0, ""nchapters"": 12.0}"
HarvardX,1,aligned,0,9775,MCCE,bounded,MCCE_bounded,1,OK,0.0,0.030917882919311523,0.3004711118818463,2.0,"{""nevents"": 134.0, ""ndays_act"": 20.0, ""nchapters"": 12.0}"
HarvardX,1,aligned,0,9775,MCCE,bounded+edit,MCCE_bounded+edit,1,OK,0.0,0.030917882919311523,0.3004711118818463,2.0,"{""nevents"": 134.0, ""ndays_act"": 20.0, ""nchapters"": 12.0}"
HarvardX,1,aligned,0,9790,NICE,native,NICE_native,0,out_of_bounds:nevents,0.0,0.00520777702331543,1.831506420294394,2.0,"{""nevents"": 159.0, ""ndays_act"": 32.0, ""nchapters"": 9.0}"
HarvardX,1,aligned,0,9790,NICE,bounded,NICE_bounded,0,classifier_target_not_met,0.0,0.00520777702331543,0.06451612903225806,1.0,"{""nevents"": 523.0, ""ndays_act"": 32.0, ""nchapters"": 9.0}"
HarvardX,1,aligned,0,9790,NICE,bounded+edit,NICE_bounded+edit,0,classifier_target_not_met,0.0,0.00520777702331543,0.06451612903225806,1.0,"{""nevents"": 523.0, ""ndays_act"": 32.0, ""nchapters"": 9.0}"
HarvardX,1,aligned,0,9790,MCCE,native,MCCE_native,0,out_of_bounds:nevents;out_of_bounds:ndays_act,0.0,0.0676422119140625,2.508769182586909,2.0,"{""nevents"": 66.0, ""ndays_act"": 21.0, ""nchapters"": 9.0}"
HarvardX,1,aligned,0,9790,MCCE,bounded,MCCE_bounded,1,OK,0.0,0.0676422119140625,0.9108466436997598,3.0,"{""nevents"": 529.0, ""ndays_act"": 47.0, ""nchapters"": 10.0}"
HarvardX,1,aligned,0,9790,MCCE,bounded+edit,MCCE_bounded+edit,1,OK,0.0,0.0676422119140625,0.9108466436997598,3.0,"{""nevents"": 529.0, ""ndays_act"": 47.0, ""nchapters"": 10.0}"
HarvardX,1,aligned,0,9816,NICE,native,NICE_native,0,out_of_bounds:nevents,0.0,0.005873680114746094,0.29558541266794625,1.0,"{""nevents"": 54.0, ""ndays_act"": 18.0, ""nchapters"": 10.0}"
HarvardX,1,aligned,0,9816,NICE,bounded,NICE_bounded,0,classifier_target_not_met,0.0,0.005873680114746094,0.0,0.0,"{""nevents"": 208.0, ""ndays_act"": 18.0, ""nchapters"": 10.0}"
HarvardX,1,aligned,0,9816,NICE,bounded+edit,NICE_bounded+edit,0,classifier_target_not_met,0.0,0.005873680114746094,0.0,0.0,"{""nevents"": 208.0, ""ndays_act"": 18.0, ""nchapters"": 10.0}"
HarvardX,1,aligned,0,9816,MCCE,native,MCCE_native,0,out_of_bounds:nevents,0.0,0.07721877098083496,0.3226799982145248,2.0,"{""nevents"": 52.0, ""ndays_act"": 19.0, ""nchapters"": 10.0}"
HarvardX,1,aligned,0,9816,MCCE,bounded,MCCE_bounded,1,OK,0.0,0.07721877098083496,0.6920501718519841,2.0,"{""nevents"": 302.0, ""ndays_act"": 40.0, ""nchapters"": 10.0}"
HarvardX,1,aligned,0,9816,MCCE,bounded+edit,MCCE_bounded+edit,1,OK,0.0,0.07721877098083496,0.6920501718519841,2.0,"{""nevents"": 302.0, ""ndays_act"": 40.0, ""nchapters"": 10.0}"
HarvardX,1,aligned,0,9831,NICE,native,NICE_native,0,out_of_bounds:nevents;out_of_bounds:ndays_act,0.0,0.005866050720214844,1.298446417247939,3.0,"{""nevents"": 76.0, ""ndays_act"": 18.0, ""nchapters"": 8.0}"
HarvardX,1,aligned,0,9831,NICE,bounded,NICE_bounded,0,classifier_target_not_met,0.0,0.005866050720214844,0.2,1.0,"{""nevents"": 397.0, ""ndays_act"": 23.0, ""nchapters"": 8.0}"
HarvardX,1,aligned,0,9831,NICE,bounded+edit,NICE_bounded+edit,0,classifier_target_not_met,0.0,0.005866050720214844,0.2,1.0,"{""nevents"": 397.0, ""ndays_act"": 23.0, ""nchapters"": 8.0}"
HarvardX,1,aligned,0,9831,MCCE,native,MCCE_native,0,out_of_bounds:nevents,0.0,0.04086160659790039,1.9156626506024095,2.0,"{""nevents"": 93.0, ""ndays_act"": 23.0, ""nchapters"": 12.0}"
HarvardX,1,aligned,0,9831,MCCE,bounded,MCCE_bounded,1,OK,0.0,0.04086160659790039,1.4837983512999366,3.0,"{""nevents"": 472.0, ""ndays_act"": 48.0, ""nchapters"": 10.0}"
HarvardX,1,aligned,0,9831,MCCE,bounded+edit,MCCE_bounded+edit,1,OK,0.0,0.04086160659790039,1.4837983512999366,3.0,"{""nevents"": 472.0, ""ndays_act"": 48.0, ""nchapters"": 10.0}"
HarvardX,1,aligned,0,9837,NICE,native,NICE_native,1,OK,0.0,0.005786418914794922,0.7326677010951449,3.0,"{""nevents"": 76.0, ""ndays_act"": 18.0, ""nchapters"": 8.0}"
HarvardX,1,aligned,0,9837,NICE,bounded,NICE_bounded,1,OK,0.0,0.005786418914794922,0.7326677010951449,3.0,"{""nevents"": 76.0, ""ndays_act"": 18.0, ""nchapters"": 8.0}"
HarvardX,1,aligned,0,9837,NICE,bounded+edit,NICE_bounded+edit,1,OK,0.0,0.005786418914794922,0.7326677010951449,3.0,"{""nevents"": 76.0, ""ndays_act"": 18.0, ""nchapters"": 8.0}"
HarvardX,1,aligned,0,9837,MCCE,native,MCCE_native,1,OK,0.0,0.04009413719177246,0.7339719804807844,3.0,"{""nevents"": 65.0, ""ndays_act"": 19.0, ""nchapters"": 8.0}"
HarvardX,1,aligned,0,9837,MCCE,bounded,MCCE_bounded,1,OK,0.0,0.04009413719177246,0.7339719804807844,3.0,"{""nevents"": 65.0, ""ndays_act"": 19.0, ""nchapters"": 8.0}"
HarvardX,1,aligned,0,9837,MCCE,bounded+edit,MCCE_bounded+edit,1,OK,0.0,0.04009413719177246,0.7339719804807844,3.0,"{""nevents"": 65.0, ""ndays_act"": 19.0, ""nchapters"": 8.0}"
HarvardX,1,aligned,0,9885,NICE,native,NICE_native,0,out_of_bounds:nevents,0.0,0.0058519840240478516,0.773076923076923,3.0,"{""nevents"": 76.0, ""ndays_act"": 18.0, ""nchapters"": 8.0}"
HarvardX,1,aligned,0,9885,NICE,bounded,NICE_bounded,0,classifier_target_not_met,0.0,0.0058519840240478516,0.37777777777777777,2.0,"{""nevents"": 261.0, ""ndays_act"": 18.0, ""nchapters"": 8.0}"
HarvardX,1,aligned,0,9885,NICE,bounded+edit,NICE_bounded+edit,0,classifier_target_not_met,0.0,0.0058519840240478516,0.37777777777777777,2.0,"{""nevents"": 261.0, ""ndays_act"": 18.0, ""nchapters"": 8.0}"
HarvardX,1,aligned,0,9885,MCCE,native,MCCE_native,0,out_of_bounds:nevents,0.0,0.10124063491821289,1.420940170940171,2.0,"{""nevents"": 64.0, ""ndays_act"": 16.0, ""nchapters"": 12.0}"
HarvardX,1,aligned,0,9885,MCCE,bounded,MCCE_bounded,1,OK,0.0,0.10124063491821289,1.2876068376068375,3.0,"{""nevents"": 302.0, ""ndays_act"": 40.0, ""nchapters"": 10.0}"
HarvardX,1,aligned,0,9885,MCCE,bounded+edit,MCCE_bounded+edit,1,OK,0.0,0.10124063491821289,1.2876068376068375,3.0,"{""nevents"": 302.0, ""ndays_act"": 40.0, ""nchapters"": 10.0}"
HarvardX,1,aligned,0,9889,NICE,native,NICE_native,1,OK,0.0,0.005834102630615234,0.5163407473752302,3.0,"{""nevents"": 76.0, ""ndays_act"": 18.0, ""nchapters"": 8.0}"
HarvardX,1,aligned,0,9889,NICE,bounded,NICE_bounded,1,OK,0.0,0.005834102630615234,0.5163407473752302,3.0,"{""nevents"": 76.0, ""ndays_act"": 18.0, ""nchapters"": 8.0}"
HarvardX,1,aligned,0,9889,NICE,bounded+edit,NICE_bounded+edit,1,OK,0.0,0.005834102630615234,0.5163407473752302,3.0,"{""nevents"": 76.0, ""ndays_act"": 18.0, ""nchapters"": 8.0}"
HarvardX,1,aligned,0,9889,MCCE,native,MCCE_native,1,OK,0.0,0.04235553741455078,0.5177091108125591,3.0,"{""nevents"": 65.0, ""ndays_act"": 19.0, ""nchapters"": 8.0}"
HarvardX,1,aligned,0,9889,MCCE,bounded,MCCE_bounded,1,OK,0.0,0.04235553741455078,0.5177091108125591,3.0,"{""nevents"": 65.0, ""ndays_act"": 19.0, ""nchapters"": 8.0}"
HarvardX,1,aligned,0,9889,MCCE,bounded+edit,MCCE_bounded+edit,1,OK,0.0,0.04235553741455078,0.5177091108125591,3.0,"{""nevents"": 65.0, ""ndays_act"": 19.0, ""nchapters"": 8.0}"
HarvardX,1,aligned,0,9890,NICE,native,NICE_native,0,out_of_bounds:nevents,0.0,0.004762887954711914,0.26446178235056417,2.0,"{""nevents"": 76.0, ""ndays_act"": 18.0, ""nchapters"": 8.0}"
HarvardX,1,aligned,0,9890,NICE,bounded,NICE_bounded,0,classifier_target_not_met,0.0,0.004762887954711914,0.18867924528301888,1.0,"{""nevents"": 122.0, ""ndays_act"": 18.0, ""nchapters"": 8.0}"
HarvardX,1,aligned,0,9890,NICE,bounded+edit,NICE_bounded+edit,0,classifier_target_not_met,0.0,0.004762887954711914,0.18867924528301888,1.0,"{""nevents"": 122.0, ""ndays_act"": 18.0, ""nchapters"": 8.0}"
HarvardX,1,aligned,0,9890,MCCE,native,MCCE_native,0,out_of_bounds:nevents,0.0,0.041408538818359375,0.30145161791675734,2.0,"{""nevents"": 65.0, ""ndays_act"": 19.0, ""nchapters"": 8.0}"
HarvardX,1,aligned,0,9890,MCCE,bounded,MCCE_bounded,1,OK,0.0,0.041408538818359375,0.9423549159180629,3.0,"{""nevents"": 150.0, ""ndays_act"": 29.0, ""nchapters"": 10.0}"
HarvardX,1,aligned,0,9890,MCCE,bounded+edit,MCCE_bounded+edit,1,OK,0.0,0.041408538818359375,0.9423549159180629,3.0,"{""nevents"": 150.0, ""ndays_act"": 29.0, ""nchapters"": 10.0}"
HarvardX,1,aligned,0,9921,NICE,native,NICE_native,0,out_of_bounds:nevents,0.0,0.004667997360229492,0.35029354207436403,2.0,"{""nevents"": 76.0, ""ndays_act"": 18.0, ""nchapters"": 8.0}"
HarvardX,1,aligned,0,9921,NICE,bounded,NICE_bounded,0,classifier_target_not_met,0.0,0.004667997360229492,0.23214285714285715,1.0,"{""nevents"": 145.0, ""ndays_act"": 18.0, ""nchapters"": 8.0}"
HarvardX,1,aligned,0,9921,NICE,bounded+edit,NICE_bounded+edit,0,classifier_target_not_met,0.0,0.004667997360229492,0.23214285714285715,1.0,"{""nevents"": 145.0, ""ndays_act"": 18.0, ""nchapters"": 8.0}"
HarvardX,1,aligned,0,9921,MCCE,native,MCCE_native,0,out_of_bounds:nevents,0.0,0.040378570556640625,0.386986301369863,2.0,"{""nevents"": 65.0, ""ndays_act"": 19.0, ""nchapters"": 8.0}"
HarvardX,1,aligned,0,9921,MCCE,bounded,MCCE_bounded,1,OK,0.0,0.040378570556640625,0.937133072407045,3.0,"{""nevents"": 150.0, ""ndays_act"": 29.0, ""nchapters"": 10.0}"
HarvardX,1,aligned,0,9921,MCCE,bounded+edit,MCCE_bounded+edit,1,OK,0.0,0.040378570556640625,0.937133072407045,3.0,"{""nevents"": 150.0, ""ndays_act"": 29.0, ""nchapters"": 10.0}"
HarvardX,1,aligned,0,9979,NICE,native,NICE_native,1,OK,0.0,0.0035390853881835938,0.21739130434782608,1.0,"{""nevents"": 788.0, ""ndays_act"": 43.0, ""nchapters"": 12.0}"
HarvardX,1,aligned,0,9979,NICE,bounded,NICE_bounded,1,OK,0.0,0.0035390853881835938,0.21739130434782608,1.0,"{""nevents"": 788.0, ""ndays_act"": 43.0, ""nchapters"": 12.0}"
HarvardX,1,aligned,0,9979,NICE,bounded+edit,NICE_bounded+edit,1,OK,0.0,0.0035390853881835938,0.21739130434782608,1.0,"{""nevents"": 788.0, ""ndays_act"": 43.0, ""nchapters"": 12.0}"
HarvardX,1,aligned,0,9979,MCCE,native,MCCE_native,1,OK,0.0,0.022548913955688477,0.6086956521739131,1.0,"{""nevents"": 788.0, ""ndays_act"": 52.0, ""nchapters"": 12.0}"
HarvardX,1,aligned,0,9979,MCCE,bounded,MCCE_bounded,1,OK,0.0,0.022548913955688477,0.6086956521739131,1.0,"{""nevents"": 788.0, ""ndays_act"": 52.0, ""nchapters"": 12.0}"
HarvardX,1,aligned,0,9979,MCCE,bounded+edit,MCCE_bounded+edit,1,OK,0.0,0.022548913955688477,0.6086956521739131,1.0,"{""nevents"": 788.0, ""ndays_act"": 52.0, ""nchapters"": 12.0}"
HarvardX,1,aligned,0,10012,NICE,native,NICE_native,1,OK,0.0,0.005896329879760742,0.6808988404893759,3.0,"{""nevents"": 76.0, ""ndays_act"": 18.0, ""nchapters"": 8.0}"
HarvardX,1,aligned,0,10012,NICE,bounded,NICE_bounded,1,OK,0.0,0.005896329879760742,0.6808988404893759,3.0,"{""nevents"": 76.0, ""ndays_act"": 18.0, ""nchapters"": 8.0}"
HarvardX,1,aligned,0,10012,NICE,bounded+edit,NICE_bounded+edit,1,OK,0.0,0.005896329879760742,0.6808988404893759,3.0,"{""nevents"": 76.0, ""ndays_act"": 18.0, ""nchapters"": 8.0}"
HarvardX,1,aligned,0,10012,MCCE,native,MCCE_native,1,OK,0.0,0.041741132736206055,1.1355932203389831,2.0,"{""nevents"": 22.0, ""ndays_act"": 10.0, ""nchapters"": 12.0}"
HarvardX,1,aligned,0,10012,MCCE,bounded,MCCE_bounded,1,OK,0.0,0.041741132736206055,1.1355932203389831,2.0,"{""nevents"": 22.0, ""ndays_act"": 10.0, ""nchapters"": 12.0}"
HarvardX,1,aligned,0,10012,MCCE,bounded+edit,MCCE_bounded+edit,1,OK,0.0,0.041741132736206055,1.1355932203389831,2.0,"{""nevents"": 22.0, ""ndays_act"": 10.0, ""nchapters"": 12.0}"
HarvardX,1,aligned,0,10023,NICE,native,NICE_native,0,out_of_bounds:nevents,0.0,0.0035812854766845703,0.1383399209486166,1.0,"{""nevents"": 153.0, ""ndays_act"": 22.0, ""nchapters"": 12.0}"
HarvardX,1,aligned,0,10023,NICE,bounded,NICE_bounded,0,classifier_target_not_met,0.0,0.0035812854766845703,0.0,0.0,"{""nevents"": 223.0, ""ndays_act"": 22.0, ""nchapters"": 12.0}"
HarvardX,1,aligned,0,10023,NICE,bounded+edit,NICE_bounded+edit,0,classifier_target_not_met,0.0,0.0035812854766845703,0.0,0.0,"{""nevents"": 223.0, ""ndays_act"": 22.0, ""nchapters"": 12.0}"
HarvardX,1,aligned,0,10023,MCCE,native,MCCE_native,0,out_of_bounds:nevents,0.0,0.02790236473083496,0.2865612648221344,1.0,"{""nevents"": 78.0, ""ndays_act"": 22.0, ""nchapters"": 12.0}"
HarvardX,1,aligned,0,10023,MCCE,bounded,MCCE_bounded,1,OK,0.0,0.02790236473083496,0.11644876862268166,2.0,"{""nevents"": 243.0, ""ndays_act"": 25.0, ""nchapters"": 12.0}"
HarvardX,1,aligned,0,10023,MCCE,bounded+edit,MCCE_bounded+edit,1,OK,0.0,0.02790236473083496,0.11644876862268166,2.0,"{""nevents"": 243.0, ""ndays_act"": 25.0, ""nchapters"": 12.0}"
HarvardX,1,aligned,0,10055,NICE,native,NICE_native,0,out_of_bounds:nevents,0.0,0.0035681724548339844,0.532258064516129,1.0,"{""nevents"": 159.0, ""ndays_act"": 32.0, ""nchapters"": 9.0}"
HarvardX,1,aligned,0,10055,NICE,bounded,NICE_bounded,0,classifier_target_not_met,0.0,0.0035681724548339844,0.0,0.0,"{""nevents"": 357.0, ""ndays_act"": 32.0, ""nchapters"": 9.0}"
HarvardX,1,aligned,0,10055,NICE,bounded+edit,NICE_bounded+edit,0,classifier_target_not_met,0.0,0.0035681724548339844,0.0,0.0,"{""nevents"": 357.0, ""ndays_act"": 32.0, ""nchapters"": 9.0}"
HarvardX,1,aligned,0,10055,MCCE,native,MCCE_native,0,out_of_bounds:nevents;out_of_bounds:ndays_act,0.0,0.04240727424621582,1.1615684093437153,2.0,"{""nevents"": 66.0, ""ndays_act"": 21.0, ""nchapters"": 9.0}"
HarvardX,1,aligned,0,10055,MCCE,bounded,MCCE_bounded,1,OK,0.0,0.04240727424621582,1.1941972562106042,3.0,"{""nevents"": 472.0, ""ndays_act"": 48.0, ""nchapters"": 10.0}"
HarvardX,1,aligned,0,10055,MCCE,bounded+edit,MCCE_bounded+edit,1,OK,0.0,0.04240727424621582,1.1941972562106042,3.0,"{""nevents"": 472.0, ""ndays_act"": 48.0, ""nchapters"": 10.0}"
HarvardX,1,aligned,0,10087,NICE,native,NICE_native,0,out_of_bounds:nevents,0.0,0.005754232406616211,0.511190696241528,3.0,"{""nevents"": 76.0, ""ndays_act"": 18.0, ""nchapters"": 8.0}"
HarvardX,1,aligned,0,10087,NICE,bounded,NICE_bounded,0,classifier_target_not_met,0.0,0.005754232406616211,0.3041666666666667,2.0,"{""nevents"": 188.0, ""ndays_act"": 18.0, ""nchapters"": 8.0}"
HarvardX,1,aligned,0,10087,NICE,bounded+edit,NICE_bounded+edit,0,classifier_target_not_met,0.0,0.005754232406616211,0.3041666666666667,2.0,"{""nevents"": 188.0, ""ndays_act"": 18.0, ""nchapters"": 8.0}"
HarvardX,1,aligned,0,10087,MCCE,native,MCCE_native,1,OK,0.0,0.04139852523803711,1.3333333333333333,2.0,"{""nevents"": 188.0, ""ndays_act"": 29.0, ""nchapters"": 12.0}"
HarvardX,1,aligned,0,10087,MCCE,bounded,MCCE_bounded,1,OK,0.0,0.04139852523803711,1.3333333333333333,2.0,"{""nevents"": 188.0, ""ndays_act"": 29.0, ""nchapters"": 12.0}"
HarvardX,1,aligned,0,10087,MCCE,bounded+edit,MCCE_bounded+edit,1,OK,0.0,0.04139852523803711,1.3333333333333333,2.0,"{""nevents"": 188.0, ""ndays_act"": 29.0, ""nchapters"": 12.0}"
HarvardX,1,aligned,0,10107,NICE,native,NICE_native,0,out_of_bounds:nevents,0.0,0.014630556106567383,0.4580171358629131,3.0,"{""nevents"": 76.0, ""ndays_act"": 18.0, ""nchapters"": 8.0}"
HarvardX,1,aligned,0,10107,NICE,bounded,NICE_bounded,0,classifier_target_not_met,0.0,0.014630556106567383,0.4456140350877193,2.0,"{""nevents"": 84.0, ""ndays_act"": 18.0, ""nchapters"": 8.0}"
HarvardX,1,aligned,0,10107,NICE,bounded+edit,NICE_bounded+edit,0,classifier_target_not_met,0.0,0.014630556106567383,0.4456140350877193,2.0,"{""nevents"": 84.0, ""ndays_act"": 18.0, ""nchapters"": 8.0}"
HarvardX,1,aligned,0,10107,MCCE,native,MCCE_native,0,out_of_bounds:nevents,0.0,0.04086780548095703,0.49261525907792736,3.0,"{""nevents"": 65.0, ""ndays_act"": 19.0, ""nchapters"": 8.0}"
HarvardX,1,aligned,0,10107,MCCE,bounded,MCCE_bounded,1,OK,0.0,0.04086780548095703,1.140922072623419,3.0,"{""nevents"": 150.0, ""ndays_act"": 29.0, ""nchapters"": 10.0}"
HarvardX,1,aligned,0,10107,MCCE,bounded+edit,MCCE_bounded+edit,1,OK,0.0,0.04086780548095703,1.140922072623419,3.0,"{""nevents"": 150.0, ""ndays_act"": 29.0, ""nchapters"": 10.0}"
HarvardX,1,aligned,0,10112,NICE,native,NICE_native,0,out_of_bounds:nevents,0.0,0.004565238952636719,0.7599374021909233,2.0,"{""nevents"": 120.0, ""ndays_act"": 18.0, ""nchapters"": 12.0}"
HarvardX,1,aligned,0,10112,NICE,bounded,NICE_bounded,0,classifier_target_not_met,0.0,0.004565238952636719,0.044444444444444446,1.0,"{""nevents"": 374.0, ""ndays_act"": 18.0, ""nchapters"": 12.0}"
HarvardX,1,aligned,0,10112,NICE,bounded+edit,NICE_bounded+edit,0,classifier_target_not_met,0.0,0.004565238952636719,0.044444444444444446,1.0,"{""nevents"": 374.0, ""ndays_act"": 18.0, ""nchapters"": 12.0}"
HarvardX,1,aligned,0,10112,MCCE,native,MCCE_native,0,out_of_bounds:nevents,0.0,0.029115915298461914,0.9211267605633803,1.0,"{""nevents"": 47.0, ""ndays_act"": 16.0, ""nchapters"": 12.0}"
HarvardX,1,aligned,0,10112,MCCE,bounded,MCCE_bounded,1,OK,0.0,0.029115915298461914,0.8597809076682316,2.0,"{""nevents"": 624.0, ""ndays_act"": 23.0, ""nchapters"": 12.0}"
HarvardX,1,aligned,0,10112,MCCE,bounded+edit,MCCE_bounded+edit,1,OK,0.0,0.029115915298461914,0.8597809076682316,2.0,"{""nevents"": 624.0, ""ndays_act"": 23.0, ""nchapters"": 12.0}"
HarvardX,1,aligned,0,10129,NICE,native,NICE_native,0,out_of_bounds:nevents,0.0,0.0034918785095214844,0.059130434782608696,1.0,"{""nevents"": 120.0, ""ndays_act"": 18.0, ""nchapters"": 12.0}"
HarvardX,1,aligned,0,10129,NICE,bounded,NICE_bounded,0,classifier_target_not_met,0.0,0.0034918785095214844,0.0,0.0,"{""nevents"": 154.0, ""ndays_act"": 18.0, ""nchapters"": 12.0}"
HarvardX,1,aligned,0,10129,NICE,bounded+edit,NICE_bounded+edit,0,classifier_target_not_met,0.0,0.0034918785095214844,0.0,0.0,"{""nevents"": 154.0, ""ndays_act"": 18.0, ""nchapters"": 12.0}"
HarvardX,1,aligned,0,10129,MCCE,native,MCCE_native,0,out_of_bounds:nevents,0.0,0.025645971298217773,0.21391304347826087,1.0,"{""nevents"": 31.0, ""ndays_act"": 18.0, ""nchapters"": 12.0}"
HarvardX,1,aligned,0,10129,MCCE,bounded,MCCE_bounded,1,OK,0.0,0.025645971298217773,0.15518705763397372,2.0,"{""nevents"": 163.0, ""ndays_act"": 24.0, ""nchapters"": 12.0}"
HarvardX,1,aligned,0,10129,MCCE,bounded+edit,MCCE_bounded+edit,1,OK,0.0,0.025645971298217773,0.15518705763397372,2.0,"{""nevents"": 163.0, ""ndays_act"": 24.0, ""nchapters"": 12.0}"
HarvardX,1,aligned,0,10201,NICE,native,NICE_native,1,OK,0.0,0.0035011768341064453,0.2,1.0,"{""nevents"": 30.0, ""ndays_act"": 13.0, ""nchapters"": 11.0}"
HarvardX,1,aligned,0,10201,NICE,bounded,NICE_bounded,1,OK,0.0,0.0035011768341064453,0.2,1.0,"{""nevents"": 30.0, ""ndays_act"": 13.0, ""nchapters"": 11.0}"
HarvardX,1,aligned,0,10201,NICE,bounded+edit,NICE_bounded+edit,1,OK,0.0,0.0035011768341064453,0.2,1.0,"{""nevents"": 30.0, ""ndays_act"": 13.0, ""nchapters"": 11.0}"
HarvardX,1,aligned,0,10201,MCCE,native,MCCE_native,1,OK,0.0,0.04070901870727539,0.6421316165951358,2.0,"{""nevents"": 141.0, ""ndays_act"": 30.0, ""nchapters"": 11.0}"
HarvardX,1,aligned,0,10201,MCCE,bounded,MCCE_bounded,1,OK,0.0,0.04070901870727539,0.6421316165951358,2.0,"{""nevents"": 141.0, ""ndays_act"": 30.0, ""nchapters"": 11.0}"
HarvardX,1,aligned,0,10201,MCCE,bounded+edit,MCCE_bounded+edit,1,OK,0.0,0.04070901870727539,0.6421316165951358,2.0,"{""nevents"": 141.0, ""ndays_act"": 30.0, ""nchapters"": 11.0}"
HarvardX,1,aligned,0,10223,NICE,native,NICE_native,0,out_of_bounds:nevents,0.0,0.003632783889770508,0.48218029350104824,1.0,"{""nevents"": 22.0, ""ndays_act"": 10.0, ""nchapters"": 12.0}"
HarvardX,1,aligned,0,10223,NICE,bounded,NICE_bounded,0,classifier_target_not_met,0.0,0.003632783889770508,0.0,0.0,"{""nevents"": 252.0, ""ndays_act"": 10.0, ""nchapters"": 12.0}"
HarvardX,1,aligned,0,10223,NICE,bounded+edit,NICE_bounded+edit,0,classifier_target_not_met,0.0,0.003632783889770508,0.0,0.0,"{""nevents"": 252.0, ""ndays_act"": 10.0, ""nchapters"": 12.0}"
HarvardX,1,aligned,0,10223,MCCE,native,MCCE_native,0,out_of_bounds:nevents,0.0,0.02558732032775879,0.49266247379454925,1.0,"{""nevents"": 17.0, ""ndays_act"": 10.0, ""nchapters"": 12.0}"
HarvardX,1,aligned,0,10223,MCCE,bounded,MCCE_bounded,1,OK,0.0,0.02558732032775879,0.30250339129362436,2.0,"{""nevents"": 256.0, ""ndays_act"": 25.0, ""nchapters"": 12.0}"
HarvardX,1,aligned,0,10223,MCCE,bounded+edit,MCCE_bounded+edit,1,OK,0.0,0.02558732032775879,0.30250339129362436,2.0,"{""nevents"": 256.0, ""ndays_act"": 25.0, ""nchapters"": 12.0}"
HarvardX,1,aligned,0,10253,NICE,native,NICE_native,0,out_of_bounds:nevents,0.0,0.005975961685180664,0.8909471480900053,3.0,"{""nevents"": 76.0, ""ndays_act"": 18.0, ""nchapters"": 8.0}"
HarvardX,1,aligned,0,10253,NICE,bounded,NICE_bounded,0,classifier_target_not_met,0.0,0.005975961685180664,0.45578231292517,2.0,"{""nevents"": 274.0, ""ndays_act"": 18.0, ""nchapters"": 8.0}"
HarvardX,1,aligned,0,10253,NICE,bounded+edit,NICE_bounded+edit,0,classifier_target_not_met,0.0,0.005975961685180664,0.45578231292517,2.0,"{""nevents"": 274.0, ""ndays_act"": 18.0, ""nchapters"": 8.0}"
HarvardX,1,aligned,0,10253,MCCE,native,MCCE_native,0,out_of_bounds:nevents,0.0,0.046247005462646484,1.512087912087912,2.0,"{""nevents"": 41.0, ""ndays_act"": 12.0, ""nchapters"": 12.0}"
HarvardX,1,aligned,0,10253,MCCE,bounded,MCCE_bounded,1,OK,0.0,0.046247005462646484,1.2996336996336995,3.0,"{""nevents"": 302.0, ""ndays_act"": 40.0, ""nchapters"": 10.0}"
HarvardX,1,aligned,0,10253,MCCE,bounded+edit,MCCE_bounded+edit,1,OK,0.0,0.046247005462646484,1.2996336996336995,3.0,"{""nevents"": 302.0, ""ndays_act"": 40.0, ""nchapters"": 10.0}"
HarvardX,1,aligned,0,10276,NICE,native,NICE_native,1,OK,0.0,0.00402522087097168,0.02702702702702703,1.0,"{""nevents"": 233.0, ""ndays_act"": 25.0, ""nchapters"": 12.0}"
HarvardX,1,aligned,0,10276,NICE,bounded,NICE_bounded,1,OK,0.0,0.00402522087097168,0.02702702702702703,1.0,"{""nevents"": 233.0, ""ndays_act"": 25.0, ""nchapters"": 12.0}"
HarvardX,1,aligned,0,10276,NICE,bounded+edit,NICE_bounded+edit,1,OK,0.0,0.00402522087097168,0.02702702702702703,1.0,"{""nevents"": 233.0, ""ndays_act"": 25.0, ""nchapters"": 12.0}"
HarvardX,1,aligned,0,10276,MCCE,native,MCCE_native,0,out_of_bounds:nevents,0.0,0.03424072265625,0.10685483870967742,1.0,"{""nevents"": 180.0, ""ndays_act"": 24.0, ""nchapters"": 12.0}"
HarvardX,1,aligned,0,10276,MCCE,bounded,MCCE_bounded,1,OK,0.0,0.03424072265625,0.43243243243243246,1.0,"{""nevents"": 233.0, ""ndays_act"": 40.0, ""nchapters"": 12.0}"
HarvardX,1,aligned,0,10276,MCCE,bounded+edit,MCCE_bounded+edit,1,OK,0.0,0.03424072265625,0.43243243243243246,1.0,"{""nevents"": 233.0, ""ndays_act"": 40.0, ""nchapters"": 12.0}"
HarvardX,1,aligned,0,10351,NICE,native,NICE_native,0,out_of_bounds:nevents,0.0,0.008108377456665039,0.14694763729246488,2.0,"{""nevents"": 13.0, ""ndays_act"": 8.0, ""nchapters"": 12.0}"
HarvardX,1,aligned,0,10351,NICE,bounded,NICE_bounded,0,classifier_target_not_met,0.0,0.008108377456665039,0.08620689655172414,1.0,"{""nevents"": 54.0, ""ndays_act"": 8.0, ""nchapters"": 12.0}"
HarvardX,1,aligned,0,10351,NICE,bounded+edit,NICE_bounded+edit,0,classifier_target_not_met,0.0,0.008108377456665039,0.08620689655172414,1.0,"{""nevents"": 54.0, ""ndays_act"": 8.0, ""nchapters"": 12.0}"
HarvardX,1,aligned,0,10351,MCCE,native,MCCE_native,0,out_of_bounds:nevents,0.0,0.02715778350830078,0.17550446998722863,2.0,"{""nevents"": 17.0, ""ndays_act"": 10.0, ""nchapters"": 12.0}"
HarvardX,1,aligned,0,10351,MCCE,bounded,MCCE_bounded,1,OK,0.0,0.02715778350830078,0.20150702426564496,2.0,"{""nevents"": 62.0, ""ndays_act"": 14.0, ""nchapters"": 12.0}"
HarvardX,1,aligned,0,10351,MCCE,bounded+edit,MCCE_bounded+edit,1,OK,0.0,0.02715778350830078,0.20150702426564496,2.0,"{""nevents"": 62.0, ""ndays_act"": 14.0, ""nchapters"": 12.0}"
HarvardX,1,aligned,0,10362,NICE,native,NICE_native,0,out_of_bounds:nevents,0.0,0.0035414695739746094,0.09245742092457421,1.0,"{""nevents"": 280.0, ""ndays_act"": 30.0, ""nchapters"": 10.0}"
HarvardX,1,aligned,0,10362,NICE,bounded,NICE_bounded,0,classifier_target_not_met,0.0,0.0035414695739746094,0.0,0.0,"{""nevents"": 318.0, ""ndays_act"": 30.0, ""nchapters"": 10.0}"
HarvardX,1,aligned,0,10362,NICE,bounded+edit,NICE_bounded+edit,0,classifier_target_not_met,0.0,0.0035414695739746094,0.0,0.0,"{""nevents"": 318.0, ""ndays_act"": 30.0, ""nchapters"": 10.0}"
HarvardX,1,aligned,0,10362,MCCE,native,MCCE_native,0,out_of_bounds:nevents;out_of_bounds:ndays_act,0.0,0.04143261909484863,0.4410171886037203,2.0,"{""nevents"": 150.0, ""ndays_act"": 29.0, ""nchapters"": 10.0}"
HarvardX,1,aligned,0,10362,MCCE,bounded,MCCE_bounded,1,OK,0.0,0.04143261909484863,0.9553410250372812,2.0,"{""nevents"": 472.0, ""ndays_act"": 48.0, ""nchapters"": 10.0}"
HarvardX,1,aligned,0,10362,MCCE,bounded+edit,MCCE_bounded+edit,1,OK,0.0,0.04143261909484863,0.9553410250372812,2.0,"{""nevents"": 472.0, ""ndays_act"": 48.0, ""nchapters"": 10.0}"
HarvardX,1,aligned,0,10376,NICE,native,NICE_native,0,out_of_bounds:nevents,0.0,0.005852937698364258,0.35397515527950313,3.0,"{""nevents"": 76.0, ""ndays_act"": 18.0, ""nchapters"": 8.0}"
HarvardX,1,aligned,0,10376,NICE,bounded,NICE_bounded,0,classifier_target_not_met,0.0,0.005852937698364258,0.34,2.0,"{""nevents"": 85.0, ""ndays_act"": 18.0, ""nchapters"": 8.0}"
HarvardX,1,aligned,0,10376,NICE,bounded+edit,NICE_bounded+edit,0,classifier_target_not_met,0.0,0.005852937698364258,0.34,2.0,"{""nevents"": 85.0, ""ndays_act"": 18.0, ""nchapters"": 8.0}"
HarvardX,1,aligned,0,10376,MCCE,native,MCCE_native,0,out_of_bounds:nevents,0.0,0.04135584831237793,0.39105590062111806,3.0,"{""nevents"": 65.0, ""ndays_act"": 19.0, ""nchapters"": 8.0}"
HarvardX,1,aligned,0,10376,MCCE,bounded,MCCE_bounded,1,OK,0.0,0.04135584831237793,1.0609316770186334,3.0,"{""nevents"": 150.0, ""ndays_act"": 29.0, ""nchapters"": 10.0}"
HarvardX,1,aligned,0,10376,MCCE,bounded+edit,MCCE_bounded+edit,1,OK,0.0,0.04135584831237793,1.0609316770186334,3.0,"{""nevents"": 150.0, ""ndays_act"": 29.0, ""nchapters"": 10.0}"
HarvardX,1,aligned,0,10412,NICE,native,NICE_native,0,out_of_bounds:nevents,0.0,0.003542184829711914,0.18053097345132743,1.0,"{""nevents"": 62.0, ""ndays_act"": 14.0, ""nchapters"": 12.0}"
HarvardX,1,aligned,0,10412,NICE,bounded,NICE_bounded,0,classifier_target_not_met,0.0,0.003542184829711914,0.0,0.0,"{""nevents"": 164.0, ""ndays_act"": 14.0, ""nchapters"": 12.0}"
HarvardX,1,aligned,0,10412,NICE,bounded+edit,NICE_bounded+edit,0,classifier_target_not_met,0.0,0.003542184829711914,0.0,0.0,"{""nevents"": 164.0, ""ndays_act"": 14.0, ""nchapters"": 12.0}"
HarvardX,1,aligned,0,10412,MCCE,native,MCCE_native,0,out_of_bounds:nevents,0.0,0.025808095932006836,0.18053097345132743,1.0,"{""nevents"": 62.0, ""ndays_act"": 14.0, ""nchapters"": 12.0}"
HarvardX,1,aligned,0,10412,MCCE,bounded,MCCE_bounded,1,OK,0.0,0.025808095932006836,0.2216155149689324,2.0,"{""nevents"": 169.0, ""ndays_act"": 24.0, ""nchapters"": 12.0}"
HarvardX,1,aligned,0,10412,MCCE,bounded+edit,MCCE_bounded+edit,1,OK,0.0,0.025808095932006836,0.2216155149689324,2.0,"{""nevents"": 169.0, ""ndays_act"": 24.0, ""nchapters"": 12.0}"
HarvardX,1,aligned,0,10443,NICE,native,NICE_native,1,OK,0.0,0.006203174591064453,0.5674848059841047,3.0,"{""nevents"": 76.0, ""ndays_act"": 18.0, ""nchapters"": 8.0}"
HarvardX,1,aligned,0,10443,NICE,bounded,NICE_bounded,1,OK,0.0,0.006203174591064453,0.5674848059841047,3.0,"{""nevents"": 76.0, ""ndays_act"": 18.0, ""nchapters"": 8.0}"
HarvardX,1,aligned,0,10443,NICE,bounded+edit,NICE_bounded+edit,1,OK,0.0,0.006203174591064453,0.5674848059841047,3.0,"{""nevents"": 76.0, ""ndays_act"": 18.0, ""nchapters"": 8.0}"
HarvardX,1,aligned,0,10443,MCCE,native,MCCE_native,1,OK,0.0,0.04380178451538086,0.5687237026647967,3.0,"{""nevents"": 65.0, ""ndays_act"": 19.0, ""nchapters"": 8.0}"
HarvardX,1,aligned,0,10443,MCCE,bounded,MCCE_bounded,1,OK,0.0,0.04380178451538086,0.5687237026647967,3.0,"{""nevents"": 65.0, ""ndays_act"": 19.0, ""nchapters"": 8.0}"
HarvardX,1,aligned,0,10443,MCCE,bounded+edit,MCCE_bounded+edit,1,OK,0.0,0.04380178451538086,0.5687237026647967,3.0,"{""nevents"": 65.0, ""ndays_act"": 19.0, ""nchapters"": 8.0}"
HarvardX,1,aligned,0,10444,NICE,native,NICE_native,0,out_of_bounds:nevents,0.0,0.0048980712890625,0.14215734299990204,2.0,"{""nevents"": 9.0, ""ndays_act"": 8.0, ""nchapters"": 10.0}"
HarvardX,1,aligned,0,10444,NICE,bounded,NICE_bounded,0,classifier_target_not_met,0.0,0.0048980712890625,0.1016949152542373,1.0,"{""nevents"": 37.0, ""ndays_act"": 8.0, ""nchapters"": 10.0}"
HarvardX,1,aligned,0,10444,NICE,bounded+edit,NICE_bounded+edit,0,classifier_target_not_met,0.0,0.0048980712890625,0.1016949152542373,1.0,"{""nevents"": 37.0, ""ndays_act"": 8.0, ""nchapters"": 10.0}"
HarvardX,1,aligned,0,10444,MCCE,native,MCCE_native,1,OK,0.0,0.041741132736206055,0.24779563044969138,2.0,"{""nevents"": 56.0, ""ndays_act"": 15.0, ""nchapters"": 10.0}"
HarvardX,1,aligned,0,10444,MCCE,bounded,MCCE_bounded,1,OK,0.0,0.041741132736206055,0.24779563044969138,2.0,"{""nevents"": 56.0, ""ndays_act"": 15.0, ""nchapters"": 10.0}"
HarvardX,1,aligned,0,10444,MCCE,bounded+edit,MCCE_bounded+edit,1,OK,0.0,0.041741132736206055,0.24779563044969138,2.0,"{""nevents"": 56.0, ""ndays_act"": 15.0, ""nchapters"": 10.0}"
HarvardX,1,aligned,0,10478,NICE,native,NICE_native,0,out_of_bounds:nevents,0.0,0.005127906799316406,0.297979797979798,2.0,"{""nevents"": 24.0, ""ndays_act"": 13.0, ""nchapters"": 11.0}"
HarvardX,1,aligned,0,10478,NICE,bounded,NICE_bounded,0,classifier_target_not_met,0.0,0.005127906799316406,0.1111111111111111,1.0,"{""nevents"": 135.0, ""ndays_act"": 13.0, ""nchapters"": 11.0}"
HarvardX,1,aligned,0,10478,NICE,bounded+edit,NICE_bounded+edit,0,classifier_target_not_met,0.0,0.005127906799316406,0.1111111111111111,1.0,"{""nevents"": 135.0, ""ndays_act"": 13.0, ""nchapters"": 11.0}"
HarvardX,1,aligned,0,10478,MCCE,native,MCCE_native,1,OK,0.0,0.0421137809753418,0.43602693602693604,2.0,"{""nevents"": 141.0, ""ndays_act"": 30.0, ""nchapters"": 11.0}"
HarvardX,1,aligned,0,10478,MCCE,bounded,MCCE_bounded,1,OK,0.0,0.0421137809753418,0.43602693602693604,2.0,"{""nevents"": 141.0, ""ndays_act"": 30.0, ""nchapters"": 11.0}"
HarvardX,1,aligned,0,10478,MCCE,bounded+edit,MCCE_bounded+edit,1,OK,0.0,0.0421137809753418,0.43602693602693604,2.0,"{""nevents"": 141.0, ""ndays_act"": 30.0, ""nchapters"": 11.0}"
HarvardX,1,aligned,0,10503,NICE,native,NICE_native,0,out_of_bounds:nevents,0.0,0.0047931671142578125,0.2535429319995236,2.0,"{""nevents"": 76.0, ""ndays_act"": 18.0, ""nchapters"": 8.0}"
HarvardX,1,aligned,0,10503,NICE,bounded,NICE_bounded,0,classifier_target_not_met,0.0,0.0047931671142578125,0.2037037037037037,1.0,"{""nevents"": 107.0, ""ndays_act"": 18.0, ""nchapters"": 8.0}"
HarvardX,1,aligned,0,10503,NICE,bounded+edit,NICE_bounded+edit,0,classifier_target_not_met,0.0,0.0047931671142578125,0.2037037037037037,1.0,"{""nevents"": 107.0, ""ndays_act"": 18.0, ""nchapters"": 8.0}"
HarvardX,1,aligned,0,10503,MCCE,native,MCCE_native,0,out_of_bounds:nevents,0.0,0.04159116744995117,0.2897463379778492,2.0,"{""nevents"": 65.0, ""ndays_act"": 19.0, ""nchapters"": 8.0}"
HarvardX,1,aligned,0,10503,MCCE,bounded,MCCE_bounded,1,OK,0.0,0.04159116744995117,0.9765392402048351,3.0,"{""nevents"": 150.0, ""ndays_act"": 29.0, ""nchapters"": 10.0}"
HarvardX,1,aligned,0,10503,MCCE,bounded+edit,MCCE_bounded+edit,1,OK,0.0,0.04159116744995117,0.9765392402048351,3.0,"{""nevents"": 150.0, ""ndays_act"": 29.0, ""nchapters"": 10.0}"
HarvardX,1,aligned,0,10526,NICE,native,NICE_native,0,out_of_bounds:nevents,0.0,0.004565000534057617,0.26660418619181503,2.0,"{""nevents"": 13.0, ""ndays_act"": 8.0, ""nchapters"": 12.0}"
HarvardX,1,aligned,0,10526,NICE,bounded,NICE_bounded,0,classifier_target_not_met,0.0,0.004565000534057617,0.03636363636363636,1.0,"{""nevents"": 147.0, ""ndays_act"": 8.0, ""nchapters"": 12.0}"
HarvardX,1,aligned,0,10526,NICE,bounded+edit,NICE_bounded+edit,0,classifier_target_not_met,0.0,0.004565000534057617,0.03636363636363636,1.0,"{""nevents"": 147.0, ""ndays_act"": 8.0, ""nchapters"": 12.0}"
HarvardX,1,aligned,0,10526,MCCE,native,MCCE_native,0,out_of_bounds:nevents,0.0,0.026462554931640625,0.29609497032177445,2.0,"{""nevents"": 17.0, ""ndays_act"": 10.0, ""nchapters"": 12.0}"
HarvardX,1,aligned,0,10526,MCCE,bounded,MCCE_bounded,1,OK,0.0,0.026462554931640625,0.3547641362074352,2.0,"{""nevents"": 163.0, ""ndays_act"": 24.0, ""nchapters"": 12.0}"
HarvardX,1,aligned,0,10526,MCCE,bounded+edit,MCCE_bounded+edit,1,OK,0.0,0.026462554931640625,0.3547641362074352,2.0,"{""nevents"": 163.0, ""ndays_act"": 24.0, ""nchapters"": 12.0}"
HarvardX,1,aligned,0,10578,NICE,native,NICE_native,0,out_of_bounds:nevents,0.0,0.004718303680419922,0.5125017172688556,2.0,"{""nevents"": 13.0, ""ndays_act"": 8.0, ""nchapters"": 12.0}"
HarvardX,1,aligned,0,10578,NICE,bounded,NICE_bounded,0,classifier_target_not_met,0.0,0.004718303680419922,0.08620689655172414,1.0,"{""nevents"": 227.0, ""ndays_act"": 8.0, ""nchapters"": 12.0}"
HarvardX,1,aligned,0,10578,NICE,bounded+edit,NICE_bounded+edit,0,classifier_target_not_met,0.0,0.004718303680419922,0.08620689655172414,1.0,"{""nevents"": 227.0, ""ndays_act"": 8.0, ""nchapters"": 12.0}"
HarvardX,1,aligned,0,10578,MCCE,native,MCCE_native,0,out_of_bounds:nevents,0.0,0.030271291732788086,0.5390163483995054,2.0,"{""nevents"": 17.0, ""ndays_act"": 10.0, ""nchapters"": 12.0}"
HarvardX,1,aligned,0,10578,MCCE,bounded,MCCE_bounded,1,OK,0.0,0.030271291732788086,0.4111828547877455,2.0,"{""nevents"": 243.0, ""ndays_act"": 25.0, ""nchapters"": 12.0}"
HarvardX,1,aligned,0,10578,MCCE,bounded+edit,MCCE_bounded+edit,1,OK,0.0,0.030271291732788086,0.4111828547877455,2.0,"{""nevents"": 243.0, ""ndays_act"": 25.0, ""nchapters"": 12.0}"
HarvardX,1,aligned,0,10581,NICE,native,NICE_native,0,out_of_bounds:nevents,0.0,0.004675626754760742,0.17380439465747521,2.0,"{""nevents"": 9.0, ""ndays_act"": 8.0, ""nchapters"": 10.0}"
HarvardX,1,aligned,0,10581,NICE,bounded,NICE_bounded,0,classifier_target_not_met,0.0,0.004675626754760742,0.03636363636363636,1.0,"{""nevents"": 96.0, ""ndays_act"": 8.0, ""nchapters"": 10.0}"
HarvardX,1,aligned,0,10581,NICE,bounded+edit,NICE_bounded+edit,0,classifier_target_not_met,0.0,0.004675626754760742,0.03636363636363636,1.0,"{""nevents"": 96.0, ""ndays_act"": 8.0, ""nchapters"": 10.0}"
HarvardX,1,aligned,0,10581,MCCE,native,MCCE_native,0,out_of_bounds:nevents,0.0,0.0422818660736084,0.22682751687491023,2.0,"{""nevents"": 56.0, ""ndays_act"": 15.0, ""nchapters"": 10.0}"
HarvardX,1,aligned,0,10581,MCCE,bounded,MCCE_bounded,1,OK,0.0,0.0422818660736084,0.5034898750538561,2.0,"{""nevents"": 150.0, ""ndays_act"": 29.0, ""nchapters"": 10.0}"
HarvardX,1,aligned,0,10581,MCCE,bounded+edit,MCCE_bounded+edit,1,OK,0.0,0.0422818660736084,0.5034898750538561,2.0,"{""nevents"": 150.0, ""ndays_act"": 29.0, ""nchapters"": 10.0}"
HarvardX,1,aligned,0,10603,NICE,native,NICE_native,1,OK,0.0,0.006096601486206055,0.6756435293455811,3.0,"{""nevents"": 76.0, ""ndays_act"": 18.0, ""nchapters"": 8.0}"
HarvardX,1,aligned,0,10603,NICE,bounded,NICE_bounded,1,OK,0.0,0.006096601486206055,0.6756435293455811,3.0,"{""nevents"": 76.0, ""ndays_act"": 18.0, ""nchapters"": 8.0}"
HarvardX,1,aligned,0,10603,NICE,bounded+edit,NICE_bounded+edit,1,OK,0.0,0.006096601486206055,0.6756435293455811,3.0,"{""nevents"": 76.0, ""ndays_act"": 18.0, ""nchapters"": 8.0}"
HarvardX,1,aligned,0,10603,MCCE,native,MCCE_native,1,OK,0.0,0.04080319404602051,0.676945455714412,3.0,"{""nevents"": 65.0, ""ndays_act"": 19.0, ""nchapters"": 8.0}"
HarvardX,1,aligned,0,10603,MCCE,bounded,MCCE_bounded,1,OK,0.0,0.04080319404602051,0.676945455714412,3.0,"{""nevents"": 65.0, ""ndays_act"": 19.0, ""nchapters"": 8.0}"
HarvardX,1,aligned,0,10603,MCCE,bounded+edit,MCCE_bounded+edit,1,OK,0.0,0.04080319404602051,0.676945455714412,3.0,"{""nevents"": 65.0, ""ndays_act"": 19.0, ""nchapters"": 8.0}"
HarvardX,1,aligned,0,10746,NICE,native,NICE_native,0,out_of_bounds:nevents,0.0,0.003438234329223633,0.25044091710758376,1.0,"{""nevents"": 20.0, ""ndays_act"": 12.0, ""nchapters"": 9.0}"
HarvardX,1,aligned,0,10746,NICE,bounded,NICE_bounded,0,classifier_target_not_met,0.0,0.003438234329223633,0.0,0.0,"{""nevents"": 162.0, ""ndays_act"": 12.0, ""nchapters"": 9.0}"
HarvardX,1,aligned,0,10746,NICE,bounded+edit,NICE_bounded+edit,0,classifier_target_not_met,0.0,0.003438234329223633,0.0,0.0,"{""nevents"": 162.0, ""ndays_act"": 12.0, ""nchapters"": 9.0}"
HarvardX,1,aligned,0,10746,MCCE,native,MCCE_native,0,out_of_bounds:nevents,0.0,0.040877580642700195,0.3529856386999244,2.0,"{""nevents"": 66.0, ""ndays_act"": 21.0, ""nchapters"": 9.0}"
HarvardX,1,aligned,0,10746,MCCE,bounded,MCCE_bounded,1,OK,0.0,0.040877580642700195,1.2448979591836735,2.0,"{""nevents"": 162.0, ""ndays_act"": 24.0, ""nchapters"": 12.0}"
HarvardX,1,aligned,0,10746,MCCE,bounded+edit,MCCE_bounded+edit,1,OK,0.0,0.040877580642700195,1.2448979591836735,2.0,"{""nevents"": 162.0, ""ndays_act"": 24.0, ""nchapters"": 12.0}"
HarvardX,1,aligned,0,10769,NICE,native,NICE_native,0,out_of_bounds:nevents,0.0,0.0048024654388427734,0.30138130420815934,2.0,"{""nevents"": 13.0, ""ndays_act"": 8.0, ""nchapters"": 12.0}"
HarvardX,1,aligned,0,10769,NICE,bounded,NICE_bounded,0,classifier_target_not_met,0.0,0.0048024654388427734,0.03636363636363636,1.0,"{""nevents"": 163.0, ""ndays_act"": 8.0, ""nchapters"": 12.0}"
HarvardX,1,aligned,0,10769,NICE,bounded+edit,NICE_bounded+edit,0,classifier_target_not_met,0.0,0.0048024654388427734,0.03636363636363636,1.0,"{""nevents"": 163.0, ""ndays_act"": 8.0, ""nchapters"": 12.0}"
HarvardX,1,aligned,0,10769,MCCE,native,MCCE_native,1,OK,0.0,0.02605414390563965,0.32727272727272727,1.0,"{""nevents"": 163.0, ""ndays_act"": 24.0, ""nchapters"": 12.0}"
HarvardX,1,aligned,0,10769,MCCE,bounded,MCCE_bounded,1,OK,0.0,0.02605414390563965,0.32727272727272727,1.0,"{""nevents"": 163.0, ""ndays_act"": 24.0, ""nchapters"": 12.0}"
HarvardX,1,aligned,0,10769,MCCE,bounded+edit,MCCE_bounded+edit,1,OK,0.0,0.02605414390563965,0.32727272727272727,1.0,"{""nevents"": 163.0, ""ndays_act"": 24.0, ""nchapters"": 12.0}"
HarvardX,1,aligned,0,10794,NICE,native,NICE_native,0,out_of_bounds:nevents,0.0,0.0038840770721435547,0.125,1.0,"{""nevents"": 126.0, ""ndays_act"": 22.0, ""nchapters"": 9.0}"
HarvardX,1,aligned,0,10794,NICE,bounded,NICE_bounded,0,classifier_target_not_met,0.0,0.0038840770721435547,0.0,0.0,"{""nevents"": 193.0, ""ndays_act"": 22.0, ""nchapters"": 9.0}"
HarvardX,1,aligned,0,10794,NICE,bounded+edit,NICE_bounded+edit,0,classifier_target_not_met,0.0,0.0038840770721435547,0.0,0.0,"{""nevents"": 193.0, ""ndays_act"": 22.0, ""nchapters"": 9.0}"
HarvardX,1,aligned,0,10794,MCCE,native,MCCE_native,0,out_of_bounds:nevents;out_of_bounds:ndays_act,0.0,0.040087223052978516,0.26258132414848834,2.0,"{""nevents"": 66.0, ""ndays_act"": 21.0, ""nchapters"": 9.0}"
HarvardX,1,aligned,0,10794,MCCE,bounded,MCCE_bounded,1,OK,0.0,0.040087223052978516,0.9982300038270187,3.0,"{""nevents"": 302.0, ""ndays_act"": 40.0, ""nchapters"": 10.0}"
HarvardX,1,aligned,0,10794,MCCE,bounded+edit,MCCE_bounded+edit,1,OK,0.0,0.040087223052978516,0.9982300038270187,3.0,"{""nevents"": 302.0, ""ndays_act"": 40.0, ""nchapters"": 10.0}"
HarvardX,1,aligned,0,10798,NICE,native,NICE_native,0,out_of_bounds:nevents,0.0,0.004586935043334961,0.23571002640770083,2.0,"{""nevents"": 67.0, ""ndays_act"": 19.0, ""nchapters"": 9.0}"
HarvardX,1,aligned,0,10798,NICE,bounded,NICE_bounded,0,classifier_target_not_met,0.0,0.004586935043334961,0.023255813953488372,1.0,"{""nevents"": 183.0, ""ndays_act"": 19.0, ""nchapters"": 9.0}"
HarvardX,1,aligned,0,10798,NICE,bounded+edit,NICE_bounded+edit,0,classifier_target_not_met,0.0,0.004586935043334961,0.023255813953488372,1.0,"{""nevents"": 183.0, ""ndays_act"": 19.0, ""nchapters"": 9.0}"
HarvardX,1,aligned,0,10798,MCCE,native,MCCE_native,0,out_of_bounds:nevents,0.0,0.04015779495239258,0.2840531561461794,2.0,"{""nevents"": 66.0, ""ndays_act"": 21.0, ""nchapters"": 9.0}"
HarvardX,1,aligned,0,10798,MCCE,bounded,MCCE_bounded,1,OK,0.0,0.04015779495239258,1.0629099582587955,3.0,"{""nevents"": 302.0, ""ndays_act"": 40.0, ""nchapters"": 10.0}"
HarvardX,1,aligned,0,10798,MCCE,bounded+edit,MCCE_bounded+edit,1,OK,0.0,0.04015779495239258,1.0629099582587955,3.0,"{""nevents"": 302.0, ""ndays_act"": 40.0, ""nchapters"": 10.0}"
HarvardX,1,aligned,0,10801,NICE,native,NICE_native,0,out_of_bounds:nevents,0.0,0.0046062469482421875,0.125,2.0,"{""nevents"": 9.0, ""ndays_act"": 8.0, ""nchapters"": 10.0}"
HarvardX,1,aligned,0,10801,NICE,bounded,NICE_bounded,0,classifier_target_not_met,0.0,0.0046062469482421875,0.05357142857142857,1.0,"{""nevents"": 57.0, ""ndays_act"": 8.0, ""nchapters"": 10.0}"
HarvardX,1,aligned,0,10801,NICE,bounded+edit,NICE_bounded+edit,0,classifier_target_not_met,0.0,0.0046062469482421875,0.05357142857142857,1.0,"{""nevents"": 57.0, ""ndays_act"": 8.0, ""nchapters"": 10.0}"
HarvardX,1,aligned,0,10801,MCCE,native,MCCE_native,0,out_of_bounds:nevents,0.0,0.04039454460144043,0.1800595238095238,2.0,"{""nevents"": 56.0, ""ndays_act"": 15.0, ""nchapters"": 10.0}"
HarvardX,1,aligned,0,10801,MCCE,bounded,MCCE_bounded,1,OK,0.0,0.04039454460144043,0.5669642857142857,2.0,"{""nevents"": 150.0, ""ndays_act"": 29.0, ""nchapters"": 10.0}"
HarvardX,1,aligned,0,10801,MCCE,bounded+edit,MCCE_bounded+edit,1,OK,0.0,0.04039454460144043,0.5669642857142857,2.0,"{""nevents"": 150.0, ""ndays_act"": 29.0, ""nchapters"": 10.0}"
HarvardX,1,aligned,0,10807,NICE,native,NICE_native,0,out_of_bounds:nevents,0.0,0.00605010986328125,0.4757546460414653,3.0,"{""nevents"": 76.0, ""ndays_act"": 18.0, ""nchapters"": 8.0}"
HarvardX,1,aligned,0,10807,NICE,bounded,NICE_bounded,0,classifier_target_not_met,0.0,0.00605010986328125,0.45862068965517244,2.0,"{""nevents"": 87.0, ""ndays_act"": 18.0, ""nchapters"": 8.0}"
HarvardX,1,aligned,0,10807,NICE,bounded+edit,NICE_bounded+edit,0,classifier_target_not_met,0.0,0.00605010986328125,0.45862068965517244,2.0,"{""nevents"": 87.0, ""ndays_act"": 18.0, ""nchapters"": 8.0}"
HarvardX,1,aligned,0,10807,MCCE,native,MCCE_native,1,OK,0.0,0.04308724403381348,1.4137931034482758,2.0,"{""nevents"": 87.0, ""ndays_act"": 27.0, ""nchapters"": 12.0}"
HarvardX,1,aligned,0,10807,MCCE,bounded,MCCE_bounded,1,OK,0.0,0.04308724403381348,1.4137931034482758,2.0,"{""nevents"": 87.0, ""ndays_act"": 27.0, ""nchapters"": 12.0}"
HarvardX,1,aligned,0,10807,MCCE,bounded+edit,MCCE_bounded+edit,1,OK,0.0,0.04308724403381348,1.4137931034482758,2.0,"{""nevents"": 87.0, ""ndays_act"": 27.0, ""nchapters"": 12.0}"
HarvardX,1,aligned,0,10911,NICE,native,NICE_native,0,out_of_bounds:nevents,0.0,0.0047016143798828125,0.10982690472945346,2.0,"{""nevents"": 13.0, ""ndays_act"": 8.0, ""nchapters"": 12.0}"
HarvardX,1,aligned,0,10911,NICE,bounded,NICE_bounded,0,classifier_target_not_met,0.0,0.0047016143798828125,0.03636363636363636,1.0,"{""nevents"": 62.0, ""ndays_act"": 8.0, ""nchapters"": 12.0}"
HarvardX,1,aligned,0,10911,NICE,bounded+edit,NICE_bounded+edit,0,classifier_target_not_met,0.0,0.0047016143798828125,0.03636363636363636,1.0,"{""nevents"": 62.0, ""ndays_act"": 8.0, ""nchapters"": 12.0}"
HarvardX,1,aligned,0,10911,MCCE,native,MCCE_native,1,OK,0.0,0.026220083236694336,0.14545454545454545,1.0,"{""nevents"": 62.0, ""ndays_act"": 14.0, ""nchapters"": 12.0}"
HarvardX,1,aligned,0,10911,MCCE,bounded,MCCE_bounded,1,OK,0.0,0.026220083236694336,0.14545454545454545,1.0,"{""nevents"": 62.0, ""ndays_act"": 14.0, ""nchapters"": 12.0}"
HarvardX,1,aligned,0,10911,MCCE,bounded+edit,MCCE_bounded+edit,1,OK,0.0,0.026220083236694336,0.14545454545454545,1.0,"{""nevents"": 62.0, ""ndays_act"": 14.0, ""nchapters"": 12.0}"
HarvardX,1,aligned,0,10912,NICE,native,NICE_native,0,out_of_bounds:nevents,0.0,0.004659891128540039,0.11708693817261026,2.0,"{""nevents"": 9.0, ""ndays_act"": 8.0, ""nchapters"": 10.0}"
HarvardX,1,aligned,0,10912,NICE,bounded,NICE_bounded,0,classifier_target_not_met,0.0,0.004659891128540039,0.05357142857142857,1.0,"{""nevents"": 52.0, ""ndays_act"": 8.0, ""nchapters"": 10.0}"
HarvardX,1,aligned,0,10912,NICE,bounded+edit,NICE_bounded+edit,0,classifier_target_not_met,0.0,0.004659891128540039,0.05357142857142857,1.0,"{""nevents"": 52.0, ""ndays_act"": 8.0, ""nchapters"": 10.0}"
HarvardX,1,aligned,0,10912,MCCE,native,MCCE_native,1,OK,0.0,0.04181528091430664,0.25,1.0,"{""nevents"": 52.0, ""ndays_act"": 19.0, ""nchapters"": 10.0}"
HarvardX,1,aligned,0,10912,MCCE,bounded,MCCE_bounded,1,OK,0.0,0.04181528091430664,0.25,1.0,"{""nevents"": 52.0, ""ndays_act"": 19.0, ""nchapters"": 10.0}"
HarvardX,1,aligned,0,10912,MCCE,bounded+edit,MCCE_bounded+edit,1,OK,0.0,0.04181528091430664,0.25,1.0,"{""nevents"": 52.0, ""ndays_act"": 19.0, ""nchapters"": 10.0}"
HarvardX,1,aligned,0,10921,NICE,native,NICE_native,0,out_of_bounds:nevents,0.0,0.00475621223449707,0.30971177944862155,2.0,"{""nevents"": 13.0, ""ndays_act"": 8.0, ""nchapters"": 12.0}"
HarvardX,1,aligned,0,10921,NICE,bounded,NICE_bounded,0,classifier_target_not_met,0.0,0.00475621223449707,0.05357142857142857,1.0,"{""nevents"": 159.0, ""ndays_act"": 8.0, ""nchapters"": 12.0}"
HarvardX,1,aligned,0,10921,NICE,bounded+edit,NICE_bounded+edit,0,classifier_target_not_met,0.0,0.00475621223449707,0.05357142857142857,1.0,"{""nevents"": 159.0, ""ndays_act"": 8.0, ""nchapters"": 12.0}"
HarvardX,1,aligned,0,10921,MCCE,native,MCCE_native,0,out_of_bounds:nevents,0.0,0.0269317626953125,0.33840852130325816,2.0,"{""nevents"": 17.0, ""ndays_act"": 10.0, ""nchapters"": 12.0}"
HarvardX,1,aligned,0,10921,MCCE,bounded,MCCE_bounded,1,OK,0.0,0.0269317626953125,0.34630325814536345,2.0,"{""nevents"": 163.0, ""ndays_act"": 24.0, ""nchapters"": 12.0}"
HarvardX,1,aligned,0,10921,MCCE,bounded+edit,MCCE_bounded+edit,1,OK,0.0,0.0269317626953125,0.34630325814536345,2.0,"{""nevents"": 163.0, ""ndays_act"": 24.0, ""nchapters"": 12.0}"
HarvardX,1,aligned,0,10929,NICE,native,NICE_native,1,OK,0.0,0.004786491394042969,0.14898018844588365,2.0,"{""nevents"": 13.0, ""ndays_act"": 8.0, ""nchapters"": 12.0}"
HarvardX,1,aligned,0,10929,NICE,bounded,NICE_bounded,1,OK,0.0,0.004786491394042969,0.14898018844588365,2.0,"{""nevents"": 13.0, ""ndays_act"": 8.0, ""nchapters"": 12.0}"
HarvardX,1,aligned,0,10929,NICE,bounded+edit,NICE_bounded+edit,1,OK,0.0,0.004786491394042969,0.14898018844588365,2.0,"{""nevents"": 13.0, ""ndays_act"": 8.0, ""nchapters"": 12.0}"
HarvardX,1,aligned,0,10929,MCCE,native,MCCE_native,1,OK,0.0,0.027081012725830078,0.1872540421417167,2.0,"{""nevents"": 17.0, ""ndays_act"": 10.0, ""nchapters"": 12.0}"
HarvardX,1,aligned,0,10929,MCCE,bounded,MCCE_bounded,1,OK,0.0,0.027081012725830078,0.1872540421417167,2.0,"{""nevents"": 17.0, ""ndays_act"": 10.0, ""nchapters"": 12.0}"
HarvardX,1,aligned,0,10929,MCCE,bounded+edit,MCCE_bounded+edit,1,OK,0.0,0.027081012725830078,0.1872540421417167,2.0,"{""nevents"": 17.0, ""ndays_act"": 10.0, ""nchapters"": 12.0}"
HarvardX,1,aligned,0,10941,NICE,native,NICE_native,1,OK,0.0,0.004719734191894531,0.3993343677618116,2.0,"{""nevents"": 76.0, ""ndays_act"": 18.0, ""nchapters"": 8.0}"
HarvardX,1,aligned,0,10941,NICE,bounded,NICE_bounded,1,OK,0.0,0.004719734191894531,0.3993343677618116,2.0,"{""nevents"": 76.0, ""ndays_act"": 18.0, ""nchapters"": 8.0}"
HarvardX,1,aligned,0,10941,NICE,bounded+edit,NICE_bounded+edit,1,OK,0.0,0.004719734191894531,0.3993343677618116,2.0,"{""nevents"": 76.0, ""ndays_act"": 18.0, ""nchapters"": 8.0}"
HarvardX,1,aligned,0,10941,MCCE,native,MCCE_native,1,OK,0.0,0.04086112976074219,0.40063864714745107,2.0,"{""nevents"": 65.0, ""ndays_act"": 19.0, ""nchapters"": 8.0}"
HarvardX,1,aligned,0,10941,MCCE,bounded,MCCE_bounded,1,OK,0.0,0.04086112976074219,0.40063864714745107,2.0,"{""nevents"": 65.0, ""ndays_act"": 19.0, ""nchapters"": 8.0}"
HarvardX,1,aligned,0,10941,MCCE,bounded+edit,MCCE_bounded+edit,1,OK,0.0,0.04086112976074219,0.40063864714745107,2.0,"{""nevents"": 65.0, ""ndays_act"": 19.0, ""nchapters"": 8.0}"
HarvardX,1,aligned,0,10944,NICE,native,NICE_native,1,OK,0.0,0.004957675933837891,0.3993343677618116,2.0,"{""nevents"": 76.0, ""ndays_act"": 18.0, ""nchapters"": 8.0}"
HarvardX,1,aligned,0,10944,NICE,bounded,NICE_bounded,1,OK,0.0,0.004957675933837891,0.3993343677618116,2.0,"{""nevents"": 76.0, ""ndays_act"": 18.0, ""nchapters"": 8.0}"
HarvardX,1,aligned,0,10944,NICE,bounded+edit,NICE_bounded+edit,1,OK,0.0,0.004957675933837891,0.3993343677618116,2.0,"{""nevents"": 76.0, ""ndays_act"": 18.0, ""nchapters"": 8.0}"
HarvardX,1,aligned,0,10944,MCCE,native,MCCE_native,1,OK,0.0,0.0412440299987793,0.40063864714745107,2.0,"{""nevents"": 65.0, ""ndays_act"": 19.0, ""nchapters"": 8.0}"
HarvardX,1,aligned,0,10944,MCCE,bounded,MCCE_bounded,1,OK,0.0,0.0412440299987793,0.40063864714745107,2.0,"{""nevents"": 65.0, ""ndays_act"": 19.0, ""nchapters"": 8.0}"
HarvardX,1,aligned,0,10944,MCCE,bounded+edit,MCCE_bounded+edit,1,OK,0.0,0.0412440299987793,0.40063864714745107,2.0,"{""nevents"": 65.0, ""ndays_act"": 19.0, ""nchapters"": 8.0}"
HarvardX,1,aligned,0,10960,NICE,native,NICE_native,1,OK,0.0,0.0035011768341064453,0.0411522633744856,1.0,"{""nevents"": 30.0, ""ndays_act"": 16.0, ""nchapters"": 12.0}"
HarvardX,1,aligned,0,10960,NICE,bounded,NICE_bounded,1,OK,0.0,0.0035011768341064453,0.0411522633744856,1.0,"{""nevents"": 30.0, ""ndays_act"": 16.0, ""nchapters"": 12.0}"
HarvardX,1,aligned,0,10960,NICE,bounded+edit,NICE_bounded+edit,1,OK,0.0,0.0035011768341064453,0.0411522633744856,1.0,"{""nevents"": 30.0, ""ndays_act"": 16.0, ""nchapters"": 12.0}"
HarvardX,1,aligned,0,10960,MCCE,native,MCCE_native,1,OK,0.0,0.0327913761138916,0.05486968449931413,1.0,"{""nevents"": 40.0, ""ndays_act"": 16.0, ""nchapters"": 12.0}"
HarvardX,1,aligned,0,10960,MCCE,bounded,MCCE_bounded,1,OK,0.0,0.0327913761138916,0.05486968449931413,1.0,"{""nevents"": 40.0, ""ndays_act"": 16.0, ""nchapters"": 12.0}"
HarvardX,1,aligned,0,10960,MCCE,bounded+edit,MCCE_bounded+edit,1,OK,0.0,0.0327913761138916,0.05486968449931413,1.0,"{""nevents"": 40.0, ""ndays_act"": 16.0, ""nchapters"": 12.0}"
HarvardX,1,aligned,0,10962,NICE,native,NICE_native,0,out_of_bounds:ndays_act,0.0,0.005994319915771484,0.5691646812504512,3.0,"{""nevents"": 76.0, ""ndays_act"": 18.0, ""nchapters"": 8.0}"
HarvardX,1,aligned,0,10962,NICE,bounded,NICE_bounded,0,classifier_target_not_met,0.0,0.005994319915771484,0.43758573388203015,2.0,"{""nevents"": 76.0, ""ndays_act"": 23.0, ""nchapters"": 8.0}"
HarvardX,1,aligned,0,10962,NICE,bounded+edit,NICE_bounded+edit,0,classifier_target_not_met,0.0,0.005994319915771484,0.43758573388203015,2.0,"{""nevents"": 76.0, ""ndays_act"": 23.0, ""nchapters"": 8.0}"
HarvardX,1,aligned,0,10962,MCCE,native,MCCE_native,1,OK,0.0,0.0453646183013916,1.1248285322359397,2.0,"{""nevents"": 91.0, ""ndays_act"": 23.0, ""nchapters"": 12.0}"
HarvardX,1,aligned,0,10962,MCCE,bounded,MCCE_bounded,1,OK,0.0,0.0453646183013916,1.1248285322359397,2.0,"{""nevents"": 91.0, ""ndays_act"": 23.0, ""nchapters"": 12.0}"
HarvardX,1,aligned,0,10962,MCCE,bounded+edit,MCCE_bounded+edit,1,OK,0.0,0.0453646183013916,1.1248285322359397,2.0,"{""nevents"": 91.0, ""ndays_act"": 23.0, ""nchapters"": 12.0}"
HarvardX,1,aligned,0,10968,NICE,native,NICE_native,1,OK,0.0,0.0059680938720703125,0.5628730902038692,3.0,"{""nevents"": 76.0, ""ndays_act"": 18.0, ""nchapters"": 8.0}"
HarvardX,1,aligned,0,10968,NICE,bounded,NICE_bounded,1,OK,0.0,0.0059680938720703125,0.5628730902038692,3.0,"{""nevents"": 76.0, ""ndays_act"": 18.0, ""nchapters"": 8.0}"
HarvardX,1,aligned,0,10968,NICE,bounded+edit,NICE_bounded+edit,1,OK,0.0,0.0059680938720703125,0.5628730902038692,3.0,"{""nevents"": 76.0, ""ndays_act"": 18.0, ""nchapters"": 8.0}"
HarvardX,1,aligned,0,10968,MCCE,native,MCCE_native,1,OK,0.0,0.041979312896728516,0.5650253062769027,3.0,"{""nevents"": 65.0, ""ndays_act"": 19.0, ""nchapters"": 8.0}"
HarvardX,1,aligned,0,10968,MCCE,bounded,MCCE_bounded,1,OK,0.0,0.041979312896728516,0.5650253062769027,3.0,"{""nevents"": 65.0, ""ndays_act"": 19.0, ""nchapters"": 8.0}"
HarvardX,1,aligned,0,10968,MCCE,bounded+edit,MCCE_bounded+edit,1,OK,0.0,0.041979312896728516,0.5650253062769027,3.0,"{""nevents"": 65.0, ""ndays_act"": 19.0, ""nchapters"": 8.0}"
HarvardX,1,aligned,0,10976,NICE,native,NICE_native,1,OK,0.0,0.004830121994018555,0.1826072560427605,2.0,"{""nevents"": 20.0, ""ndays_act"": 12.0, ""nchapters"": 9.0}"
HarvardX,1,aligned,0,10976,NICE,bounded,NICE_bounded,1,OK,0.0,0.004830121994018555,0.1826072560427605,2.0,"{""nevents"": 20.0, ""ndays_act"": 12.0, ""nchapters"": 9.0}"
HarvardX,1,aligned,0,10976,NICE,bounded+edit,NICE_bounded+edit,1,OK,0.0,0.004830121994018555,0.1826072560427605,2.0,"{""nevents"": 20.0, ""ndays_act"": 12.0, ""nchapters"": 9.0}"
HarvardX,1,aligned,0,10976,MCCE,native,MCCE_native,1,OK,0.0,0.04006338119506836,0.4008798070100752,2.0,"{""nevents"": 66.0, ""ndays_act"": 21.0, ""nchapters"": 9.0}"
HarvardX,1,aligned,0,10976,MCCE,bounded,MCCE_bounded,1,OK,0.0,0.04006338119506836,0.4008798070100752,2.0,"{""nevents"": 66.0, ""ndays_act"": 21.0, ""nchapters"": 9.0}"
HarvardX,1,aligned,0,10976,MCCE,bounded+edit,MCCE_bounded+edit,1,OK,0.0,0.04006338119506836,0.4008798070100752,2.0,"{""nevents"": 66.0, ""ndays_act"": 21.0, ""nchapters"": 9.0}"
HarvardX,1,aligned,0,10986,NICE,native,NICE_native,1,OK,0.0,0.005706071853637695,0.7209190672153635,3.0,"{""nevents"": 76.0, ""ndays_act"": 18.0, ""nchapters"": 8.0}"
HarvardX,1,aligned,0,10986,NICE,bounded,NICE_bounded,1,OK,0.0,0.005706071853637695,0.7209190672153635,3.0,"{""nevents"": 76.0, ""ndays_act"": 18.0, ""nchapters"": 8.0}"
HarvardX,1,aligned,0,10986,NICE,bounded+edit,NICE_bounded+edit,1,OK,0.0,0.005706071853637695,0.7209190672153635,3.0,"{""nevents"": 76.0, ""ndays_act"": 18.0, ""nchapters"": 8.0}"
HarvardX,1,aligned,0,10986,MCCE,native,MCCE_native,1,OK,0.0,0.04090166091918945,0.7224965706447188,3.0,"{""nevents"": 65.0, ""ndays_act"": 19.0, ""nchapters"": 8.0}"
HarvardX,1,aligned,0,10986,MCCE,bounded,MCCE_bounded,1,OK,0.0,0.04090166091918945,0.7224965706447188,3.0,"{""nevents"": 65.0, ""ndays_act"": 19.0, ""nchapters"": 8.0}"
HarvardX,1,aligned,0,10986,MCCE,bounded+edit,MCCE_bounded+edit,1,OK,0.0,0.04090166091918945,0.7224965706447188,3.0,"{""nevents"": 65.0, ""ndays_act"": 19.0, ""nchapters"": 8.0}"
