dataset,seed,regime,stage,query,method,variant,condition,accepted,reasons,policy_score,seconds,effort,sparsity,vector
OULAD,1,aligned,1,1321,CARE,native,CARE_native,0,below_policy_threshold;out_of_bounds:sum_click;immutable_changed:Test_1,33.876000000000005,17.146196603775024,1.5853075170842825,3,"{""Test_1"": 5.976, ""Test_2"": 10.4, ""Test_3"": 0.0, ""Test_4"": 17.5, ""Test_5"": 0.0, ""Test_6"": 0.0, ""Test_7"": 0.0, ""Test_8"": 0.0, ""Test_9"": 0.0, ""Test_10"": 0.0, ""Test_11"": 0.0, ""sum_click"": 35.0, ""mod_AAA"": 0.0, ""mod_BBB"": 1.0, ""mod_EEE"": 0.0, ""mod_FFF"": 0.0}"
OULAD,1,aligned,1,1321,CARE,bounded,CARE_bounded,0,below_policy_threshold,17.231,17.146196603775024,0.9572777777777779,1,"{""Test_1"": 0.0, ""Test_2"": 0.0, ""Test_3"": 0.0, ""Test_4"": 17.231, ""Test_5"": 0.0, ""Test_6"": 0.0, ""Test_7"": 0.0, ""Test_8"": 0.0, ""Test_9"": 0.0, ""Test_10"": 0.0, ""Test_11"": 0.0, ""sum_click"": 128.0, ""mod_AAA"": 0.0, ""mod_BBB"": 1.0, ""mod_EEE"": 0.0, ""mod_FFF"": 0.0}"
OULAD,1,aligned,1,1321,CARE,bounded+edit,CARE_bounded+edit,0,below_policy_threshold,17.231,17.146196603775024,0.9572777777777779,1,"{""Test_1"": 0.0, ""Test_2"": 0.0, ""Test_3"": 0.0, ""Test_4"": 17.231, ""Test_5"": 0.0, ""Test_6"": 0.0, ""Test_7"": 0.0, ""Test_8"": 0.0, ""Test_9"": 0.0, ""Test_10"": 0.0, ""Test_11"": 0.0, ""sum_click"": 128.0, ""mod_AAA"": 0.0, ""mod_BBB"": 1.0, ""mod_EEE"": 0.0, ""mod_FFF"": 0.0}"
OULAD,1,aligned,1,2047,CARE,native,CARE_native,0,below_policy_threshold;immutable_changed:Test_1,33.358999999999995,13.468305826187134,1.5790555555555557,3,"{""Test_1"": 6.5, ""Test_2"": 9.537, ""Test_3"": 0.092, ""Test_4"": 17.23, ""Test_5"": 0.0, ""Test_6"": 0.0, ""Test_7"": 0.0, ""Test_8"": 0.0, ""Test_9"": 0.0, ""Test_10"": 0.0, ""Test_11"": 0.0, ""sum_click"": 306.0, ""mod_AAA"": 0.0, ""mod_BBB"": 1.0, ""mod_EEE"": 0.0, ""mod_FFF"": 0.0}"
OULAD,1,aligned,1,2047,CARE,bounded,CARE_bounded,0,below_policy_threshold,20.0,13.468305826187134,0.9722222222222222,1,"{""Test_1"": 2.5, ""Test_2"": 0.0, ""Test_3"": 0.0, ""Test_4"": 17.5, ""Test_5"": 0.0, ""Test_6"": 0.0, ""Test_7"": 0.0, ""Test_8"": 0.0, ""Test_9"": 0.0, ""Test_10"": 0.0, ""Test_11"": 0.0, ""sum_click"": 306.0, ""mod_AAA"": 0.0, ""mod_BBB"": 1.0, ""mod_EEE"": 0.0, ""mod_FFF"": 0.0}"
OULAD,1,aligned,1,2047,CARE,bounded+edit,CARE_bounded+edit,0,below_policy_threshold,20.0,13.468305826187134,0.9722222222222222,1,"{""Test_1"": 2.5, ""Test_2"": 0.0, ""Test_3"": 0.0, ""Test_4"": 17.5, ""Test_5"": 0.0, ""Test_6"": 0.0, ""Test_7"": 0.0, ""Test_8"": 0.0, ""Test_9"": 0.0, ""Test_10"": 0.0, ""Test_11"": 0.0, ""sum_click"": 306.0, ""mod_AAA"": 0.0, ""mod_BBB"": 1.0, ""mod_EEE"": 0.0, ""mod_FFF"": 0.0}"
OULAD,1,aligned,1,2134,CARE,native,CARE_native,0,below_policy_threshold;out_of_bounds:Test_3,36.382000000000005,13.77754545211792,18.432333333333332,2,"{""Test_1"": 2.1, ""Test_2"": 0.0, ""Test_3"": 17.5, ""Test_4"": 16.782, ""Test_5"": 0.0, ""Test_6"": 0.0, ""Test_7"": 0.0, ""Test_8"": 0.0, ""Test_9"": 0.0, ""Test_10"": 0.0, ""Test_11"": 0.0, ""sum_click"": 223.0, ""mod_AAA"": 0.0, ""mod_BBB"": 1.0, ""mod_EEE"": 0.0, ""mod_FFF"": 0.0}"
OULAD,1,aligned,1,2134,CARE,bounded,CARE_bounded,0,below_policy_threshold,19.6,13.77754545211792,0.9722222222222222,1,"{""Test_1"": 2.1, ""Test_2"": 0.0, ""Test_3"": 0.0, ""Test_4"": 17.5, ""Test_5"": 0.0, ""Test_6"": 0.0, ""Test_7"": 0.0, ""Test_8"": 0.0, ""Test_9"": 0.0, ""Test_10"": 0.0, ""Test_11"": 0.0, ""sum_click"": 223.0, ""mod_AAA"": 0.0, ""mod_BBB"": 1.0, ""mod_EEE"": 0.0, ""mod_FFF"": 0.0}"
OULAD,1,aligned,1,2134,CARE,bounded+edit,CARE_bounded+edit,0,below_policy_threshold,19.6,13.77754545211792,0.9722222222222222,1,"{""Test_1"": 2.1, ""Test_2"": 0.0, ""Test_3"": 0.0, ""Test_4"": 17.5, ""Test_5"": 0.0, ""Test_6"": 0.0, ""Test_7"": 0.0, ""Test_8"": 0.0, ""Test_9"": 0.0, ""Test_10"": 0.0, ""Test_11"": 0.0, ""sum_click"": 223.0, ""mod_AAA"": 0.0, ""mod_BBB"": 1.0, ""mod_EEE"": 0.0, ""mod_FFF"": 0.0}"
OULAD,1,aligned,1,3013,CARE,native,CARE_native,0,out_of_bounds:Test_3,44.245,14.259161472320557,20.309944444444444,3,"{""Test_1"": 0.0, ""Test_2"": 8.806, ""Test_3"": 18.902, ""Test_4"": 16.537, ""Test_5"": 0.0, ""Test_6"": 0.0, ""Test_7"": 0.0, ""Test_8"": 0.0, ""Test_9"": 0.0, ""Test_10"": 0.0, ""Test_11"": 0.0, ""sum_click"": 31.0, ""mod_AAA"": 0.0, ""mod_BBB"": 1.0, ""mod_EEE"": 0.0, ""mod_FFF"": 0.0}"
OULAD,1,aligned,1,3013,CARE,bounded,CARE_bounded,0,below_policy_threshold,13.679,14.259161472320557,1.8926512266569024,3,"{""Test_1"": 0.0, ""Test_2"": 0.0, ""Test_3"": 0.0, ""Test_4"": 12.879, ""Test_5"": 0.0, ""Test_6"": 0.0, ""Test_7"": 0.8, ""Test_8"": 0.0, ""Test_9"": 0.0, ""Test_10"": 0.0, ""Test_11"": 0.0, ""sum_click"": 1061.0, ""mod_AAA"": 0.0, ""mod_BBB"": 1.0, ""mod_EEE"": 0.0, ""mod_FFF"": 0.0}"
OULAD,1,aligned,1,3013,CARE,bounded+edit,CARE_bounded+edit,0,below_policy_threshold,13.679,14.259161472320557,1.8926512266569024,3,"{""Test_1"": 0.0, ""Test_2"": 0.0, ""Test_3"": 0.0, ""Test_4"": 12.879, ""Test_5"": 0.0, ""Test_6"": 0.0, ""Test_7"": 0.8, ""Test_8"": 0.0, ""Test_9"": 0.0, ""Test_10"": 0.0, ""Test_11"": 0.0, ""sum_click"": 1061.0, ""mod_AAA"": 0.0, ""mod_BBB"": 1.0, ""mod_EEE"": 0.0, ""mod_FFF"": 0.0}"
OULAD,1,aligned,1,3066,CARE,native,CARE_native,0,out_of_bounds:Test_3,40.446,13.41071367263794,18.534888888888887,3,"{""Test_1"": 0.0, ""Test_2"": 9.2, ""Test_3"": 17.246, ""Test_4"": 14.0, ""Test_5"": 0.0, ""Test_6"": 0.0, ""Test_7"": 0.0, ""Test_8"": 0.0, ""Test_9"": 0.0, ""Test_10"": 0.0, ""Test_11"": 0.0, ""sum_click"": 81.0, ""mod_AAA"": 0.0, ""mod_BBB"": 1.0, ""mod_EEE"": 0.0, ""mod_FFF"": 0.0}"
OULAD,1,aligned,1,3066,CARE,bounded,CARE_bounded,0,below_policy_threshold,15.907,13.41071367263794,2.5837222222222223,4,"{""Test_1"": 0.0, ""Test_2"": 0.0, ""Test_3"": 0.0, ""Test_4"": 14.107, ""Test_5"": 0.8, ""Test_6"": 0.0, ""Test_7"": 0.0, ""Test_8"": 0.0, ""Test_9"": 0.4, ""Test_10"": 0.0, ""Test_11"": 0.6, ""sum_click"": 81.0, ""mod_AAA"": 0.0, ""mod_BBB"": 1.0, ""mod_EEE"": 0.0, ""mod_FFF"": 0.0}"
OULAD,1,aligned,1,3066,CARE,bounded+edit,CARE_bounded+edit,0,below_policy_threshold,15.907,13.41071367263794,2.5837222222222223,4,"{""Test_1"": 0.0, ""Test_2"": 0.0, ""Test_3"": 0.0, ""Test_4"": 14.107, ""Test_5"": 0.8, ""Test_6"": 0.0, ""Test_7"": 0.0, ""Test_8"": 0.0, ""Test_9"": 0.4, ""Test_10"": 0.0, ""Test_11"": 0.6, ""sum_click"": 81.0, ""mod_AAA"": 0.0, ""mod_BBB"": 1.0, ""mod_EEE"": 0.0, ""mod_FFF"": 0.0}"
OULAD,1,aligned,1,3798,CARE,native,CARE_native,0,below_policy_threshold;out_of_bounds:Test_3,37.277,13.748040676116943,15.33119636605095,4,"{""Test_1"": 0.0, ""Test_2"": 9.277, ""Test_3"": 14.0, ""Test_4"": 14.0, ""Test_5"": 0.0, ""Test_6"": 0.0, ""Test_7"": 0.0, ""Test_8"": 0.0, ""Test_9"": 0.0, ""Test_10"": 0.0, ""Test_11"": 0.0, ""sum_click"": 106.0, ""mod_AAA"": 0.0, ""mod_BBB"": 1.0, ""mod_EEE"": 0.0, ""mod_FFF"": 0.0}"
OULAD,1,aligned,1,3798,CARE,bounded,CARE_bounded,0,below_policy_threshold,30.137999999999995,13.748040676116943,3.033293452452815,5,"{""Test_1"": 0.0, ""Test_2"": 0.0, ""Test_3"": 0.8, ""Test_4"": 9.138, ""Test_5"": 0.0, ""Test_6"": 0.0, ""Test_7"": 0.0, ""Test_8"": 10.1, ""Test_9"": 0.0, ""Test_10"": 10.1, ""Test_11"": 0.0, ""sum_click"": 1667.0, ""mod_AAA"": 0.0, ""mod_BBB"": 1.0, ""mod_EEE"": 0.0, ""mod_FFF"": 0.0}"
OULAD,1,aligned,1,3798,CARE,bounded+edit,CARE_bounded+edit,1,OK,40.138,13.748040676116943,3.58884900800837,6,"{""Test_1"": 0.0, ""Test_2"": 10.0, ""Test_3"": 0.8, ""Test_4"": 9.138, ""Test_5"": 0.0, ""Test_6"": 0.0, ""Test_7"": 0.0, ""Test_8"": 10.1, ""Test_9"": 0.0, ""Test_10"": 10.1, ""Test_11"": 0.0, ""sum_click"": 1667.0, ""mod_AAA"": 0.0, ""mod_BBB"": 1.0, ""mod_EEE"": 0.0, ""mod_FFF"": 0.0}"
OULAD,1,aligned,1,3815,CARE,native,CARE_native,0,below_policy_threshold;out_of_bounds:Test_3,29.742,13.270071506500244,14.990778971570057,3,"{""Test_1"": 2.75, ""Test_2"": 0.0, ""Test_3"": 14.0, ""Test_4"": 12.992, ""Test_5"": 0.0, ""Test_6"": 0.0, ""Test_7"": 0.0, ""Test_8"": 0.0, ""Test_9"": 0.0, ""Test_10"": 0.0, ""Test_11"": 0.0, ""sum_click"": 925.0, ""mod_AAA"": 0.0, ""mod_BBB"": 1.0, ""mod_EEE"": 0.0, ""mod_FFF"": 0.0}"
OULAD,1,aligned,1,3815,CARE,bounded,CARE_bounded,1,OK,42.21000000000001,13.270071506500244,2.192222222222222,4,"{""Test_1"": 2.75, ""Test_2"": 11.34, ""Test_3"": 0.0, ""Test_4"": 9.72, ""Test_5"": 0.0, ""Test_6"": 8.1, ""Test_7"": 0.0, ""Test_8"": 0.0, ""Test_9"": 0.0, ""Test_10"": 10.3, ""Test_11"": 0.0, ""sum_click"": 249.0, ""mod_AAA"": 0.0, ""mod_BBB"": 1.0, ""mod_EEE"": 0.0, ""mod_FFF"": 0.0}"
OULAD,1,aligned,1,3815,CARE,bounded+edit,CARE_bounded+edit,1,OK,42.21000000000001,13.270071506500244,2.192222222222222,4,"{""Test_1"": 2.75, ""Test_2"": 11.34, ""Test_3"": 0.0, ""Test_4"": 9.72, ""Test_5"": 0.0, ""Test_6"": 8.1, ""Test_7"": 0.0, ""Test_8"": 0.0, ""Test_9"": 0.0, ""Test_10"": 10.3, ""Test_11"": 0.0, ""sum_click"": 249.0, ""mod_AAA"": 0.0, ""mod_BBB"": 1.0, ""mod_EEE"": 0.0, ""mod_FFF"": 0.0}"
OULAD,1,aligned,1,3937,CARE,native,CARE_native,0,below_policy_threshold;out_of_bounds:Test_3;immutable_changed:Test_1,32.23,13.895035028457642,16.118635006838844,4,"{""Test_1"": 2.723, ""Test_2"": 0.851, ""Test_3"": 15.006, ""Test_4"": 13.65, ""Test_5"": 0.0, ""Test_6"": 0.0, ""Test_7"": 0.0, ""Test_8"": 0.0, ""Test_9"": 0.0, ""Test_10"": 0.0, ""Test_11"": 0.0, ""sum_click"": 848.0, ""mod_AAA"": 0.0, ""mod_BBB"": 1.0, ""mod_EEE"": 0.0, ""mod_FFF"": 0.0}"
OULAD,1,aligned,1,3937,CARE,bounded,CARE_bounded,1,OK,41.3,13.895035028457642,2.799151178694988,5,"{""Test_1"": 0.0, ""Test_2"": 9.2, ""Test_3"": 0.0, ""Test_4"": 0.0, ""Test_5"": 0.0, ""Test_6"": 10.8, ""Test_7"": 0.0, ""Test_8"": 10.4, ""Test_9"": 0.0, ""Test_10"": 10.9, ""Test_11"": 0.0, ""sum_click"": 1394.0, ""mod_AAA"": 0.0, ""mod_BBB"": 1.0, ""mod_EEE"": 0.0, ""mod_FFF"": 0.0}"
OULAD,1,aligned,1,3937,CARE,bounded+edit,CARE_bounded+edit,1,OK,41.3,13.895035028457642,2.799151178694988,5,"{""Test_1"": 0.0, ""Test_2"": 9.2, ""Test_3"": 0.0, ""Test_4"": 0.0, ""Test_5"": 0.0, ""Test_6"": 10.8, ""Test_7"": 0.0, ""Test_8"": 10.4, ""Test_9"": 0.0, ""Test_10"": 10.9, ""Test_11"": 0.0, ""sum_click"": 1394.0, ""mod_AAA"": 0.0, ""mod_BBB"": 1.0, ""mod_EEE"": 0.0, ""mod_FFF"": 0.0}"
OULAD,1,aligned,1,4404,CARE,native,CARE_native,0,below_policy_threshold;out_of_bounds:Test_3,32.277,13.597975254058838,15.002,2,"{""Test_1"": 2.4, ""Test_2"": 0.0, ""Test_3"": 14.127, ""Test_4"": 15.75, ""Test_5"": 0.0, ""Test_6"": 0.0, ""Test_7"": 0.0, ""Test_8"": 0.0, ""Test_9"": 0.0, ""Test_10"": 0.0, ""Test_11"": 0.0, ""sum_click"": 171.0, ""mod_AAA"": 0.0, ""mod_BBB"": 1.0, ""mod_EEE"": 0.0, ""mod_FFF"": 0.0}"
OULAD,1,aligned,1,4404,CARE,bounded,CARE_bounded,0,below_policy_threshold,34.91499999999999,13.597975254058838,1.8063888888888888,3,"{""Test_1"": 2.4, ""Test_2"": 0.0, ""Test_3"": 0.0, ""Test_4"": 12.915, ""Test_5"": 0.0, ""Test_6"": 0.0, ""Test_7"": 0.0, ""Test_8"": 9.5, ""Test_9"": 0.0, ""Test_10"": 10.1, ""Test_11"": 0.0, ""sum_click"": 171.0, ""mod_AAA"": 0.0, ""mod_BBB"": 1.0, ""mod_EEE"": 0.0, ""mod_FFF"": 0.0}"
OULAD,1,aligned,1,4404,CARE,bounded+edit,CARE_bounded+edit,1,OK,40.91499999999999,13.597975254058838,2.139722222222222,4,"{""Test_1"": 2.4, ""Test_2"": 6.0, ""Test_3"": 0.0, ""Test_4"": 12.915, ""Test_5"": 0.0, ""Test_6"": 0.0, ""Test_7"": 0.0, ""Test_8"": 9.5, ""Test_9"": 0.0, ""Test_10"": 10.1, ""Test_11"": 0.0, ""sum_click"": 171.0, ""mod_AAA"": 0.0, ""mod_BBB"": 1.0, ""mod_EEE"": 0.0, ""mod_FFF"": 0.0}"
OULAD,1,aligned,1,4496,CARE,native,CARE_native,0,out_of_bounds:Test_3,42.45,13.882957458496094,18.886111111111113,3,"{""Test_1"": 0.0, ""Test_2"": 9.2, ""Test_3"": 17.5, ""Test_4"": 15.75, ""Test_5"": 0.0, ""Test_6"": 0.0, ""Test_7"": 0.0, ""Test_8"": 0.0, ""Test_9"": 0.0, ""Test_10"": 0.0, ""Test_11"": 0.0, ""sum_click"": 10.0, ""mod_AAA"": 0.0, ""mod_BBB"": 1.0, ""mod_EEE"": 0.0, ""mod_FFF"": 0.0}"
OULAD,1,aligned,1,4496,CARE,bounded,CARE_bounded,1,OK,41.75999999999999,13.882957458496094,2.9813372093023256,5,"{""Test_1"": 0.0, ""Test_2"": 11.16, ""Test_3"": 0.0, ""Test_4"": 0.0, ""Test_5"": 0.0, ""Test_6"": 10.1, ""Test_7"": 0.0, ""Test_8"": 10.4, ""Test_9"": 0.0, ""Test_10"": 10.1, ""Test_11"": 0.0, ""sum_click"": 1830.0, ""mod_AAA"": 0.0, ""mod_BBB"": 1.0, ""mod_EEE"": 0.0, ""mod_FFF"": 0.0}"
OULAD,1,aligned,1,4496,CARE,bounded+edit,CARE_bounded+edit,1,OK,41.75999999999999,13.882957458496094,2.9813372093023256,5,"{""Test_1"": 0.0, ""Test_2"": 11.16, ""Test_3"": 0.0, ""Test_4"": 0.0, ""Test_5"": 0.0, ""Test_6"": 10.1, ""Test_7"": 0.0, ""Test_8"": 10.4, ""Test_9"": 0.0, ""Test_10"": 10.1, ""Test_11"": 0.0, ""sum_click"": 1830.0, ""mod_AAA"": 0.0, ""mod_BBB"": 1.0, ""mod_EEE"": 0.0, ""mod_FFF"": 0.0}"
OULAD,1,aligned,1,4506,CARE,native,CARE_native,0,below_policy_threshold;out_of_bounds:Test_3,34.138,13.735289096832275,16.316617333822986,3,"{""Test_1"": 3.0, ""Test_2"": 0.0, ""Test_3"": 15.388, ""Test_4"": 15.75, ""Test_5"": 0.0, ""Test_6"": 0.0, ""Test_7"": 0.0, ""Test_8"": 0.0, ""Test_9"": 0.0, ""Test_10"": 0.0, ""Test_11"": 0.0, ""sum_click"": 185.0, ""mod_AAA"": 0.0, ""mod_BBB"": 1.0, ""mod_EEE"": 0.0, ""mod_FFF"": 0.0}"
OULAD,1,aligned,1,4506,CARE,bounded,CARE_bounded,0,below_policy_threshold,18.75,13.735289096832275,1.2396713183988248,2,"{""Test_1"": 3.0, ""Test_2"": 0.0, ""Test_3"": 0.0, ""Test_4"": 15.75, ""Test_5"": 0.0, ""Test_6"": 0.0, ""Test_7"": 0.0, ""Test_8"": 0.0, ""Test_9"": 0.0, ""Test_10"": 0.0, ""Test_11"": 0.0, ""sum_click"": 1032.0, ""mod_AAA"": 0.0, ""mod_BBB"": 1.0, ""mod_EEE"": 0.0, ""mod_FFF"": 0.0}"
OULAD,1,aligned,1,4506,CARE,bounded+edit,CARE_bounded+edit,0,below_policy_threshold,18.75,13.735289096832275,1.2396713183988248,2,"{""Test_1"": 3.0, ""Test_2"": 0.0, ""Test_3"": 0.0, ""Test_4"": 15.75, ""Test_5"": 0.0, ""Test_6"": 0.0, ""Test_7"": 0.0, ""Test_8"": 0.0, ""Test_9"": 0.0, ""Test_10"": 0.0, ""Test_11"": 0.0, ""sum_click"": 1032.0, ""mod_AAA"": 0.0, ""mod_BBB"": 1.0, ""mod_EEE"": 0.0, ""mod_FFF"": 0.0}"
OULAD,1,aligned,1,5241,CARE,native,CARE_native,0,below_policy_threshold;immutable_changed:Test_1,39.458,13.859982013702393,1.3326,3,"{""Test_1"": 0.617, ""Test_2"": 10.4, ""Test_3"": 11.641, ""Test_4"": 16.8, ""Test_5"": 0.0, ""Test_6"": 0.0, ""Test_7"": 0.0, ""Test_8"": 0.0, ""Test_9"": 0.0, ""Test_10"": 0.0, ""Test_11"": 0.0, ""sum_click"": 500.0, ""mod_AAA"": 0.0, ""mod_BBB"": 1.0, ""mod_EEE"": 0.0, ""mod_FFF"": 0.0}"
OULAD,1,aligned,1,5241,CARE,bounded,CARE_bounded,1,OK,43.491,13.859982013702393,1.4568857142857143,3,"{""Test_1"": 0.0, ""Test_2"": 10.0, ""Test_3"": 18.55, ""Test_4"": 14.941, ""Test_5"": 0.0, ""Test_6"": 0.0, ""Test_7"": 0.0, ""Test_8"": 0.0, ""Test_9"": 0.0, ""Test_10"": 0.0, ""Test_11"": 0.0, ""sum_click"": 500.0, ""mod_AAA"": 0.0, ""mod_BBB"": 1.0, ""mod_EEE"": 0.0, ""mod_FFF"": 0.0}"
OULAD,1,aligned,1,5241,CARE,bounded+edit,CARE_bounded+edit,1,OK,43.491,13.859982013702393,1.4568857142857143,3,"{""Test_1"": 0.0, ""Test_2"": 10.0, ""Test_3"": 18.55, ""Test_4"": 14.941, ""Test_5"": 0.0, ""Test_6"": 0.0, ""Test_7"": 0.0, ""Test_8"": 0.0, ""Test_9"": 0.0, ""Test_10"": 0.0, ""Test_11"": 0.0, ""sum_click"": 500.0, ""mod_AAA"": 0.0, ""mod_BBB"": 1.0, ""mod_EEE"": 0.0, ""mod_FFF"": 0.0}"
OULAD,1,aligned,1,5408,CARE,native,CARE_native,0,below_policy_threshold,39.642,14.669190645217896,1.3158428571428573,3,"{""Test_1"": 0.0, ""Test_2"": 8.55, ""Test_3"": 16.1, ""Test_4"": 14.992, ""Test_5"": 0.0, ""Test_6"": 0.0, ""Test_7"": 0.0, ""Test_8"": 0.0, ""Test_9"": 0.0, ""Test_10"": 0.0, ""Test_11"": 0.0, ""sum_click"": 71.0, ""mod_AAA"": 0.0, ""mod_BBB"": 1.0, ""mod_EEE"": 0.0, ""mod_FFF"": 0.0}"
OULAD,1,aligned,1,5408,CARE,bounded,CARE_bounded,0,below_policy_threshold,14.0,14.669190645217896,0.8054254923820141,2,"{""Test_1"": 0.0, ""Test_2"": 0.0, ""Test_3"": 0.0, ""Test_4"": 14.0, ""Test_5"": 0.0, ""Test_6"": 0.0, ""Test_7"": 0.0, ""Test_8"": 0.0, ""Test_9"": 0.0, ""Test_10"": 0.0, ""Test_11"": 0.0, ""sum_click"": 1162.0, ""mod_AAA"": 0.0, ""mod_BBB"": 1.0, ""mod_EEE"": 0.0, ""mod_FFF"": 0.0}"
OULAD,1,aligned,1,5408,CARE,bounded+edit,CARE_bounded+edit,1,OK,41.22222222222222,14.669190645217896,1.583203270159792,3,"{""Test_1"": 0.0, ""Test_2"": 0.0, ""Test_3"": 27.222222, ""Test_4"": 14.0, ""Test_5"": 0.0, ""Test_6"": 0.0, ""Test_7"": 0.0, ""Test_8"": 0.0, ""Test_9"": 0.0, ""Test_10"": 0.0, ""Test_11"": 0.0, ""sum_click"": 1162.0, ""mod_AAA"": 0.0, ""mod_BBB"": 1.0, ""mod_EEE"": 0.0, ""mod_FFF"": 0.0}"
OULAD,1,aligned,1,7395,CARE,native,CARE_native,0,below_policy_threshold;immutable_changed:Test_1,39.281,14.31619906425476,1.1143496174901335,3,"{""Test_1"": 9.881, ""Test_2"": 0.0, ""Test_3"": 13.44, ""Test_4"": 15.96, ""Test_5"": 0.0, ""Test_6"": 0.0, ""Test_7"": 0.0, ""Test_8"": 0.0, ""Test_9"": 0.0, ""Test_10"": 0.0, ""Test_11"": 0.0, ""sum_click"": 319.0, ""mod_AAA"": 0.0, ""mod_BBB"": 0.0, ""mod_EEE"": 1.0, ""mod_FFF"": 0.0}"
OULAD,1,aligned,1,7395,CARE,bounded,CARE_bounded,0,below_policy_threshold,14.56,14.31619906425476,0.7440662939944216,2,"{""Test_1"": 0.0, ""Test_2"": 0.0, ""Test_3"": 0.0, ""Test_4"": 14.56, ""Test_5"": 0.0, ""Test_6"": 0.0, ""Test_7"": 0.0, ""Test_8"": 0.0, ""Test_9"": 0.0, ""Test_10"": 0.0, ""Test_11"": 0.0, ""sum_click"": 1009.0, ""mod_AAA"": 0.0, ""mod_BBB"": 0.0, ""mod_EEE"": 1.0, ""mod_FFF"": 0.0}"
OULAD,1,aligned,1,7395,CARE,bounded+edit,CARE_bounded+edit,0,classifier_target_not_met,42.56,14.31619906425476,1.7440662939944216,3,"{""Test_1"": 0.0, ""Test_2"": 28.0, ""Test_3"": 0.0, ""Test_4"": 14.56, ""Test_5"": 0.0, ""Test_6"": 0.0, ""Test_7"": 0.0, ""Test_8"": 0.0, ""Test_9"": 0.0, ""Test_10"": 0.0, ""Test_11"": 0.0, ""sum_click"": 1009.0, ""mod_AAA"": 0.0, ""mod_BBB"": 0.0, ""mod_EEE"": 1.0, ""mod_FFF"": 0.0}"
OULAD,1,aligned,1,8653,CARE,native,CARE_native,1,OK,43.272,14.38761854171753,1.43088,2,"{""Test_1"": 7.5, ""Test_2"": 0.0, ""Test_3"": 15.272, ""Test_4"": 20.5, ""Test_5"": 0.0, ""Test_6"": 0.0, ""Test_7"": 0.0, ""Test_8"": 0.0, ""Test_9"": 0.0, ""Test_10"": 0.0, ""Test_11"": 0.0, ""sum_click"": 1753.0, ""mod_AAA"": 0.0, ""mod_BBB"": 0.0, ""mod_EEE"": 0.0, ""mod_FFF"": 1.0}"
OULAD,1,aligned,1,8653,CARE,bounded,CARE_bounded,0,below_policy_threshold,35.8,14.38761854171753,1.1320000000000001,3,"{""Test_1"": 7.5, ""Test_2"": 0.0, ""Test_3"": 14.0, ""Test_4"": 13.0, ""Test_5"": 1.3, ""Test_6"": 0.0, ""Test_7"": 0.0, ""Test_8"": 0.0, ""Test_9"": 0.0, ""Test_10"": 0.0, ""Test_11"": 0.0, ""sum_click"": 1753.0, ""mod_AAA"": 0.0, ""mod_BBB"": 0.0, ""mod_EEE"": 0.0, ""mod_FFF"": 1.0}"
OULAD,1,aligned,1,8653,CARE,bounded+edit,CARE_bounded+edit,0,classifier_target_not_met,41.355555555555554,14.38761854171753,1.5764444444444445,4,"{""Test_1"": 7.5, ""Test_2"": 5.555556, ""Test_3"": 14.0, ""Test_4"": 13.0, ""Test_5"": 1.3, ""Test_6"": 0.0, ""Test_7"": 0.0, ""Test_8"": 0.0, ""Test_9"": 0.0, ""Test_10"": 0.0, ""Test_11"": 0.0, ""sum_click"": 1753.0, ""mod_AAA"": 0.0, ""mod_BBB"": 0.0, ""mod_EEE"": 0.0, ""mod_FFF"": 1.0}"
OULAD,1,aligned,1,8738,CARE,native,CARE_native,0,below_policy_threshold,25.654,14.290024518966675,1.1983781977228927,3,"{""Test_1"": 0.0, ""Test_2"": 0.0, ""Test_3"": 7.904, ""Test_4"": 17.75, ""Test_5"": 0.0, ""Test_6"": 0.0, ""Test_7"": 0.0, ""Test_8"": 0.0, ""Test_9"": 0.0, ""Test_10"": 0.0, ""Test_11"": 0.0, ""sum_click"": 1266.0, ""mod_AAA"": 0.0, ""mod_BBB"": 0.0, ""mod_EEE"": 0.0, ""mod_FFF"": 1.0}"
OULAD,1,aligned,1,8738,CARE,bounded,CARE_bounded,0,below_policy_threshold,31.347,14.290024518966675,1.3938414559271766,3,"{""Test_1"": 0.0, ""Test_2"": 0.0, ""Test_3"": 12.847, ""Test_4"": 18.5, ""Test_5"": 0.0, ""Test_6"": 0.0, ""Test_7"": 0.0, ""Test_8"": 0.0, ""Test_9"": 0.0, ""Test_10"": 0.0, ""Test_11"": 0.0, ""sum_click"": 1030.0, ""mod_AAA"": 0.0, ""mod_BBB"": 0.0, ""mod_EEE"": 0.0, ""mod_FFF"": 1.0}"
OULAD,1,aligned,1,8738,CARE,bounded+edit,CARE_bounded+edit,1,OK,41.06922222222222,14.290024518966675,2.171619233704954,4,"{""Test_1"": 0.0, ""Test_2"": 9.722222, ""Test_3"": 12.847, ""Test_4"": 18.5, ""Test_5"": 0.0, ""Test_6"": 0.0, ""Test_7"": 0.0, ""Test_8"": 0.0, ""Test_9"": 0.0, ""Test_10"": 0.0, ""Test_11"": 0.0, ""sum_click"": 1030.0, ""mod_AAA"": 0.0, ""mod_BBB"": 0.0, ""mod_EEE"": 0.0, ""mod_FFF"": 1.0}"
OULAD,1,aligned,1,8819,CARE,native,CARE_native,0,below_policy_threshold;immutable_changed:Test_1,36.308,14.810622930526733,1.1199999999999999,2,"{""Test_1"": 8.308, ""Test_2"": 0.0, ""Test_3"": 12.75, ""Test_4"": 15.25, ""Test_5"": 0.0, ""Test_6"": 0.0, ""Test_7"": 0.0, ""Test_8"": 0.0, ""Test_9"": 0.0, ""Test_10"": 0.0, ""Test_11"": 0.0, ""sum_click"": 1499.0, ""mod_AAA"": 0.0, ""mod_BBB"": 0.0, ""mod_EEE"": 0.0, ""mod_FFF"": 1.0}"
OULAD,1,aligned,1,8819,CARE,bounded,CARE_bounded,1,OK,40.735,14.810622930526733,2.2868427997870624,4,"{""Test_1"": 6.75, ""Test_2"": 9.358, ""Test_3"": 11.627, ""Test_4"": 13.0, ""Test_5"": 0.0, ""Test_6"": 0.0, ""Test_7"": 0.0, ""Test_8"": 0.0, ""Test_9"": 0.0, ""Test_10"": 0.0, ""Test_11"": 0.0, ""sum_click"": 4720.0, ""mod_AAA"": 0.0, ""mod_BBB"": 0.0, ""mod_EEE"": 0.0, ""mod_FFF"": 1.0}"
OULAD,1,aligned,1,8819,CARE,bounded+edit,CARE_bounded+edit,1,OK,40.735,14.810622930526733,2.2868427997870624,4,"{""Test_1"": 6.75, ""Test_2"": 9.358, ""Test_3"": 11.627, ""Test_4"": 13.0, ""Test_5"": 0.0, ""Test_6"": 0.0, ""Test_7"": 0.0, ""Test_8"": 0.0, ""Test_9"": 0.0, ""Test_10"": 0.0, ""Test_11"": 0.0, ""sum_click"": 4720.0, ""mod_AAA"": 0.0, ""mod_BBB"": 0.0, ""mod_EEE"": 0.0, ""mod_FFF"": 1.0}"
OULAD,1,aligned,1,8831,CARE,native,CARE_native,0,below_policy_threshold,39.25,15.570564985275269,1.5899999999999999,3,"{""Test_1"": 5.75, ""Test_2"": 6.25, ""Test_3"": 15.25, ""Test_4"": 12.0, ""Test_5"": 0.0, ""Test_6"": 0.0, ""Test_7"": 0.0, ""Test_8"": 0.0, ""Test_9"": 0.0, ""Test_10"": 0.0, ""Test_11"": 0.0, ""sum_click"": 4597.0, ""mod_AAA"": 0.0, ""mod_BBB"": 0.0, ""mod_EEE"": 0.0, ""mod_FFF"": 1.0}"
OULAD,1,aligned,1,8831,CARE,bounded,CARE_bounded,1,OK,40.43,15.570564985275269,1.7905864161743663,5,"{""Test_1"": 5.75, ""Test_2"": 8.25, ""Test_3"": 16.0, ""Test_4"": 10.25, ""Test_5"": 0.18, ""Test_6"": 0.0, ""Test_7"": 0.0, ""Test_8"": 0.0, ""Test_9"": 0.0, ""Test_10"": 0.0, ""Test_11"": 0.0, ""sum_click"": 4797.0, ""mod_AAA"": 0.0, ""mod_BBB"": 0.0, ""mod_EEE"": 0.0, ""mod_FFF"": 1.0}"
OULAD,1,aligned,1,8831,CARE,bounded+edit,CARE_bounded+edit,1,OK,40.43,15.570564985275269,1.7905864161743663,5,"{""Test_1"": 5.75, ""Test_2"": 8.25, ""Test_3"": 16.0, ""Test_4"": 10.25, ""Test_5"": 0.18, ""Test_6"": 0.0, ""Test_7"": 0.0, ""Test_8"": 0.0, ""Test_9"": 0.0, ""Test_10"": 0.0, ""Test_11"": 0.0, ""sum_click"": 4797.0, ""mod_AAA"": 0.0, ""mod_BBB"": 0.0, ""mod_EEE"": 0.0, ""mod_FFF"": 1.0}"
OULAD,1,aligned,1,9144,CARE,native,CARE_native,0,below_policy_threshold,31.791,14.609957933425903,1.4115839666587682,3,"{""Test_1"": 0.0, ""Test_2"": 0.0, ""Test_3"": 16.433, ""Test_4"": 15.358, ""Test_5"": 0.0, ""Test_6"": 0.0, ""Test_7"": 0.0, ""Test_8"": 0.0, ""Test_9"": 0.0, ""Test_10"": 0.0, ""Test_11"": 0.0, ""sum_click"": 1152.0, ""mod_AAA"": 0.0, ""mod_BBB"": 0.0, ""mod_EEE"": 0.0, ""mod_FFF"": 1.0}"
OULAD,1,aligned,1,9144,CARE,bounded,CARE_bounded,0,below_policy_threshold,28.5,14.609957933425903,1.2483032490974728,3,"{""Test_1"": 0.0, ""Test_2"": 0.0, ""Test_3"": 11.0, ""Test_4"": 17.5, ""Test_5"": 0.0, ""Test_6"": 0.0, ""Test_7"": 0.0, ""Test_8"": 0.0, ""Test_9"": 0.0, ""Test_10"": 0.0, ""Test_11"": 0.0, ""sum_click"": 925.0, ""mod_AAA"": 0.0, ""mod_BBB"": 0.0, ""mod_EEE"": 0.0, ""mod_FFF"": 1.0}"
OULAD,1,aligned,1,9144,CARE,bounded+edit,CARE_bounded+edit,1,OK,41.0,14.609957933425903,2.248303249097473,4,"{""Test_1"": 0.0, ""Test_2"": 12.5, ""Test_3"": 11.0, ""Test_4"": 17.5, ""Test_5"": 0.0, ""Test_6"": 0.0, ""Test_7"": 0.0, ""Test_8"": 0.0, ""Test_9"": 0.0, ""Test_10"": 0.0, ""Test_11"": 0.0, ""sum_click"": 925.0, ""mod_AAA"": 0.0, ""mod_BBB"": 0.0, ""mod_EEE"": 0.0, ""mod_FFF"": 1.0}"
OULAD,1,aligned,1,10298,CARE,native,CARE_native,0,below_policy_threshold,29.047,14.748419523239136,1.4240570616328672,3,"{""Test_1"": 0.0, ""Test_2"": 0.0, ""Test_3"": 16.25, ""Test_4"": 12.797, ""Test_5"": 0.0, ""Test_6"": 0.0, ""Test_7"": 0.0, ""Test_8"": 0.0, ""Test_9"": 0.0, ""Test_10"": 0.0, ""Test_11"": 0.0, ""sum_click"": 2116.0, ""mod_AAA"": 0.0, ""mod_BBB"": 0.0, ""mod_EEE"": 0.0, ""mod_FFF"": 1.0}"
OULAD,1,aligned,1,10298,CARE,bounded,CARE_bounded,0,below_policy_threshold,31.476,14.748419523239136,1.3449207023510907,3,"{""Test_1"": 0.0, ""Test_2"": 0.0, ""Test_3"": 16.25, ""Test_4"": 15.226, ""Test_5"": 0.0, ""Test_6"": 0.0, ""Test_7"": 0.0, ""Test_8"": 0.0, ""Test_9"": 0.0, ""Test_10"": 0.0, ""Test_11"": 0.0, ""sum_click"": 872.0, ""mod_AAA"": 0.0, ""mod_BBB"": 0.0, ""mod_EEE"": 0.0, ""mod_FFF"": 1.0}"
OULAD,1,aligned,1,10298,CARE,bounded+edit,CARE_bounded+edit,1,OK,41.19822222222222,14.748419523239136,2.122698480128868,4,"{""Test_1"": 0.0, ""Test_2"": 9.722222, ""Test_3"": 16.25, ""Test_4"": 15.226, ""Test_5"": 0.0, ""Test_6"": 0.0, ""Test_7"": 0.0, ""Test_8"": 0.0, ""Test_9"": 0.0, ""Test_10"": 0.0, ""Test_11"": 0.0, ""sum_click"": 872.0, ""mod_AAA"": 0.0, ""mod_BBB"": 0.0, ""mod_EEE"": 0.0, ""mod_FFF"": 1.0}"
OULAD,1,aligned,1,10509,CARE,native,CARE_native,0,below_policy_threshold;immutable_changed:Test_1,38.412,14.001986742019653,1.3343412378705164,5,"{""Test_1"": 10.5, ""Test_2"": 0.682, ""Test_3"": 14.75, ""Test_4"": 10.25, ""Test_5"": 2.23, ""Test_6"": 0.0, ""Test_7"": 0.0, ""Test_8"": 0.0, ""Test_9"": 0.0, ""Test_10"": 0.0, ""Test_11"": 0.0, ""sum_click"": 1525.0, ""mod_AAA"": 0.0, ""mod_BBB"": 0.0, ""mod_EEE"": 0.0, ""mod_FFF"": 1.0}"
OULAD,1,aligned,1,10509,CARE,bounded,CARE_bounded,1,OK,42.5,14.001986742019653,1.9744196696591876,4,"{""Test_1"": 7.0, ""Test_2"": 10.0, ""Test_3"": 10.25, ""Test_4"": 15.25, ""Test_5"": 0.0, ""Test_6"": 0.0, ""Test_7"": 0.0, ""Test_8"": 0.0, ""Test_9"": 0.0, ""Test_10"": 0.0, ""Test_11"": 0.0, ""sum_click"": 1266.0, ""mod_AAA"": 0.0, ""mod_BBB"": 0.0, ""mod_EEE"": 0.0, ""mod_FFF"": 1.0}"
OULAD,1,aligned,1,10509,CARE,bounded+edit,CARE_bounded+edit,1,OK,42.5,14.001986742019653,1.9744196696591876,4,"{""Test_1"": 7.0, ""Test_2"": 10.0, ""Test_3"": 10.25, ""Test_4"": 15.25, ""Test_5"": 0.0, ""Test_6"": 0.0, ""Test_7"": 0.0, ""Test_8"": 0.0, ""Test_9"": 0.0, ""Test_10"": 0.0, ""Test_11"": 0.0, ""sum_click"": 1266.0, ""mod_AAA"": 0.0, ""mod_BBB"": 0.0, ""mod_EEE"": 0.0, ""mod_FFF"": 1.0}"
OULAD,1,aligned,1,11237,CARE,native,CARE_native,0,below_policy_threshold,33.872,14.446736097335815,1.5091443467222276,3,"{""Test_1"": 0.0, ""Test_2"": 0.0, ""Test_3"": 15.967, ""Test_4"": 17.905, ""Test_5"": 0.0, ""Test_6"": 0.0, ""Test_7"": 0.0, ""Test_8"": 0.0, ""Test_9"": 0.0, ""Test_10"": 0.0, ""Test_11"": 0.0, ""sum_click"": 1193.0, ""mod_AAA"": 0.0, ""mod_BBB"": 0.0, ""mod_EEE"": 0.0, ""mod_FFF"": 1.0}"
OULAD,1,aligned,1,11237,CARE,bounded,CARE_bounded,0,below_policy_threshold,25.027,14.446736097335815,1.156172241248465,3,"{""Test_1"": 0.0, ""Test_2"": 0.0, ""Test_3"": 12.5, ""Test_4"": 12.527, ""Test_5"": 0.0, ""Test_6"": 0.0, ""Test_7"": 0.0, ""Test_8"": 0.0, ""Test_9"": 0.0, ""Test_10"": 0.0, ""Test_11"": 0.0, ""sum_click"": 1199.0, ""mod_AAA"": 0.0, ""mod_BBB"": 0.0, ""mod_EEE"": 0.0, ""mod_FFF"": 1.0}"
OULAD,1,aligned,1,11237,CARE,bounded+edit,CARE_bounded+edit,1,OK,41.693666666666665,14.446736097335815,1.8228389079151315,4,"{""Test_1"": 0.0, ""Test_2"": 0.0, ""Test_3"": 12.5, ""Test_4"": 12.527, ""Test_5"": 16.666667, ""Test_6"": 0.0, ""Test_7"": 0.0, ""Test_8"": 0.0, ""Test_9"": 0.0, ""Test_10"": 0.0, ""Test_11"": 0.0, ""sum_click"": 1199.0, ""mod_AAA"": 0.0, ""mod_BBB"": 0.0, ""mod_EEE"": 0.0, ""mod_FFF"": 1.0}"
OULAD,1,aligned,1,11626,CARE,native,CARE_native,0,below_policy_threshold,25.118000000000002,14.267060041427612,1.1432967273830372,3,"{""Test_1"": 0.0, ""Test_2"": 0.0, ""Test_3"": 9.868, ""Test_4"": 15.25, ""Test_5"": 0.0, ""Test_6"": 0.0, ""Test_7"": 0.0, ""Test_8"": 0.0, ""Test_9"": 0.0, ""Test_10"": 0.0, ""Test_11"": 0.0, ""sum_click"": 1075.0, ""mod_AAA"": 0.0, ""mod_BBB"": 0.0, ""mod_EEE"": 0.0, ""mod_FFF"": 1.0}"
OULAD,1,aligned,1,11626,CARE,bounded,CARE_bounded,0,below_policy_threshold,24.194000000000003,14.267060041427612,1.1226074277125877,3,"{""Test_1"": 0.0, ""Test_2"": 0.0, ""Test_3"": 8.694, ""Test_4"": 15.5, ""Test_5"": 0.0, ""Test_6"": 0.0, ""Test_7"": 0.0, ""Test_8"": 0.0, ""Test_9"": 0.0, ""Test_10"": 0.0, ""Test_11"": 0.0, ""sum_click"": 1193.0, ""mod_AAA"": 0.0, ""mod_BBB"": 0.0, ""mod_EEE"": 0.0, ""mod_FFF"": 1.0}"
OULAD,1,aligned,1,11626,CARE,bounded+edit,CARE_bounded+edit,1,OK,40.86066666666667,14.267060041427612,1.7892740943792542,4,"{""Test_1"": 0.0, ""Test_2"": 0.0, ""Test_3"": 8.694, ""Test_4"": 15.5, ""Test_5"": 16.666667, ""Test_6"": 0.0, ""Test_7"": 0.0, ""Test_8"": 0.0, ""Test_9"": 0.0, ""Test_10"": 0.0, ""Test_11"": 0.0, ""sum_click"": 1193.0, ""mod_AAA"": 0.0, ""mod_BBB"": 0.0, ""mod_EEE"": 0.0, ""mod_FFF"": 1.0}"
OULAD,1,aligned,1,11950,CARE,native,CARE_native,0,below_policy_threshold;out_of_bounds:sum_click,38.0,13.944053173065186,1.291927173643795,3,"{""Test_1"": 7.25, ""Test_2"": 0.0, ""Test_3"": 19.0, ""Test_4"": 0.0, ""Test_5"": 11.75, ""Test_6"": 0.0, ""Test_7"": 0.0, ""Test_8"": 0.0, ""Test_9"": 0.0, ""Test_10"": 0.0, ""Test_11"": 0.0, ""sum_click"": 3464.0, ""mod_AAA"": 0.0, ""mod_BBB"": 0.0, ""mod_EEE"": 0.0, ""mod_FFF"": 1.0}"
OULAD,1,aligned,1,11950,CARE,bounded,CARE_bounded,1,OK,42.796,13.944053173065186,1.5319327531445244,4,"{""Test_1"": 7.25, ""Test_2"": 0.0, ""Test_3"": 19.546, ""Test_4"": 10.25, ""Test_5"": 5.75, ""Test_6"": 0.0, ""Test_7"": 0.0, ""Test_8"": 0.0, ""Test_9"": 0.0, ""Test_10"": 0.0, ""Test_11"": 0.0, ""sum_click"": 4089.0, ""mod_AAA"": 0.0, ""mod_BBB"": 0.0, ""mod_EEE"": 0.0, ""mod_FFF"": 1.0}"
OULAD,1,aligned,1,11950,CARE,bounded+edit,CARE_bounded+edit,1,OK,42.796,13.944053173065186,1.5319327531445244,4,"{""Test_1"": 7.25, ""Test_2"": 0.0, ""Test_3"": 19.546, ""Test_4"": 10.25, ""Test_5"": 5.75, ""Test_6"": 0.0, ""Test_7"": 0.0, ""Test_8"": 0.0, ""Test_9"": 0.0, ""Test_10"": 0.0, ""Test_11"": 0.0, ""sum_click"": 4089.0, ""mod_AAA"": 0.0, ""mod_BBB"": 0.0, ""mod_EEE"": 0.0, ""mod_FFF"": 1.0}"
OULAD,1,aligned,1,12455,CARE,native,CARE_native,0,below_policy_threshold,35.55,13.64767336845398,1.122,2,"{""Test_1"": 7.5, ""Test_2"": 0.0, ""Test_3"": 20.25, ""Test_4"": 0.0, ""Test_5"": 7.8, ""Test_6"": 0.0, ""Test_7"": 0.0, ""Test_8"": 0.0, ""Test_9"": 0.0, ""Test_10"": 0.0, ""Test_11"": 0.0, ""sum_click"": 6171.0, ""mod_AAA"": 0.0, ""mod_BBB"": 0.0, ""mod_EEE"": 0.0, ""mod_FFF"": 1.0}"
OULAD,1,aligned,1,12455,CARE,bounded,CARE_bounded,0,below_policy_threshold,39.796,13.64767336845398,1.29184,2,"{""Test_1"": 7.5, ""Test_2"": 0.0, ""Test_3"": 0.0, ""Test_4"": 13.546, ""Test_5"": 18.75, ""Test_6"": 0.0, ""Test_7"": 0.0, ""Test_8"": 0.0, ""Test_9"": 0.0, ""Test_10"": 0.0, ""Test_11"": 0.0, ""sum_click"": 6171.0, ""mod_AAA"": 0.0, ""mod_BBB"": 0.0, ""mod_EEE"": 0.0, ""mod_FFF"": 1.0}"
OULAD,1,aligned,1,12455,CARE,bounded+edit,CARE_bounded+edit,1,OK,41.18488888888889,13.64767336845398,1.402951111111111,3,"{""Test_1"": 7.5, ""Test_2"": 1.388889, ""Test_3"": 0.0, ""Test_4"": 13.546, ""Test_5"": 18.75, ""Test_6"": 0.0, ""Test_7"": 0.0, ""Test_8"": 0.0, ""Test_9"": 0.0, ""Test_10"": 0.0, ""Test_11"": 0.0, ""sum_click"": 6171.0, ""mod_AAA"": 0.0, ""mod_BBB"": 0.0, ""mod_EEE"": 0.0, ""mod_FFF"": 1.0}"
OULAD,1,aligned,1,12509,CARE,native,CARE_native,1,OK,40.885999999999996,13.996078729629517,1.35544,2,"{""Test_1"": 7.0, ""Test_2"": 0.0, ""Test_3"": 18.886, ""Test_4"": 0.0, ""Test_5"": 15.0, ""Test_6"": 0.0, ""Test_7"": 0.0, ""Test_8"": 0.0, ""Test_9"": 0.0, ""Test_10"": 0.0, ""Test_11"": 0.0, ""sum_click"": 4782.0, ""mod_AAA"": 0.0, ""mod_BBB"": 0.0, ""mod_EEE"": 0.0, ""mod_FFF"": 1.0}"
OULAD,1,aligned,1,12509,CARE,bounded,CARE_bounded,0,below_policy_threshold,39.25,13.996078729629517,1.7263571231744281,4,"{""Test_1"": 7.0, ""Test_2"": 6.5, ""Test_3"": 12.75, ""Test_4"": 13.0, ""Test_5"": 0.0, ""Test_6"": 0.0, ""Test_7"": 0.0, ""Test_8"": 0.0, ""Test_9"": 0.0, ""Test_10"": 0.0, ""Test_11"": 0.0, ""sum_click"": 5230.0, ""mod_AAA"": 0.0, ""mod_BBB"": 0.0, ""mod_EEE"": 0.0, ""mod_FFF"": 1.0}"
OULAD,1,aligned,1,12509,CARE,bounded+edit,CARE_bounded+edit,1,OK,42.02777777777778,13.996078729629517,1.8374682342855393,5,"{""Test_1"": 7.0, ""Test_2"": 6.5, ""Test_3"": 12.75, ""Test_4"": 13.0, ""Test_5"": 2.777778, ""Test_6"": 0.0, ""Test_7"": 0.0, ""Test_8"": 0.0, ""Test_9"": 0.0, ""Test_10"": 0.0, ""Test_11"": 0.0, ""sum_click"": 5230.0, ""mod_AAA"": 0.0, ""mod_BBB"": 0.0, ""mod_EEE"": 0.0, ""mod_FFF"": 1.0}"
OULAD,1,aligned,1,13272,CARE,native,CARE_native,1,OK,40.36,14.723054647445679,1.4744000000000002,3,"{""Test_1"": 7.5, ""Test_2"": 4.0, ""Test_3"": 14.0, ""Test_4"": 14.86, ""Test_5"": 0.0, ""Test_6"": 0.0, ""Test_7"": 0.0, ""Test_8"": 0.0, ""Test_9"": 0.0, ""Test_10"": 0.0, ""Test_11"": 0.0, ""sum_click"": 2418.0, ""mod_AAA"": 0.0, ""mod_BBB"": 0.0, ""mod_EEE"": 0.0, ""mod_FFF"": 1.0}"
OULAD,1,aligned,1,13272,CARE,bounded,CARE_bounded,0,below_policy_threshold,39.51899999999999,14.723054647445679,1.6366663458597555,3,"{""Test_1"": 7.5, ""Test_2"": 8.811, ""Test_3"": 0.0, ""Test_4"": 23.208, ""Test_5"": 0.0, ""Test_6"": 0.0, ""Test_7"": 0.0, ""Test_8"": 0.0, ""Test_9"": 0.0, ""Test_10"": 0.0, ""Test_11"": 0.0, ""sum_click"": 2435.0, ""mod_AAA"": 0.0, ""mod_BBB"": 0.0, ""mod_EEE"": 0.0, ""mod_FFF"": 1.0}"
OULAD,1,aligned,1,13272,CARE,bounded+edit,CARE_bounded+edit,1,OK,42.29677777777778,14.723054647445679,1.7477774569708666,4,"{""Test_1"": 7.5, ""Test_2"": 8.811, ""Test_3"": 2.777778, ""Test_4"": 23.208, ""Test_5"": 0.0, ""Test_6"": 0.0, ""Test_7"": 0.0, ""Test_8"": 0.0, ""Test_9"": 0.0, ""Test_10"": 0.0, ""Test_11"": 0.0, ""sum_click"": 2435.0, ""mod_AAA"": 0.0, ""mod_BBB"": 0.0, ""mod_EEE"": 0.0, ""mod_FFF"": 1.0}"
OULAD,1,aligned,2,687,CARE,native,CARE_native,0,below_policy_threshold;out_of_bounds:Test_3,28.290999999999997,13.93177318572998,7.9915007016201045,3,"{""Test_1"": 4.25, ""Test_2"": 0.0, ""Test_3"": 6.891, ""Test_4"": 17.15, ""Test_5"": 0.0, ""Test_6"": 0.0, ""Test_7"": 0.0, ""Test_8"": 0.0, ""Test_9"": 0.0, ""Test_10"": 0.0, ""Test_11"": 0.0, ""sum_click"": 535.0, ""mod_AAA"": 0.0, ""mod_BBB"": 1.0, ""mod_EEE"": 0.0, ""mod_FFF"": 0.0}"
OULAD,1,aligned,2,687,CARE,bounded,CARE_bounded,0,below_policy_threshold;out_of_bounds:Test_3,32.105000000000004,13.93177318572998,17.70540279372369,3,"{""Test_1"": 4.25, ""Test_2"": 0.0, ""Test_3"": 16.8, ""Test_4"": 11.055, ""Test_5"": 0.0, ""Test_6"": 0.0, ""Test_7"": 0.0, ""Test_8"": 0.0, ""Test_9"": 0.0, ""Test_10"": 0.0, ""Test_11"": 0.0, ""sum_click"": 910.0, ""mod_AAA"": 0.0, ""mod_BBB"": 1.0, ""mod_EEE"": 0.0, ""mod_FFF"": 0.0}"
OULAD,1,aligned,2,687,CARE,bounded+edit,CARE_bounded+edit,0,out_of_bounds:Test_3;classifier_target_not_met,40.105000000000004,13.93177318572998,18.14984723816813,4,"{""Test_1"": 4.25, ""Test_2"": 0.0, ""Test_3"": 16.8, ""Test_4"": 11.055, ""Test_5"": 0.0, ""Test_6"": 8.0, ""Test_7"": 0.0, ""Test_8"": 0.0, ""Test_9"": 0.0, ""Test_10"": 0.0, ""Test_11"": 0.0, ""sum_click"": 910.0, ""mod_AAA"": 0.0, ""mod_BBB"": 1.0, ""mod_EEE"": 0.0, ""mod_FFF"": 0.0}"
OULAD,1,aligned,2,758,CARE,native,CARE_native,0,below_policy_threshold;out_of_bounds:Test_3,30.093,14.79472541809082,14.289366088497227,3,"{""Test_1"": 2.95, ""Test_2"": 0.0, ""Test_3"": 13.3, ""Test_4"": 13.843, ""Test_5"": 0.0, ""Test_6"": 0.0, ""Test_7"": 0.0, ""Test_8"": 0.0, ""Test_9"": 0.0, ""Test_10"": 0.0, ""Test_11"": 0.0, ""sum_click"": 904.0, ""mod_AAA"": 0.0, ""mod_BBB"": 1.0, ""mod_EEE"": 0.0, ""mod_FFF"": 0.0}"
OULAD,1,aligned,2,758,CARE,bounded,CARE_bounded,0,below_policy_threshold,20.058,14.79472541809082,0.9504444444444444,1,"{""Test_1"": 2.95, ""Test_2"": 0.0, ""Test_3"": 0.0, ""Test_4"": 17.108, ""Test_5"": 0.0, ""Test_6"": 0.0, ""Test_7"": 0.0, ""Test_8"": 0.0, ""Test_9"": 0.0, ""Test_10"": 0.0, ""Test_11"": 0.0, ""sum_click"": 379.0, ""mod_AAA"": 0.0, ""mod_BBB"": 1.0, ""mod_EEE"": 0.0, ""mod_FFF"": 0.0}"
OULAD,1,aligned,2,758,CARE,bounded+edit,CARE_bounded+edit,0,below_policy_threshold,20.058,14.79472541809082,0.9504444444444444,1,"{""Test_1"": 2.95, ""Test_2"": 0.0, ""Test_3"": 0.0, ""Test_4"": 17.108, ""Test_5"": 0.0, ""Test_6"": 0.0, ""Test_7"": 0.0, ""Test_8"": 0.0, ""Test_9"": 0.0, ""Test_10"": 0.0, ""Test_11"": 0.0, ""sum_click"": 379.0, ""mod_AAA"": 0.0, ""mod_BBB"": 1.0, ""mod_EEE"": 0.0, ""mod_FFF"": 0.0}"
OULAD,1,aligned,2,1226,CARE,native,CARE_native,0,below_policy_threshold;out_of_bounds:Test_3;immutable_changed:Test_1;immutable_changed:Test_2,37.999,13.686182260513306,21.373280231716148,2,"{""Test_1"": 4.4, ""Test_2"": 12.599, ""Test_3"": 21.0, ""Test_4"": 0.0, ""Test_5"": 0.0, ""Test_6"": 0.0, ""Test_7"": 0.0, ""Test_8"": 0.0, ""Test_9"": 0.0, ""Test_10"": 0.0, ""Test_11"": 0.0, ""sum_click"": 1031.0, ""mod_AAA"": 0.0, ""mod_BBB"": 1.0, ""mod_EEE"": 0.0, ""mod_FFF"": 0.0}"
OULAD,1,aligned,2,1226,CARE,bounded,CARE_bounded,0,below_policy_threshold,17.5,13.686182260513306,1.0087899267841338,2,"{""Test_1"": 0.0, ""Test_2"": 0.0, ""Test_3"": 0.0, ""Test_4"": 17.5, ""Test_5"": 0.0, ""Test_6"": 0.0, ""Test_7"": 0.0, ""Test_8"": 0.0, ""Test_9"": 0.0, ""Test_10"": 0.0, ""Test_11"": 0.0, ""sum_click"": 101.0, ""mod_AAA"": 0.0, ""mod_BBB"": 1.0, ""mod_EEE"": 0.0, ""mod_FFF"": 0.0}"
OULAD,1,aligned,2,1226,CARE,bounded+edit,CARE_bounded+edit,0,below_policy_threshold,17.5,13.686182260513306,1.0087899267841338,2,"{""Test_1"": 0.0, ""Test_2"": 0.0, ""Test_3"": 0.0, ""Test_4"": 17.5, ""Test_5"": 0.0, ""Test_6"": 0.0, ""Test_7"": 0.0, ""Test_8"": 0.0, ""Test_9"": 0.0, ""Test_10"": 0.0, ""Test_11"": 0.0, ""sum_click"": 101.0, ""mod_AAA"": 0.0, ""mod_BBB"": 1.0, ""mod_EEE"": 0.0, ""mod_FFF"": 0.0}"
OULAD,1,aligned,2,1383,CARE,native,CARE_native,0,below_policy_threshold;out_of_bounds:Test_3;immutable_changed:Test_1,30.932,14.750108003616333,15.054026872636577,3,"{""Test_1"": 2.932, ""Test_2"": 0.0, ""Test_3"": 14.0, ""Test_4"": 14.0, ""Test_5"": 0.0, ""Test_6"": 0.0, ""Test_7"": 0.0, ""Test_8"": 0.0, ""Test_9"": 0.0, ""Test_10"": 0.0, ""Test_11"": 0.0, ""sum_click"": 763.0, ""mod_AAA"": 0.0, ""mod_BBB"": 1.0, ""mod_EEE"": 0.0, ""mod_FFF"": 0.0}"
OULAD,1,aligned,2,1383,CARE,bounded,CARE_bounded,0,below_policy_threshold,15.0,14.750108003616333,2.1025424410652507,4,"{""Test_1"": 0.0, ""Test_2"": 0.0, ""Test_3"": 0.0, ""Test_4"": 14.0, ""Test_5"": 0.0, ""Test_6"": 0.0, ""Test_7"": 0.4, ""Test_8"": 0.0, ""Test_9"": 0.6, ""Test_10"": 0.0, ""Test_11"": 0.0, ""sum_click"": 897.0, ""mod_AAA"": 0.0, ""mod_BBB"": 1.0, ""mod_EEE"": 0.0, ""mod_FFF"": 0.0}"
OULAD,1,aligned,2,1383,CARE,bounded+edit,CARE_bounded+edit,0,below_policy_threshold,15.0,14.750108003616333,2.1025424410652507,4,"{""Test_1"": 0.0, ""Test_2"": 0.0, ""Test_3"": 0.0, ""Test_4"": 14.0, ""Test_5"": 0.0, ""Test_6"": 0.0, ""Test_7"": 0.4, ""Test_8"": 0.0, ""Test_9"": 0.6, ""Test_10"": 0.0, ""Test_11"": 0.0, ""sum_click"": 897.0, ""mod_AAA"": 0.0, ""mod_BBB"": 1.0, ""mod_EEE"": 0.0, ""mod_FFF"": 0.0}"
OULAD,1,aligned,2,1387,CARE,native,CARE_native,0,below_policy_threshold;out_of_bounds:Test_3;immutable_changed:Test_1,38.275999999999996,13.869140863418579,16.204333333333334,2,"{""Test_1"": 4.5, ""Test_2"": 4.68, ""Test_3"": 15.446, ""Test_4"": 13.65, ""Test_5"": 0.0, ""Test_6"": 0.0, ""Test_7"": 0.0, ""Test_8"": 0.0, ""Test_9"": 0.0, ""Test_10"": 0.0, ""Test_11"": 0.0, ""sum_click"": 919.0, ""mod_AAA"": 0.0, ""mod_BBB"": 1.0, ""mod_EEE"": 0.0, ""mod_FFF"": 0.0}"
OULAD,1,aligned,2,1387,CARE,bounded,CARE_bounded,0,below_policy_threshold,33.92,13.869140863418579,1.518888888888889,2,"{""Test_1"": 1.9, ""Test_2"": 4.68, ""Test_3"": 0.0, ""Test_4"": 12.24, ""Test_5"": 0.0, ""Test_6"": 15.1, ""Test_7"": 0.0, ""Test_8"": 0.0, ""Test_9"": 0.0, ""Test_10"": 0.0, ""Test_11"": 0.0, ""sum_click"": 919.0, ""mod_AAA"": 0.0, ""mod_BBB"": 1.0, ""mod_EEE"": 0.0, ""mod_FFF"": 0.0}"
OULAD,1,aligned,2,1387,CARE,bounded+edit,CARE_bounded+edit,1,OK,41.92,13.869140863418579,1.9633333333333334,3,"{""Test_1"": 1.9, ""Test_2"": 4.68, ""Test_3"": 0.0, ""Test_4"": 12.24, ""Test_5"": 0.0, ""Test_6"": 15.1, ""Test_7"": 0.0, ""Test_8"": 8.0, ""Test_9"": 0.0, ""Test_10"": 0.0, ""Test_11"": 0.0, ""sum_click"": 919.0, ""mod_AAA"": 0.0, ""mod_BBB"": 1.0, ""mod_EEE"": 0.0, ""mod_FFF"": 0.0}"
OULAD,1,aligned,2,1701,CARE,native,CARE_native,0,below_policy_threshold;out_of_bounds:Test_3,30.0,14.059226751327515,9.742477285988162,3,"{""Test_1"": 3.75, ""Test_2"": 0.0, ""Test_3"": 8.75, ""Test_4"": 17.5, ""Test_5"": 0.0, ""Test_6"": 0.0, ""Test_7"": 0.0, ""Test_8"": 0.0, ""Test_9"": 0.0, ""Test_10"": 0.0, ""Test_11"": 0.0, ""sum_click"": 150.0, ""mod_AAA"": 0.0, ""mod_BBB"": 1.0, ""mod_EEE"": 0.0, ""mod_FFF"": 0.0}"
OULAD,1,aligned,2,1701,CARE,bounded,CARE_bounded,0,below_policy_threshold;out_of_bounds:Test_3,35.25,14.059226751327515,16.768660915228807,3,"{""Test_1"": 3.75, ""Test_2"": 0.0, ""Test_3"": 15.75, ""Test_4"": 15.75, ""Test_5"": 0.0, ""Test_6"": 0.0, ""Test_7"": 0.0, ""Test_8"": 0.0, ""Test_9"": 0.0, ""Test_10"": 0.0, ""Test_11"": 0.0, ""sum_click"": 479.0, ""mod_AAA"": 0.0, ""mod_BBB"": 1.0, ""mod_EEE"": 0.0, ""mod_FFF"": 0.0}"
OULAD,1,aligned,2,1701,CARE,bounded+edit,CARE_bounded+edit,0,out_of_bounds:Test_3,41.25,14.059226751327515,17.10199424856214,4,"{""Test_1"": 3.75, ""Test_2"": 0.0, ""Test_3"": 15.75, ""Test_4"": 15.75, ""Test_5"": 0.0, ""Test_6"": 6.0, ""Test_7"": 0.0, ""Test_8"": 0.0, ""Test_9"": 0.0, ""Test_10"": 0.0, ""Test_11"": 0.0, ""sum_click"": 479.0, ""mod_AAA"": 0.0, ""mod_BBB"": 1.0, ""mod_EEE"": 0.0, ""mod_FFF"": 0.0}"
OULAD,1,aligned,2,1857,CARE,native,CARE_native,0,below_policy_threshold;out_of_bounds:Test_3,31.85,13.510571002960205,16.763616071428572,3,"{""Test_1"": 3.5, ""Test_2"": 0.0, ""Test_3"": 15.75, ""Test_4"": 12.6, ""Test_5"": 0.0, ""Test_6"": 0.0, ""Test_7"": 0.0, ""Test_8"": 0.0, ""Test_9"": 0.0, ""Test_10"": 0.0, ""Test_11"": 0.0, ""sum_click"": 917.0, ""mod_AAA"": 0.0, ""mod_BBB"": 1.0, ""mod_EEE"": 0.0, ""mod_FFF"": 0.0}"
OULAD,1,aligned,2,1857,CARE,bounded,CARE_bounded,0,below_policy_threshold,33.309,13.510571002960205,3.261611111111111,4,"{""Test_1"": 3.5, ""Test_2"": 0.0, ""Test_3"": 0.0, ""Test_4"": 15.609, ""Test_5"": 0.0, ""Test_6"": 0.0, ""Test_7"": 1.0, ""Test_8"": 0.0, ""Test_9"": 0.7, ""Test_10"": 12.5, ""Test_11"": 0.0, ""sum_click"": 74.0, ""mod_AAA"": 0.0, ""mod_BBB"": 1.0, ""mod_EEE"": 0.0, ""mod_FFF"": 0.0}"
OULAD,1,aligned,2,1857,CARE,bounded+edit,CARE_bounded+edit,1,OK,41.309,13.510571002960205,3.7060555555555554,5,"{""Test_1"": 3.5, ""Test_2"": 0.0, ""Test_3"": 0.0, ""Test_4"": 15.609, ""Test_5"": 0.0, ""Test_6"": 8.0, ""Test_7"": 1.0, ""Test_8"": 0.0, ""Test_9"": 0.7, ""Test_10"": 12.5, ""Test_11"": 0.0, ""sum_click"": 74.0, ""mod_AAA"": 0.0, ""mod_BBB"": 1.0, ""mod_EEE"": 0.0, ""mod_FFF"": 0.0}"
OULAD,1,aligned,2,2312,CARE,native,CARE_native,0,below_policy_threshold;out_of_bounds:Test_3,37.751000000000005,13.582471132278442,14.74061111111111,2,"{""Test_1"": 2.5, ""Test_2"": 7.92, ""Test_3"": 14.0, ""Test_4"": 13.331, ""Test_5"": 0.0, ""Test_6"": 0.0, ""Test_7"": 0.0, ""Test_8"": 0.0, ""Test_9"": 0.0, ""Test_10"": 0.0, ""Test_11"": 0.0, ""sum_click"": 890.0, ""mod_AAA"": 0.0, ""mod_BBB"": 1.0, ""mod_EEE"": 0.0, ""mod_FFF"": 0.0}"
OULAD,1,aligned,2,2312,CARE,bounded,CARE_bounded,1,OK,46.81,13.582471132278442,2.276666666666667,5,"{""Test_1"": 2.5, ""Test_2"": 7.92, ""Test_3"": 0.0, ""Test_4"": 7.82, ""Test_5"": 0.27, ""Test_6"": 6.8, ""Test_7"": 0.0, ""Test_8"": 11.2, ""Test_9"": 0.0, ""Test_10"": 10.3, ""Test_11"": 0.0, ""sum_click"": 890.0, ""mod_AAA"": 0.0, ""mod_BBB"": 1.0, ""mod_EEE"": 0.0, ""mod_FFF"": 0.0}"
OULAD,1,aligned,2,2312,CARE,bounded+edit,CARE_bounded+edit,1,OK,46.81,13.582471132278442,2.276666666666667,5,"{""Test_1"": 2.5, ""Test_2"": 7.92, ""Test_3"": 0.0, ""Test_4"": 7.82, ""Test_5"": 0.27, ""Test_6"": 6.8, ""Test_7"": 0.0, ""Test_8"": 11.2, ""Test_9"": 0.0, ""Test_10"": 10.3, ""Test_11"": 0.0, ""sum_click"": 890.0, ""mod_AAA"": 0.0, ""mod_BBB"": 1.0, ""mod_EEE"": 0.0, ""mod_FFF"": 0.0}"
OULAD,1,aligned,2,2339,CARE,native,CARE_native,0,below_policy_threshold;out_of_bounds:Test_3,36.212,13.244372367858887,14.754,2,"{""Test_1"": 0.0, ""Test_2"": 8.64, ""Test_3"": 14.0, ""Test_4"": 13.572, ""Test_5"": 0.0, ""Test_6"": 0.0, ""Test_7"": 0.0, ""Test_8"": 0.0, ""Test_9"": 0.0, ""Test_10"": 0.0, ""Test_11"": 0.0, ""sum_click"": 144.0, ""mod_AAA"": 0.0, ""mod_BBB"": 1.0, ""mod_EEE"": 0.0, ""mod_FFF"": 0.0}"
OULAD,1,aligned,2,2339,CARE,bounded,CARE_bounded,0,below_policy_threshold,31.444000000000003,13.244372367858887,1.6270875137933962,3,"{""Test_1"": 0.0, ""Test_2"": 8.64, ""Test_3"": 0.0, ""Test_4"": 10.204, ""Test_5"": 0.0, ""Test_6"": 12.6, ""Test_7"": 0.0, ""Test_8"": 0.0, ""Test_9"": 0.0, ""Test_10"": 0.0, ""Test_11"": 0.0, ""sum_click"": 1087.0, ""mod_AAA"": 0.0, ""mod_BBB"": 1.0, ""mod_EEE"": 0.0, ""mod_FFF"": 0.0}"
OULAD,1,aligned,2,2339,CARE,bounded+edit,CARE_bounded+edit,1,OK,41.444,13.244372367858887,2.182643069348952,4,"{""Test_1"": 0.0, ""Test_2"": 8.64, ""Test_3"": 0.0, ""Test_4"": 10.204, ""Test_5"": 0.0, ""Test_6"": 12.6, ""Test_7"": 0.0, ""Test_8"": 10.0, ""Test_9"": 0.0, ""Test_10"": 0.0, ""Test_11"": 0.0, ""sum_click"": 1087.0, ""mod_AAA"": 0.0, ""mod_BBB"": 1.0, ""mod_EEE"": 0.0, ""mod_FFF"": 0.0}"
OULAD,1,aligned,2,2992,CARE,native,CARE_native,0,below_policy_threshold;out_of_bounds:Test_3;immutable_changed:Test_1,33.623,13.908493757247925,16.620978764478764,3,"{""Test_1"": 5.156, ""Test_2"": 0.0, ""Test_3"": 15.75, ""Test_4"": 12.717, ""Test_5"": 0.0, ""Test_6"": 0.0, ""Test_7"": 0.0, ""Test_8"": 0.0, ""Test_9"": 0.0, ""Test_10"": 0.0, ""Test_11"": 0.0, ""sum_click"": 598.0, ""mod_AAA"": 0.0, ""mod_BBB"": 1.0, ""mod_EEE"": 0.0, ""mod_FFF"": 0.0}"
OULAD,1,aligned,2,2992,CARE,bounded,CARE_bounded,0,below_policy_threshold,18.05,13.908493757247925,0.9333333333333333,1,"{""Test_1"": 1.25, ""Test_2"": 0.0, ""Test_3"": 0.0, ""Test_4"": 16.8, ""Test_5"": 0.0, ""Test_6"": 0.0, ""Test_7"": 0.0, ""Test_8"": 0.0, ""Test_9"": 0.0, ""Test_10"": 0.0, ""Test_11"": 0.0, ""sum_click"": 172.0, ""mod_AAA"": 0.0, ""mod_BBB"": 1.0, ""mod_EEE"": 0.0, ""mod_FFF"": 0.0}"
OULAD,1,aligned,2,2992,CARE,bounded+edit,CARE_bounded+edit,0,below_policy_threshold,18.05,13.908493757247925,0.9333333333333333,1,"{""Test_1"": 1.25, ""Test_2"": 0.0, ""Test_3"": 0.0, ""Test_4"": 16.8, ""Test_5"": 0.0, ""Test_6"": 0.0, ""Test_7"": 0.0, ""Test_8"": 0.0, ""Test_9"": 0.0, ""Test_10"": 0.0, ""Test_11"": 0.0, ""sum_click"": 172.0, ""mod_AAA"": 0.0, ""mod_BBB"": 1.0, ""mod_EEE"": 0.0, ""mod_FFF"": 0.0}"
OULAD,1,aligned,2,3161,CARE,native,CARE_native,0,below_policy_threshold;out_of_bounds:Test_3;immutable_changed:Test_1;immutable_changed:Test_2,37.735,14.091689586639404,24.04618573797678,2,"{""Test_1"": 2.889, ""Test_2"": 11.396, ""Test_3"": 23.45, ""Test_4"": 0.0, ""Test_5"": 0.0, ""Test_6"": 0.0, ""Test_7"": 0.0, ""Test_8"": 0.0, ""Test_9"": 0.0, ""Test_10"": 0.0, ""Test_11"": 0.0, ""sum_click"": 1788.0, ""mod_AAA"": 0.0, ""mod_BBB"": 1.0, ""mod_EEE"": 0.0, ""mod_FFF"": 0.0}"
OULAD,1,aligned,2,3161,CARE,bounded,CARE_bounded,1,OK,43.31999999999999,14.091689586639404,2.05,3,"{""Test_1"": 2.7, ""Test_2"": 8.82, ""Test_3"": 0.0, ""Test_4"": 14.0, ""Test_5"": 0.0, ""Test_6"": 0.0, ""Test_7"": 0.0, ""Test_8"": 17.5, ""Test_9"": 0.3, ""Test_10"": 0.0, ""Test_11"": 0.0, ""sum_click"": 350.0, ""mod_AAA"": 0.0, ""mod_BBB"": 1.0, ""mod_EEE"": 0.0, ""mod_FFF"": 0.0}"
OULAD,1,aligned,2,3161,CARE,bounded+edit,CARE_bounded+edit,1,OK,43.31999999999999,14.091689586639404,2.05,3,"{""Test_1"": 2.7, ""Test_2"": 8.82, ""Test_3"": 0.0, ""Test_4"": 14.0, ""Test_5"": 0.0, ""Test_6"": 0.0, ""Test_7"": 0.0, ""Test_8"": 17.5, ""Test_9"": 0.3, ""Test_10"": 0.0, ""Test_11"": 0.0, ""sum_click"": 350.0, ""mod_AAA"": 0.0, ""mod_BBB"": 1.0, ""mod_EEE"": 0.0, ""mod_FFF"": 0.0}"
OULAD,1,aligned,2,3410,CARE,native,CARE_native,0,below_policy_threshold;out_of_bounds:Test_3;immutable_changed:Test_1,32.211,13.373807430267334,16.966950277576636,3,"{""Test_1"": 2.461, ""Test_2"": 0.0, ""Test_3"": 16.1, ""Test_4"": 13.65, ""Test_5"": 0.0, ""Test_6"": 0.0, ""Test_7"": 0.0, ""Test_8"": 0.0, ""Test_9"": 0.0, ""Test_10"": 0.0, ""Test_11"": 0.0, ""sum_click"": 300.0, ""mod_AAA"": 0.0, ""mod_BBB"": 1.0, ""mod_EEE"": 0.0, ""mod_FFF"": 0.0}"
OULAD,1,aligned,2,3410,CARE,bounded,CARE_bounded,0,below_policy_threshold,15.95,13.373807430267334,1.1546785743020356,2,"{""Test_1"": 1.95, ""Test_2"": 0.0, ""Test_3"": 0.0, ""Test_4"": 14.0, ""Test_5"": 0.0, ""Test_6"": 0.0, ""Test_7"": 0.0, ""Test_8"": 0.0, ""Test_9"": 0.0, ""Test_10"": 0.0, ""Test_11"": 0.0, ""sum_click"": 1041.0, ""mod_AAA"": 0.0, ""mod_BBB"": 1.0, ""mod_EEE"": 0.0, ""mod_FFF"": 0.0}"
OULAD,1,aligned,2,3410,CARE,bounded+edit,CARE_bounded+edit,0,below_policy_threshold,15.95,13.373807430267334,1.1546785743020356,2,"{""Test_1"": 1.95, ""Test_2"": 0.0, ""Test_3"": 0.0, ""Test_4"": 14.0, ""Test_5"": 0.0, ""Test_6"": 0.0, ""Test_7"": 0.0, ""Test_8"": 0.0, ""Test_9"": 0.0, ""Test_10"": 0.0, ""Test_11"": 0.0, ""sum_click"": 1041.0, ""mod_AAA"": 0.0, ""mod_BBB"": 1.0, ""mod_EEE"": 0.0, ""mod_FFF"": 0.0}"
OULAD,1,aligned,2,4144,CARE,native,CARE_native,0,below_policy_threshold;out_of_bounds:Test_3,35.832,14.099165916442871,13.511705849705852,3,"{""Test_1"": 2.15, ""Test_2"": 7.02, ""Test_3"": 12.662, ""Test_4"": 14.0, ""Test_5"": 0.0, ""Test_6"": 0.0, ""Test_7"": 0.0, ""Test_8"": 0.0, ""Test_9"": 0.0, ""Test_10"": 0.0, ""Test_11"": 0.0, ""sum_click"": 904.0, ""mod_AAA"": 0.0, ""mod_BBB"": 1.0, ""mod_EEE"": 0.0, ""mod_FFF"": 0.0}"
OULAD,1,aligned,2,4144,CARE,bounded,CARE_bounded,0,below_policy_threshold,35.87,14.099165916442871,1.7666666666666666,3,"{""Test_1"": 2.15, ""Test_2"": 7.02, ""Test_3"": 0.0, ""Test_4"": 0.0, ""Test_5"": 0.0, ""Test_6"": 0.0, ""Test_7"": 0.0, ""Test_8"": 12.7, ""Test_9"": 0.3, ""Test_10"": 13.7, ""Test_11"": 0.0, ""sum_click"": 760.0, ""mod_AAA"": 0.0, ""mod_BBB"": 1.0, ""mod_EEE"": 0.0, ""mod_FFF"": 0.0}"
OULAD,1,aligned,2,4144,CARE,bounded+edit,CARE_bounded+edit,1,OK,41.87,14.099165916442871,2.0999999999999996,4,"{""Test_1"": 2.15, ""Test_2"": 7.02, ""Test_3"": 0.0, ""Test_4"": 6.0, ""Test_5"": 0.0, ""Test_6"": 0.0, ""Test_7"": 0.0, ""Test_8"": 12.7, ""Test_9"": 0.3, ""Test_10"": 13.7, ""Test_11"": 0.0, ""sum_click"": 760.0, ""mod_AAA"": 0.0, ""mod_BBB"": 1.0, ""mod_EEE"": 0.0, ""mod_FFF"": 0.0}"
OULAD,1,aligned,2,4354,CARE,native,CARE_native,0,below_policy_threshold;out_of_bounds:Test_3,32.348,13.24803376197815,15.586753644675067,3,"{""Test_1"": 2.0, ""Test_2"": 0.0, ""Test_3"": 14.7, ""Test_4"": 15.648, ""Test_5"": 0.0, ""Test_6"": 0.0, ""Test_7"": 0.0, ""Test_8"": 0.0, ""Test_9"": 0.0, ""Test_10"": 0.0, ""Test_11"": 0.0, ""sum_click"": 111.0, ""mod_AAA"": 0.0, ""mod_BBB"": 1.0, ""mod_EEE"": 0.0, ""mod_FFF"": 0.0}"
OULAD,1,aligned,2,4354,CARE,bounded,CARE_bounded,0,below_policy_threshold,19.95,13.24803376197815,1.881762210691047,3,"{""Test_1"": 2.0, ""Test_2"": 0.0, ""Test_3"": 0.0, ""Test_4"": 17.15, ""Test_5"": 0.0, ""Test_6"": 0.0, ""Test_7"": 0.8, ""Test_8"": 0.0, ""Test_9"": 0.0, ""Test_10"": 0.0, ""Test_11"": 0.0, ""sum_click"": 412.0, ""mod_AAA"": 0.0, ""mod_BBB"": 1.0, ""mod_EEE"": 0.0, ""mod_FFF"": 0.0}"
OULAD,1,aligned,2,4354,CARE,bounded+edit,CARE_bounded+edit,0,below_policy_threshold,19.95,13.24803376197815,1.881762210691047,3,"{""Test_1"": 2.0, ""Test_2"": 0.0, ""Test_3"": 0.0, ""Test_4"": 17.15, ""Test_5"": 0.0, ""Test_6"": 0.0, ""Test_7"": 0.8, ""Test_8"": 0.0, ""Test_9"": 0.0, ""Test_10"": 0.0, ""Test_11"": 0.0, ""sum_click"": 412.0, ""mod_AAA"": 0.0, ""mod_BBB"": 1.0, ""mod_EEE"": 0.0, ""mod_FFF"": 0.0}"
OULAD,1,aligned,2,4803,CARE,native,CARE_native,0,below_policy_threshold;immutable_changed:Test_2,38.4,13.738049983978271,0.8745836350470674,3,"{""Test_1"": 0.0, ""Test_2"": 10.4, ""Test_3"": 14.0, ""Test_4"": 14.0, ""Test_5"": 0.0, ""Test_6"": 0.0, ""Test_7"": 0.0, ""Test_8"": 0.0, ""Test_9"": 0.0, ""Test_10"": 0.0, ""Test_11"": 0.0, ""sum_click"": 206.0, ""mod_AAA"": 0.0, ""mod_BBB"": 1.0, ""mod_EEE"": 0.0, ""mod_FFF"": 0.0}"
OULAD,1,aligned,2,4803,CARE,bounded,CARE_bounded,0,below_policy_threshold,16.545,13.738049983978271,0.6066751836143581,2,"{""Test_1"": 0.0, ""Test_2"": 0.0, ""Test_3"": 0.0, ""Test_4"": 16.545, ""Test_5"": 0.0, ""Test_6"": 0.0, ""Test_7"": 0.0, ""Test_8"": 0.0, ""Test_9"": 0.0, ""Test_10"": 0.0, ""Test_11"": 0.0, ""sum_click"": 370.0, ""mod_AAA"": 0.0, ""mod_BBB"": 1.0, ""mod_EEE"": 0.0, ""mod_FFF"": 0.0}"
OULAD,1,aligned,2,4803,CARE,bounded+edit,CARE_bounded+edit,1,OK,43.76722222222222,13.738049983978271,1.384452961392136,3,"{""Test_1"": 0.0, ""Test_2"": 0.0, ""Test_3"": 27.222222, ""Test_4"": 16.545, ""Test_5"": 0.0, ""Test_6"": 0.0, ""Test_7"": 0.0, ""Test_8"": 0.0, ""Test_9"": 0.0, ""Test_10"": 0.0, ""Test_11"": 0.0, ""sum_click"": 370.0, ""mod_AAA"": 0.0, ""mod_BBB"": 1.0, ""mod_EEE"": 0.0, ""mod_FFF"": 0.0}"
OULAD,1,aligned,2,6397,CARE,native,CARE_native,0,immutable_changed:Test_1;immutable_changed:Test_2,49.874,13.140378475189209,0.6281428571428572,1,"{""Test_1"": 11.846, ""Test_2"": 20.44, ""Test_3"": 17.588, ""Test_4"": 0.0, ""Test_5"": 0.0, ""Test_6"": 0.0, ""Test_7"": 0.0, ""Test_8"": 0.0, ""Test_9"": 0.0, ""Test_10"": 0.0, ""Test_11"": 0.0, ""sum_click"": 2191.0, ""mod_AAA"": 0.0, ""mod_BBB"": 0.0, ""mod_EEE"": 1.0, ""mod_FFF"": 0.0}"
OULAD,1,aligned,2,6397,CARE,bounded,CARE_bounded,1,OK,53.519999999999996,13.140378475189209,0.98,2,"{""Test_1"": 10.4, ""Test_2"": 15.68, ""Test_3"": 14.0, ""Test_4"": 13.44, ""Test_5"": 0.0, ""Test_6"": 0.0, ""Test_7"": 0.0, ""Test_8"": 0.0, ""Test_9"": 0.0, ""Test_10"": 0.0, ""Test_11"": 0.0, ""sum_click"": 2191.0, ""mod_AAA"": 0.0, ""mod_BBB"": 0.0, ""mod_EEE"": 1.0, ""mod_FFF"": 0.0}"
OULAD,1,aligned,2,6397,CARE,bounded+edit,CARE_bounded+edit,1,OK,53.519999999999996,13.140378475189209,0.98,2,"{""Test_1"": 10.4, ""Test_2"": 15.68, ""Test_3"": 14.0, ""Test_4"": 13.44, ""Test_5"": 0.0, ""Test_6"": 0.0, ""Test_7"": 0.0, ""Test_8"": 0.0, ""Test_9"": 0.0, ""Test_10"": 0.0, ""Test_11"": 0.0, ""sum_click"": 2191.0, ""mod_AAA"": 0.0, ""mod_BBB"": 0.0, ""mod_EEE"": 1.0, ""mod_FFF"": 0.0}"
OULAD,1,aligned,2,7071,CARE,native,CARE_native,0,immutable_changed:Test_1,42.687,13.598721504211426,1.1198348780415435,3,"{""Test_1"": 12.96, ""Test_2"": 0.0, ""Test_3"": 17.64, ""Test_4"": 12.087, ""Test_5"": 0.0, ""Test_6"": 0.0, ""Test_7"": 0.0, ""Test_8"": 0.0, ""Test_9"": 0.0, ""Test_10"": 0.0, ""Test_11"": 0.0, ""sum_click"": 280.0, ""mod_AAA"": 0.0, ""mod_BBB"": 0.0, ""mod_EEE"": 1.0, ""mod_FFF"": 0.0}"
OULAD,1,aligned,2,7071,CARE,bounded,CARE_bounded,0,below_policy_threshold,18.643,13.598721504211426,0.8437520333277837,2,"{""Test_1"": 0.0, ""Test_2"": 0.0, ""Test_3"": 0.0, ""Test_4"": 18.643, ""Test_5"": 0.0, ""Test_6"": 0.0, ""Test_7"": 0.0, ""Test_8"": 0.0, ""Test_9"": 0.0, ""Test_10"": 0.0, ""Test_11"": 0.0, ""sum_click"": 799.0, ""mod_AAA"": 0.0, ""mod_BBB"": 0.0, ""mod_EEE"": 1.0, ""mod_FFF"": 0.0}"
OULAD,1,aligned,2,7071,CARE,bounded+edit,CARE_bounded+edit,1,OK,40.42077777777778,13.598721504211426,1.6215298111055616,3,"{""Test_1"": 0.0, ""Test_2"": 0.0, ""Test_3"": 21.777778, ""Test_4"": 18.643, ""Test_5"": 0.0, ""Test_6"": 0.0, ""Test_7"": 0.0, ""Test_8"": 0.0, ""Test_9"": 0.0, ""Test_10"": 0.0, ""Test_11"": 0.0, ""sum_click"": 799.0, ""mod_AAA"": 0.0, ""mod_BBB"": 0.0, ""mod_EEE"": 1.0, ""mod_FFF"": 0.0}"
OULAD,1,aligned,2,7601,CARE,native,CARE_native,0,below_policy_threshold,38.824999999999996,14.075897455215454,0.9523214285714285,2,"{""Test_1"": 12.16, ""Test_2"": 0.0, ""Test_3"": 14.28, ""Test_4"": 12.385, ""Test_5"": 0.0, ""Test_6"": 0.0, ""Test_7"": 0.0, ""Test_8"": 0.0, ""Test_9"": 0.0, ""Test_10"": 0.0, ""Test_11"": 0.0, ""sum_click"": 537.0, ""mod_AAA"": 0.0, ""mod_BBB"": 0.0, ""mod_EEE"": 1.0, ""mod_FFF"": 0.0}"
OULAD,1,aligned,2,7601,CARE,bounded,CARE_bounded,0,below_policy_threshold,37.36,14.075897455215454,0.9889086463658591,3,"{""Test_1"": 12.16, ""Test_2"": 0.0, ""Test_3"": 14.0, ""Test_4"": 11.2, ""Test_5"": 0.0, ""Test_6"": 0.0, ""Test_7"": 0.0, ""Test_8"": 0.0, ""Test_9"": 0.0, ""Test_10"": 0.0, ""Test_11"": 0.0, ""sum_click"": 877.0, ""mod_AAA"": 0.0, ""mod_BBB"": 0.0, ""mod_EEE"": 1.0, ""mod_FFF"": 0.0}"
OULAD,1,aligned,2,7601,CARE,bounded+edit,CARE_bounded+edit,0,below_policy_threshold,37.36,14.075897455215454,0.9889086463658591,3,"{""Test_1"": 12.16, ""Test_2"": 0.0, ""Test_3"": 14.0, ""Test_4"": 11.2, ""Test_5"": 0.0, ""Test_6"": 0.0, ""Test_7"": 0.0, ""Test_8"": 0.0, ""Test_9"": 0.0, ""Test_10"": 0.0, ""Test_11"": 0.0, ""sum_click"": 877.0, ""mod_AAA"": 0.0, ""mod_BBB"": 0.0, ""mod_EEE"": 1.0, ""mod_FFF"": 0.0}"
OULAD,1,aligned,2,8440,CARE,native,CARE_native,1,OK,40.051,14.02308440208435,0.90204,1,"{""Test_1"": 11.25, ""Test_2"": 6.25, ""Test_3"": 0.0, ""Test_4"": 22.551, ""Test_5"": 0.0, ""Test_6"": 0.0, ""Test_7"": 0.0, ""Test_8"": 0.0, ""Test_9"": 0.0, ""Test_10"": 0.0, ""Test_11"": 0.0, ""sum_click"": 1489.0, ""mod_AAA"": 0.0, ""mod_BBB"": 0.0, ""mod_EEE"": 0.0, ""mod_FFF"": 1.0}"
OULAD,1,aligned,2,8440,CARE,bounded,CARE_bounded,0,below_policy_threshold,39.5,14.02308440208435,0.88,2,"{""Test_1"": 11.25, ""Test_2"": 6.25, ""Test_3"": 0.0, ""Test_4"": 21.25, ""Test_5"": 0.75, ""Test_6"": 0.0, ""Test_7"": 0.0, ""Test_8"": 0.0, ""Test_9"": 0.0, ""Test_10"": 0.0, ""Test_11"": 0.0, ""sum_click"": 1489.0, ""mod_AAA"": 0.0, ""mod_BBB"": 0.0, ""mod_EEE"": 0.0, ""mod_FFF"": 1.0}"
OULAD,1,aligned,2,8440,CARE,bounded+edit,CARE_bounded+edit,1,OK,42.27777777777778,14.02308440208435,0.991111111111111,3,"{""Test_1"": 11.25, ""Test_2"": 6.25, ""Test_3"": 2.777778, ""Test_4"": 21.25, ""Test_5"": 0.75, ""Test_6"": 0.0, ""Test_7"": 0.0, ""Test_8"": 0.0, ""Test_9"": 0.0, ""Test_10"": 0.0, ""Test_11"": 0.0, ""sum_click"": 1489.0, ""mod_AAA"": 0.0, ""mod_BBB"": 0.0, ""mod_EEE"": 0.0, ""mod_FFF"": 1.0}"
OULAD,1,aligned,2,8630,CARE,native,CARE_native,0,below_policy_threshold,39.571,13.438179016113281,1.0841356852196486,3,"{""Test_1"": 10.5, ""Test_2"": 3.25, ""Test_3"": 14.821, ""Test_4"": 0.0, ""Test_5"": 11.0, ""Test_6"": 0.0, ""Test_7"": 0.0, ""Test_8"": 0.0, ""Test_9"": 0.0, ""Test_10"": 0.0, ""Test_11"": 0.0, ""sum_click"": 1256.0, ""mod_AAA"": 0.0, ""mod_BBB"": 0.0, ""mod_EEE"": 0.0, ""mod_FFF"": 1.0}"
OULAD,1,aligned,2,8630,CARE,bounded,CARE_bounded,1,OK,45.5,13.438179016113281,1.3497585349451855,3,"{""Test_1"": 10.5, ""Test_2"": 3.25, ""Test_3"": 15.5, ""Test_4"": 16.25, ""Test_5"": 0.0, ""Test_6"": 0.0, ""Test_7"": 0.0, ""Test_8"": 0.0, ""Test_9"": 0.0, ""Test_10"": 0.0, ""Test_11"": 0.0, ""sum_click"": 1438.0, ""mod_AAA"": 0.0, ""mod_BBB"": 0.0, ""mod_EEE"": 0.0, ""mod_FFF"": 1.0}"
OULAD,1,aligned,2,8630,CARE,bounded+edit,CARE_bounded+edit,1,OK,45.5,13.438179016113281,1.3497585349451855,3,"{""Test_1"": 10.5, ""Test_2"": 3.25, ""Test_3"": 15.5, ""Test_4"": 16.25, ""Test_5"": 0.0, ""Test_6"": 0.0, ""Test_7"": 0.0, ""Test_8"": 0.0, ""Test_9"": 0.0, ""Test_10"": 0.0, ""Test_11"": 0.0, ""sum_click"": 1438.0, ""mod_AAA"": 0.0, ""mod_BBB"": 0.0, ""mod_EEE"": 0.0, ""mod_FFF"": 1.0}"
OULAD,1,aligned,2,8705,CARE,native,CARE_native,0,below_policy_threshold,39.19,13.033997774124146,1.2155882688872321,4,"{""Test_1"": 8.75, ""Test_2"": 3.5, ""Test_3"": 12.75, ""Test_4"": 13.0, ""Test_5"": 1.19, ""Test_6"": 0.0, ""Test_7"": 0.0, ""Test_8"": 0.0, ""Test_9"": 0.0, ""Test_10"": 0.0, ""Test_11"": 0.0, ""sum_click"": 1194.0, ""mod_AAA"": 0.0, ""mod_BBB"": 0.0, ""mod_EEE"": 0.0, ""mod_FFF"": 1.0}"
OULAD,1,aligned,2,8705,CARE,bounded,CARE_bounded,1,OK,41.141,13.033997774124146,1.3214791121488754,3,"{""Test_1"": 8.75, ""Test_2"": 3.5, ""Test_3"": 19.764, ""Test_4"": 9.127, ""Test_5"": 0.0, ""Test_6"": 0.0, ""Test_7"": 0.0, ""Test_8"": 0.0, ""Test_9"": 0.0, ""Test_10"": 0.0, ""Test_11"": 0.0, ""sum_click"": 1392.0, ""mod_AAA"": 0.0, ""mod_BBB"": 0.0, ""mod_EEE"": 0.0, ""mod_FFF"": 1.0}"
OULAD,1,aligned,2,8705,CARE,bounded+edit,CARE_bounded+edit,1,OK,41.141,13.033997774124146,1.3214791121488754,3,"{""Test_1"": 8.75, ""Test_2"": 3.5, ""Test_3"": 19.764, ""Test_4"": 9.127, ""Test_5"": 0.0, ""Test_6"": 0.0, ""Test_7"": 0.0, ""Test_8"": 0.0, ""Test_9"": 0.0, ""Test_10"": 0.0, ""Test_11"": 0.0, ""sum_click"": 1392.0, ""mod_AAA"": 0.0, ""mod_BBB"": 0.0, ""mod_EEE"": 0.0, ""mod_FFF"": 1.0}"
OULAD,1,aligned,2,8911,CARE,native,CARE_native,0,below_policy_threshold,37.67700000000001,13.628486633300781,1.1270799999999999,3,"{""Test_1"": 9.5, ""Test_2"": 0.0, ""Test_3"": 14.75, ""Test_4"": 13.117, ""Test_5"": 0.31, ""Test_6"": 0.0, ""Test_7"": 0.0, ""Test_8"": 0.0, ""Test_9"": 0.0, ""Test_10"": 0.0, ""Test_11"": 0.0, ""sum_click"": 2447.0, ""mod_AAA"": 0.0, ""mod_BBB"": 0.0, ""mod_EEE"": 0.0, ""mod_FFF"": 1.0}"
OULAD,1,aligned,2,8911,CARE,bounded,CARE_bounded,0,below_policy_threshold,34.25,13.628486633300781,0.99,2,"{""Test_1"": 9.5, ""Test_2"": 0.0, ""Test_3"": 22.75, ""Test_4"": 0.0, ""Test_5"": 2.0, ""Test_6"": 0.0, ""Test_7"": 0.0, ""Test_8"": 0.0, ""Test_9"": 0.0, ""Test_10"": 0.0, ""Test_11"": 0.0, ""sum_click"": 2447.0, ""mod_AAA"": 0.0, ""mod_BBB"": 0.0, ""mod_EEE"": 0.0, ""mod_FFF"": 1.0}"
OULAD,1,aligned,2,8911,CARE,bounded+edit,CARE_bounded+edit,1,OK,42.58333333333333,13.628486633300781,1.3233333333333333,3,"{""Test_1"": 9.5, ""Test_2"": 0.0, ""Test_3"": 22.75, ""Test_4"": 8.333333, ""Test_5"": 2.0, ""Test_6"": 0.0, ""Test_7"": 0.0, ""Test_8"": 0.0, ""Test_9"": 0.0, ""Test_10"": 0.0, ""Test_11"": 0.0, ""sum_click"": 2447.0, ""mod_AAA"": 0.0, ""mod_BBB"": 0.0, ""mod_EEE"": 0.0, ""mod_FFF"": 1.0}"
OULAD,1,aligned,2,9144,CARE,native,CARE_native,0,below_policy_threshold,29.047,13.897282123565674,1.28412189119496,3,"{""Test_1"": 0.0, ""Test_2"": 0.0, ""Test_3"": 14.297, ""Test_4"": 14.75, ""Test_5"": 0.0, ""Test_6"": 0.0, ""Test_7"": 0.0, ""Test_8"": 0.0, ""Test_9"": 0.0, ""Test_10"": 0.0, ""Test_11"": 0.0, ""sum_click"": 1025.0, ""mod_AAA"": 0.0, ""mod_BBB"": 0.0, ""mod_EEE"": 0.0, ""mod_FFF"": 1.0}"
OULAD,1,aligned,2,9144,CARE,bounded,CARE_bounded,0,below_policy_threshold,27.73,13.897282123565674,1.339466367450483,3,"{""Test_1"": 0.0, ""Test_2"": 0.0, ""Test_3"": 12.225, ""Test_4"": 15.505, ""Test_5"": 0.0, ""Test_6"": 0.0, ""Test_7"": 0.0, ""Test_8"": 0.0, ""Test_9"": 0.0, ""Test_10"": 0.0, ""Test_11"": 0.0, ""sum_click"": 1800.0, ""mod_AAA"": 0.0, ""mod_BBB"": 0.0, ""mod_EEE"": 0.0, ""mod_FFF"": 1.0}"
OULAD,1,aligned,2,9144,CARE,bounded+edit,CARE_bounded+edit,1,OK,41.61888888888889,13.897282123565674,1.8950219230060386,4,"{""Test_1"": 0.0, ""Test_2"": 0.0, ""Test_3"": 12.225, ""Test_4"": 15.505, ""Test_5"": 13.888889, ""Test_6"": 0.0, ""Test_7"": 0.0, ""Test_8"": 0.0, ""Test_9"": 0.0, ""Test_10"": 0.0, ""Test_11"": 0.0, ""sum_click"": 1800.0, ""mod_AAA"": 0.0, ""mod_BBB"": 0.0, ""mod_EEE"": 0.0, ""mod_FFF"": 1.0}"
OULAD,1,aligned,2,9482,CARE,native,CARE_native,0,immutable_changed:Test_2,43.415,13.198212146759033,0.92,2,"{""Test_1"": 12.25, ""Test_2"": 8.165, ""Test_3"": 0.0, ""Test_4"": 17.0, ""Test_5"": 6.0, ""Test_6"": 0.0, ""Test_7"": 0.0, ""Test_8"": 0.0, ""Test_9"": 0.0, ""Test_10"": 0.0, ""Test_11"": 0.0, ""sum_click"": 1977.0, ""mod_AAA"": 0.0, ""mod_BBB"": 0.0, ""mod_EEE"": 0.0, ""mod_FFF"": 1.0}"
OULAD,1,aligned,2,9482,CARE,bounded,CARE_bounded,1,OK,47.038,13.198212146759033,1.1915200000000001,2,"{""Test_1"": 12.25, ""Test_2"": 5.0, ""Test_3"": 14.0, ""Test_4"": 15.788, ""Test_5"": 0.0, ""Test_6"": 0.0, ""Test_7"": 0.0, ""Test_8"": 0.0, ""Test_9"": 0.0, ""Test_10"": 0.0, ""Test_11"": 0.0, ""sum_click"": 1977.0, ""mod_AAA"": 0.0, ""mod_BBB"": 0.0, ""mod_EEE"": 0.0, ""mod_FFF"": 1.0}"
OULAD,1,aligned,2,9482,CARE,bounded+edit,CARE_bounded+edit,1,OK,47.038,13.198212146759033,1.1915200000000001,2,"{""Test_1"": 12.25, ""Test_2"": 5.0, ""Test_3"": 14.0, ""Test_4"": 15.788, ""Test_5"": 0.0, ""Test_6"": 0.0, ""Test_7"": 0.0, ""Test_8"": 0.0, ""Test_9"": 0.0, ""Test_10"": 0.0, ""Test_11"": 0.0, ""sum_click"": 1977.0, ""mod_AAA"": 0.0, ""mod_BBB"": 0.0, ""mod_EEE"": 0.0, ""mod_FFF"": 1.0}"
OULAD,1,aligned,2,10345,CARE,native,CARE_native,0,below_policy_threshold;immutable_changed:Test_1;immutable_changed:Test_2,36.239000000000004,13.671432256698608,0.895819577816741,2,"{""Test_1"": 9.25, ""Test_2"": 9.75, ""Test_3"": 0.0, ""Test_4"": 17.239, ""Test_5"": 0.0, ""Test_6"": 0.0, ""Test_7"": 0.0, ""Test_8"": 0.0, ""Test_9"": 0.0, ""Test_10"": 0.0, ""Test_11"": 0.0, ""sum_click"": 1573.0, ""mod_AAA"": 0.0, ""mod_BBB"": 0.0, ""mod_EEE"": 0.0, ""mod_FFF"": 1.0}"
OULAD,1,aligned,2,10345,CARE,bounded,CARE_bounded,0,below_policy_threshold,39.546,13.671432256698608,1.3399768989272847,3,"{""Test_1"": 9.75, ""Test_2"": 0.0, ""Test_3"": 13.25, ""Test_4"": 16.546, ""Test_5"": 0.0, ""Test_6"": 0.0, ""Test_7"": 0.0, ""Test_8"": 0.0, ""Test_9"": 0.0, ""Test_10"": 0.0, ""Test_11"": 0.0, ""sum_click"": 1152.0, ""mod_AAA"": 0.0, ""mod_BBB"": 0.0, ""mod_EEE"": 0.0, ""mod_FFF"": 1.0}"
OULAD,1,aligned,2,10345,CARE,bounded+edit,CARE_bounded+edit,1,OK,42.32377777777778,13.671432256698608,1.4510880100383958,4,"{""Test_1"": 9.75, ""Test_2"": 0.0, ""Test_3"": 13.25, ""Test_4"": 16.546, ""Test_5"": 2.777778, ""Test_6"": 0.0, ""Test_7"": 0.0, ""Test_8"": 0.0, ""Test_9"": 0.0, ""Test_10"": 0.0, ""Test_11"": 0.0, ""sum_click"": 1152.0, ""mod_AAA"": 0.0, ""mod_BBB"": 0.0, ""mod_EEE"": 0.0, ""mod_FFF"": 1.0}"
OULAD,1,aligned,2,10857,CARE,native,CARE_native,0,below_policy_threshold,38.43,13.03093433380127,1.1072000000000002,3,"{""Test_1"": 10.75, ""Test_2"": 0.0, ""Test_3"": 14.75, ""Test_4"": 12.75, ""Test_5"": 0.18, ""Test_6"": 0.0, ""Test_7"": 0.0, ""Test_8"": 0.0, ""Test_9"": 0.0, ""Test_10"": 0.0, ""Test_11"": 0.0, ""sum_click"": 1431.0, ""mod_AAA"": 0.0, ""mod_BBB"": 0.0, ""mod_EEE"": 0.0, ""mod_FFF"": 1.0}"
OULAD,1,aligned,2,10857,CARE,bounded,CARE_bounded,1,OK,42.333,13.03093433380127,1.26332,2,"{""Test_1"": 10.75, ""Test_2"": 0.0, ""Test_3"": 19.25, ""Test_4"": 12.333, ""Test_5"": 0.0, ""Test_6"": 0.0, ""Test_7"": 0.0, ""Test_8"": 0.0, ""Test_9"": 0.0, ""Test_10"": 0.0, ""Test_11"": 0.0, ""sum_click"": 1431.0, ""mod_AAA"": 0.0, ""mod_BBB"": 0.0, ""mod_EEE"": 0.0, ""mod_FFF"": 1.0}"
OULAD,1,aligned,2,10857,CARE,bounded+edit,CARE_bounded+edit,1,OK,42.333,13.03093433380127,1.26332,2,"{""Test_1"": 10.75, ""Test_2"": 0.0, ""Test_3"": 19.25, ""Test_4"": 12.333, ""Test_5"": 0.0, ""Test_6"": 0.0, ""Test_7"": 0.0, ""Test_8"": 0.0, ""Test_9"": 0.0, ""Test_10"": 0.0, ""Test_11"": 0.0, ""sum_click"": 1431.0, ""mod_AAA"": 0.0, ""mod_BBB"": 0.0, ""mod_EEE"": 0.0, ""mod_FFF"": 1.0}"
OULAD,1,aligned,2,11298,CARE,native,CARE_native,0,below_policy_threshold,30.509999999999998,13.783244132995605,1.0400287354547113,3,"{""Test_1"": 8.25, ""Test_2"": 0.0, ""Test_3"": 19.25, ""Test_4"": 0.0, ""Test_5"": 3.01, ""Test_6"": 0.0, ""Test_7"": 0.0, ""Test_8"": 0.0, ""Test_9"": 0.0, ""Test_10"": 0.0, ""Test_11"": 0.0, ""sum_click"": 1264.0, ""mod_AAA"": 0.0, ""mod_BBB"": 0.0, ""mod_EEE"": 0.0, ""mod_FFF"": 1.0}"
OULAD,1,aligned,2,11298,CARE,bounded,CARE_bounded,0,below_policy_threshold,39.248,13.783244132995605,1.3517906399225186,3,"{""Test_1"": 8.25, ""Test_2"": 0.0, ""Test_3"": 9.998, ""Test_4"": 0.0, ""Test_5"": 21.0, ""Test_6"": 0.0, ""Test_7"": 0.0, ""Test_8"": 0.0, ""Test_9"": 0.0, ""Test_10"": 0.0, ""Test_11"": 0.0, ""sum_click"": 995.0, ""mod_AAA"": 0.0, ""mod_BBB"": 0.0, ""mod_EEE"": 0.0, ""mod_FFF"": 1.0}"
OULAD,1,aligned,2,11298,CARE,bounded+edit,CARE_bounded+edit,1,OK,42.025777777777776,13.783244132995605,1.4629017510336297,4,"{""Test_1"": 8.25, ""Test_2"": 0.0, ""Test_3"": 9.998, ""Test_4"": 2.777778, ""Test_5"": 21.0, ""Test_6"": 0.0, ""Test_7"": 0.0, ""Test_8"": 0.0, ""Test_9"": 0.0, ""Test_10"": 0.0, ""Test_11"": 0.0, ""sum_click"": 995.0, ""mod_AAA"": 0.0, ""mod_BBB"": 0.0, ""mod_EEE"": 0.0, ""mod_FFF"": 1.0}"
OULAD,1,aligned,2,11544,CARE,native,CARE_native,0,below_policy_threshold,24.052,13.847481489181519,1.0673538424952511,3,"{""Test_1"": 0.0, ""Test_2"": 0.0, ""Test_3"": 10.0, ""Test_4"": 14.052, ""Test_5"": 0.0, ""Test_6"": 0.0, ""Test_7"": 0.0, ""Test_8"": 0.0, ""Test_9"": 0.0, ""Test_10"": 0.0, ""Test_11"": 0.0, ""sum_click"": 1152.0, ""mod_AAA"": 0.0, ""mod_BBB"": 0.0, ""mod_EEE"": 0.0, ""mod_FFF"": 1.0}"
OULAD,1,aligned,2,11544,CARE,bounded,CARE_bounded,0,below_policy_threshold,28.0,13.847481489181519,1.2320890912518307,3,"{""Test_1"": 0.0, ""Test_2"": 0.0, ""Test_3"": 16.75, ""Test_4"": 11.25, ""Test_5"": 0.0, ""Test_6"": 0.0, ""Test_7"": 0.0, ""Test_8"": 0.0, ""Test_9"": 0.0, ""Test_10"": 0.0, ""Test_11"": 0.0, ""sum_click"": 1199.0, ""mod_AAA"": 0.0, ""mod_BBB"": 0.0, ""mod_EEE"": 0.0, ""mod_FFF"": 1.0}"
OULAD,1,aligned,2,11544,CARE,bounded+edit,CARE_bounded+edit,1,OK,41.888888888888886,13.847481489181519,1.7876446468073863,4,"{""Test_1"": 0.0, ""Test_2"": 0.0, ""Test_3"": 16.75, ""Test_4"": 11.25, ""Test_5"": 13.888889, ""Test_6"": 0.0, ""Test_7"": 0.0, ""Test_8"": 0.0, ""Test_9"": 0.0, ""Test_10"": 0.0, ""Test_11"": 0.0, ""sum_click"": 1199.0, ""mod_AAA"": 0.0, ""mod_BBB"": 0.0, ""mod_EEE"": 0.0, ""mod_FFF"": 1.0}"
OULAD,1,aligned,2,11598,CARE,native,CARE_native,0,below_policy_threshold,32.274,13.385023593902588,1.29096,2,"{""Test_1"": 0.0, ""Test_2"": 0.0, ""Test_3"": 19.25, ""Test_4"": 13.024, ""Test_5"": 0.0, ""Test_6"": 0.0, ""Test_7"": 0.0, ""Test_8"": 0.0, ""Test_9"": 0.0, ""Test_10"": 0.0, ""Test_11"": 0.0, ""sum_click"": 980.0, ""mod_AAA"": 0.0, ""mod_BBB"": 0.0, ""mod_EEE"": 0.0, ""mod_FFF"": 1.0}"
OULAD,1,aligned,2,11598,CARE,bounded,CARE_bounded,0,below_policy_threshold,25.728,13.385023593902588,1.1150509714141559,3,"{""Test_1"": 0.0, ""Test_2"": 0.0, ""Test_3"": 9.978, ""Test_4"": 15.75, ""Test_5"": 0.0, ""Test_6"": 0.0, ""Test_7"": 0.0, ""Test_8"": 0.0, ""Test_9"": 0.0, ""Test_10"": 0.0, ""Test_11"": 0.0, ""sum_click"": 1525.0, ""mod_AAA"": 0.0, ""mod_BBB"": 0.0, ""mod_EEE"": 0.0, ""mod_FFF"": 1.0}"
OULAD,1,aligned,2,11598,CARE,bounded+edit,CARE_bounded+edit,1,OK,42.394666666666666,13.385023593902588,1.7817176380808224,4,"{""Test_1"": 0.0, ""Test_2"": 0.0, ""Test_3"": 9.978, ""Test_4"": 15.75, ""Test_5"": 16.666667, ""Test_6"": 0.0, ""Test_7"": 0.0, ""Test_8"": 0.0, ""Test_9"": 0.0, ""Test_10"": 0.0, ""Test_11"": 0.0, ""sum_click"": 1525.0, ""mod_AAA"": 0.0, ""mod_BBB"": 0.0, ""mod_EEE"": 0.0, ""mod_FFF"": 1.0}"
OULAD,1,aligned,2,11631,CARE,native,CARE_native,0,below_policy_threshold;immutable_changed:Test_1,39.182,13.490524291992188,1.142705040896082,4,"{""Test_1"": 9.138, ""Test_2"": 5.25, ""Test_3"": 9.544, ""Test_4"": 9.25, ""Test_5"": 6.0, ""Test_6"": 0.0, ""Test_7"": 0.0, ""Test_8"": 0.0, ""Test_9"": 0.0, ""Test_10"": 0.0, ""Test_11"": 0.0, ""sum_click"": 1478.0, ""mod_AAA"": 0.0, ""mod_BBB"": 0.0, ""mod_EEE"": 0.0, ""mod_FFF"": 1.0}"
OULAD,1,aligned,2,11631,CARE,bounded,CARE_bounded,1,OK,44.866,13.490524291992188,1.4307668577571804,3,"{""Test_1"": 8.75, ""Test_2"": 5.25, ""Test_3"": 0.0, ""Test_4"": 15.366, ""Test_5"": 15.5, ""Test_6"": 0.0, ""Test_7"": 0.0, ""Test_8"": 0.0, ""Test_9"": 0.0, ""Test_10"": 0.0, ""Test_11"": 0.0, ""sum_click"": 1789.0, ""mod_AAA"": 0.0, ""mod_BBB"": 0.0, ""mod_EEE"": 0.0, ""mod_FFF"": 1.0}"
OULAD,1,aligned,2,11631,CARE,bounded+edit,CARE_bounded+edit,1,OK,44.866,13.490524291992188,1.4307668577571804,3,"{""Test_1"": 8.75, ""Test_2"": 5.25, ""Test_3"": 0.0, ""Test_4"": 15.366, ""Test_5"": 15.5, ""Test_6"": 0.0, ""Test_7"": 0.0, ""Test_8"": 0.0, ""Test_9"": 0.0, ""Test_10"": 0.0, ""Test_11"": 0.0, ""sum_click"": 1789.0, ""mod_AAA"": 0.0, ""mod_BBB"": 0.0, ""mod_EEE"": 0.0, ""mod_FFF"": 1.0}"
OULAD,1,aligned,2,12036,CARE,native,CARE_native,0,below_policy_threshold,33.312,13.726499557495117,1.075463700776795,4,"{""Test_1"": 7.75, ""Test_2"": 0.0, ""Test_3"": 10.25, ""Test_4"": 9.562, ""Test_5"": 5.75, ""Test_6"": 0.0, ""Test_7"": 0.0, ""Test_8"": 0.0, ""Test_9"": 0.0, ""Test_10"": 0.0, ""Test_11"": 0.0, ""sum_click"": 995.0, ""mod_AAA"": 0.0, ""mod_BBB"": 0.0, ""mod_EEE"": 0.0, ""mod_FFF"": 1.0}"
OULAD,1,aligned,2,12036,CARE,bounded,CARE_bounded,0,below_policy_threshold,32.839999999999996,13.726499557495117,1.1261809348480085,3,"{""Test_1"": 7.75, ""Test_2"": 0.0, ""Test_3"": 17.25, ""Test_4"": 0.0, ""Test_5"": 7.84, ""Test_6"": 0.0, ""Test_7"": 0.0, ""Test_8"": 0.0, ""Test_9"": 0.0, ""Test_10"": 0.0, ""Test_11"": 0.0, ""sum_click"": 1460.0, ""mod_AAA"": 0.0, ""mod_BBB"": 0.0, ""mod_EEE"": 0.0, ""mod_FFF"": 1.0}"
OULAD,1,aligned,2,12036,CARE,bounded+edit,CARE_bounded+edit,1,OK,41.173333333333325,13.726499557495117,1.4595142681813418,4,"{""Test_1"": 7.75, ""Test_2"": 0.0, ""Test_3"": 17.25, ""Test_4"": 8.333333, ""Test_5"": 7.84, ""Test_6"": 0.0, ""Test_7"": 0.0, ""Test_8"": 0.0, ""Test_9"": 0.0, ""Test_10"": 0.0, ""Test_11"": 0.0, ""sum_click"": 1460.0, ""mod_AAA"": 0.0, ""mod_BBB"": 0.0, ""mod_EEE"": 0.0, ""mod_FFF"": 1.0}"
OULAD,1,aligned,2,13002,CARE,native,CARE_native,0,below_policy_threshold,23.726,13.949586629867554,1.0992320107143345,3,"{""Test_1"": 0.0, ""Test_2"": 0.0, ""Test_3"": 7.726, ""Test_4"": 16.0, ""Test_5"": 0.0, ""Test_6"": 0.0, ""Test_7"": 0.0, ""Test_8"": 0.0, ""Test_9"": 0.0, ""Test_10"": 0.0, ""Test_11"": 0.0, ""sum_click"": 1104.0, ""mod_AAA"": 0.0, ""mod_BBB"": 0.0, ""mod_EEE"": 0.0, ""mod_FFF"": 1.0}"
OULAD,1,aligned,2,13002,CARE,bounded,CARE_bounded,1,OK,40.668000000000006,13.949586629867554,1.7118606939718204,3,"{""Test_1"": 0.0, ""Test_2"": 0.0, ""Test_3"": 18.5, ""Test_4"": 22.168, ""Test_5"": 0.0, ""Test_6"": 0.0, ""Test_7"": 0.0, ""Test_8"": 0.0, ""Test_9"": 0.0, ""Test_10"": 0.0, ""Test_11"": 0.0, ""sum_click"": 628.0, ""mod_AAA"": 0.0, ""mod_BBB"": 0.0, ""mod_EEE"": 0.0, ""mod_FFF"": 1.0}"
OULAD,1,aligned,2,13002,CARE,bounded+edit,CARE_bounded+edit,1,OK,40.668000000000006,13.949586629867554,1.7118606939718204,3,"{""Test_1"": 0.0, ""Test_2"": 0.0, ""Test_3"": 18.5, ""Test_4"": 22.168, ""Test_5"": 0.0, ""Test_6"": 0.0, ""Test_7"": 0.0, ""Test_8"": 0.0, ""Test_9"": 0.0, ""Test_10"": 0.0, ""Test_11"": 0.0, ""sum_click"": 628.0, ""mod_AAA"": 0.0, ""mod_BBB"": 0.0, ""mod_EEE"": 0.0, ""mod_FFF"": 1.0}"
OULAD,1,aligned,2,13012,CARE,native,CARE_native,0,below_policy_threshold;immutable_changed:Test_1;immutable_changed:Test_2,37.064,13.456695556640625,0.71216,2,"{""Test_1"": 9.282, ""Test_2"": 9.978, ""Test_3"": 0.0, ""Test_4"": 17.524, ""Test_5"": 0.28, ""Test_6"": 0.0, ""Test_7"": 0.0, ""Test_8"": 0.0, ""Test_9"": 0.0, ""Test_10"": 0.0, ""Test_11"": 0.0, ""sum_click"": 3620.0, ""mod_AAA"": 0.0, ""mod_BBB"": 0.0, ""mod_EEE"": 0.0, ""mod_FFF"": 1.0}"
OULAD,1,aligned,2,13012,CARE,bounded,CARE_bounded,1,OK,43.061,13.456695556640625,1.12244,2,"{""Test_1"": 8.25, ""Test_2"": 6.75, ""Test_3"": 12.0, ""Test_4"": 16.061, ""Test_5"": 0.0, ""Test_6"": 0.0, ""Test_7"": 0.0, ""Test_8"": 0.0, ""Test_9"": 0.0, ""Test_10"": 0.0, ""Test_11"": 0.0, ""sum_click"": 3620.0, ""mod_AAA"": 0.0, ""mod_BBB"": 0.0, ""mod_EEE"": 0.0, ""mod_FFF"": 1.0}"
OULAD,1,aligned,2,13012,CARE,bounded+edit,CARE_bounded+edit,1,OK,43.061,13.456695556640625,1.12244,2,"{""Test_1"": 8.25, ""Test_2"": 6.75, ""Test_3"": 12.0, ""Test_4"": 16.061, ""Test_5"": 0.0, ""Test_6"": 0.0, ""Test_7"": 0.0, ""Test_8"": 0.0, ""Test_9"": 0.0, ""Test_10"": 0.0, ""Test_11"": 0.0, ""sum_click"": 3620.0, ""mod_AAA"": 0.0, ""mod_BBB"": 0.0, ""mod_EEE"": 0.0, ""mod_FFF"": 1.0}"
OULAD,1,aligned,2,13348,CARE,native,CARE_native,0,below_policy_threshold,36.25,13.016233205795288,1.213406671885515,3,"{""Test_1"": 9.75, ""Test_2"": 0.0, ""Test_3"": 9.75, ""Test_4"": 16.75, ""Test_5"": 0.0, ""Test_6"": 0.0, ""Test_7"": 0.0, ""Test_8"": 0.0, ""Test_9"": 0.0, ""Test_10"": 0.0, ""Test_11"": 0.0, ""sum_click"": 1158.0, ""mod_AAA"": 0.0, ""mod_BBB"": 0.0, ""mod_EEE"": 0.0, ""mod_FFF"": 1.0}"
OULAD,1,aligned,2,13348,CARE,bounded,CARE_bounded,0,below_policy_threshold,33.833,13.016233205795288,1.1159026432093169,3,"{""Test_1"": 9.75, ""Test_2"": 0.0, ""Test_3"": 22.363, ""Test_4"": 0.0, ""Test_5"": 1.72, ""Test_6"": 0.0, ""Test_7"": 0.0, ""Test_8"": 0.0, ""Test_9"": 0.0, ""Test_10"": 0.0, ""Test_11"": 0.0, ""sum_click"": 1152.0, ""mod_AAA"": 0.0, ""mod_BBB"": 0.0, ""mod_EEE"": 0.0, ""mod_FFF"": 1.0}"
OULAD,1,aligned,2,13348,CARE,bounded+edit,CARE_bounded+edit,1,OK,42.16633333333333,13.016233205795288,1.4492359765426501,4,"{""Test_1"": 9.75, ""Test_2"": 0.0, ""Test_3"": 22.363, ""Test_4"": 8.333333, ""Test_5"": 1.72, ""Test_6"": 0.0, ""Test_7"": 0.0, ""Test_8"": 0.0, ""Test_9"": 0.0, ""Test_10"": 0.0, ""Test_11"": 0.0, ""sum_click"": 1152.0, ""mod_AAA"": 0.0, ""mod_BBB"": 0.0, ""mod_EEE"": 0.0, ""mod_FFF"": 1.0}"
OULAD,1,aligned,2,13369,CARE,native,CARE_native,0,below_policy_threshold,32.183,13.716104507446289,1.404396388220906,3,"{""Test_1"": 0.0, ""Test_2"": 0.0, ""Test_3"": 21.25, ""Test_4"": 10.933, ""Test_5"": 0.0, ""Test_6"": 0.0, ""Test_7"": 0.0, ""Test_8"": 0.0, ""Test_9"": 0.0, ""Test_10"": 0.0, ""Test_11"": 0.0, ""sum_click"": 897.0, ""mod_AAA"": 0.0, ""mod_BBB"": 0.0, ""mod_EEE"": 0.0, ""mod_FFF"": 1.0}"
OULAD,1,aligned,2,13369,CARE,bounded,CARE_bounded,0,below_policy_threshold,27.663,13.716104507446289,1.2626218509612082,3,"{""Test_1"": 0.0, ""Test_2"": 0.0, ""Test_3"": 14.247, ""Test_4"": 13.416, ""Test_5"": 0.0, ""Test_6"": 0.0, ""Test_7"": 0.0, ""Test_8"": 0.0, ""Test_9"": 0.0, ""Test_10"": 0.0, ""Test_11"": 0.0, ""sum_click"": 1181.0, ""mod_AAA"": 0.0, ""mod_BBB"": 0.0, ""mod_EEE"": 0.0, ""mod_FFF"": 1.0}"
OULAD,1,aligned,2,13369,CARE,bounded+edit,CARE_bounded+edit,1,OK,41.55188888888889,13.716104507446289,1.8181774065167637,4,"{""Test_1"": 0.0, ""Test_2"": 0.0, ""Test_3"": 14.247, ""Test_4"": 13.416, ""Test_5"": 13.888889, ""Test_6"": 0.0, ""Test_7"": 0.0, ""Test_8"": 0.0, ""Test_9"": 0.0, ""Test_10"": 0.0, ""Test_11"": 0.0, ""sum_click"": 1181.0, ""mod_AAA"": 0.0, ""mod_BBB"": 0.0, ""mod_EEE"": 0.0, ""mod_FFF"": 1.0}"
OULAD,1,aligned,2,13666,CARE,native,CARE_native,0,below_policy_threshold,36.155,13.55902647972107,1.2962,2,"{""Test_1"": 1.25, ""Test_2"": 2.5, ""Test_3"": 19.905, ""Test_4"": 12.5, ""Test_5"": 0.0, ""Test_6"": 0.0, ""Test_7"": 0.0, ""Test_8"": 0.0, ""Test_9"": 0.0, ""Test_10"": 0.0, ""Test_11"": 0.0, ""sum_click"": 3822.0, ""mod_AAA"": 0.0, ""mod_BBB"": 0.0, ""mod_EEE"": 0.0, ""mod_FFF"": 1.0}"
OULAD,1,aligned,2,13666,CARE,bounded,CARE_bounded,0,below_policy_threshold,33.9,13.55902647972107,1.2060000000000002,3,"{""Test_1"": 1.25, ""Test_2"": 2.5, ""Test_3"": 14.75, ""Test_4"": 13.75, ""Test_5"": 1.65, ""Test_6"": 0.0, ""Test_7"": 0.0, ""Test_8"": 0.0, ""Test_9"": 0.0, ""Test_10"": 0.0, ""Test_11"": 0.0, ""sum_click"": 3822.0, ""mod_AAA"": 0.0, ""mod_BBB"": 0.0, ""mod_EEE"": 0.0, ""mod_FFF"": 1.0}"
OULAD,1,aligned,2,13666,CARE,bounded+edit,CARE_bounded+edit,0,below_policy_threshold,33.9,13.55902647972107,1.2060000000000002,3,"{""Test_1"": 1.25, ""Test_2"": 2.5, ""Test_3"": 14.75, ""Test_4"": 13.75, ""Test_5"": 1.65, ""Test_6"": 0.0, ""Test_7"": 0.0, ""Test_8"": 0.0, ""Test_9"": 0.0, ""Test_10"": 0.0, ""Test_11"": 0.0, ""sum_click"": 3822.0, ""mod_AAA"": 0.0, ""mod_BBB"": 0.0, ""mod_EEE"": 0.0, ""mod_FFF"": 1.0}"
OULAD,1,aligned,3,59,CARE,native,CARE_native,0,below_policy_threshold;immutable_changed:Test_1;immutable_changed:Test_3,37.355000000000004,13.274734735488892,0.21133333333333332,1,"{""Test_1"": 6.366, ""Test_2"": 11.8, ""Test_3"": 12.849, ""Test_4"": 0.0, ""Test_5"": 6.34, ""Test_6"": 0.0, ""Test_7"": 0.0, ""Test_8"": 0.0, ""Test_9"": 0.0, ""Test_10"": 0.0, ""Test_11"": 0.0, ""sum_click"": 2012.0, ""mod_AAA"": 1.0, ""mod_BBB"": 0.0, ""mod_EEE"": 0.0, ""mod_FFF"": 0.0}"
OULAD,1,aligned,3,59,CARE,bounded,CARE_bounded,1,OK,40.088,13.274734735488892,0.666681259806579,3,"{""Test_1"": 6.1, ""Test_2"": 11.8, ""Test_3"": 8.8, ""Test_4"": 7.388, ""Test_5"": 6.0, ""Test_6"": 0.0, ""Test_7"": 0.0, ""Test_8"": 0.0, ""Test_9"": 0.0, ""Test_10"": 0.0, ""Test_11"": 0.0, ""sum_click"": 2353.0, ""mod_AAA"": 1.0, ""mod_BBB"": 0.0, ""mod_EEE"": 0.0, ""mod_FFF"": 0.0}"
OULAD,1,aligned,3,59,CARE,bounded+edit,CARE_bounded+edit,1,OK,40.088,13.274734735488892,0.666681259806579,3,"{""Test_1"": 6.1, ""Test_2"": 11.8, ""Test_3"": 8.8, ""Test_4"": 7.388, ""Test_5"": 6.0, ""Test_6"": 0.0, ""Test_7"": 0.0, ""Test_8"": 0.0, ""Test_9"": 0.0, ""Test_10"": 0.0, ""Test_11"": 0.0, ""sum_click"": 2353.0, ""mod_AAA"": 1.0, ""mod_BBB"": 0.0, ""mod_EEE"": 0.0, ""mod_FFF"": 0.0}"
OULAD,1,aligned,3,63,CARE,native,CARE_native,0,below_policy_threshold;immutable_changed:Test_3,34.063,12.952181577682495,0.5486666666666667,1,"{""Test_1"": 7.4, ""Test_2"": 0.0, ""Test_3"": 10.203, ""Test_4"": 0.0, ""Test_5"": 16.46, ""Test_6"": 0.0, ""Test_7"": 0.0, ""Test_8"": 0.0, ""Test_9"": 0.0, ""Test_10"": 0.0, ""Test_11"": 0.0, ""sum_click"": 427.0, ""mod_AAA"": 1.0, ""mod_BBB"": 0.0, ""mod_EEE"": 0.0, ""mod_FFF"": 0.0}"
OULAD,1,aligned,3,63,CARE,bounded,CARE_bounded,0,below_policy_threshold,25.119,12.952181577682495,0.9484217600141447,2,"{""Test_1"": 7.4, ""Test_2"": 0.0, ""Test_3"": 0.0, ""Test_4"": 17.719, ""Test_5"": 0.0, ""Test_6"": 0.0, ""Test_7"": 0.0, ""Test_8"": 0.0, ""Test_9"": 0.0, ""Test_10"": 0.0, ""Test_11"": 0.0, ""sum_click"": 745.0, ""mod_AAA"": 1.0, ""mod_BBB"": 0.0, ""mod_EEE"": 0.0, ""mod_FFF"": 0.0}"
OULAD,1,aligned,3,63,CARE,bounded+edit,CARE_bounded+edit,1,OK,41.78566666666667,12.952181577682495,1.5039773155697003,3,"{""Test_1"": 7.4, ""Test_2"": 0.0, ""Test_3"": 0.0, ""Test_4"": 17.719, ""Test_5"": 16.666667, ""Test_6"": 0.0, ""Test_7"": 0.0, ""Test_8"": 0.0, ""Test_9"": 0.0, ""Test_10"": 0.0, ""Test_11"": 0.0, ""sum_click"": 745.0, ""mod_AAA"": 1.0, ""mod_BBB"": 0.0, ""mod_EEE"": 0.0, ""mod_FFF"": 0.0}"
OULAD,1,aligned,3,1630,CARE,native,CARE_native,0,below_policy_threshold;out_of_bounds:Test_4;immutable_changed:Test_1;immutable_changed:Test_2,39.55,12.855671882629395,1.2638888888888888,1,"{""Test_1"": 6.2, ""Test_2"": 9.6, ""Test_3"": 1.0, ""Test_4"": 22.75, ""Test_5"": 0.0, ""Test_6"": 0.0, ""Test_7"": 0.0, ""Test_8"": 0.0, ""Test_9"": 0.0, ""Test_10"": 0.0, ""Test_11"": 0.0, ""sum_click"": 259.0, ""mod_AAA"": 0.0, ""mod_BBB"": 1.0, ""mod_EEE"": 0.0, ""mod_FFF"": 0.0}"
OULAD,1,aligned,3,1630,CARE,bounded,CARE_bounded,0,below_policy_threshold,30.85,12.855671882629395,1.0437364052026457,2,"{""Test_1"": 3.35, ""Test_2"": 9.0, ""Test_3"": 1.0, ""Test_4"": 17.5, ""Test_5"": 0.0, ""Test_6"": 0.0, ""Test_7"": 0.0, ""Test_8"": 0.0, ""Test_9"": 0.0, ""Test_10"": 0.0, ""Test_11"": 0.0, ""sum_click"": 438.0, ""mod_AAA"": 0.0, ""mod_BBB"": 1.0, ""mod_EEE"": 0.0, ""mod_FFF"": 0.0}"
OULAD,1,aligned,3,1630,CARE,bounded+edit,CARE_bounded+edit,1,OK,40.85,12.855671882629395,1.5992919607582012,3,"{""Test_1"": 3.35, ""Test_2"": 9.0, ""Test_3"": 1.0, ""Test_4"": 17.5, ""Test_5"": 0.0, ""Test_6"": 10.0, ""Test_7"": 0.0, ""Test_8"": 0.0, ""Test_9"": 0.0, ""Test_10"": 0.0, ""Test_11"": 0.0, ""sum_click"": 438.0, ""mod_AAA"": 0.0, ""mod_BBB"": 1.0, ""mod_EEE"": 0.0, ""mod_FFF"": 0.0}"
OULAD,1,aligned,3,2250,CARE,native,CARE_native,0,immutable_changed:Test_3,45.55,13.070433855056763,0.9858680150395436,2,"{""Test_1"": 3.25, ""Test_2"": 10.8, ""Test_3"": 17.5, ""Test_4"": 14.0, ""Test_5"": 0.0, ""Test_6"": 0.0, ""Test_7"": 0.0, ""Test_8"": 0.0, ""Test_9"": 0.0, ""Test_10"": 0.0, ""Test_11"": 0.0, ""sum_click"": 726.0, ""mod_AAA"": 0.0, ""mod_BBB"": 1.0, ""mod_EEE"": 0.0, ""mod_FFF"": 0.0}"
OULAD,1,aligned,3,2250,CARE,bounded,CARE_bounded,0,below_policy_threshold,38.25,13.070433855056763,1.484078827952807,3,"{""Test_1"": 3.25, ""Test_2"": 10.8, ""Test_3"": 0.0, ""Test_4"": 17.5, ""Test_5"": 0.0, ""Test_6"": 0.0, ""Test_7"": 0.0, ""Test_8"": 0.0, ""Test_9"": 0.0, ""Test_10"": 6.7, ""Test_11"": 0.0, ""sum_click"": 550.0, ""mod_AAA"": 0.0, ""mod_BBB"": 1.0, ""mod_EEE"": 0.0, ""mod_FFF"": 0.0}"
OULAD,1,aligned,3,2250,CARE,bounded+edit,CARE_bounded+edit,1,OK,40.25,13.070433855056763,1.595189939063918,4,"{""Test_1"": 3.25, ""Test_2"": 10.8, ""Test_3"": 0.0, ""Test_4"": 17.5, ""Test_5"": 0.0, ""Test_6"": 2.0, ""Test_7"": 0.0, ""Test_8"": 0.0, ""Test_9"": 0.0, ""Test_10"": 6.7, ""Test_11"": 0.0, ""sum_click"": 550.0, ""mod_AAA"": 0.0, ""mod_BBB"": 1.0, ""mod_EEE"": 0.0, ""mod_FFF"": 0.0}"
OULAD,1,aligned,3,2661,CARE,native,CARE_native,0,below_policy_threshold;immutable_changed:Test_1;immutable_changed:Test_3,37.587,12.933695554733276,0.9876093294460642,2,"{""Test_1"": 4.337, ""Test_2"": 0.0, ""Test_3"": 17.5, ""Test_4"": 15.75, ""Test_5"": 0.0, ""Test_6"": 0.0, ""Test_7"": 0.0, ""Test_8"": 0.0, ""Test_9"": 0.0, ""Test_10"": 0.0, ""Test_11"": 0.0, ""sum_click"": 327.0, ""mod_AAA"": 0.0, ""mod_BBB"": 1.0, ""mod_EEE"": 0.0, ""mod_FFF"": 0.0}"
OULAD,1,aligned,3,2661,CARE,bounded,CARE_bounded,0,below_policy_threshold,16.367,12.933695554733276,1.097688856494979,2,"{""Test_1"": 0.0, ""Test_2"": 0.0, ""Test_3"": 0.0, ""Test_4"": 16.367, ""Test_5"": 0.0, ""Test_6"": 0.0, ""Test_7"": 0.0, ""Test_8"": 0.0, ""Test_9"": 0.0, ""Test_10"": 0.0, ""Test_11"": 0.0, ""sum_click"": 535.0, ""mod_AAA"": 0.0, ""mod_BBB"": 1.0, ""mod_EEE"": 0.0, ""mod_FFF"": 0.0}"
OULAD,1,aligned,3,2661,CARE,bounded+edit,CARE_bounded+edit,0,below_policy_threshold,16.367,12.933695554733276,1.097688856494979,2,"{""Test_1"": 0.0, ""Test_2"": 0.0, ""Test_3"": 0.0, ""Test_4"": 16.367, ""Test_5"": 0.0, ""Test_6"": 0.0, ""Test_7"": 0.0, ""Test_8"": 0.0, ""Test_9"": 0.0, ""Test_10"": 0.0, ""Test_11"": 0.0, ""sum_click"": 535.0, ""mod_AAA"": 0.0, ""mod_BBB"": 1.0, ""mod_EEE"": 0.0, ""mod_FFF"": 0.0}"
OULAD,1,aligned,3,2913,CARE,native,CARE_native,0,below_policy_threshold;immutable_changed:Test_1,35.215,13.131325244903564,1.0630967271211174,2,"{""Test_1"": 4.925, ""Test_2"": 13.14, ""Test_3"": 0.0, ""Test_4"": 17.15, ""Test_5"": 0.0, ""Test_6"": 0.0, ""Test_7"": 0.0, ""Test_8"": 0.0, ""Test_9"": 0.0, ""Test_10"": 0.0, ""Test_11"": 0.0, ""sum_click"": 391.0, ""mod_AAA"": 0.0, ""mod_BBB"": 1.0, ""mod_EEE"": 0.0, ""mod_FFF"": 0.0}"
OULAD,1,aligned,3,2913,CARE,bounded,CARE_bounded,1,OK,49.036,13.131325244903564,1.8414444444444444,3,"{""Test_1"": 2.75, ""Test_2"": 13.14, ""Test_3"": 0.0, ""Test_4"": 11.746, ""Test_5"": 0.0, ""Test_6"": 11.0, ""Test_7"": 0.0, ""Test_8"": 0.0, ""Test_9"": 0.0, ""Test_10"": 10.4, ""Test_11"": 0.0, ""sum_click"": 97.0, ""mod_AAA"": 0.0, ""mod_BBB"": 1.0, ""mod_EEE"": 0.0, ""mod_FFF"": 0.0}"
OULAD,1,aligned,3,2913,CARE,bounded+edit,CARE_bounded+edit,1,OK,49.036,13.131325244903564,1.8414444444444444,3,"{""Test_1"": 2.75, ""Test_2"": 13.14, ""Test_3"": 0.0, ""Test_4"": 11.746, ""Test_5"": 0.0, ""Test_6"": 11.0, ""Test_7"": 0.0, ""Test_8"": 0.0, ""Test_9"": 0.0, ""Test_10"": 10.4, ""Test_11"": 0.0, ""sum_click"": 97.0, ""mod_AAA"": 0.0, ""mod_BBB"": 1.0, ""mod_EEE"": 0.0, ""mod_FFF"": 0.0}"
OULAD,1,aligned,3,3258,CARE,native,CARE_native,0,immutable_changed:Test_2;immutable_changed:Test_3,40.7,13.210615396499634,0.9083544915971467,2,"{""Test_1"": 0.0, ""Test_2"": 9.2, ""Test_3"": 17.5, ""Test_4"": 14.0, ""Test_5"": 0.0, ""Test_6"": 0.0, ""Test_7"": 0.0, ""Test_8"": 0.0, ""Test_9"": 0.0, ""Test_10"": 0.0, ""Test_11"": 0.0, ""sum_click"": 365.0, ""mod_AAA"": 0.0, ""mod_BBB"": 1.0, ""mod_EEE"": 0.0, ""mod_FFF"": 0.0}"
OULAD,1,aligned,3,3258,CARE,bounded,CARE_bounded,0,below_policy_threshold,16.228,13.210615396499634,1.1565428605972676,2,"{""Test_1"": 0.0, ""Test_2"": 0.0, ""Test_3"": 0.0, ""Test_4"": 16.228, ""Test_5"": 0.0, ""Test_6"": 0.0, ""Test_7"": 0.0, ""Test_8"": 0.0, ""Test_9"": 0.0, ""Test_10"": 0.0, ""Test_11"": 0.0, ""sum_click"": 708.0, ""mod_AAA"": 0.0, ""mod_BBB"": 1.0, ""mod_EEE"": 0.0, ""mod_FFF"": 0.0}"
OULAD,1,aligned,3,3258,CARE,bounded+edit,CARE_bounded+edit,0,below_policy_threshold,16.228,13.210615396499634,1.1565428605972676,2,"{""Test_1"": 0.0, ""Test_2"": 0.0, ""Test_3"": 0.0, ""Test_4"": 16.228, ""Test_5"": 0.0, ""Test_6"": 0.0, ""Test_7"": 0.0, ""Test_8"": 0.0, ""Test_9"": 0.0, ""Test_10"": 0.0, ""Test_11"": 0.0, ""sum_click"": 708.0, ""mod_AAA"": 0.0, ""mod_BBB"": 1.0, ""mod_EEE"": 0.0, ""mod_FFF"": 0.0}"
OULAD,1,aligned,3,3454,CARE,native,CARE_native,0,below_policy_threshold;immutable_changed:Test_2;immutable_changed:Test_3,38.353,13.712373971939087,0.6505396352809826,1,"{""Test_1"": 2.55, ""Test_2"": 12.703, ""Test_3"": 23.1, ""Test_4"": 0.0, ""Test_5"": 0.0, ""Test_6"": 0.0, ""Test_7"": 0.0, ""Test_8"": 0.0, ""Test_9"": 0.0, ""Test_10"": 0.0, ""Test_11"": 0.0, ""sum_click"": 1823.0, ""mod_AAA"": 0.0, ""mod_BBB"": 1.0, ""mod_EEE"": 0.0, ""mod_FFF"": 0.0}"
OULAD,1,aligned,3,3454,CARE,bounded,CARE_bounded,0,below_policy_threshold;immutable_changed:Test_3,31.871000000000002,13.712373971939087,1.2120093660836124,2,"{""Test_1"": 2.55, ""Test_2"": 6.66, ""Test_3"": 6.626, ""Test_4"": 16.035, ""Test_5"": 0.0, ""Test_6"": 0.0, ""Test_7"": 0.0, ""Test_8"": 0.0, ""Test_9"": 0.0, ""Test_10"": 0.0, ""Test_11"": 0.0, ""sum_click"": 938.0, ""mod_AAA"": 0.0, ""mod_BBB"": 1.0, ""mod_EEE"": 0.0, ""mod_FFF"": 0.0}"
OULAD,1,aligned,3,3454,CARE,bounded+edit,CARE_bounded+edit,0,below_policy_threshold;immutable_changed:Test_3,31.871000000000002,13.712373971939087,1.2120093660836124,2,"{""Test_1"": 2.55, ""Test_2"": 6.66, ""Test_3"": 6.626, ""Test_4"": 16.035, ""Test_5"": 0.0, ""Test_6"": 0.0, ""Test_7"": 0.0, ""Test_8"": 0.0, ""Test_9"": 0.0, ""Test_10"": 0.0, ""Test_11"": 0.0, ""sum_click"": 938.0, ""mod_AAA"": 0.0, ""mod_BBB"": 1.0, ""mod_EEE"": 0.0, ""mod_FFF"": 0.0}"
OULAD,1,aligned,3,3522,CARE,native,CARE_native,0,below_policy_threshold;immutable_changed:Test_2;immutable_changed:Test_3,39.15,13.602264404296875,0.3694620253164557,1,"{""Test_1"": 2.65, ""Test_2"": 12.0, ""Test_3"": 24.5, ""Test_4"": 0.0, ""Test_5"": 0.0, ""Test_6"": 0.0, ""Test_7"": 0.0, ""Test_8"": 0.0, ""Test_9"": 0.0, ""Test_10"": 0.0, ""Test_11"": 0.0, ""sum_click"": 1168.0, ""mod_AAA"": 0.0, ""mod_BBB"": 1.0, ""mod_EEE"": 0.0, ""mod_FFF"": 0.0}"
OULAD,1,aligned,3,3522,CARE,bounded,CARE_bounded,1,OK,42.8,13.602264404296875,2.3361111111111112,4,"{""Test_1"": 2.65, ""Test_2"": 9.0, ""Test_3"": 1.0, ""Test_4"": 12.25, ""Test_5"": 0.0, ""Test_6"": 1.5, ""Test_7"": 0.0, ""Test_8"": 0.0, ""Test_9"": 0.0, ""Test_10"": 15.7, ""Test_11"": 0.7, ""sum_click"": 234.0, ""mod_AAA"": 0.0, ""mod_BBB"": 1.0, ""mod_EEE"": 0.0, ""mod_FFF"": 0.0}"
OULAD,1,aligned,3,3522,CARE,bounded+edit,CARE_bounded+edit,1,OK,42.8,13.602264404296875,2.3361111111111112,4,"{""Test_1"": 2.65, ""Test_2"": 9.0, ""Test_3"": 1.0, ""Test_4"": 12.25, ""Test_5"": 0.0, ""Test_6"": 1.5, ""Test_7"": 0.0, ""Test_8"": 0.0, ""Test_9"": 0.0, ""Test_10"": 15.7, ""Test_11"": 0.7, ""sum_click"": 234.0, ""mod_AAA"": 0.0, ""mod_BBB"": 1.0, ""mod_EEE"": 0.0, ""mod_FFF"": 0.0}"
OULAD,1,aligned,3,3973,CARE,native,CARE_native,0,below_policy_threshold;immutable_changed:Test_3,39.309,14.493912696838379,0.9333333333333333,1,"{""Test_1"": 2.35, ""Test_2"": 7.92, ""Test_3"": 12.239, ""Test_4"": 16.8, ""Test_5"": 0.0, ""Test_6"": 0.0, ""Test_7"": 0.0, ""Test_8"": 0.0, ""Test_9"": 0.0, ""Test_10"": 0.0, ""Test_11"": 0.0, ""sum_click"": 278.0, ""mod_AAA"": 0.0, ""mod_BBB"": 1.0, ""mod_EEE"": 0.0, ""mod_FFF"": 0.0}"
OULAD,1,aligned,3,3973,CARE,bounded,CARE_bounded,0,below_policy_threshold,28.369999999999997,14.493912696838379,0.9722222222222222,1,"{""Test_1"": 2.35, ""Test_2"": 7.92, ""Test_3"": 0.6, ""Test_4"": 17.5, ""Test_5"": 0.0, ""Test_6"": 0.0, ""Test_7"": 0.0, ""Test_8"": 0.0, ""Test_9"": 0.0, ""Test_10"": 0.0, ""Test_11"": 0.0, ""sum_click"": 278.0, ""mod_AAA"": 0.0, ""mod_BBB"": 1.0, ""mod_EEE"": 0.0, ""mod_FFF"": 0.0}"
OULAD,1,aligned,3,3973,CARE,bounded+edit,CARE_bounded+edit,1,OK,40.37,14.493912696838379,1.6388888888888888,2,"{""Test_1"": 2.35, ""Test_2"": 7.92, ""Test_3"": 0.6, ""Test_4"": 17.5, ""Test_5"": 0.0, ""Test_6"": 12.0, ""Test_7"": 0.0, ""Test_8"": 0.0, ""Test_9"": 0.0, ""Test_10"": 0.0, ""Test_11"": 0.0, ""sum_click"": 278.0, ""mod_AAA"": 0.0, ""mod_BBB"": 1.0, ""mod_EEE"": 0.0, ""mod_FFF"": 0.0}"
OULAD,1,aligned,3,4091,CARE,native,CARE_native,0,below_policy_threshold;immutable_changed:Test_1;immutable_changed:Test_3,37.232,13.479247093200684,0.9405319634703195,2,"{""Test_1"": 5.6, ""Test_2"": 13.14, ""Test_3"": 1.809, ""Test_4"": 16.683, ""Test_5"": 0.0, ""Test_6"": 0.0, ""Test_7"": 0.0, ""Test_8"": 0.0, ""Test_9"": 0.0, ""Test_10"": 0.0, ""Test_11"": 0.0, ""sum_click"": 674.0, ""mod_AAA"": 0.0, ""mod_BBB"": 1.0, ""mod_EEE"": 0.0, ""mod_FFF"": 0.0}"
OULAD,1,aligned,3,4091,CARE,bounded,CARE_bounded,0,below_policy_threshold;immutable_changed:Test_1,36.373000000000005,13.479247093200684,0.9810000000000001,1,"{""Test_1"": 4.775, ""Test_2"": 13.14, ""Test_3"": 0.8, ""Test_4"": 17.658, ""Test_5"": 0.0, ""Test_6"": 0.0, ""Test_7"": 0.0, ""Test_8"": 0.0, ""Test_9"": 0.0, ""Test_10"": 0.0, ""Test_11"": 0.0, ""sum_click"": 645.0, ""mod_AAA"": 0.0, ""mod_BBB"": 1.0, ""mod_EEE"": 0.0, ""mod_FFF"": 0.0}"
OULAD,1,aligned,3,4091,CARE,bounded+edit,CARE_bounded+edit,0,below_policy_threshold;immutable_changed:Test_1,36.373000000000005,13.479247093200684,0.9810000000000001,1,"{""Test_1"": 4.775, ""Test_2"": 13.14, ""Test_3"": 0.8, ""Test_4"": 17.658, ""Test_5"": 0.0, ""Test_6"": 0.0, ""Test_7"": 0.0, ""Test_8"": 0.0, ""Test_9"": 0.0, ""Test_10"": 0.0, ""Test_11"": 0.0, ""sum_click"": 645.0, ""mod_AAA"": 0.0, ""mod_BBB"": 1.0, ""mod_EEE"": 0.0, ""mod_FFF"": 0.0}"
OULAD,1,aligned,3,4290,CARE,native,CARE_native,0,immutable_changed:Test_3,40.400000000000006,13.48986005783081,0.8361111111111111,1,"{""Test_1"": 2.1, ""Test_2"": 9.36, ""Test_3"": 13.89, ""Test_4"": 15.05, ""Test_5"": 0.0, ""Test_6"": 0.0, ""Test_7"": 0.0, ""Test_8"": 0.0, ""Test_9"": 0.0, ""Test_10"": 0.0, ""Test_11"": 0.0, ""sum_click"": 863.0, ""mod_AAA"": 0.0, ""mod_BBB"": 1.0, ""mod_EEE"": 0.0, ""mod_FFF"": 0.0}"
OULAD,1,aligned,3,4290,CARE,bounded,CARE_bounded,0,below_policy_threshold,34.157,13.48986005783081,1.5831666666666666,3,"{""Test_1"": 2.1, ""Test_2"": 9.36, ""Test_3"": 1.0, ""Test_4"": 15.897, ""Test_5"": 0.0, ""Test_6"": 0.0, ""Test_7"": 0.0, ""Test_8"": 0.0, ""Test_9"": 0.0, ""Test_10"": 5.4, ""Test_11"": 0.4, ""sum_click"": 863.0, ""mod_AAA"": 0.0, ""mod_BBB"": 1.0, ""mod_EEE"": 0.0, ""mod_FFF"": 0.0}"
OULAD,1,aligned,3,4290,CARE,bounded+edit,CARE_bounded+edit,1,OK,40.157,13.48986005783081,1.9165,4,"{""Test_1"": 2.1, ""Test_2"": 9.36, ""Test_3"": 1.0, ""Test_4"": 15.897, ""Test_5"": 0.0, ""Test_6"": 6.0, ""Test_7"": 0.0, ""Test_8"": 0.0, ""Test_9"": 0.0, ""Test_10"": 5.4, ""Test_11"": 0.4, ""sum_click"": 863.0, ""mod_AAA"": 0.0, ""mod_BBB"": 1.0, ""mod_EEE"": 0.0, ""mod_FFF"": 0.0}"
OULAD,1,aligned,3,4301,CARE,native,CARE_native,0,immutable_changed:Test_3,41.711,13.777937173843384,0.0,0,"{""Test_1"": 3.45, ""Test_2"": 13.14, ""Test_3"": 25.121, ""Test_4"": 0.0, ""Test_5"": 0.0, ""Test_6"": 0.0, ""Test_7"": 0.0, ""Test_8"": 0.0, ""Test_9"": 0.0, ""Test_10"": 0.0, ""Test_11"": 0.0, ""sum_click"": 1368.0, ""mod_AAA"": 0.0, ""mod_BBB"": 1.0, ""mod_EEE"": 0.0, ""mod_FFF"": 0.0}"
OULAD,1,aligned,3,4301,CARE,bounded,CARE_bounded,1,OK,46.69,13.777937173843384,1.6722222222222223,3,"{""Test_1"": 3.45, ""Test_2"": 13.14, ""Test_3"": 0.0, ""Test_4"": 12.6, ""Test_5"": 0.0, ""Test_6"": 11.0, ""Test_7"": 0.0, ""Test_8"": 0.0, ""Test_9"": 0.0, ""Test_10"": 6.5, ""Test_11"": 0.0, ""sum_click"": 1368.0, ""mod_AAA"": 0.0, ""mod_BBB"": 1.0, ""mod_EEE"": 0.0, ""mod_FFF"": 0.0}"
OULAD,1,aligned,3,4301,CARE,bounded+edit,CARE_bounded+edit,1,OK,46.69,13.777937173843384,1.6722222222222223,3,"{""Test_1"": 3.45, ""Test_2"": 13.14, ""Test_3"": 0.0, ""Test_4"": 12.6, ""Test_5"": 0.0, ""Test_6"": 11.0, ""Test_7"": 0.0, ""Test_8"": 0.0, ""Test_9"": 0.0, ""Test_10"": 6.5, ""Test_11"": 0.0, ""sum_click"": 1368.0, ""mod_AAA"": 0.0, ""mod_BBB"": 1.0, ""mod_EEE"": 0.0, ""mod_FFF"": 0.0}"
OULAD,1,aligned,3,4587,CARE,native,CARE_native,0,below_policy_threshold;immutable_changed:Test_1;immutable_changed:Test_3,31.191,13.177002906799316,0.9722222222222222,1,"{""Test_1"": 3.091, ""Test_2"": 0.0, ""Test_3"": 10.6, ""Test_4"": 17.5, ""Test_5"": 0.0, ""Test_6"": 0.0, ""Test_7"": 0.0, ""Test_8"": 0.0, ""Test_9"": 0.0, ""Test_10"": 0.0, ""Test_11"": 0.0, ""sum_click"": 0.0, ""mod_AAA"": 0.0, ""mod_BBB"": 1.0, ""mod_EEE"": 0.0, ""mod_FFF"": 0.0}"
OULAD,1,aligned,3,4587,CARE,bounded,CARE_bounded,0,below_policy_threshold,15.0,13.177002906799316,2.054026872636576,4,"{""Test_1"": 0.0, ""Test_2"": 0.0, ""Test_3"": 0.0, ""Test_4"": 14.0, ""Test_5"": 0.0, ""Test_6"": 0.0, ""Test_7"": 0.4, ""Test_8"": 0.0, ""Test_9"": 0.6, ""Test_10"": 0.0, ""Test_11"": 0.0, ""sum_click"": 763.0, ""mod_AAA"": 0.0, ""mod_BBB"": 1.0, ""mod_EEE"": 0.0, ""mod_FFF"": 0.0}"
OULAD,1,aligned,3,4587,CARE,bounded+edit,CARE_bounded+edit,0,below_policy_threshold,15.0,13.177002906799316,2.054026872636576,4,"{""Test_1"": 0.0, ""Test_2"": 0.0, ""Test_3"": 0.0, ""Test_4"": 14.0, ""Test_5"": 0.0, ""Test_6"": 0.0, ""Test_7"": 0.4, ""Test_8"": 0.0, ""Test_9"": 0.6, ""Test_10"": 0.0, ""Test_11"": 0.0, ""sum_click"": 763.0, ""mod_AAA"": 0.0, ""mod_BBB"": 1.0, ""mod_EEE"": 0.0, ""mod_FFF"": 0.0}"
OULAD,1,aligned,3,4645,CARE,native,CARE_native,0,below_policy_threshold;immutable_changed:Test_1;immutable_changed:Test_2;immutable_changed:Test_3,34.483000000000004,13.86805772781372,0.48962857142857147,1,"{""Test_1"": 4.299, ""Test_2"": 0.295, ""Test_3"": 12.752, ""Test_4"": 17.137, ""Test_5"": 0.0, ""Test_6"": 0.0, ""Test_7"": 0.0, ""Test_8"": 0.0, ""Test_9"": 0.0, ""Test_10"": 0.0, ""Test_11"": 0.0, ""sum_click"": 108.0, ""mod_AAA"": 0.0, ""mod_BBB"": 1.0, ""mod_EEE"": 0.0, ""mod_FFF"": 0.0}"
OULAD,1,aligned,3,4645,CARE,bounded,CARE_bounded,0,below_policy_threshold,22.447,13.86805772781372,0.6413428571428571,1,"{""Test_1"": 0.0, ""Test_2"": 0.0, ""Test_3"": 0.0, ""Test_4"": 22.447, ""Test_5"": 0.0, ""Test_6"": 0.0, ""Test_7"": 0.0, ""Test_8"": 0.0, ""Test_9"": 0.0, ""Test_10"": 0.0, ""Test_11"": 0.0, ""sum_click"": 108.0, ""mod_AAA"": 0.0, ""mod_BBB"": 1.0, ""mod_EEE"": 0.0, ""mod_FFF"": 0.0}"
OULAD,1,aligned,3,4645,CARE,bounded+edit,CARE_bounded+edit,0,below_policy_threshold,22.447,13.86805772781372,0.6413428571428571,1,"{""Test_1"": 0.0, ""Test_2"": 0.0, ""Test_3"": 0.0, ""Test_4"": 22.447, ""Test_5"": 0.0, ""Test_6"": 0.0, ""Test_7"": 0.0, ""Test_8"": 0.0, ""Test_9"": 0.0, ""Test_10"": 0.0, ""Test_11"": 0.0, ""sum_click"": 108.0, ""mod_AAA"": 0.0, ""mod_BBB"": 1.0, ""mod_EEE"": 0.0, ""mod_FFF"": 0.0}"
OULAD,1,aligned,3,5708,CARE,native,CARE_native,0,immutable_changed:Test_1,41.113,13.253737688064575,0.6575142857142857,1,"{""Test_1"": 6.5, ""Test_2"": 11.6, ""Test_3"": 0.0, ""Test_4"": 23.013, ""Test_5"": 0.0, ""Test_6"": 0.0, ""Test_7"": 0.0, ""Test_8"": 0.0, ""Test_9"": 0.0, ""Test_10"": 0.0, ""Test_11"": 0.0, ""sum_click"": 292.0, ""mod_AAA"": 0.0, ""mod_BBB"": 1.0, ""mod_EEE"": 0.0, ""mod_FFF"": 0.0}"
OULAD,1,aligned,3,5708,CARE,bounded,CARE_bounded,0,below_policy_threshold,28.75,13.253737688064575,0.48999999999999994,1,"{""Test_1"": 0.0, ""Test_2"": 11.6, ""Test_3"": 0.0, ""Test_4"": 17.15, ""Test_5"": 0.0, ""Test_6"": 0.0, ""Test_7"": 0.0, ""Test_8"": 0.0, ""Test_9"": 0.0, ""Test_10"": 0.0, ""Test_11"": 0.0, ""sum_click"": 292.0, ""mod_AAA"": 0.0, ""mod_BBB"": 1.0, ""mod_EEE"": 0.0, ""mod_FFF"": 0.0}"
OULAD,1,aligned,3,5708,CARE,bounded+edit,CARE_bounded+edit,0,below_policy_threshold,28.75,13.253737688064575,0.48999999999999994,1,"{""Test_1"": 0.0, ""Test_2"": 11.6, ""Test_3"": 0.0, ""Test_4"": 17.15, ""Test_5"": 0.0, ""Test_6"": 0.0, ""Test_7"": 0.0, ""Test_8"": 0.0, ""Test_9"": 0.0, ""Test_10"": 0.0, ""Test_11"": 0.0, ""sum_click"": 292.0, ""mod_AAA"": 0.0, ""mod_BBB"": 1.0, ""mod_EEE"": 0.0, ""mod_FFF"": 0.0}"
OULAD,1,aligned,3,5806,CARE,native,CARE_native,0,below_policy_threshold;immutable_changed:Test_2;immutable_changed:Test_3,37.368,13.52175498008728,0.47360192698296966,2,"{""Test_1"": 0.0, ""Test_2"": 10.4, ""Test_3"": 13.097, ""Test_4"": 13.871, ""Test_5"": 0.0, ""Test_6"": 0.0, ""Test_7"": 0.0, ""Test_8"": 0.0, ""Test_9"": 0.0, ""Test_10"": 0.0, ""Test_11"": 0.0, ""sum_click"": 231.0, ""mod_AAA"": 0.0, ""mod_BBB"": 1.0, ""mod_EEE"": 0.0, ""mod_FFF"": 0.0}"
OULAD,1,aligned,3,5806,CARE,bounded,CARE_bounded,0,below_policy_threshold,16.428,13.52175498008728,0.5667101088484975,2,"{""Test_1"": 0.0, ""Test_2"": 0.0, ""Test_3"": 0.0, ""Test_4"": 16.428, ""Test_5"": 0.0, ""Test_6"": 0.0, ""Test_7"": 0.0, ""Test_8"": 0.0, ""Test_9"": 0.0, ""Test_10"": 0.0, ""Test_11"": 0.0, ""sum_click"": 286.0, ""mod_AAA"": 0.0, ""mod_BBB"": 1.0, ""mod_EEE"": 0.0, ""mod_FFF"": 0.0}"
OULAD,1,aligned,3,5806,CARE,bounded+edit,CARE_bounded+edit,0,below_policy_threshold,16.428,13.52175498008728,0.5667101088484975,2,"{""Test_1"": 0.0, ""Test_2"": 0.0, ""Test_3"": 0.0, ""Test_4"": 16.428, ""Test_5"": 0.0, ""Test_6"": 0.0, ""Test_7"": 0.0, ""Test_8"": 0.0, ""Test_9"": 0.0, ""Test_10"": 0.0, ""Test_11"": 0.0, ""sum_click"": 286.0, ""mod_AAA"": 0.0, ""mod_BBB"": 1.0, ""mod_EEE"": 0.0, ""mod_FFF"": 0.0}"
OULAD,1,aligned,3,6042,CARE,native,CARE_native,0,below_policy_threshold;immutable_changed:Test_3,34.242000000000004,13.979619026184082,0.47262857142857145,1,"{""Test_1"": 7.2, ""Test_2"": 0.0, ""Test_3"": 10.5, ""Test_4"": 16.542, ""Test_5"": 0.0, ""Test_6"": 0.0, ""Test_7"": 0.0, ""Test_8"": 0.0, ""Test_9"": 0.0, ""Test_10"": 0.0, ""Test_11"": 0.0, ""sum_click"": 109.0, ""mod_AAA"": 0.0, ""mod_BBB"": 1.0, ""mod_EEE"": 0.0, ""mod_FFF"": 0.0}"
OULAD,1,aligned,3,6042,CARE,bounded,CARE_bounded,0,below_policy_threshold,28.2,13.979619026184082,0.8529212212589521,2,"{""Test_1"": 7.2, ""Test_2"": 0.0, ""Test_3"": 0.0, ""Test_4"": 21.0, ""Test_5"": 0.0, ""Test_6"": 0.0, ""Test_7"": 0.0, ""Test_8"": 0.0, ""Test_9"": 0.0, ""Test_10"": 0.0, ""Test_11"": 0.0, ""sum_click"": 780.0, ""mod_AAA"": 0.0, ""mod_BBB"": 1.0, ""mod_EEE"": 0.0, ""mod_FFF"": 0.0}"
OULAD,1,aligned,3,6042,CARE,bounded+edit,CARE_bounded+edit,0,below_policy_threshold,28.2,13.979619026184082,0.8529212212589521,2,"{""Test_1"": 7.2, ""Test_2"": 0.0, ""Test_3"": 0.0, ""Test_4"": 21.0, ""Test_5"": 0.0, ""Test_6"": 0.0, ""Test_7"": 0.0, ""Test_8"": 0.0, ""Test_9"": 0.0, ""Test_10"": 0.0, ""Test_11"": 0.0, ""sum_click"": 780.0, ""mod_AAA"": 0.0, ""mod_BBB"": 1.0, ""mod_EEE"": 0.0, ""mod_FFF"": 0.0}"
OULAD,1,aligned,3,6430,CARE,native,CARE_native,0,immutable_changed:Test_1;immutable_changed:Test_3,40.879999999999995,13.142864227294922,0.59,1,"{""Test_1"": 10.08, ""Test_2"": 0.0, ""Test_3"": 14.28, ""Test_4"": 16.52, ""Test_5"": 0.0, ""Test_6"": 0.0, ""Test_7"": 0.0, ""Test_8"": 0.0, ""Test_9"": 0.0, ""Test_10"": 0.0, ""Test_11"": 0.0, ""sum_click"": 101.0, ""mod_AAA"": 0.0, ""mod_BBB"": 0.0, ""mod_EEE"": 1.0, ""mod_FFF"": 0.0}"
OULAD,1,aligned,3,6430,CARE,bounded,CARE_bounded,0,below_policy_threshold,19.6,13.142864227294922,0.7870861354647138,2,"{""Test_1"": 0.0, ""Test_2"": 0.0, ""Test_3"": 0.0, ""Test_4"": 19.6, ""Test_5"": 0.0, ""Test_6"": 0.0, ""Test_7"": 0.0, ""Test_8"": 0.0, ""Test_9"": 0.0, ""Test_10"": 0.0, ""Test_11"": 0.0, ""sum_click"": 472.0, ""mod_AAA"": 0.0, ""mod_BBB"": 0.0, ""mod_EEE"": 1.0, ""mod_FFF"": 0.0}"
OULAD,1,aligned,3,6430,CARE,bounded+edit,CARE_bounded+edit,0,below_policy_threshold,19.6,13.142864227294922,0.7870861354647138,2,"{""Test_1"": 0.0, ""Test_2"": 0.0, ""Test_3"": 0.0, ""Test_4"": 19.6, ""Test_5"": 0.0, ""Test_6"": 0.0, ""Test_7"": 0.0, ""Test_8"": 0.0, ""Test_9"": 0.0, ""Test_10"": 0.0, ""Test_11"": 0.0, ""sum_click"": 472.0, ""mod_AAA"": 0.0, ""mod_BBB"": 0.0, ""mod_EEE"": 1.0, ""mod_FFF"": 0.0}"
OULAD,1,aligned,3,6502,CARE,native,CARE_native,0,out_of_bounds:sum_click,48.529,13.331226587295532,0.5687706736638168,2,"{""Test_1"": 13.44, ""Test_2"": 20.16, ""Test_3"": 0.0, ""Test_4"": 14.929, ""Test_5"": 0.0, ""Test_6"": 0.0, ""Test_7"": 0.0, ""Test_8"": 0.0, ""Test_9"": 0.0, ""Test_10"": 0.0, ""Test_11"": 0.0, ""sum_click"": 986.0, ""mod_AAA"": 0.0, ""mod_BBB"": 0.0, ""mod_EEE"": 1.0, ""mod_FFF"": 0.0}"
OULAD,1,aligned,3,6502,CARE,bounded,CARE_bounded,0,immutable_changed:Test_3,50.963,13.331226587295532,0.09607142857142859,1,"{""Test_1"": 13.44, ""Test_2"": 20.16, ""Test_3"": 14.673, ""Test_4"": 2.69, ""Test_5"": 0.0, ""Test_6"": 0.0, ""Test_7"": 0.0, ""Test_8"": 0.0, ""Test_9"": 0.0, ""Test_10"": 0.0, ""Test_11"": 0.0, ""sum_click"": 1102.0, ""mod_AAA"": 0.0, ""mod_BBB"": 0.0, ""mod_EEE"": 1.0, ""mod_FFF"": 0.0}"
OULAD,1,aligned,3,6502,CARE,bounded+edit,CARE_bounded+edit,0,immutable_changed:Test_3,50.963,13.331226587295532,0.09607142857142859,1,"{""Test_1"": 13.44, ""Test_2"": 20.16, ""Test_3"": 14.673, ""Test_4"": 2.69, ""Test_5"": 0.0, ""Test_6"": 0.0, ""Test_7"": 0.0, ""Test_8"": 0.0, ""Test_9"": 0.0, ""Test_10"": 0.0, ""Test_11"": 0.0, ""sum_click"": 1102.0, ""mod_AAA"": 0.0, ""mod_BBB"": 0.0, ""mod_EEE"": 1.0, ""mod_FFF"": 0.0}"
OULAD,1,aligned,3,7098,CARE,native,CARE_native,0,immutable_changed:Test_1;immutable_changed:Test_3;immutable_changed:Test_5,43.608000000000004,13.314270973205566,0.1877017257601563,1,"{""Test_1"": 14.4, ""Test_2"": 14.56, ""Test_3"": 14.018, ""Test_4"": 0.0, ""Test_5"": 0.63, ""Test_6"": 0.0, ""Test_7"": 0.0, ""Test_8"": 0.0, ""Test_9"": 0.0, ""Test_10"": 0.0, ""Test_11"": 0.0, ""sum_click"": 951.0, ""mod_AAA"": 0.0, ""mod_BBB"": 0.0, ""mod_EEE"": 1.0, ""mod_FFF"": 0.0}"
OULAD,1,aligned,3,7098,CARE,bounded,CARE_bounded,0,below_policy_threshold;immutable_changed:Test_3,38.48,13.314270973205566,0.9232638185867588,1,"{""Test_1"": 8.8, ""Test_2"": 14.56, ""Test_3"": 15.12, ""Test_4"": 0.0, ""Test_5"": 0.0, ""Test_6"": 0.0, ""Test_7"": 0.0, ""Test_8"": 0.0, ""Test_9"": 0.0, ""Test_10"": 0.0, ""Test_11"": 0.0, ""sum_click"": 4039.0, ""mod_AAA"": 0.0, ""mod_BBB"": 0.0, ""mod_EEE"": 1.0, ""mod_FFF"": 0.0}"
OULAD,1,aligned,3,7098,CARE,bounded+edit,CARE_bounded+edit,0,below_policy_threshold;immutable_changed:Test_3,38.48,13.314270973205566,0.9232638185867588,1,"{""Test_1"": 8.8, ""Test_2"": 14.56, ""Test_3"": 15.12, ""Test_4"": 0.0, ""Test_5"": 0.0, ""Test_6"": 0.0, ""Test_7"": 0.0, ""Test_8"": 0.0, ""Test_9"": 0.0, ""Test_10"": 0.0, ""Test_11"": 0.0, ""sum_click"": 4039.0, ""mod_AAA"": 0.0, ""mod_BBB"": 0.0, ""mod_EEE"": 1.0, ""mod_FFF"": 0.0}"
OULAD,1,aligned,3,7133,CARE,native,CARE_native,0,immutable_changed:Test_3,51.869,13.239602327346802,0.0,0,"{""Test_1"": 14.72, ""Test_2"": 26.6, ""Test_3"": 10.549, ""Test_4"": 0.0, ""Test_5"": 0.0, ""Test_6"": 0.0, ""Test_7"": 0.0, ""Test_8"": 0.0, ""Test_9"": 0.0, ""Test_10"": 0.0, ""Test_11"": 0.0, ""sum_click"": 963.0, ""mod_AAA"": 0.0, ""mod_BBB"": 0.0, ""mod_EEE"": 1.0, ""mod_FFF"": 0.0}"
OULAD,1,aligned,3,7133,CARE,bounded,CARE_bounded,1,OK,58.813,13.239602327346802,0.6247499999999999,1,"{""Test_1"": 14.72, ""Test_2"": 26.6, ""Test_3"": 0.0, ""Test_4"": 17.493, ""Test_5"": 0.0, ""Test_6"": 0.0, ""Test_7"": 0.0, ""Test_8"": 0.0, ""Test_9"": 0.0, ""Test_10"": 0.0, ""Test_11"": 0.0, ""sum_click"": 963.0, ""mod_AAA"": 0.0, ""mod_BBB"": 0.0, ""mod_EEE"": 1.0, ""mod_FFF"": 0.0}"
OULAD,1,aligned,3,7133,CARE,bounded+edit,CARE_bounded+edit,1,OK,58.813,13.239602327346802,0.6247499999999999,1,"{""Test_1"": 14.72, ""Test_2"": 26.6, ""Test_3"": 0.0, ""Test_4"": 17.493, ""Test_5"": 0.0, ""Test_6"": 0.0, ""Test_7"": 0.0, ""Test_8"": 0.0, ""Test_9"": 0.0, ""Test_10"": 0.0, ""Test_11"": 0.0, ""sum_click"": 963.0, ""mod_AAA"": 0.0, ""mod_BBB"": 0.0, ""mod_EEE"": 1.0, ""mod_FFF"": 0.0}"
OULAD,1,aligned,3,7391,CARE,native,CARE_native,0,immutable_changed:Test_3,43.118,13.31783652305603,0.3977857142857143,1,"{""Test_1"": 15.04, ""Test_2"": 0.0, ""Test_3"": 16.94, ""Test_4"": 11.138, ""Test_5"": 0.0, ""Test_6"": 0.0, ""Test_7"": 0.0, ""Test_8"": 0.0, ""Test_9"": 0.0, ""Test_10"": 0.0, ""Test_11"": 0.0, ""sum_click"": 206.0, ""mod_AAA"": 0.0, ""mod_BBB"": 0.0, ""mod_EEE"": 1.0, ""mod_FFF"": 0.0}"
OULAD,1,aligned,3,7391,CARE,bounded,CARE_bounded,0,below_policy_threshold,31.84,13.31783652305603,0.6,1,"{""Test_1"": 15.04, ""Test_2"": 0.0, ""Test_3"": 0.0, ""Test_4"": 16.8, ""Test_5"": 0.0, ""Test_6"": 0.0, ""Test_7"": 0.0, ""Test_8"": 0.0, ""Test_9"": 0.0, ""Test_10"": 0.0, ""Test_11"": 0.0, ""sum_click"": 206.0, ""mod_AAA"": 0.0, ""mod_BBB"": 0.0, ""mod_EEE"": 1.0, ""mod_FFF"": 0.0}"
OULAD,1,aligned,3,7391,CARE,bounded+edit,CARE_bounded+edit,0,below_policy_threshold,31.84,13.31783652305603,0.6,1,"{""Test_1"": 15.04, ""Test_2"": 0.0, ""Test_3"": 0.0, ""Test_4"": 16.8, ""Test_5"": 0.0, ""Test_6"": 0.0, ""Test_7"": 0.0, ""Test_8"": 0.0, ""Test_9"": 0.0, ""Test_10"": 0.0, ""Test_11"": 0.0, ""sum_click"": 206.0, ""mod_AAA"": 0.0, ""mod_BBB"": 0.0, ""mod_EEE"": 1.0, ""mod_FFF"": 0.0}"
OULAD,1,aligned,3,8023,CARE,native,CARE_native,0,immutable_changed:Test_1;immutable_changed:Test_3,45.440000000000005,13.976769208908081,0.6500000000000001,1,"{""Test_1"": 12.96, ""Test_2"": 0.0, ""Test_3"": 14.28, ""Test_4"": 18.2, ""Test_5"": 0.0, ""Test_6"": 0.0, ""Test_7"": 0.0, ""Test_8"": 0.0, ""Test_9"": 0.0, ""Test_10"": 0.0, ""Test_11"": 0.0, ""sum_click"": 111.0, ""mod_AAA"": 0.0, ""mod_BBB"": 0.0, ""mod_EEE"": 1.0, ""mod_FFF"": 0.0}"
OULAD,1,aligned,3,8023,CARE,bounded,CARE_bounded,0,below_policy_threshold,15.244,13.976769208908081,0.7206576456965385,2,"{""Test_1"": 0.0, ""Test_2"": 0.0, ""Test_3"": 0.0, ""Test_4"": 15.244, ""Test_5"": 0.0, ""Test_6"": 0.0, ""Test_7"": 0.0, ""Test_8"": 0.0, ""Test_9"": 0.0, ""Test_10"": 0.0, ""Test_11"": 0.0, ""sum_click"": 860.0, ""mod_AAA"": 0.0, ""mod_BBB"": 0.0, ""mod_EEE"": 1.0, ""mod_FFF"": 0.0}"
OULAD,1,aligned,3,8023,CARE,bounded+edit,CARE_bounded+edit,0,below_policy_threshold,15.244,13.976769208908081,0.7206576456965385,2,"{""Test_1"": 0.0, ""Test_2"": 0.0, ""Test_3"": 0.0, ""Test_4"": 15.244, ""Test_5"": 0.0, ""Test_6"": 0.0, ""Test_7"": 0.0, ""Test_8"": 0.0, ""Test_9"": 0.0, ""Test_10"": 0.0, ""Test_11"": 0.0, ""sum_click"": 860.0, ""mod_AAA"": 0.0, ""mod_BBB"": 0.0, ""mod_EEE"": 1.0, ""mod_FFF"": 0.0}"
OULAD,1,aligned,3,8455,CARE,native,CARE_native,0,below_policy_threshold;immutable_changed:Test_3,32.0,13.63357162475586,0.6509891665381975,2,"{""Test_1"": 0.0, ""Test_2"": 0.0, ""Test_3"": 19.25, ""Test_4"": 12.75, ""Test_5"": 0.0, ""Test_6"": 0.0, ""Test_7"": 0.0, ""Test_8"": 0.0, ""Test_9"": 0.0, ""Test_10"": 0.0, ""Test_11"": 0.0, ""sum_click"": 1193.0, ""mod_AAA"": 0.0, ""mod_BBB"": 0.0, ""mod_EEE"": 0.0, ""mod_FFF"": 1.0}"
OULAD,1,aligned,3,8455,CARE,bounded,CARE_bounded,0,below_policy_threshold,16.228,13.63357162475586,0.7986582114276906,2,"{""Test_1"": 0.0, ""Test_2"": 0.0, ""Test_3"": 0.0, ""Test_4"": 16.228, ""Test_5"": 0.0, ""Test_6"": 0.0, ""Test_7"": 0.0, ""Test_8"": 0.0, ""Test_9"": 0.0, ""Test_10"": 0.0, ""Test_11"": 0.0, ""sum_click"": 1254.0, ""mod_AAA"": 0.0, ""mod_BBB"": 0.0, ""mod_EEE"": 0.0, ""mod_FFF"": 1.0}"
OULAD,1,aligned,3,8455,CARE,bounded+edit,CARE_bounded+edit,1,OK,41.228,13.63357162475586,1.7986582114276906,3,"{""Test_1"": 0.0, ""Test_2"": 0.0, ""Test_3"": 0.0, ""Test_4"": 16.228, ""Test_5"": 25.0, ""Test_6"": 0.0, ""Test_7"": 0.0, ""Test_8"": 0.0, ""Test_9"": 0.0, ""Test_10"": 0.0, ""Test_11"": 0.0, ""sum_click"": 1254.0, ""mod_AAA"": 0.0, ""mod_BBB"": 0.0, ""mod_EEE"": 0.0, ""mod_FFF"": 1.0}"
OULAD,1,aligned,3,9423,CARE,native,CARE_native,0,immutable_changed:Test_2;immutable_changed:Test_3,41.06,13.46251368522644,0.0,0,"{""Test_1"": 9.5, ""Test_2"": 9.446, ""Test_3"": 22.114, ""Test_4"": 0.0, ""Test_5"": 0.0, ""Test_6"": 0.0, ""Test_7"": 0.0, ""Test_8"": 0.0, ""Test_9"": 0.0, ""Test_10"": 0.0, ""Test_11"": 0.0, ""sum_click"": 2650.0, ""mod_AAA"": 0.0, ""mod_BBB"": 0.0, ""mod_EEE"": 0.0, ""mod_FFF"": 1.0}"
OULAD,1,aligned,3,9423,CARE,bounded,CARE_bounded,1,OK,52.25,13.46251368522644,0.99,2,"{""Test_1"": 9.5, ""Test_2"": 6.5, ""Test_3"": 11.5, ""Test_4"": 9.5, ""Test_5"": 15.25, ""Test_6"": 0.0, ""Test_7"": 0.0, ""Test_8"": 0.0, ""Test_9"": 0.0, ""Test_10"": 0.0, ""Test_11"": 0.0, ""sum_click"": 2650.0, ""mod_AAA"": 0.0, ""mod_BBB"": 0.0, ""mod_EEE"": 0.0, ""mod_FFF"": 1.0}"
OULAD,1,aligned,3,9423,CARE,bounded+edit,CARE_bounded+edit,1,OK,52.25,13.46251368522644,0.99,2,"{""Test_1"": 9.5, ""Test_2"": 6.5, ""Test_3"": 11.5, ""Test_4"": 9.5, ""Test_5"": 15.25, ""Test_6"": 0.0, ""Test_7"": 0.0, ""Test_8"": 0.0, ""Test_9"": 0.0, ""Test_10"": 0.0, ""Test_11"": 0.0, ""sum_click"": 2650.0, ""mod_AAA"": 0.0, ""mod_BBB"": 0.0, ""mod_EEE"": 0.0, ""mod_FFF"": 1.0}"
OULAD,1,aligned,3,9720,CARE,native,CARE_native,0,below_policy_threshold;immutable_changed:Test_3,26.492,13.274141550064087,0.7272940322117947,2,"{""Test_1"": 0.0, ""Test_2"": 0.0, ""Test_3"": 13.75, ""Test_4"": 12.742, ""Test_5"": 0.0, ""Test_6"": 0.0, ""Test_7"": 0.0, ""Test_8"": 0.0, ""Test_9"": 0.0, ""Test_10"": 0.0, ""Test_11"": 0.0, ""sum_click"": 1595.0, ""mod_AAA"": 0.0, ""mod_BBB"": 0.0, ""mod_EEE"": 0.0, ""mod_FFF"": 1.0}"
OULAD,1,aligned,3,9720,CARE,bounded,CARE_bounded,0,below_policy_threshold,26.5,13.274141550064087,1.2143652582544433,3,"{""Test_1"": 0.0, ""Test_2"": 0.0, ""Test_3"": 0.0, ""Test_4"": 12.0, ""Test_5"": 14.5, ""Test_6"": 0.0, ""Test_7"": 0.0, ""Test_8"": 0.0, ""Test_9"": 0.0, ""Test_10"": 0.0, ""Test_11"": 0.0, ""sum_click"": 1132.0, ""mod_AAA"": 0.0, ""mod_BBB"": 0.0, ""mod_EEE"": 0.0, ""mod_FFF"": 1.0}"
OULAD,1,aligned,3,9720,CARE,bounded+edit,CARE_bounded+edit,0,below_policy_threshold,26.5,13.274141550064087,1.2143652582544433,3,"{""Test_1"": 0.0, ""Test_2"": 0.0, ""Test_3"": 0.0, ""Test_4"": 12.0, ""Test_5"": 14.5, ""Test_6"": 0.0, ""Test_7"": 0.0, ""Test_8"": 0.0, ""Test_9"": 0.0, ""Test_10"": 0.0, ""Test_11"": 0.0, ""sum_click"": 1132.0, ""mod_AAA"": 0.0, ""mod_BBB"": 0.0, ""mod_EEE"": 0.0, ""mod_FFF"": 1.0}"
OULAD,1,aligned,3,10329,CARE,native,CARE_native,0,below_policy_threshold,33.48,13.96769094467163,0.8676784034908381,3,"{""Test_1"": 8.0, ""Test_2"": 6.5, ""Test_3"": 0.0, ""Test_4"": 18.0, ""Test_5"": 0.98, ""Test_6"": 0.0, ""Test_7"": 0.0, ""Test_8"": 0.0, ""Test_9"": 0.0, ""Test_10"": 0.0, ""Test_11"": 0.0, ""sum_click"": 1479.0, ""mod_AAA"": 0.0, ""mod_BBB"": 0.0, ""mod_EEE"": 0.0, ""mod_FFF"": 1.0}"
OULAD,1,aligned,3,10329,CARE,bounded,CARE_bounded,1,OK,43.765,13.96769094467163,1.2366635002975146,3,"{""Test_1"": 8.0, ""Test_2"": 6.5, ""Test_3"": 0.0, ""Test_4"": 16.515, ""Test_5"": 12.75, ""Test_6"": 0.0, ""Test_7"": 0.0, ""Test_8"": 0.0, ""Test_9"": 0.0, ""Test_10"": 0.0, ""Test_11"": 0.0, ""sum_click"": 1201.0, ""mod_AAA"": 0.0, ""mod_BBB"": 0.0, ""mod_EEE"": 0.0, ""mod_FFF"": 1.0}"
OULAD,1,aligned,3,10329,CARE,bounded+edit,CARE_bounded+edit,1,OK,43.765,13.96769094467163,1.2366635002975146,3,"{""Test_1"": 8.0, ""Test_2"": 6.5, ""Test_3"": 0.0, ""Test_4"": 16.515, ""Test_5"": 12.75, ""Test_6"": 0.0, ""Test_7"": 0.0, ""Test_8"": 0.0, ""Test_9"": 0.0, ""Test_10"": 0.0, ""Test_11"": 0.0, ""sum_click"": 1201.0, ""mod_AAA"": 0.0, ""mod_BBB"": 0.0, ""mod_EEE"": 0.0, ""mod_FFF"": 1.0}"
OULAD,1,aligned,3,10393,CARE,native,CARE_native,0,immutable_changed:Test_3,42.733000000000004,13.478007316589355,0.7211600000000001,1,"{""Test_1"": 6.5, ""Test_2"": 6.0, ""Test_3"": 12.204, ""Test_4"": 18.029, ""Test_5"": 0.0, ""Test_6"": 0.0, ""Test_7"": 0.0, ""Test_8"": 0.0, ""Test_9"": 0.0, ""Test_10"": 0.0, ""Test_11"": 0.0, ""sum_click"": 8677.0, ""mod_AAA"": 0.0, ""mod_BBB"": 0.0, ""mod_EEE"": 0.0, ""mod_FFF"": 1.0}"
OULAD,1,aligned,3,10393,CARE,bounded,CARE_bounded,0,below_policy_threshold,38.119,13.478007316589355,0.65476,1,"{""Test_1"": 6.5, ""Test_2"": 6.0, ""Test_3"": 9.25, ""Test_4"": 16.369, ""Test_5"": 0.0, ""Test_6"": 0.0, ""Test_7"": 0.0, ""Test_8"": 0.0, ""Test_9"": 0.0, ""Test_10"": 0.0, ""Test_11"": 0.0, ""sum_click"": 8677.0, ""mod_AAA"": 0.0, ""mod_BBB"": 0.0, ""mod_EEE"": 0.0, ""mod_FFF"": 1.0}"
OULAD,1,aligned,3,10393,CARE,bounded+edit,CARE_bounded+edit,1,OK,40.89677777777778,13.478007316589355,0.7658711111111112,2,"{""Test_1"": 6.5, ""Test_2"": 6.0, ""Test_3"": 9.25, ""Test_4"": 16.369, ""Test_5"": 2.777778, ""Test_6"": 0.0, ""Test_7"": 0.0, ""Test_8"": 0.0, ""Test_9"": 0.0, ""Test_10"": 0.0, ""Test_11"": 0.0, ""sum_click"": 8677.0, ""mod_AAA"": 0.0, ""mod_BBB"": 0.0, ""mod_EEE"": 0.0, ""mod_FFF"": 1.0}"
OULAD,1,aligned,3,10482,CARE,native,CARE_native,0,immutable_changed:Test_2,41.25,13.461840391159058,0.9904816138262889,2,"{""Test_1"": 11.0, ""Test_2"": 10.25, ""Test_3"": 0.0, ""Test_4"": 20.0, ""Test_5"": 0.0, ""Test_6"": 0.0, ""Test_7"": 0.0, ""Test_8"": 0.0, ""Test_9"": 0.0, ""Test_10"": 0.0, ""Test_11"": 0.0, ""sum_click"": 1636.0, ""mod_AAA"": 0.0, ""mod_BBB"": 0.0, ""mod_EEE"": 0.0, ""mod_FFF"": 1.0}"
OULAD,1,aligned,3,10482,CARE,bounded,CARE_bounded,1,OK,44.477000000000004,13.461840391159058,1.20995809461441,3,"{""Test_1"": 11.0, ""Test_2"": 9.25, ""Test_3"": 0.0, ""Test_4"": 9.727, ""Test_5"": 14.5, ""Test_6"": 0.0, ""Test_7"": 0.0, ""Test_8"": 0.0, ""Test_9"": 0.0, ""Test_10"": 0.0, ""Test_11"": 0.0, ""sum_click"": 1990.0, ""mod_AAA"": 0.0, ""mod_BBB"": 0.0, ""mod_EEE"": 0.0, ""mod_FFF"": 1.0}"
OULAD,1,aligned,3,10482,CARE,bounded+edit,CARE_bounded+edit,1,OK,44.477000000000004,13.461840391159058,1.20995809461441,3,"{""Test_1"": 11.0, ""Test_2"": 9.25, ""Test_3"": 0.0, ""Test_4"": 9.727, ""Test_5"": 14.5, ""Test_6"": 0.0, ""Test_7"": 0.0, ""Test_8"": 0.0, ""Test_9"": 0.0, ""Test_10"": 0.0, ""Test_11"": 0.0, ""sum_click"": 1990.0, ""mod_AAA"": 0.0, ""mod_BBB"": 0.0, ""mod_EEE"": 0.0, ""mod_FFF"": 1.0}"
OULAD,1,aligned,3,10591,CARE,native,CARE_native,1,OK,40.25,13.494742393493652,0.8259358570718407,2,"{""Test_1"": 11.5, ""Test_2"": 11.25, ""Test_3"": 0.0, ""Test_4"": 17.5, ""Test_5"": 0.0, ""Test_6"": 0.0, ""Test_7"": 0.0, ""Test_8"": 0.0, ""Test_9"": 0.0, ""Test_10"": 0.0, ""Test_11"": 0.0, ""sum_click"": 1520.0, ""mod_AAA"": 0.0, ""mod_BBB"": 0.0, ""mod_EEE"": 0.0, ""mod_FFF"": 1.0}"
OULAD,1,aligned,3,10591,CARE,bounded,CARE_bounded,0,immutable_changed:Test_3,46.931,13.494742393493652,0.4762688176189687,2,"{""Test_1"": 11.5, ""Test_2"": 11.25, ""Test_3"": 14.5, ""Test_4"": 9.681, ""Test_5"": 0.0, ""Test_6"": 0.0, ""Test_7"": 0.0, ""Test_8"": 0.0, ""Test_9"": 0.0, ""Test_10"": 0.0, ""Test_11"": 0.0, ""sum_click"": 1275.0, ""mod_AAA"": 0.0, ""mod_BBB"": 0.0, ""mod_EEE"": 0.0, ""mod_FFF"": 1.0}"
OULAD,1,aligned,3,10591,CARE,bounded+edit,CARE_bounded+edit,0,immutable_changed:Test_3,46.931,13.494742393493652,0.4762688176189687,2,"{""Test_1"": 11.5, ""Test_2"": 11.25, ""Test_3"": 14.5, ""Test_4"": 9.681, ""Test_5"": 0.0, ""Test_6"": 0.0, ""Test_7"": 0.0, ""Test_8"": 0.0, ""Test_9"": 0.0, ""Test_10"": 0.0, ""Test_11"": 0.0, ""sum_click"": 1275.0, ""mod_AAA"": 0.0, ""mod_BBB"": 0.0, ""mod_EEE"": 0.0, ""mod_FFF"": 1.0}"
OULAD,1,aligned,3,11432,CARE,native,CARE_native,0,immutable_changed:Test_1;immutable_changed:Test_2;immutable_changed:Test_3,40.0,14.630905151367188,0.47226626418805406,2,"{""Test_1"": 12.5, ""Test_2"": 9.75, ""Test_3"": 10.0, ""Test_4"": 7.75, ""Test_5"": 0.0, ""Test_6"": 0.0, ""Test_7"": 0.0, ""Test_8"": 0.0, ""Test_9"": 0.0, ""Test_10"": 0.0, ""Test_11"": 0.0, ""sum_click"": 1189.0, ""mod_AAA"": 0.0, ""mod_BBB"": 0.0, ""mod_EEE"": 0.0, ""mod_FFF"": 1.0}"
OULAD,1,aligned,3,11432,CARE,bounded,CARE_bounded,1,OK,50.26,14.630905151367188,1.3861302664827284,3,"{""Test_1"": 12.0, ""Test_2"": 8.5, ""Test_3"": 0.0, ""Test_4"": 16.25, ""Test_5"": 13.51, ""Test_6"": 0.0, ""Test_7"": 0.0, ""Test_8"": 0.0, ""Test_9"": 0.0, ""Test_10"": 0.0, ""Test_11"": 0.0, ""sum_click"": 1434.0, ""mod_AAA"": 0.0, ""mod_BBB"": 0.0, ""mod_EEE"": 0.0, ""mod_FFF"": 1.0}"
OULAD,1,aligned,3,11432,CARE,bounded+edit,CARE_bounded+edit,1,OK,50.26,14.630905151367188,1.3861302664827284,3,"{""Test_1"": 12.0, ""Test_2"": 8.5, ""Test_3"": 0.0, ""Test_4"": 16.25, ""Test_5"": 13.51, ""Test_6"": 0.0, ""Test_7"": 0.0, ""Test_8"": 0.0, ""Test_9"": 0.0, ""Test_10"": 0.0, ""Test_11"": 0.0, ""sum_click"": 1434.0, ""mod_AAA"": 0.0, ""mod_BBB"": 0.0, ""mod_EEE"": 0.0, ""mod_FFF"": 1.0}"
OULAD,1,aligned,3,11544,CARE,native,CARE_native,0,below_policy_threshold;immutable_changed:Test_3,33.5,14.011954307556152,0.7968581703232168,2,"{""Test_1"": 0.0, ""Test_2"": 0.0, ""Test_3"": 15.75, ""Test_4"": 17.75, ""Test_5"": 0.0, ""Test_6"": 0.0, ""Test_7"": 0.0, ""Test_8"": 0.0, ""Test_9"": 0.0, ""Test_10"": 0.0, ""Test_11"": 0.0, ""sum_click"": 1025.0, ""mod_AAA"": 0.0, ""mod_BBB"": 0.0, ""mod_EEE"": 0.0, ""mod_FFF"": 1.0}"
OULAD,1,aligned,3,11544,CARE,bounded,CARE_bounded,0,below_policy_threshold,16.25,14.011954307556152,0.7536787842756261,2,"{""Test_1"": 0.0, ""Test_2"": 0.0, ""Test_3"": 0.0, ""Test_4"": 16.25, ""Test_5"": 0.0, ""Test_6"": 0.0, ""Test_7"": 0.0, ""Test_8"": 0.0, ""Test_9"": 0.0, ""Test_10"": 0.0, ""Test_11"": 0.0, ""sum_click"": 1141.0, ""mod_AAA"": 0.0, ""mod_BBB"": 0.0, ""mod_EEE"": 0.0, ""mod_FFF"": 1.0}"
OULAD,1,aligned,3,11544,CARE,bounded+edit,CARE_bounded+edit,1,OK,41.25,14.011954307556152,1.753678784275626,3,"{""Test_1"": 0.0, ""Test_2"": 0.0, ""Test_3"": 0.0, ""Test_4"": 16.25, ""Test_5"": 25.0, ""Test_6"": 0.0, ""Test_7"": 0.0, ""Test_8"": 0.0, ""Test_9"": 0.0, ""Test_10"": 0.0, ""Test_11"": 0.0, ""sum_click"": 1141.0, ""mod_AAA"": 0.0, ""mod_BBB"": 0.0, ""mod_EEE"": 0.0, ""mod_FFF"": 1.0}"
OULAD,1,aligned,3,11648,CARE,native,CARE_native,0,below_policy_threshold;immutable_changed:Test_3,35.971000000000004,13.625909805297852,0.4164738579369276,2,"{""Test_1"": 11.75, ""Test_2"": 0.0, ""Test_3"": 18.471, ""Test_4"": 0.0, ""Test_5"": 5.75, ""Test_6"": 0.0, ""Test_7"": 0.0, ""Test_8"": 0.0, ""Test_9"": 0.0, ""Test_10"": 0.0, ""Test_11"": 0.0, ""sum_click"": 1629.0, ""mod_AAA"": 0.0, ""mod_BBB"": 0.0, ""mod_EEE"": 0.0, ""mod_FFF"": 1.0}"
OULAD,1,aligned,3,11648,CARE,bounded,CARE_bounded,0,below_policy_threshold,30.75,13.625909805297852,1.6109209379420717,2,"{""Test_1"": 11.75, ""Test_2"": 0.0, ""Test_3"": 0.0, ""Test_4"": 19.0, ""Test_5"": 0.0, ""Test_6"": 0.0, ""Test_7"": 0.0, ""Test_8"": 0.0, ""Test_9"": 0.0, ""Test_10"": 0.0, ""Test_11"": 0.0, ""sum_click"": 6279.0, ""mod_AAA"": 0.0, ""mod_BBB"": 0.0, ""mod_EEE"": 0.0, ""mod_FFF"": 1.0}"
OULAD,1,aligned,3,11648,CARE,bounded+edit,CARE_bounded+edit,1,OK,41.861111111111114,13.625909805297852,2.0553653823865163,3,"{""Test_1"": 11.75, ""Test_2"": 0.0, ""Test_3"": 0.0, ""Test_4"": 19.0, ""Test_5"": 11.111111, ""Test_6"": 0.0, ""Test_7"": 0.0, ""Test_8"": 0.0, ""Test_9"": 0.0, ""Test_10"": 0.0, ""Test_11"": 0.0, ""sum_click"": 6279.0, ""mod_AAA"": 0.0, ""mod_BBB"": 0.0, ""mod_EEE"": 0.0, ""mod_FFF"": 1.0}"
OULAD,1,aligned,3,12317,CARE,native,CARE_native,0,immutable_changed:Test_1;immutable_changed:Test_2;immutable_changed:Test_3,46.371,13.447636842727661,0.358,2,"{""Test_1"": 11.25, ""Test_2"": 8.5, ""Test_3"": 17.671, ""Test_4"": 8.75, ""Test_5"": 0.2, ""Test_6"": 0.0, ""Test_7"": 0.0, ""Test_8"": 0.0, ""Test_9"": 0.0, ""Test_10"": 0.0, ""Test_11"": 0.0, ""sum_click"": 1541.0, ""mod_AAA"": 0.0, ""mod_BBB"": 0.0, ""mod_EEE"": 0.0, ""mod_FFF"": 1.0}"
OULAD,1,aligned,3,12317,CARE,bounded,CARE_bounded,1,OK,47.75,13.447636842727661,0.9,2,"{""Test_1"": 11.0, ""Test_2"": 7.0, ""Test_3"": 7.25, ""Test_4"": 17.0, ""Test_5"": 5.5, ""Test_6"": 0.0, ""Test_7"": 0.0, ""Test_8"": 0.0, ""Test_9"": 0.0, ""Test_10"": 0.0, ""Test_11"": 0.0, ""sum_click"": 1541.0, ""mod_AAA"": 0.0, ""mod_BBB"": 0.0, ""mod_EEE"": 0.0, ""mod_FFF"": 1.0}"
OULAD,1,aligned,3,12317,CARE,bounded+edit,CARE_bounded+edit,1,OK,47.75,13.447636842727661,0.9,2,"{""Test_1"": 11.0, ""Test_2"": 7.0, ""Test_3"": 7.25, ""Test_4"": 17.0, ""Test_5"": 5.5, ""Test_6"": 0.0, ""Test_7"": 0.0, ""Test_8"": 0.0, ""Test_9"": 0.0, ""Test_10"": 0.0, ""Test_11"": 0.0, ""sum_click"": 1541.0, ""mod_AAA"": 0.0, ""mod_BBB"": 0.0, ""mod_EEE"": 0.0, ""mod_FFF"": 1.0}"
OULAD,1,aligned,3,12607,CARE,native,CARE_native,0,below_policy_threshold;immutable_changed:Test_3,37.653,12.98602032661438,0.8936034896709699,3,"{""Test_1"": 6.75, ""Test_2"": 0.0, ""Test_3"": 12.773, ""Test_4"": 13.0, ""Test_5"": 5.13, ""Test_6"": 0.0, ""Test_7"": 0.0, ""Test_8"": 0.0, ""Test_9"": 0.0, ""Test_10"": 0.0, ""Test_11"": 0.0, ""sum_click"": 1441.0, ""mod_AAA"": 0.0, ""mod_BBB"": 0.0, ""mod_EEE"": 0.0, ""mod_FFF"": 1.0}"
OULAD,1,aligned,3,12607,CARE,bounded,CARE_bounded,0,below_policy_threshold,28.5,12.98602032661438,1.0542399219490124,2,"{""Test_1"": 6.75, ""Test_2"": 0.0, ""Test_3"": 0.0, ""Test_4"": 21.75, ""Test_5"": 0.0, ""Test_6"": 0.0, ""Test_7"": 0.0, ""Test_8"": 0.0, ""Test_9"": 0.0, ""Test_10"": 0.0, ""Test_11"": 0.0, ""sum_click"": 1553.0, ""mod_AAA"": 0.0, ""mod_BBB"": 0.0, ""mod_EEE"": 0.0, ""mod_FFF"": 1.0}"
OULAD,1,aligned,3,12607,CARE,bounded+edit,CARE_bounded+edit,1,OK,42.388888888888886,12.98602032661438,1.609795477504568,3,"{""Test_1"": 6.75, ""Test_2"": 0.0, ""Test_3"": 0.0, ""Test_4"": 21.75, ""Test_5"": 13.888889, ""Test_6"": 0.0, ""Test_7"": 0.0, ""Test_8"": 0.0, ""Test_9"": 0.0, ""Test_10"": 0.0, ""Test_11"": 0.0, ""sum_click"": 1553.0, ""mod_AAA"": 0.0, ""mod_BBB"": 0.0, ""mod_EEE"": 0.0, ""mod_FFF"": 1.0}"
OULAD,1,aligned,3,13563,CARE,native,CARE_native,0,below_policy_threshold;immutable_changed:Test_3,34.75,13.75829005241394,0.3361838137567348,2,"{""Test_1"": 7.5, ""Test_2"": 0.0, ""Test_3"": 21.5, ""Test_4"": 0.0, ""Test_5"": 5.75, ""Test_6"": 0.0, ""Test_7"": 0.0, ""Test_8"": 0.0, ""Test_9"": 0.0, ""Test_10"": 0.0, ""Test_11"": 0.0, ""sum_click"": 1068.0, ""mod_AAA"": 0.0, ""mod_BBB"": 0.0, ""mod_EEE"": 0.0, ""mod_FFF"": 1.0}"
OULAD,1,aligned,3,13563,CARE,bounded,CARE_bounded,0,below_policy_threshold;immutable_changed:Test_3,37.5,13.75829005241394,0.35931244908750515,2,"{""Test_1"": 7.5, ""Test_2"": 0.0, ""Test_3"": 22.75, ""Test_4"": 0.0, ""Test_5"": 7.25, ""Test_6"": 0.0, ""Test_7"": 0.0, ""Test_8"": 0.0, ""Test_9"": 0.0, ""Test_10"": 0.0, ""Test_11"": 0.0, ""sum_click"": 810.0, ""mod_AAA"": 0.0, ""mod_BBB"": 0.0, ""mod_EEE"": 0.0, ""mod_FFF"": 1.0}"
OULAD,1,aligned,3,13563,CARE,bounded+edit,CARE_bounded+edit,0,below_policy_threshold;immutable_changed:Test_3,37.5,13.75829005241394,0.35931244908750515,2,"{""Test_1"": 7.5, ""Test_2"": 0.0, ""Test_3"": 22.75, ""Test_4"": 0.0, ""Test_5"": 7.25, ""Test_6"": 0.0, ""Test_7"": 0.0, ""Test_8"": 0.0, ""Test_9"": 0.0, ""Test_10"": 0.0, ""Test_11"": 0.0, ""sum_click"": 810.0, ""mod_AAA"": 0.0, ""mod_BBB"": 0.0, ""mod_EEE"": 0.0, ""mod_FFF"": 1.0}"
