dataset,seed,regime,stage,query,method,variant,condition,accepted,reasons,policy_score,seconds,effort,sparsity
AUC,7,aligned,1,13,NICE,native,NICE_native,1,OK,15.025,0.0056049823760986,2.58,3.0
AUC,7,aligned,1,13,NICE,bounded,NICE_bounded,1,OK,15.025,0.0056049823760986,2.58,3.0
AUC,7,aligned,1,13,NICE,bounded+edit,NICE_bounded+edit,1,OK,15.025,0.0056049823760986,2.58,3.0
AUC,7,aligned,1,13,MCCE,native,MCCE_native,1,OK,15.975,0.0466115474700927,2.77,3.0
AUC,7,aligned,1,13,MCCE,bounded,MCCE_bounded,1,OK,15.975,0.0466115474700927,2.77,3.0
AUC,7,aligned,1,13,MCCE,bounded+edit,MCCE_bounded+edit,1,OK,15.975,0.0466115474700927,2.77,3.0
AUC,7,aligned,1,53,NICE,native,NICE_native,0,below_policy_threshold;immutable_changed:Test_1,11.025,0.0054767131805419,1.75,2.0
AUC,7,aligned,1,53,NICE,bounded,NICE_bounded,0,below_policy_threshold;classifier_target_not_met,10.5,0.0054767131805419,1.75,2.0
AUC,7,aligned,1,53,NICE,bounded+edit,NICE_bounded+edit,1,OK,15.5,0.0054767131805419,2.75,3.0
AUC,7,aligned,1,53,MCCE,native,MCCE_native,0,below_policy_threshold,14.85,0.023085594177246,2.9468318397469693,4.0
AUC,7,aligned,1,53,MCCE,bounded,MCCE_bounded,0,below_policy_threshold,14.85,0.023085594177246,2.9468318397469693,4.0
AUC,7,aligned,1,53,MCCE,bounded+edit,MCCE_bounded+edit,0,below_policy_threshold,14.85,0.023085594177246,2.9468318397469693,4.0
AUC,7,aligned,1,57,NICE,native,NICE_native,0,immutable_changed:Test_1,15.05,0.0066890716552734,2.56,3.0
AUC,7,aligned,1,57,NICE,bounded,NICE_bounded,0,below_policy_threshold;classifier_target_not_met,14.8,0.0066890716552734,2.56,3.0
AUC,7,aligned,1,57,NICE,bounded+edit,NICE_bounded+edit,0,below_policy_threshold;classifier_target_not_met,14.8,0.0066890716552734,2.56,3.0
AUC,7,aligned,1,57,MCCE,native,MCCE_native,1,OK,15.35,0.0231781005859375,2.7242189088444597,4.0
AUC,7,aligned,1,57,MCCE,bounded,MCCE_bounded,1,OK,15.35,0.0231781005859375,2.7242189088444597,4.0
AUC,7,aligned,1,57,MCCE,bounded+edit,MCCE_bounded+edit,1,OK,15.35,0.0231781005859375,2.7242189088444597,4.0
AUC,7,aligned,1,60,NICE,native,NICE_native,0,below_policy_threshold;immutable_changed:Test_1,10.725,0.0054178237915039,1.77,2.0
AUC,7,aligned,1,60,NICE,bounded,NICE_bounded,0,below_policy_threshold;classifier_target_not_met,10.475,0.0054178237915039,1.77,2.0
AUC,7,aligned,1,60,NICE,bounded+edit,NICE_bounded+edit,1,OK,15.475,0.0054178237915039,2.77,3.0
AUC,7,aligned,1,60,MCCE,native,MCCE_native,1,OK,15.425,0.0226702690124511,2.8080934386808654,4.0
AUC,7,aligned,1,60,MCCE,bounded,MCCE_bounded,1,OK,15.425,0.0226702690124511,2.8080934386808654,4.0
AUC,7,aligned,1,60,MCCE,bounded+edit,MCCE_bounded+edit,1,OK,15.425,0.0226702690124511,2.8080934386808654,4.0
AUC,7,aligned,1,74,NICE,native,NICE_native,1,OK,15.05,0.0052547454833984,2.56,3.0
AUC,7,aligned,1,74,NICE,bounded,NICE_bounded,1,OK,15.05,0.0052547454833984,2.56,3.0
AUC,7,aligned,1,74,NICE,bounded+edit,NICE_bounded+edit,1,OK,15.05,0.0052547454833984,2.56,3.0
AUC,7,aligned,1,74,MCCE,native,MCCE_native,1,OK,16.65,0.0256173610687255,2.88,3.0
AUC,7,aligned,1,74,MCCE,bounded,MCCE_bounded,1,OK,16.65,0.0256173610687255,2.88,3.0
AUC,7,aligned,1,74,MCCE,bounded+edit,MCCE_bounded+edit,1,OK,16.65,0.0256173610687255,2.88,3.0
AUC,7,aligned,1,98,NICE,native,NICE_native,0,below_policy_threshold;immutable_changed:Test_1,11.025,0.005570650100708,1.75,2.0
AUC,7,aligned,1,98,NICE,bounded,NICE_bounded,0,below_policy_threshold;classifier_target_not_met,10.275,0.005570650100708,1.75,2.0
AUC,7,aligned,1,98,NICE,bounded+edit,NICE_bounded+edit,0,classifier_target_not_met,15.275,0.005570650100708,2.75,3.0
AUC,7,aligned,1,98,MCCE,native,MCCE_native,1,OK,15.225,0.0231878757476806,2.936112764839783,4.0
AUC,7,aligned,1,98,MCCE,bounded,MCCE_bounded,1,OK,15.225,0.0231878757476806,2.936112764839783,4.0
AUC,7,aligned,1,98,MCCE,bounded+edit,MCCE_bounded+edit,1,OK,15.225,0.0231878757476806,2.936112764839783,4.0
AUC,7,aligned,1,109,NICE,native,NICE_native,1,OK,15.05,0.0054683685302734,2.57,3.0
AUC,7,aligned,1,109,NICE,bounded,NICE_bounded,1,OK,15.05,0.0054683685302734,2.57,3.0
AUC,7,aligned,1,109,NICE,bounded+edit,NICE_bounded+edit,1,OK,15.05,0.0054683685302734,2.57,3.0
AUC,7,aligned,1,109,MCCE,native,MCCE_native,0,below_policy_threshold;out_of_bounds:sum_click,14.45,0.0242402553558349,2.9356013551665727,4.0
AUC,7,aligned,1,109,MCCE,bounded,MCCE_bounded,1,OK,15.05,0.0242402553558349,2.615172219085262,4.0
AUC,7,aligned,1,109,MCCE,bounded+edit,MCCE_bounded+edit,1,OK,15.05,0.0242402553558349,2.615172219085262,4.0
AUC,7,aligned,1,110,NICE,native,NICE_native,0,below_policy_threshold;immutable_changed:Test_1,10.725,0.0054535865783691,1.77,2.0
AUC,7,aligned,1,110,NICE,bounded,NICE_bounded,0,below_policy_threshold;classifier_target_not_met,9.1,0.0054535865783691,1.77,2.0
AUC,7,aligned,1,110,NICE,bounded+edit,NICE_bounded+edit,0,below_policy_threshold;classifier_target_not_met,9.1,0.0054535865783691,1.77,2.0
AUC,7,aligned,1,110,MCCE,native,MCCE_native,0,no_candidate,,0.0159873962402343,,
AUC,7,aligned,1,110,MCCE,bounded,MCCE_bounded,0,no_candidate,,0.0159873962402343,,
AUC,7,aligned,1,110,MCCE,bounded+edit,MCCE_bounded+edit,0,no_candidate,,0.0159873962402343,,
AUC,7,aligned,1,115,NICE,native,NICE_native,0,below_policy_threshold;immutable_changed:Test_1,10.725,0.0054082870483398,1.77,2.0
AUC,7,aligned,1,115,NICE,bounded,NICE_bounded,0,below_policy_threshold;classifier_target_not_met,10.475,0.0054082870483398,1.77,2.0
AUC,7,aligned,1,115,NICE,bounded+edit,NICE_bounded+edit,1,OK,15.475,0.0054082870483398,2.77,3.0
AUC,7,aligned,1,115,MCCE,native,MCCE_native,1,OK,15.425,0.0219042301177978,2.8970289629398938,4.0
AUC,7,aligned,1,115,MCCE,bounded,MCCE_bounded,1,OK,15.425,0.0219042301177978,2.8970289629398938,4.0
AUC,7,aligned,1,115,MCCE,bounded+edit,MCCE_bounded+edit,1,OK,15.425,0.0219042301177978,2.8970289629398938,4.0
AUC,7,aligned,1,132,NICE,native,NICE_native,0,below_policy_threshold,14.85,0.0057158470153808,2.57,3.0
AUC,7,aligned,1,132,NICE,bounded,NICE_bounded,0,below_policy_threshold,14.85,0.0057158470153808,2.57,3.0
AUC,7,aligned,1,132,NICE,bounded+edit,NICE_bounded+edit,0,below_policy_threshold,14.85,0.0057158470153808,2.57,3.0
AUC,7,aligned,1,132,MCCE,native,MCCE_native,1,OK,15.35,0.0243258476257324,2.9312671456564336,4.0
AUC,7,aligned,1,132,MCCE,bounded,MCCE_bounded,1,OK,15.35,0.0243258476257324,2.9312671456564336,4.0
AUC,7,aligned,1,132,MCCE,bounded+edit,MCCE_bounded+edit,1,OK,15.35,0.0243258476257324,2.9312671456564336,4.0
AUC,7,aligned,1,138,NICE,native,NICE_native,0,below_policy_threshold,10.7,0.004047155380249,1.77,2.0
AUC,7,aligned,1,138,NICE,bounded,NICE_bounded,0,below_policy_threshold,10.7,0.004047155380249,1.77,2.0
AUC,7,aligned,1,138,NICE,bounded+edit,NICE_bounded+edit,1,OK,15.144444444444444,0.004047155380249,2.658888888888889,3.0
AUC,7,aligned,1,138,MCCE,native,MCCE_native,1,OK,15.6,0.023202896118164,2.75,3.0
AUC,7,aligned,1,138,MCCE,bounded,MCCE_bounded,1,OK,15.6,0.023202896118164,2.75,3.0
AUC,7,aligned,1,138,MCCE,bounded+edit,MCCE_bounded+edit,1,OK,15.6,0.023202896118164,2.75,3.0
AUC,7,aligned,1,141,NICE,native,NICE_native,0,below_policy_threshold,14.9,0.0052764415740966,2.57,3.0
AUC,7,aligned,1,141,NICE,bounded,NICE_bounded,0,below_policy_threshold,14.9,0.0052764415740966,2.57,3.0
AUC,7,aligned,1,141,NICE,bounded+edit,NICE_bounded+edit,0,below_policy_threshold,14.9,0.0052764415740966,2.57,3.0
AUC,7,aligned,1,141,MCCE,native,MCCE_native,0,below_policy_threshold;out_of_bounds:sum_click,14.9,0.0223805904388427,2.6196585971446305,4.0
AUC,7,aligned,1,141,MCCE,bounded,MCCE_bounded,1,OK,16.1,0.0223805904388427,3.107951582867784,4.0
AUC,7,aligned,1,141,MCCE,bounded+edit,MCCE_bounded+edit,1,OK,16.1,0.0223805904388427,3.107951582867784,4.0
AUC,7,aligned,1,148,NICE,native,NICE_native,0,below_policy_threshold,11.35,0.0040042400360107,1.92,2.0
AUC,7,aligned,1,148,NICE,bounded,NICE_bounded,0,below_policy_threshold,11.35,0.0040042400360107,1.92,2.0
AUC,7,aligned,1,148,NICE,bounded+edit,NICE_bounded+edit,1,OK,15.238888888888887,0.0040042400360107,2.6977777777777776,3.0
AUC,7,aligned,1,148,MCCE,native,MCCE_native,0,below_policy_threshold;out_of_bounds:sum_click,14.85,0.0252265930175781,2.971317440401506,4.0
AUC,7,aligned,1,148,MCCE,bounded,MCCE_bounded,1,OK,15.45,0.0252265930175781,3.024399832705981,4.0
AUC,7,aligned,1,148,MCCE,bounded+edit,MCCE_bounded+edit,1,OK,15.45,0.0252265930175781,3.024399832705981,4.0
AUC,7,aligned,1,153,NICE,native,NICE_native,1,OK,15.05,0.005458116531372,2.56,3.0
AUC,7,aligned,1,153,NICE,bounded,NICE_bounded,1,OK,15.05,0.005458116531372,2.56,3.0
AUC,7,aligned,1,153,NICE,bounded+edit,NICE_bounded+edit,1,OK,15.05,0.005458116531372,2.56,3.0
AUC,7,aligned,1,153,MCCE,native,MCCE_native,0,below_policy_threshold;out_of_bounds:sum_click,15.0,0.0238361358642578,2.564524328249819,4.0
AUC,7,aligned,1,153,MCCE,bounded,MCCE_bounded,0,below_policy_threshold,15.0,0.0238361358642578,2.6419874122488505,4.0
AUC,7,aligned,1,153,MCCE,bounded+edit,MCCE_bounded+edit,0,below_policy_threshold,15.0,0.0238361358642578,2.6419874122488505,4.0
AUC,7,aligned,1,159,NICE,native,NICE_native,0,immutable_changed:Test_1,15.05,0.00685715675354,2.56,3.0
AUC,7,aligned,1,159,NICE,bounded,NICE_bounded,0,below_policy_threshold;classifier_target_not_met,14.175,0.00685715675354,2.56,3.0
AUC,7,aligned,1,159,NICE,bounded+edit,NICE_bounded+edit,0,below_policy_threshold;classifier_target_not_met,14.175,0.00685715675354,2.56,3.0
AUC,7,aligned,1,159,MCCE,native,MCCE_native,1,OK,15.175,0.0219206809997558,2.85710880600309,4.0
AUC,7,aligned,1,159,MCCE,bounded,MCCE_bounded,1,OK,15.175,0.0219206809997558,2.85710880600309,4.0
AUC,7,aligned,1,159,MCCE,bounded+edit,MCCE_bounded+edit,1,OK,15.175,0.0219206809997558,2.85710880600309,4.0
AUC,7,aligned,1,168,NICE,native,NICE_native,0,below_policy_threshold;immutable_changed:Test_1,10.725,0.0058166980743408,1.77,2.0
AUC,7,aligned,1,168,NICE,bounded,NICE_bounded,0,below_policy_threshold;classifier_target_not_met,10.1,0.0058166980743408,1.77,2.0
AUC,7,aligned,1,168,NICE,bounded+edit,NICE_bounded+edit,1,OK,15.1,0.0058166980743408,2.77,3.0
AUC,7,aligned,1,168,MCCE,native,MCCE_native,0,no_candidate,,0.0159413814544677,,
AUC,7,aligned,1,168,MCCE,bounded,MCCE_bounded,0,no_candidate,,0.0159413814544677,,
AUC,7,aligned,1,168,MCCE,bounded+edit,MCCE_bounded+edit,0,no_candidate,,0.0159413814544677,,
AUC,7,aligned,1,179,NICE,native,NICE_native,1,OK,15.075,0.0055665969848632,2.57,3.0
AUC,7,aligned,1,179,NICE,bounded,NICE_bounded,1,OK,15.075,0.0055665969848632,2.57,3.0
AUC,7,aligned,1,179,NICE,bounded+edit,NICE_bounded+edit,1,OK,15.075,0.0055665969848632,2.57,3.0
AUC,7,aligned,1,179,MCCE,native,MCCE_native,1,OK,15.225,0.0242514610290527,2.6,3.0
AUC,7,aligned,1,179,MCCE,bounded,MCCE_bounded,1,OK,15.225,0.0242514610290527,2.6,3.0
AUC,7,aligned,1,179,MCCE,bounded+edit,MCCE_bounded+edit,1,OK,15.225,0.0242514610290527,2.6,3.0
AUC,7,aligned,1,188,NICE,native,NICE_native,0,below_policy_threshold,10.85,0.0040817260742187,1.7199999999999998,2.0
AUC,7,aligned,1,188,NICE,bounded,NICE_bounded,0,below_policy_threshold,10.85,0.0040817260742187,1.7199999999999998,2.0
AUC,7,aligned,1,188,NICE,bounded+edit,NICE_bounded+edit,1,OK,15.294444444444444,0.0040817260742187,2.608888888888889,3.0
AUC,7,aligned,1,188,MCCE,native,MCCE_native,0,below_policy_threshold;out_of_bounds:sum_click,14.5,0.0218181610107421,3.626470588235315,4.0
AUC,7,aligned,1,188,MCCE,bounded,MCCE_bounded,0,no_candidate,,0.0218181610107421,,
AUC,7,aligned,1,188,MCCE,bounded+edit,MCCE_bounded+edit,0,no_candidate,,0.0218181610107421,,
AUC,7,aligned,1,191,NICE,native,NICE_native,0,below_policy_threshold;immutable_changed:Test_1,11.025,0.0055465698242187,1.75,2.0
AUC,7,aligned,1,191,NICE,bounded,NICE_bounded,0,below_policy_threshold;classifier_target_not_met,10.0,0.0055465698242187,1.75,2.0
AUC,7,aligned,1,191,NICE,bounded+edit,NICE_bounded+edit,0,below_policy_threshold;classifier_target_not_met,10.0,0.0055465698242187,1.75,2.0
AUC,7,aligned,1,191,MCCE,native,MCCE_native,0,no_candidate,,0.0166115760803222,,
AUC,7,aligned,1,191,MCCE,bounded,MCCE_bounded,0,no_candidate,,0.0166115760803222,,
AUC,7,aligned,1,191,MCCE,bounded+edit,MCCE_bounded+edit,0,no_candidate,,0.0166115760803222,,
AUC,7,aligned,1,200,NICE,native,NICE_native,0,immutable_changed:Test_1,15.45,0.006765604019165,2.64,3.0
AUC,7,aligned,1,200,NICE,bounded,NICE_bounded,0,below_policy_threshold;classifier_target_not_met,14.9,0.006765604019165,2.64,3.0
AUC,7,aligned,1,200,NICE,bounded+edit,NICE_bounded+edit,0,below_policy_threshold;classifier_target_not_met,14.9,0.006765604019165,2.64,3.0
AUC,7,aligned,1,200,MCCE,native,MCCE_native,0,below_policy_threshold;out_of_bounds:sum_click,14.15,0.0194928646087646,3.8432651455546822,4.0
AUC,7,aligned,1,200,MCCE,bounded,MCCE_bounded,0,no_candidate,,0.0194928646087646,,
AUC,7,aligned,1,200,MCCE,bounded+edit,MCCE_bounded+edit,0,no_candidate,,0.0194928646087646,,
AUC,7,aligned,1,202,NICE,native,NICE_native,1,OK,15.05,0.0053632259368896,2.58,3.0
AUC,7,aligned,1,202,NICE,bounded,NICE_bounded,1,OK,15.05,0.0053632259368896,2.58,3.0
AUC,7,aligned,1,202,NICE,bounded+edit,NICE_bounded+edit,1,OK,15.05,0.0053632259368896,2.58,3.0
AUC,7,aligned,1,202,MCCE,native,MCCE_native,1,OK,15.25,0.0230069160461425,2.62,3.0
AUC,7,aligned,1,202,MCCE,bounded,MCCE_bounded,1,OK,15.25,0.0230069160461425,2.62,3.0
AUC,7,aligned,1,202,MCCE,bounded+edit,MCCE_bounded+edit,1,OK,15.25,0.0230069160461425,2.62,3.0
AUC,7,aligned,1,204,NICE,native,NICE_native,0,below_policy_threshold,11.05,0.0041224956512451,1.83,2.0
AUC,7,aligned,1,204,NICE,bounded,NICE_bounded,0,below_policy_threshold,11.05,0.0041224956512451,1.83,2.0
AUC,7,aligned,1,204,NICE,bounded+edit,NICE_bounded+edit,1,OK,15.494444444444444,0.0041224956512451,2.718888888888889,3.0
AUC,7,aligned,1,204,MCCE,native,MCCE_native,0,below_policy_threshold;out_of_bounds:sum_click,14.75,0.0232911109924316,3.6184668644906046,4.0
AUC,7,aligned,1,204,MCCE,bounded,MCCE_bounded,1,OK,15.25,0.0232911109924316,3.3030365974282896,4.0
AUC,7,aligned,1,204,MCCE,bounded+edit,MCCE_bounded+edit,1,OK,15.25,0.0232911109924316,3.3030365974282896,4.0
AUC,7,aligned,1,209,NICE,native,NICE_native,0,below_policy_threshold;immutable_changed:Test_1,10.725,0.0053482055664062,1.77,2.0
AUC,7,aligned,1,209,NICE,bounded,NICE_bounded,0,below_policy_threshold;classifier_target_not_met,10.275,0.0053482055664062,1.77,2.0
AUC,7,aligned,1,209,NICE,bounded+edit,NICE_bounded+edit,1,OK,15.275,0.0053482055664062,2.77,3.0
AUC,7,aligned,1,209,MCCE,native,MCCE_native,1,OK,15.125,0.0224702358245849,2.749682885499879,4.0
AUC,7,aligned,1,209,MCCE,bounded,MCCE_bounded,1,OK,15.125,0.0224702358245849,2.749682885499879,4.0
AUC,7,aligned,1,209,MCCE,bounded+edit,MCCE_bounded+edit,1,OK,15.125,0.0224702358245849,2.749682885499879,4.0
AUC,7,aligned,1,220,NICE,native,NICE_native,0,below_policy_threshold,15.0,0.0052976608276367,2.57,3.0
AUC,7,aligned,1,220,NICE,bounded,NICE_bounded,0,below_policy_threshold,15.0,0.0052976608276367,2.57,3.0
AUC,7,aligned,1,220,NICE,bounded+edit,NICE_bounded+edit,0,below_policy_threshold,15.0,0.0052976608276367,2.57,3.0
AUC,7,aligned,1,220,MCCE,native,MCCE_native,0,below_policy_threshold;out_of_bounds:sum_click,14.85,0.0230686664581298,2.614826296098343,4.0
AUC,7,aligned,1,220,MCCE,bounded,MCCE_bounded,1,OK,15.05,0.0230686664581298,2.676205237840727,4.0
AUC,7,aligned,1,220,MCCE,bounded+edit,MCCE_bounded+edit,1,OK,15.05,0.0230686664581298,2.676205237840727,4.0
AUC,7,aligned,1,221,NICE,native,NICE_native,0,below_policy_threshold,11.25,0.0040366649627685,1.83,2.0
AUC,7,aligned,1,221,NICE,bounded,NICE_bounded,0,below_policy_threshold,11.25,0.0040366649627685,1.83,2.0
AUC,7,aligned,1,221,NICE,bounded+edit,NICE_bounded+edit,1,OK,15.13888888888889,0.0040366649627685,2.607777777777778,3.0
AUC,7,aligned,1,221,MCCE,native,MCCE_native,1,OK,15.2,0.0229988098144531,2.812539109506619,4.0
AUC,7,aligned,1,221,MCCE,bounded,MCCE_bounded,1,OK,15.2,0.0229988098144531,2.812539109506619,4.0
AUC,7,aligned,1,221,MCCE,bounded+edit,MCCE_bounded+edit,1,OK,15.2,0.0229988098144531,2.812539109506619,4.0
AUC,7,aligned,1,232,NICE,native,NICE_native,0,below_policy_threshold;immutable_changed:Test_1,10.95,0.0053937435150146,1.7400000000000002,2.0
AUC,7,aligned,1,232,NICE,bounded,NICE_bounded,0,below_policy_threshold;classifier_target_not_met,10.075,0.0053937435150146,1.7400000000000002,2.0
AUC,7,aligned,1,232,NICE,bounded+edit,NICE_bounded+edit,0,classifier_target_not_met,15.075,0.0053937435150146,2.74,3.0
AUC,7,aligned,1,232,MCCE,native,MCCE_native,0,out_of_bounds:sum_click,15.175,0.0188696384429931,2.80526593738212,4.0
AUC,7,aligned,1,232,MCCE,bounded,MCCE_bounded,0,no_candidate,,0.0188696384429931,,
AUC,7,aligned,1,232,MCCE,bounded+edit,MCCE_bounded+edit,0,no_candidate,,0.0188696384429931,,
AUC,7,aligned,1,235,NICE,native,NICE_native,1,OK,15.05,0.0053608417510986,2.56,3.0
AUC,7,aligned,1,235,NICE,bounded,NICE_bounded,1,OK,15.05,0.0053608417510986,2.56,3.0
AUC,7,aligned,1,235,NICE,bounded+edit,NICE_bounded+edit,1,OK,15.05,0.0053608417510986,2.56,3.0
AUC,7,aligned,1,235,MCCE,native,MCCE_native,0,below_policy_threshold,14.4,0.0237150192260742,2.8078770182068022,4.0
AUC,7,aligned,1,235,MCCE,bounded,MCCE_bounded,0,below_policy_threshold,14.4,0.0237150192260742,2.8078770182068022,4.0
AUC,7,aligned,1,235,MCCE,bounded+edit,MCCE_bounded+edit,0,below_policy_threshold,14.4,0.0237150192260742,2.8078770182068022,4.0
AUC,7,aligned,1,252,NICE,native,NICE_native,0,below_policy_threshold,11.0,0.0040538311004638,1.75,2.0
AUC,7,aligned,1,252,NICE,bounded,NICE_bounded,0,below_policy_threshold,11.0,0.0040538311004638,1.75,2.0
AUC,7,aligned,1,252,NICE,bounded+edit,NICE_bounded+edit,1,OK,15.444444444444445,0.0040538311004638,2.638888888888889,3.0
AUC,7,aligned,1,252,MCCE,native,MCCE_native,1,OK,15.05,0.0244250297546386,2.56,3.0
AUC,7,aligned,1,252,MCCE,bounded,MCCE_bounded,1,OK,15.05,0.0244250297546386,2.56,3.0
AUC,7,aligned,1,252,MCCE,bounded+edit,MCCE_bounded+edit,1,OK,15.05,0.0244250297546386,2.56,3.0
AUC,7,aligned,1,256,NICE,native,NICE_native,0,below_policy_threshold;immutable_changed:Test_1,10.725,0.0054962635040283,1.77,2.0
AUC,7,aligned,1,256,NICE,bounded,NICE_bounded,0,below_policy_threshold;classifier_target_not_met,10.225,0.0054962635040283,1.77,2.0
AUC,7,aligned,1,256,NICE,bounded+edit,NICE_bounded+edit,1,OK,15.225,0.0054962635040283,2.77,3.0
AUC,7,aligned,1,256,MCCE,native,MCCE_native,1,OK,15.175,0.0224852561950683,2.779180052745145,4.0
AUC,7,aligned,1,256,MCCE,bounded,MCCE_bounded,1,OK,15.175,0.0224852561950683,2.779180052745145,4.0
AUC,7,aligned,1,256,MCCE,bounded+edit,MCCE_bounded+edit,1,OK,15.175,0.0224852561950683,2.779180052745145,4.0
AUC,7,aligned,1,259,NICE,native,NICE_native,0,below_policy_threshold,11.275,0.0040924549102783,1.83,2.0
AUC,7,aligned,1,259,NICE,bounded,NICE_bounded,0,below_policy_threshold,11.275,0.0040924549102783,1.83,2.0
AUC,7,aligned,1,259,NICE,bounded+edit,NICE_bounded+edit,1,OK,15.16388888888889,0.0040924549102783,2.607777777777778,3.0
AUC,7,aligned,1,259,MCCE,native,MCCE_native,0,below_policy_threshold;out_of_bounds:sum_click,14.875,0.0204687118530273,2.912976406533576,4.0
AUC,7,aligned,1,259,MCCE,bounded,MCCE_bounded,0,no_candidate,,0.0204687118530273,,
AUC,7,aligned,1,259,MCCE,bounded+edit,MCCE_bounded+edit,0,no_candidate,,0.0204687118530273,,
AUC,7,aligned,1,273,NICE,native,NICE_native,1,OK,15.05,0.0054419040679931,2.56,3.0
AUC,7,aligned,1,273,NICE,bounded,NICE_bounded,1,OK,15.05,0.0054419040679931,2.56,3.0
AUC,7,aligned,1,273,NICE,bounded+edit,NICE_bounded+edit,1,OK,15.05,0.0054419040679931,2.56,3.0
AUC,7,aligned,1,273,MCCE,native,MCCE_native,0,below_policy_threshold;out_of_bounds:sum_click,15.0,0.0242824554443359,2.5948765893792074,4.0
AUC,7,aligned,1,273,MCCE,bounded,MCCE_bounded,0,below_policy_threshold,15.0,0.0242824554443359,2.6148217402144107,4.0
AUC,7,aligned,1,273,MCCE,bounded+edit,MCCE_bounded+edit,0,below_policy_threshold,15.0,0.0242824554443359,2.6148217402144107,4.0
AUC,7,aligned,1,297,NICE,native,NICE_native,0,below_policy_threshold;immutable_changed:Test_1,10.725,0.0053906440734863,1.77,2.0
AUC,7,aligned,1,297,NICE,bounded,NICE_bounded,0,below_policy_threshold;classifier_target_not_met,10.35,0.0053906440734863,1.77,2.0
AUC,7,aligned,1,297,NICE,bounded+edit,NICE_bounded+edit,1,OK,15.35,0.0053906440734863,2.77,3.0
AUC,7,aligned,1,297,MCCE,native,MCCE_native,0,below_policy_threshold,14.85,0.0226480960845947,2.9372393223574327,4.0
AUC,7,aligned,1,297,MCCE,bounded,MCCE_bounded,0,below_policy_threshold,14.85,0.0226480960845947,2.9372393223574327,4.0
AUC,7,aligned,1,297,MCCE,bounded+edit,MCCE_bounded+edit,0,below_policy_threshold,14.85,0.0226480960845947,2.9372393223574327,4.0
AUC,7,aligned,1,300,NICE,native,NICE_native,1,OK,15.05,0.0054318904876708,2.56,3.0
AUC,7,aligned,1,300,NICE,bounded,NICE_bounded,1,OK,15.05,0.0054318904876708,2.56,3.0
AUC,7,aligned,1,300,NICE,bounded+edit,NICE_bounded+edit,1,OK,15.05,0.0054318904876708,2.56,3.0
AUC,7,aligned,1,300,MCCE,native,MCCE_native,0,below_policy_threshold;out_of_bounds:sum_click,15.0,0.0250117778778076,2.5546827440880358,4.0
AUC,7,aligned,1,300,MCCE,bounded,MCCE_bounded,0,below_policy_threshold,15.0,0.0250117778778076,2.568730976352142,4.0
AUC,7,aligned,1,300,MCCE,bounded+edit,MCCE_bounded+edit,0,below_policy_threshold,15.0,0.0250117778778076,2.568730976352142,4.0
AUC,7,aligned,1,320,NICE,native,NICE_native,1,OK,15.15,0.0053992271423339,2.64,3.0
AUC,7,aligned,1,320,NICE,bounded,NICE_bounded,1,OK,15.15,0.0053992271423339,2.64,3.0
AUC,7,aligned,1,320,NICE,bounded+edit,NICE_bounded+edit,1,OK,15.15,0.0053992271423339,2.64,3.0
AUC,7,aligned,1,320,MCCE,native,MCCE_native,0,below_policy_threshold;out_of_bounds:sum_click,14.8,0.0197131633758544,2.821889168765744,4.0
AUC,7,aligned,1,320,MCCE,bounded,MCCE_bounded,0,no_candidate,,0.0197131633758544,,
AUC,7,aligned,1,320,MCCE,bounded+edit,MCCE_bounded+edit,0,no_candidate,,0.0197131633758544,,
AUC,7,aligned,1,339,NICE,native,NICE_native,0,below_policy_threshold;immutable_changed:Test_1,11.025,0.0054774284362792,1.75,2.0
AUC,7,aligned,1,339,NICE,bounded,NICE_bounded,0,below_policy_threshold;classifier_target_not_met,10.875,0.0054774284362792,1.75,2.0
AUC,7,aligned,1,339,NICE,bounded+edit,NICE_bounded+edit,1,OK,15.319444444444445,0.0054774284362792,2.638888888888889,3.0
AUC,7,aligned,1,339,MCCE,native,MCCE_native,1,OK,15.125,0.0228083133697509,2.691390970572108,4.0
AUC,7,aligned,1,339,MCCE,bounded,MCCE_bounded,1,OK,15.125,0.0228083133697509,2.691390970572108,4.0
AUC,7,aligned,1,339,MCCE,bounded+edit,MCCE_bounded+edit,1,OK,15.125,0.0228083133697509,2.691390970572108,4.0
AUC,7,aligned,1,343,NICE,native,NICE_native,0,below_policy_threshold,14.975,0.0055112838745117,2.56,3.0
AUC,7,aligned,1,343,NICE,bounded,NICE_bounded,0,below_policy_threshold,14.975,0.0055112838745117,2.56,3.0
AUC,7,aligned,1,343,NICE,bounded+edit,NICE_bounded+edit,0,below_policy_threshold,14.975,0.0055112838745117,2.56,3.0
AUC,7,aligned,1,343,MCCE,native,MCCE_native,0,below_policy_threshold;out_of_bounds:sum_click,14.925,0.0226404666900634,2.65722169662567,4.0
AUC,7,aligned,1,343,MCCE,bounded,MCCE_bounded,1,OK,15.025,0.0226404666900634,2.601535793125197,4.0
AUC,7,aligned,1,343,MCCE,bounded+edit,MCCE_bounded+edit,1,OK,15.025,0.0226404666900634,2.601535793125197,4.0
AUC,7,aligned,1,352,NICE,native,NICE_native,0,below_policy_threshold,14.8,0.0053968429565429,2.61,3.0
AUC,7,aligned,1,352,NICE,bounded,NICE_bounded,0,below_policy_threshold,14.8,0.0053968429565429,2.61,3.0
AUC,7,aligned,1,352,NICE,bounded+edit,NICE_bounded+edit,0,below_policy_threshold,14.8,0.0053968429565429,2.61,3.0
AUC,7,aligned,1,352,MCCE,native,MCCE_native,0,below_policy_threshold;out_of_bounds:sum_click,14.85,0.0192847251892089,26.284122137404747,4.0
AUC,7,aligned,1,352,MCCE,bounded,MCCE_bounded,0,no_candidate,,0.0192847251892089,,
AUC,7,aligned,1,352,MCCE,bounded+edit,MCCE_bounded+edit,0,no_candidate,,0.0192847251892089,,
AUC,7,aligned,1,360,NICE,native,NICE_native,1,OK,15.025,0.0072026252746582,2.56,3.0
AUC,7,aligned,1,360,NICE,bounded,NICE_bounded,1,OK,15.025,0.0072026252746582,2.56,3.0
AUC,7,aligned,1,360,NICE,bounded+edit,NICE_bounded+edit,1,OK,15.025,0.0072026252746582,2.56,3.0
AUC,7,aligned,1,360,MCCE,native,MCCE_native,0,below_policy_threshold;out_of_bounds:sum_click,14.725,0.0244395732879638,2.55924463095532,4.0
AUC,7,aligned,1,360,MCCE,bounded,MCCE_bounded,0,below_policy_threshold,14.825,0.0244395732879638,2.6631745248086887,4.0
AUC,7,aligned,1,360,MCCE,bounded+edit,MCCE_bounded+edit,0,below_policy_threshold,14.825,0.0244395732879638,2.6631745248086887,4.0
AUC,7,aligned,1,376,NICE,native,NICE_native,0,below_policy_threshold,10.85,0.0046124458312988,1.7199999999999998,2.0
AUC,7,aligned,1,376,NICE,bounded,NICE_bounded,0,below_policy_threshold,10.85,0.0046124458312988,1.7199999999999998,2.0
AUC,7,aligned,1,376,NICE,bounded+edit,NICE_bounded+edit,1,OK,15.294444444444444,0.0046124458312988,2.608888888888889,3.0
AUC,7,aligned,1,376,MCCE,native,MCCE_native,0,below_policy_threshold,14.95,0.0428760051727294,2.54,3.0
AUC,7,aligned,1,376,MCCE,bounded,MCCE_bounded,0,below_policy_threshold,14.95,0.0428760051727294,2.54,3.0
AUC,7,aligned,1,376,MCCE,bounded+edit,MCCE_bounded+edit,0,below_policy_threshold,14.95,0.0428760051727294,2.54,3.0
AUC,7,aligned,1,379,NICE,native,NICE_native,0,below_policy_threshold;immutable_changed:Test_1,10.725,0.0056188106536865,1.77,2.0
AUC,7,aligned,1,379,NICE,bounded,NICE_bounded,0,below_policy_threshold;classifier_target_not_met,10.1,0.0056188106536865,1.77,2.0
AUC,7,aligned,1,379,NICE,bounded+edit,NICE_bounded+edit,1,OK,15.1,0.0056188106536865,2.77,3.0
AUC,7,aligned,1,379,MCCE,native,MCCE_native,0,no_candidate,,0.0167350769042968,,
AUC,7,aligned,1,379,MCCE,bounded,MCCE_bounded,0,no_candidate,,0.0167350769042968,,
AUC,7,aligned,1,379,MCCE,bounded+edit,MCCE_bounded+edit,0,no_candidate,,0.0167350769042968,,
AUC,7,aligned,1,382,NICE,native,NICE_native,0,below_policy_threshold,15.0,0.0056409835815429,2.56,3.0
AUC,7,aligned,1,382,NICE,bounded,NICE_bounded,0,below_policy_threshold,15.0,0.0056409835815429,2.56,3.0
AUC,7,aligned,1,382,NICE,bounded+edit,NICE_bounded+edit,0,below_policy_threshold,15.0,0.0056409835815429,2.56,3.0
AUC,7,aligned,1,382,MCCE,native,MCCE_native,1,OK,15.4,0.02415132522583,2.64,3.0
AUC,7,aligned,1,382,MCCE,bounded,MCCE_bounded,1,OK,15.4,0.02415132522583,2.64,3.0
AUC,7,aligned,1,382,MCCE,bounded+edit,MCCE_bounded+edit,1,OK,15.4,0.02415132522583,2.64,3.0
AUC,7,aligned,1,384,NICE,native,NICE_native,0,below_policy_threshold,14.825,0.0055484771728515,2.57,3.0
AUC,7,aligned,1,384,NICE,bounded,NICE_bounded,0,below_policy_threshold,14.825,0.0055484771728515,2.57,3.0
AUC,7,aligned,1,384,NICE,bounded+edit,NICE_bounded+edit,0,below_policy_threshold,14.825,0.0055484771728515,2.57,3.0
AUC,7,aligned,1,384,MCCE,native,MCCE_native,0,below_policy_threshold;out_of_bounds:sum_click,14.825,0.0235986709594726,2.5896947316592813,4.0
AUC,7,aligned,1,384,MCCE,bounded,MCCE_bounded,0,below_policy_threshold,14.825,0.0235986709594726,2.835878877400296,4.0
AUC,7,aligned,1,384,MCCE,bounded+edit,MCCE_bounded+edit,0,below_policy_threshold,14.825,0.0235986709594726,2.835878877400296,4.0
AUC,7,aligned,1,385,NICE,native,NICE_native,0,below_policy_threshold;immutable_changed:Test_1,11.025,0.0060293674468994,1.75,2.0
AUC,7,aligned,1,385,NICE,bounded,NICE_bounded,0,below_policy_threshold;classifier_target_not_met,8.75,0.0060293674468994,1.75,2.0
AUC,7,aligned,1,385,NICE,bounded+edit,NICE_bounded+edit,0,below_policy_threshold;classifier_target_not_met,8.75,0.0060293674468994,1.75,2.0
AUC,7,aligned,1,385,MCCE,native,MCCE_native,0,no_candidate,,0.0156786441802978,,
AUC,7,aligned,1,385,MCCE,bounded,MCCE_bounded,0,no_candidate,,0.0156786441802978,,
AUC,7,aligned,1,385,MCCE,bounded+edit,MCCE_bounded+edit,0,no_candidate,,0.0156786441802978,,
AUC,7,aligned,1,392,NICE,native,NICE_native,0,below_policy_threshold;immutable_changed:Test_1,11.025,0.0061061382293701,1.75,2.0
AUC,7,aligned,1,392,NICE,bounded,NICE_bounded,0,below_policy_threshold;classifier_target_not_met,10.5,0.0061061382293701,1.75,2.0
AUC,7,aligned,1,392,NICE,bounded+edit,NICE_bounded+edit,1,OK,15.5,0.0061061382293701,2.75,3.0
AUC,7,aligned,1,392,MCCE,native,MCCE_native,0,below_policy_threshold,14.85,0.0279622077941894,2.861536329439715,4.0
AUC,7,aligned,1,392,MCCE,bounded,MCCE_bounded,0,below_policy_threshold,14.85,0.0279622077941894,2.861536329439715,4.0
AUC,7,aligned,1,392,MCCE,bounded+edit,MCCE_bounded+edit,0,below_policy_threshold,14.85,0.0279622077941894,2.861536329439715,4.0
AUC,7,aligned,1,395,NICE,native,NICE_native,0,below_policy_threshold,11.15,0.004587173461914,1.81,2.0
AUC,7,aligned,1,395,NICE,bounded,NICE_bounded,0,below_policy_threshold,11.15,0.004587173461914,1.81,2.0
AUC,7,aligned,1,395,NICE,bounded+edit,NICE_bounded+edit,1,OK,15.038888888888888,0.004587173461914,2.5877777777777777,3.0
AUC,7,aligned,1,395,MCCE,native,MCCE_native,0,out_of_bounds:sum_click,15.1,0.0245547294616699,2.705680317040952,4.0
AUC,7,aligned,1,395,MCCE,bounded,MCCE_bounded,1,OK,15.15,0.0245547294616699,2.865394099515632,4.0
AUC,7,aligned,1,395,MCCE,bounded+edit,MCCE_bounded+edit,1,OK,15.15,0.0245547294616699,2.865394099515632,4.0
AUC,7,aligned,1,401,NICE,native,NICE_native,0,below_policy_threshold;immutable_changed:Test_1,11.025,0.0053856372833251,1.75,2.0
AUC,7,aligned,1,401,NICE,bounded,NICE_bounded,0,below_policy_threshold;classifier_target_not_met,10.0,0.0053856372833251,1.75,2.0
AUC,7,aligned,1,401,NICE,bounded+edit,NICE_bounded+edit,0,below_policy_threshold;classifier_target_not_met,10.0,0.0053856372833251,1.75,2.0
AUC,7,aligned,1,401,MCCE,native,MCCE_native,0,no_candidate,,0.0158348083496093,,
AUC,7,aligned,1,401,MCCE,bounded,MCCE_bounded,0,no_candidate,,0.0158348083496093,,
AUC,7,aligned,1,401,MCCE,bounded+edit,MCCE_bounded+edit,0,no_candidate,,0.0158348083496093,,
AUC,7,aligned,1,417,NICE,native,NICE_native,0,below_policy_threshold;immutable_changed:Test_1,11.025,0.0056822299957275,1.75,2.0
AUC,7,aligned,1,417,NICE,bounded,NICE_bounded,0,below_policy_threshold;classifier_target_not_met,8.75,0.0056822299957275,1.75,2.0
AUC,7,aligned,1,417,NICE,bounded+edit,NICE_bounded+edit,0,below_policy_threshold;classifier_target_not_met,8.75,0.0056822299957275,1.75,2.0
AUC,7,aligned,1,417,MCCE,native,MCCE_native,0,no_candidate,,0.0159971714019775,,
AUC,7,aligned,1,417,MCCE,bounded,MCCE_bounded,0,no_candidate,,0.0159971714019775,,
AUC,7,aligned,1,417,MCCE,bounded+edit,MCCE_bounded+edit,0,no_candidate,,0.0159971714019775,,
AUC,7,aligned,1,418,NICE,native,NICE_native,0,below_policy_threshold,11.4,0.004162311553955,1.83,2.0
AUC,7,aligned,1,418,NICE,bounded,NICE_bounded,0,below_policy_threshold,11.4,0.004162311553955,1.83,2.0
AUC,7,aligned,1,418,NICE,bounded+edit,NICE_bounded+edit,1,OK,15.28888888888889,0.004162311553955,2.607777777777778,3.0
AUC,7,aligned,1,418,MCCE,native,MCCE_native,0,below_policy_threshold;out_of_bounds:sum_click,14.5,0.0253620147705078,3.4652284263959405,4.0
AUC,7,aligned,1,418,MCCE,bounded,MCCE_bounded,1,OK,15.8,0.0253620147705078,3.014568527918782,4.0
AUC,7,aligned,1,418,MCCE,bounded+edit,MCCE_bounded+edit,1,OK,15.8,0.0253620147705078,3.014568527918782,4.0
AUC,7,aligned,1,419,NICE,native,NICE_native,1,OK,15.1,0.0055770874023437,2.57,3.0
AUC,7,aligned,1,419,NICE,bounded,NICE_bounded,1,OK,15.1,0.0055770874023437,2.57,3.0
AUC,7,aligned,1,419,NICE,bounded+edit,NICE_bounded+edit,1,OK,15.1,0.0055770874023437,2.57,3.0
AUC,7,aligned,1,419,MCCE,native,MCCE_native,1,OK,15.45,0.0255360603332519,2.64,3.0
AUC,7,aligned,1,419,MCCE,bounded,MCCE_bounded,1,OK,15.45,0.0255360603332519,2.64,3.0
AUC,7,aligned,1,419,MCCE,bounded+edit,MCCE_bounded+edit,1,OK,15.45,0.0255360603332519,2.64,3.0
AUC,7,aligned,1,429,NICE,native,NICE_native,0,below_policy_threshold,10.95,0.0042040348052978,1.7400000000000002,2.0
AUC,7,aligned,1,429,NICE,bounded,NICE_bounded,0,below_policy_threshold,10.95,0.0042040348052978,1.7400000000000002,2.0
AUC,7,aligned,1,429,NICE,bounded+edit,NICE_bounded+edit,1,OK,15.394444444444446,0.0042040348052978,2.628888888888889,3.0
AUC,7,aligned,1,429,MCCE,native,MCCE_native,0,below_policy_threshold,14.4,0.032386302947998,2.794784286215364,4.0
AUC,7,aligned,1,429,MCCE,bounded,MCCE_bounded,0,below_policy_threshold,14.4,0.032386302947998,2.794784286215364,4.0
AUC,7,aligned,1,429,MCCE,bounded+edit,MCCE_bounded+edit,0,below_policy_threshold,14.4,0.032386302947998,2.794784286215364,4.0
AUC,7,aligned,1,437,NICE,native,NICE_native,0,below_policy_threshold;immutable_changed:Test_1,10.725,0.0056488513946533,1.77,2.0
AUC,7,aligned,1,437,NICE,bounded,NICE_bounded,0,below_policy_threshold;classifier_target_not_met,10.35,0.0056488513946533,1.77,2.0
AUC,7,aligned,1,437,NICE,bounded+edit,NICE_bounded+edit,1,OK,15.35,0.0056488513946533,2.77,3.0
AUC,7,aligned,1,437,MCCE,native,MCCE_native,0,below_policy_threshold,14.85,0.0220975875854492,2.9674147792267216,4.0
AUC,7,aligned,1,437,MCCE,bounded,MCCE_bounded,0,below_policy_threshold,14.85,0.0220975875854492,2.9674147792267216,4.0
AUC,7,aligned,1,437,MCCE,bounded+edit,MCCE_bounded+edit,0,below_policy_threshold,14.85,0.0220975875854492,2.9674147792267216,4.0
AUC,7,aligned,1,439,NICE,native,NICE_native,0,below_policy_threshold,10.8,0.0042192935943603,1.77,2.0
AUC,7,aligned,1,439,NICE,bounded,NICE_bounded,0,below_policy_threshold,10.8,0.0042192935943603,1.77,2.0
AUC,7,aligned,1,439,NICE,bounded+edit,NICE_bounded+edit,1,OK,15.244444444444444,0.0042192935943603,2.658888888888889,3.0
AUC,7,aligned,1,439,MCCE,native,MCCE_native,0,below_policy_threshold;out_of_bounds:sum_click,14.85,0.0223555564880371,2.6072405339144646,4.0
AUC,7,aligned,1,439,MCCE,bounded,MCCE_bounded,0,below_policy_threshold,14.8,0.0223555564880371,2.6408253881776083,4.0
AUC,7,aligned,1,439,MCCE,bounded+edit,MCCE_bounded+edit,0,below_policy_threshold,14.8,0.0223555564880371,2.6408253881776083,4.0
AUC,7,aligned,1,445,NICE,native,NICE_native,0,below_policy_threshold,15.0,0.0053868293762207,2.65,3.0
AUC,7,aligned,1,445,NICE,bounded,NICE_bounded,0,below_policy_threshold,15.0,0.0053868293762207,2.65,3.0
AUC,7,aligned,1,445,NICE,bounded+edit,NICE_bounded+edit,0,below_policy_threshold,15.0,0.0053868293762207,2.65,3.0
AUC,7,aligned,1,445,MCCE,native,MCCE_native,0,below_policy_threshold,14.85,0.0215327739715576,2.683554143241261,4.0
AUC,7,aligned,1,445,MCCE,bounded,MCCE_bounded,0,below_policy_threshold,14.85,0.0215327739715576,2.683554143241261,4.0
AUC,7,aligned,1,445,MCCE,bounded+edit,MCCE_bounded+edit,0,below_policy_threshold,14.85,0.0215327739715576,2.683554143241261,4.0
AUC,7,aligned,1,452,NICE,native,NICE_native,1,OK,15.05,0.0053851604461669,2.56,3.0
AUC,7,aligned,1,452,NICE,bounded,NICE_bounded,1,OK,15.05,0.0053851604461669,2.56,3.0
AUC,7,aligned,1,452,NICE,bounded+edit,NICE_bounded+edit,1,OK,15.05,0.0053851604461669,2.56,3.0
AUC,7,aligned,1,452,MCCE,native,MCCE_native,1,OK,15.6,0.0232479572296142,2.67,3.0
AUC,7,aligned,1,452,MCCE,bounded,MCCE_bounded,1,OK,15.6,0.0232479572296142,2.67,3.0
AUC,7,aligned,1,452,MCCE,bounded+edit,MCCE_bounded+edit,1,OK,15.6,0.0232479572296142,2.67,3.0
AUC,7,aligned,1,464,NICE,native,NICE_native,0,below_policy_threshold,10.6,0.004004955291748,1.77,2.0
AUC,7,aligned,1,464,NICE,bounded,NICE_bounded,0,below_policy_threshold,10.6,0.004004955291748,1.77,2.0
AUC,7,aligned,1,464,NICE,bounded+edit,NICE_bounded+edit,1,OK,15.044444444444444,0.004004955291748,2.658888888888889,3.0
AUC,7,aligned,1,464,MCCE,native,MCCE_native,0,below_policy_threshold,14.85,0.0225210189819335,2.759294540552685,4.0
AUC,7,aligned,1,464,MCCE,bounded,MCCE_bounded,0,below_policy_threshold,14.85,0.0225210189819335,2.759294540552685,4.0
AUC,7,aligned,1,464,MCCE,bounded+edit,MCCE_bounded+edit,0,below_policy_threshold,14.85,0.0225210189819335,2.759294540552685,4.0
AUC,7,aligned,1,470,NICE,native,NICE_native,1,OK,15.05,0.0053708553314208,2.56,3.0
AUC,7,aligned,1,470,NICE,bounded,NICE_bounded,1,OK,15.05,0.0053708553314208,2.56,3.0
AUC,7,aligned,1,470,NICE,bounded+edit,NICE_bounded+edit,1,OK,15.05,0.0053708553314208,2.56,3.0
AUC,7,aligned,1,470,MCCE,native,MCCE_native,0,below_policy_threshold;out_of_bounds:sum_click,15.0,0.024306297302246,2.5546827440880358,4.0
AUC,7,aligned,1,470,MCCE,bounded,MCCE_bounded,0,below_policy_threshold,15.0,0.024306297302246,2.568730976352142,4.0
AUC,7,aligned,1,470,MCCE,bounded+edit,MCCE_bounded+edit,0,below_policy_threshold,15.0,0.024306297302246,2.568730976352142,4.0
AUC,7,aligned,1,479,NICE,native,NICE_native,0,below_policy_threshold;immutable_changed:Test_1,11.025,0.0054492950439453,1.75,2.0
AUC,7,aligned,1,479,NICE,bounded,NICE_bounded,0,below_policy_threshold;classifier_target_not_met,10.5,0.0054492950439453,1.75,2.0
AUC,7,aligned,1,479,NICE,bounded+edit,NICE_bounded+edit,1,OK,15.5,0.0054492950439453,2.75,3.0
AUC,7,aligned,1,479,MCCE,native,MCCE_native,0,below_policy_threshold,14.85,0.0222396850585937,2.867495580436064,4.0
AUC,7,aligned,1,479,MCCE,bounded,MCCE_bounded,0,below_policy_threshold,14.85,0.0222396850585937,2.867495580436064,4.0
AUC,7,aligned,1,479,MCCE,bounded+edit,MCCE_bounded+edit,0,below_policy_threshold,14.85,0.0222396850585937,2.867495580436064,4.0
AUC,7,aligned,1,498,NICE,native,NICE_native,0,below_policy_threshold;immutable_changed:Test_1,11.025,0.0067875385284423,1.75,2.0
AUC,7,aligned,1,498,NICE,bounded,NICE_bounded,0,below_policy_threshold;classifier_target_not_met,10.7,0.0067875385284423,1.75,2.0
AUC,7,aligned,1,498,NICE,bounded+edit,NICE_bounded+edit,1,OK,15.144444444444446,0.0067875385284423,2.638888888888889,3.0
AUC,7,aligned,1,498,MCCE,native,MCCE_native,1,OK,15.05,0.0217823982238769,2.6524477793551005,4.0
AUC,7,aligned,1,498,MCCE,bounded,MCCE_bounded,1,OK,15.05,0.0217823982238769,2.6524477793551005,4.0
AUC,7,aligned,1,498,MCCE,bounded+edit,MCCE_bounded+edit,1,OK,15.05,0.0217823982238769,2.6524477793551005,4.0
AUC,7,aligned,1,501,NICE,native,NICE_native,0,immutable_changed:Test_1,15.15,0.0067279338836669,2.57,3.0
AUC,7,aligned,1,501,NICE,bounded,NICE_bounded,0,below_policy_threshold;classifier_target_not_met,12.85,0.0067279338836669,2.57,3.0
AUC,7,aligned,1,501,NICE,bounded+edit,NICE_bounded+edit,0,below_policy_threshold;classifier_target_not_met,12.85,0.0067279338836669,2.57,3.0
AUC,7,aligned,1,501,MCCE,native,MCCE_native,0,no_candidate,,0.0178830623626709,,
AUC,7,aligned,1,501,MCCE,bounded,MCCE_bounded,0,no_candidate,,0.0178830623626709,,
AUC,7,aligned,1,501,MCCE,bounded+edit,MCCE_bounded+edit,0,no_candidate,,0.0178830623626709,,
AUC,7,aligned,1,508,NICE,native,NICE_native,0,below_policy_threshold;immutable_changed:Test_1,11.025,0.0055699348449707,1.75,2.0
AUC,7,aligned,1,508,NICE,bounded,NICE_bounded,0,below_policy_threshold;classifier_target_not_met,10.375,0.0055699348449707,1.75,2.0
AUC,7,aligned,1,508,NICE,bounded+edit,NICE_bounded+edit,1,OK,15.375,0.0055699348449707,2.75,3.0
AUC,7,aligned,1,508,MCCE,native,MCCE_native,0,out_of_bounds:sum_click,15.225,0.0229554176330566,2.7282798592423925,4.0
AUC,7,aligned,1,508,MCCE,bounded,MCCE_bounded,1,OK,15.575,0.0229554176330566,2.839679155454357,4.0
AUC,7,aligned,1,508,MCCE,bounded+edit,MCCE_bounded+edit,1,OK,15.575,0.0229554176330566,2.839679155454357,4.0
AUC,7,aligned,1,520,NICE,native,NICE_native,0,below_policy_threshold,10.6,0.0040502548217773,1.77,2.0
AUC,7,aligned,1,520,NICE,bounded,NICE_bounded,0,below_policy_threshold,10.6,0.0040502548217773,1.77,2.0
AUC,7,aligned,1,520,NICE,bounded+edit,NICE_bounded+edit,1,OK,15.044444444444444,0.0040502548217773,2.658888888888889,3.0
AUC,7,aligned,1,520,MCCE,native,MCCE_native,0,below_policy_threshold,14.85,0.023261547088623,2.7514894581727503,4.0
AUC,7,aligned,1,520,MCCE,bounded,MCCE_bounded,0,below_policy_threshold,14.85,0.023261547088623,2.7514894581727503,4.0
AUC,7,aligned,1,520,MCCE,bounded+edit,MCCE_bounded+edit,0,below_policy_threshold,14.85,0.023261547088623,2.7514894581727503,4.0
AUC,7,aligned,1,521,NICE,native,NICE_native,0,immutable_changed:Test_1,15.05,0.0068089962005615,2.56,3.0
AUC,7,aligned,1,521,NICE,bounded,NICE_bounded,0,below_policy_threshold;classifier_target_not_met,14.85,0.0068089962005615,2.56,3.0
AUC,7,aligned,1,521,NICE,bounded+edit,NICE_bounded+edit,0,below_policy_threshold;classifier_target_not_met,14.85,0.0068089962005615,2.56,3.0
AUC,7,aligned,1,521,MCCE,native,MCCE_native,0,out_of_bounds:sum_click,15.05,0.0226097106933593,2.6477652678266805,4.0
AUC,7,aligned,1,521,MCCE,bounded,MCCE_bounded,0,below_policy_threshold,14.9,0.0226097106933593,2.993063800750597,4.0
AUC,7,aligned,1,521,MCCE,bounded+edit,MCCE_bounded+edit,0,below_policy_threshold,14.9,0.0226097106933593,2.993063800750597,4.0
AUC,7,aligned,1,525,NICE,native,NICE_native,1,OK,15.05,0.0055420398712158,2.56,3.0
AUC,7,aligned,1,525,NICE,bounded,NICE_bounded,1,OK,15.05,0.0055420398712158,2.56,3.0
AUC,7,aligned,1,525,NICE,bounded+edit,NICE_bounded+edit,1,OK,15.05,0.0055420398712158,2.56,3.0
AUC,7,aligned,1,525,MCCE,native,MCCE_native,0,below_policy_threshold,14.4,0.025400161743164,2.8364241232382827,4.0
AUC,7,aligned,1,525,MCCE,bounded,MCCE_bounded,0,below_policy_threshold,14.4,0.025400161743164,2.8364241232382827,4.0
AUC,7,aligned,1,525,MCCE,bounded+edit,MCCE_bounded+edit,0,below_policy_threshold,14.4,0.025400161743164,2.8364241232382827,4.0
AUC,7,aligned,1,542,NICE,native,NICE_native,0,below_policy_threshold,14.85,0.0056471824645996,2.57,3.0
AUC,7,aligned,1,542,NICE,bounded,NICE_bounded,0,below_policy_threshold,14.85,0.0056471824645996,2.57,3.0
AUC,7,aligned,1,542,NICE,bounded+edit,NICE_bounded+edit,0,below_policy_threshold,14.85,0.0056471824645996,2.57,3.0
AUC,7,aligned,1,542,MCCE,native,MCCE_native,1,OK,15.35,0.0244770050048828,3.0011649911295093,4.0
AUC,7,aligned,1,542,MCCE,bounded,MCCE_bounded,1,OK,15.35,0.0244770050048828,3.0011649911295093,4.0
AUC,7,aligned,1,542,MCCE,bounded+edit,MCCE_bounded+edit,1,OK,15.35,0.0244770050048828,3.0011649911295093,4.0
AUC,7,aligned,1,548,NICE,native,NICE_native,1,OK,15.1,0.005314826965332,2.61,3.0
AUC,7,aligned,1,548,NICE,bounded,NICE_bounded,1,OK,15.1,0.005314826965332,2.61,3.0
AUC,7,aligned,1,548,NICE,bounded+edit,NICE_bounded+edit,1,OK,15.1,0.005314826965332,2.61,3.0
AUC,7,aligned,1,548,MCCE,native,MCCE_native,0,below_policy_threshold,15.0,0.0209214687347412,2.59,3.0
AUC,7,aligned,1,548,MCCE,bounded,MCCE_bounded,0,below_policy_threshold,15.0,0.0209214687347412,2.59,3.0
AUC,7,aligned,1,548,MCCE,bounded+edit,MCCE_bounded+edit,0,below_policy_threshold,15.0,0.0209214687347412,2.59,3.0
AUC,7,aligned,1,549,NICE,native,NICE_native,0,below_policy_threshold,15.0,0.0052742958068847,2.65,3.0
AUC,7,aligned,1,549,NICE,bounded,NICE_bounded,0,below_policy_threshold,15.0,0.0052742958068847,2.65,3.0
AUC,7,aligned,1,549,NICE,bounded+edit,NICE_bounded+edit,0,below_policy_threshold,15.0,0.0052742958068847,2.65,3.0
AUC,7,aligned,1,549,MCCE,native,MCCE_native,0,below_policy_threshold,14.85,0.0231728553771972,2.6600902029566527,4.0
AUC,7,aligned,1,549,MCCE,bounded,MCCE_bounded,0,below_policy_threshold,14.85,0.0231728553771972,2.6600902029566527,4.0
AUC,7,aligned,1,549,MCCE,bounded+edit,MCCE_bounded+edit,0,below_policy_threshold,14.85,0.0231728553771972,2.6600902029566527,4.0
AUC,7,aligned,1,551,NICE,native,NICE_native,0,immutable_changed:Test_1,15.05,0.0089025497436523,2.56,3.0
AUC,7,aligned,1,551,NICE,bounded,NICE_bounded,0,below_policy_threshold;classifier_target_not_met,14.725,0.0089025497436523,2.56,3.0
AUC,7,aligned,1,551,NICE,bounded+edit,NICE_bounded+edit,0,below_policy_threshold;classifier_target_not_met,14.725,0.0089025497436523,2.56,3.0
AUC,7,aligned,1,551,MCCE,native,MCCE_native,0,below_policy_threshold,14.525,0.0334773063659668,2.588514481469947,4.0
AUC,7,aligned,1,551,MCCE,bounded,MCCE_bounded,0,below_policy_threshold,14.525,0.0334773063659668,2.588514481469947,4.0
AUC,7,aligned,1,551,MCCE,bounded+edit,MCCE_bounded+edit,0,below_policy_threshold,14.525,0.0334773063659668,2.588514481469947,4.0
AUC,7,aligned,1,570,NICE,native,NICE_native,0,below_policy_threshold,11.325,0.004267930984497,1.89,2.0
AUC,7,aligned,1,570,NICE,bounded,NICE_bounded,0,below_policy_threshold,11.325,0.004267930984497,1.89,2.0
AUC,7,aligned,1,570,NICE,bounded+edit,NICE_bounded+edit,1,OK,15.213888888888889,0.004267930984497,2.6677777777777782,3.0
AUC,7,aligned,1,570,MCCE,native,MCCE_native,0,below_policy_threshold;out_of_bounds:sum_click,14.775,0.0299460887908935,2.8982686187141957,4.0
AUC,7,aligned,1,570,MCCE,bounded,MCCE_bounded,1,OK,15.225,0.0299460887908935,3.433844684914068,4.0
AUC,7,aligned,1,570,MCCE,bounded+edit,MCCE_bounded+edit,1,OK,15.225,0.0299460887908935,3.433844684914068,4.0
AUC,7,aligned,1,571,NICE,native,NICE_native,0,below_policy_threshold;immutable_changed:Test_1,11.025,0.0059247016906738,1.75,2.0
AUC,7,aligned,1,571,NICE,bounded,NICE_bounded,0,below_policy_threshold;classifier_target_not_met,10.75,0.0059247016906738,1.75,2.0
AUC,7,aligned,1,571,NICE,bounded+edit,NICE_bounded+edit,1,OK,15.194444444444445,0.0059247016906738,2.638888888888889,3.0
AUC,7,aligned,1,571,MCCE,native,MCCE_native,1,OK,15.5,0.0295677185058593,2.8247320210485287,4.0
AUC,7,aligned,1,571,MCCE,bounded,MCCE_bounded,1,OK,15.5,0.0295677185058593,2.8247320210485287,4.0
AUC,7,aligned,1,571,MCCE,bounded+edit,MCCE_bounded+edit,1,OK,15.5,0.0295677185058593,2.8247320210485287,4.0
AUC,7,aligned,1,576,NICE,native,NICE_native,0,below_policy_threshold,11.35,0.0045888423919677,1.92,2.0
AUC,7,aligned,1,576,NICE,bounded,NICE_bounded,0,below_policy_threshold,11.35,0.0045888423919677,1.92,2.0
AUC,7,aligned,1,576,NICE,bounded+edit,NICE_bounded+edit,1,OK,15.238888888888887,0.0045888423919677,2.6977777777777776,3.0
AUC,7,aligned,1,576,MCCE,native,MCCE_native,0,below_policy_threshold;out_of_bounds:sum_click,14.85,0.0280678272247314,3.0061003861003863,4.0
AUC,7,aligned,1,576,MCCE,bounded,MCCE_bounded,1,OK,15.45,0.0280678272247314,3.0059802659802664,4.0
AUC,7,aligned,1,576,MCCE,bounded+edit,MCCE_bounded+edit,1,OK,15.45,0.0280678272247314,3.0059802659802664,4.0
AUC,7,aligned,1,578,NICE,native,NICE_native,1,OK,15.025,0.006343126296997,2.58,3.0
AUC,7,aligned,1,578,NICE,bounded,NICE_bounded,1,OK,15.025,0.006343126296997,2.58,3.0
AUC,7,aligned,1,578,NICE,bounded+edit,NICE_bounded+edit,1,OK,15.025,0.006343126296997,2.58,3.0
AUC,7,aligned,1,578,MCCE,native,MCCE_native,0,below_policy_threshold,14.875,0.0335409641265869,2.55,3.0
AUC,7,aligned,1,578,MCCE,bounded,MCCE_bounded,0,below_policy_threshold,14.875,0.0335409641265869,2.55,3.0
AUC,7,aligned,1,578,MCCE,bounded+edit,MCCE_bounded+edit,0,below_policy_threshold,14.875,0.0335409641265869,2.55,3.0
AUC,7,aligned,1,586,NICE,native,NICE_native,0,below_policy_threshold;immutable_changed:Test_1,11.025,0.0082027912139892,1.75,2.0
AUC,7,aligned,1,586,NICE,bounded,NICE_bounded,0,below_policy_threshold;classifier_target_not_met,8.75,0.0082027912139892,1.75,2.0
AUC,7,aligned,1,586,NICE,bounded+edit,NICE_bounded+edit,0,below_policy_threshold;classifier_target_not_met,8.75,0.0082027912139892,1.75,2.0
AUC,7,aligned,1,586,MCCE,native,MCCE_native,0,no_candidate,,0.0253252983093261,,
AUC,7,aligned,1,586,MCCE,bounded,MCCE_bounded,0,no_candidate,,0.0253252983093261,,
AUC,7,aligned,1,586,MCCE,bounded+edit,MCCE_bounded+edit,0,no_candidate,,0.0253252983093261,,
AUC,7,aligned,1,589,NICE,native,NICE_native,0,below_policy_threshold;immutable_changed:Test_1,11.025,0.0055859088897705,1.75,2.0
AUC,7,aligned,1,589,NICE,bounded,NICE_bounded,0,below_policy_threshold;classifier_target_not_met,10.5,0.0055859088897705,1.75,2.0
AUC,7,aligned,1,589,NICE,bounded+edit,NICE_bounded+edit,1,OK,15.5,0.0055859088897705,2.75,3.0
AUC,7,aligned,1,589,MCCE,native,MCCE_native,0,below_policy_threshold,14.85,0.026494026184082,2.843078483066315,4.0
AUC,7,aligned,1,589,MCCE,bounded,MCCE_bounded,0,below_policy_threshold,14.85,0.026494026184082,2.843078483066315,4.0
AUC,7,aligned,1,589,MCCE,bounded+edit,MCCE_bounded+edit,0,below_policy_threshold,14.85,0.026494026184082,2.843078483066315,4.0
AUC,7,aligned,1,603,NICE,native,NICE_native,1,OK,15.025,0.0071711540222167,2.58,3.0
AUC,7,aligned,1,603,NICE,bounded,NICE_bounded,1,OK,15.025,0.0071711540222167,2.58,3.0
AUC,7,aligned,1,603,NICE,bounded+edit,NICE_bounded+edit,1,OK,15.025,0.0071711540222167,2.58,3.0
AUC,7,aligned,1,603,MCCE,native,MCCE_native,0,below_policy_threshold;out_of_bounds:sum_click,14.875,0.0430192947387695,2.6503473562331146,4.0
AUC,7,aligned,1,603,MCCE,bounded,MCCE_bounded,1,OK,15.025,0.0430192947387695,2.610876109610189,4.0
AUC,7,aligned,1,603,MCCE,bounded+edit,MCCE_bounded+edit,1,OK,15.025,0.0430192947387695,2.610876109610189,4.0
AUC,7,aligned,1,605,NICE,native,NICE_native,1,OK,15.1,0.0053038597106933,2.57,3.0
AUC,7,aligned,1,605,NICE,bounded,NICE_bounded,1,OK,15.1,0.0053038597106933,2.57,3.0
AUC,7,aligned,1,605,NICE,bounded+edit,NICE_bounded+edit,1,OK,15.1,0.0053038597106933,2.57,3.0
AUC,7,aligned,1,605,MCCE,native,MCCE_native,0,below_policy_threshold;out_of_bounds:sum_click,14.4,0.0255603790283203,2.4411669458403127,4.0
AUC,7,aligned,1,605,MCCE,bounded,MCCE_bounded,1,OK,15.1,0.0255603790283203,2.6370016750418763,4.0
AUC,7,aligned,1,605,MCCE,bounded+edit,MCCE_bounded+edit,1,OK,15.1,0.0255603790283203,2.6370016750418763,4.0
AUC,7,aligned,1,606,NICE,native,NICE_native,0,immutable_changed:Test_1,15.05,0.0067527294158935,2.56,3.0
AUC,7,aligned,1,606,NICE,bounded,NICE_bounded,0,below_policy_threshold;classifier_target_not_met,14.95,0.0067527294158935,2.56,3.0
AUC,7,aligned,1,606,NICE,bounded+edit,NICE_bounded+edit,0,below_policy_threshold;classifier_target_not_met,14.95,0.0067527294158935,2.56,3.0
AUC,7,aligned,1,606,MCCE,native,MCCE_native,0,below_policy_threshold;out_of_bounds:sum_click,14.95,0.025015115737915,2.607494656851104,4.0
AUC,7,aligned,1,606,MCCE,bounded,MCCE_bounded,0,below_policy_threshold,14.95,0.025015115737915,2.6977345048682024,4.0
AUC,7,aligned,1,606,MCCE,bounded+edit,MCCE_bounded+edit,0,below_policy_threshold,14.95,0.025015115737915,2.6977345048682024,4.0
AUC,7,aligned,1,624,NICE,native,NICE_native,0,below_policy_threshold;immutable_changed:Test_1,11.025,0.0056147575378417,1.75,2.0
AUC,7,aligned,1,624,NICE,bounded,NICE_bounded,0,below_policy_threshold;classifier_target_not_met,10.875,0.0056147575378417,1.75,2.0
AUC,7,aligned,1,624,NICE,bounded+edit,NICE_bounded+edit,1,OK,15.319444444444445,0.0056147575378417,2.638888888888889,3.0
AUC,7,aligned,1,624,MCCE,native,MCCE_native,1,OK,15.125,0.0235683917999267,2.7618614061709663,4.0
AUC,7,aligned,1,624,MCCE,bounded,MCCE_bounded,1,OK,15.125,0.0235683917999267,2.7618614061709663,4.0
AUC,7,aligned,1,624,MCCE,bounded+edit,MCCE_bounded+edit,1,OK,15.125,0.0235683917999267,2.7618614061709663,4.0
AUC,7,aligned,1,627,NICE,native,NICE_native,1,OK,15.2,0.0054502487182617,2.62,3.0
AUC,7,aligned,1,627,NICE,bounded,NICE_bounded,1,OK,15.2,0.0054502487182617,2.62,3.0
AUC,7,aligned,1,627,NICE,bounded+edit,NICE_bounded+edit,1,OK,15.2,0.0054502487182617,2.62,3.0
AUC,7,aligned,1,627,MCCE,native,MCCE_native,1,OK,15.15,0.0301599502563476,2.6768208686712924,4.0
AUC,7,aligned,1,627,MCCE,bounded,MCCE_bounded,1,OK,15.15,0.0301599502563476,2.6768208686712924,4.0
AUC,7,aligned,1,627,MCCE,bounded+edit,MCCE_bounded+edit,1,OK,15.15,0.0301599502563476,2.6768208686712924,4.0
AUC,7,aligned,1,629,NICE,native,NICE_native,0,below_policy_threshold;immutable_changed:Test_1,11.225,0.005871295928955,1.81,2.0
AUC,7,aligned,1,629,NICE,bounded,NICE_bounded,0,below_policy_threshold;classifier_target_not_met,10.8,0.005871295928955,1.81,2.0
AUC,7,aligned,1,629,NICE,bounded+edit,NICE_bounded+edit,1,OK,15.244444444444444,0.005871295928955,2.698888888888889,3.0
AUC,7,aligned,1,629,MCCE,native,MCCE_native,0,below_policy_threshold;out_of_bounds:sum_click,14.85,0.0313599109649658,2.9170694500200725,4.0
AUC,7,aligned,1,629,MCCE,bounded,MCCE_bounded,1,OK,15.45,0.0313599109649658,3.053127258129265,4.0
AUC,7,aligned,1,629,MCCE,bounded+edit,MCCE_bounded+edit,1,OK,15.45,0.0313599109649658,3.053127258129265,4.0
AUC,7,aligned,1,636,NICE,native,NICE_native,0,immutable_changed:Test_1,15.05,0.0069239139556884,2.56,3.0
AUC,7,aligned,1,636,NICE,bounded,NICE_bounded,0,below_policy_threshold;classifier_target_not_met,14.925,0.0069239139556884,2.56,3.0
AUC,7,aligned,1,636,NICE,bounded+edit,NICE_bounded+edit,0,below_policy_threshold;classifier_target_not_met,14.925,0.0069239139556884,2.56,3.0
AUC,7,aligned,1,636,MCCE,native,MCCE_native,0,below_policy_threshold,14.875,0.0273339748382568,2.59399902224395,4.0
AUC,7,aligned,1,636,MCCE,bounded,MCCE_bounded,0,below_policy_threshold,14.875,0.0273339748382568,2.59399902224395,4.0
AUC,7,aligned,1,636,MCCE,bounded+edit,MCCE_bounded+edit,0,below_policy_threshold,14.875,0.0273339748382568,2.59399902224395,4.0
AUC,7,aligned,1,640,NICE,native,NICE_native,0,below_policy_threshold,15.0,0.0054483413696289,2.56,3.0
AUC,7,aligned,1,640,NICE,bounded,NICE_bounded,0,below_policy_threshold,15.0,0.0054483413696289,2.56,3.0
AUC,7,aligned,1,640,NICE,bounded+edit,NICE_bounded+edit,0,below_policy_threshold,15.0,0.0054483413696289,2.56,3.0
AUC,7,aligned,1,640,MCCE,native,MCCE_native,0,below_policy_threshold,14.45,0.0239770412445068,2.700531789175136,4.0
AUC,7,aligned,1,640,MCCE,bounded,MCCE_bounded,0,below_policy_threshold,14.45,0.0239770412445068,2.700531789175136,4.0
AUC,7,aligned,1,640,MCCE,bounded+edit,MCCE_bounded+edit,0,below_policy_threshold,14.45,0.0239770412445068,2.700531789175136,4.0
AUC,7,aligned,1,646,NICE,native,NICE_native,1,OK,15.05,0.0055315494537353,2.56,3.0
AUC,7,aligned,1,646,NICE,bounded,NICE_bounded,1,OK,15.05,0.0055315494537353,2.56,3.0
AUC,7,aligned,1,646,NICE,bounded+edit,NICE_bounded+edit,1,OK,15.05,0.0055315494537353,2.56,3.0
AUC,7,aligned,1,646,MCCE,native,MCCE_native,1,OK,15.65,0.0255711078643798,2.68,3.0
AUC,7,aligned,1,646,MCCE,bounded,MCCE_bounded,1,OK,15.65,0.0255711078643798,2.68,3.0
AUC,7,aligned,1,646,MCCE,bounded+edit,MCCE_bounded+edit,1,OK,15.65,0.0255711078643798,2.68,3.0
AUC,7,aligned,1,655,NICE,native,NICE_native,0,below_policy_threshold,10.725,0.0044724941253662,1.77,2.0
AUC,7,aligned,1,655,NICE,bounded,NICE_bounded,0,below_policy_threshold,10.725,0.0044724941253662,1.77,2.0
AUC,7,aligned,1,655,NICE,bounded+edit,NICE_bounded+edit,1,OK,15.169444444444444,0.0044724941253662,2.658888888888889,3.0
AUC,7,aligned,1,655,MCCE,native,MCCE_native,0,below_policy_threshold,14.725,0.0323944091796875,2.6611161731207287,4.0
AUC,7,aligned,1,655,MCCE,bounded,MCCE_bounded,0,below_policy_threshold,14.725,0.0323944091796875,2.6611161731207287,4.0
AUC,7,aligned,1,655,MCCE,bounded+edit,MCCE_bounded+edit,0,below_policy_threshold,14.725,0.0323944091796875,2.6611161731207287,4.0
AUC,7,aligned,1,657,NICE,native,NICE_native,0,below_policy_threshold;immutable_changed:Test_1,11.025,0.0060939788818359,1.75,2.0
AUC,7,aligned,1,657,NICE,bounded,NICE_bounded,0,below_policy_threshold;classifier_target_not_met,8.75,0.0060939788818359,1.75,2.0
AUC,7,aligned,1,657,NICE,bounded+edit,NICE_bounded+edit,0,below_policy_threshold;classifier_target_not_met,8.75,0.0060939788818359,1.75,2.0
AUC,7,aligned,1,657,MCCE,native,MCCE_native,0,no_candidate,,0.0170755386352539,,
AUC,7,aligned,1,657,MCCE,bounded,MCCE_bounded,0,no_candidate,,0.0170755386352539,,
AUC,7,aligned,1,657,MCCE,bounded+edit,MCCE_bounded+edit,0,no_candidate,,0.0170755386352539,,
AUC,7,aligned,1,661,NICE,native,NICE_native,0,below_policy_threshold;immutable_changed:Test_1,10.725,0.005683422088623,1.77,2.0
AUC,7,aligned,1,661,NICE,bounded,NICE_bounded,0,below_policy_threshold;classifier_target_not_met,8.85,0.005683422088623,1.77,2.0
AUC,7,aligned,1,661,NICE,bounded+edit,NICE_bounded+edit,0,below_policy_threshold;classifier_target_not_met,8.85,0.005683422088623,1.77,2.0
AUC,7,aligned,1,661,MCCE,native,MCCE_native,0,no_candidate,,0.0165848731994628,,
AUC,7,aligned,1,661,MCCE,bounded,MCCE_bounded,0,no_candidate,,0.0165848731994628,,
AUC,7,aligned,1,661,MCCE,bounded+edit,MCCE_bounded+edit,0,no_candidate,,0.0165848731994628,,
AUC,7,aligned,1,666,NICE,native,NICE_native,0,below_policy_threshold;immutable_changed:Test_1,11.025,0.0059804916381835,1.75,2.0
AUC,7,aligned,1,666,NICE,bounded,NICE_bounded,0,below_policy_threshold;classifier_target_not_met,10.75,0.0059804916381835,1.75,2.0
AUC,7,aligned,1,666,NICE,bounded+edit,NICE_bounded+edit,1,OK,15.194444444444445,0.0059804916381835,2.638888888888889,3.0
AUC,7,aligned,1,666,MCCE,native,MCCE_native,0,out_of_bounds:sum_click,15.5,0.026726484298706,2.802060102060102,4.0
AUC,7,aligned,1,666,MCCE,bounded,MCCE_bounded,1,OK,15.5,0.026726484298706,2.8512001512001515,4.0
AUC,7,aligned,1,666,MCCE,bounded+edit,MCCE_bounded+edit,1,OK,15.5,0.026726484298706,2.8512001512001515,4.0
AUC,7,aligned,2,13,NICE,native,NICE_native,0,immutable_changed:Test_1,15.05,0.0065064430236816,1.66,2.0
AUC,7,aligned,2,13,NICE,bounded,NICE_bounded,0,below_policy_threshold;classifier_target_not_met,14.925,0.0065064430236816,1.66,2.0
AUC,7,aligned,2,13,NICE,bounded+edit,NICE_bounded+edit,0,below_policy_threshold;classifier_target_not_met,14.925,0.0065064430236816,1.66,2.0
AUC,7,aligned,2,13,MCCE,native,MCCE_native,0,below_policy_threshold;out_of_bounds:sum_click,14.875,0.045454978942871,1.664229811454998,3.0
AUC,7,aligned,2,13,MCCE,bounded,MCCE_bounded,0,below_policy_threshold,14.875,0.045454978942871,2.382835289932409,3.0
AUC,7,aligned,2,13,MCCE,bounded+edit,MCCE_bounded+edit,0,below_policy_threshold,14.875,0.045454978942871,2.382835289932409,3.0
AUC,7,aligned,2,46,NICE,native,NICE_native,0,below_policy_threshold;immutable_changed:Test_2,11.075,0.0058927536010742,0.85,1.0
AUC,7,aligned,2,46,NICE,bounded,NICE_bounded,0,below_policy_threshold;classifier_target_not_met,6.575,0.0058927536010742,0.85,1.0
AUC,7,aligned,2,46,NICE,bounded+edit,NICE_bounded+edit,0,below_policy_threshold;classifier_target_not_met,6.575,0.0058927536010742,0.85,1.0
AUC,7,aligned,2,46,MCCE,native,MCCE_native,0,no_candidate,,0.0145404338836669,,
AUC,7,aligned,2,46,MCCE,bounded,MCCE_bounded,0,no_candidate,,0.0145404338836669,,
AUC,7,aligned,2,46,MCCE,bounded+edit,MCCE_bounded+edit,0,no_candidate,,0.0145404338836669,,
AUC,7,aligned,2,53,NICE,native,NICE_native,0,below_policy_threshold;immutable_changed:Test_1;immutable_changed:Test_2,11.025,0.0061333179473876,0.85,1.0
AUC,7,aligned,2,53,NICE,bounded,NICE_bounded,0,below_policy_threshold;classifier_target_not_met,9.25,0.0061333179473876,0.85,1.0
AUC,7,aligned,2,53,NICE,bounded+edit,NICE_bounded+edit,0,below_policy_threshold;classifier_target_not_met,9.25,0.0061333179473876,0.85,1.0
AUC,7,aligned,2,53,MCCE,native,MCCE_native,0,no_candidate,,0.0145666599273681,,
AUC,7,aligned,2,53,MCCE,bounded,MCCE_bounded,0,no_candidate,,0.0145666599273681,,
AUC,7,aligned,2,53,MCCE,bounded+edit,MCCE_bounded+edit,0,no_candidate,,0.0145666599273681,,
AUC,7,aligned,2,54,NICE,native,NICE_native,0,immutable_changed:Test_2,15.075,0.0059309005737304,1.66,2.0
AUC,7,aligned,2,54,NICE,bounded,NICE_bounded,0,below_policy_threshold;classifier_target_not_met,14.875,0.0059309005737304,1.66,2.0
AUC,7,aligned,2,54,NICE,bounded+edit,NICE_bounded+edit,0,below_policy_threshold;classifier_target_not_met,14.875,0.0059309005737304,1.66,2.0
AUC,7,aligned,2,54,MCCE,native,MCCE_native,0,out_of_bounds:sum_click,15.375,0.020242691040039,1.7907597662257764,3.0
AUC,7,aligned,2,54,MCCE,bounded,MCCE_bounded,1,OK,15.375,0.020242691040039,1.895342971393417,3.0
AUC,7,aligned,2,54,MCCE,bounded+edit,MCCE_bounded+edit,1,OK,15.375,0.020242691040039,1.895342971393417,3.0
AUC,7,aligned,2,55,NICE,native,NICE_native,0,below_policy_threshold;immutable_changed:Test_2,11.125,0.004786729812622,0.85,1.0
AUC,7,aligned,2,55,NICE,bounded,NICE_bounded,0,below_policy_threshold;classifier_target_not_met,6.625,0.004786729812622,0.85,1.0
AUC,7,aligned,2,55,NICE,bounded+edit,NICE_bounded+edit,0,below_policy_threshold;classifier_target_not_met,6.625,0.004786729812622,0.85,1.0
AUC,7,aligned,2,55,MCCE,native,MCCE_native,0,no_candidate,,0.0150964260101318,,
AUC,7,aligned,2,55,MCCE,bounded,MCCE_bounded,0,no_candidate,,0.0150964260101318,,
AUC,7,aligned,2,55,MCCE,bounded+edit,MCCE_bounded+edit,0,no_candidate,,0.0150964260101318,,
AUC,7,aligned,2,57,NICE,native,NICE_native,0,immutable_changed:Test_1;immutable_changed:Test_2,15.05,0.0088992118835449,1.66,2.0
AUC,7,aligned,2,57,NICE,bounded,NICE_bounded,0,below_policy_threshold;classifier_target_not_met,14.3,0.0088992118835449,1.66,2.0
AUC,7,aligned,2,57,NICE,bounded+edit,NICE_bounded+edit,0,below_policy_threshold;classifier_target_not_met,14.3,0.0088992118835449,1.66,2.0
AUC,7,aligned,2,57,MCCE,native,MCCE_native,0,no_candidate,,0.016437292098999,,
AUC,7,aligned,2,57,MCCE,bounded,MCCE_bounded,0,no_candidate,,0.016437292098999,,
AUC,7,aligned,2,57,MCCE,bounded+edit,MCCE_bounded+edit,0,no_candidate,,0.016437292098999,,
AUC,7,aligned,2,60,NICE,native,NICE_native,0,below_policy_threshold;immutable_changed:Test_1;immutable_changed:Test_2,10.725,0.0056169033050537,0.85,1.0
AUC,7,aligned,2,60,NICE,bounded,NICE_bounded,0,below_policy_threshold;classifier_target_not_met,10.325,0.0056169033050537,0.85,1.0
AUC,7,aligned,2,60,NICE,bounded+edit,NICE_bounded+edit,1,OK,15.325,0.0056169033050537,1.85,2.0
AUC,7,aligned,2,60,MCCE,native,MCCE_native,1,OK,15.425,0.0198774337768554,1.9180934386808657,3.0
AUC,7,aligned,2,60,MCCE,bounded,MCCE_bounded,1,OK,15.425,0.0198774337768554,1.9180934386808657,3.0
AUC,7,aligned,2,60,MCCE,bounded+edit,MCCE_bounded+edit,1,OK,15.425,0.0198774337768554,1.9180934386808657,3.0
AUC,7,aligned,2,70,NICE,native,NICE_native,0,below_policy_threshold;immutable_changed:Test_2,11.175,0.0042569637298583,0.82,1.0
AUC,7,aligned,2,70,NICE,bounded,NICE_bounded,0,below_policy_threshold;classifier_target_not_met,10.775,0.0042569637298583,0.82,1.0
AUC,7,aligned,2,70,NICE,bounded+edit,NICE_bounded+edit,0,classifier_target_not_met,15.219444444444443,0.0042569637298583,1.708888888888889,2.0
AUC,7,aligned,2,70,MCCE,native,MCCE_native,1,OK,15.475,0.0207917690277099,1.794352456200618,3.0
AUC,7,aligned,2,70,MCCE,bounded,MCCE_bounded,1,OK,15.475,0.0207917690277099,1.794352456200618,3.0
AUC,7,aligned,2,70,MCCE,bounded+edit,MCCE_bounded+edit,1,OK,15.475,0.0207917690277099,1.794352456200618,3.0
AUC,7,aligned,2,74,NICE,native,NICE_native,0,immutable_changed:Test_2,15.05,0.0062718391418457,1.65,2.0
AUC,7,aligned,2,74,NICE,bounded,NICE_bounded,0,below_policy_threshold;classifier_target_not_met,14.75,0.0062718391418457,1.65,2.0
AUC,7,aligned,2,74,NICE,bounded+edit,NICE_bounded+edit,0,below_policy_threshold;classifier_target_not_met,14.75,0.0062718391418457,1.65,2.0
AUC,7,aligned,2,74,MCCE,native,MCCE_native,0,below_policy_threshold,14.95,0.0214357376098632,1.7731092642385724,3.0
AUC,7,aligned,2,74,MCCE,bounded,MCCE_bounded,0,below_policy_threshold,14.95,0.0214357376098632,1.7731092642385724,3.0
AUC,7,aligned,2,74,MCCE,bounded+edit,MCCE_bounded+edit,0,below_policy_threshold,14.95,0.0214357376098632,1.7731092642385724,3.0
AUC,7,aligned,2,98,NICE,native,NICE_native,0,below_policy_threshold;immutable_changed:Test_1;immutable_changed:Test_2,11.025,0.0058331489562988,0.85,1.0
AUC,7,aligned,2,98,NICE,bounded,NICE_bounded,0,below_policy_threshold;classifier_target_not_met,5.775,0.0058331489562988,0.85,1.0
AUC,7,aligned,2,98,NICE,bounded+edit,NICE_bounded+edit,0,below_policy_threshold;classifier_target_not_met,5.775,0.0058331489562988,0.85,1.0
AUC,7,aligned,2,98,MCCE,native,MCCE_native,0,no_candidate,,0.0142140388488769,,
AUC,7,aligned,2,98,MCCE,bounded,MCCE_bounded,0,no_candidate,,0.0142140388488769,,
AUC,7,aligned,2,98,MCCE,bounded+edit,MCCE_bounded+edit,0,no_candidate,,0.0142140388488769,,
AUC,7,aligned,2,109,NICE,native,NICE_native,0,immutable_changed:Test_2,15.05,0.0055403709411621,1.67,2.0
AUC,7,aligned,2,109,NICE,bounded,NICE_bounded,0,below_policy_threshold;classifier_target_not_met,13.55,0.0055403709411621,1.67,2.0
AUC,7,aligned,2,109,NICE,bounded+edit,NICE_bounded+edit,0,below_policy_threshold;classifier_target_not_met,13.55,0.0055403709411621,1.67,2.0
AUC,7,aligned,2,109,MCCE,native,MCCE_native,0,below_policy_threshold;out_of_bounds:sum_click,14.3,0.0176615715026855,2.26042913608131,3.0
AUC,7,aligned,2,109,MCCE,bounded,MCCE_bounded,0,no_candidate,,0.0176615715026855,,
AUC,7,aligned,2,109,MCCE,bounded+edit,MCCE_bounded+edit,0,no_candidate,,0.0176615715026855,,
AUC,7,aligned,2,110,NICE,native,NICE_native,0,below_policy_threshold;immutable_changed:Test_1;immutable_changed:Test_2,10.725,0.0054891109466552,0.85,1.0
AUC,7,aligned,2,110,NICE,bounded,NICE_bounded,0,below_policy_threshold;classifier_target_not_met,5.75,0.0054891109466552,0.85,1.0
AUC,7,aligned,2,110,NICE,bounded+edit,NICE_bounded+edit,0,below_policy_threshold;classifier_target_not_met,5.75,0.0054891109466552,0.85,1.0
AUC,7,aligned,2,110,MCCE,native,MCCE_native,0,no_candidate,,0.0141677856445312,,
AUC,7,aligned,2,110,MCCE,bounded,MCCE_bounded,0,no_candidate,,0.0141677856445312,,
AUC,7,aligned,2,110,MCCE,bounded+edit,MCCE_bounded+edit,0,no_candidate,,0.0141677856445312,,
AUC,7,aligned,2,115,NICE,native,NICE_native,0,below_policy_threshold;immutable_changed:Test_1;immutable_changed:Test_2,10.725,0.0054869651794433,0.85,1.0
AUC,7,aligned,2,115,NICE,bounded,NICE_bounded,0,below_policy_threshold;classifier_target_not_met,8.375,0.0054869651794433,0.85,1.0
AUC,7,aligned,2,115,NICE,bounded+edit,NICE_bounded+edit,0,below_policy_threshold;classifier_target_not_met,8.375,0.0054869651794433,0.85,1.0
AUC,7,aligned,2,115,MCCE,native,MCCE_native,0,no_candidate,,0.0148038864135742,,
AUC,7,aligned,2,115,MCCE,bounded,MCCE_bounded,0,no_candidate,,0.0148038864135742,,
AUC,7,aligned,2,115,MCCE,bounded+edit,MCCE_bounded+edit,0,no_candidate,,0.0148038864135742,,
AUC,7,aligned,2,132,NICE,native,NICE_native,0,below_policy_threshold;immutable_changed:Test_2,14.85,0.0055849552154541,1.67,2.0
AUC,7,aligned,2,132,NICE,bounded,NICE_bounded,0,below_policy_threshold;classifier_target_not_met,14.6,0.0055849552154541,1.67,2.0
AUC,7,aligned,2,132,NICE,bounded+edit,NICE_bounded+edit,0,below_policy_threshold;classifier_target_not_met,14.6,0.0055849552154541,1.67,2.0
AUC,7,aligned,2,132,MCCE,native,MCCE_native,1,OK,15.35,0.0210194587707519,2.0812671456564336,3.0
AUC,7,aligned,2,132,MCCE,bounded,MCCE_bounded,1,OK,15.35,0.0210194587707519,2.0812671456564336,3.0
AUC,7,aligned,2,132,MCCE,bounded+edit,MCCE_bounded+edit,1,OK,15.35,0.0210194587707519,2.0812671456564336,3.0
AUC,7,aligned,2,134,NICE,native,NICE_native,0,below_policy_threshold,11.1,0.0029356479644775,0.85,1.0
AUC,7,aligned,2,134,NICE,bounded,NICE_bounded,0,below_policy_threshold,11.1,0.0029356479644775,0.85,1.0
AUC,7,aligned,2,134,NICE,bounded+edit,NICE_bounded+edit,1,OK,15.544444444444444,0.0029356479644775,1.738888888888889,2.0
AUC,7,aligned,2,134,MCCE,native,MCCE_native,1,OK,15.75,0.0207786560058593,1.798136476989345,3.0
AUC,7,aligned,2,134,MCCE,bounded,MCCE_bounded,1,OK,15.75,0.0207786560058593,1.798136476989345,3.0
AUC,7,aligned,2,134,MCCE,bounded+edit,MCCE_bounded+edit,1,OK,15.75,0.0207786560058593,1.798136476989345,3.0
AUC,7,aligned,2,138,NICE,native,NICE_native,0,below_policy_threshold;immutable_changed:Test_2,10.7,0.0041525363922119,0.85,1.0
AUC,7,aligned,2,138,NICE,bounded,NICE_bounded,0,below_policy_threshold;classifier_target_not_met,10.35,0.0041525363922119,0.85,1.0
AUC,7,aligned,2,138,NICE,bounded+edit,NICE_bounded+edit,1,OK,15.35,0.0041525363922119,1.85,2.0
AUC,7,aligned,2,138,MCCE,native,MCCE_native,1,OK,15.45,0.0207355022430419,1.875331911490269,3.0
AUC,7,aligned,2,138,MCCE,bounded,MCCE_bounded,1,OK,15.45,0.0207355022430419,1.875331911490269,3.0
AUC,7,aligned,2,138,MCCE,bounded+edit,MCCE_bounded+edit,1,OK,15.45,0.0207355022430419,1.875331911490269,3.0
AUC,7,aligned,2,140,NICE,native,NICE_native,0,below_policy_threshold;immutable_changed:Test_2,11.225,0.0041604042053222,0.85,1.0
AUC,7,aligned,2,140,NICE,bounded,NICE_bounded,0,below_policy_threshold;classifier_target_not_met,6.725,0.0041604042053222,0.85,1.0
AUC,7,aligned,2,140,NICE,bounded+edit,NICE_bounded+edit,0,below_policy_threshold;classifier_target_not_met,6.725,0.0041604042053222,0.85,1.0
AUC,7,aligned,2,140,MCCE,native,MCCE_native,0,no_candidate,,0.0135586261749267,,
AUC,7,aligned,2,140,MCCE,bounded,MCCE_bounded,0,no_candidate,,0.0135586261749267,,
AUC,7,aligned,2,140,MCCE,bounded+edit,MCCE_bounded+edit,0,no_candidate,,0.0135586261749267,,
AUC,7,aligned,2,141,NICE,native,NICE_native,0,below_policy_threshold;immutable_changed:Test_2,14.9,0.0055911540985107,1.67,2.0
AUC,7,aligned,2,141,NICE,bounded,NICE_bounded,0,below_policy_threshold;classifier_target_not_met,14.65,0.0055911540985107,1.67,2.0
AUC,7,aligned,2,141,NICE,bounded+edit,NICE_bounded+edit,0,below_policy_threshold;classifier_target_not_met,14.65,0.0055911540985107,1.67,2.0
AUC,7,aligned,2,141,MCCE,native,MCCE_native,0,out_of_bounds:sum_click,15.4,0.0205614566802978,2.5524643078833025,3.0
AUC,7,aligned,2,141,MCCE,bounded,MCCE_bounded,1,OK,15.749999999999998,0.0205614566802978,2.187951582867784,3.0
AUC,7,aligned,2,141,MCCE,bounded+edit,MCCE_bounded+edit,1,OK,15.749999999999998,0.0205614566802978,2.187951582867784,3.0
AUC,7,aligned,2,148,NICE,native,NICE_native,0,below_policy_threshold,14.8,0.0041916370391845,1.81,2.0
AUC,7,aligned,2,148,NICE,bounded,NICE_bounded,0,below_policy_threshold,14.8,0.0041916370391845,1.81,2.0
AUC,7,aligned,2,148,NICE,bounded+edit,NICE_bounded+edit,0,below_policy_threshold,14.8,0.0041916370391845,1.81,2.0
AUC,7,aligned,2,148,MCCE,native,MCCE_native,0,no_candidate,,0.0138666629791259,,
AUC,7,aligned,2,148,MCCE,bounded,MCCE_bounded,0,no_candidate,,0.0138666629791259,,
AUC,7,aligned,2,148,MCCE,bounded+edit,MCCE_bounded+edit,0,no_candidate,,0.0138666629791259,,
AUC,7,aligned,2,153,NICE,native,NICE_native,0,immutable_changed:Test_2,15.05,0.0055625438690185,1.65,2.0
AUC,7,aligned,2,153,NICE,bounded,NICE_bounded,0,below_policy_threshold;classifier_target_not_met,14.25,0.0055625438690185,1.65,2.0
AUC,7,aligned,2,153,NICE,bounded+edit,NICE_bounded+edit,0,below_policy_threshold;classifier_target_not_met,14.25,0.0055625438690185,1.65,2.0
AUC,7,aligned,2,153,MCCE,native,MCCE_native,0,below_policy_threshold;out_of_bounds:sum_click,14.85,0.0205159187316894,1.808731541999516,3.0
AUC,7,aligned,2,153,MCCE,bounded,MCCE_bounded,0,below_policy_threshold,14.95,0.0205159187316894,1.8238900992495763,3.0
AUC,7,aligned,2,153,MCCE,bounded+edit,MCCE_bounded+edit,0,below_policy_threshold,14.95,0.0205159187316894,1.8238900992495763,3.0
AUC,7,aligned,2,159,NICE,native,NICE_native,0,immutable_changed:Test_1;immutable_changed:Test_2,15.05,0.0068845748901367,1.65,2.0
AUC,7,aligned,2,159,NICE,bounded,NICE_bounded,0,below_policy_threshold;classifier_target_not_met,13.625,0.0068845748901367,1.65,2.0
AUC,7,aligned,2,159,NICE,bounded+edit,NICE_bounded+edit,0,below_policy_threshold;classifier_target_not_met,13.625,0.0068845748901367,1.65,2.0
AUC,7,aligned,2,159,MCCE,native,MCCE_native,0,no_candidate,,0.0141463279724121,,
AUC,7,aligned,2,159,MCCE,bounded,MCCE_bounded,0,no_candidate,,0.0141463279724121,,
AUC,7,aligned,2,159,MCCE,bounded+edit,MCCE_bounded+edit,0,no_candidate,,0.0141463279724121,,
AUC,7,aligned,2,168,NICE,native,NICE_native,0,below_policy_threshold;immutable_changed:Test_1;immutable_changed:Test_2,10.725,0.0055832862854003,0.85,1.0
AUC,7,aligned,2,168,NICE,bounded,NICE_bounded,0,below_policy_threshold;classifier_target_not_met,8.0,0.0055832862854003,0.85,1.0
AUC,7,aligned,2,168,NICE,bounded+edit,NICE_bounded+edit,0,below_policy_threshold;classifier_target_not_met,8.0,0.0055832862854003,0.85,1.0
AUC,7,aligned,2,168,MCCE,native,MCCE_native,0,no_candidate,,0.0142209529876708,,
AUC,7,aligned,2,168,MCCE,bounded,MCCE_bounded,0,no_candidate,,0.0142209529876708,,
AUC,7,aligned,2,168,MCCE,bounded+edit,MCCE_bounded+edit,0,no_candidate,,0.0142209529876708,,
AUC,7,aligned,2,188,NICE,native,NICE_native,1,OK,15.2,0.0042018890380859,1.7199999999999998,2.0
AUC,7,aligned,2,188,NICE,bounded,NICE_bounded,1,OK,15.2,0.0042018890380859,1.7199999999999998,2.0
AUC,7,aligned,2,188,NICE,bounded+edit,NICE_bounded+edit,1,OK,15.2,0.0042018890380859,1.7199999999999998,2.0
AUC,7,aligned,2,188,MCCE,native,MCCE_native,0,out_of_bounds:sum_click,15.1,0.0182936191558837,2.876470588235315,3.0
AUC,7,aligned,2,188,MCCE,bounded,MCCE_bounded,0,no_candidate,,0.0182936191558837,,
AUC,7,aligned,2,188,MCCE,bounded+edit,MCCE_bounded+edit,0,no_candidate,,0.0182936191558837,,
AUC,7,aligned,2,191,NICE,native,NICE_native,0,below_policy_threshold;immutable_changed:Test_1;immutable_changed:Test_2,11.025,0.0058274269104003,0.85,1.0
AUC,7,aligned,2,191,NICE,bounded,NICE_bounded,0,below_policy_threshold;classifier_target_not_met,5.5,0.0058274269104003,0.85,1.0
AUC,7,aligned,2,191,NICE,bounded+edit,NICE_bounded+edit,0,below_policy_threshold;classifier_target_not_met,5.5,0.0058274269104003,0.85,1.0
AUC,7,aligned,2,191,MCCE,native,MCCE_native,0,no_candidate,,0.0138075351715087,,
AUC,7,aligned,2,191,MCCE,bounded,MCCE_bounded,0,no_candidate,,0.0138075351715087,,
AUC,7,aligned,2,191,MCCE,bounded+edit,MCCE_bounded+edit,0,no_candidate,,0.0138075351715087,,
AUC,7,aligned,2,200,NICE,native,NICE_native,0,immutable_changed:Test_1;immutable_changed:Test_2,15.45,0.0067150592803955,1.7400000000000002,2.0
AUC,7,aligned,2,200,NICE,bounded,NICE_bounded,0,below_policy_threshold;classifier_target_not_met,13.9,0.0067150592803955,1.7400000000000002,2.0
AUC,7,aligned,2,200,NICE,bounded+edit,NICE_bounded+edit,0,below_policy_threshold;classifier_target_not_met,13.9,0.0067150592803955,1.7400000000000002,2.0
AUC,7,aligned,2,200,MCCE,native,MCCE_native,0,no_candidate,,0.0140426158905029,,
AUC,7,aligned,2,200,MCCE,bounded,MCCE_bounded,0,no_candidate,,0.0140426158905029,,
AUC,7,aligned,2,200,MCCE,bounded+edit,MCCE_bounded+edit,0,no_candidate,,0.0140426158905029,,
AUC,7,aligned,2,202,NICE,native,NICE_native,0,immutable_changed:Test_1;immutable_changed:Test_2,15.05,0.0066416263580322,1.66,2.0
AUC,7,aligned,2,202,NICE,bounded,NICE_bounded,0,below_policy_threshold;classifier_target_not_met,14.85,0.0066416263580322,1.66,2.0
AUC,7,aligned,2,202,NICE,bounded+edit,NICE_bounded+edit,0,below_policy_threshold;classifier_target_not_met,14.85,0.0066416263580322,1.66,2.0
AUC,7,aligned,2,202,MCCE,native,MCCE_native,1,OK,15.375,0.020702838897705,1.765,2.0
AUC,7,aligned,2,202,MCCE,bounded,MCCE_bounded,1,OK,15.375,0.020702838897705,1.765,2.0
AUC,7,aligned,2,202,MCCE,bounded+edit,MCCE_bounded+edit,1,OK,15.375,0.020702838897705,1.765,2.0
AUC,7,aligned,2,204,NICE,native,NICE_native,0,below_policy_threshold;immutable_changed:Test_2,11.05,0.0040719509124755,0.93,1.0
AUC,7,aligned,2,204,NICE,bounded,NICE_bounded,0,below_policy_threshold;classifier_target_not_met,10.3,0.0040719509124755,0.93,1.0
AUC,7,aligned,2,204,NICE,bounded+edit,NICE_bounded+edit,1,OK,15.3,0.0040719509124755,1.93,2.0
AUC,7,aligned,2,204,MCCE,native,MCCE_native,0,no_candidate,,0.0141046047210693,,
AUC,7,aligned,2,204,MCCE,bounded,MCCE_bounded,0,no_candidate,,0.0141046047210693,,
AUC,7,aligned,2,204,MCCE,bounded+edit,MCCE_bounded+edit,0,no_candidate,,0.0141046047210693,,
AUC,7,aligned,2,209,NICE,native,NICE_native,0,below_policy_threshold;immutable_changed:Test_1;immutable_changed:Test_2,10.725,0.0054574012756347,0.85,1.0
AUC,7,aligned,2,209,NICE,bounded,NICE_bounded,0,below_policy_threshold;classifier_target_not_met,8.675,0.0054574012756347,0.85,1.0
AUC,7,aligned,2,209,NICE,bounded+edit,NICE_bounded+edit,0,below_policy_threshold;classifier_target_not_met,8.675,0.0054574012756347,0.85,1.0
AUC,7,aligned,2,209,MCCE,native,MCCE_native,0,no_candidate,,0.0143260955810546,,
AUC,7,aligned,2,209,MCCE,bounded,MCCE_bounded,0,no_candidate,,0.0143260955810546,,
AUC,7,aligned,2,209,MCCE,bounded+edit,MCCE_bounded+edit,0,no_candidate,,0.0143260955810546,,
AUC,7,aligned,2,220,NICE,native,NICE_native,0,below_policy_threshold;immutable_changed:Test_2,15.0,0.0055360794067382,1.67,2.0
AUC,7,aligned,2,220,NICE,bounded,NICE_bounded,0,below_policy_threshold;classifier_target_not_met,14.650000000000002,0.0055360794067382,1.67,2.0
AUC,7,aligned,2,220,NICE,bounded+edit,NICE_bounded+edit,0,below_policy_threshold;classifier_target_not_met,14.650000000000002,0.0055360794067382,1.67,2.0
AUC,7,aligned,2,220,MCCE,native,MCCE_native,1,OK,15.25,0.0222475528717041,1.886205237840727,3.0
AUC,7,aligned,2,220,MCCE,bounded,MCCE_bounded,1,OK,15.25,0.0222475528717041,1.886205237840727,3.0
AUC,7,aligned,2,220,MCCE,bounded+edit,MCCE_bounded+edit,1,OK,15.25,0.0222475528717041,1.886205237840727,3.0
AUC,7,aligned,2,221,NICE,native,NICE_native,0,below_policy_threshold;immutable_changed:Test_2,11.25,0.0041086673736572,0.93,1.0
AUC,7,aligned,2,221,NICE,bounded,NICE_bounded,0,below_policy_threshold;classifier_target_not_met,10.5,0.0041086673736572,0.93,1.0
AUC,7,aligned,2,221,NICE,bounded+edit,NICE_bounded+edit,1,OK,15.5,0.0041086673736572,1.93,2.0
AUC,7,aligned,2,221,MCCE,native,MCCE_native,0,below_policy_threshold,14.85,0.0199742317199707,2.497954271961493,3.0
AUC,7,aligned,2,221,MCCE,bounded,MCCE_bounded,0,below_policy_threshold,14.85,0.0199742317199707,2.497954271961493,3.0
AUC,7,aligned,2,221,MCCE,bounded+edit,MCCE_bounded+edit,0,below_policy_threshold,14.85,0.0199742317199707,2.497954271961493,3.0
AUC,7,aligned,2,232,NICE,native,NICE_native,0,below_policy_threshold;immutable_changed:Test_1,13.95,0.0054066181182861,1.7400000000000002,2.0
AUC,7,aligned,2,232,NICE,bounded,NICE_bounded,0,below_policy_threshold;classifier_target_not_met,13.075,0.0054066181182861,1.7400000000000002,2.0
AUC,7,aligned,2,232,NICE,bounded+edit,NICE_bounded+edit,0,below_policy_threshold;classifier_target_not_met,13.075,0.0054066181182861,1.7400000000000002,2.0
AUC,7,aligned,2,232,MCCE,native,MCCE_native,0,no_candidate,,0.015639305114746,,
AUC,7,aligned,2,232,MCCE,bounded,MCCE_bounded,0,no_candidate,,0.015639305114746,,
AUC,7,aligned,2,232,MCCE,bounded+edit,MCCE_bounded+edit,0,no_candidate,,0.015639305114746,,
AUC,7,aligned,2,235,NICE,native,NICE_native,0,immutable_changed:Test_2,15.05,0.0053632259368896,1.66,2.0
AUC,7,aligned,2,235,NICE,bounded,NICE_bounded,0,below_policy_threshold;classifier_target_not_met,10.55,0.0053632259368896,1.66,2.0
AUC,7,aligned,2,235,NICE,bounded+edit,NICE_bounded+edit,0,below_policy_threshold;classifier_target_not_met,10.55,0.0053632259368896,1.66,2.0
AUC,7,aligned,2,235,MCCE,native,MCCE_native,0,no_candidate,,0.0149405002593994,,
AUC,7,aligned,2,235,MCCE,bounded,MCCE_bounded,0,no_candidate,,0.0149405002593994,,
AUC,7,aligned,2,235,MCCE,bounded+edit,MCCE_bounded+edit,0,no_candidate,,0.0149405002593994,,
AUC,7,aligned,2,252,NICE,native,NICE_native,0,below_policy_threshold;immutable_changed:Test_2,11.0,0.0041711330413818,0.85,1.0
AUC,7,aligned,2,252,NICE,bounded,NICE_bounded,0,below_policy_threshold;classifier_target_not_met,10.65,0.0041711330413818,0.85,1.0
AUC,7,aligned,2,252,NICE,bounded+edit,NICE_bounded+edit,1,OK,15.094444444444443,0.0041711330413818,1.738888888888889,2.0
AUC,7,aligned,2,252,MCCE,native,MCCE_native,1,OK,15.35,0.0226180553436279,1.79,2.0
AUC,7,aligned,2,252,MCCE,bounded,MCCE_bounded,1,OK,15.35,0.0226180553436279,1.79,2.0
AUC,7,aligned,2,252,MCCE,bounded+edit,MCCE_bounded+edit,1,OK,15.35,0.0226180553436279,1.79,2.0
AUC,7,aligned,2,256,NICE,native,NICE_native,0,below_policy_threshold;immutable_changed:Test_1;immutable_changed:Test_2,10.725,0.0056314468383789,0.85,1.0
AUC,7,aligned,2,256,NICE,bounded,NICE_bounded,0,below_policy_threshold;classifier_target_not_met,8.125,0.0056314468383789,0.85,1.0
AUC,7,aligned,2,256,NICE,bounded+edit,NICE_bounded+edit,0,below_policy_threshold;classifier_target_not_met,8.125,0.0056314468383789,0.85,1.0
AUC,7,aligned,2,256,MCCE,native,MCCE_native,0,no_candidate,,0.0138709545135498,,
AUC,7,aligned,2,256,MCCE,bounded,MCCE_bounded,0,no_candidate,,0.0138709545135498,,
AUC,7,aligned,2,256,MCCE,bounded+edit,MCCE_bounded+edit,0,no_candidate,,0.0138709545135498,,
AUC,7,aligned,2,291,NICE,native,NICE_native,0,immutable_changed:Test_2,15.175,0.0054800510406494,1.66,2.0
AUC,7,aligned,2,291,NICE,bounded,NICE_bounded,0,below_policy_threshold;classifier_target_not_met,14.575,0.0054800510406494,1.66,2.0
AUC,7,aligned,2,291,NICE,bounded+edit,NICE_bounded+edit,0,below_policy_threshold;classifier_target_not_met,14.575,0.0054800510406494,1.66,2.0
AUC,7,aligned,2,291,MCCE,native,MCCE_native,0,no_candidate,,0.0136356353759765,,
AUC,7,aligned,2,291,MCCE,bounded,MCCE_bounded,0,no_candidate,,0.0136356353759765,,
AUC,7,aligned,2,291,MCCE,bounded+edit,MCCE_bounded+edit,0,no_candidate,,0.0136356353759765,,
AUC,7,aligned,2,297,NICE,native,NICE_native,0,below_policy_threshold;immutable_changed:Test_1;immutable_changed:Test_2,10.725,0.0053906440734863,0.85,1.0
AUC,7,aligned,2,297,NICE,bounded,NICE_bounded,0,below_policy_threshold;classifier_target_not_met,9.45,0.0053906440734863,0.85,1.0
AUC,7,aligned,2,297,NICE,bounded+edit,NICE_bounded+edit,0,below_policy_threshold;classifier_target_not_met,9.45,0.0053906440734863,0.85,1.0
AUC,7,aligned,2,297,MCCE,native,MCCE_native,0,no_candidate,,0.0138220787048339,,
AUC,7,aligned,2,297,MCCE,bounded,MCCE_bounded,0,no_candidate,,0.0138220787048339,,
AUC,7,aligned,2,297,MCCE,bounded+edit,MCCE_bounded+edit,0,no_candidate,,0.0138220787048339,,
AUC,7,aligned,2,320,NICE,native,NICE_native,0,immutable_changed:Test_2,15.15,0.0054340362548828,1.7400000000000002,2.0
AUC,7,aligned,2,320,NICE,bounded,NICE_bounded,0,below_policy_threshold;classifier_target_not_met,14.15,0.0054340362548828,1.7400000000000002,2.0
AUC,7,aligned,2,320,NICE,bounded+edit,NICE_bounded+edit,0,below_policy_threshold;classifier_target_not_met,14.15,0.0054340362548828,1.7400000000000002,2.0
AUC,7,aligned,2,320,MCCE,native,MCCE_native,0,below_policy_threshold;out_of_bounds:sum_click,14.8,0.0181407928466796,2.1218891687657435,3.0
AUC,7,aligned,2,320,MCCE,bounded,MCCE_bounded,0,no_candidate,,0.0181407928466796,,
AUC,7,aligned,2,320,MCCE,bounded+edit,MCCE_bounded+edit,0,no_candidate,,0.0181407928466796,,
AUC,7,aligned,2,339,NICE,native,NICE_native,0,below_policy_threshold;immutable_changed:Test_1;immutable_changed:Test_2,11.025,0.005505084991455,0.85,1.0
AUC,7,aligned,2,339,NICE,bounded,NICE_bounded,0,below_policy_threshold;classifier_target_not_met,10.125,0.005505084991455,0.85,1.0
AUC,7,aligned,2,339,NICE,bounded+edit,NICE_bounded+edit,0,classifier_target_not_met,15.125,0.005505084991455,1.85,2.0
AUC,7,aligned,2,339,MCCE,native,MCCE_native,0,below_policy_threshold,14.875,0.0206232070922851,2.574995430451472,3.0
AUC,7,aligned,2,339,MCCE,bounded,MCCE_bounded,0,below_policy_threshold,14.875,0.0206232070922851,2.574995430451472,3.0
AUC,7,aligned,2,339,MCCE,bounded+edit,MCCE_bounded+edit,0,below_policy_threshold,14.875,0.0206232070922851,2.574995430451472,3.0
AUC,7,aligned,2,343,NICE,native,NICE_native,0,below_policy_threshold;immutable_changed:Test_2,14.975,0.0057742595672607,1.66,2.0
AUC,7,aligned,2,343,NICE,bounded,NICE_bounded,0,below_policy_threshold;classifier_target_not_met,14.375,0.0057742595672607,1.66,2.0
AUC,7,aligned,2,343,NICE,bounded+edit,NICE_bounded+edit,0,below_policy_threshold;classifier_target_not_met,14.375,0.0057742595672607,1.66,2.0
AUC,7,aligned,2,343,MCCE,native,MCCE_native,0,below_policy_threshold,14.925,0.0214192867279052,1.8015357931251967,3.0
AUC,7,aligned,2,343,MCCE,bounded,MCCE_bounded,0,below_policy_threshold,14.925,0.0214192867279052,1.8015357931251967,3.0
AUC,7,aligned,2,343,MCCE,bounded+edit,MCCE_bounded+edit,0,below_policy_threshold,14.925,0.0214192867279052,1.8015357931251967,3.0
AUC,7,aligned,2,352,NICE,native,NICE_native,0,below_policy_threshold;immutable_changed:Test_2,14.8,0.0056879520416259,1.7199999999999998,2.0
AUC,7,aligned,2,352,NICE,bounded,NICE_bounded,0,below_policy_threshold;classifier_target_not_met,13.85,0.0056879520416259,1.7199999999999998,2.0
AUC,7,aligned,2,352,NICE,bounded+edit,NICE_bounded+edit,0,below_policy_threshold;classifier_target_not_met,13.85,0.0056879520416259,1.7199999999999998,2.0
AUC,7,aligned,2,352,MCCE,native,MCCE_native,0,below_policy_threshold;out_of_bounds:sum_click,14.65,0.0226109027862548,12.261679389313048,3.0
AUC,7,aligned,2,352,MCCE,bounded,MCCE_bounded,0,no_candidate,,0.0226109027862548,,
AUC,7,aligned,2,352,MCCE,bounded+edit,MCCE_bounded+edit,0,no_candidate,,0.0226109027862548,,
AUC,7,aligned,2,360,NICE,native,NICE_native,0,immutable_changed:Test_2,15.025,0.005481481552124,1.65,2.0
AUC,7,aligned,2,360,NICE,bounded,NICE_bounded,0,below_policy_threshold;classifier_target_not_met,10.475,0.005481481552124,1.65,2.0
AUC,7,aligned,2,360,NICE,bounded+edit,NICE_bounded+edit,0,below_policy_threshold;classifier_target_not_met,10.475,0.005481481552124,1.65,2.0
AUC,7,aligned,2,360,MCCE,native,MCCE_native,0,no_candidate,,0.0172760486602783,,
AUC,7,aligned,2,360,MCCE,bounded,MCCE_bounded,0,no_candidate,,0.0172760486602783,,
AUC,7,aligned,2,360,MCCE,bounded+edit,MCCE_bounded+edit,0,no_candidate,,0.0172760486602783,,
AUC,7,aligned,2,376,NICE,native,NICE_native,0,below_policy_threshold,14.85,0.0041980743408203,1.7199999999999998,2.0
AUC,7,aligned,2,376,NICE,bounded,NICE_bounded,0,below_policy_threshold,14.85,0.0041980743408203,1.7199999999999998,2.0
AUC,7,aligned,2,376,NICE,bounded+edit,NICE_bounded+edit,0,below_policy_threshold,14.85,0.0041980743408203,1.7199999999999998,2.0
AUC,7,aligned,2,376,MCCE,native,MCCE_native,0,below_policy_threshold,14.95,0.0356190204620361,1.74,2.0
AUC,7,aligned,2,376,MCCE,bounded,MCCE_bounded,0,below_policy_threshold,14.95,0.0356190204620361,1.74,2.0
AUC,7,aligned,2,376,MCCE,bounded+edit,MCCE_bounded+edit,0,below_policy_threshold,14.95,0.0356190204620361,1.74,2.0
AUC,7,aligned,2,379,NICE,native,NICE_native,0,below_policy_threshold;immutable_changed:Test_1;immutable_changed:Test_2,10.725,0.0054473876953125,0.85,1.0
AUC,7,aligned,2,379,NICE,bounded,NICE_bounded,0,below_policy_threshold;classifier_target_not_met,7.0,0.0054473876953125,0.85,1.0
AUC,7,aligned,2,379,NICE,bounded+edit,NICE_bounded+edit,0,below_policy_threshold;classifier_target_not_met,7.0,0.0054473876953125,0.85,1.0
AUC,7,aligned,2,379,MCCE,native,MCCE_native,0,no_candidate,,0.0140736103057861,,
AUC,7,aligned,2,379,MCCE,bounded,MCCE_bounded,0,no_candidate,,0.0140736103057861,,
AUC,7,aligned,2,379,MCCE,bounded+edit,MCCE_bounded+edit,0,no_candidate,,0.0140736103057861,,
AUC,7,aligned,2,382,NICE,native,NICE_native,0,below_policy_threshold;immutable_changed:Test_2,15.0,0.0054326057434082,1.66,2.0
AUC,7,aligned,2,382,NICE,bounded,NICE_bounded,0,below_policy_threshold;classifier_target_not_met,12.4,0.0054326057434082,1.66,2.0
AUC,7,aligned,2,382,NICE,bounded+edit,NICE_bounded+edit,0,below_policy_threshold;classifier_target_not_met,12.4,0.0054326057434082,1.66,2.0
AUC,7,aligned,2,382,MCCE,native,MCCE_native,0,no_candidate,,0.0140519142150878,,
AUC,7,aligned,2,382,MCCE,bounded,MCCE_bounded,0,no_candidate,,0.0140519142150878,,
AUC,7,aligned,2,382,MCCE,bounded+edit,MCCE_bounded+edit,0,no_candidate,,0.0140519142150878,,
AUC,7,aligned,2,384,NICE,native,NICE_native,0,below_policy_threshold;immutable_changed:Test_2,14.825,0.0056433677673339,1.67,2.0
AUC,7,aligned,2,384,NICE,bounded,NICE_bounded,0,below_policy_threshold;classifier_target_not_met,10.325,0.0056433677673339,1.67,2.0
AUC,7,aligned,2,384,NICE,bounded+edit,NICE_bounded+edit,0,below_policy_threshold;classifier_target_not_met,10.325,0.0056433677673339,1.67,2.0
AUC,7,aligned,2,384,MCCE,native,MCCE_native,0,no_candidate,,0.0139532089233398,,
AUC,7,aligned,2,384,MCCE,bounded,MCCE_bounded,0,no_candidate,,0.0139532089233398,,
AUC,7,aligned,2,384,MCCE,bounded+edit,MCCE_bounded+edit,0,no_candidate,,0.0139532089233398,,
AUC,7,aligned,2,385,NICE,native,NICE_native,0,below_policy_threshold;immutable_changed:Test_1;immutable_changed:Test_2,11.025,0.0055787563323974,0.85,1.0
AUC,7,aligned,2,385,NICE,bounded,NICE_bounded,0,below_policy_threshold;classifier_target_not_met,4.25,0.0055787563323974,0.85,1.0
AUC,7,aligned,2,385,NICE,bounded+edit,NICE_bounded+edit,0,below_policy_threshold;classifier_target_not_met,4.25,0.0055787563323974,0.85,1.0
AUC,7,aligned,2,385,MCCE,native,MCCE_native,0,no_candidate,,0.0140678882598876,,
AUC,7,aligned,2,385,MCCE,bounded,MCCE_bounded,0,no_candidate,,0.0140678882598876,,
AUC,7,aligned,2,385,MCCE,bounded+edit,MCCE_bounded+edit,0,no_candidate,,0.0140678882598876,,
AUC,7,aligned,2,392,NICE,native,NICE_native,0,below_policy_threshold;immutable_changed:Test_1;immutable_changed:Test_2,11.025,0.0057084560394287,0.85,1.0
AUC,7,aligned,2,392,NICE,bounded,NICE_bounded,0,below_policy_threshold;classifier_target_not_met,9.25,0.0057084560394287,0.85,1.0
AUC,7,aligned,2,392,NICE,bounded+edit,NICE_bounded+edit,0,below_policy_threshold;classifier_target_not_met,9.25,0.0057084560394287,0.85,1.0
AUC,7,aligned,2,392,MCCE,native,MCCE_native,0,no_candidate,,0.0138165950775146,,
AUC,7,aligned,2,392,MCCE,bounded,MCCE_bounded,0,no_candidate,,0.0138165950775146,,
AUC,7,aligned,2,392,MCCE,bounded+edit,MCCE_bounded+edit,0,no_candidate,,0.0138165950775146,,
AUC,7,aligned,2,395,NICE,native,NICE_native,0,below_policy_threshold,14.95,0.0042426586151123,1.67,2.0
AUC,7,aligned,2,395,NICE,bounded,NICE_bounded,0,below_policy_threshold,14.95,0.0042426586151123,1.67,2.0
AUC,7,aligned,2,395,NICE,bounded+edit,NICE_bounded+edit,0,below_policy_threshold,14.95,0.0042426586151123,1.67,2.0
AUC,7,aligned,2,395,MCCE,native,MCCE_native,0,below_policy_threshold,14.85,0.0199642181396484,2.3193086745926905,3.0
AUC,7,aligned,2,395,MCCE,bounded,MCCE_bounded,0,below_policy_threshold,14.85,0.0199642181396484,2.3193086745926905,3.0
AUC,7,aligned,2,395,MCCE,bounded+edit,MCCE_bounded+edit,0,below_policy_threshold,14.85,0.0199642181396484,2.3193086745926905,3.0
AUC,7,aligned,2,401,NICE,native,NICE_native,0,below_policy_threshold;immutable_changed:Test_1;immutable_changed:Test_2,11.025,0.0054481029510498,0.85,1.0
AUC,7,aligned,2,401,NICE,bounded,NICE_bounded,0,below_policy_threshold;classifier_target_not_met,6.75,0.0054481029510498,0.85,1.0
AUC,7,aligned,2,401,NICE,bounded+edit,NICE_bounded+edit,0,below_policy_threshold;classifier_target_not_met,6.75,0.0054481029510498,0.85,1.0
AUC,7,aligned,2,401,MCCE,native,MCCE_native,0,no_candidate,,0.0136365890502929,,
AUC,7,aligned,2,401,MCCE,bounded,MCCE_bounded,0,no_candidate,,0.0136365890502929,,
AUC,7,aligned,2,401,MCCE,bounded+edit,MCCE_bounded+edit,0,no_candidate,,0.0136365890502929,,
AUC,7,aligned,2,411,NICE,native,NICE_native,0,below_policy_threshold,11.35,0.0041811466217041,1.8,2.0
AUC,7,aligned,2,411,NICE,bounded,NICE_bounded,0,below_policy_threshold,11.35,0.0041811466217041,1.8,2.0
AUC,7,aligned,2,411,NICE,bounded+edit,NICE_bounded+edit,0,below_policy_threshold,11.35,0.0041811466217041,1.8,2.0
AUC,7,aligned,2,411,MCCE,native,MCCE_native,0,no_candidate,,0.013629674911499,,
AUC,7,aligned,2,411,MCCE,bounded,MCCE_bounded,0,no_candidate,,0.013629674911499,,
AUC,7,aligned,2,411,MCCE,bounded+edit,MCCE_bounded+edit,0,no_candidate,,0.013629674911499,,
AUC,7,aligned,2,417,NICE,native,NICE_native,0,below_policy_threshold;immutable_changed:Test_1;immutable_changed:Test_2,11.025,0.0055959224700927,0.85,1.0
AUC,7,aligned,2,417,NICE,bounded,NICE_bounded,0,below_policy_threshold;classifier_target_not_met,4.25,0.0055959224700927,0.85,1.0
AUC,7,aligned,2,417,NICE,bounded+edit,NICE_bounded+edit,0,below_policy_threshold;classifier_target_not_met,4.25,0.0055959224700927,0.85,1.0
AUC,7,aligned,2,417,MCCE,native,MCCE_native,0,no_candidate,,0.0136396884918212,,
AUC,7,aligned,2,417,MCCE,bounded,MCCE_bounded,0,no_candidate,,0.0136396884918212,,
AUC,7,aligned,2,417,MCCE,bounded+edit,MCCE_bounded+edit,0,no_candidate,,0.0136396884918212,,
AUC,7,aligned,2,429,NICE,native,NICE_native,0,below_policy_threshold,14.35,0.004122257232666,1.7400000000000002,2.0
AUC,7,aligned,2,429,NICE,bounded,NICE_bounded,0,below_policy_threshold,14.35,0.004122257232666,1.7400000000000002,2.0
AUC,7,aligned,2,429,NICE,bounded+edit,NICE_bounded+edit,0,below_policy_threshold,14.35,0.004122257232666,1.7400000000000002,2.0
AUC,7,aligned,2,429,MCCE,native,MCCE_native,0,below_policy_threshold,14.8,0.020336627960205,1.837015082427219,3.0
AUC,7,aligned,2,429,MCCE,bounded,MCCE_bounded,0,below_policy_threshold,14.8,0.020336627960205,1.837015082427219,3.0
AUC,7,aligned,2,429,MCCE,bounded+edit,MCCE_bounded+edit,0,below_policy_threshold,14.8,0.020336627960205,1.837015082427219,3.0
AUC,7,aligned,2,437,NICE,native,NICE_native,0,below_policy_threshold;immutable_changed:Test_1;immutable_changed:Test_2,10.725,0.0054912567138671,0.85,1.0
AUC,7,aligned,2,437,NICE,bounded,NICE_bounded,0,below_policy_threshold;classifier_target_not_met,5.75,0.0054912567138671,0.85,1.0
AUC,7,aligned,2,437,NICE,bounded+edit,NICE_bounded+edit,0,below_policy_threshold;classifier_target_not_met,5.75,0.0054912567138671,0.85,1.0
AUC,7,aligned,2,437,MCCE,native,MCCE_native,0,no_candidate,,0.0137300491333007,,
AUC,7,aligned,2,437,MCCE,bounded,MCCE_bounded,0,no_candidate,,0.0137300491333007,,
AUC,7,aligned,2,437,MCCE,bounded+edit,MCCE_bounded+edit,0,no_candidate,,0.0137300491333007,,
AUC,7,aligned,2,439,NICE,native,NICE_native,0,below_policy_threshold;immutable_changed:Test_2,10.8,0.0050909519195556,0.85,1.0
AUC,7,aligned,2,439,NICE,bounded,NICE_bounded,0,below_policy_threshold;classifier_target_not_met,10.35,0.0050909519195556,0.85,1.0
AUC,7,aligned,2,439,NICE,bounded+edit,NICE_bounded+edit,1,OK,15.35,0.0050909519195556,1.85,2.0
AUC,7,aligned,2,439,MCCE,native,MCCE_native,0,no_candidate,,0.0144691467285156,,
AUC,7,aligned,2,439,MCCE,bounded,MCCE_bounded,0,no_candidate,,0.0144691467285156,,
AUC,7,aligned,2,439,MCCE,bounded+edit,MCCE_bounded+edit,0,no_candidate,,0.0144691467285156,,
AUC,7,aligned,2,445,NICE,native,NICE_native,0,below_policy_threshold;immutable_changed:Test_2,15.0,0.0055904388427734,1.73,2.0
AUC,7,aligned,2,445,NICE,bounded,NICE_bounded,0,below_policy_threshold;classifier_target_not_met,13.4,0.0055904388427734,1.73,2.0
AUC,7,aligned,2,445,NICE,bounded+edit,NICE_bounded+edit,0,below_policy_threshold;classifier_target_not_met,13.4,0.0055904388427734,1.73,2.0
AUC,7,aligned,2,445,MCCE,native,MCCE_native,0,no_candidate,,0.0143322944641113,,
AUC,7,aligned,2,445,MCCE,bounded,MCCE_bounded,0,no_candidate,,0.0143322944641113,,
AUC,7,aligned,2,445,MCCE,bounded+edit,MCCE_bounded+edit,0,no_candidate,,0.0143322944641113,,
AUC,7,aligned,2,452,NICE,native,NICE_native,0,immutable_changed:Test_2,15.05,0.0055251121520996,1.65,2.0
AUC,7,aligned,2,452,NICE,bounded,NICE_bounded,0,below_policy_threshold;classifier_target_not_met,14.85,0.0055251121520996,1.65,2.0
AUC,7,aligned,2,452,NICE,bounded+edit,NICE_bounded+edit,0,below_policy_threshold;classifier_target_not_met,14.85,0.0055251121520996,1.65,2.0
AUC,7,aligned,2,452,MCCE,native,MCCE_native,0,out_of_bounds:sum_click,15.1,0.0206818580627441,1.7046392948271865,3.0
AUC,7,aligned,2,452,MCCE,bounded,MCCE_bounded,1,OK,15.1,0.0206818580627441,1.7742287172349804,3.0
AUC,7,aligned,2,452,MCCE,bounded+edit,MCCE_bounded+edit,1,OK,15.1,0.0206818580627441,1.7742287172349804,3.0
AUC,7,aligned,2,464,NICE,native,NICE_native,0,below_policy_threshold;immutable_changed:Test_2,10.6,0.004274845123291,0.85,1.0
AUC,7,aligned,2,464,NICE,bounded,NICE_bounded,0,below_policy_threshold;classifier_target_not_met,10.25,0.004274845123291,0.85,1.0
AUC,7,aligned,2,464,NICE,bounded+edit,NICE_bounded+edit,1,OK,15.25,0.004274845123291,1.85,2.0
AUC,7,aligned,2,464,MCCE,native,MCCE_native,0,out_of_bounds:sum_click,15.35,0.0211756229400634,1.9149337227589305,3.0
AUC,7,aligned,2,464,MCCE,bounded,MCCE_bounded,1,OK,15.35,0.0211756229400634,2.0092945405526845,3.0
AUC,7,aligned,2,464,MCCE,bounded+edit,MCCE_bounded+edit,1,OK,15.35,0.0211756229400634,2.0092945405526845,3.0
AUC,7,aligned,2,479,NICE,native,NICE_native,0,below_policy_threshold;immutable_changed:Test_1;immutable_changed:Test_2,11.025,0.0059096813201904,0.85,1.0
AUC,7,aligned,2,479,NICE,bounded,NICE_bounded,0,below_policy_threshold;classifier_target_not_met,6.0,0.0059096813201904,0.85,1.0
AUC,7,aligned,2,479,NICE,bounded+edit,NICE_bounded+edit,0,below_policy_threshold;classifier_target_not_met,6.0,0.0059096813201904,0.85,1.0
AUC,7,aligned,2,479,MCCE,native,MCCE_native,0,no_candidate,,0.0159492492675781,,
AUC,7,aligned,2,479,MCCE,bounded,MCCE_bounded,0,no_candidate,,0.0159492492675781,,
AUC,7,aligned,2,479,MCCE,bounded+edit,MCCE_bounded+edit,0,no_candidate,,0.0159492492675781,,
AUC,7,aligned,2,496,NICE,native,NICE_native,0,below_policy_threshold,14.875,0.004112958908081,1.7400000000000002,2.0
AUC,7,aligned,2,496,NICE,bounded,NICE_bounded,0,below_policy_threshold,14.875,0.004112958908081,1.7400000000000002,2.0
AUC,7,aligned,2,496,NICE,bounded+edit,NICE_bounded+edit,0,below_policy_threshold,14.875,0.004112958908081,1.7400000000000002,2.0
AUC,7,aligned,2,496,MCCE,native,MCCE_native,0,below_policy_threshold;out_of_bounds:sum_click,14.925,0.0214598178863525,1.794593088071349,3.0
AUC,7,aligned,2,496,MCCE,bounded,MCCE_bounded,0,below_policy_threshold,14.925,0.0214598178863525,1.8986436269044968,3.0
AUC,7,aligned,2,496,MCCE,bounded+edit,MCCE_bounded+edit,0,below_policy_threshold,14.925,0.0214598178863525,1.8986436269044968,3.0
AUC,7,aligned,2,498,NICE,native,NICE_native,0,below_policy_threshold;immutable_changed:Test_1;immutable_changed:Test_2,11.025,0.0055747032165527,0.85,1.0
AUC,7,aligned,2,498,NICE,bounded,NICE_bounded,0,below_policy_threshold;classifier_target_not_met,10.1,0.0055747032165527,0.85,1.0
AUC,7,aligned,2,498,NICE,bounded+edit,NICE_bounded+edit,0,classifier_target_not_met,15.1,0.0055747032165527,1.85,2.0
AUC,7,aligned,2,498,MCCE,native,MCCE_native,0,below_policy_threshold,14.85,0.0200679302215576,2.035246400324477,3.0
AUC,7,aligned,2,498,MCCE,bounded,MCCE_bounded,0,below_policy_threshold,14.85,0.0200679302215576,2.035246400324477,3.0
AUC,7,aligned,2,498,MCCE,bounded+edit,MCCE_bounded+edit,0,below_policy_threshold,14.85,0.0200679302215576,2.035246400324477,3.0
AUC,7,aligned,2,501,NICE,native,NICE_native,0,immutable_changed:Test_1;immutable_changed:Test_2,15.15,0.0070331096649169,1.67,2.0
AUC,7,aligned,2,501,NICE,bounded,NICE_bounded,0,below_policy_threshold;classifier_target_not_met,8.35,0.0070331096649169,1.67,2.0
AUC,7,aligned,2,501,NICE,bounded+edit,NICE_bounded+edit,0,below_policy_threshold;classifier_target_not_met,8.35,0.0070331096649169,1.67,2.0
AUC,7,aligned,2,501,MCCE,native,MCCE_native,0,no_candidate,,0.0155177116394042,,
AUC,7,aligned,2,501,MCCE,bounded,MCCE_bounded,0,no_candidate,,0.0155177116394042,,
AUC,7,aligned,2,501,MCCE,bounded+edit,MCCE_bounded+edit,0,no_candidate,,0.0155177116394042,,
AUC,7,aligned,2,508,NICE,native,NICE_native,0,below_policy_threshold;immutable_changed:Test_1;immutable_changed:Test_2,11.025,0.0062727928161621,0.85,1.0
AUC,7,aligned,2,508,NICE,bounded,NICE_bounded,0,below_policy_threshold;classifier_target_not_met,8.375,0.0062727928161621,0.85,1.0
AUC,7,aligned,2,508,NICE,bounded+edit,NICE_bounded+edit,0,below_policy_threshold;classifier_target_not_met,8.375,0.0062727928161621,0.85,1.0
AUC,7,aligned,2,508,MCCE,native,MCCE_native,0,no_candidate,,0.0139415264129638,,
AUC,7,aligned,2,508,MCCE,bounded,MCCE_bounded,0,no_candidate,,0.0139415264129638,,
AUC,7,aligned,2,508,MCCE,bounded+edit,MCCE_bounded+edit,0,no_candidate,,0.0139415264129638,,
AUC,7,aligned,2,520,NICE,native,NICE_native,0,below_policy_threshold;immutable_changed:Test_2,10.6,0.0041689872741699,0.85,1.0
AUC,7,aligned,2,520,NICE,bounded,NICE_bounded,0,below_policy_threshold;classifier_target_not_met,6.0,0.0041689872741699,0.85,1.0
AUC,7,aligned,2,520,NICE,bounded+edit,NICE_bounded+edit,0,below_policy_threshold;classifier_target_not_met,6.0,0.0041689872741699,0.85,1.0
AUC,7,aligned,2,520,MCCE,native,MCCE_native,0,no_candidate,,0.0136101245880126,,
AUC,7,aligned,2,520,MCCE,bounded,MCCE_bounded,0,no_candidate,,0.0136101245880126,,
AUC,7,aligned,2,520,MCCE,bounded+edit,MCCE_bounded+edit,0,no_candidate,,0.0136101245880126,,
AUC,7,aligned,2,521,NICE,native,NICE_native,0,immutable_changed:Test_1;immutable_changed:Test_2,15.05,0.0069515705108642,1.66,2.0
AUC,7,aligned,2,521,NICE,bounded,NICE_bounded,0,below_policy_threshold;classifier_target_not_met,14.2,0.0069515705108642,1.66,2.0
AUC,7,aligned,2,521,NICE,bounded+edit,NICE_bounded+edit,0,below_policy_threshold;classifier_target_not_met,14.2,0.0069515705108642,1.66,2.0
AUC,7,aligned,2,521,MCCE,native,MCCE_native,0,below_policy_threshold,14.9,0.0204918384552001,2.223063800750597,3.0
AUC,7,aligned,2,521,MCCE,bounded,MCCE_bounded,0,below_policy_threshold,14.9,0.0204918384552001,2.223063800750597,3.0
AUC,7,aligned,2,521,MCCE,bounded+edit,MCCE_bounded+edit,0,below_policy_threshold,14.9,0.0204918384552001,2.223063800750597,3.0
AUC,7,aligned,2,542,NICE,native,NICE_native,0,below_policy_threshold;immutable_changed:Test_2,14.85,0.0056288242340087,1.67,2.0
AUC,7,aligned,2,542,NICE,bounded,NICE_bounded,0,below_policy_threshold;classifier_target_not_met,14.55,0.0056288242340087,1.67,2.0
AUC,7,aligned,2,542,NICE,bounded+edit,NICE_bounded+edit,0,below_policy_threshold;classifier_target_not_met,14.55,0.0056288242340087,1.67,2.0
AUC,7,aligned,2,542,MCCE,native,MCCE_native,1,OK,15.3,0.019974946975708,2.151164991129509,3.0
AUC,7,aligned,2,542,MCCE,bounded,MCCE_bounded,1,OK,15.3,0.019974946975708,2.151164991129509,3.0
AUC,7,aligned,2,542,MCCE,bounded+edit,MCCE_bounded+edit,1,OK,15.3,0.019974946975708,2.151164991129509,3.0
AUC,7,aligned,2,548,NICE,native,NICE_native,0,immutable_changed:Test_2,15.1,0.0053889751434326,1.7199999999999998,2.0
AUC,7,aligned,2,548,NICE,bounded,NICE_bounded,0,below_policy_threshold;classifier_target_not_met,14.55,0.0053889751434326,1.7199999999999998,2.0
AUC,7,aligned,2,548,NICE,bounded+edit,NICE_bounded+edit,0,below_policy_threshold;classifier_target_not_met,14.55,0.0053889751434326,1.7199999999999998,2.0
AUC,7,aligned,2,548,MCCE,native,MCCE_native,0,no_candidate,,0.012258768081665,,
AUC,7,aligned,2,548,MCCE,bounded,MCCE_bounded,0,no_candidate,,0.012258768081665,,
AUC,7,aligned,2,548,MCCE,bounded+edit,MCCE_bounded+edit,0,no_candidate,,0.012258768081665,,
AUC,7,aligned,2,549,NICE,native,NICE_native,0,below_policy_threshold;immutable_changed:Test_2,15.0,0.0056841373443603,1.73,2.0
AUC,7,aligned,2,549,NICE,bounded,NICE_bounded,0,below_policy_threshold;classifier_target_not_met,10.4,0.0056841373443603,1.73,2.0
AUC,7,aligned,2,549,NICE,bounded+edit,NICE_bounded+edit,0,below_policy_threshold;classifier_target_not_met,10.4,0.0056841373443603,1.73,2.0
AUC,7,aligned,2,549,MCCE,native,MCCE_native,0,no_candidate,,0.0143048763275146,,
AUC,7,aligned,2,549,MCCE,bounded,MCCE_bounded,0,no_candidate,,0.0143048763275146,,
AUC,7,aligned,2,549,MCCE,bounded+edit,MCCE_bounded+edit,0,no_candidate,,0.0143048763275146,,
AUC,7,aligned,2,551,NICE,native,NICE_native,0,immutable_changed:Test_1;immutable_changed:Test_2,15.05,0.0069010257720947,1.66,2.0
AUC,7,aligned,2,551,NICE,bounded,NICE_bounded,0,below_policy_threshold;classifier_target_not_met,14.225,0.0069010257720947,1.66,2.0
AUC,7,aligned,2,551,NICE,bounded+edit,NICE_bounded+edit,0,below_policy_threshold;classifier_target_not_met,14.225,0.0069010257720947,1.66,2.0
AUC,7,aligned,2,551,MCCE,native,MCCE_native,0,no_candidate,,0.0148661136627197,,
AUC,7,aligned,2,551,MCCE,bounded,MCCE_bounded,0,no_candidate,,0.0148661136627197,,
AUC,7,aligned,2,551,MCCE,bounded+edit,MCCE_bounded+edit,0,no_candidate,,0.0148661136627197,,
AUC,7,aligned,2,570,NICE,native,NICE_native,1,OK,15.475,0.0045201778411865,1.87,2.0
AUC,7,aligned,2,570,NICE,bounded,NICE_bounded,1,OK,15.475,0.0045201778411865,1.87,2.0
AUC,7,aligned,2,570,NICE,bounded+edit,NICE_bounded+edit,1,OK,15.475,0.0045201778411865,1.87,2.0
AUC,7,aligned,2,570,MCCE,native,MCCE_native,0,out_of_bounds:sum_click,15.475,0.0180628299713134,2.926651814131127,3.0
AUC,7,aligned,2,570,MCCE,bounded,MCCE_bounded,0,no_candidate,,0.0180628299713134,,
AUC,7,aligned,2,570,MCCE,bounded+edit,MCCE_bounded+edit,0,no_candidate,,0.0180628299713134,,
AUC,7,aligned,2,571,NICE,native,NICE_native,0,below_policy_threshold;immutable_changed:Test_1;immutable_changed:Test_2,11.025,0.0054256916046142,0.85,1.0
AUC,7,aligned,2,571,NICE,bounded,NICE_bounded,0,below_policy_threshold;classifier_target_not_met,8.15,0.0054256916046142,0.85,1.0
AUC,7,aligned,2,571,NICE,bounded+edit,NICE_bounded+edit,0,below_policy_threshold;classifier_target_not_met,8.15,0.0054256916046142,0.85,1.0
AUC,7,aligned,2,571,MCCE,native,MCCE_native,0,no_candidate,,0.0151302814483642,,
AUC,7,aligned,2,571,MCCE,bounded,MCCE_bounded,0,no_candidate,,0.0151302814483642,,
AUC,7,aligned,2,571,MCCE,bounded+edit,MCCE_bounded+edit,0,no_candidate,,0.0151302814483642,,
AUC,7,aligned,2,576,NICE,native,NICE_native,0,below_policy_threshold,14.8,0.004371166229248,1.81,2.0
AUC,7,aligned,2,576,NICE,bounded,NICE_bounded,0,below_policy_threshold,14.8,0.004371166229248,1.81,2.0
AUC,7,aligned,2,576,NICE,bounded+edit,NICE_bounded+edit,0,below_policy_threshold,14.8,0.004371166229248,1.81,2.0
AUC,7,aligned,2,576,MCCE,native,MCCE_native,0,no_candidate,,0.0147552490234375,,
AUC,7,aligned,2,576,MCCE,bounded,MCCE_bounded,0,no_candidate,,0.0147552490234375,,
AUC,7,aligned,2,576,MCCE,bounded+edit,MCCE_bounded+edit,0,no_candidate,,0.0147552490234375,,
AUC,7,aligned,2,578,NICE,native,NICE_native,1,OK,15.025,0.0044116973876953,1.7400000000000002,2.0
AUC,7,aligned,2,578,NICE,bounded,NICE_bounded,1,OK,15.025,0.0044116973876953,1.7400000000000002,2.0
AUC,7,aligned,2,578,NICE,bounded+edit,NICE_bounded+edit,1,OK,15.025,0.0044116973876953,1.7400000000000002,2.0
AUC,7,aligned,2,578,MCCE,native,MCCE_native,0,below_policy_threshold;out_of_bounds:sum_click,14.925,0.0219423770904541,1.7971659066994037,3.0
AUC,7,aligned,2,578,MCCE,bounded,MCCE_bounded,0,below_policy_threshold,14.975,0.0219423770904541,1.8492564012627148,3.0
AUC,7,aligned,2,578,MCCE,bounded+edit,MCCE_bounded+edit,0,below_policy_threshold,14.975,0.0219423770904541,1.8492564012627148,3.0
AUC,7,aligned,2,586,NICE,native,NICE_native,0,below_policy_threshold;immutable_changed:Test_1;immutable_changed:Test_2,11.025,0.005481481552124,0.85,1.0
AUC,7,aligned,2,586,NICE,bounded,NICE_bounded,0,below_policy_threshold;classifier_target_not_met,4.25,0.005481481552124,0.85,1.0
AUC,7,aligned,2,586,NICE,bounded+edit,NICE_bounded+edit,0,below_policy_threshold;classifier_target_not_met,4.25,0.005481481552124,0.85,1.0
AUC,7,aligned,2,586,MCCE,native,MCCE_native,0,no_candidate,,0.0142381191253662,,
AUC,7,aligned,2,586,MCCE,bounded,MCCE_bounded,0,no_candidate,,0.0142381191253662,,
AUC,7,aligned,2,586,MCCE,bounded+edit,MCCE_bounded+edit,0,no_candidate,,0.0142381191253662,,
AUC,7,aligned,2,589,NICE,native,NICE_native,0,below_policy_threshold;immutable_changed:Test_1;immutable_changed:Test_2,11.025,0.0058636665344238,0.85,1.0
AUC,7,aligned,2,589,NICE,bounded,NICE_bounded,0,below_policy_threshold;classifier_target_not_met,9.25,0.0058636665344238,0.85,1.0
AUC,7,aligned,2,589,NICE,bounded+edit,NICE_bounded+edit,0,below_policy_threshold;classifier_target_not_met,9.25,0.0058636665344238,0.85,1.0
AUC,7,aligned,2,589,MCCE,native,MCCE_native,0,no_candidate,,0.0153541564941406,,
AUC,7,aligned,2,589,MCCE,bounded,MCCE_bounded,0,no_candidate,,0.0153541564941406,,
AUC,7,aligned,2,589,MCCE,bounded+edit,MCCE_bounded+edit,0,no_candidate,,0.0153541564941406,,
AUC,7,aligned,2,594,NICE,native,NICE_native,0,below_policy_threshold;immutable_changed:Test_2,11.15,0.0043959617614746,0.85,1.0
AUC,7,aligned,2,594,NICE,bounded,NICE_bounded,0,below_policy_threshold;classifier_target_not_met,10.85,0.0043959617614746,0.85,1.0
AUC,7,aligned,2,594,NICE,bounded+edit,NICE_bounded+edit,1,OK,15.294444444444444,0.0043959617614746,1.738888888888889,2.0
AUC,7,aligned,2,594,MCCE,native,MCCE_native,1,OK,15.55,0.0213065147399902,1.8718553888130969,3.0
AUC,7,aligned,2,594,MCCE,bounded,MCCE_bounded,1,OK,15.55,0.0213065147399902,1.8718553888130969,3.0
AUC,7,aligned,2,594,MCCE,bounded+edit,MCCE_bounded+edit,1,OK,15.55,0.0213065147399902,1.8718553888130969,3.0
AUC,7,aligned,2,603,NICE,native,NICE_native,0,immutable_changed:Test_1,15.05,0.0055732727050781,1.66,2.0
AUC,7,aligned,2,603,NICE,bounded,NICE_bounded,0,below_policy_threshold;classifier_target_not_met,14.925,0.0055732727050781,1.66,2.0
AUC,7,aligned,2,603,NICE,bounded+edit,NICE_bounded+edit,0,below_policy_threshold;classifier_target_not_met,14.925,0.0055732727050781,1.66,2.0
AUC,7,aligned,2,603,MCCE,native,MCCE_native,0,below_policy_threshold;out_of_bounds:sum_click,14.875,0.0207526683807373,1.7503473562331149,3.0
AUC,7,aligned,2,603,MCCE,bounded,MCCE_bounded,0,below_policy_threshold,14.875,0.0207526683807373,2.36015052103435,3.0
AUC,7,aligned,2,603,MCCE,bounded+edit,MCCE_bounded+edit,0,below_policy_threshold,14.875,0.0207526683807373,2.36015052103435,3.0
AUC,7,aligned,2,610,NICE,native,NICE_native,0,below_policy_threshold;immutable_changed:Test_2,11.175,0.0042366981506347,0.85,1.0
AUC,7,aligned,2,610,NICE,bounded,NICE_bounded,0,below_policy_threshold;classifier_target_not_met,6.675,0.0042366981506347,0.85,1.0
AUC,7,aligned,2,610,NICE,bounded+edit,NICE_bounded+edit,0,below_policy_threshold;classifier_target_not_met,6.675,0.0042366981506347,0.85,1.0
AUC,7,aligned,2,610,MCCE,native,MCCE_native,0,no_candidate,,0.0143148899078369,,
AUC,7,aligned,2,610,MCCE,bounded,MCCE_bounded,0,no_candidate,,0.0143148899078369,,
AUC,7,aligned,2,610,MCCE,bounded+edit,MCCE_bounded+edit,0,no_candidate,,0.0143148899078369,,
AUC,7,aligned,2,624,NICE,native,NICE_native,0,below_policy_threshold;immutable_changed:Test_1;immutable_changed:Test_2,11.025,0.0057740211486816,0.85,1.0
AUC,7,aligned,2,624,NICE,bounded,NICE_bounded,0,below_policy_threshold;classifier_target_not_met,6.375,0.0057740211486816,0.85,1.0
AUC,7,aligned,2,624,NICE,bounded+edit,NICE_bounded+edit,0,below_policy_threshold;classifier_target_not_met,6.375,0.0057740211486816,0.85,1.0
AUC,7,aligned,2,624,MCCE,native,MCCE_native,0,no_candidate,,0.0138499736785888,,
AUC,7,aligned,2,624,MCCE,bounded,MCCE_bounded,0,no_candidate,,0.0138499736785888,,
AUC,7,aligned,2,624,MCCE,bounded+edit,MCCE_bounded+edit,0,no_candidate,,0.0138499736785888,,
AUC,7,aligned,2,627,NICE,native,NICE_native,0,immutable_changed:Test_2,15.2,0.0056493282318115,1.75,2.0
AUC,7,aligned,2,627,NICE,bounded,NICE_bounded,0,below_policy_threshold;classifier_target_not_met,14.85,0.0056493282318115,1.75,2.0
AUC,7,aligned,2,627,NICE,bounded+edit,NICE_bounded+edit,0,below_policy_threshold;classifier_target_not_met,14.85,0.0056493282318115,1.75,2.0
AUC,7,aligned,2,627,MCCE,native,MCCE_native,0,no_candidate,,0.014780044555664,,
AUC,7,aligned,2,627,MCCE,bounded,MCCE_bounded,0,no_candidate,,0.014780044555664,,
AUC,7,aligned,2,627,MCCE,bounded+edit,MCCE_bounded+edit,0,no_candidate,,0.014780044555664,,
AUC,7,aligned,2,629,NICE,native,NICE_native,0,below_policy_threshold;immutable_changed:Test_1,14.725,0.0055944919586181,1.81,2.0
AUC,7,aligned,2,629,NICE,bounded,NICE_bounded,0,below_policy_threshold;classifier_target_not_met,14.3,0.0055944919586181,1.81,2.0
AUC,7,aligned,2,629,NICE,bounded+edit,NICE_bounded+edit,0,below_policy_threshold;classifier_target_not_met,14.3,0.0055944919586181,1.81,2.0
AUC,7,aligned,2,629,MCCE,native,MCCE_native,0,below_policy_threshold,14.65,0.0207173824310302,1.936202328382176,3.0
AUC,7,aligned,2,629,MCCE,bounded,MCCE_bounded,0,below_policy_threshold,14.65,0.0207173824310302,1.936202328382176,3.0
AUC,7,aligned,2,629,MCCE,bounded+edit,MCCE_bounded+edit,0,below_policy_threshold,14.65,0.0207173824310302,1.936202328382176,3.0
AUC,7,aligned,2,636,NICE,native,NICE_native,0,immutable_changed:Test_1;immutable_changed:Test_2,15.05,0.0070180892944335,1.65,2.0
AUC,7,aligned,2,636,NICE,bounded,NICE_bounded,0,below_policy_threshold;classifier_target_not_met,10.375,0.0070180892944335,1.65,2.0
AUC,7,aligned,2,636,NICE,bounded+edit,NICE_bounded+edit,0,below_policy_threshold;classifier_target_not_met,10.375,0.0070180892944335,1.65,2.0
AUC,7,aligned,2,636,MCCE,native,MCCE_native,0,no_candidate,,0.0135681629180908,,
AUC,7,aligned,2,636,MCCE,bounded,MCCE_bounded,0,no_candidate,,0.0135681629180908,,
AUC,7,aligned,2,636,MCCE,bounded+edit,MCCE_bounded+edit,0,no_candidate,,0.0135681629180908,,
AUC,7,aligned,2,637,NICE,native,NICE_native,0,below_policy_threshold,11.45,0.004162311553955,1.8,2.0
AUC,7,aligned,2,637,NICE,bounded,NICE_bounded,0,below_policy_threshold,11.45,0.004162311553955,1.8,2.0
AUC,7,aligned,2,637,NICE,bounded+edit,NICE_bounded+edit,0,below_policy_threshold,11.45,0.004162311553955,1.8,2.0
AUC,7,aligned,2,637,MCCE,native,MCCE_native,0,no_candidate,,0.014054536819458,,
AUC,7,aligned,2,637,MCCE,bounded,MCCE_bounded,0,no_candidate,,0.014054536819458,,
AUC,7,aligned,2,637,MCCE,bounded+edit,MCCE_bounded+edit,0,no_candidate,,0.014054536819458,,
AUC,7,aligned,2,640,NICE,native,NICE_native,0,below_policy_threshold;immutable_changed:Test_2,15.0,0.0055651664733886,1.65,2.0
AUC,7,aligned,2,640,NICE,bounded,NICE_bounded,0,below_policy_threshold;classifier_target_not_met,14.85,0.0055651664733886,1.65,2.0
AUC,7,aligned,2,640,NICE,bounded+edit,NICE_bounded+edit,0,below_policy_threshold;classifier_target_not_met,14.85,0.0055651664733886,1.65,2.0
AUC,7,aligned,2,640,MCCE,native,MCCE_native,0,below_policy_threshold;out_of_bounds:sum_click,14.95,0.0209956169128417,1.712543134010872,3.0
AUC,7,aligned,2,640,MCCE,bounded,MCCE_bounded,0,below_policy_threshold,14.95,0.0209956169128417,1.811810446702907,3.0
AUC,7,aligned,2,640,MCCE,bounded+edit,MCCE_bounded+edit,0,below_policy_threshold,14.95,0.0209956169128417,1.811810446702907,3.0
AUC,7,aligned,2,646,NICE,native,NICE_native,0,immutable_changed:Test_2,15.05,0.0056328773498535,1.65,2.0
AUC,7,aligned,2,646,NICE,bounded,NICE_bounded,0,below_policy_threshold;classifier_target_not_met,10.5,0.0056328773498535,1.65,2.0
AUC,7,aligned,2,646,NICE,bounded+edit,NICE_bounded+edit,0,below_policy_threshold;classifier_target_not_met,10.5,0.0056328773498535,1.65,2.0
AUC,7,aligned,2,646,MCCE,native,MCCE_native,0,no_candidate,,0.0139029026031494,,
AUC,7,aligned,2,646,MCCE,bounded,MCCE_bounded,0,no_candidate,,0.0139029026031494,,
AUC,7,aligned,2,646,MCCE,bounded+edit,MCCE_bounded+edit,0,no_candidate,,0.0139029026031494,,
AUC,7,aligned,2,655,NICE,native,NICE_native,1,OK,15.025,0.0044021606445312,1.73,2.0
AUC,7,aligned,2,655,NICE,bounded,NICE_bounded,1,OK,15.025,0.0044021606445312,1.73,2.0
AUC,7,aligned,2,655,NICE,bounded+edit,NICE_bounded+edit,1,OK,15.025,0.0044021606445312,1.73,2.0
AUC,7,aligned,2,655,MCCE,native,MCCE_native,1,OK,15.225,0.0216665267944335,1.9218602885345484,3.0
AUC,7,aligned,2,655,MCCE,bounded,MCCE_bounded,1,OK,15.225,0.0216665267944335,1.9218602885345484,3.0
AUC,7,aligned,2,655,MCCE,bounded+edit,MCCE_bounded+edit,1,OK,15.225,0.0216665267944335,1.9218602885345484,3.0
AUC,7,aligned,2,657,NICE,native,NICE_native,0,below_policy_threshold;immutable_changed:Test_1;immutable_changed:Test_2,11.025,0.0054907798767089,0.85,1.0
AUC,7,aligned,2,657,NICE,bounded,NICE_bounded,0,below_policy_threshold;classifier_target_not_met,4.25,0.0054907798767089,0.85,1.0
AUC,7,aligned,2,657,NICE,bounded+edit,NICE_bounded+edit,0,below_policy_threshold;classifier_target_not_met,4.25,0.0054907798767089,0.85,1.0
AUC,7,aligned,2,657,MCCE,native,MCCE_native,0,no_candidate,,0.0139224529266357,,
AUC,7,aligned,2,657,MCCE,bounded,MCCE_bounded,0,no_candidate,,0.0139224529266357,,
AUC,7,aligned,2,657,MCCE,bounded+edit,MCCE_bounded+edit,0,no_candidate,,0.0139224529266357,,
AUC,7,aligned,2,661,NICE,native,NICE_native,0,below_policy_threshold;immutable_changed:Test_1;immutable_changed:Test_2,10.725,0.0055327415466308,0.85,1.0
AUC,7,aligned,2,661,NICE,bounded,NICE_bounded,0,below_policy_threshold;classifier_target_not_met,4.25,0.0055327415466308,0.85,1.0
AUC,7,aligned,2,661,NICE,bounded+edit,NICE_bounded+edit,0,below_policy_threshold;classifier_target_not_met,4.25,0.0055327415466308,0.85,1.0
AUC,7,aligned,2,661,MCCE,native,MCCE_native,0,no_candidate,,0.0145325660705566,,
AUC,7,aligned,2,661,MCCE,bounded,MCCE_bounded,0,no_candidate,,0.0145325660705566,,
AUC,7,aligned,2,661,MCCE,bounded+edit,MCCE_bounded+edit,0,no_candidate,,0.0145325660705566,,
AUC,7,aligned,2,666,NICE,native,NICE_native,0,below_policy_threshold;immutable_changed:Test_1,11.025,0.0041720867156982,0.85,1.0
AUC,7,aligned,2,666,NICE,bounded,NICE_bounded,0,below_policy_threshold;classifier_target_not_met,10.75,0.0041720867156982,0.85,1.0
AUC,7,aligned,2,666,NICE,bounded+edit,NICE_bounded+edit,1,OK,15.194444444444445,0.0041720867156982,1.738888888888889,2.0
AUC,7,aligned,2,666,MCCE,native,MCCE_native,1,OK,15.35,0.0202717781066894,1.8607200907200907,3.0
AUC,7,aligned,2,666,MCCE,bounded,MCCE_bounded,1,OK,15.35,0.0202717781066894,1.8607200907200907,3.0
AUC,7,aligned,2,666,MCCE,bounded+edit,MCCE_bounded+edit,1,OK,15.35,0.0202717781066894,1.8607200907200907,3.0
AUC,7,aligned,2,669,NICE,native,NICE_native,0,below_policy_threshold;immutable_changed:Test_2,11.125,0.0044577121734619,0.85,1.0
AUC,7,aligned,2,669,NICE,bounded,NICE_bounded,0,below_policy_threshold;classifier_target_not_met,6.625,0.0044577121734619,0.85,1.0
AUC,7,aligned,2,669,NICE,bounded+edit,NICE_bounded+edit,0,below_policy_threshold;classifier_target_not_met,6.625,0.0044577121734619,0.85,1.0
AUC,7,aligned,2,669,MCCE,native,MCCE_native,0,no_candidate,,0.0167458057403564,,
AUC,7,aligned,2,669,MCCE,bounded,MCCE_bounded,0,no_candidate,,0.0167458057403564,,
AUC,7,aligned,2,669,MCCE,bounded+edit,MCCE_bounded+edit,0,no_candidate,,0.0167458057403564,,
AUC,7,aligned,3,13,NICE,native,NICE_native,1,OK,15.125,0.0031540393829345,0.8,1.0
AUC,7,aligned,3,13,NICE,bounded,NICE_bounded,1,OK,15.125,0.0031540393829345,0.8,1.0
AUC,7,aligned,3,13,NICE,bounded+edit,NICE_bounded+edit,1,OK,15.125,0.0031540393829345,0.8,1.0
AUC,7,aligned,3,13,MCCE,native,MCCE_native,0,out_of_bounds:sum_click,15.625,0.0356831550598144,0.9924937744574884,2.0
AUC,7,aligned,3,13,MCCE,bounded,MCCE_bounded,1,OK,15.625,0.0356831550598144,1.2984347207399505,2.0
AUC,7,aligned,3,13,MCCE,bounded+edit,MCCE_bounded+edit,1,OK,15.625,0.0356831550598144,1.2984347207399505,2.0
AUC,7,aligned,3,46,NICE,native,NICE_native,0,below_policy_threshold;immutable_changed:Test_2,11.075,0.0044097900390625,0.85,1.0
AUC,7,aligned,3,46,NICE,bounded,NICE_bounded,0,below_policy_threshold;classifier_target_not_met,6.575,0.0044097900390625,0.85,1.0
AUC,7,aligned,3,46,NICE,bounded+edit,NICE_bounded+edit,0,below_policy_threshold;classifier_target_not_met,6.575,0.0044097900390625,0.85,1.0
AUC,7,aligned,3,46,MCCE,native,MCCE_native,0,no_candidate,,0.0122270584106445,,
AUC,7,aligned,3,46,MCCE,bounded,MCCE_bounded,0,no_candidate,,0.0122270584106445,,
AUC,7,aligned,3,46,MCCE,bounded+edit,MCCE_bounded+edit,0,no_candidate,,0.0122270584106445,,
AUC,7,aligned,3,53,NICE,native,NICE_native,0,below_policy_threshold;immutable_changed:Test_1;immutable_changed:Test_2,14.025,0.0055696964263916,0.85,1.0
AUC,7,aligned,3,53,NICE,bounded,NICE_bounded,0,below_policy_threshold;classifier_target_not_met,12.25,0.0055696964263916,0.85,1.0
AUC,7,aligned,3,53,NICE,bounded+edit,NICE_bounded+edit,0,below_policy_threshold;classifier_target_not_met,12.25,0.0055696964263916,0.85,1.0
AUC,7,aligned,3,53,MCCE,native,MCCE_native,0,no_candidate,,0.0121941566467285,,
AUC,7,aligned,3,53,MCCE,bounded,MCCE_bounded,0,no_candidate,,0.0121941566467285,,
AUC,7,aligned,3,53,MCCE,bounded+edit,MCCE_bounded+edit,0,no_candidate,,0.0121941566467285,,
AUC,7,aligned,3,54,NICE,native,NICE_native,0,immutable_changed:Test_2,15.025,0.0041577816009521,0.8,1.0
AUC,7,aligned,3,54,NICE,bounded,NICE_bounded,0,below_policy_threshold;classifier_target_not_met,14.825,0.0041577816009521,0.8,1.0
AUC,7,aligned,3,54,NICE,bounded+edit,NICE_bounded+edit,0,below_policy_threshold;classifier_target_not_met,14.825,0.0041577816009521,0.8,1.0
AUC,7,aligned,3,54,MCCE,native,MCCE_native,0,out_of_bounds:sum_click,15.075,0.0184996128082275,0.8807597662257767,2.0
AUC,7,aligned,3,54,MCCE,bounded,MCCE_bounded,1,OK,15.075,0.0184996128082275,0.9853429713934174,2.0
AUC,7,aligned,3,54,MCCE,bounded+edit,MCCE_bounded+edit,1,OK,15.075,0.0184996128082275,0.9853429713934174,2.0
AUC,7,aligned,3,55,NICE,native,NICE_native,0,below_policy_threshold;immutable_changed:Test_2,11.125,0.0041892528533935,0.85,1.0
AUC,7,aligned,3,55,NICE,bounded,NICE_bounded,0,below_policy_threshold;classifier_target_not_met,6.625,0.0041892528533935,0.85,1.0
AUC,7,aligned,3,55,NICE,bounded+edit,NICE_bounded+edit,0,below_policy_threshold;classifier_target_not_met,6.625,0.0041892528533935,0.85,1.0
AUC,7,aligned,3,55,MCCE,native,MCCE_native,0,no_candidate,,0.0119767189025878,,
AUC,7,aligned,3,55,MCCE,bounded,MCCE_bounded,0,no_candidate,,0.0119767189025878,,
AUC,7,aligned,3,55,MCCE,bounded+edit,MCCE_bounded+edit,0,no_candidate,,0.0119767189025878,,
AUC,7,aligned,3,57,NICE,native,NICE_native,0,immutable_changed:Test_1;immutable_changed:Test_2;immutable_changed:Test_3,15.05,0.0068604946136474,0.8,1.0
AUC,7,aligned,3,57,NICE,bounded,NICE_bounded,0,below_policy_threshold;classifier_target_not_met,14.0,0.0068604946136474,0.8,1.0
AUC,7,aligned,3,57,NICE,bounded+edit,NICE_bounded+edit,0,below_policy_threshold;classifier_target_not_met,14.0,0.0068604946136474,0.8,1.0
AUC,7,aligned,3,57,MCCE,native,MCCE_native,0,no_candidate,,0.0125043392181396,,
AUC,7,aligned,3,57,MCCE,bounded,MCCE_bounded,0,no_candidate,,0.0125043392181396,,
AUC,7,aligned,3,57,MCCE,bounded+edit,MCCE_bounded+edit,0,no_candidate,,0.0125043392181396,,
AUC,7,aligned,3,60,NICE,native,NICE_native,0,below_policy_threshold;immutable_changed:Test_1;immutable_changed:Test_2,14.475,0.0058538913726806,0.85,1.0
AUC,7,aligned,3,60,NICE,bounded,NICE_bounded,0,below_policy_threshold;classifier_target_not_met,14.075,0.0058538913726806,0.85,1.0
AUC,7,aligned,3,60,NICE,bounded+edit,NICE_bounded+edit,0,below_policy_threshold;classifier_target_not_met,14.075,0.0058538913726806,0.85,1.0
AUC,7,aligned,3,60,MCCE,native,MCCE_native,0,no_candidate,,0.0124034881591796,,
AUC,7,aligned,3,60,MCCE,bounded,MCCE_bounded,0,no_candidate,,0.0124034881591796,,
AUC,7,aligned,3,60,MCCE,bounded+edit,MCCE_bounded+edit,0,no_candidate,,0.0124034881591796,,
AUC,7,aligned,3,70,NICE,native,NICE_native,0,immutable_changed:Test_2,15.525,0.0043084621429443,0.8,1.0
AUC,7,aligned,3,70,NICE,bounded,NICE_bounded,0,classifier_target_not_met,15.375,0.0043084621429443,0.8,1.0
AUC,7,aligned,3,70,NICE,bounded+edit,NICE_bounded+edit,0,classifier_target_not_met,15.375,0.0043084621429443,0.8,1.0
AUC,7,aligned,3,70,MCCE,native,MCCE_native,1,OK,15.625,0.020357608795166,0.8843524562006183,2.0
AUC,7,aligned,3,70,MCCE,bounded,MCCE_bounded,1,OK,15.625,0.020357608795166,0.8843524562006183,2.0
AUC,7,aligned,3,70,MCCE,bounded+edit,MCCE_bounded+edit,1,OK,15.625,0.020357608795166,0.8843524562006183,2.0
AUC,7,aligned,3,74,NICE,native,NICE_native,0,immutable_changed:Test_2;immutable_changed:Test_3,15.05,0.0055837631225585,0.7,1.0
AUC,7,aligned,3,74,NICE,bounded,NICE_bounded,0,below_policy_threshold;classifier_target_not_met,14.5,0.0055837631225585,0.7,1.0
AUC,7,aligned,3,74,NICE,bounded+edit,NICE_bounded+edit,0,below_policy_threshold;classifier_target_not_met,14.5,0.0055837631225585,0.7,1.0
AUC,7,aligned,3,74,MCCE,native,MCCE_native,1,OK,15.25,0.0184028148651123,0.9331092642385724,2.0
AUC,7,aligned,3,74,MCCE,bounded,MCCE_bounded,1,OK,15.25,0.0184028148651123,0.9331092642385724,2.0
AUC,7,aligned,3,74,MCCE,bounded+edit,MCCE_bounded+edit,1,OK,15.25,0.0184028148651123,0.9331092642385724,2.0
AUC,7,aligned,3,98,NICE,native,NICE_native,0,below_policy_threshold;immutable_changed:Test_1;immutable_changed:Test_2,11.025,0.0055439472198486,0.85,1.0
AUC,7,aligned,3,98,NICE,bounded,NICE_bounded,0,below_policy_threshold;classifier_target_not_met,5.775,0.0055439472198486,0.85,1.0
AUC,7,aligned,3,98,NICE,bounded+edit,NICE_bounded+edit,0,below_policy_threshold;classifier_target_not_met,5.775,0.0055439472198486,0.85,1.0
AUC,7,aligned,3,98,MCCE,native,MCCE_native,0,no_candidate,,0.0122909545898437,,
AUC,7,aligned,3,98,MCCE,bounded,MCCE_bounded,0,no_candidate,,0.0122909545898437,,
AUC,7,aligned,3,98,MCCE,bounded+edit,MCCE_bounded+edit,0,no_candidate,,0.0122909545898437,,
AUC,7,aligned,3,109,NICE,native,NICE_native,0,immutable_changed:Test_2,15.4,0.0041773319244384,0.8,1.0
AUC,7,aligned,3,109,NICE,bounded,NICE_bounded,0,below_policy_threshold;classifier_target_not_met,13.9,0.0041773319244384,0.8,1.0
AUC,7,aligned,3,109,NICE,bounded+edit,NICE_bounded+edit,0,below_policy_threshold;classifier_target_not_met,13.9,0.0041773319244384,0.8,1.0
AUC,7,aligned,3,109,MCCE,native,MCCE_native,0,below_policy_threshold;out_of_bounds:sum_click,14.4,0.0155074596405029,1.690513833992095,2.0
AUC,7,aligned,3,109,MCCE,bounded,MCCE_bounded,0,no_candidate,,0.0155074596405029,,
AUC,7,aligned,3,109,MCCE,bounded+edit,MCCE_bounded+edit,0,no_candidate,,0.0155074596405029,,
AUC,7,aligned,3,110,NICE,native,NICE_native,0,below_policy_threshold;immutable_changed:Test_1;immutable_changed:Test_2,12.225,0.0055234432220458,0.85,1.0
AUC,7,aligned,3,110,NICE,bounded,NICE_bounded,0,below_policy_threshold;classifier_target_not_met,7.25,0.0055234432220458,0.85,1.0
AUC,7,aligned,3,110,NICE,bounded+edit,NICE_bounded+edit,0,below_policy_threshold;classifier_target_not_met,7.25,0.0055234432220458,0.85,1.0
AUC,7,aligned,3,110,MCCE,native,MCCE_native,0,no_candidate,,0.0136632919311523,,
AUC,7,aligned,3,110,MCCE,bounded,MCCE_bounded,0,no_candidate,,0.0136632919311523,,
AUC,7,aligned,3,110,MCCE,bounded+edit,MCCE_bounded+edit,0,no_candidate,,0.0136632919311523,,
AUC,7,aligned,3,115,NICE,native,NICE_native,0,below_policy_threshold;immutable_changed:Test_1;immutable_changed:Test_2,13.475,0.0056626796722412,0.85,1.0
AUC,7,aligned,3,115,NICE,bounded,NICE_bounded,0,below_policy_threshold;classifier_target_not_met,11.125,0.0056626796722412,0.85,1.0
AUC,7,aligned,3,115,NICE,bounded+edit,NICE_bounded+edit,0,below_policy_threshold;classifier_target_not_met,11.125,0.0056626796722412,0.85,1.0
AUC,7,aligned,3,115,MCCE,native,MCCE_native,0,no_candidate,,0.0127596855163574,,
AUC,7,aligned,3,115,MCCE,bounded,MCCE_bounded,0,no_candidate,,0.0127596855163574,,
AUC,7,aligned,3,115,MCCE,bounded+edit,MCCE_bounded+edit,0,no_candidate,,0.0127596855163574,,
AUC,7,aligned,3,132,NICE,native,NICE_native,0,below_policy_threshold;immutable_changed:Test_2;immutable_changed:Test_3,14.85,0.0055780410766601,0.8099999999999999,1.0
AUC,7,aligned,3,132,NICE,bounded,NICE_bounded,0,below_policy_threshold;classifier_target_not_met,14.3,0.0055780410766601,0.8099999999999999,1.0
AUC,7,aligned,3,132,NICE,bounded+edit,NICE_bounded+edit,0,below_policy_threshold;classifier_target_not_met,14.3,0.0055780410766601,0.8099999999999999,1.0
AUC,7,aligned,3,132,MCCE,native,MCCE_native,0,no_candidate,,0.0120012760162353,,
AUC,7,aligned,3,132,MCCE,bounded,MCCE_bounded,0,no_candidate,,0.0120012760162353,,
AUC,7,aligned,3,132,MCCE,bounded+edit,MCCE_bounded+edit,0,no_candidate,,0.0120012760162353,,
AUC,7,aligned,3,138,NICE,native,NICE_native,1,OK,15.1,0.0027554035186767,0.85,1.0
AUC,7,aligned,3,138,NICE,bounded,NICE_bounded,1,OK,15.1,0.0027554035186767,0.85,1.0
AUC,7,aligned,3,138,NICE,bounded+edit,NICE_bounded+edit,1,OK,15.1,0.0027554035186767,0.85,1.0
AUC,7,aligned,3,138,MCCE,native,MCCE_native,1,OK,15.45,0.0188715457916259,0.9253319114902692,2.0
AUC,7,aligned,3,138,MCCE,bounded,MCCE_bounded,1,OK,15.45,0.0188715457916259,0.9253319114902692,2.0
AUC,7,aligned,3,138,MCCE,bounded+edit,MCCE_bounded+edit,1,OK,15.45,0.0188715457916259,0.9253319114902692,2.0
AUC,7,aligned,3,140,NICE,native,NICE_native,0,below_policy_threshold;immutable_changed:Test_2,11.225,0.0042078495025634,0.85,1.0
AUC,7,aligned,3,140,NICE,bounded,NICE_bounded,0,below_policy_threshold;classifier_target_not_met,6.725,0.0042078495025634,0.85,1.0
AUC,7,aligned,3,140,NICE,bounded+edit,NICE_bounded+edit,0,below_policy_threshold;classifier_target_not_met,6.725,0.0042078495025634,0.85,1.0
AUC,7,aligned,3,140,MCCE,native,MCCE_native,0,no_candidate,,0.0133390426635742,,
AUC,7,aligned,3,140,MCCE,bounded,MCCE_bounded,0,no_candidate,,0.0133390426635742,,
AUC,7,aligned,3,140,MCCE,bounded+edit,MCCE_bounded+edit,0,no_candidate,,0.0133390426635742,,
AUC,7,aligned,3,141,NICE,native,NICE_native,0,immutable_changed:Test_1;immutable_changed:Test_2,15.15,0.0056297779083251,0.8,1.0
AUC,7,aligned,3,141,NICE,bounded,NICE_bounded,0,below_policy_threshold;classifier_target_not_met,14.7,0.0056297779083251,0.8,1.0
AUC,7,aligned,3,141,NICE,bounded+edit,NICE_bounded+edit,0,below_policy_threshold;classifier_target_not_met,14.7,0.0056297779083251,0.8,1.0
AUC,7,aligned,3,141,MCCE,native,MCCE_native,0,no_candidate,,0.0133280754089355,,
AUC,7,aligned,3,141,MCCE,bounded,MCCE_bounded,0,no_candidate,,0.0133280754089355,,
AUC,7,aligned,3,141,MCCE,bounded+edit,MCCE_bounded+edit,0,no_candidate,,0.0133280754089355,,
AUC,7,aligned,3,148,NICE,native,NICE_native,0,below_policy_threshold;immutable_changed:Test_3,14.8,0.004274845123291,0.9,1.0
AUC,7,aligned,3,148,NICE,bounded,NICE_bounded,0,below_policy_threshold;classifier_target_not_met,11.5,0.004274845123291,0.9,1.0
AUC,7,aligned,3,148,NICE,bounded+edit,NICE_bounded+edit,0,below_policy_threshold;classifier_target_not_met,11.5,0.004274845123291,0.9,1.0
AUC,7,aligned,3,148,MCCE,native,MCCE_native,0,no_candidate,,0.0121846199035644,,
AUC,7,aligned,3,148,MCCE,bounded,MCCE_bounded,0,no_candidate,,0.0121846199035644,,
AUC,7,aligned,3,148,MCCE,bounded+edit,MCCE_bounded+edit,0,no_candidate,,0.0121846199035644,,
AUC,7,aligned,3,153,NICE,native,NICE_native,0,immutable_changed:Test_2;immutable_changed:Test_3,15.05,0.0057103633880615,0.7,1.0
AUC,7,aligned,3,153,NICE,bounded,NICE_bounded,0,below_policy_threshold;classifier_target_not_met,14.0,0.0057103633880615,0.7,1.0
AUC,7,aligned,3,153,NICE,bounded+edit,NICE_bounded+edit,0,below_policy_threshold;classifier_target_not_met,14.0,0.0057103633880615,0.7,1.0
AUC,7,aligned,3,153,MCCE,native,MCCE_native,0,below_policy_threshold;out_of_bounds:sum_click,14.85,0.0198259353637695,0.9087315419995158,2.0
AUC,7,aligned,3,153,MCCE,bounded,MCCE_bounded,0,below_policy_threshold,14.85,0.0198259353637695,1.029767610748003,2.0
AUC,7,aligned,3,153,MCCE,bounded+edit,MCCE_bounded+edit,0,below_policy_threshold,14.85,0.0198259353637695,1.029767610748003,2.0
AUC,7,aligned,3,159,NICE,native,NICE_native,0,immutable_changed:Test_1;immutable_changed:Test_2;immutable_changed:Test_3,15.05,0.0067946910858154,0.7,1.0
AUC,7,aligned,3,159,NICE,bounded,NICE_bounded,0,below_policy_threshold;classifier_target_not_met,12.775,0.0067946910858154,0.7,1.0
AUC,7,aligned,3,159,NICE,bounded+edit,NICE_bounded+edit,0,below_policy_threshold;classifier_target_not_met,12.775,0.0067946910858154,0.7,1.0
AUC,7,aligned,3,159,MCCE,native,MCCE_native,0,no_candidate,,0.012397289276123,,
AUC,7,aligned,3,159,MCCE,bounded,MCCE_bounded,0,no_candidate,,0.012397289276123,,
AUC,7,aligned,3,159,MCCE,bounded+edit,MCCE_bounded+edit,0,no_candidate,,0.012397289276123,,
AUC,7,aligned,3,168,NICE,native,NICE_native,0,below_policy_threshold;immutable_changed:Test_1;immutable_changed:Test_2,13.225,0.0056765079498291,0.85,1.0
AUC,7,aligned,3,168,NICE,bounded,NICE_bounded,0,below_policy_threshold;classifier_target_not_met,10.5,0.0056765079498291,0.85,1.0
AUC,7,aligned,3,168,NICE,bounded+edit,NICE_bounded+edit,0,below_policy_threshold;classifier_target_not_met,10.5,0.0056765079498291,0.85,1.0
AUC,7,aligned,3,168,MCCE,native,MCCE_native,0,no_candidate,,0.0126512050628662,,
AUC,7,aligned,3,168,MCCE,bounded,MCCE_bounded,0,no_candidate,,0.0126512050628662,,
AUC,7,aligned,3,168,MCCE,bounded+edit,MCCE_bounded+edit,0,no_candidate,,0.0126512050628662,,
AUC,7,aligned,3,188,NICE,native,NICE_native,1,OK,15.3,0.002939224243164,0.8699999999999999,1.0
AUC,7,aligned,3,188,NICE,bounded,NICE_bounded,1,OK,15.3,0.002939224243164,0.8699999999999999,1.0
AUC,7,aligned,3,188,NICE,bounded+edit,NICE_bounded+edit,1,OK,15.3,0.002939224243164,0.8699999999999999,1.0
AUC,7,aligned,3,188,MCCE,native,MCCE_native,0,out_of_bounds:sum_click,15.2,0.0156080722808837,44.77156862745176,2.0
AUC,7,aligned,3,188,MCCE,bounded,MCCE_bounded,0,no_candidate,,0.0156080722808837,,
AUC,7,aligned,3,188,MCCE,bounded+edit,MCCE_bounded+edit,0,no_candidate,,0.0156080722808837,,
AUC,7,aligned,3,191,NICE,native,NICE_native,0,below_policy_threshold;immutable_changed:Test_1;immutable_changed:Test_2,11.025,0.005760908126831,0.85,1.0
AUC,7,aligned,3,191,NICE,bounded,NICE_bounded,0,below_policy_threshold;classifier_target_not_met,5.5,0.005760908126831,0.85,1.0
AUC,7,aligned,3,191,NICE,bounded+edit,NICE_bounded+edit,0,below_policy_threshold;classifier_target_not_met,5.5,0.005760908126831,0.85,1.0
AUC,7,aligned,3,191,MCCE,native,MCCE_native,0,no_candidate,,0.0126686096191406,,
AUC,7,aligned,3,191,MCCE,bounded,MCCE_bounded,0,no_candidate,,0.0126686096191406,,
AUC,7,aligned,3,191,MCCE,bounded+edit,MCCE_bounded+edit,0,no_candidate,,0.0126686096191406,,
AUC,7,aligned,3,200,NICE,native,NICE_native,0,immutable_changed:Test_1;immutable_changed:Test_2;immutable_changed:Test_3,15.45,0.0071163177490234,0.8,1.0
AUC,7,aligned,3,200,NICE,bounded,NICE_bounded,0,below_policy_threshold;classifier_target_not_met,13.7,0.0071163177490234,0.8,1.0
AUC,7,aligned,3,200,NICE,bounded+edit,NICE_bounded+edit,0,below_policy_threshold;classifier_target_not_met,13.7,0.0071163177490234,0.8,1.0
AUC,7,aligned,3,200,MCCE,native,MCCE_native,0,no_candidate,,0.0120956897735595,,
AUC,7,aligned,3,200,MCCE,bounded,MCCE_bounded,0,no_candidate,,0.0120956897735595,,
AUC,7,aligned,3,200,MCCE,bounded+edit,MCCE_bounded+edit,0,no_candidate,,0.0120956897735595,,
AUC,7,aligned,3,204,NICE,native,NICE_native,0,below_policy_threshold;immutable_changed:Test_2,14.8,0.0044012069702148,0.93,1.0
AUC,7,aligned,3,204,NICE,bounded,NICE_bounded,0,below_policy_threshold;classifier_target_not_met,14.05,0.0044012069702148,0.93,1.0
AUC,7,aligned,3,204,NICE,bounded+edit,NICE_bounded+edit,0,below_policy_threshold;classifier_target_not_met,14.05,0.0044012069702148,0.93,1.0
AUC,7,aligned,3,204,MCCE,native,MCCE_native,0,no_candidate,,0.0123600959777832,,
AUC,7,aligned,3,204,MCCE,bounded,MCCE_bounded,0,no_candidate,,0.0123600959777832,,
AUC,7,aligned,3,204,MCCE,bounded+edit,MCCE_bounded+edit,0,no_candidate,,0.0123600959777832,,
AUC,7,aligned,3,209,NICE,native,NICE_native,0,below_policy_threshold;immutable_changed:Test_1;immutable_changed:Test_2,14.625,0.0058298110961914,0.85,1.0
AUC,7,aligned,3,209,NICE,bounded,NICE_bounded,0,below_policy_threshold;classifier_target_not_met,12.575,0.0058298110961914,0.85,1.0
AUC,7,aligned,3,209,NICE,bounded+edit,NICE_bounded+edit,0,below_policy_threshold;classifier_target_not_met,12.575,0.0058298110961914,0.85,1.0
AUC,7,aligned,3,209,MCCE,native,MCCE_native,0,no_candidate,,0.0133860111236572,,
AUC,7,aligned,3,209,MCCE,bounded,MCCE_bounded,0,no_candidate,,0.0133860111236572,,
AUC,7,aligned,3,209,MCCE,bounded+edit,MCCE_bounded+edit,0,no_candidate,,0.0133860111236572,,
AUC,7,aligned,3,220,NICE,native,NICE_native,0,below_policy_threshold;immutable_changed:Test_2;immutable_changed:Test_3,15.0,0.0055675506591796,0.8099999999999999,1.0
AUC,7,aligned,3,220,NICE,bounded,NICE_bounded,0,below_policy_threshold;classifier_target_not_met,13.35,0.0055675506591796,0.8099999999999999,1.0
AUC,7,aligned,3,220,NICE,bounded+edit,NICE_bounded+edit,0,below_policy_threshold;classifier_target_not_met,13.35,0.0055675506591796,0.8099999999999999,1.0
AUC,7,aligned,3,220,MCCE,native,MCCE_native,0,no_candidate,,0.0119128227233886,,
AUC,7,aligned,3,220,MCCE,bounded,MCCE_bounded,0,no_candidate,,0.0119128227233886,,
AUC,7,aligned,3,220,MCCE,bounded+edit,MCCE_bounded+edit,0,no_candidate,,0.0119128227233886,,
AUC,7,aligned,3,221,NICE,native,NICE_native,0,immutable_changed:Test_2,15.35,0.0043230056762695,0.8,1.0
AUC,7,aligned,3,221,NICE,bounded,NICE_bounded,0,below_policy_threshold;classifier_target_not_met,14.6,0.0043230056762695,0.8,1.0
AUC,7,aligned,3,221,NICE,bounded+edit,NICE_bounded+edit,0,below_policy_threshold;classifier_target_not_met,14.6,0.0043230056762695,0.8,1.0
AUC,7,aligned,3,221,MCCE,native,MCCE_native,0,below_policy_threshold;out_of_bounds:sum_click,15.0,0.01845383644104,1.361347773766547,2.0
AUC,7,aligned,3,221,MCCE,bounded,MCCE_bounded,0,below_policy_threshold,15.0,0.01845383644104,1.577954271961493,2.0
AUC,7,aligned,3,221,MCCE,bounded+edit,MCCE_bounded+edit,0,below_policy_threshold,15.0,0.01845383644104,1.577954271961493,2.0
AUC,7,aligned,3,232,NICE,native,NICE_native,0,below_policy_threshold;immutable_changed:Test_1;immutable_changed:Test_3,13.95,0.0056710243225097,0.9,1.0
AUC,7,aligned,3,232,NICE,bounded,NICE_bounded,0,below_policy_threshold;classifier_target_not_met,11.375,0.0056710243225097,0.9,1.0
AUC,7,aligned,3,232,NICE,bounded+edit,NICE_bounded+edit,0,below_policy_threshold;classifier_target_not_met,11.375,0.0056710243225097,0.9,1.0
AUC,7,aligned,3,232,MCCE,native,MCCE_native,0,no_candidate,,0.0135116577148437,,
AUC,7,aligned,3,232,MCCE,bounded,MCCE_bounded,0,no_candidate,,0.0135116577148437,,
AUC,7,aligned,3,232,MCCE,bounded+edit,MCCE_bounded+edit,0,no_candidate,,0.0135116577148437,,
AUC,7,aligned,3,235,NICE,native,NICE_native,0,immutable_changed:Test_2;immutable_changed:Test_3,15.05,0.0058674812316894,0.8,1.0
AUC,7,aligned,3,235,NICE,bounded,NICE_bounded,0,below_policy_threshold;classifier_target_not_met,6.25,0.0058674812316894,0.8,1.0
AUC,7,aligned,3,235,NICE,bounded+edit,NICE_bounded+edit,0,below_policy_threshold;classifier_target_not_met,6.25,0.0058674812316894,0.8,1.0
AUC,7,aligned,3,235,MCCE,native,MCCE_native,0,no_candidate,,0.0122098922729492,,
AUC,7,aligned,3,235,MCCE,bounded,MCCE_bounded,0,no_candidate,,0.0122098922729492,,
AUC,7,aligned,3,235,MCCE,bounded+edit,MCCE_bounded+edit,0,no_candidate,,0.0122098922729492,,
AUC,7,aligned,3,252,NICE,native,NICE_native,0,immutable_changed:Test_2;immutable_changed:Test_3,15.05,0.0056273937225341,0.7,1.0
AUC,7,aligned,3,252,NICE,bounded,NICE_bounded,0,below_policy_threshold;classifier_target_not_met,14.05,0.0056273937225341,0.7,1.0
AUC,7,aligned,3,252,NICE,bounded+edit,NICE_bounded+edit,0,below_policy_threshold;classifier_target_not_met,14.05,0.0056273937225341,0.7,1.0
AUC,7,aligned,3,252,MCCE,native,MCCE_native,0,below_policy_threshold,14.8,0.0184710025787353,0.8984750555443345,2.0
AUC,7,aligned,3,252,MCCE,bounded,MCCE_bounded,0,below_policy_threshold,14.8,0.0184710025787353,0.8984750555443345,2.0
AUC,7,aligned,3,252,MCCE,bounded+edit,MCCE_bounded+edit,0,below_policy_threshold,14.8,0.0184710025787353,0.8984750555443345,2.0
AUC,7,aligned,3,256,NICE,native,NICE_native,0,below_policy_threshold;immutable_changed:Test_1;immutable_changed:Test_2,13.875,0.0054771900177001,0.85,1.0
AUC,7,aligned,3,256,NICE,bounded,NICE_bounded,0,below_policy_threshold;classifier_target_not_met,11.275,0.0054771900177001,0.85,1.0
AUC,7,aligned,3,256,NICE,bounded+edit,NICE_bounded+edit,0,below_policy_threshold;classifier_target_not_met,11.275,0.0054771900177001,0.85,1.0
AUC,7,aligned,3,256,MCCE,native,MCCE_native,0,no_candidate,,0.0124633312225341,,
AUC,7,aligned,3,256,MCCE,bounded,MCCE_bounded,0,no_candidate,,0.0124633312225341,,
AUC,7,aligned,3,256,MCCE,bounded+edit,MCCE_bounded+edit,0,no_candidate,,0.0124633312225341,,
AUC,7,aligned,3,273,NICE,native,NICE_native,0,immutable_changed:Test_2;immutable_changed:Test_3,15.05,0.0054292678833007,0.7,1.0
AUC,7,aligned,3,273,NICE,bounded,NICE_bounded,0,below_policy_threshold;classifier_target_not_met,10.25,0.0054292678833007,0.7,1.0
AUC,7,aligned,3,273,NICE,bounded+edit,NICE_bounded+edit,0,below_policy_threshold;classifier_target_not_met,10.25,0.0054292678833007,0.7,1.0
AUC,7,aligned,3,273,MCCE,native,MCCE_native,0,no_candidate,,0.0188877582550048,,
AUC,7,aligned,3,273,MCCE,bounded,MCCE_bounded,0,no_candidate,,0.0188877582550048,,
AUC,7,aligned,3,273,MCCE,bounded+edit,MCCE_bounded+edit,0,no_candidate,,0.0188877582550048,,
AUC,7,aligned,3,291,NICE,native,NICE_native,1,OK,15.175,0.0027787685394287,0.9,1.0
AUC,7,aligned,3,291,NICE,bounded,NICE_bounded,1,OK,15.175,0.0027787685394287,0.9,1.0
AUC,7,aligned,3,291,NICE,bounded+edit,NICE_bounded+edit,1,OK,15.175,0.0027787685394287,0.9,1.0
AUC,7,aligned,3,291,MCCE,native,MCCE_native,0,no_candidate,,0.0123050212860107,,
AUC,7,aligned,3,291,MCCE,bounded,MCCE_bounded,0,no_candidate,,0.0123050212860107,,
AUC,7,aligned,3,291,MCCE,bounded+edit,MCCE_bounded+edit,0,no_candidate,,0.0123050212860107,,
AUC,7,aligned,3,297,NICE,native,NICE_native,0,below_policy_threshold;immutable_changed:Test_1;immutable_changed:Test_2,14.925,0.0054631233215332,0.85,1.0
AUC,7,aligned,3,297,NICE,bounded,NICE_bounded,0,below_policy_threshold;classifier_target_not_met,13.65,0.0054631233215332,0.85,1.0
AUC,7,aligned,3,297,NICE,bounded+edit,NICE_bounded+edit,0,below_policy_threshold;classifier_target_not_met,13.65,0.0054631233215332,0.85,1.0
AUC,7,aligned,3,297,MCCE,native,MCCE_native,0,no_candidate,,0.0123758316040039,,
AUC,7,aligned,3,297,MCCE,bounded,MCCE_bounded,0,no_candidate,,0.0123758316040039,,
AUC,7,aligned,3,297,MCCE,bounded+edit,MCCE_bounded+edit,0,no_candidate,,0.0123758316040039,,
AUC,7,aligned,3,320,NICE,native,NICE_native,0,immutable_changed:Test_2;immutable_changed:Test_3,15.15,0.0053095817565917,0.8,1.0
AUC,7,aligned,3,320,NICE,bounded,NICE_bounded,0,below_policy_threshold;classifier_target_not_met,11.95,0.0053095817565917,0.8,1.0
AUC,7,aligned,3,320,NICE,bounded+edit,NICE_bounded+edit,0,below_policy_threshold;classifier_target_not_met,11.95,0.0053095817565917,0.8,1.0
AUC,7,aligned,3,320,MCCE,native,MCCE_native,0,no_candidate,,0.0119283199310302,,
AUC,7,aligned,3,320,MCCE,bounded,MCCE_bounded,0,no_candidate,,0.0119283199310302,,
AUC,7,aligned,3,320,MCCE,bounded+edit,MCCE_bounded+edit,0,no_candidate,,0.0119283199310302,,
AUC,7,aligned,3,328,NICE,native,NICE_native,0,immutable_changed:Test_2,15.2,0.0043337345123291,0.8,1.0
AUC,7,aligned,3,328,NICE,bounded,NICE_bounded,0,classifier_target_not_met,15.05,0.0043337345123291,0.8,1.0
AUC,7,aligned,3,328,NICE,bounded+edit,NICE_bounded+edit,0,classifier_target_not_met,15.05,0.0043337345123291,0.8,1.0
AUC,7,aligned,3,328,MCCE,native,MCCE_native,1,OK,15.4,0.0181176662445068,0.8862557572473583,2.0
AUC,7,aligned,3,328,MCCE,bounded,MCCE_bounded,1,OK,15.4,0.0181176662445068,0.8862557572473583,2.0
AUC,7,aligned,3,328,MCCE,bounded+edit,MCCE_bounded+edit,1,OK,15.4,0.0181176662445068,0.8862557572473583,2.0
AUC,7,aligned,3,339,NICE,native,NICE_native,0,below_policy_threshold;immutable_changed:Test_1;immutable_changed:Test_2,14.775,0.0055108070373535,0.85,1.0
AUC,7,aligned,3,339,NICE,bounded,NICE_bounded,0,below_policy_threshold;classifier_target_not_met,13.875,0.0055108070373535,0.85,1.0
AUC,7,aligned,3,339,NICE,bounded+edit,NICE_bounded+edit,0,below_policy_threshold;classifier_target_not_met,13.875,0.0055108070373535,0.85,1.0
AUC,7,aligned,3,339,MCCE,native,MCCE_native,0,no_candidate,,0.0124096870422363,,
AUC,7,aligned,3,339,MCCE,bounded,MCCE_bounded,0,no_candidate,,0.0124096870422363,,
AUC,7,aligned,3,339,MCCE,bounded+edit,MCCE_bounded+edit,0,no_candidate,,0.0124096870422363,,
AUC,7,aligned,3,343,NICE,native,NICE_native,0,below_policy_threshold;immutable_changed:Test_2;immutable_changed:Test_3,14.975,0.005427598953247,0.8,1.0
AUC,7,aligned,3,343,NICE,bounded,NICE_bounded,0,below_policy_threshold;classifier_target_not_met,13.575,0.005427598953247,0.8,1.0
AUC,7,aligned,3,343,NICE,bounded+edit,NICE_bounded+edit,0,below_policy_threshold;classifier_target_not_met,13.575,0.005427598953247,0.8,1.0
AUC,7,aligned,3,343,MCCE,native,MCCE_native,0,no_candidate,,0.0122764110565185,,
AUC,7,aligned,3,343,MCCE,bounded,MCCE_bounded,0,no_candidate,,0.0122764110565185,,
AUC,7,aligned,3,343,MCCE,bounded+edit,MCCE_bounded+edit,0,no_candidate,,0.0122764110565185,,
AUC,7,aligned,3,352,NICE,native,NICE_native,0,immutable_changed:Test_1;immutable_changed:Test_2,15.1,0.0057449340820312,0.8699999999999999,1.0
AUC,7,aligned,3,352,NICE,bounded,NICE_bounded,0,below_policy_threshold;classifier_target_not_met,13.6,0.0057449340820312,0.8699999999999999,1.0
AUC,7,aligned,3,352,NICE,bounded+edit,NICE_bounded+edit,0,below_policy_threshold;classifier_target_not_met,13.6,0.0057449340820312,0.8699999999999999,1.0
AUC,7,aligned,3,352,MCCE,native,MCCE_native,0,no_candidate,,0.0120089054107666,,
AUC,7,aligned,3,352,MCCE,bounded,MCCE_bounded,0,no_candidate,,0.0120089054107666,,
AUC,7,aligned,3,352,MCCE,bounded+edit,MCCE_bounded+edit,0,no_candidate,,0.0120089054107666,,
AUC,7,aligned,3,360,NICE,native,NICE_native,0,immutable_changed:Test_2;immutable_changed:Test_3,15.025,0.0054531097412109,0.7,1.0
AUC,7,aligned,3,360,NICE,bounded,NICE_bounded,0,below_policy_threshold;classifier_target_not_met,5.725,0.0054531097412109,0.7,1.0
AUC,7,aligned,3,360,NICE,bounded+edit,NICE_bounded+edit,0,below_policy_threshold;classifier_target_not_met,5.725,0.0054531097412109,0.7,1.0
AUC,7,aligned,3,360,MCCE,native,MCCE_native,0,no_candidate,,0.0118203163146972,,
AUC,7,aligned,3,360,MCCE,bounded,MCCE_bounded,0,no_candidate,,0.0118203163146972,,
AUC,7,aligned,3,360,MCCE,bounded+edit,MCCE_bounded+edit,0,no_candidate,,0.0118203163146972,,
AUC,7,aligned,3,376,NICE,native,NICE_native,0,below_policy_threshold,14.9,0.0033950805664062,0.8699999999999999,1.0
AUC,7,aligned,3,376,NICE,bounded,NICE_bounded,0,below_policy_threshold,14.9,0.0033950805664062,0.8699999999999999,1.0
AUC,7,aligned,3,376,NICE,bounded+edit,NICE_bounded+edit,0,below_policy_threshold,14.9,0.0033950805664062,0.8699999999999999,1.0
AUC,7,aligned,3,376,MCCE,native,MCCE_native,0,below_policy_threshold,14.9,0.0277326107025146,0.8699999999999999,1.0
AUC,7,aligned,3,376,MCCE,bounded,MCCE_bounded,0,below_policy_threshold,14.9,0.0277326107025146,0.8699999999999999,1.0
AUC,7,aligned,3,376,MCCE,bounded+edit,MCCE_bounded+edit,0,below_policy_threshold,14.9,0.0277326107025146,0.8699999999999999,1.0
AUC,7,aligned,3,379,NICE,native,NICE_native,0,below_policy_threshold;immutable_changed:Test_1;immutable_changed:Test_2,11.725,0.0055963993072509,0.85,1.0
AUC,7,aligned,3,379,NICE,bounded,NICE_bounded,0,below_policy_threshold;classifier_target_not_met,8.0,0.0055963993072509,0.85,1.0
AUC,7,aligned,3,379,NICE,bounded+edit,NICE_bounded+edit,0,below_policy_threshold;classifier_target_not_met,8.0,0.0055963993072509,0.85,1.0
AUC,7,aligned,3,379,MCCE,native,MCCE_native,0,no_candidate,,0.011962890625,,
AUC,7,aligned,3,379,MCCE,bounded,MCCE_bounded,0,no_candidate,,0.011962890625,,
AUC,7,aligned,3,379,MCCE,bounded+edit,MCCE_bounded+edit,0,no_candidate,,0.011962890625,,
AUC,7,aligned,3,382,NICE,native,NICE_native,0,below_policy_threshold;immutable_changed:Test_2,14.9,0.0042519569396972,0.8,1.0
AUC,7,aligned,3,382,NICE,bounded,NICE_bounded,0,below_policy_threshold;classifier_target_not_met,12.3,0.0042519569396972,0.8,1.0
AUC,7,aligned,3,382,NICE,bounded+edit,NICE_bounded+edit,0,below_policy_threshold;classifier_target_not_met,12.3,0.0042519569396972,0.8,1.0
AUC,7,aligned,3,382,MCCE,native,MCCE_native,0,no_candidate,,0.0124526023864746,,
AUC,7,aligned,3,382,MCCE,bounded,MCCE_bounded,0,no_candidate,,0.0124526023864746,,
AUC,7,aligned,3,382,MCCE,bounded+edit,MCCE_bounded+edit,0,no_candidate,,0.0124526023864746,,
AUC,7,aligned,3,384,NICE,native,NICE_native,0,below_policy_threshold;immutable_changed:Test_2;immutable_changed:Test_3,14.825,0.0055897235870361,0.8099999999999999,1.0
AUC,7,aligned,3,384,NICE,bounded,NICE_bounded,0,below_policy_threshold;classifier_target_not_met,6.025,0.0055897235870361,0.8099999999999999,1.0
AUC,7,aligned,3,384,NICE,bounded+edit,NICE_bounded+edit,0,below_policy_threshold;classifier_target_not_met,6.025,0.0055897235870361,0.8099999999999999,1.0
AUC,7,aligned,3,384,MCCE,native,MCCE_native,0,no_candidate,,0.0122215747833251,,
AUC,7,aligned,3,384,MCCE,bounded,MCCE_bounded,0,no_candidate,,0.0122215747833251,,
AUC,7,aligned,3,384,MCCE,bounded+edit,MCCE_bounded+edit,0,no_candidate,,0.0122215747833251,,
AUC,7,aligned,3,385,NICE,native,NICE_native,0,below_policy_threshold;immutable_changed:Test_1;immutable_changed:Test_2,11.025,0.0055723190307617,0.85,1.0
AUC,7,aligned,3,385,NICE,bounded,NICE_bounded,0,below_policy_threshold;classifier_target_not_met,4.25,0.0055723190307617,0.85,1.0
AUC,7,aligned,3,385,NICE,bounded+edit,NICE_bounded+edit,0,below_policy_threshold;classifier_target_not_met,4.25,0.0055723190307617,0.85,1.0
AUC,7,aligned,3,385,MCCE,native,MCCE_native,0,no_candidate,,0.0128474235534667,,
AUC,7,aligned,3,385,MCCE,bounded,MCCE_bounded,0,no_candidate,,0.0128474235534667,,
AUC,7,aligned,3,385,MCCE,bounded+edit,MCCE_bounded+edit,0,no_candidate,,0.0128474235534667,,
AUC,7,aligned,3,392,NICE,native,NICE_native,0,below_policy_threshold;immutable_changed:Test_1;immutable_changed:Test_2,14.525,0.0057175159454345,0.85,1.0
AUC,7,aligned,3,392,NICE,bounded,NICE_bounded,0,below_policy_threshold;classifier_target_not_met,12.75,0.0057175159454345,0.85,1.0
AUC,7,aligned,3,392,NICE,bounded+edit,NICE_bounded+edit,0,below_policy_threshold;classifier_target_not_met,12.75,0.0057175159454345,0.85,1.0
AUC,7,aligned,3,392,MCCE,native,MCCE_native,0,no_candidate,,0.0117177963256835,,
AUC,7,aligned,3,392,MCCE,bounded,MCCE_bounded,0,no_candidate,,0.0117177963256835,,
AUC,7,aligned,3,392,MCCE,bounded+edit,MCCE_bounded+edit,0,no_candidate,,0.0117177963256835,,
AUC,7,aligned,3,395,NICE,native,NICE_native,0,immutable_changed:Test_1;immutable_changed:Test_2,15.05,0.0058901309967041,0.7,1.0
AUC,7,aligned,3,395,NICE,bounded,NICE_bounded,0,below_policy_threshold;classifier_target_not_met,14.85,0.0058901309967041,0.7,1.0
AUC,7,aligned,3,395,NICE,bounded+edit,NICE_bounded+edit,0,below_policy_threshold;classifier_target_not_met,14.85,0.0058901309967041,0.7,1.0
AUC,7,aligned,3,395,MCCE,native,MCCE_native,0,out_of_bounds:sum_click,15.6,0.0160465240478515,1.105394099515632,2.0
AUC,7,aligned,3,395,MCCE,bounded,MCCE_bounded,0,no_candidate,,0.0160465240478515,,
AUC,7,aligned,3,395,MCCE,bounded+edit,MCCE_bounded+edit,0,no_candidate,,0.0160465240478515,,
AUC,7,aligned,3,401,NICE,native,NICE_native,0,below_policy_threshold;immutable_changed:Test_1;immutable_changed:Test_2,12.775,0.0055460929870605,0.85,1.0
AUC,7,aligned,3,401,NICE,bounded,NICE_bounded,0,below_policy_threshold;classifier_target_not_met,8.5,0.0055460929870605,0.85,1.0
AUC,7,aligned,3,401,NICE,bounded+edit,NICE_bounded+edit,0,below_policy_threshold;classifier_target_not_met,8.5,0.0055460929870605,0.85,1.0
AUC,7,aligned,3,401,MCCE,native,MCCE_native,0,no_candidate,,0.0119869709014892,,
AUC,7,aligned,3,401,MCCE,bounded,MCCE_bounded,0,no_candidate,,0.0119869709014892,,
AUC,7,aligned,3,401,MCCE,bounded+edit,MCCE_bounded+edit,0,no_candidate,,0.0119869709014892,,
AUC,7,aligned,3,411,NICE,native,NICE_native,0,below_policy_threshold;immutable_changed:Test_3,11.35,0.0041463375091552,0.9,1.0
AUC,7,aligned,3,411,NICE,bounded,NICE_bounded,0,below_policy_threshold;classifier_target_not_met,10.85,0.0041463375091552,0.9,1.0
AUC,7,aligned,3,411,NICE,bounded+edit,NICE_bounded+edit,0,below_policy_threshold;classifier_target_not_met,10.85,0.0041463375091552,0.9,1.0
AUC,7,aligned,3,411,MCCE,native,MCCE_native,0,no_candidate,,0.0124690532684326,,
AUC,7,aligned,3,411,MCCE,bounded,MCCE_bounded,0,no_candidate,,0.0124690532684326,,
AUC,7,aligned,3,411,MCCE,bounded+edit,MCCE_bounded+edit,0,no_candidate,,0.0124690532684326,,
AUC,7,aligned,3,417,NICE,native,NICE_native,0,below_policy_threshold;immutable_changed:Test_1;immutable_changed:Test_2,11.025,0.0058917999267578,0.85,1.0
AUC,7,aligned,3,417,NICE,bounded,NICE_bounded,0,below_policy_threshold;classifier_target_not_met,4.25,0.0058917999267578,0.85,1.0
AUC,7,aligned,3,417,NICE,bounded+edit,NICE_bounded+edit,0,below_policy_threshold;classifier_target_not_met,4.25,0.0058917999267578,0.85,1.0
AUC,7,aligned,3,417,MCCE,native,MCCE_native,0,no_candidate,,0.0131173133850097,,
AUC,7,aligned,3,417,MCCE,bounded,MCCE_bounded,0,no_candidate,,0.0131173133850097,,
AUC,7,aligned,3,417,MCCE,bounded+edit,MCCE_bounded+edit,0,no_candidate,,0.0131173133850097,,
AUC,7,aligned,3,429,NICE,native,NICE_native,0,below_policy_threshold;immutable_changed:Test_3,14.35,0.0043022632598876,0.9,1.0
AUC,7,aligned,3,429,NICE,bounded,NICE_bounded,0,below_policy_threshold;classifier_target_not_met,14.05,0.0043022632598876,0.9,1.0
AUC,7,aligned,3,429,NICE,bounded+edit,NICE_bounded+edit,0,below_policy_threshold;classifier_target_not_met,14.05,0.0043022632598876,0.9,1.0
AUC,7,aligned,3,429,MCCE,native,MCCE_native,0,no_candidate,,0.0146076679229736,,
AUC,7,aligned,3,429,MCCE,bounded,MCCE_bounded,0,no_candidate,,0.0146076679229736,,
AUC,7,aligned,3,429,MCCE,bounded+edit,MCCE_bounded+edit,0,no_candidate,,0.0146076679229736,,
AUC,7,aligned,3,437,NICE,native,NICE_native,0,below_policy_threshold;immutable_changed:Test_1;immutable_changed:Test_2,10.725,0.005483865737915,0.85,1.0
AUC,7,aligned,3,437,NICE,bounded,NICE_bounded,0,below_policy_threshold;classifier_target_not_met,5.75,0.005483865737915,0.85,1.0
AUC,7,aligned,3,437,NICE,bounded+edit,NICE_bounded+edit,0,below_policy_threshold;classifier_target_not_met,5.75,0.005483865737915,0.85,1.0
AUC,7,aligned,3,437,MCCE,native,MCCE_native,0,no_candidate,,0.0121316909790039,,
AUC,7,aligned,3,437,MCCE,bounded,MCCE_bounded,0,no_candidate,,0.0121316909790039,,
AUC,7,aligned,3,437,MCCE,bounded+edit,MCCE_bounded+edit,0,no_candidate,,0.0121316909790039,,
AUC,7,aligned,3,439,NICE,native,NICE_native,0,below_policy_threshold;immutable_changed:Test_2,14.8,0.0043239593505859,0.85,1.0
AUC,7,aligned,3,439,NICE,bounded,NICE_bounded,0,below_policy_threshold;classifier_target_not_met,14.35,0.0043239593505859,0.85,1.0
AUC,7,aligned,3,439,NICE,bounded+edit,NICE_bounded+edit,0,below_policy_threshold;classifier_target_not_met,14.35,0.0043239593505859,0.85,1.0
AUC,7,aligned,3,439,MCCE,native,MCCE_native,0,no_candidate,,0.0116522312164306,,
AUC,7,aligned,3,439,MCCE,bounded,MCCE_bounded,0,no_candidate,,0.0116522312164306,,
AUC,7,aligned,3,439,MCCE,bounded+edit,MCCE_bounded+edit,0,no_candidate,,0.0116522312164306,,
AUC,7,aligned,3,445,NICE,native,NICE_native,0,below_policy_threshold;immutable_changed:Test_2,14.6,0.0040912628173828,0.85,1.0
AUC,7,aligned,3,445,NICE,bounded,NICE_bounded,0,below_policy_threshold;classifier_target_not_met,13.0,0.0040912628173828,0.85,1.0
AUC,7,aligned,3,445,NICE,bounded+edit,NICE_bounded+edit,0,below_policy_threshold;classifier_target_not_met,13.0,0.0040912628173828,0.85,1.0
AUC,7,aligned,3,445,MCCE,native,MCCE_native,0,no_candidate,,0.0140202045440673,,
AUC,7,aligned,3,445,MCCE,bounded,MCCE_bounded,0,no_candidate,,0.0140202045440673,,
AUC,7,aligned,3,445,MCCE,bounded+edit,MCCE_bounded+edit,0,no_candidate,,0.0140202045440673,,
AUC,7,aligned,3,464,NICE,native,NICE_native,0,below_policy_threshold;immutable_changed:Test_2,14.95,0.004227876663208,0.85,1.0
AUC,7,aligned,3,464,NICE,bounded,NICE_bounded,0,below_policy_threshold;classifier_target_not_met,14.6,0.004227876663208,0.85,1.0
AUC,7,aligned,3,464,NICE,bounded+edit,NICE_bounded+edit,0,below_policy_threshold;classifier_target_not_met,14.6,0.004227876663208,0.85,1.0
AUC,7,aligned,3,464,MCCE,native,MCCE_native,0,no_candidate,,0.0117750167846679,,
AUC,7,aligned,3,464,MCCE,bounded,MCCE_bounded,0,no_candidate,,0.0117750167846679,,
AUC,7,aligned,3,464,MCCE,bounded+edit,MCCE_bounded+edit,0,no_candidate,,0.0117750167846679,,
AUC,7,aligned,3,479,NICE,native,NICE_native,0,below_policy_threshold;immutable_changed:Test_1;immutable_changed:Test_2,11.025,0.0053925514221191,0.85,1.0
AUC,7,aligned,3,479,NICE,bounded,NICE_bounded,0,below_policy_threshold;classifier_target_not_met,6.0,0.0053925514221191,0.85,1.0
AUC,7,aligned,3,479,NICE,bounded+edit,NICE_bounded+edit,0,below_policy_threshold;classifier_target_not_met,6.0,0.0053925514221191,0.85,1.0
AUC,7,aligned,3,479,MCCE,native,MCCE_native,0,no_candidate,,0.0119881629943847,,
AUC,7,aligned,3,479,MCCE,bounded,MCCE_bounded,0,no_candidate,,0.0119881629943847,,
AUC,7,aligned,3,479,MCCE,bounded+edit,MCCE_bounded+edit,0,no_candidate,,0.0119881629943847,,
AUC,7,aligned,3,496,NICE,native,NICE_native,0,immutable_changed:Test_2,15.425,0.0042715072631835,0.8,1.0
AUC,7,aligned,3,496,NICE,bounded,NICE_bounded,0,below_policy_threshold;classifier_target_not_met,14.875,0.0042715072631835,0.8,1.0
AUC,7,aligned,3,496,NICE,bounded+edit,NICE_bounded+edit,0,below_policy_threshold;classifier_target_not_met,14.875,0.0042715072631835,0.8,1.0
AUC,7,aligned,3,496,MCCE,native,MCCE_native,0,out_of_bounds:sum_click,15.075,0.0228018760681152,0.8845930880713491,2.0
AUC,7,aligned,3,496,MCCE,bounded,MCCE_bounded,1,OK,15.075,0.0228018760681152,0.9886436269044966,2.0
AUC,7,aligned,3,496,MCCE,bounded+edit,MCCE_bounded+edit,1,OK,15.075,0.0228018760681152,0.9886436269044966,2.0
AUC,7,aligned,3,498,NICE,native,NICE_native,0,below_policy_threshold;immutable_changed:Test_1;immutable_changed:Test_2,14.925,0.0055348873138427,0.85,1.0
AUC,7,aligned,3,498,NICE,bounded,NICE_bounded,0,below_policy_threshold;classifier_target_not_met,14.0,0.0055348873138427,0.85,1.0
AUC,7,aligned,3,498,NICE,bounded+edit,NICE_bounded+edit,0,below_policy_threshold;classifier_target_not_met,14.0,0.0055348873138427,0.85,1.0
AUC,7,aligned,3,498,MCCE,native,MCCE_native,0,no_candidate,,0.0118951797485351,,
AUC,7,aligned,3,498,MCCE,bounded,MCCE_bounded,0,no_candidate,,0.0118951797485351,,
AUC,7,aligned,3,498,MCCE,bounded+edit,MCCE_bounded+edit,0,no_candidate,,0.0118951797485351,,
AUC,7,aligned,3,501,NICE,native,NICE_native,0,immutable_changed:Test_1;immutable_changed:Test_2;immutable_changed:Test_3,15.15,0.0069618225097656,0.8099999999999999,1.0
AUC,7,aligned,3,501,NICE,bounded,NICE_bounded,0,below_policy_threshold;classifier_target_not_met,4.05,0.0069618225097656,0.8099999999999999,1.0
AUC,7,aligned,3,501,NICE,bounded+edit,NICE_bounded+edit,0,below_policy_threshold;classifier_target_not_met,4.05,0.0069618225097656,0.8099999999999999,1.0
AUC,7,aligned,3,501,MCCE,native,MCCE_native,0,no_candidate,,0.0119359493255615,,
AUC,7,aligned,3,501,MCCE,bounded,MCCE_bounded,0,no_candidate,,0.0119359493255615,,
AUC,7,aligned,3,501,MCCE,bounded+edit,MCCE_bounded+edit,0,no_candidate,,0.0119359493255615,,
AUC,7,aligned,3,508,NICE,native,NICE_native,0,below_policy_threshold;immutable_changed:Test_1;immutable_changed:Test_2,13.525,0.0055441856384277,0.85,1.0
AUC,7,aligned,3,508,NICE,bounded,NICE_bounded,0,below_policy_threshold;classifier_target_not_met,10.875,0.0055441856384277,0.85,1.0
AUC,7,aligned,3,508,NICE,bounded+edit,NICE_bounded+edit,0,below_policy_threshold;classifier_target_not_met,10.875,0.0055441856384277,0.85,1.0
AUC,7,aligned,3,508,MCCE,native,MCCE_native,0,no_candidate,,0.0117805004119873,,
AUC,7,aligned,3,508,MCCE,bounded,MCCE_bounded,0,no_candidate,,0.0117805004119873,,
AUC,7,aligned,3,508,MCCE,bounded+edit,MCCE_bounded+edit,0,no_candidate,,0.0117805004119873,,
AUC,7,aligned,3,520,NICE,native,NICE_native,0,below_policy_threshold;immutable_changed:Test_2,10.6,0.004065990447998,0.85,1.0
AUC,7,aligned,3,520,NICE,bounded,NICE_bounded,0,below_policy_threshold;classifier_target_not_met,6.0,0.004065990447998,0.85,1.0
AUC,7,aligned,3,520,NICE,bounded+edit,NICE_bounded+edit,0,below_policy_threshold;classifier_target_not_met,6.0,0.004065990447998,0.85,1.0
AUC,7,aligned,3,520,MCCE,native,MCCE_native,0,no_candidate,,0.0117537975311279,,
AUC,7,aligned,3,520,MCCE,bounded,MCCE_bounded,0,no_candidate,,0.0117537975311279,,
AUC,7,aligned,3,520,MCCE,bounded+edit,MCCE_bounded+edit,0,no_candidate,,0.0117537975311279,,
AUC,7,aligned,3,521,NICE,native,NICE_native,0,immutable_changed:Test_1;immutable_changed:Test_2;immutable_changed:Test_3,15.05,0.0067589282989501,0.8,1.0
AUC,7,aligned,3,521,NICE,bounded,NICE_bounded,0,below_policy_threshold;classifier_target_not_met,13.9,0.0067589282989501,0.8,1.0
AUC,7,aligned,3,521,NICE,bounded+edit,NICE_bounded+edit,0,below_policy_threshold;classifier_target_not_met,13.9,0.0067589282989501,0.8,1.0
AUC,7,aligned,3,521,MCCE,native,MCCE_native,0,no_candidate,,0.0122313499450683,,
AUC,7,aligned,3,521,MCCE,bounded,MCCE_bounded,0,no_candidate,,0.0122313499450683,,
AUC,7,aligned,3,521,MCCE,bounded+edit,MCCE_bounded+edit,0,no_candidate,,0.0122313499450683,,
AUC,7,aligned,3,542,NICE,native,NICE_native,0,below_policy_threshold;immutable_changed:Test_2,14.85,0.0042512416839599,0.8099999999999999,1.0
AUC,7,aligned,3,542,NICE,bounded,NICE_bounded,0,below_policy_threshold;classifier_target_not_met,14.55,0.0042512416839599,0.8099999999999999,1.0
AUC,7,aligned,3,542,NICE,bounded+edit,NICE_bounded+edit,0,below_policy_threshold;classifier_target_not_met,14.55,0.0042512416839599,0.8099999999999999,1.0
AUC,7,aligned,3,542,MCCE,native,MCCE_native,0,no_candidate,,0.0132069587707519,,
AUC,7,aligned,3,542,MCCE,bounded,MCCE_bounded,0,no_candidate,,0.0132069587707519,,
AUC,7,aligned,3,542,MCCE,bounded+edit,MCCE_bounded+edit,0,no_candidate,,0.0132069587707519,,
AUC,7,aligned,3,548,NICE,native,NICE_native,0,below_policy_threshold;immutable_changed:Test_2,14.95,0.0042865276336669,0.8699999999999999,1.0
AUC,7,aligned,3,548,NICE,bounded,NICE_bounded,0,below_policy_threshold;classifier_target_not_met,14.4,0.0042865276336669,0.8699999999999999,1.0
AUC,7,aligned,3,548,NICE,bounded+edit,NICE_bounded+edit,0,below_policy_threshold;classifier_target_not_met,14.4,0.0042865276336669,0.8699999999999999,1.0
AUC,7,aligned,3,548,MCCE,native,MCCE_native,0,no_candidate,,0.0101709365844726,,
AUC,7,aligned,3,548,MCCE,bounded,MCCE_bounded,0,no_candidate,,0.0101709365844726,,
AUC,7,aligned,3,548,MCCE,bounded+edit,MCCE_bounded+edit,0,no_candidate,,0.0101709365844726,,
AUC,7,aligned,3,549,NICE,native,NICE_native,0,below_policy_threshold;immutable_changed:Test_2;immutable_changed:Test_3,15.0,0.0055403709411621,0.85,1.0
AUC,7,aligned,3,549,NICE,bounded,NICE_bounded,0,below_policy_threshold;classifier_target_not_met,6.0,0.0055403709411621,0.85,1.0
AUC,7,aligned,3,549,NICE,bounded+edit,NICE_bounded+edit,0,below_policy_threshold;classifier_target_not_met,6.0,0.0055403709411621,0.85,1.0
AUC,7,aligned,3,549,MCCE,native,MCCE_native,0,no_candidate,,0.0119554996490478,,
AUC,7,aligned,3,549,MCCE,bounded,MCCE_bounded,0,no_candidate,,0.0119554996490478,,
AUC,7,aligned,3,549,MCCE,bounded+edit,MCCE_bounded+edit,0,no_candidate,,0.0119554996490478,,
AUC,7,aligned,3,551,NICE,native,NICE_native,0,immutable_changed:Test_3,15.025,0.0042853355407714,0.85,1.0
AUC,7,aligned,3,551,NICE,bounded,NICE_bounded,0,below_policy_threshold;classifier_target_not_met,14.675,0.0042853355407714,0.85,1.0
AUC,7,aligned,3,551,NICE,bounded+edit,NICE_bounded+edit,0,below_policy_threshold;classifier_target_not_met,14.675,0.0042853355407714,0.85,1.0
AUC,7,aligned,3,551,MCCE,native,MCCE_native,0,no_candidate,,0.0131075382232666,,
AUC,7,aligned,3,551,MCCE,bounded,MCCE_bounded,0,no_candidate,,0.0131075382232666,,
AUC,7,aligned,3,551,MCCE,bounded+edit,MCCE_bounded+edit,0,no_candidate,,0.0131075382232666,,
AUC,7,aligned,3,570,NICE,native,NICE_native,1,OK,15.475,0.002974510192871,0.99,1.0
AUC,7,aligned,3,570,NICE,bounded,NICE_bounded,1,OK,15.475,0.002974510192871,0.99,1.0
AUC,7,aligned,3,570,NICE,bounded+edit,NICE_bounded+edit,1,OK,15.475,0.002974510192871,0.99,1.0
AUC,7,aligned,3,570,MCCE,native,MCCE_native,0,no_candidate,,0.012054443359375,,
AUC,7,aligned,3,570,MCCE,bounded,MCCE_bounded,0,no_candidate,,0.012054443359375,,
AUC,7,aligned,3,570,MCCE,bounded+edit,MCCE_bounded+edit,0,no_candidate,,0.012054443359375,,
AUC,7,aligned,3,571,NICE,native,NICE_native,0,below_policy_threshold;immutable_changed:Test_1;immutable_changed:Test_2,14.025,0.0056498050689697,0.85,1.0
AUC,7,aligned,3,571,NICE,bounded,NICE_bounded,0,below_policy_threshold;classifier_target_not_met,11.15,0.0056498050689697,0.85,1.0
AUC,7,aligned,3,571,NICE,bounded+edit,NICE_bounded+edit,0,below_policy_threshold;classifier_target_not_met,11.15,0.0056498050689697,0.85,1.0
AUC,7,aligned,3,571,MCCE,native,MCCE_native,0,no_candidate,,0.0126338005065917,,
AUC,7,aligned,3,571,MCCE,bounded,MCCE_bounded,0,no_candidate,,0.0126338005065917,,
AUC,7,aligned,3,571,MCCE,bounded+edit,MCCE_bounded+edit,0,no_candidate,,0.0126338005065917,,
AUC,7,aligned,3,576,NICE,native,NICE_native,0,below_policy_threshold;immutable_changed:Test_1,14.975,0.004157543182373,0.9,1.0
AUC,7,aligned,3,576,NICE,bounded,NICE_bounded,0,below_policy_threshold;classifier_target_not_met,14.55,0.004157543182373,0.9,1.0
AUC,7,aligned,3,576,NICE,bounded+edit,NICE_bounded+edit,0,below_policy_threshold;classifier_target_not_met,14.55,0.004157543182373,0.9,1.0
AUC,7,aligned,3,576,MCCE,native,MCCE_native,0,no_candidate,,0.0126562118530273,,
AUC,7,aligned,3,576,MCCE,bounded,MCCE_bounded,0,no_candidate,,0.0126562118530273,,
AUC,7,aligned,3,576,MCCE,bounded+edit,MCCE_bounded+edit,0,no_candidate,,0.0126562118530273,,
AUC,7,aligned,3,578,NICE,native,NICE_native,0,immutable_changed:Test_1;immutable_changed:Test_2,15.1,0.0056135654449462,0.8,1.0
AUC,7,aligned,3,578,NICE,bounded,NICE_bounded,0,below_policy_threshold;classifier_target_not_met,14.675,0.0056135654449462,0.8,1.0
AUC,7,aligned,3,578,NICE,bounded+edit,NICE_bounded+edit,0,below_policy_threshold;classifier_target_not_met,14.675,0.0056135654449462,0.8,1.0
AUC,7,aligned,3,578,MCCE,native,MCCE_native,0,out_of_bounds:sum_click,15.175,0.0180029869079589,0.9771659066994036,2.0
AUC,7,aligned,3,578,MCCE,bounded,MCCE_bounded,1,OK,15.175,0.0180029869079589,1.3068747807786742,2.0
AUC,7,aligned,3,578,MCCE,bounded+edit,MCCE_bounded+edit,1,OK,15.175,0.0180029869079589,1.3068747807786742,2.0
AUC,7,aligned,3,586,NICE,native,NICE_native,0,below_policy_threshold;immutable_changed:Test_1;immutable_changed:Test_2,11.025,0.0055255889892578,0.85,1.0
AUC,7,aligned,3,586,NICE,bounded,NICE_bounded,0,below_policy_threshold;classifier_target_not_met,4.25,0.0055255889892578,0.85,1.0
AUC,7,aligned,3,586,NICE,bounded+edit,NICE_bounded+edit,0,below_policy_threshold;classifier_target_not_met,4.25,0.0055255889892578,0.85,1.0
AUC,7,aligned,3,586,MCCE,native,MCCE_native,0,no_candidate,,0.0118424892425537,,
AUC,7,aligned,3,586,MCCE,bounded,MCCE_bounded,0,no_candidate,,0.0118424892425537,,
AUC,7,aligned,3,586,MCCE,bounded+edit,MCCE_bounded+edit,0,no_candidate,,0.0118424892425537,,
AUC,7,aligned,3,589,NICE,native,NICE_native,0,below_policy_threshold;immutable_changed:Test_1;immutable_changed:Test_2,14.275,0.0053579807281494,0.85,1.0
AUC,7,aligned,3,589,NICE,bounded,NICE_bounded,0,below_policy_threshold;classifier_target_not_met,12.5,0.0053579807281494,0.85,1.0
AUC,7,aligned,3,589,NICE,bounded+edit,NICE_bounded+edit,0,below_policy_threshold;classifier_target_not_met,12.5,0.0053579807281494,0.85,1.0
AUC,7,aligned,3,589,MCCE,native,MCCE_native,0,no_candidate,,0.0118544101715087,,
AUC,7,aligned,3,589,MCCE,bounded,MCCE_bounded,0,no_candidate,,0.0118544101715087,,
AUC,7,aligned,3,589,MCCE,bounded+edit,MCCE_bounded+edit,0,no_candidate,,0.0118544101715087,,
AUC,7,aligned,3,594,NICE,native,NICE_native,0,immutable_changed:Test_2,15.15,0.0043737888336181,0.7,1.0
AUC,7,aligned,3,594,NICE,bounded,NICE_bounded,0,below_policy_threshold;classifier_target_not_met,14.8,0.0043737888336181,0.7,1.0
AUC,7,aligned,3,594,NICE,bounded+edit,NICE_bounded+edit,0,below_policy_threshold;classifier_target_not_met,14.8,0.0043737888336181,0.7,1.0
AUC,7,aligned,3,594,MCCE,native,MCCE_native,1,OK,15.55,0.018134593963623,0.9318553888130968,2.0
AUC,7,aligned,3,594,MCCE,bounded,MCCE_bounded,1,OK,15.55,0.018134593963623,0.9318553888130968,2.0
AUC,7,aligned,3,594,MCCE,bounded+edit,MCCE_bounded+edit,1,OK,15.55,0.018134593963623,0.9318553888130968,2.0
AUC,7,aligned,3,603,NICE,native,NICE_native,0,immutable_changed:Test_1;immutable_changed:Test_2,15.05,0.0055882930755615,0.7,1.0
AUC,7,aligned,3,603,NICE,bounded,NICE_bounded,0,below_policy_threshold;classifier_target_not_met,14.875,0.0055882930755615,0.7,1.0
AUC,7,aligned,3,603,NICE,bounded+edit,NICE_bounded+edit,0,below_policy_threshold;classifier_target_not_met,14.875,0.0055882930755615,0.7,1.0
AUC,7,aligned,3,603,MCCE,native,MCCE_native,0,out_of_bounds:sum_click,15.625,0.0160887241363525,0.9503473562331146,2.0
AUC,7,aligned,3,603,MCCE,bounded,MCCE_bounded,0,no_candidate,,0.0160887241363525,,
AUC,7,aligned,3,603,MCCE,bounded+edit,MCCE_bounded+edit,0,no_candidate,,0.0160887241363525,,
AUC,7,aligned,3,610,NICE,native,NICE_native,0,below_policy_threshold;immutable_changed:Test_2,11.175,0.0044641494750976,0.85,1.0
AUC,7,aligned,3,610,NICE,bounded,NICE_bounded,0,below_policy_threshold;classifier_target_not_met,6.675,0.0044641494750976,0.85,1.0
AUC,7,aligned,3,610,NICE,bounded+edit,NICE_bounded+edit,0,below_policy_threshold;classifier_target_not_met,6.675,0.0044641494750976,0.85,1.0
AUC,7,aligned,3,610,MCCE,native,MCCE_native,0,no_candidate,,0.012094497680664,,
AUC,7,aligned,3,610,MCCE,bounded,MCCE_bounded,0,no_candidate,,0.012094497680664,,
AUC,7,aligned,3,610,MCCE,bounded+edit,MCCE_bounded+edit,0,no_candidate,,0.012094497680664,,
AUC,7,aligned,3,624,NICE,native,NICE_native,0,below_policy_threshold;immutable_changed:Test_1;immutable_changed:Test_2,11.025,0.005429983139038,0.85,1.0
AUC,7,aligned,3,624,NICE,bounded,NICE_bounded,0,below_policy_threshold;classifier_target_not_met,6.375,0.005429983139038,0.85,1.0
AUC,7,aligned,3,624,NICE,bounded+edit,NICE_bounded+edit,0,below_policy_threshold;classifier_target_not_met,6.375,0.005429983139038,0.85,1.0
AUC,7,aligned,3,624,MCCE,native,MCCE_native,0,no_candidate,,0.0124802589416503,,
AUC,7,aligned,3,624,MCCE,bounded,MCCE_bounded,0,no_candidate,,0.0124802589416503,,
AUC,7,aligned,3,624,MCCE,bounded+edit,MCCE_bounded+edit,0,no_candidate,,0.0124802589416503,,
AUC,7,aligned,3,627,NICE,native,NICE_native,0,below_policy_threshold;immutable_changed:Test_2,14.95,0.004284381866455,0.85,1.0
AUC,7,aligned,3,627,NICE,bounded,NICE_bounded,0,below_policy_threshold;classifier_target_not_met,14.6,0.004284381866455,0.85,1.0
AUC,7,aligned,3,627,NICE,bounded+edit,NICE_bounded+edit,0,below_policy_threshold;classifier_target_not_met,14.6,0.004284381866455,0.85,1.0
AUC,7,aligned,3,627,MCCE,native,MCCE_native,0,no_candidate,,0.0117359161376953,,
AUC,7,aligned,3,627,MCCE,bounded,MCCE_bounded,0,no_candidate,,0.0117359161376953,,
AUC,7,aligned,3,627,MCCE,bounded+edit,MCCE_bounded+edit,0,no_candidate,,0.0117359161376953,,
AUC,7,aligned,3,629,NICE,native,NICE_native,0,below_policy_threshold;immutable_changed:Test_1;immutable_changed:Test_3,14.725,0.0052602291107177,0.9,1.0
AUC,7,aligned,3,629,NICE,bounded,NICE_bounded,0,below_policy_threshold;classifier_target_not_met,9.75,0.0052602291107177,0.9,1.0
AUC,7,aligned,3,629,NICE,bounded+edit,NICE_bounded+edit,0,below_policy_threshold;classifier_target_not_met,9.75,0.0052602291107177,0.9,1.0
AUC,7,aligned,3,629,MCCE,native,MCCE_native,0,no_candidate,,0.0121610164642333,,
AUC,7,aligned,3,629,MCCE,bounded,MCCE_bounded,0,no_candidate,,0.0121610164642333,,
AUC,7,aligned,3,629,MCCE,bounded+edit,MCCE_bounded+edit,0,no_candidate,,0.0121610164642333,,
AUC,7,aligned,3,636,NICE,native,NICE_native,0,immutable_changed:Test_1;immutable_changed:Test_2;immutable_changed:Test_3,15.05,0.006859540939331,0.7,1.0
AUC,7,aligned,3,636,NICE,bounded,NICE_bounded,0,below_policy_threshold;classifier_target_not_met,5.625,0.006859540939331,0.7,1.0
AUC,7,aligned,3,636,NICE,bounded+edit,NICE_bounded+edit,0,below_policy_threshold;classifier_target_not_met,5.625,0.006859540939331,0.7,1.0
AUC,7,aligned,3,636,MCCE,native,MCCE_native,0,no_candidate,,0.01155686378479,,
AUC,7,aligned,3,636,MCCE,bounded,MCCE_bounded,0,no_candidate,,0.01155686378479,,
AUC,7,aligned,3,636,MCCE,bounded+edit,MCCE_bounded+edit,0,no_candidate,,0.01155686378479,,
AUC,7,aligned,3,637,NICE,native,NICE_native,0,below_policy_threshold;immutable_changed:Test_3,11.45,0.0040211677551269,0.9,1.0
AUC,7,aligned,3,637,NICE,bounded,NICE_bounded,0,below_policy_threshold;classifier_target_not_met,6.95,0.0040211677551269,0.9,1.0
AUC,7,aligned,3,637,NICE,bounded+edit,NICE_bounded+edit,0,below_policy_threshold;classifier_target_not_met,6.95,0.0040211677551269,0.9,1.0
AUC,7,aligned,3,637,MCCE,native,MCCE_native,0,no_candidate,,0.0136523246765136,,
AUC,7,aligned,3,637,MCCE,bounded,MCCE_bounded,0,no_candidate,,0.0136523246765136,,
AUC,7,aligned,3,637,MCCE,bounded+edit,MCCE_bounded+edit,0,no_candidate,,0.0136523246765136,,
AUC,7,aligned,3,646,NICE,native,NICE_native,0,immutable_changed:Test_2;immutable_changed:Test_3,15.05,0.0054223537445068,0.7,1.0
AUC,7,aligned,3,646,NICE,bounded,NICE_bounded,0,below_policy_threshold;classifier_target_not_met,5.75,0.0054223537445068,0.7,1.0
AUC,7,aligned,3,646,NICE,bounded+edit,NICE_bounded+edit,0,below_policy_threshold;classifier_target_not_met,5.75,0.0054223537445068,0.7,1.0
AUC,7,aligned,3,646,MCCE,native,MCCE_native,0,no_candidate,,0.0121243000030517,,
AUC,7,aligned,3,646,MCCE,bounded,MCCE_bounded,0,no_candidate,,0.0121243000030517,,
AUC,7,aligned,3,646,MCCE,bounded+edit,MCCE_bounded+edit,0,no_candidate,,0.0121243000030517,,
AUC,7,aligned,3,655,NICE,native,NICE_native,0,below_policy_threshold,14.625,0.0028069019317626,0.85,1.0
AUC,7,aligned,3,655,NICE,bounded,NICE_bounded,0,below_policy_threshold,14.625,0.0028069019317626,0.85,1.0
AUC,7,aligned,3,655,NICE,bounded+edit,NICE_bounded+edit,0,below_policy_threshold,14.625,0.0028069019317626,0.85,1.0
AUC,7,aligned,3,655,MCCE,native,MCCE_native,0,below_policy_threshold,14.875,0.0180220603942871,1.0518602885345485,2.0
AUC,7,aligned,3,655,MCCE,bounded,MCCE_bounded,0,below_policy_threshold,14.875,0.0180220603942871,1.0518602885345485,2.0
AUC,7,aligned,3,655,MCCE,bounded+edit,MCCE_bounded+edit,0,below_policy_threshold,14.875,0.0180220603942871,1.0518602885345485,2.0
AUC,7,aligned,3,657,NICE,native,NICE_native,0,below_policy_threshold;immutable_changed:Test_1;immutable_changed:Test_2,11.025,0.0054972171783447,0.85,1.0
AUC,7,aligned,3,657,NICE,bounded,NICE_bounded,0,below_policy_threshold;classifier_target_not_met,4.25,0.0054972171783447,0.85,1.0
AUC,7,aligned,3,657,NICE,bounded+edit,NICE_bounded+edit,0,below_policy_threshold;classifier_target_not_met,4.25,0.0054972171783447,0.85,1.0
AUC,7,aligned,3,657,MCCE,native,MCCE_native,0,no_candidate,,0.0123515129089355,,
AUC,7,aligned,3,657,MCCE,bounded,MCCE_bounded,0,no_candidate,,0.0123515129089355,,
AUC,7,aligned,3,657,MCCE,bounded+edit,MCCE_bounded+edit,0,no_candidate,,0.0123515129089355,,
AUC,7,aligned,3,661,NICE,native,NICE_native,0,below_policy_threshold;immutable_changed:Test_1;immutable_changed:Test_2,10.725,0.0081660747528076,0.85,1.0
AUC,7,aligned,3,661,NICE,bounded,NICE_bounded,0,below_policy_threshold;classifier_target_not_met,4.25,0.0081660747528076,0.85,1.0
AUC,7,aligned,3,661,NICE,bounded+edit,NICE_bounded+edit,0,below_policy_threshold;classifier_target_not_met,4.25,0.0081660747528076,0.85,1.0
AUC,7,aligned,3,661,MCCE,native,MCCE_native,0,no_candidate,,0.0116915702819824,,
AUC,7,aligned,3,661,MCCE,bounded,MCCE_bounded,0,no_candidate,,0.0116915702819824,,
AUC,7,aligned,3,661,MCCE,bounded+edit,MCCE_bounded+edit,0,no_candidate,,0.0116915702819824,,
AUC,7,aligned,3,666,NICE,native,NICE_native,0,below_policy_threshold;immutable_changed:Test_1,11.025,0.0040931701660156,0.85,1.0
AUC,7,aligned,3,666,NICE,bounded,NICE_bounded,0,below_policy_threshold;classifier_target_not_met,10.75,0.0040931701660156,0.85,1.0
AUC,7,aligned,3,666,NICE,bounded+edit,NICE_bounded+edit,0,below_policy_threshold;classifier_target_not_met,10.75,0.0040931701660156,0.85,1.0
AUC,7,aligned,3,666,MCCE,native,MCCE_native,0,no_candidate,,0.0122795104980468,,
AUC,7,aligned,3,666,MCCE,bounded,MCCE_bounded,0,no_candidate,,0.0122795104980468,,
AUC,7,aligned,3,666,MCCE,bounded+edit,MCCE_bounded+edit,0,no_candidate,,0.0122795104980468,,
AUC,7,aligned,3,669,NICE,native,NICE_native,0,below_policy_threshold;immutable_changed:Test_2,11.125,0.0046389102935791,0.85,1.0
AUC,7,aligned,3,669,NICE,bounded,NICE_bounded,0,below_policy_threshold;classifier_target_not_met,6.625,0.0046389102935791,0.85,1.0
AUC,7,aligned,3,669,NICE,bounded+edit,NICE_bounded+edit,0,below_policy_threshold;classifier_target_not_met,6.625,0.0046389102935791,0.85,1.0
AUC,7,aligned,3,669,MCCE,native,MCCE_native,0,no_candidate,,0.0118002891540527,,
AUC,7,aligned,3,669,MCCE,bounded,MCCE_bounded,0,no_candidate,,0.0118002891540527,,
AUC,7,aligned,3,669,MCCE,bounded+edit,MCCE_bounded+edit,0,no_candidate,,0.0118002891540527,,
