dataset,seed,regime,stage,query,method,variant,condition,accepted,reasons,policy_score,seconds,effort,sparsity
AUC,5,aligned,1,21,NICE,native,NICE_native,1,OK,15.3,0.0055506229400634,2.61,3.0
AUC,5,aligned,1,21,NICE,bounded,NICE_bounded,1,OK,15.3,0.0055506229400634,2.61,3.0
AUC,5,aligned,1,21,NICE,bounded+edit,NICE_bounded+edit,1,OK,15.3,0.0055506229400634,2.61,3.0
AUC,5,aligned,1,21,MCCE,native,MCCE_native,0,below_policy_threshold,14.7,0.0414471626281738,2.49,3.0
AUC,5,aligned,1,21,MCCE,bounded,MCCE_bounded,0,below_policy_threshold,14.7,0.0414471626281738,2.49,3.0
AUC,5,aligned,1,21,MCCE,bounded+edit,MCCE_bounded+edit,0,below_policy_threshold,14.7,0.0414471626281738,2.49,3.0
AUC,5,aligned,1,28,NICE,native,NICE_native,0,below_policy_threshold;immutable_changed:Test_1,11.025,0.0053911209106445,1.75,2.0
AUC,5,aligned,1,28,NICE,bounded,NICE_bounded,0,below_policy_threshold;classifier_target_not_met,10.75,0.0053911209106445,1.75,2.0
AUC,5,aligned,1,28,NICE,bounded+edit,NICE_bounded+edit,1,OK,15.194444444444445,0.0053911209106445,2.638888888888889,3.0
AUC,5,aligned,1,28,MCCE,native,MCCE_native,1,OK,15.05,0.0471346378326416,2.7375558056649787,4.0
AUC,5,aligned,1,28,MCCE,bounded,MCCE_bounded,1,OK,15.05,0.0471346378326416,2.7375558056649787,4.0
AUC,5,aligned,1,28,MCCE,bounded+edit,MCCE_bounded+edit,1,OK,15.05,0.0471346378326416,2.7375558056649787,4.0
AUC,5,aligned,1,33,NICE,native,NICE_native,0,immutable_changed:Test_1,15.2,0.007009744644165,2.63,3.0
AUC,5,aligned,1,33,NICE,bounded,NICE_bounded,0,below_policy_threshold;classifier_target_not_met,14.65,0.007009744644165,2.63,3.0
AUC,5,aligned,1,33,NICE,bounded+edit,NICE_bounded+edit,0,below_policy_threshold;classifier_target_not_met,14.65,0.007009744644165,2.63,3.0
AUC,5,aligned,1,33,MCCE,native,MCCE_native,0,out_of_bounds:sum_click,15.05,0.0203254222869873,2.73393776181927,4.0
AUC,5,aligned,1,33,MCCE,bounded,MCCE_bounded,0,no_candidate,,0.0203254222869873,,
AUC,5,aligned,1,33,MCCE,bounded+edit,MCCE_bounded+edit,0,no_candidate,,0.0203254222869873,,
AUC,5,aligned,1,40,NICE,native,NICE_native,1,OK,15.05,0.0055491924285888,2.62,3.0
AUC,5,aligned,1,40,NICE,bounded,NICE_bounded,1,OK,15.05,0.0055491924285888,2.62,3.0
AUC,5,aligned,1,40,NICE,bounded+edit,NICE_bounded+edit,1,OK,15.05,0.0055491924285888,2.62,3.0
AUC,5,aligned,1,40,MCCE,native,MCCE_native,1,OK,15.05,0.0233385562896728,2.6764573041637263,4.0
AUC,5,aligned,1,40,MCCE,bounded,MCCE_bounded,1,OK,15.05,0.0233385562896728,2.6764573041637263,4.0
AUC,5,aligned,1,40,MCCE,bounded+edit,MCCE_bounded+edit,1,OK,15.05,0.0233385562896728,2.6764573041637263,4.0
AUC,5,aligned,1,42,NICE,native,NICE_native,0,below_policy_threshold,15.0,0.0057365894317626,2.57,3.0
AUC,5,aligned,1,42,NICE,bounded,NICE_bounded,0,below_policy_threshold,15.0,0.0057365894317626,2.57,3.0
AUC,5,aligned,1,42,NICE,bounded+edit,NICE_bounded+edit,0,below_policy_threshold,15.0,0.0057365894317626,2.57,3.0
AUC,5,aligned,1,42,MCCE,native,MCCE_native,0,below_policy_threshold;out_of_bounds:sum_click,14.9,0.0246908664703369,2.6889631213254943,4.0
AUC,5,aligned,1,42,MCCE,bounded,MCCE_bounded,1,OK,15.1,0.0246908664703369,2.622068412613576,4.0
AUC,5,aligned,1,42,MCCE,bounded+edit,MCCE_bounded+edit,1,OK,15.1,0.0246908664703369,2.622068412613576,4.0
AUC,5,aligned,1,45,NICE,native,NICE_native,0,below_policy_threshold,14.925,0.005486249923706,2.56,3.0
AUC,5,aligned,1,45,NICE,bounded,NICE_bounded,0,below_policy_threshold,14.925,0.005486249923706,2.56,3.0
AUC,5,aligned,1,45,NICE,bounded+edit,NICE_bounded+edit,0,below_policy_threshold,14.925,0.005486249923706,2.56,3.0
AUC,5,aligned,1,45,MCCE,native,MCCE_native,0,out_of_bounds:sum_click,15.025,0.0236430168151855,2.615980467746081,4.0
AUC,5,aligned,1,45,MCCE,bounded,MCCE_bounded,1,OK,15.175,0.0236430168151855,2.68710100231303,4.0
AUC,5,aligned,1,45,MCCE,bounded+edit,MCCE_bounded+edit,1,OK,15.175,0.0236430168151855,2.68710100231303,4.0
AUC,5,aligned,1,52,NICE,native,NICE_native,0,immutable_changed:Test_1,15.05,0.006899356842041,2.56,3.0
AUC,5,aligned,1,52,NICE,bounded,NICE_bounded,0,below_policy_threshold;classifier_target_not_met,14.3,0.006899356842041,2.56,3.0
AUC,5,aligned,1,52,NICE,bounded+edit,NICE_bounded+edit,0,below_policy_threshold;classifier_target_not_met,14.3,0.006899356842041,2.56,3.0
AUC,5,aligned,1,52,MCCE,native,MCCE_native,0,below_policy_threshold,14.65,0.0228912830352783,2.8260357220649097,4.0
AUC,5,aligned,1,52,MCCE,bounded,MCCE_bounded,0,below_policy_threshold,14.65,0.0228912830352783,2.8260357220649097,4.0
AUC,5,aligned,1,52,MCCE,bounded+edit,MCCE_bounded+edit,0,below_policy_threshold,14.65,0.0228912830352783,2.8260357220649097,4.0
AUC,5,aligned,1,53,NICE,native,NICE_native,0,below_policy_threshold;immutable_changed:Test_1,11.025,0.0053493976593017,1.75,2.0
AUC,5,aligned,1,53,NICE,bounded,NICE_bounded,0,below_policy_threshold;classifier_target_not_met,10.5,0.0053493976593017,1.75,2.0
AUC,5,aligned,1,53,NICE,bounded+edit,NICE_bounded+edit,1,OK,15.5,0.0053493976593017,2.75,3.0
AUC,5,aligned,1,53,MCCE,native,MCCE_native,0,below_policy_threshold,14.85,0.0229463577270507,2.837887893164646,4.0
AUC,5,aligned,1,53,MCCE,bounded,MCCE_bounded,0,below_policy_threshold,14.85,0.0229463577270507,2.837887893164646,4.0
AUC,5,aligned,1,53,MCCE,bounded+edit,MCCE_bounded+edit,0,below_policy_threshold,14.85,0.0229463577270507,2.837887893164646,4.0
AUC,5,aligned,1,72,NICE,native,NICE_native,0,below_policy_threshold,14.9,0.0055303573608398,2.56,3.0
AUC,5,aligned,1,72,NICE,bounded,NICE_bounded,0,below_policy_threshold,14.9,0.0055303573608398,2.56,3.0
AUC,5,aligned,1,72,NICE,bounded+edit,NICE_bounded+edit,0,below_policy_threshold,14.9,0.0055303573608398,2.56,3.0
AUC,5,aligned,1,72,MCCE,native,MCCE_native,1,OK,15.2,0.022742748260498,2.62,3.0
AUC,5,aligned,1,72,MCCE,bounded,MCCE_bounded,1,OK,15.2,0.022742748260498,2.62,3.0
AUC,5,aligned,1,72,MCCE,bounded+edit,MCCE_bounded+edit,1,OK,15.2,0.022742748260498,2.62,3.0
AUC,5,aligned,1,89,NICE,native,NICE_native,0,below_policy_threshold;immutable_changed:Test_1,11.025,0.0057208538055419,1.75,2.0
AUC,5,aligned,1,89,NICE,bounded,NICE_bounded,0,below_policy_threshold;classifier_target_not_met,10.7,0.0057208538055419,1.75,2.0
AUC,5,aligned,1,89,NICE,bounded+edit,NICE_bounded+edit,1,OK,15.144444444444446,0.0057208538055419,2.638888888888889,3.0
AUC,5,aligned,1,89,MCCE,native,MCCE_native,1,OK,15.05,0.022019624710083,2.738277582701904,4.0
AUC,5,aligned,1,89,MCCE,bounded,MCCE_bounded,1,OK,15.05,0.022019624710083,2.738277582701904,4.0
AUC,5,aligned,1,89,MCCE,bounded+edit,MCCE_bounded+edit,1,OK,15.05,0.022019624710083,2.738277582701904,4.0
AUC,5,aligned,1,104,NICE,native,NICE_native,1,OK,15.05,0.0060076713562011,2.56,3.0
AUC,5,aligned,1,104,NICE,bounded,NICE_bounded,1,OK,15.05,0.0060076713562011,2.56,3.0
AUC,5,aligned,1,104,NICE,bounded+edit,NICE_bounded+edit,1,OK,15.05,0.0060076713562011,2.56,3.0
AUC,5,aligned,1,104,MCCE,native,MCCE_native,1,OK,15.25,0.0252025127410888,2.6,3.0
AUC,5,aligned,1,104,MCCE,bounded,MCCE_bounded,1,OK,15.25,0.0252025127410888,2.6,3.0
AUC,5,aligned,1,104,MCCE,bounded+edit,MCCE_bounded+edit,1,OK,15.25,0.0252025127410888,2.6,3.0
AUC,5,aligned,1,117,NICE,native,NICE_native,1,OK,15.1,0.0054516792297363,2.57,3.0
AUC,5,aligned,1,117,NICE,bounded,NICE_bounded,1,OK,15.1,0.0054516792297363,2.57,3.0
AUC,5,aligned,1,117,NICE,bounded+edit,NICE_bounded+edit,1,OK,15.1,0.0054516792297363,2.57,3.0
AUC,5,aligned,1,117,MCCE,native,MCCE_native,0,below_policy_threshold,14.75,0.0240213871002197,2.8527815468113977,4.0
AUC,5,aligned,1,117,MCCE,bounded,MCCE_bounded,0,below_policy_threshold,14.75,0.0240213871002197,2.8527815468113977,4.0
AUC,5,aligned,1,117,MCCE,bounded+edit,MCCE_bounded+edit,0,below_policy_threshold,14.75,0.0240213871002197,2.8527815468113977,4.0
AUC,5,aligned,1,123,NICE,native,NICE_native,0,below_policy_threshold,10.475,0.0040481090545654,1.77,2.0
AUC,5,aligned,1,123,NICE,bounded,NICE_bounded,0,below_policy_threshold,10.475,0.0040481090545654,1.77,2.0
AUC,5,aligned,1,123,NICE,bounded+edit,NICE_bounded+edit,1,OK,15.475,0.0040481090545654,2.77,3.0
AUC,5,aligned,1,123,MCCE,native,MCCE_native,0,below_policy_threshold;out_of_bounds:sum_click,14.875,0.0222408771514892,2.777620783956244,4.0
AUC,5,aligned,1,123,MCCE,bounded,MCCE_bounded,1,OK,15.075,0.0222408771514892,2.71430872075357,4.0
AUC,5,aligned,1,123,MCCE,bounded+edit,MCCE_bounded+edit,1,OK,15.075,0.0222408771514892,2.71430872075357,4.0
AUC,5,aligned,1,129,NICE,native,NICE_native,0,below_policy_threshold,14.975,0.0053114891052246,2.56,3.0
AUC,5,aligned,1,129,NICE,bounded,NICE_bounded,0,below_policy_threshold,14.975,0.0053114891052246,2.56,3.0
AUC,5,aligned,1,129,NICE,bounded+edit,NICE_bounded+edit,0,below_policy_threshold,14.975,0.0053114891052246,2.56,3.0
AUC,5,aligned,1,129,MCCE,native,MCCE_native,0,below_policy_threshold;out_of_bounds:sum_click,14.925,0.0230889320373535,2.7161027376191944,4.0
AUC,5,aligned,1,129,MCCE,bounded,MCCE_bounded,0,below_policy_threshold,14.925,0.0230889320373535,2.7837742233159037,4.0
AUC,5,aligned,1,129,MCCE,bounded+edit,MCCE_bounded+edit,0,below_policy_threshold,14.925,0.0230889320373535,2.7837742233159037,4.0
AUC,5,aligned,1,131,NICE,native,NICE_native,1,OK,15.1,0.0055515766143798,2.62,3.0
AUC,5,aligned,1,131,NICE,bounded,NICE_bounded,1,OK,15.1,0.0055515766143798,2.62,3.0
AUC,5,aligned,1,131,NICE,bounded+edit,NICE_bounded+edit,1,OK,15.1,0.0055515766143798,2.62,3.0
AUC,5,aligned,1,131,MCCE,native,MCCE_native,0,out_of_bounds:sum_click,15.05,0.0257558822631835,2.688868012062167,4.0
AUC,5,aligned,1,131,MCCE,bounded,MCCE_bounded,1,OK,15.05,0.0257558822631835,2.777014613778706,4.0
AUC,5,aligned,1,131,MCCE,bounded+edit,MCCE_bounded+edit,1,OK,15.05,0.0257558822631835,2.777014613778706,4.0
AUC,5,aligned,1,132,NICE,native,NICE_native,1,OK,15.15,0.0056078433990478,2.63,3.0
AUC,5,aligned,1,132,NICE,bounded,NICE_bounded,1,OK,15.15,0.0056078433990478,2.63,3.0
AUC,5,aligned,1,132,NICE,bounded+edit,NICE_bounded+edit,1,OK,15.15,0.0056078433990478,2.63,3.0
AUC,5,aligned,1,132,MCCE,native,MCCE_native,0,below_policy_threshold;out_of_bounds:sum_click,14.95,0.0228183269500732,2.6422534291312867,4.0
AUC,5,aligned,1,132,MCCE,bounded,MCCE_bounded,1,OK,15.25,0.0228183269500732,2.911267145656434,4.0
AUC,5,aligned,1,132,MCCE,bounded+edit,MCCE_bounded+edit,1,OK,15.25,0.0228183269500732,2.911267145656434,4.0
AUC,5,aligned,1,138,NICE,native,NICE_native,0,below_policy_threshold,10.7,0.004103660583496,1.77,2.0
AUC,5,aligned,1,138,NICE,bounded,NICE_bounded,0,below_policy_threshold,10.7,0.004103660583496,1.77,2.0
AUC,5,aligned,1,138,NICE,bounded+edit,NICE_bounded+edit,1,OK,15.144444444444444,0.004103660583496,2.658888888888889,3.0
AUC,5,aligned,1,138,MCCE,native,MCCE_native,0,below_policy_threshold,14.95,0.0234291553497314,2.630663822980538,4.0
AUC,5,aligned,1,138,MCCE,bounded,MCCE_bounded,0,below_policy_threshold,14.95,0.0234291553497314,2.630663822980538,4.0
AUC,5,aligned,1,138,MCCE,bounded+edit,MCCE_bounded+edit,0,below_policy_threshold,14.95,0.0234291553497314,2.630663822980538,4.0
AUC,5,aligned,1,143,NICE,native,NICE_native,0,below_policy_threshold,14.5,0.0054230690002441,2.65,3.0
AUC,5,aligned,1,143,NICE,bounded,NICE_bounded,0,below_policy_threshold,14.5,0.0054230690002441,2.65,3.0
AUC,5,aligned,1,143,NICE,bounded+edit,NICE_bounded+edit,0,below_policy_threshold,14.5,0.0054230690002441,2.65,3.0
AUC,5,aligned,1,143,MCCE,native,MCCE_native,0,no_candidate,,0.0169460773468017,,
AUC,5,aligned,1,143,MCCE,bounded,MCCE_bounded,0,no_candidate,,0.0169460773468017,,
AUC,5,aligned,1,143,MCCE,bounded+edit,MCCE_bounded+edit,0,no_candidate,,0.0169460773468017,,
AUC,5,aligned,1,148,NICE,native,NICE_native,0,immutable_changed:Test_1,15.15,0.0067958831787109,2.58,3.0
AUC,5,aligned,1,148,NICE,bounded,NICE_bounded,0,below_policy_threshold;classifier_target_not_met,14.65,0.0067958831787109,2.58,3.0
AUC,5,aligned,1,148,NICE,bounded+edit,NICE_bounded+edit,0,below_policy_threshold;classifier_target_not_met,14.65,0.0067958831787109,2.58,3.0
AUC,5,aligned,1,148,MCCE,native,MCCE_native,0,below_policy_threshold,14.85,0.0238780975341796,2.904399832705981,4.0
AUC,5,aligned,1,148,MCCE,bounded,MCCE_bounded,0,below_policy_threshold,14.85,0.0238780975341796,2.904399832705981,4.0
AUC,5,aligned,1,148,MCCE,bounded+edit,MCCE_bounded+edit,0,below_policy_threshold,14.85,0.0238780975341796,2.904399832705981,4.0
AUC,5,aligned,1,187,NICE,native,NICE_native,0,below_policy_threshold;immutable_changed:Test_1,11.025,0.0057723522186279,1.75,2.0
AUC,5,aligned,1,187,NICE,bounded,NICE_bounded,0,below_policy_threshold;classifier_target_not_met,10.25,0.0057723522186279,1.75,2.0
AUC,5,aligned,1,187,NICE,bounded+edit,NICE_bounded+edit,1,OK,15.25,0.0057723522186279,2.75,3.0
AUC,5,aligned,1,187,MCCE,native,MCCE_native,0,below_policy_threshold,14.65,0.0233094692230224,2.935027301826398,4.0
AUC,5,aligned,1,187,MCCE,bounded,MCCE_bounded,0,below_policy_threshold,14.65,0.0233094692230224,2.935027301826398,4.0
AUC,5,aligned,1,187,MCCE,bounded+edit,MCCE_bounded+edit,0,below_policy_threshold,14.65,0.0233094692230224,2.935027301826398,4.0
AUC,5,aligned,1,193,NICE,native,NICE_native,1,OK,15.05,0.0055890083312988,2.56,3.0
AUC,5,aligned,1,193,NICE,bounded,NICE_bounded,1,OK,15.05,0.0055890083312988,2.56,3.0
AUC,5,aligned,1,193,NICE,bounded+edit,NICE_bounded+edit,1,OK,15.05,0.0055890083312988,2.56,3.0
AUC,5,aligned,1,193,MCCE,native,MCCE_native,0,below_policy_threshold;out_of_bounds:sum_click,14.7,0.0254509449005126,2.6428584530724546,4.0
AUC,5,aligned,1,193,MCCE,bounded,MCCE_bounded,0,below_policy_threshold,15.0,0.0254509449005126,2.586686028737389,4.0
AUC,5,aligned,1,193,MCCE,bounded+edit,MCCE_bounded+edit,0,below_policy_threshold,15.0,0.0254509449005126,2.586686028737389,4.0
AUC,5,aligned,1,194,NICE,native,NICE_native,0,below_policy_threshold;immutable_changed:Test_1,11.025,0.0057032108306884,1.75,2.0
AUC,5,aligned,1,194,NICE,bounded,NICE_bounded,0,below_policy_threshold;classifier_target_not_met,10.55,0.0057032108306884,1.75,2.0
AUC,5,aligned,1,194,NICE,bounded+edit,NICE_bounded+edit,1,OK,15.55,0.0057032108306884,2.75,3.0
AUC,5,aligned,1,194,MCCE,native,MCCE_native,0,below_policy_threshold;out_of_bounds:sum_click,14.95,0.0223410129547119,2.698507814172554,4.0
AUC,5,aligned,1,194,MCCE,bounded,MCCE_bounded,0,below_policy_threshold,14.8,0.0223410129547119,2.8098051809034468,4.0
AUC,5,aligned,1,194,MCCE,bounded+edit,MCCE_bounded+edit,0,below_policy_threshold,14.8,0.0223410129547119,2.8098051809034468,4.0
AUC,5,aligned,1,197,NICE,native,NICE_native,0,immutable_changed:Test_1,15.15,0.006728172302246,2.58,3.0
AUC,5,aligned,1,197,NICE,bounded,NICE_bounded,0,below_policy_threshold;classifier_target_not_met,14.85,0.006728172302246,2.58,3.0
AUC,5,aligned,1,197,NICE,bounded+edit,NICE_bounded+edit,0,below_policy_threshold;classifier_target_not_met,14.85,0.006728172302246,2.58,3.0
AUC,5,aligned,1,197,MCCE,native,MCCE_native,0,out_of_bounds:sum_click,15.05,0.0225038528442382,3.2432294617563744,4.0
AUC,5,aligned,1,197,MCCE,bounded,MCCE_bounded,1,OK,15.35,0.0225038528442382,3.0766005665722385,4.0
AUC,5,aligned,1,197,MCCE,bounded+edit,MCCE_bounded+edit,1,OK,15.35,0.0225038528442382,3.0766005665722385,4.0
AUC,5,aligned,1,199,NICE,native,NICE_native,1,OK,15.025,0.0052902698516845,2.56,3.0
AUC,5,aligned,1,199,NICE,bounded,NICE_bounded,1,OK,15.025,0.0052902698516845,2.56,3.0
AUC,5,aligned,1,199,NICE,bounded+edit,NICE_bounded+edit,1,OK,15.025,0.0052902698516845,2.56,3.0
AUC,5,aligned,1,199,MCCE,native,MCCE_native,0,below_policy_threshold;out_of_bounds:sum_click,14.95,0.0230891704559326,2.5822873456070847,4.0
AUC,5,aligned,1,199,MCCE,bounded,MCCE_bounded,1,OK,15.025,0.0230891704559326,2.592626427406199,4.0
AUC,5,aligned,1,199,MCCE,bounded+edit,MCCE_bounded+edit,1,OK,15.025,0.0230891704559326,2.592626427406199,4.0
AUC,5,aligned,1,203,NICE,native,NICE_native,0,below_policy_threshold,10.725,0.0041053295135498,1.77,2.0
AUC,5,aligned,1,203,NICE,bounded,NICE_bounded,0,below_policy_threshold,10.725,0.0041053295135498,1.77,2.0
AUC,5,aligned,1,203,NICE,bounded+edit,NICE_bounded+edit,1,OK,15.169444444444444,0.0041053295135498,2.658888888888889,3.0
AUC,5,aligned,1,203,MCCE,native,MCCE_native,0,below_policy_threshold,14.825,0.022130012512207,2.631778573560131,4.0
AUC,5,aligned,1,203,MCCE,bounded,MCCE_bounded,0,below_policy_threshold,14.825,0.022130012512207,2.631778573560131,4.0
AUC,5,aligned,1,203,MCCE,bounded+edit,MCCE_bounded+edit,0,below_policy_threshold,14.825,0.022130012512207,2.631778573560131,4.0
AUC,5,aligned,1,208,NICE,native,NICE_native,0,below_policy_threshold;immutable_changed:Test_1,11.025,0.00559663772583,1.75,2.0
AUC,5,aligned,1,208,NICE,bounded,NICE_bounded,0,below_policy_threshold;classifier_target_not_met,10.5,0.00559663772583,1.75,2.0
AUC,5,aligned,1,208,NICE,bounded+edit,NICE_bounded+edit,1,OK,15.5,0.00559663772583,2.75,3.0
AUC,5,aligned,1,208,MCCE,native,MCCE_native,0,below_policy_threshold,14.85,0.0224130153656005,2.769111068629325,4.0
AUC,5,aligned,1,208,MCCE,bounded,MCCE_bounded,0,below_policy_threshold,14.85,0.0224130153656005,2.769111068629325,4.0
AUC,5,aligned,1,208,MCCE,bounded+edit,MCCE_bounded+edit,0,below_policy_threshold,14.85,0.0224130153656005,2.769111068629325,4.0
AUC,5,aligned,1,212,NICE,native,NICE_native,1,OK,15.075,0.0054907798767089,2.58,3.0
AUC,5,aligned,1,212,NICE,bounded,NICE_bounded,1,OK,15.075,0.0054907798767089,2.58,3.0
AUC,5,aligned,1,212,NICE,bounded+edit,NICE_bounded+edit,1,OK,15.075,0.0054907798767089,2.58,3.0
AUC,5,aligned,1,212,MCCE,native,MCCE_native,0,below_policy_threshold;out_of_bounds:sum_click,14.925,0.0228147506713867,2.5580938891137195,4.0
AUC,5,aligned,1,212,MCCE,bounded,MCCE_bounded,1,OK,15.575,0.0228147506713867,2.825690004046945,4.0
AUC,5,aligned,1,212,MCCE,bounded+edit,MCCE_bounded+edit,1,OK,15.575,0.0228147506713867,2.825690004046945,4.0
AUC,5,aligned,1,219,NICE,native,NICE_native,0,below_policy_threshold,10.6,0.0041854381561279,1.77,2.0
AUC,5,aligned,1,219,NICE,bounded,NICE_bounded,0,below_policy_threshold,10.6,0.0041854381561279,1.77,2.0
AUC,5,aligned,1,219,NICE,bounded+edit,NICE_bounded+edit,1,OK,15.044444444444444,0.0041854381561279,2.658888888888889,3.0
AUC,5,aligned,1,219,MCCE,native,MCCE_native,0,below_policy_threshold,14.85,0.022611379623413,2.62,3.0
AUC,5,aligned,1,219,MCCE,bounded,MCCE_bounded,0,below_policy_threshold,14.85,0.022611379623413,2.62,3.0
AUC,5,aligned,1,219,MCCE,bounded+edit,MCCE_bounded+edit,0,below_policy_threshold,14.85,0.022611379623413,2.62,3.0
AUC,5,aligned,1,222,NICE,native,NICE_native,0,immutable_changed:Test_1,15.05,0.0065696239471435,2.56,3.0
AUC,5,aligned,1,222,NICE,bounded,NICE_bounded,0,below_policy_threshold;classifier_target_not_met,14.925,0.0065696239471435,2.56,3.0
AUC,5,aligned,1,222,NICE,bounded+edit,NICE_bounded+edit,0,below_policy_threshold;classifier_target_not_met,14.925,0.0065696239471435,2.56,3.0
AUC,5,aligned,1,222,MCCE,native,MCCE_native,1,OK,15.025,0.0231103897094726,2.599459985405011,4.0
AUC,5,aligned,1,222,MCCE,bounded,MCCE_bounded,1,OK,15.025,0.0231103897094726,2.599459985405011,4.0
AUC,5,aligned,1,222,MCCE,bounded+edit,MCCE_bounded+edit,1,OK,15.025,0.0231103897094726,2.599459985405011,4.0
AUC,5,aligned,1,230,NICE,native,NICE_native,0,immutable_changed:Test_1,15.05,0.0068593025207519,2.56,3.0
AUC,5,aligned,1,230,NICE,bounded,NICE_bounded,0,below_policy_threshold;classifier_target_not_met,14.8,0.0068593025207519,2.56,3.0
AUC,5,aligned,1,230,NICE,bounded+edit,NICE_bounded+edit,0,below_policy_threshold;classifier_target_not_met,14.8,0.0068593025207519,2.56,3.0
AUC,5,aligned,1,230,MCCE,native,MCCE_native,0,out_of_bounds:sum_click,15.05,0.0232441425323486,2.7011577028258893,4.0
AUC,5,aligned,1,230,MCCE,bounded,MCCE_bounded,0,below_policy_threshold,14.95,0.0232441425323486,2.899936189608022,4.0
AUC,5,aligned,1,230,MCCE,bounded+edit,MCCE_bounded+edit,0,below_policy_threshold,14.95,0.0232441425323486,2.899936189608022,4.0
AUC,5,aligned,1,232,NICE,native,NICE_native,0,immutable_changed:Test_1,15.15,0.0066413879394531,2.58,3.0
AUC,5,aligned,1,232,NICE,bounded,NICE_bounded,0,below_policy_threshold;classifier_target_not_met,14.275,0.0066413879394531,2.58,3.0
AUC,5,aligned,1,232,NICE,bounded+edit,NICE_bounded+edit,0,below_policy_threshold;classifier_target_not_met,14.275,0.0066413879394531,2.58,3.0
AUC,5,aligned,1,232,MCCE,native,MCCE_native,0,below_policy_threshold;out_of_bounds:sum_click,14.375,0.0200724601745605,3.14319124858544,4.0
AUC,5,aligned,1,232,MCCE,bounded,MCCE_bounded,0,no_candidate,,0.0200724601745605,,
AUC,5,aligned,1,232,MCCE,bounded+edit,MCCE_bounded+edit,0,no_candidate,,0.0200724601745605,,
AUC,5,aligned,1,236,NICE,native,NICE_native,0,immutable_changed:Test_1,15.05,0.0069222450256347,2.56,3.0
AUC,5,aligned,1,236,NICE,bounded,NICE_bounded,0,below_policy_threshold;classifier_target_not_met,14.8,0.0069222450256347,2.56,3.0
AUC,5,aligned,1,236,NICE,bounded+edit,NICE_bounded+edit,0,below_policy_threshold;classifier_target_not_met,14.8,0.0069222450256347,2.56,3.0
AUC,5,aligned,1,236,MCCE,native,MCCE_native,0,below_policy_threshold,14.95,0.0233449935913085,2.8407423292642693,4.0
AUC,5,aligned,1,236,MCCE,bounded,MCCE_bounded,0,below_policy_threshold,14.95,0.0233449935913085,2.8407423292642693,4.0
AUC,5,aligned,1,236,MCCE,bounded+edit,MCCE_bounded+edit,0,below_policy_threshold,14.95,0.0233449935913085,2.8407423292642693,4.0
AUC,5,aligned,1,247,NICE,native,NICE_native,0,below_policy_threshold,14.85,0.005568504333496,2.56,3.0
AUC,5,aligned,1,247,NICE,bounded,NICE_bounded,0,below_policy_threshold,14.85,0.005568504333496,2.56,3.0
AUC,5,aligned,1,247,NICE,bounded+edit,NICE_bounded+edit,0,below_policy_threshold,14.85,0.005568504333496,2.56,3.0
AUC,5,aligned,1,247,MCCE,native,MCCE_native,0,below_policy_threshold;out_of_bounds:sum_click,14.8,0.0234370231628417,2.6350805226374967,4.0
AUC,5,aligned,1,247,MCCE,bounded,MCCE_bounded,0,below_policy_threshold,14.8,0.0234370231628417,2.653312063202674,4.0
AUC,5,aligned,1,247,MCCE,bounded+edit,MCCE_bounded+edit,0,below_policy_threshold,14.8,0.0234370231628417,2.653312063202674,4.0
AUC,5,aligned,1,256,NICE,native,NICE_native,0,below_policy_threshold,14.625,0.005425214767456,2.65,3.0
AUC,5,aligned,1,256,NICE,bounded,NICE_bounded,0,below_policy_threshold,14.625,0.005425214767456,2.65,3.0
AUC,5,aligned,1,256,NICE,bounded+edit,NICE_bounded+edit,0,below_policy_threshold,14.625,0.005425214767456,2.65,3.0
AUC,5,aligned,1,256,MCCE,native,MCCE_native,0,below_policy_threshold,14.375,0.0230610370635986,2.619180052745145,4.0
AUC,5,aligned,1,256,MCCE,bounded,MCCE_bounded,0,below_policy_threshold,14.375,0.0230610370635986,2.619180052745145,4.0
AUC,5,aligned,1,256,MCCE,bounded+edit,MCCE_bounded+edit,0,below_policy_threshold,14.375,0.0230610370635986,2.619180052745145,4.0
AUC,5,aligned,1,279,NICE,native,NICE_native,0,below_policy_threshold;immutable_changed:Test_1,11.025,0.0054810047149658,1.75,2.0
AUC,5,aligned,1,279,NICE,bounded,NICE_bounded,0,below_policy_threshold;classifier_target_not_met,10.5,0.0054810047149658,1.75,2.0
AUC,5,aligned,1,279,NICE,bounded+edit,NICE_bounded+edit,1,OK,15.5,0.0054810047149658,2.75,3.0
AUC,5,aligned,1,279,MCCE,native,MCCE_native,0,below_policy_threshold,14.85,0.0234827995300292,2.7723519329651496,4.0
AUC,5,aligned,1,279,MCCE,bounded,MCCE_bounded,0,below_policy_threshold,14.85,0.0234827995300292,2.7723519329651496,4.0
AUC,5,aligned,1,279,MCCE,bounded+edit,MCCE_bounded+edit,0,below_policy_threshold,14.85,0.0234827995300292,2.7723519329651496,4.0
AUC,5,aligned,1,282,NICE,native,NICE_native,0,immutable_changed:Test_1,15.15,0.0066993236541748,2.58,3.0
AUC,5,aligned,1,282,NICE,bounded,NICE_bounded,0,below_policy_threshold;classifier_target_not_met,14.85,0.0066993236541748,2.58,3.0
AUC,5,aligned,1,282,NICE,bounded+edit,NICE_bounded+edit,0,below_policy_threshold;classifier_target_not_met,14.85,0.0066993236541748,2.58,3.0
AUC,5,aligned,1,282,MCCE,native,MCCE_native,1,OK,15.35,0.0229620933532714,3.045801786473841,4.0
AUC,5,aligned,1,282,MCCE,bounded,MCCE_bounded,1,OK,15.35,0.0229620933532714,3.045801786473841,4.0
AUC,5,aligned,1,282,MCCE,bounded+edit,MCCE_bounded+edit,1,OK,15.35,0.0229620933532714,3.045801786473841,4.0
AUC,5,aligned,1,283,NICE,native,NICE_native,0,below_policy_threshold,14.75,0.0054266452789306,2.65,3.0
AUC,5,aligned,1,283,NICE,bounded,NICE_bounded,0,below_policy_threshold,14.75,0.0054266452789306,2.65,3.0
AUC,5,aligned,1,283,NICE,bounded+edit,NICE_bounded+edit,0,below_policy_threshold,14.75,0.0054266452789306,2.65,3.0
AUC,5,aligned,1,283,MCCE,native,MCCE_native,0,below_policy_threshold;out_of_bounds:sum_click,14.65,0.0243284702301025,2.67558775643113,4.0
AUC,5,aligned,1,283,MCCE,bounded,MCCE_bounded,1,OK,15.05,0.0243284702301025,3.1528524910452624,4.0
AUC,5,aligned,1,283,MCCE,bounded+edit,MCCE_bounded+edit,1,OK,15.05,0.0243284702301025,3.1528524910452624,4.0
AUC,5,aligned,1,286,NICE,native,NICE_native,1,OK,15.125,0.0053672790527343,2.6,3.0
AUC,5,aligned,1,286,NICE,bounded,NICE_bounded,1,OK,15.125,0.0053672790527343,2.6,3.0
AUC,5,aligned,1,286,NICE,bounded+edit,NICE_bounded+edit,1,OK,15.125,0.0053672790527343,2.6,3.0
AUC,5,aligned,1,286,MCCE,native,MCCE_native,0,below_policy_threshold,14.975,0.0204372406005859,2.5700000000000003,3.0
AUC,5,aligned,1,286,MCCE,bounded,MCCE_bounded,0,below_policy_threshold,14.975,0.0204372406005859,2.5700000000000003,3.0
AUC,5,aligned,1,286,MCCE,bounded+edit,MCCE_bounded+edit,0,below_policy_threshold,14.975,0.0204372406005859,2.5700000000000003,3.0
AUC,5,aligned,1,293,NICE,native,NICE_native,1,OK,15.05,0.0053410530090332,2.56,3.0
AUC,5,aligned,1,293,NICE,bounded,NICE_bounded,1,OK,15.05,0.0053410530090332,2.56,3.0
AUC,5,aligned,1,293,NICE,bounded+edit,NICE_bounded+edit,1,OK,15.05,0.0053410530090332,2.56,3.0
AUC,5,aligned,1,293,MCCE,native,MCCE_native,1,OK,15.25,0.0248289108276367,2.6,3.0
AUC,5,aligned,1,293,MCCE,bounded,MCCE_bounded,1,OK,15.25,0.0248289108276367,2.6,3.0
AUC,5,aligned,1,293,MCCE,bounded+edit,MCCE_bounded+edit,1,OK,15.25,0.0248289108276367,2.6,3.0
AUC,5,aligned,1,295,NICE,native,NICE_native,0,below_policy_threshold,10.475,0.0042059421539306,1.77,2.0
AUC,5,aligned,1,295,NICE,bounded,NICE_bounded,0,below_policy_threshold,10.475,0.0042059421539306,1.77,2.0
AUC,5,aligned,1,295,NICE,bounded+edit,NICE_bounded+edit,1,OK,15.475,0.0042059421539306,2.77,3.0
AUC,5,aligned,1,295,MCCE,native,MCCE_native,0,below_policy_threshold;out_of_bounds:sum_click,14.875,0.0226988792419433,2.989227715626128,4.0
AUC,5,aligned,1,295,MCCE,bounded,MCCE_bounded,0,below_policy_threshold,14.975,0.0226988792419433,2.922616383976904,4.0
AUC,5,aligned,1,295,MCCE,bounded+edit,MCCE_bounded+edit,0,below_policy_threshold,14.975,0.0226988792419433,2.922616383976904,4.0
AUC,5,aligned,1,309,NICE,native,NICE_native,1,OK,15.05,0.00535249710083,2.56,3.0
AUC,5,aligned,1,309,NICE,bounded,NICE_bounded,1,OK,15.05,0.00535249710083,2.56,3.0
AUC,5,aligned,1,309,NICE,bounded+edit,NICE_bounded+edit,1,OK,15.05,0.00535249710083,2.56,3.0
AUC,5,aligned,1,309,MCCE,native,MCCE_native,0,below_policy_threshold,14.95,0.0248720645904541,2.54,3.0
AUC,5,aligned,1,309,MCCE,bounded,MCCE_bounded,0,below_policy_threshold,14.95,0.0248720645904541,2.54,3.0
AUC,5,aligned,1,309,MCCE,bounded+edit,MCCE_bounded+edit,0,below_policy_threshold,14.95,0.0248720645904541,2.54,3.0
AUC,5,aligned,1,319,NICE,native,NICE_native,1,OK,15.05,0.00551438331604,2.56,3.0
AUC,5,aligned,1,319,NICE,bounded,NICE_bounded,1,OK,15.05,0.00551438331604,2.56,3.0
AUC,5,aligned,1,319,NICE,bounded+edit,NICE_bounded+edit,1,OK,15.05,0.00551438331604,2.56,3.0
AUC,5,aligned,1,319,MCCE,native,MCCE_native,0,below_policy_threshold,14.7,0.0240359306335449,2.5029561649751675,4.0
AUC,5,aligned,1,319,MCCE,bounded,MCCE_bounded,0,below_policy_threshold,14.7,0.0240359306335449,2.5029561649751675,4.0
AUC,5,aligned,1,319,MCCE,bounded+edit,MCCE_bounded+edit,0,below_policy_threshold,14.7,0.0240359306335449,2.5029561649751675,4.0
AUC,5,aligned,1,327,NICE,native,NICE_native,0,below_policy_threshold,11.525,0.0040311813354492,1.88,2.0
AUC,5,aligned,1,327,NICE,bounded,NICE_bounded,0,below_policy_threshold,11.525,0.0040311813354492,1.88,2.0
AUC,5,aligned,1,327,NICE,bounded+edit,NICE_bounded+edit,1,OK,15.41388888888889,0.0040311813354492,2.657777777777778,3.0
AUC,5,aligned,1,327,MCCE,native,MCCE_native,0,out_of_bounds:sum_click,15.025,0.0229938030242919,3.0629857299670697,4.0
AUC,5,aligned,1,327,MCCE,bounded,MCCE_bounded,1,OK,15.275,0.0229938030242919,2.89344676180022,4.0
AUC,5,aligned,1,327,MCCE,bounded+edit,MCCE_bounded+edit,1,OK,15.275,0.0229938030242919,2.89344676180022,4.0
AUC,5,aligned,1,330,NICE,native,NICE_native,0,below_policy_threshold,10.725,0.0041165351867675,1.77,2.0
AUC,5,aligned,1,330,NICE,bounded,NICE_bounded,0,below_policy_threshold,10.725,0.0041165351867675,1.77,2.0
AUC,5,aligned,1,330,NICE,bounded+edit,NICE_bounded+edit,1,OK,15.169444444444444,0.0041165351867675,2.658888888888889,3.0
AUC,5,aligned,1,330,MCCE,native,MCCE_native,0,below_policy_threshold,14.825,0.0241501331329345,2.600607265977194,4.0
AUC,5,aligned,1,330,MCCE,bounded,MCCE_bounded,0,below_policy_threshold,14.825,0.0241501331329345,2.600607265977194,4.0
AUC,5,aligned,1,330,MCCE,bounded+edit,MCCE_bounded+edit,0,below_policy_threshold,14.825,0.0241501331329345,2.600607265977194,4.0
AUC,5,aligned,1,346,NICE,native,NICE_native,0,below_policy_threshold,10.6,0.0041871070861816,1.77,2.0
AUC,5,aligned,1,346,NICE,bounded,NICE_bounded,0,below_policy_threshold,10.6,0.0041871070861816,1.77,2.0
AUC,5,aligned,1,346,NICE,bounded+edit,NICE_bounded+edit,1,OK,15.044444444444444,0.0041871070861816,2.658888888888889,3.0
AUC,5,aligned,1,346,MCCE,native,MCCE_native,0,below_policy_threshold,14.75,0.0765829086303711,2.615995734470808,4.0
AUC,5,aligned,1,346,MCCE,bounded,MCCE_bounded,0,below_policy_threshold,14.75,0.0765829086303711,2.615995734470808,4.0
AUC,5,aligned,1,346,MCCE,bounded+edit,MCCE_bounded+edit,0,below_policy_threshold,14.75,0.0765829086303711,2.615995734470808,4.0
AUC,5,aligned,1,348,NICE,native,NICE_native,0,below_policy_threshold,10.9,0.0041279792785644,1.75,2.0
AUC,5,aligned,1,348,NICE,bounded,NICE_bounded,0,below_policy_threshold,10.9,0.0041279792785644,1.75,2.0
AUC,5,aligned,1,348,NICE,bounded+edit,NICE_bounded+edit,1,OK,15.344444444444443,0.0041279792785644,2.638888888888889,3.0
AUC,5,aligned,1,348,MCCE,native,MCCE_native,0,below_policy_threshold,14.9,0.02260422706604,2.716979753704864,4.0
AUC,5,aligned,1,348,MCCE,bounded,MCCE_bounded,0,below_policy_threshold,14.9,0.02260422706604,2.716979753704864,4.0
AUC,5,aligned,1,348,MCCE,bounded+edit,MCCE_bounded+edit,0,below_policy_threshold,14.9,0.02260422706604,2.716979753704864,4.0
AUC,5,aligned,1,354,NICE,native,NICE_native,0,below_policy_threshold,10.475,0.0040528774261474,1.77,2.0
AUC,5,aligned,1,354,NICE,bounded,NICE_bounded,0,below_policy_threshold,10.475,0.0040528774261474,1.77,2.0
AUC,5,aligned,1,354,NICE,bounded+edit,NICE_bounded+edit,1,OK,15.475,0.0040528774261474,2.77,3.0
AUC,5,aligned,1,354,MCCE,native,MCCE_native,0,below_policy_threshold;out_of_bounds:sum_click,14.875,0.0218217372894287,2.960844224655599,4.0
AUC,5,aligned,1,354,MCCE,bounded,MCCE_bounded,0,below_policy_threshold,14.975,0.0218217372894287,2.938456375838926,4.0
AUC,5,aligned,1,354,MCCE,bounded+edit,MCCE_bounded+edit,0,below_policy_threshold,14.975,0.0218217372894287,2.938456375838926,4.0
AUC,5,aligned,1,355,NICE,native,NICE_native,0,below_policy_threshold,11.0,0.0041050910949707,1.75,2.0
AUC,5,aligned,1,355,NICE,bounded,NICE_bounded,0,below_policy_threshold,11.0,0.0041050910949707,1.75,2.0
AUC,5,aligned,1,355,NICE,bounded+edit,NICE_bounded+edit,1,OK,15.444444444444445,0.0041050910949707,2.638888888888889,3.0
AUC,5,aligned,1,355,MCCE,native,MCCE_native,0,below_policy_threshold,14.7,0.0243253707885742,2.5554262931915765,4.0
AUC,5,aligned,1,355,MCCE,bounded,MCCE_bounded,0,below_policy_threshold,14.7,0.0243253707885742,2.5554262931915765,4.0
AUC,5,aligned,1,355,MCCE,bounded+edit,MCCE_bounded+edit,0,below_policy_threshold,14.7,0.0243253707885742,2.5554262931915765,4.0
AUC,5,aligned,1,360,NICE,native,NICE_native,1,OK,15.025,0.0055367946624755,2.56,3.0
AUC,5,aligned,1,360,NICE,bounded,NICE_bounded,1,OK,15.025,0.0055367946624755,2.56,3.0
AUC,5,aligned,1,360,NICE,bounded+edit,NICE_bounded+edit,1,OK,15.025,0.0055367946624755,2.56,3.0
AUC,5,aligned,1,360,MCCE,native,MCCE_native,0,out_of_bounds:sum_click,15.025,0.023914098739624,2.58468526289805,4.0
AUC,5,aligned,1,360,MCCE,bounded,MCCE_bounded,0,below_policy_threshold,14.975,0.023914098739624,2.6092446309553194,4.0
AUC,5,aligned,1,360,MCCE,bounded+edit,MCCE_bounded+edit,0,below_policy_threshold,14.975,0.023914098739624,2.6092446309553194,4.0
AUC,5,aligned,1,385,NICE,native,NICE_native,0,below_policy_threshold;immutable_changed:Test_1,11.025,0.0055913925170898,1.75,2.0
AUC,5,aligned,1,385,NICE,bounded,NICE_bounded,0,below_policy_threshold;classifier_target_not_met,8.75,0.0055913925170898,1.75,2.0
AUC,5,aligned,1,385,NICE,bounded+edit,NICE_bounded+edit,0,below_policy_threshold;classifier_target_not_met,8.75,0.0055913925170898,1.75,2.0
AUC,5,aligned,1,385,MCCE,native,MCCE_native,0,no_candidate,,0.0158605575561523,,
AUC,5,aligned,1,385,MCCE,bounded,MCCE_bounded,0,no_candidate,,0.0158605575561523,,
AUC,5,aligned,1,385,MCCE,bounded+edit,MCCE_bounded+edit,0,no_candidate,,0.0158605575561523,,
AUC,5,aligned,1,396,NICE,native,NICE_native,0,below_policy_threshold,10.95,0.0040719509124755,1.75,2.0
AUC,5,aligned,1,396,NICE,bounded,NICE_bounded,0,below_policy_threshold,10.95,0.0040719509124755,1.75,2.0
AUC,5,aligned,1,396,NICE,bounded+edit,NICE_bounded+edit,1,OK,15.394444444444446,0.0040719509124755,2.638888888888889,3.0
AUC,5,aligned,1,396,MCCE,native,MCCE_native,0,below_policy_threshold,14.95,0.0237684249877929,2.5540072129833704,4.0
AUC,5,aligned,1,396,MCCE,bounded,MCCE_bounded,0,below_policy_threshold,14.95,0.0237684249877929,2.5540072129833704,4.0
AUC,5,aligned,1,396,MCCE,bounded+edit,MCCE_bounded+edit,0,below_policy_threshold,14.95,0.0237684249877929,2.5540072129833704,4.0
AUC,5,aligned,1,404,NICE,native,NICE_native,1,OK,15.15,0.0053739547729492,2.58,3.0
AUC,5,aligned,1,404,NICE,bounded,NICE_bounded,1,OK,15.15,0.0053739547729492,2.58,3.0
AUC,5,aligned,1,404,NICE,bounded+edit,NICE_bounded+edit,1,OK,15.15,0.0053739547729492,2.58,3.0
AUC,5,aligned,1,404,MCCE,native,MCCE_native,0,below_policy_threshold,14.75,0.0234580039978027,2.916156670746634,4.0
AUC,5,aligned,1,404,MCCE,bounded,MCCE_bounded,0,below_policy_threshold,14.75,0.0234580039978027,2.916156670746634,4.0
AUC,5,aligned,1,404,MCCE,bounded+edit,MCCE_bounded+edit,0,below_policy_threshold,14.75,0.0234580039978027,2.916156670746634,4.0
AUC,5,aligned,1,409,NICE,native,NICE_native,1,OK,15.05,0.0055623054504394,2.56,3.0
AUC,5,aligned,1,409,NICE,bounded,NICE_bounded,1,OK,15.05,0.0055623054504394,2.56,3.0
AUC,5,aligned,1,409,NICE,bounded+edit,NICE_bounded+edit,1,OK,15.05,0.0055623054504394,2.56,3.0
AUC,5,aligned,1,409,MCCE,native,MCCE_native,0,below_policy_threshold;out_of_bounds:sum_click,14.7,0.0241105556488037,2.58909647333139,4.0
AUC,5,aligned,1,409,MCCE,bounded,MCCE_bounded,0,below_policy_threshold,15.0,0.0241105556488037,2.6316088603905565,4.0
AUC,5,aligned,1,409,MCCE,bounded+edit,MCCE_bounded+edit,0,below_policy_threshold,15.0,0.0241105556488037,2.6316088603905565,4.0
AUC,5,aligned,1,421,NICE,native,NICE_native,0,below_policy_threshold,14.875,0.0053737163543701,2.56,3.0
AUC,5,aligned,1,421,NICE,bounded,NICE_bounded,0,below_policy_threshold,14.875,0.0053737163543701,2.56,3.0
AUC,5,aligned,1,421,NICE,bounded+edit,NICE_bounded+edit,0,below_policy_threshold,14.875,0.0053737163543701,2.56,3.0
AUC,5,aligned,1,421,MCCE,native,MCCE_native,0,below_policy_threshold,14.925,0.0226190090179443,2.6152927855063086,4.0
AUC,5,aligned,1,421,MCCE,bounded,MCCE_bounded,0,below_policy_threshold,14.925,0.0226190090179443,2.6152927855063086,4.0
AUC,5,aligned,1,421,MCCE,bounded+edit,MCCE_bounded+edit,0,below_policy_threshold,14.925,0.0226190090179443,2.6152927855063086,4.0
AUC,5,aligned,1,422,NICE,native,NICE_native,0,below_policy_threshold,15.0,0.0052270889282226,2.56,3.0
AUC,5,aligned,1,422,NICE,bounded,NICE_bounded,0,below_policy_threshold,15.0,0.0052270889282226,2.56,3.0
AUC,5,aligned,1,422,NICE,bounded+edit,NICE_bounded+edit,0,below_policy_threshold,15.0,0.0052270889282226,2.56,3.0
AUC,5,aligned,1,422,MCCE,native,MCCE_native,1,OK,15.15,0.0231537818908691,2.59,3.0
AUC,5,aligned,1,422,MCCE,bounded,MCCE_bounded,1,OK,15.15,0.0231537818908691,2.59,3.0
AUC,5,aligned,1,422,MCCE,bounded+edit,MCCE_bounded+edit,1,OK,15.15,0.0231537818908691,2.59,3.0
AUC,5,aligned,1,423,NICE,native,NICE_native,0,below_policy_threshold,14.85,0.0054450035095214,2.57,3.0
AUC,5,aligned,1,423,NICE,bounded,NICE_bounded,0,below_policy_threshold,14.85,0.0054450035095214,2.57,3.0
AUC,5,aligned,1,423,NICE,bounded+edit,NICE_bounded+edit,0,below_policy_threshold,14.85,0.0054450035095214,2.57,3.0
AUC,5,aligned,1,423,MCCE,native,MCCE_native,0,below_policy_threshold;out_of_bounds:sum_click,14.95,0.0231630802154541,2.645788005578801,4.0
AUC,5,aligned,1,423,MCCE,bounded,MCCE_bounded,0,below_policy_threshold,14.95,0.0231630802154541,2.8410460251046024,4.0
AUC,5,aligned,1,423,MCCE,bounded+edit,MCCE_bounded+edit,0,below_policy_threshold,14.95,0.0231630802154541,2.8410460251046024,4.0
AUC,5,aligned,1,447,NICE,native,NICE_native,0,below_policy_threshold;immutable_changed:Test_1,11.025,0.0054125785827636,1.75,2.0
AUC,5,aligned,1,447,NICE,bounded,NICE_bounded,0,below_policy_threshold;classifier_target_not_met,10.625,0.0054125785827636,1.75,2.0
AUC,5,aligned,1,447,NICE,bounded+edit,NICE_bounded+edit,1,OK,15.069444444444445,0.0054125785827636,2.638888888888889,3.0
AUC,5,aligned,1,447,MCCE,native,MCCE_native,0,below_policy_threshold,14.975,0.0236518383026123,2.6630015050526765,4.0
AUC,5,aligned,1,447,MCCE,bounded,MCCE_bounded,0,below_policy_threshold,14.975,0.0236518383026123,2.6630015050526765,4.0
AUC,5,aligned,1,447,MCCE,bounded+edit,MCCE_bounded+edit,0,below_policy_threshold,14.975,0.0236518383026123,2.6630015050526765,4.0
AUC,5,aligned,1,461,NICE,native,NICE_native,0,immutable_changed:Test_1,15.05,0.0065610408782958,2.56,3.0
AUC,5,aligned,1,461,NICE,bounded,NICE_bounded,0,below_policy_threshold;classifier_target_not_met,14.8,0.0065610408782958,2.56,3.0
AUC,5,aligned,1,461,NICE,bounded+edit,NICE_bounded+edit,0,below_policy_threshold;classifier_target_not_met,14.8,0.0065610408782958,2.56,3.0
AUC,5,aligned,1,461,MCCE,native,MCCE_native,1,OK,15.05,0.0285251140594482,2.667727630543165,4.0
AUC,5,aligned,1,461,MCCE,bounded,MCCE_bounded,1,OK,15.05,0.0285251140594482,2.667727630543165,4.0
AUC,5,aligned,1,461,MCCE,bounded+edit,MCCE_bounded+edit,1,OK,15.05,0.0285251140594482,2.667727630543165,4.0
AUC,5,aligned,1,463,NICE,native,NICE_native,0,below_policy_threshold,14.7,0.0053095817565917,2.65,3.0
AUC,5,aligned,1,463,NICE,bounded,NICE_bounded,0,below_policy_threshold,14.7,0.0053095817565917,2.65,3.0
AUC,5,aligned,1,463,NICE,bounded+edit,NICE_bounded+edit,0,below_policy_threshold,14.7,0.0053095817565917,2.65,3.0
AUC,5,aligned,1,463,MCCE,native,MCCE_native,0,below_policy_threshold;out_of_bounds:sum_click,14.45,0.0225560665130615,2.696488876976682,4.0
AUC,5,aligned,1,463,MCCE,bounded,MCCE_bounded,0,no_candidate,,0.0225560665130615,,
AUC,5,aligned,1,463,MCCE,bounded+edit,MCCE_bounded+edit,0,no_candidate,,0.0225560665130615,,
AUC,5,aligned,1,466,NICE,native,NICE_native,1,OK,15.05,0.0054841041564941,2.56,3.0
AUC,5,aligned,1,466,NICE,bounded,NICE_bounded,1,OK,15.05,0.0054841041564941,2.56,3.0
AUC,5,aligned,1,466,NICE,bounded+edit,NICE_bounded+edit,1,OK,15.05,0.0054841041564941,2.56,3.0
AUC,5,aligned,1,466,MCCE,native,MCCE_native,0,below_policy_threshold;out_of_bounds:sum_click,14.7,0.0249638557434082,2.575490382331988,4.0
AUC,5,aligned,1,466,MCCE,bounded,MCCE_bounded,0,below_policy_threshold,14.7,0.0249638557434082,2.594488245072429,4.0
AUC,5,aligned,1,466,MCCE,bounded+edit,MCCE_bounded+edit,0,below_policy_threshold,14.7,0.0249638557434082,2.594488245072429,4.0
AUC,5,aligned,1,469,NICE,native,NICE_native,0,immutable_changed:Test_1,15.2,0.0107100009918212,2.63,3.0
AUC,5,aligned,1,469,NICE,bounded,NICE_bounded,0,below_policy_threshold;classifier_target_not_met,14.4,0.0107100009918212,2.63,3.0
AUC,5,aligned,1,469,NICE,bounded+edit,NICE_bounded+edit,0,below_policy_threshold;classifier_target_not_met,14.4,0.0107100009918212,2.63,3.0
AUC,5,aligned,1,469,MCCE,native,MCCE_native,0,no_candidate,,0.0269157886505126,,
AUC,5,aligned,1,469,MCCE,bounded,MCCE_bounded,0,no_candidate,,0.0269157886505126,,
AUC,5,aligned,1,469,MCCE,bounded+edit,MCCE_bounded+edit,0,no_candidate,,0.0269157886505126,,
AUC,5,aligned,1,478,NICE,native,NICE_native,0,below_policy_threshold,13.25,0.0086817741394042,2.65,3.0
AUC,5,aligned,1,478,NICE,bounded,NICE_bounded,0,below_policy_threshold,13.25,0.0086817741394042,2.65,3.0
AUC,5,aligned,1,478,NICE,bounded+edit,NICE_bounded+edit,0,below_policy_threshold,13.25,0.0086817741394042,2.65,3.0
AUC,5,aligned,1,478,MCCE,native,MCCE_native,0,no_candidate,,0.0272634029388427,,
AUC,5,aligned,1,478,MCCE,bounded,MCCE_bounded,0,no_candidate,,0.0272634029388427,,
AUC,5,aligned,1,478,MCCE,bounded+edit,MCCE_bounded+edit,0,no_candidate,,0.0272634029388427,,
AUC,5,aligned,1,494,NICE,native,NICE_native,1,OK,15.05,0.0087764263153076,2.56,3.0
AUC,5,aligned,1,494,NICE,bounded,NICE_bounded,1,OK,15.05,0.0087764263153076,2.56,3.0
AUC,5,aligned,1,494,NICE,bounded+edit,NICE_bounded+edit,1,OK,15.05,0.0087764263153076,2.56,3.0
AUC,5,aligned,1,494,MCCE,native,MCCE_native,0,below_policy_threshold,14.95,0.0437049865722656,2.54,3.0
AUC,5,aligned,1,494,MCCE,bounded,MCCE_bounded,0,below_policy_threshold,14.95,0.0437049865722656,2.54,3.0
AUC,5,aligned,1,494,MCCE,bounded+edit,MCCE_bounded+edit,0,below_policy_threshold,14.95,0.0437049865722656,2.54,3.0
AUC,5,aligned,1,495,NICE,native,NICE_native,1,OK,15.15,0.0060667991638183,2.63,3.0
AUC,5,aligned,1,495,NICE,bounded,NICE_bounded,1,OK,15.15,0.0060667991638183,2.63,3.0
AUC,5,aligned,1,495,NICE,bounded+edit,NICE_bounded+edit,1,OK,15.15,0.0060667991638183,2.63,3.0
AUC,5,aligned,1,495,MCCE,native,MCCE_native,0,below_policy_threshold;out_of_bounds:sum_click,14.95,0.0295357704162597,2.708168389955687,4.0
AUC,5,aligned,1,495,MCCE,bounded,MCCE_bounded,0,below_policy_threshold,14.95,0.0295357704162597,2.796794682422452,4.0
AUC,5,aligned,1,495,MCCE,bounded+edit,MCCE_bounded+edit,0,below_policy_threshold,14.95,0.0295357704162597,2.796794682422452,4.0
AUC,5,aligned,1,505,NICE,native,NICE_native,1,OK,15.05,0.005800724029541,2.57,3.0
AUC,5,aligned,1,505,NICE,bounded,NICE_bounded,1,OK,15.05,0.005800724029541,2.57,3.0
AUC,5,aligned,1,505,NICE,bounded+edit,NICE_bounded+edit,1,OK,15.05,0.005800724029541,2.57,3.0
AUC,5,aligned,1,505,MCCE,native,MCCE_native,0,out_of_bounds:sum_click,15.05,0.0281286239624023,2.664191522762952,4.0
AUC,5,aligned,1,505,MCCE,bounded,MCCE_bounded,1,OK,15.05,0.0281286239624023,2.821177394034537,4.0
AUC,5,aligned,1,505,MCCE,bounded+edit,MCCE_bounded+edit,1,OK,15.05,0.0281286239624023,2.821177394034537,4.0
AUC,5,aligned,1,508,NICE,native,NICE_native,0,below_policy_threshold;immutable_changed:Test_1,11.025,0.0056335926055908,1.75,2.0
AUC,5,aligned,1,508,NICE,bounded,NICE_bounded,0,below_policy_threshold;classifier_target_not_met,10.375,0.0056335926055908,1.75,2.0
AUC,5,aligned,1,508,NICE,bounded+edit,NICE_bounded+edit,1,OK,15.375,0.0056335926055908,2.75,3.0
AUC,5,aligned,1,508,MCCE,native,MCCE_native,0,below_policy_threshold,14.875,0.0245604515075683,2.8818360587870004,4.0
AUC,5,aligned,1,508,MCCE,bounded,MCCE_bounded,0,below_policy_threshold,14.875,0.0245604515075683,2.8818360587870004,4.0
AUC,5,aligned,1,508,MCCE,bounded+edit,MCCE_bounded+edit,0,below_policy_threshold,14.875,0.0245604515075683,2.8818360587870004,4.0
AUC,5,aligned,1,515,NICE,native,NICE_native,1,OK,15.025,0.0056390762329101,2.56,3.0
AUC,5,aligned,1,515,NICE,bounded,NICE_bounded,1,OK,15.025,0.0056390762329101,2.56,3.0
AUC,5,aligned,1,515,NICE,bounded+edit,NICE_bounded+edit,1,OK,15.025,0.0056390762329101,2.56,3.0
AUC,5,aligned,1,515,MCCE,native,MCCE_native,0,below_policy_threshold,14.725,0.0248322486877441,2.637887809464118,4.0
AUC,5,aligned,1,515,MCCE,bounded,MCCE_bounded,0,below_policy_threshold,14.725,0.0248322486877441,2.637887809464118,4.0
AUC,5,aligned,1,515,MCCE,bounded+edit,MCCE_bounded+edit,0,below_policy_threshold,14.725,0.0248322486877441,2.637887809464118,4.0
AUC,5,aligned,1,541,NICE,native,NICE_native,0,immutable_changed:Test_1,15.05,0.0067231655120849,2.56,3.0
AUC,5,aligned,1,541,NICE,bounded,NICE_bounded,0,below_policy_threshold;classifier_target_not_met,14.975,0.0067231655120849,2.56,3.0
AUC,5,aligned,1,541,NICE,bounded+edit,NICE_bounded+edit,0,below_policy_threshold;classifier_target_not_met,14.975,0.0067231655120849,2.56,3.0
AUC,5,aligned,1,541,MCCE,native,MCCE_native,0,below_policy_threshold,14.925,0.0347700119018554,2.5500000000000003,3.0
AUC,5,aligned,1,541,MCCE,bounded,MCCE_bounded,0,below_policy_threshold,14.925,0.0347700119018554,2.5500000000000003,3.0
AUC,5,aligned,1,541,MCCE,bounded+edit,MCCE_bounded+edit,0,below_policy_threshold,14.925,0.0347700119018554,2.5500000000000003,3.0
AUC,5,aligned,1,546,NICE,native,NICE_native,0,below_policy_threshold,10.65,0.0046238899230957,1.77,2.0
AUC,5,aligned,1,546,NICE,bounded,NICE_bounded,0,below_policy_threshold,10.65,0.0046238899230957,1.77,2.0
AUC,5,aligned,1,546,NICE,bounded+edit,NICE_bounded+edit,1,OK,15.094444444444443,0.0046238899230957,2.658888888888889,3.0
AUC,5,aligned,1,546,MCCE,native,MCCE_native,0,below_policy_threshold,14.8,0.0295171737670898,2.636543983294179,4.0
AUC,5,aligned,1,546,MCCE,bounded,MCCE_bounded,0,below_policy_threshold,14.8,0.0295171737670898,2.636543983294179,4.0
AUC,5,aligned,1,546,MCCE,bounded+edit,MCCE_bounded+edit,0,below_policy_threshold,14.8,0.0295171737670898,2.636543983294179,4.0
AUC,5,aligned,1,560,NICE,native,NICE_native,0,below_policy_threshold;immutable_changed:Test_1,11.025,0.0058305263519287,1.75,2.0
AUC,5,aligned,1,560,NICE,bounded,NICE_bounded,0,below_policy_threshold;classifier_target_not_met,10.625,0.0058305263519287,1.75,2.0
AUC,5,aligned,1,560,NICE,bounded+edit,NICE_bounded+edit,1,OK,15.069444444444445,0.0058305263519287,2.638888888888889,3.0
AUC,5,aligned,1,560,MCCE,native,MCCE_native,1,OK,15.025,0.0249791145324707,2.6457759810688226,4.0
AUC,5,aligned,1,560,MCCE,bounded,MCCE_bounded,1,OK,15.025,0.0249791145324707,2.6457759810688226,4.0
AUC,5,aligned,1,560,MCCE,bounded+edit,MCCE_bounded+edit,1,OK,15.025,0.0249791145324707,2.6457759810688226,4.0
AUC,5,aligned,1,564,NICE,native,NICE_native,0,immutable_changed:Test_1,15.05,0.0075681209564208,2.56,3.0
AUC,5,aligned,1,564,NICE,bounded,NICE_bounded,0,below_policy_threshold;classifier_target_not_met,14.73125,0.0075681209564208,2.56,3.0
AUC,5,aligned,1,564,NICE,bounded+edit,NICE_bounded+edit,0,below_policy_threshold;classifier_target_not_met,14.73125,0.0075681209564208,2.56,3.0
AUC,5,aligned,1,564,MCCE,native,MCCE_native,0,below_policy_threshold;out_of_bounds:sum_click,14.83125,0.0247001647949218,2.6755305356533605,4.0
AUC,5,aligned,1,564,MCCE,bounded,MCCE_bounded,0,below_policy_threshold,14.88125,0.0247001647949218,2.8834152166496074,4.0
AUC,5,aligned,1,564,MCCE,bounded+edit,MCCE_bounded+edit,0,below_policy_threshold,14.88125,0.0247001647949218,2.8834152166496074,4.0
AUC,5,aligned,1,573,NICE,native,NICE_native,0,below_policy_threshold,14.625,0.0142116546630859,2.65,3.0
AUC,5,aligned,1,573,NICE,bounded,NICE_bounded,0,below_policy_threshold,14.625,0.0142116546630859,2.65,3.0
AUC,5,aligned,1,573,NICE,bounded+edit,NICE_bounded+edit,0,below_policy_threshold,14.625,0.0142116546630859,2.65,3.0
AUC,5,aligned,1,573,MCCE,native,MCCE_native,0,below_policy_threshold;out_of_bounds:sum_click,14.375,0.0236809253692626,2.9586848223181668,4.0
AUC,5,aligned,1,573,MCCE,bounded,MCCE_bounded,0,no_candidate,,0.0236809253692626,,
AUC,5,aligned,1,573,MCCE,bounded+edit,MCCE_bounded+edit,0,no_candidate,,0.0236809253692626,,
AUC,5,aligned,1,581,NICE,native,NICE_native,0,immutable_changed:Test_1,15.05,0.0081799030303955,2.56,3.0
AUC,5,aligned,1,581,NICE,bounded,NICE_bounded,0,below_policy_threshold;classifier_target_not_met,14.05,0.0081799030303955,2.56,3.0
AUC,5,aligned,1,581,NICE,bounded+edit,NICE_bounded+edit,0,below_policy_threshold;classifier_target_not_met,14.05,0.0081799030303955,2.56,3.0
AUC,5,aligned,1,581,MCCE,native,MCCE_native,0,no_candidate,,0.0199313163757324,,
AUC,5,aligned,1,581,MCCE,bounded,MCCE_bounded,0,no_candidate,,0.0199313163757324,,
AUC,5,aligned,1,581,MCCE,bounded+edit,MCCE_bounded+edit,0,no_candidate,,0.0199313163757324,,
AUC,5,aligned,1,604,NICE,native,NICE_native,0,below_policy_threshold,10.7,0.0041127204895019,1.77,2.0
AUC,5,aligned,1,604,NICE,bounded,NICE_bounded,0,below_policy_threshold,10.7,0.0041127204895019,1.77,2.0
AUC,5,aligned,1,604,NICE,bounded+edit,NICE_bounded+edit,1,OK,15.144444444444444,0.0041127204895019,2.658888888888889,3.0
AUC,5,aligned,1,604,MCCE,native,MCCE_native,0,below_policy_threshold,14.95,0.0248975753784179,2.630663822980538,4.0
AUC,5,aligned,1,604,MCCE,bounded,MCCE_bounded,0,below_policy_threshold,14.95,0.0248975753784179,2.630663822980538,4.0
AUC,5,aligned,1,604,MCCE,bounded+edit,MCCE_bounded+edit,0,below_policy_threshold,14.95,0.0248975753784179,2.630663822980538,4.0
AUC,5,aligned,1,606,NICE,native,NICE_native,0,immutable_changed:Test_1,15.05,0.0070044994354248,2.56,3.0
AUC,5,aligned,1,606,NICE,bounded,NICE_bounded,0,below_policy_threshold;classifier_target_not_met,14.95,0.0070044994354248,2.56,3.0
AUC,5,aligned,1,606,NICE,bounded+edit,NICE_bounded+edit,0,below_policy_threshold;classifier_target_not_met,14.95,0.0070044994354248,2.56,3.0
AUC,5,aligned,1,606,MCCE,native,MCCE_native,0,below_policy_threshold,14.9,0.0285475254058837,2.6022441225362147,4.0
AUC,5,aligned,1,606,MCCE,bounded,MCCE_bounded,0,below_policy_threshold,14.9,0.0285475254058837,2.6022441225362147,4.0
AUC,5,aligned,1,606,MCCE,bounded+edit,MCCE_bounded+edit,0,below_policy_threshold,14.9,0.0285475254058837,2.6022441225362147,4.0
AUC,5,aligned,1,608,NICE,native,NICE_native,1,OK,15.025,0.0065288543701171,2.58,3.0
AUC,5,aligned,1,608,NICE,bounded,NICE_bounded,1,OK,15.025,0.0065288543701171,2.58,3.0
AUC,5,aligned,1,608,NICE,bounded+edit,NICE_bounded+edit,1,OK,15.025,0.0065288543701171,2.58,3.0
AUC,5,aligned,1,608,MCCE,native,MCCE_native,0,below_policy_threshold,14.975,0.0264990329742431,2.743844330304228,4.0
AUC,5,aligned,1,608,MCCE,bounded,MCCE_bounded,0,below_policy_threshold,14.975,0.0264990329742431,2.743844330304228,4.0
AUC,5,aligned,1,608,MCCE,bounded+edit,MCCE_bounded+edit,0,below_policy_threshold,14.975,0.0264990329742431,2.743844330304228,4.0
AUC,5,aligned,1,609,NICE,native,NICE_native,0,below_policy_threshold;immutable_changed:Test_1,11.025,0.0098950862884521,1.75,2.0
AUC,5,aligned,1,609,NICE,bounded,NICE_bounded,0,below_policy_threshold;classifier_target_not_met,10.0,0.0098950862884521,1.75,2.0
AUC,5,aligned,1,609,NICE,bounded+edit,NICE_bounded+edit,0,below_policy_threshold;classifier_target_not_met,10.0,0.0098950862884521,1.75,2.0
AUC,5,aligned,1,609,MCCE,native,MCCE_native,0,no_candidate,,0.0185632705688476,,
AUC,5,aligned,1,609,MCCE,bounded,MCCE_bounded,0,no_candidate,,0.0185632705688476,,
AUC,5,aligned,1,609,MCCE,bounded+edit,MCCE_bounded+edit,0,no_candidate,,0.0185632705688476,,
AUC,5,aligned,1,614,NICE,native,NICE_native,1,OK,15.25,0.0059003829956054,2.6,3.0
AUC,5,aligned,1,614,NICE,bounded,NICE_bounded,1,OK,15.25,0.0059003829956054,2.6,3.0
AUC,5,aligned,1,614,NICE,bounded+edit,NICE_bounded+edit,1,OK,15.25,0.0059003829956054,2.6,3.0
AUC,5,aligned,1,614,MCCE,native,MCCE_native,0,below_policy_threshold;out_of_bounds:sum_click,14.75,0.0311715602874755,3.309102402022757,4.0
AUC,5,aligned,1,614,MCCE,bounded,MCCE_bounded,1,OK,15.15,0.0311715602874755,2.8328445006321115,4.0
AUC,5,aligned,1,614,MCCE,bounded+edit,MCCE_bounded+edit,1,OK,15.15,0.0311715602874755,2.8328445006321115,4.0
AUC,5,aligned,1,625,NICE,native,NICE_native,0,below_policy_threshold;immutable_changed:Test_1,11.025,0.005624771118164,1.75,2.0
AUC,5,aligned,1,625,NICE,bounded,NICE_bounded,0,below_policy_threshold;classifier_target_not_met,10.5,0.005624771118164,1.75,2.0
AUC,5,aligned,1,625,NICE,bounded+edit,NICE_bounded+edit,1,OK,15.5,0.005624771118164,2.75,3.0
AUC,5,aligned,1,625,MCCE,native,MCCE_native,0,below_policy_threshold,14.85,0.024735689163208,2.7246067189700263,4.0
AUC,5,aligned,1,625,MCCE,bounded,MCCE_bounded,0,below_policy_threshold,14.85,0.024735689163208,2.7246067189700263,4.0
AUC,5,aligned,1,625,MCCE,bounded+edit,MCCE_bounded+edit,0,below_policy_threshold,14.85,0.024735689163208,2.7246067189700263,4.0
AUC,5,aligned,1,630,NICE,native,NICE_native,0,below_policy_threshold,14.5,0.0055708885192871,2.65,3.0
AUC,5,aligned,1,630,NICE,bounded,NICE_bounded,0,below_policy_threshold,14.5,0.0055708885192871,2.65,3.0
AUC,5,aligned,1,630,NICE,bounded+edit,NICE_bounded+edit,0,below_policy_threshold,14.5,0.0055708885192871,2.65,3.0
AUC,5,aligned,1,630,MCCE,native,MCCE_native,0,no_candidate,,0.0188245773315429,,
AUC,5,aligned,1,630,MCCE,bounded,MCCE_bounded,0,no_candidate,,0.0188245773315429,,
AUC,5,aligned,1,630,MCCE,bounded+edit,MCCE_bounded+edit,0,no_candidate,,0.0188245773315429,,
AUC,5,aligned,1,634,NICE,native,NICE_native,0,below_policy_threshold;immutable_changed:Test_1,11.025,0.0054554939270019,1.75,2.0
AUC,5,aligned,1,634,NICE,bounded,NICE_bounded,0,below_policy_threshold;classifier_target_not_met,10.625,0.0054554939270019,1.75,2.0
AUC,5,aligned,1,634,NICE,bounded+edit,NICE_bounded+edit,1,OK,15.069444444444445,0.0054554939270019,2.638888888888889,3.0
AUC,5,aligned,1,634,MCCE,native,MCCE_native,0,out_of_bounds:sum_click,15.025,0.0360550880432128,2.650445716622368,4.0
AUC,5,aligned,1,634,MCCE,bounded,MCCE_bounded,0,below_policy_threshold,14.975,0.0360550880432128,2.7099611531384173,4.0
AUC,5,aligned,1,634,MCCE,bounded+edit,MCCE_bounded+edit,0,below_policy_threshold,14.975,0.0360550880432128,2.7099611531384173,4.0
AUC,5,aligned,1,636,NICE,native,NICE_native,0,immutable_changed:Test_1,15.05,0.0068025588989257,2.56,3.0
AUC,5,aligned,1,636,NICE,bounded,NICE_bounded,0,below_policy_threshold;classifier_target_not_met,14.925,0.0068025588989257,2.56,3.0
AUC,5,aligned,1,636,NICE,bounded+edit,NICE_bounded+edit,0,below_policy_threshold;classifier_target_not_met,14.925,0.0068025588989257,2.56,3.0
AUC,5,aligned,1,636,MCCE,native,MCCE_native,1,OK,15.025,0.0269422531127929,2.5946663407479837,4.0
AUC,5,aligned,1,636,MCCE,bounded,MCCE_bounded,1,OK,15.025,0.0269422531127929,2.5946663407479837,4.0
AUC,5,aligned,1,636,MCCE,bounded+edit,MCCE_bounded+edit,1,OK,15.025,0.0269422531127929,2.5946663407479837,4.0
AUC,5,aligned,1,647,NICE,native,NICE_native,0,below_policy_threshold,10.55,0.0043976306915283,1.77,2.0
AUC,5,aligned,1,647,NICE,bounded,NICE_bounded,0,below_policy_threshold,10.55,0.0043976306915283,1.77,2.0
AUC,5,aligned,1,647,NICE,bounded+edit,NICE_bounded+edit,1,OK,15.55,0.0043976306915283,2.77,3.0
AUC,5,aligned,1,647,MCCE,native,MCCE_native,0,no_candidate,,0.0171563625335693,,
AUC,5,aligned,1,647,MCCE,bounded,MCCE_bounded,0,no_candidate,,0.0171563625335693,,
AUC,5,aligned,1,647,MCCE,bounded+edit,MCCE_bounded+edit,0,no_candidate,,0.0171563625335693,,
AUC,5,aligned,1,653,NICE,native,NICE_native,0,below_policy_threshold,10.95,0.004176378250122,1.75,2.0
AUC,5,aligned,1,653,NICE,bounded,NICE_bounded,0,below_policy_threshold,10.95,0.004176378250122,1.75,2.0
AUC,5,aligned,1,653,NICE,bounded+edit,NICE_bounded+edit,1,OK,15.394444444444446,0.004176378250122,2.638888888888889,3.0
AUC,5,aligned,1,653,MCCE,native,MCCE_native,0,below_policy_threshold,14.95,0.0232503414154052,2.5579824386350034,4.0
AUC,5,aligned,1,653,MCCE,bounded,MCCE_bounded,0,below_policy_threshold,14.95,0.0232503414154052,2.5579824386350034,4.0
AUC,5,aligned,1,653,MCCE,bounded+edit,MCCE_bounded+edit,0,below_policy_threshold,14.95,0.0232503414154052,2.5579824386350034,4.0
AUC,5,aligned,1,657,NICE,native,NICE_native,0,below_policy_threshold;immutable_changed:Test_1,11.025,0.0060431957244873,1.75,2.0
AUC,5,aligned,1,657,NICE,bounded,NICE_bounded,0,below_policy_threshold;classifier_target_not_met,8.75,0.0060431957244873,1.75,2.0
AUC,5,aligned,1,657,NICE,bounded+edit,NICE_bounded+edit,0,below_policy_threshold;classifier_target_not_met,8.75,0.0060431957244873,1.75,2.0
AUC,5,aligned,1,657,MCCE,native,MCCE_native,0,no_candidate,,0.0154533386230468,,
AUC,5,aligned,1,657,MCCE,bounded,MCCE_bounded,0,no_candidate,,0.0154533386230468,,
AUC,5,aligned,1,657,MCCE,bounded+edit,MCCE_bounded+edit,0,no_candidate,,0.0154533386230468,,
AUC,5,aligned,1,659,NICE,native,NICE_native,0,below_policy_threshold;immutable_changed:Test_1,11.025,0.0054287910461425,1.75,2.0
AUC,5,aligned,1,659,NICE,bounded,NICE_bounded,0,below_policy_threshold;classifier_target_not_met,10.825,0.0054287910461425,1.75,2.0
AUC,5,aligned,1,659,NICE,bounded+edit,NICE_bounded+edit,1,OK,15.269444444444446,0.0054287910461425,2.638888888888889,3.0
AUC,5,aligned,1,659,MCCE,native,MCCE_native,0,below_policy_threshold;out_of_bounds:sum_click,14.825,0.0221595764160156,2.5671269535431387,4.0
AUC,5,aligned,1,659,MCCE,bounded,MCCE_bounded,0,below_policy_threshold,14.825,0.0221595764160156,2.579972168700493,4.0
AUC,5,aligned,1,659,MCCE,bounded+edit,MCCE_bounded+edit,0,below_policy_threshold,14.825,0.0221595764160156,2.579972168700493,4.0
AUC,5,aligned,1,662,NICE,native,NICE_native,0,immutable_changed:Test_1,15.05,0.0065727233886718,2.56,3.0
AUC,5,aligned,1,662,NICE,bounded,NICE_bounded,0,below_policy_threshold;classifier_target_not_met,14.925,0.0065727233886718,2.56,3.0
AUC,5,aligned,1,662,NICE,bounded+edit,NICE_bounded+edit,0,below_policy_threshold;classifier_target_not_met,14.925,0.0065727233886718,2.56,3.0
AUC,5,aligned,1,662,MCCE,native,MCCE_native,0,out_of_bounds:sum_click,15.025,0.027501106262207,2.6054388196387688,4.0
AUC,5,aligned,1,662,MCCE,bounded,MCCE_bounded,1,OK,15.175,0.027501106262207,2.6964919867718136,4.0
AUC,5,aligned,1,662,MCCE,bounded+edit,MCCE_bounded+edit,1,OK,15.175,0.027501106262207,2.6964919867718136,4.0
AUC,5,aligned,1,668,NICE,native,NICE_native,0,below_policy_threshold,10.725,0.0045657157897949,1.77,2.0
AUC,5,aligned,1,668,NICE,bounded,NICE_bounded,0,below_policy_threshold,10.725,0.0045657157897949,1.77,2.0
AUC,5,aligned,1,668,NICE,bounded+edit,NICE_bounded+edit,1,OK,15.169444444444444,0.0045657157897949,2.658888888888889,3.0
AUC,5,aligned,1,668,MCCE,native,MCCE_native,0,below_policy_threshold,14.975,0.0314826965332031,2.624473272198613,4.0
AUC,5,aligned,1,668,MCCE,bounded,MCCE_bounded,0,below_policy_threshold,14.975,0.0314826965332031,2.624473272198613,4.0
AUC,5,aligned,1,668,MCCE,bounded+edit,MCCE_bounded+edit,0,below_policy_threshold,14.975,0.0314826965332031,2.624473272198613,4.0
AUC,5,aligned,2,21,NICE,native,NICE_native,0,immutable_changed:Test_2,15.3,0.0059840679168701,1.7199999999999998,2.0
AUC,5,aligned,2,21,NICE,bounded,NICE_bounded,0,below_policy_threshold;classifier_target_not_met,10.85,0.0059840679168701,1.7199999999999998,2.0
AUC,5,aligned,2,21,NICE,bounded+edit,NICE_bounded+edit,0,below_policy_threshold;classifier_target_not_met,10.85,0.0059840679168701,1.7199999999999998,2.0
AUC,5,aligned,2,21,MCCE,native,MCCE_native,0,no_candidate,,0.0323450565338134,,
AUC,5,aligned,2,21,MCCE,bounded,MCCE_bounded,0,no_candidate,,0.0323450565338134,,
AUC,5,aligned,2,21,MCCE,bounded+edit,MCCE_bounded+edit,0,no_candidate,,0.0323450565338134,,
AUC,5,aligned,2,28,NICE,native,NICE_native,0,below_policy_threshold;immutable_changed:Test_1;immutable_changed:Test_2,11.025,0.0061175823211669,0.85,1.0
AUC,5,aligned,2,28,NICE,bounded,NICE_bounded,0,below_policy_threshold;classifier_target_not_met,8.75,0.0061175823211669,0.85,1.0
AUC,5,aligned,2,28,NICE,bounded+edit,NICE_bounded+edit,0,below_policy_threshold;classifier_target_not_met,8.75,0.0061175823211669,0.85,1.0
AUC,5,aligned,2,28,MCCE,native,MCCE_native,0,no_candidate,,0.0444183349609375,,
AUC,5,aligned,2,28,MCCE,bounded,MCCE_bounded,0,no_candidate,,0.0444183349609375,,
AUC,5,aligned,2,28,MCCE,bounded+edit,MCCE_bounded+edit,0,no_candidate,,0.0444183349609375,,
AUC,5,aligned,2,33,NICE,native,NICE_native,0,immutable_changed:Test_1,15.2,0.0057923793792724,1.7800000000000002,2.0
AUC,5,aligned,2,33,NICE,bounded,NICE_bounded,0,below_policy_threshold;classifier_target_not_met,14.65,0.0057923793792724,1.7800000000000002,2.0
AUC,5,aligned,2,33,NICE,bounded+edit,NICE_bounded+edit,0,below_policy_threshold;classifier_target_not_met,14.65,0.0057923793792724,1.7800000000000002,2.0
AUC,5,aligned,2,33,MCCE,native,MCCE_native,0,below_policy_threshold;out_of_bounds:sum_click,14.85,0.0181019306182861,1.8439377618192696,3.0
AUC,5,aligned,2,33,MCCE,bounded,MCCE_bounded,0,no_candidate,,0.0181019306182861,,
AUC,5,aligned,2,33,MCCE,bounded+edit,MCCE_bounded+edit,0,no_candidate,,0.0181019306182861,,
AUC,5,aligned,2,40,NICE,native,NICE_native,0,immutable_changed:Test_2,15.05,0.0056822299957275,1.75,2.0
AUC,5,aligned,2,40,NICE,bounded,NICE_bounded,0,below_policy_threshold;classifier_target_not_met,14.45,0.0056822299957275,1.75,2.0
AUC,5,aligned,2,40,NICE,bounded+edit,NICE_bounded+edit,0,below_policy_threshold;classifier_target_not_met,14.45,0.0056822299957275,1.75,2.0
AUC,5,aligned,2,40,MCCE,native,MCCE_native,0,no_candidate,,0.0138092041015625,,
AUC,5,aligned,2,40,MCCE,bounded,MCCE_bounded,0,no_candidate,,0.0138092041015625,,
AUC,5,aligned,2,40,MCCE,bounded+edit,MCCE_bounded+edit,0,no_candidate,,0.0138092041015625,,
AUC,5,aligned,2,42,NICE,native,NICE_native,0,below_policy_threshold;immutable_changed:Test_2,15.0,0.005927562713623,1.67,2.0
AUC,5,aligned,2,42,NICE,bounded,NICE_bounded,0,below_policy_threshold;classifier_target_not_met,13.75,0.005927562713623,1.67,2.0
AUC,5,aligned,2,42,NICE,bounded+edit,NICE_bounded+edit,0,below_policy_threshold;classifier_target_not_met,13.75,0.005927562713623,1.67,2.0
AUC,5,aligned,2,42,MCCE,native,MCCE_native,0,no_candidate,,0.0138835906982421,,
AUC,5,aligned,2,42,MCCE,bounded,MCCE_bounded,0,no_candidate,,0.0138835906982421,,
AUC,5,aligned,2,42,MCCE,bounded+edit,MCCE_bounded+edit,0,no_candidate,,0.0138835906982421,,
AUC,5,aligned,2,45,NICE,native,NICE_native,0,below_policy_threshold;immutable_changed:Test_2,14.925,0.0054526329040527,1.66,2.0
AUC,5,aligned,2,45,NICE,bounded,NICE_bounded,0,below_policy_threshold;classifier_target_not_met,14.575,0.0054526329040527,1.66,2.0
AUC,5,aligned,2,45,NICE,bounded+edit,NICE_bounded+edit,0,below_policy_threshold;classifier_target_not_met,14.575,0.0054526329040527,1.66,2.0
AUC,5,aligned,2,45,MCCE,native,MCCE_native,0,out_of_bounds:sum_click,15.625,0.0205414295196533,1.9059804677460808,3.0
AUC,5,aligned,2,45,MCCE,bounded,MCCE_bounded,1,OK,15.625,0.0205414295196533,1.9111205345669493,3.0
AUC,5,aligned,2,45,MCCE,bounded+edit,MCCE_bounded+edit,1,OK,15.625,0.0205414295196533,1.9111205345669493,3.0
AUC,5,aligned,2,52,NICE,native,NICE_native,0,below_policy_threshold;immutable_changed:Test_1,15.0,0.0098543167114257,1.65,2.0
AUC,5,aligned,2,52,NICE,bounded,NICE_bounded,0,below_policy_threshold;classifier_target_not_met,14.25,0.0098543167114257,1.65,2.0
AUC,5,aligned,2,52,NICE,bounded+edit,NICE_bounded+edit,0,below_policy_threshold;classifier_target_not_met,14.25,0.0098543167114257,1.65,2.0
AUC,5,aligned,2,52,MCCE,native,MCCE_native,0,below_policy_threshold,14.65,0.0207080841064453,1.7604944456545415,3.0
AUC,5,aligned,2,52,MCCE,bounded,MCCE_bounded,0,below_policy_threshold,14.65,0.0207080841064453,1.7604944456545415,3.0
AUC,5,aligned,2,52,MCCE,bounded+edit,MCCE_bounded+edit,0,below_policy_threshold,14.65,0.0207080841064453,1.7604944456545415,3.0
AUC,5,aligned,2,53,NICE,native,NICE_native,0,below_policy_threshold;immutable_changed:Test_1;immutable_changed:Test_2,11.025,0.0054683685302734,0.85,1.0
AUC,5,aligned,2,53,NICE,bounded,NICE_bounded,0,below_policy_threshold;classifier_target_not_met,9.25,0.0054683685302734,0.85,1.0
AUC,5,aligned,2,53,NICE,bounded+edit,NICE_bounded+edit,0,below_policy_threshold;classifier_target_not_met,9.25,0.0054683685302734,0.85,1.0
AUC,5,aligned,2,53,MCCE,native,MCCE_native,0,no_candidate,,0.0147175788879394,,
AUC,5,aligned,2,53,MCCE,bounded,MCCE_bounded,0,no_candidate,,0.0147175788879394,,
AUC,5,aligned,2,53,MCCE,bounded+edit,MCCE_bounded+edit,0,no_candidate,,0.0147175788879394,,
AUC,5,aligned,2,66,NICE,native,NICE_native,0,below_policy_threshold;immutable_changed:Test_2,11.25,0.0043637752532958,0.85,1.0
AUC,5,aligned,2,66,NICE,bounded,NICE_bounded,0,below_policy_threshold;classifier_target_not_met,6.75,0.0043637752532958,0.85,1.0
AUC,5,aligned,2,66,NICE,bounded+edit,NICE_bounded+edit,0,below_policy_threshold;classifier_target_not_met,6.75,0.0043637752532958,0.85,1.0
AUC,5,aligned,2,66,MCCE,native,MCCE_native,0,no_candidate,,0.0140633583068847,,
AUC,5,aligned,2,66,MCCE,bounded,MCCE_bounded,0,no_candidate,,0.0140633583068847,,
AUC,5,aligned,2,66,MCCE,bounded+edit,MCCE_bounded+edit,0,no_candidate,,0.0140633583068847,,
AUC,5,aligned,2,72,NICE,native,NICE_native,0,below_policy_threshold;immutable_changed:Test_2,14.9,0.005436897277832,1.66,2.0
AUC,5,aligned,2,72,NICE,bounded,NICE_bounded,0,below_policy_threshold;classifier_target_not_met,14.7,0.005436897277832,1.66,2.0
AUC,5,aligned,2,72,NICE,bounded+edit,NICE_bounded+edit,0,below_policy_threshold;classifier_target_not_met,14.7,0.005436897277832,1.66,2.0
AUC,5,aligned,2,72,MCCE,native,MCCE_native,0,out_of_bounds:sum_click,15.05,0.0202307701110839,1.8049063670411984,3.0
AUC,5,aligned,2,72,MCCE,bounded,MCCE_bounded,1,OK,15.15,0.0202307701110839,1.7557620282339383,3.0
AUC,5,aligned,2,72,MCCE,bounded+edit,MCCE_bounded+edit,1,OK,15.15,0.0202307701110839,1.7557620282339383,3.0
AUC,5,aligned,2,84,NICE,native,NICE_native,0,below_policy_threshold;immutable_changed:Test_2,11.025,0.0040979385375976,0.85,1.0
AUC,5,aligned,2,84,NICE,bounded,NICE_bounded,0,below_policy_threshold;classifier_target_not_met,10.375,0.0040979385375976,0.85,1.0
AUC,5,aligned,2,84,NICE,bounded+edit,NICE_bounded+edit,1,OK,15.375,0.0040979385375976,1.85,2.0
AUC,5,aligned,2,84,MCCE,native,MCCE_native,0,below_policy_threshold;out_of_bounds:sum_click,14.625,0.0194358825683593,1.8141156040684692,3.0
AUC,5,aligned,2,84,MCCE,bounded,MCCE_bounded,0,below_policy_threshold,14.625,0.0194358825683593,1.908385016125031,3.0
AUC,5,aligned,2,84,MCCE,bounded+edit,MCCE_bounded+edit,0,below_policy_threshold,14.625,0.0194358825683593,1.908385016125031,3.0
AUC,5,aligned,2,89,NICE,native,NICE_native,0,below_policy_threshold;immutable_changed:Test_1;immutable_changed:Test_2,11.025,0.006561279296875,0.85,1.0
AUC,5,aligned,2,89,NICE,bounded,NICE_bounded,0,below_policy_threshold;classifier_target_not_met,9.2,0.006561279296875,0.85,1.0
AUC,5,aligned,2,89,NICE,bounded+edit,NICE_bounded+edit,0,below_policy_threshold;classifier_target_not_met,9.2,0.006561279296875,0.85,1.0
AUC,5,aligned,2,89,MCCE,native,MCCE_native,0,no_candidate,,0.0176281929016113,,
AUC,5,aligned,2,89,MCCE,bounded,MCCE_bounded,0,no_candidate,,0.0176281929016113,,
AUC,5,aligned,2,89,MCCE,bounded+edit,MCCE_bounded+edit,0,no_candidate,,0.0176281929016113,,
AUC,5,aligned,2,104,NICE,native,NICE_native,0,immutable_changed:Test_2,15.05,0.0053427219390869,1.65,2.0
AUC,5,aligned,2,104,NICE,bounded,NICE_bounded,0,below_policy_threshold;classifier_target_not_met,10.5,0.0053427219390869,1.65,2.0
AUC,5,aligned,2,104,NICE,bounded+edit,NICE_bounded+edit,0,below_policy_threshold;classifier_target_not_met,10.5,0.0053427219390869,1.65,2.0
AUC,5,aligned,2,104,MCCE,native,MCCE_native,0,no_candidate,,0.0130364894866943,,
AUC,5,aligned,2,104,MCCE,bounded,MCCE_bounded,0,no_candidate,,0.0130364894866943,,
AUC,5,aligned,2,104,MCCE,bounded+edit,MCCE_bounded+edit,0,no_candidate,,0.0130364894866943,,
AUC,5,aligned,2,117,NICE,native,NICE_native,0,immutable_changed:Test_2,15.1,0.0053091049194335,1.67,2.0
AUC,5,aligned,2,117,NICE,bounded,NICE_bounded,0,below_policy_threshold;classifier_target_not_met,13.1,0.0053091049194335,1.67,2.0
AUC,5,aligned,2,117,NICE,bounded+edit,NICE_bounded+edit,0,below_policy_threshold;classifier_target_not_met,13.1,0.0053091049194335,1.67,2.0
AUC,5,aligned,2,117,MCCE,native,MCCE_native,0,below_policy_threshold;out_of_bounds:sum_click,13.9,0.018979787826538,2.1194617819990955,3.0
AUC,5,aligned,2,117,MCCE,bounded,MCCE_bounded,0,no_candidate,,0.018979787826538,,
AUC,5,aligned,2,117,MCCE,bounded+edit,MCCE_bounded+edit,0,no_candidate,,0.018979787826538,,
AUC,5,aligned,2,121,NICE,native,NICE_native,0,below_policy_threshold;immutable_changed:Test_2,11.225,0.0043525695800781,0.85,1.0
AUC,5,aligned,2,121,NICE,bounded,NICE_bounded,0,below_policy_threshold;classifier_target_not_met,10.625,0.0043525695800781,0.85,1.0
AUC,5,aligned,2,121,NICE,bounded+edit,NICE_bounded+edit,1,OK,15.069444444444445,0.0043525695800781,1.738888888888889,2.0
AUC,5,aligned,2,121,MCCE,native,MCCE_native,0,below_policy_threshold;out_of_bounds:sum_click,14.975,0.0308289527893066,1.8624573899771053,3.0
AUC,5,aligned,2,121,MCCE,bounded,MCCE_bounded,0,below_policy_threshold,14.975,0.0308289527893066,1.9082472653268887,3.0
AUC,5,aligned,2,121,MCCE,bounded+edit,MCCE_bounded+edit,0,below_policy_threshold,14.975,0.0308289527893066,1.9082472653268887,3.0
AUC,5,aligned,2,123,NICE,native,NICE_native,0,below_policy_threshold;immutable_changed:Test_2,10.475,0.0056569576263427,0.85,1.0
AUC,5,aligned,2,123,NICE,bounded,NICE_bounded,0,below_policy_threshold;classifier_target_not_met,9.725,0.0056569576263427,0.85,1.0
AUC,5,aligned,2,123,NICE,bounded+edit,NICE_bounded+edit,0,below_policy_threshold;classifier_target_not_met,9.725,0.0056569576263427,0.85,1.0
AUC,5,aligned,2,123,MCCE,native,MCCE_native,0,no_candidate,,0.0306286811828613,,
AUC,5,aligned,2,123,MCCE,bounded,MCCE_bounded,0,no_candidate,,0.0306286811828613,,
AUC,5,aligned,2,123,MCCE,bounded+edit,MCCE_bounded+edit,0,no_candidate,,0.0306286811828613,,
AUC,5,aligned,2,129,NICE,native,NICE_native,0,below_policy_threshold;immutable_changed:Test_2,14.975,0.0083513259887695,1.66,2.0
AUC,5,aligned,2,129,NICE,bounded,NICE_bounded,0,below_policy_threshold;classifier_target_not_met,14.725,0.0083513259887695,1.66,2.0
AUC,5,aligned,2,129,NICE,bounded+edit,NICE_bounded+edit,0,below_policy_threshold;classifier_target_not_met,14.725,0.0083513259887695,1.66,2.0
AUC,5,aligned,2,129,MCCE,native,MCCE_native,0,out_of_bounds:sum_click,15.175,0.0253188610076904,1.8668871116579515,3.0
AUC,5,aligned,2,129,MCCE,bounded,MCCE_bounded,1,OK,15.175,0.0253188610076904,1.8914949246385728,3.0
AUC,5,aligned,2,129,MCCE,bounded+edit,MCCE_bounded+edit,1,OK,15.175,0.0253188610076904,1.8914949246385728,3.0
AUC,5,aligned,2,131,NICE,native,NICE_native,0,immutable_changed:Test_2,15.1,0.0058419704437255,1.75,2.0
AUC,5,aligned,2,131,NICE,bounded,NICE_bounded,0,below_policy_threshold;classifier_target_not_met,14.75,0.0058419704437255,1.75,2.0
AUC,5,aligned,2,131,NICE,bounded+edit,NICE_bounded+edit,0,below_policy_threshold;classifier_target_not_met,14.75,0.0058419704437255,1.75,2.0
AUC,5,aligned,2,131,MCCE,native,MCCE_native,1,OK,15.45,0.0245661735534667,2.080211087914637,3.0
AUC,5,aligned,2,131,MCCE,bounded,MCCE_bounded,1,OK,15.45,0.0245661735534667,2.080211087914637,3.0
AUC,5,aligned,2,131,MCCE,bounded+edit,MCCE_bounded+edit,1,OK,15.45,0.0245661735534667,2.080211087914637,3.0
AUC,5,aligned,2,132,NICE,native,NICE_native,1,OK,15.15,0.0045948028564453,1.7800000000000002,2.0
AUC,5,aligned,2,132,NICE,bounded,NICE_bounded,1,OK,15.15,0.0045948028564453,1.7800000000000002,2.0
AUC,5,aligned,2,132,NICE,bounded+edit,NICE_bounded+edit,1,OK,15.15,0.0045948028564453,1.7800000000000002,2.0
AUC,5,aligned,2,132,MCCE,native,MCCE_native,0,below_policy_threshold;out_of_bounds:sum_click,14.95,0.016813039779663,1.7922534291312866,3.0
AUC,5,aligned,2,132,MCCE,bounded,MCCE_bounded,0,no_candidate,,0.016813039779663,,
AUC,5,aligned,2,132,MCCE,bounded+edit,MCCE_bounded+edit,0,no_candidate,,0.016813039779663,,
AUC,5,aligned,2,138,NICE,native,NICE_native,0,below_policy_threshold,14.75,0.0038871765136718,1.73,2.0
AUC,5,aligned,2,138,NICE,bounded,NICE_bounded,0,below_policy_threshold,14.75,0.0038871765136718,1.73,2.0
AUC,5,aligned,2,138,NICE,bounded+edit,NICE_bounded+edit,0,below_policy_threshold,14.75,0.0038871765136718,1.73,2.0
AUC,5,aligned,2,138,MCCE,native,MCCE_native,0,below_policy_threshold,14.95,0.0198469161987304,1.7806638229805385,3.0
AUC,5,aligned,2,138,MCCE,bounded,MCCE_bounded,0,below_policy_threshold,14.95,0.0198469161987304,1.7806638229805385,3.0
AUC,5,aligned,2,138,MCCE,bounded+edit,MCCE_bounded+edit,0,below_policy_threshold,14.95,0.0198469161987304,1.7806638229805385,3.0
AUC,5,aligned,2,143,NICE,native,NICE_native,0,below_policy_threshold;immutable_changed:Test_2,14.5,0.0054683685302734,1.73,2.0
AUC,5,aligned,2,143,NICE,bounded,NICE_bounded,0,below_policy_threshold;classifier_target_not_met,9.9,0.0054683685302734,1.73,2.0
AUC,5,aligned,2,143,NICE,bounded+edit,NICE_bounded+edit,0,below_policy_threshold;classifier_target_not_met,9.9,0.0054683685302734,1.73,2.0
AUC,5,aligned,2,143,MCCE,native,MCCE_native,0,no_candidate,,0.0140526294708251,,
AUC,5,aligned,2,143,MCCE,bounded,MCCE_bounded,0,no_candidate,,0.0140526294708251,,
AUC,5,aligned,2,143,MCCE,bounded+edit,MCCE_bounded+edit,0,no_candidate,,0.0140526294708251,,
AUC,5,aligned,2,148,NICE,native,NICE_native,0,below_policy_threshold;immutable_changed:Test_1,14.95,0.0052821636199951,1.7400000000000002,2.0
AUC,5,aligned,2,148,NICE,bounded,NICE_bounded,0,below_policy_threshold;classifier_target_not_met,14.45,0.0052821636199951,1.7400000000000002,2.0
AUC,5,aligned,2,148,NICE,bounded+edit,NICE_bounded+edit,0,below_policy_threshold;classifier_target_not_met,14.45,0.0052821636199951,1.7400000000000002,2.0
AUC,5,aligned,2,148,MCCE,native,MCCE_native,0,below_policy_threshold,14.75,0.0201404094696044,1.9338352153910496,3.0
AUC,5,aligned,2,148,MCCE,bounded,MCCE_bounded,0,below_policy_threshold,14.75,0.0201404094696044,1.9338352153910496,3.0
AUC,5,aligned,2,148,MCCE,bounded+edit,MCCE_bounded+edit,0,below_policy_threshold,14.75,0.0201404094696044,1.9338352153910496,3.0
AUC,5,aligned,2,187,NICE,native,NICE_native,0,below_policy_threshold;immutable_changed:Test_1;immutable_changed:Test_2,11.025,0.0056431293487548,0.85,1.0
AUC,5,aligned,2,187,NICE,bounded,NICE_bounded,0,below_policy_threshold;classifier_target_not_met,5.75,0.0056431293487548,0.85,1.0
AUC,5,aligned,2,187,NICE,bounded+edit,NICE_bounded+edit,0,below_policy_threshold;classifier_target_not_met,5.75,0.0056431293487548,0.85,1.0
AUC,5,aligned,2,187,MCCE,native,MCCE_native,0,no_candidate,,0.0135014057159423,,
AUC,5,aligned,2,187,MCCE,bounded,MCCE_bounded,0,no_candidate,,0.0135014057159423,,
AUC,5,aligned,2,187,MCCE,bounded+edit,MCCE_bounded+edit,0,no_candidate,,0.0135014057159423,,
AUC,5,aligned,2,194,NICE,native,NICE_native,0,below_policy_threshold;immutable_changed:Test_1;immutable_changed:Test_2,11.025,0.0060570240020751,0.85,1.0
AUC,5,aligned,2,194,NICE,bounded,NICE_bounded,0,below_policy_threshold;classifier_target_not_met,9.4,0.0060570240020751,0.85,1.0
AUC,5,aligned,2,194,NICE,bounded+edit,NICE_bounded+edit,0,below_policy_threshold;classifier_target_not_met,9.4,0.0060570240020751,0.85,1.0
AUC,5,aligned,2,194,MCCE,native,MCCE_native,0,no_candidate,,0.0142295360565185,,
AUC,5,aligned,2,194,MCCE,bounded,MCCE_bounded,0,no_candidate,,0.0142295360565185,,
AUC,5,aligned,2,194,MCCE,bounded+edit,MCCE_bounded+edit,0,no_candidate,,0.0142295360565185,,
AUC,5,aligned,2,197,NICE,native,NICE_native,0,below_policy_threshold;immutable_changed:Test_1,14.85,0.0054934024810791,1.7400000000000002,2.0
AUC,5,aligned,2,197,NICE,bounded,NICE_bounded,0,below_policy_threshold;classifier_target_not_met,14.55,0.0054934024810791,1.7400000000000002,2.0
AUC,5,aligned,2,197,NICE,bounded+edit,NICE_bounded+edit,0,below_policy_threshold;classifier_target_not_met,14.55,0.0054934024810791,1.7400000000000002,2.0
AUC,5,aligned,2,197,MCCE,native,MCCE_native,0,no_candidate,,0.0133366584777832,,
AUC,5,aligned,2,197,MCCE,bounded,MCCE_bounded,0,no_candidate,,0.0133366584777832,,
AUC,5,aligned,2,197,MCCE,bounded+edit,MCCE_bounded+edit,0,no_candidate,,0.0133366584777832,,
AUC,5,aligned,2,199,NICE,native,NICE_native,0,immutable_changed:Test_2,15.025,0.0050940513610839,1.65,2.0
AUC,5,aligned,2,199,NICE,bounded,NICE_bounded,0,below_policy_threshold;classifier_target_not_met,14.575,0.0050940513610839,1.65,2.0
AUC,5,aligned,2,199,NICE,bounded+edit,NICE_bounded+edit,0,below_policy_threshold;classifier_target_not_met,14.575,0.0050940513610839,1.65,2.0
AUC,5,aligned,2,199,MCCE,native,MCCE_native,0,out_of_bounds:sum_click,15.175,0.0201747417449951,1.891183873223025,3.0
AUC,5,aligned,2,199,MCCE,bounded,MCCE_bounded,1,OK,15.175,0.0201747417449951,1.9564367280354231,3.0
AUC,5,aligned,2,199,MCCE,bounded+edit,MCCE_bounded+edit,1,OK,15.175,0.0201747417449951,1.9564367280354231,3.0
AUC,5,aligned,2,203,NICE,native,NICE_native,0,below_policy_threshold,14.975,0.0044069290161132,1.73,2.0
AUC,5,aligned,2,203,NICE,bounded,NICE_bounded,0,below_policy_threshold,14.975,0.0044069290161132,1.73,2.0
AUC,5,aligned,2,203,NICE,bounded+edit,NICE_bounded+edit,0,below_policy_threshold,14.975,0.0044069290161132,1.73,2.0
AUC,5,aligned,2,203,MCCE,native,MCCE_native,0,below_policy_threshold;out_of_bounds:sum_click,14.975,0.0216724872589111,1.837430617726052,3.0
AUC,5,aligned,2,203,MCCE,bounded,MCCE_bounded,0,below_policy_threshold,14.975,0.0216724872589111,1.8433989853774992,3.0
AUC,5,aligned,2,203,MCCE,bounded+edit,MCCE_bounded+edit,0,below_policy_threshold,14.975,0.0216724872589111,1.8433989853774992,3.0
AUC,5,aligned,2,208,NICE,native,NICE_native,0,below_policy_threshold;immutable_changed:Test_1;immutable_changed:Test_2,11.025,0.0057125091552734,0.85,1.0
AUC,5,aligned,2,208,NICE,bounded,NICE_bounded,0,below_policy_threshold;classifier_target_not_met,8.75,0.0057125091552734,0.85,1.0
AUC,5,aligned,2,208,NICE,bounded+edit,NICE_bounded+edit,0,below_policy_threshold;classifier_target_not_met,8.75,0.0057125091552734,0.85,1.0
AUC,5,aligned,2,208,MCCE,native,MCCE_native,0,no_candidate,,0.0141360759735107,,
AUC,5,aligned,2,208,MCCE,bounded,MCCE_bounded,0,no_candidate,,0.0141360759735107,,
AUC,5,aligned,2,208,MCCE,bounded+edit,MCCE_bounded+edit,0,no_candidate,,0.0141360759735107,,
AUC,5,aligned,2,212,NICE,native,NICE_native,0,below_policy_threshold;immutable_changed:Test_1,14.95,0.0051472187042236,1.7400000000000002,2.0
AUC,5,aligned,2,212,NICE,bounded,NICE_bounded,0,below_policy_threshold;classifier_target_not_met,14.875,0.0051472187042236,1.7400000000000002,2.0
AUC,5,aligned,2,212,NICE,bounded+edit,NICE_bounded+edit,0,below_policy_threshold;classifier_target_not_met,14.875,0.0051472187042236,1.7400000000000002,2.0
AUC,5,aligned,2,212,MCCE,native,MCCE_native,0,out_of_bounds:sum_click,15.075,0.0219769477844238,1.990441116956698,3.0
AUC,5,aligned,2,212,MCCE,bounded,MCCE_bounded,1,OK,15.075,0.0219769477844238,2.0956616754350468,3.0
AUC,5,aligned,2,212,MCCE,bounded+edit,MCCE_bounded+edit,1,OK,15.075,0.0219769477844238,2.0956616754350468,3.0
AUC,5,aligned,2,219,NICE,native,NICE_native,0,below_policy_threshold;immutable_changed:Test_2,10.6,0.0053579807281494,0.85,1.0
AUC,5,aligned,2,219,NICE,bounded,NICE_bounded,0,below_policy_threshold;classifier_target_not_met,8.5,0.0053579807281494,0.85,1.0
AUC,5,aligned,2,219,NICE,bounded+edit,NICE_bounded+edit,0,below_policy_threshold;classifier_target_not_met,8.5,0.0053579807281494,0.85,1.0
AUC,5,aligned,2,219,MCCE,native,MCCE_native,0,no_candidate,,0.0159082412719726,,
AUC,5,aligned,2,219,MCCE,bounded,MCCE_bounded,0,no_candidate,,0.0159082412719726,,
AUC,5,aligned,2,219,MCCE,bounded+edit,MCCE_bounded+edit,0,no_candidate,,0.0159082412719726,,
AUC,5,aligned,2,222,NICE,native,NICE_native,0,immutable_changed:Test_1;immutable_changed:Test_2,15.05,0.0084419250488281,1.65,2.0
AUC,5,aligned,2,222,NICE,bounded,NICE_bounded,0,below_policy_threshold;classifier_target_not_met,10.375,0.0084419250488281,1.65,2.0
AUC,5,aligned,2,222,NICE,bounded+edit,NICE_bounded+edit,0,below_policy_threshold;classifier_target_not_met,10.375,0.0084419250488281,1.65,2.0
AUC,5,aligned,2,222,MCCE,native,MCCE_native,0,no_candidate,,0.013334035873413,,
AUC,5,aligned,2,222,MCCE,bounded,MCCE_bounded,0,no_candidate,,0.013334035873413,,
AUC,5,aligned,2,222,MCCE,bounded+edit,MCCE_bounded+edit,0,no_candidate,,0.013334035873413,,
AUC,5,aligned,2,230,NICE,native,NICE_native,0,immutable_changed:Test_1;immutable_changed:Test_2,15.05,0.0066123008728027,1.66,2.0
AUC,5,aligned,2,230,NICE,bounded,NICE_bounded,0,below_policy_threshold;classifier_target_not_met,14.3,0.0066123008728027,1.66,2.0
AUC,5,aligned,2,230,NICE,bounded+edit,NICE_bounded+edit,0,below_policy_threshold;classifier_target_not_met,14.3,0.0066123008728027,1.66,2.0
AUC,5,aligned,2,230,MCCE,native,MCCE_native,0,out_of_bounds:sum_click,15.45,0.019702672958374,1.9446946216955332,3.0
AUC,5,aligned,2,230,MCCE,bounded,MCCE_bounded,1,OK,15.45,0.019702672958374,1.9811577028258889,3.0
AUC,5,aligned,2,230,MCCE,bounded+edit,MCCE_bounded+edit,1,OK,15.45,0.019702672958374,1.9811577028258889,3.0
AUC,5,aligned,2,232,NICE,native,NICE_native,0,immutable_changed:Test_1;immutable_changed:Test_2,15.15,0.0067229270935058,1.7400000000000002,2.0
AUC,5,aligned,2,232,NICE,bounded,NICE_bounded,0,below_policy_threshold;classifier_target_not_met,13.075,0.0067229270935058,1.7400000000000002,2.0
AUC,5,aligned,2,232,NICE,bounded+edit,NICE_bounded+edit,0,below_policy_threshold;classifier_target_not_met,13.075,0.0067229270935058,1.7400000000000002,2.0
AUC,5,aligned,2,232,MCCE,native,MCCE_native,0,no_candidate,,0.0143942832946777,,
AUC,5,aligned,2,232,MCCE,bounded,MCCE_bounded,0,no_candidate,,0.0143942832946777,,
AUC,5,aligned,2,232,MCCE,bounded+edit,MCCE_bounded+edit,0,no_candidate,,0.0143942832946777,,
AUC,5,aligned,2,236,NICE,native,NICE_native,0,immutable_changed:Test_1;immutable_changed:Test_2,15.05,0.0068068504333496,1.66,2.0
AUC,5,aligned,2,236,NICE,bounded,NICE_bounded,0,below_policy_threshold;classifier_target_not_met,14.3,0.0068068504333496,1.66,2.0
AUC,5,aligned,2,236,NICE,bounded+edit,NICE_bounded+edit,0,below_policy_threshold;classifier_target_not_met,14.3,0.0068068504333496,1.66,2.0
AUC,5,aligned,2,236,MCCE,native,MCCE_native,1,OK,15.45,0.0205256938934326,1.9031969646981195,3.0
AUC,5,aligned,2,236,MCCE,bounded,MCCE_bounded,1,OK,15.45,0.0205256938934326,1.9031969646981195,3.0
AUC,5,aligned,2,236,MCCE,bounded+edit,MCCE_bounded+edit,1,OK,15.45,0.0205256938934326,1.9031969646981195,3.0
AUC,5,aligned,2,247,NICE,native,NICE_native,0,below_policy_threshold;immutable_changed:Test_2,14.85,0.0056097507476806,1.66,2.0
AUC,5,aligned,2,247,NICE,bounded,NICE_bounded,0,below_policy_threshold;classifier_target_not_met,13.85,0.0056097507476806,1.66,2.0
AUC,5,aligned,2,247,NICE,bounded+edit,NICE_bounded+edit,0,below_policy_threshold;classifier_target_not_met,13.85,0.0056097507476806,1.66,2.0
AUC,5,aligned,2,247,MCCE,native,MCCE_native,0,no_candidate,,0.0135612487792968,,
AUC,5,aligned,2,247,MCCE,bounded,MCCE_bounded,0,no_candidate,,0.0135612487792968,,
AUC,5,aligned,2,247,MCCE,bounded+edit,MCCE_bounded+edit,0,no_candidate,,0.0135612487792968,,
AUC,5,aligned,2,256,NICE,native,NICE_native,0,below_policy_threshold;immutable_changed:Test_2,14.625,0.0052974224090576,1.73,2.0
AUC,5,aligned,2,256,NICE,bounded,NICE_bounded,0,below_policy_threshold;classifier_target_not_met,12.525,0.0052974224090576,1.73,2.0
AUC,5,aligned,2,256,NICE,bounded+edit,NICE_bounded+edit,0,below_policy_threshold;classifier_target_not_met,12.525,0.0052974224090576,1.73,2.0
AUC,5,aligned,2,256,MCCE,native,MCCE_native,0,no_candidate,,0.016111135482788,,
AUC,5,aligned,2,256,MCCE,bounded,MCCE_bounded,0,no_candidate,,0.016111135482788,,
AUC,5,aligned,2,256,MCCE,bounded+edit,MCCE_bounded+edit,0,no_candidate,,0.016111135482788,,
AUC,5,aligned,2,267,NICE,native,NICE_native,0,immutable_changed:Test_2,15.125,0.0054399967193603,1.67,2.0
AUC,5,aligned,2,267,NICE,bounded,NICE_bounded,0,below_policy_threshold;classifier_target_not_met,13.125,0.0054399967193603,1.67,2.0
AUC,5,aligned,2,267,NICE,bounded+edit,NICE_bounded+edit,0,below_policy_threshold;classifier_target_not_met,13.125,0.0054399967193603,1.67,2.0
AUC,5,aligned,2,267,MCCE,native,MCCE_native,0,below_policy_threshold;out_of_bounds:sum_click,13.675,0.0219438076019287,1.8743800943800943,3.0
AUC,5,aligned,2,267,MCCE,bounded,MCCE_bounded,0,below_policy_threshold,13.675,0.0219438076019287,2.0202402402402404,3.0
AUC,5,aligned,2,267,MCCE,bounded+edit,MCCE_bounded+edit,0,below_policy_threshold,13.675,0.0219438076019287,2.0202402402402404,3.0
AUC,5,aligned,2,275,NICE,native,NICE_native,0,below_policy_threshold;immutable_changed:Test_2,11.1375,0.0044367313385009,0.85,1.0
AUC,5,aligned,2,275,NICE,bounded,NICE_bounded,0,below_policy_threshold;classifier_target_not_met,6.6375,0.0044367313385009,0.85,1.0
AUC,5,aligned,2,275,NICE,bounded+edit,NICE_bounded+edit,0,below_policy_threshold;classifier_target_not_met,6.6375,0.0044367313385009,0.85,1.0
AUC,5,aligned,2,275,MCCE,native,MCCE_native,0,no_candidate,,0.0137178897857666,,
AUC,5,aligned,2,275,MCCE,bounded,MCCE_bounded,0,no_candidate,,0.0137178897857666,,
AUC,5,aligned,2,275,MCCE,bounded+edit,MCCE_bounded+edit,0,no_candidate,,0.0137178897857666,,
AUC,5,aligned,2,279,NICE,native,NICE_native,0,below_policy_threshold;immutable_changed:Test_1;immutable_changed:Test_2,11.025,0.0064749717712402,0.85,1.0
AUC,5,aligned,2,279,NICE,bounded,NICE_bounded,0,below_policy_threshold;classifier_target_not_met,8.9,0.0064749717712402,0.85,1.0
AUC,5,aligned,2,279,NICE,bounded+edit,NICE_bounded+edit,0,below_policy_threshold;classifier_target_not_met,8.9,0.0064749717712402,0.85,1.0
AUC,5,aligned,2,279,MCCE,native,MCCE_native,0,no_candidate,,0.0147953033447265,,
AUC,5,aligned,2,279,MCCE,bounded,MCCE_bounded,0,no_candidate,,0.0147953033447265,,
AUC,5,aligned,2,279,MCCE,bounded+edit,MCCE_bounded+edit,0,no_candidate,,0.0147953033447265,,
AUC,5,aligned,2,282,NICE,native,NICE_native,0,below_policy_threshold;immutable_changed:Test_1,14.85,0.0089654922485351,1.7400000000000002,2.0
AUC,5,aligned,2,282,NICE,bounded,NICE_bounded,0,below_policy_threshold;classifier_target_not_met,14.55,0.0089654922485351,1.7400000000000002,2.0
AUC,5,aligned,2,282,NICE,bounded+edit,NICE_bounded+edit,0,below_policy_threshold;classifier_target_not_met,14.55,0.0089654922485351,1.7400000000000002,2.0
AUC,5,aligned,2,282,MCCE,native,MCCE_native,0,no_candidate,,0.0341846942901611,,
AUC,5,aligned,2,282,MCCE,bounded,MCCE_bounded,0,no_candidate,,0.0341846942901611,,
AUC,5,aligned,2,282,MCCE,bounded+edit,MCCE_bounded+edit,0,no_candidate,,0.0341846942901611,,
AUC,5,aligned,2,283,NICE,native,NICE_native,0,below_policy_threshold;immutable_changed:Test_2,14.75,0.0098536014556884,1.73,2.0
AUC,5,aligned,2,283,NICE,bounded,NICE_bounded,0,below_policy_threshold;classifier_target_not_met,13.65,0.0098536014556884,1.73,2.0
AUC,5,aligned,2,283,NICE,bounded+edit,NICE_bounded+edit,0,below_policy_threshold;classifier_target_not_met,13.65,0.0098536014556884,1.73,2.0
AUC,5,aligned,2,283,MCCE,native,MCCE_native,0,no_candidate,,0.0193309783935546,,
AUC,5,aligned,2,283,MCCE,bounded,MCCE_bounded,0,no_candidate,,0.0193309783935546,,
AUC,5,aligned,2,283,MCCE,bounded+edit,MCCE_bounded+edit,0,no_candidate,,0.0193309783935546,,
AUC,5,aligned,2,286,NICE,native,NICE_native,1,OK,15.125,0.0042090415954589,1.7000000000000002,2.0
AUC,5,aligned,2,286,NICE,bounded,NICE_bounded,1,OK,15.125,0.0042090415954589,1.7000000000000002,2.0
AUC,5,aligned,2,286,NICE,bounded+edit,NICE_bounded+edit,1,OK,15.125,0.0042090415954589,1.7000000000000002,2.0
AUC,5,aligned,2,286,MCCE,native,MCCE_native,1,OK,15.625,0.0235459804534912,1.8,2.0
AUC,5,aligned,2,286,MCCE,bounded,MCCE_bounded,1,OK,15.625,0.0235459804534912,1.8,2.0
AUC,5,aligned,2,286,MCCE,bounded+edit,MCCE_bounded+edit,1,OK,15.625,0.0235459804534912,1.8,2.0
AUC,5,aligned,2,293,NICE,native,NICE_native,0,immutable_changed:Test_2,15.05,0.0053017139434814,1.65,2.0
AUC,5,aligned,2,293,NICE,bounded,NICE_bounded,0,below_policy_threshold;classifier_target_not_met,14.9,0.0053017139434814,1.65,2.0
AUC,5,aligned,2,293,NICE,bounded+edit,NICE_bounded+edit,0,below_policy_threshold;classifier_target_not_met,14.9,0.0053017139434814,1.65,2.0
AUC,5,aligned,2,293,MCCE,native,MCCE_native,1,OK,15.4,0.0199358463287353,1.7646663407479837,3.0
AUC,5,aligned,2,293,MCCE,bounded,MCCE_bounded,1,OK,15.4,0.0199358463287353,1.7646663407479837,3.0
AUC,5,aligned,2,293,MCCE,bounded+edit,MCCE_bounded+edit,1,OK,15.4,0.0199358463287353,1.7646663407479837,3.0
AUC,5,aligned,2,295,NICE,native,NICE_native,0,below_policy_threshold,14.725,0.0039265155792236,1.73,2.0
AUC,5,aligned,2,295,NICE,bounded,NICE_bounded,0,below_policy_threshold,14.725,0.0039265155792236,1.73,2.0
AUC,5,aligned,2,295,NICE,bounded+edit,NICE_bounded+edit,0,below_policy_threshold,14.725,0.0039265155792236,1.73,2.0
AUC,5,aligned,2,295,MCCE,native,MCCE_native,0,below_policy_threshold;out_of_bounds:sum_click,14.875,0.0213782787322998,1.8321761097076867,3.0
AUC,5,aligned,2,295,MCCE,bounded,MCCE_bounded,1,OK,15.075,0.0213782787322998,2.052616383976904,3.0
AUC,5,aligned,2,295,MCCE,bounded+edit,MCCE_bounded+edit,1,OK,15.075,0.0213782787322998,2.052616383976904,3.0
AUC,5,aligned,2,309,NICE,native,NICE_native,0,immutable_changed:Test_2,15.05,0.0055367946624755,1.66,2.0
AUC,5,aligned,2,309,NICE,bounded,NICE_bounded,0,below_policy_threshold;classifier_target_not_met,14.95,0.0055367946624755,1.66,2.0
AUC,5,aligned,2,309,NICE,bounded+edit,NICE_bounded+edit,0,below_policy_threshold;classifier_target_not_met,14.95,0.0055367946624755,1.66,2.0
AUC,5,aligned,2,309,MCCE,native,MCCE_native,1,OK,15.4,0.0202243328094482,1.8421924517430133,3.0
AUC,5,aligned,2,309,MCCE,bounded,MCCE_bounded,1,OK,15.4,0.0202243328094482,1.8421924517430133,3.0
AUC,5,aligned,2,309,MCCE,bounded+edit,MCCE_bounded+edit,1,OK,15.4,0.0202243328094482,1.8421924517430133,3.0
AUC,5,aligned,2,319,NICE,native,NICE_native,0,immutable_changed:Test_2,15.05,0.0054292678833007,1.65,2.0
AUC,5,aligned,2,319,NICE,bounded,NICE_bounded,0,below_policy_threshold;classifier_target_not_met,10.5,0.0054292678833007,1.65,2.0
AUC,5,aligned,2,319,NICE,bounded+edit,NICE_bounded+edit,0,below_policy_threshold;classifier_target_not_met,10.5,0.0054292678833007,1.65,2.0
AUC,5,aligned,2,319,MCCE,native,MCCE_native,0,no_candidate,,0.0131194591522216,,
AUC,5,aligned,2,319,MCCE,bounded,MCCE_bounded,0,no_candidate,,0.0131194591522216,,
AUC,5,aligned,2,319,MCCE,bounded+edit,MCCE_bounded+edit,0,no_candidate,,0.0131194591522216,,
AUC,5,aligned,2,326,NICE,native,NICE_native,0,below_policy_threshold,11.45,0.0039565563201904,1.8,2.0
AUC,5,aligned,2,326,NICE,bounded,NICE_bounded,0,below_policy_threshold,11.45,0.0039565563201904,1.8,2.0
AUC,5,aligned,2,326,NICE,bounded+edit,NICE_bounded+edit,0,below_policy_threshold,11.45,0.0039565563201904,1.8,2.0
AUC,5,aligned,2,326,MCCE,native,MCCE_native,0,no_candidate,,0.0141336917877197,,
AUC,5,aligned,2,326,MCCE,bounded,MCCE_bounded,0,no_candidate,,0.0141336917877197,,
AUC,5,aligned,2,326,MCCE,bounded+edit,MCCE_bounded+edit,0,no_candidate,,0.0141336917877197,,
AUC,5,aligned,2,327,NICE,native,NICE_native,0,immutable_changed:Test_2,15.125,0.0057523250579833,1.6800000000000002,2.0
AUC,5,aligned,2,327,NICE,bounded,NICE_bounded,0,below_policy_threshold;classifier_target_not_met,14.775,0.0057523250579833,1.6800000000000002,2.0
AUC,5,aligned,2,327,NICE,bounded+edit,NICE_bounded+edit,0,below_policy_threshold;classifier_target_not_met,14.775,0.0057523250579833,1.6800000000000002,2.0
AUC,5,aligned,2,327,MCCE,native,MCCE_native,0,out_of_bounds:sum_click,15.025,0.0181939601898193,3.8595279912184433,3.0
AUC,5,aligned,2,327,MCCE,bounded,MCCE_bounded,0,no_candidate,,0.0181939601898193,,
AUC,5,aligned,2,327,MCCE,bounded+edit,MCCE_bounded+edit,0,no_candidate,,0.0181939601898193,,
AUC,5,aligned,2,330,NICE,native,NICE_native,0,below_policy_threshold;immutable_changed:Test_2,10.725,0.0041830539703369,0.85,1.0
AUC,5,aligned,2,330,NICE,bounded,NICE_bounded,0,below_policy_threshold;classifier_target_not_met,9.625,0.0041830539703369,0.85,1.0
AUC,5,aligned,2,330,NICE,bounded+edit,NICE_bounded+edit,0,below_policy_threshold;classifier_target_not_met,9.625,0.0041830539703369,0.85,1.0
AUC,5,aligned,2,330,MCCE,native,MCCE_native,0,no_candidate,,0.0152308940887451,,
AUC,5,aligned,2,330,MCCE,bounded,MCCE_bounded,0,no_candidate,,0.0152308940887451,,
AUC,5,aligned,2,330,MCCE,bounded+edit,MCCE_bounded+edit,0,no_candidate,,0.0152308940887451,,
AUC,5,aligned,2,346,NICE,native,NICE_native,0,below_policy_threshold;immutable_changed:Test_2,10.6,0.0042572021484375,0.85,1.0
AUC,5,aligned,2,346,NICE,bounded,NICE_bounded,0,below_policy_threshold;classifier_target_not_met,8.9,0.0042572021484375,0.85,1.0
AUC,5,aligned,2,346,NICE,bounded+edit,NICE_bounded+edit,0,below_policy_threshold;classifier_target_not_met,8.9,0.0042572021484375,0.85,1.0
AUC,5,aligned,2,346,MCCE,native,MCCE_native,0,no_candidate,,0.0148522853851318,,
AUC,5,aligned,2,346,MCCE,bounded,MCCE_bounded,0,no_candidate,,0.0148522853851318,,
AUC,5,aligned,2,346,MCCE,bounded+edit,MCCE_bounded+edit,0,no_candidate,,0.0148522853851318,,
AUC,5,aligned,2,354,NICE,native,NICE_native,0,below_policy_threshold,14.775,0.0041298866271972,1.73,2.0
AUC,5,aligned,2,354,NICE,bounded,NICE_bounded,0,below_policy_threshold,14.775,0.0041298866271972,1.73,2.0
AUC,5,aligned,2,354,NICE,bounded+edit,NICE_bounded+edit,0,below_policy_threshold,14.775,0.0041298866271972,1.73,2.0
AUC,5,aligned,2,354,MCCE,native,MCCE_native,0,below_policy_threshold;out_of_bounds:sum_click,14.775,0.0259883403778076,1.779452490286118,3.0
AUC,5,aligned,2,354,MCCE,bounded,MCCE_bounded,1,OK,15.475,0.0259883403778076,2.1384563758389263,3.0
AUC,5,aligned,2,354,MCCE,bounded+edit,MCCE_bounded+edit,1,OK,15.475,0.0259883403778076,2.1384563758389263,3.0
AUC,5,aligned,2,355,NICE,native,NICE_native,0,below_policy_threshold;immutable_changed:Test_2,11.0,0.0041112899780273,0.85,1.0
AUC,5,aligned,2,355,NICE,bounded,NICE_bounded,0,below_policy_threshold;classifier_target_not_met,9.5,0.0041112899780273,0.85,1.0
AUC,5,aligned,2,355,NICE,bounded+edit,NICE_bounded+edit,0,below_policy_threshold;classifier_target_not_met,9.5,0.0041112899780273,0.85,1.0
AUC,5,aligned,2,355,MCCE,native,MCCE_native,0,below_policy_threshold,14.4,0.023949384689331,2.058992026170517,3.0
AUC,5,aligned,2,355,MCCE,bounded,MCCE_bounded,0,below_policy_threshold,14.4,0.023949384689331,2.058992026170517,3.0
AUC,5,aligned,2,355,MCCE,bounded+edit,MCCE_bounded+edit,0,below_policy_threshold,14.4,0.023949384689331,2.058992026170517,3.0
AUC,5,aligned,2,360,NICE,native,NICE_native,0,immutable_changed:Test_2,15.025,0.0054621696472167,1.65,2.0
AUC,5,aligned,2,360,NICE,bounded,NICE_bounded,0,below_policy_threshold;classifier_target_not_met,10.475,0.0054621696472167,1.65,2.0
AUC,5,aligned,2,360,NICE,bounded+edit,NICE_bounded+edit,0,below_policy_threshold;classifier_target_not_met,10.475,0.0054621696472167,1.65,2.0
AUC,5,aligned,2,360,MCCE,native,MCCE_native,0,no_candidate,,0.013838768005371,,
AUC,5,aligned,2,360,MCCE,bounded,MCCE_bounded,0,no_candidate,,0.013838768005371,,
AUC,5,aligned,2,360,MCCE,bounded+edit,MCCE_bounded+edit,0,no_candidate,,0.013838768005371,,
AUC,5,aligned,2,385,NICE,native,NICE_native,0,below_policy_threshold;immutable_changed:Test_1;immutable_changed:Test_2,11.025,0.0072221755981445,0.85,1.0
AUC,5,aligned,2,385,NICE,bounded,NICE_bounded,0,below_policy_threshold;classifier_target_not_met,4.25,0.0072221755981445,0.85,1.0
AUC,5,aligned,2,385,NICE,bounded+edit,NICE_bounded+edit,0,below_policy_threshold;classifier_target_not_met,4.25,0.0072221755981445,0.85,1.0
AUC,5,aligned,2,385,MCCE,native,MCCE_native,0,no_candidate,,0.0160789489746093,,
AUC,5,aligned,2,385,MCCE,bounded,MCCE_bounded,0,no_candidate,,0.0160789489746093,,
AUC,5,aligned,2,385,MCCE,bounded+edit,MCCE_bounded+edit,0,no_candidate,,0.0160789489746093,,
AUC,5,aligned,2,396,NICE,native,NICE_native,0,below_policy_threshold;immutable_changed:Test_2,10.95,0.0045859813690185,0.85,1.0
AUC,5,aligned,2,396,NICE,bounded,NICE_bounded,0,below_policy_threshold;classifier_target_not_met,8.95,0.0045859813690185,0.85,1.0
AUC,5,aligned,2,396,NICE,bounded+edit,NICE_bounded+edit,0,below_policy_threshold;classifier_target_not_met,8.95,0.0045859813690185,0.85,1.0
AUC,5,aligned,2,396,MCCE,native,MCCE_native,0,no_candidate,,0.0142192840576171,,
AUC,5,aligned,2,396,MCCE,bounded,MCCE_bounded,0,no_candidate,,0.0142192840576171,,
AUC,5,aligned,2,396,MCCE,bounded+edit,MCCE_bounded+edit,0,no_candidate,,0.0142192840576171,,
AUC,5,aligned,2,404,NICE,native,NICE_native,1,OK,15.05,0.0041306018829345,1.7400000000000002,2.0
AUC,5,aligned,2,404,NICE,bounded,NICE_bounded,1,OK,15.05,0.0041306018829345,1.7400000000000002,2.0
AUC,5,aligned,2,404,NICE,bounded+edit,NICE_bounded+edit,1,OK,15.05,0.0041306018829345,1.7400000000000002,2.0
AUC,5,aligned,2,404,MCCE,native,MCCE_native,0,below_policy_threshold,15.0,0.0218062400817871,1.9258384332925336,3.0
AUC,5,aligned,2,404,MCCE,bounded,MCCE_bounded,0,below_policy_threshold,15.0,0.0218062400817871,1.9258384332925336,3.0
AUC,5,aligned,2,404,MCCE,bounded+edit,MCCE_bounded+edit,0,below_policy_threshold,15.0,0.0218062400817871,1.9258384332925336,3.0
AUC,5,aligned,2,409,NICE,native,NICE_native,0,immutable_changed:Test_2,15.05,0.0065054893493652,1.66,2.0
AUC,5,aligned,2,409,NICE,bounded,NICE_bounded,0,below_policy_threshold;classifier_target_not_met,14.55,0.0065054893493652,1.66,2.0
AUC,5,aligned,2,409,NICE,bounded+edit,NICE_bounded+edit,0,below_policy_threshold;classifier_target_not_met,14.55,0.0065054893493652,1.66,2.0
AUC,5,aligned,2,409,MCCE,native,MCCE_native,0,below_policy_threshold;out_of_bounds:sum_click,15.0,0.0364103317260742,1.7674876129408337,3.0
AUC,5,aligned,2,409,MCCE,bounded,MCCE_bounded,1,OK,15.15,0.0364103317260742,1.9082424948994463,3.0
AUC,5,aligned,2,409,MCCE,bounded+edit,MCCE_bounded+edit,1,OK,15.15,0.0364103317260742,1.9082424948994463,3.0
AUC,5,aligned,2,421,NICE,native,NICE_native,0,below_policy_threshold;immutable_changed:Test_2,14.875,0.005873680114746,1.66,2.0
AUC,5,aligned,2,421,NICE,bounded,NICE_bounded,0,below_policy_threshold;classifier_target_not_met,14.675,0.005873680114746,1.66,2.0
AUC,5,aligned,2,421,NICE,bounded+edit,NICE_bounded+edit,0,below_policy_threshold;classifier_target_not_met,14.675,0.005873680114746,1.66,2.0
AUC,5,aligned,2,421,MCCE,native,MCCE_native,0,out_of_bounds:sum_click,15.025,0.021639347076416,1.846467162730508,3.0
AUC,5,aligned,2,421,MCCE,bounded,MCCE_bounded,1,OK,15.025,0.021639347076416,1.9758751213199608,3.0
AUC,5,aligned,2,421,MCCE,bounded+edit,MCCE_bounded+edit,1,OK,15.025,0.021639347076416,1.9758751213199608,3.0
AUC,5,aligned,2,423,NICE,native,NICE_native,0,below_policy_threshold;immutable_changed:Test_2,14.85,0.0061304569244384,1.67,2.0
AUC,5,aligned,2,423,NICE,bounded,NICE_bounded,0,below_policy_threshold;classifier_target_not_met,14.75,0.0061304569244384,1.67,2.0
AUC,5,aligned,2,423,NICE,bounded+edit,NICE_bounded+edit,0,below_policy_threshold;classifier_target_not_met,14.75,0.0061304569244384,1.67,2.0
AUC,5,aligned,2,423,MCCE,native,MCCE_native,0,out_of_bounds:sum_click,15.225,0.0275921821594238,1.848682008368201,3.0
AUC,5,aligned,2,423,MCCE,bounded,MCCE_bounded,1,OK,15.225,0.0275921821594238,1.9788540213854025,3.0
AUC,5,aligned,2,423,MCCE,bounded+edit,MCCE_bounded+edit,1,OK,15.225,0.0275921821594238,1.9788540213854025,3.0
AUC,5,aligned,2,440,NICE,native,NICE_native,0,below_policy_threshold;immutable_changed:Test_2,11.1,0.0041091442108154,0.85,1.0
AUC,5,aligned,2,440,NICE,bounded,NICE_bounded,0,below_policy_threshold;classifier_target_not_met,6.6,0.0041091442108154,0.85,1.0
AUC,5,aligned,2,440,NICE,bounded+edit,NICE_bounded+edit,0,below_policy_threshold;classifier_target_not_met,6.6,0.0041091442108154,0.85,1.0
AUC,5,aligned,2,440,MCCE,native,MCCE_native,0,no_candidate,,0.0176825523376464,,
AUC,5,aligned,2,440,MCCE,bounded,MCCE_bounded,0,no_candidate,,0.0176825523376464,,
AUC,5,aligned,2,440,MCCE,bounded+edit,MCCE_bounded+edit,0,no_candidate,,0.0176825523376464,,
AUC,5,aligned,2,447,NICE,native,NICE_native,0,below_policy_threshold;immutable_changed:Test_1;immutable_changed:Test_2,11.025,0.0067698955535888,0.85,1.0
AUC,5,aligned,2,447,NICE,bounded,NICE_bounded,0,below_policy_threshold;classifier_target_not_met,10.125,0.0067698955535888,0.85,1.0
AUC,5,aligned,2,447,NICE,bounded+edit,NICE_bounded+edit,1,OK,15.125,0.0067698955535888,1.85,2.0
AUC,5,aligned,2,447,MCCE,native,MCCE_native,0,below_policy_threshold,14.875,0.0216960906982421,1.9978069232423132,3.0
AUC,5,aligned,2,447,MCCE,bounded,MCCE_bounded,0,below_policy_threshold,14.875,0.0216960906982421,1.9978069232423132,3.0
AUC,5,aligned,2,447,MCCE,bounded+edit,MCCE_bounded+edit,0,below_policy_threshold,14.875,0.0216960906982421,1.9978069232423132,3.0
AUC,5,aligned,2,461,NICE,native,NICE_native,0,immutable_changed:Test_1;immutable_changed:Test_2,15.05,0.0085444450378417,1.66,2.0
AUC,5,aligned,2,461,NICE,bounded,NICE_bounded,0,below_policy_threshold;classifier_target_not_met,10.3,0.0085444450378417,1.66,2.0
AUC,5,aligned,2,461,NICE,bounded+edit,NICE_bounded+edit,0,below_policy_threshold;classifier_target_not_met,10.3,0.0085444450378417,1.66,2.0
AUC,5,aligned,2,461,MCCE,native,MCCE_native,0,no_candidate,,0.0168330669403076,,
AUC,5,aligned,2,461,MCCE,bounded,MCCE_bounded,0,no_candidate,,0.0168330669403076,,
AUC,5,aligned,2,461,MCCE,bounded+edit,MCCE_bounded+edit,0,no_candidate,,0.0168330669403076,,
AUC,5,aligned,2,469,NICE,native,NICE_native,0,immutable_changed:Test_1;immutable_changed:Test_2,15.2,0.0108215808868408,1.7800000000000002,2.0
AUC,5,aligned,2,469,NICE,bounded,NICE_bounded,0,below_policy_threshold;classifier_target_not_met,13.65,0.0108215808868408,1.7800000000000002,2.0
AUC,5,aligned,2,469,NICE,bounded+edit,NICE_bounded+edit,0,below_policy_threshold;classifier_target_not_met,13.65,0.0108215808868408,1.7800000000000002,2.0
AUC,5,aligned,2,469,MCCE,native,MCCE_native,0,no_candidate,,0.0160956382751464,,
AUC,5,aligned,2,469,MCCE,bounded,MCCE_bounded,0,no_candidate,,0.0160956382751464,,
AUC,5,aligned,2,469,MCCE,bounded+edit,MCCE_bounded+edit,0,no_candidate,,0.0160956382751464,,
AUC,5,aligned,2,478,NICE,native,NICE_native,0,below_policy_threshold;immutable_changed:Test_2,13.25,0.0053238868713378,1.73,2.0
AUC,5,aligned,2,478,NICE,bounded,NICE_bounded,0,below_policy_threshold;classifier_target_not_met,8.65,0.0053238868713378,1.73,2.0
AUC,5,aligned,2,478,NICE,bounded+edit,NICE_bounded+edit,0,below_policy_threshold;classifier_target_not_met,8.65,0.0053238868713378,1.73,2.0
AUC,5,aligned,2,478,MCCE,native,MCCE_native,0,no_candidate,,0.0160329341888427,,
AUC,5,aligned,2,478,MCCE,bounded,MCCE_bounded,0,no_candidate,,0.0160329341888427,,
AUC,5,aligned,2,478,MCCE,bounded+edit,MCCE_bounded+edit,0,no_candidate,,0.0160329341888427,,
AUC,5,aligned,2,486,NICE,native,NICE_native,0,below_policy_threshold;immutable_changed:Test_2,11.05,0.0051581859588623,0.85,1.0
AUC,5,aligned,2,486,NICE,bounded,NICE_bounded,0,below_policy_threshold;classifier_target_not_met,6.55,0.0051581859588623,0.85,1.0
AUC,5,aligned,2,486,NICE,bounded+edit,NICE_bounded+edit,0,below_policy_threshold;classifier_target_not_met,6.55,0.0051581859588623,0.85,1.0
AUC,5,aligned,2,486,MCCE,native,MCCE_native,0,no_candidate,,0.0143489837646484,,
AUC,5,aligned,2,486,MCCE,bounded,MCCE_bounded,0,no_candidate,,0.0143489837646484,,
AUC,5,aligned,2,486,MCCE,bounded+edit,MCCE_bounded+edit,0,no_candidate,,0.0143489837646484,,
AUC,5,aligned,2,494,NICE,native,NICE_native,0,immutable_changed:Test_2,15.05,0.0053629875183105,1.66,2.0
AUC,5,aligned,2,494,NICE,bounded,NICE_bounded,0,below_policy_threshold;classifier_target_not_met,14.55,0.0053629875183105,1.66,2.0
AUC,5,aligned,2,494,NICE,bounded+edit,NICE_bounded+edit,0,below_policy_threshold;classifier_target_not_met,14.55,0.0053629875183105,1.66,2.0
AUC,5,aligned,2,494,MCCE,native,MCCE_native,1,OK,15.25,0.0262186527252197,1.8,2.0
AUC,5,aligned,2,494,MCCE,bounded,MCCE_bounded,1,OK,15.25,0.0262186527252197,1.8,2.0
AUC,5,aligned,2,494,MCCE,bounded+edit,MCCE_bounded+edit,1,OK,15.25,0.0262186527252197,1.8,2.0
AUC,5,aligned,2,495,NICE,native,NICE_native,0,below_policy_threshold;immutable_changed:Test_2,14.85,0.0055456161499023,1.67,2.0
AUC,5,aligned,2,495,NICE,bounded,NICE_bounded,0,below_policy_threshold;classifier_target_not_met,14.7,0.0055456161499023,1.67,2.0
AUC,5,aligned,2,495,NICE,bounded+edit,NICE_bounded+edit,0,below_policy_threshold;classifier_target_not_met,14.7,0.0055456161499023,1.67,2.0
AUC,5,aligned,2,495,MCCE,native,MCCE_native,0,out_of_bounds:sum_click,15.15,0.0213246345520019,1.9077104874446085,3.0
AUC,5,aligned,2,495,MCCE,bounded,MCCE_bounded,1,OK,15.15,0.0213246345520019,1.9274052191038893,3.0
AUC,5,aligned,2,495,MCCE,bounded+edit,MCCE_bounded+edit,1,OK,15.15,0.0213246345520019,1.9274052191038893,3.0
AUC,5,aligned,2,508,NICE,native,NICE_native,0,below_policy_threshold;immutable_changed:Test_1;immutable_changed:Test_2,11.025,0.0052831172943115,0.85,1.0
AUC,5,aligned,2,508,NICE,bounded,NICE_bounded,0,below_policy_threshold;classifier_target_not_met,8.375,0.0052831172943115,0.85,1.0
AUC,5,aligned,2,508,NICE,bounded+edit,NICE_bounded+edit,0,below_policy_threshold;classifier_target_not_met,8.375,0.0052831172943115,0.85,1.0
AUC,5,aligned,2,508,MCCE,native,MCCE_native,0,no_candidate,,0.0142228603363037,,
AUC,5,aligned,2,508,MCCE,bounded,MCCE_bounded,0,no_candidate,,0.0142228603363037,,
AUC,5,aligned,2,508,MCCE,bounded+edit,MCCE_bounded+edit,0,no_candidate,,0.0142228603363037,,
AUC,5,aligned,2,515,NICE,native,NICE_native,0,immutable_changed:Test_2,15.025,0.0053319931030273,1.66,2.0
AUC,5,aligned,2,515,NICE,bounded,NICE_bounded,0,below_policy_threshold;classifier_target_not_met,14.875,0.0053319931030273,1.66,2.0
AUC,5,aligned,2,515,NICE,bounded+edit,NICE_bounded+edit,0,below_policy_threshold;classifier_target_not_met,14.875,0.0053319931030273,1.66,2.0
AUC,5,aligned,2,515,MCCE,native,MCCE_native,1,OK,15.175,0.0197341442108154,1.845352554058289,3.0
AUC,5,aligned,2,515,MCCE,bounded,MCCE_bounded,1,OK,15.175,0.0197341442108154,1.845352554058289,3.0
AUC,5,aligned,2,515,MCCE,bounded+edit,MCCE_bounded+edit,1,OK,15.175,0.0197341442108154,1.845352554058289,3.0
AUC,5,aligned,2,541,NICE,native,NICE_native,0,immutable_changed:Test_1;immutable_changed:Test_2,15.05,0.007176399230957,1.65,2.0
AUC,5,aligned,2,541,NICE,bounded,NICE_bounded,0,below_policy_threshold;classifier_target_not_met,14.775,0.007176399230957,1.65,2.0
AUC,5,aligned,2,541,NICE,bounded+edit,NICE_bounded+edit,0,below_policy_threshold;classifier_target_not_met,14.775,0.007176399230957,1.65,2.0
AUC,5,aligned,2,541,MCCE,native,MCCE_native,0,out_of_bounds:sum_click,15.125,0.0206353664398193,1.7392724644663935,3.0
AUC,5,aligned,2,541,MCCE,bounded,MCCE_bounded,1,OK,15.125,0.0206353664398193,1.8452710190315584,3.0
AUC,5,aligned,2,541,MCCE,bounded+edit,MCCE_bounded+edit,1,OK,15.125,0.0206353664398193,1.8452710190315584,3.0
AUC,5,aligned,2,546,NICE,native,NICE_native,0,below_policy_threshold,14.75,0.0040600299835205,1.73,2.0
AUC,5,aligned,2,546,NICE,bounded,NICE_bounded,0,below_policy_threshold,14.75,0.0040600299835205,1.73,2.0
AUC,5,aligned,2,546,NICE,bounded+edit,NICE_bounded+edit,0,below_policy_threshold,14.75,0.0040600299835205,1.73,2.0
AUC,5,aligned,2,546,MCCE,native,MCCE_native,0,below_policy_threshold,14.9,0.0233068466186523,1.7861028452101275,3.0
AUC,5,aligned,2,546,MCCE,bounded,MCCE_bounded,0,below_policy_threshold,14.9,0.0233068466186523,1.7861028452101275,3.0
AUC,5,aligned,2,546,MCCE,bounded+edit,MCCE_bounded+edit,0,below_policy_threshold,14.9,0.0233068466186523,1.7861028452101275,3.0
AUC,5,aligned,2,560,NICE,native,NICE_native,0,below_policy_threshold;immutable_changed:Test_1;immutable_changed:Test_2,11.025,0.0058257579803466,0.85,1.0
AUC,5,aligned,2,560,NICE,bounded,NICE_bounded,0,below_policy_threshold;classifier_target_not_met,9.625,0.0058257579803466,0.85,1.0
AUC,5,aligned,2,560,NICE,bounded+edit,NICE_bounded+edit,0,below_policy_threshold;classifier_target_not_met,9.625,0.0058257579803466,0.85,1.0
AUC,5,aligned,2,560,MCCE,native,MCCE_native,0,no_candidate,,0.0257506370544433,,
AUC,5,aligned,2,560,MCCE,bounded,MCCE_bounded,0,no_candidate,,0.0257506370544433,,
AUC,5,aligned,2,560,MCCE,bounded+edit,MCCE_bounded+edit,0,no_candidate,,0.0257506370544433,,
AUC,5,aligned,2,564,NICE,native,NICE_native,0,below_policy_threshold,10.73125,0.0027797222137451,0.85,1.0
AUC,5,aligned,2,564,NICE,bounded,NICE_bounded,0,below_policy_threshold,10.73125,0.0027797222137451,0.85,1.0
AUC,5,aligned,2,564,NICE,bounded+edit,NICE_bounded+edit,1,OK,15.175694444444444,0.0027797222137451,1.738888888888889,2.0
AUC,5,aligned,2,564,MCCE,native,MCCE_native,0,below_policy_threshold;out_of_bounds:sum_click,14.88125,0.0225672721862792,1.7755305356533608,3.0
AUC,5,aligned,2,564,MCCE,bounded,MCCE_bounded,0,below_policy_threshold,14.88125,0.0225672721862792,1.973415216649608,3.0
AUC,5,aligned,2,564,MCCE,bounded+edit,MCCE_bounded+edit,0,below_policy_threshold,14.88125,0.0225672721862792,1.973415216649608,3.0
AUC,5,aligned,2,573,NICE,native,NICE_native,0,below_policy_threshold;immutable_changed:Test_2,14.625,0.0054373741149902,1.73,2.0
AUC,5,aligned,2,573,NICE,bounded,NICE_bounded,0,below_policy_threshold;classifier_target_not_met,13.275,0.0054373741149902,1.73,2.0
AUC,5,aligned,2,573,NICE,bounded+edit,NICE_bounded+edit,0,below_policy_threshold;classifier_target_not_met,13.275,0.0054373741149902,1.73,2.0
AUC,5,aligned,2,573,MCCE,native,MCCE_native,0,no_candidate,,0.0147254467010498,,
AUC,5,aligned,2,573,MCCE,bounded,MCCE_bounded,0,no_candidate,,0.0147254467010498,,
AUC,5,aligned,2,573,MCCE,bounded+edit,MCCE_bounded+edit,0,no_candidate,,0.0147254467010498,,
AUC,5,aligned,2,581,NICE,native,NICE_native,0,immutable_changed:Test_1;immutable_changed:Test_2,15.05,0.0066940784454345,1.65,2.0
AUC,5,aligned,2,581,NICE,bounded,NICE_bounded,0,below_policy_threshold;classifier_target_not_met,12.0,0.0066940784454345,1.65,2.0
AUC,5,aligned,2,581,NICE,bounded+edit,NICE_bounded+edit,0,below_policy_threshold;classifier_target_not_met,12.0,0.0066940784454345,1.65,2.0
AUC,5,aligned,2,581,MCCE,native,MCCE_native,0,no_candidate,,0.014477252960205,,
AUC,5,aligned,2,581,MCCE,bounded,MCCE_bounded,0,no_candidate,,0.014477252960205,,
AUC,5,aligned,2,581,MCCE,bounded+edit,MCCE_bounded+edit,0,no_candidate,,0.014477252960205,,
AUC,5,aligned,2,604,NICE,native,NICE_native,0,below_policy_threshold,15.0,0.0041344165802001,1.73,2.0
AUC,5,aligned,2,604,NICE,bounded,NICE_bounded,0,below_policy_threshold,15.0,0.0041344165802001,1.73,2.0
AUC,5,aligned,2,604,NICE,bounded+edit,NICE_bounded+edit,0,below_policy_threshold,15.0,0.0041344165802001,1.73,2.0
AUC,5,aligned,2,604,MCCE,native,MCCE_native,0,below_policy_threshold,14.999999999999998,0.0210349559783935,1.7406638229805385,3.0
AUC,5,aligned,2,604,MCCE,bounded,MCCE_bounded,0,below_policy_threshold,14.999999999999998,0.0210349559783935,1.7406638229805385,3.0
AUC,5,aligned,2,604,MCCE,bounded+edit,MCCE_bounded+edit,0,below_policy_threshold,14.999999999999998,0.0210349559783935,1.7406638229805385,3.0
AUC,5,aligned,2,608,NICE,native,NICE_native,1,OK,15.075,0.0041878223419189,1.7400000000000002,2.0
AUC,5,aligned,2,608,NICE,bounded,NICE_bounded,1,OK,15.075,0.0041878223419189,1.7400000000000002,2.0
AUC,5,aligned,2,608,NICE,bounded+edit,NICE_bounded+edit,1,OK,15.075,0.0041878223419189,1.7400000000000002,2.0
AUC,5,aligned,2,608,MCCE,native,MCCE_native,0,out_of_bounds:sum_click,15.025,0.0201013088226318,1.8564322402212563,3.0
AUC,5,aligned,2,608,MCCE,bounded,MCCE_bounded,1,OK,15.325,0.0201013088226318,1.805804030027657,3.0
AUC,5,aligned,2,608,MCCE,bounded+edit,MCCE_bounded+edit,1,OK,15.325,0.0201013088226318,1.805804030027657,3.0
AUC,5,aligned,2,609,NICE,native,NICE_native,0,below_policy_threshold;immutable_changed:Test_1;immutable_changed:Test_2,11.025,0.005507469177246,0.85,1.0
AUC,5,aligned,2,609,NICE,bounded,NICE_bounded,0,below_policy_threshold;classifier_target_not_met,5.5,0.005507469177246,0.85,1.0
AUC,5,aligned,2,609,NICE,bounded+edit,NICE_bounded+edit,0,below_policy_threshold;classifier_target_not_met,5.5,0.005507469177246,0.85,1.0
AUC,5,aligned,2,609,MCCE,native,MCCE_native,0,no_candidate,,0.0136089324951171,,
AUC,5,aligned,2,609,MCCE,bounded,MCCE_bounded,0,no_candidate,,0.0136089324951171,,
AUC,5,aligned,2,609,MCCE,bounded+edit,MCCE_bounded+edit,0,no_candidate,,0.0136089324951171,,
AUC,5,aligned,2,625,NICE,native,NICE_native,0,below_policy_threshold;immutable_changed:Test_1;immutable_changed:Test_2,11.025,0.005164623260498,0.85,1.0
AUC,5,aligned,2,625,NICE,bounded,NICE_bounded,0,below_policy_threshold;classifier_target_not_met,9.25,0.005164623260498,0.85,1.0
AUC,5,aligned,2,625,NICE,bounded+edit,NICE_bounded+edit,0,below_policy_threshold;classifier_target_not_met,9.25,0.005164623260498,0.85,1.0
AUC,5,aligned,2,625,MCCE,native,MCCE_native,0,no_candidate,,0.0149793624877929,,
AUC,5,aligned,2,625,MCCE,bounded,MCCE_bounded,0,no_candidate,,0.0149793624877929,,
AUC,5,aligned,2,625,MCCE,bounded+edit,MCCE_bounded+edit,0,no_candidate,,0.0149793624877929,,
AUC,5,aligned,2,630,NICE,native,NICE_native,0,below_policy_threshold;immutable_changed:Test_2,14.5,0.0052976608276367,1.73,2.0
AUC,5,aligned,2,630,NICE,bounded,NICE_bounded,0,below_policy_threshold;classifier_target_not_met,9.9,0.0052976608276367,1.73,2.0
AUC,5,aligned,2,630,NICE,bounded+edit,NICE_bounded+edit,0,below_policy_threshold;classifier_target_not_met,9.9,0.0052976608276367,1.73,2.0
AUC,5,aligned,2,630,MCCE,native,MCCE_native,0,no_candidate,,0.0135841369628906,,
AUC,5,aligned,2,630,MCCE,bounded,MCCE_bounded,0,no_candidate,,0.0135841369628906,,
AUC,5,aligned,2,630,MCCE,bounded+edit,MCCE_bounded+edit,0,no_candidate,,0.0135841369628906,,
AUC,5,aligned,2,634,NICE,native,NICE_native,0,below_policy_threshold;immutable_changed:Test_1;immutable_changed:Test_2,11.025,0.0053446292877197,0.85,1.0
AUC,5,aligned,2,634,NICE,bounded,NICE_bounded,0,below_policy_threshold;classifier_target_not_met,10.325,0.0053446292877197,0.85,1.0
AUC,5,aligned,2,634,NICE,bounded+edit,NICE_bounded+edit,1,OK,15.325,0.0053446292877197,1.85,2.0
AUC,5,aligned,2,634,MCCE,native,MCCE_native,1,OK,15.175,0.0196940898895263,2.0571703128194643,3.0
AUC,5,aligned,2,634,MCCE,bounded,MCCE_bounded,1,OK,15.175,0.0196940898895263,2.0571703128194643,3.0
AUC,5,aligned,2,634,MCCE,bounded+edit,MCCE_bounded+edit,1,OK,15.175,0.0196940898895263,2.0571703128194643,3.0
AUC,5,aligned,2,636,NICE,native,NICE_native,0,immutable_changed:Test_1;immutable_changed:Test_2,15.05,0.009253978729248,1.65,2.0
AUC,5,aligned,2,636,NICE,bounded,NICE_bounded,0,below_policy_threshold;classifier_target_not_met,10.375,0.009253978729248,1.65,2.0
AUC,5,aligned,2,636,NICE,bounded+edit,NICE_bounded+edit,0,below_policy_threshold;classifier_target_not_met,10.375,0.009253978729248,1.65,2.0
AUC,5,aligned,2,636,MCCE,native,MCCE_native,0,no_candidate,,0.013383150100708,,
AUC,5,aligned,2,636,MCCE,bounded,MCCE_bounded,0,no_candidate,,0.013383150100708,,
AUC,5,aligned,2,636,MCCE,bounded+edit,MCCE_bounded+edit,0,no_candidate,,0.013383150100708,,
AUC,5,aligned,2,647,NICE,native,NICE_native,0,below_policy_threshold;immutable_changed:Test_2,10.55,0.0039772987365722,0.85,1.0
AUC,5,aligned,2,647,NICE,bounded,NICE_bounded,0,below_policy_threshold;classifier_target_not_met,10.2,0.0039772987365722,0.85,1.0
AUC,5,aligned,2,647,NICE,bounded+edit,NICE_bounded+edit,1,OK,15.2,0.0039772987365722,1.85,2.0
AUC,5,aligned,2,647,MCCE,native,MCCE_native,0,below_policy_threshold,14.8,0.0200793743133544,1.8504704425874343,3.0
AUC,5,aligned,2,647,MCCE,bounded,MCCE_bounded,0,below_policy_threshold,14.8,0.0200793743133544,1.8504704425874343,3.0
AUC,5,aligned,2,647,MCCE,bounded+edit,MCCE_bounded+edit,0,below_policy_threshold,14.8,0.0200793743133544,1.8504704425874343,3.0
AUC,5,aligned,2,648,NICE,native,NICE_native,0,below_policy_threshold;immutable_changed:Test_2,11.225,0.0044264793395996,0.82,1.0
AUC,5,aligned,2,648,NICE,bounded,NICE_bounded,0,below_policy_threshold;classifier_target_not_met,6.525,0.0044264793395996,0.82,1.0
AUC,5,aligned,2,648,NICE,bounded+edit,NICE_bounded+edit,0,below_policy_threshold;classifier_target_not_met,6.525,0.0044264793395996,0.82,1.0
AUC,5,aligned,2,648,MCCE,native,MCCE_native,0,no_candidate,,0.0151045322418212,,
AUC,5,aligned,2,648,MCCE,bounded,MCCE_bounded,0,no_candidate,,0.0151045322418212,,
AUC,5,aligned,2,648,MCCE,bounded+edit,MCCE_bounded+edit,0,no_candidate,,0.0151045322418212,,
AUC,5,aligned,2,653,NICE,native,NICE_native,0,below_policy_threshold;immutable_changed:Test_2,10.95,0.0044596195220947,0.85,1.0
AUC,5,aligned,2,653,NICE,bounded,NICE_bounded,0,below_policy_threshold;classifier_target_not_met,10.45,0.0044596195220947,0.85,1.0
AUC,5,aligned,2,653,NICE,bounded+edit,NICE_bounded+edit,1,OK,15.45,0.0044596195220947,1.85,2.0
AUC,5,aligned,2,653,MCCE,native,MCCE_native,0,below_policy_threshold,14.95,0.0218048095703125,1.813859509080024,3.0
AUC,5,aligned,2,653,MCCE,bounded,MCCE_bounded,0,below_policy_threshold,14.95,0.0218048095703125,1.813859509080024,3.0
AUC,5,aligned,2,653,MCCE,bounded+edit,MCCE_bounded+edit,0,below_policy_threshold,14.95,0.0218048095703125,1.813859509080024,3.0
AUC,5,aligned,2,657,NICE,native,NICE_native,0,below_policy_threshold;immutable_changed:Test_1;immutable_changed:Test_2,11.025,0.0055608749389648,0.85,1.0
AUC,5,aligned,2,657,NICE,bounded,NICE_bounded,0,below_policy_threshold;classifier_target_not_met,4.25,0.0055608749389648,0.85,1.0
AUC,5,aligned,2,657,NICE,bounded+edit,NICE_bounded+edit,0,below_policy_threshold;classifier_target_not_met,4.25,0.0055608749389648,0.85,1.0
AUC,5,aligned,2,657,MCCE,native,MCCE_native,0,no_candidate,,0.0140748023986816,,
AUC,5,aligned,2,657,MCCE,bounded,MCCE_bounded,0,no_candidate,,0.0140748023986816,,
AUC,5,aligned,2,657,MCCE,bounded+edit,MCCE_bounded+edit,0,no_candidate,,0.0140748023986816,,
AUC,5,aligned,2,659,NICE,native,NICE_native,0,below_policy_threshold;immutable_changed:Test_1;immutable_changed:Test_2,11.025,0.0054221153259277,0.85,1.0
AUC,5,aligned,2,659,NICE,bounded,NICE_bounded,0,below_policy_threshold;classifier_target_not_met,6.325,0.0054221153259277,0.85,1.0
AUC,5,aligned,2,659,NICE,bounded+edit,NICE_bounded+edit,0,below_policy_threshold;classifier_target_not_met,6.325,0.0054221153259277,0.85,1.0
AUC,5,aligned,2,659,MCCE,native,MCCE_native,0,no_candidate,,0.0142629146575927,,
AUC,5,aligned,2,659,MCCE,bounded,MCCE_bounded,0,no_candidate,,0.0142629146575927,,
AUC,5,aligned,2,659,MCCE,bounded+edit,MCCE_bounded+edit,0,no_candidate,,0.0142629146575927,,
AUC,5,aligned,2,662,NICE,native,NICE_native,0,immutable_changed:Test_1;immutable_changed:Test_2,15.05,0.0069742202758789,1.65,2.0
AUC,5,aligned,2,662,NICE,bounded,NICE_bounded,0,below_policy_threshold;classifier_target_not_met,14.625,0.0069742202758789,1.65,2.0
AUC,5,aligned,2,662,NICE,bounded+edit,NICE_bounded+edit,0,below_policy_threshold;classifier_target_not_met,14.625,0.0069742202758789,1.65,2.0
AUC,5,aligned,2,662,MCCE,native,MCCE_native,0,out_of_bounds:sum_click,15.025,0.0283536911010742,1.755438819638769,3.0
AUC,5,aligned,2,662,MCCE,bounded,MCCE_bounded,1,OK,15.025,0.0283536911010742,1.7808776392775376,3.0
AUC,5,aligned,2,662,MCCE,bounded+edit,MCCE_bounded+edit,1,OK,15.025,0.0283536911010742,1.7808776392775376,3.0
AUC,5,aligned,2,668,NICE,native,NICE_native,0,below_policy_threshold;immutable_changed:Test_2,10.725,0.0049080848693847,0.85,1.0
AUC,5,aligned,2,668,NICE,bounded,NICE_bounded,0,below_policy_threshold;classifier_target_not_met,6.125,0.0049080848693847,0.85,1.0
AUC,5,aligned,2,668,NICE,bounded+edit,NICE_bounded+edit,0,below_policy_threshold;classifier_target_not_met,6.125,0.0049080848693847,0.85,1.0
AUC,5,aligned,2,668,MCCE,native,MCCE_native,0,no_candidate,,0.0142920017242431,,
AUC,5,aligned,2,668,MCCE,bounded,MCCE_bounded,0,no_candidate,,0.0142920017242431,,
AUC,5,aligned,2,668,MCCE,bounded+edit,MCCE_bounded+edit,0,no_candidate,,0.0142920017242431,,
AUC,5,aligned,3,21,NICE,native,NICE_native,0,immutable_changed:Test_2;immutable_changed:Test_3,15.3,0.0056290626525878,0.8699999999999999,1.0
AUC,5,aligned,3,21,NICE,bounded,NICE_bounded,0,below_policy_threshold;classifier_target_not_met,6.6,0.0056290626525878,0.8699999999999999,1.0
AUC,5,aligned,3,21,NICE,bounded+edit,NICE_bounded+edit,0,below_policy_threshold;classifier_target_not_met,6.6,0.0056290626525878,0.8699999999999999,1.0
AUC,5,aligned,3,21,MCCE,native,MCCE_native,0,no_candidate,,0.0227446556091308,,
AUC,5,aligned,3,21,MCCE,bounded,MCCE_bounded,0,no_candidate,,0.0227446556091308,,
AUC,5,aligned,3,21,MCCE,bounded+edit,MCCE_bounded+edit,0,no_candidate,,0.0227446556091308,,
AUC,5,aligned,3,28,NICE,native,NICE_native,0,below_policy_threshold;immutable_changed:Test_1;immutable_changed:Test_2,11.025,0.00592041015625,0.85,1.0
AUC,5,aligned,3,28,NICE,bounded,NICE_bounded,0,below_policy_threshold;classifier_target_not_met,8.75,0.00592041015625,0.85,1.0
AUC,5,aligned,3,28,NICE,bounded+edit,NICE_bounded+edit,0,below_policy_threshold;classifier_target_not_met,8.75,0.00592041015625,0.85,1.0
AUC,5,aligned,3,28,MCCE,native,MCCE_native,0,no_candidate,,0.0272552967071533,,
AUC,5,aligned,3,28,MCCE,bounded,MCCE_bounded,0,no_candidate,,0.0272552967071533,,
AUC,5,aligned,3,28,MCCE,bounded+edit,MCCE_bounded+edit,0,no_candidate,,0.0272552967071533,,
AUC,5,aligned,3,33,NICE,native,NICE_native,0,below_policy_threshold;immutable_changed:Test_2,14.75,0.0040521621704101,0.8,1.0
AUC,5,aligned,3,33,NICE,bounded,NICE_bounded,0,below_policy_threshold;classifier_target_not_met,14.5,0.0040521621704101,0.8,1.0
AUC,5,aligned,3,33,NICE,bounded+edit,NICE_bounded+edit,0,below_policy_threshold;classifier_target_not_met,14.5,0.0040521621704101,0.8,1.0
AUC,5,aligned,3,33,MCCE,native,MCCE_native,0,below_policy_threshold;out_of_bounds:sum_click,14.75,0.014786958694458,0.8739377618192699,2.0
AUC,5,aligned,3,33,MCCE,bounded,MCCE_bounded,0,no_candidate,,0.014786958694458,,
AUC,5,aligned,3,33,MCCE,bounded+edit,MCCE_bounded+edit,0,no_candidate,,0.014786958694458,,
AUC,5,aligned,3,40,NICE,native,NICE_native,0,immutable_changed:Test_2;immutable_changed:Test_3,15.05,0.0052480697631835,0.85,1.0
AUC,5,aligned,3,40,NICE,bounded,NICE_bounded,0,below_policy_threshold;classifier_target_not_met,13.45,0.0052480697631835,0.85,1.0
AUC,5,aligned,3,40,NICE,bounded+edit,NICE_bounded+edit,0,below_policy_threshold;classifier_target_not_met,13.45,0.0052480697631835,0.85,1.0
AUC,5,aligned,3,40,MCCE,native,MCCE_native,0,no_candidate,,0.011629581451416,,
AUC,5,aligned,3,40,MCCE,bounded,MCCE_bounded,0,no_candidate,,0.011629581451416,,
AUC,5,aligned,3,40,MCCE,bounded+edit,MCCE_bounded+edit,0,no_candidate,,0.011629581451416,,
AUC,5,aligned,3,42,NICE,native,NICE_native,0,below_policy_threshold;immutable_changed:Test_2;immutable_changed:Test_3,15.0,0.0053050518035888,0.8099999999999999,1.0
AUC,5,aligned,3,42,NICE,bounded,NICE_bounded,0,below_policy_threshold;classifier_target_not_met,9.45,0.0053050518035888,0.8099999999999999,1.0
AUC,5,aligned,3,42,NICE,bounded+edit,NICE_bounded+edit,0,below_policy_threshold;classifier_target_not_met,9.45,0.0053050518035888,0.8099999999999999,1.0
AUC,5,aligned,3,42,MCCE,native,MCCE_native,0,no_candidate,,0.0112450122833251,,
AUC,5,aligned,3,42,MCCE,bounded,MCCE_bounded,0,no_candidate,,0.0112450122833251,,
AUC,5,aligned,3,42,MCCE,bounded+edit,MCCE_bounded+edit,0,no_candidate,,0.0112450122833251,,
AUC,5,aligned,3,45,NICE,native,NICE_native,0,below_policy_threshold;immutable_changed:Test_2;immutable_changed:Test_3,14.925,0.0056250095367431,0.8,1.0
AUC,5,aligned,3,45,NICE,bounded,NICE_bounded,0,below_policy_threshold;classifier_target_not_met,14.125,0.0056250095367431,0.8,1.0
AUC,5,aligned,3,45,NICE,bounded+edit,NICE_bounded+edit,0,below_policy_threshold;classifier_target_not_met,14.125,0.0056250095367431,0.8,1.0
AUC,5,aligned,3,45,MCCE,native,MCCE_native,0,no_candidate,,0.0118346214294433,,
AUC,5,aligned,3,45,MCCE,bounded,MCCE_bounded,0,no_candidate,,0.0118346214294433,,
AUC,5,aligned,3,45,MCCE,bounded+edit,MCCE_bounded+edit,0,no_candidate,,0.0118346214294433,,
AUC,5,aligned,3,52,NICE,native,NICE_native,0,below_policy_threshold;immutable_changed:Test_1;immutable_changed:Test_3,15.0,0.0051796436309814,0.7,1.0
AUC,5,aligned,3,52,NICE,bounded,NICE_bounded,0,below_policy_threshold;classifier_target_not_met,14.0,0.0051796436309814,0.7,1.0
AUC,5,aligned,3,52,NICE,bounded+edit,NICE_bounded+edit,0,below_policy_threshold;classifier_target_not_met,14.0,0.0051796436309814,0.7,1.0
AUC,5,aligned,3,52,MCCE,native,MCCE_native,0,no_candidate,,0.0117058753967285,,
AUC,5,aligned,3,52,MCCE,bounded,MCCE_bounded,0,no_candidate,,0.0117058753967285,,
AUC,5,aligned,3,52,MCCE,bounded+edit,MCCE_bounded+edit,0,no_candidate,,0.0117058753967285,,
AUC,5,aligned,3,53,NICE,native,NICE_native,0,below_policy_threshold;immutable_changed:Test_1;immutable_changed:Test_2,14.025,0.005364179611206,0.85,1.0
AUC,5,aligned,3,53,NICE,bounded,NICE_bounded,0,below_policy_threshold;classifier_target_not_met,12.25,0.005364179611206,0.85,1.0
AUC,5,aligned,3,53,NICE,bounded+edit,NICE_bounded+edit,0,below_policy_threshold;classifier_target_not_met,12.25,0.005364179611206,0.85,1.0
AUC,5,aligned,3,53,MCCE,native,MCCE_native,0,no_candidate,,0.0122010707855224,,
AUC,5,aligned,3,53,MCCE,bounded,MCCE_bounded,0,no_candidate,,0.0122010707855224,,
AUC,5,aligned,3,53,MCCE,bounded+edit,MCCE_bounded+edit,0,no_candidate,,0.0122010707855224,,
AUC,5,aligned,3,66,NICE,native,NICE_native,0,below_policy_threshold;immutable_changed:Test_2,11.25,0.0039970874786376,0.85,1.0
AUC,5,aligned,3,66,NICE,bounded,NICE_bounded,0,below_policy_threshold;classifier_target_not_met,6.75,0.0039970874786376,0.85,1.0
AUC,5,aligned,3,66,NICE,bounded+edit,NICE_bounded+edit,0,below_policy_threshold;classifier_target_not_met,6.75,0.0039970874786376,0.85,1.0
AUC,5,aligned,3,66,MCCE,native,MCCE_native,0,no_candidate,,0.0116872787475585,,
AUC,5,aligned,3,66,MCCE,bounded,MCCE_bounded,0,no_candidate,,0.0116872787475585,,
AUC,5,aligned,3,66,MCCE,bounded+edit,MCCE_bounded+edit,0,no_candidate,,0.0116872787475585,,
AUC,5,aligned,3,72,NICE,native,NICE_native,0,immutable_changed:Test_1;immutable_changed:Test_2;immutable_changed:Test_3,15.05,0.0071713924407958,0.7,1.0
AUC,5,aligned,3,72,NICE,bounded,NICE_bounded,0,below_policy_threshold;classifier_target_not_met,14.6,0.0071713924407958,0.7,1.0
AUC,5,aligned,3,72,NICE,bounded+edit,NICE_bounded+edit,0,below_policy_threshold;classifier_target_not_met,14.6,0.0071713924407958,0.7,1.0
AUC,5,aligned,3,72,MCCE,native,MCCE_native,1,OK,15.750000000000002,0.0176393985748291,0.9357620282339384,2.0
AUC,5,aligned,3,72,MCCE,bounded,MCCE_bounded,1,OK,15.750000000000002,0.0176393985748291,0.9357620282339384,2.0
AUC,5,aligned,3,72,MCCE,bounded+edit,MCCE_bounded+edit,1,OK,15.750000000000002,0.0176393985748291,0.9357620282339384,2.0
AUC,5,aligned,3,84,NICE,native,NICE_native,0,immutable_changed:Test_2,15.025,0.0043032169342041,0.85,1.0
AUC,5,aligned,3,84,NICE,bounded,NICE_bounded,0,below_policy_threshold;classifier_target_not_met,14.375,0.0043032169342041,0.85,1.0
AUC,5,aligned,3,84,NICE,bounded+edit,NICE_bounded+edit,0,below_policy_threshold;classifier_target_not_met,14.375,0.0043032169342041,0.85,1.0
AUC,5,aligned,3,84,MCCE,native,MCCE_native,0,no_candidate,,0.013232946395874,,
AUC,5,aligned,3,84,MCCE,bounded,MCCE_bounded,0,no_candidate,,0.013232946395874,,
AUC,5,aligned,3,84,MCCE,bounded+edit,MCCE_bounded+edit,0,no_candidate,,0.013232946395874,,
AUC,5,aligned,3,89,NICE,native,NICE_native,0,below_policy_threshold;immutable_changed:Test_1;immutable_changed:Test_2,11.025,0.0061454772949218,0.85,1.0
AUC,5,aligned,3,89,NICE,bounded,NICE_bounded,0,below_policy_threshold;classifier_target_not_met,9.2,0.0061454772949218,0.85,1.0
AUC,5,aligned,3,89,NICE,bounded+edit,NICE_bounded+edit,0,below_policy_threshold;classifier_target_not_met,9.2,0.0061454772949218,0.85,1.0
AUC,5,aligned,3,89,MCCE,native,MCCE_native,0,no_candidate,,0.0122897624969482,,
AUC,5,aligned,3,89,MCCE,bounded,MCCE_bounded,0,no_candidate,,0.0122897624969482,,
AUC,5,aligned,3,89,MCCE,bounded+edit,MCCE_bounded+edit,0,no_candidate,,0.0122897624969482,,
AUC,5,aligned,3,104,NICE,native,NICE_native,0,immutable_changed:Test_2;immutable_changed:Test_3,15.05,0.0051662921905517,0.7,1.0
AUC,5,aligned,3,104,NICE,bounded,NICE_bounded,0,below_policy_threshold;classifier_target_not_met,5.75,0.0051662921905517,0.7,1.0
AUC,5,aligned,3,104,NICE,bounded+edit,NICE_bounded+edit,0,below_policy_threshold;classifier_target_not_met,5.75,0.0051662921905517,0.7,1.0
AUC,5,aligned,3,104,MCCE,native,MCCE_native,0,no_candidate,,0.0209107398986816,,
AUC,5,aligned,3,104,MCCE,bounded,MCCE_bounded,0,no_candidate,,0.0209107398986816,,
AUC,5,aligned,3,104,MCCE,bounded+edit,MCCE_bounded+edit,0,no_candidate,,0.0209107398986816,,
AUC,5,aligned,3,117,NICE,native,NICE_native,0,immutable_changed:Test_2;immutable_changed:Test_3,15.1,0.0101189613342285,0.8099999999999999,1.0
AUC,5,aligned,3,117,NICE,bounded,NICE_bounded,0,below_policy_threshold;classifier_target_not_met,12.55,0.0101189613342285,0.8099999999999999,1.0
AUC,5,aligned,3,117,NICE,bounded+edit,NICE_bounded+edit,0,below_policy_threshold;classifier_target_not_met,12.55,0.0101189613342285,0.8099999999999999,1.0
AUC,5,aligned,3,117,MCCE,native,MCCE_native,0,no_candidate,,0.0163912773132324,,
AUC,5,aligned,3,117,MCCE,bounded,MCCE_bounded,0,no_candidate,,0.0163912773132324,,
AUC,5,aligned,3,117,MCCE,bounded+edit,MCCE_bounded+edit,0,no_candidate,,0.0163912773132324,,
AUC,5,aligned,3,121,NICE,native,NICE_native,0,immutable_changed:Test_2;immutable_changed:Test_3,15.175,0.0054965019226074,0.7,1.0
AUC,5,aligned,3,121,NICE,bounded,NICE_bounded,0,below_policy_threshold;classifier_target_not_met,14.375,0.0054965019226074,0.7,1.0
AUC,5,aligned,3,121,NICE,bounded+edit,NICE_bounded+edit,0,below_policy_threshold;classifier_target_not_met,14.375,0.0054965019226074,0.7,1.0
AUC,5,aligned,3,121,MCCE,native,MCCE_native,0,out_of_bounds:sum_click,15.075,0.0193920135498046,0.9824573899771052,2.0
AUC,5,aligned,3,121,MCCE,bounded,MCCE_bounded,1,OK,15.075,0.0193920135498046,1.028247265326889,2.0
AUC,5,aligned,3,121,MCCE,bounded+edit,MCCE_bounded+edit,1,OK,15.075,0.0193920135498046,1.028247265326889,2.0
AUC,5,aligned,3,123,NICE,native,NICE_native,0,below_policy_threshold;immutable_changed:Test_2,13.975,0.0041861534118652,0.85,1.0
AUC,5,aligned,3,123,NICE,bounded,NICE_bounded,0,below_policy_threshold;classifier_target_not_met,13.225,0.0041861534118652,0.85,1.0
AUC,5,aligned,3,123,NICE,bounded+edit,NICE_bounded+edit,0,below_policy_threshold;classifier_target_not_met,13.225,0.0041861534118652,0.85,1.0
AUC,5,aligned,3,123,MCCE,native,MCCE_native,0,no_candidate,,0.0117528438568115,,
AUC,5,aligned,3,123,MCCE,bounded,MCCE_bounded,0,no_candidate,,0.0117528438568115,,
AUC,5,aligned,3,123,MCCE,bounded+edit,MCCE_bounded+edit,0,no_candidate,,0.0117528438568115,,
AUC,5,aligned,3,129,NICE,native,NICE_native,0,below_policy_threshold;immutable_changed:Test_2;immutable_changed:Test_3,14.975,0.0050806999206542,0.8,1.0
AUC,5,aligned,3,129,NICE,bounded,NICE_bounded,0,below_policy_threshold;classifier_target_not_met,10.425,0.0050806999206542,0.8,1.0
AUC,5,aligned,3,129,NICE,bounded+edit,NICE_bounded+edit,0,below_policy_threshold;classifier_target_not_met,10.425,0.0050806999206542,0.8,1.0
AUC,5,aligned,3,129,MCCE,native,MCCE_native,0,no_candidate,,0.0115797519683837,,
AUC,5,aligned,3,129,MCCE,bounded,MCCE_bounded,0,no_candidate,,0.0115797519683837,,
AUC,5,aligned,3,129,MCCE,bounded+edit,MCCE_bounded+edit,0,no_candidate,,0.0115797519683837,,
AUC,5,aligned,3,131,NICE,native,NICE_native,0,immutable_changed:Test_2;immutable_changed:Test_3,15.1,0.0051436424255371,0.85,1.0
AUC,5,aligned,3,131,NICE,bounded,NICE_bounded,0,below_policy_threshold;classifier_target_not_met,13.25,0.0051436424255371,0.85,1.0
AUC,5,aligned,3,131,NICE,bounded+edit,NICE_bounded+edit,0,below_policy_threshold;classifier_target_not_met,13.25,0.0051436424255371,0.85,1.0
AUC,5,aligned,3,131,MCCE,native,MCCE_native,0,no_candidate,,0.0117263793945312,,
AUC,5,aligned,3,131,MCCE,bounded,MCCE_bounded,0,no_candidate,,0.0117263793945312,,
AUC,5,aligned,3,131,MCCE,bounded+edit,MCCE_bounded+edit,0,no_candidate,,0.0117263793945312,,
AUC,5,aligned,3,132,NICE,native,NICE_native,0,immutable_changed:Test_3,15.15,0.0038115978240966,0.9,1.0
AUC,5,aligned,3,132,NICE,bounded,NICE_bounded,0,below_policy_threshold;classifier_target_not_met,14.75,0.0038115978240966,0.9,1.0
AUC,5,aligned,3,132,NICE,bounded+edit,NICE_bounded+edit,0,below_policy_threshold;classifier_target_not_met,14.75,0.0038115978240966,0.9,1.0
AUC,5,aligned,3,132,MCCE,native,MCCE_native,0,no_candidate,,0.0120937824249267,,
AUC,5,aligned,3,132,MCCE,bounded,MCCE_bounded,0,no_candidate,,0.0120937824249267,,
AUC,5,aligned,3,132,MCCE,bounded+edit,MCCE_bounded+edit,0,no_candidate,,0.0120937824249267,,
AUC,5,aligned,3,138,NICE,native,NICE_native,1,OK,15.1,0.00254487991333,0.85,1.0
AUC,5,aligned,3,138,NICE,bounded,NICE_bounded,1,OK,15.1,0.00254487991333,0.85,1.0
AUC,5,aligned,3,138,NICE,bounded+edit,NICE_bounded+edit,1,OK,15.1,0.00254487991333,0.85,1.0
AUC,5,aligned,3,138,MCCE,native,MCCE_native,1,OK,15.1,0.0177197456359863,0.8553319114902692,2.0
AUC,5,aligned,3,138,MCCE,bounded,MCCE_bounded,1,OK,15.1,0.0177197456359863,0.8553319114902692,2.0
AUC,5,aligned,3,138,MCCE,bounded+edit,MCCE_bounded+edit,1,OK,15.1,0.0177197456359863,0.8553319114902692,2.0
AUC,5,aligned,3,143,NICE,native,NICE_native,0,below_policy_threshold;immutable_changed:Test_2;immutable_changed:Test_3,14.5,0.0052816867828369,0.85,1.0
AUC,5,aligned,3,143,NICE,bounded,NICE_bounded,0,below_policy_threshold;classifier_target_not_met,5.5,0.0052816867828369,0.85,1.0
AUC,5,aligned,3,143,NICE,bounded+edit,NICE_bounded+edit,0,below_policy_threshold;classifier_target_not_met,5.5,0.0052816867828369,0.85,1.0
AUC,5,aligned,3,143,MCCE,native,MCCE_native,0,no_candidate,,0.0118017196655273,,
AUC,5,aligned,3,143,MCCE,bounded,MCCE_bounded,0,no_candidate,,0.0118017196655273,,
AUC,5,aligned,3,143,MCCE,bounded+edit,MCCE_bounded+edit,0,no_candidate,,0.0118017196655273,,
AUC,5,aligned,3,148,NICE,native,NICE_native,0,below_policy_threshold;immutable_changed:Test_1;immutable_changed:Test_3,14.95,0.0052301883697509,0.9,1.0
AUC,5,aligned,3,148,NICE,bounded,NICE_bounded,0,below_policy_threshold;classifier_target_not_met,11.5,0.0052301883697509,0.9,1.0
AUC,5,aligned,3,148,NICE,bounded+edit,NICE_bounded+edit,0,below_policy_threshold;classifier_target_not_met,11.5,0.0052301883697509,0.9,1.0
AUC,5,aligned,3,148,MCCE,native,MCCE_native,0,no_candidate,,0.0113914012908935,,
AUC,5,aligned,3,148,MCCE,bounded,MCCE_bounded,0,no_candidate,,0.0113914012908935,,
AUC,5,aligned,3,148,MCCE,bounded+edit,MCCE_bounded+edit,0,no_candidate,,0.0113914012908935,,
AUC,5,aligned,3,187,NICE,native,NICE_native,0,below_policy_threshold;immutable_changed:Test_1;immutable_changed:Test_2,11.025,0.0052840709686279,0.85,1.0
AUC,5,aligned,3,187,NICE,bounded,NICE_bounded,0,below_policy_threshold;classifier_target_not_met,5.75,0.0052840709686279,0.85,1.0
AUC,5,aligned,3,187,NICE,bounded+edit,NICE_bounded+edit,0,below_policy_threshold;classifier_target_not_met,5.75,0.0052840709686279,0.85,1.0
AUC,5,aligned,3,187,MCCE,native,MCCE_native,0,no_candidate,,0.012110948562622,,
AUC,5,aligned,3,187,MCCE,bounded,MCCE_bounded,0,no_candidate,,0.012110948562622,,
AUC,5,aligned,3,187,MCCE,bounded+edit,MCCE_bounded+edit,0,no_candidate,,0.012110948562622,,
AUC,5,aligned,3,194,NICE,native,NICE_native,0,immutable_changed:Test_1;immutable_changed:Test_2;immutable_changed:Test_3,15.05,0.0069301128387451,0.7,1.0
AUC,5,aligned,3,194,NICE,bounded,NICE_bounded,0,below_policy_threshold;classifier_target_not_met,13.15,0.0069301128387451,0.7,1.0
AUC,5,aligned,3,194,NICE,bounded+edit,NICE_bounded+edit,0,below_policy_threshold;classifier_target_not_met,13.15,0.0069301128387451,0.7,1.0
AUC,5,aligned,3,194,MCCE,native,MCCE_native,0,no_candidate,,0.0120964050292968,,
AUC,5,aligned,3,194,MCCE,bounded,MCCE_bounded,0,no_candidate,,0.0120964050292968,,
AUC,5,aligned,3,194,MCCE,bounded+edit,MCCE_bounded+edit,0,no_candidate,,0.0120964050292968,,
AUC,5,aligned,3,197,NICE,native,NICE_native,0,immutable_changed:Test_2,15.05,0.0039620399475097,0.9,1.0
AUC,5,aligned,3,197,NICE,bounded,NICE_bounded,0,below_policy_threshold;classifier_target_not_met,14.7,0.0039620399475097,0.9,1.0
AUC,5,aligned,3,197,NICE,bounded+edit,NICE_bounded+edit,0,below_policy_threshold;classifier_target_not_met,14.7,0.0039620399475097,0.9,1.0
AUC,5,aligned,3,197,MCCE,native,MCCE_native,0,no_candidate,,0.0113656520843505,,
AUC,5,aligned,3,197,MCCE,bounded,MCCE_bounded,0,no_candidate,,0.0113656520843505,,
AUC,5,aligned,3,197,MCCE,bounded+edit,MCCE_bounded+edit,0,no_candidate,,0.0113656520843505,,
AUC,5,aligned,3,199,NICE,native,NICE_native,0,immutable_changed:Test_2;immutable_changed:Test_3,15.025,0.0052411556243896,0.7,1.0
AUC,5,aligned,3,199,NICE,bounded,NICE_bounded,0,below_policy_threshold;classifier_target_not_met,14.425,0.0052411556243896,0.7,1.0
AUC,5,aligned,3,199,NICE,bounded+edit,NICE_bounded+edit,0,below_policy_threshold;classifier_target_not_met,14.425,0.0052411556243896,0.7,1.0
AUC,5,aligned,3,199,MCCE,native,MCCE_native,0,out_of_bounds:sum_click,15.375,0.0178449153900146,1.011183873223025,2.0
AUC,5,aligned,3,199,MCCE,bounded,MCCE_bounded,1,OK,15.375,0.0178449153900146,1.076436728035423,2.0
AUC,5,aligned,3,199,MCCE,bounded+edit,MCCE_bounded+edit,1,OK,15.375,0.0178449153900146,1.076436728035423,2.0
AUC,5,aligned,3,203,NICE,native,NICE_native,0,below_policy_threshold,14.925,0.0028145313262939,0.85,1.0
AUC,5,aligned,3,203,NICE,bounded,NICE_bounded,0,below_policy_threshold,14.925,0.0028145313262939,0.85,1.0
AUC,5,aligned,3,203,NICE,bounded+edit,NICE_bounded+edit,0,below_policy_threshold,14.925,0.0028145313262939,0.85,1.0
AUC,5,aligned,3,203,MCCE,native,MCCE_native,0,out_of_bounds:sum_click,15.025,0.0178852081298828,0.977430617726052,2.0
AUC,5,aligned,3,203,MCCE,bounded,MCCE_bounded,1,OK,15.025,0.0178852081298828,0.9833989853774991,2.0
AUC,5,aligned,3,203,MCCE,bounded+edit,MCCE_bounded+edit,1,OK,15.025,0.0178852081298828,0.9833989853774991,2.0
AUC,5,aligned,3,208,NICE,native,NICE_native,0,below_policy_threshold;immutable_changed:Test_1;immutable_changed:Test_2,14.525,0.0064601898193359,0.85,1.0
AUC,5,aligned,3,208,NICE,bounded,NICE_bounded,0,below_policy_threshold;classifier_target_not_met,12.25,0.0064601898193359,0.85,1.0
AUC,5,aligned,3,208,NICE,bounded+edit,NICE_bounded+edit,0,below_policy_threshold;classifier_target_not_met,12.25,0.0064601898193359,0.85,1.0
AUC,5,aligned,3,208,MCCE,native,MCCE_native,0,no_candidate,,0.0121111869812011,,
AUC,5,aligned,3,208,MCCE,bounded,MCCE_bounded,0,no_candidate,,0.0121111869812011,,
AUC,5,aligned,3,208,MCCE,bounded+edit,MCCE_bounded+edit,0,no_candidate,,0.0121111869812011,,
AUC,5,aligned,3,212,NICE,native,NICE_native,1,OK,15.175,0.0026345252990722,0.89,1.0
AUC,5,aligned,3,212,NICE,bounded,NICE_bounded,1,OK,15.175,0.0026345252990722,0.89,1.0
AUC,5,aligned,3,212,NICE,bounded+edit,NICE_bounded+edit,1,OK,15.175,0.0026345252990722,0.89,1.0
AUC,5,aligned,3,212,MCCE,native,MCCE_native,1,OK,15.075,0.0194334983825683,1.0723472278429784,2.0
AUC,5,aligned,3,212,MCCE,bounded,MCCE_bounded,1,OK,15.075,0.0194334983825683,1.0723472278429784,2.0
AUC,5,aligned,3,212,MCCE,bounded+edit,MCCE_bounded+edit,1,OK,15.075,0.0194334983825683,1.0723472278429784,2.0
AUC,5,aligned,3,219,NICE,native,NICE_native,0,below_policy_threshold;immutable_changed:Test_2,14.8,0.0044538974761962,0.85,1.0
AUC,5,aligned,3,219,NICE,bounded,NICE_bounded,0,below_policy_threshold;classifier_target_not_met,12.7,0.0044538974761962,0.85,1.0
AUC,5,aligned,3,219,NICE,bounded+edit,NICE_bounded+edit,0,below_policy_threshold;classifier_target_not_met,12.7,0.0044538974761962,0.85,1.0
AUC,5,aligned,3,219,MCCE,native,MCCE_native,0,no_candidate,,0.0123012065887451,,
AUC,5,aligned,3,219,MCCE,bounded,MCCE_bounded,0,no_candidate,,0.0123012065887451,,
AUC,5,aligned,3,219,MCCE,bounded+edit,MCCE_bounded+edit,0,no_candidate,,0.0123012065887451,,
AUC,5,aligned,3,222,NICE,native,NICE_native,0,immutable_changed:Test_1;immutable_changed:Test_2;immutable_changed:Test_3,15.05,0.0065484046936035,0.7,1.0
AUC,5,aligned,3,222,NICE,bounded,NICE_bounded,0,below_policy_threshold;classifier_target_not_met,5.625,0.0065484046936035,0.7,1.0
AUC,5,aligned,3,222,NICE,bounded+edit,NICE_bounded+edit,0,below_policy_threshold;classifier_target_not_met,5.625,0.0065484046936035,0.7,1.0
AUC,5,aligned,3,222,MCCE,native,MCCE_native,0,no_candidate,,0.0131957530975341,,
AUC,5,aligned,3,222,MCCE,bounded,MCCE_bounded,0,no_candidate,,0.0131957530975341,,
AUC,5,aligned,3,222,MCCE,bounded+edit,MCCE_bounded+edit,0,no_candidate,,0.0131957530975341,,
AUC,5,aligned,3,230,NICE,native,NICE_native,0,immutable_changed:Test_1;immutable_changed:Test_2;immutable_changed:Test_3,15.05,0.0065670013427734,0.8,1.0
AUC,5,aligned,3,230,NICE,bounded,NICE_bounded,0,below_policy_threshold;classifier_target_not_met,14.0,0.0065670013427734,0.8,1.0
AUC,5,aligned,3,230,NICE,bounded+edit,NICE_bounded+edit,0,below_policy_threshold;classifier_target_not_met,14.0,0.0065670013427734,0.8,1.0
AUC,5,aligned,3,230,MCCE,native,MCCE_native,0,no_candidate,,0.0133447647094726,,
AUC,5,aligned,3,230,MCCE,bounded,MCCE_bounded,0,no_candidate,,0.0133447647094726,,
AUC,5,aligned,3,230,MCCE,bounded+edit,MCCE_bounded+edit,0,no_candidate,,0.0133447647094726,,
AUC,5,aligned,3,232,NICE,native,NICE_native,0,immutable_changed:Test_1;immutable_changed:Test_2;immutable_changed:Test_3,15.15,0.0063405036926269,0.9,1.0
AUC,5,aligned,3,232,NICE,bounded,NICE_bounded,0,below_policy_threshold;classifier_target_not_met,11.375,0.0063405036926269,0.9,1.0
AUC,5,aligned,3,232,NICE,bounded+edit,NICE_bounded+edit,0,below_policy_threshold;classifier_target_not_met,11.375,0.0063405036926269,0.9,1.0
AUC,5,aligned,3,232,MCCE,native,MCCE_native,0,no_candidate,,0.0120120048522949,,
AUC,5,aligned,3,232,MCCE,bounded,MCCE_bounded,0,no_candidate,,0.0120120048522949,,
AUC,5,aligned,3,232,MCCE,bounded+edit,MCCE_bounded+edit,0,no_candidate,,0.0120120048522949,,
AUC,5,aligned,3,236,NICE,native,NICE_native,0,below_policy_threshold;immutable_changed:Test_1;immutable_changed:Test_2,14.95,0.0055575370788574,0.8,1.0
AUC,5,aligned,3,236,NICE,bounded,NICE_bounded,0,below_policy_threshold;classifier_target_not_met,14.2,0.0055575370788574,0.8,1.0
AUC,5,aligned,3,236,NICE,bounded+edit,NICE_bounded+edit,0,below_policy_threshold;classifier_target_not_met,14.2,0.0055575370788574,0.8,1.0
AUC,5,aligned,3,236,MCCE,native,MCCE_native,0,no_candidate,,0.0115537643432617,,
AUC,5,aligned,3,236,MCCE,bounded,MCCE_bounded,0,no_candidate,,0.0115537643432617,,
AUC,5,aligned,3,236,MCCE,bounded+edit,MCCE_bounded+edit,0,no_candidate,,0.0115537643432617,,
AUC,5,aligned,3,247,NICE,native,NICE_native,0,below_policy_threshold;immutable_changed:Test_2;immutable_changed:Test_3,14.85,0.0052492618560791,0.8,1.0
AUC,5,aligned,3,247,NICE,bounded,NICE_bounded,0,below_policy_threshold;classifier_target_not_met,13.45,0.0052492618560791,0.8,1.0
AUC,5,aligned,3,247,NICE,bounded+edit,NICE_bounded+edit,0,below_policy_threshold;classifier_target_not_met,13.45,0.0052492618560791,0.8,1.0
AUC,5,aligned,3,247,MCCE,native,MCCE_native,0,no_candidate,,0.0113515853881835,,
AUC,5,aligned,3,247,MCCE,bounded,MCCE_bounded,0,no_candidate,,0.0113515853881835,,
AUC,5,aligned,3,247,MCCE,bounded+edit,MCCE_bounded+edit,0,no_candidate,,0.0113515853881835,,
AUC,5,aligned,3,256,NICE,native,NICE_native,0,below_policy_threshold;immutable_changed:Test_2;immutable_changed:Test_3,14.625,0.0052604675292968,0.85,1.0
AUC,5,aligned,3,256,NICE,bounded,NICE_bounded,0,below_policy_threshold;classifier_target_not_met,11.275,0.0052604675292968,0.85,1.0
AUC,5,aligned,3,256,NICE,bounded+edit,NICE_bounded+edit,0,below_policy_threshold;classifier_target_not_met,11.275,0.0052604675292968,0.85,1.0
AUC,5,aligned,3,256,MCCE,native,MCCE_native,0,no_candidate,,0.0111012458801269,,
AUC,5,aligned,3,256,MCCE,bounded,MCCE_bounded,0,no_candidate,,0.0111012458801269,,
AUC,5,aligned,3,256,MCCE,bounded+edit,MCCE_bounded+edit,0,no_candidate,,0.0111012458801269,,
AUC,5,aligned,3,267,NICE,native,NICE_native,0,immutable_changed:Test_2;immutable_changed:Test_3,15.125,0.0053331851959228,0.8099999999999999,1.0
AUC,5,aligned,3,267,NICE,bounded,NICE_bounded,0,below_policy_threshold;classifier_target_not_met,11.325,0.0053331851959228,0.8099999999999999,1.0
AUC,5,aligned,3,267,NICE,bounded+edit,NICE_bounded+edit,0,below_policy_threshold;classifier_target_not_met,11.325,0.0053331851959228,0.8099999999999999,1.0
AUC,5,aligned,3,267,MCCE,native,MCCE_native,0,no_candidate,,0.0124735832214355,,
AUC,5,aligned,3,267,MCCE,bounded,MCCE_bounded,0,no_candidate,,0.0124735832214355,,
AUC,5,aligned,3,267,MCCE,bounded+edit,MCCE_bounded+edit,0,no_candidate,,0.0124735832214355,,
AUC,5,aligned,3,275,NICE,native,NICE_native,0,below_policy_threshold;immutable_changed:Test_2,11.1375,0.0040924549102783,0.85,1.0
AUC,5,aligned,3,275,NICE,bounded,NICE_bounded,0,below_policy_threshold;classifier_target_not_met,6.6375,0.0040924549102783,0.85,1.0
AUC,5,aligned,3,275,NICE,bounded+edit,NICE_bounded+edit,0,below_policy_threshold;classifier_target_not_met,6.6375,0.0040924549102783,0.85,1.0
AUC,5,aligned,3,275,MCCE,native,MCCE_native,0,no_candidate,,0.0124015808105468,,
AUC,5,aligned,3,275,MCCE,bounded,MCCE_bounded,0,no_candidate,,0.0124015808105468,,
AUC,5,aligned,3,275,MCCE,bounded+edit,MCCE_bounded+edit,0,no_candidate,,0.0124015808105468,,
AUC,5,aligned,3,279,NICE,native,NICE_native,0,below_policy_threshold;immutable_changed:Test_1;immutable_changed:Test_2,11.025,0.0053257942199707,0.85,1.0
AUC,5,aligned,3,279,NICE,bounded,NICE_bounded,0,below_policy_threshold;classifier_target_not_met,8.9,0.0053257942199707,0.85,1.0
AUC,5,aligned,3,279,NICE,bounded+edit,NICE_bounded+edit,0,below_policy_threshold;classifier_target_not_met,8.9,0.0053257942199707,0.85,1.0
AUC,5,aligned,3,279,MCCE,native,MCCE_native,0,no_candidate,,0.0120036602020263,,
AUC,5,aligned,3,279,MCCE,bounded,MCCE_bounded,0,no_candidate,,0.0120036602020263,,
AUC,5,aligned,3,279,MCCE,bounded+edit,MCCE_bounded+edit,0,no_candidate,,0.0120036602020263,,
AUC,5,aligned,3,282,NICE,native,NICE_native,0,immutable_changed:Test_2,15.2,0.0042197704315185,0.85,1.0
AUC,5,aligned,3,282,NICE,bounded,NICE_bounded,0,below_policy_threshold;classifier_target_not_met,14.85,0.0042197704315185,0.85,1.0
AUC,5,aligned,3,282,NICE,bounded+edit,NICE_bounded+edit,0,below_policy_threshold;classifier_target_not_met,14.85,0.0042197704315185,0.85,1.0
AUC,5,aligned,3,282,MCCE,native,MCCE_native,0,no_candidate,,0.0121562480926513,,
AUC,5,aligned,3,282,MCCE,bounded,MCCE_bounded,0,no_candidate,,0.0121562480926513,,
AUC,5,aligned,3,282,MCCE,bounded+edit,MCCE_bounded+edit,0,no_candidate,,0.0121562480926513,,
AUC,5,aligned,3,283,NICE,native,NICE_native,0,below_policy_threshold;immutable_changed:Test_2;immutable_changed:Test_3,14.75,0.005220890045166,0.85,1.0
AUC,5,aligned,3,283,NICE,bounded,NICE_bounded,0,below_policy_threshold;classifier_target_not_met,12.75,0.005220890045166,0.85,1.0
AUC,5,aligned,3,283,NICE,bounded+edit,NICE_bounded+edit,0,below_policy_threshold;classifier_target_not_met,12.75,0.005220890045166,0.85,1.0
AUC,5,aligned,3,283,MCCE,native,MCCE_native,0,no_candidate,,0.0118327140808105,,
AUC,5,aligned,3,283,MCCE,bounded,MCCE_bounded,0,no_candidate,,0.0118327140808105,,
AUC,5,aligned,3,283,MCCE,bounded+edit,MCCE_bounded+edit,0,no_candidate,,0.0118327140808105,,
AUC,5,aligned,3,286,NICE,native,NICE_native,0,immutable_changed:Test_3,15.125,0.0039858818054199,0.8,1.0
AUC,5,aligned,3,286,NICE,bounded,NICE_bounded,0,below_policy_threshold;classifier_target_not_met,14.375,0.0039858818054199,0.8,1.0
AUC,5,aligned,3,286,NICE,bounded+edit,NICE_bounded+edit,0,below_policy_threshold;classifier_target_not_met,14.375,0.0039858818054199,0.8,1.0
AUC,5,aligned,3,286,MCCE,native,MCCE_native,0,no_candidate,,0.009988784790039,,
AUC,5,aligned,3,286,MCCE,bounded,MCCE_bounded,0,no_candidate,,0.009988784790039,,
AUC,5,aligned,3,286,MCCE,bounded+edit,MCCE_bounded+edit,0,no_candidate,,0.009988784790039,,
AUC,5,aligned,3,293,NICE,native,NICE_native,0,immutable_changed:Test_2;immutable_changed:Test_3,15.05,0.00514817237854,0.7,1.0
AUC,5,aligned,3,293,NICE,bounded,NICE_bounded,0,below_policy_threshold;classifier_target_not_met,14.45,0.00514817237854,0.7,1.0
AUC,5,aligned,3,293,NICE,bounded+edit,NICE_bounded+edit,0,below_policy_threshold;classifier_target_not_met,14.45,0.00514817237854,0.7,1.0
AUC,5,aligned,3,293,MCCE,native,MCCE_native,1,OK,15.2,0.0184388160705566,0.947775604986556,2.0
AUC,5,aligned,3,293,MCCE,bounded,MCCE_bounded,1,OK,15.2,0.0184388160705566,0.947775604986556,2.0
AUC,5,aligned,3,293,MCCE,bounded+edit,MCCE_bounded+edit,1,OK,15.2,0.0184388160705566,0.947775604986556,2.0
AUC,5,aligned,3,295,NICE,native,NICE_native,1,OK,15.075,0.0027127265930175,0.85,1.0
AUC,5,aligned,3,295,NICE,bounded,NICE_bounded,1,OK,15.075,0.0027127265930175,0.85,1.0
AUC,5,aligned,3,295,NICE,bounded+edit,NICE_bounded+edit,1,OK,15.075,0.0027127265930175,0.85,1.0
AUC,5,aligned,3,295,MCCE,native,MCCE_native,0,out_of_bounds:sum_click,15.075,0.0187873840332031,1.008787441356911,2.0
AUC,5,aligned,3,295,MCCE,bounded,MCCE_bounded,1,OK,15.075,0.0187873840332031,1.1026163839769036,2.0
AUC,5,aligned,3,295,MCCE,bounded+edit,MCCE_bounded+edit,1,OK,15.075,0.0187873840332031,1.1026163839769036,2.0
AUC,5,aligned,3,319,NICE,native,NICE_native,0,immutable_changed:Test_2;immutable_changed:Test_3,15.05,0.005483865737915,0.7,1.0
AUC,5,aligned,3,319,NICE,bounded,NICE_bounded,0,below_policy_threshold;classifier_target_not_met,5.75,0.005483865737915,0.7,1.0
AUC,5,aligned,3,319,NICE,bounded+edit,NICE_bounded+edit,0,below_policy_threshold;classifier_target_not_met,5.75,0.005483865737915,0.7,1.0
AUC,5,aligned,3,319,MCCE,native,MCCE_native,0,no_candidate,,0.011693000793457,,
AUC,5,aligned,3,319,MCCE,bounded,MCCE_bounded,0,no_candidate,,0.011693000793457,,
AUC,5,aligned,3,319,MCCE,bounded+edit,MCCE_bounded+edit,0,no_candidate,,0.011693000793457,,
AUC,5,aligned,3,326,NICE,native,NICE_native,0,below_policy_threshold;immutable_changed:Test_3,11.45,0.003957986831665,0.9,1.0
AUC,5,aligned,3,326,NICE,bounded,NICE_bounded,0,below_policy_threshold;classifier_target_not_met,6.95,0.003957986831665,0.9,1.0
AUC,5,aligned,3,326,NICE,bounded+edit,NICE_bounded+edit,0,below_policy_threshold;classifier_target_not_met,6.95,0.003957986831665,0.9,1.0
AUC,5,aligned,3,326,MCCE,native,MCCE_native,0,no_candidate,,0.0118348598480224,,
AUC,5,aligned,3,326,MCCE,bounded,MCCE_bounded,0,no_candidate,,0.0118348598480224,,
AUC,5,aligned,3,326,MCCE,bounded+edit,MCCE_bounded+edit,0,no_candidate,,0.0118348598480224,,
AUC,5,aligned,3,327,NICE,native,NICE_native,0,immutable_changed:Test_2,15.125,0.0039069652557373,0.8,1.0
AUC,5,aligned,3,327,NICE,bounded,NICE_bounded,0,below_policy_threshold;classifier_target_not_met,14.775,0.0039069652557373,0.8,1.0
AUC,5,aligned,3,327,NICE,bounded+edit,NICE_bounded+edit,0,below_policy_threshold;classifier_target_not_met,14.775,0.0039069652557373,0.8,1.0
AUC,5,aligned,3,327,MCCE,native,MCCE_native,0,out_of_bounds:sum_click,15.025,0.0147609710693359,2.979527991218444,2.0
AUC,5,aligned,3,327,MCCE,bounded,MCCE_bounded,0,no_candidate,,0.0147609710693359,,
AUC,5,aligned,3,327,MCCE,bounded+edit,MCCE_bounded+edit,0,no_candidate,,0.0147609710693359,,
AUC,5,aligned,3,330,NICE,native,NICE_native,0,immutable_changed:Test_2,15.275,0.0039217472076416,0.85,1.0
AUC,5,aligned,3,330,NICE,bounded,NICE_bounded,0,below_policy_threshold;classifier_target_not_met,14.175,0.0039217472076416,0.85,1.0
AUC,5,aligned,3,330,NICE,bounded+edit,NICE_bounded+edit,0,below_policy_threshold;classifier_target_not_met,14.175,0.0039217472076416,0.85,1.0
AUC,5,aligned,3,330,MCCE,native,MCCE_native,0,no_candidate,,0.0121176242828369,,
AUC,5,aligned,3,330,MCCE,bounded,MCCE_bounded,0,no_candidate,,0.0121176242828369,,
AUC,5,aligned,3,330,MCCE,bounded+edit,MCCE_bounded+edit,0,no_candidate,,0.0121176242828369,,
AUC,5,aligned,3,338,NICE,native,NICE_native,0,immutable_changed:Test_2;immutable_changed:Test_3,15.175,0.0055851936340332,0.7,1.0
AUC,5,aligned,3,338,NICE,bounded,NICE_bounded,0,below_policy_threshold;classifier_target_not_met,14.125,0.0055851936340332,0.7,1.0
AUC,5,aligned,3,338,NICE,bounded+edit,NICE_bounded+edit,0,below_policy_threshold;classifier_target_not_met,14.125,0.0055851936340332,0.7,1.0
AUC,5,aligned,3,338,MCCE,native,MCCE_native,0,out_of_bounds:sum_click,15.125,0.0196614265441894,0.9255808995949693,2.0
AUC,5,aligned,3,338,MCCE,bounded,MCCE_bounded,1,OK,15.125,0.0196614265441894,1.1558089959496909,2.0
AUC,5,aligned,3,338,MCCE,bounded+edit,MCCE_bounded+edit,1,OK,15.125,0.0196614265441894,1.1558089959496909,2.0
AUC,5,aligned,3,346,NICE,native,NICE_native,0,below_policy_threshold;immutable_changed:Test_2,14.95,0.0041365623474121,0.85,1.0
AUC,5,aligned,3,346,NICE,bounded,NICE_bounded,0,below_policy_threshold;classifier_target_not_met,13.25,0.0041365623474121,0.85,1.0
AUC,5,aligned,3,346,NICE,bounded+edit,NICE_bounded+edit,0,below_policy_threshold;classifier_target_not_met,13.25,0.0041365623474121,0.85,1.0
AUC,5,aligned,3,346,MCCE,native,MCCE_native,0,no_candidate,,0.0119452476501464,,
AUC,5,aligned,3,346,MCCE,bounded,MCCE_bounded,0,no_candidate,,0.0119452476501464,,
AUC,5,aligned,3,346,MCCE,bounded+edit,MCCE_bounded+edit,0,no_candidate,,0.0119452476501464,,
AUC,5,aligned,3,354,NICE,native,NICE_native,0,below_policy_threshold,14.725,0.002681016921997,0.85,1.0
AUC,5,aligned,3,354,NICE,bounded,NICE_bounded,0,below_policy_threshold,14.725,0.002681016921997,0.85,1.0
AUC,5,aligned,3,354,NICE,bounded+edit,NICE_bounded+edit,0,below_policy_threshold,14.725,0.002681016921997,0.85,1.0
AUC,5,aligned,3,354,MCCE,native,MCCE_native,0,below_policy_threshold;out_of_bounds:sum_click,14.825,0.0151543617248535,0.919452490286118,2.0
AUC,5,aligned,3,354,MCCE,bounded,MCCE_bounded,0,no_candidate,,0.0151543617248535,,
AUC,5,aligned,3,354,MCCE,bounded+edit,MCCE_bounded+edit,0,no_candidate,,0.0151543617248535,,
AUC,5,aligned,3,355,NICE,native,NICE_native,0,below_policy_threshold;immutable_changed:Test_2,13.5,0.0040285587310791,0.85,1.0
AUC,5,aligned,3,355,NICE,bounded,NICE_bounded,0,below_policy_threshold;classifier_target_not_met,12.0,0.0040285587310791,0.85,1.0
AUC,5,aligned,3,355,NICE,bounded+edit,NICE_bounded+edit,0,below_policy_threshold;classifier_target_not_met,12.0,0.0040285587310791,0.85,1.0
AUC,5,aligned,3,355,MCCE,native,MCCE_native,0,no_candidate,,0.0118715763092041,,
AUC,5,aligned,3,355,MCCE,bounded,MCCE_bounded,0,no_candidate,,0.0118715763092041,,
AUC,5,aligned,3,355,MCCE,bounded+edit,MCCE_bounded+edit,0,no_candidate,,0.0118715763092041,,
AUC,5,aligned,3,360,NICE,native,NICE_native,0,immutable_changed:Test_2;immutable_changed:Test_3,15.025,0.0052011013031005,0.7,1.0
AUC,5,aligned,3,360,NICE,bounded,NICE_bounded,0,below_policy_threshold;classifier_target_not_met,5.725,0.0052011013031005,0.7,1.0
AUC,5,aligned,3,360,NICE,bounded+edit,NICE_bounded+edit,0,below_policy_threshold;classifier_target_not_met,5.725,0.0052011013031005,0.7,1.0
AUC,5,aligned,3,360,MCCE,native,MCCE_native,0,no_candidate,,0.011263370513916,,
AUC,5,aligned,3,360,MCCE,bounded,MCCE_bounded,0,no_candidate,,0.011263370513916,,
AUC,5,aligned,3,360,MCCE,bounded+edit,MCCE_bounded+edit,0,no_candidate,,0.011263370513916,,
AUC,5,aligned,3,385,NICE,native,NICE_native,0,below_policy_threshold;immutable_changed:Test_1;immutable_changed:Test_2,11.025,0.0051126480102539,0.85,1.0
AUC,5,aligned,3,385,NICE,bounded,NICE_bounded,0,below_policy_threshold;classifier_target_not_met,4.25,0.0051126480102539,0.85,1.0
AUC,5,aligned,3,385,NICE,bounded+edit,NICE_bounded+edit,0,below_policy_threshold;classifier_target_not_met,4.25,0.0051126480102539,0.85,1.0
AUC,5,aligned,3,385,MCCE,native,MCCE_native,0,no_candidate,,0.0119452476501464,,
AUC,5,aligned,3,385,MCCE,bounded,MCCE_bounded,0,no_candidate,,0.0119452476501464,,
AUC,5,aligned,3,385,MCCE,bounded+edit,MCCE_bounded+edit,0,no_candidate,,0.0119452476501464,,
AUC,5,aligned,3,396,NICE,native,NICE_native,0,below_policy_threshold;immutable_changed:Test_2,14.35,0.0039668083190917,0.85,1.0
AUC,5,aligned,3,396,NICE,bounded,NICE_bounded,0,below_policy_threshold;classifier_target_not_met,12.35,0.0039668083190917,0.85,1.0
AUC,5,aligned,3,396,NICE,bounded+edit,NICE_bounded+edit,0,below_policy_threshold;classifier_target_not_met,12.35,0.0039668083190917,0.85,1.0
AUC,5,aligned,3,396,MCCE,native,MCCE_native,0,no_candidate,,0.0121068954467773,,
AUC,5,aligned,3,396,MCCE,bounded,MCCE_bounded,0,no_candidate,,0.0121068954467773,,
AUC,5,aligned,3,396,MCCE,bounded+edit,MCCE_bounded+edit,0,no_candidate,,0.0121068954467773,,
AUC,5,aligned,3,404,NICE,native,NICE_native,0,immutable_changed:Test_2,15.45,0.0040545463562011,0.8,1.0
AUC,5,aligned,3,404,NICE,bounded,NICE_bounded,0,classifier_target_not_met,15.1,0.0040545463562011,0.8,1.0
AUC,5,aligned,3,404,NICE,bounded+edit,NICE_bounded+edit,0,classifier_target_not_met,15.1,0.0040545463562011,0.8,1.0
AUC,5,aligned,3,404,MCCE,native,MCCE_native,0,out_of_bounds:sum_click,15.6,0.0183291435241699,1.1203182374541003,2.0
AUC,5,aligned,3,404,MCCE,bounded,MCCE_bounded,1,OK,15.6,0.0183291435241699,1.1611179110567116,2.0
AUC,5,aligned,3,404,MCCE,bounded+edit,MCCE_bounded+edit,1,OK,15.6,0.0183291435241699,1.1611179110567116,2.0
AUC,5,aligned,3,405,NICE,native,NICE_native,0,below_policy_threshold;immutable_changed:Test_2,11.05,0.0040671825408935,0.85,1.0
AUC,5,aligned,3,405,NICE,bounded,NICE_bounded,0,below_policy_threshold;classifier_target_not_met,10.95,0.0040671825408935,0.85,1.0
AUC,5,aligned,3,405,NICE,bounded+edit,NICE_bounded+edit,0,below_policy_threshold;classifier_target_not_met,10.95,0.0040671825408935,0.85,1.0
AUC,5,aligned,3,405,MCCE,native,MCCE_native,0,no_candidate,,0.0121386051177978,,
AUC,5,aligned,3,405,MCCE,bounded,MCCE_bounded,0,no_candidate,,0.0121386051177978,,
AUC,5,aligned,3,405,MCCE,bounded+edit,MCCE_bounded+edit,0,no_candidate,,0.0121386051177978,,
AUC,5,aligned,3,409,NICE,native,NICE_native,0,immutable_changed:Test_2;immutable_changed:Test_3,15.05,0.0053024291992187,0.8,1.0
AUC,5,aligned,3,409,NICE,bounded,NICE_bounded,0,below_policy_threshold;classifier_target_not_met,10.25,0.0053024291992187,0.8,1.0
AUC,5,aligned,3,409,NICE,bounded+edit,NICE_bounded+edit,0,below_policy_threshold;classifier_target_not_met,10.25,0.0053024291992187,0.8,1.0
AUC,5,aligned,3,409,MCCE,native,MCCE_native,0,no_candidate,,0.0122220516204833,,
AUC,5,aligned,3,409,MCCE,bounded,MCCE_bounded,0,no_candidate,,0.0122220516204833,,
AUC,5,aligned,3,409,MCCE,bounded+edit,MCCE_bounded+edit,0,no_candidate,,0.0122220516204833,,
AUC,5,aligned,3,413,NICE,native,NICE_native,0,below_policy_threshold,14.725,0.0028095245361328,0.85,1.0
AUC,5,aligned,3,413,NICE,bounded,NICE_bounded,0,below_policy_threshold,14.725,0.0028095245361328,0.85,1.0
AUC,5,aligned,3,413,NICE,bounded+edit,NICE_bounded+edit,0,below_policy_threshold,14.725,0.0028095245361328,0.85,1.0
AUC,5,aligned,3,413,MCCE,native,MCCE_native,0,below_policy_threshold,14.575,0.0190417766571044,0.8509997416688194,2.0
AUC,5,aligned,3,413,MCCE,bounded,MCCE_bounded,0,below_policy_threshold,14.575,0.0190417766571044,0.8509997416688194,2.0
AUC,5,aligned,3,413,MCCE,bounded+edit,MCCE_bounded+edit,0,below_policy_threshold,14.575,0.0190417766571044,0.8509997416688194,2.0
AUC,5,aligned,3,421,NICE,native,NICE_native,0,immutable_changed:Test_2,15.225,0.0039689540863037,0.8,1.0
AUC,5,aligned,3,421,NICE,bounded,NICE_bounded,0,classifier_target_not_met,15.075,0.0039689540863037,0.8,1.0
AUC,5,aligned,3,421,NICE,bounded+edit,NICE_bounded+edit,0,classifier_target_not_met,15.075,0.0039689540863037,0.8,1.0
AUC,5,aligned,3,421,MCCE,native,MCCE_native,0,out_of_bounds:sum_click,15.325,0.0155210494995117,0.966467162730508,2.0
AUC,5,aligned,3,421,MCCE,bounded,MCCE_bounded,0,no_candidate,,0.0155210494995117,,
AUC,5,aligned,3,421,MCCE,bounded+edit,MCCE_bounded+edit,0,no_candidate,,0.0155210494995117,,
AUC,5,aligned,3,423,NICE,native,NICE_native,1,OK,15.25,0.0026853084564208,0.85,1.0
AUC,5,aligned,3,423,NICE,bounded,NICE_bounded,1,OK,15.25,0.0026853084564208,0.85,1.0
AUC,5,aligned,3,423,NICE,bounded+edit,NICE_bounded+edit,1,OK,15.25,0.0026853084564208,0.85,1.0
AUC,5,aligned,3,423,MCCE,native,MCCE_native,0,out_of_bounds:sum_click,15.25,0.0183355808258056,1.4543700604370062,2.0
AUC,5,aligned,3,423,MCCE,bounded,MCCE_bounded,0,no_candidate,,0.0183355808258056,,
AUC,5,aligned,3,423,MCCE,bounded+edit,MCCE_bounded+edit,0,no_candidate,,0.0183355808258056,,
AUC,5,aligned,3,440,NICE,native,NICE_native,0,below_policy_threshold;immutable_changed:Test_2,11.1,0.0046346187591552,0.85,1.0
AUC,5,aligned,3,440,NICE,bounded,NICE_bounded,0,below_policy_threshold;classifier_target_not_met,6.6,0.0046346187591552,0.85,1.0
AUC,5,aligned,3,440,NICE,bounded+edit,NICE_bounded+edit,0,below_policy_threshold;classifier_target_not_met,6.6,0.0046346187591552,0.85,1.0
AUC,5,aligned,3,440,MCCE,native,MCCE_native,0,no_candidate,,0.0139458179473876,,
AUC,5,aligned,3,440,MCCE,bounded,MCCE_bounded,0,no_candidate,,0.0139458179473876,,
AUC,5,aligned,3,440,MCCE,bounded+edit,MCCE_bounded+edit,0,no_candidate,,0.0139458179473876,,
AUC,5,aligned,3,447,NICE,native,NICE_native,0,immutable_changed:Test_1;immutable_changed:Test_2;immutable_changed:Test_3,15.05,0.0066006183624267,0.7,1.0
AUC,5,aligned,3,447,NICE,bounded,NICE_bounded,0,below_policy_threshold;classifier_target_not_met,13.475,0.0066006183624267,0.7,1.0
AUC,5,aligned,3,447,NICE,bounded+edit,NICE_bounded+edit,0,below_policy_threshold;classifier_target_not_met,13.475,0.0066006183624267,0.7,1.0
AUC,5,aligned,3,447,MCCE,native,MCCE_native,0,no_candidate,,0.0138399600982666,,
AUC,5,aligned,3,447,MCCE,bounded,MCCE_bounded,0,no_candidate,,0.0138399600982666,,
AUC,5,aligned,3,447,MCCE,bounded+edit,MCCE_bounded+edit,0,no_candidate,,0.0138399600982666,,
AUC,5,aligned,3,461,NICE,native,NICE_native,0,immutable_changed:Test_1;immutable_changed:Test_2;immutable_changed:Test_3,15.05,0.0070118904113769,0.8,1.0
AUC,5,aligned,3,461,NICE,bounded,NICE_bounded,0,below_policy_threshold;classifier_target_not_met,6.0,0.0070118904113769,0.8,1.0
AUC,5,aligned,3,461,NICE,bounded+edit,NICE_bounded+edit,0,below_policy_threshold;classifier_target_not_met,6.0,0.0070118904113769,0.8,1.0
AUC,5,aligned,3,461,MCCE,native,MCCE_native,0,no_candidate,,0.0127074718475341,,
AUC,5,aligned,3,461,MCCE,bounded,MCCE_bounded,0,no_candidate,,0.0127074718475341,,
AUC,5,aligned,3,461,MCCE,bounded+edit,MCCE_bounded+edit,0,no_candidate,,0.0127074718475341,,
AUC,5,aligned,3,463,NICE,native,NICE_native,1,OK,15.25,0.0028111934661865,0.85,1.0
AUC,5,aligned,3,463,NICE,bounded,NICE_bounded,1,OK,15.25,0.0028111934661865,0.85,1.0
AUC,5,aligned,3,463,NICE,bounded+edit,NICE_bounded+edit,1,OK,15.25,0.0028111934661865,0.85,1.0
AUC,5,aligned,3,463,MCCE,native,MCCE_native,0,below_policy_threshold;out_of_bounds:sum_click,15.0,0.018796682357788,0.8964888769766819,2.0
AUC,5,aligned,3,463,MCCE,bounded,MCCE_bounded,0,no_candidate,,0.018796682357788,,
AUC,5,aligned,3,463,MCCE,bounded+edit,MCCE_bounded+edit,0,no_candidate,,0.018796682357788,,
AUC,5,aligned,3,469,NICE,native,NICE_native,0,immutable_changed:Test_1;immutable_changed:Test_2;immutable_changed:Test_3,15.2,0.0071015357971191,0.9,1.0
AUC,5,aligned,3,469,NICE,bounded,NICE_bounded,0,below_policy_threshold;classifier_target_not_met,12.75,0.0071015357971191,0.9,1.0
AUC,5,aligned,3,469,NICE,bounded+edit,NICE_bounded+edit,0,below_policy_threshold;classifier_target_not_met,12.75,0.0071015357971191,0.9,1.0
AUC,5,aligned,3,469,MCCE,native,MCCE_native,0,no_candidate,,0.0122818946838378,,
AUC,5,aligned,3,469,MCCE,bounded,MCCE_bounded,0,no_candidate,,0.0122818946838378,,
AUC,5,aligned,3,469,MCCE,bounded+edit,MCCE_bounded+edit,0,no_candidate,,0.0122818946838378,,
AUC,5,aligned,3,478,NICE,native,NICE_native,0,below_policy_threshold;immutable_changed:Test_2;immutable_changed:Test_3,13.25,0.0053513050079345,0.85,1.0
AUC,5,aligned,3,478,NICE,bounded,NICE_bounded,0,below_policy_threshold;classifier_target_not_met,4.25,0.0053513050079345,0.85,1.0
AUC,5,aligned,3,478,NICE,bounded+edit,NICE_bounded+edit,0,below_policy_threshold;classifier_target_not_met,4.25,0.0053513050079345,0.85,1.0
AUC,5,aligned,3,478,MCCE,native,MCCE_native,0,no_candidate,,0.0155272483825683,,
AUC,5,aligned,3,478,MCCE,bounded,MCCE_bounded,0,no_candidate,,0.0155272483825683,,
AUC,5,aligned,3,478,MCCE,bounded+edit,MCCE_bounded+edit,0,no_candidate,,0.0155272483825683,,
AUC,5,aligned,3,486,NICE,native,NICE_native,0,below_policy_threshold;immutable_changed:Test_2,11.05,0.0041251182556152,0.85,1.0
AUC,5,aligned,3,486,NICE,bounded,NICE_bounded,0,below_policy_threshold;classifier_target_not_met,6.55,0.0041251182556152,0.85,1.0
AUC,5,aligned,3,486,NICE,bounded+edit,NICE_bounded+edit,0,below_policy_threshold;classifier_target_not_met,6.55,0.0041251182556152,0.85,1.0
AUC,5,aligned,3,486,MCCE,native,MCCE_native,0,no_candidate,,0.0116286277770996,,
AUC,5,aligned,3,486,MCCE,bounded,MCCE_bounded,0,no_candidate,,0.0116286277770996,,
AUC,5,aligned,3,486,MCCE,bounded+edit,MCCE_bounded+edit,0,no_candidate,,0.0116286277770996,,
AUC,5,aligned,3,495,NICE,native,NICE_native,0,immutable_changed:Test_1;immutable_changed:Test_2,15.05,0.0053868293762207,0.8099999999999999,1.0
AUC,5,aligned,3,495,NICE,bounded,NICE_bounded,0,below_policy_threshold;classifier_target_not_met,14.6,0.0053868293762207,0.8099999999999999,1.0
AUC,5,aligned,3,495,NICE,bounded+edit,NICE_bounded+edit,0,below_policy_threshold;classifier_target_not_met,14.6,0.0053868293762207,0.8099999999999999,1.0
AUC,5,aligned,3,495,MCCE,native,MCCE_native,0,no_candidate,,0.0118269920349121,,
AUC,5,aligned,3,495,MCCE,bounded,MCCE_bounded,0,no_candidate,,0.0118269920349121,,
AUC,5,aligned,3,495,MCCE,bounded+edit,MCCE_bounded+edit,0,no_candidate,,0.0118269920349121,,
AUC,5,aligned,3,508,NICE,native,NICE_native,0,below_policy_threshold;immutable_changed:Test_1;immutable_changed:Test_2,13.525,0.0052564144134521,0.85,1.0
AUC,5,aligned,3,508,NICE,bounded,NICE_bounded,0,below_policy_threshold;classifier_target_not_met,10.875,0.0052564144134521,0.85,1.0
AUC,5,aligned,3,508,NICE,bounded+edit,NICE_bounded+edit,0,below_policy_threshold;classifier_target_not_met,10.875,0.0052564144134521,0.85,1.0
AUC,5,aligned,3,508,MCCE,native,MCCE_native,0,no_candidate,,0.0118200778961181,,
AUC,5,aligned,3,508,MCCE,bounded,MCCE_bounded,0,no_candidate,,0.0118200778961181,,
AUC,5,aligned,3,508,MCCE,bounded+edit,MCCE_bounded+edit,0,no_candidate,,0.0118200778961181,,
AUC,5,aligned,3,515,NICE,native,NICE_native,0,immutable_changed:Test_2;immutable_changed:Test_3,15.025,0.0054812431335449,0.8,1.0
AUC,5,aligned,3,515,NICE,bounded,NICE_bounded,0,below_policy_threshold;classifier_target_not_met,14.475,0.0054812431335449,0.8,1.0
AUC,5,aligned,3,515,NICE,bounded+edit,NICE_bounded+edit,0,below_policy_threshold;classifier_target_not_met,14.475,0.0054812431335449,0.8,1.0
AUC,5,aligned,3,515,MCCE,native,MCCE_native,0,no_candidate,,0.012150764465332,,
AUC,5,aligned,3,515,MCCE,bounded,MCCE_bounded,0,no_candidate,,0.012150764465332,,
AUC,5,aligned,3,515,MCCE,bounded+edit,MCCE_bounded+edit,0,no_candidate,,0.012150764465332,,
AUC,5,aligned,3,541,NICE,native,NICE_native,0,immutable_changed:Test_1;immutable_changed:Test_2;immutable_changed:Test_3,15.05,0.0066769123077392,0.7,1.0
AUC,5,aligned,3,541,NICE,bounded,NICE_bounded,0,below_policy_threshold;classifier_target_not_met,14.225,0.0066769123077392,0.7,1.0
AUC,5,aligned,3,541,NICE,bounded+edit,NICE_bounded+edit,0,below_policy_threshold;classifier_target_not_met,14.225,0.0066769123077392,0.7,1.0
AUC,5,aligned,3,541,MCCE,native,MCCE_native,0,below_policy_threshold,14.975,0.0182175636291503,0.85,1.0
AUC,5,aligned,3,541,MCCE,bounded,MCCE_bounded,0,below_policy_threshold,14.975,0.0182175636291503,0.85,1.0
AUC,5,aligned,3,541,MCCE,bounded+edit,MCCE_bounded+edit,0,below_policy_threshold,14.975,0.0182175636291503,0.85,1.0
AUC,5,aligned,3,546,NICE,native,NICE_native,0,below_policy_threshold,14.9,0.0029547214508056,0.85,1.0
AUC,5,aligned,3,546,NICE,bounded,NICE_bounded,0,below_policy_threshold,14.9,0.0029547214508056,0.85,1.0
AUC,5,aligned,3,546,NICE,bounded+edit,NICE_bounded+edit,0,below_policy_threshold,14.9,0.0029547214508056,0.85,1.0
AUC,5,aligned,3,546,MCCE,native,MCCE_native,0,below_policy_threshold,14.9,0.0215182304382324,0.8761028452101279,2.0
AUC,5,aligned,3,546,MCCE,bounded,MCCE_bounded,0,below_policy_threshold,14.9,0.0215182304382324,0.8761028452101279,2.0
AUC,5,aligned,3,546,MCCE,bounded+edit,MCCE_bounded+edit,0,below_policy_threshold,14.9,0.0215182304382324,0.8761028452101279,2.0
AUC,5,aligned,3,560,NICE,native,NICE_native,0,below_policy_threshold;immutable_changed:Test_1;immutable_changed:Test_2,14.475,0.0055601596832275,0.85,1.0
AUC,5,aligned,3,560,NICE,bounded,NICE_bounded,0,below_policy_threshold;classifier_target_not_met,13.075,0.0055601596832275,0.85,1.0
AUC,5,aligned,3,560,NICE,bounded+edit,NICE_bounded+edit,0,below_policy_threshold;classifier_target_not_met,13.075,0.0055601596832275,0.85,1.0
AUC,5,aligned,3,560,MCCE,native,MCCE_native,0,no_candidate,,0.0123028755187988,,
AUC,5,aligned,3,560,MCCE,bounded,MCCE_bounded,0,no_candidate,,0.0123028755187988,,
AUC,5,aligned,3,560,MCCE,bounded+edit,MCCE_bounded+edit,0,no_candidate,,0.0123028755187988,,
AUC,5,aligned,3,573,NICE,native,NICE_native,0,below_policy_threshold;immutable_changed:Test_2;immutable_changed:Test_3,14.625,0.0051851272583007,0.85,1.0
AUC,5,aligned,3,573,NICE,bounded,NICE_bounded,0,below_policy_threshold;classifier_target_not_met,11.625,0.0051851272583007,0.85,1.0
AUC,5,aligned,3,573,NICE,bounded+edit,NICE_bounded+edit,0,below_policy_threshold;classifier_target_not_met,11.625,0.0051851272583007,0.85,1.0
AUC,5,aligned,3,573,MCCE,native,MCCE_native,0,no_candidate,,0.0122699737548828,,
AUC,5,aligned,3,573,MCCE,bounded,MCCE_bounded,0,no_candidate,,0.0122699737548828,,
AUC,5,aligned,3,573,MCCE,bounded+edit,MCCE_bounded+edit,0,no_candidate,,0.0122699737548828,,
AUC,5,aligned,3,581,NICE,native,NICE_native,0,immutable_changed:Test_1;immutable_changed:Test_2;immutable_changed:Test_3,15.05,0.0070104598999023,0.7,1.0
AUC,5,aligned,3,581,NICE,bounded,NICE_bounded,0,below_policy_threshold;classifier_target_not_met,9.75,0.0070104598999023,0.7,1.0
AUC,5,aligned,3,581,NICE,bounded+edit,NICE_bounded+edit,0,below_policy_threshold;classifier_target_not_met,9.75,0.0070104598999023,0.7,1.0
AUC,5,aligned,3,581,MCCE,native,MCCE_native,0,no_candidate,,0.0115315914154052,,
AUC,5,aligned,3,581,MCCE,bounded,MCCE_bounded,0,no_candidate,,0.0115315914154052,,
AUC,5,aligned,3,581,MCCE,bounded+edit,MCCE_bounded+edit,0,no_candidate,,0.0115315914154052,,
AUC,5,aligned,3,604,NICE,native,NICE_native,1,OK,15.25,0.0025837421417236,0.85,1.0
AUC,5,aligned,3,604,NICE,bounded,NICE_bounded,1,OK,15.25,0.0025837421417236,0.85,1.0
AUC,5,aligned,3,604,NICE,bounded+edit,NICE_bounded+edit,1,OK,15.25,0.0025837421417236,0.85,1.0
AUC,5,aligned,3,604,MCCE,native,MCCE_native,1,OK,15.6,0.018120527267456,0.9253319114902692,2.0
AUC,5,aligned,3,604,MCCE,bounded,MCCE_bounded,1,OK,15.6,0.018120527267456,0.9253319114902692,2.0
AUC,5,aligned,3,604,MCCE,bounded+edit,MCCE_bounded+edit,1,OK,15.6,0.018120527267456,0.9253319114902692,2.0
AUC,5,aligned,3,608,NICE,native,NICE_native,1,OK,15.325,0.002634048461914,0.89,1.0
AUC,5,aligned,3,608,NICE,bounded,NICE_bounded,1,OK,15.325,0.002634048461914,0.89,1.0
AUC,5,aligned,3,608,NICE,bounded+edit,NICE_bounded+edit,1,OK,15.325,0.002634048461914,0.89,1.0
AUC,5,aligned,3,608,MCCE,native,MCCE_native,0,out_of_bounds:sum_click,15.125,0.0148463249206542,1.5927894112998815,2.0
AUC,5,aligned,3,608,MCCE,bounded,MCCE_bounded,0,no_candidate,,0.0148463249206542,,
AUC,5,aligned,3,608,MCCE,bounded+edit,MCCE_bounded+edit,0,no_candidate,,0.0148463249206542,,
AUC,5,aligned,3,609,NICE,native,NICE_native,0,below_policy_threshold;immutable_changed:Test_1;immutable_changed:Test_2,11.025,0.0052392482757568,0.85,1.0
AUC,5,aligned,3,609,NICE,bounded,NICE_bounded,0,below_policy_threshold;classifier_target_not_met,5.5,0.0052392482757568,0.85,1.0
AUC,5,aligned,3,609,NICE,bounded+edit,NICE_bounded+edit,0,below_policy_threshold;classifier_target_not_met,5.5,0.0052392482757568,0.85,1.0
AUC,5,aligned,3,609,MCCE,native,MCCE_native,0,no_candidate,,0.0111031532287597,,
AUC,5,aligned,3,609,MCCE,bounded,MCCE_bounded,0,no_candidate,,0.0111031532287597,,
AUC,5,aligned,3,609,MCCE,bounded+edit,MCCE_bounded+edit,0,no_candidate,,0.0111031532287597,,
AUC,5,aligned,3,614,NICE,native,NICE_native,0,immutable_changed:Test_3,15.15,0.0039393901824951,0.8,1.0
AUC,5,aligned,3,614,NICE,bounded,NICE_bounded,0,below_policy_threshold;classifier_target_not_met,14.75,0.0039393901824951,0.8,1.0
AUC,5,aligned,3,614,NICE,bounded+edit,NICE_bounded+edit,0,below_policy_threshold;classifier_target_not_met,14.75,0.0039393901824951,0.8,1.0
AUC,5,aligned,3,614,MCCE,native,MCCE_native,0,below_policy_threshold;out_of_bounds:sum_click,15.0,0.0147790908813476,1.355689001264223,2.0
AUC,5,aligned,3,614,MCCE,bounded,MCCE_bounded,0,no_candidate,,0.0147790908813476,,
AUC,5,aligned,3,614,MCCE,bounded+edit,MCCE_bounded+edit,0,no_candidate,,0.0147790908813476,,
AUC,5,aligned,3,625,NICE,native,NICE_native,0,below_policy_threshold;immutable_changed:Test_1;immutable_changed:Test_2,14.925,0.0053737163543701,0.85,1.0
AUC,5,aligned,3,625,NICE,bounded,NICE_bounded,0,below_policy_threshold;classifier_target_not_met,13.15,0.0053737163543701,0.85,1.0
AUC,5,aligned,3,625,NICE,bounded+edit,NICE_bounded+edit,0,below_policy_threshold;classifier_target_not_met,13.15,0.0053737163543701,0.85,1.0
AUC,5,aligned,3,625,MCCE,native,MCCE_native,0,no_candidate,,0.0116386413574218,,
AUC,5,aligned,3,625,MCCE,bounded,MCCE_bounded,0,no_candidate,,0.0116386413574218,,
AUC,5,aligned,3,625,MCCE,bounded+edit,MCCE_bounded+edit,0,no_candidate,,0.0116386413574218,,
AUC,5,aligned,3,630,NICE,native,NICE_native,0,below_policy_threshold;immutable_changed:Test_2;immutable_changed:Test_3,14.5,0.0052962303161621,0.85,1.0
AUC,5,aligned,3,630,NICE,bounded,NICE_bounded,0,below_policy_threshold;classifier_target_not_met,7.1,0.0052962303161621,0.85,1.0
AUC,5,aligned,3,630,NICE,bounded+edit,NICE_bounded+edit,0,below_policy_threshold;classifier_target_not_met,7.1,0.0052962303161621,0.85,1.0
AUC,5,aligned,3,630,MCCE,native,MCCE_native,0,no_candidate,,0.0116653442382812,,
AUC,5,aligned,3,630,MCCE,bounded,MCCE_bounded,0,no_candidate,,0.0116653442382812,,
AUC,5,aligned,3,630,MCCE,bounded+edit,MCCE_bounded+edit,0,no_candidate,,0.0116653442382812,,
AUC,5,aligned,3,634,NICE,native,NICE_native,0,immutable_changed:Test_1;immutable_changed:Test_2;immutable_changed:Test_3,15.05,0.0068962574005126,0.7,1.0
AUC,5,aligned,3,634,NICE,bounded,NICE_bounded,0,below_policy_threshold;classifier_target_not_met,14.075,0.0068962574005126,0.7,1.0
AUC,5,aligned,3,634,NICE,bounded+edit,NICE_bounded+edit,0,below_policy_threshold;classifier_target_not_met,14.075,0.0068962574005126,0.7,1.0
AUC,5,aligned,3,634,MCCE,native,MCCE_native,1,OK,15.525,0.0179615020751953,1.2271703128194644,2.0
AUC,5,aligned,3,634,MCCE,bounded,MCCE_bounded,1,OK,15.525,0.0179615020751953,1.2271703128194644,2.0
AUC,5,aligned,3,634,MCCE,bounded+edit,MCCE_bounded+edit,1,OK,15.525,0.0179615020751953,1.2271703128194644,2.0
AUC,5,aligned,3,636,NICE,native,NICE_native,0,immutable_changed:Test_1;immutable_changed:Test_2;immutable_changed:Test_3,15.05,0.0066993236541748,0.7,1.0
AUC,5,aligned,3,636,NICE,bounded,NICE_bounded,0,below_policy_threshold;classifier_target_not_met,5.625,0.0066993236541748,0.7,1.0
AUC,5,aligned,3,636,NICE,bounded+edit,NICE_bounded+edit,0,below_policy_threshold;classifier_target_not_met,5.625,0.0066993236541748,0.7,1.0
AUC,5,aligned,3,636,MCCE,native,MCCE_native,0,no_candidate,,0.0118758678436279,,
AUC,5,aligned,3,636,MCCE,bounded,MCCE_bounded,0,no_candidate,,0.0118758678436279,,
AUC,5,aligned,3,636,MCCE,bounded+edit,MCCE_bounded+edit,0,no_candidate,,0.0118758678436279,,
AUC,5,aligned,3,647,NICE,native,NICE_native,0,below_policy_threshold;immutable_changed:Test_2,14.85,0.0040621757507324,0.85,1.0
AUC,5,aligned,3,647,NICE,bounded,NICE_bounded,0,below_policy_threshold;classifier_target_not_met,14.5,0.0040621757507324,0.85,1.0
AUC,5,aligned,3,647,NICE,bounded+edit,NICE_bounded+edit,0,below_policy_threshold;classifier_target_not_met,14.5,0.0040621757507324,0.85,1.0
AUC,5,aligned,3,647,MCCE,native,MCCE_native,0,no_candidate,,0.0145463943481445,,
AUC,5,aligned,3,647,MCCE,bounded,MCCE_bounded,0,no_candidate,,0.0145463943481445,,
AUC,5,aligned,3,647,MCCE,bounded+edit,MCCE_bounded+edit,0,no_candidate,,0.0145463943481445,,
AUC,5,aligned,3,648,NICE,native,NICE_native,0,below_policy_threshold;immutable_changed:Test_2,11.225,0.0041742324829101,0.82,1.0
AUC,5,aligned,3,648,NICE,bounded,NICE_bounded,0,below_policy_threshold;classifier_target_not_met,6.525,0.0041742324829101,0.82,1.0
AUC,5,aligned,3,648,NICE,bounded+edit,NICE_bounded+edit,0,below_policy_threshold;classifier_target_not_met,6.525,0.0041742324829101,0.82,1.0
AUC,5,aligned,3,648,MCCE,native,MCCE_native,0,no_candidate,,0.0127971172332763,,
AUC,5,aligned,3,648,MCCE,bounded,MCCE_bounded,0,no_candidate,,0.0127971172332763,,
AUC,5,aligned,3,648,MCCE,bounded+edit,MCCE_bounded+edit,0,no_candidate,,0.0127971172332763,,
AUC,5,aligned,3,653,NICE,native,NICE_native,0,immutable_changed:Test_3,15.05,0.0041139125823974,0.8699999999999999,1.0
AUC,5,aligned,3,653,NICE,bounded,NICE_bounded,0,below_policy_threshold;classifier_target_not_met,14.65,0.0041139125823974,0.8699999999999999,1.0
AUC,5,aligned,3,653,NICE,bounded+edit,NICE_bounded+edit,0,below_policy_threshold;classifier_target_not_met,14.65,0.0041139125823974,0.8699999999999999,1.0
AUC,5,aligned,3,653,MCCE,native,MCCE_native,0,no_candidate,,0.0121827125549316,,
AUC,5,aligned,3,653,MCCE,bounded,MCCE_bounded,0,no_candidate,,0.0121827125549316,,
AUC,5,aligned,3,653,MCCE,bounded+edit,MCCE_bounded+edit,0,no_candidate,,0.0121827125549316,,
AUC,5,aligned,3,657,NICE,native,NICE_native,0,below_policy_threshold;immutable_changed:Test_1;immutable_changed:Test_2,11.025,0.006455659866333,0.85,1.0
AUC,5,aligned,3,657,NICE,bounded,NICE_bounded,0,below_policy_threshold;classifier_target_not_met,4.25,0.006455659866333,0.85,1.0
AUC,5,aligned,3,657,NICE,bounded+edit,NICE_bounded+edit,0,below_policy_threshold;classifier_target_not_met,4.25,0.006455659866333,0.85,1.0
AUC,5,aligned,3,657,MCCE,native,MCCE_native,0,no_candidate,,0.0120851993560791,,
AUC,5,aligned,3,657,MCCE,bounded,MCCE_bounded,0,no_candidate,,0.0120851993560791,,
AUC,5,aligned,3,657,MCCE,bounded+edit,MCCE_bounded+edit,0,no_candidate,,0.0120851993560791,,
AUC,5,aligned,3,659,NICE,native,NICE_native,0,below_policy_threshold;immutable_changed:Test_1;immutable_changed:Test_2,11.025,0.0053133964538574,0.85,1.0
AUC,5,aligned,3,659,NICE,bounded,NICE_bounded,0,below_policy_threshold;classifier_target_not_met,6.325,0.0053133964538574,0.85,1.0
AUC,5,aligned,3,659,NICE,bounded+edit,NICE_bounded+edit,0,below_policy_threshold;classifier_target_not_met,6.325,0.0053133964538574,0.85,1.0
AUC,5,aligned,3,659,MCCE,native,MCCE_native,0,no_candidate,,0.0123484134674072,,
AUC,5,aligned,3,659,MCCE,bounded,MCCE_bounded,0,no_candidate,,0.0123484134674072,,
AUC,5,aligned,3,659,MCCE,bounded+edit,MCCE_bounded+edit,0,no_candidate,,0.0123484134674072,,
AUC,5,aligned,3,662,NICE,native,NICE_native,0,immutable_changed:Test_1;immutable_changed:Test_2;immutable_changed:Test_3,15.05,0.0065572261810302,0.7,1.0
AUC,5,aligned,3,662,NICE,bounded,NICE_bounded,0,below_policy_threshold;classifier_target_not_met,14.275,0.0065572261810302,0.7,1.0
AUC,5,aligned,3,662,NICE,bounded+edit,NICE_bounded+edit,0,below_policy_threshold;classifier_target_not_met,14.275,0.0065572261810302,0.7,1.0
AUC,5,aligned,3,662,MCCE,native,MCCE_native,0,out_of_bounds:sum_click,15.025,0.0173523426055908,0.8754388196387688,2.0
AUC,5,aligned,3,662,MCCE,bounded,MCCE_bounded,1,OK,15.025,0.0173523426055908,0.9008776392775376,2.0
AUC,5,aligned,3,662,MCCE,bounded+edit,MCCE_bounded+edit,1,OK,15.025,0.0173523426055908,0.9008776392775376,2.0
AUC,5,aligned,3,665,NICE,native,NICE_native,0,immutable_changed:Test_3,15.175,0.004007339477539,0.8,1.0
AUC,5,aligned,3,665,NICE,bounded,NICE_bounded,0,below_policy_threshold;classifier_target_not_met,10.875,0.004007339477539,0.8,1.0
AUC,5,aligned,3,665,NICE,bounded+edit,NICE_bounded+edit,0,below_policy_threshold;classifier_target_not_met,10.875,0.004007339477539,0.8,1.0
AUC,5,aligned,3,665,MCCE,native,MCCE_native,0,no_candidate,,0.0115454196929931,,
AUC,5,aligned,3,665,MCCE,bounded,MCCE_bounded,0,no_candidate,,0.0115454196929931,,
AUC,5,aligned,3,665,MCCE,bounded+edit,MCCE_bounded+edit,0,no_candidate,,0.0115454196929931,,
AUC,5,aligned,3,668,NICE,native,NICE_native,0,below_policy_threshold;immutable_changed:Test_2,10.725,0.0038866996765136,0.85,1.0
AUC,5,aligned,3,668,NICE,bounded,NICE_bounded,0,below_policy_threshold;classifier_target_not_met,6.125,0.0038866996765136,0.85,1.0
AUC,5,aligned,3,668,NICE,bounded+edit,NICE_bounded+edit,0,below_policy_threshold;classifier_target_not_met,6.125,0.0038866996765136,0.85,1.0
AUC,5,aligned,3,668,MCCE,native,MCCE_native,0,no_candidate,,0.0118939876556396,,
AUC,5,aligned,3,668,MCCE,bounded,MCCE_bounded,0,no_candidate,,0.0118939876556396,,
AUC,5,aligned,3,668,MCCE,bounded+edit,MCCE_bounded+edit,0,no_candidate,,0.0118939876556396,,
