dataset,stage,sampler,model,fold,roc_auc,bal_acc,f1_macro,f1_fail,recall_fail,precision_fail,n_test
OULAD,1,none,NB,0,0.5475525413525962,0.5,0.41912384161752314,0.0,0.0,0.0,2758
OULAD,1,none,NB,1,0.556876788763874,0.5,0.4191440016866962,0.0,0.0,0.0,2755
OULAD,1,none,NB,2,0.557826423993767,0.5,0.4191440016866962,0.0,0.0,0.0,2755
OULAD,1,none,NB,3,0.5356994519133167,0.5,0.41910989242775787,0.0,0.0,0.0,2754
OULAD,1,none,NB,4,0.5499511492235384,0.5,0.41910989242775787,0.0,0.0,0.0,2754
OULAD,1,none,DT,0,0.6720637693676718,0.5669794283919598,0.5586409593906748,0.2768304914744233,0.1796875,0.6026200873362445,2758
OULAD,1,none,DT,1,0.6610543312023379,0.5619971458477069,0.5529162223393149,0.26957383548067393,0.1773142112125163,0.5619834710743802,2755
OULAD,1,none,DT,2,0.6584680835993798,0.5624742588516759,0.5498801554601829,0.2572614107883817,0.16166883963494133,0.6294416243654822,2755
OULAD,1,none,DT,3,0.6285733407960084,0.556826018402537,0.5443679826149945,0.25252525252525254,0.16297262059973924,0.5605381165919282,2754
OULAD,1,none,DT,4,0.6494784548063061,0.5528116590957258,0.5387141270466841,0.242914979757085,0.15645371577574968,0.5429864253393665,2754
OULAD,1,none,XT,0,0.6733979140494137,0.5656773450586264,0.5567232312858252,0.2733668341708543,0.17708333333333334,0.5991189427312775,2758
OULAD,1,none,XT,1,0.661503571625319,0.5615967644196338,0.552227236349771,0.26812313803376364,0.1760104302477184,0.5625,2755
OULAD,1,none,XT,2,0.6586904084218479,0.5629772769603278,0.55040208668177,0.2577962577962578,0.16166883963494133,0.6358974358974359,2755
OULAD,1,none,XT,3,0.6282675723362219,0.5570776540341423,0.5446244158189744,0.2527805864509606,0.16297262059973924,0.5630630630630631,2754
OULAD,1,none,XT,4,0.6491943394777921,0.5528116590957258,0.5387141270466841,0.242914979757085,0.15645371577574968,0.5429864253393665,2754
OULAD,1,none,RF,0,0.674775570561139,0.5668308992881073,0.5582161700855286,0.27565392354124746,0.17838541666666666,0.6061946902654868,2758
OULAD,1,none,RF,1,0.6638970065503845,0.5627054373175165,0.5531099709774061,0.2682682682682683,0.17470664928292046,0.5775862068965517,2755
OULAD,1,none,RF,2,0.6588976492593107,0.5616734959955298,0.5484020146520147,0.25416666666666665,0.1590612777053455,0.6321243523316062,2755
OULAD,1,none,RF,3,0.6272236289466933,0.5514166725173865,0.5352733686067019,0.2345679012345679,0.14863102998696218,0.5560975609756098,2754
OULAD,1,none,RF,4,0.6529567350752512,0.5483514421313506,0.5315424031018434,0.2292732855680655,0.14602346805736635,0.5333333333333333,2754
OULAD,1,none,MLP,0,0.6821009343592965,0.5356253925879397,0.49967119435814866,0.15789473684210525,0.08984375,0.6509433962264151,2758
OULAD,1,none,MLP,1,0.6638019118623082,0.5407306944666697,0.5108612568889714,0.18080357142857142,0.10560625814863103,0.627906976744186,2755
OULAD,1,none,MLP,2,0.6710625552532928,0.5570279565266435,0.5378423454661563,0.2301845819761129,0.13820078226857888,0.6883116883116883,2755
OULAD,1,none,MLP,3,0.6318806925589999,0.5332565850124898,0.49710572241920464,0.1547212741751991,0.08865710560625815,0.6071428571428571,2754
OULAD,1,none,MLP,4,0.6634302890561794,0.5400609174759798,0.5122509227730986,0.18619934282584885,0.11082138200782268,0.5821917808219178,2754
OULAD,1,none,KNN,0,0.5994788395100503,0.548812421482412,0.5488650905906918,0.30612244897959184,0.25390625,0.38537549407114624,2758
OULAD,1,none,KNN,1,0.5884521601578179,0.5658891418917678,0.5675031839643511,0.3276283618581907,0.2620599739243807,0.4369565217391304,2755
OULAD,1,none,KNN,2,0.5935430050970752,0.5651198586565023,0.567711991859941,0.3464684014869889,0.30378096479791394,0.4031141868512111,2755
OULAD,1,none,KNN,3,0.564550937022852,0.5430198506721329,0.5325578163102854,0.2467289719626168,0.17209908735332463,0.43564356435643564,2754
OULAD,1,none,KNN,4,0.5744880838881675,0.5401117695266954,0.5372420682765511,0.2791461412151067,0.22164276401564537,0.376940133037694,2754
OULAD,1,none,Ridge,0,0.6159662243509212,0.5087605998743718,0.43902165744199667,0.03811944091486658,0.01953125,0.7894736842105263,2758
OULAD,1,none,Ridge,1,0.6136509408471691,0.5074685400538826,0.4363869648578856,0.03316326530612245,0.01694915254237288,0.7647058823529411,2755
OULAD,1,none,Ridge,2,0.6345848887326566,0.5094242115010795,0.4404023566310582,0.04066073697585769,0.020860495436766623,0.8,2755
OULAD,1,none,Ridge,3,0.6051462931479651,0.5051121074467743,0.4310922880182937,0.023106546854942234,0.011734028683181226,0.75,2754
OULAD,1,none,Ridge,4,0.6238267119588932,0.5077196693763701,0.43649698960043787,0.033205619412515965,0.01694915254237288,0.8125,2754
OULAD,1,none,LR,0,0.6188569802135677,0.5178182579564489,0.45990206427398544,0.07881773399014778,0.041666666666666664,0.7272727272727273,2758
OULAD,1,none,LR,1,0.6142516769456373,0.5149370801077652,0.4529308633903946,0.06491885143570537,0.03389830508474576,0.7647058823529411,2755
OULAD,1,none,LR,2,0.6374265803425506,0.5176472787179399,0.45731325967832204,0.07240948813982521,0.03780964797913951,0.8529411764705882,2755
OULAD,1,none,LR,3,0.607873931532799,0.5162398484543274,0.4554856059172365,0.06973848069738481,0.03650586701434159,0.7777777777777778,2754
OULAD,1,none,LR,4,0.6267525093026445,0.5136778893315022,0.45207941713203714,0.06451612903225806,0.03389830508474576,0.6666666666666666,2754
OULAD,1,none,SVC,0,0.6055587180695142,0.51466577680067,0.4527053361056657,0.0647571606475716,0.033854166666666664,0.7428571428571429,2758
OULAD,1,none,SVC,1,0.6021103806673155,0.5150397167883441,0.4521187425474428,0.06273525721455459,0.03259452411994785,0.8333333333333334,2755
OULAD,1,none,SVC,2,0.6008787405003686,0.5155889705901642,0.4542265830750227,0.06733167082294264,0.035202086049543675,0.7714285714285715,2755
OULAD,1,none,SVC,3,0.6036181070045255,0.5120768699283281,0.4475264594607538,0.05513784461152882,0.028683181225554105,0.7096774193548387,2754
OULAD,1,none,SVC,4,0.6159206944224814,0.5153363223403229,0.4540277360535611,0.06724782067247821,0.035202086049543675,0.75,2754
OULAD,1,none,ABC,0,0.6619893085217756,0.5040547791038525,0.42850679335169733,0.018018018018018018,0.009114583333333334,0.7777777777777778,2758
OULAD,1,none,ABC,1,0.6497334725432123,0.5032594524119948,0.42606300728100666,0.012953367875647668,0.00651890482398957,1.0,2755
OULAD,1,none,ABC,2,0.6572390667341729,0.5032594524119948,0.42606300728100666,0.012953367875647668,0.00651890482398957,1.0,2755
OULAD,1,none,ABC,3,0.6139328713561225,0.500651890482399,0.4205003955696202,0.0026041666666666665,0.001303780964797914,1.0,2754
OULAD,1,none,ABC,4,0.6479489563518804,0.5,0.41910989242775787,0.0,0.0,0.0,2754
OULAD,1,none,GBC,0,0.6801193467336684,0.5660993770938023,0.554546980996515,0.2643080124869927,0.16536458333333334,0.6580310880829016,2758
OULAD,1,none,GBC,1,0.6675260165950068,0.561021605513131,0.5473992011289501,0.2523461939520334,0.1577574967405476,0.6302083333333334,2755
OULAD,1,none,GBC,2,0.6682566061296069,0.5587219536252718,0.5426118163848217,0.2417815482502651,0.14863102998696218,0.6477272727272727,2755
OULAD,1,none,GBC,3,0.6340696272839953,0.5519891681851198,0.5328344285705311,0.2252922422954304,0.13820078226857888,0.6091954022988506,2754
OULAD,1,none,GBC,4,0.658311620054474,0.558896517061027,0.5455246449436116,0.2512873326467559,0.1590612777053455,0.5980392156862745,2754
OULAD,1,none,XGB,0,0.6766367645519265,0.5663283867252932,0.5576829441660447,0.2751004016064257,0.17838541666666666,0.6008771929824561,2758
OULAD,1,none,XGB,1,0.6639334048620276,0.5611039116052245,0.5502998998063787,0.2623612512613522,0.1694915254237288,0.5803571428571429,2755
OULAD,1,none,XGB,2,0.6607670796618039,0.5623253864779288,0.5494029745248239,0.2559833506763788,0.16036505867014342,0.634020618556701,2755
OULAD,1,none,XGB,3,0.6280028135947544,0.5520685629997855,0.5362727490082276,0.23638232271325796,0.14993481095176012,0.558252427184466,2754
OULAD,1,none,XGB,4,0.6521896893038125,0.5520111493941389,0.5372484958271333,0.23983739837398374,0.15384615384615385,0.543778801843318,2754
OULAD,1,none,CB,0,0.6799734348827471,0.568452287479062,0.5582481286829113,0.2712215320910973,0.17057291666666666,0.6616161616161617,2758
OULAD,1,none,CB,1,0.6654657409909259,0.5600155692958271,0.5463659697343609,0.2512980269989616,0.1577574967405476,0.6173469387755102,2755
OULAD,1,none,CB,2,0.6650469964506729,0.5584140435835351,0.5433692909810863,0.2450261780104712,0.15254237288135594,0.6223404255319149,2755
OULAD,1,none,CB,3,0.6311284102861558,0.5541272508593996,0.5390211640211641,0.24074074074074073,0.15254237288135594,0.5707317073170731,2754
OULAD,1,none,CB,4,0.6606048835028729,0.5496670338950242,0.5317212959248382,0.22684703433922998,0.1421121251629726,0.5618556701030928,2754
OULAD,1,smote,NB,0,0.5580555773659966,0.5350764237855946,0.40601115281422184,0.4361628709454796,0.8229166666666666,0.29671361502347415,2758
OULAD,1,smote,NB,1,0.5568728538112641,0.5389661961337779,0.3979477179029946,0.4414353419092756,0.8500651890482399,0.2981252857796068,2755
OULAD,1,smote,NB,2,0.5583576425961243,0.5281919679747323,0.3947917803236952,0.4321367521367521,0.8239895697522817,0.2928637627432808,2755
OULAD,1,smote,NB,3,0.5356994519133167,0.5239726409405595,0.38824700342947727,0.4297857871472288,0.8239895697522817,0.2907083716651334,2754
OULAD,1,smote,NB,4,0.5499511492235384,0.5319219647395161,0.3999607103099718,0.43460350154479915,0.8252933507170795,0.29496738117427773,2754
OULAD,1,smote,DT,0,0.6643454904731994,0.6145879135259631,0.5915533447744161,0.46596858638743455,0.5794270833333334,0.38966725043782835,2758
OULAD,1,smote,DT,1,0.6552014171076,0.6143992376685143,0.5927957744285913,0.4647961884595024,0.5723598435462842,0.39126559714795006,2755
OULAD,1,smote,DT,2,0.6540248662771938,0.6007705293035921,0.5892545454545455,0.4409090909090909,0.5058670143415906,0.3907351460221551,2755
OULAD,1,smote,DT,3,0.624204001367428,0.5880987172816265,0.5680775033795162,0.4352385946512847,0.5410691003911343,0.36403508771929827,2754
OULAD,1,smote,DT,4,0.6448161419500548,0.5913630908598195,0.5852018799817765,0.42268656716417913,0.46153846153846156,0.3898678414096916,2754
OULAD,1,smote,XT,0,0.663872749162479,0.6139368718592965,0.5910521462908322,0.465165007857517,0.578125,0.38913234005258546,2758
OULAD,1,smote,XT,1,0.6552994630101338,0.6139988562404414,0.5925892120953087,0.4642289348171701,0.5710560625814863,0.39107142857142857,2755
OULAD,1,smote,XT,2,0.6540720857085145,0.6005190202492661,0.588960993421831,0.4406587166382737,0.5058670143415906,0.3903420523138833,2755
OULAD,1,smote,XT,3,0.6245891646418802,0.5880987172816265,0.5680775033795162,0.4352385946512847,0.5410691003911343,0.36403508771929827,2754
OULAD,1,smote,XT,4,0.6447085324491857,0.5913630908598195,0.5852018799817765,0.42268656716417913,0.46153846153846156,0.3898678414096916,2754
OULAD,1,smote,RF,0,0.6671789939279733,0.6139702418341708,0.5951018641158978,0.462533692722372,0.55859375,0.39466421343146274,2758
OULAD,1,smote,RF,1,0.6586838501674979,0.6151537648314922,0.5936949147781141,0.46553552492046657,0.5723598435462842,0.3923145665773012,2755
OULAD,1,smote,RF,2,0.6542747357679322,0.5994769136330369,0.5892572944297082,0.4379310344827586,0.49674054758800523,0.39157245632065774,2755
OULAD,1,smote,RF,3,0.6240708018023279,0.5896659446769057,0.5706704572376214,0.43597883597883597,0.5371577574967406,0.3668744434550312,2754
OULAD,1,smote,RF,4,0.6454171803817381,0.5887555289302238,0.5829242717955989,0.4189108318372232,0.45632333767926986,0.38716814159292035,2754
OULAD,1,smote,MLP,0,0.6798023319723618,0.6255195247068677,0.5950966145838906,0.48161209068010075,0.6223958333333334,0.39276910435497125,2758
OULAD,1,smote,MLP,1,0.665108316128846,0.6209588036694744,0.6032607992966397,0.4696223316912972,0.559322033898305,0.4047169811320755,2755
OULAD,1,smote,MLP,2,0.6709779537721767,0.615275748362404,0.6081961077844311,0.4538922155688623,0.4941329856584094,0.41971207087486156,2755
OULAD,1,smote,MLP,3,0.6386696053684018,0.6020669554188274,0.5920826343323793,0.4408540103866128,0.4980443285528031,0.39544513457556935,2754
OULAD,1,smote,MLP,4,0.6648239633235327,0.6108945433453038,0.5946234893089557,0.45714285714285713,0.5423728813559322,0.3950617283950617,2754
OULAD,1,smote,KNN,0,0.6057733328098827,0.5656825795644891,0.5682460040397224,0.34172387490465295,0.2916666666666667,0.4125230202578269,2758
OULAD,1,smote,KNN,1,0.610449201073455,0.5691485943037626,0.5713686150221915,0.3344155844155844,0.2685788787483703,0.443010752688172,2755
OULAD,1,smote,KNN,2,0.6086178085461925,0.5769657055763525,0.5792875240150733,0.336480686695279,0.25554106910039115,0.49246231155778897,2755
OULAD,1,smote,KNN,3,0.5745553398262105,0.5523270882640685,0.5506010156087263,0.2955499580184719,0.22946544980443284,0.41509433962264153,2754
OULAD,1,smote,KNN,4,0.5847815231862387,0.5422160601930803,0.5399159663865546,0.28431372549019607,0.22685788787483702,0.38074398249452956,2754
OULAD,1,smote,Ridge,0,0.6200687683207704,0.5778213986599665,0.5618558487130922,0.42015005359056806,0.5104166666666666,0.3570127504553734,2758
OULAD,1,smote,Ridge,1,0.614510727992466,0.5749113324011867,0.5588308750073456,0.41711229946524064,0.5084745762711864,0.3535811423390752,2755
OULAD,1,smote,Ridge,2,0.633448343253786,0.583083573146834,0.5587304070564396,0.4336372847011145,0.5580182529335072,0.35459817729908866,2755
OULAD,1,smote,Ridge,3,0.6036673186665084,0.573495320627101,0.5603581059216913,0.41205479452054794,0.49022164276401564,0.3553875236294896,2754
OULAD,1,smote,Ridge,4,0.6257302190443883,0.5821067053185995,0.5660013406076605,0.4249596557288865,0.5149934810951761,0.3617216117216117,2754
OULAD,1,smote,LR,0,0.6231401146356783,0.5826175146566164,0.5696376395263314,0.4218663721700718,0.4973958333333333,0.36625119846596355,2758
OULAD,1,smote,LR,1,0.6157758152565982,0.5771591740796802,0.5651737047020066,0.41444444444444445,0.4863102998696219,0.3610842207163601,2755
OULAD,1,smote,LR,2,0.6375747968908628,0.5858806686271475,0.5659687395489496,0.4326872708224201,0.5384615384615384,0.361646234676007,2755
OULAD,1,smote,LR,3,0.607017648614298,0.5755084056799444,0.5626646618595232,0.41386901485965877,0.49022164276401564,0.3580952380952381,2754
OULAD,1,smote,LR,4,0.6286855433853292,0.5827028225840847,0.5707131564278025,0.42075892857142855,0.4915254237288136,0.3678048780487805,2754
OULAD,1,smote,SVC,0,0.6747006516959799,0.6236789415829146,0.6018761421497975,0.47527910685805425,0.58203125,0.40161725067385445,2758
OULAD,1,smote,SVC,1,0.6627912848669593,0.6206000671565246,0.595190126334932,0.4738206324520477,0.5958279009126467,0.39328743545611017,2755
OULAD,1,smote,SVC,2,0.6608782420730379,0.6113506331338749,0.5849676799723742,0.46445012787723783,0.5919165580182529,0.38215488215488214,2755
OULAD,1,smote,SVC,3,0.621062656944192,0.5823668709716154,0.5562485562485562,0.4344344344344344,0.5658409387222947,0.35255889520714867,2754
OULAD,1,smote,SVC,4,0.6498189995072272,0.6007700640867071,0.5760695291218056,0.4523076923076923,0.5749674054758801,0.3727810650887574,2754
OULAD,1,smote,ABC,0,0.6581301690745394,0.6028050408291457,0.5600331412238959,0.4643188137164041,0.65234375,0.360431654676259,2758
OULAD,1,smote,ABC,1,0.6458214738233836,0.5926373101713278,0.5462429660051984,0.4563150746944319,0.6571056062581486,0.34951456310679613,2755
OULAD,1,smote,ABC,2,0.6589327359200837,0.6102104806151118,0.5925394274060056,0.45736013036393264,0.5488917861799217,0.3919925512104283,2755
OULAD,1,smote,ABC,3,0.6061246209881832,0.5715517880565264,0.515133715068661,0.4420692603676785,0.6740547588005215,0.3288804071246819,2754
OULAD,1,smote,ABC,4,0.6495348841787132,0.6103338584764464,0.5932128661611944,0.45717403164211673,0.546284224250326,0.39305816135084426,2754
OULAD,1,smote,GBC,0,0.6799165096314908,0.6265566111809044,0.6069569743233865,0.4772727272727273,0.57421875,0.4083333333333333,2758
OULAD,1,smote,GBC,1,0.6669351178780637,0.6190493679154457,0.6012432141389072,0.4675040961223375,0.5580182529335072,0.40225563909774437,2755
OULAD,1,smote,GBC,2,0.6698158311013407,0.6117297002353101,0.5955884051413814,0.45789763346175016,0.5423728813559322,0.3961904761904762,2755
OULAD,1,smote,GBC,3,0.6321096908260934,0.5913394692620678,0.5832967889534741,0.4254821741671537,0.4745762711864407,0.3855932203389831,2754
OULAD,1,smote,GBC,4,0.6570705019392675,0.6017037733533942,0.5989007999129347,0.4305381727158949,0.4485006518904824,0.4139590854392298,2754
OULAD,1,smote,XGB,0,0.6674649288107204,0.6117782925041876,0.588753954757516,0.46290491118077326,0.5768229166666666,0.3865619546247818,2758
OULAD,1,smote,XGB,1,0.6592298248421429,0.6133469657580424,0.5920825930113606,0.4634146341463415,0.5697522816166884,0.3905272564789991,2755
OULAD,1,smote,XGB,2,0.6580880327597922,0.5995129840319624,0.5877873046971033,0.4396600566572238,0.5058670143415906,0.38877755511022044,2755
OULAD,1,smote,XGB,3,0.6234182551644358,0.5882709580985663,0.5705289014166572,0.43329775880469584,0.529335071707953,0.36675700090334235,2754
OULAD,1,smote,XGB,4,0.6490906669098817,0.5913630908598195,0.5852018799817765,0.42268656716417913,0.46153846153846156,0.3898678414096916,2754
OULAD,1,smote,CB,0,0.6754819016959799,0.6272534547738693,0.6069837007725645,0.47844827586206895,0.578125,0.40808823529411764,2758
OULAD,1,smote,CB,1,0.6647659752517714,0.6174275116146685,0.5977426067180192,0.4669176976869285,0.5658409387222947,0.3974358974358974,2755
OULAD,1,smote,CB,2,0.6649200942289984,0.6122733795209326,0.6009667248005256,0.45438898450946646,0.516297262059974,0.4057377049180328,2755
OULAD,1,smote,CB,3,0.6291287764209212,0.5901928375378683,0.5737365956018923,0.43412526997840173,0.5241199478487614,0.3705069124423963,2754
OULAD,1,smote,CB,4,0.6599405260661051,0.6074543200949588,0.5985942314803402,0.446135831381733,0.49674054758800523,0.40488841657810837,2754
OULAD,1,nearmiss,NB,0,0.5301654758165829,0.514971341080402,0.27393605911842767,0.4405780005897965,0.97265625,0.28478841021730844,2758
OULAD,1,nearmiss,NB,1,0.5367232731460471,0.5127187505738472,0.2693390744077567,0.43934040047114253,0.9726205997392438,0.2837580829212628,2755
OULAD,1,nearmiss,NB,2,0.5293399903987157,0.5204489649762984,0.27650457328789935,0.44431349440188567,0.9830508474576272,0.28701941377997714,2755
OULAD,1,nearmiss,NB,3,0.5335249526091694,0.515739857968582,0.2701766852402634,0.44163481329020876,0.9791395045632334,0.2851176917236143,2754
OULAD,1,nearmiss,NB,4,0.5315007129129433,0.5144934906094306,0.2730190906863291,0.44037780401416765,0.9726205997392438,0.2846241892407478,2754
OULAD,1,nearmiss,DT,0,0.5081772796273032,0.5090439175041875,0.2628847148842887,0.4374083846379361,0.9713541666666666,0.28225501324252744,2758
OULAD,1,nearmiss,DT,1,0.5182952342477289,0.5126521842921938,0.2604337551856325,0.4402919708029197,0.9830508474576272,0.2836719337848006,2755
OULAD,1,nearmiss,DT,2,0.5198665919900105,0.5197406735064888,0.27289887434814974,0.44418331374853115,0.9856584093872229,0.28668941979522183,2755
OULAD,1,nearmiss,DT,3,0.5128901746620307,0.510261287678909,0.2621651915556232,0.4384525205158265,0.9752281616688396,0.2827977315689981,2754
OULAD,1,nearmiss,DT,4,0.5173628585807751,0.5152940003110177,0.27250374505118236,0.4410377358490566,0.9752281616688396,0.28495238095238096,2754
OULAD,1,nearmiss,XT,0,0.5080254789572863,0.508895388400335,0.2636697000472156,0.43720657276995306,0.9700520833333334,0.2821969696969697,2758
OULAD,1,nearmiss,XT,1,0.5187202091296147,0.5123544395446997,0.2620324797608212,0.4398947060544019,0.9804432855280313,0.28355957767722473,2755
OULAD,1,nearmiss,XT,2,0.5198888900548008,0.5198433101870676,0.2741915249512127,0.4441176470588235,0.984354628422425,0.28674515761488795,2755
OULAD,1,nearmiss,XT,3,0.5136667346881194,0.5106159397229318,0.2639950757930833,0.43850895215732316,0.9739243807040417,0.28295454545454546,2754
OULAD,1,nearmiss,XT,4,0.5148822627390948,0.5157972715742286,0.2735290430945875,0.44129793510324483,0.9752281616688396,0.28516965306900494,2754
OULAD,1,nearmiss,RF,0,0.5070090033500838,0.5117619346733668,0.2706174178391438,0.4385499557913351,0.96875,0.2834285714285714,2758
OULAD,1,nearmiss,RF,1,0.5200272692215877,0.5123646048389424,0.26753127723430575,0.4392825639517789,0.9739243807040417,0.2835990888382688,2755
OULAD,1,nearmiss,RF,2,0.5130269885283014,0.5238212193631148,0.284394821647945,0.44595795084394435,0.9817470664928292,0.2885057471264368,2755
OULAD,1,nearmiss,RF,3,0.5094141909373116,0.5113826574166239,0.2709755143009999,0.43827525103366805,0.9674054758800521,0.2833142420771287,2754
OULAD,1,nearmiss,RF,4,0.5176958574935254,0.5126408355746511,0.273528458418383,0.4389233954451346,0.9674054758800521,0.28385615914307577,2754
OULAD,1,nearmiss,MLP,0,0.5188396409128978,0.5185694095477387,0.2715998008008896,0.44353182751540043,0.984375,0.2862552063612268,2758
OULAD,1,nearmiss,MLP,1,0.5193681646594036,0.515726693931516,0.27008836190788543,0.44150499706055263,0.9791395045632334,0.2850094876660342,2755
OULAD,1,nearmiss,MLP,2,0.5153984533012942,0.5187244719949422,0.26531110745086967,0.44424985405720957,0.9921773142112125,0.2861978187288454,2755
OULAD,1,nearmiss,MLP,3,0.5261287678908998,0.5168950197141918,0.27146110056926,0.4423529411764706,0.9804432855280313,0.2856057728826434,2754
OULAD,1,nearmiss,MLP,4,0.5351217070016383,0.5179015622406136,0.2735203180212014,0.44287396937573614,0.9804432855280313,0.28604031951312286,2754
OULAD,1,nearmiss,KNN,0,0.5142149549832495,0.5131209432579564,0.27444069653462494,0.4391252955082742,0.9674479166666666,0.2840214067278288,2758
OULAD,1,nearmiss,KNN,1,0.5218360357713425,0.5182519497690182,0.2805594777423301,0.44220509780675754,0.9726205997392438,0.28615266589950134,2755
OULAD,1,nearmiss,KNN,2,0.5097009698346533,0.5225174383983169,0.28387683233584876,0.44503703703703706,0.9791395045632334,0.2879601226993865,2755
OULAD,1,nearmiss,KNN,3,0.5063630678943772,0.5087058710825056,0.26114577553308344,0.4374083846379361,0.9726205997392438,0.2821482602118003,2754
OULAD,1,nearmiss,KNN,4,0.5195035658770272,0.524558915873648,0.2931899641577061,0.44563918757467147,0.9726205997392438,0.28903525765207283,2754
OULAD,1,nearmiss,Ridge,0,0.5755964065117254,0.514971341080402,0.27393605911842767,0.4405780005897965,0.97265625,0.28478841021730844,2758
OULAD,1,nearmiss,Ridge,1,0.5821909947297867,0.5129702596281732,0.26985310758067943,0.4394698085419735,0.9726205997392438,0.2838660578386606,2755
OULAD,1,nearmiss,Ridge,2,0.5886738291548508,0.5197305082122461,0.2674037275147737,0.44476914085330216,0.9921773142112125,0.2866290018832392,2755
OULAD,1,nearmiss,Ridge,3,0.575329275230327,0.515739857968582,0.2701766852402634,0.44163481329020876,0.9791395045632334,0.2851176917236143,2754
OULAD,1,nearmiss,Ridge,4,0.5792927824864225,0.5147451262410361,0.2735306682635871,0.4405078240330676,0.9726205997392438,0.28473282442748094,2754
OULAD,1,nearmiss,LR,0,0.5754668524916249,0.5153711264656616,0.2736804418062235,0.44090775125257886,0.9739583333333334,0.28495238095238096,2758
OULAD,1,nearmiss,LR,1,0.5821562359817313,0.5145255496472971,0.2708740763522782,0.44051825677267376,0.9752281616688396,0.28451882845188287,2755
OULAD,1,nearmiss,LR,2,0.5886823548855059,0.5207365444295499,0.269489945816043,0.4452896430661205,0.9921773142112125,0.2870614862316107,2755
OULAD,1,nearmiss,LR,3,0.5753299313858201,0.5163917484509809,0.27042915931804823,0.442092886537331,0.9804432855280313,0.2853889943074004,2754
OULAD,1,nearmiss,LR,4,0.5792927824864226,0.5153970167234351,0.27378594818560514,0.4409681227863046,0.9739243807040417,0.2850057230064861,2754
OULAD,1,nearmiss,SVC,0,0.4615123141750419,0.5156223827470687,0.2741911843087091,0.4410377358490566,0.9739583333333334,0.2850609756097561,2758
OULAD,1,nearmiss,SVC,1,0.43966307624101847,0.5129702596281732,0.26985310758067943,0.4394698085419735,0.9726205997392438,0.2838660578386606,2755
OULAD,1,nearmiss,SVC,2,0.46639058601937566,0.5213986002061914,0.2752131725962952,0.4451631872978536,0.9869621903520208,0.2873955960516325,2755
OULAD,1,nearmiss,SVC,3,0.47477410206761156,0.5163917484509809,0.27042915931804823,0.442092886537331,0.9804432855280313,0.2853889943074004,2754
OULAD,1,nearmiss,SVC,4,0.4921487714472625,0.5151453810918296,0.2732741229954336,0.4408380053113013,0.9739243807040417,0.28489702517162474,2754
OULAD,1,nearmiss,ABC,0,0.5214048759422111,0.514971341080402,0.27393605911842767,0.4405780005897965,0.97265625,0.28478841021730844,2758
OULAD,1,nearmiss,ABC,1,0.5277663372674115,0.5072780227650125,0.253661401158995,0.4370629370629371,0.9778357235984355,0.28142589118198874,2755
OULAD,1,nearmiss,ABC,2,0.5301463277710593,0.5,0.2177739920499716,0.4355479840999432,1.0,0.27840290381125227,2755
OULAD,1,nearmiss,ABC,3,0.5197338764551068,0.5064749424059516,0.24863096917350203,0.43715529753265603,0.9817470664928292,0.2811799850634802,2754
OULAD,1,nearmiss,ABC,4,0.5412314988756776,0.5151453810918296,0.2732741229954336,0.4408380053113013,0.9739243807040417,0.28489702517162474,2754
OULAD,1,nearmiss,GBC,0,0.5004246492881073,0.514971341080402,0.27393605911842767,0.4405780005897965,0.97265625,0.28478841021730844,2758
OULAD,1,nearmiss,GBC,1,0.5108181684631912,0.510948021899323,0.2602157792890447,0.4390529085062847,0.9791395045632334,0.2829691032403919,2755
OULAD,1,nearmiss,GBC,2,0.5153843530544413,0.519684272519078,0.2695101283471418,0.4445095168374817,0.9895697522816167,0.286631419939577,2755
OULAD,1,nearmiss,GBC,3,0.5082262214170465,0.5128114360028582,0.2597134410615758,0.44061861686606363,0.984354628422425,0.28383458646616544,2754
OULAD,1,nearmiss,GBC,4,0.5183746503511416,0.5134869480830089,0.27096894282555195,0.43985849056603776,0.9726205997392438,0.2841904761904762,2754
OULAD,1,nearmiss,XGB,0,0.5041192289572864,0.5150740682579564,0.27520929012832335,0.4405078240330676,0.9713541666666666,0.28484154257350136,2758
OULAD,1,nearmiss,XGB,1,0.5155027295454605,0.516229712040168,0.27111931976582104,0.44176470588235295,0.9791395045632334,0.2852259779718952,2755
OULAD,1,nearmiss,XGB,2,0.5105742014013677,0.5271370727625204,0.2889527858342386,0.44793829724117473,0.984354628422425,0.28993855606758834,2755
OULAD,1,nearmiss,XGB,3,0.5066278266358449,0.5075051065301251,0.2619555449420903,0.436417033773862,0.9687092568448501,0.2816527672479151,2754
OULAD,1,nearmiss,XGB,4,0.51825490197365,0.517009846925485,0.2781177294673905,0.4416814683244523,0.9726205997392438,0.2857142857142857,2754
OULAD,1,nearmiss,CB,0,0.5001518006700167,0.519094168760469,0.28330397971454035,0.44259863541975675,0.9713541666666666,0.28659239339223974,2758
OULAD,1,nearmiss,CB,1,0.5122268814975904,0.5121130957846165,0.26701504974749757,0.43915343915343913,0.9739243807040417,0.2834914611005693,2755
OULAD,1,nearmiss,CB,2,0.509823609191,0.5226561454778212,0.2777815851026251,0.4458186101295642,0.9869621903520208,0.28794218333967286,2755
OULAD,1,nearmiss,CB,3,0.5077596948614495,0.5083056162317121,0.2614167217875056,0.43707832208858904,0.9713168187744459,0.2819833459500378,2754
OULAD,1,nearmiss,CB,4,0.5180091717414826,0.5164609728555034,0.2791231650154728,0.4411503112955826,0.970013037809648,0.2854950115118956,2754
OULAD,2,none,NB,0,0.6058417085427136,0.5,0.41912384161752314,0.0,0.0,0.0,2758
OULAD,2,none,NB,1,0.609647126566439,0.5,0.4191440016866962,0.0,0.0,0.0,2755
OULAD,2,none,NB,2,0.624023803839989,0.5,0.4191440016866962,0.0,0.0,0.0,2755
OULAD,2,none,NB,3,0.6178714447034801,0.5,0.41910989242775787,0.0,0.0,0.0,2754
OULAD,2,none,NB,4,0.6353530674285071,0.5,0.41910989242775787,0.0,0.0,0.0,2754
OULAD,2,none,DT,0,0.7008401381909548,0.6717441373534339,0.6802269038150712,0.5234708392603129,0.4791666666666667,0.5768025078369906,2758
OULAD,2,none,DT,1,0.6934770290583134,0.673189397139027,0.6813288197204241,0.52586817859674,0.48370273794002605,0.5760869565217391,2755
OULAD,2,none,DT,2,0.6848047214184718,0.6511998982158925,0.6575080543505529,0.49191848208011246,0.45632333767926986,0.5335365853658537,2755
OULAD,2,none,DT,3,0.6742988486439563,0.6490568749019867,0.6555686984890495,0.4883556810162315,0.4511082138200782,0.5323076923076923,2754
OULAD,2,none,DT,4,0.6876539094728512,0.6652747421472951,0.6730382231083143,0.5134751773049645,0.47196870925684486,0.5629860031104199,2754
OULAD,2,none,XT,0,0.7244912714614741,0.6718121859296482,0.6820709116375874,0.5228758169934641,0.46875,0.5911330049261084,2758
OULAD,2,none,XT,1,0.7170539534468874,0.6744672729991422,0.6852427800698191,0.527007299270073,0.4706649282920469,0.5986733001658375,2755
OULAD,2,none,XT,2,0.711532887022264,0.6539405927087951,0.6632201034780383,0.493791088385683,0.4406779661016949,0.5614617940199336,2755
OULAD,2,none,XT,3,0.6873005697398147,0.6492865293245732,0.6580150439773451,0.4865258557902403,0.43546284224250326,0.5511551155115512,2754
OULAD,2,none,XT,4,0.7086269355766852,0.6634457087102673,0.6735529780786882,0.5091441111923921,0.45371577574967403,0.58,2754
OULAD,2,none,RF,0,0.7520594509003351,0.6748717546063652,0.6903756341868151,0.525908739365816,0.4427083333333333,0.6476190476190476,2758
OULAD,2,none,RF,1,0.7449894936765311,0.672095480313432,0.6865564530950526,0.5214723926380368,0.44328552803129073,0.633147113594041,2755
OULAD,2,none,RF,2,0.725208814818507,0.6549308891156587,0.6674685447899437,0.49233128834355827,0.41851368970013036,0.5977653631284916,2755
OULAD,2,none,RF,3,0.7120097452213836,0.6490821368884713,0.6610438018104485,0.4823348694316436,0.409387222946545,0.5869158878504673,2754
OULAD,2,none,RF,4,0.7292853351215758,0.6583234308533499,0.6717169309044921,0.49768160741885625,0.4198174706649283,0.6110056925996205,2754
OULAD,2,none,MLP,0,0.7874607412060302,0.6597355265912898,0.680508442195268,0.49157054125998223,0.3606770833333333,0.7715877437325905,2758
OULAD,2,none,MLP,1,0.8071771568131082,0.6647184279077332,0.6866985936906119,0.5013333333333333,0.36766623207301175,0.7877094972067039,2755
OULAD,2,none,MLP,2,0.7756883543765855,0.6651188093358062,0.6871118771586842,0.5022182786157942,0.36897001303780963,0.7861111111111111,2755
OULAD,2,none,MLP,3,0.7602834329268012,0.6381637094832185,0.6540846485686791,0.447841726618705,0.3246414602346806,0.7217391304347827,2754
OULAD,2,none,MLP,4,0.7811311333314523,0.6568168978411828,0.6763230920671035,0.4868651488616462,0.3624511082138201,0.7413333333333333,2754
OULAD,2,none,KNN,0,0.7438478198283082,0.6782074434673366,0.6918701435863908,0.5323308270676692,0.4609375,0.6298932384341637,2758
OULAD,2,none,KNN,1,0.7393520182371937,0.6681638068305531,0.680524321172747,0.5157421289355323,0.4485006518904824,0.6067019400352733,2755
OULAD,2,none,KNN,2,0.7148592336286297,0.6558139580638984,0.666706038154551,0.4955223880597015,0.43285528031290743,0.5794066317626527,2755
OULAD,2,none,KNN,3,0.7090527804917098,0.647675339511256,0.6593931867400606,0.48006134969325154,0.40808344198174706,0.5828677839851024,2754
OULAD,2,none,KNN,4,0.7143899492726189,0.64881869045799,0.6599217469016152,0.4829674489023467,0.41590612777053454,0.575812274368231,2754
OULAD,2,none,Ridge,0,0.7394406930485762,0.624818100921273,0.6372769677828021,0.4075173095944609,0.2682291666666667,0.8477366255144033,2758
OULAD,2,none,Ridge,1,0.7516084118793596,0.6281968210829514,0.6418148371446906,0.4146825396825397,0.27249022164276404,0.8672199170124482,2755
OULAD,2,none,Ridge,2,0.7368720143547072,0.6205692433610791,0.6315336224217749,0.3976143141153082,0.2607561929595828,0.8368200836820083,2755
OULAD,2,none,Ridge,3,0.7226778493060172,0.6120441277692222,0.619515319739511,0.3752535496957404,0.24119947848761408,0.8447488584474886,2754
OULAD,2,none,Ridge,4,0.7349705943915764,0.6207247368652434,0.6314749504450838,0.3955600403632694,0.25554106910039115,0.875,2754
OULAD,2,none,LR,0,0.7389106993299832,0.6345614792713568,0.6501589379444364,0.4350282485875706,0.30078125,0.7857142857142857,2758
OULAD,2,none,LR,1,0.750764364544503,0.6389044829603435,0.6557197933677045,0.4446529080675422,0.3089960886571056,0.7926421404682275,2755
OULAD,2,none,LR,2,0.7373960188772795,0.6308765238103983,0.6454023222100286,0.4274952919020716,0.29595827900912647,0.7694915254237288,2755
OULAD,2,none,LR,3,0.7221135555819476,0.6253555542578257,0.6382269879848013,0.41412213740458015,0.28292046936114734,0.7722419928825622,2754
OULAD,2,none,LR,4,0.7344706039058312,0.6315316178366684,0.6462898022764527,0.4267942583732057,0.2907431551499348,0.802158273381295,2754
OULAD,2,none,SVC,0,0.7490767640284758,0.62407545540201,0.6360992643138927,0.4036144578313253,0.26171875,0.881578947368421,2758
OULAD,2,none,SVC,1,0.7797656211060364,0.631261165428031,0.6459136015516795,0.42073778664007977,0.27509778357235987,0.8940677966101694,2755
OULAD,2,none,SVC,2,0.7530899215370449,0.6221809343676137,0.6335608272700906,0.39959839357429716,0.25945241199478486,0.868995633187773,2755
OULAD,2,none,SVC,3,0.7393914420263656,0.6137599743836896,0.6214726631393298,0.3765432098765432,0.23859191655801826,0.8926829268292683,2754
OULAD,2,none,SVC,4,0.7519538670195908,0.6267859732327928,0.6399112476832387,0.41188118811881186,0.2711864406779661,0.8559670781893004,2754
OULAD,2,none,ABC,0,0.7664546691792296,0.6353832966917923,0.6514134589164131,0.4330097087378641,0.2903645833333333,0.851145038167939,2758
OULAD,2,none,ABC,1,0.7931359342495652,0.6426872840694755,0.6610415588678371,0.4491771539206196,0.30247718383311606,0.8721804511278195,2755
OULAD,2,none,ABC,2,0.7606397839448686,0.6324983801111755,0.647602601798027,0.4274661508704062,0.288135593220339,0.8277153558052435,2755
OULAD,2,none,ABC,3,0.7450750609076336,0.6225199782943762,0.6341744041347367,0.40237859266600595,0.2646675358539765,0.8388429752066116,2754
OULAD,2,none,ABC,4,0.7545948928793349,0.6358094235739609,0.6519707128960534,0.433852140077821,0.2907431551499348,0.8544061302681992,2754
OULAD,2,none,GBC,0,0.7920249031616415,0.6622938913316583,0.6837853035930744,0.49644128113879005,0.36328125,0.7837078651685393,2758
OULAD,2,none,GBC,1,0.8091770964771681,0.66612484555311,0.6885205438800504,0.5040071237756011,0.36897001303780963,0.7949438202247191,2755
OULAD,2,none,GBC,2,0.7776987872476057,0.6568291758372924,0.6763538198520685,0.4868651488616462,0.3624511082138201,0.7413333333333333,2755
OULAD,2,none,GBC,3,0.7619192285711098,0.6413775590884425,0.6581320747760038,0.4540540540540541,0.3285528031290743,0.7346938775510204,2754
OULAD,2,none,GBC,4,0.7804310154203102,0.6568287086400587,0.6769610294308648,0.48576512455516013,0.3559322033898305,0.7647058823529411,2754
OULAD,2,none,XGB,0,0.7798461709589615,0.6686001622696818,0.6870806672902132,0.5126945126945127,0.4075520833333333,0.6909492273730684,2758
OULAD,2,none,XGB,1,0.7825568141574348,0.6759651782927028,0.6964025905170554,0.5257048092868989,0.4132985658409387,0.7220956719817767,2755
OULAD,2,none,XGB,2,0.7622645914601035,0.6568911513409007,0.6738266384778012,0.4909090909090909,0.38722294654498046,0.6704288939051919,2755
OULAD,2,none,XGB,3,0.748130448961273,0.6534645994269138,0.6701039373145702,0.4841930116472546,0.379400260756193,0.6689655172413793,2754
OULAD,2,none,XGB,4,0.7618824838634961,0.6612872852157012,0.6787916782085113,0.49917627677100496,0.39504563233376794,0.6778523489932886,2754
OULAD,2,none,CB,0,0.7908792006909549,0.6713862280150753,0.6926843469397204,0.5161839863713799,0.39453125,0.7463054187192119,2758
OULAD,2,none,CB,1,0.8040531323534428,0.6702211312201763,0.6920303127955347,0.5133967156439067,0.38722294654498046,0.7615384615384615,2755
OULAD,2,none,CB,2,0.7736893984506781,0.6532516480893181,0.6711360321181876,0.48157669237360756,0.3663624511082138,0.7025,2755
OULAD,2,none,CB,3,0.7618011205823512,0.649382656104313,0.6669944330267175,0.47304347826086957,0.3546284224250326,0.7101827676240209,2754
OULAD,2,none,CB,4,0.7779133467932697,0.6625234821647095,0.6823210683791409,0.49914236706689535,0.379400260756193,0.7293233082706767,2754
OULAD,2,smote,NB,0,0.6307690797738693,0.6153148555276382,0.5495304205798285,0.4838709677419355,0.7421875,0.3589420654911839,2758
OULAD,2,smote,NB,1,0.6089998268620852,0.6003324379130061,0.5366580665021979,0.46988973706530957,0.7222946544980443,0.34820867379006915,2755
OULAD,2,smote,NB,2,0.5979855665938263,0.5877107495035402,0.5213162361721,0.4598084131611828,0.7196870925684485,0.3378212974296206,2755
OULAD,2,smote,NB,3,0.6178714447034801,0.5926993515215262,0.5350812263820173,0.46113989637305697,0.6962190352020861,0.3447385409941898,2754
OULAD,2,smote,NB,4,0.6353530674285071,0.6050396678803356,0.5439165531997665,0.4733676975945017,0.7183833116036505,0.3529788597053171,2754
OULAD,2,smote,DT,0,0.690158801821608,0.6569782506281407,0.6571662442091216,0.5048923679060665,0.50390625,0.5058823529411764,2758
OULAD,2,smote,DT,1,0.6934996550358212,0.6701362018263426,0.6673684930940795,0.5247776365946633,0.5384615384615384,0.5117719950433705,2755
OULAD,2,smote,DT,2,0.682968738113164,0.6552250268232603,0.6521039932656001,0.5041061276058117,0.5202086049543677,0.4889705882352941,2755
OULAD,2,smote,DT,3,0.6613801312179755,0.6472583526953883,0.6458846300709705,0.4919717405266538,0.49934810951760106,0.48481012658227846,2754
OULAD,2,smote,DT,4,0.6807488571411698,0.6586951429401935,0.6564346241948802,0.5086042065009561,0.5202086049543677,0.4975062344139651,2754
OULAD,2,smote,XT,0,0.71839405360134,0.6664010154941373,0.6664675122139609,0.5185667752442997,0.5182291666666666,0.5189048239895697,2758
OULAD,2,smote,XT,1,0.7116014207802224,0.668555006702536,0.6688245147305154,0.5215686274509804,0.5202086049543677,0.5229357798165137,2755
OULAD,2,smote,XT,2,0.706183646861613,0.6612150084339151,0.6600435370357829,0.5115979381443299,0.5176010430247718,0.5057324840764331,2755
OULAD,2,smote,XT,3,0.6856217959107078,0.6562142190207667,0.6567744059795113,0.5036065573770492,0.500651890482399,0.5065963060686016,2754
OULAD,2,smote,XT,4,0.7041296458269495,0.6602741811343484,0.6602741811343484,0.5097783572359843,0.5097783572359843,0.5097783572359843,2754
OULAD,2,smote,RF,0,0.7437709380234506,0.6707515441792296,0.6750765311052831,0.5234534330387491,0.5013020833333334,0.5476529160739687,2758
OULAD,2,smote,RF,1,0.7367110092104124,0.6705772444313862,0.6726021340329931,0.523936170212766,0.5136897001303781,0.5345997286295794,2755
OULAD,2,smote,RF,2,0.7198546559670933,0.6590383238151202,0.6614139948682286,0.5066844919786097,0.4941329856584094,0.5198902606310014,2755
OULAD,2,smote,RF,3,0.7059911589608859,0.6543395827769681,0.6578723833458712,0.49898305084745764,0.47979139504563234,0.519774011299435,2754
OULAD,2,smote,RF,4,0.7225833629150102,0.6602640107242054,0.6640646885576057,0.5078071961982349,0.4876140808344198,0.5297450424929179,2754
OULAD,2,smote,MLP,0,0.7929618797110553,0.707383270519263,0.6975558830754114,0.576271186440678,0.6197916666666666,0.5384615384615384,2758
OULAD,2,smote,MLP,1,0.8068315368088584,0.7357774417036771,0.7138193718450825,0.6106696935300795,0.7014341590612777,0.5407035175879397,2755
OULAD,2,smote,MLP,2,0.7723279048475994,0.6914183930178202,0.674057508725701,0.5549199084668193,0.6323337679269883,0.4943934760448522,2755
OULAD,2,smote,MLP,3,0.7607538964153568,0.6863245384438222,0.6742314416512372,0.5482534043812907,0.6036505867014341,0.5021691973969631,2754
OULAD,2,smote,MLP,4,0.7860162109776127,0.7106387083185425,0.6929809022093427,0.5794930875576036,0.6558018252933507,0.5190918472652218,2754
OULAD,2,smote,KNN,0,0.7274765755862647,0.6840249424204355,0.681572744537525,0.5442957297641811,0.5559895833333334,0.533083645443196,2758
OULAD,2,smote,KNN,1,0.7388696586297445,0.6817574285347023,0.6757866868188769,0.5415117719950434,0.5697522816166884,0.5159386068476978,2755
OULAD,2,smote,KNN,2,0.7078894488180715,0.6605529526572735,0.6582664731817895,0.5111536010197578,0.5228161668839635,0.5,2755
OULAD,2,smote,KNN,3,0.7034187013501711,0.6613837400731876,0.6618985961071215,0.5111402359108781,0.5084745762711864,0.5138339920948617,2754
OULAD,2,smote,KNN,4,0.7213451974995226,0.677932637764767,0.676786907692057,0.535483870967742,0.5410691003911343,0.5300127713920817,2754
OULAD,2,smote,Ridge,0,0.7401323021356784,0.6629887719849246,0.6512967736083513,0.5179095713446858,0.57421875,0.4716577540106952,2758
OULAD,2,smote,Ridge,1,0.7509106136165099,0.6848994881938305,0.6688487760947055,0.5466052934407365,0.6192959582790091,0.48918640576725025,2755
OULAD,2,smote,Ridge,2,0.7346809015763421,0.6752598380373506,0.6593951434125711,0.5344036697247706,0.6075619295958279,0.47697031729785055,2755
OULAD,2,smote,Ridge,3,0.7192986485165308,0.6579605768656633,0.6470605715969686,0.5112160566706021,0.5645371577574967,0.4670981661272923,2754
OULAD,2,smote,Ridge,4,0.7340631313446134,0.6672356628384368,0.6545136144426058,0.5236703682057277,0.5840938722294654,0.4745762711864407,2754
OULAD,2,smote,LR,0,0.7420631804857621,0.6630123272613065,0.6480443362775392,0.5189003436426117,0.58984375,0.46319018404907975,2758
OULAD,2,smote,LR,1,0.7532112492425217,0.6893499195958017,0.6705104007767906,0.5523486134691568,0.636245110821382,0.488,2755
OULAD,2,smote,LR,2,0.7386709435229368,0.676599689401074,0.6584213372589711,0.536420101637493,0.6192959582790091,0.47310756972111556,2755
OULAD,2,smote,LR,3,0.7236004039293215,0.6561755058466735,0.6422026290081244,0.5100748416810593,0.5775749674054759,0.45670103092783504,2754
OULAD,2,smote,LR,4,0.7371647783605167,0.6656566246442817,0.6503230898239037,0.5223367697594502,0.5945241199478487,0.46578140960163433,2754
OULAD,2,smote,SVC,0,0.7880666352596314,0.7020362227805694,0.7013889975945609,0.5699481865284974,0.5729166666666666,0.5670103092783505,2758
OULAD,2,smote,SVC,1,0.8031766216595531,0.7232879021193654,0.7199664391841916,0.5996180776575429,0.6140808344198174,0.585820895522388,2755
OULAD,2,smote,SVC,2,0.7673200218258704,0.6906887872213725,0.6841306753290639,0.553770086526576,0.5840938722294654,0.5264394829612221,2755
OULAD,2,smote,SVC,3,0.7532927523032699,0.6816717398422208,0.6776020263064629,0.5412208936438011,0.560625814863103,0.5231143552311436,2754
OULAD,2,smote,SVC,4,0.7773050906511622,0.7065009917790278,0.6996180283495975,0.5754950495049505,0.60625814863103,0.5477031802120141,2754
OULAD,2,smote,ABC,0,0.7694664729899497,0.6891763505025126,0.6851872752363706,0.5516372795969773,0.5703125,0.5341463414634147,2758
OULAD,2,smote,ABC,1,0.7816268536905919,0.7120864036894116,0.7296612789814497,0.5889477668433005,0.5071707953063885,0.7021660649819494,2755
OULAD,2,smote,ABC,2,0.7617809202017843,0.6948155687711668,0.6897451057175252,0.5594493116395495,0.5827900912646675,0.5379061371841155,2755
OULAD,2,smote,ABC,3,0.7460934142329312,0.6835345652871434,0.6741521494624678,0.544357272178636,0.5880052151238592,0.5067415730337078,2754
OULAD,2,smote,ABC,4,0.7520618045982065,0.6773043688801197,0.6787838730998017,0.5340383344348976,0.5267275097783573,0.5415549597855228,2754
OULAD,2,smote,GBC,0,0.79194016959799,0.7172404993718593,0.7043763141545938,0.5889351576442594,0.64453125,0.5421686746987951,2758
OULAD,2,smote,GBC,1,0.8062360473138702,0.7281646200540925,0.7179103245162533,0.6042553191489362,0.6479791395045632,0.5660592255125285,2755
OULAD,2,smote,GBC,2,0.7772059344331963,0.7001749742260605,0.685852369875358,0.5662368112543963,0.6297262059973925,0.5143769968051118,2755
OULAD,2,smote,GBC,3,0.7612125491050368,0.6913218186793033,0.6761020952824901,0.554846198491004,0.6232073011734028,0.5,2754
OULAD,2,smote,GBC,4,0.7813624281427716,0.7098381986169555,0.6925978343836849,0.5785219399538106,0.6531942633637549,0.5191709844559586,2754
OULAD,2,smote,XGB,0,0.7800359217964824,0.7048013505025126,0.698485742179555,0.5732009925558312,0.6015625,0.54739336492891,2758
OULAD,2,smote,XGB,1,0.7732296648207366,0.701745020317472,0.6970030730477297,0.5690954773869347,0.590612777053455,0.5490909090909091,2755
OULAD,2,smote,XGB,2,0.7526852772436444,0.6791397013108639,0.6721844789850973,0.538083538083538,0.5710560625814863,0.5087108013937283,2755
OULAD,2,smote,XGB,3,0.7424861994095912,0.677611777728639,0.6742897470932481,0.5354430379746835,0.5514993481095176,0.5202952029520295,2754
OULAD,2,smote,XGB,4,0.7522160011390859,0.6800808908491899,0.6720174569137987,0.5395858708891595,0.5775749674054759,0.5062857142857143,2754
OULAD,2,smote,CB,0,0.7905661118090452,0.7106136149497487,0.7106978015279417,0.5824104234527687,0.58203125,0.5827900912646675,2758
OULAD,2,smote,CB,1,0.8015813262888937,0.7219683813441273,0.7242724791450428,0.5994694960212201,0.5893089960886571,0.6099865047233468,2755
OULAD,2,smote,CB,2,0.7731253885765702,0.6894358327277879,0.6900412922989467,0.5517693315858454,0.5488917861799217,0.5546772068511199,2755
OULAD,2,smote,CB,3,0.755628337780974,0.6844177505808617,0.6843439142550981,0.5446254071661237,0.5449804432855281,0.5442708333333334,2754
OULAD,2,smote,CB,4,0.7747874220241217,0.7053694516311697,0.7014712043175042,0.5743200506008855,0.5919165580182529,0.5577395577395577,2754
OULAD,2,nearmiss,NB,0,0.6055956867671691,0.6024994765494137,0.5421705967826083,0.47079037800687284,0.7135416666666666,0.35128205128205126,2758
OULAD,2,nearmiss,NB,1,0.6106387346241727,0.6003324379130061,0.5366580665021979,0.46988973706530957,0.7222946544980443,0.34820867379006915,2755
OULAD,2,nearmiss,NB,2,0.5958777436457072,0.5833990251810734,0.5187325185571595,0.4554951943167572,0.7105606258148631,0.33517835178351785,2755
OULAD,2,nearmiss,NB,3,0.6050652579445666,0.5926993515215262,0.5350812263820173,0.46113989637305697,0.6962190352020861,0.3447385409941898,2754
OULAD,2,nearmiss,NB,4,0.6068713259393358,0.6028087392037815,0.5382112306906395,0.4724809483488569,0.727509778357236,0.34984326018808776,2754
OULAD,2,nearmiss,DT,0,0.6504102543969847,0.6074859976968174,0.5742352407593646,0.46432062561094817,0.6184895833333334,0.37167449139280123,2758
OULAD,2,nearmiss,DT,1,0.6426676093064252,0.60443692139801,0.5734336291617892,0.4599406528189911,0.60625814863103,0.3705179282868526,2755
OULAD,2,nearmiss,DT,2,0.6243536840337987,0.5829356845112396,0.544035956096932,0.4434094084769446,0.6205997392438071,0.34492753623188405,2755
OULAD,2,nearmiss,DT,3,0.6217250459144805,0.5916065245477613,0.5583716814955284,0.4485258579023683,0.6049543676662321,0.3563748079877112,2754
OULAD,2,nearmiss,DT,4,0.6399307362261479,0.6064631972226251,0.5709223918369515,0.46450989859971026,0.6271186440677966,0.3688650306748466,2754
OULAD,2,nearmiss,XT,0,0.6731368430695143,0.6252100345477387,0.6003456908339183,0.4786235662148071,0.59765625,0.3991304347826087,2758
OULAD,2,nearmiss,XT,1,0.6665222757667255,0.6229866159145223,0.601145888283219,0.474468085106383,0.5814863102998696,0.40071877807726863,2755
OULAD,2,nearmiss,XT,2,0.6599069646037896,0.618336485667591,0.592473047449663,0.4716202270381837,0.5958279009126467,0.39026473099914605,2755
OULAD,2,nearmiss,XT,3,0.6481750019192548,0.6205800545790139,0.5974576963472984,0.4726315789473684,0.5853976531942634,0.39629302736098854,2754
OULAD,2,nearmiss,XT,4,0.6588050489852884,0.6199163532977391,0.5955381411274665,0.4726134585289515,0.590612777053455,0.3939130434782609,2754
OULAD,2,nearmiss,RF,0,0.6873423105108877,0.6463600554857621,0.631407618479751,0.4982973893303065,0.5716145833333334,0.4416498993963783,2758
OULAD,2,nearmiss,RF,1,0.67977093329206,0.6192749718650888,0.6045356073146539,0.4655847789591494,0.5423728813559322,0.40784313725490196,2755
OULAD,2,nearmiss,RF,2,0.6620597115942067,0.6214618217781264,0.6038608947789075,0.47013698630136985,0.559322033898305,0.4054820415879017,2755
OULAD,2,nearmiss,RF,3,0.6585314321446639,0.6222181467675484,0.6080602770116548,0.4687323943661972,0.5423728813559322,0.4126984126984127,2754
OULAD,2,nearmiss,RF,4,0.6644315823386563,0.6242768346271627,0.6100231336528527,0.47125140924464487,0.5449804432855281,0.41509433962264153,2754
OULAD,2,nearmiss,MLP,0,0.7419565274288107,0.6542726654103852,0.6494020257901802,0.5037220843672456,0.5286458333333334,0.48104265402843605,2758
OULAD,2,nearmiss,MLP,1,0.7495464967116913,0.6782723721730645,0.6694322011926368,0.5372050816696915,0.5788787483702738,0.5011286681715575,2755
OULAD,2,nearmiss,MLP,2,0.7296382598065577,0.6680316580053988,0.6657124607834001,0.5216836734693877,0.5332464146023468,0.5106117353308365,2755
OULAD,2,nearmiss,MLP,3,0.7199587409425936,0.6514196908326548,0.6445609949466942,0.5009140767824497,0.5358539765319427,0.4702517162471396,2754
OULAD,2,nearmiss,MLP,4,0.7375814370986379,0.66440172726372,0.6604195077602442,0.517263025737602,0.5371577574967406,0.49878934624697335,2754
OULAD,2,nearmiss,KNN,0,0.6622212625628141,0.6340857935510888,0.6017849118052625,0.49147442326980945,0.6380208333333334,0.399673735725938,2758
OULAD,2,nearmiss,KNN,1,0.6572797279111435,0.6302961183004152,0.6051342447338247,0.48430962343096234,0.6036505867014341,0.4043668122270742,2755
OULAD,2,nearmiss,KNN,2,0.6458057340129433,0.6192556250147561,0.5882311705553717,0.4752376188094047,0.6192959582790091,0.38555194805194803,2755
OULAD,2,nearmiss,KNN,3,0.6313731562850838,0.6081688734269493,0.5788433358744824,0.46292585170340683,0.6023468057366362,0.37591537835638733,2754
OULAD,2,nearmiss,KNN,4,0.6392079809504937,0.614632005034025,0.5892083149049093,0.4674922600619195,0.590612777053455,0.38684884713919726,2754
OULAD,2,nearmiss,Ridge,0,0.736726601758794,0.6615963934254607,0.6451768969422425,0.5175537938844847,0.5950520833333334,0.45791583166332667,2758
OULAD,2,nearmiss,Ridge,1,0.746756615311163,0.6887239342180855,0.6662780247491116,0.5516860143725816,0.6505867014341591,0.47888675623800386,2755
OULAD,2,nearmiss,Ridge,2,0.7285063051057321,0.6751368707682863,0.6559971861768834,0.5347533632286996,0.621903520208605,0.4690265486725664,2755
OULAD,2,nearmiss,Ridge,3,0.7139969121322494,0.6581649693017653,0.6419096950757561,0.513314447592068,0.590612777053455,0.45390781563126253,2754
OULAD,2,nearmiss,Ridge,4,0.7300061219307505,0.6601544327568569,0.6415373378902101,0.5164528722810932,0.6036505867014341,0.4512670565302144,2754
OULAD,2,nearmiss,LR,0,0.7418714667085428,0.6656164939279732,0.6501497610196495,0.5222857142857142,0.5950520833333334,0.4653767820773931,2758
OULAD,2,nearmiss,LR,1,0.7513178812116506,0.6948063872150767,0.6733359789249213,0.5591517857142857,0.6531942633637549,0.48878048780487804,2755
OULAD,2,nearmiss,LR,2,0.7337443828551492,0.6749417627013712,0.656646746123521,0.5343855693348365,0.6179921773142112,0.47070506454816285,2755
OULAD,2,nearmiss,LR,3,0.7187632256341578,0.6583828129254758,0.6441052129055607,0.5129384703852788,0.5814863102998696,0.4588477366255144,2754
OULAD,2,nearmiss,LR,4,0.7342665395474758,0.6661480851086168,0.6495149120090564,0.5232690124858116,0.6010430247718384,0.46331658291457284,2754
OULAD,2,nearmiss,SVC,0,0.7228584327889447,0.6486063128140703,0.6487249991323407,0.49282920469361147,0.4921875,0.4934725848563969,2758
OULAD,2,nearmiss,SVC,1,0.7317205055627114,0.6565389730823008,0.6544367640925304,0.5054243777919591,0.516297262059974,0.495,2755
OULAD,2,nearmiss,SVC,2,0.718375113785713,0.6606093536446842,0.6590488298607683,0.5109114249037228,0.5189048239895697,0.5031605562579013,2755
OULAD,2,nearmiss,SVC,3,0.7088631515542025,0.6468817194423466,0.6477558182962331,0.4897959183673469,0.485006518904824,0.4946808510638298,2754
OULAD,2,nearmiss,SVC,4,0.725679432609222,0.6589805705796936,0.6551204623676863,0.5097300690521029,0.529335071707953,0.4915254237288136,2754
OULAD,2,nearmiss,ABC,0,0.7193019132118927,0.6484381543132328,0.6360328619652189,0.49971014492753624,0.5611979166666666,0.4503657262277952,2758
OULAD,2,nearmiss,ABC,1,0.7315860613485345,0.6742075661268787,0.658659955936066,0.5330269959793222,0.6049543676662321,0.47638603696098564,2755
OULAD,2,nearmiss,ABC,2,0.7125359720251102,0.6661592763884481,0.6486447245355623,0.5234066553863508,0.6049543676662321,0.46123260437375746,2755
OULAD,2,nearmiss,ABC,3,0.7026024439167495,0.6493475517854319,0.6357015579564593,0.5014376078205866,0.5684485006518905,0.448559670781893,2754
OULAD,2,nearmiss,ABC,4,0.7145411931137793,0.6483866120657809,0.6340004561696951,0.5005714285714286,0.5710560625814863,0.44557477110885046,2754
OULAD,2,nearmiss,GBC,0,0.7387147325167505,0.6543073440117253,0.6477535239403691,0.5045815516188149,0.5377604166666666,0.475258918296893,2758
OULAD,2,nearmiss,GBC,1,0.7347389421273404,0.6669082290352284,0.6557278656981209,0.5227675931401538,0.576271186440678,0.47835497835497837,2755
OULAD,2,nearmiss,GBC,2,0.7297517176068142,0.6675342144129444,0.6594539256758785,0.5227410551849606,0.5619295958279009,0.4886621315192744,2755
OULAD,2,nearmiss,GBC,3,0.7066273017114504,0.6457823309136506,0.6425307150568036,0.491183879093199,0.5084745762711864,0.47503045066991473,2754
OULAD,2,nearmiss,GBC,4,0.7231410950841487,0.6695814187262841,0.6609712053933725,0.525679758308157,0.5671447196870926,0.48986486486486486,2754
OULAD,2,nearmiss,XGB,0,0.7122742619346734,0.6570377931323284,0.647358359402155,0.5095238095238095,0.5572916666666666,0.4692982456140351,2758
OULAD,2,nearmiss,XGB,1,0.7003035160113222,0.6301924978816839,0.617816091954023,0.47701149425287354,0.5410691003911343,0.4265159301130524,2755
OULAD,2,nearmiss,XGB,2,0.6878165997287506,0.6281397642701056,0.6102847017481164,0.47802197802197804,0.5671447196870926,0.4131054131054131,2755
OULAD,2,nearmiss,XGB,3,0.6844981296287669,0.6322261584261192,0.6192966013910127,0.47995418098510884,0.546284224250326,0.4279877425944842,2754
OULAD,2,nearmiss,XGB,4,0.6893986269290151,0.6321703852092053,0.6237576127243362,0.4767580452920143,0.5215123859191656,0.43907793633369924,2754
OULAD,2,nearmiss,CB,0,0.7381009867043551,0.6582024706867672,0.6498204400799293,0.5105358217941,0.5520833333333334,0.4748040313549832,2758
OULAD,2,nearmiss,CB,1,0.7286640311228519,0.6562320467787166,0.6408898297047432,0.5105413105413106,0.5840938722294654,0.4534412955465587,2755
OULAD,2,nearmiss,CB,2,0.7259676048468123,0.6632946308883287,0.6523150068698494,0.5180366646954465,0.5710560625814863,0.474025974025974,2755
OULAD,2,nearmiss,CB,3,0.7086768033941612,0.643024509376134,0.6352534879643313,0.4903614457831325,0.530638852672751,0.45576707726763716,2754
OULAD,2,nearmiss,CB,4,0.7237913451778148,0.6603283139625296,0.6502483139383326,0.5139797739440809,0.5632333767926988,0.4726477024070022,2754
OULAD,3,none,NB,0,0.7841731443676718,0.706045199958124,0.7052199386732968,0.5756791720569211,0.5794270833333334,0.5719794344473008,2758
OULAD,3,none,NB,1,0.7881870755169872,0.7118978538768466,0.7091691082563294,0.5836526181353767,0.5958279009126467,0.571964956195244,2755
OULAD,3,none,NB,2,0.7407945062814961,0.7029664951901763,0.7006782798661731,0.5710627400768246,0.5814863102998696,0.5610062893081761,2755
OULAD,3,none,NB,3,0.7346887756072883,0.6853330874937419,0.6865878351538159,0.5458141067897165,0.5397653194263363,0.552,2754
OULAD,3,none,NB,4,0.7407634631624463,0.6998570893336019,0.6971983210556085,0.5666879387364391,0.5788787483702738,0.555,2754
OULAD,3,none,DT,0,0.7238153658919597,0.7176265441792296,0.7170169545273108,0.592352559948153,0.5950520833333334,0.5896774193548387,2758
OULAD,3,none,DT,1,0.7291122878076806,0.7225897759437985,0.7199967710358022,0.5988483685220729,0.6101694915254238,0.5879396984924623,2755
OULAD,3,none,DT,2,0.7233279074709009,0.7133301766269061,0.7070233498365226,0.5849408836341008,0.6127770534550195,0.5595238095238095,2755
OULAD,3,none,DT,3,0.7125970043877118,0.7059301365000272,0.7031097845229461,0.5752551020408163,0.5880052151238592,0.5630461922596754,2754
OULAD,3,none,DT,4,0.7281597003731556,0.7179495928227088,0.7112499163450599,0.591304347826087,0.6205997392438071,0.564650059311981,2754
OULAD,3,none,XT,0,0.8186305878350084,0.7530078779313233,0.7673199340035608,0.6523297491039427,0.5924479166666666,0.7256778309409888,2758
OULAD,3,none,XT,1,0.8224264098279377,0.7492543264803948,0.7666743444365698,0.6485294117647059,0.5749674054758801,0.7436762225969646,2755
OULAD,3,none,XT,2,0.8015728005582385,0.72233728315132,0.7351580120447392,0.6037463976945245,0.546284224250326,0.6747181964573269,2755
OULAD,3,none,XT,3,0.7829985518648267,0.7226781773837636,0.737514621511725,0.6051282051282051,0.5384615384615384,0.6906354515050167,2754
OULAD,3,none,XT,4,0.8070338556549776,0.7330966143032711,0.7456073254702842,0.6204431736954967,0.5658409387222947,0.6867088607594937,2754
OULAD,3,none,RF,0,0.8389810380025126,0.7553830349664992,0.7730613519118088,0.658357771260997,0.5846354166666666,0.7533557046979866,2758
OULAD,3,none,RF,1,0.8438532105278345,0.7463591850975475,0.7663364657141584,0.6456456456456456,0.560625814863103,0.7610619469026548,2755
OULAD,3,none,RF,2,0.8211901788829457,0.7336912609949134,0.749114759375503,0.6228070175438597,0.5554106910039114,0.7088186356073212,2755
OULAD,3,none,RF,3,0.80458442719922,0.7316796465159128,0.7495072621537227,0.6208955223880597,0.5423728813559322,0.7260034904013961,2754
OULAD,3,none,RF,4,0.8272030912797591,0.7423497190670256,0.7579425630421208,0.6365622723962127,0.5697522816166884,0.7211221122112211,2754
OULAD,3,none,MLP,0,0.8703429255653266,0.7722060824958124,0.7968063008716918,0.6904942965779468,0.5911458333333334,0.829981718464351,2758
OULAD,3,none,MLP,1,0.8752406879346483,0.7717311037017411,0.7995579398153478,0.6926070038910506,0.5801825293350718,0.859073359073359,2755
OULAD,3,none,MLP,2,0.8435341514537026,0.7525646053636027,0.7790744727643124,0.6603921568627451,0.5488917861799217,0.8287401574803149,2755
OULAD,3,none,MLP,3,0.8389292460970231,0.7425692030794689,0.7684646747217427,0.6435331230283912,0.5319426336375489,0.8143712574850299,2754
OULAD,3,none,MLP,4,0.85690659429709,0.7535821168757287,0.7761185254865072,0.6590563165905632,0.5645371577574967,0.7915904936014625,2754
OULAD,3,none,KNN,0,0.8154790881490788,0.7544918603433836,0.7739674530806262,0.6582466567607727,0.5768229166666666,0.7664359861591695,2758
OULAD,3,none,KNN,1,0.8245473492847568,0.7558961985734485,0.7769993164730007,0.6616541353383458,0.5736636245110821,0.7815275310834814,2755
OULAD,3,none,KNN,2,0.8057025333224904,0.730898756292645,0.7490273406230185,0.6197604790419161,0.5397653194263363,0.7275922671353251,2755
OULAD,3,none,KNN,3,0.787909219575218,0.7265675390691384,0.7449926500259411,0.6129518072289156,0.530638852672751,0.7254901960784313,2754
OULAD,3,none,KNN,4,0.8089734512925936,0.7437683272431168,0.761425472475926,0.6400591278640059,0.5645371577574967,0.7389078498293515,2754
OULAD,3,none,Ridge,0,0.8635230187395309,0.7492364164572864,0.7778526215466136,0.6565495207667732,0.53515625,0.8491735537190083,2758
OULAD,3,none,Ridge,1,0.8668821927654583,0.7571944050220488,0.7866871915202434,0.6703910614525139,0.5475880052151239,0.8641975308641975,2755
OULAD,3,none,Ridge,2,0.83860693496048,0.7370320357608493,0.7659374050267336,0.6362896663954435,0.5097783572359843,0.8463203463203464,2755
OULAD,3,none,Ridge,3,0.8361090897876615,0.7340608348003876,0.7623849758834194,0.6308943089430894,0.5058670143415906,0.838012958963283,2754
OULAD,3,none,Ridge,4,0.8546533563337706,0.7454402114395462,0.773234061988009,0.6496408619313647,0.530638852672751,0.8374485596707819,2754
OULAD,3,none,LR,0,0.8635406851968174,0.7687565431323282,0.7946898263027296,0.6861538461538461,0.5807291666666666,0.8383458646616542,2758
OULAD,3,none,LR,1,0.8668290709052228,0.7659103250533186,0.7932444824045253,0.6827747466874513,0.5710560625814863,0.8488372093023255,2755
OULAD,3,none,LR,2,0.8384797048260882,0.7513172253862156,0.7790234464769101,0.659270998415214,0.5423728813559322,0.8404040404040404,2755
OULAD,3,none,LR,3,0.8355369221976747,0.7387608765974926,0.7651128775834658,0.6375198728139905,0.5228161668839635,0.8167006109979633,2754
OULAD,3,none,LR,4,0.8542353852846633,0.7521415274906186,0.7769138122096997,0.6584043377226956,0.5541069100391134,0.8110687022900763,2754
OULAD,3,none,SVC,0,0.8203887274916248,0.7399955506700167,0.7724793052970751,0.6438698915763136,0.5026041666666666,0.8955916473317865,2758
OULAD,3,none,SVC,1,0.832198864635007,0.7423701268891052,0.77533775702104,0.6482873851294904,0.5058670143415906,0.9023255813953488,2755
OULAD,3,none,SVC,2,0.8090436360011437,0.7324891329725419,0.7646981512652236,0.6306913996627319,0.4876140808344198,0.8926014319809069,2755
OULAD,3,none,SVC,3,0.8036057712812552,0.727062280310939,0.7582274460718251,0.6205733558178752,0.47979139504563234,0.8782816229116945,2754
OULAD,3,none,SVC,4,0.802072992049364,0.7327688646344657,0.762758769214203,0.6297520661157024,0.49674054758800523,0.8600451467268623,2754
OULAD,3,none,ABC,0,0.8547048393006701,0.7685052868509212,0.794296020125043,0.6856264411990777,0.5807291666666666,0.8367729831144465,2758
OULAD,3,none,ABC,1,0.8660561806300646,0.7685641226760825,0.7949721968859339,0.6862442040185471,0.5788787483702738,0.8425047438330171,2755
OULAD,3,none,ABC,2,0.8322319838194749,0.7476573915461477,0.7755768933666041,0.6533864541832669,0.5345501955671447,0.8401639344262295,2755
OULAD,3,none,ABC,3,0.8267631390216328,0.7413684385270884,0.7676926097313179,0.6418383518225039,0.5280312907431551,0.8181818181818182,2754
OULAD,3,none,ABC,4,0.8401467426144779,0.7486760422537891,0.7727271060108023,0.652241112828439,0.5501955671447197,0.8007590132827325,2754
OULAD,3,none,GBC,0,0.8653528056951423,0.7758721995393635,0.8021552502636347,0.6978527607361963,0.5924479166666666,0.8488805970149254,2758
OULAD,3,none,GBC,1,0.8753105333434767,0.7725318665578871,0.7999905897385142,0.6935608999224204,0.5827900912646675,0.8563218390804598,2755
OULAD,3,none,GBC,2,0.8387321976185667,0.7507014053027421,0.7758292243979452,0.656298600311042,0.5501955671447197,0.8131021194605009,2755
OULAD,3,none,GBC,3,0.8365234519815568,0.74497073218423,0.7699843306527909,0.646875,0.5397653194263363,0.8070175438596491,2754
OULAD,3,none,GBC,4,0.8529739263491704,0.7533760840508941,0.7750574098663292,0.6580937972768532,0.5671447196870926,0.7837837837837838,2754
OULAD,3,none,XGB,0,0.8511247644472362,0.7557703884003351,0.779675380389438,0.6636015325670498,0.5638020833333334,0.8063314711359404,2758
OULAD,3,none,XGB,1,0.8498008913979312,0.7593248539476756,0.783776275750089,0.6697388632872504,0.5684485006518905,0.8149532710280374,2755
OULAD,3,none,XGB,2,0.8290873008586066,0.7410617551462622,0.7644199927481661,0.6393188854489165,0.5384615384615384,0.7866666666666666,2755
OULAD,3,none,XGB,3,0.816244638389427,0.7348833257109937,0.7589033621587467,0.6296006264682851,0.5241199478487614,0.788235294117647,2754
OULAD,3,none,XGB,4,0.8348617381952705,0.7437801380419926,0.7632064879360899,0.6411985018726591,0.5580182529335072,0.7535211267605634,2754
OULAD,3,none,CB,0,0.8660653528056952,0.7651015494137353,0.791395003130758,0.6805877803557618,0.5729166666666666,0.8380952380952381,2758
OULAD,3,none,CB,1,0.8716992305855996,0.7654637079320774,0.7937577733207033,0.6828885400313972,0.5671447196870926,0.8579881656804734,2755
OULAD,3,none,CB,2,0.8425507412139066,0.748252881041136,0.7750238519044599,0.6535122336227308,0.5397653194263363,0.828,2755
OULAD,3,none,CB,3,0.833538600643426,0.7390581150358688,0.7648705842350779,0.6376582278481012,0.5254237288135594,0.8108651911468813,2754
OULAD,3,none,CB,4,0.8546287505027792,0.7525299715425362,0.7752660857788254,0.6575133485888635,0.5619295958279009,0.7922794117647058,2754
OULAD,3,smote,NB,0,0.756960257014238,0.7182383270519264,0.681353519668737,0.5859213250517599,0.7369791666666666,0.48625429553264604,2758
OULAD,3,smote,NB,1,0.7881805172626372,0.7226638842179545,0.6816251969408227,0.5903307888040712,0.7561929595827901,0.48414023372287146,2755
OULAD,3,smote,NB,2,0.766701578440657,0.7017571530880196,0.6671386501446372,0.5669781931464174,0.711864406779661,0.4710957722174288,2755
OULAD,3,smote,NB,3,0.7345732922405019,0.6967278837869884,0.6652681093474844,0.5613480779357557,0.6949152542372882,0.4708480565371025,2754
OULAD,3,smote,NB,4,0.7666041787918734,0.6983846764070762,0.6593848237414326,0.5630379746835443,0.7249022164276402,0.4602649006622517,2754
OULAD,3,smote,DT,0,0.7291349324748744,0.7240689122696817,0.7199274759190357,0.6005056890012642,0.6184895833333334,0.5835380835380836,2758
OULAD,3,smote,DT,1,0.734128368647347,0.7291909868598816,0.7226329372439679,0.6068535825545172,0.6349413298565841,0.581145584725537,2755
OULAD,3,smote,DT,2,0.7294828291784606,0.7212712389067129,0.7084558086608576,0.594272076372315,0.6492829204693612,0.5478547854785478,2755
OULAD,3,smote,DT,3,0.7031001378582691,0.6983236539462175,0.6922679892264132,0.5643256681168427,0.5919165580182529,0.5391923990498813,2754
OULAD,3,smote,DT,4,0.7177606200406949,0.7107551759185684,0.7020871381974005,0.581039755351682,0.6192959582790091,0.5472350230414746,2754
OULAD,3,smote,XT,0,0.8205984348827471,0.7583091237437186,0.7624437970574933,0.6537433155080213,0.63671875,0.6717032967032966,2758
OULAD,3,smote,XT,1,0.8198178641601892,0.751569718178694,0.7613516784240841,0.6471816283924844,0.60625814863103,0.6940298507462687,2755
OULAD,3,smote,XT,2,0.8043079205349437,0.73945104787788,0.7448087827823958,0.6265223274695535,0.6036505867014341,0.6511954992967651,2755
OULAD,3,smote,XT,3,0.7783936526142219,0.7291498390122497,0.7370789993034694,0.6123013130615066,0.5775749674054759,0.6514705882352941,2754
OULAD,3,smote,XT,4,0.8109199365628869,0.7370519196157028,0.7411233645337296,0.6224010731052985,0.6049543676662321,0.6408839779005525,2754
OULAD,3,smote,RF,0,0.8375853878768844,0.7625235552763819,0.7673598122272344,0.6604026845637584,0.640625,0.6814404432132964,2758
OULAD,3,smote,RF,1,0.8414994530415874,0.7550705143507721,0.7627414617161012,0.6511309115832762,0.6192959582790091,0.6864161849710982,2755
OULAD,3,smote,RF,2,0.8208993203025191,0.7396563212390379,0.7457836599986529,0.6272108843537415,0.6010430247718384,0.6557610241820768,2755
OULAD,3,smote,RF,3,0.8029565054208285,0.7280520908722865,0.7368412145790096,0.6109951287404315,0.5723598435462842,0.655223880597015,2754
OULAD,3,smote,RF,4,0.8255371124827677,0.7400259443881974,0.7459696966432542,0.6277173913043478,0.6023468057366362,0.6553191489361702,2754
OULAD,3,smote,MLP,0,0.8707806611180904,0.7852877669597991,0.7824426139359271,0.6880204996796925,0.69921875,0.6771752837326608,2758
OULAD,3,smote,MLP,1,0.8757607575046105,0.7990606612294366,0.7920431822847629,0.704331450094162,0.7314211212516297,0.6791767554479419,2755
OULAD,3,smote,MLP,2,0.8412833585607518,0.770813931830881,0.7662687516612946,0.666243654822335,0.6844850065189049,0.6489493201483313,2755
OULAD,3,smote,MLP,3,0.8372875450532765,0.770732381076738,0.766945925361767,0.6666666666666666,0.681877444589309,0.6521197007481296,2754
OULAD,3,smote,MLP,4,0.8582838646771157,0.7680454243324766,0.768152715725732,0.6653620352250489,0.6649282920469362,0.6657963446475196,2754
OULAD,3,smote,KNN,0,0.805321529522613,0.7500438389865997,0.7305069788603586,0.630057803468208,0.7096354166666666,0.5665280665280665,2758
OULAD,3,smote,KNN,1,0.807244051007479,0.7434817510014454,0.7254552380999177,0.6220151426907397,0.6962190352020861,0.5621052631578948,2755
OULAD,3,smote,KNN,2,0.7937310958318358,0.7271077573655755,0.7080218897615942,0.6003450258769407,0.6805736636245111,0.5370370370370371,2755
OULAD,3,smote,KNN,3,0.7723527570669586,0.7164601198533624,0.6982152722877297,0.5868814729574223,0.6649282920469362,0.525231719876416,2754
OULAD,3,smote,KNN,4,0.7997003337862993,0.740181453240063,0.7246390449899054,0.6186540731995277,0.6831812255541069,0.5652642934196332,2754
OULAD,3,smote,Ridge,0,0.8619323832705194,0.7856057631909548,0.7952857584434176,0.6983471074380165,0.66015625,0.7412280701754386,2758
OULAD,3,smote,Ridge,1,0.8656190729776311,0.7945325145134169,0.8063649772343473,0.713588850174216,0.6675358539765319,0.7664670658682635,2755
OULAD,3,smote,Ridge,2,0.8382744314649305,0.7674869293990803,0.7793524201576223,0.672752808988764,0.6245110821382008,0.7290715372907154,2755
OULAD,3,smote,Ridge,3,0.8331458915808034,0.7646052010821316,0.7766499122619273,0.6685432793807178,0.6192959582790091,0.7262996941896025,2754
OULAD,3,smote,Ridge,4,0.8512630009009015,0.7616311763096372,0.7715154867256637,0.6625,0.621903520208605,0.7087667161961367,2754
OULAD,3,smote,LR,0,0.8643062316792294,0.7847630077470686,0.7776262065756889,0.6841776110068793,0.7122395833333334,0.6582430806257521,2758
OULAD,3,smote,LR,1,0.867355698729535,0.7923004126453637,0.7885677259409511,0.6973180076628352,0.711864406779661,0.6833541927409261,2755
OULAD,3,smote,LR,2,0.8394503264699016,0.7664458065210035,0.761652437414301,0.6599113362887904,0.6792698826597132,0.6416256157635468,2755
OULAD,3,smote,LR,3,0.8357993843949164,0.7665237997439681,0.7640723135871068,0.6615285806037251,0.6714471968709257,0.6518987341772152,2754
OULAD,3,smote,LR,4,0.8545339360340256,0.7716933207963891,0.7690866251767114,0.668806161745828,0.6792698826597132,0.6586599241466498,2754
OULAD,3,smote,SVC,0,0.8607376073073703,0.7873534338358459,0.795808409388993,0.6999316473000684,0.6666666666666666,0.7366906474820144,2758
OULAD,3,smote,SVC,1,0.8708919094751035,0.7907700439927702,0.8027996662839983,0.7081005586592178,0.6610169491525424,0.762406015037594,2755
OULAD,3,smote,SVC,2,0.8320204801166844,0.7646176931209159,0.7747342215630857,0.6671299513551077,0.6258148631029987,0.7142857142857143,2755
OULAD,3,smote,SVC,3,0.8263297483184375,0.7722100432472085,0.7804255647617576,0.6771761480466073,0.6440677966101694,0.7138728323699421,2754
OULAD,3,smote,SVC,4,0.8467000956018553,0.7641357218268157,0.7732670168467464,0.6657458563535912,0.6284224250325945,0.7077826725403817,2754
OULAD,3,smote,ABC,0,0.8538790960008376,0.782591996440536,0.7818016263048422,0.6856772521062865,0.6888020833333334,0.6825806451612904,2758
OULAD,3,smote,ABC,1,0.8631387411824271,0.7889789847297606,0.7937441359820229,0.6992632283991963,0.6805736636245111,0.71900826446281,2755
OULAD,3,smote,ABC,2,0.8277317096844431,0.7643255228896193,0.7666558146798267,0.6613756613756614,0.651890482398957,0.6711409395973155,2755
OULAD,3,smote,ABC,3,0.8245423807552218,0.7673141390354121,0.7709580838323353,0.6666666666666666,0.651890482398957,0.6821282401091405,2754
OULAD,3,smote,ABC,4,0.8410197574980529,0.7700129065785494,0.7717435882195607,0.6693017127799736,0.6623207301173403,0.6764314247669774,2754
OULAD,3,smote,GBC,0,0.8638583542713567,0.7883597675879397,0.788129249232286,0.694408322496749,0.6953125,0.6935064935064935,2758
OULAD,3,smote,GBC,1,0.8752062570993102,0.8011697958284256,0.8050453686501831,0.7163781624500666,0.7014341590612777,0.7319727891156462,2755
OULAD,3,smote,GBC,2,0.838648579875603,0.7632270152859792,0.7666036103558529,0.6604527296937417,0.6466753585397653,0.6748299319727891,2755
OULAD,3,smote,GBC,3,0.8350936891620829,0.7624756484292622,0.7628959276018099,0.657516339869281,0.6558018252933507,0.6592398427260813,2754
OULAD,3,smote,GBC,4,0.8547865558988708,0.7680116323245818,0.770804376657825,0.6671087533156499,0.6558018252933507,0.6788124156545209,2754
OULAD,3,smote,XGB,0,0.8514008846314909,0.7667726654103852,0.7696559185772148,0.6653412856196156,0.6536458333333334,0.6774628879892037,2758
OULAD,3,smote,XGB,1,0.8539158680898953,0.7739291026471737,0.7797643318218406,0.6779203241053342,0.6544980443285529,0.7030812324929971,2755
OULAD,3,smote,XGB,2,0.8394227818016311,0.762082271989171,0.7672334107116716,0.6599326599326599,0.6388526727509778,0.6824512534818942,2755
OULAD,3,smote,XGB,3,0.8149090338832136,0.7481914714221317,0.7518657359595782,0.6386105544422178,0.6232073011734028,0.6547945205479452,2754
OULAD,3,smote,XGB,4,0.8287335739674244,0.7465448492121869,0.7516728310516059,0.6369770580296896,0.6153846153846154,0.6601398601398601,2754
OULAD,3,smote,CB,0,0.8658752748115578,0.7870910542294808,0.7933248895856208,0.6977058029689609,0.6731770833333334,0.7240896358543417,2758
OULAD,3,smote,CB,1,0.8712378573920708,0.7879932791009421,0.7964809590389055,0.7008898015058179,0.6675358539765319,0.7377521613832853,2755
OULAD,3,smote,CB,2,0.8424772887651857,0.7688369460570463,0.7797826248074188,0.6741102581995813,0.6297262059973925,0.7252252252252253,2755
OULAD,3,smote,CB,3,0.8295475348566203,0.7612072998610919,0.7674939405823902,0.6594301221166893,0.6336375488917861,0.6874115983026874,2754
OULAD,3,smote,CB,4,0.8506829594449975,0.7569531157215512,0.7650949659282548,0.6542955326460481,0.6205997392438071,0.6918604651162791,2754
OULAD,3,nearmiss,NB,0,0.7842346498115578,0.7243548471524288,0.718027346300478,0.6002490660024906,0.6276041666666666,0.5751789976133651,2758
OULAD,3,nearmiss,NB,1,0.7889104509718021,0.7298327120480379,0.7214818763326225,0.6071428571428571,0.6427640156453716,0.5752625437572929,2755
OULAD,3,nearmiss,NB,2,0.7651912124638314,0.6998014816408227,0.665699981776801,0.5647425897035881,0.7079530638852672,0.46972318339100344,2755
OULAD,3,nearmiss,NB,3,0.7637892717264567,0.7043747199036239,0.701657845045953,0.5730695596681558,0.5853976531942634,0.56125,2754
OULAD,3,nearmiss,NB,4,0.7664060198329559,0.7198360398653831,0.7101953190719807,0.5931790499390986,0.6349413298565841,0.5565714285714286,2754
OULAD,3,nearmiss,DT,0,0.7038483432788945,0.6852753350083752,0.6553988050614508,0.547945205479452,0.6770833333333334,0.46017699115044247,2758
OULAD,3,nearmiss,DT,1,0.6724650379460597,0.6613094472965564,0.6321044796570295,0.5203336809176226,0.6505867014341591,0.43353605560382275,2755
OULAD,3,nearmiss,DT,2,0.6929579432265038,0.6715603267584648,0.6350093788520286,0.5329974811083124,0.6897001303780965,0.4343185550082102,2755
OULAD,3,nearmiss,DT,3,0.669089302106456,0.6560692086567906,0.6291025989528548,0.5139547130068457,0.636245110821382,0.43109540636042404,2754
OULAD,3,nearmiss,DT,4,0.6852602542340074,0.6616829469780431,0.6261232165721602,0.5221327967806841,0.6766623207301173,0.4250614250614251,2754
OULAD,3,nearmiss,XT,0,0.7905788709170853,0.7389957600502512,0.7406188281764319,0.6240947992100065,0.6171875,0.6311584553928096,2758
OULAD,3,nearmiss,XT,1,0.7861615586609618,0.7299963404940726,0.7320187871713635,0.6111111111111112,0.6023468057366362,0.6201342281879194,2755
OULAD,3,nearmiss,XT,2,0.7711893918924236,0.7165840545227034,0.7166707590169896,0.5909980430528375,0.590612777053455,0.5913838120104439,2755
OULAD,3,nearmiss,XT,3,0.7602883540929994,0.7145093695723639,0.7175845433146106,0.5887850467289719,0.5749674054758801,0.6032831737346102,2754
OULAD,3,nearmiss,XT,4,0.7682370217364631,0.7156409097202219,0.715727208950264,0.5896934116112198,0.5893089960886571,0.5900783289817232,2754
OULAD,3,nearmiss,RF,0,0.7991932317839195,0.7406060249162478,0.7432005587306376,0.6269052352551359,0.6158854166666666,0.6383265856950068,2758
OULAD,3,nearmiss,RF,1,0.7975030758212902,0.7410988092833402,0.7450512148552844,0.6282652377762894,0.6114732724902217,0.6460055096418733,2755
OULAD,3,nearmiss,RF,2,0.7729938955768509,0.7193247490156061,0.7241233382462386,0.5963488843813387,0.5749674054758801,0.6193820224719101,2755
OULAD,3,nearmiss,RF,3,0.7676136740180141,0.7181352848272572,0.722818647843474,0.5945945945945946,0.5736636245110821,0.6171107994389902,2754
OULAD,3,nearmiss,RF,4,0.7705578437155723,0.7194728577999501,0.721836959472806,0.5958858659588586,0.5853976531942634,0.6067567567567568,2754
OULAD,3,nearmiss,MLP,0,0.8666611050041877,0.7703556846733668,0.7955576097952349,0.6880733944954128,0.5859375,0.8333333333333334,2758
OULAD,3,nearmiss,MLP,1,0.8695559930639902,0.7715822313279941,0.7997397190116555,0.6926677067082684,0.5788787483702738,0.8621359223300971,2755
OULAD,3,nearmiss,MLP,2,0.8367660329644097,0.7525183696704346,0.7797580005859982,0.6608832807570978,0.546284224250326,0.8363273453093812,2755
OULAD,3,nearmiss,MLP,3,0.8354489973615988,0.7473266584822205,0.7721305690258369,0.6505836575875487,0.5449804432855281,0.806949806949807,2754
OULAD,3,nearmiss,MLP,4,0.8448143047146741,0.7557320103488845,0.7771261134493124,0.6616428033157498,0.5723598435462842,0.7839285714285714,2754
OULAD,3,nearmiss,KNN,0,0.7886299989530988,0.7445803234924624,0.7494644807283195,0.6339165545087483,0.61328125,0.6559888579387186,2758
OULAD,3,nearmiss,KNN,1,0.7889278303458298,0.7558148762195074,0.7619675969194482,0.6512890094979648,0.6258148631029987,0.6789250353606789,2755
OULAD,3,nearmiss,KNN,2,0.7513162416480631,0.7223992586549283,0.7292898887003475,0.6016483516483516,0.5710560625814863,0.6357039187227866,2755
OULAD,3,nearmiss,KNN,3,0.748130448961273,0.7174259807392116,0.7212336432363091,0.5932885906040268,0.576271186440678,0.6113416320885201,2754
OULAD,3,nearmiss,KNN,4,0.7705683422034619,0.7335982451777492,0.7390026132404182,0.6178861788617886,0.5945241199478487,0.6431593794076164,2754
OULAD,3,nearmiss,Ridge,0,0.8615921403894472,0.7857987855946398,0.8036182681445692,0.7057122198120029,0.6354166666666666,0.7934959349593496,2758
OULAD,3,nearmiss,Ridge,1,0.8654124879656031,0.7844406727194981,0.8055382056215208,0.7065779748706578,0.6232073011734028,0.8156996587030717,2755
OULAD,3,nearmiss,Ridge,2,0.8354425772365616,0.7637087190679934,0.7822944720056697,0.6720588235294118,0.5958279009126467,0.7706576728499157,2755
OULAD,3,nearmiss,Ridge,3,0.8350060924037535,0.7628335812507505,0.7805847885446922,0.6700804681784931,0.5971316818774446,0.7633333333333333,2754
OULAD,3,nearmiss,Ridge,4,0.8518614147106124,0.755993816390633,0.7711354804825268,0.6575342465753424,0.5945241199478487,0.7354838709677419,2754
OULAD,3,nearmiss,LR,0,0.8631382825586265,0.7857654156197655,0.7972032183444473,0.7000695894224078,0.6549479166666666,0.7518684603886397,2758
OULAD,3,nearmiss,LR,1,0.8662165299489243,0.7899332107376987,0.8054041211560812,0.7099073414112615,0.6492829204693612,0.7830188679245284,2755
OULAD,3,nearmiss,LR,2,0.8362800663170681,0.7665372941691873,0.7791166597497389,0.6718419195483416,0.6205997392438071,0.7323076923076923,2755
OULAD,3,nearmiss,LR,3,0.8361136828761133,0.7696717057221352,0.7814185082388869,0.6760168302945302,0.6284224250325945,0.7314112291350531,2754
OULAD,3,nearmiss,LR,4,0.8531592902759724,0.7608880802136968,0.7723253026025755,0.6624561403508772,0.6153846153846154,0.7173252279635258,2754
OULAD,3,nearmiss,SVC,0,0.8197717101130653,0.7502983668341708,0.7806364975837516,0.6596604688763137,0.53125,0.8699360341151386,2758
OULAD,3,nearmiss,SVC,1,0.8403166718695485,0.7502852840642289,0.7819330951872792,0.660670482420278,0.5267275097783573,0.8859649122807017,2755
OULAD,3,nearmiss,SVC,2,0.8107035301771517,0.7377403272306591,0.7677274047269511,0.638228055783429,0.5071707953063885,0.8606194690265486,2755
OULAD,3,nearmiss,SVC,3,0.7997121445851751,0.733363341511218,0.762327465130257,0.630114566284779,0.5019556714471969,0.8461538461538461,2754
OULAD,3,nearmiss,SVC,4,0.8107506484456659,0.7408769780627534,0.7687044341988215,0.6420545746388443,0.5215123859191656,0.8350730688935282,2754
OULAD,3,nearmiss,ABC,0,0.8291313337520938,0.7736455716080402,0.7957462428651467,0.6905829596412556,0.6015625,0.8105263157894737,2758
OULAD,3,nearmiss,ABC,1,0.8510741764800012,0.7721675555287396,0.7969180300723921,0.6905487804878049,0.590612777053455,0.8311926605504587,2755
OULAD,3,nearmiss,ABC,2,0.81786514392745,0.7565582543500902,0.7795264488234714,0.6641279512566641,0.5684485006518905,0.7985347985347986,2755
OULAD,3,nearmiss,ABC,3,0.8178197396506235,0.7490644863057068,0.7711211711446881,0.6514459665144596,0.5580182529335072,0.7824497257769653,2754
OULAD,3,nearmiss,ABC,4,0.8278553098399046,0.7570239805148065,0.7764318047154375,0.6622123236822569,0.5814863102998696,0.7689655172413793,2754
OULAD,3,nearmiss,GBC,0,0.8455280962102178,0.7701960322445561,0.7936722453774684,0.6863189720332578,0.5911458333333334,0.818018018018018,2758
OULAD,3,nearmiss,GBC,1,0.8620963066534802,0.7652945049698452,0.7898639092818351,0.6794185156847743,0.5788787483702738,0.8222222222222222,2755
OULAD,3,nearmiss,GBC,2,0.8246335903294606,0.7511480224239833,0.7753976650773804,0.6563706563706564,0.5541069100391134,0.8049242424242424,2755
OULAD,3,nearmiss,GBC,3,0.8168607683974517,0.7448103021661662,0.7683056763996712,0.6455598455598456,0.5449804432855281,0.7916666666666666,2754
OULAD,3,nearmiss,GBC,4,0.8237038140350348,0.7495897387779367,0.7675356719856627,0.6494464944649446,0.5736636245110821,0.7482993197278912,2754
OULAD,3,nearmiss,XGB,0,0.8035997042504188,0.7525511672948073,0.7659168634363187,0.6509971509971509,0.5950520833333334,0.7185534591194969,2758
OULAD,3,nearmiss,XGB,1,0.8122040587724522,0.7544953554442693,0.7670699444593234,0.6534372785258682,0.6010430247718384,0.7158385093167702,2755
OULAD,3,nearmiss,XGB,2,0.7864675012263936,0.747016650096144,0.7590840968509478,0.6416430594900849,0.590612777053455,0.7023255813953488,2755
OULAD,3,nearmiss,XGB,3,0.7739649311135157,0.7312439592684916,0.7442821956368755,0.617816091954023,0.560625814863103,0.688,2754
OULAD,3,nearmiss,XGB,4,0.7805264860445569,0.7450822786180578,0.7566479447288632,0.6384180790960452,0.5893089960886571,0.6964560862865947,2754
OULAD,3,nearmiss,CB,0,0.8479052161850921,0.766038525963149,0.7896469234211536,0.6798179059180577,0.5833333333333334,0.8145454545454546,2758
OULAD,3,nearmiss,CB,1,0.8564375168875049,0.7740307555896002,0.8002642118413582,0.6948501152959262,0.5893089960886571,0.846441947565543,2755
OULAD,3,nearmiss,CB,2,0.8200221537831947,0.7519487852801292,0.775876589942138,0.657428791377983,0.5567144719687093,0.8026315789473685,2755
OULAD,3,nearmiss,CB,3,0.8113972896841203,0.7401896551837268,0.7627551650290783,0.6374133949191686,0.5397653194263363,0.7781954887218046,2754
OULAD,3,nearmiss,CB,4,0.8254252379711935,0.7527123827696192,0.7725675712713651,0.655713218820015,0.5723598435462842,0.7674825174825175,2754
OULAD,full,none,NB,0,0.8794509657663316,0.7960028004606365,0.7812665291565735,0.694344163658243,0.7513020833333334,0.645413870246085,2758
OULAD,full,none,NB,1,0.8745251823850535,0.8008832001133266,0.7866090378160326,0.7013301088270859,0.7561929595827901,0.6538895152198422,2755
OULAD,full,none,NB,2,0.8504114648779247,0.7813625560402835,0.7684979037313786,0.6755609460278957,0.7262059973924381,0.6315192743764172,2755
OULAD,full,none,NB,3,0.8509506708861839,0.7687632584419325,0.7549314343310811,0.6578472639807577,0.7131681877444589,0.6104910714285714,2754
OULAD,full,none,NB,4,0.8573898528177613,0.7795245366065868,0.7599900224494887,0.6690058479532164,0.7457627118644068,0.6065747613997879,2754
OULAD,full,none,DT,0,0.8194638557370184,0.8145957652847571,0.8081057267592484,0.7267002518891688,0.7513020833333334,0.7036585365853658,2758
OULAD,full,none,DT,1,0.8021020516842909,0.7982441585628504,0.7989611629295179,0.7094240837696335,0.7066492829204694,0.7122207621550591,2755
OULAD,full,none,DT,2,0.8052536208122267,0.7973564988365657,0.7908480083923056,0.7023285084959093,0.727509778357236,0.6788321167883211,2755
OULAD,full,none,DT,3,0.7928914082343577,0.787338692373964,0.7818414370017254,0.6890012642225032,0.7105606258148631,0.6687116564417178,2754
OULAD,full,none,DT,4,0.8124520596392851,0.807319283294478,0.8019388732476127,0.7173637515842839,0.7379400260756193,0.6979038224414303,2754
OULAD,full,none,XT,0,0.9291375497278057,0.8342716185092127,0.8553164641959834,0.7832369942196532,0.7057291666666666,0.8798701298701299,2758
OULAD,full,none,XT,1,0.925661203203576,0.8099975340963643,0.8358112610361486,0.7511244377811095,0.6531942633637549,0.8835978835978836,2755
OULAD,full,none,XT,2,0.9152417766048705,0.8197657260381062,0.8419037690777103,0.7622531089978054,0.6792698826597132,0.8683333333333333,2755
OULAD,full,none,XT,3,0.9135472487728252,0.8078274757238871,0.8327557628221101,0.7468259895444361,0.651890482398957,0.8741258741258742,2754
OULAD,full,none,XT,4,0.9201347218458441,0.8244101654233613,0.8439649142441454,0.7665706051873199,0.6936114732724902,0.856682769726248,2754
OULAD,full,none,RF,0,0.9261787452889447,0.8381778685092127,0.8586168777048163,0.7884892086330936,0.7135416666666666,0.8810289389067524,2758
OULAD,full,none,RF,1,0.9214658878958235,0.8185183460607189,0.8423538853260506,0.7621861152141802,0.6727509778357236,0.879045996592845,2755
OULAD,full,none,RF,2,0.915130286280919,0.819113835555707,0.8413395224339588,0.7613469985358712,0.6779661016949152,0.8681135225375626,2755
OULAD,full,none,RF,3,0.9146351545803917,0.8168509260650552,0.8401255337608096,0.759027266028003,0.6714471968709257,0.8728813559322034,2754
OULAD,full,none,RF,4,0.9242796560957829,0.8262172176513701,0.845891273327551,0.7694524495677233,0.6962190352020861,0.8599033816425121,2754
OULAD,full,none,MLP,0,0.935618522298995,0.8416954564489112,0.8644393888327154,0.7965116279069767,0.7135416666666666,0.9013157894736842,2758
OULAD,full,none,MLP,1,0.9257379347794721,0.8303550114244791,0.8531640645957401,0.7792397660818714,0.6949152542372882,0.8868552412645591,2755
OULAD,full,none,MLP,2,0.9160438511118866,0.8244676664944032,0.8430630136270398,0.7655913978494624,0.6962190352020861,0.8503184713375797,2755
OULAD,full,none,MLP,3,0.9203200857726461,0.8239643077657972,0.8447399151125303,0.7672226250906454,0.6897001303780965,0.8643790849673203,2754
OULAD,full,none,MLP,4,0.9241251314771571,0.8369784958160245,0.8506322335153484,0.7790940766550523,0.7288135593220338,0.8368263473053892,2754
OULAD,full,none,KNN,0,0.9082237358668342,0.8278986076214405,0.8469588844270843,0.771326164874552,0.7005208333333334,0.8580542264752791,2758
OULAD,full,none,KNN,1,0.891876355919087,0.8108343673514359,0.8328194182926392,0.7483492296404989,0.6649282920469362,0.8557046979865772,2755
OULAD,full,none,KNN,2,0.8897108203326872,0.8095564914913208,0.8260449928740236,0.7407407407407407,0.6779661016949152,0.8163265306122449,2755
OULAD,full,none,KNN,3,0.8805350816815165,0.8119550218532587,0.8293662479245638,0.7453505007153076,0.6792698826597132,0.8256735340729001,2754
OULAD,full,none,KNN,4,0.895352385026794,0.8234492257037104,0.8414237753873147,0.7634024303073624,0.6962190352020861,0.8449367088607594,2754
OULAD,full,none,Ridge,0,0.9116418681951424,0.8229984558207706,0.8445139733485544,0.7665454545454545,0.6861979166666666,0.8682042833607908,2758
OULAD,full,none,Ridge,1,0.9014717378587037,0.8091403702528076,0.8339301355893943,0.7486950037285608,0.6544980443285529,0.8745644599303136,2755
OULAD,full,none,Ridge,2,0.895130233814884,0.8109370040320147,0.8334656631229227,0.7490802060338484,0.6636245110821382,0.8597972972972973,2755
OULAD,full,none,Ridge,3,0.8894715914198483,0.795429745759431,0.8193438074652386,0.726457399103139,0.6336375488917861,0.851138353765324,2754
OULAD,full,none,Ridge,4,0.9025468019309345,0.8084219526006395,0.8318012815639018,0.7461139896373057,0.6571056062581486,0.863013698630137,2754
OULAD,full,none,LR,0,0.9191115080611391,0.8396742828726969,0.8584617987915035,0.7888730385164051,0.7200520833333334,0.8722397476340694,2758
OULAD,full,none,LR,1,0.9054296443589831,0.8235281965587529,0.8455358087379667,0.7678832116788321,0.6857887874837028,0.8723051409618574,2755
OULAD,full,none,LR,2,0.9009362563910188,0.8198119617312742,0.8409886282691263,0.7612809315866085,0.681877444589309,0.8616144975288303,2755
OULAD,full,none,LR,3,0.9008230814505498,0.8133280272225791,0.834424780586573,0.75127644055434,0.6714471968709257,0.8526490066225165,2754
OULAD,full,none,LR,4,0.9077586450126606,0.8252562779317192,0.8433401043856552,0.7662616154395997,0.6988265971316818,0.8481012658227848,2754
OULAD,full,none,SVC,0,0.8980118692420436,0.825989975921273,0.8555947944651472,0.7803030303030303,0.6705729166666666,0.9329710144927537,2758
OULAD,full,none,SVC,1,0.890201377758074,0.8084625746657257,0.8391648934778189,0.7540478026214341,0.6375488917861799,0.9226415094339623,2755
OULAD,full,none,SVC,2,0.8894586554529261,0.8164803685214284,0.845004340685273,0.7642153146322972,0.6571056062581486,0.9130434782608695,2755
OULAD,full,none,SVC,3,0.8898226346086591,0.8077480809092216,0.8369882057082995,0.7513389441469013,0.6401564537157758,0.9092592592592592,2754
OULAD,full,none,SVC,4,0.8931847753553247,0.8166685148379722,0.8438013997754007,0.7629796839729119,0.6610169491525424,0.902135231316726,2754
OULAD,full,none,ABC,0,0.9148015467964825,0.838018216080402,0.8562734647344032,0.7857651245551601,0.71875,0.8665620094191523,2758
OULAD,full,none,ABC,1,0.9025712292004963,0.823620667945089,0.8436847679595627,0.7658959537572254,0.6910039113428944,0.8589951377633711,2755
OULAD,full,none,ABC,2,0.9009051046828559,0.8231176498364372,0.8428706491267113,0.7647907647907648,0.6910039113428944,0.8562197092084006,2755
OULAD,full,none,ABC,3,0.8914115151352108,0.8163358440029684,0.8368433793270396,0.7552650689905592,0.6779661016949152,0.8524590163934426,2754
OULAD,full,none,ABC,4,0.897450114138248,0.8203839953176744,0.8374943769680612,0.7578347578347578,0.6936114732724902,0.8351648351648352,2754
OULAD,full,none,GBC,0,0.9317806480318258,0.8466983354271357,0.8673994113515502,0.8017241379310345,0.7265625,0.8942307692307693,2758
OULAD,full,none,GBC,1,0.922480121931065,0.8259406504214335,0.8489782046221988,0.7727272727272727,0.6870925684485006,0.8827470686767169,2755
OULAD,full,none,GBC,2,0.9161343550219176,0.8261357584883486,0.8477756990137367,0.7714701601164483,0.6910039113428944,0.8731466227347611,2755
OULAD,full,none,GBC,3,0.9191563940056259,0.8209108881786371,0.8432675170538135,0.7642752562225475,0.6805736636245111,0.8714524207011686,2754
OULAD,full,none,GBC,4,0.9222111259037723,0.8322328512121488,0.8505967450271248,0.7771428571428571,0.7092568448500652,0.8593996840442338,2754
OULAD,full,none,XGB,0,0.9227586500209382,0.8315077994137353,0.850796906134242,0.7770609318996415,0.7057291666666666,0.8644338118022329,2758
OULAD,full,none,XGB,1,0.9149066498075809,0.8211157426960721,0.8421115733396338,0.7630813953488372,0.6844850065189049,0.8620689655172413,2755
OULAD,full,none,XGB,2,0.9138770038746167,0.8206487949863457,0.8379164547221414,0.7583749109052031,0.6936114732724902,0.8364779874213837,2755
OULAD,full,none,XGB,3,0.9118038436276475,0.8164388604153858,0.8374965102587384,0.7560087399854334,0.6766623207301173,0.8564356435643564,2754
OULAD,full,none,XGB,4,0.9168752694338493,0.8257021355892834,0.8425685975609756,0.765625,0.7027379400260756,0.8408736349453978,2754
OULAD,full,none,CB,0,0.93474828569933,0.8390343645309883,0.8605544950707137,0.7910339840925524,0.7122395833333334,0.8894308943089431,2758
OULAD,full,none,CB,1,0.9281090716397472,0.8285019766578612,0.8521699677462713,0.7773695811903012,0.6897001303780965,0.8905723905723906,2755
OULAD,full,none,CB,2,0.9204723123617848,0.8249244489098869,0.8447986166220889,0.7676767676767676,0.6936114732724902,0.8594507269789984,2755
OULAD,full,none,CB,3,0.9202367540250218,0.8187491839066054,0.8402514745248753,0.7600291757840992,0.6792698826597132,0.8625827814569537,2754
OULAD,full,none,CB,4,0.9253485333940495,0.8261598040457235,0.8442982688848255,0.7676912080057183,0.7001303780964798,0.8496835443037974,2754
OULAD,full,smote,NB,0,0.8771222649706867,0.8073355056532663,0.7735498806776298,0.6963696369636964,0.82421875,0.6028571428571429,2758
OULAD,full,smote,NB,1,0.8745232149087484,0.8003913310370698,0.7674219156440767,0.6879823594266814,0.8135593220338984,0.5959885386819485,2755
OULAD,full,smote,NB,2,0.8536033672701135,0.7821180669414138,0.7499008860135581,0.6652030735455543,0.7900912646675359,0.5744075829383887,2755
OULAD,full,smote,NB,3,0.8510471257436703,0.7811002940232765,0.7477510938909115,0.6633933442444081,0.7926988265971316,0.5703564727954972,2754
OULAD,full,smote,NB,4,0.8597218294402533,0.7866008455219684,0.7490908047237383,0.6680965147453083,0.8122555410691004,0.5673952641165756,2754
OULAD,full,smote,DT,0,0.8024615263819095,0.7990178758375209,0.7855479784915894,0.6993939393939393,0.7513020833333334,0.6541950113378685,2758
OULAD,full,smote,DT,1,0.798985569217128,0.7944872625584012,0.7862917590815588,0.6970074812967582,0.7288135593220338,0.6678614097968937,2755
OULAD,full,smote,DT,2,0.7921938410121746,0.7861468025886742,0.7663136906628465,0.6775892334698654,0.7548891786179922,0.6146496815286624,2755
OULAD,full,smote,DT,3,0.7868665884966757,0.7834037278818184,0.7746056272005136,0.6811414392059554,0.7157757496740548,0.6497041420118344,2754
OULAD,full,smote,DT,4,0.805435460873776,0.8008207192907747,0.7823235313262311,0.6982248520710059,0.7692307692307693,0.6392199349945829,2754
OULAD,full,smote,XT,0,0.9288915279522613,0.8472715138190955,0.8496406867362504,0.7820934825543121,0.7734375,0.7909454061251664,2758
OULAD,full,smote,XT,1,0.9230818417676857,0.8324188940684525,0.8443540965574324,0.7704011065006916,0.7262059973924381,0.8203240058910162,2755
OULAD,full,smote,XT,2,0.9130375473178052,0.8285898572661523,0.8368488489781856,0.7608695652173914,0.7301173402868318,0.7943262411347518,2755
OULAD,full,smote,XT,3,0.9117497107994663,0.8211490726226338,0.8305302969340951,0.7510259917920656,0.7157757496740548,0.7899280575539568,2754
OULAD,full,smote,XT,4,0.9177922467354624,0.8390929568925526,0.8434658265597609,0.7723035952063915,0.7561929595827901,0.7891156462585034,2754
OULAD,full,smote,RF,0,0.9287937081239531,0.8445646199748744,0.8469151402722548,0.7781435154707044,0.76953125,0.7869507323568575,2758
OULAD,full,smote,RF,1,0.9247289473477108,0.8412374507803011,0.8498267814458298,0.779891304347826,0.7483702737940026,0.8141843971631205,2755
OULAD,full,smote,RF,2,0.9123548330399607,0.8315312343421677,0.8351344321884664,0.7604512276045122,0.7470664928292047,0.7743243243243243,2755
OULAD,full,smote,RF,3,0.914383847026533,0.8233327581036843,0.8277604790419162,0.7493333333333333,0.7327249022164276,0.7667121418826739,2754
OULAD,full,smote,RF,4,0.9190976680889931,0.8395388145501168,0.8426798258852974,0.771674387822634,0.7601043024771839,0.7836021505376344,2754
OULAD,full,smote,MLP,0,0.9328089012772194,0.8629547476968175,0.8522567718255813,0.7908131595282434,0.8294270833333334,0.7556346381969158,2758
OULAD,full,smote,MLP,1,0.9209156503558509,0.8455649149132081,0.8445978723164225,0.7761194029850746,0.7796610169491526,0.772609819121447,2755
OULAD,full,smote,MLP,2,0.9142121306719063,0.8416027455476012,0.8293705573705574,0.7593846153846154,0.8044328552803129,0.7191142191142191,2755
OULAD,full,smote,MLP,3,0.9153628310222444,0.8347341159518618,0.8304728914081771,0.7573435504469987,0.7731421121251629,0.7421777221526908,2754
OULAD,full,smote,MLP,4,0.9187177540584859,0.848412005283364,0.8386546653544722,0.7713395638629283,0.8070404172099087,0.7386634844868735,2754
OULAD,full,smote,KNN,0,0.8981999842964823,0.8216446817420435,0.8010321864594895,0.7247058823529412,0.8020833333333334,0.6609442060085837,2758
OULAD,full,smote,KNN,1,0.8872849220485888,0.8243355176692488,0.8121833256381652,0.7354205033763045,0.7809647979139505,0.6948955916473318,2755
OULAD,full,smote,KNN,2,0.8797717858651256,0.8108927358151516,0.7901494181413582,0.710093896713615,0.788787483702738,0.6456776947705443,2755
OULAD,full,smote,KNN,3,0.8735384956585471,0.8134700848868361,0.7942743962730263,0.714792899408284,0.78748370273794,0.6543878656554712,2754
OULAD,full,smote,KNN,4,0.8876366525833825,0.8236149049657191,0.8048548233408936,0.7288941736028538,0.7992177314211213,0.6699453551912569,2754
OULAD,full,smote,Ridge,0,0.9120207155569513,0.8424407192211055,0.840665802750028,0.7708198837959974,0.77734375,0.764404609475032,2758
OULAD,full,smote,Ridge,1,0.9013694290908424,0.8407603377763321,0.8430881267003016,0.7725774555042848,0.7640156453715776,0.7813333333333333,2755
OULAD,full,smote,Ridge,2,0.8978801098638769,0.8267423970157319,0.8254365474408116,0.7487046632124352,0.7535853976531942,0.7438867438867439,2755
OULAD,full,smote,Ridge,3,0.8913173568219502,0.8202439061198967,0.8193477107617402,0.7397793640493187,0.7431551499348109,0.7364341085271318,2754
OULAD,full,smote,Ridge,4,0.9033282831232214,0.8226910380314285,0.8193476736029928,0.7410256410256411,0.7535853976531942,0.7288776796973518,2754
OULAD,full,smote,LR,0,0.9179664599036852,0.8537609924623115,0.8388241237859686,0.7737226277372263,0.828125,0.726027397260274,2758
OULAD,full,smote,LR,1,0.9050440190031978,0.8370034417718829,0.8291310223868433,0.7570621468926554,0.7861799217731421,0.7300242130750605,2755
OULAD,full,smote,LR,2,0.9016891439904092,0.8362748197135879,0.8224000716203103,0.75045759609518,0.8018252933507171,0.7052752293577982,2755
OULAD,full,smote,LR,3,0.8996971186243831,0.8308329434676112,0.8194836963465273,0.7452190006169032,0.78748370273794,0.7072599531615925,2754
OULAD,full,smote,LR,4,0.9079364631512918,0.8387012320631694,0.8246058970413903,0.7536585365853659,0.8057366362451108,0.7079037800687286,2754
OULAD,full,smote,SVC,0,0.9239861416457286,0.8556558835845895,0.8496004921078874,0.7853071564281191,0.8072916666666666,0.7644882860665845,2758
OULAD,full,smote,SVC,1,0.9176634120236411,0.8488807683126136,0.8487411140474874,0.7817589576547231,0.7822685788787483,0.78125,2755
OULAD,full,smote,SVC,2,0.9063841982796387,0.8403655308644566,0.8322841144588426,0.7616060225846926,0.7913950456323338,0.7339782345828295,2755
OULAD,full,smote,SVC,3,0.9166141195475939,0.8383938232146502,0.8331517160210703,0.7616020343293071,0.7809647979139505,0.7431761786600496,2754
OULAD,full,smote,SVC,4,0.9164166167441695,0.8493611342041392,0.8386281533264377,0.771712158808933,0.8109517601043025,0.736094674556213,2754
OULAD,full,smote,ABC,0,0.9102795880443886,0.8452058469430486,0.8342054628281866,0.7656153370439085,0.8059895833333334,0.7290930506478209,2758
OULAD,full,smote,ABC,1,0.8976082702210657,0.836679791919706,0.8353344751632399,0.7629533678756477,0.7679269882659713,0.758043758043758,2755
OULAD,full,smote,ABC,2,0.9005985062919892,0.8259009729826154,0.8158532657200295,0.739454094292804,0.7770534550195567,0.7053254437869823,2755
OULAD,full,smote,ABC,3,0.8959717958122845,0.824886534311355,0.8189512490654567,0.7417721518987341,0.7640156453715776,0.7207872078720787,2754
OULAD,full,smote,ABC,4,0.8938635682129409,0.8243022278447457,0.8121546961325967,0.7354205033763045,0.7809647979139505,0.6948955916473318,2754
OULAD,full,smote,GBC,0,0.9333176298157453,0.857711735762144,0.8517625218774401,0.788339670468948,0.8098958333333334,0.7679012345679013,2758
OULAD,full,smote,GBC,1,0.9210389455376327,0.8498304035425066,0.8487118739801682,0.7821011673151751,0.7861799217731421,0.7780645161290323,2755
OULAD,full,smote,GBC,2,0.9159756452666455,0.8399651494363836,0.8321591366736696,0.7613065326633166,0.7900912646675359,0.7345454545454545,2755
OULAD,full,smote,GBC,3,0.9160557312229625,0.8352373872150727,0.83123511773525,0.7583120204603581,0.7731421121251629,0.7440401505646174,2754
OULAD,full,smote,GBC,4,0.9214171777571163,0.8456558241345802,0.8369157098547098,0.7684605757196495,0.8005215123859192,0.7388688327316486,2754
OULAD,full,smote,XGB,0,0.9228770807160803,0.8379403528056951,0.8386165625996245,0.766819072501633,0.7643229166666666,0.7693315858453473,2758
OULAD,full,smote,XGB,1,0.9134179260701103,0.8409193754443218,0.8453176868632908,0.7749667110519307,0.758800521512386,0.7918367346938775,2755
OULAD,full,smote,XGB,2,0.9116560510389586,0.8314082670731036,0.8296875379744864,0.7550096961861668,0.7614080834419817,0.7487179487179487,2755
OULAD,full,smote,XGB,3,0.9043581191696484,0.8185516811031811,0.8204690944864672,0.7399605003291639,0.7327249022164276,0.7473404255319149,2754
OULAD,full,smote,XGB,4,0.9154724089895927,0.8335451621983572,0.8324787934799884,0.7587548638132295,0.7627118644067796,0.7548387096774194,2754
OULAD,full,smote,CB,0,0.9334134867043552,0.854730030360134,0.854730030360134,0.7903645833333334,0.7903645833333334,0.7903645833333334,2758
OULAD,full,smote,CB,1,0.9216200068730507,0.8447382469523792,0.8503092716150125,0.7817938420348058,0.7614080834419817,0.8033012379642366,2755
OULAD,full,smote,CB,2,0.9182687389001546,0.8394926272104597,0.8386780725571658,0.7675324675324675,0.7705345501955672,0.7645536869340233,2755
OULAD,full,smote,CB,3,0.9175314249269535,0.8312584603048891,0.834723474801061,0.7599469496021221,0.7470664928292047,0.7732793522267206,2754
OULAD,full,smote,CB,4,0.9226835578588073,0.8449363496363914,0.8431465025759396,0.7744020685197156,0.7809647979139505,0.767948717948718,2754
OULAD,full,nearmiss,NB,0,0.883030713463149,0.8078144629396985,0.7793213999465669,0.700507614213198,0.80859375,0.6179104477611941,2758
OULAD,full,nearmiss,NB,1,0.8800393626426092,0.8077978955873442,0.7802159292190796,0.7010777084515031,0.8057366362451108,0.6204819277108434,2755
OULAD,full,nearmiss,NB,2,0.8613401399269148,0.7887599390344675,0.7593437211826635,0.6752232142857143,0.788787483702738,0.5902439024390244,2755
OULAD,full,nearmiss,NB,3,0.8616040114722227,0.7821422689463258,0.7551935346340028,0.668169014084507,0.7731421121251629,0.5882936507936508,2754
OULAD,full,nearmiss,NB,4,0.869952605888733,0.7909360648649074,0.7561938108379956,0.6750136091453457,0.8083441981747066,0.5794392523364486,2754
OULAD,full,nearmiss,DT,0,0.7381294493299833,0.7171763766750419,0.6789074094780958,0.5844889573703133,0.7408854166666666,0.48261238337574214,2758
OULAD,full,nearmiss,DT,1,0.7292267293460896,0.709323739044436,0.6626879100768776,0.574656188605108,0.7627118644067796,0.46099290780141844,2755
OULAD,full,nearmiss,DT,2,0.7341870650237804,0.7040059785046655,0.6585143738142565,0.5688976377952756,0.7535853976531942,0.45691699604743086,2755
OULAD,full,nearmiss,DT,3,0.7242978972184912,0.7022267948969475,0.6592253142520672,0.5671641791044776,0.7431551499348109,0.4585679806918745,2754
OULAD,full,nearmiss,DT,4,0.7448083336996868,0.7267942407920059,0.6839963746207984,0.5948406676783005,0.7666232073011734,0.4859504132231405,2754
OULAD,full,nearmiss,XT,0,0.8915475816582915,0.8276139813651591,0.8390772936207744,0.7627586206896552,0.7200520833333334,0.8108504398826979,2758
OULAD,full,nearmiss,XT,1,0.8937136508752646,0.8146791439641762,0.83226280734568,0.7496423462088698,0.6831812255541069,0.8304278922345484,2755
OULAD,full,nearmiss,XT,2,0.8946311506588421,0.8278094249984916,0.8414848992139317,0.7653631284916201,0.7144719687092569,0.8240601503759398,2755
OULAD,full,nearmiss,XT,3,0.884760066901614,0.810788049308773,0.8256464997868707,0.7410021171489062,0.6844850065189049,0.8076923076923077,2754
OULAD,full,nearmiss,XT,4,0.8978520093777743,0.8261243716490959,0.8368703553937896,0.7598072952512044,0.7196870925684485,0.8046647230320699,2754
OULAD,full,nearmiss,RF,0,0.8872942184882747,0.8323086788107202,0.8401069407610112,0.7658998646820027,0.7369791666666666,0.7971830985915493,2758
OULAD,full,nearmiss,RF,1,0.8831555171970547,0.8225379001518891,0.8355751266539835,0.756794425087108,0.7079530638852672,0.812874251497006,2755
OULAD,full,nearmiss,RF,2,0.8828784309507632,0.821362660972353,0.829432887568103,0.75,0.7196870925684485,0.7829787234042553,2755
OULAD,full,nearmiss,RF,3,0.8753826206719163,0.8122286386938831,0.8241703539823009,0.7402777777777778,0.6949152542372882,0.7919762258543833,2754
OULAD,full,nearmiss,RF,4,0.8888538210230906,0.8230017276574133,0.8315096967264879,0.7528931245745405,0.7209908735332464,0.7877492877492878,2754
OULAD,full,nearmiss,MLP,0,0.905725567943886,0.8408389604271357,0.8624845366614304,0.7939262472885033,0.71484375,0.8926829268292683,2758
OULAD,full,nearmiss,MLP,1,0.8877610513144053,0.8232665222101841,0.8426145806418476,0.7645788336933045,0.6923076923076923,0.8536977491961415,2755
OULAD,full,nearmiss,MLP,2,0.8895006282807667,0.8292824089255219,0.8473355175674158,0.7723054960742327,0.7053455019556715,0.8533123028391167,2755
OULAD,full,nearmiss,MLP,3,0.8916421537910368,0.8248222310730308,0.8466384896041865,0.7696793002915452,0.6883963494132985,0.8727272727272727,2754
OULAD,full,nearmiss,MLP,4,0.8872032618801874,0.8183472886670792,0.8294818060582969,0.7486187845303868,0.7066492829204694,0.7958883994126285,2754
OULAD,full,nearmiss,KNN,0,0.8664890206239532,0.8248501622696818,0.8347347517155876,0.757015742642026,0.7200520833333334,0.797979797979798,2758
OULAD,full,nearmiss,KNN,1,0.8621074556858753,0.8039206556155709,0.8167866447278211,0.7286713286713287,0.6792698826597132,0.7858220211161387,2755
OULAD,full,nearmiss,KNN,2,0.8607623577186718,0.8097109383812654,0.815708708716744,0.730820995962315,0.7079530638852672,0.7552155771905424,2755
OULAD,full,nearmiss,KNN,3,0.852584498064013,0.814663959806539,0.8219133469168447,0.7393364928909952,0.711864406779661,0.7690140845070422,2754
OULAD,full,nearmiss,KNN,4,0.8714732462440018,0.8250148127102568,0.8346482221982059,0.757015742642026,0.7209908735332464,0.7968299711815562,2754
OULAD,full,nearmiss,Ridge,0,0.915913224979062,0.8490649863902848,0.8489254663757662,0.782042940793754,0.7825520833333334,0.7815344603381015,2758
OULAD,full,nearmiss,Ridge,1,0.9036576040335889,0.8434807016807494,0.8483315312510342,0.7791861240827218,0.7614080834419817,0.7978142076502732,2755
OULAD,full,nearmiss,Ridge,2,0.8996567409673162,0.8353196099674973,0.8327781864964661,0.7598197037990985,0.7692307692307693,0.7506361323155216,2755
OULAD,full,nearmiss,Ridge,3,0.8979596188786434,0.8243274898312303,0.8269332664783172,0.7490092470277411,0.7392438070404173,0.7590361445783133,2754
OULAD,full,nearmiss,Ridge,4,0.9060316437548104,0.831635093557931,0.8300458495421903,0.7554980595084088,0.7614080834419817,0.7496790757381258,2754
OULAD,full,nearmiss,LR,0,0.9180770388400336,0.8516469064070351,0.8459342641741858,0.7799619530754597,0.80078125,0.7601977750309024,2758
OULAD,full,nearmiss,LR,1,0.9050328699708027,0.8412069548975731,0.842301710117008,0.7719528178243774,0.7679269882659713,0.7760210803689065,2755
OULAD,full,nearmiss,LR,2,0.8996685458251463,0.8364079522768948,0.8301339928577282,0.7577482605945604,0.7809647979139505,0.7358722358722358,2755
OULAD,full,nearmiss,LR,3,0.9001997337321009,0.8273690986195145,0.8259306350734585,0.7495145631067961,0.7548891786179922,0.7442159383033419,2754
OULAD,full,nearmiss,LR,4,0.9069312329358562,0.8337275734254401,0.828951292809244,0.7554140127388536,0.7731421121251629,0.7384806973848069,2754
OULAD,full,nearmiss,SVC,0,0.8945682186976548,0.8403475711892798,0.8643291594399758,0.7959034381858083,0.7083333333333334,0.9081803005008348,2758
OULAD,full,nearmiss,SVC,1,0.8816067854322808,0.8151201865692197,0.8422509982541356,0.7605421686746988,0.6584093872229465,0.9001782531194296,2755
OULAD,full,nearmiss,SVC,2,0.8819756872394734,0.822671032715196,0.843640317468852,0.7654320987654321,0.6870925684485006,0.8639344262295082,2755
OULAD,full,nearmiss,SVC,3,0.8873686130644496,0.8182577234422704,0.8419242569502507,0.7616236162361624,0.6727509778357236,0.8775510204081632,2754
OULAD,full,nearmiss,SVC,4,0.8931847753553245,0.8261260120378286,0.8477573345333088,0.7714701601164483,0.6910039113428944,0.8731466227347611,2754
OULAD,full,nearmiss,ABC,0,0.8909897796273032,0.8370491781825795,0.8401631690970701,0.7680105750165235,0.7565104166666666,0.7798657718120805,2758
OULAD,full,nearmiss,ABC,1,0.8759771798981634,0.822414932882825,0.8301161447503833,0.7511864406779661,0.7222946544980443,0.7824858757062146,2755
OULAD,full,nearmiss,ABC,2,0.8869629117599994,0.8189862775085979,0.8229669933903094,0.7425149700598802,0.727509778357236,0.7581521739130435,2755
OULAD,full,nearmiss,ABC,3,0.8749078921726555,0.8066808439996876,0.8133645562146059,0.727027027027027,0.7014341590612777,0.7545582047685835,2754
OULAD,full,nearmiss,ABC,4,0.8793969799787275,0.8209532102079422,0.8213387986802626,0.7419986936642717,0.7405475880052151,0.743455497382199,2754
OULAD,full,nearmiss,GBC,0,0.9088407532453937,0.8468134945561139,0.8591301021892954,0.7922705314009661,0.7473958333333334,0.8428781204111601,2758
OULAD,full,nearmiss,GBC,1,0.8996078819724082,0.8264492430462829,0.8388374788882069,0.761970853573907,0.7157757496740548,0.814540059347181,2755
OULAD,full,nearmiss,GBC,2,0.8973551216031521,0.8252943344552321,0.8375006989363893,0.7600554785020804,0.7144719687092569,0.8118518518518518,2755
OULAD,full,nearmiss,GBC,3,0.8988024506095357,0.8270971221676229,0.8418334360452959,0.7654494382022472,0.7105606258148631,0.8295281582952816,2754
OULAD,full,nearmiss,GBC,4,0.9047104746694452,0.8322886244290627,0.8411882537027544,0.7670299727520435,0.7340286831812256,0.8031383737517832,2754
OULAD,full,nearmiss,XGB,0,0.8667340609296483,0.8200776015494138,0.8171456045367754,0.7376523412443874,0.7486979166666666,0.7269279393173198,2758
OULAD,full,nearmiss,XGB,1,0.8684899488193831,0.8061694810322168,0.8059243808714981,0.7200520833333334,0.7209908735332464,0.7191157347204161,2755
OULAD,full,nearmiss,XGB,2,0.8795101115165569,0.807463096702772,0.8047631307595186,0.7197943444730077,0.7301173402868318,0.7097591888466414,2755
OULAD,full,nearmiss,XGB,3,0.8600226767338417,0.8017393369811204,0.8041613278570432,0.7159841479524438,0.7066492829204694,0.7255689424364123,2754
OULAD,full,nearmiss,XGB,4,0.8832978243852314,0.811472091410334,0.8129708908907853,0.7293035479632063,0.7235984354628422,0.7350993377483444,2754
OULAD,full,nearmiss,CB,0,0.9077035568467337,0.8425532610971525,0.8548535395513834,0.7859116022099447,0.7408854166666666,0.836764705882353,2758
OULAD,full,nearmiss,CB,1,0.9017094745788944,0.8283688440945542,0.8438630734993142,0.7681465821000705,0.7105606258148631,0.8358895705521472,2755
OULAD,full,nearmiss,CB,2,0.9005847339578541,0.822743173513047,0.836868681927784,0.7582340574632095,0.7053455019556715,0.8196969696969697,2755
OULAD,full,nearmiss,CB,3,0.8968336560524767,0.8209784721944267,0.836497837864705,0.7570621468926554,0.6988265971316818,0.8258859784283513,2754
OULAD,full,nearmiss,CB,4,0.9053902517603012,0.8280344402895221,0.8393907259230695,0.7632850241545893,0.7209908735332464,0.8108504398826979,2754
