dataset,stage,sampler,model,fold,roc_auc,bal_acc,f1_macro,f1_fail,recall_fail,precision_fail,n_test
AUC,1,none,NB,0,0.6954941860465116,0.6954941860465116,0.6261160714285714,0.609375,0.45348837209302323,0.9285714285714286,134
AUC,1,none,NB,1,0.7000968992248062,0.7000968992248062,0.6255309635591326,0.6031746031746031,0.4418604651162791,0.95,134
AUC,1,none,NB,2,0.7790697674418605,0.7790697674418605,0.7164179104477612,0.7164179104477612,0.5581395348837209,1.0,134
AUC,1,none,NB,3,0.7025193798449612,0.7025193798449612,0.6417112299465241,0.6363636363636364,0.4883720930232558,0.9130434782608695,134
AUC,1,none,NB,4,0.7395833333333333,0.7395833333333333,0.6713489409141583,0.6615384615384615,0.5,0.9772727272727273,134
AUC,1,none,DT,0,0.7648982558139534,0.7044573643410853,0.7088222511951325,0.8022598870056498,0.8255813953488372,0.7802197802197802,134
AUC,1,none,DT,1,0.7876695736434108,0.7228682170542635,0.7196820273743352,0.7928994082840237,0.7790697674418605,0.8072289156626506,134
AUC,1,none,DT,2,0.8406007751937984,0.6952519379844961,0.7021654918397155,0.8066298342541437,0.8488372093023255,0.7684210526315789,134
AUC,1,none,DT,3,0.7657461240310077,0.6826550387596899,0.6925775978407558,0.8210526315789474,0.9069767441860465,0.75,134
AUC,1,none,DT,4,0.782703488372093,0.690406976744186,0.6876456876456877,0.7692307692307693,0.7558139534883721,0.7831325301204819,134
AUC,1,none,XT,0,0.7650193798449613,0.7044573643410853,0.7088222511951325,0.8022598870056498,0.8255813953488372,0.7802197802197802,134
AUC,1,none,XT,1,0.7879118217054264,0.7228682170542635,0.7196820273743352,0.7928994082840237,0.7790697674418605,0.8072289156626506,134
AUC,1,none,XT,2,0.8406007751937984,0.6952519379844961,0.7021654918397155,0.8066298342541437,0.8488372093023255,0.7684210526315789,134
AUC,1,none,XT,3,0.7657461240310077,0.6826550387596899,0.6925775978407558,0.8210526315789474,0.9069767441860465,0.75,134
AUC,1,none,XT,4,0.782703488372093,0.690406976744186,0.6876456876456877,0.7692307692307693,0.7558139534883721,0.7831325301204819,134
AUC,1,none,RF,0,0.7634447674418605,0.7148740310077519,0.7186264822134387,0.8068181818181818,0.8255813953488372,0.7888888888888889,134
AUC,1,none,RF,1,0.7903343023255813,0.7332848837209303,0.7288095238095238,0.7976190476190477,0.7790697674418605,0.8170731707317073,134
AUC,1,none,RF,2,0.8403585271317829,0.6836240310077519,0.6887828761534116,0.7932960893854749,0.8255813953488372,0.7634408602150538,134
AUC,1,none,RF,3,0.7693798449612403,0.6826550387596899,0.6925775978407558,0.8210526315789474,0.9069767441860465,0.75,134
AUC,1,none,RF,4,0.7810077519379846,0.690406976744186,0.6876456876456877,0.7692307692307693,0.7558139534883721,0.7831325301204819,134
AUC,1,none,MLP,0,0.7897286821705425,0.7148740310077519,0.7186264822134387,0.8068181818181818,0.8255813953488372,0.7888888888888889,134
AUC,1,none,MLP,1,0.8322432170542635,0.7541182170542635,0.7467517127332861,0.8072289156626506,0.7790697674418605,0.8375,134
AUC,1,none,MLP,2,0.8907461240310078,0.7531492248062015,0.7587384367045384,0.8361581920903954,0.8604651162790697,0.8131868131868132,134
AUC,1,none,MLP,3,0.7846414728682171,0.688468992248062,0.6993268511593118,0.8272251308900523,0.9186046511627907,0.7523809523809524,134
AUC,1,none,MLP,4,0.8127422480620154,0.720687984496124,0.7254609796982678,0.8135593220338984,0.8372093023255814,0.7912087912087912,134
AUC,1,none,KNN,0,0.734375,0.6647286821705426,0.6520685476891119,0.7169811320754716,0.6627906976744186,0.7808219178082192,134
AUC,1,none,KNN,1,0.7693798449612403,0.6787790697674418,0.674275211952333,0.7544910179640718,0.7325581395348837,0.7777777777777778,134
AUC,1,none,KNN,2,0.8162548449612403,0.7226259689922481,0.7016271767056809,0.7483870967741936,0.6744186046511628,0.8405797101449275,134
AUC,1,none,KNN,3,0.7191133720930233,0.623062015503876,0.6163599182004089,0.6993865030674846,0.6627906976744186,0.7402597402597403,134
AUC,1,none,KNN,4,0.7762839147286822,0.7412790697674418,0.7277529459569281,0.782608695652174,0.7325581395348837,0.84,134
AUC,1,none,Ridge,0,0.7897286821705425,0.5726744186046512,0.560847716845095,0.7738693467336684,0.8953488372093024,0.6814159292035398,134
AUC,1,none,Ridge,1,0.8322432170542635,0.6109496124031008,0.6058823529411765,0.8,0.9302325581395349,0.7017543859649122,134
AUC,1,none,Ridge,2,0.8907461240310078,0.6342054263565892,0.6305147058823529,0.8235294117647058,0.9767441860465116,0.711864406779661,134
AUC,1,none,Ridge,3,0.7846414728682171,0.5763081395348837,0.5490384615384616,0.7980769230769231,0.9651162790697675,0.680327868852459,134
AUC,1,none,Ridge,4,0.8127422480620154,0.5867248062015504,0.5649006098043874,0.8019323671497585,0.9651162790697675,0.6859504132231405,134
AUC,1,none,LR,0,0.7897286821705425,0.7148740310077519,0.7186264822134387,0.8068181818181818,0.8255813953488372,0.7888888888888889,134
AUC,1,none,LR,1,0.8322432170542635,0.7553294573643411,0.7517183671029825,0.8165680473372781,0.8023255813953488,0.8313253012048193,134
AUC,1,none,LR,2,0.8907461240310078,0.7531492248062015,0.7587384367045384,0.8361581920903954,0.8604651162790697,0.8131868131868132,134
AUC,1,none,LR,3,0.7846414728682171,0.688468992248062,0.6993268511593118,0.8272251308900523,0.9186046511627907,0.7523809523809524,134
AUC,1,none,LR,4,0.8127422480620154,0.720687984496124,0.7254609796982678,0.8135593220338984,0.8372093023255814,0.7912087912087912,134
AUC,1,none,SVC,0,0.7824612403100774,0.7148740310077519,0.7186264822134387,0.8068181818181818,0.8255813953488372,0.7888888888888889,134
AUC,1,none,SVC,1,0.8194040697674418,0.7541182170542635,0.7467517127332861,0.8072289156626506,0.7790697674418605,0.8375,134
AUC,1,none,SVC,2,0.8907461240310077,0.7681686046511628,0.7706040596722915,0.8390804597701149,0.8488372093023255,0.8295454545454546,134
AUC,1,none,SVC,3,0.754360465116279,0.6976744186046512,0.7080610021786492,0.8235294117647058,0.8953488372093024,0.7623762376237624,134
AUC,1,none,SVC,4,0.7982073643410853,0.690406976744186,0.6876456876456877,0.7692307692307693,0.7558139534883721,0.7831325301204819,134
AUC,1,none,ABC,0,0.7875484496124031,0.7148740310077519,0.7186264822134387,0.8068181818181818,0.8255813953488372,0.7888888888888889,134
AUC,1,none,ABC,1,0.8163759689922481,0.7553294573643411,0.7517183671029825,0.8165680473372781,0.8023255813953488,0.8313253012048193,134
AUC,1,none,ABC,2,0.867126937984496,0.7507267441860466,0.7495629107132091,0.8187134502923976,0.813953488372093,0.8235294117647058,134
AUC,1,none,ABC,3,0.7731346899224806,0.657703488372093,0.640422495004282,0.6967741935483871,0.627906976744186,0.782608695652174,134
AUC,1,none,ABC,4,0.7759205426356589,0.690406976744186,0.6876456876456877,0.7692307692307693,0.7558139534883721,0.7831325301204819,134
AUC,1,none,GBC,0,0.7663517441860466,0.7148740310077519,0.7186264822134387,0.8068181818181818,0.8255813953488372,0.7888888888888889,134
AUC,1,none,GBC,1,0.7940891472868218,0.7332848837209303,0.7288095238095238,0.7976190476190477,0.7790697674418605,0.8170731707317073,134
AUC,1,none,GBC,2,0.846656976744186,0.7473352713178294,0.7517292490118577,0.8295454545454546,0.8488372093023255,0.8111111111111111,134
AUC,1,none,GBC,3,0.7727713178294573,0.6826550387596899,0.6925775978407558,0.8210526315789474,0.9069767441860465,0.75,134
AUC,1,none,GBC,4,0.7894864341085271,0.690406976744186,0.6876456876456877,0.7692307692307693,0.7558139534883721,0.7831325301204819,134
AUC,1,none,XGB,0,0.7659883720930233,0.7148740310077519,0.7186264822134387,0.8068181818181818,0.8255813953488372,0.7888888888888889,134
AUC,1,none,XGB,1,0.7950581395348837,0.7332848837209303,0.7288095238095238,0.7976190476190477,0.7790697674418605,0.8170731707317073,134
AUC,1,none,XGB,2,0.8420542635658915,0.7449127906976745,0.7426170468187274,0.8117647058823529,0.8023255813953488,0.8214285714285714,134
AUC,1,none,XGB,3,0.7725290697674418,0.6826550387596899,0.6925775978407558,0.8210526315789474,0.9069767441860465,0.75,134
AUC,1,none,XGB,4,0.7863372093023256,0.690406976744186,0.6876456876456877,0.7692307692307693,0.7558139534883721,0.7831325301204819,134
AUC,1,none,CB,0,0.7795542635658914,0.7148740310077519,0.7186264822134387,0.8068181818181818,0.8255813953488372,0.7888888888888889,134
AUC,1,none,CB,1,0.8172238372093024,0.7553294573643411,0.7517183671029825,0.8165680473372781,0.8023255813953488,0.8313253012048193,134
AUC,1,none,CB,2,0.8677325581395349,0.7531492248062015,0.7587384367045384,0.8361581920903954,0.8604651162790697,0.8131868131868132,134
AUC,1,none,CB,3,0.7877906976744186,0.688468992248062,0.6993268511593118,0.8272251308900523,0.9186046511627907,0.7523809523809524,134
AUC,1,none,CB,4,0.8025678294573643,0.690406976744186,0.6876456876456877,0.7692307692307693,0.7558139534883721,0.7831325301204819,134
AUC,1,smote,NB,0,0.6954941860465116,0.6954941860465116,0.6261160714285714,0.609375,0.45348837209302323,0.9285714285714286,134
AUC,1,smote,NB,1,0.7000968992248062,0.7000968992248062,0.6255309635591326,0.6031746031746031,0.4418604651162791,0.95,134
AUC,1,smote,NB,2,0.7790697674418605,0.7790697674418605,0.7164179104477612,0.7164179104477612,0.5581395348837209,1.0,134
AUC,1,smote,NB,3,0.7025193798449612,0.7025193798449612,0.6417112299465241,0.6363636363636364,0.4883720930232558,0.9130434782608695,134
AUC,1,smote,NB,4,0.7395833333333333,0.7395833333333333,0.6713489409141583,0.6615384615384615,0.5,0.9772727272727273,134
AUC,1,smote,DT,0,0.7526647286821705,0.6901647286821706,0.6710248358549814,0.7225806451612903,0.6511627906976745,0.8115942028985508,134
AUC,1,smote,DT,1,0.7564195736434108,0.7165697674418605,0.6709821428571429,0.6857142857142857,0.5581395348837209,0.8888888888888888,134
AUC,1,smote,DT,2,0.8402374031007752,0.7136627906976745,0.7146334043200486,0.7976878612716763,0.8023255813953488,0.7931034482758621,134
AUC,1,smote,DT,3,0.7695009689922481,0.657703488372093,0.640422495004282,0.6967741935483871,0.627906976744186,0.782608695652174,134
AUC,1,smote,DT,4,0.7760416666666666,0.7410368217054264,0.7061899139821217,0.7346938775510204,0.627906976744186,0.8852459016393442,134
AUC,1,smote,XT,0,0.7503633720930232,0.6901647286821706,0.6710248358549814,0.7225806451612903,0.6511627906976745,0.8115942028985508,134
AUC,1,smote,XT,1,0.7711967054263565,0.7165697674418605,0.6709821428571429,0.6857142857142857,0.5581395348837209,0.8888888888888888,134
AUC,1,smote,XT,2,0.8402374031007752,0.7136627906976745,0.7146334043200486,0.7976878612716763,0.8023255813953488,0.7931034482758621,134
AUC,1,smote,XT,3,0.7695009689922481,0.657703488372093,0.640422495004282,0.6967741935483871,0.627906976744186,0.782608695652174,134
AUC,1,smote,XT,4,0.7760416666666666,0.7410368217054264,0.7061899139821217,0.7346938775510204,0.627906976744186,0.8852459016393442,134
AUC,1,smote,RF,0,0.7536337209302326,0.7156007751937985,0.6890247353823513,0.7284768211920529,0.6395348837209303,0.8461538461538461,134
AUC,1,smote,RF,1,0.7767684108527132,0.7269864341085271,0.6786570743405276,0.6906474820143885,0.5581395348837209,0.9056603773584906,134
AUC,1,smote,RF,2,0.8294573643410853,0.7020348837209303,0.70109121601254,0.783625730994152,0.7790697674418605,0.788235294117647,134
AUC,1,smote,RF,3,0.7726501937984497,0.657703488372093,0.640422495004282,0.6967741935483871,0.627906976744186,0.782608695652174,134
AUC,1,smote,RF,4,0.778343023255814,0.7410368217054264,0.7061899139821217,0.7346938775510204,0.627906976744186,0.8852459016393442,134
AUC,1,smote,MLP,0,0.7896075581395349,0.748062015503876,0.7193637855889512,0.7549668874172185,0.6627906976744186,0.8769230769230769,134
AUC,1,smote,MLP,1,0.8322432170542635,0.7756782945736435,0.7234956221069656,0.7338129496402878,0.5930232558139535,0.9622641509433962,134
AUC,1,smote,MLP,2,0.8907461240310078,0.8326065891472868,0.7893554906804401,0.8082191780821918,0.686046511627907,0.9833333333333333,134
AUC,1,smote,MLP,3,0.7846414728682171,0.657703488372093,0.640422495004282,0.6967741935483871,0.627906976744186,0.782608695652174,134
AUC,1,smote,MLP,4,0.8127422480620154,0.7422480620155039,0.7123163841807909,0.7466666666666667,0.6511627906976745,0.875,134
AUC,1,smote,KNN,0,0.7583575581395349,0.7274709302325582,0.7219422541056502,0.7904191616766467,0.7674418604651163,0.8148148148148148,134
AUC,1,smote,KNN,1,0.762718023255814,0.6836240310077519,0.6887828761534116,0.7932960893854749,0.8255813953488372,0.7634408602150538,134
AUC,1,smote,KNN,2,0.8157703488372092,0.781734496124031,0.7557530189109136,0.7922077922077922,0.7093023255813954,0.8970588235294118,134
AUC,1,smote,KNN,3,0.702156007751938,0.5755813953488372,0.5726435152374203,0.6746987951807228,0.6511627906976745,0.7,134
AUC,1,smote,KNN,4,0.726138565891473,0.7039728682170543,0.6750324290790142,0.7114093959731543,0.6162790697674418,0.8412698412698413,134
AUC,1,smote,Ridge,0,0.7897286821705425,0.7083333333333333,0.6492341966026176,0.6466165413533834,0.5,0.9148936170212766,134
AUC,1,smote,Ridge,1,0.8322432170542635,0.7059108527131783,0.6333277489250014,0.6141732283464567,0.45348837209302323,0.9512195121951219,134
AUC,1,smote,Ridge,2,0.8907461240310078,0.8197674418604651,0.7680236778913274,0.7801418439716312,0.6395348837209303,1.0,134
AUC,1,smote,Ridge,3,0.7846414728682171,0.7015503875968992,0.6626573426573427,0.6853146853146853,0.5697674418604651,0.8596491228070176,134
AUC,1,smote,Ridge,4,0.8127422480620154,0.7349806201550388,0.6715686274509804,0.6666666666666666,0.5116279069767442,0.9565217391304348,134
AUC,1,smote,LR,0,0.7897286821705425,0.748062015503876,0.7193637855889512,0.7549668874172185,0.6627906976744186,0.8769230769230769,134
AUC,1,smote,LR,1,0.8322432170542635,0.7756782945736435,0.7234956221069656,0.7338129496402878,0.5930232558139535,0.9622641509433962,134
AUC,1,smote,LR,2,0.8907461240310078,0.8326065891472868,0.7893554906804401,0.8082191780821918,0.686046511627907,0.9833333333333333,134
AUC,1,smote,LR,3,0.7846414728682171,0.657703488372093,0.640422495004282,0.6967741935483871,0.627906976744186,0.782608695652174,134
AUC,1,smote,LR,4,0.8127422480620154,0.7422480620155039,0.7123163841807909,0.7466666666666667,0.6511627906976745,0.875,134
AUC,1,smote,SVC,0,0.7781007751937985,0.7664728682170543,0.7226293706293706,0.7412587412587412,0.6162790697674418,0.9298245614035088,134
AUC,1,smote,SVC,1,0.8240067829457365,0.7291666666666667,0.6640106981668246,0.6564885496183206,0.5,0.9555555555555556,134
AUC,1,smote,SVC,2,0.8653100775193799,0.8267926356589147,0.7821138211382115,0.8,0.6744186046511628,0.9830508474576272,134
AUC,1,smote,SVC,3,0.7604166666666667,0.6981589147286822,0.668018018018018,0.7027027027027027,0.6046511627906976,0.8387096774193549,134
AUC,1,smote,SVC,4,0.8025678294573643,0.7281976744186047,0.6854460093896713,0.704225352112676,0.5813953488372093,0.8928571428571429,134
AUC,1,smote,ABC,0,0.7906976744186047,0.7468507751937985,0.7132882882882883,0.7432432432432432,0.6395348837209303,0.8870967741935484,134
AUC,1,smote,ABC,1,0.8068071705426356,0.7291666666666667,0.6640106981668246,0.6564885496183206,0.5,0.9555555555555556,134
AUC,1,smote,ABC,2,0.8712451550387598,0.8326065891472868,0.7893554906804401,0.8082191780821918,0.686046511627907,0.9833333333333333,134
AUC,1,smote,ABC,3,0.7743459302325582,0.657703488372093,0.640422495004282,0.6967741935483871,0.627906976744186,0.782608695652174,134
AUC,1,smote,ABC,4,0.783187984496124,0.7410368217054264,0.7061899139821217,0.7346938775510204,0.627906976744186,0.8852459016393442,134
AUC,1,smote,GBC,0,0.7600532945736433,0.7156007751937985,0.6890247353823513,0.7284768211920529,0.6395348837209303,0.8461538461538461,134
AUC,1,smote,GBC,1,0.7818556201550387,0.7257751937984496,0.6715686274509804,0.6764705882352942,0.5348837209302325,0.92,134
AUC,1,smote,GBC,2,0.8490794573643411,0.7599321705426356,0.7537202822078615,0.8143712574850299,0.7906976744186046,0.8395061728395061,134
AUC,1,smote,GBC,3,0.7756782945736435,0.657703488372093,0.640422495004282,0.6967741935483871,0.627906976744186,0.782608695652174,134
AUC,1,smote,GBC,4,0.7772529069767442,0.7410368217054264,0.7061899139821217,0.7346938775510204,0.627906976744186,0.8852459016393442,134
AUC,1,smote,XGB,0,0.7594476744186046,0.7156007751937985,0.6890247353823513,0.7284768211920529,0.6395348837209303,0.8461538461538461,134
AUC,1,smote,XGB,1,0.79203003875969,0.7374031007751938,0.6862876254180602,0.6956521739130435,0.5581395348837209,0.9230769230769231,134
AUC,1,smote,XGB,2,0.843265503875969,0.7483042635658914,0.7398058252427184,0.8,0.7674418604651163,0.8354430379746836,134
AUC,1,smote,XGB,3,0.772044573643411,0.657703488372093,0.640422495004282,0.6967741935483871,0.627906976744186,0.782608695652174,134
AUC,1,smote,XGB,4,0.7764050387596899,0.7410368217054264,0.7061899139821217,0.7346938775510204,0.627906976744186,0.8852459016393442,134
AUC,1,smote,CB,0,0.7722868217054264,0.7156007751937985,0.6890247353823513,0.7284768211920529,0.6395348837209303,0.8461538461538461,134
AUC,1,smote,CB,1,0.8184350775193798,0.7291666666666667,0.6640106981668246,0.6564885496183206,0.5,0.9555555555555556,134
AUC,1,smote,CB,2,0.8597383720930232,0.8267926356589147,0.7821138211382115,0.8,0.6744186046511628,0.9830508474576272,134
AUC,1,smote,CB,3,0.7834302325581395,0.657703488372093,0.640422495004282,0.6967741935483871,0.627906976744186,0.782608695652174,134
AUC,1,smote,CB,4,0.7880329457364341,0.7410368217054264,0.7061899139821217,0.7346938775510204,0.627906976744186,0.8852459016393442,134
AUC,1,nearmiss,NB,0,0.6954941860465116,0.6954941860465116,0.6261160714285714,0.609375,0.45348837209302323,0.9285714285714286,134
AUC,1,nearmiss,NB,1,0.7000968992248062,0.7000968992248062,0.6255309635591326,0.6031746031746031,0.4418604651162791,0.95,134
AUC,1,nearmiss,NB,2,0.7790697674418605,0.7790697674418605,0.7164179104477612,0.7164179104477612,0.5581395348837209,1.0,134
AUC,1,nearmiss,NB,3,0.7025193798449612,0.7025193798449612,0.6417112299465241,0.6363636363636364,0.4883720930232558,0.9130434782608695,134
AUC,1,nearmiss,NB,4,0.7395833333333333,0.7395833333333333,0.6713489409141583,0.6615384615384615,0.5,0.9772727272727273,134
AUC,1,nearmiss,DT,0,0.6910125968992249,0.6979166666666667,0.6417910447761194,0.6417910447761194,0.5,0.8958333333333334,134
AUC,1,nearmiss,DT,1,0.7220203488372092,0.7037306201550388,0.6492341966026176,0.6518518518518519,0.5116279069767442,0.8979591836734694,134
AUC,1,nearmiss,DT,2,0.7839147286821706,0.7594476744186047,0.7085494395181529,0.7194244604316546,0.5813953488372093,0.9433962264150944,134
AUC,1,nearmiss,DT,3,0.6566133720930232,0.6945251937984496,0.6487647091629023,0.6618705035971223,0.5348837209302325,0.8679245283018868,134
AUC,1,nearmiss,DT,4,0.777858527131783,0.7398255813953488,0.6998207885304659,0.7222222222222222,0.6046511627906976,0.896551724137931,134
AUC,1,nearmiss,XT,0,0.684108527131783,0.6979166666666667,0.6417910447761194,0.6417910447761194,0.5,0.8958333333333334,134
AUC,1,nearmiss,XT,1,0.7252906976744187,0.7037306201550388,0.6492341966026176,0.6518518518518519,0.5116279069767442,0.8979591836734694,134
AUC,1,nearmiss,XT,2,0.7848837209302326,0.7594476744186047,0.7085494395181529,0.7194244604316546,0.5813953488372093,0.9433962264150944,134
AUC,1,nearmiss,XT,3,0.6604893410852712,0.6945251937984496,0.6487647091629023,0.6618705035971223,0.5348837209302325,0.8679245283018868,134
AUC,1,nearmiss,XT,4,0.777858527131783,0.7398255813953488,0.6998207885304659,0.7222222222222222,0.6046511627906976,0.896551724137931,134
AUC,1,nearmiss,RF,0,0.6868943798449613,0.7083333333333333,0.6492341966026176,0.6466165413533834,0.5,0.9148936170212766,134
AUC,1,nearmiss,RF,1,0.7251695736434108,0.6792635658914729,0.6111607142857143,0.59375,0.4418604651162791,0.9047619047619048,134
AUC,1,nearmiss,RF,2,0.7940891472868217,0.7906976744186047,0.7312834224598931,0.7352941176470589,0.5813953488372093,1.0,134
AUC,1,nearmiss,RF,3,0.6647286821705426,0.6945251937984496,0.6487647091629023,0.6618705035971223,0.5348837209302325,0.8679245283018868,134
AUC,1,nearmiss,RF,4,0.7831879844961239,0.7466085271317829,0.6865671641791045,0.6865671641791045,0.5348837209302325,0.9583333333333334,134
AUC,1,nearmiss,MLP,0,0.7897286821705426,0.6954941860465116,0.6261160714285714,0.609375,0.45348837209302323,0.9285714285714286,134
AUC,1,nearmiss,MLP,1,0.8322432170542635,0.6698158914728682,0.5760451977401131,0.5254237288135594,0.36046511627906974,0.96875,134
AUC,1,nearmiss,MLP,2,0.8914728682170543,0.7674418604651163,0.7014260249554367,0.696969696969697,0.5348837209302325,1.0,134
AUC,1,nearmiss,MLP,3,0.7846414728682171,0.6967054263565892,0.6341449824483201,0.6259541984732825,0.47674418604651164,0.9111111111111111,134
AUC,1,nearmiss,MLP,4,0.8127422480620154,0.7279554263565892,0.6560267857142856,0.640625,0.47674418604651164,0.9761904761904762,134
AUC,1,nearmiss,KNN,0,0.7703488372093024,0.7044573643410853,0.7088222511951325,0.8022598870056498,0.8255813953488372,0.7802197802197802,134
AUC,1,nearmiss,KNN,1,0.7244428294573645,0.6882267441860466,0.6921835226919972,0.7909604519774012,0.813953488372093,0.7692307692307693,134
AUC,1,nearmiss,KNN,2,0.7552083333333334,0.6615794573643411,0.6654182272159801,0.7752808988764045,0.8023255813953488,0.75,134
AUC,1,nearmiss,KNN,3,0.7078488372093024,0.6451065891472868,0.6386022514071295,0.7195121951219512,0.686046511627907,0.7564102564102564,134
AUC,1,nearmiss,KNN,4,0.7830668604651162,0.6974321705426356,0.6983267417097658,0.7861271676300579,0.7906976744186046,0.7816091954022989,134
AUC,1,nearmiss,Ridge,0,0.7897286821705425,0.6477713178294574,0.5524990094526518,0.49572649572649574,0.3372093023255814,0.9354838709677419,134
AUC,1,nearmiss,Ridge,1,0.8322432170542635,0.6395348837209303,0.5219792865362486,0.43636363636363634,0.27906976744186046,1.0,134
AUC,1,nearmiss,Ridge,2,0.8907461240310078,0.7151162790697674,0.631847490888702,0.6016260162601627,0.43023255813953487,1.0,134
AUC,1,nearmiss,Ridge,3,0.7846414728682171,0.7071220930232558,0.6414715719063545,0.6307692307692307,0.47674418604651164,0.9318181818181818,134
AUC,1,nearmiss,Ridge,4,0.8127422480620154,0.7034883720930233,0.6157868105920054,0.5785123966942148,0.4069767441860465,1.0,134
AUC,1,nearmiss,LR,0,0.7897286821705425,0.6477713178294574,0.5524990094526518,0.49572649572649574,0.3372093023255814,0.9354838709677419,134
AUC,1,nearmiss,LR,1,0.8322432170542635,0.627906976744186,0.5037037037037037,0.4074074074074074,0.2558139534883721,1.0,134
AUC,1,nearmiss,LR,2,0.8907461240310078,0.7151162790697674,0.631847490888702,0.6016260162601627,0.43023255813953487,1.0,134
AUC,1,nearmiss,LR,3,0.7846414728682171,0.6535852713178295,0.5609039548022599,0.5084745762711864,0.3488372093023256,0.9375,134
AUC,1,nearmiss,LR,4,0.8127422480620154,0.7034883720930233,0.6157868105920054,0.5785123966942148,0.4069767441860465,1.0,134
AUC,1,nearmiss,SVC,0,0.7507267441860465,0.6140988372093024,0.5115060378218272,0.43859649122807015,0.29069767441860467,0.8928571428571429,134
AUC,1,nearmiss,SVC,1,0.7091812015503876,0.6407461240310077,0.5333143020268342,0.46017699115044247,0.3023255813953488,0.9629629629629629,134
AUC,1,nearmiss,SVC,2,0.8454457364341086,0.7209302325581395,0.6397849462365591,0.6129032258064516,0.4418604651162791,1.0,134
AUC,1,nearmiss,SVC,3,0.6429263565891472,0.6223352713178295,0.5404508911002417,0.49586776859504134,0.3488372093023256,0.8571428571428571,134
AUC,1,nearmiss,SVC,4,0.7519379844961241,0.6593992248062015,0.5692290338954373,0.5210084033613446,0.36046511627906974,0.9393939393939394,134
AUC,1,nearmiss,ABC,0,0.7079699612403101,0.7083333333333333,0.6492341966026176,0.6466165413533834,0.5,0.9148936170212766,134
AUC,1,nearmiss,ABC,1,0.7389777131782946,0.6988856589147286,0.6168208578637511,0.5853658536585366,0.4186046511627907,0.972972972972973,134
AUC,1,nearmiss,ABC,2,0.8156492248062016,0.7790697674418605,0.7164179104477612,0.7164179104477612,0.5581395348837209,1.0,134
AUC,1,nearmiss,ABC,3,0.6638808139534884,0.6981589147286822,0.668018018018018,0.7027027027027027,0.6046511627906976,0.8387096774193549,134
AUC,1,nearmiss,ABC,4,0.7585998062015504,0.7410368217054264,0.7061899139821217,0.7346938775510204,0.627906976744186,0.8852459016393442,134
AUC,1,nearmiss,GBC,0,0.6919815891472869,0.7083333333333333,0.6492341966026176,0.6466165413533834,0.5,0.9148936170212766,134
AUC,1,nearmiss,GBC,1,0.7257751937984496,0.6780523255813954,0.6026853146853146,0.576,0.4186046511627907,0.9230769230769231,134
AUC,1,nearmiss,GBC,2,0.7921511627906976,0.7790697674418605,0.7164179104477612,0.7164179104477612,0.5581395348837209,1.0,134
AUC,1,nearmiss,GBC,3,0.6608527131782946,0.6945251937984496,0.6487647091629023,0.6618705035971223,0.5348837209302325,0.8679245283018868,134
AUC,1,nearmiss,GBC,4,0.7768895348837209,0.7398255813953488,0.6998207885304659,0.7222222222222222,0.6046511627906976,0.896551724137931,134
AUC,1,nearmiss,XGB,0,0.683624031007752,0.7083333333333333,0.6492341966026176,0.6466165413533834,0.5,0.9148936170212766,134
AUC,1,nearmiss,XGB,1,0.7216569767441859,0.7129360465116279,0.6490778403075723,0.6412213740458015,0.4883720930232558,0.9333333333333333,134
AUC,1,nearmiss,XGB,2,0.7967538759689923,0.7441860465116279,0.6709821428571429,0.65625,0.4883720930232558,1.0,134
AUC,1,nearmiss,XGB,3,0.6625484496124032,0.6945251937984496,0.6487647091629023,0.6618705035971223,0.5348837209302325,0.8679245283018868,134
AUC,1,nearmiss,XGB,4,0.7761627906976745,0.7466085271317829,0.6865671641791045,0.6865671641791045,0.5348837209302325,0.9583333333333334,134
AUC,1,nearmiss,CB,0,0.7020348837209303,0.7083333333333333,0.6492341966026176,0.6466165413533834,0.5,0.9148936170212766,134
AUC,1,nearmiss,CB,1,0.739704457364341,0.7046996124031008,0.6247759856630825,0.5967741935483871,0.43023255813953487,0.9736842105263158,134
AUC,1,nearmiss,CB,2,0.8180717054263565,0.7732558139534884,0.7089390142021721,0.706766917293233,0.5465116279069767,1.0,134
AUC,1,nearmiss,CB,3,0.6672722868217054,0.6945251937984496,0.6487647091629023,0.6618705035971223,0.5348837209302325,0.8679245283018868,134
AUC,1,nearmiss,CB,4,0.7674418604651163,0.7281976744186047,0.6854460093896713,0.704225352112676,0.5813953488372093,0.8928571428571429,134
AUC,2,none,NB,0,0.7743459302325582,0.7652616279069768,0.7158482142857143,0.7285714285714285,0.5930232558139535,0.9444444444444444,134
AUC,2,none,NB,1,0.7960271317829457,0.7873062015503876,0.7380912492321439,0.75177304964539,0.6162790697674418,0.9636363636363636,134
AUC,2,none,NB,2,0.8255813953488372,0.8255813953488372,0.7753185781354794,0.7887323943661971,0.6511627906976745,1.0,134
AUC,2,none,NB,3,0.8168604651162791,0.7955426356589147,0.7585585585585586,0.7837837837837838,0.6744186046511628,0.9354838709677419,134
AUC,2,none,NB,4,0.8379360465116279,0.8326065891472868,0.7893554906804401,0.8082191780821918,0.686046511627907,0.9833333333333333,134
AUC,2,none,DT,0,0.7833091085271318,0.7332848837209303,0.7288095238095238,0.7976190476190477,0.7790697674418605,0.8170731707317073,134
AUC,2,none,DT,1,0.8633720930232557,0.8214631782945736,0.8214631782945736,0.872093023255814,0.872093023255814,0.872093023255814,134
AUC,2,none,DT,2,0.78125,0.751937984496124,0.7542186353631695,0.8275862068965517,0.8372093023255814,0.8181818181818182,134
AUC,2,none,DT,3,0.7904554263565892,0.7671996124031008,0.7818300227938783,0.8648648648648649,0.9302325581395349,0.8080808080808081,134
AUC,2,none,DT,4,0.8358769379844962,0.8064437984496124,0.8106298003072197,0.8685714285714285,0.8837209302325582,0.8539325842696629,134
AUC,2,none,XT,0,0.8283672480620156,0.7553294573643411,0.7517183671029825,0.8165680473372781,0.8023255813953488,0.8313253012048193,134
AUC,2,none,XT,1,0.8860222868217055,0.8481104651162791,0.8465063001145475,0.8888888888888888,0.8837209302325582,0.8941176470588236,134
AUC,2,none,XT,2,0.809593023255814,0.7403100775193798,0.7403100775193798,0.813953488372093,0.813953488372093,0.813953488372093,134
AUC,2,none,XT,3,0.8546511627906975,0.7984496124031008,0.8116534628162535,0.8791208791208791,0.9302325581395349,0.8333333333333334,134
AUC,2,none,XT,4,0.8634932170542635,0.811046511627907,0.8124733799817463,0.8670520231213873,0.872093023255814,0.8620689655172413,134
AUC,2,none,RF,0,0.8558624031007751,0.8086240310077519,0.8013873243611787,0.8502994011976048,0.8255813953488372,0.8765432098765432,134
AUC,2,none,RF,1,0.8999515503875969,0.8248546511627908,0.8172763384122843,0.8622754491017964,0.8372093023255814,0.8888888888888888,134
AUC,2,none,RF,2,0.8943798449612403,0.7773740310077519,0.7747899159663866,0.8352941176470589,0.8255813953488372,0.8452380952380952,134
AUC,2,none,RF,3,0.9049176356589146,0.8042635658914729,0.8190935390549663,0.8852459016393442,0.9418604651162791,0.8350515463917526,134
AUC,2,none,RF,4,0.875968992248062,0.8318798449612403,0.8303490685476578,0.8771929824561403,0.872093023255814,0.8823529411764706,134
AUC,2,none,MLP,0,0.9047965116279071,0.8352713178294574,0.8258918025041342,0.8674698795180723,0.8372093023255814,0.9,134
AUC,2,none,MLP,1,0.9221172480620156,0.8619186046511628,0.8501912327155046,0.8848484848484849,0.8488372093023255,0.9240506329113924,134
AUC,2,none,MLP,2,0.9798934108527132,0.9198158914728682,0.8988796656411446,0.9192546583850931,0.8604651162790697,0.9866666666666667,134
AUC,2,none,MLP,3,0.9217538759689923,0.8180717054263565,0.8252933507170795,0.8813559322033898,0.9069767441860465,0.8571428571428571,134
AUC,2,none,MLP,4,0.9170300387596899,0.8376937984496124,0.8376937984496124,0.8837209302325582,0.8837209302325582,0.8837209302325582,134
AUC,2,none,KNN,0,0.8580426356589147,0.7715600775193798,0.7677365369673061,0.8284023668639053,0.813953488372093,0.8433734939759037,134
AUC,2,none,KNN,1,0.8827519379844961,0.814437984496124,0.8085714285714285,0.8571428571428571,0.8372093023255814,0.8780487804878049,134
AUC,2,none,KNN,2,0.910125968992248,0.8132267441860466,0.8028832009414534,0.8484848484848485,0.813953488372093,0.8860759493670886,134
AUC,2,none,KNN,3,0.900920542635659,0.8238856589147286,0.83270911360799,0.8876404494382022,0.9186046511627907,0.8586956521739131,134
AUC,2,none,KNN,4,0.8912306201550387,0.811046511627907,0.8124733799817463,0.8670520231213873,0.872093023255814,0.8620689655172413,134
AUC,2,none,Ridge,0,0.9016472868217054,0.8352713178294574,0.8258918025041342,0.8674698795180723,0.8372093023255814,0.9,134
AUC,2,none,Ridge,1,0.9250242248062016,0.8515019379844961,0.8417198204583038,0.8795180722891566,0.8488372093023255,0.9125,134
AUC,2,none,Ridge,2,0.9772286821705426,0.9605135658914729,0.9521428571428572,0.9642857142857143,0.9418604651162791,0.9878048780487805,134
AUC,2,none,Ridge,3,0.9178779069767442,0.8088662790697674,0.8212992951038293,0.8839779005524862,0.9302325581395349,0.8421052631578947,134
AUC,2,none,Ridge,4,0.9167877906976745,0.8064437984496124,0.8106298003072197,0.8685714285714285,0.8837209302325582,0.8539325842696629,134
AUC,2,none,LR,0,0.9016472868217054,0.8294573643410853,0.818652544866137,0.8606060606060606,0.8255813953488372,0.8987341772151899,134
AUC,2,none,LR,1,0.924297480620155,0.8502906976744187,0.8355828220858896,0.8711656441717791,0.8255813953488372,0.922077922077922,134
AUC,2,none,LR,2,0.9786821705426356,0.9430717054263565,0.9290379523389232,0.9454545454545454,0.9069767441860465,0.9873417721518988,134
AUC,2,none,LR,3,0.9212693798449612,0.8180717054263565,0.8252933507170795,0.8813559322033898,0.9069767441860465,0.8571428571428571,134
AUC,2,none,LR,4,0.9163032945736433,0.8376937984496124,0.8376937984496124,0.8837209302325582,0.8837209302325582,0.8837209302325582,134
AUC,2,none,SVC,0,0.898982558139535,0.8398740310077519,0.8271575984990619,0.8658536585365854,0.8255813953488372,0.9102564102564102,134
AUC,2,none,SVC,1,0.9177567829457365,0.8502906976744187,0.8355828220858896,0.8711656441717791,0.8255813953488372,0.922077922077922,134
AUC,2,none,SVC,2,0.9791666666666666,0.9198158914728682,0.8988796656411446,0.9192546583850931,0.8604651162790697,0.9866666666666667,134
AUC,2,none,SVC,3,0.8900193798449613,0.8330910852713178,0.8361457569087797,0.8850574712643678,0.8953488372093024,0.875,134
AUC,2,none,SVC,4,0.9143653100775193,0.8376937984496124,0.8376937984496124,0.8837209302325582,0.8837209302325582,0.8837209302325582,134
AUC,2,none,ABC,0,0.8984980620155039,0.7843992248062015,0.7869894839814136,0.8505747126436781,0.8604651162790697,0.8409090909090909,134
AUC,2,none,ABC,1,0.9192102713178295,0.8410852713178294,0.8331653524633901,0.874251497005988,0.8488372093023255,0.9012345679012346,134
AUC,2,none,ABC,2,0.9669331395348837,0.8931686046511628,0.8751455858374098,0.9012345679012346,0.8488372093023255,0.9605263157894737,134
AUC,2,none,ABC,3,0.9177567829457364,0.813468992248062,0.8233632540330174,0.88268156424581,0.9186046511627907,0.8494623655913979,134
AUC,2,none,ABC,4,0.90625,0.8318798449612403,0.8303490685476578,0.8771929824561403,0.872093023255814,0.8823529411764706,134
AUC,2,none,GBC,0,0.8799660852713179,0.7727713178294574,0.7727713178294574,0.8372093023255814,0.8372093023255814,0.8372093023255814,134
AUC,2,none,GBC,1,0.9144864341085271,0.845687984496124,0.8344218887908208,0.8727272727272727,0.8372093023255814,0.9113924050632911,134
AUC,2,none,GBC,2,0.9474321705426356,0.8444767441860466,0.8283251805264384,0.8641975308641975,0.813953488372093,0.9210526315789473,134
AUC,2,none,GBC,3,0.9155765503875969,0.8238856589147286,0.83270911360799,0.8876404494382022,0.9186046511627907,0.8586956521739131,134
AUC,2,none,GBC,4,0.9064922480620154,0.8376937984496124,0.8376937984496124,0.8837209302325582,0.8837209302325582,0.8837209302325582,134
AUC,2,none,XGB,0,0.8722141472868217,0.8086240310077519,0.8013873243611787,0.8502994011976048,0.8255813953488372,0.8765432098765432,134
AUC,2,none,XGB,1,0.9070978682170543,0.7994186046511628,0.7980346054138783,0.8538011695906432,0.8488372093023255,0.8588235294117647,134
AUC,2,none,XGB,2,0.9246608527131783,0.8260658914728682,0.8230492196878751,0.8705882352941177,0.8604651162790697,0.8809523809523809,134
AUC,2,none,XGB,3,0.8982558139534884,0.8088662790697674,0.8212992951038293,0.8839779005524862,0.9302325581395349,0.8421052631578947,134
AUC,2,none,XGB,4,0.8925629844961239,0.8202519379844961,0.8157910465602773,0.863905325443787,0.8488372093023255,0.8795180722891566,134
AUC,2,none,CB,0,0.8912306201550388,0.8040213178294574,0.7997728766959536,0.8520710059171598,0.8372093023255814,0.8674698795180723,134
AUC,2,none,CB,1,0.918968023255814,0.845687984496124,0.8344218887908208,0.8727272727272727,0.8372093023255814,0.9113924050632911,134
AUC,2,none,CB,2,0.9486434108527132,0.8699127906976745,0.8457997698504027,0.8734177215189873,0.8023255813953488,0.9583333333333334,134
AUC,2,none,CB,3,0.9210271317829457,0.8343023255813953,0.8419320792202147,0.8926553672316384,0.9186046511627907,0.8681318681318682,134
AUC,2,none,CB,4,0.9131540697674418,0.811046511627907,0.8124733799817463,0.8670520231213873,0.872093023255814,0.8620689655172413,134
AUC,2,smote,NB,0,0.7743459302325582,0.7652616279069768,0.7158482142857143,0.7285714285714285,0.5930232558139535,0.9444444444444444,134
AUC,2,smote,NB,1,0.7960271317829457,0.7873062015503876,0.7380912492321439,0.75177304964539,0.6162790697674418,0.9636363636363636,134
AUC,2,smote,NB,2,0.8255813953488372,0.8255813953488372,0.7753185781354794,0.7887323943661971,0.6511627906976745,1.0,134
AUC,2,smote,NB,3,0.8168604651162791,0.7955426356589147,0.7585585585585586,0.7837837837837838,0.6744186046511628,0.9354838709677419,134
AUC,2,smote,NB,4,0.8379360465116279,0.8326065891472868,0.7893554906804401,0.8082191780821918,0.686046511627907,0.9833333333333333,134
AUC,2,smote,DT,0,0.7933624031007752,0.749515503875969,0.7447619047619047,0.8095238095238095,0.7906976744186046,0.8292682926829268,134
AUC,2,smote,DT,1,0.8403585271317829,0.8156492248062015,0.814191836980768,0.8654970760233918,0.8604651162790697,0.8705882352941177,134
AUC,2,smote,DT,2,0.7909399224806202,0.751937984496124,0.7542186353631695,0.8275862068965517,0.8372093023255814,0.8181818181818182,134
AUC,2,smote,DT,3,0.8138323643410853,0.7880329457364341,0.8018643522982963,0.8743169398907104,0.9302325581395349,0.8247422680412371,134
AUC,2,smote,DT,4,0.8450823643410852,0.8006298449612403,0.8033749082905355,0.8620689655172413,0.872093023255814,0.8522727272727273,134
AUC,2,smote,XT,0,0.8266715116279071,0.7761627906976745,0.7696092962589671,0.8263473053892215,0.8023255813953488,0.8518518518518519,134
AUC,2,smote,XT,1,0.8832364341085273,0.8214631782945736,0.8214631782945736,0.872093023255814,0.872093023255814,0.872093023255814,134
AUC,2,smote,XT,2,0.8143168604651163,0.7611434108527132,0.758703481392557,0.8235294117647058,0.813953488372093,0.8333333333333334,134
AUC,2,smote,XT,3,0.8573158914728681,0.7984496124031008,0.8116534628162535,0.8791208791208791,0.9302325581395349,0.8333333333333334,134
AUC,2,smote,XT,4,0.8708817829457364,0.7994186046511628,0.7980346054138783,0.8538011695906432,0.8488372093023255,0.8588235294117647,134
AUC,2,smote,RF,0,0.8538032945736433,0.7969961240310077,0.7871138570167696,0.8363636363636363,0.8023255813953488,0.8734177215189873,134
AUC,2,smote,RF,1,0.8964389534883721,0.8398740310077519,0.8271575984990619,0.8658536585365854,0.8255813953488372,0.9102564102564102,134
AUC,2,smote,RF,2,0.8961967054263567,0.7599321705426356,0.7537202822078615,0.8143712574850299,0.7906976744186046,0.8395061728395061,134
AUC,2,smote,RF,3,0.8980135658914727,0.8296996124031008,0.8401858012679682,0.8938547486033519,0.9302325581395349,0.8602150537634409,134
AUC,2,smote,RF,4,0.8940164728682171,0.8202519379844961,0.8157910465602773,0.863905325443787,0.8488372093023255,0.8795180722891566,134
AUC,2,smote,MLP,0,0.9050387596899225,0.843265503875969,0.8221683688188794,0.8553459119496856,0.7906976744186046,0.9315068493150684,134
AUC,2,smote,MLP,1,0.919937015503876,0.8200096899224807,0.793434199257779,0.8258064516129032,0.7441860465116279,0.927536231884058,134
AUC,2,smote,MLP,2,0.9794089147286822,0.8907461240310077,0.8619505494505495,0.8846153846153846,0.8023255813953488,0.9857142857142858,134
AUC,2,smote,MLP,3,0.9219961240310077,0.842296511627907,0.8391356542617047,0.8823529411764706,0.872093023255814,0.8928571428571429,134
AUC,2,smote,MLP,4,0.9175145348837209,0.8224321705426356,0.805537818540663,0.84472049689441,0.7906976744186046,0.9066666666666666,134
AUC,2,smote,KNN,0,0.851138565891473,0.7599321705426356,0.7537202822078615,0.8143712574850299,0.7906976744186046,0.8395061728395061,134
AUC,2,smote,KNN,1,0.8766957364341086,0.7911821705426356,0.7800187617260788,0.8292682926829268,0.7906976744186046,0.8717948717948718,134
AUC,2,smote,KNN,2,0.9026162790697674,0.8594961240310077,0.8376319889215856,0.8679245283018868,0.8023255813953488,0.9452054794520548,134
AUC,2,smote,KNN,3,0.8936531007751938,0.7926356589147286,0.804280180351813,0.8729281767955801,0.9186046511627907,0.8315789473684211,134
AUC,2,smote,KNN,4,0.8971656976744184,0.8052325581395349,0.8052325581395349,0.8604651162790697,0.8604651162790697,0.8604651162790697,134
AUC,2,smote,Ridge,0,0.9016472868217054,0.7441860465116279,0.6709821428571429,0.65625,0.4883720930232558,1.0,134
AUC,2,smote,Ridge,1,0.9257509689922481,0.7906976744186047,0.7312834224598931,0.7352941176470589,0.5813953488372093,1.0,134
AUC,2,smote,Ridge,2,0.9789244186046512,0.7906976744186047,0.7312834224598931,0.7352941176470589,0.5813953488372093,1.0,134
AUC,2,smote,Ridge,3,0.9181201550387598,0.7873062015503876,0.7380912492321439,0.75177304964539,0.6162790697674418,0.9636363636363636,134
AUC,2,smote,Ridge,4,0.9167877906976745,0.8255813953488372,0.7753185781354794,0.7887323943661971,0.6511627906976745,1.0,134
AUC,2,smote,LR,0,0.901889534883721,0.837451550387597,0.8149597238204833,0.8481012658227848,0.7790697674418605,0.9305555555555556,134
AUC,2,smote,LR,1,0.9235707364341085,0.8350290697674418,0.802404718693285,0.8289473684210527,0.7325581395348837,0.9545454545454546,134
AUC,2,smote,LR,2,0.9798934108527131,0.8907461240310077,0.8619505494505495,0.8846153846153846,0.8023255813953488,0.9857142857142858,134
AUC,2,smote,LR,3,0.9212693798449612,0.842296511627907,0.8391356542617047,0.8823529411764706,0.872093023255814,0.8928571428571429,134
AUC,2,smote,LR,4,0.9160610465116279,0.8224321705426356,0.805537818540663,0.84472049689441,0.7906976744186046,0.9066666666666666,134
AUC,2,smote,SVC,0,0.9026162790697675,0.843265503875969,0.8221683688188794,0.8553459119496856,0.7906976744186046,0.9315068493150684,134
AUC,2,smote,SVC,1,0.9153343023255814,0.8362403100775193,0.8087353696831288,0.8387096774193549,0.7558139534883721,0.9420289855072463,134
AUC,2,smote,SVC,2,0.9784399224806202,0.8791182170542635,0.8473456368193211,0.8701298701298701,0.7790697674418605,0.9852941176470589,134
AUC,2,smote,SVC,3,0.9064922480620156,0.8364825581395349,0.831809216424601,0.8757396449704142,0.8604651162790697,0.891566265060241,134
AUC,2,smote,SVC,4,0.9131540697674418,0.8224321705426356,0.805537818540663,0.84472049689441,0.7906976744186046,0.9066666666666666,134
AUC,2,smote,ABC,0,0.9006782945736435,0.812015503875969,0.7971115769857908,0.8395061728395061,0.7906976744186046,0.8947368421052632,134
AUC,2,smote,ABC,1,0.9141230620155039,0.8340600775193798,0.8199240432369267,0.8588957055214724,0.813953488372093,0.9090909090909091,134
AUC,2,smote,ABC,2,0.9669331395348837,0.8931686046511628,0.8751455858374098,0.9012345679012346,0.8488372093023255,0.9605263157894737,134
AUC,2,smote,ABC,3,0.9188468992248062,0.8376937984496124,0.8376937984496124,0.8837209302325582,0.8837209302325582,0.8837209302325582,134
AUC,2,smote,ABC,4,0.9110949612403101,0.8376937984496124,0.8376937984496124,0.8837209302325582,0.8837209302325582,0.8837209302325582,134
AUC,2,smote,GBC,0,0.8846899224806202,0.8166182170542635,0.7983796296296297,0.8375,0.7790697674418605,0.9054054054054054,134
AUC,2,smote,GBC,1,0.9064922480620154,0.8340600775193798,0.8199240432369267,0.8588957055214724,0.813953488372093,0.9090909090909091,134
AUC,2,smote,GBC,2,0.9295058139534884,0.843265503875969,0.8221683688188794,0.8553459119496856,0.7906976744186046,0.9315068493150684,134
AUC,2,smote,GBC,3,0.9186046511627907,0.8180717054263565,0.8252933507170795,0.8813559322033898,0.9069767441860465,0.8571428571428571,134
AUC,2,smote,GBC,4,0.9069767441860465,0.8098352713178294,0.8069627851140455,0.8588235294117647,0.8488372093023255,0.8690476190476191,134
AUC,2,smote,XGB,0,0.8639777131782946,0.7911821705426356,0.7800187617260788,0.8292682926829268,0.7906976744186046,0.8717948717948718,134
AUC,2,smote,XGB,1,0.8998304263565892,0.7923934108527132,0.7854983103100729,0.8383233532934131,0.813953488372093,0.8641975308641975,134
AUC,2,smote,XGB,2,0.9115794573643411,0.7969961240310077,0.7871138570167696,0.8363636363636363,0.8023255813953488,0.8734177215189873,134
AUC,2,smote,XGB,3,0.9023740310077519,0.8180717054263565,0.8252933507170795,0.8813559322033898,0.9069767441860465,0.8571428571428571,134
AUC,2,smote,XGB,4,0.8869912790697674,0.8202519379844961,0.8157910465602773,0.863905325443787,0.8488372093023255,0.8795180722891566,134
AUC,2,smote,CB,0,0.8912306201550388,0.806201550387597,0.789980844023916,0.8322981366459627,0.7790697674418605,0.8933333333333333,134
AUC,2,smote,CB,1,0.9175145348837209,0.8398740310077519,0.8271575984990619,0.8658536585365854,0.8255813953488372,0.9102564102564102,134
AUC,2,smote,CB,2,0.9445251937984496,0.8582848837209303,0.8312728937728937,0.8589743589743589,0.7790697674418605,0.9571428571428572,134
AUC,2,smote,CB,3,0.9144864341085271,0.8343023255813953,0.8419320792202147,0.8926553672316384,0.9186046511627907,0.8681318681318682,134
AUC,2,smote,CB,4,0.9100048449612403,0.8098352713178294,0.8069627851140455,0.8588235294117647,0.8488372093023255,0.8690476190476191,134
AUC,2,nearmiss,NB,0,0.765625,0.6954941860465116,0.6261160714285714,0.609375,0.45348837209302323,0.9285714285714286,134
AUC,2,nearmiss,NB,1,0.7887596899224807,0.7000968992248062,0.6255309635591326,0.6031746031746031,0.4418604651162791,0.95,134
AUC,2,nearmiss,NB,2,0.8255813953488372,0.7790697674418605,0.7164179104477612,0.7164179104477612,0.5581395348837209,1.0,134
AUC,2,nearmiss,NB,3,0.8013565891472868,0.7025193798449612,0.6417112299465241,0.6363636363636364,0.4883720930232558,0.9130434782608695,134
AUC,2,nearmiss,NB,4,0.8340600775193798,0.7395833333333333,0.6713489409141583,0.6615384615384615,0.5,0.9772727272727273,134
AUC,2,nearmiss,DT,0,0.7584786821705426,0.7228682170542635,0.7196820273743352,0.7928994082840237,0.7790697674418605,0.8072289156626506,134
AUC,2,nearmiss,DT,1,0.8272771317829458,0.8214631782945736,0.8214631782945736,0.872093023255814,0.872093023255814,0.872093023255814,134
AUC,2,nearmiss,DT,2,0.7036094961240309,0.6891957364341086,0.6834396409166076,0.7590361445783133,0.7325581395348837,0.7875,134
AUC,2,nearmiss,DT,3,0.7847625968992249,0.782218992248062,0.7945310503450038,0.8681318681318682,0.9186046511627907,0.8229166666666666,134
AUC,2,nearmiss,DT,4,0.7848837209302326,0.7715600775193798,0.7677365369673061,0.8284023668639053,0.813953488372093,0.8433734939759037,134
AUC,2,nearmiss,XT,0,0.797843992248062,0.7541182170542635,0.7467517127332861,0.8072289156626506,0.7790697674418605,0.8375,134
AUC,2,nearmiss,XT,1,0.8670058139534883,0.8156492248062015,0.814191836980768,0.8654970760233918,0.8604651162790697,0.8705882352941177,134
AUC,2,nearmiss,XT,2,0.7146317829457365,0.687984496124031,0.6789950335962607,0.7484662576687117,0.7093023255813954,0.7922077922077922,134
AUC,2,nearmiss,XT,3,0.8150436046511627,0.7461240310077519,0.7472467295406146,0.8208092485549133,0.8255813953488372,0.8160919540229885,134
AUC,2,nearmiss,XT,4,0.8345445736434108,0.7982073643410853,0.7926190476190476,0.8452380952380952,0.8255813953488372,0.8658536585365854,134
AUC,2,nearmiss,RF,0,0.7942102713178295,0.7541182170542635,0.7467517127332861,0.8072289156626506,0.7790697674418605,0.8375,134
AUC,2,nearmiss,RF,1,0.875,0.845687984496124,0.8344218887908208,0.8727272727272727,0.8372093023255814,0.9113924050632911,134
AUC,2,nearmiss,RF,2,0.8163759689922481,0.7424903100775193,0.7328799249530957,0.7926829268292683,0.7558139534883721,0.8333333333333334,134
AUC,2,nearmiss,RF,3,0.8651889534883721,0.8180717054263565,0.8252933507170795,0.8813559322033898,0.9069767441860465,0.8571428571428571,134
AUC,2,nearmiss,RF,4,0.8298207364341085,0.8178294573643411,0.8042652643879638,0.8466257668711656,0.8023255813953488,0.8961038961038961,134
AUC,2,nearmiss,MLP,0,0.9028585271317829,0.843265503875969,0.8221683688188794,0.8553459119496856,0.7906976744186046,0.9315068493150684,134
AUC,2,nearmiss,MLP,1,0.920421511627907,0.8258236434108528,0.8005952380952381,0.8333333333333334,0.7558139534883721,0.9285714285714286,134
AUC,2,nearmiss,MLP,2,0.9794089147286822,0.8907461240310077,0.8619505494505495,0.8846153846153846,0.8023255813953488,0.9857142857142858,134
AUC,2,nearmiss,MLP,3,0.9207848837209303,0.8272771317829457,0.8287800425920292,0.8786127167630058,0.8837209302325582,0.8735632183908046,134
AUC,2,nearmiss,MLP,4,0.9143653100775194,0.8340600775193798,0.8199240432369267,0.8588957055214724,0.813953488372093,0.9090909090909091,134
AUC,2,nearmiss,KNN,0,0.7883963178294573,0.749515503875969,0.7447619047619047,0.8095238095238095,0.7906976744186046,0.8292682926829268,134
AUC,2,nearmiss,KNN,1,0.821705426356589,0.8260658914728682,0.8230492196878751,0.8705882352941177,0.8604651162790697,0.8809523809523809,134
AUC,2,nearmiss,KNN,2,0.8083817829457365,0.7691375968992249,0.757288927841075,0.8098159509202454,0.7674418604651163,0.8571428571428571,134
AUC,2,nearmiss,KNN,3,0.7750726744186047,0.778827519379845,0.7965273651548161,0.8770053475935828,0.9534883720930233,0.8118811881188119,134
AUC,2,nearmiss,KNN,4,0.8299418604651162,0.8064437984496124,0.8106298003072197,0.8685714285714285,0.8837209302325582,0.8539325842696629,134
AUC,2,nearmiss,Ridge,0,0.907703488372093,0.843265503875969,0.8221683688188794,0.8553459119496856,0.7906976744186046,0.9315068493150684,134
AUC,2,nearmiss,Ridge,1,0.919937015503876,0.8444767441860466,0.8283251805264384,0.8641975308641975,0.813953488372093,0.9210526315789473,134
AUC,2,nearmiss,Ridge,2,0.9791666666666667,0.8907461240310077,0.8619505494505495,0.8846153846153846,0.8023255813953488,0.9857142857142858,134
AUC,2,nearmiss,Ridge,3,0.9241763565891473,0.8376937984496124,0.8376937984496124,0.8837209302325582,0.8837209302325582,0.8837209302325582,134
AUC,2,nearmiss,Ridge,4,0.9167877906976744,0.8340600775193798,0.8199240432369267,0.8588957055214724,0.813953488372093,0.9090909090909091,134
AUC,2,nearmiss,LR,0,0.9016472868217054,0.837451550387597,0.8149597238204833,0.8481012658227848,0.7790697674418605,0.9305555555555556,134
AUC,2,nearmiss,LR,1,0.9235707364341085,0.8292151162790697,0.7952114111054509,0.8211920529801324,0.7209302325581395,0.9538461538461539,134
AUC,2,nearmiss,LR,2,0.9786821705426356,0.8849321705426356,0.8546388809591778,0.8774193548387097,0.7906976744186046,0.9855072463768116,134
AUC,2,nearmiss,LR,3,0.9212693798449612,0.842296511627907,0.8391356542617047,0.8823529411764706,0.872093023255814,0.8928571428571429,134
AUC,2,nearmiss,LR,4,0.9150920542635659,0.837451550387597,0.8149597238204833,0.8481012658227848,0.7790697674418605,0.9305555555555556,134
AUC,2,nearmiss,SVC,0,0.846656976744186,0.8386627906976745,0.8210947930574098,0.8571428571428571,0.8023255813953488,0.92,134
AUC,2,nearmiss,SVC,1,0.8562257751937985,0.8282461240310077,0.8127183787561146,0.8518518518518519,0.8023255813953488,0.9078947368421053,134
AUC,2,nearmiss,SVC,2,0.9680232558139534,0.6988856589147286,0.6168208578637511,0.5853658536585366,0.4186046511627907,0.972972972972973,134
AUC,2,nearmiss,SVC,3,0.7948158914728682,0.8168604651162791,0.8197603325996576,0.8735632183908046,0.8837209302325582,0.8636363636363636,134
AUC,2,nearmiss,SVC,4,0.827156007751938,0.814437984496124,0.8085714285714285,0.8571428571428571,0.8372093023255814,0.8780487804878049,134
AUC,2,nearmiss,ABC,0,0.8552567829457365,0.752906976744186,0.7416301489921122,0.7975460122699386,0.7558139534883721,0.8441558441558441,134
AUC,2,nearmiss,ABC,1,0.9120639534883721,0.8410852713178294,0.8331653524633901,0.874251497005988,0.8488372093023255,0.9012345679012346,134
AUC,2,nearmiss,ABC,2,0.9453730620155039,0.846656976744186,0.8168147641831852,0.8441558441558441,0.7558139534883721,0.9558823529411765,134
AUC,2,nearmiss,ABC,3,0.9074612403100776,0.8122577519379846,0.8179347826086957,0.875,0.8953488372093024,0.8555555555555555,134
AUC,2,nearmiss,ABC,4,0.872577519379845,0.7609011627906976,0.7392399267399268,0.782051282051282,0.7093023255813954,0.8714285714285714,134
AUC,2,nearmiss,GBC,0,0.8468992248062016,0.780765503875969,0.771344513092086,0.8242424242424242,0.7906976744186046,0.8607594936708861,134
AUC,2,nearmiss,GBC,1,0.909156976744186,0.8444767441860466,0.8283251805264384,0.8641975308641975,0.813953488372093,0.9210526315789473,134
AUC,2,nearmiss,GBC,2,0.8693071705426357,0.7979651162790697,0.7710184552289816,0.8051948051948052,0.7209302325581395,0.9117647058823529,134
AUC,2,nearmiss,GBC,3,0.8961967054263565,0.8098352713178294,0.8069627851140455,0.8588235294117647,0.8488372093023255,0.8690476190476191,134
AUC,2,nearmiss,GBC,4,0.8639777131782944,0.7853682170542635,0.772947706690038,0.8220858895705522,0.7790697674418605,0.8701298701298701,134
AUC,2,nearmiss,XGB,0,0.8036579457364341,0.7795542635658914,0.7658979734451432,0.8148148148148148,0.7674418604651163,0.868421052631579,134
AUC,2,nearmiss,XGB,1,0.8820251937984498,0.8028100775193798,0.794235766595795,0.8433734939759037,0.813953488372093,0.875,134
AUC,2,nearmiss,XGB,2,0.8389050387596899,0.747093023255814,0.7346843699044956,0.7901234567901234,0.7441860465116279,0.8421052631578947,134
AUC,2,nearmiss,XGB,3,0.8301841085271318,0.8052325581395349,0.8052325581395349,0.8604651162790697,0.8604651162790697,0.8604651162790697,134
AUC,2,nearmiss,XGB,4,0.8425387596899224,0.7609011627906976,0.7392399267399268,0.782051282051282,0.7093023255813954,0.8714285714285714,134
AUC,2,nearmiss,CB,0,0.8460513565891473,0.7911821705426356,0.7800187617260788,0.8292682926829268,0.7906976744186046,0.8717948717948718,134
AUC,2,nearmiss,CB,1,0.9054021317829458,0.845687984496124,0.8344218887908208,0.8727272727272727,0.8372093023255814,0.9113924050632911,134
AUC,2,nearmiss,CB,2,0.9132751937984496,0.840843023255814,0.8096050014208582,0.8366013071895425,0.7441860465116279,0.9552238805970149,134
AUC,2,nearmiss,CB,3,0.8531976744186046,0.8343023255813953,0.8419320792202147,0.8926553672316384,0.9186046511627907,0.8681318681318682,134
AUC,2,nearmiss,CB,4,0.8863856589147286,0.7982073643410853,0.7926190476190476,0.8452380952380952,0.8255813953488372,0.8658536585365854,134
AUC,3,none,NB,0,0.7943313953488372,0.782703488372093,0.7376223776223776,0.7552447552447552,0.627906976744186,0.9473684210526315,134
AUC,3,none,NB,1,0.8328488372093024,0.8221899224806202,0.7815258334738855,0.8027210884353742,0.686046511627907,0.9672131147540983,134
AUC,3,none,NB,2,0.8604651162790697,0.8604651162790697,0.818918918918919,0.8378378378378378,0.7209302325581395,1.0,134
AUC,3,none,NB,3,0.8168604651162791,0.7955426356589147,0.7585585585585586,0.7837837837837838,0.6744186046511628,0.9354838709677419,134
AUC,3,none,NB,4,0.861797480620155,0.8558624031007751,0.8183050847457627,0.84,0.7325581395348837,0.984375,134
AUC,3,none,DT,0,0.7633236434108528,0.7461240310077519,0.7472467295406146,0.8208092485549133,0.8255813953488372,0.8160919540229885,134
AUC,3,none,DT,1,0.7781007751937984,0.7727713178294574,0.7727713178294574,0.8372093023255814,0.8372093023255814,0.8372093023255814,134
AUC,3,none,DT,2,0.8546511627906977,0.8389050387596899,0.8435637480798771,0.8914285714285715,0.9069767441860465,0.8764044943820225,134
AUC,3,none,DT,3,0.7344961240310077,0.7381298449612403,0.7462121212121212,0.8333333333333334,0.872093023255814,0.7978723404255319,134
AUC,3,none,DT,4,0.7979651162790697,0.779796511627907,0.7848320158102766,0.8522727272727273,0.872093023255814,0.8333333333333334,134
AUC,3,none,XT,0,0.8700339147286822,0.8548934108527132,0.8366517675741568,0.8695652173913043,0.813953488372093,0.9333333333333333,134
AUC,3,none,XT,1,0.8575581395348838,0.811046511627907,0.8124733799817463,0.8670520231213873,0.872093023255814,0.8620689655172413,134
AUC,3,none,XT,2,0.9275678294573644,0.8689437984496124,0.8638455561532485,0.8994082840236687,0.8837209302325582,0.9156626506024096,134
AUC,3,none,XT,3,0.8575581395348838,0.8006298449612403,0.8033749082905355,0.8620689655172413,0.872093023255814,0.8522727272727273,134
AUC,3,none,XT,4,0.9286579457364341,0.8226744186046512,0.8270967741935484,0.88,0.8953488372093024,0.8651685393258427,134
AUC,3,none,RF,0,0.9040697674418605,0.8561046511627908,0.8428705440900564,0.8780487804878049,0.8372093023255814,0.9230769230769231,134
AUC,3,none,RF,1,0.8966812015503876,0.7843992248062015,0.7869894839814136,0.8505747126436781,0.8604651162790697,0.8409090909090909,134
AUC,3,none,RF,2,0.959544573643411,0.8909883720930232,0.8873949579831932,0.9176470588235294,0.9069767441860465,0.9285714285714286,134
AUC,3,none,RF,3,0.9100048449612403,0.7902131782945736,0.7941628264208909,0.8571428571428571,0.872093023255814,0.8426966292134831,134
AUC,3,none,RF,4,0.9215116279069768,0.8122577519379846,0.8179347826086957,0.875,0.8953488372093024,0.8555555555555555,134
AUC,3,none,MLP,0,0.9319282945736435,0.8839631782945736,0.873375856366643,0.9036144578313253,0.872093023255814,0.9375,134
AUC,3,none,MLP,1,0.9428294573643411,0.8573158914728682,0.8490543665144958,0.8862275449101796,0.8604651162790697,0.9135802469135802,134
AUC,3,none,MLP,2,0.9828003875968992,0.9222383720930232,0.9126104227189187,0.9341317365269461,0.9069767441860465,0.9629629629629629,134
AUC,3,none,MLP,3,0.9418604651162791,0.8505329457364341,0.85857080772335,0.903954802259887,0.9302325581395349,0.8791208791208791,134
AUC,3,none,MLP,4,0.9422238372093023,0.8643410852713178,0.8626635316814373,0.9005847953216374,0.8953488372093024,0.9058823529411765,134
AUC,3,none,KNN,0,0.8856589147286822,0.8502906976744187,0.8355828220858896,0.8711656441717791,0.8255813953488372,0.922077922077922,134
AUC,3,none,KNN,1,0.918483527131783,0.8398740310077519,0.8271575984990619,0.8658536585365854,0.8255813953488372,0.9102564102564102,134
AUC,3,none,KNN,2,0.9597868217054263,0.9060077519379846,0.8967214086678129,0.9221556886227545,0.8953488372093024,0.9506172839506173,134
AUC,3,none,KNN,3,0.883236434108527,0.7902131782945736,0.7941628264208909,0.8571428571428571,0.872093023255814,0.8426966292134831,134
AUC,3,none,KNN,4,0.9313226744186046,0.8585271317829457,0.8552220888355342,0.8941176470588236,0.8837209302325582,0.9047619047619048,134
AUC,3,none,Ridge,0,0.9203003875968992,0.8665213178294574,0.8512416009348525,0.8834355828220859,0.8372093023255814,0.935064935064935,134
AUC,3,none,Ridge,1,0.9374999999999999,0.8582848837209303,0.8312728937728937,0.8589743589743589,0.7790697674418605,0.9571428571428572,134
AUC,3,none,Ridge,2,0.9794089147286823,0.9164244186046512,0.9050318922749823,0.927710843373494,0.8953488372093024,0.9625,134
AUC,3,none,Ridge,3,0.9205426356589148,0.811046511627907,0.8124733799817463,0.8670520231213873,0.872093023255814,0.8620689655172413,134
AUC,3,none,Ridge,4,0.9335029069767442,0.8689437984496124,0.8638455561532485,0.8994082840236687,0.8837209302325582,0.9156626506024096,134
AUC,3,none,LR,0,0.9275678294573644,0.8677325581395349,0.8575478384124734,0.891566265060241,0.8604651162790697,0.925,134
AUC,3,none,LR,1,0.9440406976744188,0.8839631782945736,0.873375856366643,0.9036144578313253,0.872093023255814,0.9375,134
AUC,3,none,LR,2,0.9832848837209301,0.9338662790697674,0.9279182356105433,0.9467455621301775,0.9302325581395349,0.963855421686747,134
AUC,3,none,LR,3,0.940406976744186,0.8459302325581395,0.8570083485029188,0.9050279329608939,0.9418604651162791,0.8709677419354839,134
AUC,3,none,LR,4,0.9414970930232558,0.8539244186046512,0.8539244186046512,0.8953488372093024,0.8953488372093024,0.8953488372093024,134
AUC,3,none,SVC,0,0.9326550387596899,0.8839631782945736,0.873375856366643,0.9036144578313253,0.872093023255814,0.9375,134
AUC,3,none,SVC,1,0.9433139534883721,0.8781492248062015,0.8659605766401883,0.896969696969697,0.8604651162790697,0.9367088607594937,134
AUC,3,none,SVC,2,0.9832848837209303,0.9164244186046512,0.9050318922749823,0.927710843373494,0.8953488372093024,0.9625,134
AUC,3,none,SVC,3,0.9246608527131783,0.8493217054263565,0.8525311812179017,0.896551724137931,0.9069767441860465,0.8863636363636364,134
AUC,3,none,SVC,4,0.9417393410852714,0.8539244186046512,0.8539244186046512,0.8953488372093024,0.8953488372093024,0.8953488372093024,134
AUC,3,none,ABC,0,0.9250242248062015,0.8260658914728682,0.8230492196878751,0.8705882352941177,0.8604651162790697,0.8809523809523809,134
AUC,3,none,ABC,1,0.9252664728682171,0.8481104651162791,0.8465063001145475,0.8888888888888888,0.8837209302325582,0.8941176470588236,134
AUC,3,none,ABC,2,0.9710513565891473,0.9060077519379846,0.8967214086678129,0.9221556886227545,0.8953488372093024,0.9506172839506173,134
AUC,3,none,ABC,3,0.931201550387597,0.8250968992248062,0.8383184098558456,0.8950276243093923,0.9418604651162791,0.8526315789473684,134
AUC,3,none,ABC,4,0.9279312015503876,0.873546511627907,0.8649433805656015,0.8982035928143712,0.872093023255814,0.9259259259259259,134
AUC,3,none,GBC,0,0.9179990310077519,0.8410852713178294,0.8331653524633901,0.874251497005988,0.8488372093023255,0.9012345679012346,134
AUC,3,none,GBC,1,0.9115794573643411,0.8260658914728682,0.8230492196878751,0.8705882352941177,0.8604651162790697,0.8809523809523809,134
AUC,3,none,GBC,2,0.968265503875969,0.938468992248062,0.9284994367700243,0.9461077844311377,0.9186046511627907,0.9753086419753086,134
AUC,3,none,GBC,3,0.9310804263565892,0.8180717054263565,0.8252933507170795,0.8813559322033898,0.9069767441860465,0.8571428571428571,134
AUC,3,none,GBC,4,0.9335029069767441,0.8226744186046512,0.8270967741935484,0.88,0.8953488372093024,0.8651685393258427,134
AUC,3,none,XGB,0,0.8986191860465116,0.8340600775193798,0.8199240432369267,0.8588957055214724,0.813953488372093,0.9090909090909091,134
AUC,3,none,XGB,1,0.9014050387596899,0.7727713178294574,0.7727713178294574,0.8372093023255814,0.8372093023255814,0.8372093023255814,134
AUC,3,none,XGB,2,0.9619670542635659,0.8897771317829457,0.8808323946167071,0.9101796407185628,0.8837209302325582,0.9382716049382716,134
AUC,3,none,XGB,3,0.9212693798449613,0.8401162790697674,0.849438202247191,0.898876404494382,0.9302325581395349,0.8695652173913043,134
AUC,3,none,XGB,4,0.917999031007752,0.8006298449612403,0.8033749082905355,0.8620689655172413,0.872093023255814,0.8522727272727273,134
AUC,3,none,CB,0,0.9164244186046512,0.8282461240310077,0.8127183787561146,0.8518518518518519,0.8023255813953488,0.9078947368421053,134
AUC,3,none,CB,1,0.914486434108527,0.8515019379844961,0.8417198204583038,0.8795180722891566,0.8488372093023255,0.9125,134
AUC,3,none,CB,2,0.9743217054263565,0.9372577519379846,0.9214352720450281,0.9390243902439024,0.8953488372093024,0.9871794871794872,134
AUC,3,none,CB,3,0.940406976744186,0.8284883720930232,0.8344861660079052,0.8863636363636364,0.9069767441860465,0.8666666666666667,134
AUC,3,none,CB,4,0.9376211240310078,0.8330910852713178,0.8361457569087797,0.8850574712643678,0.8953488372093024,0.875,134
AUC,3,smote,NB,0,0.7943313953488372,0.782703488372093,0.7376223776223776,0.7552447552447552,0.627906976744186,0.9473684210526315,134
AUC,3,smote,NB,1,0.8328488372093024,0.8221899224806202,0.7815258334738855,0.8027210884353742,0.686046511627907,0.9672131147540983,134
AUC,3,smote,NB,2,0.8604651162790697,0.8604651162790697,0.818918918918919,0.8378378378378378,0.7209302325581395,1.0,134
AUC,3,smote,NB,3,0.8168604651162791,0.7955426356589147,0.7585585585585586,0.7837837837837838,0.6744186046511628,0.9354838709677419,134
AUC,3,smote,NB,4,0.861797480620155,0.8558624031007751,0.8183050847457627,0.84,0.7325581395348837,0.984375,134
AUC,3,smote,DT,0,0.7800387596899225,0.7715600775193798,0.7677365369673061,0.8284023668639053,0.813953488372093,0.8433734939759037,134
AUC,3,smote,DT,1,0.7739825581395349,0.7739825581395349,0.7776958525345623,0.8457142857142858,0.8604651162790697,0.8314606741573034,134
AUC,3,smote,DT,2,0.8047480620155039,0.7936046511627908,0.7908763505402161,0.8470588235294118,0.8372093023255814,0.8571428571428571,134
AUC,3,smote,DT,3,0.8173449612403102,0.811046511627907,0.8124733799817463,0.8670520231213873,0.872093023255814,0.8620689655172413,134
AUC,3,smote,DT,4,0.8278827519379844,0.8202519379844961,0.8157910465602773,0.863905325443787,0.8488372093023255,0.8795180722891566,134
AUC,3,smote,XT,0,0.8685804263565892,0.843265503875969,0.8221683688188794,0.8553459119496856,0.7906976744186046,0.9315068493150684,134
AUC,3,smote,XT,1,0.853561046511628,0.7936046511627908,0.7908763505402161,0.8470588235294118,0.8372093023255814,0.8571428571428571,134
AUC,3,smote,XT,2,0.9190891472868217,0.873546511627907,0.8649433805656015,0.8982035928143712,0.872093023255814,0.9259259259259259,134
AUC,3,smote,XT,3,0.856952519379845,0.7902131782945736,0.7941628264208909,0.8571428571428571,0.872093023255814,0.8426966292134831,134
AUC,3,smote,XT,4,0.9307170542635659,0.8435077519379846,0.8450867052023121,0.8901734104046243,0.8953488372093024,0.8850574712643678,134
AUC,3,smote,RF,0,0.9058866279069767,0.8490794573643411,0.8293981481481482,0.8625,0.8023255813953488,0.9324324324324325,134
AUC,3,smote,RF,1,0.8993459302325582,0.8052325581395349,0.8052325581395349,0.8604651162790697,0.8604651162790697,0.8604651162790697,134
AUC,3,smote,RF,2,0.9504602713178295,0.8677325581395349,0.8575478384124734,0.891566265060241,0.8604651162790697,0.925,134
AUC,3,smote,RF,3,0.9142441860465116,0.8064437984496124,0.8106298003072197,0.8685714285714285,0.8837209302325582,0.8539325842696629,134
AUC,3,smote,RF,4,0.9347141472868217,0.8226744186046512,0.8270967741935484,0.88,0.8953488372093024,0.8651685393258427,134
AUC,3,smote,MLP,0,0.9314437984496124,0.8699127906976745,0.8457997698504027,0.8734177215189873,0.8023255813953488,0.9583333333333334,134
AUC,3,smote,MLP,1,0.940406976744186,0.8490794573643411,0.8293981481481482,0.8625,0.8023255813953488,0.9324324324324325,134
AUC,3,smote,MLP,2,0.9820736434108528,0.9256298449612403,0.9063591893780574,0.9259259259259259,0.872093023255814,0.9868421052631579,134
AUC,3,smote,MLP,3,0.9423449612403101,0.8481104651162791,0.8465063001145475,0.8888888888888888,0.8837209302325582,0.8941176470588236,134
AUC,3,smote,MLP,4,0.9410125968992248,0.9001937984496124,0.8892038743208126,0.9156626506024096,0.8837209302325582,0.95,134
AUC,3,smote,KNN,0,0.8751211240310077,0.840843023255814,0.8096050014208582,0.8366013071895425,0.7441860465116279,0.9552238805970149,134
AUC,3,smote,KNN,1,0.8975290697674418,0.8386627906976745,0.8210947930574098,0.8571428571428571,0.8023255813953488,0.92,134
AUC,3,smote,KNN,2,0.9448885658914729,0.8873546511627908,0.8677657166076508,0.8944099378881988,0.8372093023255814,0.96,134
AUC,3,smote,KNN,3,0.8742732558139534,0.8098352713178294,0.8069627851140455,0.8588235294117647,0.8488372093023255,0.8690476190476191,134
AUC,3,smote,KNN,4,0.9267199612403101,0.8781492248062015,0.8659605766401883,0.896969696969697,0.8604651162790697,0.9367088607594937,134
AUC,3,smote,Ridge,0,0.9205426356589147,0.7558139534883721,0.6862876254180602,0.676923076923077,0.5116279069767442,1.0,134
AUC,3,smote,Ridge,1,0.9387112403100776,0.7965116279069768,0.7386749874630858,0.7445255474452555,0.5930232558139535,1.0,134
AUC,3,smote,Ridge,2,0.9806201550387598,0.7906976744186047,0.7312834224598931,0.7352941176470589,0.5813953488372093,1.0,134
AUC,3,smote,Ridge,3,0.9210271317829457,0.7790697674418605,0.7164179104477612,0.7164179104477612,0.5581395348837209,1.0,134
AUC,3,smote,Ridge,4,0.9347141472868217,0.8081395348837209,0.753387987284591,0.762589928057554,0.6162790697674418,1.0,134
AUC,3,smote,LR,0,0.9282945736434108,0.8640988372093024,0.8385264245136856,0.8662420382165605,0.7906976744186046,0.9577464788732394,134
AUC,3,smote,LR,1,0.9425872093023256,0.843265503875969,0.8221683688188794,0.8553459119496856,0.7906976744186046,0.9315068493150684,134
AUC,3,smote,LR,2,0.9830426356589147,0.9198158914728682,0.8988796656411446,0.9192546583850931,0.8604651162790697,0.9866666666666667,134
AUC,3,smote,LR,3,0.9401647286821705,0.8585271317829457,0.8552220888355342,0.8941176470588236,0.8837209302325582,0.9047619047619048,134
AUC,3,smote,LR,4,0.9414970930232559,0.8873546511627908,0.8677657166076508,0.8944099378881988,0.8372093023255814,0.96,134
AUC,3,smote,SVC,0,0.9345930232558141,0.8524709302325582,0.8240365401084784,0.8516129032258064,0.7674418604651163,0.9565217391304348,134
AUC,3,smote,SVC,1,0.9411337209302326,0.8594961240310077,0.8376319889215856,0.8679245283018868,0.8023255813953488,0.9452054794520548,134
AUC,3,smote,SVC,2,0.9844961240310077,0.9198158914728682,0.8988796656411446,0.9192546583850931,0.8604651162790697,0.9866666666666667,134
AUC,3,smote,SVC,3,0.9331395348837208,0.8689437984496124,0.8638455561532485,0.8994082840236687,0.8837209302325582,0.9156626506024096,134
AUC,3,smote,SVC,4,0.9388323643410853,0.8815406976744187,0.8604166666666666,0.8875,0.8255813953488372,0.9594594594594594,134
AUC,3,smote,ABC,0,0.9337451550387598,0.8931686046511628,0.8751455858374098,0.9012345679012346,0.8488372093023255,0.9605263157894737,134
AUC,3,smote,ABC,1,0.9205426356589147,0.842296511627907,0.8391356542617047,0.8823529411764706,0.872093023255814,0.8928571428571429,134
AUC,3,smote,ABC,2,0.9727470930232558,0.9152131782945736,0.8982179374817412,0.9202453987730062,0.872093023255814,0.974025974025974,134
AUC,3,smote,ABC,3,0.9367732558139535,0.8493217054263565,0.8525311812179017,0.896551724137931,0.9069767441860465,0.8863636363636364,134
AUC,3,smote,ABC,4,0.9307170542635659,0.8781492248062015,0.8659605766401883,0.896969696969697,0.8604651162790697,0.9367088607594937,134
AUC,3,smote,GBC,0,0.9146075581395349,0.8444767441860466,0.8283251805264384,0.8641975308641975,0.813953488372093,0.9210526315789473,134
AUC,3,smote,GBC,1,0.9089147286821706,0.8410852713178294,0.8331653524633901,0.874251497005988,0.8488372093023255,0.9012345679012346,134
AUC,3,smote,GBC,2,0.9702034883720931,0.9164244186046512,0.9050318922749823,0.927710843373494,0.8953488372093024,0.9625,134
AUC,3,smote,GBC,3,0.9312015503875968,0.8284883720930232,0.8344861660079052,0.8863636363636364,0.9069767441860465,0.8666666666666667,134
AUC,3,smote,GBC,4,0.9361676356589148,0.8318798449612403,0.8303490685476578,0.8771929824561403,0.872093023255814,0.8823529411764706,134
AUC,3,smote,XGB,0,0.9015261627906976,0.8074127906976745,0.7957317073170731,0.8414634146341463,0.8023255813953488,0.8846153846153846,134
AUC,3,smote,XGB,1,0.901889534883721,0.7890019379844961,0.7890019379844961,0.8488372093023255,0.8488372093023255,0.8488372093023255,134
AUC,3,smote,XGB,2,0.9559108527131783,0.8827519379844961,0.8669003797838154,0.8957055214723927,0.8488372093023255,0.948051948051948,134
AUC,3,smote,XGB,3,0.9236918604651163,0.8505329457364341,0.85857080772335,0.903954802259887,0.9302325581395349,0.8791208791208791,134
AUC,3,smote,XGB,4,0.926235465116279,0.7843992248062015,0.7869894839814136,0.8505747126436781,0.8604651162790697,0.8409090909090909,134
AUC,3,smote,CB,0,0.9074612403100776,0.8490794573643411,0.8293981481481482,0.8625,0.8023255813953488,0.9324324324324325,134
AUC,3,smote,CB,1,0.9106104651162791,0.8619186046511628,0.8501912327155046,0.8848484848484849,0.8488372093023255,0.9240506329113924,134
AUC,3,smote,CB,2,0.967781007751938,0.8931686046511628,0.8751455858374098,0.9012345679012346,0.8488372093023255,0.9605263157894737,134
AUC,3,smote,CB,3,0.937015503875969,0.8551356589147286,0.8600307219662058,0.9028571428571428,0.9186046511627907,0.8876404494382022,134
AUC,3,smote,CB,4,0.9320494186046512,0.8631298449612403,0.8564285714285714,0.8928571428571429,0.872093023255814,0.9146341463414634,134
AUC,3,nearmiss,NB,0,0.7899709302325582,0.7478197674418605,0.6938764138853291,0.7007299270072993,0.5581395348837209,0.9411764705882353,134
AUC,3,nearmiss,NB,1,0.8284883720930233,0.7698643410852714,0.716164994425864,0.7246376811594203,0.5813953488372093,0.9615384615384616,134
AUC,3,nearmiss,NB,2,0.8604651162790697,0.8255813953488372,0.7753185781354794,0.7887323943661971,0.6511627906976745,1.0,134
AUC,3,nearmiss,NB,3,0.8013565891472868,0.7781007751937985,0.7370339220633586,0.7586206896551724,0.6395348837209303,0.9322033898305084,134
AUC,3,nearmiss,NB,4,0.8601017441860465,0.8151647286821706,0.7676083916083916,0.7832167832167832,0.6511627906976745,0.9824561403508771,134
AUC,3,nearmiss,DT,0,0.6976744186046512,0.6867732558139534,0.6743055555555556,0.7375,0.686046511627907,0.7972972972972973,134
AUC,3,nearmiss,DT,1,0.7553294573643411,0.7553294573643411,0.7517183671029825,0.8165680473372781,0.8023255813953488,0.8313253012048193,134
AUC,3,nearmiss,DT,2,0.8385416666666666,0.8352713178294574,0.8258918025041342,0.8674698795180723,0.8372093023255814,0.9,134
AUC,3,nearmiss,DT,3,0.689922480620155,0.6984011627906976,0.6878639645935243,0.7530864197530864,0.7093023255813954,0.8026315789473685,134
AUC,3,nearmiss,DT,4,0.7800387596899225,0.7715600775193798,0.7677365369673061,0.8284023668639053,0.813953488372093,0.8433734939759037,134
AUC,3,nearmiss,XT,0,0.8393895348837209,0.8212209302325582,0.7995397008055236,0.8354430379746836,0.7674418604651163,0.9166666666666666,134
AUC,3,nearmiss,XT,1,0.8171027131782946,0.7819767441860466,0.7766666666666666,0.8333333333333334,0.813953488372093,0.8536585365853658,134
AUC,3,nearmiss,XT,2,0.9114583333333334,0.8003875968992249,0.7828703703703703,0.825,0.7674418604651163,0.8918918918918919,134
AUC,3,nearmiss,XT,3,0.7601744186046512,0.7691375968992249,0.757288927841075,0.8098159509202454,0.7674418604651163,0.8571428571428571,134
AUC,3,nearmiss,XT,4,0.9054021317829457,0.8330910852713178,0.8361457569087797,0.8850574712643678,0.8953488372093024,0.875,134
AUC,3,nearmiss,RF,0,0.8605862403100775,0.8282461240310077,0.8127183787561146,0.8518518518518519,0.8023255813953488,0.9078947368421053,134
AUC,3,nearmiss,RF,1,0.857437015503876,0.7865794573643411,0.7784077486416253,0.8313253012048193,0.8023255813953488,0.8625,134
AUC,3,nearmiss,RF,2,0.9467054263565892,0.8490794573643411,0.8293981481481482,0.8625,0.8023255813953488,0.9324324324324325,134
AUC,3,nearmiss,RF,3,0.8273982558139537,0.7412790697674418,0.7277529459569281,0.782608695652174,0.7325581395348837,0.84,134
AUC,3,nearmiss,RF,4,0.8959544573643411,0.7948158914728682,0.7961667173714633,0.8554913294797688,0.8604651162790697,0.8505747126436781,134
AUC,3,nearmiss,MLP,0,0.9316860465116279,0.8873546511627908,0.8677657166076508,0.8944099378881988,0.8372093023255814,0.96,134
AUC,3,nearmiss,MLP,1,0.9418604651162791,0.8607073643410853,0.8439319822967621,0.8765432098765432,0.8255813953488372,0.9342105263157895,134
AUC,3,nearmiss,MLP,2,0.9840116279069767,0.9256298449612403,0.9063591893780574,0.9259259259259259,0.872093023255814,0.9868421052631579,134
AUC,3,nearmiss,MLP,3,0.938468992248062,0.8481104651162791,0.8465063001145475,0.8888888888888888,0.8837209302325582,0.8941176470588236,134
AUC,3,nearmiss,MLP,4,0.9398013565891472,0.8851744186046512,0.8798637260175721,0.9112426035502958,0.8953488372093024,0.927710843373494,134
AUC,3,nearmiss,KNN,0,0.8655523255813954,0.8212209302325582,0.7995397008055236,0.8354430379746836,0.7674418604651163,0.9166666666666666,134
AUC,3,nearmiss,KNN,1,0.9207848837209303,0.8548934108527132,0.8366517675741568,0.8695652173913043,0.813953488372093,0.9333333333333333,134
AUC,3,nearmiss,KNN,2,0.9567587209302326,0.9106104651162791,0.8974992644895557,0.9212121212121213,0.8837209302325582,0.9620253164556962,134
AUC,3,nearmiss,KNN,3,0.8493217054263565,0.8028100775193798,0.794235766595795,0.8433734939759037,0.813953488372093,0.875,134
AUC,3,nearmiss,KNN,4,0.9103682170542635,0.8527131782945736,0.8478273862889247,0.8875739644970414,0.872093023255814,0.9036144578313253,134
AUC,3,nearmiss,Ridge,0,0.9309593023255814,0.8873546511627908,0.8677657166076508,0.8944099378881988,0.8372093023255814,0.96,134
AUC,3,nearmiss,Ridge,1,0.9401647286821707,0.8607073643410853,0.8439319822967621,0.8765432098765432,0.8255813953488372,0.9342105263157895,134
AUC,3,nearmiss,Ridge,2,0.9823158914728681,0.9256298449612403,0.9063591893780574,0.9259259259259259,0.872093023255814,0.9868421052631579,134
AUC,3,nearmiss,Ridge,3,0.9404069767441859,0.8376937984496124,0.8376937984496124,0.8837209302325582,0.8837209302325582,0.8837209302325582,134
AUC,3,nearmiss,Ridge,4,0.9427083333333333,0.8851744186046512,0.8798637260175721,0.9112426035502958,0.8953488372093024,0.927710843373494,134
AUC,3,nearmiss,LR,0,0.9268410852713179,0.8699127906976745,0.8457997698504027,0.8734177215189873,0.8023255813953488,0.9583333333333334,134
AUC,3,nearmiss,LR,1,0.9435562015503877,0.8478682170542635,0.8231479887530844,0.8535031847133758,0.7790697674418605,0.9436619718309859,134
AUC,3,nearmiss,LR,2,0.9837693798449613,0.9140019379844961,0.8914351851851852,0.9125,0.8488372093023255,0.9864864864864865,134
AUC,3,nearmiss,LR,3,0.9365310077519381,0.8631298449612403,0.8564285714285714,0.8928571428571429,0.872093023255814,0.9146341463414634,134
AUC,3,nearmiss,LR,4,0.9402858527131783,0.8943798449612403,0.881729920564872,0.9090909090909091,0.872093023255814,0.9493670886075949,134
AUC,3,nearmiss,SVC,0,0.8711240310077519,0.6327519379844961,0.5472972972972974,0.5,0.3488372093023256,0.8823529411764706,134
AUC,3,nearmiss,SVC,1,0.8636143410852714,0.6688468992248062,0.6039261613964643,0.5891472868217055,0.4418604651162791,0.8837209302325582,134
AUC,3,nearmiss,SVC,2,0.969234496124031,0.6465600775193798,0.5420369104579631,0.47368421052631576,0.313953488372093,0.9642857142857143,134
AUC,3,nearmiss,SVC,3,0.8171027131782945,0.8435077519379846,0.8450867052023121,0.8901734104046243,0.8953488372093024,0.8850574712643678,134
AUC,3,nearmiss,SVC,4,0.8264292635658914,0.8643410852713178,0.8626635316814373,0.9005847953216374,0.8953488372093024,0.9058823529411765,134
AUC,3,nearmiss,ABC,0,0.9187257751937985,0.8248546511627908,0.8172763384122843,0.8622754491017964,0.8372093023255814,0.8888888888888888,134
AUC,3,nearmiss,ABC,1,0.9279312015503877,0.8398740310077519,0.8271575984990619,0.8658536585365854,0.8255813953488372,0.9102564102564102,134
AUC,3,nearmiss,ABC,2,0.9722625968992248,0.9093992248062015,0.8907523876077335,0.9135802469135802,0.8604651162790697,0.9736842105263158,134
AUC,3,nearmiss,ABC,3,0.911579457364341,0.8527131782945736,0.8478273862889247,0.8875739644970414,0.872093023255814,0.9036144578313253,134
AUC,3,nearmiss,ABC,4,0.9149709302325582,0.8352713178294574,0.8258918025041342,0.8674698795180723,0.8372093023255814,0.9,134
AUC,3,nearmiss,GBC,0,0.8909883720930233,0.8108042635658914,0.7912411286134673,0.8301886792452831,0.7674418604651163,0.9041095890410958,134
AUC,3,nearmiss,GBC,1,0.8931686046511628,0.8086240310077519,0.8013873243611787,0.8502994011976048,0.8255813953488372,0.8765432098765432,134
AUC,3,nearmiss,GBC,2,0.9546996124031008,0.9093992248062015,0.8907523876077335,0.9135802469135802,0.8604651162790697,0.9736842105263158,134
AUC,3,nearmiss,GBC,3,0.8553779069767442,0.7657461240310077,0.7607142857142857,0.8214285714285714,0.8023255813953488,0.8414634146341463,134
AUC,3,nearmiss,GBC,4,0.9132751937984496,0.8468992248062015,0.8404761904761905,0.8809523809523809,0.8604651162790697,0.9024390243902439,134
AUC,3,nearmiss,XGB,0,0.8195251937984497,0.7272286821705426,0.7029838022165388,0.7450980392156863,0.6627906976744186,0.8507462686567164,134
AUC,3,nearmiss,XGB,1,0.8379360465116279,0.7553294573643411,0.7517183671029825,0.8165680473372781,0.8023255813953488,0.8313253012048193,134
AUC,3,nearmiss,XGB,2,0.9457364341085271,0.8711240310077519,0.8522087420909038,0.8819875776397516,0.8255813953488372,0.9466666666666667,134
AUC,3,nearmiss,XGB,3,0.8185562015503876,0.7412790697674418,0.7277529459569281,0.782608695652174,0.7325581395348837,0.84,134
AUC,3,nearmiss,XGB,4,0.8087451550387598,0.7715600775193798,0.7677365369673061,0.8284023668639053,0.813953488372093,0.8433734939759037,134
AUC,3,nearmiss,CB,0,0.8941375968992247,0.8328488372093024,0.8138888888888889,0.85,0.7906976744186046,0.918918918918919,134
AUC,3,nearmiss,CB,1,0.8946220930232558,0.8282461240310077,0.8127183787561146,0.8518518518518519,0.8023255813953488,0.9078947368421053,134
AUC,3,nearmiss,CB,2,0.9757751937984496,0.908187984496124,0.884022849229704,0.9056603773584906,0.8372093023255814,0.9863013698630136,134
AUC,3,nearmiss,CB,3,0.8791182170542637,0.8214631782945736,0.8214631782945736,0.872093023255814,0.872093023255814,0.872093023255814,134
AUC,3,nearmiss,CB,4,0.9163032945736435,0.8202519379844961,0.8157910465602773,0.863905325443787,0.8488372093023255,0.8795180722891566,134
AUC,full,none,NB,0,0.8832364341085271,0.8699127906976745,0.8457997698504027,0.8734177215189873,0.8023255813953488,0.9583333333333334,134
AUC,full,none,NB,1,0.9193313953488371,0.8977713178294574,0.875925925925926,0.9,0.8372093023255814,0.972972972972973,134
AUC,full,none,NB,2,0.9268410852713178,0.9186046511627908,0.8920598388952818,0.9113924050632911,0.8372093023255814,1.0,134
AUC,full,none,NB,3,0.8974079457364341,0.8536821705426356,0.830379746835443,0.8607594936708861,0.7906976744186046,0.9444444444444444,134
AUC,full,none,NB,4,0.9400436046511629,0.9198158914728682,0.8988796656411446,0.9192546583850931,0.8604651162790697,0.9866666666666667,134
AUC,full,none,DT,0,0.9605135658914727,0.9605135658914729,0.9521428571428572,0.9642857142857143,0.9418604651162791,0.9878048780487805,134
AUC,full,none,DT,1,0.966327519379845,0.966327519379845,0.9599545753391907,0.9704142011834319,0.9534883720930233,0.9879518072289156,134
AUC,full,none,DT,2,0.9837693798449612,0.9837693798449612,0.9837693798449612,0.9883720930232558,0.9883720930232558,0.9883720930232558,134
AUC,full,none,DT,3,0.9571220930232558,0.9571220930232558,0.9592333434742926,0.9710982658959537,0.9767441860465116,0.9655172413793104,134
AUC,full,none,DT,4,1.0,1.0,1.0,1.0,1.0,1.0,134
AUC,full,none,XT,0,0.9995155038759691,0.9941860465116279,0.9919213842165551,0.9941520467836257,0.9883720930232558,1.0,134
AUC,full,none,XT,1,0.997093023255814,0.9571220930232558,0.9592333434742926,0.9710982658959537,0.9767441860465116,0.9655172413793104,134
AUC,full,none,XT,2,1.0,1.0,1.0,1.0,1.0,1.0,134
AUC,full,none,XT,3,0.999031007751938,0.9883720930232558,0.9839135654261705,0.9882352941176471,0.9767441860465116,1.0,134
AUC,full,none,XT,4,0.9997577519379846,0.9941860465116279,0.9919213842165551,0.9941520467836257,0.9883720930232558,1.0,134
AUC,full,none,RF,0,0.999031007751938,0.9825581395348837,0.9759727452035145,0.9822485207100592,0.9651162790697675,1.0,134
AUC,full,none,RF,1,0.9944282945736433,0.9571220930232558,0.9592333434742926,0.9710982658959537,0.9767441860465116,0.9655172413793104,134
AUC,full,none,RF,2,1.0,1.0,1.0,1.0,1.0,1.0,134
AUC,full,none,RF,3,0.9986676356589148,0.9883720930232558,0.9839135654261705,0.9882352941176471,0.9767441860465116,1.0,134
AUC,full,none,RF,4,1.0,0.9941860465116279,0.9919213842165551,0.9941520467836257,0.9883720930232558,1.0,134
AUC,full,none,MLP,0,1.0,0.9895833333333333,0.9918466686948585,0.9942196531791907,1.0,0.9885057471264368,134
AUC,full,none,MLP,1,1.0,0.9895833333333333,0.9918466686948585,0.9942196531791907,1.0,0.9885057471264368,134
AUC,full,none,MLP,2,1.0,1.0,1.0,1.0,1.0,1.0,134
AUC,full,none,MLP,3,0.9997577519379844,0.9883720930232558,0.9839135654261705,0.9882352941176471,0.9767441860465116,1.0,134
AUC,full,none,MLP,4,0.9997577519379844,0.9941860465116279,0.9919213842165551,0.9941520467836257,0.9883720930232558,1.0,134
AUC,full,none,KNN,0,0.9962451550387597,0.9559108527131783,0.9517406962785114,0.9647058823529412,0.9534883720930233,0.9761904761904762,134
AUC,full,none,KNN,1,0.9900678294573643,0.9292635658914729,0.9272924579489962,0.9473684210526315,0.9418604651162791,0.9529411764705882,134
AUC,full,none,KNN,2,0.9794089147286822,0.9500968992248062,0.943936405474867,0.9585798816568047,0.9418604651162791,0.9759036144578314,134
AUC,full,none,KNN,3,0.9963662790697674,0.9825581395348837,0.9759727452035145,0.9822485207100592,0.9651162790697675,1.0,134
AUC,full,none,KNN,4,0.9923691860465117,0.9767441860465116,0.9680952380952381,0.9761904761904762,0.9534883720930233,1.0,134
AUC,full,none,Ridge,0,0.990794573643411,0.9011627906976745,0.8699400513845276,0.8903225806451613,0.8023255813953488,1.0,134
AUC,full,none,Ridge,1,0.9886143410852712,0.9198158914728682,0.8988796656411446,0.9192546583850931,0.8604651162790697,0.9866666666666667,134
AUC,full,none,Ridge,2,0.9798934108527133,0.8907461240310077,0.8619505494505495,0.8846153846153846,0.8023255813953488,0.9857142857142858,134
AUC,full,none,Ridge,3,0.9791666666666666,0.872093023255814,0.8334463276836159,0.8533333333333334,0.7441860465116279,1.0,134
AUC,full,none,Ridge,4,0.9893410852713178,0.9418604651162791,0.9219659911483811,0.9382716049382716,0.8837209302325582,1.0,134
AUC,full,none,LR,0,0.9997577519379844,0.9895833333333333,0.9918466686948585,0.9942196531791907,1.0,0.9885057471264368,134
AUC,full,none,LR,1,0.999031007751938,0.9721414728682171,0.967827130852341,0.9764705882352941,0.9651162790697675,0.9880952380952381,134
AUC,full,none,LR,2,0.9997577519379844,0.9837693798449612,0.9837693798449612,0.9883720930232558,0.9883720930232558,0.9883720930232558,134
AUC,full,none,LR,3,0.9997577519379844,0.9941860465116279,0.9919213842165551,0.9941520467836257,0.9883720930232558,1.0,134
AUC,full,none,LR,4,0.9997577519379844,0.9883720930232558,0.9839135654261705,0.9882352941176471,0.9767441860465116,1.0,134
AUC,full,none,SVC,0,1.0,1.0,1.0,1.0,1.0,1.0,134
AUC,full,none,SVC,1,0.999031007751938,0.977955426356589,0.9757641526496654,0.9824561403508771,0.9767441860465116,0.9882352941176471,134
AUC,full,none,SVC,2,0.999515503875969,0.9883720930232558,0.9839135654261705,0.9882352941176471,0.9767441860465116,1.0,134
AUC,full,none,SVC,3,0.9978197674418604,0.9721414728682171,0.967827130852341,0.9764705882352941,0.9651162790697675,0.9880952380952381,134
AUC,full,none,SVC,4,0.999515503875969,0.9883720930232558,0.9839135654261705,0.9882352941176471,0.9767441860465116,1.0,134
AUC,full,none,ABC,0,0.997093023255814,0.9825581395348837,0.9759727452035145,0.9822485207100592,0.9651162790697675,1.0,134
AUC,full,none,ABC,1,0.996608527131783,0.9513081395348837,0.9513081395348837,0.9651162790697675,0.9651162790697675,0.9651162790697675,134
AUC,full,none,ABC,2,0.999515503875969,0.9941860465116279,0.9919213842165551,0.9941520467836257,0.9883720930232558,1.0,134
AUC,full,none,ABC,3,0.9997577519379844,0.9895833333333333,0.9918466686948585,0.9942196531791907,1.0,0.9885057471264368,134
AUC,full,none,ABC,4,1.0,0.9883720930232558,0.9839135654261705,0.9882352941176471,0.9767441860465116,1.0,134
AUC,full,none,GBC,0,0.999515503875969,0.9825581395348837,0.9759727452035145,0.9822485207100592,0.9651162790697675,1.0,134
AUC,full,none,GBC,1,0.9949127906976745,0.9408914728682171,0.9429266808640098,0.9595375722543352,0.9651162790697675,0.9540229885057471,134
AUC,full,none,GBC,2,0.999515503875969,0.9895833333333333,0.9918466686948585,0.9942196531791907,1.0,0.9885057471264368,134
AUC,full,none,GBC,3,0.997577519379845,0.9675387596899225,0.9675387596899225,0.9767441860465116,0.9767441860465116,0.9767441860465116,134
AUC,full,none,GBC,4,1.0,1.0,1.0,1.0,1.0,1.0,134
AUC,full,none,XGB,0,0.998062015503876,0.9721414728682171,0.967827130852341,0.9764705882352941,0.9651162790697675,0.9880952380952381,134
AUC,full,none,XGB,1,0.9939437984496124,0.9513081395348837,0.9513081395348837,0.9651162790697675,0.9651162790697675,0.9651162790697675,134
AUC,full,none,XGB,2,0.9997577519379844,0.9837693798449612,0.9837693798449612,0.9883720930232558,0.9883720930232558,0.9883720930232558,134
AUC,full,none,XGB,3,0.9987887596899224,0.9583333333333333,0.966897233201581,0.9772727272727273,1.0,0.9555555555555556,134
AUC,full,none,XGB,4,1.0,0.9941860465116279,0.9919213842165551,0.9941520467836257,0.9883720930232558,1.0,134
AUC,full,none,CB,0,0.9987887596899224,0.9883720930232558,0.9839135654261705,0.9882352941176471,0.9767441860465116,1.0,134
AUC,full,none,CB,1,0.9963662790697675,0.9571220930232558,0.9592333434742926,0.9710982658959537,0.9767441860465116,0.9655172413793104,134
AUC,full,none,CB,2,1.0,1.0,1.0,1.0,1.0,1.0,134
AUC,full,none,CB,3,0.998546511627907,0.9883720930232558,0.9839135654261705,0.9882352941176471,0.9767441860465116,1.0,134
AUC,full,none,CB,4,1.0,0.9941860465116279,0.9919213842165551,0.9941520467836257,0.9883720930232558,1.0,134
AUC,full,smote,NB,0,0.8832364341085271,0.8699127906976745,0.8457997698504027,0.8734177215189873,0.8023255813953488,0.9583333333333334,134
AUC,full,smote,NB,1,0.9193313953488371,0.8977713178294574,0.875925925925926,0.9,0.8372093023255814,0.972972972972973,134
AUC,full,smote,NB,2,0.9268410852713178,0.9011627906976745,0.8699400513845276,0.8903225806451613,0.8023255813953488,1.0,134
AUC,full,smote,NB,3,0.8974079457364341,0.8536821705426356,0.830379746835443,0.8607594936708861,0.7906976744186046,0.9444444444444444,134
AUC,full,smote,NB,4,0.9400436046511629,0.9198158914728682,0.8988796656411446,0.9192546583850931,0.8604651162790697,0.9866666666666667,134
AUC,full,smote,DT,0,0.966327519379845,0.966327519379845,0.9599545753391907,0.9704142011834319,0.9534883720930233,0.9879518072289156,134
AUC,full,smote,DT,1,0.9617248062015504,0.9617248062015504,0.9596069210827756,0.9707602339181286,0.9651162790697675,0.9764705882352941,134
AUC,full,smote,DT,2,0.9837693798449612,0.9837693798449612,0.9837693798449612,0.9883720930232558,0.9883720930232558,0.9883720930232558,134
AUC,full,smote,DT,3,0.9617248062015504,0.9617248062015504,0.9596069210827756,0.9707602339181286,0.9651162790697675,0.9764705882352941,134
AUC,full,smote,DT,4,0.9837693798449612,0.9837693798449612,0.9837693798449612,0.9883720930232558,0.9883720930232558,0.9883720930232558,134
AUC,full,smote,XT,0,0.999515503875969,0.9883720930232558,0.9839135654261705,0.9882352941176471,0.9767441860465116,1.0,134
AUC,full,smote,XT,1,0.9976986434108527,0.946705426356589,0.950843727072634,0.9655172413793104,0.9767441860465116,0.9545454545454546,134
AUC,full,smote,XT,2,1.0,1.0,1.0,1.0,1.0,1.0,134
AUC,full,smote,XT,3,0.9995155038759689,0.9883720930232558,0.9839135654261705,0.9882352941176471,0.9767441860465116,1.0,134
AUC,full,smote,XT,4,1.0,0.9883720930232558,0.9839135654261705,0.9882352941176471,0.9767441860465116,1.0,134
AUC,full,smote,RF,0,0.9992732558139534,0.9825581395348837,0.9759727452035145,0.9822485207100592,0.9651162790697675,1.0,134
AUC,full,smote,RF,1,0.9961240310077519,0.9571220930232558,0.9592333434742926,0.9710982658959537,0.9767441860465116,0.9655172413793104,134
AUC,full,smote,RF,2,1.0,1.0,1.0,1.0,1.0,1.0,134
AUC,full,smote,RF,3,0.999515503875969,0.9883720930232558,0.9839135654261705,0.9882352941176471,0.9767441860465116,1.0,134
AUC,full,smote,RF,4,1.0,1.0,1.0,1.0,1.0,1.0,134
AUC,full,smote,MLP,0,1.0,1.0,1.0,1.0,1.0,1.0,134
AUC,full,smote,MLP,1,1.0,0.9941860465116279,0.9919213842165551,0.9941520467836257,0.9883720930232558,1.0,134
AUC,full,smote,MLP,2,1.0,1.0,1.0,1.0,1.0,1.0,134
AUC,full,smote,MLP,3,0.999515503875969,0.9883720930232558,0.9839135654261705,0.9882352941176471,0.9767441860465116,1.0,134
AUC,full,smote,MLP,4,1.0,0.9883720930232558,0.9839135654261705,0.9882352941176471,0.9767441860465116,1.0,134
AUC,full,smote,KNN,0,0.9958817829457364,0.9500968992248062,0.943936405474867,0.9585798816568047,0.9418604651162791,0.9759036144578314,134
AUC,full,smote,KNN,1,0.9837693798449612,0.9292635658914729,0.9272924579489962,0.9473684210526315,0.9418604651162791,0.9529411764705882,134
AUC,full,smote,KNN,2,0.9903100775193798,0.9442829457364341,0.9361904761904762,0.9523809523809523,0.9302325581395349,0.975609756097561,134
AUC,full,smote,KNN,3,0.9914001937984496,0.9651162790697674,0.9525159461374911,0.963855421686747,0.9302325581395349,1.0,134
AUC,full,smote,KNN,4,0.9930959302325582,0.9709302325581395,0.9602774648722356,0.9700598802395209,0.9418604651162791,1.0,134
AUC,full,smote,Ridge,0,0.9905523255813953,0.8255813953488372,0.7753185781354794,0.7887323943661971,0.6511627906976745,1.0,134
AUC,full,smote,Ridge,1,0.9893410852713178,0.8488372093023255,0.8044015270604087,0.821917808219178,0.6976744186046512,1.0,134
AUC,full,smote,Ridge,2,0.9796511627906976,0.872093023255814,0.8334463276836159,0.8533333333333334,0.7441860465116279,1.0,134
AUC,full,smote,Ridge,3,0.9806201550387597,0.8430232558139534,0.7971404541631624,0.8137931034482758,0.686046511627907,1.0,134
AUC,full,smote,Ridge,4,0.9895833333333334,0.8895348837209303,0.8552998010798523,0.8758169934640523,0.7790697674418605,1.0,134
AUC,full,smote,LR,0,0.9997577519379844,0.9941860465116279,0.9919213842165551,0.9941520467836257,0.9883720930232558,1.0,134
AUC,full,smote,LR,1,0.999031007751938,0.9651162790697674,0.9525159461374911,0.963855421686747,0.9302325581395349,1.0,134
AUC,full,smote,LR,2,0.9997577519379844,0.9941860465116279,0.9919213842165551,0.9941520467836257,0.9883720930232558,1.0,134
AUC,full,smote,LR,3,0.9997577519379844,0.9767441860465116,0.9680952380952381,0.9761904761904762,0.9534883720930233,1.0,134
AUC,full,smote,LR,4,0.9997577519379844,0.9825581395348837,0.9759727452035145,0.9822485207100592,0.9651162790697675,1.0,134
AUC,full,smote,SVC,0,1.0,0.9883720930232558,0.9839135654261705,0.9882352941176471,0.9767441860465116,1.0,134
AUC,full,smote,SVC,1,0.999515503875969,0.9651162790697674,0.9525159461374911,0.963855421686747,0.9302325581395349,1.0,134
AUC,full,smote,SVC,2,0.9997577519379844,0.9825581395348837,0.9759727452035145,0.9822485207100592,0.9651162790697675,1.0,134
AUC,full,smote,SVC,3,0.9963662790697674,0.966327519379845,0.9599545753391907,0.9704142011834319,0.9534883720930233,0.9879518072289156,134
AUC,full,smote,SVC,4,0.9997577519379844,0.9767441860465116,0.9680952380952381,0.9761904761904762,0.9534883720930233,1.0,134
AUC,full,smote,ABC,0,0.9973352713178294,0.9883720930232558,0.9839135654261705,0.9882352941176471,0.9767441860465116,1.0,134
AUC,full,smote,ABC,1,0.9966085271317829,0.9513081395348837,0.9513081395348837,0.9651162790697675,0.9651162790697675,0.9651162790697675,134
AUC,full,smote,ABC,2,0.9987887596899225,0.977955426356589,0.9757641526496654,0.9824561403508771,0.9767441860465116,0.9882352941176471,134
AUC,full,smote,ABC,3,0.9993943798449613,0.9837693798449612,0.9837693798449612,0.9883720930232558,0.9883720930232558,0.9883720930232558,134
AUC,full,smote,ABC,4,1.0,0.9941860465116279,0.9919213842165551,0.9941520467836257,0.9883720930232558,1.0,134
AUC,full,smote,GBC,0,0.9995155038759689,0.9883720930232558,0.9839135654261705,0.9882352941176471,0.9767441860465116,1.0,134
AUC,full,smote,GBC,1,0.9961240310077519,0.9513081395348837,0.9513081395348837,0.9651162790697675,0.9651162790697675,0.9651162790697675,134
AUC,full,smote,GBC,2,0.9997577519379844,0.9895833333333333,0.9918466686948585,0.9942196531791907,1.0,0.9885057471264368,134
AUC,full,smote,GBC,3,0.996608527131783,0.9721414728682171,0.967827130852341,0.9764705882352941,0.9651162790697675,0.9880952380952381,134
AUC,full,smote,GBC,4,1.0,1.0,1.0,1.0,1.0,1.0,134
AUC,full,smote,XGB,0,0.9983042635658914,0.9825581395348837,0.9759727452035145,0.9822485207100592,0.9651162790697675,1.0,134
AUC,full,smote,XGB,1,0.9953972868217055,0.9617248062015504,0.9596069210827756,0.9707602339181286,0.9651162790697675,0.9764705882352941,134
AUC,full,smote,XGB,2,0.999515503875969,0.9837693798449612,0.9837693798449612,0.9883720930232558,0.9883720930232558,0.9883720930232558,134
AUC,full,smote,XGB,3,0.9973352713178294,0.9629360465116279,0.9672291513817559,0.9770114942528736,0.9883720930232558,0.9659090909090909,134
AUC,full,smote,XGB,4,0.9999999999999999,1.0,1.0,1.0,1.0,1.0,134
AUC,full,smote,CB,0,0.9987887596899224,0.9825581395348837,0.9759727452035145,0.9822485207100592,0.9651162790697675,1.0,134
AUC,full,smote,CB,1,0.9973352713178294,0.9571220930232558,0.9592333434742926,0.9710982658959537,0.9767441860465116,0.9655172413793104,134
AUC,full,smote,CB,2,1.0,1.0,1.0,1.0,1.0,1.0,134
AUC,full,smote,CB,3,0.9983042635658914,0.9883720930232558,0.9839135654261705,0.9882352941176471,0.9767441860465116,1.0,134
AUC,full,smote,CB,4,1.0,1.0,1.0,1.0,1.0,1.0,134
AUC,full,nearmiss,NB,0,0.8832364341085271,0.8221899224806202,0.7815258334738855,0.8027210884353742,0.686046511627907,0.9672131147540983,134
AUC,full,nearmiss,NB,1,0.907703488372093,0.8919573643410853,0.8685592291269979,0.8930817610062893,0.8255813953488372,0.9726027397260274,134
AUC,full,nearmiss,NB,2,0.9103682170542635,0.8837209302325582,0.8480036297640654,0.868421052631579,0.7674418604651163,1.0,134
AUC,full,nearmiss,NB,3,0.8642199612403101,0.8536821705426356,0.830379746835443,0.8607594936708861,0.7906976744186046,0.9444444444444444,134
AUC,full,nearmiss,NB,4,0.9150920542635659,0.9023740310077519,0.8766398158803221,0.8987341772151899,0.8255813953488372,0.9861111111111112,134
AUC,full,nearmiss,DT,0,0.9546996124031008,0.9546996124031008,0.94438845082113,0.9580838323353293,0.9302325581395349,0.9876543209876543,134
AUC,full,nearmiss,DT,1,0.966327519379845,0.966327519379845,0.9599545753391907,0.9704142011834319,0.9534883720930233,0.9879518072289156,134
AUC,full,nearmiss,DT,2,0.977955426356589,0.977955426356589,0.9757641526496654,0.9824561403508771,0.9767441860465116,0.9882352941176471,134
AUC,full,nearmiss,DT,3,0.9292635658914729,0.9292635658914729,0.9272924579489962,0.9473684210526315,0.9418604651162791,0.9529411764705882,134
AUC,full,nearmiss,DT,4,0.9651162790697674,0.9651162790697674,0.9525159461374911,0.963855421686747,0.9302325581395349,1.0,134
AUC,full,nearmiss,XT,0,0.9992732558139534,0.9767441860465116,0.9680952380952381,0.9761904761904762,0.9534883720930233,1.0,134
AUC,full,nearmiss,XT,1,0.9932170542635658,0.9396802325581395,0.9356542617046819,0.9529411764705882,0.9418604651162791,0.9642857142857143,134
AUC,full,nearmiss,XT,2,1.0,1.0,1.0,1.0,1.0,1.0,134
AUC,full,nearmiss,XT,3,0.9978197674418605,0.9767441860465116,0.9680952380952381,0.9761904761904762,0.9534883720930233,1.0,134
AUC,full,nearmiss,XT,4,0.9997577519379846,0.9767441860465116,0.9680952380952381,0.9761904761904762,0.9534883720930233,1.0,134
AUC,full,nearmiss,RF,0,0.9979408914728682,0.9651162790697674,0.9525159461374911,0.963855421686747,0.9302325581395349,1.0,134
AUC,full,nearmiss,RF,1,0.9898255813953488,0.9396802325581395,0.9356542617046819,0.9529411764705882,0.9418604651162791,0.9642857142857143,134
AUC,full,nearmiss,RF,2,0.9998788759689923,0.9941860465116279,0.9919213842165551,0.9941520467836257,0.9883720930232558,1.0,134
AUC,full,nearmiss,RF,3,0.9976986434108527,0.9883720930232558,0.9839135654261705,0.9882352941176471,0.9767441860465116,1.0,134
AUC,full,nearmiss,RF,4,0.9974563953488372,0.9767441860465116,0.9680952380952381,0.9761904761904762,0.9534883720930233,1.0,134
AUC,full,nearmiss,MLP,0,1.0,1.0,1.0,1.0,1.0,1.0,134
AUC,full,nearmiss,MLP,1,0.999515503875969,0.9895833333333333,0.9918466686948585,0.9942196531791907,1.0,0.9885057471264368,134
AUC,full,nearmiss,MLP,2,1.0,1.0,1.0,1.0,1.0,1.0,134
AUC,full,nearmiss,MLP,3,1.0,0.9883720930232558,0.9839135654261705,0.9882352941176471,0.9767441860465116,1.0,134
AUC,full,nearmiss,MLP,4,0.9997577519379844,0.9883720930232558,0.9839135654261705,0.9882352941176471,0.9767441860465116,1.0,134
AUC,full,nearmiss,KNN,0,0.9964874031007752,0.9605135658914729,0.9521428571428572,0.9642857142857143,0.9418604651162791,0.9878048780487805,134
AUC,full,nearmiss,KNN,1,0.9815891472868217,0.9292635658914729,0.9272924579489962,0.9473684210526315,0.9418604651162791,0.9529411764705882,134
AUC,full,nearmiss,KNN,2,0.975532945736434,0.9500968992248062,0.943936405474867,0.9585798816568047,0.9418604651162791,0.9759036144578314,134
AUC,full,nearmiss,KNN,3,0.995639534883721,0.9767441860465116,0.9680952380952381,0.9761904761904762,0.9534883720930233,1.0,134
AUC,full,nearmiss,KNN,4,0.9923691860465116,0.9767441860465116,0.9680952380952381,0.9761904761904762,0.9534883720930233,1.0,134
AUC,full,nearmiss,Ridge,0,0.9997577519379844,0.9941860465116279,0.9919213842165551,0.9941520467836257,0.9883720930232558,1.0,134
AUC,full,nearmiss,Ridge,1,0.9992732558139535,0.9837693798449612,0.9837693798449612,0.9883720930232558,0.9883720930232558,0.9883720930232558,134
AUC,full,nearmiss,Ridge,2,1.0,0.9941860465116279,0.9919213842165551,0.9941520467836257,0.9883720930232558,1.0,134
AUC,full,nearmiss,Ridge,3,1.0,0.9883720930232558,0.9839135654261705,0.9882352941176471,0.9767441860465116,1.0,134
AUC,full,nearmiss,Ridge,4,0.9997577519379844,0.9883720930232558,0.9839135654261705,0.9882352941176471,0.9767441860465116,1.0,134
AUC,full,nearmiss,LR,0,0.9997577519379844,0.9941860465116279,0.9919213842165551,0.9941520467836257,0.9883720930232558,1.0,134
AUC,full,nearmiss,LR,1,0.999031007751938,0.9651162790697674,0.9525159461374911,0.963855421686747,0.9302325581395349,1.0,134
AUC,full,nearmiss,LR,2,0.9997577519379844,0.9941860465116279,0.9919213842165551,0.9941520467836257,0.9883720930232558,1.0,134
AUC,full,nearmiss,LR,3,0.9997577519379844,0.9709302325581395,0.9602774648722356,0.9700598802395209,0.9418604651162791,1.0,134
AUC,full,nearmiss,LR,4,0.9997577519379844,0.9825581395348837,0.9759727452035145,0.9822485207100592,0.9651162790697675,1.0,134
AUC,full,nearmiss,SVC,0,0.9934593023255813,0.9837693798449612,0.9837693798449612,0.9883720930232558,0.9883720930232558,0.9883720930232558,134
AUC,full,nearmiss,SVC,1,0.9849806201550388,0.8209786821705426,0.7748655913978495,0.7916666666666666,0.6627906976744186,0.9827586206896551,134
AUC,full,nearmiss,SVC,2,0.999515503875969,0.977955426356589,0.9757641526496654,0.9824561403508771,0.9767441860465116,0.9882352941176471,134
AUC,full,nearmiss,SVC,3,0.9888565891472869,0.977955426356589,0.9757641526496654,0.9824561403508771,0.9767441860465116,0.9882352941176471,134
AUC,full,nearmiss,SVC,4,0.9927325581395349,0.9837693798449612,0.9837693798449612,0.9883720930232558,0.9883720930232558,0.9883720930232558,134
AUC,full,nearmiss,ABC,0,0.998546511627907,0.9825581395348837,0.9759727452035145,0.9822485207100592,0.9651162790697675,1.0,134
AUC,full,nearmiss,ABC,1,0.9914001937984497,0.9338662790697674,0.9279182356105433,0.9467455621301775,0.9302325581395349,0.963855421686747,134
AUC,full,nearmiss,ABC,2,0.9992732558139534,0.9941860465116279,0.9919213842165551,0.9941520467836257,0.9883720930232558,1.0,134
AUC,full,nearmiss,ABC,3,0.9951550387596899,0.9605135658914729,0.9521428571428572,0.9642857142857143,0.9418604651162791,0.9878048780487805,134
AUC,full,nearmiss,ABC,4,0.997093023255814,0.9605135658914729,0.9521428571428572,0.9642857142857143,0.9418604651162791,0.9878048780487805,134
AUC,full,nearmiss,GBC,0,0.998546511627907,0.9534883720930232,0.9371482176360225,0.9512195121951219,0.9069767441860465,1.0,134
AUC,full,nearmiss,GBC,1,0.9900678294573643,0.9176356589147286,0.9119000657462195,0.9349112426035503,0.9186046511627907,0.9518072289156626,134
AUC,full,nearmiss,GBC,2,0.9997577519379846,0.9837693798449612,0.9837693798449612,0.9883720930232558,0.9883720930232558,0.9883720930232558,134
AUC,full,nearmiss,GBC,3,0.9956395348837209,0.9454941860465116,0.9434496895158859,0.9590643274853801,0.9534883720930233,0.9647058823529412,134
AUC,full,nearmiss,GBC,4,0.9973352713178295,0.9709302325581395,0.9602774648722356,0.9700598802395209,0.9418604651162791,1.0,134
AUC,full,nearmiss,XGB,0,0.9961240310077519,0.9546996124031008,0.94438845082113,0.9580838323353293,0.9302325581395349,0.9876543209876543,134
AUC,full,nearmiss,XGB,1,0.9854651162790697,0.9152131782945736,0.8982179374817412,0.9202453987730062,0.872093023255814,0.974025974025974,134
AUC,full,nearmiss,XGB,2,0.9995155038759691,0.9837693798449612,0.9837693798449612,0.9883720930232558,0.9883720930232558,0.9883720930232558,134
AUC,full,nearmiss,XGB,3,0.9953972868217054,0.9513081395348837,0.9513081395348837,0.9651162790697675,0.9651162790697675,0.9651162790697675,134
AUC,full,nearmiss,XGB,4,0.9934593023255814,0.9430717054263565,0.9290379523389232,0.9454545454545454,0.9069767441860465,0.9873417721518988,134
AUC,full,nearmiss,CB,0,0.998062015503876,0.9767441860465116,0.9680952380952381,0.9761904761904762,0.9534883720930233,1.0,134
AUC,full,nearmiss,CB,1,0.994670542635659,0.9559108527131783,0.9517406962785114,0.9647058823529412,0.9534883720930233,0.9761904761904762,134
AUC,full,nearmiss,CB,2,1.0,0.9941860465116279,0.9919213842165551,0.9941520467836257,0.9883720930232558,1.0,134
AUC,full,nearmiss,CB,3,0.997577519379845,0.966327519379845,0.9599545753391907,0.9704142011834319,0.9534883720930233,0.9879518072289156,134
AUC,full,nearmiss,CB,4,0.998062015503876,0.9767441860465116,0.9680952380952381,0.9761904761904762,0.9534883720930233,1.0,134
